day,status,url,sha256,bytes,fut_rows,idxopt_rows,fut_symbols,idxopt_symbols,retrieved
20190101,OK,https://nsearchives.nseindia.com/content/historical/DERIVATIVES/2019/JAN/fo01JAN2019bhav.csv.zip,58449b725c8c4bd59a8719e5e4fe022874fd303b9648cac0afd0edabe4d33669,433975.0,606.0,3390.0,203.0,3.0,2026-09-19T09:21:09.973129
20190102,OK,https://nsearchives.nseindia.com/content/historical/DERIVATIVES/2019/JAN/fo02JAN2019bhav.csv.zip,f7453449b3b2fbd96e19776e96c90cf527b327bca4f7a8a7e12b56f450f003f7,444724.0,606.0,3414.0,203.0,3.0,2026-09-19T09:21:11.509245
20190103,OK,https://nsearchives.nseindia.com/content/historical/DERIVATIVES/2019/JAN/fo03JAN2019bhav.csv.zip,619491c5c79467b00e6d5f4afbbb24d64102da51f4b1f2d8328cd2facfef750b,444280.0,606.0,3414.0,203.0,3.0,2026-09-19T09:21:12.907979
20190104,OK,https://nsearchives.nseindia.com/content/historical/DERIVATIVES/2019/JAN/fo04JAN2019bhav.csv.zip,f6726ec18ccfdd157136bf8409f29275b6b6a5ddb448327719e445dd84bcd95c,445737.0,606.0,3380.0,203.0,3.0,2026-09-19T09:21:14.162233
20190107,OK,https://nsearchives.nseindia.com/content/historical/DERIVATIVES/2019/JAN/fo07JAN2019bhav.csv.zip,c7b307bf73bb6990ddc3388a9cb2479ef3681f61fde23d85226846ff04cc6b93,442530.0,606.0,3390.0,203.0,3.0,2026-09-19T09:21:15.479951
20190108,OK,https://nsearchives.nseindia.com/content/historical/DERIVATIVES/2019/JAN/fo08JAN2019bhav.csv.zip,e437ab26d044772946c630affb966d6a7a59b1b547f2cde3488e3618577f77bf,444293.0,606.0,3392.0,203.0,3.0,2026-09-19T09:21:16.710851
20190109,OK,https://nsearchives.nseindia.com/content/historical/DERIVATIVES/2019/JAN/fo09JAN2019bhav.csv.zip,5472c2ab4228c1bc3bee2da922b41035acae4ea5c3814aed2cdf76a42fa4e213,448494.0,606.0,3414.0,203.0,3.0,2026-09-19T09:21:18.323487
20190110,OK,https://nsearchives.nseindia.com/content/historical/DERIVATIVES/2019/JAN/fo10JAN2019bhav.csv.zip,5d4dbbcbf11aa6b7b3faaa0a1ee62abd9d2f0dcdf802208ee03c91b39f483605,444056.0,606.0,3454.0,203.0,3.0,2026-09-19T09:21:19.832725
20190111,OK,https://nsearchives.nseindia.com/content/historical/DERIVATIVES/2019/JAN/fo11JAN2019bhav.csv.zip,588f5074d94806339edccb65266d0562d63c8c097cf6a96c78d36b2c3e32cc39,444987.0,606.0,3410.0,203.0,3.0,2026-09-19T09:21:33.751877
20190114,OK,https://nsearchives.nseindia.com/content/historical/DERIVATIVES/2019/JAN/fo14JAN2019bhav.csv.zip,f237a70d766ff92c861449ba6009ac3e2f214b5cdbe58fa94da7b0fa87ef889a,446786.0,606.0,3410.0,203.0,3.0,2026-09-19T09:21:35.274018
20190115,OK,https://nsearchives.nseindia.com/content/historical/DERIVATIVES/2019/JAN/fo15JAN2019bhav.csv.zip,f6b26e6bc71305ee23680061e306be0a521f21109e087fcaf3aea57e8a94665e,447807.0,606.0,3416.0,203.0,3.0,2026-09-19T09:21:36.651112
20190116,OK,https://nsearchives.nseindia.com/content/historical/DERIVATIVES/2019/JAN/fo16JAN2019bhav.csv.zip,408b59241ba7c16b196ee276d4360ae30d97ad1bff7965de1f3b01be66c4c1d5,449688.0,606.0,3420.0,203.0,3.0,2026-09-19T09:21:38.145141
20190117,OK,https://nsearchives.nseindia.com/content/historical/DERIVATIVES/2019/JAN/fo17JAN2019bhav.csv.zip,d7bb5912a14217ebc60ba5c80054851fed37b2e458856f46e4f08d3b2cd016db,452086.0,606.0,3420.0,203.0,3.0,2026-09-19T09:21:39.479914
20190118,OK,https://nsearchives.nseindia.com/content/historical/DERIVATIVES/2019/JAN/fo18JAN2019bhav.csv.zip,6e4bb987f3a460bbf669167f43e523e68ce11c641fb7f13a714167cf187a84d9,451302.0,606.0,3388.0,203.0,3.0,2026-09-19T09:21:40.678697
20190121,OK,https://nsearchives.nseindia.com/content/historical/DERIVATIVES/2019/JAN/fo21JAN2019bhav.csv.zip,fe311b735333bca04ee94a2f346be5ec1d13bf065df3ec23cddc4c40e155b383,455753.0,606.0,3390.0,203.0,3.0,2026-09-19T09:21:41.856742
20190122,OK,https://nsearchives.nseindia.com/content/historical/DERIVATIVES/2019/JAN/fo22JAN2019bhav.csv.zip,e553dfff74c9f2a5d6dfe9450d2342e551a2ff5fb23cbce627e3999c6f119e5d,460992.0,606.0,3396.0,203.0,3.0,2026-09-19T09:21:43.155126
20190123,OK,https://nsearchives.nseindia.com/content/historical/DERIVATIVES/2019/JAN/fo23JAN2019bhav.csv.zip,8e7b82abbba3469002f6280dc2449b586dfe0d4a570f393ab501e8be5c3232df,459059.0,606.0,3396.0,203.0,3.0,2026-09-19T09:21:44.545113
20190124,OK,https://nsearchives.nseindia.com/content/historical/DERIVATIVES/2019/JAN/fo24JAN2019bhav.csv.zip,c30dd427b113e57f380dcf72985903a300cd745330c660fb44811438a3b4120f,458962.0,606.0,3400.0,203.0,3.0,2026-09-19T09:21:45.915485
20190125,OK,https://nsearchives.nseindia.com/content/historical/DERIVATIVES/2019/JAN/fo25JAN2019bhav.csv.zip,d0ba26fb0e567ecd71ec3982b3000f5b11ecee23db6de977f28eb4678b885ae1,468416.0,606.0,3366.0,203.0,3.0,2026-09-19T09:21:47.151065
20190128,OK,https://nsearchives.nseindia.com/content/historical/DERIVATIVES/2019/JAN/fo28JAN2019bhav.csv.zip,ea5e4de48eb725ac7fd31cb7677331f3b1c9229db6d2ffdab4c60dd0e555bf30,478721.0,606.0,3376.0,203.0,3.0,2026-09-19T09:21:48.403065
20190129,OK,https://nsearchives.nseindia.com/content/historical/DERIVATIVES/2019/JAN/fo29JAN2019bhav.csv.zip,83704674f66746d7fb75b4d613b983a94706785b0710abb3dbe9ec7fe0eff813,481672.0,606.0,3416.0,203.0,3.0,2026-09-19T09:21:49.515347
20190130,OK,https://nsearchives.nseindia.com/content/historical/DERIVATIVES/2019/JAN/fo30JAN2019bhav.csv.zip,b349f8f4895c20a5f5669217a9ad7014837a8442ec383e461be1f9eddb424ade,484252.0,606.0,3436.0,203.0,3.0,2026-09-19T09:21:50.749958
20190131,OK,https://nsearchives.nseindia.com/content/historical/DERIVATIVES/2019/JAN/fo31JAN2019bhav.csv.zip,b86d25ce03befd38d7fe78c90c551b41e79f3df892ed43a04772a0c62f53ee9c,488802.0,606.0,3442.0,203.0,3.0,2026-09-19T09:21:51.912457
20190201,OK,https://nsearchives.nseindia.com/content/historical/DERIVATIVES/2019/FEB/fo01FEB2019bhav.csv.zip,dc8f593e92a4891dacbab0daed125e23ffd5500376872aaf186998c9044d579f,417921.0,603.0,3318.0,202.0,3.0,2026-09-19T09:21:53.426321
20190204,OK,https://nsearchives.nseindia.com/content/historical/DERIVATIVES/2019/FEB/fo04FEB2019bhav.csv.zip,1e72b9ad1c66c8a22e5c5809d7d29975670444064f757264b155ce1efb417054,419808.0,603.0,3336.0,202.0,3.0,2026-09-19T09:21:54.638826
20190205,OK,https://nsearchives.nseindia.com/content/historical/DERIVATIVES/2019/FEB/fo05FEB2019bhav.csv.zip,92839e230a31118914fa1bb30a142cae72c9eb0ddbe252d30930c62ce808671d,424722.0,603.0,3342.0,202.0,3.0,2026-09-19T09:21:55.891241
20190206,OK,https://nsearchives.nseindia.com/content/historical/DERIVATIVES/2019/FEB/fo06FEB2019bhav.csv.zip,f9fd0b59b178dea088416627d4704de8fb13e654ae03b4bf8839203cac747f20,430601.0,603.0,3344.0,202.0,3.0,2026-09-19T09:21:57.068338
20190207,OK,https://nsearchives.nseindia.com/content/historical/DERIVATIVES/2019/FEB/fo07FEB2019bhav.csv.zip,fdb115e00d248bf9581c94fafb91a0cb386c32f5d52e5a50c0d56599265c4704,431732.0,603.0,3380.0,202.0,3.0,2026-09-19T09:21:58.632516
20190208,OK,https://nsearchives.nseindia.com/content/historical/DERIVATIVES/2019/FEB/fo08FEB2019bhav.csv.zip,3bfe3f080ea1612d5c2c71aae6801518cde3efd52b8713bcd633f90700b234ac,432513.0,603.0,3348.0,202.0,3.0,2026-09-19T09:21:59.879314
20190211,OK,https://nsearchives.nseindia.com/content/historical/DERIVATIVES/2019/FEB/fo11FEB2019bhav.csv.zip,5fdd55a5e48524eab0bb0a77db4379e105cd772a4fe6bdd1646c37ca099e0815,443676.0,603.0,4204.0,202.0,3.0,2026-09-19T09:22:01.030594
20190212,OK,https://nsearchives.nseindia.com/content/historical/DERIVATIVES/2019/FEB/fo12FEB2019bhav.csv.zip,aed7eb3126bc366012ae14cab4206d062caa410b3ad384afbf7f0b79ce6a0a6c,443813.0,603.0,4220.0,202.0,3.0,2026-09-19T09:22:02.135197
20190213,OK,https://nsearchives.nseindia.com/content/historical/DERIVATIVES/2019/FEB/fo13FEB2019bhav.csv.zip,7259ebd131607ff2a9da4097bb71b17f405775116287b5491d5077fd70199abd,445921.0,603.0,4240.0,202.0,3.0,2026-09-19T09:22:03.522437
20190214,OK,https://nsearchives.nseindia.com/content/historical/DERIVATIVES/2019/FEB/fo14FEB2019bhav.csv.zip,0aa161993ae89462e3428af34e4deac5a2490376c5c6018f412bcb465074a8c4,450614.0,603.0,4260.0,202.0,3.0,2026-09-19T09:22:04.878494
20190215,OK,https://nsearchives.nseindia.com/content/historical/DERIVATIVES/2019/FEB/fo15FEB2019bhav.csv.zip,42da8b4dbb9a64282ec406dfab2fce58abb7de8e495771c930cb2629b4f11e99,452603.0,603.0,4246.0,202.0,3.0,2026-09-19T09:22:06.118172
20190218,OK,https://nsearchives.nseindia.com/content/historical/DERIVATIVES/2019/FEB/fo18FEB2019bhav.csv.zip,4be0ba6e53e830b0d3be387a4bf80c323ba4fbabe1a27eda39b26d57e2302d1b,451284.0,603.0,4270.0,202.0,3.0,2026-09-19T09:22:07.517022
20190219,OK,https://nsearchives.nseindia.com/content/historical/DERIVATIVES/2019/FEB/fo19FEB2019bhav.csv.zip,3143cddbd55da59a9b95c56fa49370543c4aad00c2bedfda1379631cb83b130e,453572.0,603.0,4294.0,202.0,3.0,2026-09-19T09:22:09.379005
20190220,OK,https://nsearchives.nseindia.com/content/historical/DERIVATIVES/2019/FEB/fo20FEB2019bhav.csv.zip,f993bc0be3bd7ba765f8a09eaa3ccdf7fa294c10cdb13aa90136f9c540f1150d,454973.0,603.0,4314.0,202.0,3.0,2026-09-19T09:22:10.729730
20190221,OK,https://nsearchives.nseindia.com/content/historical/DERIVATIVES/2019/FEB/fo21FEB2019bhav.csv.zip,14794e389fbf093c5256f81a428ad403c865880bccadfffdfc0f5c371dec4c70,458362.0,603.0,4314.0,202.0,3.0,2026-09-19T09:22:12.677517
20190222,OK,https://nsearchives.nseindia.com/content/historical/DERIVATIVES/2019/FEB/fo22FEB2019bhav.csv.zip,2276ce8ba59f4242e5fa734db63b139634b9578e02925646b4f1a4a8b210460d,458269.0,603.0,4282.0,202.0,3.0,2026-09-19T09:22:13.977857
20190225,OK,https://nsearchives.nseindia.com/content/historical/DERIVATIVES/2019/FEB/fo25FEB2019bhav.csv.zip,6e850dc35222b038e7ed108ad14d5ed871d653441548bcd3a6ad455f48204582,462421.0,603.0,4286.0,202.0,3.0,2026-09-19T09:22:15.177377
20190226,OK,https://nsearchives.nseindia.com/content/historical/DERIVATIVES/2019/FEB/fo26FEB2019bhav.csv.zip,ccd7594b7c309928f43d748d2d5b23f49c9c4eff755d4575bbd101ef2362af6d,467761.0,603.0,4298.0,202.0,3.0,2026-09-19T09:22:16.350061
20190227,OK,https://nsearchives.nseindia.com/content/historical/DERIVATIVES/2019/FEB/fo27FEB2019bhav.csv.zip,77acc6e4c74b1ba847b00245d9055b1a5037c454b3fb571963a61efb466eb226,474663.0,603.0,4298.0,202.0,3.0,2026-09-19T09:22:17.850867
20190228,OK,https://nsearchives.nseindia.com/content/historical/DERIVATIVES/2019/FEB/fo28FEB2019bhav.csv.zip,ef2e2b670cc3f0e76d04833105d6a6aba13dc9d59f29f330cd07412b98317f5c,472741.0,603.0,4300.0,202.0,3.0,2026-09-19T09:22:19.147166
20190301,OK,https://nsearchives.nseindia.com/content/historical/DERIVATIVES/2019/MAR/fo01MAR2019bhav.csv.zip,463845489fd6ac35760cf19e78e70bd115587f8388ec9f5156934161828604b2,403416.0,598.0,4206.0,200.0,3.0,2026-09-19T09:22:20.267360
20190305,OK,https://nsearchives.nseindia.com/content/historical/DERIVATIVES/2019/MAR/fo05MAR2019bhav.csv.zip,4499ff3dc13da284a31e9b8cedbd94171e74a79ad96100cfab1dc85d0c94e079,409476.0,598.0,4214.0,200.0,3.0,2026-09-19T09:22:21.521304
20190306,OK,https://nsearchives.nseindia.com/content/historical/DERIVATIVES/2019/MAR/fo06MAR2019bhav.csv.zip,73b585661f8e67a50fc30dd1e46bc9f2c15a19cf53aca2308d0eb3cc4126790d,415352.0,598.0,4282.0,200.0,3.0,2026-09-19T09:22:23.025413
20190307,OK,https://nsearchives.nseindia.com/content/historical/DERIVATIVES/2019/MAR/fo07MAR2019bhav.csv.zip,121914aef50bc59dcb8333f3c46493b00196b4beee4df0049069d7361937607d,414782.0,598.0,4298.0,200.0,3.0,2026-09-19T09:22:24.467241
20190308,OK,https://nsearchives.nseindia.com/content/historical/DERIVATIVES/2019/MAR/fo08MAR2019bhav.csv.zip,71d6942345d1d7b2a0cfdea74090c2567f8f438c27fd3cd7027f5a13b90f0ca6,412439.0,598.0,4294.0,200.0,3.0,2026-09-19T09:22:26.165987
20190311,OK,https://nsearchives.nseindia.com/content/historical/DERIVATIVES/2019/MAR/fo11MAR2019bhav.csv.zip,94f97f82b48c52339d8642dc7d2089ae617a9089b2746a57ae0b1aff57dc623c,418538.0,598.0,4480.0,200.0,3.0,2026-09-19T09:22:27.757608
20190312,OK,https://nsearchives.nseindia.com/content/historical/DERIVATIVES/2019/MAR/fo12MAR2019bhav.csv.zip,c8f99e136df7b7fe579dd3c4710dd3f8e75e77bec2ec2e9ef1474b2544e7e0fb,427381.0,598.0,4562.0,200.0,3.0,2026-09-19T09:22:29.032851
20190313,OK,https://nsearchives.nseindia.com/content/historical/DERIVATIVES/2019/MAR/fo13MAR2019bhav.csv.zip,3ba59774cb5de6006661bf7871a4db9c2c3a9807b4a91050bae4798e46fa650f,429805.0,598.0,4702.0,200.0,3.0,2026-09-19T09:22:30.442289
20190314,OK,https://nsearchives.nseindia.com/content/historical/DERIVATIVES/2019/MAR/fo14MAR2019bhav.csv.zip,d0d335953072c129844cc33563a344e6acec6b7f497eda33b89c89f47bc9611b,431091.0,598.0,4838.0,200.0,3.0,2026-09-19T09:22:32.066710
20190315,OK,https://nsearchives.nseindia.com/content/historical/DERIVATIVES/2019/MAR/fo15MAR2019bhav.csv.zip,6065c6b55387bfd3e455430f216bdfce264bf5cf09fca6704faf439e5e8ebc4d,434584.0,598.0,4760.0,200.0,3.0,2026-09-19T09:22:33.852082
20190318,OK,https://nsearchives.nseindia.com/content/historical/DERIVATIVES/2019/MAR/fo18MAR2019bhav.csv.zip,61557d70504a3e0ef7aa1a393d291b70ae9972a8b9b521a91ad6cf86a7c0a60d,436030.0,598.0,4918.0,200.0,3.0,2026-09-19T09:22:35.431233
20190319,OK,https://nsearchives.nseindia.com/content/historical/DERIVATIVES/2019/MAR/fo19MAR2019bhav.csv.zip,29995dfd24fa5130ea73c30c637fd5723e799cecc5634d628aa3625f1a4b8903,442554.0,598.0,4962.0,200.0,3.0,2026-09-19T09:22:37.830891
20190320,OK,https://nsearchives.nseindia.com/content/historical/DERIVATIVES/2019/MAR/fo20MAR2019bhav.csv.zip,d0bc8e5067caa4129af6789c35c50eafe72351c37a0311206080c1faf1958310,445344.0,598.0,5040.0,200.0,3.0,2026-09-19T09:22:39.425983
20190322,OK,https://nsearchives.nseindia.com/content/historical/DERIVATIVES/2019/MAR/fo22MAR2019bhav.csv.zip,459b557a262a924fac9c45b58f1f79f102298ad7102dd2648e1aec5e9b41a7dc,446186.0,598.0,4946.0,200.0,3.0,2026-09-19T09:22:41.080058
20190325,OK,https://nsearchives.nseindia.com/content/historical/DERIVATIVES/2019/MAR/fo25MAR2019bhav.csv.zip,022e24f644657bb16d498d0716abd0f5f20cdc2d1ce81913243117d9950cd1aa,450001.0,598.0,4952.0,200.0,3.0,2026-09-19T09:22:42.689017
20190326,OK,https://nsearchives.nseindia.com/content/historical/DERIVATIVES/2019/MAR/fo26MAR2019bhav.csv.zip,d27c75772371c6719b3374efe507c952cbfec7f416d05b4d47aabf2c321bc9d3,455239.0,598.0,4966.0,200.0,3.0,2026-09-19T09:22:44.066664
20190327,OK,https://nsearchives.nseindia.com/content/historical/DERIVATIVES/2019/MAR/fo27MAR2019bhav.csv.zip,d60393e966bb1d382148b02b7e46e8f5baf21cf50cd1ca15c22cd74a75f824dc,461880.0,598.0,4986.0,200.0,3.0,2026-09-19T09:22:45.324976
20190328,OK,https://nsearchives.nseindia.com/content/historical/DERIVATIVES/2019/MAR/fo28MAR2019bhav.csv.zip,ea7ddf6ecf5a56962521fb62a2a6f0fb0677dd6a6915ee1069e60d3f8ee6c0b3,464436.0,598.0,5008.0,200.0,3.0,2026-09-19T09:22:46.613267
20190329,OK,https://nsearchives.nseindia.com/content/historical/DERIVATIVES/2019/MAR/fo29MAR2019bhav.csv.zip,ea56cdb5507073f7665e236d4591797e26a8c17509c4067937949b9028c8b08c,473317.0,597.0,4926.0,199.0,3.0,2026-09-19T09:22:47.851371
20190401,OK,https://nsearchives.nseindia.com/content/historical/DERIVATIVES/2019/APR/fo01APR2019bhav.csv.zip,5ed4143fae4d23bdf40fb59ee92ff57ba9f7f0f5d2d0dfaed995ab4ad705d6a9,482725.0,597.0,4944.0,199.0,3.0,2026-09-19T09:22:49.026007
20190402,OK,https://nsearchives.nseindia.com/content/historical/DERIVATIVES/2019/APR/fo02APR2019bhav.csv.zip,b53d8341f9ec23078b2657b5a152ee6efadaadd1db084f7df54b4e8ed0664f15,485024.0,597.0,5004.0,199.0,3.0,2026-09-19T09:22:50.282438
20190403,OK,https://nsearchives.nseindia.com/content/historical/DERIVATIVES/2019/APR/fo03APR2019bhav.csv.zip,a170993b71470a582f467b53c14eada601f766cb460fa61ddc489b52dc576604,488690.0,597.0,5058.0,199.0,3.0,2026-09-19T09:22:51.609644
20190404,OK,https://nsearchives.nseindia.com/content/historical/DERIVATIVES/2019/APR/fo04APR2019bhav.csv.zip,500ff36cbf032cb6e4b4c47681114895c63c0864495138cd3d6257942f77a98a,489748.0,597.0,5062.0,199.0,3.0,2026-09-19T09:22:52.888530
20190405,OK,https://nsearchives.nseindia.com/content/historical/DERIVATIVES/2019/APR/fo05APR2019bhav.csv.zip,9d58eb8d8c6612f26df8bf36dae99c5560a4f47aec12ea5d9a37ad69f90855f4,486529.0,597.0,4932.0,199.0,3.0,2026-09-19T09:22:54.307518
20190408,OK,https://nsearchives.nseindia.com/content/historical/DERIVATIVES/2019/APR/fo08APR2019bhav.csv.zip,d3a16c5ff7532a7a887b3e2212feab4ade022c8c123f7013066a2ffb4b0ad86c,487123.0,597.0,4942.0,199.0,3.0,2026-09-19T09:22:55.759826
20190409,OK,https://nsearchives.nseindia.com/content/historical/DERIVATIVES/2019/APR/fo09APR2019bhav.csv.zip,82ef35ae01bd731069999f34c97341f400851a0804b80ce5fc5ecf7a6aba8a65,488554.0,597.0,4948.0,199.0,3.0,2026-09-19T09:22:57.152247
20190410,OK,https://nsearchives.nseindia.com/content/historical/DERIVATIVES/2019/APR/fo10APR2019bhav.csv.zip,afd48593c3e8674d1869bce0ee5ff59c45490ac725249dd19c7ce9627c51c5ef,487120.0,597.0,4966.0,199.0,3.0,2026-09-19T09:22:58.419101
20190411,OK,https://nsearchives.nseindia.com/content/historical/DERIVATIVES/2019/APR/fo11APR2019bhav.csv.zip,67029ce589ff52bdcd0d20fc931325d9623c96742c820aa09a4920cd30cba2b2,487155.0,597.0,4966.0,199.0,3.0,2026-09-19T09:23:00.065389
20190412,OK,https://nsearchives.nseindia.com/content/historical/DERIVATIVES/2019/APR/fo12APR2019bhav.csv.zip,414884b2280bd025654098f419e553abccee3faad4dafc8e12b1d61c16d40bfd,486478.0,597.0,4832.0,199.0,3.0,2026-09-19T09:23:01.486097
20190415,OK,https://nsearchives.nseindia.com/content/historical/DERIVATIVES/2019/APR/fo15APR2019bhav.csv.zip,7c6b9ca2df164435d78fb033c5e9da8557343d6b8743bf61bba73d393f8cded7,487828.0,597.0,4836.0,199.0,3.0,2026-09-19T09:23:02.951373
20190416,OK,https://nsearchives.nseindia.com/content/historical/DERIVATIVES/2019/APR/fo16APR2019bhav.csv.zip,9422d2349c6c2a5429100dda7ac7f134abb33087a82751350d87d4d97f879377,512414.0,597.0,4848.0,199.0,3.0,2026-09-19T09:23:04.403170
20190418,OK,https://nsearchives.nseindia.com/content/historical/DERIVATIVES/2019/APR/fo18APR2019bhav.csv.zip,433d6e64266b643c350169e3991c3f422ab89ceb9bb70d3cafa25ccf866fd3c3,517639.0,597.0,4940.0,199.0,3.0,2026-09-19T09:23:05.728826
20190422,OK,https://nsearchives.nseindia.com/content/historical/DERIVATIVES/2019/APR/fo22APR2019bhav.csv.zip,863299a72f3e88dd1622927a14d549ba87d0a00a506c8b781e2e4b19a81d1aa1,522185.0,597.0,4800.0,199.0,3.0,2026-09-19T09:23:07.121143
20190423,OK,https://nsearchives.nseindia.com/content/historical/DERIVATIVES/2019/APR/fo23APR2019bhav.csv.zip,c04985d998999ae2974b1250fc11a7170192098d8db9ab7b3d5b00561768eef6,523409.0,597.0,4842.0,199.0,3.0,2026-09-19T09:23:09.012082
20190424,OK,https://nsearchives.nseindia.com/content/historical/DERIVATIVES/2019/APR/fo24APR2019bhav.csv.zip,32c818b031c59c77248537925d2e287d3149da064d256f85b296d94ed3967484,528015.0,597.0,4858.0,199.0,3.0,2026-09-19T09:23:10.472845
20190425,OK,https://nsearchives.nseindia.com/content/historical/DERIVATIVES/2019/APR/fo25APR2019bhav.csv.zip,6d387864c46c5880728d82bbbf101b42e4bf1a79fcaa176cae4493f068db5950,530743.0,597.0,4898.0,199.0,3.0,2026-09-19T09:23:11.719070
20190426,OK,https://nsearchives.nseindia.com/content/historical/DERIVATIVES/2019/APR/fo26APR2019bhav.csv.zip,cf1b043d91daaa337382bf7abd7f55f708656cff5563d55647c09c608f85ee3d,461251.0,563.0,4752.0,199.0,3.0,2026-09-19T09:23:13.240960
20190430,OK,https://nsearchives.nseindia.com/content/historical/DERIVATIVES/2019/APR/fo30APR2019bhav.csv.zip,75dfbf4b9404287cac4ae42214ceaf9b01d2dbec309f4ca1549c322bdfea32a4,465121.0,563.0,4784.0,199.0,3.0,2026-09-19T09:23:14.736741
20190502,OK,https://nsearchives.nseindia.com/content/historical/DERIVATIVES/2019/MAY/fo02MAY2019bhav.csv.zip,da77dfee30ee28685f67992f62fa905b5a51d08eec41027712337cf8501ad93b,466481.0,563.0,4824.0,199.0,3.0,2026-09-19T09:23:16.203030
20190503,OK,https://nsearchives.nseindia.com/content/historical/DERIVATIVES/2019/MAY/fo03MAY2019bhav.csv.zip,04f558513cb3038a175428262e73df72029a0f7f2e1ed8087caa7cea421485f5,466884.0,563.0,4682.0,199.0,3.0,2026-09-19T09:23:17.824997
20190506,OK,https://nsearchives.nseindia.com/content/historical/DERIVATIVES/2019/MAY/fo06MAY2019bhav.csv.zip,4761918bebe2863ee3950d07a124fb048c4658a642b75b3fc8ee10c0a1de6394,467208.0,563.0,4700.0,199.0,3.0,2026-09-19T09:23:19.279685
20190507,OK,https://nsearchives.nseindia.com/content/historical/DERIVATIVES/2019/MAY/fo07MAY2019bhav.csv.zip,cd0b0b4b6182c905b5e6eeb0938253b18e55ded95dfa5dd73c0236e8c4d1c406,470147.0,563.0,4708.0,199.0,3.0,2026-09-19T09:23:20.608644
20190508,OK,https://nsearchives.nseindia.com/content/historical/DERIVATIVES/2019/MAY/fo08MAY2019bhav.csv.zip,f16315fe6c2f745ac6d367516ff7ec5bbe3b60d30bccad53792360036d4ff41c,473440.0,563.0,4758.0,199.0,3.0,2026-09-19T09:23:21.996257
20190509,OK,https://nsearchives.nseindia.com/content/historical/DERIVATIVES/2019/MAY/fo09MAY2019bhav.csv.zip,0e2d0af7b05c74a1c5a3b4ec46d65aac394d8047da1dcee6dad1624b24ec0c55,473509.0,563.0,4836.0,199.0,3.0,2026-09-19T09:23:23.233423
20190510,OK,https://nsearchives.nseindia.com/content/historical/DERIVATIVES/2019/MAY/fo10MAY2019bhav.csv.zip,24abaafcf897a58ff3b55d538bbfbe0f38aab3859eea5a6eb709ddedcbd9f5c2,470786.0,563.0,4754.0,199.0,3.0,2026-09-19T09:23:24.790935
20190513,OK,https://nsearchives.nseindia.com/content/historical/DERIVATIVES/2019/MAY/fo13MAY2019bhav.csv.zip,df3b758bc915d9fd7c98b988941a2e6a6c876d9df340cf72e9e99482fd2d1db4,477005.0,563.0,4772.0,199.0,3.0,2026-09-19T09:23:26.130705
20190514,OK,https://nsearchives.nseindia.com/content/historical/DERIVATIVES/2019/MAY/fo14MAY2019bhav.csv.zip,ffaff9a045599e11f54f1d124021638ee956230d4b2e476324628e8697a2a864,482030.0,563.0,4864.0,199.0,3.0,2026-09-19T09:23:27.616025
20190515,OK,https://nsearchives.nseindia.com/content/historical/DERIVATIVES/2019/MAY/fo15MAY2019bhav.csv.zip,9df3afabfadd04edad6111ae86b4b6908d0c542ab8b6cc1f13cdd3a555eeeff5,480376.0,563.0,4874.0,199.0,3.0,2026-09-19T09:23:28.958944
20190516,OK,https://nsearchives.nseindia.com/content/historical/DERIVATIVES/2019/MAY/fo16MAY2019bhav.csv.zip,82d6d7631aaa8e02683de51a63775f074eeaa708c3c9a876df9dc896b5e70b83,482305.0,563.0,4892.0,199.0,3.0,2026-09-19T09:23:30.393074
20190517,OK,https://nsearchives.nseindia.com/content/historical/DERIVATIVES/2019/MAY/fo17MAY2019bhav.csv.zip,868584419a80932a5a37ce6b008a4d1e7f0a6a4d0436ccc91d52774a3d063ccd,483573.0,563.0,4800.0,199.0,3.0,2026-09-19T09:23:31.763690
20190520,OK,https://nsearchives.nseindia.com/content/historical/DERIVATIVES/2019/MAY/fo20MAY2019bhav.csv.zip,425809c9163456c8ea4b8dda144c5897ff72683ce63c120d3b479dbb9ed06ec0,494727.0,563.0,4834.0,199.0,3.0,2026-09-19T09:23:33.018926
20190521,OK,https://nsearchives.nseindia.com/content/historical/DERIVATIVES/2019/MAY/fo21MAY2019bhav.csv.zip,92334f8f124d497f42dffa5e43d73343c7b77600079964bfc5aa19a696a88561,495825.0,563.0,5022.0,199.0,3.0,2026-09-19T09:23:34.614634
20190522,OK,https://nsearchives.nseindia.com/content/historical/DERIVATIVES/2019/MAY/fo22MAY2019bhav.csv.zip,d2351867452d3504d5f314cdaadd6c55747dba640f906fbaa51899f4c0dc3c7f,495502.0,563.0,5022.0,199.0,3.0,2026-09-19T09:23:35.861157
20190523,OK,https://nsearchives.nseindia.com/content/historical/DERIVATIVES/2019/MAY/fo23MAY2019bhav.csv.zip,c8bbb2bc5d7e1b9f316143779ac7a88c5caa7f2d08c514accd5b0e63188e86ba,503732.0,563.0,5034.0,199.0,3.0,2026-09-19T09:23:37.201809
20190524,OK,https://nsearchives.nseindia.com/content/historical/DERIVATIVES/2019/MAY/fo24MAY2019bhav.csv.zip,8e2f7b45741c200ce9c22203dbec3ab5e7c7aea6a319ded8088609958813819a,507165.0,563.0,4964.0,199.0,3.0,2026-09-19T09:23:38.504035
20190527,OK,https://nsearchives.nseindia.com/content/historical/DERIVATIVES/2019/MAY/fo27MAY2019bhav.csv.zip,bc518adbd380213aabb4c7b035113786a7547ca1cb23053597669f6e4552cdef,513281.0,563.0,5062.0,199.0,3.0,2026-09-19T09:23:40.575738
20190528,OK,https://nsearchives.nseindia.com/content/historical/DERIVATIVES/2019/MAY/fo28MAY2019bhav.csv.zip,8e58e97f272d45d5b02941565d12aa815a1af6e9af015eecc9a7629410c49bc5,516417.0,563.0,5182.0,199.0,3.0,2026-09-19T09:23:41.992000
20190529,OK,https://nsearchives.nseindia.com/content/historical/DERIVATIVES/2019/MAY/fo29MAY2019bhav.csv.zip,cca56034ea92dddd6ad52fd61e4323919d280f6f34d4caaee2e59dd93d9624b6,517796.0,563.0,5206.0,199.0,3.0,2026-09-19T09:23:43.293127
20190530,OK,https://nsearchives.nseindia.com/content/historical/DERIVATIVES/2019/MAY/fo30MAY2019bhav.csv.zip,5155ed6765e7fb751fdc0d10ea5ec87c387e3a4bc57d948f63c09946736b7247,516254.0,563.0,5208.0,199.0,3.0,2026-09-19T09:23:44.837845
20190531,OK,https://nsearchives.nseindia.com/content/historical/DERIVATIVES/2019/MAY/fo31MAY2019bhav.csv.zip,ebd733613d84b7fe614e6b3409f6e4b378ec71a4416df9443106f0e91178ad51,442986.0,529.0,5040.0,199.0,3.0,2026-09-19T09:23:46.784376
20190603,OK,https://nsearchives.nseindia.com/content/historical/DERIVATIVES/2019/JUN/fo03JUN2019bhav.csv.zip,01f0e1e2b9b8899b197fa2507e127fc774f5598312ff4fa5d079e103c9a58ca1,441146.0,529.0,5058.0,199.0,3.0,2026-09-19T09:23:48.369898
20190604,OK,https://nsearchives.nseindia.com/content/historical/DERIVATIVES/2019/JUN/fo04JUN2019bhav.csv.zip,e17062286210a9386ff13e759224be8554d84eaabfe1de17514b04f95cd60b55,444728.0,529.0,5196.0,199.0,3.0,2026-09-19T09:23:49.828316
20190606,OK,https://nsearchives.nseindia.com/content/historical/DERIVATIVES/2019/JUN/fo06JUN2019bhav.csv.zip,7d76714fb39edf2855dd6a8240df56b7673cd49afba3dd15b1edad35a06fbb6d,450068.0,529.0,5196.0,199.0,3.0,2026-09-19T09:23:51.726311
20190607,OK,https://nsearchives.nseindia.com/content/historical/DERIVATIVES/2019/JUN/fo07JUN2019bhav.csv.zip,106e4985a890549f01be3d41d992b2e8e47d0d6642f37ca445087b202a5061f3,446744.0,529.0,5084.0,199.0,3.0,2026-09-19T09:23:53.333227
20190610,OK,https://nsearchives.nseindia.com/content/historical/DERIVATIVES/2019/JUN/fo10JUN2019bhav.csv.zip,0c751a807e702daaa874ed81b4888640c3f06d9576ab880726deab999939a914,444848.0,529.0,5090.0,199.0,3.0,2026-09-19T09:23:54.900875
20190611,OK,https://nsearchives.nseindia.com/content/historical/DERIVATIVES/2019/JUN/fo11JUN2019bhav.csv.zip,86292556dd44d42ab07321226a2d5ced4629076cc0c0fad866d2b3d0acb66645,445369.0,529.0,5098.0,199.0,3.0,2026-09-19T09:23:56.525022
20190612,OK,https://nsearchives.nseindia.com/content/historical/DERIVATIVES/2019/JUN/fo12JUN2019bhav.csv.zip,eeeb6ec1c8c734aa5031e9a5afbc598acc8853c18360496c7b686819259cd042,444973.0,529.0,5104.0,199.0,3.0,2026-09-19T09:23:57.855556
20190613,OK,https://nsearchives.nseindia.com/content/historical/DERIVATIVES/2019/JUN/fo13JUN2019bhav.csv.zip,ec77947c42e77ed78300a04e5bee817fbc4a67630906bcb7d66e888e2bfa3202,446728.0,529.0,5104.0,199.0,3.0,2026-09-19T09:23:59.176578
20190614,OK,https://nsearchives.nseindia.com/content/historical/DERIVATIVES/2019/JUN/fo14JUN2019bhav.csv.zip,1e380cb7e9edaf40dafa603762088027b95969a6d0849243ca85a4554e5fe2d9,444928.0,529.0,4980.0,199.0,3.0,2026-09-19T09:24:00.567938
20190617,OK,https://nsearchives.nseindia.com/content/historical/DERIVATIVES/2019/JUN/fo17JUN2019bhav.csv.zip,4a11ac175e90bd266eb7bef0ecde5a39a1671b33f6f3217e7d4322464da7e549,451195.0,529.0,5008.0,199.0,3.0,2026-09-19T09:24:01.979459
20190618,OK,https://nsearchives.nseindia.com/content/historical/DERIVATIVES/2019/JUN/fo18JUN2019bhav.csv.zip,49ef66f9a5b0b4c13cbc3cbbc6edefacbc1d8883f835e35b2a1940b576be8879,454332.0,529.0,5048.0,199.0,3.0,2026-09-19T09:24:03.288280
20190619,OK,https://nsearchives.nseindia.com/content/historical/DERIVATIVES/2019/JUN/fo19JUN2019bhav.csv.zip,951def82b48fb4246743ec1302a32ede1721fe69981335629e9c97ee1331027d,461359.0,529.0,5048.0,199.0,3.0,2026-09-19T09:24:04.638038
20190620,OK,https://nsearchives.nseindia.com/content/historical/DERIVATIVES/2019/JUN/fo20JUN2019bhav.csv.zip,8ed4166ec90454744e73b28eedd0faad540e267bd37bc929a5133e4286a01e4a,464381.0,529.0,5048.0,199.0,3.0,2026-09-19T09:24:05.901085
20190621,OK,https://nsearchives.nseindia.com/content/historical/DERIVATIVES/2019/JUN/fo21JUN2019bhav.csv.zip,d030efed3b16cbfdd455490a11bde12bf72892bdcda9ca938bab12ae6a23521a,464609.0,529.0,4924.0,199.0,3.0,2026-09-19T09:24:07.834098
20190624,OK,https://nsearchives.nseindia.com/content/historical/DERIVATIVES/2019/JUN/fo24JUN2019bhav.csv.zip,539dc28a59ab020861bb78ca1bb57f72fff85027d780826dab96d185323e147c,463107.0,529.0,4936.0,199.0,3.0,2026-09-19T09:24:09.162719
20190625,OK,https://nsearchives.nseindia.com/content/historical/DERIVATIVES/2019/JUN/fo25JUN2019bhav.csv.zip,fd2e978b361a45c4bba2249bfbb7b681b970f1f71aea66a1c50bb7ab8e47dba3,468932.0,529.0,4936.0,199.0,3.0,2026-09-19T09:24:10.416430
20190626,OK,https://nsearchives.nseindia.com/content/historical/DERIVATIVES/2019/JUN/fo26JUN2019bhav.csv.zip,d2cacae36466f3071f487359014313203e199ca0238a134197ce7f1016c55d43,473830.0,529.0,4936.0,199.0,3.0,2026-09-19T09:24:12.479224
20190627,OK,https://nsearchives.nseindia.com/content/historical/DERIVATIVES/2019/JUN/fo27JUN2019bhav.csv.zip,2c6289227e53daec1020ec3dd3ce479848cbd678f4e8fe81a146038a4b6da6d5,472941.0,529.0,4952.0,199.0,3.0,2026-09-19T09:24:14.141067
20190628,OK,https://nsearchives.nseindia.com/content/historical/DERIVATIVES/2019/JUN/fo28JUN2019bhav.csv.zip,6386485378871f9aa84f1c8ea7f12a1a0ab447f8771340bc37c5b753c94e27f1,418150.0,495.0,4762.0,165.0,3.0,2026-09-19T09:24:16.543688
20190701,OK,https://nsearchives.nseindia.com/content/historical/DERIVATIVES/2019/JUL/fo01JUL2019bhav.csv.zip,46e2264ed619ac3f8fc070533eed3e77b8f5f9a21261eec835b162ca6e08634a,419410.0,495.0,4776.0,165.0,3.0,2026-09-19T09:24:18.399568
20190702,OK,https://nsearchives.nseindia.com/content/historical/DERIVATIVES/2019/JUL/fo02JUL2019bhav.csv.zip,b2e8fa05702025ed7d6f1774ff3148fd3e178dd4de8c80d6bf1ac14be79dd2aa,418981.0,495.0,4786.0,165.0,3.0,2026-09-19T09:24:20.013062
20190703,OK,https://nsearchives.nseindia.com/content/historical/DERIVATIVES/2019/JUL/fo03JUL2019bhav.csv.zip,a9681f73f9e06991d81000d76e7b14ba989bc1fb9b99e316fa4af0c711cab2a4,420112.0,492.0,4790.0,164.0,3.0,2026-09-19T09:24:21.787426
20190704,OK,https://nsearchives.nseindia.com/content/historical/DERIVATIVES/2019/JUL/fo04JUL2019bhav.csv.zip,516b4c78c619edd7a0dbc47140539915feaffc1b91a8d457503a71d5348f7a6e,421410.0,492.0,4790.0,164.0,3.0,2026-09-19T09:24:23.608952
20190705,OK,https://nsearchives.nseindia.com/content/historical/DERIVATIVES/2019/JUL/fo05JUL2019bhav.csv.zip,fa457f6c6f7543c69a4e71f89c24790bc7e9d966098f4b5b9d245e7ef356b1cb,427277.0,492.0,4686.0,164.0,3.0,2026-09-19T09:24:26.011032
20190708,OK,https://nsearchives.nseindia.com/content/historical/DERIVATIVES/2019/JUL/fo08JUL2019bhav.csv.zip,36241fd742f7e31324db945ee461a017a63a6b0bac4c1e9abea442b7d3a18c68,435692.0,492.0,4728.0,164.0,3.0,2026-09-19T09:24:27.705513
20190709,OK,https://nsearchives.nseindia.com/content/historical/DERIVATIVES/2019/JUL/fo09JUL2019bhav.csv.zip,6ab28813cee0bad976dad6f3a11f37713934cb533200399b62c7edb71fc80efc,437814.0,492.0,4830.0,164.0,3.0,2026-09-19T09:24:29.789314
20190710,OK,https://nsearchives.nseindia.com/content/historical/DERIVATIVES/2019/JUL/fo10JUL2019bhav.csv.zip,182e0660778877475f39adfb12811102813aef829d952978d889951e6adfc478,437084.0,492.0,4850.0,164.0,3.0,2026-09-19T09:24:31.545105
20190711,OK,https://nsearchives.nseindia.com/content/historical/DERIVATIVES/2019/JUL/fo11JUL2019bhav.csv.zip,c8c7122e4a1c18f7cf25688ec01bea1128a63e36f3f7e566c051e8aa0702e16b,436962.0,492.0,4890.0,164.0,3.0,2026-09-19T09:24:32.981257
20190712,OK,https://nsearchives.nseindia.com/content/historical/DERIVATIVES/2019/JUL/fo12JUL2019bhav.csv.zip,9b3614eb027f8ea0be8851b043494e15b389ab602a4cc8b13316616032ef6df9,434476.0,492.0,4766.0,164.0,3.0,2026-09-19T09:24:35.701517
20190715,OK,https://nsearchives.nseindia.com/content/historical/DERIVATIVES/2019/JUL/fo15JUL2019bhav.csv.zip,0f5943d38b07f01e8e27119c108368355ba87c939a3ab395b6f3e11c1bed50c4,435670.0,492.0,4770.0,164.0,3.0,2026-09-19T09:24:37.302900
20190716,OK,https://nsearchives.nseindia.com/content/historical/DERIVATIVES/2019/JUL/fo16JUL2019bhav.csv.zip,824d38ae2dd8dfeeb11ae05a6dbe17490dc2a2512b51272662cb694ed112ad0c,440965.0,492.0,4790.0,164.0,3.0,2026-09-19T09:24:39.240604
20190717,OK,https://nsearchives.nseindia.com/content/historical/DERIVATIVES/2019/JUL/fo17JUL2019bhav.csv.zip,ebba676a3d6d712baaa00d2244693963df94446d58fbf6389f62b8a300d274e7,442560.0,492.0,4792.0,164.0,3.0,2026-09-19T09:24:40.622243
20190718,OK,https://nsearchives.nseindia.com/content/historical/DERIVATIVES/2019/JUL/fo18JUL2019bhav.csv.zip,ca58aabd9a74ae0a263b2248aaebcdaf09037ff86165376800b205d146b3d296,446832.0,492.0,4794.0,164.0,3.0,2026-09-19T09:24:42.674014
20190719,OK,https://nsearchives.nseindia.com/content/historical/DERIVATIVES/2019/JUL/fo19JUL2019bhav.csv.zip,d62786da5297c060c681d85313345ae70496df4c79a6a2573baaec2e933d9ec6,456445.0,492.0,4680.0,164.0,3.0,2026-09-19T09:24:45.175330
20190722,OK,https://nsearchives.nseindia.com/content/historical/DERIVATIVES/2019/JUL/fo22JUL2019bhav.csv.zip,d08e56cb340bb0e807a45308e4fda894aa823a19da5f2b594a52a1622f87f188,461705.0,492.0,4824.0,164.0,3.0,2026-09-19T09:24:46.846138
20190723,OK,https://nsearchives.nseindia.com/content/historical/DERIVATIVES/2019/JUL/fo23JUL2019bhav.csv.zip,fbfdc7e45f832a5a79a904fb21d4797f6c6fdda06b316e2aeb817e747b8df79e,464772.0,492.0,4934.0,164.0,3.0,2026-09-19T09:24:48.652827
20190724,OK,https://nsearchives.nseindia.com/content/historical/DERIVATIVES/2019/JUL/fo24JUL2019bhav.csv.zip,0b342ccddb7ae6545fcc274715fec78c4dce680500de2cddd5aeca48fb191a84,474138.0,492.0,4970.0,164.0,3.0,2026-09-19T09:24:50.883105
20190725,OK,https://nsearchives.nseindia.com/content/historical/DERIVATIVES/2019/JUL/fo25JUL2019bhav.csv.zip,bf8e9fbbaef550d040dc0ae37617a4ff2df7d33f957c4289b7c4db7a95b7085f,475369.0,492.0,5022.0,164.0,3.0,2026-09-19T09:24:53.385515
20190726,OK,https://nsearchives.nseindia.com/content/historical/DERIVATIVES/2019/JUL/fo26JUL2019bhav.csv.zip,98f9ec83159902b0f4aaecea001d956428e8a507c76c8ab367ef25d80b02d491,411648.0,480.0,4892.0,164.0,3.0,2026-09-19T09:24:55.364347
20190729,OK,https://nsearchives.nseindia.com/content/historical/DERIVATIVES/2019/JUL/fo29JUL2019bhav.csv.zip,657928b9e0b6128e5b3f3b5ecbf918285571167dd2c047ea8421723defd658ee,416390.0,480.0,4906.0,164.0,3.0,2026-09-19T09:24:57.492064
20190730,OK,https://nsearchives.nseindia.com/content/historical/DERIVATIVES/2019/JUL/fo30JUL2019bhav.csv.zip,9a20d4090d359d1858c90c674c29e42ef995d2001e97159ae2ad67130c2204a0,422787.0,480.0,4926.0,164.0,3.0,2026-09-19T09:24:59.298379
20190731,OK,https://nsearchives.nseindia.com/content/historical/DERIVATIVES/2019/JUL/fo31JUL2019bhav.csv.zip,39eeb2047ca2bcac23365e3a9c49be704d17069e5f7800b49441da31ce50a69c,428373.0,480.0,5006.0,164.0,3.0,2026-09-19T09:25:01.016193
20190801,OK,https://nsearchives.nseindia.com/content/historical/DERIVATIVES/2019/AUG/fo01AUG2019bhav.csv.zip,8314e18c3d263c21a04179292950f71b391313add33fe50812164bcfcc1a0edd,430094.0,480.0,5010.0,164.0,3.0,2026-09-19T09:25:02.858857
20190802,OK,https://nsearchives.nseindia.com/content/historical/DERIVATIVES/2019/AUG/fo02AUG2019bhav.csv.zip,8d9bd32b839a9b7dcc55714d5c0fef57375c09acb85e546a3f72cbfcb1c5690f,431633.0,480.0,4998.0,164.0,3.0,2026-09-19T09:25:05.303313
20190805,OK,https://nsearchives.nseindia.com/content/historical/DERIVATIVES/2019/AUG/fo05AUG2019bhav.csv.zip,52d3a27ffb927529db7918ab7be448b93469aab8cab42ddde5880a7ae6b1bb3f,432626.0,480.0,5040.0,164.0,3.0,2026-09-19T09:25:07.271578
20190806,OK,https://nsearchives.nseindia.com/content/historical/DERIVATIVES/2019/AUG/fo06AUG2019bhav.csv.zip,3dac07a2f038419bcef09508692b12c1755017f4ea86b5b390583da23c768558,437245.0,480.0,5224.0,164.0,3.0,2026-09-19T09:25:08.983072
20190807,OK,https://nsearchives.nseindia.com/content/historical/DERIVATIVES/2019/AUG/fo07AUG2019bhav.csv.zip,ccaec52574bc90bf181a2e8774380ff6ba0bce7889d4799468957d2ffeaf9af1,437668.0,480.0,5224.0,164.0,3.0,2026-09-19T09:25:11.902662
20190808,OK,https://nsearchives.nseindia.com/content/historical/DERIVATIVES/2019/AUG/fo08AUG2019bhav.csv.zip,218325592d0278517e0da83974f42c447fa7b7355e263d6850d611a6be233c60,441842.0,480.0,5226.0,164.0,3.0,2026-09-19T09:25:14.842473
20190809,OK,https://nsearchives.nseindia.com/content/historical/DERIVATIVES/2019/AUG/fo09AUG2019bhav.csv.zip,b94be8a16ec974b24a7af37e4c851057c541b750ce73e9cfb6e14ab05caec93d,443994.0,480.0,5104.0,164.0,3.0,2026-09-19T09:25:16.919213
20190813,OK,https://nsearchives.nseindia.com/content/historical/DERIVATIVES/2019/AUG/fo13AUG2019bhav.csv.zip,01ab36e94e1c6fb3577286f03feaeac6ec5d353a8b5f297480f1bc4eeac57643,445978.0,480.0,5116.0,164.0,3.0,2026-09-19T09:25:19.454655
20190814,OK,https://nsearchives.nseindia.com/content/historical/DERIVATIVES/2019/AUG/fo14AUG2019bhav.csv.zip,cb57da37714baacc7ab05e67f3257f0031bb8b83995cfd39b632fedd619a6fd6,445633.0,480.0,5136.0,164.0,3.0,2026-09-19T09:25:21.104693
20190816,OK,https://nsearchives.nseindia.com/content/historical/DERIVATIVES/2019/AUG/fo16AUG2019bhav.csv.zip,de4ef791a789128f46a59fcd154a7401955ee4b829bd8796b30f6cbc221f910f,439699.0,480.0,4992.0,164.0,3.0,2026-09-19T09:25:22.698017
20190819,OK,https://nsearchives.nseindia.com/content/historical/DERIVATIVES/2019/AUG/fo19AUG2019bhav.csv.zip,1a1ecfd6b5840616cec5c0b64407d4d446975276295b89d7b023a5ae7986b66a,441603.0,480.0,4998.0,164.0,3.0,2026-09-19T09:25:24.347968
20190820,OK,https://nsearchives.nseindia.com/content/historical/DERIVATIVES/2019/AUG/fo20AUG2019bhav.csv.zip,f3a66969e90571a8d92789c11a54bdaa3d27922eda30d13cb01b87ae672b3d72,448686.0,480.0,4998.0,164.0,3.0,2026-09-19T09:25:25.904337
20190821,OK,https://nsearchives.nseindia.com/content/historical/DERIVATIVES/2019/AUG/fo21AUG2019bhav.csv.zip,a9a2315a11a1e88a99d3255bd0ccf132f42ab6b44de1587bff412512bcc4b502,453646.0,480.0,5002.0,164.0,3.0,2026-09-19T09:25:27.576404
20190822,OK,https://nsearchives.nseindia.com/content/historical/DERIVATIVES/2019/AUG/fo22AUG2019bhav.csv.zip,1e6d11d9ded974a1c47e5cfb2e47ef938ed5e920df5e1e508f514f5541615582,463408.0,480.0,5014.0,164.0,3.0,2026-09-19T09:25:29.105427
20190823,OK,https://nsearchives.nseindia.com/content/historical/DERIVATIVES/2019/AUG/fo23AUG2019bhav.csv.zip,6f55280d1d7023c1210054c6480c6f6457abd63e69363b3007a62028393fb0bc,470939.0,480.0,5028.0,164.0,3.0,2026-09-19T09:25:30.790682
20190826,OK,https://nsearchives.nseindia.com/content/historical/DERIVATIVES/2019/AUG/fo26AUG2019bhav.csv.zip,17cd82c5507a7a4322f31dda950298759e27e413b3612eaf623cf44d7ea26a1f,475366.0,480.0,5040.0,164.0,3.0,2026-09-19T09:25:32.461859
20190827,OK,https://nsearchives.nseindia.com/content/historical/DERIVATIVES/2019/AUG/fo27AUG2019bhav.csv.zip,b49ced2b1e1f803c58b5d66d6c1797febe1bee42631bcf0efde91ed9a7c95dee,479561.0,480.0,5072.0,164.0,3.0,2026-09-19T09:25:34.159097
20190828,OK,https://nsearchives.nseindia.com/content/historical/DERIVATIVES/2019/AUG/fo28AUG2019bhav.csv.zip,1b56d963158231713eefbba8ff8e3c77eb1abbdffad0adb52596c34ef77b7e87,704834.0,480.0,5078.0,164.0,3.0,2026-09-19T09:25:36.620139
20190829,OK,https://nsearchives.nseindia.com/content/historical/DERIVATIVES/2019/AUG/fo29AUG2019bhav.csv.zip,d908b01ff9ab160193426af821fd8d33353c50bf31d6d4e546800295c3d04229,479517.0,480.0,5078.0,164.0,3.0,2026-09-19T09:25:38.399316
20190830,OK,https://nsearchives.nseindia.com/content/historical/DERIVATIVES/2019/AUG/fo30AUG2019bhav.csv.zip,0f4072fc37d533b6b4d61cbe3937b6147ffd99e177da7f6de9cdbf2554030a5e,409609.0,467.0,4906.0,164.0,3.0,2026-09-19T09:25:39.950552
20190903,OK,https://nsearchives.nseindia.com/content/historical/DERIVATIVES/2019/SEP/fo03SEP2019bhav.csv.zip,3636b117857ca51fe5fb7908ab621f4b82462864603fdf3d9a8395daf4a35fa4,410209.0,467.0,4928.0,164.0,3.0,2026-09-19T09:25:41.490339
20190904,OK,https://nsearchives.nseindia.com/content/historical/DERIVATIVES/2019/SEP/fo04SEP2019bhav.csv.zip,a9652198c5eae4550f370b003b0ca66de70a1ac133d4b81e514d1b4909172fa0,411884.0,467.0,4980.0,164.0,3.0,2026-09-19T09:25:43.215793
20190905,OK,https://nsearchives.nseindia.com/content/historical/DERIVATIVES/2019/SEP/fo05SEP2019bhav.csv.zip,2a3e701a82e462bc5b1cc81743314ec3153d828136b1e76362e7322eb80ba8e5,411135.0,467.0,4980.0,164.0,3.0,2026-09-19T09:25:44.949492
20190906,OK,https://nsearchives.nseindia.com/content/historical/DERIVATIVES/2019/SEP/fo06SEP2019bhav.csv.zip,f0198c1fc479eac98c96f393220551a1b960a9be574e6a63337ec19c4edb76be,409280.0,467.0,4822.0,164.0,3.0,2026-09-19T09:25:46.341456
20190909,OK,https://nsearchives.nseindia.com/content/historical/DERIVATIVES/2019/SEP/fo09SEP2019bhav.csv.zip,3fa68c1be653408f9c14781b8159578d92a96da11ac4def59dc71a770ae4cf3c,409417.0,467.0,4832.0,164.0,3.0,2026-09-19T09:25:47.855806
20190911,OK,https://nsearchives.nseindia.com/content/historical/DERIVATIVES/2019/SEP/fo11SEP2019bhav.csv.zip,5719b2fceedcf1c29d281602c95d011194c12e4da17f8b0cf4df17d887724e68,412850.0,467.0,4844.0,164.0,3.0,2026-09-19T09:25:49.194872
20190912,OK,https://nsearchives.nseindia.com/content/historical/DERIVATIVES/2019/SEP/fo12SEP2019bhav.csv.zip,d3c916c1e2250f622d80abf313495fd3ac7845bd3bad722617b76d13679d1d40,413601.0,467.0,4868.0,164.0,3.0,2026-09-19T09:25:50.795132
20190913,OK,https://nsearchives.nseindia.com/content/historical/DERIVATIVES/2019/SEP/fo13SEP2019bhav.csv.zip,7931ba2e204e560fdda991123e49211ff0df2cb9abe19cec1df8937d102ce14d,412215.0,467.0,4740.0,164.0,3.0,2026-09-19T09:25:52.403425
20190916,OK,https://nsearchives.nseindia.com/content/historical/DERIVATIVES/2019/SEP/fo16SEP2019bhav.csv.zip,c441b3d27e877047dda06fd08a4467cdaf095d57948eb05cdf10887f0af0806e,413186.0,467.0,4768.0,164.0,3.0,2026-09-19T09:25:53.692543
20190917,OK,https://nsearchives.nseindia.com/content/historical/DERIVATIVES/2019/SEP/fo17SEP2019bhav.csv.zip,3c605383274655db8b98cf77f32231ccb8c1b3a383265391da9eeb2363ccca0d,419064.0,467.0,4768.0,164.0,3.0,2026-09-19T09:25:54.982417
20190918,OK,https://nsearchives.nseindia.com/content/historical/DERIVATIVES/2019/SEP/fo18SEP2019bhav.csv.zip,86061c1aab4b73bfcb3d21134f20978f3d984a56d572a21506b69712a57ea5b8,418713.0,467.0,4792.0,164.0,3.0,2026-09-19T09:25:56.631409
20190919,OK,https://nsearchives.nseindia.com/content/historical/DERIVATIVES/2019/SEP/fo19SEP2019bhav.csv.zip,451d8198a8c6b6c5b81745d4a25fac4fb108a4dac7aa00a3d35172822ce28d0e,421339.0,467.0,4792.0,164.0,3.0,2026-09-19T09:25:58.157925
20190920,OK,https://nsearchives.nseindia.com/content/historical/DERIVATIVES/2019/SEP/fo20SEP2019bhav.csv.zip,fa3b8d2c8e4cf7154d7cff4231f5712aec2224fe09a57602097c17a084ee9f3b,449002.0,467.0,4710.0,164.0,3.0,2026-09-19T09:25:59.705671
20190923,OK,https://nsearchives.nseindia.com/content/historical/DERIVATIVES/2019/SEP/fo23SEP2019bhav.csv.zip,de998e9274d3add2ebd42e995c8e7fe7c2a14c863fe10b1ec8e2b41472e2dd4e,452954.0,467.0,4930.0,164.0,3.0,2026-09-19T09:26:01.395209
20190924,OK,https://nsearchives.nseindia.com/content/historical/DERIVATIVES/2019/SEP/fo24SEP2019bhav.csv.zip,00d8d2fd54bf4004ce589acf2c1dcd8d79e9f18ae15c65f2bb470d4468d58f4a,460795.0,467.0,5418.0,164.0,3.0,2026-09-19T09:26:03.069369
20190925,OK,https://nsearchives.nseindia.com/content/historical/DERIVATIVES/2019/SEP/fo25SEP2019bhav.csv.zip,e6ffc712a3cb5bb13ca1c8a4350637bdeeeed01c4a2f0d0c73069f4b0278f2ad,461516.0,467.0,5418.0,164.0,3.0,2026-09-19T09:26:04.602256
20190926,OK,https://nsearchives.nseindia.com/content/historical/DERIVATIVES/2019/SEP/fo26SEP2019bhav.csv.zip,b1f59c70b7f36a9ff3c171a753fbf1c242d09fcae505fe659db04e519ccf774d,465031.0,467.0,5418.0,164.0,3.0,2026-09-19T09:26:06.260682
20190927,OK,https://nsearchives.nseindia.com/content/historical/DERIVATIVES/2019/SEP/fo27SEP2019bhav.csv.zip,3150f310951de1810597da9f64c0b8d303271aca433c2a77ca78b5a83f2fed9d,407990.0,453.0,5236.0,152.0,3.0,2026-09-19T09:26:07.798889
20190930,OK,https://nsearchives.nseindia.com/content/historical/DERIVATIVES/2019/SEP/fo30SEP2019bhav.csv.zip,334f621d0d7c03f20eaed39606f9f9c4addc43b64b7f57a73aed866aa9b424eb,416901.0,453.0,5242.0,152.0,3.0,2026-09-19T09:26:09.338365
20191001,OK,https://nsearchives.nseindia.com/content/historical/DERIVATIVES/2019/OCT/fo01OCT2019bhav.csv.zip,99ac99d4c2e3f5801674d123dc559a05a6bcc5c1651af330847a7a29b10c4a7a,423195.0,453.0,5264.0,152.0,3.0,2026-09-19T09:26:11.018416
20191003,OK,https://nsearchives.nseindia.com/content/historical/DERIVATIVES/2019/OCT/fo03OCT2019bhav.csv.zip,d40e31634316ba967dc4a2751a77e74f4de370aa4fb3d07a1236fefa382f0953,421030.0,453.0,5276.0,152.0,3.0,2026-09-19T09:26:12.649381
20191004,OK,https://nsearchives.nseindia.com/content/historical/DERIVATIVES/2019/OCT/fo04OCT2019bhav.csv.zip,3ac480cfbb8c7bbb4ab22325e87c2b2dbe0d2fa922f2e2d553b0588d581a7f13,420537.0,453.0,5152.0,152.0,3.0,2026-09-19T09:26:14.591093
20191007,OK,https://nsearchives.nseindia.com/content/historical/DERIVATIVES/2019/OCT/fo07OCT2019bhav.csv.zip,80ef551fb712a88d1d4c6e36a205c30d3210daaf95546e52c5eb4fba1c6b86ab,421545.0,453.0,5192.0,152.0,3.0,2026-09-19T09:26:16.372743
20191009,OK,https://nsearchives.nseindia.com/content/historical/DERIVATIVES/2019/OCT/fo09OCT2019bhav.csv.zip,7ac9d38639a0dd0ff07f537df38f3090ca0d4a4e239fc2cacd5e42eca146f958,427206.0,453.0,5196.0,152.0,3.0,2026-09-19T09:26:17.789038
20191010,OK,https://nsearchives.nseindia.com/content/historical/DERIVATIVES/2019/OCT/fo10OCT2019bhav.csv.zip,817f650fa8a8460aa5bce1706b2dcdacdbd6e9a40f00c3edcd4b1bb15aea6538,422966.0,453.0,5208.0,152.0,3.0,2026-09-19T09:26:19.121552
20191011,OK,https://nsearchives.nseindia.com/content/historical/DERIVATIVES/2019/OCT/fo11OCT2019bhav.csv.zip,4ce6a54d6e1330343a980ad3e97e7beb8a719a11d83238052110f8a4f7fb12d7,421658.0,453.0,5076.0,152.0,3.0,2026-09-19T09:26:20.568972
20191014,OK,https://nsearchives.nseindia.com/content/historical/DERIVATIVES/2019/OCT/fo14OCT2019bhav.csv.zip,270239e9dcb3facfebf094187b3af25aeb7fa40e7c3c842205f81fcda9702eb8,422665.0,453.0,5082.0,152.0,3.0,2026-09-19T09:26:21.762493
20191015,OK,https://nsearchives.nseindia.com/content/historical/DERIVATIVES/2019/OCT/fo15OCT2019bhav.csv.zip,e603a35449d1df8064f2132796c46e1cebe93b0c3c9ba4b50ddb66ef3f345210,424805.0,453.0,5090.0,152.0,3.0,2026-09-19T09:26:23.284013
20191016,OK,https://nsearchives.nseindia.com/content/historical/DERIVATIVES/2019/OCT/fo16OCT2019bhav.csv.zip,2b7c950e344b329900cc23e8f2f8c853bc1c948b19f6b2ba3f0f9e062c5db1c6,423737.0,453.0,5106.0,152.0,3.0,2026-09-19T09:26:25.405847
20191017,OK,https://nsearchives.nseindia.com/content/historical/DERIVATIVES/2019/OCT/fo17OCT2019bhav.csv.zip,8c8a3553619c3306c50151d2c3092980644391e1ab4b0d76fa4374e68ad67a59,427583.0,453.0,5106.0,152.0,3.0,2026-09-19T09:26:26.621737
20191018,OK,https://nsearchives.nseindia.com/content/historical/DERIVATIVES/2019/OCT/fo18OCT2019bhav.csv.zip,46e3ec36459880a97d598a88f38384aaa0c992ae0693f99460879df6640acb99,431726.0,453.0,4998.0,152.0,3.0,2026-09-19T09:26:28.471594
20191022,OK,https://nsearchives.nseindia.com/content/historical/DERIVATIVES/2019/OCT/fo22OCT2019bhav.csv.zip,6391c202e3bbbb0760b337b599b67672a4fef0636abfb3a418106bacf5d71c58,435521.0,453.0,5032.0,152.0,3.0,2026-09-19T09:26:29.966090
20191023,OK,https://nsearchives.nseindia.com/content/historical/DERIVATIVES/2019/OCT/fo23OCT2019bhav.csv.zip,fa9e0e764a145c94520076fcbe7258c098a58620aa7559f95c5354cb19788087,436944.0,453.0,5122.0,152.0,3.0,2026-09-19T09:26:31.577326
20191024,OK,https://nsearchives.nseindia.com/content/historical/DERIVATIVES/2019/OCT/fo24OCT2019bhav.csv.zip,dcbb7b8dab8d22d92958982de0880a62c8dc3c3a89f739f3f88c0f86e215af72,439676.0,453.0,5128.0,152.0,3.0,2026-09-19T09:26:33.060499
20191025,OK,https://nsearchives.nseindia.com/content/historical/DERIVATIVES/2019/OCT/fo25OCT2019bhav.csv.zip,8fe7cc86049338a45562646ff29cb3ea23cab5ad64b728f03049c0032a2a0c87,447123.0,453.0,4988.0,152.0,3.0,2026-09-19T09:26:34.622964
20191029,OK,https://nsearchives.nseindia.com/content/historical/DERIVATIVES/2019/OCT/fo29OCT2019bhav.csv.zip,ecc087bae33c57f989c4346cdd855283735b23eca34adba31f19ea23181dce2b,458497.0,453.0,5002.0,152.0,3.0,2026-09-19T09:26:36.255338
20191030,OK,https://nsearchives.nseindia.com/content/historical/DERIVATIVES/2019/OCT/fo30OCT2019bhav.csv.zip,076f0213a74b0b885866d00e5d2c3f65e75e03ac859b505ab43244c262cb0a35,466930.0,453.0,5096.0,152.0,3.0,2026-09-19T09:26:37.660983
20191031,OK,https://nsearchives.nseindia.com/content/historical/DERIVATIVES/2019/OCT/fo31OCT2019bhav.csv.zip,f62623f5e1799fd438678c2ad8cdd0d255540428b3d1ddea7cf29556d96aa149,463526.0,453.0,5128.0,152.0,3.0,2026-09-19T09:26:39.454468
20191101,OK,https://nsearchives.nseindia.com/content/historical/DERIVATIVES/2019/NOV/fo01NOV2019bhav.csv.zip,5b5d1de518ca573d3f4865c17c525075bcf9a5b9826559a481503ec0cd52cb5f,399486.0,448.0,5028.0,151.0,3.0,2026-09-19T09:26:41.662817
20191104,OK,https://nsearchives.nseindia.com/content/historical/DERIVATIVES/2019/NOV/fo04NOV2019bhav.csv.zip,f2cc1741d4e4d9a960cc2e62c551e9b2d601822e4b5aa23794706d70554a5a9c,403897.0,448.0,5054.0,151.0,3.0,2026-09-19T09:26:43.463176
20191105,OK,https://nsearchives.nseindia.com/content/historical/DERIVATIVES/2019/NOV/fo05NOV2019bhav.csv.zip,30bddfe58470935f46aaa4159542ca7569892bda7108c743685a7b327fddea2d,403735.0,448.0,5074.0,151.0,3.0,2026-09-19T09:26:45.309058
20191106,OK,https://nsearchives.nseindia.com/content/historical/DERIVATIVES/2019/NOV/fo06NOV2019bhav.csv.zip,cd41b9796f8902d4e32fee12030d5bd5b61a52ad50a755564d278f162db9d39b,405969.0,448.0,5074.0,151.0,3.0,2026-09-19T09:26:46.763136
20191107,OK,https://nsearchives.nseindia.com/content/historical/DERIVATIVES/2019/NOV/fo07NOV2019bhav.csv.zip,ca5a1cc9283954d5612749a6dfa3ff16c66edbbeddc518ddb65568c89772be94,406598.0,448.0,5114.0,151.0,3.0,2026-09-19T09:26:48.345142
20191108,OK,https://nsearchives.nseindia.com/content/historical/DERIVATIVES/2019/NOV/fo08NOV2019bhav.csv.zip,cbb1ade8ccd319005566078742dc925a6e8f120fcc3024137e5764254ac90e39,408121.0,448.0,4978.0,151.0,3.0,2026-09-19T09:26:50.814657
20191111,OK,https://nsearchives.nseindia.com/content/historical/DERIVATIVES/2019/NOV/fo11NOV2019bhav.csv.zip,6149f7f8290f3e6a4bbde334f0ea4b34650b4e664e7288e2d48307cfe1c480c8,405874.0,448.0,5008.0,151.0,3.0,2026-09-19T09:26:53.388326
20191113,OK,https://nsearchives.nseindia.com/content/historical/DERIVATIVES/2019/NOV/fo13NOV2019bhav.csv.zip,0c6d524331b3cdd57bc3edd39ce8619801b3934f5ceee7f10e0dc2b504fb07f3,411807.0,448.0,5092.0,151.0,3.0,2026-09-19T09:26:55.137301
20191114,OK,https://nsearchives.nseindia.com/content/historical/DERIVATIVES/2019/NOV/fo14NOV2019bhav.csv.zip,23b4e1b3d7ed892242f5768a2ee6ca491298fe9aa47762b408c19888e3575e3a,412331.0,448.0,5102.0,151.0,3.0,2026-09-19T09:26:56.733479
20191115,OK,https://nsearchives.nseindia.com/content/historical/DERIVATIVES/2019/NOV/fo15NOV2019bhav.csv.zip,79018a3701c636bf3a699dcb5e6d11b889dc158a0695817d440d5719927ed729,412749.0,448.0,5220.0,151.0,3.0,2026-09-19T09:26:58.477391
20191118,OK,https://nsearchives.nseindia.com/content/historical/DERIVATIVES/2019/NOV/fo18NOV2019bhav.csv.zip,4a751bfb6ec4e327fe37191232bcb859a7f8727d5f9a8c41681dd43a9139d26c,413301.0,448.0,5284.0,151.0,3.0,2026-09-19T09:27:00.201315
20191119,OK,https://nsearchives.nseindia.com/content/historical/DERIVATIVES/2019/NOV/fo19NOV2019bhav.csv.zip,ab41b1b284d7a46f3a644da095507d62a0e1589be15cdd1e5dbffcc0ea102e1b,417088.0,448.0,5284.0,151.0,3.0,2026-09-19T09:27:01.499152
20191120,OK,https://nsearchives.nseindia.com/content/historical/DERIVATIVES/2019/NOV/fo20NOV2019bhav.csv.zip,cc2d832af289da125b3d9925304e054aedfd4aaaa9c5093ea80d701df4f82285,423048.0,448.0,5326.0,151.0,3.0,2026-09-19T09:27:02.738967
20191121,OK,https://nsearchives.nseindia.com/content/historical/DERIVATIVES/2019/NOV/fo21NOV2019bhav.csv.zip,1196007995c615367a6f498442cbe127ce9b73badc46d184c800f9bafaae342e,424309.0,448.0,5368.0,151.0,3.0,2026-09-19T09:27:04.104991
20191122,OK,https://nsearchives.nseindia.com/content/historical/DERIVATIVES/2019/NOV/fo22NOV2019bhav.csv.zip,88406af88f5f5e3a8b4a6cf784df5acd8a502f53d2655655a73e96bfc1192553,426246.0,448.0,5234.0,151.0,3.0,2026-09-19T09:27:06.303900
20191125,OK,https://nsearchives.nseindia.com/content/historical/DERIVATIVES/2019/NOV/fo25NOV2019bhav.csv.zip,86b216f14a8680857c3eec9125af8cb6c58694823c02df9c4516d14246cd8e4d,429635.0,448.0,5260.0,151.0,3.0,2026-09-19T09:27:07.715753
20191126,OK,https://nsearchives.nseindia.com/content/historical/DERIVATIVES/2019/NOV/fo26NOV2019bhav.csv.zip,1d2e624a5483eb631885a671103e589125f2f321076fc07348a262f492d189a6,436825.0,448.0,5328.0,151.0,3.0,2026-09-19T09:27:09.904342
20191127,OK,https://nsearchives.nseindia.com/content/historical/DERIVATIVES/2019/NOV/fo27NOV2019bhav.csv.zip,33fbad883554e4f526e6c84bbfeb239ac50b2ffe3813fa2d37e11997f14432eb,436753.0,448.0,5356.0,151.0,3.0,2026-09-19T09:27:11.768046
20191128,OK,https://nsearchives.nseindia.com/content/historical/DERIVATIVES/2019/NOV/fo28NOV2019bhav.csv.zip,c8f056ec717db27491541c92f0f898c9843b533c07f3b27309e0992bc5c304c2,434268.0,448.0,5414.0,151.0,3.0,2026-09-19T09:27:13.543999
20191129,OK,https://nsearchives.nseindia.com/content/historical/DERIVATIVES/2019/NOV/fo29NOV2019bhav.csv.zip,8c30bc134dcff7ec28e52f967142e1817a3e530b3470640b6a54c2a6a23512e2,379969.0,440.0,5334.0,150.0,3.0,2026-09-19T09:27:15.037695
20191202,OK,https://nsearchives.nseindia.com/content/historical/DERIVATIVES/2019/DEC/fo02DEC2019bhav.csv.zip,cf29fe325d767b60a6a49269e6b0dee8ff6e9b9ad9491d3b8671706243f5c299,377223.0,440.0,5344.0,150.0,3.0,2026-09-19T09:27:16.992344
20191203,OK,https://nsearchives.nseindia.com/content/historical/DERIVATIVES/2019/DEC/fo03DEC2019bhav.csv.zip,739daa460b1506ac1b2ce537b2ec7cc409ddac60afec86ce8334760e725bf361,378613.0,440.0,5346.0,150.0,3.0,2026-09-19T09:27:18.545281
20191204,OK,https://nsearchives.nseindia.com/content/historical/DERIVATIVES/2019/DEC/fo04DEC2019bhav.csv.zip,b30e4628463702ec3fd17b1e1012ef702179942370b6745a5118bda49e4e727e,380580.0,440.0,5354.0,150.0,3.0,2026-09-19T09:27:19.941675
20191205,OK,https://nsearchives.nseindia.com/content/historical/DERIVATIVES/2019/DEC/fo05DEC2019bhav.csv.zip,51d049b191466ba76dca0f52a83fd8b0965722662abcb156ce4b95446997b202,380218.0,440.0,5356.0,150.0,3.0,2026-09-19T09:27:21.824488
20191206,OK,https://nsearchives.nseindia.com/content/historical/DERIVATIVES/2019/DEC/fo06DEC2019bhav.csv.zip,12e46e20e0cf39e85ceee87e3a07856c8a2494511180593d01cd0143844ebdfd,383981.0,440.0,5244.0,150.0,3.0,2026-09-19T09:27:23.553782
20191209,OK,https://nsearchives.nseindia.com/content/historical/DERIVATIVES/2019/DEC/fo09DEC2019bhav.csv.zip,758910fc5f76e39a8ad321ce12fe105ddd77b7af84a9a4142e0f7b4f1d17b8f1,382322.0,440.0,5268.0,150.0,3.0,2026-09-19T09:27:25.741946
20191210,OK,https://nsearchives.nseindia.com/content/historical/DERIVATIVES/2019/DEC/fo10DEC2019bhav.csv.zip,1e46f6469e980f285adf0b7781e5ddce6b210f250e3bee995063e4d3d2075e2d,384182.0,440.0,5270.0,150.0,3.0,2026-09-19T09:27:27.703799
20191211,OK,https://nsearchives.nseindia.com/content/historical/DERIVATIVES/2019/DEC/fo11DEC2019bhav.csv.zip,9ed9eacecbf2da0422140b8bfdc77276212807d41a36daf2ef892e09fc7399a6,385506.0,440.0,5286.0,150.0,3.0,2026-09-19T09:27:30.144490
20191212,OK,https://nsearchives.nseindia.com/content/historical/DERIVATIVES/2019/DEC/fo12DEC2019bhav.csv.zip,522eaac90e733c19bfa36eaf3314ba333d67c8bbe7c7184e1585c4ee4edc2744,384692.0,440.0,5286.0,150.0,3.0,2026-09-19T09:27:31.889781
20191213,OK,https://nsearchives.nseindia.com/content/historical/DERIVATIVES/2019/DEC/fo13DEC2019bhav.csv.zip,179fef5378208a1d3d47d58a5a4cdfe15673715fedbbf6f97bca0711cffc961c,387483.0,440.0,5178.0,150.0,3.0,2026-09-19T09:27:33.966737
20191216,OK,https://nsearchives.nseindia.com/content/historical/DERIVATIVES/2019/DEC/fo16DEC2019bhav.csv.zip,10e4fced060b8fac7b1d1e843a4ecaf20ac596cf3c74010862b8e3b10963d857,386061.0,440.0,5204.0,150.0,3.0,2026-09-19T09:27:35.633596
20191217,OK,https://nsearchives.nseindia.com/content/historical/DERIVATIVES/2019/DEC/fo17DEC2019bhav.csv.zip,5be05bb31db3d03655d845076fb335685eca18cf7392d8279c29659fb5767da4,389872.0,440.0,5206.0,150.0,3.0,2026-09-19T09:27:37.376080
20191218,OK,https://nsearchives.nseindia.com/content/historical/DERIVATIVES/2019/DEC/fo18DEC2019bhav.csv.zip,5eebc3d23925399c6f63fe30d058ae0de20ada1ef9859382ba953503ed8e540f,393885.0,440.0,5236.0,150.0,3.0,2026-09-19T09:27:38.658814
20191219,OK,https://nsearchives.nseindia.com/content/historical/DERIVATIVES/2019/DEC/fo19DEC2019bhav.csv.zip,ba239545d11be6bc075d1970241707f93ef87a8b06fa6050762d7b6c2831c244,394737.0,440.0,5294.0,150.0,3.0,2026-09-19T09:27:40.035981
20191220,OK,https://nsearchives.nseindia.com/content/historical/DERIVATIVES/2019/DEC/fo20DEC2019bhav.csv.zip,bcd08d7f7a709cf549342748bffb70536062fc03d00075747e5737fe539c4837,400394.0,440.0,5272.0,150.0,3.0,2026-09-19T09:27:41.317566
20191223,OK,https://nsearchives.nseindia.com/content/historical/DERIVATIVES/2019/DEC/fo23DEC2019bhav.csv.zip,a802624c9d178f3ba6775f0a61e34a2838afa4941fdb2f0278788697695ae1f6,402978.0,440.0,5312.0,150.0,3.0,2026-09-19T09:27:42.726631
20191224,OK,https://nsearchives.nseindia.com/content/historical/DERIVATIVES/2019/DEC/fo24DEC2019bhav.csv.zip,28824ba03a96493dc98852ba0998288b93ea09d1db3674b90387f950a18c4c49,406543.0,440.0,5332.0,150.0,3.0,2026-09-19T09:27:44.310603
20191226,OK,https://nsearchives.nseindia.com/content/historical/DERIVATIVES/2019/DEC/fo26DEC2019bhav.csv.zip,b89959390a03917539ff7dbd177c0a9849c6e39030e57fb637534ab8c68bbc7f,404115.0,440.0,5334.0,150.0,3.0,2026-09-19T09:27:45.685674
20191227,OK,https://nsearchives.nseindia.com/content/historical/DERIVATIVES/2019/DEC/fo27DEC2019bhav.csv.zip,941ef0984c1ea932cf630c4e92f27f8e59249b707d795aabaf3f379eb944bdf9,357619.0,433.0,5128.0,147.0,3.0,2026-09-19T09:27:47.066341
20191230,OK,https://nsearchives.nseindia.com/content/historical/DERIVATIVES/2019/DEC/fo30DEC2019bhav.csv.zip,e13697255f2e71eff8ce2c8f80bfa945fed72760c50c81ac9d384dcf718311d2,359549.0,433.0,5142.0,147.0,3.0,2026-09-19T09:27:48.364580
20191231,OK,https://nsearchives.nseindia.com/content/historical/DERIVATIVES/2019/DEC/fo31DEC2019bhav.csv.zip,0e3b62cb2af7fd30589b26f75d96c72218d85489349185764dd47ac21ba8c0fd,361686.0,433.0,5144.0,147.0,3.0,2026-09-19T09:27:49.855881
20200101,OK,https://nsearchives.nseindia.com/content/historical/DERIVATIVES/2020/JAN/fo01JAN2020bhav.csv.zip,6ca001c8d55777c1f8ef711409aa0d71a840dc9b4a500ca5b9fc896ba624fd02,358799.0,433.0,5144.0,147.0,3.0,2026-09-19T09:27:51.757125
20200102,OK,https://nsearchives.nseindia.com/content/historical/DERIVATIVES/2020/JAN/fo02JAN2020bhav.csv.zip,e551d6e7115344cc7e205a6a678eb962bcbc981cbbb7d417bf179c78c8d54243,366460.0,433.0,5144.0,147.0,3.0,2026-09-19T09:27:53.946483
20200103,OK,https://nsearchives.nseindia.com/content/historical/DERIVATIVES/2020/JAN/fo03JAN2020bhav.csv.zip,4f4c78fc9ed827d8291bedd154cd52876036e4e8dfdb63116fe571f24d04829e,368624.0,433.0,5074.0,147.0,3.0,2026-09-19T09:27:55.563242
20200106,OK,https://nsearchives.nseindia.com/content/historical/DERIVATIVES/2020/JAN/fo06JAN2020bhav.csv.zip,ca590fe8069cbf264091004365149aeba886c965ae19fd345ec93dce0eacdf1a,374980.0,433.0,5088.0,147.0,3.0,2026-09-19T09:27:56.908064
20200107,OK,https://nsearchives.nseindia.com/content/historical/DERIVATIVES/2020/JAN/fo07JAN2020bhav.csv.zip,7394add3bbfe47d3a026a3eb3ec0f74008f5420eaae34c8885b3529753d4c9ea,375578.0,433.0,5168.0,147.0,3.0,2026-09-19T09:27:58.367239
20200108,OK,https://nsearchives.nseindia.com/content/historical/DERIVATIVES/2020/JAN/fo08JAN2020bhav.csv.zip,fe608916a721ade91cc68ab4f0be6c301ef56da4beb340d41d9accdf66274017,376552.0,433.0,5168.0,147.0,3.0,2026-09-19T09:27:59.988052
20200109,OK,https://nsearchives.nseindia.com/content/historical/DERIVATIVES/2020/JAN/fo09JAN2020bhav.csv.zip,4d5f4c793fbeb761214e56b89846458d21b1496acf89f3641c65e95ce111c3d5,379529.0,433.0,5188.0,147.0,3.0,2026-09-19T09:28:01.367237
20200110,OK,https://nsearchives.nseindia.com/content/historical/DERIVATIVES/2020/JAN/fo10JAN2020bhav.csv.zip,5ff2cdc6af80ceb2d9228e860ed2820a1d49c92d7cdf942dfd26a98a535ba9fe,377831.0,433.0,5114.0,147.0,3.0,2026-09-19T09:28:02.587434
20200113,OK,https://nsearchives.nseindia.com/content/historical/DERIVATIVES/2020/JAN/fo13JAN2020bhav.csv.zip,2ee2257a638fd5aae43e63ee40c51fec813d2ad35abceb31ceae6d49b4a6f5ad,376240.0,433.0,5118.0,147.0,3.0,2026-09-19T09:28:03.803487
20200114,OK,https://nsearchives.nseindia.com/content/historical/DERIVATIVES/2020/JAN/fo14JAN2020bhav.csv.zip,e9702c3d8125a8f0d80e2f90708e5d62f38592a3619a082f733936b6fd41bcd2,381877.0,433.0,5182.0,147.0,3.0,2026-09-19T09:28:05.156911
20200115,OK,https://nsearchives.nseindia.com/content/historical/DERIVATIVES/2020/JAN/fo15JAN2020bhav.csv.zip,b8a9f3ca845f09e0812ad34dcd7068e715360b84fca3553857a30bcf1a8170cb,386444.0,433.0,5244.0,147.0,3.0,2026-09-19T09:28:06.464540
20200116,OK,https://nsearchives.nseindia.com/content/historical/DERIVATIVES/2020/JAN/fo16JAN2020bhav.csv.zip,40f8494aa30804bf170ab8f85bc268667c9f8e9b07a2c7ec0ac44c05a2fb1031,388540.0,433.0,5250.0,147.0,3.0,2026-09-19T09:28:07.641468
20200117,OK,https://nsearchives.nseindia.com/content/historical/DERIVATIVES/2020/JAN/fo17JAN2020bhav.csv.zip,eec561a57cb2594b087fedf4dccd0d2ce400da64671198e6f730d0e5f354704a,388956.0,433.0,5166.0,147.0,3.0,2026-09-19T09:28:08.925122
20200120,OK,https://nsearchives.nseindia.com/content/historical/DERIVATIVES/2020/JAN/fo20JAN2020bhav.csv.zip,eeb156b236963cd0872b71e487336a2c76020bd9028839451205ab9c531e85db,394533.0,433.0,5176.0,147.0,3.0,2026-09-19T09:28:10.334444
20200121,OK,https://nsearchives.nseindia.com/content/historical/DERIVATIVES/2020/JAN/fo21JAN2020bhav.csv.zip,97a5170bfd2223f0abcdb7942dd0b1593e14be90098af90581ba609b53dc94c8,396076.0,433.0,5218.0,147.0,3.0,2026-09-19T09:28:11.819935
20200122,OK,https://nsearchives.nseindia.com/content/historical/DERIVATIVES/2020/JAN/fo22JAN2020bhav.csv.zip,649262d86a870941447f78d91ca3bdc59717e16ee7419347a76c08c6a6c52ef0,399901.0,433.0,5258.0,147.0,3.0,2026-09-19T09:28:13.195543
20200123,OK,https://nsearchives.nseindia.com/content/historical/DERIVATIVES/2020/JAN/fo23JAN2020bhav.csv.zip,0fe92ee200d5c1d9d72381fcbeeab6183c7d61424c26f374d71e182f68218bb4,403437.0,433.0,5298.0,147.0,3.0,2026-09-19T09:28:14.505133
20200124,OK,https://nsearchives.nseindia.com/content/historical/DERIVATIVES/2020/JAN/fo24JAN2020bhav.csv.zip,0c545b4d41d409d94853641271ace27438bd36684300a57539490e6dccb5d73f,408601.0,433.0,5232.0,147.0,3.0,2026-09-19T09:28:15.724415
20200127,OK,https://nsearchives.nseindia.com/content/historical/DERIVATIVES/2020/JAN/fo27JAN2020bhav.csv.zip,26321d471a0ced0d1594da81389da06a33d38f14269d578672c8027bcf25b651,413073.0,433.0,5238.0,147.0,3.0,2026-09-19T09:28:17.476188
20200128,OK,https://nsearchives.nseindia.com/content/historical/DERIVATIVES/2020/JAN/fo28JAN2020bhav.csv.zip,27d64ad0ae06b3e1f2660341f2cc055edba7336cd7ef9a0708a19bf33d72b2c8,417660.0,433.0,5248.0,147.0,3.0,2026-09-19T09:28:18.993768
20200129,OK,https://nsearchives.nseindia.com/content/historical/DERIVATIVES/2020/JAN/fo29JAN2020bhav.csv.zip,2f13c1fce37c60ca53dc91d9484356bd68b9c8d9d0b70dcedbee711cad8c3c07,420162.0,433.0,5254.0,147.0,3.0,2026-09-19T09:28:20.540755
20200130,OK,https://nsearchives.nseindia.com/content/historical/DERIVATIVES/2020/JAN/fo30JAN2020bhav.csv.zip,b7d08afe6b87e73d7150a5bcceaef1db75b7d83fbdfee7ed90b4e6bda6f898f2,418564.0,433.0,5254.0,147.0,3.0,2026-09-19T09:28:21.854912
20200131,OK,https://nsearchives.nseindia.com/content/historical/DERIVATIVES/2020/JAN/fo31JAN2020bhav.csv.zip,3219f77da453767c7953ac8b2f13490cf119f878e09de2ddc0449ca04f5d4811,367088.0,429.0,5190.0,143.0,3.0,2026-09-19T09:28:23.286780
20200203,OK,https://nsearchives.nseindia.com/content/historical/DERIVATIVES/2020/FEB/fo03FEB2020bhav.csv.zip,579fbd936d504cdd0577666e2ec1a2c2afc9d82e8d8d23f87696b95140069c2d,383239.0,429.0,5498.0,143.0,3.0,2026-09-19T09:28:24.609240
20200204,OK,https://nsearchives.nseindia.com/content/historical/DERIVATIVES/2020/FEB/fo04FEB2020bhav.csv.zip,70ed2a093ad73a58d7eadaccf8349ad18aceaf7ffce8a9169756047d8d46d62c,382040.0,429.0,5498.0,143.0,3.0,2026-09-19T09:28:25.950374
20200205,OK,https://nsearchives.nseindia.com/content/historical/DERIVATIVES/2020/FEB/fo05FEB2020bhav.csv.zip,224ee79be75dfd04dd697835e2be9fa9a6abfdfe0675ba79e850e73e32c5b188,384069.0,429.0,5500.0,143.0,3.0,2026-09-19T09:28:27.356197
20200206,OK,https://nsearchives.nseindia.com/content/historical/DERIVATIVES/2020/FEB/fo06FEB2020bhav.csv.zip,21790e236addb3a97b3a4ae5ce307c83de68a84bc4945c77bff03deb57a2cec8,385910.0,429.0,5506.0,143.0,3.0,2026-09-19T09:28:29.210404
20200207,OK,https://nsearchives.nseindia.com/content/historical/DERIVATIVES/2020/FEB/fo07FEB2020bhav.csv.zip,200123d66515bba9e8d2f5ba72570c43e21d18fb4ce1b6a46e1f58dfd573f2d1,381653.0,429.0,5404.0,143.0,3.0,2026-09-19T09:28:31.098308
20200210,OK,https://nsearchives.nseindia.com/content/historical/DERIVATIVES/2020/FEB/fo10FEB2020bhav.csv.zip,2a2cf2f5fa15dbc2c6917c631dd7acbb2badddf0e68ff4e5f6cb18ca8952bb0e,383107.0,429.0,5412.0,143.0,3.0,2026-09-19T09:28:33.401072
20200211,OK,https://nsearchives.nseindia.com/content/historical/DERIVATIVES/2020/FEB/fo11FEB2020bhav.csv.zip,4927b63a870cf041a114c7cc8a2cb8082066cd3b72732bd8c99b4398f4566535,384161.0,429.0,5416.0,143.0,3.0,2026-09-19T09:28:35.707767
20200212,OK,https://nsearchives.nseindia.com/content/historical/DERIVATIVES/2020/FEB/fo12FEB2020bhav.csv.zip,7405bd9ea4dce3df2e5c6a34591a387525a80a69a237f880c926f9508e74f4c1,386873.0,429.0,5416.0,143.0,3.0,2026-09-19T09:28:37.685301
20200213,OK,https://nsearchives.nseindia.com/content/historical/DERIVATIVES/2020/FEB/fo13FEB2020bhav.csv.zip,afa40c37b7b013d8648a81456cb040bf965f2d4201b78fa9b9adb9bb88bd2753,385622.0,429.0,5432.0,143.0,3.0,2026-09-19T09:28:39.704724
20200214,OK,https://nsearchives.nseindia.com/content/historical/DERIVATIVES/2020/FEB/fo14FEB2020bhav.csv.zip,c9fa7984195b29222aa2c8ff394e3fea882a6f0ac5fd682dc75d675dba8a6b9e,387929.0,429.0,5358.0,143.0,3.0,2026-09-19T09:28:41.197433
20200217,OK,https://nsearchives.nseindia.com/content/historical/DERIVATIVES/2020/FEB/fo17FEB2020bhav.csv.zip,44230d98892a702e237d7a7a8baa6ee8fcd5431430a273cc9fdfeb2f8760d1c9,390959.0,429.0,5376.0,143.0,3.0,2026-09-19T09:28:43.058264
20200218,OK,https://nsearchives.nseindia.com/content/historical/DERIVATIVES/2020/FEB/fo18FEB2020bhav.csv.zip,fead66d8113f837625be9f8f3a3323a80132767d15900b2f4b3802a3ef3440e1,398244.0,429.0,5382.0,143.0,3.0,2026-09-19T09:28:45.008388
20200219,OK,https://nsearchives.nseindia.com/content/historical/DERIVATIVES/2020/FEB/fo19FEB2020bhav.csv.zip,072025f19f699a3487843fc72e67ac38d729ff0f12724a933e5d6e6083a6d753,404939.0,429.0,5390.0,143.0,3.0,2026-09-19T09:28:46.563485
20200220,OK,https://nsearchives.nseindia.com/content/historical/DERIVATIVES/2020/FEB/fo20FEB2020bhav.csv.zip,6b67bdc4cf32870da1be9db2686b8cd17435ad3fa90ae561b464e505493bb419,408902.0,429.0,5410.0,143.0,3.0,2026-09-19T09:28:48.080064
20200224,OK,https://nsearchives.nseindia.com/content/historical/DERIVATIVES/2020/FEB/fo24FEB2020bhav.csv.zip,6f85bd6a3e557fd1834e1cdab6180794df1f9cfcfe3372c0f3749b6e763b91f0,415592.0,429.0,5308.0,143.0,3.0,2026-09-19T09:28:49.312859
20200225,OK,https://nsearchives.nseindia.com/content/historical/DERIVATIVES/2020/FEB/fo25FEB2020bhav.csv.zip,142db5421d755b49a5326c5923a30233ab8a00a2529e707c5d7b0003436fc54d,419434.0,429.0,5346.0,143.0,3.0,2026-09-19T09:28:50.807108
20200226,OK,https://nsearchives.nseindia.com/content/historical/DERIVATIVES/2020/FEB/fo26FEB2020bhav.csv.zip,f1d3e4541847d52a240d1b172ac07dec22b90506b35488e7381541c477314cbc,426760.0,429.0,5358.0,143.0,3.0,2026-09-19T09:28:53.050822
20200227,OK,https://nsearchives.nseindia.com/content/historical/DERIVATIVES/2020/FEB/fo27FEB2020bhav.csv.zip,2e72b5204f8e1b5ef0af09aaaf71720b37537f8d828bd9ad0bf6c24d5560c1ad,429149.0,429.0,5386.0,143.0,3.0,2026-09-19T09:28:54.626440
20200228,OK,https://nsearchives.nseindia.com/content/historical/DERIVATIVES/2020/FEB/fo28FEB2020bhav.csv.zip,8889eb2cf45e2fb94febc478e42582c9c8e8106dbf8d8289a3f79031b30e44c7,376186.0,437.0,5294.0,146.0,3.0,2026-09-19T09:28:56.384781
20200302,OK,https://nsearchives.nseindia.com/content/historical/DERIVATIVES/2020/MAR/fo02MAR2020bhav.csv.zip,f71b9a7cb54cde09f7a43a3c776f77f059acf5a95e13ea4e939933b8b98decc3,390570.0,437.0,5804.0,146.0,3.0,2026-09-19T09:28:57.810641
20200303,OK,https://nsearchives.nseindia.com/content/historical/DERIVATIVES/2020/MAR/fo03MAR2020bhav.csv.zip,2bddb2c4db9a187df9652768e7d3d048fc99a12f62a4981e297ac637eef9e376,390913.0,437.0,5866.0,146.0,3.0,2026-09-19T09:28:59.202230
20200304,OK,https://nsearchives.nseindia.com/content/historical/DERIVATIVES/2020/MAR/fo04MAR2020bhav.csv.zip,8c3d60a169e4a8bf3c7703705b13ef6a8c1af61cebc944d389dbca7c4848d859,394083.0,437.0,5866.0,146.0,3.0,2026-09-19T09:29:00.743364
20200305,OK,https://nsearchives.nseindia.com/content/historical/DERIVATIVES/2020/MAR/fo05MAR2020bhav.csv.zip,905716d26819408616732523f28e43cbec8504678e098b219cfb324cfe2f7b1f,394774.0,437.0,5906.0,146.0,3.0,2026-09-19T09:29:02.286515
20200306,OK,https://nsearchives.nseindia.com/content/historical/DERIVATIVES/2020/MAR/fo06MAR2020bhav.csv.zip,cdca8608655df3e168751669ad347f65d804504963b309fdce2631da4b114d5e,394815.0,437.0,5752.0,146.0,3.0,2026-09-19T09:29:03.749866
20200309,OK,https://nsearchives.nseindia.com/content/historical/DERIVATIVES/2020/MAR/fo09MAR2020bhav.csv.zip,6d2072e194ab1f84d672c18887de9b41eae886f09576007964119ce495bf311d,407189.0,437.0,6002.0,146.0,3.0,2026-09-19T09:29:05.778084
20200311,OK,https://nsearchives.nseindia.com/content/historical/DERIVATIVES/2020/MAR/fo11MAR2020bhav.csv.zip,53f53975e3bab0cabfdf41104d397bdf554777bae5fd1ce6b09d1be98a437645,420230.0,437.0,6568.0,146.0,3.0,2026-09-19T09:29:07.587817
20200312,OK,https://nsearchives.nseindia.com/content/historical/DERIVATIVES/2020/MAR/fo12MAR2020bhav.csv.zip,8c9c93e574fb9012d9f113e0f8567af314ab24980bc0e2ec8c54823881657616,442043.0,437.0,6608.0,146.0,3.0,2026-09-19T09:29:10.286401
20200313,OK,https://nsearchives.nseindia.com/content/historical/DERIVATIVES/2020/MAR/fo13MAR2020bhav.csv.zip,e55bea3d65b45291bd65044535b3e0639a5ea2feb6b55d2bdbcbd36c3fd40424,466467.0,437.0,7440.0,146.0,3.0,2026-09-19T09:29:12.642741
20200316,OK,https://nsearchives.nseindia.com/content/historical/DERIVATIVES/2020/MAR/fo16MAR2020bhav.csv.zip,cc7ba7c6e52089fcb1d467f9d3486034c6a3d2953da693fb80322c485556c8fb,464159.0,437.0,7480.0,146.0,3.0,2026-09-19T09:29:15.092944
20200317,OK,https://nsearchives.nseindia.com/content/historical/DERIVATIVES/2020/MAR/fo17MAR2020bhav.csv.zip,a08ac606f979269252fda1fd1028832a34c40efe2502438d7f82943c88956607,485145.0,437.0,8054.0,146.0,3.0,2026-09-19T09:29:17.179208
20200318,OK,https://nsearchives.nseindia.com/content/historical/DERIVATIVES/2020/MAR/fo18MAR2020bhav.csv.zip,f94b3d1fe382649809a1e81296437711c83ced7a188befc811850cfc00754732,496569.0,437.0,8442.0,146.0,3.0,2026-09-19T09:29:19.314431
20200319,OK,https://nsearchives.nseindia.com/content/historical/DERIVATIVES/2020/MAR/fo19MAR2020bhav.csv.zip,4ca37c2f250a7cf615e908c04c150682e80bee4e690e57b0c2d37b8212bafcfd,513979.0,437.0,9092.0,146.0,3.0,2026-09-19T09:29:21.301215
20200320,OK,https://nsearchives.nseindia.com/content/historical/DERIVATIVES/2020/MAR/fo20MAR2020bhav.csv.zip,a4da7b578e54c372df9fd0bd72c2ac3c43c2d7dfce3eb317fe122216e0ce6940,522135.0,437.0,8890.0,146.0,3.0,2026-09-19T09:29:23.305915
20200323,OK,https://nsearchives.nseindia.com/content/historical/DERIVATIVES/2020/MAR/fo23MAR2020bhav.csv.zip,ce4426b78869b3c0e806b5c616c0e59e52f9770b671a562a64821bbc4801e5ac,514442.0,437.0,8936.0,146.0,3.0,2026-09-19T09:29:25.182004
20200324,OK,https://nsearchives.nseindia.com/content/historical/DERIVATIVES/2020/MAR/fo24MAR2020bhav.csv.zip,776654904593093a93f547ec636b11ab90021b513054fc34c95cc8aef9c85b98,538749.0,437.0,9970.0,146.0,3.0,2026-09-19T09:29:28.381690
20200325,OK,https://nsearchives.nseindia.com/content/historical/DERIVATIVES/2020/MAR/fo25MAR2020bhav.csv.zip,5c8f9c10164644044cedf0b5a4b735ae5985342f0b39f5767472807c0fa8de48,540570.0,437.0,9970.0,146.0,3.0,2026-09-19T09:29:30.925421
20200326,OK,https://nsearchives.nseindia.com/content/historical/DERIVATIVES/2020/MAR/fo26MAR2020bhav.csv.zip,a737c0c1382deb2b91293cce486fb2f4de70977f1b111236e3ad1de3b1eeb597,541526.0,437.0,9970.0,146.0,3.0,2026-09-19T09:29:33.084818
20200327,OK,https://nsearchives.nseindia.com/content/historical/DERIVATIVES/2020/MAR/fo27MAR2020bhav.csv.zip,0a97e8ec594c07d4f61cdd2a3b3a24fcb7e19e9e98bd32479ec9d08fe777c45f,473635.0,437.0,9380.0,147.0,3.0,2026-09-19T09:29:35.019466
20200330,OK,https://nsearchives.nseindia.com/content/historical/DERIVATIVES/2020/MAR/fo30MAR2020bhav.csv.zip,e28b81ff4653456d411104fa853a46250e18d91062eeea00318bd3b298f63e3c,476696.0,437.0,9394.0,147.0,3.0,2026-09-19T09:29:36.724962
20200331,OK,https://nsearchives.nseindia.com/content/historical/DERIVATIVES/2020/MAR/fo31MAR2020bhav.csv.zip,1e2cae66c0b629b5a902bdb40e660989147c27c2050154aad2709d36a412297a,480569.0,437.0,9426.0,147.0,3.0,2026-09-19T09:29:38.838259
20200401,OK,https://nsearchives.nseindia.com/content/historical/DERIVATIVES/2020/APR/fo01APR2020bhav.csv.zip,7a0ecffef57407e5768c51cb5e2699176dd939866141252d660dc49d758eb13e,482422.0,437.0,9434.0,147.0,3.0,2026-09-19T09:29:41.162706
20200403,OK,https://nsearchives.nseindia.com/content/historical/DERIVATIVES/2020/APR/fo03APR2020bhav.csv.zip,1279e7454b784a3468ac82cd293de38d1cd87af0f366c25b1c428e70d296f8fa,478996.0,437.0,8864.0,147.0,3.0,2026-09-19T09:29:43.007326
20200407,OK,https://nsearchives.nseindia.com/content/historical/DERIVATIVES/2020/APR/fo07APR2020bhav.csv.zip,d702aa171e74d98c835d8f20703581dce164529ca7c3194f09075d39648c7824,486433.0,437.0,8928.0,147.0,3.0,2026-09-19T09:29:44.977124
20200408,OK,https://nsearchives.nseindia.com/content/historical/DERIVATIVES/2020/APR/fo08APR2020bhav.csv.zip,4ce4e3823c2d9e60a0498e24d93d18116847672aa63b6a258dc41410f600241b,492666.0,437.0,8986.0,147.0,3.0,2026-09-19T09:29:47.865334
20200409,OK,https://nsearchives.nseindia.com/content/historical/DERIVATIVES/2020/APR/fo09APR2020bhav.csv.zip,19bf7da7ea4b5d5a4e8519c5d2a932acc0a4e3b507a510c1a0cfa38017cc4567,493697.0,437.0,8986.0,147.0,3.0,2026-09-19T09:29:49.975655
20200413,OK,https://nsearchives.nseindia.com/content/historical/DERIVATIVES/2020/APR/fo13APR2020bhav.csv.zip,5ed228c3ae9bb1a9d81fbe3088e2db94094f3f2cc199616114dce8aa360f9e80,488594.0,437.0,8426.0,147.0,3.0,2026-09-19T09:29:51.886254
20200415,OK,https://nsearchives.nseindia.com/content/historical/DERIVATIVES/2020/APR/fo15APR2020bhav.csv.zip,08b3b185c59b64c4860ca30672165d9d397e4abba8b1524cfb4df8899e944719,495174.0,437.0,8438.0,147.0,3.0,2026-09-19T09:29:53.829063
20200416,OK,https://nsearchives.nseindia.com/content/historical/DERIVATIVES/2020/APR/fo16APR2020bhav.csv.zip,eb898d1e69f006785ba17262c978a27df2a0d345b613bd68c3aeec7e12c74d5e,491304.0,437.0,8448.0,147.0,3.0,2026-09-19T09:29:55.643181
20200417,OK,https://nsearchives.nseindia.com/content/historical/DERIVATIVES/2020/APR/fo17APR2020bhav.csv.zip,ac49c14c29726ec207c03bdcd10623f1c981a7afe71122b47d4c8ac1ab0fcd91,494971.0,437.0,7842.0,147.0,3.0,2026-09-19T09:29:57.724196
20200420,OK,https://nsearchives.nseindia.com/content/historical/DERIVATIVES/2020/APR/fo20APR2020bhav.csv.zip,ef7cc306bdb218881f5eff87cbefc78c24bdeb6146e2a884e9c4ecd3edf3451d,497228.0,437.0,7958.0,147.0,3.0,2026-09-19T09:29:59.847017
20200421,OK,https://nsearchives.nseindia.com/content/historical/DERIVATIVES/2020/APR/fo21APR2020bhav.csv.zip,c1a6cc0bbfa992aa3537d1082f80258a1c098979f60742f35eb11db0f0f1190b,499454.0,437.0,7960.0,147.0,3.0,2026-09-19T09:30:01.879052
20200422,OK,https://nsearchives.nseindia.com/content/historical/DERIVATIVES/2020/APR/fo22APR2020bhav.csv.zip,2399486f6924def7400c1643de4cd8efc892d76a2343c399a17d37de4e78b3e9,500756.0,437.0,7960.0,147.0,3.0,2026-09-19T09:30:03.810829
20200423,OK,https://nsearchives.nseindia.com/content/historical/DERIVATIVES/2020/APR/fo23APR2020bhav.csv.zip,56bb0c066dd89fd636df5e8da000d9123d9c6a6c40862cef3b63926abe0a3982,502350.0,437.0,7960.0,147.0,3.0,2026-09-19T09:30:05.910586
20200424,OK,https://nsearchives.nseindia.com/content/historical/DERIVATIVES/2020/APR/fo24APR2020bhav.csv.zip,d865b0f56e4475e850d97e0ce9143d1bd3ccde132bf09deeca3acba12971f759,498346.0,437.0,7392.0,147.0,3.0,2026-09-19T09:30:07.835024
20200427,OK,https://nsearchives.nseindia.com/content/historical/DERIVATIVES/2020/APR/fo27APR2020bhav.csv.zip,8ae8dca83e508ce433ce7f626b52771aa3695f1326f1bf43e7b281e790b28cdd,501337.0,437.0,7412.0,147.0,3.0,2026-09-19T09:30:09.720145
20200428,OK,https://nsearchives.nseindia.com/content/historical/DERIVATIVES/2020/APR/fo28APR2020bhav.csv.zip,53459d0aeea2d173582e515693744b2241dc050e56352218ba606bdc3251c1ff,503414.0,437.0,7412.0,147.0,3.0,2026-09-19T09:30:11.494732
20200429,OK,https://nsearchives.nseindia.com/content/historical/DERIVATIVES/2020/APR/fo29APR2020bhav.csv.zip,c7cb83319af8017bfe04614197caf87a27e11e54f62eb564e16021c7f312649b,506499.0,437.0,7444.0,147.0,3.0,2026-09-19T09:30:13.059043
20200430,OK,https://nsearchives.nseindia.com/content/historical/DERIVATIVES/2020/APR/fo30APR2020bhav.csv.zip,fdaa9eb46f196e8f333047a2c1c8ffd49b00dc5b63bbfb8ff3b7fc31d76123b7,501490.0,437.0,7548.0,147.0,3.0,2026-09-19T09:30:14.610799
20200504,OK,https://nsearchives.nseindia.com/content/historical/DERIVATIVES/2020/MAY/fo04MAY2020bhav.csv.zip,7e0828badfc53364bcd241618dc908d209f4cee9d867faf9ef215492db0bcc60,430929.0,435.0,7068.0,147.0,3.0,2026-09-19T09:30:16.536133
20200505,OK,https://nsearchives.nseindia.com/content/historical/DERIVATIVES/2020/MAY/fo05MAY2020bhav.csv.zip,4fedb239770e3c7a0d518cf36ad98c055b6b11f955f015b60f1ba2012ccf715e,434183.0,435.0,7126.0,147.0,3.0,2026-09-19T09:30:18.133807
20200506,OK,https://nsearchives.nseindia.com/content/historical/DERIVATIVES/2020/MAY/fo06MAY2020bhav.csv.zip,82c657294532cc0acbf5927adcada9c33d835f7c46efe097f3a7997504369d16,434646.0,435.0,7146.0,147.0,3.0,2026-09-19T09:30:19.993184
20200507,OK,https://nsearchives.nseindia.com/content/historical/DERIVATIVES/2020/MAY/fo07MAY2020bhav.csv.zip,e2b9b1b025c0e5cb98dfe9e212293768f107507c1d17b5b9a0d30161d3104895,432741.0,435.0,7146.0,147.0,3.0,2026-09-19T09:30:21.342188
20200508,OK,https://nsearchives.nseindia.com/content/historical/DERIVATIVES/2020/MAY/fo08MAY2020bhav.csv.zip,a9bc6fc52d67b0bdcd435a0322534b630279361138086aa55662795587eace92,428720.0,435.0,6642.0,147.0,3.0,2026-09-19T09:30:22.933043
20200511,OK,https://nsearchives.nseindia.com/content/historical/DERIVATIVES/2020/MAY/fo11MAY2020bhav.csv.zip,18407de69f8facd278c13a7faabdc4b0c9ad3d5d949518b7fc0306cf2786714b,429807.0,435.0,6646.0,147.0,3.0,2026-09-19T09:30:24.912974
20200512,OK,https://nsearchives.nseindia.com/content/historical/DERIVATIVES/2020/MAY/fo12MAY2020bhav.csv.zip,bb60f3f52334788c04fd6f3378b9cfcacfeb00951dabff8d2d78c161adb95ddc,433062.0,435.0,6674.0,147.0,3.0,2026-09-19T09:30:26.476188
20200513,OK,https://nsearchives.nseindia.com/content/historical/DERIVATIVES/2020/MAY/fo13MAY2020bhav.csv.zip,ea98d02ed44682a4b7d7ffe66751cfcf237eb9a68f34c6f0ed595c91e0a60c08,437687.0,435.0,6684.0,147.0,3.0,2026-09-19T09:30:28.011220
20200514,OK,https://nsearchives.nseindia.com/content/historical/DERIVATIVES/2020/MAY/fo14MAY2020bhav.csv.zip,1557523de85374594a966c176a3b8859a7198c272dfd466e1a29e76f89ab6cc1,438457.0,435.0,6692.0,147.0,3.0,2026-09-19T09:30:30.184422
20200515,OK,https://nsearchives.nseindia.com/content/historical/DERIVATIVES/2020/MAY/fo15MAY2020bhav.csv.zip,809b14bf8acd60b79e7dd1ce7be753a604c7fd3f12087b6b2ad77f01d3d099ad,432620.0,435.0,6352.0,147.0,3.0,2026-09-19T09:30:34.476928
20200518,OK,https://nsearchives.nseindia.com/content/historical/DERIVATIVES/2020/MAY/fo18MAY2020bhav.csv.zip,cf601c138a4aee1dd32c386c7ea8198ce7ddc4fb99aeef1a8fd764228669e0a7,443274.0,435.0,6368.0,147.0,3.0,2026-09-19T09:30:37.468917
20200519,OK,https://nsearchives.nseindia.com/content/historical/DERIVATIVES/2020/MAY/fo19MAY2020bhav.csv.zip,365cf22869e6e0b85d89538261f9ba8c2f5385bdb9914c0d652db03830dcfbb3,444789.0,435.0,6582.0,147.0,3.0,2026-09-19T09:30:39.907195
20200520,OK,https://nsearchives.nseindia.com/content/historical/DERIVATIVES/2020/MAY/fo20MAY2020bhav.csv.zip,82f5346f8e995d1090c567cd7eb4bf4d52d813594688399a885fe075610edbe7,445878.0,435.0,6594.0,147.0,3.0,2026-09-19T09:30:41.494049
20200521,OK,https://nsearchives.nseindia.com/content/historical/DERIVATIVES/2020/MAY/fo21MAY2020bhav.csv.zip,446bad0ac16a08e417cf58cd6356d48804e28fc2ea875c3e412cc68a476a1990,446825.0,435.0,6594.0,147.0,3.0,2026-09-19T09:30:43.861554
20200522,OK,https://nsearchives.nseindia.com/content/historical/DERIVATIVES/2020/MAY/fo22MAY2020bhav.csv.zip,fcc6f722bbb6451fab0bb4a14cd1674334e36b14738cabae987e52ba5ae25145,445999.0,435.0,6328.0,147.0,3.0,2026-09-19T09:30:45.455237
20200526,OK,https://nsearchives.nseindia.com/content/historical/DERIVATIVES/2020/MAY/fo26MAY2020bhav.csv.zip,2793bbd42459890570a3f267c7634e3990e6d28b74b184a68a95d9ba6bec4fcd,448528.0,435.0,6362.0,147.0,3.0,2026-09-19T09:30:47.597989
20200527,OK,https://nsearchives.nseindia.com/content/historical/DERIVATIVES/2020/MAY/fo27MAY2020bhav.csv.zip,fd8d7456b99095d0e7fd1912b9b2ef070515be84bd6d730eb48d8a5d25706a7d,451823.0,435.0,6362.0,147.0,3.0,2026-09-19T09:30:49.916565
20200528,OK,https://nsearchives.nseindia.com/content/historical/DERIVATIVES/2020/MAY/fo28MAY2020bhav.csv.zip,94216eec21e7b98688b500ea4b796a408bc8aef4e559c665ca78ee51becc7d1d,441930.0,435.0,6396.0,147.0,3.0,2026-09-19T09:30:51.705049
20200529,OK,https://nsearchives.nseindia.com/content/historical/DERIVATIVES/2020/MAY/fo29MAY2020bhav.csv.zip,9377612b78350f4661dadcbc11152c8c0ec0db53b1e792c56099e59566f4eab1,421148.0,429.0,5836.0,145.0,3.0,2026-09-19T09:30:54.191981
20200601,OK,https://nsearchives.nseindia.com/content/historical/DERIVATIVES/2020/JUN/fo01JUN2020bhav.csv.zip,5f03574f28fbb6f595e2f2a5c5d37ab9b4788c5d6e2ffdcd5c7be164bbc615b1,434445.0,429.0,5858.0,145.0,3.0,2026-09-19T09:30:56.399326
20200602,OK,https://nsearchives.nseindia.com/content/historical/DERIVATIVES/2020/JUN/fo02JUN2020bhav.csv.zip,abe648c0b172da0ede46c51220ff197feb46ccf1250f87f6c98bd92087995389,440791.0,429.0,5956.0,145.0,3.0,2026-09-19T09:30:58.642696
20200603,OK,https://nsearchives.nseindia.com/content/historical/DERIVATIVES/2020/JUN/fo03JUN2020bhav.csv.zip,2e739d22ddd327ccdd2bea7ec4b195518ee3f9059398730b2af768be11252649,451409.0,429.0,6058.0,145.0,3.0,2026-09-19T09:31:00.686893
20200604,OK,https://nsearchives.nseindia.com/content/historical/DERIVATIVES/2020/JUN/fo04JUN2020bhav.csv.zip,4b666930d356a0fdca9a8b9a76c945b1d4f3c9f591719e93b70cd2f7661ac241,451984.0,429.0,6112.0,145.0,3.0,2026-09-19T09:31:02.541712
20200605,OK,https://nsearchives.nseindia.com/content/historical/DERIVATIVES/2020/JUN/fo05JUN2020bhav.csv.zip,800f540af75c37c128f0db2c927f85a38fd8e095ea00010f2082a88d6fad8513,451221.0,429.0,5872.0,145.0,3.0,2026-09-19T09:31:04.686911
20200608,OK,https://nsearchives.nseindia.com/content/historical/DERIVATIVES/2020/JUN/fo08JUN2020bhav.csv.zip,bdc9036be815b00b94a6802afb97513b6c7392b43d0e2a1d6bd52799203f9959,461836.0,429.0,5930.0,145.0,3.0,2026-09-19T09:31:06.267905
20200609,OK,https://nsearchives.nseindia.com/content/historical/DERIVATIVES/2020/JUN/fo09JUN2020bhav.csv.zip,61f0198682ff476152dcd21cab6fa261c2548ac41c49f399f495fc4495bd8d61,463840.0,429.0,5958.0,145.0,3.0,2026-09-19T09:31:07.744881
20200610,OK,https://nsearchives.nseindia.com/content/historical/DERIVATIVES/2020/JUN/fo10JUN2020bhav.csv.zip,ef9e10992cfc8443597492ab467d3b030654171aef2a169395a3c3fc9975bbc2,460987.0,429.0,5958.0,145.0,3.0,2026-09-19T09:31:09.462663
20200611,OK,https://nsearchives.nseindia.com/content/historical/DERIVATIVES/2020/JUN/fo11JUN2020bhav.csv.zip,d3931946ca5f86ac70cdaddbfd34bc8698d8ee170883b46a963efce2fa06a32e,464966.0,429.0,5958.0,145.0,3.0,2026-09-19T09:31:11.535600
20200612,OK,https://nsearchives.nseindia.com/content/historical/DERIVATIVES/2020/JUN/fo12JUN2020bhav.csv.zip,fe8c1e341aec38080b29d2b017171b9a7674b71d875d823f753e8e0983adcb21,465045.0,429.0,5826.0,145.0,3.0,2026-09-19T09:31:13.556369
20200615,OK,https://nsearchives.nseindia.com/content/historical/DERIVATIVES/2020/JUN/fo15JUN2020bhav.csv.zip,56dfd48bb56842ef3107f1898cc32432ac7aa3fd1d9dd7506d5fdf6a242f6b8b,465207.0,429.0,5832.0,145.0,3.0,2026-09-19T09:31:16.964384
20200616,OK,https://nsearchives.nseindia.com/content/historical/DERIVATIVES/2020/JUN/fo16JUN2020bhav.csv.zip,d5a748b5898e7e15174d2a4792c09d15dd2f368b033f33a0774d558402edca75,469591.0,429.0,5862.0,145.0,3.0,2026-09-19T09:31:24.055619
20200617,OK,https://nsearchives.nseindia.com/content/historical/DERIVATIVES/2020/JUN/fo17JUN2020bhav.csv.zip,374006b3cdad3a8304fee8c45ebbeb749777f142a1e4c2eb542825928347b288,466972.0,429.0,5862.0,145.0,3.0,2026-09-19T09:31:27.597676
20200618,OK,https://nsearchives.nseindia.com/content/historical/DERIVATIVES/2020/JUN/fo18JUN2020bhav.csv.zip,b0ece4f6f66f264a78321a6178b3d2985dfee5bd1a8acfbfa02a3bbf9b89d6f9,471079.0,429.0,5862.0,145.0,3.0,2026-09-19T09:31:30.797896
20200619,OK,https://nsearchives.nseindia.com/content/historical/DERIVATIVES/2020/JUN/fo19JUN2020bhav.csv.zip,fc31a158f5a796d9015e52fcb2e327f9e38d4ab4f5c2b3ba26ac771d60751683,478524.0,429.0,5736.0,145.0,3.0,2026-09-19T09:31:33.531066
20200622,OK,https://nsearchives.nseindia.com/content/historical/DERIVATIVES/2020/JUN/fo22JUN2020bhav.csv.zip,e1728b5a1730cae008685c6d1a2a4375fabf21e7e85525840f5ec7b961146233,500907.0,429.0,5800.0,145.0,3.0,2026-09-19T09:31:35.964103
20200623,OK,https://nsearchives.nseindia.com/content/historical/DERIVATIVES/2020/JUN/fo23JUN2020bhav.csv.zip,6d4a35654f7f1555e33962880d4a124f158c35406d7e4c42c01eaa87133005d5,506072.0,429.0,5888.0,145.0,3.0,2026-09-19T09:31:37.669332
20200624,OK,https://nsearchives.nseindia.com/content/historical/DERIVATIVES/2020/JUN/fo24JUN2020bhav.csv.zip,0cd0cdb08baf1e86d7b5d780ff1b9a777b38debd7467ca8b399af62d59b4bb1c,516740.0,429.0,6070.0,145.0,3.0,2026-09-19T09:31:40.459570
20200625,OK,https://nsearchives.nseindia.com/content/historical/DERIVATIVES/2020/JUN/fo25JUN2020bhav.csv.zip,520406c9ccc2407a7bb858aaf2e2cfd86053e949a374a3e305fe04fb375912f3,503135.0,429.0,6070.0,145.0,3.0,2026-09-19T09:31:42.725780
20200626,OK,https://nsearchives.nseindia.com/content/historical/DERIVATIVES/2020/JUN/fo26JUN2020bhav.csv.zip,83bf4e5e43f3d61a10c65bcbb951ebd90165e7fc9c2a2ed1f947e1d704a457ee,418013.0,422.0,4125.0,143.0,2.0,2026-09-19T09:31:44.534091
20200629,OK,https://nsearchives.nseindia.com/content/historical/DERIVATIVES/2020/JUN/fo29JUN2020bhav.csv.zip,2fb89327487e1a1fee683adc73acf7bd593bc1160d943ca31b4363ea9568153a,420794.0,422.0,4129.0,143.0,2.0,2026-09-19T09:31:46.333633
20200630,OK,https://nsearchives.nseindia.com/content/historical/DERIVATIVES/2020/JUN/fo30JUN2020bhav.csv.zip,e63ad1595bf8e6a99f09ea3bc4a7f9aedac1fd43ba849baef0b371d4e069871e,421619.0,422.0,4131.0,143.0,2.0,2026-09-19T09:31:47.935068
20200701,OK,https://nsearchives.nseindia.com/content/historical/DERIVATIVES/2020/JUL/fo01JUL2020bhav.csv.zip,ffbdad2e878fbfe7a13a6a1855afbedacfbd406833d5894ecf85050ed66c7ce7,423166.0,422.0,4131.0,143.0,2.0,2026-09-19T09:31:50.527012
20200702,OK,https://nsearchives.nseindia.com/content/historical/DERIVATIVES/2020/JUL/fo02JUL2020bhav.csv.zip,2b540cbf464e2f580daa3a26f670a2b50465c175b0a1865d1ab94475005fbc50,424925.0,422.0,4141.0,143.0,2.0,2026-09-19T09:31:52.126016
20200703,OK,https://nsearchives.nseindia.com/content/historical/DERIVATIVES/2020/JUL/fo03JUL2020bhav.csv.zip,376a34c8ab23ae7af2c0549db3c960ea344e9e2bf5a7fdf1746bb7f38eb405d8,423777.0,422.0,4009.0,143.0,2.0,2026-09-19T09:31:53.755527
20200706,OK,https://nsearchives.nseindia.com/content/historical/DERIVATIVES/2020/JUL/fo06JUL2020bhav.csv.zip,1d3810b9f136424ef104244bbb3d34114e3e7bb4bf08027d8cf9da32ec233476,429160.0,422.0,4029.0,143.0,2.0,2026-09-19T09:31:55.366481
20200707,OK,https://nsearchives.nseindia.com/content/historical/DERIVATIVES/2020/JUL/fo07JUL2020bhav.csv.zip,58422b510b3d3ca1a2632b6e331e86fd84e4e40311f6d7966f94b481033d07e5,437563.0,422.0,4111.0,143.0,2.0,2026-09-19T09:31:56.991352
20200708,OK,https://nsearchives.nseindia.com/content/historical/DERIVATIVES/2020/JUL/fo08JUL2020bhav.csv.zip,a254c97b3a0c971c5443b585cbf884919731ffb2ce71be5296e9e87595523e56,443028.0,422.0,4193.0,143.0,2.0,2026-09-19T09:31:58.751988
20200709,OK,https://nsearchives.nseindia.com/content/historical/DERIVATIVES/2020/JUL/fo09JUL2020bhav.csv.zip,8e875481344424f44c7b7cb60c70e8991a27dfbfa9985d6fa2ff59fdfea2255c,440174.0,422.0,4193.0,143.0,2.0,2026-09-19T09:32:00.411687
20200710,OK,https://nsearchives.nseindia.com/content/historical/DERIVATIVES/2020/JUL/fo10JUL2020bhav.csv.zip,013e12256a657aec9159e4c697f66ca57f67ff694b4a8f02f31f48582bedbf78,442885.0,422.0,4061.0,143.0,2.0,2026-09-19T09:32:02.208909
20200713,OK,https://nsearchives.nseindia.com/content/historical/DERIVATIVES/2020/JUL/fo13JUL2020bhav.csv.zip,f1cde5c5a0c6fa08c3d7f24b0a0137fd92a283a3bdecc92916425b8aede31963,443099.0,422.0,4073.0,143.0,2.0,2026-09-19T09:32:03.991366
20200714,OK,https://nsearchives.nseindia.com/content/historical/DERIVATIVES/2020/JUL/fo14JUL2020bhav.csv.zip,e901b0f27de789632287443d2fc68f6cf91668f1ab6f24399a2b00d2338a7fdb,449624.0,422.0,4079.0,143.0,2.0,2026-09-19T09:32:05.986410
20200715,OK,https://nsearchives.nseindia.com/content/historical/DERIVATIVES/2020/JUL/fo15JUL2020bhav.csv.zip,12fee180e1df16d5ba0bc4490a1bcd5b808dc4abc9d4228eb78f0962ff61bf7c,449458.0,422.0,4109.0,143.0,2.0,2026-09-19T09:32:09.122961
20200716,OK,https://nsearchives.nseindia.com/content/historical/DERIVATIVES/2020/JUL/fo16JUL2020bhav.csv.zip,80f887b2d3d74c0fbfc52f9368a525281aa5237c5b8724f3de1fa75981bf5475,452095.0,422.0,4115.0,143.0,2.0,2026-09-19T09:32:10.739219
20200717,OK,https://nsearchives.nseindia.com/content/historical/DERIVATIVES/2020/JUL/fo17JUL2020bhav.csv.zip,292db933789a6d62468750d24bf56c660e5301bfb48a836052c35ffa00cccbc3,447811.0,422.0,3923.0,143.0,2.0,2026-09-19T09:32:12.447043
20200720,OK,https://nsearchives.nseindia.com/content/historical/DERIVATIVES/2020/JUL/fo20JUL2020bhav.csv.zip,79e0e69c650e142d5a8dad26571c75973265d0d48d35fa8443221620b0415dd6,450274.0,422.0,3971.0,143.0,2.0,2026-09-19T09:32:14.368305
20200721,OK,https://nsearchives.nseindia.com/content/historical/DERIVATIVES/2020/JUL/fo21JUL2020bhav.csv.zip,9e3263c60ed9e2e6ca6d5fea8218ce0ae5cdde713c02d4938e854037bd18959a,455513.0,422.0,4015.0,143.0,2.0,2026-09-19T09:32:16.081034
20200722,OK,https://nsearchives.nseindia.com/content/historical/DERIVATIVES/2020/JUL/fo22JUL2020bhav.csv.zip,51af280ae2f77af2f4c58167711def5360c30c68b9bbfd4bf6a485858ca18331,460949.0,422.0,4083.0,143.0,2.0,2026-09-19T09:32:18.256559
20200723,OK,https://nsearchives.nseindia.com/content/historical/DERIVATIVES/2020/JUL/fo23JUL2020bhav.csv.zip,ece72190fad1d9d699c58aae8c0b386c6026f1ed4655d4b87a61410d0bc44996,460379.0,422.0,4085.0,143.0,2.0,2026-09-19T09:32:20.121054
20200724,OK,https://nsearchives.nseindia.com/content/historical/DERIVATIVES/2020/JUL/fo24JUL2020bhav.csv.zip,3fc78846490dfc5461c7d215d13dd6760171c567213cb1dbb59bf4147b28fef1,465315.0,422.0,3941.0,143.0,2.0,2026-09-19T09:32:22.013556
20200727,OK,https://nsearchives.nseindia.com/content/historical/DERIVATIVES/2020/JUL/fo27JUL2020bhav.csv.zip,060add36728c16287115c434f1618ab11d1c1006be340f34c7997d78b1665b7e,476150.0,422.0,3949.0,143.0,2.0,2026-09-19T09:32:23.847643
20200728,OK,https://nsearchives.nseindia.com/content/historical/DERIVATIVES/2020/JUL/fo28JUL2020bhav.csv.zip,47590f96a92b8c3156e41e4c09b29124fca7ef37b536b70e29fb4c5082e3a437,479963.0,422.0,3969.0,143.0,2.0,2026-09-19T09:32:25.601360
20200729,OK,https://nsearchives.nseindia.com/content/historical/DERIVATIVES/2020/JUL/fo29JUL2020bhav.csv.zip,8d233db39e01fe8068857926fa0aa93c8924086f0a508b7b750549d11078127d,487682.0,422.0,4027.0,143.0,2.0,2026-09-19T09:32:28.080698
20200730,OK,https://nsearchives.nseindia.com/content/historical/DERIVATIVES/2020/JUL/fo30JUL2020bhav.csv.zip,b970336341369ac850d3eab3b92f38a2d89b8c62c745e47ef86d34ba0a886e8f,480258.0,422.0,4027.0,143.0,2.0,2026-09-19T09:32:31.342134
20200731,OK,https://nsearchives.nseindia.com/content/historical/DERIVATIVES/2020/JUL/fo31JUL2020bhav.csv.zip,c9ffee98f930baf9568b6a1d5db790c8a5b0762fd806b733e98ffb0ac5f5444f,407273.0,417.0,3817.0,141.0,2.0,2026-09-19T09:32:33.694219
20200803,OK,https://nsearchives.nseindia.com/content/historical/DERIVATIVES/2020/AUG/fo03AUG2020bhav.csv.zip,a13533e726049caff003ca1ce1ca58a982efc058c8f3e59dae8a82774ca87c8a,411672.0,417.0,3821.0,141.0,2.0,2026-09-19T09:32:35.736669
20200804,OK,https://nsearchives.nseindia.com/content/historical/DERIVATIVES/2020/AUG/fo04AUG2020bhav.csv.zip,d6c0ed7f35faa4fe0ac26bdb04448fac9818ce5dc2de01b5cb3ead7c4311a86d,413667.0,417.0,3875.0,141.0,2.0,2026-09-19T09:32:37.999256
20200805,OK,https://nsearchives.nseindia.com/content/historical/DERIVATIVES/2020/AUG/fo05AUG2020bhav.csv.zip,c371516beab2e5cd53763f0bfc6a04b4eaaac08b2f413913fe968044a294548c,417820.0,417.0,3875.0,141.0,2.0,2026-09-19T09:32:40.172693
20200806,OK,https://nsearchives.nseindia.com/content/historical/DERIVATIVES/2020/AUG/fo06AUG2020bhav.csv.zip,68fb99917bc71e986dc15a9bce2db0594d0837d0c8a223ffce72ed3e6807d8e0,419010.0,417.0,3875.0,141.0,2.0,2026-09-19T09:32:42.248495
20200807,OK,https://nsearchives.nseindia.com/content/historical/DERIVATIVES/2020/AUG/fo07AUG2020bhav.csv.zip,05439b4dd4fbf2b8d6d8f6e09261170bc283015247fb6f0355c4b2b13f0752d6,418423.0,417.0,3755.0,141.0,2.0,2026-09-19T09:32:43.897421
20200810,OK,https://nsearchives.nseindia.com/content/historical/DERIVATIVES/2020/AUG/fo10AUG2020bhav.csv.zip,dee9bccb75e7698f7821e82dbdd313f0edf863bc850b77db1e0fa5177d784a29,421476.0,417.0,3763.0,141.0,2.0,2026-09-19T09:32:45.658824
20200811,OK,https://nsearchives.nseindia.com/content/historical/DERIVATIVES/2020/AUG/fo11AUG2020bhav.csv.zip,c5ba265ce28507f440bb4474d2151e7913a1cdee7842456dd69e6adafa97f12b,424320.0,417.0,3771.0,141.0,2.0,2026-09-19T09:32:47.413366
20200812,OK,https://nsearchives.nseindia.com/content/historical/DERIVATIVES/2020/AUG/fo12AUG2020bhav.csv.zip,eb01b58170392103a86990bdc3cb4875dc1717e54194530c11abf7c776a8c308,424105.0,417.0,3787.0,141.0,2.0,2026-09-19T09:32:48.900277
20200813,OK,https://nsearchives.nseindia.com/content/historical/DERIVATIVES/2020/AUG/fo13AUG2020bhav.csv.zip,605cd628c14a62cd9a702528a4b428635b9b0227c942367667d5043da8f85b25,427987.0,417.0,3791.0,141.0,2.0,2026-09-19T09:32:50.468130
20200814,OK,https://nsearchives.nseindia.com/content/historical/DERIVATIVES/2020/AUG/fo14AUG2020bhav.csv.zip,5d010338c2dc5d7cce020e0f50de89b465f92630e4c8cde9e48699afd31ab4fb,431310.0,417.0,3667.0,141.0,2.0,2026-09-19T09:32:52.497647
20200817,OK,https://nsearchives.nseindia.com/content/historical/DERIVATIVES/2020/AUG/fo17AUG2020bhav.csv.zip,f6be8c9a6a3291c32f4b4df4a0f51731b6622489738b7e22635a56442677c114,428198.0,417.0,3681.0,141.0,2.0,2026-09-19T09:32:54.492127
20200818,OK,https://nsearchives.nseindia.com/content/historical/DERIVATIVES/2020/AUG/fo18AUG2020bhav.csv.zip,62fd5072e8659582094c885b7a49909103c4e2ab756647e18a0e1a3fbbe551a9,432824.0,417.0,3681.0,141.0,2.0,2026-09-19T09:32:56.032940
20200819,OK,https://nsearchives.nseindia.com/content/historical/DERIVATIVES/2020/AUG/fo19AUG2020bhav.csv.zip,66a5ecc2578b1b52909cbeb8bdd9dce9bd0458f9dd9b65bb998d3a748ecd7888,438396.0,417.0,3719.0,141.0,2.0,2026-09-19T09:32:57.545966
20200820,OK,https://nsearchives.nseindia.com/content/historical/DERIVATIVES/2020/AUG/fo20AUG2020bhav.csv.zip,26d06f702a62844c6cfba533b97c876d1cfdb21996b7d2e639c1cba4e730448c,441879.0,417.0,3721.0,141.0,2.0,2026-09-19T09:32:59.913676
20200821,OK,https://nsearchives.nseindia.com/content/historical/DERIVATIVES/2020/AUG/fo21AUG2020bhav.csv.zip,2fbd6affd3292cd8849a6717c4e933fb7d5dfeddede156c1771aeb1401f51925,445411.0,417.0,3627.0,141.0,2.0,2026-09-19T09:33:02.074583
20200824,OK,https://nsearchives.nseindia.com/content/historical/DERIVATIVES/2020/AUG/fo24AUG2020bhav.csv.zip,50bcdbdd8a0a483fdb795b1c2df285b736fa88af01f946f0eb5798dfc6f50ee6,450961.0,417.0,3635.0,141.0,2.0,2026-09-19T09:33:05.057771
20200825,OK,https://nsearchives.nseindia.com/content/historical/DERIVATIVES/2020/AUG/fo25AUG2020bhav.csv.zip,bddbfe66349d51739501c72619ce6951ed108acf74ffeeabe4b335e0f9386faa,456349.0,417.0,3697.0,141.0,2.0,2026-09-19T09:33:07.479273
20200826,OK,https://nsearchives.nseindia.com/content/historical/DERIVATIVES/2020/AUG/fo26AUG2020bhav.csv.zip,1ddbca01f034801a6060da3b5ea3c18ddf85ea07a611908b12f19f21976c38d7,460276.0,417.0,3721.0,141.0,2.0,2026-09-19T09:33:09.672797
20200827,OK,https://nsearchives.nseindia.com/content/historical/DERIVATIVES/2020/AUG/fo27AUG2020bhav.csv.zip,7318080ce658791903f42103e42860ccf8610a2edaf4c79f984f2bdb0d680021,455089.0,417.0,3819.0,141.0,2.0,2026-09-19T09:33:11.862997
20200828,OK,https://nsearchives.nseindia.com/content/historical/DERIVATIVES/2020/AUG/fo28AUG2020bhav.csv.zip,274016f94916cff7f561c62095ad6388a37444187a3a05a09b08ba73fe590308,393701.0,414.0,3689.0,138.0,2.0,2026-09-19T09:33:14.330159
20200831,OK,https://nsearchives.nseindia.com/content/historical/DERIVATIVES/2020/AUG/fo31AUG2020bhav.csv.zip,aaead2b5b81c839a60a858e11609ac52d6d851f108f19eef4867f1852cbcf50e,408284.0,414.0,3907.0,138.0,2.0,2026-09-19T09:33:16.576806
20200901,OK,https://nsearchives.nseindia.com/content/historical/DERIVATIVES/2020/SEP/fo01SEP2020bhav.csv.zip,41639f5276136640887b9efd3dcdf7ee192793dfa37533d8e7ee9d440b6f2605,406306.0,414.0,3913.0,138.0,2.0,2026-09-19T09:33:18.496228
20200902,OK,https://nsearchives.nseindia.com/content/historical/DERIVATIVES/2020/SEP/fo02SEP2020bhav.csv.zip,306785cba411905857c9d7c828236068494d8b7f0b0d62dc8128a018a4cc6afe,405048.0,414.0,3913.0,138.0,2.0,2026-09-19T09:33:20.122616
20200903,OK,https://nsearchives.nseindia.com/content/historical/DERIVATIVES/2020/SEP/fo03SEP2020bhav.csv.zip,1993c0945e8fabbfadfd78c860f936709713bb8e54482adb95f1fe83528da143,405291.0,414.0,3913.0,138.0,2.0,2026-09-19T09:33:22.473422
20200904,OK,https://nsearchives.nseindia.com/content/historical/DERIVATIVES/2020/SEP/fo04SEP2020bhav.csv.zip,0e8935df8d5246a3fb6dd14956d505a828ec980515e11dda36c18e065d8b598a,407807.0,414.0,3803.0,138.0,2.0,2026-09-19T09:33:24.344425
20200907,OK,https://nsearchives.nseindia.com/content/historical/DERIVATIVES/2020/SEP/fo07SEP2020bhav.csv.zip,6a5be2fe53eea20ec241ade2a5637d152af5e7f350df242a812c58f8a70745e6,407222.0,414.0,3833.0,138.0,2.0,2026-09-19T09:33:26.159379
20200908,OK,https://nsearchives.nseindia.com/content/historical/DERIVATIVES/2020/SEP/fo08SEP2020bhav.csv.zip,02605f80a6090e285812ea272ecfd61e399ac2c23f537ab942aa0387dce2ad7e,406705.0,414.0,3837.0,138.0,2.0,2026-09-19T09:33:28.004911
20200909,OK,https://nsearchives.nseindia.com/content/historical/DERIVATIVES/2020/SEP/fo09SEP2020bhav.csv.zip,f5c777a21967fefb8ff4cc133618e3a6434325bef77772d9e82e9cf511251bfd,410817.0,414.0,3849.0,138.0,2.0,2026-09-19T09:33:29.834726
20200910,OK,https://nsearchives.nseindia.com/content/historical/DERIVATIVES/2020/SEP/fo10SEP2020bhav.csv.zip,05ad25dc0c407450fee0dad42be638d489ab9384ff1dcf9ea286754491476c96,408566.0,414.0,3865.0,138.0,2.0,2026-09-19T09:33:31.550727
20200911,OK,https://nsearchives.nseindia.com/content/historical/DERIVATIVES/2020/SEP/fo11SEP2020bhav.csv.zip,cdb1972384054ae45a7785d967ca16596b0dad177239d4ca697ab4959c3636a7,407274.0,414.0,3755.0,138.0,2.0,2026-09-19T09:33:33.111474
20200914,OK,https://nsearchives.nseindia.com/content/historical/DERIVATIVES/2020/SEP/fo14SEP2020bhav.csv.zip,acf4cfe176a1f429e7dc221e2be17707d2313f5f2394a2fe8ef78bac659e081d,413869.0,414.0,3755.0,138.0,2.0,2026-09-19T09:33:35.092000
20200915,OK,https://nsearchives.nseindia.com/content/historical/DERIVATIVES/2020/SEP/fo15SEP2020bhav.csv.zip,e6361227e70ff9b7939e7bfa74d790639388064e119de1a5d52a071532cad987,414958.0,414.0,3771.0,138.0,2.0,2026-09-19T09:33:37.611731
20200916,OK,https://nsearchives.nseindia.com/content/historical/DERIVATIVES/2020/SEP/fo16SEP2020bhav.csv.zip,4be6301f20f92a09346f0a6fadb46745abbf6a80d258cce8e425444bc1c98617,417818.0,414.0,3773.0,138.0,2.0,2026-09-19T09:33:39.572048
20200917,OK,https://nsearchives.nseindia.com/content/historical/DERIVATIVES/2020/SEP/fo17SEP2020bhav.csv.zip,db2922b94d66ed4abd2441d4c3f6b7db95626ddf11ba866aa6778355dbc934d9,419352.0,414.0,3781.0,138.0,2.0,2026-09-19T09:33:42.014966
20200918,OK,https://nsearchives.nseindia.com/content/historical/DERIVATIVES/2020/SEP/fo18SEP2020bhav.csv.zip,c8941c35c69149528431b28d946e1f06d0c67724355b13609aeef930a84aacb1,426366.0,414.0,3677.0,138.0,2.0,2026-09-19T09:33:44.085037
20200921,OK,https://nsearchives.nseindia.com/content/historical/DERIVATIVES/2020/SEP/fo21SEP2020bhav.csv.zip,db34b2fc2e83a69a28198651db33db0910fe788cb22e0bf5d3ed3055e4d628f4,437178.0,414.0,3689.0,138.0,2.0,2026-09-19T09:33:45.924999
20200922,OK,https://nsearchives.nseindia.com/content/historical/DERIVATIVES/2020/SEP/fo22SEP2020bhav.csv.zip,002eaf2adbf7b922241c38f27c4a3c6e10f8752c99da4615647accd04fb76463,445317.0,414.0,3783.0,138.0,2.0,2026-09-19T09:33:47.883023
20200923,OK,https://nsearchives.nseindia.com/content/historical/DERIVATIVES/2020/SEP/fo23SEP2020bhav.csv.zip,1973df0c351c8023ac0750387d6c2573b6038eaaf6749cf563100ec31a0cf474,446391.0,414.0,3849.0,138.0,2.0,2026-09-19T09:33:49.647805
20200924,OK,https://nsearchives.nseindia.com/content/historical/DERIVATIVES/2020/SEP/fo24SEP2020bhav.csv.zip,2ed304fdd51cdb556d806f0d2c76c93f855e8850a022209bd90b1edf9fe819f5,442170.0,414.0,3849.0,138.0,2.0,2026-09-19T09:33:51.729280
20200925,OK,https://nsearchives.nseindia.com/content/historical/DERIVATIVES/2020/SEP/fo25SEP2020bhav.csv.zip,9717cde64ad168b0e33e368621273bc02b86794c541017a85508b89d380b920f,390075.0,414.0,3804.0,138.0,2.0,2026-09-19T09:33:53.421226
20200928,OK,https://nsearchives.nseindia.com/content/historical/DERIVATIVES/2020/SEP/fo28SEP2020bhav.csv.zip,d5d1b563df43ce12f493137673b8ff6da0d561542997bb52d24044820a8ee0d0,393974.0,414.0,3821.0,138.0,2.0,2026-09-19T09:33:55.472776
20200929,OK,https://nsearchives.nseindia.com/content/historical/DERIVATIVES/2020/SEP/fo29SEP2020bhav.csv.zip,ffec7fc49686c934f3747881b32c4e37573f044e5d820eed09fd6befe8068247,397493.0,414.0,3842.0,138.0,2.0,2026-09-19T09:33:57.299933
20200930,OK,https://nsearchives.nseindia.com/content/historical/DERIVATIVES/2020/SEP/fo30SEP2020bhav.csv.zip,1b7792aefe41adb3a74dd120f68a6143e802ef40419903e03f7116daff5ec61d,398891.0,414.0,3842.0,138.0,2.0,2026-09-19T09:33:59.389629
20201001,OK,https://nsearchives.nseindia.com/content/historical/DERIVATIVES/2020/OCT/fo01OCT2020bhav.csv.zip,d239ddd54e0ca4cf7016c511a439b112ff767debdabf2d6e48656c12a74e5169,401604.0,414.0,3842.0,138.0,2.0,2026-09-19T09:34:01.315127
20201005,OK,https://nsearchives.nseindia.com/content/historical/DERIVATIVES/2020/OCT/fo05OCT2020bhav.csv.zip,97755bb79c797aa934a37691a8835ac899bb6342072c3beef81458a6a9eaefb6,403042.0,414.0,3746.0,138.0,2.0,2026-09-19T09:34:02.993411
20201006,OK,https://nsearchives.nseindia.com/content/historical/DERIVATIVES/2020/OCT/fo06OCT2020bhav.csv.zip,23cf7c4f0391e7131f9fabb94b723538a60578447dc579a45eea8eb61fc61c1d,405680.0,414.0,3762.0,138.0,2.0,2026-09-19T09:34:04.655458
20201007,OK,https://nsearchives.nseindia.com/content/historical/DERIVATIVES/2020/OCT/fo07OCT2020bhav.csv.zip,b1db7f64b8f2bce5735126ccfab48343c037c393b00a178fb9eec085f3a29cc6,409073.0,414.0,3820.0,138.0,2.0,2026-09-19T09:34:06.484638
20201008,OK,https://nsearchives.nseindia.com/content/historical/DERIVATIVES/2020/OCT/fo08OCT2020bhav.csv.zip,eaac4ee4f1ce47640eae3c4d960a587146c800de740d941080567b8bd4ff3721,414474.0,414.0,3868.0,138.0,2.0,2026-09-19T09:34:08.458615
20201009,OK,https://nsearchives.nseindia.com/content/historical/DERIVATIVES/2020/OCT/fo09OCT2020bhav.csv.zip,eb919c16e52507a997f681c41a724c2bc3dfce29cf7fa7a009fc12392d275e7a,414862.0,414.0,3823.0,138.0,2.0,2026-09-19T09:34:10.611511
20201012,OK,https://nsearchives.nseindia.com/content/historical/DERIVATIVES/2020/OCT/fo12OCT2020bhav.csv.zip,93a13b27f65524a1eb0c807b3e41feb026686f8fa49ad32905138aede14a2dd5,415625.0,414.0,3909.0,138.0,2.0,2026-09-19T09:34:12.406467
20201013,OK,https://nsearchives.nseindia.com/content/historical/DERIVATIVES/2020/OCT/fo13OCT2020bhav.csv.zip,b3e53757552f38379bca01069aefcfbea2773a47f438b5d7b14483e64d124950,417841.0,414.0,3929.0,138.0,2.0,2026-09-19T09:34:14.356470
20201014,OK,https://nsearchives.nseindia.com/content/historical/DERIVATIVES/2020/OCT/fo14OCT2020bhav.csv.zip,e5c43c60e7e141d8828036fa4b0a8ef644cb75b6d4c7e981932128175bc9851f,420260.0,414.0,3929.0,138.0,2.0,2026-09-19T09:34:16.484095
20201015,OK,https://nsearchives.nseindia.com/content/historical/DERIVATIVES/2020/OCT/fo15OCT2020bhav.csv.zip,cc44daea6972874f789a59ae05bddfeeba1b22e5d056f1411297f85d22301cd9,424087.0,414.0,3941.0,138.0,2.0,2026-09-19T09:34:18.141277
20201016,OK,https://nsearchives.nseindia.com/content/historical/DERIVATIVES/2020/OCT/fo16OCT2020bhav.csv.zip,5d2593b146e4f1d2d77f4fd4cff3f8d9b8962a1e0378afe9a0e7e41671dac5fb,419335.0,414.0,3823.0,138.0,2.0,2026-09-19T09:34:19.867218
20201019,OK,https://nsearchives.nseindia.com/content/historical/DERIVATIVES/2020/OCT/fo19OCT2020bhav.csv.zip,1acf5f92afd15974447a626aa43650e68bc6d30a7c6a1dddb6a4f60db4593741,422713.0,414.0,3833.0,138.0,2.0,2026-09-19T09:34:21.837915
20201020,OK,https://nsearchives.nseindia.com/content/historical/DERIVATIVES/2020/OCT/fo20OCT2020bhav.csv.zip,b977cd0d7aced8aec832b1394b57455fd966b2d7112f2c0bacacf599f609aed4,423121.0,414.0,3901.0,138.0,2.0,2026-09-19T09:34:23.335345
20201021,OK,https://nsearchives.nseindia.com/content/historical/DERIVATIVES/2020/OCT/fo21OCT2020bhav.csv.zip,8db7bdd78474d3753a98711a0ae9d3c1e3b9a97b5570ed618ee3ef154cb3f861,430692.0,414.0,3903.0,138.0,2.0,2026-09-19T09:34:25.006652
20201022,OK,https://nsearchives.nseindia.com/content/historical/DERIVATIVES/2020/OCT/fo22OCT2020bhav.csv.zip,c0656aff26b70992eeae9e856e756b079f006ef49870105b6cdaacf3846d82b0,431897.0,414.0,3953.0,138.0,2.0,2026-09-19T09:34:27.340831
20201023,OK,https://nsearchives.nseindia.com/content/historical/DERIVATIVES/2020/OCT/fo23OCT2020bhav.csv.zip,410e95cb9eab5d02196bdd9a0ccb3768928482dd5829a8769c05a25e84cf9a59,432570.0,414.0,3825.0,138.0,2.0,2026-09-19T09:34:29.540086
20201026,OK,https://nsearchives.nseindia.com/content/historical/DERIVATIVES/2020/OCT/fo26OCT2020bhav.csv.zip,69923692112db2356975816549f1be4a0405042ba12bf9b33d42aecc5619f7f3,437838.0,414.0,3827.0,138.0,2.0,2026-09-19T09:34:31.416225
20201027,OK,https://nsearchives.nseindia.com/content/historical/DERIVATIVES/2020/OCT/fo27OCT2020bhav.csv.zip,3c9870323df08c84f4ffd542875cf39a35b22add03581fa17130bfae08976c77,441602.0,414.0,3841.0,138.0,2.0,2026-09-19T09:34:34.103849
20201028,OK,https://nsearchives.nseindia.com/content/historical/DERIVATIVES/2020/OCT/fo28OCT2020bhav.csv.zip,081f6f1fb9d3a88e1cabf7aacd424497c7af5a2de6a6d0e2e6ae89d947c0b989,447200.0,414.0,3883.0,138.0,2.0,2026-09-19T09:34:35.872265
20201029,OK,https://nsearchives.nseindia.com/content/historical/DERIVATIVES/2020/OCT/fo29OCT2020bhav.csv.zip,3a4fc838991836e0e932a38a5404f3d7b2e5a994eda749aea6675f1b4ae5b2a4,440488.0,414.0,3883.0,138.0,2.0,2026-09-19T09:34:38.069987
20201030,OK,https://nsearchives.nseindia.com/content/historical/DERIVATIVES/2020/OCT/fo30OCT2020bhav.csv.zip,4ccdf71015021ff4bbd297f8e95e3e3f65075af77f733e08066ec48d727966be,392728.0,417.0,3825.0,139.0,2.0,2026-09-19T09:34:39.892495
20201102,OK,https://nsearchives.nseindia.com/content/historical/DERIVATIVES/2020/NOV/fo02NOV2020bhav.csv.zip,9835f7ad159145cab00af29807e972396cf5ca0fa055c464e6dc1fcad23d719c,394224.0,417.0,3833.0,139.0,2.0,2026-09-19T09:34:42.043672
20201103,OK,https://nsearchives.nseindia.com/content/historical/DERIVATIVES/2020/NOV/fo03NOV2020bhav.csv.zip,496bb0e1c309ace54d3856442ea0ebb3cc5af39781d89f28edd737807e821f73,399533.0,417.0,3873.0,139.0,2.0,2026-09-19T09:34:44.582229
20201104,OK,https://nsearchives.nseindia.com/content/historical/DERIVATIVES/2020/NOV/fo04NOV2020bhav.csv.zip,5cab9afc0060cd06628c0239d6052b1c81a64206b99c731377faf500fa42bf38,403158.0,417.0,4081.0,139.0,2.0,2026-09-19T09:34:48.345479
20201105,OK,https://nsearchives.nseindia.com/content/historical/DERIVATIVES/2020/NOV/fo05NOV2020bhav.csv.zip,fa7da61d5be50749aa6062017b460c1f38e79fbefe10f3e40d715bebf2204482,409987.0,417.0,4105.0,139.0,2.0,2026-09-19T09:34:50.976691
20201106,OK,https://nsearchives.nseindia.com/content/historical/DERIVATIVES/2020/NOV/fo06NOV2020bhav.csv.zip,babf8dc3cfe31855eaee78f586837f5b3134783f431ad3a49b52bb964e0a8cbc,413364.0,417.0,4103.0,139.0,2.0,2026-09-19T09:34:54.143173
20201109,OK,https://nsearchives.nseindia.com/content/historical/DERIVATIVES/2020/NOV/fo09NOV2020bhav.csv.zip,dfe937782df4b133b1745b5e925e50600d0588bcb148244d6d3cb074203b4a73,418853.0,417.0,4285.0,139.0,2.0,2026-09-19T09:34:56.218769
20201110,OK,https://nsearchives.nseindia.com/content/historical/DERIVATIVES/2020/NOV/fo10NOV2020bhav.csv.zip,457b92994d4cc1067c505aacf8695ba05da0941f401f01855e8635c4d3d92516,430616.0,417.0,4505.0,139.0,2.0,2026-09-19T09:34:58.541749
20201111,OK,https://nsearchives.nseindia.com/content/historical/DERIVATIVES/2020/NOV/fo11NOV2020bhav.csv.zip,1d8755edc8702b1914008f6c8e0be34ca784863fdb94dba84249ff3fcf39077d,439509.0,417.0,4809.0,139.0,2.0,2026-09-19T09:35:00.600881
20201112,OK,https://nsearchives.nseindia.com/content/historical/DERIVATIVES/2020/NOV/fo12NOV2020bhav.csv.zip,bbdc65442b2bf7c77899eb9c890a3fde7fb60704f11c5e0b28072b6bc453f774,439376.0,417.0,4889.0,139.0,2.0,2026-09-19T09:35:02.179942
20201113,OK,https://nsearchives.nseindia.com/content/historical/DERIVATIVES/2020/NOV/fo13NOV2020bhav.csv.zip,9f338ef1d47354ee498ab804d01a2d9f2b5bdc8f3ac5e7b557f5ffa41a55e9e1,433215.0,417.0,4645.0,139.0,2.0,2026-09-19T09:35:03.699785
20201117,OK,https://nsearchives.nseindia.com/content/historical/DERIVATIVES/2020/NOV/fo17NOV2020bhav.csv.zip,363bfe7c32f2d57c7e26a9b73cd82f98b9409da7224b19b433c53ef1b02733e1,441555.0,417.0,4695.0,139.0,2.0,2026-09-19T09:35:05.037435
20201118,OK,https://nsearchives.nseindia.com/content/historical/DERIVATIVES/2020/NOV/fo18NOV2020bhav.csv.zip,d10580a3893f72fef31fed1785672841eaed977ef6d383a2ff50f62fb1d5c735,449157.0,417.0,4799.0,139.0,2.0,2026-09-19T09:35:06.260461
20201119,OK,https://nsearchives.nseindia.com/content/historical/DERIVATIVES/2020/NOV/fo19NOV2020bhav.csv.zip,6d961fdd0a53b98fc296c1d1953523117125556dbfea3fd2c609169166899589,461991.0,417.0,4945.0,139.0,2.0,2026-09-19T09:35:07.688520
20201120,OK,https://nsearchives.nseindia.com/content/historical/DERIVATIVES/2020/NOV/fo20NOV2020bhav.csv.zip,b74bc61ea21c03b194e6158bb094ea5d0cb47337546f7a5e5d710ba377b68fb1,459324.0,417.0,4675.0,139.0,2.0,2026-09-19T09:35:09.034422
20201123,OK,https://nsearchives.nseindia.com/content/historical/DERIVATIVES/2020/NOV/fo23NOV2020bhav.csv.zip,1d2c912402f1736841123e07d857dec52139f0e6da086cad8e11aa2a2ccf1e92,465779.0,417.0,4685.0,139.0,2.0,2026-09-19T09:35:10.634378
20201124,OK,https://nsearchives.nseindia.com/content/historical/DERIVATIVES/2020/NOV/fo24NOV2020bhav.csv.zip,caaf768a5aa6d8f8d3e2db37570a3ddedab3cab6c742d7ec3383d18e4dc8bc10,470943.0,417.0,4689.0,139.0,2.0,2026-09-19T09:35:12.492956
20201125,OK,https://nsearchives.nseindia.com/content/historical/DERIVATIVES/2020/NOV/fo25NOV2020bhav.csv.zip,0a239ec3a7f093dd42dd1dcc6db9043dbae9e4524c6fb1bc2893d0bb50273d1c,476505.0,417.0,4737.0,139.0,2.0,2026-09-19T09:35:13.988466
20201126,OK,https://nsearchives.nseindia.com/content/historical/DERIVATIVES/2020/NOV/fo26NOV2020bhav.csv.zip,0aead3928b88e0dc6c04712325486bff82ab8da4504b14c68ddd4ecce516cc50,468177.0,417.0,4737.0,139.0,2.0,2026-09-19T09:35:15.820777
20201127,OK,https://nsearchives.nseindia.com/content/historical/DERIVATIVES/2020/NOV/fo27NOV2020bhav.csv.zip,f84564c30a06e2d3f7bdca5953e33a61cf36a06bad42725a96692d41443dfbfe,415116.0,417.0,4463.0,139.0,2.0,2026-09-19T09:35:17.681213
20201201,OK,https://nsearchives.nseindia.com/content/historical/DERIVATIVES/2020/DEC/fo01DEC2020bhav.csv.zip,742debdd41e3a848dc701fd54a4641af5e8ed2f0948611509cfbdeccef75c1e7,419646.0,417.0,4467.0,139.0,2.0,2026-09-19T09:35:19.008084
20201202,OK,https://nsearchives.nseindia.com/content/historical/DERIVATIVES/2020/DEC/fo02DEC2020bhav.csv.zip,42a4866ce11900b42df5cc17cc810c3d86c86960be6566aa20c1b78a70ecad11,427556.0,417.0,4511.0,139.0,2.0,2026-09-19T09:35:20.383127
20201203,OK,https://nsearchives.nseindia.com/content/historical/DERIVATIVES/2020/DEC/fo03DEC2020bhav.csv.zip,6924b90f7a4f6fbbdf0e6e3800c24efdbe2c948dda1f35ecc6cdca52f6abbfeb,431097.0,417.0,4511.0,139.0,2.0,2026-09-19T09:35:21.587508
20201204,OK,https://nsearchives.nseindia.com/content/historical/DERIVATIVES/2020/DEC/fo04DEC2020bhav.csv.zip,99dba36a7c9618c04492280802e601d2ff79efe10b69223c7d9e63dac046cf36,435063.0,417.0,4311.0,139.0,2.0,2026-09-19T09:35:22.936160
20201207,OK,https://nsearchives.nseindia.com/content/historical/DERIVATIVES/2020/DEC/fo07DEC2020bhav.csv.zip,01dc7466a1dba4c397225f1fc18c84523629ca473534254cb03e1188825cce89,442635.0,417.0,4440.0,139.0,2.0,2026-09-19T09:35:24.540103
20201208,OK,https://nsearchives.nseindia.com/content/historical/DERIVATIVES/2020/DEC/fo08DEC2020bhav.csv.zip,bae962e6bc5cbec073c28c9c44901ce98d89617833de20981781d754f2002b48,447369.0,417.0,4500.0,139.0,2.0,2026-09-19T09:35:26.616656
20201209,OK,https://nsearchives.nseindia.com/content/historical/DERIVATIVES/2020/DEC/fo09DEC2020bhav.csv.zip,8e157f39fd6b09f2c1de603b9a6e7626c6598b8f547b7d6746dc795f3d67b9ff,449455.0,417.0,4540.0,139.0,2.0,2026-09-19T09:35:28.085217
20201210,OK,https://nsearchives.nseindia.com/content/historical/DERIVATIVES/2020/DEC/fo10DEC2020bhav.csv.zip,d763e96ab98cb4e16ccbb85b401d0b98318eb13631ab7fa60f965831d129461b,454694.0,417.0,4680.0,139.0,2.0,2026-09-19T09:35:29.479606
20201211,OK,https://nsearchives.nseindia.com/content/historical/DERIVATIVES/2020/DEC/fo11DEC2020bhav.csv.zip,05fac85564c1cf7d0fff114524272a971ebf50566b4b66ab31bb4e4ccb92b27a,452419.0,417.0,4452.0,139.0,2.0,2026-09-19T09:35:31.095415
20201214,OK,https://nsearchives.nseindia.com/content/historical/DERIVATIVES/2020/DEC/fo14DEC2020bhav.csv.zip,e8e794db7649ff7cdd6aff29b8f9b750c9cd6e5f761939f59a1fe54145a9dce1,453490.0,417.0,4454.0,139.0,2.0,2026-09-19T09:35:32.591653
20201215,OK,https://nsearchives.nseindia.com/content/historical/DERIVATIVES/2020/DEC/fo15DEC2020bhav.csv.zip,4d79a4a9edf6347ba329043cc16bb98178cabce3c8db4ec4d69a63c2cb63551c,456915.0,417.0,4458.0,139.0,2.0,2026-09-19T09:35:34.117780
20201216,OK,https://nsearchives.nseindia.com/content/historical/DERIVATIVES/2020/DEC/fo16DEC2020bhav.csv.zip,85813a5d1c4aa617e9764c8a36eeca4067c4e3aab0e0319a9117f11674b9a731,462274.0,417.0,4458.0,139.0,2.0,2026-09-19T09:35:35.387907
20201217,OK,https://nsearchives.nseindia.com/content/historical/DERIVATIVES/2020/DEC/fo17DEC2020bhav.csv.zip,930d75404d9788073cbc5fbad50a4fea92b9130b4013cd6657fe94e2378a3751,466168.0,417.0,4518.0,139.0,2.0,2026-09-19T09:35:36.869265
20201218,OK,https://nsearchives.nseindia.com/content/historical/DERIVATIVES/2020/DEC/fo18DEC2020bhav.csv.zip,756b31e379abe264eb6946ad2fbb4b0d0bd2636a26447117650e856198c85415,464316.0,417.0,4326.0,139.0,2.0,2026-09-19T09:35:38.613356
20201221,OK,https://nsearchives.nseindia.com/content/historical/DERIVATIVES/2020/DEC/fo21DEC2020bhav.csv.zip,f864ba5bc17c392ea964d9fdd4982e750b97f9a78613311e6ff940db8d1e563f,480441.0,417.0,4350.0,139.0,2.0,2026-09-19T09:35:40.432515
20201222,OK,https://nsearchives.nseindia.com/content/historical/DERIVATIVES/2020/DEC/fo22DEC2020bhav.csv.zip,1d7e911df99c7f35e7da18c1f8553940db7c1e6db2de9787684b3db5b9972612,481010.0,417.0,4416.0,139.0,2.0,2026-09-19T09:35:42.062535
20201223,OK,https://nsearchives.nseindia.com/content/historical/DERIVATIVES/2020/DEC/fo23DEC2020bhav.csv.zip,2e8045a2b28b0f4971bb54d173adcee4561b310b60c6106f311a5715ec6d872d,476889.0,417.0,4416.0,139.0,2.0,2026-09-19T09:35:43.460191
20201224,OK,https://nsearchives.nseindia.com/content/historical/DERIVATIVES/2020/DEC/fo24DEC2020bhav.csv.zip,9a7e3a0a790fd1bcf685acf10339a7a80d9926ecb079e1680376425cd5bb87a6,482362.0,417.0,4416.0,139.0,2.0,2026-09-19T09:35:44.831164
20201228,OK,https://nsearchives.nseindia.com/content/historical/DERIVATIVES/2020/DEC/fo28DEC2020bhav.csv.zip,aa1895bb95ef4fe44b6d15ca119a0c1e56c54326af9488ecd1766c8f8fb3a9c3,479153.0,417.0,4194.0,139.0,2.0,2026-09-19T09:35:46.321718
20201229,OK,https://nsearchives.nseindia.com/content/historical/DERIVATIVES/2020/DEC/fo29DEC2020bhav.csv.zip,6c6cf6c17fc0a062eb5a1a9d6c54df459a79ee14ba37df6ace160970f5b68c38,484759.0,417.0,4262.0,139.0,2.0,2026-09-19T09:35:47.927226
20201230,OK,https://nsearchives.nseindia.com/content/historical/DERIVATIVES/2020/DEC/fo30DEC2020bhav.csv.zip,be42b3952fc18336f9948e975a5e572e31e1c92fd87c24cd5882035468c8bd75,488902.0,417.0,4382.0,139.0,2.0,2026-09-19T09:35:49.292746
20201231,OK,https://nsearchives.nseindia.com/content/historical/DERIVATIVES/2020/DEC/fo31DEC2020bhav.csv.zip,d03c6d37343ed0fadeeafb136889cb8bbcebf43c58a90cda59aa61eddbb969ca,481476.0,417.0,4402.0,139.0,2.0,2026-09-19T09:35:50.830608
20210101,OK,https://nsearchives.nseindia.com/content/historical/DERIVATIVES/2021/JAN/fo01JAN2021bhav.csv.zip,8116676d0c10ad6c4cd48a84f557e163bde1398e3262663c297add4f5ce6ee7d,469228.0,426.0,3901.0,142.0,2.0,2026-09-19T09:35:52.550519
20210104,OK,https://nsearchives.nseindia.com/content/historical/DERIVATIVES/2021/JAN/fo04JAN2021bhav.csv.zip,5726cf50703fcffbb898c35b619ef4c25b8b140cc565b8054df75efa579bdba1,483471.0,426.0,3903.0,142.0,2.0,2026-09-19T09:35:54.414199
20210105,OK,https://nsearchives.nseindia.com/content/historical/DERIVATIVES/2021/JAN/fo05JAN2021bhav.csv.zip,47006226d622196c7a40ca6ebce6c2bc4587c9bdad44f24fce859c431b9389dd,494354.0,426.0,3963.0,142.0,2.0,2026-09-19T09:35:56.093553
20210106,OK,https://nsearchives.nseindia.com/content/historical/DERIVATIVES/2021/JAN/fo06JAN2021bhav.csv.zip,bc3458439e7e877e3eb39f6f2523b789e76a59df542b7c3f2e27e2afadec128c,506362.0,426.0,4061.0,142.0,2.0,2026-09-19T09:35:58.475933
20210107,OK,https://nsearchives.nseindia.com/content/historical/DERIVATIVES/2021/JAN/fo07JAN2021bhav.csv.zip,4401bf1b7cf54a71543a60224305bfa9764173ea5d88adb80c5d643e80230273,510617.0,426.0,4081.0,142.0,2.0,2026-09-19T09:36:00.507610
20210108,OK,https://nsearchives.nseindia.com/content/historical/DERIVATIVES/2021/JAN/fo08JAN2021bhav.csv.zip,962d6665a0609faece38edc4648ae2b3091baf5355fb6d23889a3d61fb2c0920,515059.0,426.0,3923.0,142.0,2.0,2026-09-19T09:36:01.974855
20210111,OK,https://nsearchives.nseindia.com/content/historical/DERIVATIVES/2021/JAN/fo11JAN2021bhav.csv.zip,7b38836678458174afd830b8364099f4d0ebba2704cd96139675d55056e108f6,535980.0,436.0,5247.0,143.0,3.0,2026-09-19T09:36:03.923986
20210112,OK,https://nsearchives.nseindia.com/content/historical/DERIVATIVES/2021/JAN/fo12JAN2021bhav.csv.zip,ffc688192094edb5efda55be92d241319799d2cfe7f40cd178ec3dbfc569f2f1,544800.0,436.0,5325.0,143.0,3.0,2026-09-19T09:36:05.728393
20210113,OK,https://nsearchives.nseindia.com/content/historical/DERIVATIVES/2021/JAN/fo13JAN2021bhav.csv.zip,3bd77288c7133fd7590e9f1e4b2881685f86f9931c9f8a0c795654b174320b35,554432.0,436.0,5411.0,143.0,3.0,2026-09-19T09:36:07.978450
20210114,OK,https://nsearchives.nseindia.com/content/historical/DERIVATIVES/2021/JAN/fo14JAN2021bhav.csv.zip,ccbd87e1f7ebc8a46054e208b231eb528a9622023e41080b29b47240e1d68763,553376.0,436.0,5471.0,143.0,3.0,2026-09-19T09:36:10.146688
20210115,OK,https://nsearchives.nseindia.com/content/historical/DERIVATIVES/2021/JAN/fo15JAN2021bhav.csv.zip,24ef38a519f36d901a8bf0dc1187c15cfaf33bb50fa9716d3bb76a70faf1f13a,557210.0,436.0,5373.0,143.0,3.0,2026-09-19T09:36:12.348544
20210118,OK,https://nsearchives.nseindia.com/content/historical/DERIVATIVES/2021/JAN/fo18JAN2021bhav.csv.zip,721f947dc74ade0385cafb8c74ea8ef86e8080dd9243ba823308f63d6cdaa13f,561659.0,436.0,5387.0,143.0,3.0,2026-09-19T09:36:14.022565
20210119,OK,https://nsearchives.nseindia.com/content/historical/DERIVATIVES/2021/JAN/fo19JAN2021bhav.csv.zip,b4b7ee9c8e483dda714f1ab12a6583afc6517aa6dffa48d5f2c1c35079663b3a,562112.0,436.0,5465.0,143.0,3.0,2026-09-19T09:36:15.806008
20210120,OK,https://nsearchives.nseindia.com/content/historical/DERIVATIVES/2021/JAN/fo20JAN2021bhav.csv.zip,cb03c68104f8a79f581fb0da97e106fe38d525760d2d8fc57b9547df79337295,563769.0,436.0,5465.0,143.0,3.0,2026-09-19T09:36:17.216641
20210121,OK,https://nsearchives.nseindia.com/content/historical/DERIVATIVES/2021/JAN/fo21JAN2021bhav.csv.zip,f4393239f02e0021d86d50b131472fc3c6a31a98c0dbe28edd9d1d804ba0da45,577046.0,436.0,5487.0,143.0,3.0,2026-09-19T09:36:18.738433
20210122,OK,https://nsearchives.nseindia.com/content/historical/DERIVATIVES/2021/JAN/fo22JAN2021bhav.csv.zip,1a141ba53833ee7960efa847658717756c6bce62be9072d09dbd6760bcec2e1b,581103.0,436.0,5327.0,143.0,3.0,2026-09-19T09:36:20.800042
20210125,OK,https://nsearchives.nseindia.com/content/historical/DERIVATIVES/2021/JAN/fo25JAN2021bhav.csv.zip,571ec4d0070611ce3c01abbecd3cb5071f801c82cb5d7248a71300e97b8c9640,584540.0,436.0,5413.0,143.0,3.0,2026-09-19T09:36:22.290217
20210127,OK,https://nsearchives.nseindia.com/content/historical/DERIVATIVES/2021/JAN/fo27JAN2021bhav.csv.zip,48049818566baf688f019c9bb76e3b24a68479b9f5276272f33fe840c68e093f,590110.0,436.0,5419.0,143.0,3.0,2026-09-19T09:36:23.707679
20210128,OK,https://nsearchives.nseindia.com/content/historical/DERIVATIVES/2021/JAN/fo28JAN2021bhav.csv.zip,ba84db2133708841c1f9db339912fd7b8722e6797e7e944d8090647414b104d1,581545.0,436.0,5611.0,143.0,3.0,2026-09-19T09:36:25.425947
20210129,OK,https://nsearchives.nseindia.com/content/historical/DERIVATIVES/2021/JAN/fo29JAN2021bhav.csv.zip,7d1755c68e53e6b3d4ce1fccbfad3a3e671a780494648709a6d22fd469eee3b3,528099.0,436.0,5339.0,143.0,3.0,2026-09-19T09:36:27.259587
20210201,OK,https://nsearchives.nseindia.com/content/historical/DERIVATIVES/2021/FEB/fo01FEB2021bhav.csv.zip,0c8222dcb0261e8a27e222cdeaea7313224c8f05ab684e4a4748cf78512a53e7,539074.0,436.0,5388.0,143.0,3.0,2026-09-19T09:36:29.085807
20210202,OK,https://nsearchives.nseindia.com/content/historical/DERIVATIVES/2021/FEB/fo02FEB2021bhav.csv.zip,7614e7c3d9d50f490619b6256ee2737ae8faa5bfafe76447001920a480afddb8,550620.0,436.0,5582.0,143.0,3.0,2026-09-19T09:36:30.500873
20210203,OK,https://nsearchives.nseindia.com/content/historical/DERIVATIVES/2021/FEB/fo03FEB2021bhav.csv.zip,1c9f9370a0ba7a799c1a9487936a4aca2f80e0ec938fe9eff8f08e119fada5f7,561610.0,436.0,5938.0,143.0,3.0,2026-09-19T09:36:32.030106
20210204,OK,https://nsearchives.nseindia.com/content/historical/DERIVATIVES/2021/FEB/fo04FEB2021bhav.csv.zip,e4901abf25071558e1cf5dad83ef294e5f4f5e499c24cc289512017072e2f417,566798.0,436.0,6164.0,143.0,3.0,2026-09-19T09:36:33.733506
20210205,OK,https://nsearchives.nseindia.com/content/historical/DERIVATIVES/2021/FEB/fo05FEB2021bhav.csv.zip,4dfee28cd8b586b72c019dd2f64b6efbe709273779b2b494d72dd31d9c899908,569045.0,436.0,6116.0,143.0,3.0,2026-09-19T09:36:35.348703
20210208,OK,https://nsearchives.nseindia.com/content/historical/DERIVATIVES/2021/FEB/fo08FEB2021bhav.csv.zip,b45a7523b02f3e390e9c6efd6e4de2bd6078e479cd1d41d8ad80120f4e906523,570197.0,436.0,6222.0,143.0,3.0,2026-09-19T09:36:36.912140
20210209,OK,https://nsearchives.nseindia.com/content/historical/DERIVATIVES/2021/FEB/fo09FEB2021bhav.csv.zip,6fc718578df10535a3f484a48f1630c175cc541ab0667278447de21153543c43,581940.0,436.0,6398.0,143.0,3.0,2026-09-19T09:36:38.654388
20210210,OK,https://nsearchives.nseindia.com/content/historical/DERIVATIVES/2021/FEB/fo10FEB2021bhav.csv.zip,3674b9663bb6d964a16e82f49649cf8658bfb2deb8bf0bd47bce8971dd475959,584274.0,436.0,6418.0,143.0,3.0,2026-09-19T09:36:40.866599
20210211,OK,https://nsearchives.nseindia.com/content/historical/DERIVATIVES/2021/FEB/fo11FEB2021bhav.csv.zip,173eeb229b2aa1588a08ee4c5156831d4de10534192392b850bdf0b356d53674,584571.0,436.0,6418.0,143.0,3.0,2026-09-19T09:36:43.500665
20210212,OK,https://nsearchives.nseindia.com/content/historical/DERIVATIVES/2021/FEB/fo12FEB2021bhav.csv.zip,6b6fb78ea0e1a59f3e8d5fd7ae54cde2bc6f150c64f43f241ef6ce46f74080aa,583953.0,436.0,6188.0,143.0,3.0,2026-09-19T09:36:45.283966
20210215,OK,https://nsearchives.nseindia.com/content/historical/DERIVATIVES/2021/FEB/fo15FEB2021bhav.csv.zip,91b0abd78d6d2af3e949974e3148ca2d7c9e6dce89d40528e2f18fa66cac36ba,588606.0,436.0,6214.0,143.0,3.0,2026-09-19T09:36:46.633314
20210216,OK,https://nsearchives.nseindia.com/content/historical/DERIVATIVES/2021/FEB/fo16FEB2021bhav.csv.zip,95e5993709cfe273e561081cb2367d20d9f5e28b8068873ffdfcec9f78de6323,602625.0,436.0,6642.0,143.0,3.0,2026-09-19T09:36:48.454814
20210217,OK,https://nsearchives.nseindia.com/content/historical/DERIVATIVES/2021/FEB/fo17FEB2021bhav.csv.zip,7cdc2ada10745099590df33df6ece9d1d0f9f9225cb6bd8ba594fb0f2cb77de5,603029.0,436.0,6642.0,143.0,3.0,2026-09-19T09:36:50.110220
20210218,OK,https://nsearchives.nseindia.com/content/historical/DERIVATIVES/2021/FEB/fo18FEB2021bhav.csv.zip,c0581e99de90b73819878c19fc0befd5b8cbf585437f72d8c6af769bb513ce26,611319.0,436.0,6642.0,143.0,3.0,2026-09-19T09:36:51.751380
20210219,OK,https://nsearchives.nseindia.com/content/historical/DERIVATIVES/2021/FEB/fo19FEB2021bhav.csv.zip,06931dac88d080c76c40860b2ee28c66a103e6307e8ddb77ed9eb8bf8397d27b,617176.0,436.0,6352.0,143.0,3.0,2026-09-19T09:36:53.685246
20210222,OK,https://nsearchives.nseindia.com/content/historical/DERIVATIVES/2021/FEB/fo22FEB2021bhav.csv.zip,8556f25ad5c97201eaddce0e4cdb5ca7ab616a751db65b473acfde5e6114aa0d,621163.0,436.0,6386.0,143.0,3.0,2026-09-19T09:36:55.720966
20210223,OK,https://nsearchives.nseindia.com/content/historical/DERIVATIVES/2021/FEB/fo23FEB2021bhav.csv.zip,6f894046a00d11f40813986633265392b4f848f53167c949e9f93155eca39a7a,622966.0,436.0,6448.0,143.0,3.0,2026-09-19T09:36:57.429453
20210224,OK,https://nsearchives.nseindia.com/content/historical/DERIVATIVES/2021/FEB/fo24FEB2021bhav.csv.zip,a706ff13e6e09f0fcaf5d094383c90c01d96a57784070fcf4edc132a92361aac,610832.0,436.0,6466.0,143.0,3.0,2026-09-19T09:36:59.722370
20210225,OK,https://nsearchives.nseindia.com/content/historical/DERIVATIVES/2021/FEB/fo25FEB2021bhav.csv.zip,e3ae2e6b94c9ca70433b527002912cc641430c38cb2af2e9987d767c4c054283,619130.0,436.0,6466.0,143.0,3.0,2026-09-19T09:37:01.474604
20210226,OK,https://nsearchives.nseindia.com/content/historical/DERIVATIVES/2021/FEB/fo26FEB2021bhav.csv.zip,a31504635c69d1c08f9564a2587a03fbce276538c4c20475ec04f9c131cdbc59,583373.0,484.0,6156.0,159.0,3.0,2026-09-19T09:37:03.255817
20210301,OK,https://nsearchives.nseindia.com/content/historical/DERIVATIVES/2021/MAR/fo01MAR2021bhav.csv.zip,019c7cbd106993a4a93c3e68b16b5bd9837c6a8c60f1e53239a2a21ba6926580,592019.0,484.0,6282.0,159.0,3.0,2026-09-19T09:37:05.684450
20210302,OK,https://nsearchives.nseindia.com/content/historical/DERIVATIVES/2021/MAR/fo02MAR2021bhav.csv.zip,1896a632e34cd8519fc34106bae2af4925134f32068432ed9a0875f7781685c0,599018.0,484.0,6282.0,159.0,3.0,2026-09-19T09:37:07.554144
20210303,OK,https://nsearchives.nseindia.com/content/historical/DERIVATIVES/2021/MAR/fo03MAR2021bhav.csv.zip,186391f501c8ecb17a20d52c94c5e6070880cc34e8561737c4a76776a9f23c7e,606483.0,484.0,6282.0,159.0,3.0,2026-09-19T09:37:09.211763
20210304,OK,https://nsearchives.nseindia.com/content/historical/DERIVATIVES/2021/MAR/fo04MAR2021bhav.csv.zip,7b762a03cf76a20c346b9a27613e72cc33708ebfb0b649f261b8e353401792d6,612995.0,484.0,6294.0,159.0,3.0,2026-09-19T09:37:11.129933
20210305,OK,https://nsearchives.nseindia.com/content/historical/DERIVATIVES/2021/MAR/fo05MAR2021bhav.csv.zip,a9456a339ab4a0bd16fe0b9f7d9e59cc182ee6636fbc04b49d78bf5257f72db2,611870.0,484.0,6030.0,159.0,3.0,2026-09-19T09:37:12.786587
20210308,OK,https://nsearchives.nseindia.com/content/historical/DERIVATIVES/2021/MAR/fo08MAR2021bhav.csv.zip,535e0e8c969f25b71a39389e619c4a2855cb6bf37de30c5b5309b7ad0923ec0b,608597.0,484.0,6054.0,159.0,3.0,2026-09-19T09:37:14.724055
20210309,OK,https://nsearchives.nseindia.com/content/historical/DERIVATIVES/2021/MAR/fo09MAR2021bhav.csv.zip,83c3ce410d6215e397ac2e6f244aa18bec9aa7d0048939c5e7573bd05b5e5524,613737.0,484.0,6054.0,159.0,3.0,2026-09-19T09:37:16.814204
20210310,OK,https://nsearchives.nseindia.com/content/historical/DERIVATIVES/2021/MAR/fo10MAR2021bhav.csv.zip,5b132bd6b820cd6e683c0150648ccc30c5a6aee34dfced5082752984ca98b905,610937.0,484.0,6056.0,159.0,3.0,2026-09-19T09:37:18.696730
20210312,OK,https://nsearchives.nseindia.com/content/historical/DERIVATIVES/2021/MAR/fo12MAR2021bhav.csv.zip,9cdace9bee27f6cb71da41dca175e01cae6b8ac53579aa250abe0fbd5a054ee9,613752.0,484.0,5796.0,159.0,3.0,2026-09-19T09:37:20.591738
20210315,OK,https://nsearchives.nseindia.com/content/historical/DERIVATIVES/2021/MAR/fo15MAR2021bhav.csv.zip,43788947f3c666cbe941ae8d3a0bbb19e16b819a811d08dc25c5cd17a83e364d,616973.0,484.0,5812.0,159.0,3.0,2026-09-19T09:37:22.733194
20210316,OK,https://nsearchives.nseindia.com/content/historical/DERIVATIVES/2021/MAR/fo16MAR2021bhav.csv.zip,d6c7b5d18d333c108c8c38f7052f579c1de62088c1f9b91b819f79c0afdb8234,616679.0,484.0,5826.0,159.0,3.0,2026-09-19T09:37:24.922027
20210317,OK,https://nsearchives.nseindia.com/content/historical/DERIVATIVES/2021/MAR/fo17MAR2021bhav.csv.zip,dc1aefbdb88a42003ffbe045ccce9e3a4e32c9f59a2bd62208fb28bcb24dd3b7,621877.0,484.0,5850.0,159.0,3.0,2026-09-19T09:37:26.781917
20210318,OK,https://nsearchives.nseindia.com/content/historical/DERIVATIVES/2021/MAR/fo18MAR2021bhav.csv.zip,d7f052876ee14a9c3d0a2ae025dbc23d6541853eab612b0544d198ea8b086390,630263.0,484.0,5954.0,159.0,3.0,2026-09-19T09:37:28.352526
20210319,OK,https://nsearchives.nseindia.com/content/historical/DERIVATIVES/2021/MAR/fo19MAR2021bhav.csv.zip,688ef91ef0765b466e59c24774d2489658550ea06d88f62b95dea99c0b5ae64b,630507.0,484.0,5762.0,159.0,3.0,2026-09-19T09:37:30.268423
20210322,OK,https://nsearchives.nseindia.com/content/historical/DERIVATIVES/2021/MAR/fo22MAR2021bhav.csv.zip,ed231777c67a35677a4ea99c7d62682c3a389a13508d7a589a7625bfb9acab30,626760.0,484.0,5780.0,159.0,3.0,2026-09-19T09:37:32.114714
20210323,OK,https://nsearchives.nseindia.com/content/historical/DERIVATIVES/2021/MAR/fo23MAR2021bhav.csv.zip,445dc550492c65fcc4de37105e101d00259555a7ae4bbc51c637d1ba2422cc46,631909.0,484.0,5822.0,159.0,3.0,2026-09-19T09:37:33.790572
20210324,OK,https://nsearchives.nseindia.com/content/historical/DERIVATIVES/2021/MAR/fo24MAR2021bhav.csv.zip,32d9b12b36ef2704c0e9520bea48cd1bbfacbd92cebab9a6e0e5be80ee21950e,635689.0,484.0,5824.0,159.0,3.0,2026-09-19T09:37:35.930478
20210325,OK,https://nsearchives.nseindia.com/content/historical/DERIVATIVES/2021/MAR/fo25MAR2021bhav.csv.zip,c63ddb89215df1ef7f4f2637434d9d88c5b8d53dce1e5098d4563c2e76eb9b54,628000.0,484.0,5894.0,159.0,3.0,2026-09-19T09:37:37.502283
20210326,OK,https://nsearchives.nseindia.com/content/historical/DERIVATIVES/2021/MAR/fo26MAR2021bhav.csv.zip,f8cc40aa109a5695d782c6379ec5e35e3584b465c92bda086fe3f308f7a3a1f4,579494.0,484.0,5724.0,159.0,3.0,2026-09-19T09:37:39.231989
20210330,HTTP:404:3815,https://nsearchives.nseindia.com/content/historical/DERIVATIVES/2021/MAR/fo30MAR2021bhav.csv.zip,,,,,,,
20210331,OK,https://nsearchives.nseindia.com/content/historical/DERIVATIVES/2021/MAR/fo31MAR2021bhav.csv.zip,03a5a122cdce97f2018c1451cc82302af941f37e34961b92e4368ae7bc043dbf,586728.0,484.0,5778.0,159.0,3.0,2026-09-19T09:37:43.484201
20210401,OK,https://nsearchives.nseindia.com/content/historical/DERIVATIVES/2021/APR/fo01APR2021bhav.csv.zip,37e69d17b25a7fdc469b201d29ec6d9959339342708750c4aef619a7a5b5e26c,591713.0,484.0,5778.0,159.0,3.0,2026-09-19T09:37:45.040382
20210405,OK,https://nsearchives.nseindia.com/content/historical/DERIVATIVES/2021/APR/fo05APR2021bhav.csv.zip,71b4fd285340acd47c3765b4234dc8b9dc06fa7b67e8adf2bf6a471abc64d9b6,593659.0,484.0,5514.0,159.0,3.0,2026-09-19T09:37:46.809220
20210406,OK,https://nsearchives.nseindia.com/content/historical/DERIVATIVES/2021/APR/fo06APR2021bhav.csv.zip,6d48c1b6bd31ea701260340c9054f7e9917b0aed3f03d7d0b28da1a24b63d8c8,596469.0,484.0,5620.0,159.0,3.0,2026-09-19T09:37:48.772700
20210407,OK,https://nsearchives.nseindia.com/content/historical/DERIVATIVES/2021/APR/fo07APR2021bhav.csv.zip,34361d7fb0ce456671a649feb0e275bf66ccf6678c44d4a98e938d724aa9593d,600862.0,484.0,5656.0,159.0,3.0,2026-09-19T09:37:50.367133
20210408,OK,https://nsearchives.nseindia.com/content/historical/DERIVATIVES/2021/APR/fo08APR2021bhav.csv.zip,23c45d4171ee489a27fb6e5c9ffe8ba83aae7ff2112ece0a138146f2fab97aec,606030.0,484.0,5656.0,159.0,3.0,2026-09-19T09:37:52.142237
20210409,OK,https://nsearchives.nseindia.com/content/historical/DERIVATIVES/2021/APR/fo09APR2021bhav.csv.zip,9269bb00665b73ede63b7ab5c1f390d66dfd02a21303c2f0a2b2e50f0f564b76,606210.0,484.0,5478.0,159.0,3.0,2026-09-19T09:37:53.800363
20210412,OK,https://nsearchives.nseindia.com/content/historical/DERIVATIVES/2021/APR/fo12APR2021bhav.csv.zip,d4fa3046a3f89925494aeaf5a0b75a7785ea456fa3e794d6fdac283d5a85302f,623473.0,484.0,5506.0,159.0,3.0,2026-09-19T09:37:55.374245
20210413,OK,https://nsearchives.nseindia.com/content/historical/DERIVATIVES/2021/APR/fo13APR2021bhav.csv.zip,88bc30819e41d2c7c84172cd14feaf13372fd1ad9bda79f0d9e7a4e773994c09,625470.0,484.0,5952.0,159.0,3.0,2026-09-19T09:37:57.463488
20210415,OK,https://nsearchives.nseindia.com/content/historical/DERIVATIVES/2021/APR/fo15APR2021bhav.csv.zip,2534a6bcfbde681dfbb0c0130b6f647cf2d51842d970d551d4e1bf69f5fd3175,623995.0,484.0,5952.0,159.0,3.0,2026-09-19T09:38:00.313210
20210416,OK,https://nsearchives.nseindia.com/content/historical/DERIVATIVES/2021/APR/fo16APR2021bhav.csv.zip,a60c69cb489fc7c8980ed5b6c515f36c45457c136586527e96928730bfcd6e26,618535.0,484.0,5726.0,159.0,3.0,2026-09-19T09:38:03.072963
20210419,OK,https://nsearchives.nseindia.com/content/historical/DERIVATIVES/2021/APR/fo19APR2021bhav.csv.zip,6603239019c03cc6fc4bebd914135d3f6eed10b0e39414fab68eac736df04070,624641.0,484.0,5728.0,159.0,3.0,2026-09-19T09:38:05.238166
20210420,OK,https://nsearchives.nseindia.com/content/historical/DERIVATIVES/2021/APR/fo20APR2021bhav.csv.zip,8fcfd93048672eeb111d04db6bbf33785a986ede8becf0c662c54392f3232b0b,627126.0,484.0,5762.0,159.0,3.0,2026-09-19T09:38:07.176915
20210422,OK,https://nsearchives.nseindia.com/content/historical/DERIVATIVES/2021/APR/fo22APR2021bhav.csv.zip,5040e7e9369c89c21e5ea6932a2aaa902483e3aaa04ad07d413a7c8c23732b67,629861.0,484.0,5768.0,159.0,3.0,2026-09-19T09:38:09.339767
20210423,OK,https://nsearchives.nseindia.com/content/historical/DERIVATIVES/2021/APR/fo23APR2021bhav.csv.zip,d60423a897bcd9632ed90eb92eb5924ee743b7dd5f411a4c81bb279ea89795bc,632764.0,484.0,5568.0,159.0,3.0,2026-09-19T09:38:11.948440
20210426,OK,https://nsearchives.nseindia.com/content/historical/DERIVATIVES/2021/APR/fo26APR2021bhav.csv.zip,a7ac648d69d9315985aef694844125f084d0a6d7b3ff53f9f5c568361d0c0a0e,634595.0,484.0,5572.0,159.0,3.0,2026-09-19T09:38:14.348631
20210427,OK,https://nsearchives.nseindia.com/content/historical/DERIVATIVES/2021/APR/fo27APR2021bhav.csv.zip,aedecf533be9d05f6abd905e23357ad53e3be7a83642c030d47fe3732f4b84e8,637926.0,484.0,5594.0,159.0,3.0,2026-09-19T09:38:16.984039
20210428,OK,https://nsearchives.nseindia.com/content/historical/DERIVATIVES/2021/APR/fo28APR2021bhav.csv.zip,abee15b6ff7c3e890a0ba76efecbfdb67ebe785d3683c1daf7da4d0a582e8f13,647097.0,484.0,5628.0,159.0,3.0,2026-09-19T09:38:19.101399
20210429,OK,https://nsearchives.nseindia.com/content/historical/DERIVATIVES/2021/APR/fo29APR2021bhav.csv.zip,5d2ccee7bd488d17bc86a174385ded4741baa8ea004f8e1801eb8067354f737d,632856.0,484.0,5728.0,159.0,3.0,2026-09-19T09:38:21.312964
20210430,OK,https://nsearchives.nseindia.com/content/historical/DERIVATIVES/2021/APR/fo30APR2021bhav.csv.zip,c80681b54bb2f4aaa8c3f3320eb8ea8c2ce7c4d15ddc64302e601880191fedb0,575820.0,484.0,5616.0,159.0,3.0,2026-09-19T09:38:23.491503
20210503,OK,https://nsearchives.nseindia.com/content/historical/DERIVATIVES/2021/MAY/fo03MAY2021bhav.csv.zip,f5e25a660b0968867dc192c98452fb91f8914a22fc3ebe888435fee79e93a944,581984.0,484.0,5652.0,159.0,3.0,2026-09-19T09:38:25.302117
20210504,OK,https://nsearchives.nseindia.com/content/historical/DERIVATIVES/2021/MAY/fo04MAY2021bhav.csv.zip,b441a91aa304e383078d4a10630936a33fdc0ff64e7d4ee3ec9743764128baf4,589557.0,484.0,5664.0,159.0,3.0,2026-09-19T09:38:27.978112
20210505,OK,https://nsearchives.nseindia.com/content/historical/DERIVATIVES/2021/MAY/fo05MAY2021bhav.csv.zip,ed1a72d32bef78a3d4c62ed1b4b2cd2f05205dcd2850df132e1c4faf59581901,590386.0,484.0,5680.0,159.0,3.0,2026-09-19T09:38:29.804914
20210506,OK,https://nsearchives.nseindia.com/content/historical/DERIVATIVES/2021/MAY/fo06MAY2021bhav.csv.zip,21102e662d6fbbf868c7e3c4562623055beddf61be2f289b83d6751ddebf44af,592732.0,484.0,5680.0,159.0,3.0,2026-09-19T09:38:31.476373
20210507,OK,https://nsearchives.nseindia.com/content/historical/DERIVATIVES/2021/MAY/fo07MAY2021bhav.csv.zip,c428ec45f7d894d351fd99f76b25ea8d2e5d0f8c0beee97bdbd1018dd5dfa5dd,594734.0,484.0,5544.0,159.0,3.0,2026-09-19T09:38:33.218121
20210510,OK,https://nsearchives.nseindia.com/content/historical/DERIVATIVES/2021/MAY/fo10MAY2021bhav.csv.zip,a115a6ffe3f72e90e408abfd7530fc2f26ae2b82be2a1fdca00d10090f8cfea5,601886.0,484.0,5552.0,159.0,3.0,2026-09-19T09:38:35.362328
20210511,OK,https://nsearchives.nseindia.com/content/historical/DERIVATIVES/2021/MAY/fo11MAY2021bhav.csv.zip,5403c564af5c6e9a2d32b666cad653127d980bcbdad0458c479ae9d5a78213f4,610125.0,484.0,5578.0,159.0,3.0,2026-09-19T09:38:37.268326
20210512,OK,https://nsearchives.nseindia.com/content/historical/DERIVATIVES/2021/MAY/fo12MAY2021bhav.csv.zip,cf8c73dffcaa85f50278c1e07cae337e2d289f968c2358e1bbf710c96362ee9d,967355.0,484.0,5578.0,159.0,3.0,2026-09-19T09:38:39.714052
20210514,OK,https://nsearchives.nseindia.com/content/historical/DERIVATIVES/2021/MAY/fo14MAY2021bhav.csv.zip,a1ed1782e51398e79c39743838e06883319bf36f51bac07d6b38cbe36bb8ae49,616906.0,484.0,5452.0,159.0,3.0,2026-09-19T09:38:42.221645
20210517,OK,https://nsearchives.nseindia.com/content/historical/DERIVATIVES/2021/MAY/fo17MAY2021bhav.csv.zip,99e4393180601238abd9775c2a4fd522e23bb78b3f9c072dfeceae51b7ba5678,617856.0,484.0,5472.0,159.0,3.0,2026-09-19T09:38:43.937556
20210518,OK,https://nsearchives.nseindia.com/content/historical/DERIVATIVES/2021/MAY/fo18MAY2021bhav.csv.zip,9064b2fd0ab0715478701401d1862cc16562591418a1b2b8f50c1e044e1dcdad,623923.0,484.0,5516.0,159.0,3.0,2026-09-19T09:38:45.973375
20210519,OK,https://nsearchives.nseindia.com/content/historical/DERIVATIVES/2021/MAY/fo19MAY2021bhav.csv.zip,27e5f37a05c333637643f1bbc8e58f689b17ed36f2dd954407be1f84c7f981ae,625662.0,484.0,5636.0,159.0,3.0,2026-09-19T09:38:47.675606
20210520,OK,https://nsearchives.nseindia.com/content/historical/DERIVATIVES/2021/MAY/fo20MAY2021bhav.csv.zip,a0111614f957e2ba51e593d42adc63685a5fbcec322a77fdb3f7784b7470f47b,629797.0,484.0,5636.0,159.0,3.0,2026-09-19T09:38:49.640897
20210521,OK,https://nsearchives.nseindia.com/content/historical/DERIVATIVES/2021/MAY/fo21MAY2021bhav.csv.zip,223d8ecd6e0abfcba5a647fbf609ee20ed18c6bdf25042e39f1cbbdba81b858d,632893.0,484.0,5534.0,159.0,3.0,2026-09-19T09:38:51.871139
20210524,OK,https://nsearchives.nseindia.com/content/historical/DERIVATIVES/2021/MAY/fo24MAY2021bhav.csv.zip,febab28798f3cdd72aa8302301ab7f96de745dde98cd407652f725babbc0a0fc,640849.0,484.0,5758.0,159.0,3.0,2026-09-19T09:38:53.890298
20210525,OK,https://nsearchives.nseindia.com/content/historical/DERIVATIVES/2021/MAY/fo25MAY2021bhav.csv.zip,691a034f28bf106c9eef1254f3e10999f29fa3601ef417175c95fbc4f74e5ab4,641761.0,484.0,5830.0,159.0,3.0,2026-09-19T09:38:55.933059
20210526,OK,https://nsearchives.nseindia.com/content/historical/DERIVATIVES/2021/MAY/fo26MAY2021bhav.csv.zip,f9e426d6cd0906d6977876af60694164633c6a83c67fcfba4367882f8701e7d4,643966.0,484.0,5830.0,159.0,3.0,2026-09-19T09:38:58.242080
20210527,OK,https://nsearchives.nseindia.com/content/historical/DERIVATIVES/2021/MAY/fo27MAY2021bhav.csv.zip,8a9eafcd31479eb48c0faf5eb07e1276f8d7e19ab8e211c1a8667eed4483f8e7,634151.0,484.0,5870.0,159.0,3.0,2026-09-19T09:39:00.340603
20210528,OK,https://nsearchives.nseindia.com/content/historical/DERIVATIVES/2021/MAY/fo28MAY2021bhav.csv.zip,54a86c5e6a4372192344043ff6bcc74e47479b99311421376ef2e60faac36dd4,572987.0,484.0,5764.0,159.0,3.0,2026-09-19T09:39:02.300273
20210531,OK,https://nsearchives.nseindia.com/content/historical/DERIVATIVES/2021/MAY/fo31MAY2021bhav.csv.zip,7dd880cbb6d36ac3f312eefd79ccd6433e73b6e7054f83f1ae39f6f4e54185f5,577551.0,484.0,5824.0,159.0,3.0,2026-09-19T09:39:03.834317
20210601,OK,https://nsearchives.nseindia.com/content/historical/DERIVATIVES/2021/JUN/fo01JUN2021bhav.csv.zip,d03bd3e874bb77059a123e9bb6fffee6546e9143a46202e5df27262dfe1ec7bc,581936.0,484.0,6004.0,159.0,3.0,2026-09-19T09:39:05.774584
20210602,OK,https://nsearchives.nseindia.com/content/historical/DERIVATIVES/2021/JUN/fo02JUN2021bhav.csv.zip,7a2c3957478202a4189e175195b009f6f55db0fb2b85a4731c3c495cefb006da,584737.0,484.0,6004.0,159.0,3.0,2026-09-19T09:39:07.662675
20210603,OK,https://nsearchives.nseindia.com/content/historical/DERIVATIVES/2021/JUN/fo03JUN2021bhav.csv.zip,1fc16e12d50332f96d4866df36bd423240b8cfb1e0e1f3491fa751e6a23f7f1b,589557.0,484.0,6004.0,159.0,3.0,2026-09-19T09:39:09.132600
20210604,OK,https://nsearchives.nseindia.com/content/historical/DERIVATIVES/2021/JUN/fo04JUN2021bhav.csv.zip,64916e00dc556ed99ef0eaee12dc7dc3d9914d87eb1dfa335951a540e782014d,592475.0,484.0,5910.0,159.0,3.0,2026-09-19T09:39:10.537602
20210607,OK,https://nsearchives.nseindia.com/content/historical/DERIVATIVES/2021/JUN/fo07JUN2021bhav.csv.zip,3c89b5dd1ffb378bbee585e154b6f2ebe2a5766d97db75aebe07d52a78a46198,599347.0,484.0,5920.0,159.0,3.0,2026-09-19T09:39:12.290568
20210608,OK,https://nsearchives.nseindia.com/content/historical/DERIVATIVES/2021/JUN/fo08JUN2021bhav.csv.zip,860a84e43cda135d26a2d6fe52632f35bc975a455c76cc5485a0a159f127d26f,604230.0,484.0,5962.0,159.0,3.0,2026-09-19T09:39:14.572478
20210609,OK,https://nsearchives.nseindia.com/content/historical/DERIVATIVES/2021/JUN/fo09JUN2021bhav.csv.zip,7024d9a2c0854cc887d61b90ff2d6363c492601cb98317b06c8ef9a4226b7762,613236.0,484.0,5968.0,159.0,3.0,2026-09-19T09:39:16.399758
20210610,OK,https://nsearchives.nseindia.com/content/historical/DERIVATIVES/2021/JUN/fo10JUN2021bhav.csv.zip,bc879fe8b86cab95173f240fa6ba942295562bb257f4f478a1fc03751e61ebcc,608642.0,484.0,5982.0,159.0,3.0,2026-09-19T09:39:18.016601
20210611,OK,https://nsearchives.nseindia.com/content/historical/DERIVATIVES/2021/JUN/fo11JUN2021bhav.csv.zip,2c478b0790cfe80e19cb3cf347d988c4740cfc7a687d6de8f1178c836c2d2e3b,609373.0,484.0,5806.0,159.0,3.0,2026-09-19T09:39:19.798367
20210614,OK,https://nsearchives.nseindia.com/content/historical/DERIVATIVES/2021/JUN/fo14JUN2021bhav.csv.zip,ba8d3beea32fbfcf05b061e39b5b134535e9a33ce322e4afa0adadfd5741d3f4,613578.0,484.0,5830.0,159.0,3.0,2026-09-19T09:39:21.418627
20210615,OK,https://nsearchives.nseindia.com/content/historical/DERIVATIVES/2021/JUN/fo15JUN2021bhav.csv.zip,35ffaf1928ae6d55598f55e82f4671da7e489d8fc5efa05a3b3491f5fbbb0bd8,615043.0,484.0,5830.0,159.0,3.0,2026-09-19T09:39:23.060800
20210616,OK,https://nsearchives.nseindia.com/content/historical/DERIVATIVES/2021/JUN/fo16JUN2021bhav.csv.zip,51182f141b294c8601847023f0e6eae86d398cb7fb7a3b255bdb4e7150811e8f,620661.0,484.0,5852.0,159.0,3.0,2026-09-19T09:39:24.938361
20210617,OK,https://nsearchives.nseindia.com/content/historical/DERIVATIVES/2021/JUN/fo17JUN2021bhav.csv.zip,c0ce356c2138b9b56db8d74f4fe2aa2bfe30ecb24905cdbaba642a50e26b8d1c,626100.0,484.0,5852.0,159.0,3.0,2026-09-19T09:39:26.948465
20210618,OK,https://nsearchives.nseindia.com/content/historical/DERIVATIVES/2021/JUN/fo18JUN2021bhav.csv.zip,371365c0f1d3880e2244b24f2f4a3a6f2e3b8c15a7fa2e457b3554d596b2af11,632963.0,484.0,5706.0,159.0,3.0,2026-09-19T09:39:29.690237
20210621,OK,https://nsearchives.nseindia.com/content/historical/DERIVATIVES/2021/JUN/fo21JUN2021bhav.csv.zip,f72065682852abdd9e2aa2d9c33785459d00d8254239abd25aebe8fb5f757bef,629945.0,484.0,5706.0,159.0,3.0,2026-09-19T09:39:31.216908
20210622,OK,https://nsearchives.nseindia.com/content/historical/DERIVATIVES/2021/JUN/fo22JUN2021bhav.csv.zip,0e3254963413642b646926b677b7b88e054fe1d2e009ac4aa37a2afa90016c2e,635343.0,484.0,5716.0,159.0,3.0,2026-09-19T09:39:32.810551
20210623,OK,https://nsearchives.nseindia.com/content/historical/DERIVATIVES/2021/JUN/fo23JUN2021bhav.csv.zip,551344a20af4ec3b655f2acb251bafa47ac0aa771e95f13b6cc240739781ee28,635674.0,484.0,5716.0,159.0,3.0,2026-09-19T09:39:34.518766
20210624,OK,https://nsearchives.nseindia.com/content/historical/DERIVATIVES/2021/JUN/fo24JUN2021bhav.csv.zip,168cd955ca6a53ae6489234b5aaa362c2f784bdbfa654edecf8860d8495b864b,622021.0,484.0,5716.0,159.0,3.0,2026-09-19T09:39:36.609336
20210625,OK,https://nsearchives.nseindia.com/content/historical/DERIVATIVES/2021/JUN/fo25JUN2021bhav.csv.zip,8eb19c110347b445606fa915043062e868c2258035e6b76b29ebb109f2924dd7,583509.0,496.0,5358.0,163.0,3.0,2026-09-19T09:39:38.846053
20210628,OK,https://nsearchives.nseindia.com/content/historical/DERIVATIVES/2021/JUN/fo28JUN2021bhav.csv.zip,b8d373241ac59ad43c1d0f03bc912c27d13db51e5ae6a81f75de9ccf732e10ee,588714.0,496.0,5400.0,163.0,3.0,2026-09-19T09:39:41.106731
20210629,OK,https://nsearchives.nseindia.com/content/historical/DERIVATIVES/2021/JUN/fo29JUN2021bhav.csv.zip,f11aa1427a7761bd1b1f2c0850f1f935578a447d64af42baf47b838ed56fe4a2,591821.0,496.0,5400.0,163.0,3.0,2026-09-19T09:39:43.864277
20210630,OK,https://nsearchives.nseindia.com/content/historical/DERIVATIVES/2021/JUN/fo30JUN2021bhav.csv.zip,8099d2a5a0443285deeaa9a545ea47a2e4c76a297d62704aa66c0070e844862c,593924.0,496.0,5420.0,163.0,3.0,2026-09-19T09:39:45.843960
20210701,OK,https://nsearchives.nseindia.com/content/historical/DERIVATIVES/2021/JUL/fo01JUL2021bhav.csv.zip,c62a9458e4f49e88fcc3a46f8b828913bbd0f3f23703c4c9a03d3789928f68cc,593613.0,496.0,5424.0,163.0,3.0,2026-09-19T09:39:48.077140
20210702,OK,https://nsearchives.nseindia.com/content/historical/DERIVATIVES/2021/JUL/fo02JUL2021bhav.csv.zip,b81b5e28a83742ad8e38e0c81d885315bdf52e954a68f1e3a5ad0e92757ec8a8,596084.0,496.0,5266.0,163.0,3.0,2026-09-19T09:39:49.968689
20210705,OK,https://nsearchives.nseindia.com/content/historical/DERIVATIVES/2021/JUL/fo05JUL2021bhav.csv.zip,2eea8d73b7985c7bbf8ff09f07bbbe17e50d2443f5ba5f79ecd274b6fd58fc9a,599864.0,496.0,5268.0,163.0,3.0,2026-09-19T09:39:52.787075
20210706,OK,https://nsearchives.nseindia.com/content/historical/DERIVATIVES/2021/JUL/fo06JUL2021bhav.csv.zip,83f509bd71bb2d8bd3fea026a4d731b399897bc2ec83929474136b49e81f4f00,607813.0,496.0,5286.0,163.0,3.0,2026-09-19T09:39:55.028537
20210707,OK,https://nsearchives.nseindia.com/content/historical/DERIVATIVES/2021/JUL/fo07JUL2021bhav.csv.zip,878992bfec6945a87ce0e8cdac805ee0c218d7265910a4042566af55cde7cad7,607178.0,496.0,5316.0,163.0,3.0,2026-09-19T09:39:56.816137
20210708,OK,https://nsearchives.nseindia.com/content/historical/DERIVATIVES/2021/JUL/fo08JUL2021bhav.csv.zip,0a6fd0206d331428d2f80ce646c9e474a6843d8efbf172de1687d10e9ec0b6be,613085.0,496.0,5396.0,163.0,3.0,2026-09-19T09:39:58.773035
20210709,OK,https://nsearchives.nseindia.com/content/historical/DERIVATIVES/2021/JUL/fo09JUL2021bhav.csv.zip,5fa3c30bf90325d5ba5c44d7bd02c47d8d84d456c4bdd285d55d444cc39b0603,609652.0,496.0,5246.0,163.0,3.0,2026-09-19T09:40:01.308680
20210712,OK,https://nsearchives.nseindia.com/content/historical/DERIVATIVES/2021/JUL/fo12JUL2021bhav.csv.zip,abc82446ff06926afc67e4b7a592ab89e7d6445d44cdb10d2b14c6033b2010dc,611998.0,496.0,5254.0,163.0,3.0,2026-09-19T09:40:03.751858
20210713,OK,https://nsearchives.nseindia.com/content/historical/DERIVATIVES/2021/JUL/fo13JUL2021bhav.csv.zip,af14bf91018c89aa3823c056e2b922e673db70c6ec08f97815a29dd83190caec,613953.0,496.0,5254.0,163.0,3.0,2026-09-19T09:40:06.256738
20210714,OK,https://nsearchives.nseindia.com/content/historical/DERIVATIVES/2021/JUL/fo14JUL2021bhav.csv.zip,f2be814c33989cbc3487d1b1e8f9e6db9ae9c0d43ad48cd6c312557f68234fb4,616436.0,496.0,5268.0,163.0,3.0,2026-09-19T09:40:08.932747
20210715,OK,https://nsearchives.nseindia.com/content/historical/DERIVATIVES/2021/JUL/fo15JUL2021bhav.csv.zip,56046c60e14a0f068833da8d413e777cd1ffe37d35435638c3f9498a8c6ee8ac,618396.0,496.0,5270.0,163.0,3.0,2026-09-19T09:40:10.779977
20210716,OK,https://nsearchives.nseindia.com/content/historical/DERIVATIVES/2021/JUL/fo16JUL2021bhav.csv.zip,768939096cabfce18d88d4009701781b741a35045810ff6b5f31c637cd81ad80,621773.0,496.0,5142.0,163.0,3.0,2026-09-19T09:40:12.889251
20210719,OK,https://nsearchives.nseindia.com/content/historical/DERIVATIVES/2021/JUL/fo19JUL2021bhav.csv.zip,c6607149f6632ddd6286ca32e25503498c821583c4f63f0a38e23dbff23dd668,630786.0,496.0,5144.0,163.0,3.0,2026-09-19T09:40:14.768825
20210720,OK,https://nsearchives.nseindia.com/content/historical/DERIVATIVES/2021/JUL/fo20JUL2021bhav.csv.zip,5b8bb0619ce7a83e06b21f5ec81aab0338bcd4237e8124b0bf11e39ea87c89ad,636617.0,496.0,5170.0,163.0,3.0,2026-09-19T09:40:16.496458
20210722,OK,https://nsearchives.nseindia.com/content/historical/DERIVATIVES/2021/JUL/fo22JUL2021bhav.csv.zip,371be4bac13e680dbbecce59e75d28bc10e8d23551ab838987931c0711218689,640202.0,496.0,5264.0,163.0,3.0,2026-09-19T09:40:19.319055
20210723,OK,https://nsearchives.nseindia.com/content/historical/DERIVATIVES/2021/JUL/fo23JUL2021bhav.csv.zip,aaedb78316c526631ac49784c9a8288e2a2c8aa837c3d66e48659f438ff5b2a9,641939.0,496.0,5150.0,163.0,3.0,2026-09-19T09:40:21.362977
20210726,OK,https://nsearchives.nseindia.com/content/historical/DERIVATIVES/2021/JUL/fo26JUL2021bhav.csv.zip,50c7d8f8327fda0ee5604666208fa1be2130971456cfa14554ce0a4befed041c,646604.0,496.0,5160.0,163.0,3.0,2026-09-19T09:40:24.487366
20210727,OK,https://nsearchives.nseindia.com/content/historical/DERIVATIVES/2021/JUL/fo27JUL2021bhav.csv.zip,adf842a42f99f65b5a0551823f8e80b1a90c678676f0a4e3368f269d0b26b98f,655070.0,496.0,5160.0,163.0,3.0,2026-09-19T09:40:26.976089
20210728,OK,https://nsearchives.nseindia.com/content/historical/DERIVATIVES/2021/JUL/fo28JUL2021bhav.csv.zip,16a3eb4ba0ea7e823b1c87dd02d7232eb582cdcc326f0c1419263c08cb865915,663949.0,496.0,5162.0,163.0,3.0,2026-09-19T09:40:30.541992
20210729,OK,https://nsearchives.nseindia.com/content/historical/DERIVATIVES/2021/JUL/fo29JUL2021bhav.csv.zip,d4935f4ee82ea0576a8acd54a788bbf7360fb03b69d3c9028b61c15a160eb509,652203.0,496.0,5170.0,163.0,3.0,2026-09-19T09:40:32.694796
20210730,OK,https://nsearchives.nseindia.com/content/historical/DERIVATIVES/2021/JUL/fo30JUL2021bhav.csv.zip,760881c52700e8a2b0d4ac4841409bcc24920a0419cc9470f12f9f00231ae6b2,595667.0,502.0,5010.0,165.0,3.0,2026-09-19T09:40:35.109429
20210802,OK,https://nsearchives.nseindia.com/content/historical/DERIVATIVES/2021/AUG/fo02AUG2021bhav.csv.zip,215db28f9ff4afdf94b1edc4f19d09575defcbaf775a24875091b89f2819fcb4,600972.0,502.0,5014.0,165.0,3.0,2026-09-19T09:40:37.170250
20210803,OK,https://nsearchives.nseindia.com/content/historical/DERIVATIVES/2021/AUG/fo03AUG2021bhav.csv.zip,88c7dd8115f62e652cb8479345b1cf9f66aa580087e2601cc559d615d7f51e7c,608481.0,502.0,5020.0,165.0,3.0,2026-09-19T09:40:39.250172
20210804,OK,https://nsearchives.nseindia.com/content/historical/DERIVATIVES/2021/AUG/fo04AUG2021bhav.csv.zip,391458f4e477075456db9868bb021f68712c8107566febba486433481c9b12f3,617639.0,502.0,5142.0,165.0,3.0,2026-09-19T09:40:42.284144
20210805,OK,https://nsearchives.nseindia.com/content/historical/DERIVATIVES/2021/AUG/fo05AUG2021bhav.csv.zip,14cd6e3b8e08173bb16608375c48744a00b41aa1182000335936218f4b8a35ac,620196.0,502.0,5334.0,165.0,3.0,2026-09-19T09:40:44.601224
20210806,OK,https://nsearchives.nseindia.com/content/historical/DERIVATIVES/2021/AUG/fo06AUG2021bhav.csv.zip,1931d6c740b7cee053595fff1990f58355d2a4e78a1634175a7dd8647e359e77,619559.0,502.0,5276.0,165.0,3.0,2026-09-19T09:40:46.698449
20210809,OK,https://nsearchives.nseindia.com/content/historical/DERIVATIVES/2021/AUG/fo09AUG2021bhav.csv.zip,fc9d5fd0f163f0bfb4d890af4ef38d9e256ac1a59b963f867ce0a870f61277fe,621455.0,502.0,5280.0,165.0,3.0,2026-09-19T09:40:48.926189
20210810,OK,https://nsearchives.nseindia.com/content/historical/DERIVATIVES/2021/AUG/fo10AUG2021bhav.csv.zip,8e58f77fa0857892544f8d2828313a3748121246a85cc1477c0c64f3791df400,629036.0,502.0,5284.0,165.0,3.0,2026-09-19T09:40:50.566670
20210811,OK,https://nsearchives.nseindia.com/content/historical/DERIVATIVES/2021/AUG/fo11AUG2021bhav.csv.zip,f95b015a63029978b754aa140fd1b3b397ad15955caf0118e98557cdb4874239,630240.0,502.0,5286.0,165.0,3.0,2026-09-19T09:40:52.819199
20210812,OK,https://nsearchives.nseindia.com/content/historical/DERIVATIVES/2021/AUG/fo12AUG2021bhav.csv.zip,21b53ff52d8a59a8c2f567c3de8c0ae51b50dba4ca1bc0c657fce72150d61e5a,629221.0,502.0,5286.0,165.0,3.0,2026-09-19T09:40:54.737886
20210813,OK,https://nsearchives.nseindia.com/content/historical/DERIVATIVES/2021/AUG/fo13AUG2021bhav.csv.zip,4525b547594cecf5a9a268f0d8d8f5478e284e4773288a13a2b007ca83643e24,632758.0,502.0,5226.0,165.0,3.0,2026-09-19T09:40:58.059434
20210816,OK,https://nsearchives.nseindia.com/content/historical/DERIVATIVES/2021/AUG/fo16AUG2021bhav.csv.zip,318e2a9f4b4c6234c7de7ff390aaa0715585ab2332beb4d88f895b7655c2e31c,636387.0,502.0,5368.0,165.0,3.0,2026-09-19T09:40:59.912878
20210817,OK,https://nsearchives.nseindia.com/content/historical/DERIVATIVES/2021/AUG/fo17AUG2021bhav.csv.zip,312dd63c8f905a85ed7559d4eb862d32f66d3710ac2bdf7f2c1441e46b24f812,644589.0,502.0,5368.0,165.0,3.0,2026-09-19T09:41:01.598894
20210818,OK,https://nsearchives.nseindia.com/content/historical/DERIVATIVES/2021/AUG/fo18AUG2021bhav.csv.zip,097c6f8c2886f9f8659e5e880fe04fce955685c2740c8383e73c23c04aa5b98c,653302.0,502.0,5388.0,165.0,3.0,2026-09-19T09:41:03.501786
20210820,OK,https://nsearchives.nseindia.com/content/historical/DERIVATIVES/2021/AUG/fo20AUG2021bhav.csv.zip,f67b91f905bac61464dee61c61c21862c04f72d8d7d370da1aff4c4bfa2652bc,663324.0,502.0,5302.0,165.0,3.0,2026-09-19T09:41:04.991955
20210823,OK,https://nsearchives.nseindia.com/content/historical/DERIVATIVES/2021/AUG/fo23AUG2021bhav.csv.zip,6a041aad485f4778262d7e05cfb4d9a0b1a34f786263bafafd8533ecc55f6810,671891.0,502.0,5344.0,165.0,3.0,2026-09-19T09:41:06.814509
20210824,OK,https://nsearchives.nseindia.com/content/historical/DERIVATIVES/2021/AUG/fo24AUG2021bhav.csv.zip,300b3bdefea61c36ecd3cba36161e7d1a480d012f310653d89d711eda6f1a288,679329.0,502.0,5344.0,165.0,3.0,2026-09-19T09:41:08.455144
20210825,OK,https://nsearchives.nseindia.com/content/historical/DERIVATIVES/2021/AUG/fo25AUG2021bhav.csv.zip,867fe1a02ea55bb3287f1211ecaaf5ab08168897f70e45da443f0b901df93bc6,680073.0,502.0,5370.0,165.0,3.0,2026-09-19T09:41:09.958499
20210826,OK,https://nsearchives.nseindia.com/content/historical/DERIVATIVES/2021/AUG/fo26AUG2021bhav.csv.zip,ebadc0498f21c8b86bbb932a3f9b2f7efaae06794005878f5be2fab8f8053b36,666246.0,502.0,5390.0,165.0,3.0,2026-09-19T09:41:12.003793
20210827,OK,https://nsearchives.nseindia.com/content/historical/DERIVATIVES/2021/AUG/fo27AUG2021bhav.csv.zip,3635d589750f29cb3153171cb8fdb3ee0f94c9bf5c8ba80797c07942c12e36f8,621169.0,532.0,5278.0,175.0,3.0,2026-09-19T09:41:13.684862
20210830,OK,https://nsearchives.nseindia.com/content/historical/DERIVATIVES/2021/AUG/fo30AUG2021bhav.csv.zip,b0e96c4d711e20979a9c2680de4c49eb8d72d2e795f5be37c478f8c22cb7a727,631772.0,532.0,5300.0,175.0,3.0,2026-09-19T09:41:15.837685
20210831,OK,https://nsearchives.nseindia.com/content/historical/DERIVATIVES/2021/AUG/fo31AUG2021bhav.csv.zip,008d6982d7b40328880743a0cb9788072eca2a187fd208eee03e2a41bf105b8e,643108.0,532.0,5524.0,175.0,3.0,2026-09-19T09:41:19.514803
20210901,OK,https://nsearchives.nseindia.com/content/historical/DERIVATIVES/2021/SEP/fo01SEP2021bhav.csv.zip,38fcb316bff070e3e77bf8ba71e517aff15999c7844d946706a701a074721510,653254.0,532.0,5682.0,175.0,3.0,2026-09-19T09:41:21.304348
20210902,OK,https://nsearchives.nseindia.com/content/historical/DERIVATIVES/2021/SEP/fo02SEP2021bhav.csv.zip,e296c14e661408b88e97979bbd88a5b79951f52a02478cb20d167ce068ae22cc,658953.0,532.0,5720.0,175.0,3.0,2026-09-19T09:41:22.984712
20210903,OK,https://nsearchives.nseindia.com/content/historical/DERIVATIVES/2021/SEP/fo03SEP2021bhav.csv.zip,41ffa48195b49ab6ebc62d9c0bcad50e1951d95ae9b8820b7d8db037f5ecb3b7,665612.0,532.0,5676.0,175.0,3.0,2026-09-19T09:41:25.338697
20210906,OK,https://nsearchives.nseindia.com/content/historical/DERIVATIVES/2021/SEP/fo06SEP2021bhav.csv.zip,453f4ecf6a00e2d7d3358b5aeaf6e1b2c4ae3d8de417fce83b0a2e5014a9fdc4,668088.0,532.0,5720.0,175.0,3.0,2026-09-19T09:41:28.026246
20210907,OK,https://nsearchives.nseindia.com/content/historical/DERIVATIVES/2021/SEP/fo07SEP2021bhav.csv.zip,ea7a14cfbf945c7983162554a7d2a9d159db396838406484c8f8a3ab333ded46,672687.0,532.0,5764.0,175.0,3.0,2026-09-19T09:41:29.831334
20210908,OK,https://nsearchives.nseindia.com/content/historical/DERIVATIVES/2021/SEP/fo08SEP2021bhav.csv.zip,d8171cdb4598572af2af1d60488513490db3ed1ceedf78d5f6ede58e01a38022,674932.0,532.0,5766.0,175.0,3.0,2026-09-19T09:41:31.814568
20210909,OK,https://nsearchives.nseindia.com/content/historical/DERIVATIVES/2021/SEP/fo09SEP2021bhav.csv.zip,a0de229d83a5e609851b303cd577b8123f77b154e6897aadaac02f8db930a2fd,675219.0,532.0,5766.0,175.0,3.0,2026-09-19T09:41:34.409211
20210913,OK,https://nsearchives.nseindia.com/content/historical/DERIVATIVES/2021/SEP/fo13SEP2021bhav.csv.zip,c220ccae272d9e26a24d4d088d648ee10ffe4b4637a90ac391d2bdd218705fdc,674268.0,532.0,5610.0,175.0,3.0,2026-09-19T09:41:36.476598
20210914,OK,https://nsearchives.nseindia.com/content/historical/DERIVATIVES/2021/SEP/fo14SEP2021bhav.csv.zip,3411f3ab26fb3f9feb11683bcac5d534b4b5112cc147dce44e8ed4e4c79a3bd9,682569.0,532.0,5616.0,175.0,3.0,2026-09-19T09:41:38.712005
20210915,OK,https://nsearchives.nseindia.com/content/historical/DERIVATIVES/2021/SEP/fo15SEP2021bhav.csv.zip,488c051b4990bee7c0a3f02dcb7b2e43e897569c4237732f84178c8833f5b771,690122.0,532.0,5618.0,175.0,3.0,2026-09-19T09:41:41.775438
20210916,OK,https://nsearchives.nseindia.com/content/historical/DERIVATIVES/2021/SEP/fo16SEP2021bhav.csv.zip,6275eab53df9084a8e2d5112d9b29af053d841e1b360edb186276b3157e3ea29,697531.0,532.0,5680.0,175.0,3.0,2026-09-19T09:41:43.994709
20210917,OK,https://nsearchives.nseindia.com/content/historical/DERIVATIVES/2021/SEP/fo17SEP2021bhav.csv.zip,ca8c33c901fe65674ae4e87ef1beaba97f2ac8d05637ee51061fe32f43e524cc,710422.0,532.0,5750.0,175.0,3.0,2026-09-19T09:41:46.487930
20210920,OK,https://nsearchives.nseindia.com/content/historical/DERIVATIVES/2021/SEP/fo20SEP2021bhav.csv.zip,08b1e45621e5ad50d82e06eca57d9f8ac4f7d10ed4887ab7adfe88ddd9934173,713076.0,532.0,5792.0,175.0,3.0,2026-09-19T09:41:48.352752
20210921,OK,https://nsearchives.nseindia.com/content/historical/DERIVATIVES/2021/SEP/fo21SEP2021bhav.csv.zip,fc8e2bf1aa4fb4843b18cd1914444c22dbdeca27dd0680bf3a225a75552fa2d3,718221.0,532.0,5816.0,175.0,3.0,2026-09-19T09:41:50.694581
20210922,OK,https://nsearchives.nseindia.com/content/historical/DERIVATIVES/2021/SEP/fo22SEP2021bhav.csv.zip,ae2eae466b5f885e31ef3fcf70a6568f02881e87d3843770e5e6ea7f657ec78d,724658.0,532.0,5816.0,175.0,3.0,2026-09-19T09:41:52.560242
20210923,OK,https://nsearchives.nseindia.com/content/historical/DERIVATIVES/2021/SEP/fo23SEP2021bhav.csv.zip,fe1b2115c094853aa651bfc7113c1cb32de91f7b768bae7fef00262c2e546b29,732698.0,532.0,5820.0,175.0,3.0,2026-09-19T09:41:54.607384
20210924,OK,https://nsearchives.nseindia.com/content/historical/DERIVATIVES/2021/SEP/fo24SEP2021bhav.csv.zip,a78392eda0588e9f68e3a7de706567206b4c70392d8f1ab4d332aa22fc1b9d07,743606.0,532.0,5728.0,175.0,3.0,2026-09-19T09:41:57.072395
20210927,OK,https://nsearchives.nseindia.com/content/historical/DERIVATIVES/2021/SEP/fo27SEP2021bhav.csv.zip,9d87f3c272086bd927950e846acc7b45d612316a773f582e97e6aefaf145663c,743422.0,532.0,5748.0,175.0,3.0,2026-09-19T09:41:58.787967
20210928,OK,https://nsearchives.nseindia.com/content/historical/DERIVATIVES/2021/SEP/fo28SEP2021bhav.csv.zip,c9bf0fd710ca23c79e151b62bd707dfd55fae8e65c329b13a2aa75b111c4b612,762433.0,532.0,5846.0,175.0,3.0,2026-09-19T09:42:00.327505
20210929,OK,https://nsearchives.nseindia.com/content/historical/DERIVATIVES/2021/SEP/fo29SEP2021bhav.csv.zip,3fdb9782edb2e1e8d8011791c2ed034c5f9be69bd38ba0742341e0550729a20a,766921.0,532.0,5850.0,175.0,3.0,2026-09-19T09:42:02.208067
20210930,OK,https://nsearchives.nseindia.com/content/historical/DERIVATIVES/2021/SEP/fo30SEP2021bhav.csv.zip,f73b1b07de81ab4d8136491f124a846db6fa3e9e538704559496aa3e7efadf26,754911.0,532.0,5856.0,175.0,3.0,2026-09-19T09:42:03.876068
20211001,OK,https://nsearchives.nseindia.com/content/historical/DERIVATIVES/2021/OCT/fo01OCT2021bhav.csv.zip,ec74cc64d02b4e46caef45f1a9384a1a79f440b7076bd481f2223b45ef9fb132,726539.0,556.0,5644.0,183.0,3.0,2026-09-19T09:42:05.583227
20211004,OK,https://nsearchives.nseindia.com/content/historical/DERIVATIVES/2021/OCT/fo04OCT2021bhav.csv.zip,feeff7d789ba1b0413d48ce6e44a45ec2833af1c8de8ee605176458efa4187cf,737274.0,556.0,5666.0,183.0,3.0,2026-09-19T09:42:08.014736
20211005,OK,https://nsearchives.nseindia.com/content/historical/DERIVATIVES/2021/OCT/fo05OCT2021bhav.csv.zip,f39437188b7e62a0c28ae5280a24e89082e56bcfa2e725ba2fc5ea286ac1580e,746427.0,556.0,5674.0,183.0,3.0,2026-09-19T09:42:09.879911
20211006,OK,https://nsearchives.nseindia.com/content/historical/DERIVATIVES/2021/OCT/fo06OCT2021bhav.csv.zip,cba791cda8ed66ca431d0e3a04d19672783b8cba1f9a369c316086f2aa24704f,755472.0,556.0,5684.0,183.0,3.0,2026-09-19T09:42:11.855711
20211007,OK,https://nsearchives.nseindia.com/content/historical/DERIVATIVES/2021/OCT/fo07OCT2021bhav.csv.zip,c23d0184bb650e58939eb565b2ff9433c275a0159573981dd531fa35c2e8b092,756224.0,556.0,5684.0,183.0,3.0,2026-09-19T09:42:14.784302
20211008,OK,https://nsearchives.nseindia.com/content/historical/DERIVATIVES/2021/OCT/fo08OCT2021bhav.csv.zip,fc93ef6a90e52ffadb6891a1e67015744a5bc4b3f7655590ec55d6e8f4c18ce8,759652.0,556.0,5526.0,183.0,3.0,2026-09-19T09:42:16.912394
20211011,OK,https://nsearchives.nseindia.com/content/historical/DERIVATIVES/2021/OCT/fo11OCT2021bhav.csv.zip,e812f3bc7fc0e8f7bc575149705650fe83881cb393617e50f7ecbd0c5d5acb49,765619.0,556.0,5550.0,183.0,3.0,2026-09-19T09:42:18.929518
20211012,OK,https://nsearchives.nseindia.com/content/historical/DERIVATIVES/2021/OCT/fo12OCT2021bhav.csv.zip,2be08e6e28bc7ac7b610571617873fa2b369efea947476aa9a0ee2030665cb5b,770940.0,556.0,5616.0,183.0,3.0,2026-09-19T09:42:21.369798
20211013,OK,https://nsearchives.nseindia.com/content/historical/DERIVATIVES/2021/OCT/fo13OCT2021bhav.csv.zip,fc03707d386bb174302ac3201b1079b85d8f78d4d0091dbbf6b76a72c0f01220,797307.0,556.0,5678.0,183.0,3.0,2026-09-19T09:42:26.011425
20211014,OK,https://nsearchives.nseindia.com/content/historical/DERIVATIVES/2021/OCT/fo14OCT2021bhav.csv.zip,4de881bc829a7b9bc0131985df6ff36653751be9b0ccac61385702873261b7f4,813578.0,556.0,5762.0,183.0,3.0,2026-09-19T09:42:28.619795
20211018,OK,https://nsearchives.nseindia.com/content/historical/DERIVATIVES/2021/OCT/fo18OCT2021bhav.csv.zip,d8238278f357d39e2819aa06724a39d67cb8359e5255ecdec4d00cee625e37a9,822762.0,555.0,5844.0,183.0,3.0,2026-09-19T09:42:31.586532
20211019,OK,https://nsearchives.nseindia.com/content/historical/DERIVATIVES/2021/OCT/fo19OCT2021bhav.csv.zip,82431be802a42b9e9d7229bdfaa6dc09ddb7ff5900b5b26bb7592ec1c81febca,836080.0,555.0,6000.0,183.0,3.0,2026-09-19T09:42:34.135625
20211020,OK,https://nsearchives.nseindia.com/content/historical/DERIVATIVES/2021/OCT/fo20OCT2021bhav.csv.zip,f82425bb5651a0b658c46d59e7132c86901c81160de3a3efb374ea6e413fd295,842338.0,554.0,5982.0,183.0,3.0,2026-09-19T09:42:36.688358
20211021,OK,https://nsearchives.nseindia.com/content/historical/DERIVATIVES/2021/OCT/fo21OCT2021bhav.csv.zip,9d6c98c6be1ef8c8cd6de8b51ddde3647cad2d3b2ceb3503a86da5bdd224483f,844393.0,554.0,5988.0,183.0,3.0,2026-09-19T09:42:38.889042
20211022,OK,https://nsearchives.nseindia.com/content/historical/DERIVATIVES/2021/OCT/fo22OCT2021bhav.csv.zip,d113c70ceb4ba22719823242bd4e5a6ddb522be90876fa7b7db455a329674bab,850192.0,554.0,5894.0,183.0,3.0,2026-09-19T09:42:41.482801
20211025,OK,https://nsearchives.nseindia.com/content/historical/DERIVATIVES/2021/OCT/fo25OCT2021bhav.csv.zip,e3ca4b1e6dd3f96f5b76f11b230f82b909eb28a2de446a44aac9327903406a70,858435.0,554.0,5982.0,183.0,3.0,2026-09-19T09:42:43.286970
20211026,OK,https://nsearchives.nseindia.com/content/historical/DERIVATIVES/2021/OCT/fo26OCT2021bhav.csv.zip,18e556908375f3d1a606adc5e3b45e62815b706a2223226cad8c91d3de3bf97c,861429.0,554.0,6220.0,183.0,3.0,2026-09-19T09:42:44.833647
20211027,OK,https://nsearchives.nseindia.com/content/historical/DERIVATIVES/2021/OCT/fo27OCT2021bhav.csv.zip,0b7440cc6866b435e2ca33b840541b359787e32adfcbbec643d7dfbe4c231cf5,863638.0,554.0,6178.0,183.0,3.0,2026-09-19T09:42:46.840196
20211028,OK,https://nsearchives.nseindia.com/content/historical/DERIVATIVES/2021/OCT/fo28OCT2021bhav.csv.zip,bb577efdad439309b4bfd9974a88b117341cff7677e66247ff44cd262306027c,847852.0,554.0,6182.0,183.0,3.0,2026-09-19T09:42:48.666358
20211029,OK,https://nsearchives.nseindia.com/content/historical/DERIVATIVES/2021/OCT/fo29OCT2021bhav.csv.zip,f722a569f3a5114b8cb697bd0d65398f0c4c6d9cc77426c405a0f60c777065c7,774746.0,578.0,5980.0,191.0,3.0,2026-09-19T09:42:50.376332
20211101,OK,https://nsearchives.nseindia.com/content/historical/DERIVATIVES/2021/NOV/fo01NOV2021bhav.csv.zip,3d2a16cc4a626eef9d9ee75797947524fb2ead1c98bc1103e23e81de79f2d5c2,781977.0,578.0,6040.0,191.0,3.0,2026-09-19T09:42:52.041787
20211102,OK,https://nsearchives.nseindia.com/content/historical/DERIVATIVES/2021/NOV/fo02NOV2021bhav.csv.zip,bc8b1875b2e555439b406c4616c96444c0ef32625620abe7e00a587edf1b08ce,782065.0,578.0,6050.0,191.0,3.0,2026-09-19T09:42:53.918394
20211103,OK,https://nsearchives.nseindia.com/content/historical/DERIVATIVES/2021/NOV/fo03NOV2021bhav.csv.zip,f829f791e8dc517acdc92184e8e04f7d66291e2fb0c06a0c6a54d8ff53833767,784988.0,577.0,6020.0,191.0,3.0,2026-09-19T09:42:55.556681
20211104,OK,https://nsearchives.nseindia.com/content/historical/DERIVATIVES/2021/NOV/fo04NOV2021bhav.csv.zip,73a69a2b45fb048ff806da743b90c9768344ff717e0f63107c35b4199daa655a,734779.0,577.0,5880.0,191.0,3.0,2026-09-19T09:42:57.717940
20211108,OK,https://nsearchives.nseindia.com/content/historical/DERIVATIVES/2021/NOV/fo08NOV2021bhav.csv.zip,68f7123b9250302197f4a7de3b9252ce676d66ca38fe9caab375b16a929ebf6d,785940.0,577.0,5886.0,191.0,3.0,2026-09-19T09:42:59.807920
20211109,OK,https://nsearchives.nseindia.com/content/historical/DERIVATIVES/2021/NOV/fo09NOV2021bhav.csv.zip,234545eeb333f0392aca1f1a570b2821c29fdae8efa81a45f8113c7703d6ab3e,793002.0,577.0,5898.0,191.0,3.0,2026-09-19T09:43:01.806588
20211110,OK,https://nsearchives.nseindia.com/content/historical/DERIVATIVES/2021/NOV/fo10NOV2021bhav.csv.zip,21545bbcc4d9f92d1deb089846c33c0effac881f3835554448030211404d721b,796680.0,576.0,5866.0,191.0,3.0,2026-09-19T09:43:03.571093
20211111,OK,https://nsearchives.nseindia.com/content/historical/DERIVATIVES/2021/NOV/fo11NOV2021bhav.csv.zip,bd8c700de22cc45e1586091de647842289de5e5e0eb19089989b3183911739e6,798616.0,576.0,5882.0,191.0,3.0,2026-09-19T09:43:05.978967
20211112,OK,https://nsearchives.nseindia.com/content/historical/DERIVATIVES/2021/NOV/fo12NOV2021bhav.csv.zip,22013e923d6e231e788549d91dbc4f34a0a1d177eec4ba0176930fe9c73d9816,799556.0,576.0,5780.0,191.0,3.0,2026-09-19T09:43:08.934943
20211115,OK,https://nsearchives.nseindia.com/content/historical/DERIVATIVES/2021/NOV/fo15NOV2021bhav.csv.zip,215acd20db98ef7aa6bd9b7193adf9ab8a3d68c6bc377e92d3e58ef7171ca943,802645.0,576.0,5796.0,191.0,3.0,2026-09-19T09:43:11.840238
20211116,OK,https://nsearchives.nseindia.com/content/historical/DERIVATIVES/2021/NOV/fo16NOV2021bhav.csv.zip,a9d41ca1d762461f9736db09bab3ba32d650fca0b4c108f9f52e6d7f4e8f06f6,807957.0,576.0,5796.0,191.0,3.0,2026-09-19T09:43:14.690548
20211117,OK,https://nsearchives.nseindia.com/content/historical/DERIVATIVES/2021/NOV/fo17NOV2021bhav.csv.zip,9eb9728f98ae3ba70ad2f0c24dbd6b7464edc2d5e7a4f1cba9b8fe7c01d84a2d,813249.0,575.0,5794.0,191.0,3.0,2026-09-19T09:43:16.597445
20211118,OK,https://nsearchives.nseindia.com/content/historical/DERIVATIVES/2021/NOV/fo18NOV2021bhav.csv.zip,912f8c4cad6e9e5a95ca46fa76751c7ac42176456d81db698cf969974c683fd9,827080.0,575.0,5836.0,191.0,3.0,2026-09-19T09:43:19.436788
20211122,OK,https://nsearchives.nseindia.com/content/historical/DERIVATIVES/2021/NOV/fo22NOV2021bhav.csv.zip,d181b0dd24ebe8da4b8dee24f1ba71f5b8e91d751ac96a16511414388d799e90,835979.0,575.0,5726.0,191.0,3.0,2026-09-19T09:43:21.565141
20211123,OK,https://nsearchives.nseindia.com/content/historical/DERIVATIVES/2021/NOV/fo23NOV2021bhav.csv.zip,3cfbdee2a757f5b8c1ccce8d58190303aa3008b840fd1bd7e928f40677422a3d,838831.0,575.0,5994.0,191.0,3.0,2026-09-19T09:43:23.557949
20211124,OK,https://nsearchives.nseindia.com/content/historical/DERIVATIVES/2021/NOV/fo24NOV2021bhav.csv.zip,35641a605c3f2336175b042f1b09fe25621c8704e70ce3834e6d3ac559876574,837342.0,574.0,5948.0,191.0,3.0,2026-09-19T09:43:25.654292
20211125,OK,https://nsearchives.nseindia.com/content/historical/DERIVATIVES/2021/NOV/fo25NOV2021bhav.csv.zip,fa0c76507d005a6b64a48b9a980acc113e0b2d4e031d638d35070c34c9fbe65c,819166.0,574.0,5948.0,191.0,3.0,2026-09-19T09:43:27.666566
20211126,OK,https://nsearchives.nseindia.com/content/historical/DERIVATIVES/2021/NOV/fo26NOV2021bhav.csv.zip,d6e19b7dac923f9a5f7f89404c86e38051833ac6099dfe7265005986a4ee1e6b,750339.0,574.0,5762.0,191.0,3.0,2026-09-19T09:43:29.760350
20211129,OK,https://nsearchives.nseindia.com/content/historical/DERIVATIVES/2021/NOV/fo29NOV2021bhav.csv.zip,4e83c7a1f393a1b7400a54f2faa2170fb4a77d176360b1af94e98f5b46c2e4e0,761132.0,574.0,6254.0,191.0,3.0,2026-09-19T09:43:32.014543
20211130,OK,https://nsearchives.nseindia.com/content/historical/DERIVATIVES/2021/NOV/fo30NOV2021bhav.csv.zip,df549a210583ea96ec3f2368cbecb3af00d7ad52300cdfabc9bc411c76a7b2b0,764642.0,574.0,6254.0,191.0,3.0,2026-09-19T09:43:33.821637
20211201,OK,https://nsearchives.nseindia.com/content/historical/DERIVATIVES/2021/DEC/fo01DEC2021bhav.csv.zip,0e22ae8d5a22a27f27b4e0c9c63b0b7158396dee3d250918125a5054f3a6e434,765220.0,574.0,6308.0,191.0,3.0,2026-09-19T09:43:35.750601
20211202,OK,https://nsearchives.nseindia.com/content/historical/DERIVATIVES/2021/DEC/fo02DEC2021bhav.csv.zip,62f54520eb8e578c39b7e76ac0a899fc4261de8e262afc1175f3de3075fe8163,764320.0,574.0,6314.0,191.0,3.0,2026-09-19T09:43:38.413355
20211203,OK,https://nsearchives.nseindia.com/content/historical/DERIVATIVES/2021/DEC/fo03DEC2021bhav.csv.zip,9ceb3245cde5585c38c99dfbe145dfc1f09ddae595c06c8f5d97cc2be7de9af7,765282.0,574.0,6148.0,191.0,3.0,2026-09-19T09:43:41.245675
20211206,OK,https://nsearchives.nseindia.com/content/historical/DERIVATIVES/2021/DEC/fo06DEC2021bhav.csv.zip,7f8f84ac945000e3a5d0fc666aa740f1b18dbd08110a39f7fdf448b9521d9659,765011.0,574.0,6162.0,191.0,3.0,2026-09-19T09:43:43.337946
20211207,OK,https://nsearchives.nseindia.com/content/historical/DERIVATIVES/2021/DEC/fo07DEC2021bhav.csv.zip,785c6c323d8a5a46c0ea4f9b50a9feb7a1e75d1dd685b60fae21dc02c963c3b8,767520.0,574.0,6220.0,191.0,3.0,2026-09-19T09:43:45.020721
20211208,OK,https://nsearchives.nseindia.com/content/historical/DERIVATIVES/2021/DEC/fo08DEC2021bhav.csv.zip,42d98ec1dbf89f14a14f05b199d528ad2e05ab14f935c77445621ce453115319,771904.0,573.0,6178.0,191.0,3.0,2026-09-19T09:43:47.020727
20211209,OK,https://nsearchives.nseindia.com/content/historical/DERIVATIVES/2021/DEC/fo09DEC2021bhav.csv.zip,ffae325346cdf82c81b218307c4d5e9d783972e3c07e853064ab994e0d378f5f,773489.0,573.0,6206.0,191.0,3.0,2026-09-19T09:43:49.121992
20211210,OK,https://nsearchives.nseindia.com/content/historical/DERIVATIVES/2021/DEC/fo10DEC2021bhav.csv.zip,75da05e607d5b8b2e0765905d78459b5968b229178dc35d8adc8a4173d2097d2,770842.0,573.0,6034.0,191.0,3.0,2026-09-19T09:43:50.914671
20211213,OK,https://nsearchives.nseindia.com/content/historical/DERIVATIVES/2021/DEC/fo13DEC2021bhav.csv.zip,0d0167eecb9da57d1a0eb5fb4aadeb7806bf6a84e9cdaa54b1e4823de004334a,775374.0,573.0,6034.0,191.0,3.0,2026-09-19T09:43:53.435497
20211214,OK,https://nsearchives.nseindia.com/content/historical/DERIVATIVES/2021/DEC/fo14DEC2021bhav.csv.zip,bc8f73abdeff0ad34a0602f4753086cf43b030f0bd40ac48b341e137bd6a6ea7,773678.0,573.0,6044.0,191.0,3.0,2026-09-19T09:43:55.292449
20211215,OK,https://nsearchives.nseindia.com/content/historical/DERIVATIVES/2021/DEC/fo15DEC2021bhav.csv.zip,c1a7897b1d02df4d6bb2efb6dd57cfd3faf107c7a0f26dc49eb55247c2099da4,774666.0,573.0,6004.0,191.0,3.0,2026-09-19T09:43:57.155949
20211216,OK,https://nsearchives.nseindia.com/content/historical/DERIVATIVES/2021/DEC/fo16DEC2021bhav.csv.zip,2d11ae8186320e7df6d0bde31a09aaafd28cac2943fa33672952eb1e98539476,776396.0,573.0,6014.0,191.0,3.0,2026-09-19T09:43:59.309069
20211217,OK,https://nsearchives.nseindia.com/content/historical/DERIVATIVES/2021/DEC/fo17DEC2021bhav.csv.zip,fca6c7f97b95cc1a430114ceb68c0c057edb51de038947846ada754e0d160a05,785076.0,573.0,5850.0,191.0,3.0,2026-09-19T09:44:01.661861
20211220,OK,https://nsearchives.nseindia.com/content/historical/DERIVATIVES/2021/DEC/fo20DEC2021bhav.csv.zip,7e17f24580708f87431cba9049d5d9f8ddd37f4890127bfc11f7583c74831177,803492.0,573.0,5968.0,191.0,3.0,2026-09-19T09:44:03.574207
20211221,OK,https://nsearchives.nseindia.com/content/historical/DERIVATIVES/2021/DEC/fo21DEC2021bhav.csv.zip,5fb05dd5a9c7b489504a883e59f40cad7f1332d5db2d5db3af7c0266f99f1f9b,805154.0,573.0,6438.0,191.0,3.0,2026-09-19T09:44:06.067372
20211222,OK,https://nsearchives.nseindia.com/content/historical/DERIVATIVES/2021/DEC/fo22DEC2021bhav.csv.zip,c8fea1fd4fc0421038467b78f94baa45b1041a33ee7aed8088edfed83d8b3da3,800909.0,573.0,6380.0,191.0,3.0,2026-09-19T09:44:08.150188
20211223,OK,https://nsearchives.nseindia.com/content/historical/DERIVATIVES/2021/DEC/fo23DEC2021bhav.csv.zip,1d308844d78fce77440b811bb0be1beb8082c2cdf25ac645d3989bec3ada83b8,804057.0,573.0,6384.0,191.0,3.0,2026-09-19T09:44:09.994207
20211224,OK,https://nsearchives.nseindia.com/content/historical/DERIVATIVES/2021/DEC/fo24DEC2021bhav.csv.zip,4d3afd409718a1987a8733169fc9050c454e7df178e86c665217972660e608de,801258.0,573.0,6184.0,191.0,3.0,2026-09-19T09:44:12.845278
20211227,OK,https://nsearchives.nseindia.com/content/historical/DERIVATIVES/2021/DEC/fo27DEC2021bhav.csv.zip,72a47a3683248d88c05d2aa6955dd357955e4c6799fcc78d208f1c0ef6c9babf,806934.0,573.0,6192.0,191.0,3.0,2026-09-19T09:44:14.909963
20211228,OK,https://nsearchives.nseindia.com/content/historical/DERIVATIVES/2021/DEC/fo28DEC2021bhav.csv.zip,31cc59f4596fa5b33ee4833a6ae4452133cf9d6cde0d8782fe2b29260063524f,815295.0,573.0,6194.0,191.0,3.0,2026-09-19T09:44:16.834395
20211229,OK,https://nsearchives.nseindia.com/content/historical/DERIVATIVES/2021/DEC/fo29DEC2021bhav.csv.zip,a6091031b1845e24a9acc2e0a14c1415135bce60252a0ff45cd89330d8113914,815729.0,573.0,6144.0,191.0,3.0,2026-09-19T09:44:18.564974
20211230,OK,https://nsearchives.nseindia.com/content/historical/DERIVATIVES/2021/DEC/fo30DEC2021bhav.csv.zip,815591b85dd1f202bb6d8a4cce0d70ea000472cd40dc0d7688c75f4a2ebe434d,803773.0,573.0,6146.0,191.0,3.0,2026-09-19T09:44:20.361818
20211231,OK,https://nsearchives.nseindia.com/content/historical/DERIVATIVES/2021/DEC/fo31DEC2021bhav.csv.zip,eefa34494a94c6d304dcbacbd172f7bf89835f4b13ab4ccfee6c181cdeb44231,773744.0,600.0,5799.0,200.0,3.0,2026-09-19T09:44:22.071051
20220103,OK,https://nsearchives.nseindia.com/content/historical/DERIVATIVES/2022/JAN/fo03JAN2022bhav.csv.zip,6d6ec3716c76d495c43da509b71c3260653d7f259c01b897143cc94f68a704ab,785686.0,600.0,5833.0,200.0,3.0,2026-09-19T09:44:24.750832
20220104,OK,https://nsearchives.nseindia.com/content/historical/DERIVATIVES/2022/JAN/fo04JAN2022bhav.csv.zip,c85fbabe5f58af792682d3a9a720706d14f4361a0a751b925445202d3d22b773,795933.0,600.0,5965.0,200.0,3.0,2026-09-19T09:44:26.334392
20220105,OK,https://nsearchives.nseindia.com/content/historical/DERIVATIVES/2022/JAN/fo05JAN2022bhav.csv.zip,1095c25ceff5d1b477196a856260bad0ea31582960e30800d4e441b8c308baf4,805067.0,600.0,5991.0,200.0,3.0,2026-09-19T09:44:28.755621
20220106,OK,https://nsearchives.nseindia.com/content/historical/DERIVATIVES/2022/JAN/fo06JAN2022bhav.csv.zip,fb3d175f9cb356d9089130a95c4b6d33680ace353afd23c8d1053e11c27c4e47,808365.0,600.0,6137.0,200.0,3.0,2026-09-19T09:44:31.008056
20220107,OK,https://nsearchives.nseindia.com/content/historical/DERIVATIVES/2022/JAN/fo07JAN2022bhav.csv.zip,b2626832b28204d551c5790215971ce19909eb26df04d87d102ab919d18bf847,823084.0,600.0,5973.0,200.0,3.0,2026-09-19T09:44:33.330074
20220110,OK,https://nsearchives.nseindia.com/content/historical/DERIVATIVES/2022/JAN/fo10JAN2022bhav.csv.zip,61698f5fd6bf4e5166c5e26f79708046ffd0ba2d833eedd110c4f0fe056433f4,825766.0,600.0,5979.0,200.0,3.0,2026-09-19T09:44:35.604499
20220111,OK,https://nsearchives.nseindia.com/content/historical/DERIVATIVES/2022/JAN/fo11JAN2022bhav.csv.zip,58c1eb5d6579ed7e09d2f98295777ac570e0d6e599d2c1efb42b572fe334af7c,828700.0,600.0,6121.0,200.0,3.0,2026-09-19T09:44:37.260153
20220112,OK,https://nsearchives.nseindia.com/content/historical/DERIVATIVES/2022/JAN/fo12JAN2022bhav.csv.zip,6d16e65195f916eb2b3fefc6727ffc81ba5cb710561264136d0739a08782827f,831917.0,600.0,6107.0,200.0,3.0,2026-09-19T09:44:38.914334
20220113,OK,https://nsearchives.nseindia.com/content/historical/DERIVATIVES/2022/JAN/fo13JAN2022bhav.csv.zip,138d13b8123426696224e8ffb3b65e6c38ad8a9a89d03aa978a6a4594fe83db2,837794.0,600.0,6243.0,200.0,3.0,2026-09-19T09:44:40.640076
20220114,OK,https://nsearchives.nseindia.com/content/historical/DERIVATIVES/2022/JAN/fo14JAN2022bhav.csv.zip,8dbd2a386a3161eab15ba52dc2df62f52b6bef0bc3b6c3ff87c7d187e68464a3,836753.0,600.0,6111.0,200.0,3.0,2026-09-19T09:44:42.488771
20220117,OK,https://nsearchives.nseindia.com/content/historical/DERIVATIVES/2022/JAN/fo17JAN2022bhav.csv.zip,d35f7295fb9e533adf3b0d8723c8e341b1ad3c14c3a81b8a0a128c8984e8b84e,842783.0,600.0,6113.0,200.0,3.0,2026-09-19T09:44:44.559621
20220118,OK,https://nsearchives.nseindia.com/content/historical/DERIVATIVES/2022/JAN/fo18JAN2022bhav.csv.zip,b0371368dfff3593e713f747638484b748bd86b6ebcd6253cdb98cf8379ec55c,852362.0,600.0,6137.0,200.0,3.0,2026-09-19T09:44:46.340748
20220119,OK,https://nsearchives.nseindia.com/content/historical/DERIVATIVES/2022/JAN/fo19JAN2022bhav.csv.zip,0e714baaa58fae32c24722beb303260ca595969b93678abdfb9a4508d0cb8d98,854998.0,600.0,6103.0,200.0,3.0,2026-09-19T09:44:47.966860
20220120,OK,https://nsearchives.nseindia.com/content/historical/DERIVATIVES/2022/JAN/fo20JAN2022bhav.csv.zip,cd58ab7f29d22775440cc1fb923a09d08913dca791c9188e09e4c52b6cb55040,856903.0,600.0,6121.0,200.0,3.0,2026-09-19T09:44:49.664381
20220121,OK,https://nsearchives.nseindia.com/content/historical/DERIVATIVES/2022/JAN/fo21JAN2022bhav.csv.zip,65fb9ed4e6cc16fbda5738525f2d48fc13229cc53332db51046e572ef6b6e2cb,866281.0,600.0,5985.0,200.0,3.0,2026-09-19T09:44:51.911750
20220124,OK,https://nsearchives.nseindia.com/content/historical/DERIVATIVES/2022/JAN/fo24JAN2022bhav.csv.zip,ea579ca1e3306832e11b53a9464e099d2c824a9a4a7b90845e5e83d6d753c543,891434.0,610.0,7239.0,201.0,4.0,2026-09-19T09:44:53.992542
20220125,OK,https://nsearchives.nseindia.com/content/historical/DERIVATIVES/2022/JAN/fo25JAN2022bhav.csv.zip,99aea7caff2ecdb0d51100eed28ee61f903e431dc035fbc69bc96b6af45e34a3,901101.0,610.0,7479.0,201.0,4.0,2026-09-19T09:44:56.266080
20220127,OK,https://nsearchives.nseindia.com/content/historical/DERIVATIVES/2022/JAN/fo27JAN2022bhav.csv.zip,ebc1b2e8896233e4fcbfddd318798a14b82ba17b35cc93ae598fb00c2c52e2a0,888008.0,610.0,7409.0,201.0,4.0,2026-09-19T09:44:58.438243
20220128,OK,https://nsearchives.nseindia.com/content/historical/DERIVATIVES/2022/JAN/fo28JAN2022bhav.csv.zip,d5a22280eb6484eac5cf7ded93e43292d9b2a47b31e1100144e5e4755af6b005,809413.0,616.0,7241.0,203.0,4.0,2026-09-19T09:45:00.435898
20220131,OK,https://nsearchives.nseindia.com/content/historical/DERIVATIVES/2022/JAN/fo31JAN2022bhav.csv.zip,671afcfab067aed48a9011f0de60345f04371927f75f0e63325715f709575f51,810933.0,616.0,7251.0,203.0,4.0,2026-09-19T09:45:03.092435
20220201,OK,https://nsearchives.nseindia.com/content/historical/DERIVATIVES/2022/FEB/fo01FEB2022bhav.csv.zip,1af525d915ca6ac3b7484ec8246789181e2744cb6f43d12e9c1bb78092c11b60,821622.0,616.0,7265.0,203.0,4.0,2026-09-19T09:45:05.066117
20220202,OK,https://nsearchives.nseindia.com/content/historical/DERIVATIVES/2022/FEB/fo02FEB2022bhav.csv.zip,721097ea1fd599d1beda7420f7a520f8502abd1578ed27fac514517895331455,825775.0,616.0,7271.0,203.0,4.0,2026-09-19T09:45:08.892798
20220203,OK,https://nsearchives.nseindia.com/content/historical/DERIVATIVES/2022/FEB/fo03FEB2022bhav.csv.zip,25fbb52a7b8ef12fb4eed22a3cb93a969e0a093e35c4a8d73a1d508220e7fd7d,826119.0,616.0,7465.0,203.0,4.0,2026-09-19T09:45:11.233829
20220204,OK,https://nsearchives.nseindia.com/content/historical/DERIVATIVES/2022/FEB/fo04FEB2022bhav.csv.zip,05719c5fa44ad3bd392a4e9e59179bbd156c0b28b1db6a172e6e34064124bc1f,821865.0,616.0,7137.0,203.0,4.0,2026-09-19T09:45:13.505107
20220207,OK,https://nsearchives.nseindia.com/content/historical/DERIVATIVES/2022/FEB/fo07FEB2022bhav.csv.zip,bd628449f19e19689f5756f946e2f17cdfecfff14125e48f8aabe2457b049db3,827081.0,616.0,7143.0,203.0,4.0,2026-09-19T09:45:16.299278
20220208,OK,https://nsearchives.nseindia.com/content/historical/DERIVATIVES/2022/FEB/fo08FEB2022bhav.csv.zip,a506d8bc9aa6c9df35aa28a5bdeac6dc860584061579038176b845f40fe59f16,829758.0,616.0,7169.0,203.0,4.0,2026-09-19T09:45:17.969771
20220209,OK,https://nsearchives.nseindia.com/content/historical/DERIVATIVES/2022/FEB/fo09FEB2022bhav.csv.zip,a48224b6fcc742a6bb30ea9b9113d0b5455862b49f1b5d2e58fe7edd7fa7716e,828989.0,616.0,7115.0,203.0,4.0,2026-09-19T09:45:19.742455
20220210,OK,https://nsearchives.nseindia.com/content/historical/DERIVATIVES/2022/FEB/fo10FEB2022bhav.csv.zip,ed8b309d4aee0eaea37b36a83943e0af78d514ff9c6de65438177b3041303e1c,832449.0,616.0,7125.0,203.0,4.0,2026-09-19T09:45:21.849873
20220211,OK,https://nsearchives.nseindia.com/content/historical/DERIVATIVES/2022/FEB/fo11FEB2022bhav.csv.zip,373d1ded9f6ca8886ce6aca1517b8555e63ccf9f691d6e354b6a9b999e8af3c5,829384.0,616.0,6805.0,203.0,4.0,2026-09-19T09:45:24.188407
20220214,OK,https://nsearchives.nseindia.com/content/historical/DERIVATIVES/2022/FEB/fo14FEB2022bhav.csv.zip,2a4a9f4865b08a384dcb2e361f858ab4ebc559656281c5acbb960526a240b5ac,846510.0,616.0,6819.0,203.0,4.0,2026-09-19T09:45:27.337833
20220215,OK,https://nsearchives.nseindia.com/content/historical/DERIVATIVES/2022/FEB/fo15FEB2022bhav.csv.zip,01c1a792f50618a9cb4bac91aefa1392be7f6a54bdaa200c24e4bb9fb6ad1638,855566.0,616.0,7075.0,203.0,4.0,2026-09-19T09:45:28.905107
20220216,OK,https://nsearchives.nseindia.com/content/historical/DERIVATIVES/2022/FEB/fo16FEB2022bhav.csv.zip,eb8f1bb99ce02b81f80044fee7c6a0a3bd2d719012e19d99fa23ed3d53d1d7b2,849784.0,616.0,7011.0,203.0,4.0,2026-09-19T09:45:30.957498
20220217,OK,https://nsearchives.nseindia.com/content/historical/DERIVATIVES/2022/FEB/fo17FEB2022bhav.csv.zip,450595e103a75bea5b6b9273bf1b3b0ea5e5c3373a6a31fab076d05c4b1553aa,845992.0,616.0,7013.0,203.0,4.0,2026-09-19T09:45:32.725723
20220218,OK,https://nsearchives.nseindia.com/content/historical/DERIVATIVES/2022/FEB/fo18FEB2022bhav.csv.zip,1d1674364718b2b43829fbfeccab72c2aae79980dcbc7654a29b2f9a3f1bb08b,849250.0,616.0,6685.0,203.0,4.0,2026-09-19T09:45:34.716406
20220221,OK,https://nsearchives.nseindia.com/content/historical/DERIVATIVES/2022/FEB/fo21FEB2022bhav.csv.zip,b6430ecc6e25e2ea6fb252c9fd84ca1cdec7465d0bd168b49794037f24a07bfe,857075.0,616.0,6689.0,203.0,4.0,2026-09-19T09:45:36.806250
20220222,OK,https://nsearchives.nseindia.com/content/historical/DERIVATIVES/2022/FEB/fo22FEB2022bhav.csv.zip,f5b5344b8d2dc3da860c0407df6074062edc8c0aa1c3d4a593163004e72b45e0,867445.0,616.0,6695.0,203.0,4.0,2026-09-19T09:45:38.691112
20220223,OK,https://nsearchives.nseindia.com/content/historical/DERIVATIVES/2022/FEB/fo23FEB2022bhav.csv.zip,04267cc76b1c263d6dc084f8203230c915e84bade8376e88ab03aaedda316c03,865695.0,616.0,6637.0,203.0,4.0,2026-09-19T09:45:41.124673
20220224,OK,https://nsearchives.nseindia.com/content/historical/DERIVATIVES/2022/FEB/fo24FEB2022bhav.csv.zip,086facb4b4dc7f4ee1a9401623e7195df881d651e0b6e7228dc541647dc69e69,873686.0,616.0,6643.0,203.0,4.0,2026-09-19T09:45:43.257006
20220225,OK,https://nsearchives.nseindia.com/content/historical/DERIVATIVES/2022/FEB/fo25FEB2022bhav.csv.zip,1959c87b17ade95544b4e74cdfb511d5b5522d6c1b03ee471b98360b185223d4,785653.0,615.0,7141.0,203.0,4.0,2026-09-19T09:45:44.798923
20220228,OK,https://nsearchives.nseindia.com/content/historical/DERIVATIVES/2022/FEB/fo28FEB2022bhav.csv.zip,de33ac49c987c5e295dfb1de8453805a8a10ef1b8f2c13196406e6e9d8003148,789588.0,615.0,7181.0,203.0,4.0,2026-09-19T09:45:46.618291
20220302,OK,https://nsearchives.nseindia.com/content/historical/DERIVATIVES/2022/MAR/fo02MAR2022bhav.csv.zip,3bf6996c6055bd67cbca0616c5c06b54d81f583c76e67a0d236fae30a9243f54,797323.0,615.0,7101.0,203.0,4.0,2026-09-19T09:45:48.974396
20220303,OK,https://nsearchives.nseindia.com/content/historical/DERIVATIVES/2022/MAR/fo03MAR2022bhav.csv.zip,1e91a6e563197f208d57c63b35905837c9f76f0690ae7d8a84afcfe4a4ace884,800724.0,615.0,7107.0,203.0,4.0,2026-09-19T09:45:50.781257
20220304,OK,https://nsearchives.nseindia.com/content/historical/DERIVATIVES/2022/MAR/fo04MAR2022bhav.csv.zip,64aa55829b3bbadc031560e165f1c21db31d678ccc09bf1531e4da06ddad5877,809348.0,615.0,6997.0,203.0,4.0,2026-09-19T09:45:52.927136
20220307,OK,https://nsearchives.nseindia.com/content/historical/DERIVATIVES/2022/MAR/fo07MAR2022bhav.csv.zip,3f56dcdee1e888cd36c40220dde97063e55aa8b2b3d425a175f9bd32c8493798,816445.0,615.0,7143.0,203.0,4.0,2026-09-19T09:45:55.484568
20220308,OK,https://nsearchives.nseindia.com/content/historical/DERIVATIVES/2022/MAR/fo08MAR2022bhav.csv.zip,5944b2c1a2e6aa37d287a34bac7f96cdc373436674c07949594320cdfbc39448,831976.0,615.0,7679.0,203.0,4.0,2026-09-19T09:45:57.527246
20220309,OK,https://nsearchives.nseindia.com/content/historical/DERIVATIVES/2022/MAR/fo09MAR2022bhav.csv.zip,62115e8ed9c84156326963146ad9cb93f972b43af88cebc94c1458623ed55dd3,833433.0,615.0,7569.0,203.0,4.0,2026-09-19T09:46:00.001085
20220310,OK,https://nsearchives.nseindia.com/content/historical/DERIVATIVES/2022/MAR/fo10MAR2022bhav.csv.zip,8fec6ef61bd0247e5321efa10f66a46d8f6c2acead5f5a91f7c772bd3902859f,841684.0,615.0,7583.0,203.0,4.0,2026-09-19T09:46:02.084572
20220311,OK,https://nsearchives.nseindia.com/content/historical/DERIVATIVES/2022/MAR/fo11MAR2022bhav.csv.zip,faed085bae758d85d7807ff34ac701d84df512c295f3d398c6f801cbd741c4ce,830235.0,615.0,7369.0,203.0,4.0,2026-09-19T09:46:04.320753
20220314,OK,https://nsearchives.nseindia.com/content/historical/DERIVATIVES/2022/MAR/fo14MAR2022bhav.csv.zip,6d53429140259897c8b6e3617277110fca8a79f5c7e1ce5f5c2b90a9c22bc729,835164.0,615.0,7377.0,203.0,4.0,2026-09-19T09:46:05.980215
20220315,OK,https://nsearchives.nseindia.com/content/historical/DERIVATIVES/2022/MAR/fo15MAR2022bhav.csv.zip,c343e9fb0ea9acceeb65655b0509e57255c44f61a70b720fb5d9f25a211e658a,843345.0,615.0,7425.0,203.0,4.0,2026-09-19T09:46:07.772792
20220316,OK,https://nsearchives.nseindia.com/content/historical/DERIVATIVES/2022/MAR/fo16MAR2022bhav.csv.zip,a31e582538aa019f120d5a606a317bd3b8a5f818c32065d6178c4e0ce32c13ef,840484.0,615.0,7315.0,203.0,4.0,2026-09-19T09:46:09.680083
20220317,OK,https://nsearchives.nseindia.com/content/historical/DERIVATIVES/2022/MAR/fo17MAR2022bhav.csv.zip,273c788b0b576e084dc23f6a27e8fcbb330b305607b667210f2852634080a882,852921.0,615.0,7375.0,203.0,4.0,2026-09-19T09:46:11.445442
20220321,OK,https://nsearchives.nseindia.com/content/historical/DERIVATIVES/2022/MAR/fo21MAR2022bhav.csv.zip,8a34dc3dddb6d2f3b6479e63b4a06f5d409d30c4000e8357b54d919504184332,848328.0,615.0,7249.0,203.0,4.0,2026-09-19T09:46:13.119619
20220322,OK,https://nsearchives.nseindia.com/content/historical/DERIVATIVES/2022/MAR/fo22MAR2022bhav.csv.zip,5a50ea78f26689772bb76cfa60b1950e5ba5e886bd773d21575280edfe53c5fc,853380.0,615.0,7265.0,203.0,4.0,2026-09-19T09:46:15.025414
20220323,OK,https://nsearchives.nseindia.com/content/historical/DERIVATIVES/2022/MAR/fo23MAR2022bhav.csv.zip,f88203255d06b80708198c429e67a6ad0198426889c45d1b01f9e7f8294b242c,852414.0,615.0,7159.0,203.0,4.0,2026-09-19T09:46:18.177467
20220324,OK,https://nsearchives.nseindia.com/content/historical/DERIVATIVES/2022/MAR/fo24MAR2022bhav.csv.zip,88e02cffd1604196745a73e847ee20ef05fe7655b97428f409eaf415c4c1cf55,852707.0,615.0,7165.0,203.0,4.0,2026-09-19T09:46:20.026900
20220325,OK,https://nsearchives.nseindia.com/content/historical/DERIVATIVES/2022/MAR/fo25MAR2022bhav.csv.zip,b4ef5d3f03238390a3506f802881088cdb11177a8e7b2d4e5b421f2c4ee8f8de,854670.0,615.0,6983.0,203.0,4.0,2026-09-19T09:46:21.790580
20220328,OK,https://nsearchives.nseindia.com/content/historical/DERIVATIVES/2022/MAR/fo28MAR2022bhav.csv.zip,9e0270147ece00f6ec450cbf3eb020958987a03f606e02df7b7ac7148ff64772,864103.0,615.0,6991.0,203.0,4.0,2026-09-19T09:46:24.685892
20220329,OK,https://nsearchives.nseindia.com/content/historical/DERIVATIVES/2022/MAR/fo29MAR2022bhav.csv.zip,8650ec6834deab9b16e298ce9f728e78c06a2706ea0e5f82f518a737d736d5e2,869464.0,615.0,6995.0,203.0,4.0,2026-09-19T09:46:27.914694
20220330,OK,https://nsearchives.nseindia.com/content/historical/DERIVATIVES/2022/MAR/fo30MAR2022bhav.csv.zip,125b236424ab3b933e051b9c426c9a491fe1134d7408b58acd1da5ad523862d7,874228.0,615.0,6903.0,203.0,4.0,2026-09-19T09:46:29.805056
20220331,OK,https://nsearchives.nseindia.com/content/historical/DERIVATIVES/2022/MAR/fo31MAR2022bhav.csv.zip,8fad4e973c98ab411394bd1569441da7ce4c09c98a3158f130ebdfbcfc140e28,854277.0,615.0,6967.0,203.0,4.0,2026-09-19T09:46:31.717181
20220401,OK,https://nsearchives.nseindia.com/content/historical/DERIVATIVES/2022/APR/fo01APR2022bhav.csv.zip,c57e7c03e8a95df538daa5b8ec84681cb00f23e9adb819fe62d2718c8df1c36c,788691.0,614.0,6753.0,203.0,4.0,2026-09-19T09:46:33.223795
20220404,OK,https://nsearchives.nseindia.com/content/historical/DERIVATIVES/2022/APR/fo04APR2022bhav.csv.zip,5fbd21bcf30e66259b16b37c97fcdeb4109cae484738d3e6cb7a7b53d9e11481,810951.0,614.0,6943.0,203.0,4.0,2026-09-19T09:46:34.802041
20220405,OK,https://nsearchives.nseindia.com/content/historical/DERIVATIVES/2022/APR/fo05APR2022bhav.csv.zip,5d8a7a3ae5633f6ed50e11a5fadfd64dcda954eda6e851f2877a2fea39b3a191,823736.0,614.0,7419.0,203.0,4.0,2026-09-19T09:46:36.876903
20220406,OK,https://nsearchives.nseindia.com/content/historical/DERIVATIVES/2022/APR/fo06APR2022bhav.csv.zip,597c174c57811eac7b0213a20ef34982d895fc1499100da434ede9f185ceca8c,826313.0,614.0,7345.0,203.0,4.0,2026-09-19T09:46:38.698509
20220407,OK,https://nsearchives.nseindia.com/content/historical/DERIVATIVES/2022/APR/fo07APR2022bhav.csv.zip,d5bf1d2f5740560cf3c4206cccdd2ff6c353be7f011e7c6bfc6ffd1e8658e949,832450.0,614.0,7369.0,203.0,4.0,2026-09-19T09:46:41.352877
20220408,OK,https://nsearchives.nseindia.com/content/historical/DERIVATIVES/2022/APR/fo08APR2022bhav.csv.zip,bb64642ea089643ac7fecfa395f5cf6af59b705919460811bcde05e74b4585de,827537.0,614.0,7171.0,203.0,4.0,2026-09-19T09:46:43.094989
20220411,OK,https://nsearchives.nseindia.com/content/historical/DERIVATIVES/2022/APR/fo11APR2022bhav.csv.zip,2e129f6521c09a1fed3c0630e77398b2dc39cec361357d97e01883ec1949619b,827329.0,614.0,7181.0,203.0,4.0,2026-09-19T09:46:46.055772
20220412,OK,https://nsearchives.nseindia.com/content/historical/DERIVATIVES/2022/APR/fo12APR2022bhav.csv.zip,ddbde8b4ae74562b1b4d987bea822d461c6a89c4d403d1175d0fdc63072b4e76,833788.0,614.0,7181.0,203.0,4.0,2026-09-19T09:46:47.779930
20220413,OK,https://nsearchives.nseindia.com/content/historical/DERIVATIVES/2022/APR/fo13APR2022bhav.csv.zip,723e511e88142a9a59b45077e3158f68e5f95f507f93eb683eb6d3f26d1ab7c5,829091.0,614.0,7087.0,203.0,4.0,2026-09-19T09:46:50.219923
20220418,OK,https://nsearchives.nseindia.com/content/historical/DERIVATIVES/2022/APR/fo18APR2022bhav.csv.zip,13672bf809369ef3506c4092610a46932aedba8f5c2f2e9ccf7eec16e2e458f5,833250.0,614.0,6929.0,203.0,4.0,2026-09-19T09:46:51.806342
20220419,OK,https://nsearchives.nseindia.com/content/historical/DERIVATIVES/2022/APR/fo19APR2022bhav.csv.zip,02f6a688f80acd1279e4c18e9cc6c3e3268ab44acf342f89104904bae18878aa,841177.0,614.0,7025.0,203.0,4.0,2026-09-19T09:46:53.582903
20220420,OK,https://nsearchives.nseindia.com/content/historical/DERIVATIVES/2022/APR/fo20APR2022bhav.csv.zip,4be64459f3ec60a7b265c24a91f9fa3dad9f2d26235968ad60dcd8d85f53e9bb,843738.0,614.0,7001.0,203.0,4.0,2026-09-19T09:46:56.179759
20220421,OK,https://nsearchives.nseindia.com/content/historical/DERIVATIVES/2022/APR/fo21APR2022bhav.csv.zip,e1952d0f7a76704ab25767fa886b740edc664d7a322b83c3df18ccf7290898a6,846121.0,614.0,7003.0,203.0,4.0,2026-09-19T09:46:57.926897
20220422,OK,https://nsearchives.nseindia.com/content/historical/DERIVATIVES/2022/APR/fo22APR2022bhav.csv.zip,fd59fb41b96b12845bf90bc1d9606ffe4e207cd9a9da52c0b1afe9fd17db3245,851176.0,614.0,6861.0,203.0,4.0,2026-09-19T09:46:59.573626
20220425,OK,https://nsearchives.nseindia.com/content/historical/DERIVATIVES/2022/APR/fo25APR2022bhav.csv.zip,560dd86abdd2e2684459ef47b6a12d00324a37122cbd8a9caed0466cbad35a29,862097.0,614.0,6905.0,203.0,4.0,2026-09-19T09:47:01.722896
20220426,OK,https://nsearchives.nseindia.com/content/historical/DERIVATIVES/2022/APR/fo26APR2022bhav.csv.zip,b59fc355652696083dbe8a5f25887338ec6a854ff50dc2d8dd0e35b6a2632d4c,870662.0,614.0,6933.0,203.0,4.0,2026-09-19T09:47:04.091533
20220427,OK,https://nsearchives.nseindia.com/content/historical/DERIVATIVES/2022/APR/fo27APR2022bhav.csv.zip,76487d06899541da8cd72482e91fa187c4ae442481f6dd4aac637876fcd5fc40,872451.0,614.0,6829.0,203.0,4.0,2026-09-19T09:47:05.847365
20220428,OK,https://nsearchives.nseindia.com/content/historical/DERIVATIVES/2022/APR/fo28APR2022bhav.csv.zip,85ce1cc314edb661dbd5f8efac24fe267389a2357832057ddd46ab9f96050ca0,855728.0,614.0,6835.0,203.0,4.0,2026-09-19T09:47:07.691609
20220429,OK,https://nsearchives.nseindia.com/content/historical/DERIVATIVES/2022/APR/fo29APR2022bhav.csv.zip,c04ed5c45f73c53f628b947d2f4c8d56bf250c52e39a1ad8b1d9799146cac5f1,767905.0,611.0,6619.0,202.0,4.0,2026-09-19T09:47:09.688853
20220502,OK,https://nsearchives.nseindia.com/content/historical/DERIVATIVES/2022/MAY/fo02MAY2022bhav.csv.zip,82766812def3416ec00330db5888ec3bb472369f7851b349588b3132a3f2e8be,766611.0,611.0,6631.0,202.0,4.0,2026-09-19T09:47:11.416604
20220504,OK,https://nsearchives.nseindia.com/content/historical/DERIVATIVES/2022/MAY/fo04MAY2022bhav.csv.zip,931ca2805f6e66587d10cf55aa717a0c69b0312e7ee8326a21734391950447c8,772672.0,611.0,6535.0,202.0,4.0,2026-09-19T09:47:13.405943
20220505,OK,https://nsearchives.nseindia.com/content/historical/DERIVATIVES/2022/MAY/fo05MAY2022bhav.csv.zip,1ebe679be0214e5c5244ffb174a7fd5c86c5e21daab7c096872e746798a833fb,774765.0,611.0,6797.0,202.0,4.0,2026-09-19T09:47:15.813314
20220506,OK,https://nsearchives.nseindia.com/content/historical/DERIVATIVES/2022/MAY/fo06MAY2022bhav.csv.zip,cbafd828b8a80041dd692487081bf392fb79e0d93d97a0922a6c595dd5ed9774,778316.0,611.0,6655.0,202.0,4.0,2026-09-19T09:47:17.472482
20220509,OK,https://nsearchives.nseindia.com/content/historical/DERIVATIVES/2022/MAY/fo09MAY2022bhav.csv.zip,27314965cf50bf15c21c2239e21fdc928ba480a07b9269e580616861530f0657,785129.0,611.0,6909.0,202.0,4.0,2026-09-19T09:47:19.207196
20220510,OK,https://nsearchives.nseindia.com/content/historical/DERIVATIVES/2022/MAY/fo10MAY2022bhav.csv.zip,b3bc86776f943d0d1955d28da4b5d90a557165eb8f161e969a3cc4f75db007df,787304.0,611.0,7061.0,202.0,4.0,2026-09-19T09:47:20.857037
20220511,OK,https://nsearchives.nseindia.com/content/historical/DERIVATIVES/2022/MAY/fo11MAY2022bhav.csv.zip,912c3548e04cfcd6e9b8e3c13d43f4fbf08c40d7d89c9e18933fd38ee71e2e69,802573.0,611.0,7015.0,202.0,4.0,2026-09-19T09:47:22.790258
20220512,OK,https://nsearchives.nseindia.com/content/historical/DERIVATIVES/2022/MAY/fo12MAY2022bhav.csv.zip,bcfd44b255e4033bf06440bd223caeb00e568139dbbc1a07bb00f6150d2c88da,809543.0,611.0,7073.0,202.0,4.0,2026-09-19T09:47:25.334677
20220513,OK,https://nsearchives.nseindia.com/content/historical/DERIVATIVES/2022/MAY/fo13MAY2022bhav.csv.zip,0dd6f8926b6bf6e8f6445fd9c04066ebcb19f9f076cb6aa2f1464e038fe2a480,811765.0,611.0,7235.0,202.0,4.0,2026-09-19T09:47:26.979607
20220516,OK,https://nsearchives.nseindia.com/content/historical/DERIVATIVES/2022/MAY/fo16MAY2022bhav.csv.zip,0fbbdb93016e2803d56f89404f183eb133672793b7139591bc9c7044aeb78bd1,817004.0,611.0,7321.0,202.0,4.0,2026-09-19T09:47:28.611486
20220517,OK,https://nsearchives.nseindia.com/content/historical/DERIVATIVES/2022/MAY/fo17MAY2022bhav.csv.zip,27aad6fafadd7a562ae32d29dd347776f26ae270b35831839dc27713e9d954dd,823366.0,611.0,7325.0,202.0,4.0,2026-09-19T09:47:30.168711
20220518,OK,https://nsearchives.nseindia.com/content/historical/DERIVATIVES/2022/MAY/fo18MAY2022bhav.csv.zip,ef0383039077c6a27e5813bf070be4d0248ca12d5eab89632187cc997faa395b,827480.0,611.0,7249.0,202.0,4.0,2026-09-19T09:47:32.315391
20220519,OK,https://nsearchives.nseindia.com/content/historical/DERIVATIVES/2022/MAY/fo19MAY2022bhav.csv.zip,56e1d0c61c20c03359f59f351dfc40bf91e549f21388ddf5dbd7ed29d420c379,831682.0,611.0,7249.0,202.0,4.0,2026-09-19T09:47:34.542523
20220520,OK,https://nsearchives.nseindia.com/content/historical/DERIVATIVES/2022/MAY/fo20MAY2022bhav.csv.zip,aef6b39005e681f72f9385d8556f7ca1e7be4c39965740490411bb01178022ea,837048.0,611.0,7087.0,202.0,4.0,2026-09-19T09:47:36.574174
20220523,OK,https://nsearchives.nseindia.com/content/historical/DERIVATIVES/2022/MAY/fo23MAY2022bhav.csv.zip,982086bd4a50a80b306fddcd5e8c2431f95f2d706dee5b37dd902b2c4e96aa0c,849232.0,611.0,7125.0,202.0,4.0,2026-09-19T09:47:38.781794
20220524,OK,https://nsearchives.nseindia.com/content/historical/DERIVATIVES/2022/MAY/fo24MAY2022bhav.csv.zip,1fb4c595cca8a92b08273d26ce3d26dbf60029d3e89935f26bcb15024a2da7de,848329.0,611.0,7125.0,202.0,4.0,2026-09-19T09:47:41.596069
20220525,OK,https://nsearchives.nseindia.com/content/historical/DERIVATIVES/2022/MAY/fo25MAY2022bhav.csv.zip,103d96d7f1ea74ba34f0ea53c5dbe6fdae2310ee66f36ec5b753f9e3fe20f936,857566.0,611.0,7015.0,202.0,4.0,2026-09-19T09:47:43.507338
20220526,OK,https://nsearchives.nseindia.com/content/historical/DERIVATIVES/2022/MAY/fo26MAY2022bhav.csv.zip,8e1ab6f8ae572d116198ff47e8b8463025c354a02d1afdbdbc11e111735d4de6,851576.0,611.0,7025.0,202.0,4.0,2026-09-19T09:47:45.457207
20220527,OK,https://nsearchives.nseindia.com/content/historical/DERIVATIVES/2022/MAY/fo27MAY2022bhav.csv.zip,1b5e6724a2a4dbcf8179d1ec2fcfe88397fef32dd33e6773de8ca9760fb823da,744825.0,608.0,6869.0,202.0,4.0,2026-09-19T09:47:47.153901
20220530,OK,https://nsearchives.nseindia.com/content/historical/DERIVATIVES/2022/MAY/fo30MAY2022bhav.csv.zip,1a794f2ed44c6b851d8fe722c89083918346143cd2737c261e95af57ebae7ab1,753780.0,608.0,6941.0,202.0,4.0,2026-09-19T09:47:48.771029
20220531,OK,https://nsearchives.nseindia.com/content/historical/DERIVATIVES/2022/MAY/fo31MAY2022bhav.csv.zip,0739d9828acd3a5dab8758fd4fc939936b45c97a7bacb1af3dd98e8b29b517ff,757797.0,608.0,7013.0,202.0,4.0,2026-09-19T09:47:50.373415
20220601,OK,https://nsearchives.nseindia.com/content/historical/DERIVATIVES/2022/JUN/fo01JUN2022bhav.csv.zip,7882144ffabe92e2dbeada8783065fcdc7f8a2b5c60017cb37c5202a6e2b9634,757357.0,608.0,6909.0,202.0,4.0,2026-09-19T09:47:52.349812
20220602,OK,https://nsearchives.nseindia.com/content/historical/DERIVATIVES/2022/JUN/fo02JUN2022bhav.csv.zip,cd8ec39d83fca5a9e118a40853d362abdafcad9a46d1b24d89eb4379ed5b5a73,753981.0,608.0,6909.0,202.0,4.0,2026-09-19T09:47:53.840606
20220603,OK,https://nsearchives.nseindia.com/content/historical/DERIVATIVES/2022/JUN/fo03JUN2022bhav.csv.zip,95e03f6a4801f3eeae7755f704632bfb9716d3958744e8fefe6ffe7ebaf4f188,756258.0,608.0,6755.0,202.0,4.0,2026-09-19T09:47:56.441564
20220606,OK,https://nsearchives.nseindia.com/content/historical/DERIVATIVES/2022/JUN/fo06JUN2022bhav.csv.zip,a9a9acfea608412af36e3d8271f98857e294ff1143b51b56092ed9f39f2a56a8,751652.0,608.0,6769.0,202.0,4.0,2026-09-19T09:47:58.763643
20220607,OK,https://nsearchives.nseindia.com/content/historical/DERIVATIVES/2022/JUN/fo07JUN2022bhav.csv.zip,ac26148f62374e7e92f6a86352f1aa1eba914b6f213f22eb8c617bfe796409b2,753577.0,608.0,6773.0,202.0,4.0,2026-09-19T09:48:00.857990
20220608,OK,https://nsearchives.nseindia.com/content/historical/DERIVATIVES/2022/JUN/fo08JUN2022bhav.csv.zip,79ac912665ceedc4e97efce3bb1fa307d2912030bdd347543b917f6d98798bec,760560.0,608.0,6687.0,202.0,4.0,2026-09-19T09:48:03.144559
20220609,OK,https://nsearchives.nseindia.com/content/historical/DERIVATIVES/2022/JUN/fo09JUN2022bhav.csv.zip,cf4a3788925014acea6449998e2eb4c56b0626dfb9d91f2e1ebd08b7f2e813c8,759781.0,608.0,6697.0,202.0,4.0,2026-09-19T09:48:04.599815
20220610,OK,https://nsearchives.nseindia.com/content/historical/DERIVATIVES/2022/JUN/fo10JUN2022bhav.csv.zip,4037bbc9ead1f1064e31a4cb379320c4991a6a4634e2b77345a0b06f264ff520,755593.0,608.0,6565.0,202.0,4.0,2026-09-19T09:48:06.049317
20220613,OK,https://nsearchives.nseindia.com/content/historical/DERIVATIVES/2022/JUN/fo13JUN2022bhav.csv.zip,3db04f876676f4cdf736526ccfa8340a4242c7cdf14d40a3bcf36075bb7a727a,770906.0,608.0,6623.0,202.0,4.0,2026-09-19T09:48:07.590655
20220614,OK,https://nsearchives.nseindia.com/content/historical/DERIVATIVES/2022/JUN/fo14JUN2022bhav.csv.zip,ed20cc4865bc191aa8b45f8b02933331d3e8e847f6967177f3bdbb7d15fd2692,771591.0,608.0,6807.0,202.0,4.0,2026-09-19T09:48:10.380713
20220615,OK,https://nsearchives.nseindia.com/content/historical/DERIVATIVES/2022/JUN/fo15JUN2022bhav.csv.zip,7f57d4059ed2d4e8048a46b8e1ba9e2cdb84f7dc5edf68680bd06c4001cf85d9,766268.0,608.0,6731.0,202.0,4.0,2026-09-19T09:48:12.338381
20220616,OK,https://nsearchives.nseindia.com/content/historical/DERIVATIVES/2022/JUN/fo16JUN2022bhav.csv.zip,8545a9a6c087371a067d239989cf916ff6e21962bf94361d88663ede3c0e0b3a,781723.0,608.0,6753.0,202.0,4.0,2026-09-19T09:48:14.550090
20220617,OK,https://nsearchives.nseindia.com/content/historical/DERIVATIVES/2022/JUN/fo17JUN2022bhav.csv.zip,d78da8fda742a8a7ffa3015589c0b4941b147da555e55ec9ef3923bb6a0bc009,789225.0,608.0,6947.0,202.0,4.0,2026-09-19T09:48:16.041244
20220620,OK,https://nsearchives.nseindia.com/content/historical/DERIVATIVES/2022/JUN/fo20JUN2022bhav.csv.zip,9532fc80b8baae48f0b114f3873b1475f7fbe9328c3f4d03307a474257d65977,795714.0,608.0,6989.0,202.0,4.0,2026-09-19T09:48:17.488614
20220621,OK,https://nsearchives.nseindia.com/content/historical/DERIVATIVES/2022/JUN/fo21JUN2022bhav.csv.zip,3e256f6b3ad9348723a1b904d58c57a7d6e2e08148ad317596326f42da25ac84,801316.0,608.0,7049.0,202.0,4.0,2026-09-19T09:48:19.855159
20220622,OK,https://nsearchives.nseindia.com/content/historical/DERIVATIVES/2022/JUN/fo22JUN2022bhav.csv.zip,40b121942962a452f696968ef18398eca9a8e7ed01e760f2ffeb64a6ffcfd55e,797637.0,608.0,6979.0,202.0,4.0,2026-09-19T09:48:21.444359
20220623,OK,https://nsearchives.nseindia.com/content/historical/DERIVATIVES/2022/JUN/fo23JUN2022bhav.csv.zip,3b2d86615713ef66a23f56f3e7a333844d4d7885f7b687d7bba8c570bd58ce91,805732.0,608.0,6985.0,202.0,4.0,2026-09-19T09:48:22.938512
20220624,OK,https://nsearchives.nseindia.com/content/historical/DERIVATIVES/2022/JUN/fo24JUN2022bhav.csv.zip,a61a25a08ac94ff237fe9da40cc910105d919eb59bf2ac4b517038c4b3c96e7d,801127.0,608.0,6837.0,202.0,4.0,2026-09-19T09:48:24.765123
20220627,OK,https://nsearchives.nseindia.com/content/historical/DERIVATIVES/2022/JUN/fo27JUN2022bhav.csv.zip,1081173ca187852c214fea318bf954c55f9db60405c15f3235cde488ee9ccf01,811145.0,608.0,6873.0,202.0,4.0,2026-09-19T09:48:28.342983
20220628,OK,https://nsearchives.nseindia.com/content/historical/DERIVATIVES/2022/JUN/fo28JUN2022bhav.csv.zip,0e000fa32e411ed7150039b9799ac8f41b5472902b8ef25eac5b3e8084ced764,811995.0,608.0,6901.0,202.0,4.0,2026-09-19T09:48:31.594552
20220629,OK,https://nsearchives.nseindia.com/content/historical/DERIVATIVES/2022/JUN/fo29JUN2022bhav.csv.zip,80d53d9e6fe21ee6a623e7851ecfe53018d9944a66ab3c76a21d91679a50d99c,817669.0,608.0,6773.0,202.0,4.0,2026-09-19T09:48:33.013654
20220630,OK,https://nsearchives.nseindia.com/content/historical/DERIVATIVES/2022/JUN/fo30JUN2022bhav.csv.zip,9ee54dab05733baf997d533d2cf1e60ca2d52f40bcdb260a16db08d4808d3754,803212.0,608.0,6777.0,202.0,4.0,2026-09-19T09:48:34.694311
20220701,OK,https://nsearchives.nseindia.com/content/historical/DERIVATIVES/2022/JUL/fo01JUL2022bhav.csv.zip,05da84d7ffc1a1307fbeab43b255346b52be8413e23293283553602736e85ec7,742964.0,604.0,6482.0,200.0,4.0,2026-09-19T09:48:36.949334
20220704,OK,https://nsearchives.nseindia.com/content/historical/DERIVATIVES/2022/JUL/fo04JUL2022bhav.csv.zip,d7a3b63f7f4c097c0ceae35f08d74d2fcdc12169940651b2db591993f714def5,746092.0,604.0,6484.0,200.0,4.0,2026-09-19T09:48:38.553403
20220705,OK,https://nsearchives.nseindia.com/content/historical/DERIVATIVES/2022/JUL/fo05JUL2022bhav.csv.zip,c1dec23ff41ceff0a239b4ae91d1576a1faa8dfef83145a1ee3f3bcee5bd453f,753872.0,604.0,6506.0,200.0,4.0,2026-09-19T09:48:41.384112
20220706,OK,https://nsearchives.nseindia.com/content/historical/DERIVATIVES/2022/JUL/fo06JUL2022bhav.csv.zip,96ac5539ac3b205d84282b8c867765b1973ea1e71973f3fe1a73078f3c3c609e,756564.0,604.0,6490.0,200.0,4.0,2026-09-19T09:48:43.088424
20220707,OK,https://nsearchives.nseindia.com/content/historical/DERIVATIVES/2022/JUL/fo07JUL2022bhav.csv.zip,3999190ab80a718d6e5e6992dc086418e674c5c6ae6c691f7e97df00a723e819,765076.0,604.0,6556.0,200.0,4.0,2026-09-19T09:48:44.695686
20220708,OK,https://nsearchives.nseindia.com/content/historical/DERIVATIVES/2022/JUL/fo08JUL2022bhav.csv.zip,0b51df89b0fbb2ea7a1f2e91c9abb83fea6691e974d4269e5d90f29e46ee983a,763423.0,604.0,6538.0,200.0,4.0,2026-09-19T09:48:46.525390
20220711,OK,https://nsearchives.nseindia.com/content/historical/DERIVATIVES/2022/JUL/fo11JUL2022bhav.csv.zip,4a618dbb2fdbbea0b309f24b83b5bfdae8bd0945908c82ca500b1a1edc44caf9,767500.0,604.0,6564.0,200.0,4.0,2026-09-19T09:48:48.698774
20220712,OK,https://nsearchives.nseindia.com/content/historical/DERIVATIVES/2022/JUL/fo12JUL2022bhav.csv.zip,eadc887799b91e94ec2e69e385ac058024502fa6729f92dabddd364ff16e0dac,767912.0,604.0,6604.0,200.0,4.0,2026-09-19T09:48:51.840595
20220713,OK,https://nsearchives.nseindia.com/content/historical/DERIVATIVES/2022/JUL/fo13JUL2022bhav.csv.zip,a6d455e5fe4f2bb07de3028a443f7e14f91f0d8b210592def52e059b44bf15c5,767592.0,604.0,6538.0,200.0,4.0,2026-09-19T09:48:54.937815
20220714,OK,https://nsearchives.nseindia.com/content/historical/DERIVATIVES/2022/JUL/fo14JUL2022bhav.csv.zip,1f89b22218dc849343ed6b5e0b2b1b29bdd6a7011231d83c837b5b46d862725a,770543.0,604.0,6544.0,200.0,4.0,2026-09-19T09:48:56.792934
20220715,OK,https://nsearchives.nseindia.com/content/historical/DERIVATIVES/2022/JUL/fo15JUL2022bhav.csv.zip,62a9e26defa570e62f2a3dbb9c9fedae90ec97aa20ffd8be68d1466cca885af7,771968.0,604.0,6472.0,200.0,4.0,2026-09-19T09:48:58.998323
20220718,OK,https://nsearchives.nseindia.com/content/historical/DERIVATIVES/2022/JUL/fo18JUL2022bhav.csv.zip,1fa2ff02030a029cb8128ac8d9e856d36349d2d0c7cc82a01c7ce2a93a0c8baf,779130.0,604.0,6478.0,200.0,4.0,2026-09-19T09:49:01.086175
20220719,OK,https://nsearchives.nseindia.com/content/historical/DERIVATIVES/2022/JUL/fo19JUL2022bhav.csv.zip,eb388b7a24a4e24bcb754bdf614e804a406c40208e49c5d7e588f956c5aec92a,781497.0,604.0,6509.0,200.0,4.0,2026-09-19T09:49:03.363468
20220720,OK,https://nsearchives.nseindia.com/content/historical/DERIVATIVES/2022/JUL/fo20JUL2022bhav.csv.zip,b6659836caf24416cff48cb87cb30fe3eed1cf6fd06653a35ad15348137d88e8,790484.0,604.0,6537.0,200.0,4.0,2026-09-19T09:49:04.971957
20220721,OK,https://nsearchives.nseindia.com/content/historical/DERIVATIVES/2022/JUL/fo21JUL2022bhav.csv.zip,cd9360756d2549b3002a41472cc406190ef4a902a280ddd697a6cb49f5de612a,796133.0,604.0,6625.0,200.0,4.0,2026-09-19T09:49:06.745122
20220722,OK,https://nsearchives.nseindia.com/content/historical/DERIVATIVES/2022/JUL/fo22JUL2022bhav.csv.zip,4f6990756b06368b5d4a4f43094f12c641e3e30fb10b632610300c3f1b4145f8,804197.0,604.0,6637.0,200.0,4.0,2026-09-19T09:49:08.467620
20220725,OK,https://nsearchives.nseindia.com/content/historical/DERIVATIVES/2022/JUL/fo25JUL2022bhav.csv.zip,7fa968b3fe4ebd7724b22f921d488133efa238fa4c782544dd51800585b0e578,810746.0,604.0,6773.0,200.0,4.0,2026-09-19T09:49:10.695333
20220726,OK,https://nsearchives.nseindia.com/content/historical/DERIVATIVES/2022/JUL/fo26JUL2022bhav.csv.zip,f1b2f6bef3c6d00364e3b5831e7e5826cf0207b58a06cd167316cd36ce312928,813344.0,604.0,6773.0,200.0,4.0,2026-09-19T09:49:12.527102
20220727,OK,https://nsearchives.nseindia.com/content/historical/DERIVATIVES/2022/JUL/fo27JUL2022bhav.csv.zip,ef7ef5a627be5aa3242d242711f5ba2afdd0594742d42ba97ac4462c2b009163,819125.0,604.0,6741.0,200.0,4.0,2026-09-19T09:49:14.286782
20220728,OK,https://nsearchives.nseindia.com/content/historical/DERIVATIVES/2022/JUL/fo28JUL2022bhav.csv.zip,707b93ef1ab5b4718e9a91e99b61378827534d9f0698e9b02d58436fd8450917,810303.0,604.0,6763.0,200.0,4.0,2026-09-19T09:49:15.849946
20220729,OK,https://nsearchives.nseindia.com/content/historical/DERIVATIVES/2022/JUL/fo29JUL2022bhav.csv.zip,ac7146d265b745180dee77461033058a298de0d233899015d58dd1084621a6cd,730897.0,602.0,6999.0,199.0,4.0,2026-09-19T09:49:17.523970
20220801,OK,https://nsearchives.nseindia.com/content/historical/DERIVATIVES/2022/AUG/fo01AUG2022bhav.csv.zip,ddf4309e6705c14e746d6ff49b7522275e70bb09e3fafa9a27ebea95a2df4c76,739889.0,602.0,7135.0,199.0,4.0,2026-09-19T09:49:19.605960
20220802,OK,https://nsearchives.nseindia.com/content/historical/DERIVATIVES/2022/AUG/fo02AUG2022bhav.csv.zip,9559a96cab9ba1864eef6497e309069e92088b54e7370df57427d7d61763f5dd,746775.0,602.0,7355.0,199.0,4.0,2026-09-19T09:49:21.674058
20220803,OK,https://nsearchives.nseindia.com/content/historical/DERIVATIVES/2022/AUG/fo03AUG2022bhav.csv.zip,e05f9d30001259eda5aaa6a942f3c88f65fb069de5e78bafa432393f53f388a1,749652.0,602.0,7341.0,199.0,4.0,2026-09-19T09:49:23.664464
20220804,OK,https://nsearchives.nseindia.com/content/historical/DERIVATIVES/2022/AUG/fo04AUG2022bhav.csv.zip,0207865c9e49bac76f1f3316b3dd84e3cd5ed9539fe0fbdcfc934beddc309194,755719.0,602.0,7359.0,199.0,4.0,2026-09-19T09:49:25.459265
20220805,OK,https://nsearchives.nseindia.com/content/historical/DERIVATIVES/2022/AUG/fo05AUG2022bhav.csv.zip,ac5306b46e0e893b5ef6f9a5841b93d4ea24184ad1169043c231d8f7125a390f,753776.0,602.0,7323.0,199.0,4.0,2026-09-19T09:49:27.777162
20220808,OK,https://nsearchives.nseindia.com/content/historical/DERIVATIVES/2022/AUG/fo08AUG2022bhav.csv.zip,bf72a51bbc065f8ce65e6f1ddb5898f7edb2a4d255e2d560535c92b67a978eb0,753703.0,602.0,7323.0,199.0,4.0,2026-09-19T09:49:29.971133
20220810,OK,https://nsearchives.nseindia.com/content/historical/DERIVATIVES/2022/AUG/fo10AUG2022bhav.csv.zip,58fe01cfa5cce169997b6b03607bc8334c49738920ec875c75e05d845362f658,759972.0,602.0,7428.0,199.0,4.0,2026-09-19T09:49:32.421289
20220811,OK,https://nsearchives.nseindia.com/content/historical/DERIVATIVES/2022/AUG/fo11AUG2022bhav.csv.zip,45eff6dae221e9f29be1b14a1f57e0f4d9177d83dab97a22eb8063f632c49c1f,767184.0,602.0,7450.0,199.0,4.0,2026-09-19T09:49:34.894096
20220812,OK,https://nsearchives.nseindia.com/content/historical/DERIVATIVES/2022/AUG/fo12AUG2022bhav.csv.zip,c153ad5af5d9caa3662d7832df3189b4aef80b60ce1ffaff1df23ee5492770a5,769556.0,602.0,7610.0,199.0,4.0,2026-09-19T09:49:37.298992
20220816,OK,https://nsearchives.nseindia.com/content/historical/DERIVATIVES/2022/AUG/fo16AUG2022bhav.csv.zip,d1a827d8c0fe7141deda95e20b05b1b4bd7bf3ae070837e29841188d36029b92,775626.0,602.0,7646.0,199.0,4.0,2026-09-19T09:49:39.995834
20220817,OK,https://nsearchives.nseindia.com/content/historical/DERIVATIVES/2022/AUG/fo17AUG2022bhav.csv.zip,4034258dd307c5d9cb1aac268fed07276fed658f2f2f3e9bba8365688f2688cc,787275.0,602.0,7746.0,199.0,4.0,2026-09-19T09:49:42.460915
20220818,OK,https://nsearchives.nseindia.com/content/historical/DERIVATIVES/2022/AUG/fo18AUG2022bhav.csv.zip,a8f25392c31098f269a0b5b3325bb93bc5c55d1cad4b41708920ead47b06d96b,793005.0,602.0,7842.0,199.0,4.0,2026-09-19T09:49:44.941318
20220819,OK,https://nsearchives.nseindia.com/content/historical/DERIVATIVES/2022/AUG/fo19AUG2022bhav.csv.zip,1f04f3030eac37a7aac1ca19dbadb7885fed342820238389b287b44939f8cfa5,804311.0,602.0,7846.0,199.0,4.0,2026-09-19T09:49:46.856484
20220822,OK,https://nsearchives.nseindia.com/content/historical/DERIVATIVES/2022/AUG/fo22AUG2022bhav.csv.zip,06305b5dac9208e4ee9516c4b1efcdc576127830549c406cd391f9ce6516e11d,807533.0,602.0,7846.0,199.0,4.0,2026-09-19T09:49:49.085853
20220823,OK,https://nsearchives.nseindia.com/content/historical/DERIVATIVES/2022/AUG/fo23AUG2022bhav.csv.zip,7a42e7a8dff36e59b9bceee48906922ffdfdbeaea3d46145b8186671fafb030a,808550.0,602.0,7846.0,199.0,4.0,2026-09-19T09:49:50.766826
20220824,OK,https://nsearchives.nseindia.com/content/historical/DERIVATIVES/2022/AUG/fo24AUG2022bhav.csv.zip,05b6dd0cb80742bbd4dd49e4bd7a3ff821fde7a8fba538c2b6635d28c533a1e2,810624.0,602.0,7838.0,199.0,4.0,2026-09-19T09:49:52.629445
20220825,OK,https://nsearchives.nseindia.com/content/historical/DERIVATIVES/2022/AUG/fo25AUG2022bhav.csv.zip,bb888ef1258c891cfc39709c733b0006b54d58f2387f7bc2c9006edcedf109e2,800092.0,602.0,7838.0,199.0,4.0,2026-09-19T09:49:54.196142
20220826,OK,https://nsearchives.nseindia.com/content/historical/DERIVATIVES/2022/AUG/fo26AUG2022bhav.csv.zip,9fdba5601a89d0d65b787aa581e454fbf5f6c3f40c16884991a63eda83801983,707481.0,601.0,7726.0,198.0,4.0,2026-09-19T09:49:55.808930
20220829,OK,https://nsearchives.nseindia.com/content/historical/DERIVATIVES/2022/AUG/fo29AUG2022bhav.csv.zip,eab33eade809de4db7deb4ab641df31e7dba7bf1bf3599f6947b76de6eb87c83,713601.0,601.0,7726.0,198.0,4.0,2026-09-19T09:49:57.977296
20220830,OK,https://nsearchives.nseindia.com/content/historical/DERIVATIVES/2022/AUG/fo30AUG2022bhav.csv.zip,ab6e088203c0f45faecc402b5e4ca86b20ace1e5f60fe5684be93f4d9b6d9779,715393.0,601.0,7726.0,198.0,4.0,2026-09-19T09:49:59.784726
20220901,OK,https://nsearchives.nseindia.com/content/historical/DERIVATIVES/2022/SEP/fo01SEP2022bhav.csv.zip,46e024e7cee2dea39f32223762fccf510507ad05cd79a16e0b900adbd8f30cdf,722298.0,601.0,7708.0,198.0,4.0,2026-09-19T09:50:01.669397
20220902,OK,https://nsearchives.nseindia.com/content/historical/DERIVATIVES/2022/SEP/fo02SEP2022bhav.csv.zip,5f049743358bf4b265fa3429e7f9aa6c67f60e7c7d5e7ff119cedad93ea687d7,724166.0,601.0,7690.0,198.0,4.0,2026-09-19T09:50:03.323108
20220905,OK,https://nsearchives.nseindia.com/content/historical/DERIVATIVES/2022/SEP/fo05SEP2022bhav.csv.zip,593640309e03469f797cdc24224ff77c1d68d5cc93079b99a5dc1fcb65cd8e82,723423.0,601.0,7690.0,198.0,4.0,2026-09-19T09:50:05.145135
20220906,OK,https://nsearchives.nseindia.com/content/historical/DERIVATIVES/2022/SEP/fo06SEP2022bhav.csv.zip,c2a276a8b7b0530d37aa7c280e98801b5d58447904f5a0434f7051ceb6ba2585,729911.0,601.0,7706.0,198.0,4.0,2026-09-19T09:50:07.165386
20220907,OK,https://nsearchives.nseindia.com/content/historical/DERIVATIVES/2022/SEP/fo07SEP2022bhav.csv.zip,8f25e57403fb1fb2b23a8d2f3c40e9e3354641dd61ce628e0514880ef545a810,735232.0,601.0,7688.0,198.0,4.0,2026-09-19T09:50:09.072031
20220908,OK,https://nsearchives.nseindia.com/content/historical/DERIVATIVES/2022/SEP/fo08SEP2022bhav.csv.zip,1a7b0c3fe6a6e40fcfecda1e81fb4f4b4e5cd1640d7c63bc7eb4f437cff94be5,738808.0,601.0,7708.0,198.0,4.0,2026-09-19T09:50:11.005616
20220909,OK,https://nsearchives.nseindia.com/content/historical/DERIVATIVES/2022/SEP/fo09SEP2022bhav.csv.zip,1c1e110d44b682b0a2e1c0cd70eef62f707276de43ef9ee63247fd38ac5467f6,745107.0,601.0,7712.0,198.0,4.0,2026-09-19T09:50:13.310010
20220912,OK,https://nsearchives.nseindia.com/content/historical/DERIVATIVES/2022/SEP/fo12SEP2022bhav.csv.zip,6deeef8ab071bc06acf71a5a67644f2667e6fc440ad4fa4d0cbcc4986f4aafc9,742347.0,601.0,7746.0,198.0,4.0,2026-09-19T09:50:15.593576
20220913,OK,https://nsearchives.nseindia.com/content/historical/DERIVATIVES/2022/SEP/fo13SEP2022bhav.csv.zip,1bdb62be2090f9acad7f78d551ea6732fb265affc5cd7872a6357df2c1eefd3f,747431.0,601.0,7770.0,198.0,4.0,2026-09-19T09:50:17.595330
20220914,OK,https://nsearchives.nseindia.com/content/historical/DERIVATIVES/2022/SEP/fo14SEP2022bhav.csv.zip,916d951183780ede030bbaf2a325e2c4b4f782ac6e55b25dbae155ac96a85cee,764289.0,601.0,7818.0,198.0,4.0,2026-09-19T09:50:19.021394
20220915,OK,https://nsearchives.nseindia.com/content/historical/DERIVATIVES/2022/SEP/fo15SEP2022bhav.csv.zip,edef83f226719eed9e437a3de825f1d6e6c868d18d89c23d36b49f04014c62ba,771769.0,601.0,7882.0,198.0,4.0,2026-09-19T09:50:20.911957
20220916,OK,https://nsearchives.nseindia.com/content/historical/DERIVATIVES/2022/SEP/fo16SEP2022bhav.csv.zip,a9e3f1c667ade9fe127f211daece81b2a739b7072fe2ae8289263e0bed67e7e0,783231.0,601.0,7848.0,198.0,4.0,2026-09-19T09:50:22.781882
20220919,OK,https://nsearchives.nseindia.com/content/historical/DERIVATIVES/2022/SEP/fo19SEP2022bhav.csv.zip,61310205db11b519d8b15633bb7384ec132c62484c8f52c0f3420dae7784f6d4,777409.0,601.0,7848.0,198.0,4.0,2026-09-19T09:50:25.457282
20220920,OK,https://nsearchives.nseindia.com/content/historical/DERIVATIVES/2022/SEP/fo20SEP2022bhav.csv.zip,32298662bdedafea2def80dfe86a7e86fd08bba2b2e4b977790d7c6ad8abf7af,777030.0,601.0,7848.0,198.0,4.0,2026-09-19T09:50:27.195259
20220921,OK,https://nsearchives.nseindia.com/content/historical/DERIVATIVES/2022/SEP/fo21SEP2022bhav.csv.zip,1f71db5b6f023a848ba167664e90562bef54f60f5f1d108a05c9789cdfb50a74,780309.0,601.0,7842.0,198.0,4.0,2026-09-19T09:50:28.730706
20220922,OK,https://nsearchives.nseindia.com/content/historical/DERIVATIVES/2022/SEP/fo22SEP2022bhav.csv.zip,eafadf2bca1a647453fb844f3306d0cd333d62c3c18e12d87660d81baac68dcb,786845.0,601.0,7842.0,198.0,4.0,2026-09-19T09:50:30.371703
20220923,OK,https://nsearchives.nseindia.com/content/historical/DERIVATIVES/2022/SEP/fo23SEP2022bhav.csv.zip,a3ce720f445b5515ba8977f9c5bb61fcd45d96dd25162256c168a231e174ea81,792979.0,601.0,7832.0,198.0,4.0,2026-09-19T09:50:32.206989
20220926,OK,https://nsearchives.nseindia.com/content/historical/DERIVATIVES/2022/SEP/fo26SEP2022bhav.csv.zip,114c6db47f6db6acd5bbc52ac74b09accbc4d64d995bfe4d077c72fdf600f6c3,808651.0,601.0,7841.0,198.0,4.0,2026-09-19T09:50:33.843137
20220927,OK,https://nsearchives.nseindia.com/content/historical/DERIVATIVES/2022/SEP/fo27SEP2022bhav.csv.zip,34171e892d6988ef1d10084139e43e105f222eda27c165214db071c034af0018,806548.0,601.0,7841.0,198.0,4.0,2026-09-19T09:50:35.962188
20220928,OK,https://nsearchives.nseindia.com/content/historical/DERIVATIVES/2022/SEP/fo28SEP2022bhav.csv.zip,01b998ce2ee6a39d13a5cb52f8d349aa00b24f1725b10d9ec8ced2a6838baf84,810774.0,601.0,7845.0,198.0,4.0,2026-09-19T09:50:37.967638
20220929,OK,https://nsearchives.nseindia.com/content/historical/DERIVATIVES/2022/SEP/fo29SEP2022bhav.csv.zip,05c84aa0b63b61fab125d6274a5be9f13ddd005cc40070dd18b1876805e5b41d,797456.0,601.0,7871.0,198.0,4.0,2026-09-19T09:50:40.252853
20220930,OK,https://nsearchives.nseindia.com/content/historical/DERIVATIVES/2022/SEP/fo30SEP2022bhav.csv.zip,0db7d202c23a7e1cfeadfecfbae569632eaa182fa040d22b1062cad6704292c4,724552.0,600.0,7660.0,198.0,4.0,2026-09-19T09:50:41.815237
20221003,OK,https://nsearchives.nseindia.com/content/historical/DERIVATIVES/2022/OCT/fo03OCT2022bhav.csv.zip,387d921069b0d86f7c5361cd318f13f8f7a18a1f93f14b278d4040befa27d6c8,730053.0,600.0,7674.0,198.0,4.0,2026-09-19T09:50:43.438898
20221004,OK,https://nsearchives.nseindia.com/content/historical/DERIVATIVES/2022/OCT/fo04OCT2022bhav.csv.zip,d7a32a099bf9d1491e52f679a49e220583d55746850cd08f45bc5cad519a00ed,733408.0,600.0,7678.0,198.0,4.0,2026-09-19T09:50:45.534874
20221006,OK,https://nsearchives.nseindia.com/content/historical/DERIVATIVES/2022/OCT/fo06OCT2022bhav.csv.zip,e7ad7b48df798c9d1a899d0d2dfcfb9ea791e2a8a28aba180d181ec96a51d632,741274.0,600.0,7690.0,198.0,4.0,2026-09-19T09:50:47.536019
20221007,OK,https://nsearchives.nseindia.com/content/historical/DERIVATIVES/2022/OCT/fo07OCT2022bhav.csv.zip,c1556af9cb00c2fd84cec716d1e05cfd3951eafdfeb0c5c67a379cd5ccc9c746,739640.0,600.0,7666.0,198.0,4.0,2026-09-19T09:50:49.006218
20221010,OK,https://nsearchives.nseindia.com/content/historical/DERIVATIVES/2022/OCT/fo10OCT2022bhav.csv.zip,09f57540d39607ba34790c38cf3375927959faba20b67065553bcb28058e0903,741146.0,600.0,7666.0,198.0,4.0,2026-09-19T09:50:50.683879
20221011,OK,https://nsearchives.nseindia.com/content/historical/DERIVATIVES/2022/OCT/fo11OCT2022bhav.csv.zip,1450df22ec40c43dee3b6b47c8312e2e47a94302180a5e878af71f9b3d10e1a0,741640.0,600.0,7666.0,198.0,4.0,2026-09-19T09:50:52.225383
20221012,OK,https://nsearchives.nseindia.com/content/historical/DERIVATIVES/2022/OCT/fo12OCT2022bhav.csv.zip,da61ec132fd97267bf62b308ec58be1d009fbb4a7896cf818c8fa450939bdc18,744145.0,600.0,7666.0,198.0,4.0,2026-09-19T09:50:54.067472
20221013,OK,https://nsearchives.nseindia.com/content/historical/DERIVATIVES/2022/OCT/fo13OCT2022bhav.csv.zip,74c7388c626d51a56b0f7e7ebb6aca61f4ce43648979d5d2792492b3dd8a6a96,744127.0,600.0,7666.0,198.0,4.0,2026-09-19T09:50:55.751224
20221014,OK,https://nsearchives.nseindia.com/content/historical/DERIVATIVES/2022/OCT/fo14OCT2022bhav.csv.zip,f9e716d334bf84223c52cf2cfd9019f9ac6d8d1b54eca83b50b87490c69fa3ff,747819.0,600.0,7636.0,198.0,4.0,2026-09-19T09:50:57.367529
20221017,OK,https://nsearchives.nseindia.com/content/historical/DERIVATIVES/2022/OCT/fo17OCT2022bhav.csv.zip,e688d60689b694bafde2462bd5b377d52ba8181fd4257d91bdb50546492761d0,750000.0,600.0,7636.0,198.0,4.0,2026-09-19T09:50:59.072953
20221018,OK,https://nsearchives.nseindia.com/content/historical/DERIVATIVES/2022/OCT/fo18OCT2022bhav.csv.zip,410dac068d5686cdfb460528a97fb265017b2d46b597c1b4b84ca31cf0bf75b6,756032.0,600.0,7646.0,198.0,4.0,2026-09-19T09:51:00.967706
20221019,OK,https://nsearchives.nseindia.com/content/historical/DERIVATIVES/2022/OCT/fo19OCT2022bhav.csv.zip,b1a1c2b9081a89dde960604a7e5f37f52deef444c4b5c2729ec2a3d83bc2f7a0,764229.0,600.0,7986.0,198.0,4.0,2026-09-19T09:51:02.498795
20221020,OK,https://nsearchives.nseindia.com/content/historical/DERIVATIVES/2022/OCT/fo20OCT2022bhav.csv.zip,bc93acfcc0ca2814ed6a641a29934eb0c3c053d3fe245eee5b5df046f3a53370,771971.0,600.0,8002.0,198.0,4.0,2026-09-19T09:51:04.185600
20221021,OK,https://nsearchives.nseindia.com/content/historical/DERIVATIVES/2022/OCT/fo21OCT2022bhav.csv.zip,7552a49232298a374e25612b582a8ba9be1b182995f48694a0e4c9a96a627d60,784169.0,600.0,7976.0,198.0,4.0,2026-09-19T09:51:05.806955
20221024,OK,https://nsearchives.nseindia.com/content/historical/DERIVATIVES/2022/OCT/fo24OCT2022bhav.csv.zip,e34ea63c7f634b9f39f023af3bd165d5e60b7f6cbbe1519534131e39f4cd085c,722279.0,600.0,8004.0,198.0,4.0,2026-09-19T09:51:07.306194
20221025,OK,https://nsearchives.nseindia.com/content/historical/DERIVATIVES/2022/OCT/fo25OCT2022bhav.csv.zip,18a5822a4b60b87ae7e616d551213cea13f4c7f4e8237e13f89fef55db1b3574,790880.0,600.0,8054.0,198.0,4.0,2026-09-19T09:51:08.846996
20221027,OK,https://nsearchives.nseindia.com/content/historical/DERIVATIVES/2022/OCT/fo27OCT2022bhav.csv.zip,290d2790a9d53078fce6a9ed0e28beba93f2d718ab8fc3cf5eb8b255fe161bab,775308.0,600.0,8016.0,198.0,4.0,2026-09-19T09:51:10.627335
20221028,OK,https://nsearchives.nseindia.com/content/historical/DERIVATIVES/2022/OCT/fo28OCT2022bhav.csv.zip,b60af12a15b96123e4c383ee5e7c6d7bd84cbc999cbeab7796c0db4ef325933c,706797.0,598.0,7982.0,198.0,4.0,2026-09-19T09:51:12.741325
20221031,OK,https://nsearchives.nseindia.com/content/historical/DERIVATIVES/2022/OCT/fo31OCT2022bhav.csv.zip,fcfad2a015307096af592d81b47836cdf1a91c7b91a18dcb141bc9d2bf44a883,711347.0,598.0,7984.0,198.0,4.0,2026-09-19T09:51:14.790463
20221101,OK,https://nsearchives.nseindia.com/content/historical/DERIVATIVES/2022/NOV/fo01NOV2022bhav.csv.zip,fa4c844e0cb43734020b09bf98be8c77dddaa833fae230f38dbb05714c31a879,721309.0,598.0,8019.0,198.0,4.0,2026-09-19T09:51:16.404068
20221102,OK,https://nsearchives.nseindia.com/content/historical/DERIVATIVES/2022/NOV/fo02NOV2022bhav.csv.zip,e1a1dc690166b063e18ee1bf3b6bd680424d440c4d5d653b096ca595174da732,723344.0,598.0,8009.0,198.0,4.0,2026-09-19T09:51:18.019513
20221103,OK,https://nsearchives.nseindia.com/content/historical/DERIVATIVES/2022/NOV/fo03NOV2022bhav.csv.zip,c8c566d1b2808f442f1b83d40920cbc7bc0c52a3c3eff67835ab04aaca03c5fb,722931.0,598.0,8009.0,198.0,4.0,2026-09-19T09:51:19.838255
20221104,OK,https://nsearchives.nseindia.com/content/historical/DERIVATIVES/2022/NOV/fo04NOV2022bhav.csv.zip,844ac445830cb8137aed9e9842f99b5f3210ca9260c2dca076bbb6d0b25ff690,725662.0,598.0,8013.0,198.0,4.0,2026-09-19T09:51:21.497547
20221107,OK,https://nsearchives.nseindia.com/content/historical/DERIVATIVES/2022/NOV/fo07NOV2022bhav.csv.zip,e78d9773328a6809c0a3a1170ef82e0fc1b627fafefeaca841e4651dbec02744,735965.0,598.0,8013.0,198.0,4.0,2026-09-19T09:51:23.453942
20221109,OK,https://nsearchives.nseindia.com/content/historical/DERIVATIVES/2022/NOV/fo09NOV2022bhav.csv.zip,19c5b68772070cd7de4ce0566c6e496d710e09701b9b68832fc502d5887dfb5c,744885.0,598.0,7887.0,198.0,4.0,2026-09-19T09:51:25.062394
20221110,OK,https://nsearchives.nseindia.com/content/historical/DERIVATIVES/2022/NOV/fo10NOV2022bhav.csv.zip,4f99ff435f6d31632048ee4cb7a02122cbf3fc979a0cafa43297821d08847abf,747632.0,598.0,7909.0,198.0,4.0,2026-09-19T09:51:26.896017
20221111,OK,https://nsearchives.nseindia.com/content/historical/DERIVATIVES/2022/NOV/fo11NOV2022bhav.csv.zip,fd135cc32609ca339e259fda117d60969cc9685c62fc656510a9db32b8e3016c,751388.0,598.0,7757.0,198.0,4.0,2026-09-19T09:51:28.687520
20221114,OK,https://nsearchives.nseindia.com/content/historical/DERIVATIVES/2022/NOV/fo14NOV2022bhav.csv.zip,5cdc302a3baf77d064d4020aa79d4321cba8f83779ae43a99a24d245cbbda586,753881.0,598.0,7807.0,198.0,4.0,2026-09-19T09:51:30.423274
20221115,OK,https://nsearchives.nseindia.com/content/historical/DERIVATIVES/2022/NOV/fo15NOV2022bhav.csv.zip,c42d8aba56e3f475a01537594e8beb08ac9a47d8165291c0ea470487623b0e77,753214.0,598.0,7809.0,198.0,4.0,2026-09-19T09:51:32.431028
20221116,OK,https://nsearchives.nseindia.com/content/historical/DERIVATIVES/2022/NOV/fo16NOV2022bhav.csv.zip,678036b0f46d6ede7892babe9add72548d90d0b0b04759ec4a0bb32f1e39355e,759844.0,598.0,7693.0,198.0,4.0,2026-09-19T09:51:34.492428
20221117,OK,https://nsearchives.nseindia.com/content/historical/DERIVATIVES/2022/NOV/fo17NOV2022bhav.csv.zip,b2fb263197d540963789d40816c65f909b88975405218acadeafbddd8442c6e1,760087.0,598.0,7711.0,198.0,4.0,2026-09-19T09:51:36.577307
20221118,OK,https://nsearchives.nseindia.com/content/historical/DERIVATIVES/2022/NOV/fo18NOV2022bhav.csv.zip,46caf0bd554ade578b920d323692d3b762ba059916f77bdae617c5f1059185cb,764302.0,598.0,7505.0,198.0,4.0,2026-09-19T09:51:38.173884
20221121,OK,https://nsearchives.nseindia.com/content/historical/DERIVATIVES/2022/NOV/fo21NOV2022bhav.csv.zip,790db2baf562156b6f3f56a085f9e1a9f831f7da019fe88f6792cdefb3b74426,763768.0,598.0,7515.0,198.0,4.0,2026-09-19T09:51:40.312449
20221122,OK,https://nsearchives.nseindia.com/content/historical/DERIVATIVES/2022/NOV/fo22NOV2022bhav.csv.zip,0b4e96038c85894c1cd57fc441fc099b571490ecea4bcde6d27b289b02efd069,767302.0,598.0,7533.0,198.0,4.0,2026-09-19T09:51:42.327261
20221123,OK,https://nsearchives.nseindia.com/content/historical/DERIVATIVES/2022/NOV/fo23NOV2022bhav.csv.zip,f220b5142e81d96f2aa9dd139e322bcd8c2a2c3443a76f1d0822597d02390a9a,769469.0,595.0,7359.0,197.0,4.0,2026-09-19T09:51:43.897973
20221124,OK,https://nsearchives.nseindia.com/content/historical/DERIVATIVES/2022/NOV/fo24NOV2022bhav.csv.zip,35ff4c6acf3870f8f95081bff05fa45e725db51d82f83aeb665dc539f51eb2a3,759076.0,595.0,7383.0,197.0,4.0,2026-09-19T09:51:45.321154
20221125,OK,https://nsearchives.nseindia.com/content/historical/DERIVATIVES/2022/NOV/fo25NOV2022bhav.csv.zip,17fed0b2c25e6ddc92f8475cf1ccf36e6dfbdc4a0ae9c8354a16d30f204dfe7e,629546.0,593.0,7253.0,196.0,4.0,2026-09-19T09:51:46.770374
20221128,OK,https://nsearchives.nseindia.com/content/historical/DERIVATIVES/2022/NOV/fo28NOV2022bhav.csv.zip,3f67b8061e3d33fb094e0d5a812167ea3640e4704fb97746911796aff192808f,635190.0,593.0,7279.0,196.0,4.0,2026-09-19T09:51:48.549491
20221129,OK,https://nsearchives.nseindia.com/content/historical/DERIVATIVES/2022/NOV/fo29NOV2022bhav.csv.zip,47dfc81527dfa1c080562b8758bfce0f558d252ec9a078b2c2f6606352dd7a97,640425.0,593.0,7299.0,196.0,4.0,2026-09-19T09:51:50.294352
20221130,OK,https://nsearchives.nseindia.com/content/historical/DERIVATIVES/2022/NOV/fo30NOV2022bhav.csv.zip,ab546d085cb590a940e9db6066b5398d9f5e72be4f36e47ad55be55aa0134ec2,645922.0,593.0,7147.0,196.0,4.0,2026-09-19T09:51:51.807280
20221201,OK,https://nsearchives.nseindia.com/content/historical/DERIVATIVES/2022/DEC/fo01DEC2022bhav.csv.zip,43823077896f9818dc9aed0d2a2fc5b0f1fa2ad3d72a7a0ba8e22d82e1deef04,656064.0,593.0,7235.0,196.0,4.0,2026-09-19T09:51:53.411167
20221202,OK,https://nsearchives.nseindia.com/content/historical/DERIVATIVES/2022/DEC/fo02DEC2022bhav.csv.zip,de8ed63124f696761e92615ad366675657d99492a1b7d7826c882342f765d09d,653431.0,593.0,7055.0,196.0,4.0,2026-09-19T09:51:54.935365
20221205,OK,https://nsearchives.nseindia.com/content/historical/DERIVATIVES/2022/DEC/fo05DEC2022bhav.csv.zip,bf0294b15a5c09cf029952b6f3cd97f204d8871edc27926f70ef2e37b1bffdde,656373.0,593.0,7071.0,196.0,4.0,2026-09-19T09:51:56.608033
20221206,OK,https://nsearchives.nseindia.com/content/historical/DERIVATIVES/2022/DEC/fo06DEC2022bhav.csv.zip,85f3d23b86488aa012fb42a9230b4c728f28a037688cf4b2b9b972b2b32b3518,658308.0,593.0,7071.0,196.0,4.0,2026-09-19T09:51:58.589905
20221207,OK,https://nsearchives.nseindia.com/content/historical/DERIVATIVES/2022/DEC/fo07DEC2022bhav.csv.zip,691b64f63b1ae23e4cc11b2211682294cdbaf385ef1a03abb00d799905c57b8b,659490.0,593.0,6887.0,196.0,4.0,2026-09-19T09:52:00.129348
20221208,OK,https://nsearchives.nseindia.com/content/historical/DERIVATIVES/2022/DEC/fo08DEC2022bhav.csv.zip,d3286d5517274e346a97111b6bbd282329e2008c9246fd6c4cc2cb571611b39d,661099.0,593.0,6893.0,196.0,4.0,2026-09-19T09:52:01.648317
20221209,OK,https://nsearchives.nseindia.com/content/historical/DERIVATIVES/2022/DEC/fo09DEC2022bhav.csv.zip,1fdbc5ca1e1af67068c67da73ff52e3e7a3a4032bdb7ac3a8c0c6cb41b490b89,668938.0,593.0,6721.0,196.0,4.0,2026-09-19T09:52:03.714826
20221212,OK,https://nsearchives.nseindia.com/content/historical/DERIVATIVES/2022/DEC/fo12DEC2022bhav.csv.zip,1c9e42529ce38b71a6c54bcc7dcce2d9fa9d6e75717064d552214e6a48465f06,663425.0,593.0,6727.0,196.0,4.0,2026-09-19T09:52:05.208748
20221213,OK,https://nsearchives.nseindia.com/content/historical/DERIVATIVES/2022/DEC/fo13DEC2022bhav.csv.zip,185079b2925b0851be68e715a00192635d5e181535d70e5e8afbe09d3bcaee42,662966.0,593.0,6741.0,196.0,4.0,2026-09-19T09:52:07.351320
20221214,OK,https://nsearchives.nseindia.com/content/historical/DERIVATIVES/2022/DEC/fo14DEC2022bhav.csv.zip,0e2578a30676a19c42b4c25273dabc688564bc9d1047493fe2c5052f3752ec5e,666350.0,592.0,6353.0,196.0,4.0,2026-09-19T09:52:08.965388
20221215,OK,https://nsearchives.nseindia.com/content/historical/DERIVATIVES/2022/DEC/fo15DEC2022bhav.csv.zip,c65e1b93c71a27cbd6b82fb000c0aea51d4abe2743f8f703bf58c4dbc28590be,672277.0,592.0,6377.0,196.0,4.0,2026-09-19T09:52:10.651022
20221216,OK,https://nsearchives.nseindia.com/content/historical/DERIVATIVES/2022/DEC/fo16DEC2022bhav.csv.zip,8cdb75c5e43a839b6eb53f30a428fcef5c43a38313ddccc3566e21c194d763d8,676560.0,592.0,6111.0,196.0,4.0,2026-09-19T09:52:12.210920
20221219,OK,https://nsearchives.nseindia.com/content/historical/DERIVATIVES/2022/DEC/fo19DEC2022bhav.csv.zip,c435a3a5bfe09091fdcc5ae55fd66b89f3ec87a52c6fe7d92800322ad97bf45e,671618.0,592.0,6157.0,196.0,4.0,2026-09-19T09:52:13.806449
20221220,OK,https://nsearchives.nseindia.com/content/historical/DERIVATIVES/2022/DEC/fo20DEC2022bhav.csv.zip,57374a7aad921c58cdfc9551e0977b963cf5ba89ae2e1f4124614287aee3d6e5,674346.0,592.0,6157.0,196.0,4.0,2026-09-19T09:52:15.636821
20221221,OK,https://nsearchives.nseindia.com/content/historical/DERIVATIVES/2022/DEC/fo21DEC2022bhav.csv.zip,414ada4f8267b0502b3aaf22ea8cd47b52e2dc215538e6ef0cc4755ae82bb086,685339.0,591.0,5735.0,196.0,4.0,2026-09-19T09:52:17.199737
20221222,OK,https://nsearchives.nseindia.com/content/historical/DERIVATIVES/2022/DEC/fo22DEC2022bhav.csv.zip,572e2e76911fc600c95b3a4c8a36b457a21fccb35c7f40a1d70d29a72074b977,690193.0,591.0,5811.0,196.0,4.0,2026-09-19T09:52:18.737851
20221223,OK,https://nsearchives.nseindia.com/content/historical/DERIVATIVES/2022/DEC/fo23DEC2022bhav.csv.zip,6cf8a52f455805ee7ab60ee19a725d5f93359e17cc76ff93a5212151fbd7d386,705164.0,591.0,5579.0,196.0,4.0,2026-09-19T09:52:20.310672
20221226,OK,https://nsearchives.nseindia.com/content/historical/DERIVATIVES/2022/DEC/fo26DEC2022bhav.csv.zip,357821a16436eefc8d6af0e5d54b83ea7c08b5817f023b92b0d6c8c32c224d9f,710070.0,591.0,5811.0,196.0,4.0,2026-09-19T09:52:21.819618
20221227,OK,https://nsearchives.nseindia.com/content/historical/DERIVATIVES/2022/DEC/fo27DEC2022bhav.csv.zip,dacab371bfaa6dc914b3566451bfae526a09187d56fdc9fc9f40e7d6d8d3fcf4,707638.0,591.0,5811.0,196.0,4.0,2026-09-19T09:52:23.169682
20221228,OK,https://nsearchives.nseindia.com/content/historical/DERIVATIVES/2022/DEC/fo28DEC2022bhav.csv.zip,c02b932c0ba69baee5c59e43e7817f67bc1d42e713095f0f9c2461a12a8e1dda,705645.0,591.0,5643.0,196.0,4.0,2026-09-19T09:52:25.062937
20221229,OK,https://nsearchives.nseindia.com/content/historical/DERIVATIVES/2022/DEC/fo29DEC2022bhav.csv.zip,6ef2dffa751e3a7eee7cdc8be8e716e0fdfe59d31023557823a09872b1fa503c,696225.0,591.0,5643.0,196.0,4.0,2026-09-19T09:52:28.074048
20221230,OK,https://nsearchives.nseindia.com/content/historical/DERIVATIVES/2022/DEC/fo30DEC2022bhav.csv.zip,36c8c968c8ce13b98e5bf56db48d331c28f637e2a6da9902476f4753c87ae710,607813.0,590.0,5325.0,195.0,4.0,2026-09-19T09:52:29.585637
20230102,OK,https://nsearchives.nseindia.com/content/historical/DERIVATIVES/2023/JAN/fo02JAN2023bhav.csv.zip,39233653101651ffad816ba2fc04d71f5b3e457e053ef8b5a0d043c524e9f7fc,614143.0,590.0,5337.0,195.0,4.0,2026-09-19T09:52:31.191684
20230103,OK,https://nsearchives.nseindia.com/content/historical/DERIVATIVES/2023/JAN/fo03JAN2023bhav.csv.zip,5bdf610f4f5bdc0d3dd5b4d1f794e8b0a89cf73295f9ce329c236cb04b839f02,621759.0,590.0,5337.0,195.0,4.0,2026-09-19T09:52:33.222493
20230104,OK,https://nsearchives.nseindia.com/content/historical/DERIVATIVES/2023/JAN/fo04JAN2023bhav.csv.zip,18186b3e3108397ff39ffa59e075842aef5e8cdc62f1efec351490bb277a55ca,626125.0,589.0,4947.0,195.0,4.0,2026-09-19T09:52:35.098924
20230105,OK,https://nsearchives.nseindia.com/content/historical/DERIVATIVES/2023/JAN/fo05JAN2023bhav.csv.zip,b9df3b6137b3459266041829190edff10d1ba0d7ba5ec2e8c497a8bfdb20736a,629000.0,589.0,4951.0,195.0,4.0,2026-09-19T09:52:37.386570
20230106,OK,https://nsearchives.nseindia.com/content/historical/DERIVATIVES/2023/JAN/fo06JAN2023bhav.csv.zip,fe120d3cd14f576e3c3b89819bed44089a10e71b0a41e30c323061ebd8262158,630349.0,589.0,4687.0,195.0,4.0,2026-09-19T09:52:39.054459
20230109,OK,https://nsearchives.nseindia.com/content/historical/DERIVATIVES/2023/JAN/fo09JAN2023bhav.csv.zip,1283c3990c646fddf435430c6646b70c7ec61e2d06908fc284a41ef650a23295,631853.0,589.0,4719.0,195.0,4.0,2026-09-19T09:52:40.619856
20230110,OK,https://nsearchives.nseindia.com/content/historical/DERIVATIVES/2023/JAN/fo10JAN2023bhav.csv.zip,0014dae605231cc6922fd0ce416a653b95d4aacf53cca457eccf856951d6d78f,634872.0,589.0,4719.0,195.0,4.0,2026-09-19T09:52:42.192166
20230111,OK,https://nsearchives.nseindia.com/content/historical/DERIVATIVES/2023/JAN/fo11JAN2023bhav.csv.zip,97e877c5bc64146fe8aa467cd2fb8ff7c1eed3fd0bda6676152e46816d31de6b,638789.0,589.0,4689.0,195.0,4.0,2026-09-19T09:52:43.901613
20230112,OK,https://nsearchives.nseindia.com/content/historical/DERIVATIVES/2023/JAN/fo12JAN2023bhav.csv.zip,6ff8fe14f9426f6ad74036d673835e6d3ee4a2fbdee345f386ee8d9371ffe4f0,641031.0,589.0,4695.0,195.0,4.0,2026-09-19T09:52:45.330262
20230113,OK,https://nsearchives.nseindia.com/content/historical/DERIVATIVES/2023/JAN/fo13JAN2023bhav.csv.zip,8181d1187e1cc37a7ef869be7925ae1c478a3381569afecbc5eb827b1776cc93,644633.0,589.0,4613.0,195.0,4.0,2026-09-19T09:52:47.134361
20230116,OK,https://nsearchives.nseindia.com/content/historical/DERIVATIVES/2023/JAN/fo16JAN2023bhav.csv.zip,7f0b2103dcafccc4d3878337658ff9b8a970e71a66f2b3559b2de4e8ef638dc1,644661.0,589.0,4627.0,195.0,4.0,2026-09-19T09:52:48.657312
20230117,OK,https://nsearchives.nseindia.com/content/historical/DERIVATIVES/2023/JAN/fo17JAN2023bhav.csv.zip,3c005f576d58da652ffb7b5310b6fc03250290c3b3b1a50b1ae2dfd3cf3314c4,652546.0,589.0,4631.0,195.0,4.0,2026-09-19T09:52:50.336330
20230118,OK,https://nsearchives.nseindia.com/content/historical/DERIVATIVES/2023/JAN/fo18JAN2023bhav.csv.zip,ddaa7bacf725d5fe241f330ba80a78a068c1c75127d0bd1d3cb2f177963574fb,655718.0,589.0,4571.0,195.0,4.0,2026-09-19T09:52:52.124729
20230119,OK,https://nsearchives.nseindia.com/content/historical/DERIVATIVES/2023/JAN/fo19JAN2023bhav.csv.zip,a382dbaa4d4cce5ae8f1daf6ccd863fbabf329bbe5e5f096543e18bf79e6f94d,663017.0,589.0,4591.0,195.0,4.0,2026-09-19T09:52:53.894708
20230120,OK,https://nsearchives.nseindia.com/content/historical/DERIVATIVES/2023/JAN/fo20JAN2023bhav.csv.zip,48590bf91f79157a999bf70b6d72b01af7b8b24028d5f4f56ed27688d10625a8,674177.0,589.0,4515.0,195.0,4.0,2026-09-19T09:52:55.396254
20230123,OK,https://nsearchives.nseindia.com/content/historical/DERIVATIVES/2023/JAN/fo23JAN2023bhav.csv.zip,e7aae0f04e49e00512c867503550d5a6ef488106282669f72aaec856aa6d9c8d,683247.0,589.0,4525.0,195.0,4.0,2026-09-19T09:52:57.471914
20230124,OK,https://nsearchives.nseindia.com/content/historical/DERIVATIVES/2023/JAN/fo24JAN2023bhav.csv.zip,4601f1cc33759c7ce9cc210f0fb0137a7581b36c5066a74da29aae23c40a4ba9,688985.0,589.0,4555.0,195.0,4.0,2026-09-19T09:52:59.111920
20230125,OK,https://nsearchives.nseindia.com/content/historical/DERIVATIVES/2023/JAN/fo25JAN2023bhav.csv.zip,d805164e518d3cea64b80def69f4f3dc8c2d8062db230a0838a02a3dd08f6075,683367.0,589.0,4531.0,195.0,4.0,2026-09-19T09:53:00.620039
20230127,OK,https://nsearchives.nseindia.com/content/historical/DERIVATIVES/2023/JAN/fo27JAN2023bhav.csv.zip,e3bf6cf726308ba292148f026ab22644e9f229d1fa0130928b88130311646a18,564282.0,587.0,4489.0,195.0,4.0,2026-09-19T09:53:02.303734
20230130,OK,https://nsearchives.nseindia.com/content/historical/DERIVATIVES/2023/JAN/fo30JAN2023bhav.csv.zip,24301e86ada5167f2280efd60a3d7020019a716cd3e7e37105b0db1ff50a63aa,580477.0,587.0,4722.0,195.0,4.0,2026-09-19T09:53:03.905831
20230131,OK,https://nsearchives.nseindia.com/content/historical/DERIVATIVES/2023/JAN/fo31JAN2023bhav.csv.zip,ecd3761c792a082f30c1d77e83247c3b9640f5d1f8ed4124c005963bd8f83c97,587977.0,587.0,4722.0,195.0,4.0,2026-09-19T09:53:05.338926
20230201,OK,https://nsearchives.nseindia.com/content/historical/DERIVATIVES/2023/FEB/fo01FEB2023bhav.csv.zip,bc7709a4f4cd92716e7d0ea62f9b74f56f68f95458c66dbbe834c295ba2fb7f9,607787.0,587.0,4668.0,195.0,4.0,2026-09-19T09:53:06.918152
20230202,OK,https://nsearchives.nseindia.com/content/historical/DERIVATIVES/2023/FEB/fo02FEB2023bhav.csv.zip,a3c4ae85aaeb98dad6cd7e50f60b4f7fbdb3b45da9360cbda631b15c37c36785,605764.0,587.0,4668.0,195.0,4.0,2026-09-19T09:53:08.621873
20230203,OK,https://nsearchives.nseindia.com/content/historical/DERIVATIVES/2023/FEB/fo03FEB2023bhav.csv.zip,3b7473b72dd4486047635c91918e355e25f492ddc2a961866120aa5801b13bb1,610058.0,587.0,4548.0,195.0,4.0,2026-09-19T09:53:10.241691
20230206,OK,https://nsearchives.nseindia.com/content/historical/DERIVATIVES/2023/FEB/fo06FEB2023bhav.csv.zip,afb92de9a4eb770a346b048542939392469352be6f1aa925de62962cd0968101,615265.0,587.0,4582.0,195.0,4.0,2026-09-19T09:53:11.744443
20230207,OK,https://nsearchives.nseindia.com/content/historical/DERIVATIVES/2023/FEB/fo07FEB2023bhav.csv.zip,f5c118b9611e82d4398becb0b3edc0b784aacfd0ba7a350f9b6605acee534539,617160.0,587.0,4584.0,195.0,4.0,2026-09-19T09:53:13.637760
20230208,OK,https://nsearchives.nseindia.com/content/historical/DERIVATIVES/2023/FEB/fo08FEB2023bhav.csv.zip,040f707d0cb538f524c073e0999dfe7f358ea743c1ed8fedf38f948183c73b78,620060.0,587.0,4496.0,195.0,4.0,2026-09-19T09:53:15.767434
20230209,OK,https://nsearchives.nseindia.com/content/historical/DERIVATIVES/2023/FEB/fo09FEB2023bhav.csv.zip,f58b258ad64ce25dc60c8a766d4247e3e437777f848dc49b2b3ff3a21cadbd3f,624529.0,587.0,4506.0,195.0,4.0,2026-09-19T09:53:17.701715
20230210,OK,https://nsearchives.nseindia.com/content/historical/DERIVATIVES/2023/FEB/fo10FEB2023bhav.csv.zip,508a5a07571ffa47be318e415f2c88e10e6b231bd09998153945a6512fdf2dd9,625505.0,587.0,4406.0,195.0,4.0,2026-09-19T09:53:19.151340
20230213,OK,https://nsearchives.nseindia.com/content/historical/DERIVATIVES/2023/FEB/fo13FEB2023bhav.csv.zip,9331ba89a255e76bbb4483061fa9eb0e342763a6f98ff63f5f946aeb83959027,967286.0,587.0,4416.0,195.0,4.0,2026-09-19T09:53:21.011887
20230214,OK,https://nsearchives.nseindia.com/content/historical/DERIVATIVES/2023/FEB/fo14FEB2023bhav.csv.zip,3dae921fe501325d920739cf946de4869abcd78fc0737e9ce1979e7a529baa7b,635429.0,587.0,4424.0,195.0,4.0,2026-09-19T09:53:22.841202
20230215,OK,https://nsearchives.nseindia.com/content/historical/DERIVATIVES/2023/FEB/fo15FEB2023bhav.csv.zip,6393cd25953e8492e0df7fa10ae040fd44e929734d53aace7783ee7a16fad77d,636569.0,587.0,4390.0,195.0,4.0,2026-09-19T09:53:24.286814
20230216,OK,https://nsearchives.nseindia.com/content/historical/DERIVATIVES/2023/FEB/fo16FEB2023bhav.csv.zip,fe6437959b63d059ed6b4b2798df8c2e10cfdb00d002a3c033b6e6cda41f3ada,647453.0,587.0,4408.0,195.0,4.0,2026-09-19T09:53:26.386392
20230217,OK,https://nsearchives.nseindia.com/content/historical/DERIVATIVES/2023/FEB/fo17FEB2023bhav.csv.zip,c60a31ad2534727ec42aebf5623acb315bda60ed782db2031a06e7a237aff17d,654657.0,587.0,4332.0,195.0,4.0,2026-09-19T09:53:28.165956
20230220,OK,https://nsearchives.nseindia.com/content/historical/DERIVATIVES/2023/FEB/fo20FEB2023bhav.csv.zip,fdfe9477c21a6b968a22cf19a128dedcd42d88db22192a2e00237e48eaab1245,666718.0,587.0,4360.0,195.0,4.0,2026-09-19T09:53:30.445865
20230221,OK,https://nsearchives.nseindia.com/content/historical/DERIVATIVES/2023/FEB/fo21FEB2023bhav.csv.zip,1ecb962fcf11aa42e1c089e995db7575f2b26dea9754a451a797c0b9f7f5c483,673524.0,587.0,4392.0,195.0,4.0,2026-09-19T09:53:32.182362
20230222,OK,https://nsearchives.nseindia.com/content/historical/DERIVATIVES/2023/FEB/fo22FEB2023bhav.csv.zip,0f8b079e8e1fa0cb381793bfc7ddd66f542caadfda86e747976057f5df3097b9,683898.0,587.0,4346.0,195.0,4.0,2026-09-19T09:53:34.091592
20230223,OK,https://nsearchives.nseindia.com/content/historical/DERIVATIVES/2023/FEB/fo23FEB2023bhav.csv.zip,a2d0fe47170c7ef50798858f5d3b8c265f786317607fedc1185c45fb29a07a3a,680975.0,587.0,4490.0,195.0,4.0,2026-09-19T09:53:35.666989
20230224,OK,https://nsearchives.nseindia.com/content/historical/DERIVATIVES/2023/FEB/fo24FEB2023bhav.csv.zip,e0d90694e10e49972ff2e87fb392e45e207dc78c27d5400e4a4858ff4a095101,554778.0,583.0,4362.0,195.0,4.0,2026-09-19T09:53:37.396106
20230227,OK,https://nsearchives.nseindia.com/content/historical/DERIVATIVES/2023/FEB/fo27FEB2023bhav.csv.zip,44bfdf24ec7b8abea6f7330b4a147f9fc5140ceacb9595d8a1439dfc0fa1855c,566944.0,583.0,4419.0,195.0,4.0,2026-09-19T09:53:39.638642
20230228,OK,https://nsearchives.nseindia.com/content/historical/DERIVATIVES/2023/FEB/fo28FEB2023bhav.csv.zip,795061f41e5e22d8422974e6972de7366eb6216ceceef36d1c3005a102390bb3,574473.0,584.0,4455.0,195.0,4.0,2026-09-19T09:53:41.517810
20230301,OK,https://nsearchives.nseindia.com/content/historical/DERIVATIVES/2023/MAR/fo01MAR2023bhav.csv.zip,6a06dcf432a3e1eb79f948dc346ca14718c6dfef47128b5c5950993152e87193,579386.0,584.0,4403.0,195.0,4.0,2026-09-19T09:53:42.949198
20230302,OK,https://nsearchives.nseindia.com/content/historical/DERIVATIVES/2023/MAR/fo02MAR2023bhav.csv.zip,3fe1e5e40f0936841717e4ed10295e23d42fcaa57aa213110119eaf5de6d1bfc,581794.0,584.0,4415.0,195.0,4.0,2026-09-19T09:53:44.503769
20230303,OK,https://nsearchives.nseindia.com/content/historical/DERIVATIVES/2023/MAR/fo03MAR2023bhav.csv.zip,0711cff325824af0c46df7ff0b8222836b55bc40f3d1096af620cbd3486c73b6,586680.0,584.0,4323.0,195.0,4.0,2026-09-19T09:53:46.113155
20230306,OK,https://nsearchives.nseindia.com/content/historical/DERIVATIVES/2023/MAR/fo06MAR2023bhav.csv.zip,ea5358f67d91982b58a2536b86af413a17b666e1bddbbc422d0a7308b413e226,594414.0,584.0,4383.0,195.0,4.0,2026-09-19T09:53:47.819778
20230308,OK,https://nsearchives.nseindia.com/content/historical/DERIVATIVES/2023/MAR/fo08MAR2023bhav.csv.zip,28fa252ef84731fabf236b8a213afd2623108125518584fce5c42685a6b6b6ea,595488.0,584.0,4351.0,195.0,4.0,2026-09-19T09:53:49.338405
20230309,OK,https://nsearchives.nseindia.com/content/historical/DERIVATIVES/2023/MAR/fo09MAR2023bhav.csv.zip,45aa6ce872b5bac5868580ac1dcb85234decbafd74c237281bf146163a640950,600513.0,584.0,4365.0,195.0,4.0,2026-09-19T09:53:50.898593
20230310,OK,https://nsearchives.nseindia.com/content/historical/DERIVATIVES/2023/MAR/fo10MAR2023bhav.csv.zip,ce42c2ddeaad6a37c589dc403c8af92bfc09b6de1797d518a1dd5c78d4bcd63b,601507.0,584.0,4305.0,195.0,4.0,2026-09-19T09:53:52.518960
20230313,OK,https://nsearchives.nseindia.com/content/historical/DERIVATIVES/2023/MAR/fo13MAR2023bhav.csv.zip,14ceca6f7a9120b4ad9411da318cdd2156136c32080db90c2ac840e3b8b2b49f,610936.0,584.0,4393.0,195.0,4.0,2026-09-19T09:53:53.974652
20230314,OK,https://nsearchives.nseindia.com/content/historical/DERIVATIVES/2023/MAR/fo14MAR2023bhav.csv.zip,92243d76988d62c57ba7ad3ab7fcb5058522ff968138939443a401aea4c2ea84,619154.0,584.0,4539.0,195.0,4.0,2026-09-19T09:53:55.491270
20230315,OK,https://nsearchives.nseindia.com/content/historical/DERIVATIVES/2023/MAR/fo15MAR2023bhav.csv.zip,689f3aa0d51a284476ff7f075c8bd2010020aca2ae7fdf2615a6d3b98de25ea9,620970.0,584.0,4541.0,195.0,4.0,2026-09-19T09:53:57.076528
20230316,OK,https://nsearchives.nseindia.com/content/historical/DERIVATIVES/2023/MAR/fo16MAR2023bhav.csv.zip,7fc8250793ce9387ad9c14c27e682e77f0c8f94e47594d978d6a7741a2ab90ca,634812.0,584.0,4663.0,195.0,4.0,2026-09-19T09:53:58.529607
20230317,OK,https://nsearchives.nseindia.com/content/historical/DERIVATIVES/2023/MAR/fo17MAR2023bhav.csv.zip,95618451ccf02d23e43e6e095f3bdbc46b777d15699f2455a469f5f4928d1cdc,628659.0,584.0,4569.0,195.0,4.0,2026-09-19T09:54:00.545139
20230320,OK,https://nsearchives.nseindia.com/content/historical/DERIVATIVES/2023/MAR/fo20MAR2023bhav.csv.zip,556708cbcac10979daef5a1af99e49c1f2c2d60703e4efd8644c28d62716df8e,635549.0,584.0,4589.0,195.0,4.0,2026-09-19T09:54:02.192752
20230321,OK,https://nsearchives.nseindia.com/content/historical/DERIVATIVES/2023/MAR/fo21MAR2023bhav.csv.zip,95cdcf3a84f626912894b8d6cd358c79b66f506ad6fe4c34dec019bffa726c1c,635619.0,584.0,4589.0,195.0,4.0,2026-09-19T09:54:03.889047
20230322,OK,https://nsearchives.nseindia.com/content/historical/DERIVATIVES/2023/MAR/fo22MAR2023bhav.csv.zip,9c1a477769d6f93f9101659dad8d1e49843125531743a15c11b5a11eeb04efba,637998.0,584.0,4537.0,195.0,4.0,2026-09-19T09:54:05.548151
20230323,OK,https://nsearchives.nseindia.com/content/historical/DERIVATIVES/2023/MAR/fo23MAR2023bhav.csv.zip,b31e7d47c755ffab1d70402cb7e050b50393ae8c2426e91d18cb0f4dfddd38ac,644543.0,584.0,4547.0,195.0,4.0,2026-09-19T09:54:07.576057
20230324,OK,https://nsearchives.nseindia.com/content/historical/DERIVATIVES/2023/MAR/fo24MAR2023bhav.csv.zip,1fb5dd3fca0685869ac850f87c8735efa89cc255424b54d74ae6c3b56fcf050c,652868.0,584.0,4499.0,195.0,4.0,2026-09-19T09:54:09.016943
20230327,OK,https://nsearchives.nseindia.com/content/historical/DERIVATIVES/2023/MAR/fo27MAR2023bhav.csv.zip,ec536f567fed67f2b9041a913c5f97adcc2347200d2e988461b159df89e85553,663573.0,584.0,4527.0,195.0,4.0,2026-09-19T09:54:10.804052
20230328,OK,https://nsearchives.nseindia.com/content/historical/DERIVATIVES/2023/MAR/fo28MAR2023bhav.csv.zip,965df0d45cf576c803694263a4f81783fe2520b6117bcb64f6492198017f7bef,670942.0,584.0,4541.0,195.0,4.0,2026-09-19T09:54:12.916400
20230329,OK,https://nsearchives.nseindia.com/content/historical/DERIVATIVES/2023/MAR/fo29MAR2023bhav.csv.zip,fcccaf3f41010c5af1e6733dc3055483965b51fbf44115a1034ac8b3b2bd7f73,662974.0,584.0,4481.0,195.0,4.0,2026-09-19T09:54:15.087335
20230331,OK,https://nsearchives.nseindia.com/content/historical/DERIVATIVES/2023/MAR/fo31MAR2023bhav.csv.zip,7ad8d946c3489bab208f8807882a26518688207c0a2274ae12334a33ca41d380,582166.0,580.0,4375.0,193.0,4.0,2026-09-19T09:54:17.099230
20230403,OK,https://nsearchives.nseindia.com/content/historical/DERIVATIVES/2023/APR/fo03APR2023bhav.csv.zip,ad891b3685ac2dbdc0c7c1818a0104e49ab2daa6eab09b65071d9deb31505da5,595198.0,580.0,4465.0,193.0,4.0,2026-09-19T09:54:18.843074
20230405,OK,https://nsearchives.nseindia.com/content/historical/DERIVATIVES/2023/APR/fo05APR2023bhav.csv.zip,7ab9252ab836ba235fd7c54420e9edb4a48277a25c87afd4cf480eb3af2178a8,603821.0,580.0,4455.0,193.0,4.0,2026-09-19T09:54:20.598656
20230406,OK,https://nsearchives.nseindia.com/content/historical/DERIVATIVES/2023/APR/fo06APR2023bhav.csv.zip,2d9b61e953c21c5b6d860484fce6f5d8e8a9195f4bc128b221d7572470630c4e,610122.0,580.0,4515.0,193.0,4.0,2026-09-19T09:54:22.238476
20230410,OK,https://nsearchives.nseindia.com/content/historical/DERIVATIVES/2023/APR/fo10APR2023bhav.csv.zip,78ffd4fe88c5c6d7141d27e7e810234e3092ff0a168703b03e07bf66d17a12e1,611158.0,580.0,4481.0,193.0,4.0,2026-09-19T09:54:23.803135
20230411,OK,https://nsearchives.nseindia.com/content/historical/DERIVATIVES/2023/APR/fo11APR2023bhav.csv.zip,facf9c6e88a79f41dd7df01a27ebdd375b44bd3d14c28ce6667a0aa4c8b4829b,619192.0,580.0,4485.0,193.0,4.0,2026-09-19T09:54:25.703624
20230412,OK,https://nsearchives.nseindia.com/content/historical/DERIVATIVES/2023/APR/fo12APR2023bhav.csv.zip,399299261e2435ca8978485ef91ac1a69250f1159dd3cf819d785c8666105b75,626261.0,580.0,4537.0,193.0,4.0,2026-09-19T09:54:27.855035
20230413,OK,https://nsearchives.nseindia.com/content/historical/DERIVATIVES/2023/APR/fo13APR2023bhav.csv.zip,ebc85fd611b6ad97b254aff27e057a103e4b18691b2988179a952f654a2121ad,634524.0,580.0,4607.0,193.0,4.0,2026-09-19T09:54:29.816899
20230417,OK,https://nsearchives.nseindia.com/content/historical/DERIVATIVES/2023/APR/fo17APR2023bhav.csv.zip,e3dfecfe12f6a5e3aad046e0a5a7ceca99cdfac60704301dba21aaafe1bab390,639949.0,580.0,4661.0,193.0,4.0,2026-09-19T09:54:31.331690
20230418,OK,https://nsearchives.nseindia.com/content/historical/DERIVATIVES/2023/APR/fo18APR2023bhav.csv.zip,517325d59f4ae0e4cd3293d1f40fc6c8866df551b9156425996cdc375d0cbbc5,649930.0,580.0,4709.0,193.0,4.0,2026-09-19T09:54:32.941665
20230419,OK,https://nsearchives.nseindia.com/content/historical/DERIVATIVES/2023/APR/fo19APR2023bhav.csv.zip,140d89b4e26eb30a1b07f775aaa63528bc6945078f2d386ab44c711b9fe37a66,655720.0,580.0,4657.0,193.0,4.0,2026-09-19T09:54:34.468293
20230420,OK,https://nsearchives.nseindia.com/content/historical/DERIVATIVES/2023/APR/fo20APR2023bhav.csv.zip,0a9a95238c2f4e0f4197811fe08024a42a7bffc3bd012c185a460bed9ff9b9b0,658581.0,580.0,4659.0,193.0,4.0,2026-09-19T09:54:36.036916
20230421,OK,https://nsearchives.nseindia.com/content/historical/DERIVATIVES/2023/APR/fo21APR2023bhav.csv.zip,1d9cb1c4b9e064160ebb4fdd01fd9f49fb5305bc3f4fe7ebb9486a1093005693,665891.0,580.0,4565.0,193.0,4.0,2026-09-19T09:54:37.843741
20230424,OK,https://nsearchives.nseindia.com/content/historical/DERIVATIVES/2023/APR/fo24APR2023bhav.csv.zip,803516301add3f0d0de6370ef03ff4e5f70885d781f0d41b5e0f8784b66172ea,674275.0,580.0,4573.0,193.0,4.0,2026-09-19T09:54:39.296983
20230425,OK,https://nsearchives.nseindia.com/content/historical/DERIVATIVES/2023/APR/fo25APR2023bhav.csv.zip,0c9850ca9c25b2a1abc47f0bc0ff2f0b9d7af918681bbcc59d1f256bc4e9c799,682467.0,580.0,4629.0,193.0,4.0,2026-09-19T09:54:41.500577
20230426,OK,https://nsearchives.nseindia.com/content/historical/DERIVATIVES/2023/APR/fo26APR2023bhav.csv.zip,f01024da95f8a5d7995700cf724fe584df387129d08b234d6735a20afde2e339,684283.0,580.0,4579.0,193.0,4.0,2026-09-19T09:54:43.122928
20230427,OK,https://nsearchives.nseindia.com/content/historical/DERIVATIVES/2023/APR/fo27APR2023bhav.csv.zip,7c429be536f5d7cb8152286acc8636f541501e3c9fa2d953c82a6d38c3867c14,678051.0,580.0,4611.0,193.0,4.0,2026-09-19T09:54:45.289824
20230428,OK,https://nsearchives.nseindia.com/content/historical/DERIVATIVES/2023/APR/fo28APR2023bhav.csv.zip,35abe37ae81edfd0608d59598ff516f0ea1f4152a68e144248e74ca7f72ef402,573116.0,577.0,4561.0,192.0,4.0,2026-09-19T09:54:46.722166
20230502,OK,https://nsearchives.nseindia.com/content/historical/DERIVATIVES/2023/MAY/fo02MAY2023bhav.csv.zip,d8915e31f306d4928017c6c0344dab2322c2ae41f6fd505dd08eb4dfe7ef7dc4,589724.0,577.0,4669.0,192.0,4.0,2026-09-19T09:54:48.327569
20230503,OK,https://nsearchives.nseindia.com/content/historical/DERIVATIVES/2023/MAY/fo03MAY2023bhav.csv.zip,03ec8bef4fc3643c7bc7600912b2684ff0458a7f111959e9fe4879be96318005,597719.0,577.0,4701.0,192.0,4.0,2026-09-19T09:54:49.850787
20230504,OK,https://nsearchives.nseindia.com/content/historical/DERIVATIVES/2023/MAY/fo04MAY2023bhav.csv.zip,dad54355a61824b0ec5906761ce8825cc9bb67132abcf3f6cccad62ed7975093,605409.0,576.0,4671.0,192.0,4.0,2026-09-19T09:54:51.409639
20230505,OK,https://nsearchives.nseindia.com/content/historical/DERIVATIVES/2023/MAY/fo05MAY2023bhav.csv.zip,7777cc575390331cbc02d26e1582a04297f0239c3eec13c4f52dfa31bc556850,615296.0,576.0,4685.0,192.0,4.0,2026-09-19T09:54:53.731843
20230508,OK,https://nsearchives.nseindia.com/content/historical/DERIVATIVES/2023/MAY/fo08MAY2023bhav.csv.zip,ebf69824d4b62062831c348ecf9a70430dc9fb26bb0c8676a7af17f98c764b6f,619306.0,576.0,4721.0,192.0,4.0,2026-09-19T09:54:55.815107
20230509,OK,https://nsearchives.nseindia.com/content/historical/DERIVATIVES/2023/MAY/fo09MAY2023bhav.csv.zip,6e75fe3cd95642dc1b9c0fbcad385e6c021cbeb893735c6ecc547bc0dae62519,629092.0,576.0,4735.0,192.0,4.0,2026-09-19T09:54:57.301006
20230510,OK,https://nsearchives.nseindia.com/content/historical/DERIVATIVES/2023/MAY/fo10MAY2023bhav.csv.zip,4b0a3b7f47eea41248757c14cbd8379b6e6437d9a0380bc6a8251f5636e20a07,628888.0,576.0,4683.0,192.0,4.0,2026-09-19T09:54:59.133948
20230511,OK,https://nsearchives.nseindia.com/content/historical/DERIVATIVES/2023/MAY/fo11MAY2023bhav.csv.zip,1343d7b2b67eb4631b418258aee73fcb9ce945b09d029e052de309db3c808f7a,636469.0,575.0,4673.0,192.0,4.0,2026-09-19T09:55:01.171453
20230512,OK,https://nsearchives.nseindia.com/content/historical/DERIVATIVES/2023/MAY/fo12MAY2023bhav.csv.zip,a77537c94765bf8f96e085024d72ae7335510204d39788f4806a5956bbe1c3bb,644920.0,575.0,4589.0,192.0,4.0,2026-09-19T09:55:02.731968
20230515,OK,https://nsearchives.nseindia.com/content/historical/DERIVATIVES/2023/MAY/fo15MAY2023bhav.csv.zip,32fd8ed7e533de5456e400a672fce696c9b482a31a90efd7e2ced506b9d78284,653924.0,575.0,4625.0,192.0,4.0,2026-09-19T09:55:04.267797
20230516,OK,https://nsearchives.nseindia.com/content/historical/DERIVATIVES/2023/MAY/fo16MAY2023bhav.csv.zip,e6a67f3799139fb6fe2912e3c6ded5d732834ec7cec8d03d677d76440945631c,661572.0,575.0,4719.0,192.0,4.0,2026-09-19T09:55:05.893255
20230517,OK,https://nsearchives.nseindia.com/content/historical/DERIVATIVES/2023/MAY/fo17MAY2023bhav.csv.zip,209aab084454e4722912847e88767b6786b5322d24f751229861b25e670609ab,667389.0,575.0,4695.0,192.0,4.0,2026-09-19T09:55:07.335275
20230518,OK,https://nsearchives.nseindia.com/content/historical/DERIVATIVES/2023/MAY/fo18MAY2023bhav.csv.zip,0a77c282960416281f594df913c9848a25687d07ed333f5fbd00c059a3c0e3e0,668621.0,574.0,4677.0,192.0,4.0,2026-09-19T09:55:08.809490
20230519,OK,https://nsearchives.nseindia.com/content/historical/DERIVATIVES/2023/MAY/fo19MAY2023bhav.csv.zip,0086f24bef389b198c67e1e28ed19a2ef132c73b3fe7f7b169613e44d3337de5,676727.0,574.0,4609.0,192.0,4.0,2026-09-19T09:55:10.575094
20230522,OK,https://nsearchives.nseindia.com/content/historical/DERIVATIVES/2023/MAY/fo22MAY2023bhav.csv.zip,0bf31cda3e205248f638e8f3ab6cb419bd93f3c08aa338ab441f393dcb4fc88a,683159.0,574.0,4613.0,192.0,4.0,2026-09-19T09:55:12.044493
20230523,OK,https://nsearchives.nseindia.com/content/historical/DERIVATIVES/2023/MAY/fo23MAY2023bhav.csv.zip,d398c306f658edd8d183b50e84232a35e67f8e65a739611537772974fbd17ff9,694649.0,574.0,4617.0,192.0,4.0,2026-09-19T09:55:13.449298
20230524,OK,https://nsearchives.nseindia.com/content/historical/DERIVATIVES/2023/MAY/fo24MAY2023bhav.csv.zip,d24db656ba305509333c5f9fe85af1342ae494dc05df38a0d28f5181b95193a6,696874.0,574.0,4599.0,192.0,4.0,2026-09-19T09:55:15.452933
20230525,OK,https://nsearchives.nseindia.com/content/historical/DERIVATIVES/2023/MAY/fo25MAY2023bhav.csv.zip,504b35114a62f0c0b21f32bc4cff83bb36a2758f1d09d9858dadaddbc4afbca4,689357.0,573.0,4595.0,192.0,4.0,2026-09-19T09:55:17.030960
20230526,OK,https://nsearchives.nseindia.com/content/historical/DERIVATIVES/2023/MAY/fo26MAY2023bhav.csv.zip,3dd78de69f1fa49e2cc3cb8ba564a49deff665b6da184daddf65194ca2f027ec,572781.0,570.0,4459.0,191.0,4.0,2026-09-19T09:55:18.370030
20230529,OK,https://nsearchives.nseindia.com/content/historical/DERIVATIVES/2023/MAY/fo29MAY2023bhav.csv.zip,b8d3759362c6479d607b4852d1ac2ec4465509676156e339661fded039f3f617,586951.0,570.0,4525.0,191.0,4.0,2026-09-19T09:55:19.785666
20230530,OK,https://nsearchives.nseindia.com/content/historical/DERIVATIVES/2023/MAY/fo30MAY2023bhav.csv.zip,596f68d069d1b87be9b72469d7c3bf3558d620044a8e731070a9eeaf66c04cbd,591786.0,570.0,4636.0,191.0,4.0,2026-09-19T09:55:21.306269
20230531,OK,https://nsearchives.nseindia.com/content/historical/DERIVATIVES/2023/MAY/fo31MAY2023bhav.csv.zip,3b48d591d65d133587797891765ed110d942b3ec40a79e1b2fb5099b89b753eb,604757.0,570.0,4628.0,191.0,4.0,2026-09-19T09:55:22.712940
20230601,OK,https://nsearchives.nseindia.com/content/historical/DERIVATIVES/2023/JUN/fo01JUN2023bhav.csv.zip,54bcf79b44e4429c02a9f4b5fa8777e8878aae6b5fe592f7ff17b40586160131,608203.0,570.0,4586.0,191.0,4.0,2026-09-19T09:55:24.704718
20230602,OK,https://nsearchives.nseindia.com/content/historical/DERIVATIVES/2023/JUN/fo02JUN2023bhav.csv.zip,741607534fdfa13193d499291ce6e21f217ca80d7a1346a909c40f784380dbf5,607459.0,570.0,4500.0,191.0,4.0,2026-09-19T09:55:26.374143
20230605,OK,https://nsearchives.nseindia.com/content/historical/DERIVATIVES/2023/JUN/fo05JUN2023bhav.csv.zip,71d2f5c815aed30868fabaa0e9fb3391be76bfb42edd2778bf5070a32c32e621,611894.0,570.0,4518.0,191.0,4.0,2026-09-19T09:55:27.781908
20230606,OK,https://nsearchives.nseindia.com/content/historical/DERIVATIVES/2023/JUN/fo06JUN2023bhav.csv.zip,94054b081c42a15315fb7a04f6ba8135cb4e3170eb1206c7deeb62759b2c7f51,616799.0,570.0,4522.0,191.0,4.0,2026-09-19T09:55:29.177308
20230607,OK,https://nsearchives.nseindia.com/content/historical/DERIVATIVES/2023/JUN/fo07JUN2023bhav.csv.zip,c70ec9d9acc8c69fb16344d4acd9142915179ef31168bdbc77672ed6fed43458,625949.0,570.0,4500.0,191.0,4.0,2026-09-19T09:55:30.630720
20230608,OK,https://nsearchives.nseindia.com/content/historical/DERIVATIVES/2023/JUN/fo08JUN2023bhav.csv.zip,7eff561f4a0fac913743f2dc3b4be817ed68bbe5289259dfa41db22cbbd032d7,634800.0,570.0,4526.0,191.0,4.0,2026-09-19T09:55:32.398321
20230609,OK,https://nsearchives.nseindia.com/content/historical/DERIVATIVES/2023/JUN/fo09JUN2023bhav.csv.zip,61e255b3724ae4e1084dd4ea862baf31e6242ef74c5b172cb8e887d25b38f8b7,633733.0,570.0,4466.0,191.0,4.0,2026-09-19T09:55:34.200845
20230612,OK,https://nsearchives.nseindia.com/content/historical/DERIVATIVES/2023/JUN/fo12JUN2023bhav.csv.zip,871d68fdf64260e7448056d75d1bf10207ad781a672c3588c0cecc9eab71c061,636285.0,570.0,4470.0,191.0,4.0,2026-09-19T09:55:35.775287
20230613,OK,https://nsearchives.nseindia.com/content/historical/DERIVATIVES/2023/JUN/fo13JUN2023bhav.csv.zip,ba9ff1d3543ad2be6087fec11525521cab55ceac1984fd12b33a8f9229eefb1e,646731.0,570.0,4472.0,191.0,4.0,2026-09-19T09:55:37.318435
20230614,OK,https://nsearchives.nseindia.com/content/historical/DERIVATIVES/2023/JUN/fo14JUN2023bhav.csv.zip,38c74546b67f7d32ab008652bbd346f1e25e46cf2ed372b7ca39135046745685,653457.0,570.0,4490.0,191.0,4.0,2026-09-19T09:55:38.874022
20230615,OK,https://nsearchives.nseindia.com/content/historical/DERIVATIVES/2023/JUN/fo15JUN2023bhav.csv.zip,ae6643dcf3cf143024229426e91713a988ebe9ca61bbacefbbd30ce082ef97da,664757.0,570.0,4472.0,191.0,4.0,2026-09-19T09:55:40.758705
20230616,OK,https://nsearchives.nseindia.com/content/historical/DERIVATIVES/2023/JUN/fo16JUN2023bhav.csv.zip,b87c3cb65d0151ee4137f74cd3be152f7ef3a4440fbeaf3a44c56e02a41f8114,670861.0,570.0,4478.0,191.0,4.0,2026-09-19T09:55:42.507905
20230619,OK,https://nsearchives.nseindia.com/content/historical/DERIVATIVES/2023/JUN/fo19JUN2023bhav.csv.zip,04a62b82ddfbe5c1bc4f1171dd9183fedc0de1c1cc4f674dd3b172158f8a87c0,682314.0,570.0,4532.0,191.0,4.0,2026-09-19T09:55:44.095395
20230620,OK,https://nsearchives.nseindia.com/content/historical/DERIVATIVES/2023/JUN/fo20JUN2023bhav.csv.zip,9bd2596936a2851a723254a8d1e04ff53649e3322815406a2af44db872f4cb70,686787.0,570.0,4546.0,191.0,4.0,2026-09-19T09:55:45.785264
20230621,OK,https://nsearchives.nseindia.com/content/historical/DERIVATIVES/2023/JUN/fo21JUN2023bhav.csv.zip,918a7189180bc7e9bf4640ceca7dfc9617735ba80455847f52a8efe350be855f,701986.0,570.0,4544.0,191.0,4.0,2026-09-19T09:55:47.610960
20230622,OK,https://nsearchives.nseindia.com/content/historical/DERIVATIVES/2023/JUN/fo22JUN2023bhav.csv.zip,44a08f26b533336ed4078066d98db526fa9b875cb5ca569ebac15b24a7c7032a,718550.0,570.0,4550.0,191.0,4.0,2026-09-19T09:55:49.423465
20230623,OK,https://nsearchives.nseindia.com/content/historical/DERIVATIVES/2023/JUN/fo23JUN2023bhav.csv.zip,cf164a9e5b309455cdae66db980d80059c4a3d289e80e65e942a6c489c3b932b,726274.0,570.0,4506.0,191.0,4.0,2026-09-19T09:55:50.978202
20230626,OK,https://nsearchives.nseindia.com/content/historical/DERIVATIVES/2023/JUN/fo26JUN2023bhav.csv.zip,4cd94997abb10c266167f9096412e15f757caa23313e464d0c94bfd7ffcabaf1,728946.0,570.0,4518.0,191.0,4.0,2026-09-19T09:55:52.437899
20230627,OK,https://nsearchives.nseindia.com/content/historical/DERIVATIVES/2023/JUN/fo27JUN2023bhav.csv.zip,d6510ced97c21be542f25155c376d821c351a0d8253e44a4e47f88f75439d644,741168.0,570.0,4518.0,191.0,4.0,2026-09-19T09:55:54.139258
20230628,OK,https://nsearchives.nseindia.com/content/historical/DERIVATIVES/2023/JUN/fo28JUN2023bhav.csv.zip,e7004778f53d2c355e8edbdb47b9db45d298e4fe9d692b0a82e44cad70f1ef02,725075.0,570.0,4452.0,191.0,4.0,2026-09-19T09:55:55.543900
20230630,OK,https://nsearchives.nseindia.com/content/historical/DERIVATIVES/2023/JUN/fo30JUN2023bhav.csv.zip,a99bdf8844397a326952e7c68d514e504bcc51c45ec33e55124989654a4125db,628644.0,568.0,4306.0,190.0,4.0,2026-09-19T09:55:57.062781
20230703,OK,https://nsearchives.nseindia.com/content/historical/DERIVATIVES/2023/JUL/fo03JUL2023bhav.csv.zip,0b16e88c5850e5751994c44f3295f3502cf6153a371852585dfb93d009c4f89f,653564.0,568.0,4472.0,190.0,4.0,2026-09-19T09:55:58.895634
20230704,OK,https://nsearchives.nseindia.com/content/historical/DERIVATIVES/2023/JUL/fo04JUL2023bhav.csv.zip,7910f940bb00bda05fe6f090463c2b9fb4496cd80b96325c641196b2e77ba6ab,666130.0,568.0,4620.0,190.0,4.0,2026-09-19T09:56:00.511171
20230705,OK,https://nsearchives.nseindia.com/content/historical/DERIVATIVES/2023/JUL/fo05JUL2023bhav.csv.zip,8f34aec0c71d6aa8ea36fbe1a82deb8304a6c809d06ee6a8fec9e114c7e729e8,674538.0,568.0,4652.0,190.0,4.0,2026-09-19T09:56:02.107411
20230706,OK,https://nsearchives.nseindia.com/content/historical/DERIVATIVES/2023/JUL/fo06JUL2023bhav.csv.zip,f8fd6850b1db10081da30b8e66cb0351ba1c6272dfcaf4d25b8c3a4b6dec8351,685556.0,568.0,4634.0,190.0,4.0,2026-09-19T09:56:03.977872
20230707,OK,https://nsearchives.nseindia.com/content/historical/DERIVATIVES/2023/JUL/fo07JUL2023bhav.csv.zip,9578950561723f996d9cef6a8624135d9f155bc9639f1de0fd9bb0cfe266f987,695256.0,568.0,4610.0,190.0,4.0,2026-09-19T09:56:05.936485
20230710,OK,https://nsearchives.nseindia.com/content/historical/DERIVATIVES/2023/JUL/fo10JUL2023bhav.csv.zip,62d1099edce3d05812f7d092c04fdd59debf35aac49f7710bffc5b354ba399ab,693779.0,568.0,4628.0,190.0,4.0,2026-09-19T09:56:09.060446
20230711,OK,https://nsearchives.nseindia.com/content/historical/DERIVATIVES/2023/JUL/fo11JUL2023bhav.csv.zip,227c1156cce6c4a1f524294559da69acdfe71a207c2d1598292dbd47e29a671d,695688.0,568.0,4632.0,190.0,4.0,2026-09-19T09:56:11.823460
20230712,OK,https://nsearchives.nseindia.com/content/historical/DERIVATIVES/2023/JUL/fo12JUL2023bhav.csv.zip,c91c6d6359a476c320a9098966ba1f493885ee90f13f96a24dd28b02fe05675b,698820.0,568.0,4596.0,190.0,4.0,2026-09-19T09:56:14.522300
20230713,OK,https://nsearchives.nseindia.com/content/historical/DERIVATIVES/2023/JUL/fo13JUL2023bhav.csv.zip,c5c9c782ec1b5dbe205485fc9dbeeb1afc2844c9b4c404dc17e3cdb58126ecc7,707243.0,565.0,4582.0,189.0,4.0,2026-09-19T09:56:15.948917
20230714,OK,https://nsearchives.nseindia.com/content/historical/DERIVATIVES/2023/JUL/fo14JUL2023bhav.csv.zip,9ca09b2a13218776c1a0440d35c4671d3bb3f5e4b100611a5c505b83697e419f,704546.0,565.0,4510.0,189.0,4.0,2026-09-19T09:56:17.495216
20230717,OK,https://nsearchives.nseindia.com/content/historical/DERIVATIVES/2023/JUL/fo17JUL2023bhav.csv.zip,1e1a2e344ce67a51b5a019248a22ed879145f3fc11c02c19fdfa7feb1c759e1b,720116.0,565.0,4560.0,189.0,4.0,2026-09-19T09:56:18.860077
20230718,OK,https://nsearchives.nseindia.com/content/historical/DERIVATIVES/2023/JUL/fo18JUL2023bhav.csv.zip,131e64c2d85e8ef018a4e1c0ceb7acd373bca433025503d07576b373b7f2f5df,729685.0,565.0,4634.0,189.0,4.0,2026-09-19T09:56:20.326447
20230719,OK,https://nsearchives.nseindia.com/content/historical/DERIVATIVES/2023/JUL/fo19JUL2023bhav.csv.zip,dc3dbef43166be915296bc7cd514735f0942ece4a935eb9870475ea45353620f,727957.0,565.0,4602.0,189.0,4.0,2026-09-19T09:56:21.653210
20230720,OK,https://nsearchives.nseindia.com/content/historical/DERIVATIVES/2023/JUL/fo20JUL2023bhav.csv.zip,52ec5552e8a19c8e2c01b5e206f409a8cb63d6849173498dbdfea8f6f480c0b5,734420.0,565.0,4676.0,189.0,4.0,2026-09-19T09:56:23.223207
20230721,OK,https://nsearchives.nseindia.com/content/historical/DERIVATIVES/2023/JUL/fo21JUL2023bhav.csv.zip,b3482c7ac6409adc411f4fd895d6f5199f23cffbca6d234a042aa30f222ccf8d,755250.0,565.0,4728.0,189.0,4.0,2026-09-19T09:56:24.564285
20230724,OK,https://nsearchives.nseindia.com/content/historical/DERIVATIVES/2023/JUL/fo24JUL2023bhav.csv.zip,5cf3209303cde2f0d20cc0f3aa40c57a8d451ed56346b4ebc8ec5f48cffe25ac,771663.0,565.0,4740.0,189.0,4.0,2026-09-19T09:56:26.050110
20230725,OK,https://nsearchives.nseindia.com/content/historical/DERIVATIVES/2023/JUL/fo25JUL2023bhav.csv.zip,6eee9f80ca988828ca5171ee3c1170f3623b05d76649dc9d47a9591e00d22a72,779096.0,565.0,4748.0,189.0,4.0,2026-09-19T09:56:27.925458
20230726,OK,https://nsearchives.nseindia.com/content/historical/DERIVATIVES/2023/JUL/fo26JUL2023bhav.csv.zip,fbef670290a822f704295f66fec85c34bc10ae2ba2a65252e9a05555712d2cfe,785126.0,565.0,5058.0,189.0,4.0,2026-09-19T09:56:29.495168
20230727,OK,https://nsearchives.nseindia.com/content/historical/DERIVATIVES/2023/JUL/fo27JUL2023bhav.csv.zip,59c81eb92e8b491c5c1ddb0edbcdc63399e01ae2168a1ba8cc40e574b9660629,787373.0,565.0,4974.0,189.0,4.0,2026-09-19T09:56:30.833647
20230728,OK,https://nsearchives.nseindia.com/content/historical/DERIVATIVES/2023/JUL/fo28JUL2023bhav.csv.zip,6ec0f68686786da1d03e7c03ad3cd6b05029a07d1c5bf00dfce842c3dd22e81f,653415.0,564.0,4830.0,188.0,4.0,2026-09-19T09:56:32.810114
20230731,OK,https://nsearchives.nseindia.com/content/historical/DERIVATIVES/2023/JUL/fo31JUL2023bhav.csv.zip,1cbf259c6224a7b7776f27875b0401e981560d7e762f53afe27e83eb00158ff6,664501.0,564.0,4838.0,188.0,4.0,2026-09-19T09:56:35.084033
20230801,OK,https://nsearchives.nseindia.com/content/historical/DERIVATIVES/2023/AUG/fo01AUG2023bhav.csv.zip,95136d3879630d20d9b4fce01d80e1da5d245eb92efc3ad1635a6101fcbd7129,675233.0,564.0,4888.0,188.0,4.0,2026-09-19T09:56:36.590282
20230802,OK,https://nsearchives.nseindia.com/content/historical/DERIVATIVES/2023/AUG/fo02AUG2023bhav.csv.zip,ad12974feaf83140ed147faff8f835bb09440dfe0a3824f5ce01f398c319794d,688635.0,564.0,4846.0,188.0,4.0,2026-09-19T09:56:39.358720
20230803,OK,https://nsearchives.nseindia.com/content/historical/DERIVATIVES/2023/AUG/fo03AUG2023bhav.csv.zip,d6974d8460919ee1e2c68135bd86c2e81da507d997114e41424880d317fdcda8,690830.0,564.0,4832.0,188.0,4.0,2026-09-19T09:56:41.732513
20230804,OK,https://nsearchives.nseindia.com/content/historical/DERIVATIVES/2023/AUG/fo04AUG2023bhav.csv.zip,4ab95e8bf58a59c61b2c0c3de2a3e7fdb13c0a9596cec4ba73a9100c71453dbd,692992.0,564.0,4794.0,188.0,4.0,2026-09-19T09:56:43.088123
20230807,OK,https://nsearchives.nseindia.com/content/historical/DERIVATIVES/2023/AUG/fo07AUG2023bhav.csv.zip,1ef541c38464778ec642ab25da10a6dc4de065ed4887a944e1081236862edf1e,695995.0,564.0,4814.0,188.0,4.0,2026-09-19T09:56:45.300515
20230808,OK,https://nsearchives.nseindia.com/content/historical/DERIVATIVES/2023/AUG/fo08AUG2023bhav.csv.zip,d6e72df45db2a4a4a8a4bd31d6392e2e91d375f22e22cc8e34be57c419f73300,702856.0,564.0,4818.0,188.0,4.0,2026-09-19T09:56:47.534640
20230809,OK,https://nsearchives.nseindia.com/content/historical/DERIVATIVES/2023/AUG/fo09AUG2023bhav.csv.zip,7893b2d4e6020c97be722a43212af10b4d7118447582f2c33245e838884d72c4,706672.0,564.0,4786.0,188.0,4.0,2026-09-19T09:56:49.417471
20230810,OK,https://nsearchives.nseindia.com/content/historical/DERIVATIVES/2023/AUG/fo10AUG2023bhav.csv.zip,8eb11902bb94f61dfd3f9f19ace37ba09c8bd66fb8c992aa64dec2de44c005f3,715338.0,564.0,4734.0,188.0,4.0,2026-09-19T09:56:51.133227
20230811,OK,https://nsearchives.nseindia.com/content/historical/DERIVATIVES/2023/AUG/fo11AUG2023bhav.csv.zip,ae7df189bec91da401579df1a3bd33b76710488731a1fb64aa6cc6f37e1a02a1,713493.0,564.0,4680.0,188.0,4.0,2026-09-19T09:56:52.731594
20230814,OK,https://nsearchives.nseindia.com/content/historical/DERIVATIVES/2023/AUG/fo14AUG2023bhav.csv.zip,366381d237b67d5d1ed44c2aa3a115acc431d4649c8f89a26ea3342498c14b63,720413.0,564.0,4766.0,188.0,4.0,2026-09-19T09:56:54.091347
20230816,OK,https://nsearchives.nseindia.com/content/historical/DERIVATIVES/2023/AUG/fo16AUG2023bhav.csv.zip,3c2411e52a62c8bccd1b2899dbdda0ac4ec700376aae0c80689eb2bf09d79803,721438.0,564.0,4752.0,188.0,4.0,2026-09-19T09:56:56.098436
20230817,OK,https://nsearchives.nseindia.com/content/historical/DERIVATIVES/2023/AUG/fo17AUG2023bhav.csv.zip,adb4a6a0922e161b2ff0b5c35eed1afb42c86fc01668050257312c45a9f55d04,721131.0,564.0,4712.0,188.0,4.0,2026-09-19T09:56:58.422371
20230818,OK,https://nsearchives.nseindia.com/content/historical/DERIVATIVES/2023/AUG/fo18AUG2023bhav.csv.zip,48462139967809a152c9f8e7edd761b832347846fe61589b70e673a9a0b799ea,725940.0,564.0,4674.0,188.0,4.0,2026-09-19T09:57:00.357966
20230821,OK,https://nsearchives.nseindia.com/content/historical/DERIVATIVES/2023/AUG/fo21AUG2023bhav.csv.zip,86d6609cf4898d7c38ee3b2dfee2aab0a067c9562565c1f026b5436a09cff1a6,725731.0,564.0,4684.0,188.0,4.0,2026-09-19T09:57:01.905424
20230822,OK,https://nsearchives.nseindia.com/content/historical/DERIVATIVES/2023/AUG/fo22AUG2023bhav.csv.zip,37d47e47ef5a0775242231b3c5c39c4f6156e32d08c44dcd1669dd9c0f28ebd3,730520.0,564.0,4632.0,188.0,4.0,2026-09-19T09:57:03.488756
20230823,OK,https://nsearchives.nseindia.com/content/historical/DERIVATIVES/2023/AUG/fo23AUG2023bhav.csv.zip,9941656268e0bb87a72419c6e2f91c1050e9f833f1ec0bd95368d5d9d44ef2b4,738453.0,564.0,4638.0,188.0,4.0,2026-09-19T09:57:05.141827
20230824,OK,https://nsearchives.nseindia.com/content/historical/DERIVATIVES/2023/AUG/fo24AUG2023bhav.csv.zip,89659979336a6b60e79653dc874bceecf8754c89a3bee85ee3ac092f25b69997,748337.0,564.0,4686.0,188.0,4.0,2026-09-19T09:57:06.540860
20230825,OK,https://nsearchives.nseindia.com/content/historical/DERIVATIVES/2023/AUG/fo25AUG2023bhav.csv.zip,7c5784396b4e1d9d95f563b8f7a0de902bb9175eea1c4f0fa6a1db136dfa99ef,752617.0,564.0,4626.0,188.0,4.0,2026-09-19T09:57:07.896273
20230828,OK,https://nsearchives.nseindia.com/content/historical/DERIVATIVES/2023/AUG/fo28AUG2023bhav.csv.zip,2848f4dd893d42b3ddc0ddcaa43e51ab153635c7eff538a2d1f75172c11ac59d,754987.0,564.0,4648.0,188.0,4.0,2026-09-19T09:57:09.348944
20230829,OK,https://nsearchives.nseindia.com/content/historical/DERIVATIVES/2023/AUG/fo29AUG2023bhav.csv.zip,e684dfd7dd598122e8d2f63d7592df611c41e67649efe140edfa8e3396c404d1,758564.0,564.0,4564.0,188.0,4.0,2026-09-19T09:57:11.226884
20230830,OK,https://nsearchives.nseindia.com/content/historical/DERIVATIVES/2023/AUG/fo30AUG2023bhav.csv.zip,2da922dcb065f18cda7e3bbea2c2fe97dbf15f7adf6c19477d59b68344deaf4e,763858.0,564.0,4516.0,188.0,4.0,2026-09-19T09:57:12.684001
20230831,OK,https://nsearchives.nseindia.com/content/historical/DERIVATIVES/2023/AUG/fo31AUG2023bhav.csv.zip,fc0e3a242ac9c2204612d16cc072883d7f72dba6c6ccdd9e379636c6c09e6055,758158.0,564.0,4562.0,188.0,4.0,2026-09-19T09:57:14.510065
20230901,OK,https://nsearchives.nseindia.com/content/historical/DERIVATIVES/2023/SEP/fo01SEP2023bhav.csv.zip,b12d709307aa6f1b6fc9ffea07ac5122af8079c96e5f8429e8c5c850492e6503,629266.0,564.0,4444.0,188.0,4.0,2026-09-19T09:57:15.947228
20230904,OK,https://nsearchives.nseindia.com/content/historical/DERIVATIVES/2023/SEP/fo04SEP2023bhav.csv.zip,32224d54c0d97682f9a725f243d3ab2ade2a8ab2aa8c344e48d87a236b04ca0e,644667.0,564.0,4490.0,188.0,4.0,2026-09-19T09:57:17.911914
20230905,OK,https://nsearchives.nseindia.com/content/historical/DERIVATIVES/2023/SEP/fo05SEP2023bhav.csv.zip,e856ae0131d64aaeb8b3889b22df634eafc31dd74dbf47f99d92604e09173c22,654199.0,564.0,4502.0,188.0,4.0,2026-09-19T09:57:19.313562
20230906,OK,https://nsearchives.nseindia.com/content/historical/DERIVATIVES/2023/SEP/fo06SEP2023bhav.csv.zip,e9a097a85e564c46218395ae867084831f662819d0e5559f49b0244a0718d086,659942.0,564.0,4510.0,188.0,4.0,2026-09-19T09:57:20.829102
20230907,OK,https://nsearchives.nseindia.com/content/historical/DERIVATIVES/2023/SEP/fo07SEP2023bhav.csv.zip,804f643869288eb52cafef05462b1f8818491bde09da0ecf9cb5678bf1aa0d8d,666013.0,564.0,4512.0,188.0,4.0,2026-09-19T09:57:22.909778
20230908,OK,https://nsearchives.nseindia.com/content/historical/DERIVATIVES/2023/SEP/fo08SEP2023bhav.csv.zip,4f7df11600e08907e26b9c915fabc812c6260addee4ae9c9a14f5814ce93ff8c,677066.0,564.0,4592.0,188.0,4.0,2026-09-19T09:57:24.774879
20230911,OK,https://nsearchives.nseindia.com/content/historical/DERIVATIVES/2023/SEP/fo11SEP2023bhav.csv.zip,b4477e815d0cb985c45a404ae22e6564efe2c10adfe8ccf186bd731b31d8fa3f,686366.0,564.0,4690.0,188.0,4.0,2026-09-19T09:57:26.276179
20230912,OK,https://nsearchives.nseindia.com/content/historical/DERIVATIVES/2023/SEP/fo12SEP2023bhav.csv.zip,ad2e218e5c2494cf11fb49fa9d2513b67a5d83c437b96b67fea8ac312697f4c8,706030.0,564.0,4792.0,188.0,4.0,2026-09-19T09:57:27.961786
20230913,OK,https://nsearchives.nseindia.com/content/historical/DERIVATIVES/2023/SEP/fo13SEP2023bhav.csv.zip,0acdb1b950eb1080568ec3183b7eedc237eb161390d569833326cc961c593922,705843.0,564.0,4774.0,188.0,4.0,2026-09-19T09:57:29.339802
20230914,OK,https://nsearchives.nseindia.com/content/historical/DERIVATIVES/2023/SEP/fo14SEP2023bhav.csv.zip,1eb6af8d3db0b0e43b984c51fec79124150f7bb755c3524be00206b8282cb541,707878.0,564.0,4814.0,188.0,4.0,2026-09-19T09:57:30.691200
20230915,OK,https://nsearchives.nseindia.com/content/historical/DERIVATIVES/2023/SEP/fo15SEP2023bhav.csv.zip,473cd20b7c5b5e24a59dcbb2acf5d5c194885a45092bdd1fbc75e83231102d08,710725.0,564.0,4794.0,188.0,4.0,2026-09-19T09:57:32.008173
20230918,OK,https://nsearchives.nseindia.com/content/historical/DERIVATIVES/2023/SEP/fo18SEP2023bhav.csv.zip,8b77168c2f72d18aeda0be3853180534eb29ad607015ae9e0b04e0f5e3eed857,717650.0,564.0,4874.0,188.0,4.0,2026-09-19T09:57:33.481959
20230920,OK,https://nsearchives.nseindia.com/content/historical/DERIVATIVES/2023/SEP/fo20SEP2023bhav.csv.zip,0e3ec9d6662982231a47d4236ae2f3b1be5829b379b1374f523fe85b70bee2e0,723922.0,564.0,4784.0,188.0,4.0,2026-09-19T09:57:35.037460
20230921,OK,https://nsearchives.nseindia.com/content/historical/DERIVATIVES/2023/SEP/fo21SEP2023bhav.csv.zip,cc7eeefd303c409ddfd1362e007b89f411f3365500c6ae32d91455793c2c3c68,733254.0,564.0,4780.0,188.0,4.0,2026-09-19T09:57:36.460531
20230922,OK,https://nsearchives.nseindia.com/content/historical/DERIVATIVES/2023/SEP/fo22SEP2023bhav.csv.zip,dd882b25155061ce48418d690a680137bb95bee9e1c115329a237382c068c1d2,741284.0,564.0,4812.0,188.0,4.0,2026-09-19T09:57:37.927471
20230925,OK,https://nsearchives.nseindia.com/content/historical/DERIVATIVES/2023/SEP/fo25SEP2023bhav.csv.zip,2de24cc56c5ce65d2710db9486bec90c2d8f7a3476b40d97ec8df54f813dd0a4,751199.0,564.0,4836.0,188.0,4.0,2026-09-19T09:57:39.509071
20230926,OK,https://nsearchives.nseindia.com/content/historical/DERIVATIVES/2023/SEP/fo26SEP2023bhav.csv.zip,77f97b3715b6fcb2e30ee73fc8140addb58daf25adbecb41ef1711238ddbfd86,753284.0,564.0,4736.0,188.0,4.0,2026-09-19T09:57:41.161847
20230927,OK,https://nsearchives.nseindia.com/content/historical/DERIVATIVES/2023/SEP/fo27SEP2023bhav.csv.zip,0e3f9854216c1da0eb270acc6c4cbadb15ab03ef20ac458cd987f591205d0b55,760184.0,564.0,4702.0,188.0,4.0,2026-09-19T09:57:42.404960
20230928,OK,https://nsearchives.nseindia.com/content/historical/DERIVATIVES/2023/SEP/fo28SEP2023bhav.csv.zip,b3e97c15fd5f7039663c657b773a917683eaf97ccf2880b686069b5dce8f8c29,753189.0,564.0,4704.0,188.0,4.0,2026-09-19T09:57:44.288266
20230929,OK,https://nsearchives.nseindia.com/content/historical/DERIVATIVES/2023/SEP/fo29SEP2023bhav.csv.zip,5bb32011ed11ac33e00e729cf7fd4040d42b5b8f42861bb914815d61656d1701,652277.0,564.0,4641.0,188.0,4.0,2026-09-19T09:57:46.548844
20231003,OK,https://nsearchives.nseindia.com/content/historical/DERIVATIVES/2023/OCT/fo03OCT2023bhav.csv.zip,5695510805144b7abf21fe5ae8a0c3598679896d61d5e674c97988a1c1810e4c,655729.0,564.0,4605.0,188.0,4.0,2026-09-19T09:57:47.986718
20231004,OK,https://nsearchives.nseindia.com/content/historical/DERIVATIVES/2023/OCT/fo04OCT2023bhav.csv.zip,8e050cb82382a5037b0d186684e62fe913daac8bb32bae174797ea30ffb5cc2c,672079.0,564.0,4567.0,188.0,4.0,2026-09-19T09:57:49.339378
20231005,OK,https://nsearchives.nseindia.com/content/historical/DERIVATIVES/2023/OCT/fo05OCT2023bhav.csv.zip,a88fdf81b19596fb9c9fc9673a435c9a165ef630c99baea53de20202702a9e69,670584.0,564.0,4585.0,188.0,4.0,2026-09-19T09:57:51.145735
20231006,OK,https://nsearchives.nseindia.com/content/historical/DERIVATIVES/2023/OCT/fo06OCT2023bhav.csv.zip,50be1bb67f8a8b2be75d76787e8629ebd791b5490a71b677a5a26efd31ea6f1b,671135.0,564.0,4551.0,188.0,4.0,2026-09-19T09:57:52.399492
20231009,OK,https://nsearchives.nseindia.com/content/historical/DERIVATIVES/2023/OCT/fo09OCT2023bhav.csv.zip,1fce905aba6ed3a66077fdcb4c867ed9a82ba8c502ae56748417f1cae9a6a8ae,679740.0,564.0,4565.0,188.0,4.0,2026-09-19T09:57:54.634925
20231010,OK,https://nsearchives.nseindia.com/content/historical/DERIVATIVES/2023/OCT/fo10OCT2023bhav.csv.zip,608f83db14d9e614a8b80e470682d982a13da947720d4ae9a627b202a1d32322,681750.0,564.0,4559.0,188.0,4.0,2026-09-19T09:57:55.849550
20231011,OK,https://nsearchives.nseindia.com/content/historical/DERIVATIVES/2023/OCT/fo11OCT2023bhav.csv.zip,22acd2e448e7440224d6e3b7d2f796d19a6872d6cd53596a0378b90136d30b4f,686702.0,564.0,4539.0,188.0,4.0,2026-09-19T09:57:57.220057
20231012,OK,https://nsearchives.nseindia.com/content/historical/DERIVATIVES/2023/OCT/fo12OCT2023bhav.csv.zip,0301336fa4353e41ea8b53543e06e08ab41e1aea039bab9a6bcbbfbf95ee249a,687587.0,564.0,4519.0,188.0,4.0,2026-09-19T09:57:58.517308
20231013,OK,https://nsearchives.nseindia.com/content/historical/DERIVATIVES/2023/OCT/fo13OCT2023bhav.csv.zip,126254bd11fd5408fb7538830d3c679f4cb5af1593029ebc3b546a6e9dad23d9,693951.0,564.0,4497.0,188.0,4.0,2026-09-19T09:57:59.851232
20231016,OK,https://nsearchives.nseindia.com/content/historical/DERIVATIVES/2023/OCT/fo16OCT2023bhav.csv.zip,ac11caea0996420403b56f9c8a1e2b6a98442645fa7436e1a6a6383068621c59,695496.0,564.0,4503.0,188.0,4.0,2026-09-19T09:58:01.533711
20231017,OK,https://nsearchives.nseindia.com/content/historical/DERIVATIVES/2023/OCT/fo17OCT2023bhav.csv.zip,fcda67f1f3ce8d201c09695ec722dcededea7938de4c5b8ebcb000b9c9d2cf6d,701433.0,564.0,4491.0,188.0,4.0,2026-09-19T09:58:02.898804
20231018,OK,https://nsearchives.nseindia.com/content/historical/DERIVATIVES/2023/OCT/fo18OCT2023bhav.csv.zip,a49371b0c982c05165259ae288f8efd0f6eb3ab0d3d7c46c529da1f55f3da1f9,711313.0,564.0,4455.0,188.0,4.0,2026-09-19T09:58:04.299011
20231019,OK,https://nsearchives.nseindia.com/content/historical/DERIVATIVES/2023/OCT/fo19OCT2023bhav.csv.zip,13f1488b363062dca813f64d3d4615c53856b12d7282cac19d82f0b5ef37c4e7,717753.0,564.0,4437.0,188.0,4.0,2026-09-19T09:58:05.706387
20231020,OK,https://nsearchives.nseindia.com/content/historical/DERIVATIVES/2023/OCT/fo20OCT2023bhav.csv.zip,9b81d05c39b63c2a8939f7f889005fda26d091869c4bdcc2c481f2b5eea7bcd8,730238.0,564.0,4431.0,188.0,4.0,2026-09-19T09:58:06.978109
20231023,OK,https://nsearchives.nseindia.com/content/historical/DERIVATIVES/2023/OCT/fo23OCT2023bhav.csv.zip,5894939c986df65dcd4274f71a5448aa1481c7e5b22f13dfc34ae95923bef2e0,756452.0,564.0,4505.0,188.0,4.0,2026-09-19T09:58:08.284929
20231025,OK,https://nsearchives.nseindia.com/content/historical/DERIVATIVES/2023/OCT/fo25OCT2023bhav.csv.zip,9dfda6842722b7212fa9119d85629759886dd517478583b9e8549c23295beaa9,770341.0,564.0,4629.0,188.0,4.0,2026-09-19T09:58:09.712248
20231026,OK,https://nsearchives.nseindia.com/content/historical/DERIVATIVES/2023/OCT/fo26OCT2023bhav.csv.zip,af4369ecd4558ba35dd329c5f74cefdf617ca5356cdb3d55209c8c268a937a0d,764960.0,564.0,4795.0,188.0,4.0,2026-09-19T09:58:11.101115
20231027,OK,https://nsearchives.nseindia.com/content/historical/DERIVATIVES/2023/OCT/fo27OCT2023bhav.csv.zip,d300fba0daf1fb5f9e017603fdd8e65000b2555a5569246b25added55f59e9e2,643725.0,563.0,4945.0,188.0,4.0,2026-09-19T09:58:12.486287
20231030,OK,https://nsearchives.nseindia.com/content/historical/DERIVATIVES/2023/OCT/fo30OCT2023bhav.csv.zip,8105b94ca2e33ae7caff1cb8601250e8be1e8dc36cc6e34630271beda28a39a7,656389.0,563.0,4963.0,188.0,4.0,2026-09-19T09:58:13.814738
20231031,OK,https://nsearchives.nseindia.com/content/historical/DERIVATIVES/2023/OCT/fo31OCT2023bhav.csv.zip,03c13bb7847ccf617fd7b897f301db90b6718498da8aa6f6627605290553fc52,657937.0,563.0,4907.0,188.0,4.0,2026-09-19T09:58:15.160719
20231101,OK,https://nsearchives.nseindia.com/content/historical/DERIVATIVES/2023/NOV/fo01NOV2023bhav.csv.zip,0e6cf3afa10b0867ffa50109372a3da89c7612636451576ab5a66967abbaa8e9,662027.0,563.0,4859.0,188.0,4.0,2026-09-19T09:58:16.689408
20231102,OK,https://nsearchives.nseindia.com/content/historical/DERIVATIVES/2023/NOV/fo02NOV2023bhav.csv.zip,42e9c257f152ad1c3b7392bbad77786fa1cfbb96bde0c2fb7d540a7894f26085,668896.0,563.0,4801.0,188.0,4.0,2026-09-19T09:58:18.159126
20231103,OK,https://nsearchives.nseindia.com/content/historical/DERIVATIVES/2023/NOV/fo03NOV2023bhav.csv.zip,fa295656ceb2401b57151ed4d52539e93fd0cbef8cdcff44e9ffa53ed4e5ee8f,673624.0,563.0,4781.0,188.0,4.0,2026-09-19T09:58:19.281650
20231106,OK,https://nsearchives.nseindia.com/content/historical/DERIVATIVES/2023/NOV/fo06NOV2023bhav.csv.zip,bc33c5b49bdcc18019b9ed72a2e007426dcb2626d6cc705fec252a728c28ca57,680830.0,563.0,4819.0,188.0,4.0,2026-09-19T09:58:20.443853
20231107,OK,https://nsearchives.nseindia.com/content/historical/DERIVATIVES/2023/NOV/fo07NOV2023bhav.csv.zip,a75228042aa312de58374630e5461b1394957087c6fec13704935405ded6493a,688275.0,563.0,4817.0,188.0,4.0,2026-09-19T09:58:21.779522
20231108,OK,https://nsearchives.nseindia.com/content/historical/DERIVATIVES/2023/NOV/fo08NOV2023bhav.csv.zip,077ec006fd6f934dde701dde5b9f6638429a295a5f4cd11da747bc6445aa34c8,693655.0,563.0,4785.0,188.0,4.0,2026-09-19T09:58:22.973910
20231109,OK,https://nsearchives.nseindia.com/content/historical/DERIVATIVES/2023/NOV/fo09NOV2023bhav.csv.zip,8dcf21f1bbea820edcde2237332d094cd68946322428704e7bc87bcfd3ca953b,696860.0,563.0,4771.0,188.0,4.0,2026-09-19T09:58:24.240531
20231110,OK,https://nsearchives.nseindia.com/content/historical/DERIVATIVES/2023/NOV/fo10NOV2023bhav.csv.zip,8b6078006136bfbba9b87226f5dc7e2f1b38c444a650c5b876447a29247db986,697210.0,563.0,4745.0,188.0,4.0,2026-09-19T09:58:25.587608
20231113,OK,https://nsearchives.nseindia.com/content/historical/DERIVATIVES/2023/NOV/fo13NOV2023bhav.csv.zip,2f5d6786f9bfb67b54f753d26cc05ca67c2be97470831c6181c345a2e3b06504,705993.0,563.0,4853.0,188.0,4.0,2026-09-19T09:58:26.816665
20231115,OK,https://nsearchives.nseindia.com/content/historical/DERIVATIVES/2023/NOV/fo15NOV2023bhav.csv.zip,bef957510e71b5c3098d186a4fa5b15c0e40de99b6d39bb03187e7215bdf5461,722443.0,563.0,4763.0,188.0,4.0,2026-09-19T09:58:28.339122
20231116,OK,https://nsearchives.nseindia.com/content/historical/DERIVATIVES/2023/NOV/fo16NOV2023bhav.csv.zip,04cd183173028ddd4c0346e1a713a0e2fd7dc1564588727ded4901222cfdb4ab,728689.0,563.0,4807.0,188.0,4.0,2026-09-19T09:58:29.633849
20231117,OK,https://nsearchives.nseindia.com/content/historical/DERIVATIVES/2023/NOV/fo17NOV2023bhav.csv.zip,1949cf771d0fa171569cd2364ee58997c737b45b87c8f00fde2bcab29ec515d6,736115.0,563.0,4855.0,188.0,4.0,2026-09-19T09:58:31.082871
20231120,OK,https://nsearchives.nseindia.com/content/historical/DERIVATIVES/2023/NOV/fo20NOV2023bhav.csv.zip,7e9d6b1637331ca31fc81c0001631b9c8097567ced91a35ea0b856b094249de3,739339.0,563.0,4869.0,188.0,4.0,2026-09-19T09:58:32.585365
20231121,OK,https://nsearchives.nseindia.com/content/historical/DERIVATIVES/2023/NOV/fo21NOV2023bhav.csv.zip,d6cd8dc6ef60f09f33a763eaf3b7ab5bdacc5e1b0a365261456f000107e56633,740414.0,563.0,4803.0,188.0,4.0,2026-09-19T09:58:33.877279
20231122,OK,https://nsearchives.nseindia.com/content/historical/DERIVATIVES/2023/NOV/fo22NOV2023bhav.csv.zip,a0ebb19a64ba59e983f99294d3ff55fa1cfea677b0aa9232513f55258c556333,753098.0,563.0,4771.0,188.0,4.0,2026-09-19T09:58:36.328450
20231123,OK,https://nsearchives.nseindia.com/content/historical/DERIVATIVES/2023/NOV/fo23NOV2023bhav.csv.zip,c03dae3d3d300ae78ab130b161e9329315e239d83fbee4305802c138ae14b06f,755187.0,563.0,4755.0,188.0,4.0,2026-09-19T09:58:37.830099
20231124,OK,https://nsearchives.nseindia.com/content/historical/DERIVATIVES/2023/NOV/fo24NOV2023bhav.csv.zip,5d7832774f8f1c7d69eefc223e068b01d421673425624dabddffdc9ae81d1e9f,767867.0,563.0,4719.0,188.0,4.0,2026-09-19T09:58:39.828121
20231128,OK,https://nsearchives.nseindia.com/content/historical/DERIVATIVES/2023/NOV/fo28NOV2023bhav.csv.zip,486edc5e42d7a1b14fa9d5c7d7548769eec14ed49a6eb007c18891684310e612,779176.0,563.0,4659.0,188.0,4.0,2026-09-19T09:58:41.116016
20231129,OK,https://nsearchives.nseindia.com/content/historical/DERIVATIVES/2023/NOV/fo29NOV2023bhav.csv.zip,d44be172d3b9866af31971cdf18df1f64f16b993329844f2d1f05d7a17e8bae1,793533.0,563.0,4669.0,188.0,4.0,2026-09-19T09:58:42.663637
20231130,OK,https://nsearchives.nseindia.com/content/historical/DERIVATIVES/2023/NOV/fo30NOV2023bhav.csv.zip,80c82b1fc03fa89006ea241e217b5e1290ee2440e27faa49e1e82d524fbeb925,791286.0,563.0,4863.0,188.0,4.0,2026-09-19T09:58:44.058256
20231201,OK,https://nsearchives.nseindia.com/content/historical/DERIVATIVES/2023/DEC/fo01DEC2023bhav.csv.zip,e21c0a5630a6c6ac30720c677297bfb9d3677d82591b192dd4f8f7a33bc05d13,658740.0,562.0,4795.0,188.0,4.0,2026-09-19T09:58:45.586702
20231204,OK,https://nsearchives.nseindia.com/content/historical/DERIVATIVES/2023/DEC/fo04DEC2023bhav.csv.zip,8d194a575905151d9d9e7d800d7b2e1e067f197d886a3f6ddde205da61c5913f,691695.0,562.0,5079.0,188.0,4.0,2026-09-19T09:58:46.890161
20231205,OK,https://nsearchives.nseindia.com/content/historical/DERIVATIVES/2023/DEC/fo05DEC2023bhav.csv.zip,c247681e96224451000e0e0a99187c7d74f2800531911625b267fb375a4ca11e,711753.0,562.0,5441.0,188.0,4.0,2026-09-19T09:58:49.588138
20231206,OK,https://nsearchives.nseindia.com/content/historical/DERIVATIVES/2023/DEC/fo06DEC2023bhav.csv.zip,5f0bf8d77c46750b84d7865812371af8a9ac36093744a92ae9ad144833902f28,723968.0,562.0,5537.0,188.0,4.0,2026-09-19T09:58:52.283949
20231207,OK,https://nsearchives.nseindia.com/content/historical/DERIVATIVES/2023/DEC/fo07DEC2023bhav.csv.zip,b128942f166f3ddaa6c33eef0a72c6505de74b1e2d23d40b09f416da710329fd,730457.0,562.0,5481.0,188.0,4.0,2026-09-19T09:58:54.024049
20231208,OK,https://nsearchives.nseindia.com/content/historical/DERIVATIVES/2023/DEC/fo08DEC2023bhav.csv.zip,f73d43988c932ed1d06033835aa411784e4e191dacf9bf92143d70dfb4e76dc4,737379.0,562.0,5437.0,188.0,4.0,2026-09-19T09:58:55.346306
20231211,OK,https://nsearchives.nseindia.com/content/historical/DERIVATIVES/2023/DEC/fo11DEC2023bhav.csv.zip,cf9a4eea71d008f6b020aea2519315abe0b47f0938425af8b6e84cd00022ef52,740287.0,562.0,5527.0,188.0,4.0,2026-09-19T09:58:57.533377
20231212,OK,https://nsearchives.nseindia.com/content/historical/DERIVATIVES/2023/DEC/fo12DEC2023bhav.csv.zip,98bb74b6fb48f99225e2915eaf113f5c799970d4eb00450401ba5330b870c51c,746998.0,562.0,5485.0,188.0,4.0,2026-09-19T09:59:00.642338
20231213,OK,https://nsearchives.nseindia.com/content/historical/DERIVATIVES/2023/DEC/fo13DEC2023bhav.csv.zip,ded9dd06d8558778d5c1e26dc58893cf427a8ea4da6b696ca1ebd4fc12436733,755468.0,562.0,5423.0,188.0,4.0,2026-09-19T09:59:02.900073
20231214,OK,https://nsearchives.nseindia.com/content/historical/DERIVATIVES/2023/DEC/fo14DEC2023bhav.csv.zip,10cab81e0b0e00aa477df6f59a3600f0ff0ad17ab4c10f0e53c62be750d112f9,768137.0,562.0,5387.0,188.0,4.0,2026-09-19T09:59:05.948484
20231215,OK,https://nsearchives.nseindia.com/content/historical/DERIVATIVES/2023/DEC/fo15DEC2023bhav.csv.zip,9ac996289092b862c66d88678d60e2a070160ae5176429854b464f11da0c68bc,786134.0,562.0,5589.0,188.0,4.0,2026-09-19T09:59:08.208796
20231218,OK,https://nsearchives.nseindia.com/content/historical/DERIVATIVES/2023/DEC/fo18DEC2023bhav.csv.zip,5876f68a7477cfb89f7a8d64fe4d80e6e87cdb45d2f92ec050e5914664ca47c1,802991.0,562.0,5737.0,188.0,4.0,2026-09-19T09:59:10.470739
20231219,OK,https://nsearchives.nseindia.com/content/historical/DERIVATIVES/2023/DEC/fo19DEC2023bhav.csv.zip,b71fda1b92fb51dafeb74fec2dfca23ff8094138173ad508f5d748259f157962,811355.0,562.0,5651.0,188.0,4.0,2026-09-19T09:59:12.253360
20231220,OK,https://nsearchives.nseindia.com/content/historical/DERIVATIVES/2023/DEC/fo20DEC2023bhav.csv.zip,744ce5353642dc9821c4babf6210c7717edf67e183c882f815a8a6f14de4584b,837499.0,562.0,5581.0,188.0,4.0,2026-09-19T09:59:14.043513
20231221,OK,https://nsearchives.nseindia.com/content/historical/DERIVATIVES/2023/DEC/fo21DEC2023bhav.csv.zip,6ea96c890ee78cc4193d2e8d941d325d66bcbf94cc81aabfb7f105618bac4bd9,832221.0,562.0,5511.0,188.0,4.0,2026-09-19T09:59:16.358070
20231222,OK,https://nsearchives.nseindia.com/content/historical/DERIVATIVES/2023/DEC/fo22DEC2023bhav.csv.zip,599158b079d37c2f3cfafdeea14b217ef458efc5f28e4bb1c8690b23520ed0a9,838917.0,562.0,5449.0,188.0,4.0,2026-09-19T09:59:18.089463
20231226,OK,https://nsearchives.nseindia.com/content/historical/DERIVATIVES/2023/DEC/fo26DEC2023bhav.csv.zip,112c823a8c32b05527d9155accb82e95c04a3acbb2d6354515a8ce2a7bf8cbff,850283.0,562.0,5321.0,188.0,4.0,2026-09-19T09:59:19.747925
20231227,OK,https://nsearchives.nseindia.com/content/historical/DERIVATIVES/2023/DEC/fo27DEC2023bhav.csv.zip,0e7ce41f902390b42f7e42383e03702e3b78d8816e54bfdba90356b344b16e72,857646.0,562.0,5243.0,188.0,4.0,2026-09-19T09:59:21.733539
20231228,OK,https://nsearchives.nseindia.com/content/historical/DERIVATIVES/2023/DEC/fo28DEC2023bhav.csv.zip,1226a400b71a505bc1bbc695eb490b74fccbbe49fc7fdb0473e4d30b3275a917,854874.0,562.0,5375.0,188.0,4.0,2026-09-19T09:59:23.166870
20231229,OK,https://nsearchives.nseindia.com/content/historical/DERIVATIVES/2023/DEC/fo29DEC2023bhav.csv.zip,6a06a982de25542dfc35e8b081e61c37beadd3a2cbeeb49fcf62fd6ecb82d98b,714769.0,560.0,5180.0,187.0,4.0,2026-09-19T09:59:24.558549
20240101,OK,https://nsearchives.nseindia.com/content/historical/DERIVATIVES/2024/JAN/fo01JAN2024bhav.csv.zip,564c0d85171c90805a2ccb019f8b2f584b2b7213f2df9276facb2da7e67f0807,728713.0,560.0,5200.0,187.0,4.0,2026-09-19T09:59:25.877754
20240102,OK,https://nsearchives.nseindia.com/content/fo/BhavCopy_NSE_FO_0_0_0_20240102_F_0000.csv.zip,fe4eda9f4e49bfd31c37c1dc277f99eb30dc8fb58c1fa024102310b6b6a0ac44,1690519.0,0.0,0.0,0.0,0.0,2026-09-19T09:59:27.859098
20240103,OK,https://nsearchives.nseindia.com/content/fo/BhavCopy_NSE_FO_0_0_0_20240103_F_0000.csv.zip,735211c864f9f7f29633a8acae1bc3dcb80de896ff94f3683bae98815e353312,1699657.0,0.0,0.0,0.0,0.0,2026-09-19T09:59:30.579375
20240104,OK,https://nsearchives.nseindia.com/content/fo/BhavCopy_NSE_FO_0_0_0_20240104_F_0000.csv.zip,0d759ce5e3afc00f20c5df8b03ecc1a07ea61ce5daed1d5364abb802cf979fb8,1717206.0,0.0,0.0,0.0,0.0,2026-09-19T09:59:32.549447
20240105,OK,https://nsearchives.nseindia.com/content/fo/BhavCopy_NSE_FO_0_0_0_20240105_F_0000.csv.zip,548f948b4aa985b562d5a2cb95d726902c537b4f6f79c3f36d0ac4067726e195,1740064.0,0.0,0.0,0.0,0.0,2026-09-19T09:59:34.295459
20240108,OK,https://nsearchives.nseindia.com/content/fo/BhavCopy_NSE_FO_0_0_0_20240108_F_0000.csv.zip,729a071d521b67aa27f9617a0226dbfe6fc456c1f413d5e5885b0bab7dcabb9a,1760640.0,0.0,0.0,0.0,0.0,2026-09-19T09:59:36.537962
20240109,OK,https://nsearchives.nseindia.com/content/fo/BhavCopy_NSE_FO_0_0_0_20240109_F_0000.csv.zip,e05864c338aeff31ac67cb156fa77ee5d49d9e128b7d617a7da8c14c922243d5,1775998.0,0.0,0.0,0.0,0.0,2026-09-19T09:59:38.125703
20240110,OK,https://nsearchives.nseindia.com/content/fo/BhavCopy_NSE_FO_0_0_0_20240110_F_0000.csv.zip,dbf6f767c45e34a6a0e1cd9a1666883c13987ad65c7930f5c7df2a47e7f2549b,1783676.0,0.0,0.0,0.0,0.0,2026-09-19T09:59:39.687199
20240111,OK,https://nsearchives.nseindia.com/content/fo/BhavCopy_NSE_FO_0_0_0_20240111_F_0000.csv.zip,248018a5b0bc8d31858308a137e853d9ceaecde2d913719f978029e2e0248730,1792171.0,0.0,0.0,0.0,0.0,2026-09-19T09:59:41.256235
20240112,OK,https://nsearchives.nseindia.com/content/fo/BhavCopy_NSE_FO_0_0_0_20240112_F_0000.csv.zip,79447eab265d0850e1b6c1f41a7fc39b575133822dcaf7d5f0fc4df4ae751b49,1821265.0,0.0,0.0,0.0,0.0,2026-09-19T09:59:43.008735
20240115,OK,https://nsearchives.nseindia.com/content/fo/BhavCopy_NSE_FO_0_0_0_20240115_F_0000.csv.zip,b4b54c91da368e38c57deeef043ec6f8ef30c9efada4f6e41185ce885635dd05,1837200.0,0.0,0.0,0.0,0.0,2026-09-19T09:59:44.908345
20240116,OK,https://nsearchives.nseindia.com/content/fo/BhavCopy_NSE_FO_0_0_0_20240116_F_0000.csv.zip,b8650358c4ac665b13f2da971b19c36a37d1e1c425f95556dee414d72d2617da,1852382.0,0.0,0.0,0.0,0.0,2026-09-19T09:59:46.530162
20240117,OK,https://nsearchives.nseindia.com/content/fo/BhavCopy_NSE_FO_0_0_0_20240117_F_0000.csv.zip,a39e93857d9db42cf84ca2c322079667b3ea29900e343d7fd298da9394dd9c8e,1897364.0,0.0,0.0,0.0,0.0,2026-09-19T09:59:48.316392
20240118,OK,https://nsearchives.nseindia.com/content/fo/BhavCopy_NSE_FO_0_0_0_20240118_F_0000.csv.zip,6e4bd6e507cca11dc0ee03ccf6c3a13cafef1054b163a093aeb8c2cfd76b3a16,1939632.0,0.0,0.0,0.0,0.0,2026-09-19T09:59:50.086131
20240119,OK,https://nsearchives.nseindia.com/content/fo/BhavCopy_NSE_FO_0_0_0_20240119_F_0000.csv.zip,cf74d779b0550a18976df8ab8675e70257758a253956a81d0e877641115c9fff,1939990.0,0.0,0.0,0.0,0.0,2026-09-19T09:59:51.738414
20240123,OK,https://nsearchives.nseindia.com/content/fo/BhavCopy_NSE_FO_0_0_0_20240123_F_0000.csv.zip,074d31ba0c7c1bf86f58210d86ee7db784c4187c7ccbf5c6649c47752e60424e,2038218.0,0.0,0.0,0.0,0.0,2026-09-19T09:59:53.527499
20240124,OK,https://nsearchives.nseindia.com/content/fo/BhavCopy_NSE_FO_0_0_0_20240124_F_0000.csv.zip,14c46af1af8dafdc360cb05239e897ec08da5d870a70ecc8c805a2ff74551e4e,2061804.0,0.0,0.0,0.0,0.0,2026-09-19T09:59:55.140752
20240125,OK,https://nsearchives.nseindia.com/content/fo/BhavCopy_NSE_FO_0_0_0_20240125_F_0000.csv.zip,51b6383cd8a0587e8356402dd461ba7c91cbcaee82f7a6491a36cdbb2ca98fd1,2025501.0,0.0,0.0,0.0,0.0,2026-09-19T09:59:56.839192
20240129,OK,https://nsearchives.nseindia.com/content/fo/BhavCopy_NSE_FO_0_0_0_20240129_F_0000.csv.zip,0bed740797889ac30f78de662a31942c02da32e9f3dbb5948be56c34e6fdd043,1457403.0,0.0,0.0,0.0,0.0,2026-09-19T09:59:58.549139
20240130,OK,https://nsearchives.nseindia.com/content/fo/BhavCopy_NSE_FO_0_0_0_20240130_F_0000.csv.zip,fd19e0d096418272855d7f5fcafa8cbf10ac84e8286c63781fe89bf00728f2de,1477850.0,0.0,0.0,0.0,0.0,2026-09-19T10:00:00.074862
20240131,OK,https://nsearchives.nseindia.com/content/fo/BhavCopy_NSE_FO_0_0_0_20240131_F_0000.csv.zip,5cd133acadc9068a3969e79e5bb4fb5ca3da76e5cf7c272258094cdd610930fc,1491332.0,0.0,0.0,0.0,0.0,2026-09-19T10:00:01.507884
20240201,OK,https://nsearchives.nseindia.com/content/fo/BhavCopy_NSE_FO_0_0_0_20240201_F_0000.csv.zip,8c9e75cced9d6c45b517a317294549c2c69f00f1d3cc6edc4e610115748c702c,1508033.0,0.0,0.0,0.0,0.0,2026-09-19T10:00:03.079793
20240202,OK,https://nsearchives.nseindia.com/content/fo/BhavCopy_NSE_FO_0_0_0_20240202_F_0000.csv.zip,408f250ed9a55bc5de8d60e9fc599773f2162a08e782955eab5b77f23edb1146,1531668.0,0.0,0.0,0.0,0.0,2026-09-19T10:00:04.656802
20240205,OK,https://nsearchives.nseindia.com/content/fo/BhavCopy_NSE_FO_0_0_0_20240205_F_0000.csv.zip,0e966e39de56f0951ac644dff3f142cd6b85db24f599272310c5a63d9fadd3b2,1553812.0,0.0,0.0,0.0,0.0,2026-09-19T10:00:06.235201
20240206,OK,https://nsearchives.nseindia.com/content/fo/BhavCopy_NSE_FO_0_0_0_20240206_F_0000.csv.zip,9f1a93c0604be30f8bc1e188474c2f84b6e5f997010b0e7f4768661a71da620f,1564119.0,0.0,0.0,0.0,0.0,2026-09-19T10:00:07.771716
20240207,OK,https://nsearchives.nseindia.com/content/fo/BhavCopy_NSE_FO_0_0_0_20240207_F_0000.csv.zip,16d7796174038ddb7f76179957fb42fafaf1407e979964ba366344db18ba092a,1584194.0,0.0,0.0,0.0,0.0,2026-09-19T10:00:09.503464
20240208,OK,https://nsearchives.nseindia.com/content/fo/BhavCopy_NSE_FO_0_0_0_20240208_F_0000.csv.zip,51e9fd36d82f7e59cb5e046c38a6ca8343df5995adff69d4645731be4e65e85e,1610650.0,0.0,0.0,0.0,0.0,2026-09-19T10:00:11.116025
20240209,OK,https://nsearchives.nseindia.com/content/fo/BhavCopy_NSE_FO_0_0_0_20240209_F_0000.csv.zip,834113728bd36282b135722e939931da81dcd1260f9d9f6ac37e29f6ee8a86fa,1621785.0,0.0,0.0,0.0,0.0,2026-09-19T10:00:12.794563
20240212,OK,https://nsearchives.nseindia.com/content/fo/BhavCopy_NSE_FO_0_0_0_20240212_F_0000.csv.zip,f756d1f4bbe1b47aa1ec3ac74d370ccfa6614e12c807189bbcabdaa72144df82,1623674.0,0.0,0.0,0.0,0.0,2026-09-19T10:00:14.637349
20240213,OK,https://nsearchives.nseindia.com/content/fo/BhavCopy_NSE_FO_0_0_0_20240213_F_0000.csv.zip,1adb46fba5a4067be1aed8e48e58457af29c5c71a326fb6969ad63d77bbe7911,1638525.0,0.0,0.0,0.0,0.0,2026-09-19T10:00:17.602266
20240214,OK,https://nsearchives.nseindia.com/content/fo/BhavCopy_NSE_FO_0_0_0_20240214_F_0000.csv.zip,8540cc06c1e1a98614e443e09571eca5fb9645be248ec5a700dc40674ef9a931,1635373.0,0.0,0.0,0.0,0.0,2026-09-19T10:00:19.605622
20240215,OK,https://nsearchives.nseindia.com/content/fo/BhavCopy_NSE_FO_0_0_0_20240215_F_0000.csv.zip,39803461f2d375fd42fa40582d493dace16a05ff0d0998b59b17a1642f91f576,1641869.0,0.0,0.0,0.0,0.0,2026-09-19T10:00:21.363081
20240216,OK,https://nsearchives.nseindia.com/content/fo/BhavCopy_NSE_FO_0_0_0_20240216_F_0000.csv.zip,1e7fb5aa47fadc90349c7f3a1af56757bef0702f19f1094066da1c44f3e838bb,1660325.0,0.0,0.0,0.0,0.0,2026-09-19T10:00:23.839845
20240219,OK,https://nsearchives.nseindia.com/content/fo/BhavCopy_NSE_FO_0_0_0_20240219_F_0000.csv.zip,4ec1e9f868bd68f901c00aeba4ef9a20d996ee81ca57c7ee9c0d81823a4ab8f0,1670998.0,0.0,0.0,0.0,0.0,2026-09-19T10:00:29.997127
20240220,OK,https://nsearchives.nseindia.com/content/fo/BhavCopy_NSE_FO_0_0_0_20240220_F_0000.csv.zip,e867622de918245eb3760a7f73fad87742205f61a9176a8338ba91db694b71be,1679709.0,0.0,0.0,0.0,0.0,2026-09-19T10:00:32.775158
20240221,OK,https://nsearchives.nseindia.com/content/fo/BhavCopy_NSE_FO_0_0_0_20240221_F_0000.csv.zip,ce23673ddeae710749f7bd0a2fd21356ddf7f389b616db9cba33009634448d4c,1698734.0,0.0,0.0,0.0,0.0,2026-09-19T10:00:34.723733
20240222,OK,https://nsearchives.nseindia.com/content/fo/BhavCopy_NSE_FO_0_0_0_20240222_F_0000.csv.zip,0ea4ee1926c68f2cf0510c7fc19a89bbada73cf6454f15a9782a018701639dec,1696674.0,0.0,0.0,0.0,0.0,2026-09-19T10:00:36.520811
20240223,OK,https://nsearchives.nseindia.com/content/fo/BhavCopy_NSE_FO_0_0_0_20240223_F_0000.csv.zip,7a8910c2221ded326abc6471593f5d949cca85e695094d7a4160bebfc7ea6bb7,1710060.0,0.0,0.0,0.0,0.0,2026-09-19T10:00:38.302762
20240226,OK,https://nsearchives.nseindia.com/content/fo/BhavCopy_NSE_FO_0_0_0_20240226_F_0000.csv.zip,cec5f93264ceb8ed42730dd64241ca9a0ae30fa81b85eab1e267c6b96f9936e3,1735898.0,0.0,0.0,0.0,0.0,2026-09-19T10:00:40.776561
20240227,OK,https://nsearchives.nseindia.com/content/fo/BhavCopy_NSE_FO_0_0_0_20240227_F_0000.csv.zip,b83350e82accf5791ad3e6788591d99a5771ca349e28318d23312a36b9752b54,1751759.0,0.0,0.0,0.0,0.0,2026-09-19T10:00:42.705130
20240228,OK,https://nsearchives.nseindia.com/content/fo/BhavCopy_NSE_FO_0_0_0_20240228_F_0000.csv.zip,776130711ac5c8a8f7bfa4b6b5c32798bbedb6ff2b6b0ee5e83cd638d00f5ef5,1775786.0,0.0,0.0,0.0,0.0,2026-09-19T10:00:44.918471
20240229,OK,https://nsearchives.nseindia.com/content/fo/BhavCopy_NSE_FO_0_0_0_20240229_F_0000.csv.zip,2b97325c3eb3da8e00dc21c4492a2632e3c32fa0eb99e20e48cf3894fe2b94c8,1740319.0,0.0,0.0,0.0,0.0,2026-09-19T10:00:47.760606
20240301,OK,https://nsearchives.nseindia.com/content/fo/BhavCopy_NSE_FO_0_0_0_20240301_F_0000.csv.zip,8b370f13600ab4fdfdf0041d3dc3da7ad0e000e7e36badccaa1d9ead13733c44,1271554.0,0.0,0.0,0.0,0.0,2026-09-19T10:00:49.649429
20240304,OK,https://nsearchives.nseindia.com/content/fo/BhavCopy_NSE_FO_0_0_0_20240304_F_0000.csv.zip,df3a476d7ddda42252b91ea14759a5a6461b365653c0db8f8258cd1b7a97f0e2,1076502.0,0.0,0.0,0.0,0.0,2026-09-19T10:00:51.609682
20240305,OK,https://nsearchives.nseindia.com/content/fo/BhavCopy_NSE_FO_0_0_0_20240305_F_0000.csv.zip,7ecbaeba8810f4254cd42e22dfc890c265d2e09a1c40c3a8ad25f5bad6a9c73f,1106267.0,0.0,0.0,0.0,0.0,2026-09-19T10:00:53.375281
20240306,OK,https://nsearchives.nseindia.com/content/fo/BhavCopy_NSE_FO_0_0_0_20240306_F_0000.csv.zip,671c4a43e0d72e91d6730f1aaaa8253a469c29cc085a614556e50f13d4bd22f0,1147187.0,0.0,0.0,0.0,0.0,2026-09-19T10:00:54.785313
20240307,OK,https://nsearchives.nseindia.com/content/fo/BhavCopy_NSE_FO_0_0_0_20240307_F_0000.csv.zip,ea5bfffdee9b6e7489b56dcb612539f12c32c4f385946b8d7e36a6fedaa488df,1156831.0,0.0,0.0,0.0,0.0,2026-09-19T10:00:56.933258
20240311,OK,https://nsearchives.nseindia.com/content/fo/BhavCopy_NSE_FO_0_0_0_20240311_F_0000.csv.zip,82d81f11224e96f29398befcf14fc8e6c4cec54ddccc12291a39014f64e9c278,1170193.0,0.0,0.0,0.0,0.0,2026-09-19T10:00:58.345071
20240312,OK,https://nsearchives.nseindia.com/content/fo/BhavCopy_NSE_FO_0_0_0_20240312_F_0000.csv.zip,a2852cced4e97b1e3fc93a161b8e42a8af266c9ffc40072684341e1f357427f3,1183854.0,0.0,0.0,0.0,0.0,2026-09-19T10:01:01.823276
20240313,OK,https://nsearchives.nseindia.com/content/fo/BhavCopy_NSE_FO_0_0_0_20240313_F_0000.csv.zip,eb20afc68f88a6478de6800d03ddc244881dec410d66294d6853093f33fd918f,1261607.0,0.0,0.0,0.0,0.0,2026-09-19T10:01:04.403572
20240314,OK,https://nsearchives.nseindia.com/content/fo/BhavCopy_NSE_FO_0_0_0_20240314_F_0000.csv.zip,d4e3ef01576c84fbbf0ab0b402e652ae75d4e4904f78b85791512553c0c9f614,1277702.0,0.0,0.0,0.0,0.0,2026-09-19T10:01:05.830289
20240315,OK,https://nsearchives.nseindia.com/content/fo/BhavCopy_NSE_FO_0_0_0_20240315_F_0000.csv.zip,e4a8c6538ef33fba1853f229badab54ff4aea99b6b27be235ba4b64502b743e8,1290394.0,0.0,0.0,0.0,0.0,2026-09-19T10:01:07.331265
20240318,OK,https://nsearchives.nseindia.com/content/fo/BhavCopy_NSE_FO_0_0_0_20240318_F_0000.csv.zip,9a02f8de214830202f3835e227f059f79031f9a32d2613db3905ad95892840b0,1293881.0,0.0,0.0,0.0,0.0,2026-09-19T10:01:08.744221
20240319,OK,https://nsearchives.nseindia.com/content/fo/BhavCopy_NSE_FO_0_0_0_20240319_F_0000.csv.zip,bccccc07d22abd9d83521e19e9528f32022ea5d86c5cf42cd42c71eaae6df20e,1299075.0,0.0,0.0,0.0,0.0,2026-09-19T10:01:10.312689
20240320,OK,https://nsearchives.nseindia.com/content/fo/BhavCopy_NSE_FO_0_0_0_20240320_F_0000.csv.zip,f58dff1053cb58d5cfc86070e6c868c194fdee8c35aa296c514c15247fe55e0b,1324797.0,0.0,0.0,0.0,0.0,2026-09-19T10:01:11.828183
20240321,OK,https://nsearchives.nseindia.com/content/fo/BhavCopy_NSE_FO_0_0_0_20240321_F_0000.csv.zip,49dfb0bb43128602242961ce7f266d31d7ea3ef5737aa5a5835cfe14b8f187aa,1339940.0,0.0,0.0,0.0,0.0,2026-09-19T10:01:13.415084
20240322,OK,https://nsearchives.nseindia.com/content/fo/BhavCopy_NSE_FO_0_0_0_20240322_F_0000.csv.zip,6b91fa076bdc4d02f4ef5927d87a749cc435ab53e761ae213dca35aec6446d45,1360574.0,0.0,0.0,0.0,0.0,2026-09-19T10:01:14.961221
20240326,OK,https://nsearchives.nseindia.com/content/fo/BhavCopy_NSE_FO_0_0_0_20240326_F_0000.csv.zip,18abdee37c4f8947feb570da17fa43d82aeb06f596f3d576bdeb7660a4afc27d,1415458.0,0.0,0.0,0.0,0.0,2026-09-19T10:01:16.743147
20240327,OK,https://nsearchives.nseindia.com/content/fo/BhavCopy_NSE_FO_0_0_0_20240327_F_0000.csv.zip,1994471ca177de645568d41b8e3b8bbf1ec04e38b18672d60118fa07c369ab7d,1413819.0,0.0,0.0,0.0,0.0,2026-09-19T10:01:18.290764
20240328,OK,https://nsearchives.nseindia.com/content/fo/BhavCopy_NSE_FO_0_0_0_20240328_F_0000.csv.zip,0b00df4b986c74265748e0cc5c0d3e4f89f14303d1706a7dccd3882fdd5b68fc,1405944.0,0.0,0.0,0.0,0.0,2026-09-19T10:01:20.201909
20240401,OK,https://nsearchives.nseindia.com/content/fo/BhavCopy_NSE_FO_0_0_0_20240401_F_0000.csv.zip,240c6bd1e69dfaf12f796c3d379f1d5755993898801fa87751cec666d40bea3b,1124444.0,0.0,0.0,0.0,0.0,2026-09-19T10:01:21.585631
20240402,OK,https://nsearchives.nseindia.com/content/fo/BhavCopy_NSE_FO_0_0_0_20240402_F_0000.csv.zip,94cc4b5f9ffb6ed1f297549998ec4ccf4c0490d5901aceede9c6c6b2786d0326,1026518.0,0.0,0.0,0.0,0.0,2026-09-19T10:01:23.037602
20240403,OK,https://nsearchives.nseindia.com/content/fo/BhavCopy_NSE_FO_0_0_0_20240403_F_0000.csv.zip,bbf2a2af093115d657f565c36aafac9b9aacd4ddd1b2c95fc21ca94617b34b85,1061981.0,0.0,0.0,0.0,0.0,2026-09-19T10:01:24.578040
20240404,OK,https://nsearchives.nseindia.com/content/fo/BhavCopy_NSE_FO_0_0_0_20240404_F_0000.csv.zip,0cad5f9e19eac3d1b128ccfc75e85aaf5d2a48643b2ce46cb27053b44f79eb4e,1085258.0,0.0,0.0,0.0,0.0,2026-09-19T10:01:26.003548
20240405,OK,https://nsearchives.nseindia.com/content/fo/BhavCopy_NSE_FO_0_0_0_20240405_F_0000.csv.zip,962c0e0e3d5b4aa4234224660ff45281decd22f80682813245cfc2bbfc572ead,1096504.0,0.0,0.0,0.0,0.0,2026-09-19T10:01:27.316885
20240408,OK,https://nsearchives.nseindia.com/content/fo/BhavCopy_NSE_FO_0_0_0_20240408_F_0000.csv.zip,8bfc38f35968caf6b3bffe7d34f1f5178abe6fb017fd2b13803a99b1c38de11a,1130171.0,0.0,0.0,0.0,0.0,2026-09-19T10:01:28.730377
20240409,OK,https://nsearchives.nseindia.com/content/fo/BhavCopy_NSE_FO_0_0_0_20240409_F_0000.csv.zip,9289b31ad092f63f04c4171f69d9bdf57ca26c8593315d9c6f2678a71574dbe9,1153000.0,0.0,0.0,0.0,0.0,2026-09-19T10:01:30.185319
20240410,OK,https://nsearchives.nseindia.com/content/fo/BhavCopy_NSE_FO_0_0_0_20240410_F_0000.csv.zip,1737500329d09e7eed8d1e5441b5dc5f97d6845d716a43f7313d6a6c3252547a,1172657.0,0.0,0.0,0.0,0.0,2026-09-19T10:01:31.924589
20240412,OK,https://nsearchives.nseindia.com/content/fo/BhavCopy_NSE_FO_0_0_0_20240412_F_0000.csv.zip,60678cfbbd7bd1e40818c7ad5081d68f0f4cc1fed4adaad5352a8657d38b477f,1186855.0,0.0,0.0,0.0,0.0,2026-09-19T10:01:33.773276
20240415,OK,https://nsearchives.nseindia.com/content/fo/BhavCopy_NSE_FO_0_0_0_20240415_F_0000.csv.zip,758b65141978de7267788d09d049b3a9ba4b84bdecad84eac986e8044118c287,1215532.0,0.0,0.0,0.0,0.0,2026-09-19T10:01:35.743345
20240416,OK,https://nsearchives.nseindia.com/content/fo/BhavCopy_NSE_FO_0_0_0_20240416_F_0000.csv.zip,1ed935f6d5a228c16da8f8fc19f0bb8a666af0c85184fd6e65c682acf2c1319e,1226615.0,0.0,0.0,0.0,0.0,2026-09-19T10:01:37.388268
20240418,OK,https://nsearchives.nseindia.com/content/fo/BhavCopy_NSE_FO_0_0_0_20240418_F_0000.csv.zip,0965f9d65d200b3fce1a9ecba025bdc8ed348c2920148ef656f1641b91bcc473,1257560.0,0.0,0.0,0.0,0.0,2026-09-19T10:01:39.777558
20240419,OK,https://nsearchives.nseindia.com/content/fo/BhavCopy_NSE_FO_0_0_0_20240419_F_0000.csv.zip,d1fa119924b7944e3d5514a019d5a6c3262272d851916255fe61fd25c3a8a8be,1269931.0,0.0,0.0,0.0,0.0,2026-09-19T10:01:42.281154
20240422,OK,https://nsearchives.nseindia.com/content/fo/BhavCopy_NSE_FO_0_0_0_20240422_F_0000.csv.zip,34e9ce5b5f5b88858ce37ab052e375c699b7ee9b3eb472cdd0d77942e16a9d79,1302249.0,0.0,0.0,0.0,0.0,2026-09-19T10:01:45.173635
20240423,OK,https://nsearchives.nseindia.com/content/fo/BhavCopy_NSE_FO_0_0_0_20240423_F_0000.csv.zip,39a9df02331002ab34a5284432bf703f8eef719e3351eb07c2f965751e7a00a8,1312801.0,0.0,0.0,0.0,0.0,2026-09-19T10:01:46.767398
20240424,OK,https://nsearchives.nseindia.com/content/fo/BhavCopy_NSE_FO_0_0_0_20240424_F_0000.csv.zip,7d7ad7937cc43dc6716c44a7fecd0c57d212ec923b7273c8c9d96506659a9cee,1345537.0,0.0,0.0,0.0,0.0,2026-09-19T10:01:48.406799
20240425,OK,https://nsearchives.nseindia.com/content/fo/BhavCopy_NSE_FO_0_0_0_20240425_F_0000.csv.zip,0ba9c07d3034fe310ee942a6299a4fc272844c07c12289a815e2c2ba765a60b8,1349888.0,0.0,0.0,0.0,0.0,2026-09-19T10:01:50.039659
20240426,OK,https://nsearchives.nseindia.com/content/fo/BhavCopy_NSE_FO_0_0_0_20240426_F_0000.csv.zip,931b0c4d52c7d84187af07fd3628ad38b1f24af7b93b2cf49aeb78f8814ba6ba,1121589.0,0.0,0.0,0.0,0.0,2026-09-19T10:01:51.616601
20240429,OK,https://nsearchives.nseindia.com/content/fo/BhavCopy_NSE_FO_0_0_0_20240429_F_0000.csv.zip,d1e7425fd23f800a8c39b7ff1ed317a399195e081b9a5942bd75e2f46ac44ff7,1054980.0,0.0,0.0,0.0,0.0,2026-09-19T10:01:52.968616
20240430,OK,https://nsearchives.nseindia.com/content/fo/BhavCopy_NSE_FO_0_0_0_20240430_F_0000.csv.zip,f3396f3d8d2d9b3a55a0f720f91bb90e11ab265740263671bc1c571e737d53fc,1096824.0,0.0,0.0,0.0,0.0,2026-09-19T10:01:54.367366
20240502,OK,https://nsearchives.nseindia.com/content/fo/BhavCopy_NSE_FO_0_0_0_20240502_F_0000.csv.zip,ff8711440049075b6cb61c52841cd6cef2c6fd19c3d4cd689a765f1dc60dce32,1116208.0,0.0,0.0,0.0,0.0,2026-09-19T10:01:55.958290
20240503,OK,https://nsearchives.nseindia.com/content/fo/BhavCopy_NSE_FO_0_0_0_20240503_F_0000.csv.zip,4425a2f2973e1204c52422f4f4230f27576faf64f022a49abec22cfd5390aae1,1155443.0,0.0,0.0,0.0,0.0,2026-09-19T10:01:57.343671
20240506,OK,https://nsearchives.nseindia.com/content/fo/BhavCopy_NSE_FO_0_0_0_20240506_F_0000.csv.zip,5e0f70b35eaf48cca309358c1372b38372ab9b39fad0f04094ae3913ea47fd77,1175501.0,0.0,0.0,0.0,0.0,2026-09-19T10:01:58.862491
20240507,OK,https://nsearchives.nseindia.com/content/fo/BhavCopy_NSE_FO_0_0_0_20240507_F_0000.csv.zip,1856bb7e6f524bb71be4526cdb84375e4881e0a117c3f414edb69024c4843079,1208005.0,0.0,0.0,0.0,0.0,2026-09-19T10:02:02.237114
20240508,OK,https://nsearchives.nseindia.com/content/fo/BhavCopy_NSE_FO_0_0_0_20240508_F_0000.csv.zip,716e17113f49ef81a401c7098dd086ead42b96e5b94e50ee9161de95db37060d,1224416.0,0.0,0.0,0.0,0.0,2026-09-19T10:02:03.916916
20240509,OK,https://nsearchives.nseindia.com/content/fo/BhavCopy_NSE_FO_0_0_0_20240509_F_0000.csv.zip,285588073f1a8e109e9a156e5886ebb0caa2d87728efaee5a142dc14d0a36db9,1244940.0,0.0,0.0,0.0,0.0,2026-09-19T10:02:05.795142
20240510,OK,https://nsearchives.nseindia.com/content/fo/BhavCopy_NSE_FO_0_0_0_20240510_F_0000.csv.zip,fe0ccaad7653ed3aea560ec6b96f581cb00b7eb39149e4fc8e3b1efdcaa9811b,1256842.0,0.0,0.0,0.0,0.0,2026-09-19T10:02:07.386640
20240513,OK,https://nsearchives.nseindia.com/content/fo/BhavCopy_NSE_FO_0_0_0_20240513_F_0000.csv.zip,be1b8c517763f28bda3d6dbff8f2c6d4a726f97ea96f3033ef03e234c1068b63,1281531.0,0.0,0.0,0.0,0.0,2026-09-19T10:02:09.295528
20240514,OK,https://nsearchives.nseindia.com/content/fo/BhavCopy_NSE_FO_0_0_0_20240514_F_0000.csv.zip,51a65835140c6cf39874ef926c153963a4d5351d1310a40f2d27794c08573110,1279213.0,0.0,0.0,0.0,0.0,2026-09-19T10:02:12.365990
20240515,OK,https://nsearchives.nseindia.com/content/fo/BhavCopy_NSE_FO_0_0_0_20240515_F_0000.csv.zip,fdcbba5045eaabcc0a7f38884c0ea786ff50fe7ba77e26ce892d785f776e3b47,1281396.0,0.0,0.0,0.0,0.0,2026-09-19T10:02:14.507340
20240516,OK,https://nsearchives.nseindia.com/content/fo/BhavCopy_NSE_FO_0_0_0_20240516_F_0000.csv.zip,fec9a6753760c29ab4a6eef3d237b154c07e2b883816dd6144d4dc7f99346c8b,1300599.0,0.0,0.0,0.0,0.0,2026-09-19T10:02:16.060047
20240517,OK,https://nsearchives.nseindia.com/content/fo/BhavCopy_NSE_FO_0_0_0_20240517_F_0000.csv.zip,473427682b46419d8d60537ba8e1c2b83c841cb91bad1f0f346d06f9fd364013,1313397.0,0.0,0.0,0.0,0.0,2026-09-19T10:02:19.265140
20240521,OK,https://nsearchives.nseindia.com/content/fo/BhavCopy_NSE_FO_0_0_0_20240521_F_0000.csv.zip,34871ad2b68af762738a0f6ed14369677f3024fa3c84ff324c96d3814f5f25a6,1354690.0,0.0,0.0,0.0,0.0,2026-09-19T10:02:21.752700
20240522,OK,https://nsearchives.nseindia.com/content/fo/BhavCopy_NSE_FO_0_0_0_20240522_F_0000.csv.zip,b6890f9c1aca935d1568a30c28d18e327bc1857e48809aff4fda8a1c43434d65,1365452.0,0.0,0.0,0.0,0.0,2026-09-19T10:02:23.932132
20240523,OK,https://nsearchives.nseindia.com/content/fo/BhavCopy_NSE_FO_0_0_0_20240523_F_0000.csv.zip,461c44e0d3a4996e21c855b80db9ad7f848c55a455c374bbe6f7e9c21fe9572d,1380257.0,0.0,0.0,0.0,0.0,2026-09-19T10:02:25.808259
20240524,OK,https://nsearchives.nseindia.com/content/fo/BhavCopy_NSE_FO_0_0_0_20240524_F_0000.csv.zip,96cd4397e7b04900ee8403ae3c4719e5eec84293a1fc63c80bf1137aeb5639a5,1396447.0,0.0,0.0,0.0,0.0,2026-09-19T10:02:28.332633
20240527,OK,https://nsearchives.nseindia.com/content/fo/BhavCopy_NSE_FO_0_0_0_20240527_F_0000.csv.zip,4d4a66bcd907b5cf7e9cbdafb3585a3f594715aed76238963ba5d1e18c0a14bf,1434499.0,0.0,0.0,0.0,0.0,2026-09-19T10:02:30.027619
20240528,OK,https://nsearchives.nseindia.com/content/fo/BhavCopy_NSE_FO_0_0_0_20240528_F_0000.csv.zip,8e0db25e7ff57ff64f6e7a045be55589da1cdc986a2cc23b5d7a5cb602ad1b9f,1432771.0,0.0,0.0,0.0,0.0,2026-09-19T10:02:32.079813
20240529,OK,https://nsearchives.nseindia.com/content/fo/BhavCopy_NSE_FO_0_0_0_20240529_F_0000.csv.zip,f97e4cab66c38aa5815ecfc9336cb7816bde607862d0f182e6d8478f94719741,1437886.0,0.0,0.0,0.0,0.0,2026-09-19T10:02:33.651355
20240530,OK,https://nsearchives.nseindia.com/content/fo/BhavCopy_NSE_FO_0_0_0_20240530_F_0000.csv.zip,a3da4cbc49b7b47f80693a14e84cc792448f21c988017c4726a6442b27845c97,1442680.0,0.0,0.0,0.0,0.0,2026-09-19T10:02:35.275063
20240531,OK,https://nsearchives.nseindia.com/content/fo/BhavCopy_NSE_FO_0_0_0_20240531_F_0000.csv.zip,ab665d2cb80490c38a8c6dd6f155c0caf79f6a049b7ddc743c704d246598f8f0,1166620.0,0.0,0.0,0.0,0.0,2026-09-19T10:02:36.627784
20240603,OK,https://nsearchives.nseindia.com/content/fo/BhavCopy_NSE_FO_0_0_0_20240603_F_0000.csv.zip,55004ed9920ad1ecf364e600565f3aef8297711a8228d607e7847486cf88e68b,1135036.0,0.0,0.0,0.0,0.0,2026-09-19T10:02:37.967083
20240604,OK,https://nsearchives.nseindia.com/content/fo/BhavCopy_NSE_FO_0_0_0_20240604_F_0000.csv.zip,05bd164725bacda68d75f29d6df111a7791fed94bf592c16d03278270c904ff3,1373667.0,0.0,0.0,0.0,0.0,2026-09-19T10:02:39.650998
20240605,OK,https://nsearchives.nseindia.com/content/fo/BhavCopy_NSE_FO_0_0_0_20240605_F_0000.csv.zip,08172d97792b1c3bef93a0aa3903c0e8bd6f95a6568a9bc4ae2e60b0148e0183,1439023.0,0.0,0.0,0.0,0.0,2026-09-19T10:02:41.260591
20240606,OK,https://nsearchives.nseindia.com/content/fo/BhavCopy_NSE_FO_0_0_0_20240606_F_0000.csv.zip,d470452020acb798db9281723beedf1d202814b1b3ce66241351e84e61172c02,1446274.0,0.0,0.0,0.0,0.0,2026-09-19T10:02:42.918546
20240607,OK,https://nsearchives.nseindia.com/content/fo/BhavCopy_NSE_FO_0_0_0_20240607_F_0000.csv.zip,b7484b33eef919bffe95597773f8a9f8ed3e9d471947d03e4d7e9a45f64bac4f,1447800.0,0.0,0.0,0.0,0.0,2026-09-19T10:02:45.491326
20240610,OK,https://nsearchives.nseindia.com/content/fo/BhavCopy_NSE_FO_0_0_0_20240610_F_0000.csv.zip,d619022e10b240c3bcf3390196628a7f36b98ac7c8fedba8c04728374881c733,1477542.0,0.0,0.0,0.0,0.0,2026-09-19T10:02:46.993888
20240611,OK,https://nsearchives.nseindia.com/content/fo/BhavCopy_NSE_FO_0_0_0_20240611_F_0000.csv.zip,1c4c06ead1e4079875e8918bb65e560b3d740668b02be9127bb27432cf1776c4,1472260.0,0.0,0.0,0.0,0.0,2026-09-19T10:02:48.429634
20240612,OK,https://nsearchives.nseindia.com/content/fo/BhavCopy_NSE_FO_0_0_0_20240612_F_0000.csv.zip,3f240b7b80a14c20baef11a1f8714f977b5d76e5269fe4c8e6a02e8edd719598,1483650.0,0.0,0.0,0.0,0.0,2026-09-19T10:02:50.149786
20240613,OK,https://nsearchives.nseindia.com/content/fo/BhavCopy_NSE_FO_0_0_0_20240613_F_0000.csv.zip,47d806823cf5cd47788966513748f0702ca84379cd2d906accdfc6db5813e6e7,1495603.0,0.0,0.0,0.0,0.0,2026-09-19T10:02:51.921889
20240614,OK,https://nsearchives.nseindia.com/content/fo/BhavCopy_NSE_FO_0_0_0_20240614_F_0000.csv.zip,f81ce2c3923d09f26a85ad178515b112d5e648fa614cfa3b7bf32986de972ac6,1445716.0,0.0,0.0,0.0,0.0,2026-09-19T10:02:53.628855
20240618,OK,https://nsearchives.nseindia.com/content/fo/BhavCopy_NSE_FO_0_0_0_20240618_F_0000.csv.zip,a3bc904100de62df1ce4fddbac35d1b848090684f1a65cf6238bc15a32258a91,1554823.0,0.0,0.0,0.0,0.0,2026-09-19T10:02:55.142687
20240619,OK,https://nsearchives.nseindia.com/content/fo/BhavCopy_NSE_FO_0_0_0_20240619_F_0000.csv.zip,1cfff059b9d3d719a58d18c122b138ea152172b2b560a0492bab067d5134fdbb,1593224.0,0.0,0.0,0.0,0.0,2026-09-19T10:02:56.703592
20240620,OK,https://nsearchives.nseindia.com/content/fo/BhavCopy_NSE_FO_0_0_0_20240620_F_0000.csv.zip,0416ec3ed5e28ed6a62b334fe9a4e5c57cc639905b5100c70362962543c47a98,1608899.0,0.0,0.0,0.0,0.0,2026-09-19T10:02:58.169877
20240621,OK,https://nsearchives.nseindia.com/content/fo/BhavCopy_NSE_FO_0_0_0_20240621_F_0000.csv.zip,9c618cc47c6744b3942cb587c7b18c15223b47d061662a783bcdba6d97ea43db,1636480.0,0.0,0.0,0.0,0.0,2026-09-19T10:02:59.700523
20240624,OK,https://nsearchives.nseindia.com/content/fo/BhavCopy_NSE_FO_0_0_0_20240624_F_0000.csv.zip,e000993be28de2f27fdaba6dfbe1a903b1f09acda78debd6160f5bc3a5b6204a,1662496.0,0.0,0.0,0.0,0.0,2026-09-19T10:03:01.237433
20240625,OK,https://nsearchives.nseindia.com/content/fo/BhavCopy_NSE_FO_0_0_0_20240625_F_0000.csv.zip,3ee592fc450201276fb85bfb728e7ee03bf10744c1d953abe5b8b991feea06f6,1680875.0,0.0,0.0,0.0,0.0,2026-09-19T10:03:02.667451
20240626,OK,https://nsearchives.nseindia.com/content/fo/BhavCopy_NSE_FO_0_0_0_20240626_F_0000.csv.zip,71e2f6d9e4a2063df2caab89067302f6001e50efd96f7f341364ab7ca3db8750,1709734.0,0.0,0.0,0.0,0.0,2026-09-19T10:03:04.041031
20240627,OK,https://nsearchives.nseindia.com/content/fo/BhavCopy_NSE_FO_0_0_0_20240627_F_0000.csv.zip,85bc06430353801c6c28702bc3640b46bea0da921b7e6379fa1e10b54d2e6e37,1697561.0,0.0,0.0,0.0,0.0,2026-09-19T10:03:05.540780
20240628,OK,https://nsearchives.nseindia.com/content/fo/BhavCopy_NSE_FO_0_0_0_20240628_F_0000.csv.zip,b4babe2e495a8eb00ca8b8ad04ab76c802609c1b48e6fa7306b8e176d2512d37,1321681.0,0.0,0.0,0.0,0.0,2026-09-19T10:03:06.936737
20240701,OK,https://nsearchives.nseindia.com/content/fo/BhavCopy_NSE_FO_0_0_0_20240701_F_0000.csv.zip,acb03484d514018b6a23f764cf412c2e5eb7cd6b8fd3cffe7decd3888d808beb,1092193.0,0.0,0.0,0.0,0.0,2026-09-19T10:03:08.114418
20240702,OK,https://nsearchives.nseindia.com/content/fo/BhavCopy_NSE_FO_0_0_0_20240702_F_0000.csv.zip,70592ab10c3606312f0af5e8995f8f9fb5940b8391171ecb036a854e50f6f2ae,1124663.0,0.0,0.0,0.0,0.0,2026-09-19T10:03:09.362424
20240703,OK,https://nsearchives.nseindia.com/content/fo/BhavCopy_NSE_FO_0_0_0_20240703_F_0000.csv.zip,ac36b79a24f93a15b814891d9faa5e612d821fa3573f3f580b18f773bce5c8e9,1124879.0,0.0,0.0,0.0,0.0,2026-09-19T10:03:10.674255
20240704,OK,https://nsearchives.nseindia.com/content/fo/BhavCopy_NSE_FO_0_0_0_20240704_F_0000.csv.zip,0858fb05861eb8c94eb022103c148f6cf476b1ec85fb02b1f223b11aaf8026ce,1138427.0,0.0,0.0,0.0,0.0,2026-09-19T10:03:11.928864
20240705,OK,https://nsearchives.nseindia.com/content/fo/BhavCopy_NSE_FO_0_0_0_20240705_F_0000.csv.zip,73eea62cf01840db2209779b6d3b7a88b83be744d3e8b0c3fac4d98d154b276c,1147960.0,0.0,0.0,0.0,0.0,2026-09-19T10:03:13.285488
20240708,OK,https://nsearchives.nseindia.com/content/fo/BhavCopy_NSE_FO_0_0_0_20240708_F_0000.csv.zip,af47c5b8b6e0ac02da4d5a4d22d46d73527d81552a93aba99ae91590b8549d76,1170530.0,0.0,0.0,0.0,0.0,2026-09-19T10:03:14.541260
20240709,OK,https://nsearchives.nseindia.com/content/fo/BhavCopy_NSE_FO_0_0_0_20240709_F_0000.csv.zip,8088e72d5379a73e34f9d8a3a3215ea4896e871cfe450ab0ccbc3f729533ffae,1171162.0,0.0,0.0,0.0,0.0,2026-09-19T10:03:19.215807
20240710,OK,https://nsearchives.nseindia.com/content/fo/BhavCopy_NSE_FO_0_0_0_20240710_F_0000.csv.zip,39dacf9f57713fe1b7a2c7a235077482baf7951c1bae6d7445abf6d3cbf23ca6,1197134.0,0.0,0.0,0.0,0.0,2026-09-19T10:03:20.559701
20240711,OK,https://nsearchives.nseindia.com/content/fo/BhavCopy_NSE_FO_0_0_0_20240711_F_0000.csv.zip,b7b19c0e23109971157c0e8bd71b45c316f2627270261669b99b186eaa2e4dd9,1190832.0,0.0,0.0,0.0,0.0,2026-09-19T10:03:21.977641
20240712,OK,https://nsearchives.nseindia.com/content/fo/BhavCopy_NSE_FO_0_0_0_20240712_F_0000.csv.zip,5b85fe3b95deaf70028117b1223d339f630b87d82e5edadce5b82ce50b4e63b0,1204362.0,0.0,0.0,0.0,0.0,2026-09-19T10:03:23.580864
20240715,OK,https://nsearchives.nseindia.com/content/fo/BhavCopy_NSE_FO_0_0_0_20240715_F_0000.csv.zip,9388a8c6428344538272fc1e5f85a513f944b42cfb23c8c834fe03916073b68e,1225491.0,0.0,0.0,0.0,0.0,2026-09-19T10:03:24.822557
20240716,OK,https://nsearchives.nseindia.com/content/fo/BhavCopy_NSE_FO_0_0_0_20240716_F_0000.csv.zip,bc1c4a0ba6123624812fb728b8117975ae913a2044191b794cb55212590fc8c5,1242077.0,0.0,0.0,0.0,0.0,2026-09-19T10:03:26.056094
20240718,OK,https://nsearchives.nseindia.com/content/fo/BhavCopy_NSE_FO_0_0_0_20240718_F_0000.csv.zip,d722f85f9dbb8ff528ba9355038b8a73b817b9f73f464e97cfeca1f5bd91286c,1254101.0,0.0,0.0,0.0,0.0,2026-09-19T10:03:27.305668
20240719,OK,https://nsearchives.nseindia.com/content/fo/BhavCopy_NSE_FO_0_0_0_20240719_F_0000.csv.zip,1d04e180cf779a5bc58ac30f925bc7f045bf1f91e370e55f4e04abda9c5dfb9b,1296692.0,0.0,0.0,0.0,0.0,2026-09-19T10:03:28.565534
20240722,OK,https://nsearchives.nseindia.com/content/fo/BhavCopy_NSE_FO_0_0_0_20240722_F_0000.csv.zip,110cd193cfccba9242488e9cafd58f65602585b4fe89551c507a356d153ab052,1324396.0,0.0,0.0,0.0,0.0,2026-09-19T10:03:31.900831
20240723,OK,https://nsearchives.nseindia.com/content/fo/BhavCopy_NSE_FO_0_0_0_20240723_F_0000.csv.zip,6816b75273a327472d4451034fdfb8600fc42a793a2313c5b3b599ce1d831252,1368443.0,0.0,0.0,0.0,0.0,2026-09-19T10:03:33.159347
20240724,OK,https://nsearchives.nseindia.com/content/fo/BhavCopy_NSE_FO_0_0_0_20240724_F_0000.csv.zip,b83aae4352e338873151989b914b241c06d02968602519f802b4f226e2d97bc3,1373410.0,0.0,0.0,0.0,0.0,2026-09-19T10:03:34.757927
20240725,OK,https://nsearchives.nseindia.com/content/fo/BhavCopy_NSE_FO_0_0_0_20240725_F_0000.csv.zip,6d2307893f6ac75945152f4d6db424463a6cdda183ef328186620bbca5f3804f,1359216.0,0.0,0.0,0.0,0.0,2026-09-19T10:03:36.492224
20240726,OK,https://nsearchives.nseindia.com/content/fo/BhavCopy_NSE_FO_0_0_0_20240726_F_0000.csv.zip,ede247757505eabd6288d9d4629da21d28a605f4873c2591b06095db66cb45a7,1079139.0,0.0,0.0,0.0,0.0,2026-09-19T10:03:37.894024
20240729,OK,https://nsearchives.nseindia.com/content/fo/BhavCopy_NSE_FO_0_0_0_20240729_F_0000.csv.zip,031e3459e53acee9c48c06f48c087322bab1b43eeb84fbdf2d2b21a31a328fa7,1025214.0,0.0,0.0,0.0,0.0,2026-09-19T10:03:39.097325
20240730,OK,https://nsearchives.nseindia.com/content/fo/BhavCopy_NSE_FO_0_0_0_20240730_F_0000.csv.zip,c75a2c35d21a0fd4504479d71b6a8fa422a11324541a5d1564e9b6198d797307,1041167.0,0.0,0.0,0.0,0.0,2026-09-19T10:03:40.611478
20240731,OK,https://nsearchives.nseindia.com/content/fo/BhavCopy_NSE_FO_0_0_0_20240731_F_0000.csv.zip,75439cdfb9baea00a1d738bb9276f212ece95b0894534eed15aa98c3b672913b,1056892.0,0.0,0.0,0.0,0.0,2026-09-19T10:03:42.098789
20240801,OK,https://nsearchives.nseindia.com/content/fo/BhavCopy_NSE_FO_0_0_0_20240801_F_0000.csv.zip,6ff07f2ac1821259513c8a8dc63a73c55d70fd66d3562e708e4ba312389aace9,1072409.0,0.0,0.0,0.0,0.0,2026-09-19T10:03:43.544713
20240802,OK,https://nsearchives.nseindia.com/content/fo/BhavCopy_NSE_FO_0_0_0_20240802_F_0000.csv.zip,c7b178edc1b25efc4e24dbd9005f4421f2ce68c1500abc44e4bf55dd326a4169,1083454.0,0.0,0.0,0.0,0.0,2026-09-19T10:03:46.754789
20240805,OK,https://nsearchives.nseindia.com/content/fo/BhavCopy_NSE_FO_0_0_0_20240805_F_0000.csv.zip,573fb324bb2ccc069119c921ec34de146a793fbb4ad4a9fb52a501228b0ba200,1156412.0,0.0,0.0,0.0,0.0,2026-09-19T10:03:48.164141
20240806,OK,https://nsearchives.nseindia.com/content/fo/BhavCopy_NSE_FO_0_0_0_20240806_F_0000.csv.zip,1578db8dee09f7df3df6f68322c383e8806620afed2f83b87016f437aefa7e60,1165104.0,0.0,0.0,0.0,0.0,2026-09-19T10:03:49.538802
20240807,OK,https://nsearchives.nseindia.com/content/fo/BhavCopy_NSE_FO_0_0_0_20240807_F_0000.csv.zip,a672101443d44edc374ad8ca22cf5a24306355464470e5921464b19dca383096,1158421.0,0.0,0.0,0.0,0.0,2026-09-19T10:03:50.981639
20240808,OK,https://nsearchives.nseindia.com/content/fo/BhavCopy_NSE_FO_0_0_0_20240808_F_0000.csv.zip,f82d1414c69fb255d5efbb43e2cdfa3155a514d20f7f626164b9be2712efe9f3,1176330.0,0.0,0.0,0.0,0.0,2026-09-19T10:03:52.284543
20240809,OK,https://nsearchives.nseindia.com/content/fo/BhavCopy_NSE_FO_0_0_0_20240809_F_0000.csv.zip,4622e5abcc68c9923e44abc3287bf74420d9ff39106e81ec658f51ee749e25f4,1182578.0,0.0,0.0,0.0,0.0,2026-09-19T10:03:53.792099
20240812,OK,https://nsearchives.nseindia.com/content/fo/BhavCopy_NSE_FO_0_0_0_20240812_F_0000.csv.zip,fe306cd2cec5ce777c8f8857752f6d0194a109acf166e415b05da40ae761e5ff,1201369.0,0.0,0.0,0.0,0.0,2026-09-19T10:03:55.083554
20240813,OK,https://nsearchives.nseindia.com/content/fo/BhavCopy_NSE_FO_0_0_0_20240813_F_0000.csv.zip,3e477877a5c6f833c741dee4080ca6c57afa27aed7028a9f91bd9938f04a6adb,1208926.0,0.0,0.0,0.0,0.0,2026-09-19T10:03:56.681668
20240814,OK,https://nsearchives.nseindia.com/content/fo/BhavCopy_NSE_FO_0_0_0_20240814_F_0000.csv.zip,b2d05151f0ef18cdb028dcd975b6b6dac3671e1e6ef5420cd0e1fbad6900f091,1211415.0,0.0,0.0,0.0,0.0,2026-09-19T10:03:58.590130
20240816,OK,https://nsearchives.nseindia.com/content/fo/BhavCopy_NSE_FO_0_0_0_20240816_F_0000.csv.zip,3ba56d22900f84472c30de7e158e74ee31879e1a16b9e3bba47752dccb4537dc,1220272.0,0.0,0.0,0.0,0.0,2026-09-19T10:04:00.216873
20240819,OK,https://nsearchives.nseindia.com/content/fo/BhavCopy_NSE_FO_0_0_0_20240819_F_0000.csv.zip,7e9996269a057bf854c4a77fff9c2d6e9465f710cf8727677a1acb5aebb5c590,1222160.0,0.0,0.0,0.0,0.0,2026-09-19T10:04:01.787744
20240820,OK,https://nsearchives.nseindia.com/content/fo/BhavCopy_NSE_FO_0_0_0_20240820_F_0000.csv.zip,7ffbe2382ce3ee08fedfce0b1e0d19485165d3486864a9f3e76296787ffdfd16,1232885.0,0.0,0.0,0.0,0.0,2026-09-19T10:04:03.305356
20240821,OK,https://nsearchives.nseindia.com/content/fo/BhavCopy_NSE_FO_0_0_0_20240821_F_0000.csv.zip,a09f6d5c2da2a0f1bc21957c2152dacf382db8725ec1cb27e18a19ecfbe98a36,1235085.0,0.0,0.0,0.0,0.0,2026-09-19T10:04:04.983326
20240822,OK,https://nsearchives.nseindia.com/content/fo/BhavCopy_NSE_FO_0_0_0_20240822_F_0000.csv.zip,eaf9847804ddd47350066d8616deaab0fc891c05db931f255cd9d7fe4ef06a65,1260212.0,0.0,0.0,0.0,0.0,2026-09-19T10:04:06.504547
20240823,OK,https://nsearchives.nseindia.com/content/fo/BhavCopy_NSE_FO_0_0_0_20240823_F_0000.csv.zip,cc1590a24d4cc2364415f2b0003fa0198579bc9b34b78ee8d4a5a7f42ba12e68,1268136.0,0.0,0.0,0.0,0.0,2026-09-19T10:04:07.904555
20240826,OK,https://nsearchives.nseindia.com/content/fo/BhavCopy_NSE_FO_0_0_0_20240826_F_0000.csv.zip,645d0f4d152cbf4940b3236c0175c03e74c083c13fdfdb4db7647c48fb2f9b2d,1284872.0,0.0,0.0,0.0,0.0,2026-09-19T10:04:09.267237
20240827,OK,https://nsearchives.nseindia.com/content/fo/BhavCopy_NSE_FO_0_0_0_20240827_F_0000.csv.zip,d6fe45d9285d1174c0b47d8c48832fae3c977c324bb96243ecae907beb71841d,1302684.0,0.0,0.0,0.0,0.0,2026-09-19T10:04:10.696592
20240828,OK,https://nsearchives.nseindia.com/content/fo/BhavCopy_NSE_FO_0_0_0_20240828_F_0000.csv.zip,7c699fbfd3fb6daac18bb28ce469d7caf46d5029b80b35cb3dc08206d0776c69,1308177.0,0.0,0.0,0.0,0.0,2026-09-19T10:04:12.423250
20240829,OK,https://nsearchives.nseindia.com/content/fo/BhavCopy_NSE_FO_0_0_0_20240829_F_0000.csv.zip,0b250acea48d6f0ba7eb802ab3d650dd5015eacee16b184816556a49d6fc5b08,1310955.0,0.0,0.0,0.0,0.0,2026-09-19T10:04:14.266866
20240830,OK,https://nsearchives.nseindia.com/content/fo/BhavCopy_NSE_FO_0_0_0_20240830_F_0000.csv.zip,a9659eb00c0fc6f62e2ec7301267feae192bffe5da4c678386c823b043a6fbc5,1047671.0,0.0,0.0,0.0,0.0,2026-09-19T10:04:15.936297
20240902,OK,https://nsearchives.nseindia.com/content/fo/BhavCopy_NSE_FO_0_0_0_20240902_F_0000.csv.zip,22838d326d9c44cb6f38378ca912cede3dce09ad6294929d8719461081de05b8,977469.0,0.0,0.0,0.0,0.0,2026-09-19T10:04:17.658459
20240903,OK,https://nsearchives.nseindia.com/content/fo/BhavCopy_NSE_FO_0_0_0_20240903_F_0000.csv.zip,fff4342acd354aa76eacfffdaf45aa8805e9dd2f2aebe7e9c62b327c6ffd06d4,992684.0,0.0,0.0,0.0,0.0,2026-09-19T10:04:19.063563
20240904,OK,https://nsearchives.nseindia.com/content/fo/BhavCopy_NSE_FO_0_0_0_20240904_F_0000.csv.zip,e5e98f1927b50a6b897605a3295332cfee98346782e34287a2a3932d896935b2,1010726.0,0.0,0.0,0.0,0.0,2026-09-19T10:04:20.376409
20240905,OK,https://nsearchives.nseindia.com/content/fo/BhavCopy_NSE_FO_0_0_0_20240905_F_0000.csv.zip,0b67c9c686c65b018878b9a22cd92dfe59e88544e6e026f1763e4639e257d471,1021227.0,0.0,0.0,0.0,0.0,2026-09-19T10:04:21.874055
20240906,OK,https://nsearchives.nseindia.com/content/fo/BhavCopy_NSE_FO_0_0_0_20240906_F_0000.csv.zip,02b76b577c488c7c53e56eca2d282f74ceede99a594655ad9327c4f0a5ccc5b1,1050472.0,0.0,0.0,0.0,0.0,2026-09-19T10:04:23.952246
20240909,OK,https://nsearchives.nseindia.com/content/fo/BhavCopy_NSE_FO_0_0_0_20240909_F_0000.csv.zip,e1496ff5590dfe417508ce797c6d1eaedacb1d96a542896f58e13de08ab8f118,1065677.0,0.0,0.0,0.0,0.0,2026-09-19T10:04:25.289886
20240910,OK,https://nsearchives.nseindia.com/content/fo/BhavCopy_NSE_FO_0_0_0_20240910_F_0000.csv.zip,28a4278ea165921051fba296f6e0ba0044fc390db23cfdc11fe6cb40f5c29572,1070119.0,0.0,0.0,0.0,0.0,2026-09-19T10:04:26.814269
20240911,OK,https://nsearchives.nseindia.com/content/fo/BhavCopy_NSE_FO_0_0_0_20240911_F_0000.csv.zip,a834f9084a1acda661805cf0f1d765fe9f6747a114c87ee45b3a3cf4169f36ea,1078253.0,0.0,0.0,0.0,0.0,2026-09-19T10:04:28.458322
20240912,OK,https://nsearchives.nseindia.com/content/fo/BhavCopy_NSE_FO_0_0_0_20240912_F_0000.csv.zip,7a5608d11c8585cc67fa5e3d49fcbccf4ef5552eb1afcd2af304d65da77c9ed1,1096501.0,0.0,0.0,0.0,0.0,2026-09-19T10:04:29.960262
20240913,OK,https://nsearchives.nseindia.com/content/fo/BhavCopy_NSE_FO_0_0_0_20240913_F_0000.csv.zip,32a6f3c7841f06dc6ffdbb27cb86fa2067d1739e294d4931024ed76fd0e5f9c9,1106964.0,0.0,0.0,0.0,0.0,2026-09-19T10:04:31.329866
20240916,OK,https://nsearchives.nseindia.com/content/fo/BhavCopy_NSE_FO_0_0_0_20240916_F_0000.csv.zip,20fbe25eb40aa846c8df4ccf7edb5e6e2502ddcb5060ea3288805d27c2ba3cad,1122087.0,0.0,0.0,0.0,0.0,2026-09-19T10:04:32.748658
20240917,OK,https://nsearchives.nseindia.com/content/fo/BhavCopy_NSE_FO_0_0_0_20240917_F_0000.csv.zip,629ebbb34fc7e9849a9f58722971e7a0139efd3f79f13416310ec670a05d73e6,1128825.0,0.0,0.0,0.0,0.0,2026-09-19T10:04:34.557781
20240918,OK,https://nsearchives.nseindia.com/content/fo/BhavCopy_NSE_FO_0_0_0_20240918_F_0000.csv.zip,1e0226dbc8f9f693d79d0bb8e89420cc416ff6e64d9634cee52e3bfb8ee56740,1156547.0,0.0,0.0,0.0,0.0,2026-09-19T10:04:36.313144
20240919,OK,https://nsearchives.nseindia.com/content/fo/BhavCopy_NSE_FO_0_0_0_20240919_F_0000.csv.zip,77a263a165af509a9c58e9298cc907c38f76f43eee99ca020608047780ba1e7e,1179168.0,0.0,0.0,0.0,0.0,2026-09-19T10:04:37.868764
20240920,OK,https://nsearchives.nseindia.com/content/fo/BhavCopy_NSE_FO_0_0_0_20240920_F_0000.csv.zip,f2a6089cc102d0f7fd650257925877ba7e729a0035de165a4a06ca7eba18695d,1203220.0,0.0,0.0,0.0,0.0,2026-09-19T10:04:41.209370
20240923,OK,https://nsearchives.nseindia.com/content/fo/BhavCopy_NSE_FO_0_0_0_20240923_F_0000.csv.zip,e5d39f81e57c8ede6a11195a6c74842cd691dcd34ef0ec9b9ab5b67c36b3ba6a,1239698.0,0.0,0.0,0.0,0.0,2026-09-19T10:04:43.034521
20240924,OK,https://nsearchives.nseindia.com/content/fo/BhavCopy_NSE_FO_0_0_0_20240924_F_0000.csv.zip,a1d1560ea0aa90dab495c274675fa766119959b5669c34251407c6a22933d8c9,1251951.0,0.0,0.0,0.0,0.0,2026-09-19T10:04:44.894301
20240925,OK,https://nsearchives.nseindia.com/content/fo/BhavCopy_NSE_FO_0_0_0_20240925_F_0000.csv.zip,f316bd5dc1b018e363a4f351bd3972a8f16544fa7447289d8defe0b85fa1f835,1275900.0,0.0,0.0,0.0,0.0,2026-09-19T10:04:46.631904
20240926,OK,https://nsearchives.nseindia.com/content/fo/BhavCopy_NSE_FO_0_0_0_20240926_F_0000.csv.zip,20b516d9693114a9c6c4eca6aea72a79f962280fb2e093a1cb565e973b8fb98f,1257888.0,0.0,0.0,0.0,0.0,2026-09-19T10:04:48.619167
20240927,OK,https://nsearchives.nseindia.com/content/fo/BhavCopy_NSE_FO_0_0_0_20240927_F_0000.csv.zip,847485171906a33ba18619193d2ba1a38eb638e718dea18345e765ecc78fa7d2,1102367.0,0.0,0.0,0.0,0.0,2026-09-19T10:04:50.377244
20240930,OK,https://nsearchives.nseindia.com/content/fo/BhavCopy_NSE_FO_0_0_0_20240930_F_0000.csv.zip,ee1db41861f7e14c881c114e37b1b4729039c4ac43ac82e00e3d73dcc070344d,970227.0,0.0,0.0,0.0,0.0,2026-09-19T10:04:51.874636
20241001,OK,https://nsearchives.nseindia.com/content/fo/BhavCopy_NSE_FO_0_0_0_20241001_F_0000.csv.zip,6b582b3d410c89efbc65524b45a9c21f468828d5c678ed56d67b7a667b94bb32,1077296.0,0.0,0.0,0.0,0.0,2026-09-19T10:04:53.315188
20241003,OK,https://nsearchives.nseindia.com/content/fo/BhavCopy_NSE_FO_0_0_0_20241003_F_0000.csv.zip,afb48adacff6bca76f9e507298fad558e80f5e6cbf0414f734a45816c767974c,1079833.0,0.0,0.0,0.0,0.0,2026-09-19T10:04:54.774493
20241004,OK,https://nsearchives.nseindia.com/content/fo/BhavCopy_NSE_FO_0_0_0_20241004_F_0000.csv.zip,e28f9b663c9dacb602a5fd3b3aad7171d9d86e99cf9a4d6d4470bd0823b89649,1104434.0,0.0,0.0,0.0,0.0,2026-09-19T10:04:56.452344
20241007,OK,https://nsearchives.nseindia.com/content/fo/BhavCopy_NSE_FO_0_0_0_20241007_F_0000.csv.zip,1c2b7f4d179ef1a52723c51f4dc0baeae715a6f7ff1802fefacdfcfbeb4d7f8e,1152225.0,0.0,0.0,0.0,0.0,2026-09-19T10:04:58.074515
20241008,OK,https://nsearchives.nseindia.com/content/fo/BhavCopy_NSE_FO_0_0_0_20241008_F_0000.csv.zip,d35f06e667d9c1a5894c3a3783b5f95bd22ac0e604de5ce60fcfc485291f785c,1172989.0,0.0,0.0,0.0,0.0,2026-09-19T10:05:00.199549
20241009,OK,https://nsearchives.nseindia.com/content/fo/BhavCopy_NSE_FO_0_0_0_20241009_F_0000.csv.zip,6b9217a0152b2844de6445da330985c9ff94330fef3658a16b1858d4323e518f,1180318.0,0.0,0.0,0.0,0.0,2026-09-19T10:05:02.478134
20241010,OK,https://nsearchives.nseindia.com/content/fo/BhavCopy_NSE_FO_0_0_0_20241010_F_0000.csv.zip,aae108095601591ccbc0a89cfa43f59c5806c9831c419f4ab24a7b406a39d11c,1165950.0,0.0,0.0,0.0,0.0,2026-09-19T10:05:04.428502
20241011,OK,https://nsearchives.nseindia.com/content/fo/BhavCopy_NSE_FO_0_0_0_20241011_F_0000.csv.zip,4b505e4d158ab81f30e0b0831f2e722a48cd643156187538f64c1a7fd207efe2,1155860.0,0.0,0.0,0.0,0.0,2026-09-19T10:05:06.123087
20241014,OK,https://nsearchives.nseindia.com/content/fo/BhavCopy_NSE_FO_0_0_0_20241014_F_0000.csv.zip,e6b36f50900ae2e6ddc24b6030c01bafe3a7b19121e46e954178f70d287a3d59,1175205.0,0.0,0.0,0.0,0.0,2026-09-19T10:05:07.702388
20241015,OK,https://nsearchives.nseindia.com/content/fo/BhavCopy_NSE_FO_0_0_0_20241015_F_0000.csv.zip,3e1db0018d319f11e8b1a61b15dd9e8c60cd4b45a4c78478092a22d338c12d76,1180814.0,0.0,0.0,0.0,0.0,2026-09-19T10:05:09.080911
20241016,OK,https://nsearchives.nseindia.com/content/fo/BhavCopy_NSE_FO_0_0_0_20241016_F_0000.csv.zip,031b12860cf6166903c41b8b09290c2caa31eabddc1e77f0b76f40ced31e9c2c,1176230.0,0.0,0.0,0.0,0.0,2026-09-19T10:05:10.627774
20241017,OK,https://nsearchives.nseindia.com/content/fo/BhavCopy_NSE_FO_0_0_0_20241017_F_0000.csv.zip,12938a70966088a9fe7df4d61433c8a21c5bc22909d9059fb173ec914ce47d4c,1193283.0,0.0,0.0,0.0,0.0,2026-09-19T10:05:12.449370
20241018,OK,https://nsearchives.nseindia.com/content/fo/BhavCopy_NSE_FO_0_0_0_20241018_F_0000.csv.zip,cf683749c777f893de627700d3b9203bebf94f5598fe347abd1d86ec8c125ee9,1242171.0,0.0,0.0,0.0,0.0,2026-09-19T10:05:13.984767
20241021,OK,https://nsearchives.nseindia.com/content/fo/BhavCopy_NSE_FO_0_0_0_20241021_F_0000.csv.zip,17995c78ffb71fcedb081e37dd3b1988bace481383840511b7e5322cfb8cff7d,1227944.0,0.0,0.0,0.0,0.0,2026-09-19T10:05:15.376498
20241022,OK,https://nsearchives.nseindia.com/content/fo/BhavCopy_NSE_FO_0_0_0_20241022_F_0000.csv.zip,5a117c8e635c2cf59925f1b180640925e3981e04177df6e2f16ca55417baa1f9,1257851.0,0.0,0.0,0.0,0.0,2026-09-19T10:05:16.798505
20241023,OK,https://nsearchives.nseindia.com/content/fo/BhavCopy_NSE_FO_0_0_0_20241023_F_0000.csv.zip,012a936298e0d491f61e1b56cd68e68e35d0e4819b256c5db970494e8cd34892,1291522.0,0.0,0.0,0.0,0.0,2026-09-19T10:05:18.336816
20241024,OK,https://nsearchives.nseindia.com/content/fo/BhavCopy_NSE_FO_0_0_0_20241024_F_0000.csv.zip,dc8fa4756b9ee0908a708f7a38ac6672e08145bab576b781e51c4db46aa1ca44,1291994.0,0.0,0.0,0.0,0.0,2026-09-19T10:05:19.992126
20241025,OK,https://nsearchives.nseindia.com/content/fo/BhavCopy_NSE_FO_0_0_0_20241025_F_0000.csv.zip,42a8d2364b9e51172c8227b6769b58eab6fadac46eff6267264488580e94c11d,1338180.0,0.0,0.0,0.0,0.0,2026-09-19T10:05:21.587209
20241028,OK,https://nsearchives.nseindia.com/content/fo/BhavCopy_NSE_FO_0_0_0_20241028_F_0000.csv.zip,4a585686f8b98d6c289fe09249934b5b3e87f2f7263d58859d5c911b3ee7c83a,1357164.0,0.0,0.0,0.0,0.0,2026-09-19T10:05:23.114020
20241029,OK,https://nsearchives.nseindia.com/content/fo/BhavCopy_NSE_FO_0_0_0_20241029_F_0000.csv.zip,49e1929303530db5690bf3dd8bfd35ea06310b35a3035f2c7e69b07a927bb533,1374123.0,0.0,0.0,0.0,0.0,2026-09-19T10:05:24.837905
20241030,OK,https://nsearchives.nseindia.com/content/fo/BhavCopy_NSE_FO_0_0_0_20241030_F_0000.csv.zip,2f745fbb2773562b487fd0ba3a8a18f6897963600ab99dfbad843472dea4766e,1370601.0,0.0,0.0,0.0,0.0,2026-09-19T10:05:26.311018
20241031,OK,https://nsearchives.nseindia.com/content/fo/BhavCopy_NSE_FO_0_0_0_20241031_F_0000.csv.zip,caa13803d932dac3a254459c5f4f173f0eaa260efcd9e8d49dae158e5ab22f44,1356496.0,0.0,0.0,0.0,0.0,2026-09-19T10:05:27.819438
20241101,OK,https://nsearchives.nseindia.com/content/fo/BhavCopy_NSE_FO_0_0_0_20241101_F_0000.csv.zip,c12e446ec12b1195fefbc3abf9109a08c1497ba58182ecd01b1657838c95f550,993230.0,0.0,0.0,0.0,0.0,2026-09-19T10:05:29.389809
20241104,OK,https://nsearchives.nseindia.com/content/fo/BhavCopy_NSE_FO_0_0_0_20241104_F_0000.csv.zip,e4c262cf7c4e5424eb793b6e950496c2a0c76afc158c71443ad6468196eadd31,1090820.0,0.0,0.0,0.0,0.0,2026-09-19T10:05:30.689884
20241105,OK,https://nsearchives.nseindia.com/content/fo/BhavCopy_NSE_FO_0_0_0_20241105_F_0000.csv.zip,1551aeee0562c5a2cebe5536ade0f9e20a3019c4d71547a6bf8714c49e834d7a,980600.0,0.0,0.0,0.0,0.0,2026-09-19T10:05:31.957572
20241106,OK,https://nsearchives.nseindia.com/content/fo/BhavCopy_NSE_FO_0_0_0_20241106_F_0000.csv.zip,17a0ddd7257b66f8e13906ec8211017db73a2304c31e88169e2f2b48c9a51cb5,1013294.0,0.0,0.0,0.0,0.0,2026-09-19T10:05:33.195260
20241107,OK,https://nsearchives.nseindia.com/content/fo/BhavCopy_NSE_FO_0_0_0_20241107_F_0000.csv.zip,ff72b46782b99572a84f922bf12197154967a5afad230435a070682ada47067d,1016362.0,0.0,0.0,0.0,0.0,2026-09-19T10:05:34.748504
20241108,OK,https://nsearchives.nseindia.com/content/fo/BhavCopy_NSE_FO_0_0_0_20241108_F_0000.csv.zip,63008188a828e81f04d291f2878e4a552aa54af0dfc2e4705193310f0cb69c37,998212.0,0.0,0.0,0.0,0.0,2026-09-19T10:05:36.171195
20241111,OK,https://nsearchives.nseindia.com/content/fo/BhavCopy_NSE_FO_0_0_0_20241111_F_0000.csv.zip,c7309a30c38e3791253c955c653ee0246216b98b801a14e622b44226350d651f,1045255.0,0.0,0.0,0.0,0.0,2026-09-19T10:05:37.671578
20241112,OK,https://nsearchives.nseindia.com/content/fo/BhavCopy_NSE_FO_0_0_0_20241112_F_0000.csv.zip,d1f95ce38d16c6444e310027ce979b4cab367832287de9815ff0f2b809425975,1062134.0,0.0,0.0,0.0,0.0,2026-09-19T10:05:39.021467
20241113,OK,https://nsearchives.nseindia.com/content/fo/BhavCopy_NSE_FO_0_0_0_20241113_F_0000.csv.zip,b5ac6c7a17c809e4a8a1fff3bd1439871eeda76aa8f31a6a70aaf3e79c922dd7,1076660.0,0.0,0.0,0.0,0.0,2026-09-19T10:05:41.014577
20241114,OK,https://nsearchives.nseindia.com/content/fo/BhavCopy_NSE_FO_0_0_0_20241114_F_0000.csv.zip,03407d2af372b7754d84b4b4b1a3e901ac7a292d6e7def47e1123ebf44c0d852,1105093.0,0.0,0.0,0.0,0.0,2026-09-19T10:05:42.741329
20241118,OK,https://nsearchives.nseindia.com/content/fo/BhavCopy_NSE_FO_0_0_0_20241118_F_0000.csv.zip,fc5e618032f1a01b6e0621cb9ad1db6942f58177be5c21de55b67ae703bec21c,1118893.0,0.0,0.0,0.0,0.0,2026-09-19T10:05:44.520084
20241119,OK,https://nsearchives.nseindia.com/content/fo/BhavCopy_NSE_FO_0_0_0_20241119_F_0000.csv.zip,4fc704b7f024e9387278811becbb7ffab5cef57a5196aac19e419c5ebb11262a,1137417.0,0.0,0.0,0.0,0.0,2026-09-19T10:05:45.899667
20241121,OK,https://nsearchives.nseindia.com/content/fo/BhavCopy_NSE_FO_0_0_0_20241121_F_0000.csv.zip,5ca3bd2c8d6f1c617169e109a658c2bb06b4097dc7c356d7700a19fc3240a9e9,1161236.0,0.0,0.0,0.0,0.0,2026-09-19T10:05:47.329979
20241122,OK,https://nsearchives.nseindia.com/content/fo/BhavCopy_NSE_FO_0_0_0_20241122_F_0000.csv.zip,c8f32a077f67cfa9d31ad3cff9916606a72ef8526b310cb658c585740d69ada3,1177194.0,0.0,0.0,0.0,0.0,2026-09-19T10:05:48.981778
20241125,OK,https://nsearchives.nseindia.com/content/fo/BhavCopy_NSE_FO_0_0_0_20241125_F_0000.csv.zip,5df80c4256df6856dc6bad5b10ec844127712e5449267101e6d9a00599efc05a,1212792.0,0.0,0.0,0.0,0.0,2026-09-19T10:05:50.449694
20241126,OK,https://nsearchives.nseindia.com/content/fo/BhavCopy_NSE_FO_0_0_0_20241126_F_0000.csv.zip,eccc4475d825f7ee2409b34d0b11fa3aef6c00acbd0ef1f37d92ccffdf3d3151,1217275.0,0.0,0.0,0.0,0.0,2026-09-19T10:05:52.153530
20241127,OK,https://nsearchives.nseindia.com/content/fo/BhavCopy_NSE_FO_0_0_0_20241127_F_0000.csv.zip,5a6640493a99354c16258eaf2828433016b4acc76c3c41b27a1ee9638d84fa9a,1227055.0,0.0,0.0,0.0,0.0,2026-09-19T10:05:53.719556
20241128,OK,https://nsearchives.nseindia.com/content/fo/BhavCopy_NSE_FO_0_0_0_20241128_F_0000.csv.zip,cc145d164cee09043390b3afc130a0fcced1f18cf486cb6f092e994993c685de,1217473.0,0.0,0.0,0.0,0.0,2026-09-19T10:05:55.363211
20241129,OK,https://nsearchives.nseindia.com/content/fo/BhavCopy_NSE_FO_0_0_0_20241129_F_0000.csv.zip,5014132eceed5b34320f6afdf2cf281111f73ca1702d9c32a66348e21f6c3a72,1112172.0,0.0,0.0,0.0,0.0,2026-09-19T10:05:56.833775
20241202,OK,https://nsearchives.nseindia.com/content/fo/BhavCopy_NSE_FO_0_0_0_20241202_F_0000.csv.zip,07839e5d82d6edf646f8843df549564bc62f8b9344db3bbbaa907ef89a80216a,1040196.0,0.0,0.0,0.0,0.0,2026-09-19T10:05:58.171400
20241203,OK,https://nsearchives.nseindia.com/content/fo/BhavCopy_NSE_FO_0_0_0_20241203_F_0000.csv.zip,d3190ca3a2abd4210f123ca81676bddb821a096a9c5a5f25119d0f37d98fc90b,1078038.0,0.0,0.0,0.0,0.0,2026-09-19T10:05:59.545129
20241204,OK,https://nsearchives.nseindia.com/content/fo/BhavCopy_NSE_FO_0_0_0_20241204_F_0000.csv.zip,cf87303ed9c9f8d33f687e27aaa0877c4d1d5b5924223154542a792e4ea162f4,1112645.0,0.0,0.0,0.0,0.0,2026-09-19T10:06:00.848679
20241205,OK,https://nsearchives.nseindia.com/content/fo/BhavCopy_NSE_FO_0_0_0_20241205_F_0000.csv.zip,a186d4b1022d14a042da234c1a6058188a26b7a1980956dc1ff53bc88183cb58,1139696.0,0.0,0.0,0.0,0.0,2026-09-19T10:06:02.151474
20241206,OK,https://nsearchives.nseindia.com/content/fo/BhavCopy_NSE_FO_0_0_0_20241206_F_0000.csv.zip,f0cdc18775c3e2eb30c8889e281e187990dfde3e2418ffac2bfff596e3f1fa40,1151342.0,0.0,0.0,0.0,0.0,2026-09-19T10:06:03.747187
20241209,OK,https://nsearchives.nseindia.com/content/fo/BhavCopy_NSE_FO_0_0_0_20241209_F_0000.csv.zip,4800fdc9bd64a1603b85e8bb7b36eb2b9dca91e49f6bdb7dc429903710e149aa,1166913.0,0.0,0.0,0.0,0.0,2026-09-19T10:06:05.266469
20241210,OK,https://nsearchives.nseindia.com/content/fo/BhavCopy_NSE_FO_0_0_0_20241210_F_0000.csv.zip,011e020d73967f062e86df72e91d5a19d4383cd60848e6efeda4a0a45351eb09,1175775.0,0.0,0.0,0.0,0.0,2026-09-19T10:06:06.839583
20241211,OK,https://nsearchives.nseindia.com/content/fo/BhavCopy_NSE_FO_0_0_0_20241211_F_0000.csv.zip,d820bdc35b47b23aed9862452f3169529c681393f820109da85c98e5ddf5aed3,1182483.0,0.0,0.0,0.0,0.0,2026-09-19T10:06:08.705896
20241212,OK,https://nsearchives.nseindia.com/content/fo/BhavCopy_NSE_FO_0_0_0_20241212_F_0000.csv.zip,3d6bdfa679d0b4f53d41b93b1be77bf1dc581612372e1f54109716e4184f324a,1196788.0,0.0,0.0,0.0,0.0,2026-09-19T10:06:10.369843
20241213,OK,https://nsearchives.nseindia.com/content/fo/BhavCopy_NSE_FO_0_0_0_20241213_F_0000.csv.zip,a28e768de9eda60ec835fe4d67594ecc77b1b3e973cd4fa848ea0e38b0119318,1220141.0,0.0,0.0,0.0,0.0,2026-09-19T10:06:12.419341
20241216,OK,https://nsearchives.nseindia.com/content/fo/BhavCopy_NSE_FO_0_0_0_20241216_F_0000.csv.zip,9af229679bea7c4c6db778a7beaf456a26cbfb323141c65a83fb7f7fdb3dd7f3,1214979.0,0.0,0.0,0.0,0.0,2026-09-19T10:06:14.074406
20241217,OK,https://nsearchives.nseindia.com/content/fo/BhavCopy_NSE_FO_0_0_0_20241217_F_0000.csv.zip,3b5db3a86c10aebcf98e828d430116b62bfd65685e7b32cd2d73ddf2c9407ea2,1239566.0,0.0,0.0,0.0,0.0,2026-09-19T10:06:15.707614
20241218,OK,https://nsearchives.nseindia.com/content/fo/BhavCopy_NSE_FO_0_0_0_20241218_F_0000.csv.zip,03cec00bcd65f15e7cfb9d6fb5784839ac2aae8062873d4fbe389eece0b286ce,1260129.0,0.0,0.0,0.0,0.0,2026-09-19T10:06:17.489944
20241219,OK,https://nsearchives.nseindia.com/content/fo/BhavCopy_NSE_FO_0_0_0_20241219_F_0000.csv.zip,4deca6e4a67fa89d545d5ceaa7b2e480c53099c4b2c34ece09ed3f49310c27e9,1280970.0,0.0,0.0,0.0,0.0,2026-09-19T10:06:19.404991
20241220,OK,https://nsearchives.nseindia.com/content/fo/BhavCopy_NSE_FO_0_0_0_20241220_F_0000.csv.zip,9bcea0e73de7402de45bda18d201940398050ffee1ee3e47ca300b5ef282c4cf,1328972.0,0.0,0.0,0.0,0.0,2026-09-19T10:06:21.071110
20241223,OK,https://nsearchives.nseindia.com/content/fo/BhavCopy_NSE_FO_0_0_0_20241223_F_0000.csv.zip,0dc582793404d38c11964ae3f2e42f884ad2af3fb3104200db592a5ece9321bf,1367878.0,0.0,0.0,0.0,0.0,2026-09-19T10:06:22.613996
20241224,OK,https://nsearchives.nseindia.com/content/fo/BhavCopy_NSE_FO_0_0_0_20241224_F_0000.csv.zip,fe224d068b61fc587c2aa94a3895a187d9c11a02fcc54011a98bec6835d49a89,1376736.0,0.0,0.0,0.0,0.0,2026-09-19T10:06:24.078376
20241226,OK,https://nsearchives.nseindia.com/content/fo/BhavCopy_NSE_FO_0_0_0_20241226_F_0000.csv.zip,e684983cd29dd0a87caf6b3ce7c0f2bccd0d4255e8fca53cbb4154b826460e68,1340277.0,0.0,0.0,0.0,0.0,2026-09-19T10:06:25.528509
20241227,OK,https://nsearchives.nseindia.com/content/fo/BhavCopy_NSE_FO_0_0_0_20241227_F_0000.csv.zip,e07197e5c6610377991968c80d45c33e301d418b47e4849b34d03665249a4590,1143060.0,0.0,0.0,0.0,0.0,2026-09-19T10:06:27.148396
20241230,OK,https://nsearchives.nseindia.com/content/fo/BhavCopy_NSE_FO_0_0_0_20241230_F_0000.csv.zip,4e02a8535fb6373ab01134635043bc7664122c5d87710bacd0720d76954f8601,1069032.0,0.0,0.0,0.0,0.0,2026-09-19T10:06:29.505070
20241231,OK,https://nsearchives.nseindia.com/content/fo/BhavCopy_NSE_FO_0_0_0_20241231_F_0000.csv.zip,a5ded46632c976edefde67b7f2393182f057c4724ef296c07b7254298f2f962a,1096121.0,0.0,0.0,0.0,0.0,2026-09-19T10:06:30.881951
20250101,OK,https://nsearchives.nseindia.com/content/fo/BhavCopy_NSE_FO_0_0_0_20250101_F_0000.csv.zip,577513329ed5f2814323e6b0d11880e59e86653b22fc2122ee2ed1a162bffa84,1095524.0,0.0,0.0,0.0,0.0,2026-09-19T10:06:32.345598
20250102,OK,https://nsearchives.nseindia.com/content/fo/BhavCopy_NSE_FO_0_0_0_20250102_F_0000.csv.zip,781a767281c858ce9a5a59c0619815537aca48c264205998c793e6a96419ad4c,1130912.0,0.0,0.0,0.0,0.0,2026-09-19T10:06:33.732547
20250103,OK,https://nsearchives.nseindia.com/content/fo/BhavCopy_NSE_FO_0_0_0_20250103_F_0000.csv.zip,61320c5c1050c5a4324274a20442bad7681495a9fdc454ed93fa360ac5264512,1154239.0,0.0,0.0,0.0,0.0,2026-09-19T10:06:35.067731
20250106,OK,https://nsearchives.nseindia.com/content/fo/BhavCopy_NSE_FO_0_0_0_20250106_F_0000.csv.zip,e0377dd283c4054a4999789761f96a9488e1ef7d5abc84271d0fb510169c7355,1189600.0,0.0,0.0,0.0,0.0,2026-09-19T10:06:36.663584
20250107,OK,https://nsearchives.nseindia.com/content/fo/BhavCopy_NSE_FO_0_0_0_20250107_F_0000.csv.zip,4e0d4f7c11a7e5b4975339e8877549e774ef34ec4e42bd9d34ac9a244ded9ec2,1198245.0,0.0,0.0,0.0,0.0,2026-09-19T10:06:38.037074
20250108,OK,https://nsearchives.nseindia.com/content/fo/BhavCopy_NSE_FO_0_0_0_20250108_F_0000.csv.zip,a4c424bd4567df97034252c2177a03768406464537f4857c12acfe767512d9ce,1210678.0,0.0,0.0,0.0,0.0,2026-09-19T10:06:39.600783
20250109,OK,https://nsearchives.nseindia.com/content/fo/BhavCopy_NSE_FO_0_0_0_20250109_F_0000.csv.zip,ff998de33c0ac5b3664e30fac5c51477e1ad6f1edda7f6882bef3eb9b4f4b572,1227932.0,0.0,0.0,0.0,0.0,2026-09-19T10:06:41.541300
20250110,OK,https://nsearchives.nseindia.com/content/fo/BhavCopy_NSE_FO_0_0_0_20250110_F_0000.csv.zip,a877b3b1e020e1817e866e1e204f40b35b70be6ef66b236ddc185d2969d4d9b3,1263818.0,0.0,0.0,0.0,0.0,2026-09-19T10:06:43.638086
20250113,OK,https://nsearchives.nseindia.com/content/fo/BhavCopy_NSE_FO_0_0_0_20250113_F_0000.csv.zip,3d6a969cc95422d23dfb60a5aee42b82e232a26be583c1ded227e6b250896678,1342113.0,0.0,0.0,0.0,0.0,2026-09-19T10:06:44.976720
20250114,OK,https://nsearchives.nseindia.com/content/fo/BhavCopy_NSE_FO_0_0_0_20250114_F_0000.csv.zip,87221489aa2633b6373c086641d8bb4d7f7212523c918876170d5f8c089a38ef,1380632.0,0.0,0.0,0.0,0.0,2026-09-19T10:06:46.496242
20250115,OK,https://nsearchives.nseindia.com/content/fo/BhavCopy_NSE_FO_0_0_0_20250115_F_0000.csv.zip,fc39ea897560c485bb94244199a540aa994f0b2f4963eb306f8eac0cbe3ba1d7,1378938.0,0.0,0.0,0.0,0.0,2026-09-19T10:06:48.063359
20250116,OK,https://nsearchives.nseindia.com/content/fo/BhavCopy_NSE_FO_0_0_0_20250116_F_0000.csv.zip,3af0270367b060a0fe0e4dc2e91fddde45946215056f1104efe780b559d1987a,1384268.0,0.0,0.0,0.0,0.0,2026-09-19T10:06:49.631046
20250117,OK,https://nsearchives.nseindia.com/content/fo/BhavCopy_NSE_FO_0_0_0_20250117_F_0000.csv.zip,903f9aefdec23acc07df4940d6fb14420fd490a335aaf99a4bb0bee436f0542b,1387992.0,0.0,0.0,0.0,0.0,2026-09-19T10:06:51.366954
20250120,OK,https://nsearchives.nseindia.com/content/fo/BhavCopy_NSE_FO_0_0_0_20250120_F_0000.csv.zip,58deaf432a720fc47f28ab7dead07dc2824815a3040b2cc77e307e855c7551a3,1407541.0,0.0,0.0,0.0,0.0,2026-09-19T10:06:52.916591
20250121,OK,https://nsearchives.nseindia.com/content/fo/BhavCopy_NSE_FO_0_0_0_20250121_F_0000.csv.zip,03660f9d6dbb4877db5f0e60de1c19a5d808cd74ddf2af13896457e8d875d3f3,1418242.0,0.0,0.0,0.0,0.0,2026-09-19T10:06:54.453493
20250122,OK,https://nsearchives.nseindia.com/content/fo/BhavCopy_NSE_FO_0_0_0_20250122_F_0000.csv.zip,0c35cfd5767507d3e84ef029293ea1ec8cca9a955a3133924e1affe03d49bab7,1443617.0,0.0,0.0,0.0,0.0,2026-09-19T10:06:55.879482
20250123,OK,https://nsearchives.nseindia.com/content/fo/BhavCopy_NSE_FO_0_0_0_20250123_F_0000.csv.zip,54b8791de2228d75277b8d68c91f1e018c323f9e4ff91371a2fe736915b6b273,1450231.0,0.0,0.0,0.0,0.0,2026-09-19T10:06:57.378947
20250124,OK,https://nsearchives.nseindia.com/content/fo/BhavCopy_NSE_FO_0_0_0_20250124_F_0000.csv.zip,15ad93910194c255c7bdd3c7a6d092ca4acc6d35324aea7dc3a14e61be41c6a1,1466745.0,0.0,0.0,0.0,0.0,2026-09-19T10:06:59.015104
20250127,OK,https://nsearchives.nseindia.com/content/fo/BhavCopy_NSE_FO_0_0_0_20250127_F_0000.csv.zip,480889bab9a15dd9ac762972bd00abb9dd91b46b93a91475cbaee0880086e033,1518687.0,0.0,0.0,0.0,0.0,2026-09-19T10:07:00.451627
20250128,OK,https://nsearchives.nseindia.com/content/fo/BhavCopy_NSE_FO_0_0_0_20250128_F_0000.csv.zip,7cf07979be70246a928985cd33e6b2e905d9bfbd28336846908a3a8fd38cd919,1560176.0,0.0,0.0,0.0,0.0,2026-09-19T10:07:01.907655
20250129,OK,https://nsearchives.nseindia.com/content/fo/BhavCopy_NSE_FO_0_0_0_20250129_F_0000.csv.zip,666958e60ab94bcdbbd4fe3917ce4fa8b3ea94a7d1d4e852ca7f5a5680baebdf,1566566.0,0.0,0.0,0.0,0.0,2026-09-19T10:07:03.463937
20250130,OK,https://nsearchives.nseindia.com/content/fo/BhavCopy_NSE_FO_0_0_0_20250130_F_0000.csv.zip,75085c72504379a139af406dbacf6ddd322052be25f1f30b67a7bd7de166a792,1558948.0,0.0,0.0,0.0,0.0,2026-09-19T10:07:05.101800
20250131,OK,https://nsearchives.nseindia.com/content/fo/BhavCopy_NSE_FO_0_0_0_20250131_F_0000.csv.zip,81db12eb0e99b16511e02d5b53494aed375c9e8de34969cd7c7230ace53de0cb,1206293.0,0.0,0.0,0.0,0.0,2026-09-19T10:07:06.633241
20250203,OK,https://nsearchives.nseindia.com/content/fo/BhavCopy_NSE_FO_0_0_0_20250203_F_0000.csv.zip,45c3e2388cd980b62961c9ec72f4226b20430d856ba1a5e67b57bb62a30835ac,1063883.0,0.0,0.0,0.0,0.0,2026-09-19T10:07:08.086485
20250204,OK,https://nsearchives.nseindia.com/content/fo/BhavCopy_NSE_FO_0_0_0_20250204_F_0000.csv.zip,90f4a04f40fded2f8008d2fdceb8b58cd031d62f94fbaa9d80f8b493abc2fe29,1193556.0,0.0,0.0,0.0,0.0,2026-09-19T10:07:09.578682
20250205,OK,https://nsearchives.nseindia.com/content/fo/BhavCopy_NSE_FO_0_0_0_20250205_F_0000.csv.zip,c93c8c39bc765142c11a64099cc5f301debff362e2ff182e13e5e68e804de616,1099000.0,0.0,0.0,0.0,0.0,2026-09-19T10:07:11.354966
20250206,OK,https://nsearchives.nseindia.com/content/fo/BhavCopy_NSE_FO_0_0_0_20250206_F_0000.csv.zip,5d375674621136a424b512ff3ffc7b553048f007dd27c1a9ffa507a25e933087,1102183.0,0.0,0.0,0.0,0.0,2026-09-19T10:07:12.821377
20250207,OK,https://nsearchives.nseindia.com/content/fo/BhavCopy_NSE_FO_0_0_0_20250207_F_0000.csv.zip,5d4f52d495e3bd17c9410484dfe8acbeb03a978a879a338669172d4dc5e21f1d,1104888.0,0.0,0.0,0.0,0.0,2026-09-19T10:07:14.561297
20250210,OK,https://nsearchives.nseindia.com/content/fo/BhavCopy_NSE_FO_0_0_0_20250210_F_0000.csv.zip,155737a336114ccb0da029dd6667b38922a23276a81fa0b3e12cbc4c1b4339f2,1107917.0,0.0,0.0,0.0,0.0,2026-09-19T10:07:16.111607
20250211,OK,https://nsearchives.nseindia.com/content/fo/BhavCopy_NSE_FO_0_0_0_20250211_F_0000.csv.zip,9bc11f680cdedd0c93ebae808f719387aa0cab6eece1b2d13399305a140d04c3,1143924.0,0.0,0.0,0.0,0.0,2026-09-19T10:07:17.430170
20250212,OK,https://nsearchives.nseindia.com/content/fo/BhavCopy_NSE_FO_0_0_0_20250212_F_0000.csv.zip,a03b951222dac936d62a3c3e6db986668e656f17eca35fd92ba6668dd8a6be3b,1178728.0,0.0,0.0,0.0,0.0,2026-09-19T10:07:18.981267
20250213,OK,https://nsearchives.nseindia.com/content/fo/BhavCopy_NSE_FO_0_0_0_20250213_F_0000.csv.zip,a21d05f3832d7c8ef4e6cd138fd6b694604ef25c4f97786f97275ca4a2f2dc0c,1170604.0,0.0,0.0,0.0,0.0,2026-09-19T10:07:20.407067
20250214,OK,https://nsearchives.nseindia.com/content/fo/BhavCopy_NSE_FO_0_0_0_20250214_F_0000.csv.zip,02eaa7b753615b850eb8c9c36b9d6d28c5f63002fa5fea09ff7458ff40434d58,1199436.0,0.0,0.0,0.0,0.0,2026-09-19T10:07:21.798915
20250217,OK,https://nsearchives.nseindia.com/content/fo/BhavCopy_NSE_FO_0_0_0_20250217_F_0000.csv.zip,1f4fa247c1f0eb2dcb0699a6662ce4932c0665855259c442a6d8ebff5c3db733,1216786.0,0.0,0.0,0.0,0.0,2026-09-19T10:07:23.678888
20250218,OK,https://nsearchives.nseindia.com/content/fo/BhavCopy_NSE_FO_0_0_0_20250218_F_0000.csv.zip,e44cf77b3817e52995ebc05e555e44aafd590440cae7a0437dbb96b6ed3ea3f3,1223045.0,0.0,0.0,0.0,0.0,2026-09-19T10:07:25.103691
20250219,OK,https://nsearchives.nseindia.com/content/fo/BhavCopy_NSE_FO_0_0_0_20250219_F_0000.csv.zip,a10815502ee778fa08e86ec8e52b5e1114d49c1294316554097fb5a521524af4,1243290.0,0.0,0.0,0.0,0.0,2026-09-19T10:07:26.498855
20250220,OK,https://nsearchives.nseindia.com/content/fo/BhavCopy_NSE_FO_0_0_0_20250220_F_0000.csv.zip,a2cb8e26ca33d8879d160c7c7df15ee07c86834c0a1f4a5c0591218ba384ade3,1253944.0,0.0,0.0,0.0,0.0,2026-09-19T10:07:28.143862
20250221,OK,https://nsearchives.nseindia.com/content/fo/BhavCopy_NSE_FO_0_0_0_20250221_F_0000.csv.zip,bd159a5514dffae4383a61b59095238857535a7f55fc78c11e27a90ec1fe8703,1277005.0,0.0,0.0,0.0,0.0,2026-09-19T10:07:30.120761
20250224,OK,https://nsearchives.nseindia.com/content/fo/BhavCopy_NSE_FO_0_0_0_20250224_F_0000.csv.zip,eaf0b5a4dc973f6a8e0ba202b1780c23f8e232a6946d239f3d8473445033ba42,1298365.0,0.0,0.0,0.0,0.0,2026-09-19T10:07:31.580455
20250225,OK,https://nsearchives.nseindia.com/content/fo/BhavCopy_NSE_FO_0_0_0_20250225_F_0000.csv.zip,caf96af9de97b25d1f4969ff1fca179c8234d4ae9b1c1beef17a7b97bbdae0e7,1310166.0,0.0,0.0,0.0,0.0,2026-09-19T10:07:33.055125
20250227,OK,https://nsearchives.nseindia.com/content/fo/BhavCopy_NSE_FO_0_0_0_20250227_F_0000.csv.zip,4221428967553dfd8cc3d802ca467a4aaa200c2ef1a8ef74a9914abf862d61a7,1303957.0,0.0,0.0,0.0,0.0,2026-09-19T10:07:34.662785
20250228,OK,https://nsearchives.nseindia.com/content/fo/BhavCopy_NSE_FO_0_0_0_20250228_F_0000.csv.zip,0037a4ad16e91451849dc5931cdb96d64746b33eb1534dcf3eb7e6f7637aff4d,1049501.0,0.0,0.0,0.0,0.0,2026-09-19T10:07:36.129846
20250303,OK,https://nsearchives.nseindia.com/content/fo/BhavCopy_NSE_FO_0_0_0_20250303_F_0000.csv.zip,9eef0ef6f8e33be0b641812d94b167bbf6c51a8ad0bf628cecc6962544db3ea9,994523.0,0.0,0.0,0.0,0.0,2026-09-19T10:07:37.502805
20250304,OK,https://nsearchives.nseindia.com/content/fo/BhavCopy_NSE_FO_0_0_0_20250304_F_0000.csv.zip,fcb8ca2549483eb77c02fd86e37694636e8180d8d5460982f567440ea1a4360c,1004261.0,0.0,0.0,0.0,0.0,2026-09-19T10:07:38.868292
20250305,OK,https://nsearchives.nseindia.com/content/fo/BhavCopy_NSE_FO_0_0_0_20250305_F_0000.csv.zip,4860796f161ae12f68c33c7313aa78b7edf009dea37f4c4569e81aa999a3ff24,1038225.0,0.0,0.0,0.0,0.0,2026-09-19T10:07:40.226681
20250306,OK,https://nsearchives.nseindia.com/content/fo/BhavCopy_NSE_FO_0_0_0_20250306_F_0000.csv.zip,a010e77b98b5c5284c773da58be2abbce8d32b5b8b7412f1b9404ebdb4900530,1056130.0,0.0,0.0,0.0,0.0,2026-09-19T10:07:41.575925
20250307,OK,https://nsearchives.nseindia.com/content/fo/BhavCopy_NSE_FO_0_0_0_20250307_F_0000.csv.zip,6b2b8baf09251f78a4d22a0d06fc72be6f8792d370950cc81084f245e9aa748e,1060883.0,0.0,0.0,0.0,0.0,2026-09-19T10:07:42.856995
20250310,OK,https://nsearchives.nseindia.com/content/fo/BhavCopy_NSE_FO_0_0_0_20250310_F_0000.csv.zip,7f8e187ef0c67414efd556edc22db243c4f6efe9ad27458111e5604dcaa306a7,1205283.0,0.0,0.0,0.0,0.0,2026-09-19T10:07:44.262509
20250311,OK,https://nsearchives.nseindia.com/content/fo/BhavCopy_NSE_FO_0_0_0_20250311_F_0000.csv.zip,95c91e09b8d6825e36390a33e9225257de76ae51b31f0ffbff081c59ef310593,1175468.0,0.0,0.0,0.0,0.0,2026-09-19T10:07:45.589861
20250312,OK,https://nsearchives.nseindia.com/content/fo/BhavCopy_NSE_FO_0_0_0_20250312_F_0000.csv.zip,9026daaa90d66c6117aad4939ef20c05456ae8c95be80733416fd941e922cfaa,1147615.0,0.0,0.0,0.0,0.0,2026-09-19T10:07:46.939698
20250313,OK,https://nsearchives.nseindia.com/content/fo/BhavCopy_NSE_FO_0_0_0_20250313_F_0000.csv.zip,4604be37919a2da063cdc46f139e380556a3bc9821b2f8a5e558fa3a0e6a41b1,1187553.0,0.0,0.0,0.0,0.0,2026-09-19T10:07:48.345462
20250317,OK,https://nsearchives.nseindia.com/content/fo/BhavCopy_NSE_FO_0_0_0_20250317_F_0000.csv.zip,841fc4dc3151d62e56ff2292da2d77edcdfd5a624b7c0725756d222c3a355328,1095065.0,0.0,0.0,0.0,0.0,2026-09-19T10:07:49.894929
20250318,OK,https://nsearchives.nseindia.com/content/fo/BhavCopy_NSE_FO_0_0_0_20250318_F_0000.csv.zip,e28e91230a43be89d099867ec8f494c5d33d6c4ffc10b6c12f33464da1f495eb,1115917.0,0.0,0.0,0.0,0.0,2026-09-19T10:07:51.494016
20250319,OK,https://nsearchives.nseindia.com/content/fo/BhavCopy_NSE_FO_0_0_0_20250319_F_0000.csv.zip,989cc5dc2c79cd2fd6e57096faef953a3627a364fb18e0f6cbc1ea3afabe84ec,1149516.0,0.0,0.0,0.0,0.0,2026-09-19T10:07:52.804488
20250320,OK,https://nsearchives.nseindia.com/content/fo/BhavCopy_NSE_FO_0_0_0_20250320_F_0000.csv.zip,f0f16700853cb1b569be748d1143c3dcff2399a08d0245912f1a51f4d8121f08,1176189.0,0.0,0.0,0.0,0.0,2026-09-19T10:07:54.356319
20250321,OK,https://nsearchives.nseindia.com/content/fo/BhavCopy_NSE_FO_0_0_0_20250321_F_0000.csv.zip,6fbae431f45e9f2995069d9d62cb419e38da9006c20664b74a4768a848abe58c,1210838.0,0.0,0.0,0.0,0.0,2026-09-19T10:07:56.617860
20250324,OK,https://nsearchives.nseindia.com/content/fo/BhavCopy_NSE_FO_0_0_0_20250324_F_0000.csv.zip,722da02fe38311a4e2ef8ada112176e160bc393d351894a49516c051091bee2b,1257661.0,0.0,0.0,0.0,0.0,2026-09-19T10:07:58.816186
20250325,OK,https://nsearchives.nseindia.com/content/fo/BhavCopy_NSE_FO_0_0_0_20250325_F_0000.csv.zip,28c7079550f5cde87cdffb206fcb0b9b8c8f3855ec94d26de9ed90155a663489,1281432.0,0.0,0.0,0.0,0.0,2026-09-19T10:08:00.431033
20250326,OK,https://nsearchives.nseindia.com/content/fo/BhavCopy_NSE_FO_0_0_0_20250326_F_0000.csv.zip,0fdfd0dd24fb35d0efb2d2b42c6535ddea2ca858e9eac2d23c1c43ea8004a02a,1282143.0,0.0,0.0,0.0,0.0,2026-09-19T10:08:01.809806
20250327,OK,https://nsearchives.nseindia.com/content/fo/BhavCopy_NSE_FO_0_0_0_20250327_F_0000.csv.zip,54b40b60b38cc8befbda941a643f5784606fcdffc499dfcc656917c0f71c12b5,1258656.0,0.0,0.0,0.0,0.0,2026-09-19T10:08:03.205706
20250328,OK,https://nsearchives.nseindia.com/content/fo/BhavCopy_NSE_FO_0_0_0_20250328_F_0000.csv.zip,19e3ae21944ed44938a416c5393e89626da5624b45c4cf764ee83034742d7417,1053421.0,0.0,0.0,0.0,0.0,2026-09-19T10:08:04.630117
20250401,OK,https://nsearchives.nseindia.com/content/fo/BhavCopy_NSE_FO_0_0_0_20250401_F_0000.csv.zip,820380c7044356a3a4d9dcbb5f8bcbeaa55658a27e76d0b918f54d66573d386b,965345.0,0.0,0.0,0.0,0.0,2026-09-19T10:08:05.836438
20250402,OK,https://nsearchives.nseindia.com/content/fo/BhavCopy_NSE_FO_0_0_0_20250402_F_0000.csv.zip,239d958080236f1f4ba19c88cc0fccdd0583a66b3a3c28cfde1f85b648ef8e3b,981845.0,0.0,0.0,0.0,0.0,2026-09-19T10:08:07.112107
20250403,OK,https://nsearchives.nseindia.com/content/fo/BhavCopy_NSE_FO_0_0_0_20250403_F_0000.csv.zip,ec11c10cb87bc49be934853baf9d88da39003adc58bd04133b6544976eba167c,1008335.0,0.0,0.0,0.0,0.0,2026-09-19T10:08:08.375984
20250404,OK,https://nsearchives.nseindia.com/content/fo/BhavCopy_NSE_FO_0_0_0_20250404_F_0000.csv.zip,8960d55ba06825e6a2b75a6644191c38c17f568f1e4abb10b9e2ae12e7d45008,1053638.0,0.0,0.0,0.0,0.0,2026-09-19T10:08:09.658569
20250407,OK,https://nsearchives.nseindia.com/content/fo/BhavCopy_NSE_FO_0_0_0_20250407_F_0000.csv.zip,994e720bc85a849602a867229a59856e664dcf4eb52245b9ff6aad1057f213bd,1201009.0,0.0,0.0,0.0,0.0,2026-09-19T10:08:11.127484
20250408,OK,https://nsearchives.nseindia.com/content/fo/BhavCopy_NSE_FO_0_0_0_20250408_F_0000.csv.zip,e2fdf967b5b1b9ae4683a44a43e3839b1055ce987103b122fc5625cf7530caff,1199192.0,0.0,0.0,0.0,0.0,2026-09-19T10:08:12.742659
20250409,OK,https://nsearchives.nseindia.com/content/fo/BhavCopy_NSE_FO_0_0_0_20250409_F_0000.csv.zip,dc1fceffb330fb1802bf39e8029b80cbc7b14a673980f2529abfa4f099572836,1194931.0,0.0,0.0,0.0,0.0,2026-09-19T10:08:14.928674
20250411,OK,https://nsearchives.nseindia.com/content/fo/BhavCopy_NSE_FO_0_0_0_20250411_F_0000.csv.zip,5e4c9ab3988de4700eff874f0df5a352721e97bf1d957204f56d643b91063fa0,1206001.0,0.0,0.0,0.0,0.0,2026-09-19T10:08:16.700148
20250415,OK,https://nsearchives.nseindia.com/content/fo/BhavCopy_NSE_FO_0_0_0_20250415_F_0000.csv.zip,15dab0b51ba8231bfee05e9f4e9c69dab852ac042fb261bf9609ff4082e37726,1235095.0,0.0,0.0,0.0,0.0,2026-09-19T10:08:18.426773
20250416,OK,https://nsearchives.nseindia.com/content/fo/BhavCopy_NSE_FO_0_0_0_20250416_F_0000.csv.zip,838efa19923feb319b5f90c360fcc2b73f46b718376e4b029539b324cc2156bf,1256666.0,0.0,0.0,0.0,0.0,2026-09-19T10:08:20.543189
20250417,OK,https://nsearchives.nseindia.com/content/fo/BhavCopy_NSE_FO_0_0_0_20250417_F_0000.csv.zip,e270dd8f09e181b915c2e5bc554d031c0d58103f1e1880fc4c3e9d67e926db31,1291085.0,0.0,0.0,0.0,0.0,2026-09-19T10:08:24.634341
20250421,OK,https://nsearchives.nseindia.com/content/fo/BhavCopy_NSE_FO_0_0_0_20250421_F_0000.csv.zip,8a50b44879d5bb934be2a08836cc5a09f7bfa142f624127ec23d71460f223516,1348022.0,0.0,0.0,0.0,0.0,2026-09-19T10:08:26.624043
20250422,OK,https://nsearchives.nseindia.com/content/fo/BhavCopy_NSE_FO_0_0_0_20250422_F_0000.csv.zip,836e0fb981e57a4c97b35a3cfe1ea1c3df697124c61aa8fdd6dc995fcaa9b6d8,1366731.0,0.0,0.0,0.0,0.0,2026-09-19T10:08:29.111532
20250423,OK,https://nsearchives.nseindia.com/content/fo/BhavCopy_NSE_FO_0_0_0_20250423_F_0000.csv.zip,84833d6b71a551183ac33ecfb8c3d2e89b1d291dcb28db4c382f94cde270adc3,1384029.0,0.0,0.0,0.0,0.0,2026-09-19T10:08:31.172394
20250424,OK,https://nsearchives.nseindia.com/content/fo/BhavCopy_NSE_FO_0_0_0_20250424_F_0000.csv.zip,973e82705da16b27ed51ca3de1e670147c2e424aec08a5157291383d0bed3bdd,1358481.0,0.0,0.0,0.0,0.0,2026-09-19T10:08:33.099532
20250425,OK,https://nsearchives.nseindia.com/content/fo/BhavCopy_NSE_FO_0_0_0_20250425_F_0000.csv.zip,2f7c9d38f836e5c18a64625486e007887bfc1c2bdb1ef9ed06e4e170295d86f5,1098862.0,0.0,0.0,0.0,0.0,2026-09-19T10:08:35.121557
20250428,OK,https://nsearchives.nseindia.com/content/fo/BhavCopy_NSE_FO_0_0_0_20250428_F_0000.csv.zip,006505e65936135198c1b53ca576991882181191540f9890c80e3625d2f52de3,975163.0,0.0,0.0,0.0,0.0,2026-09-19T10:08:36.960499
20250429,OK,https://nsearchives.nseindia.com/content/fo/BhavCopy_NSE_FO_0_0_0_20250429_F_0000.csv.zip,9fb5e038ff53565de31bf670afd6e49d80343df5967faf76e402c2c5fd0bbeee,994509.0,0.0,0.0,0.0,0.0,2026-09-19T10:08:38.406759
20250430,OK,https://nsearchives.nseindia.com/content/fo/BhavCopy_NSE_FO_0_0_0_20250430_F_0000.csv.zip,30a849b1e597a38341ab69733e2c2c628285688ff30534dd3fd0cc97d22c706e,1015118.0,0.0,0.0,0.0,0.0,2026-09-19T10:08:40.156159
20250502,OK,https://nsearchives.nseindia.com/content/fo/BhavCopy_NSE_FO_0_0_0_20250502_F_0000.csv.zip,4349d0dee16e86e3e977e78b59cc29633db826c1e98b1ac2bfdba3e474327967,1032531.0,0.0,0.0,0.0,0.0,2026-09-19T10:08:42.147998
20250505,OK,https://nsearchives.nseindia.com/content/fo/BhavCopy_NSE_FO_0_0_0_20250505_F_0000.csv.zip,8d0561c7820f50a2e7270a24231bc2b1617f9e7c9d0cb3df076c3f92ab7f3813,1042115.0,0.0,0.0,0.0,0.0,2026-09-19T10:08:43.427548
20250506,OK,https://nsearchives.nseindia.com/content/fo/BhavCopy_NSE_FO_0_0_0_20250506_F_0000.csv.zip,aa1e74b57e59b9baf2f8737885a5c82195ab1affbaa197796a31d5ccbebf0671,1062006.0,0.0,0.0,0.0,0.0,2026-09-19T10:08:45.174470
20250507,OK,https://nsearchives.nseindia.com/content/fo/BhavCopy_NSE_FO_0_0_0_20250507_F_0000.csv.zip,341724d3b155ee45eda0e1da2c693893337d89ac5f61357fb907128191f85ce3,1076031.0,0.0,0.0,0.0,0.0,2026-09-19T10:08:46.647028
20250508,OK,https://nsearchives.nseindia.com/content/fo/BhavCopy_NSE_FO_0_0_0_20250508_F_0000.csv.zip,e7d78a37dd759d80856e61b313ade27fd98335b27ffba039f362898cf9704377,1097035.0,0.0,0.0,0.0,0.0,2026-09-19T10:08:48.028473
20250509,OK,https://nsearchives.nseindia.com/content/fo/BhavCopy_NSE_FO_0_0_0_20250509_F_0000.csv.zip,4502cb8cae842e2d97340555459706401d79a51e58220afe06710c94347663a1,1104821.0,0.0,0.0,0.0,0.0,2026-09-19T10:08:49.414632
20250512,OK,https://nsearchives.nseindia.com/content/fo/BhavCopy_NSE_FO_0_0_0_20250512_F_0000.csv.zip,12afa69a526aa922e6b15ec85b5db620b4aa75bea7e9794e738d618e53b1be5e,1143360.0,0.0,0.0,0.0,0.0,2026-09-19T10:08:51.087335
20250513,OK,https://nsearchives.nseindia.com/content/fo/BhavCopy_NSE_FO_0_0_0_20250513_F_0000.csv.zip,35286fe3e6c6622eeaabc64ae241e7e1c94dc14d43e7f7f46d869af0880e2094,1144109.0,0.0,0.0,0.0,0.0,2026-09-19T10:08:53.036910
20250514,OK,https://nsearchives.nseindia.com/content/fo/BhavCopy_NSE_FO_0_0_0_20250514_F_0000.csv.zip,2bfeade0b3748e556ce1c6c15ffaea0b8b1428e690e0613cac7b6a9608780fc0,1151605.0,0.0,0.0,0.0,0.0,2026-09-19T10:08:54.387196
20250515,OK,https://nsearchives.nseindia.com/content/fo/BhavCopy_NSE_FO_0_0_0_20250515_F_0000.csv.zip,d7fc2936f833aed0b2662db8cffbb4386e8af8f4d539fbb9dae08efc2fb6e790,1168518.0,0.0,0.0,0.0,0.0,2026-09-19T10:08:55.729191
20250516,OK,https://nsearchives.nseindia.com/content/fo/BhavCopy_NSE_FO_0_0_0_20250516_F_0000.csv.zip,b5b0d3866890e1950187f74e74d86c39061ee6787c637dbb83809642a183ad6d,1186308.0,0.0,0.0,0.0,0.0,2026-09-19T10:08:57.108700
20250519,OK,https://nsearchives.nseindia.com/content/fo/BhavCopy_NSE_FO_0_0_0_20250519_F_0000.csv.zip,a4a35e513740519df2329cb73472f81b18f2b9278b2e785ddcad38b09c2ef69e,1212334.0,0.0,0.0,0.0,0.0,2026-09-19T10:08:58.367699
20250520,OK,https://nsearchives.nseindia.com/content/fo/BhavCopy_NSE_FO_0_0_0_20250520_F_0000.csv.zip,0b394509bbfd30b604bc227db681c0480ba086d3f547fd5c6fa0f06851c374ab,1225209.0,0.0,0.0,0.0,0.0,2026-09-19T10:08:59.792215
20250521,OK,https://nsearchives.nseindia.com/content/fo/BhavCopy_NSE_FO_0_0_0_20250521_F_0000.csv.zip,eb2ec5b49405c5eeb0047646b78f1d752f92e59c969daefd1012a768f35cc8e5,1223032.0,0.0,0.0,0.0,0.0,2026-09-19T10:09:01.118930
20250522,OK,https://nsearchives.nseindia.com/content/fo/BhavCopy_NSE_FO_0_0_0_20250522_F_0000.csv.zip,81b1ba5e44c8b69ffec8f0df6c01002f2e8f7686e312dd563079d843249b3ecc,1226647.0,0.0,0.0,0.0,0.0,2026-09-19T10:09:02.984133
20250523,OK,https://nsearchives.nseindia.com/content/fo/BhavCopy_NSE_FO_0_0_0_20250523_F_0000.csv.zip,a651c586cb650da1d0c99835f88c1dd6f81ed3c9f63f16773d6acdc3e9fcd0e8,1236706.0,0.0,0.0,0.0,0.0,2026-09-19T10:09:04.320500
20250526,OK,https://nsearchives.nseindia.com/content/fo/BhavCopy_NSE_FO_0_0_0_20250526_F_0000.csv.zip,9b60ca57315ec5b4a30f6964bf490bcfef43f8731da03598413e588704632efc,1255395.0,0.0,0.0,0.0,0.0,2026-09-19T10:09:06.063530
20250527,OK,https://nsearchives.nseindia.com/content/fo/BhavCopy_NSE_FO_0_0_0_20250527_F_0000.csv.zip,498d201dd63eabd0e7c047de436345f85df87a1571eec74bf5726fa1fc39827c,1260934.0,0.0,0.0,0.0,0.0,2026-09-19T10:09:07.616012
20250528,OK,https://nsearchives.nseindia.com/content/fo/BhavCopy_NSE_FO_0_0_0_20250528_F_0000.csv.zip,acd0c8b391c7d97d359b7c9a4804d54a3536022f81f243ba921be47843f36729,1268813.0,0.0,0.0,0.0,0.0,2026-09-19T10:09:09.008665
20250529,OK,https://nsearchives.nseindia.com/content/fo/BhavCopy_NSE_FO_0_0_0_20250529_F_0000.csv.zip,fec4d0ebdf06dbc1a5ae7f9bc911bb4cea77bf5d2c5b4191dc3bab9174434837,1248163.0,0.0,0.0,0.0,0.0,2026-09-19T10:09:10.461630
20250530,OK,https://nsearchives.nseindia.com/content/fo/BhavCopy_NSE_FO_0_0_0_20250530_F_0000.csv.zip,dc205cd5cf5a650a452205e116e4322821a83ac7537081a287988dc27a932fcd,999768.0,0.0,0.0,0.0,0.0,2026-09-19T10:09:11.976185
20250602,OK,https://nsearchives.nseindia.com/content/fo/BhavCopy_NSE_FO_0_0_0_20250602_F_0000.csv.zip,2ca90efdc08c60e3fbe818c5a09dfbec71b5a211e5b169ba1daf5ac49162dc6a,930990.0,0.0,0.0,0.0,0.0,2026-09-19T10:09:13.342070
20250603,OK,https://nsearchives.nseindia.com/content/fo/BhavCopy_NSE_FO_0_0_0_20250603_F_0000.csv.zip,2c87b89a6324edb0affb43da625a5719a4cc6a5625e45764ca71ba75b7aab6c8,947365.0,0.0,0.0,0.0,0.0,2026-09-19T10:09:14.955943
20250604,OK,https://nsearchives.nseindia.com/content/fo/BhavCopy_NSE_FO_0_0_0_20250604_F_0000.csv.zip,4611f03e32d661c81331fbf5a4c3772e8df438d34f219fb7565f63533b506453,957813.0,0.0,0.0,0.0,0.0,2026-09-19T10:09:16.425938
20250605,OK,https://nsearchives.nseindia.com/content/fo/BhavCopy_NSE_FO_0_0_0_20250605_F_0000.csv.zip,65789d40aad3da93620fb0d497f73f2a389fd533f9ad4a69dd5b35588c8cb433,977361.0,0.0,0.0,0.0,0.0,2026-09-19T10:09:18.171175
20250606,OK,https://nsearchives.nseindia.com/content/fo/BhavCopy_NSE_FO_0_0_0_20250606_F_0000.csv.zip,641e58c1d843d2624df497e952969a24043164d08cacd472d98e1db24254e4fb,1009915.0,0.0,0.0,0.0,0.0,2026-09-19T10:09:20.623080
20250609,OK,https://nsearchives.nseindia.com/content/fo/BhavCopy_NSE_FO_0_0_0_20250609_F_0000.csv.zip,4f98c19c45ae56a78f75f8cb3fad0391e8e12df4005b8a5d4f459912901cdce5,1040998.0,0.0,0.0,0.0,0.0,2026-09-19T10:09:23.378259
20250610,OK,https://nsearchives.nseindia.com/content/fo/BhavCopy_NSE_FO_0_0_0_20250610_F_0000.csv.zip,1279a2bcfc1d6a2315d3c1fce3c12111a4f3fa710408b2f6a8d82e6c01a3050c,1059530.0,0.0,0.0,0.0,0.0,2026-09-19T10:09:25.839685
20250611,OK,https://nsearchives.nseindia.com/content/fo/BhavCopy_NSE_FO_0_0_0_20250611_F_0000.csv.zip,1204a33f929c9d8b904aa85209b045e9dd24f8ffa4bbdbeb26a73df70cc71755,1077567.0,0.0,0.0,0.0,0.0,2026-09-19T10:09:27.599463
20250612,OK,https://nsearchives.nseindia.com/content/fo/BhavCopy_NSE_FO_0_0_0_20250612_F_0000.csv.zip,2e690b25b8bce44d689f6ddd2d781d4efcdfdf760a1f90a4b85d132ed16196ef,1086157.0,0.0,0.0,0.0,0.0,2026-09-19T10:09:28.877902
20250613,OK,https://nsearchives.nseindia.com/content/fo/BhavCopy_NSE_FO_0_0_0_20250613_F_0000.csv.zip,e366d09d6588cb7694058c8d0b63812d511226a6c658a6dc57c4ac324472cbb6,1095235.0,0.0,0.0,0.0,0.0,2026-09-19T10:09:30.196816
20250616,OK,https://nsearchives.nseindia.com/content/fo/BhavCopy_NSE_FO_0_0_0_20250616_F_0000.csv.zip,2392d1fd08fa385a47966edde11a542f1e4bd54059cc91b82ad3d7e4499359e6,1115587.0,0.0,0.0,0.0,0.0,2026-09-19T10:09:31.451374
20250617,OK,https://nsearchives.nseindia.com/content/fo/BhavCopy_NSE_FO_0_0_0_20250617_F_0000.csv.zip,f3a24832b36d21f4c3652aa46c1d646e38cae8dc5dd11fd556bf9c646dc486a6,1113922.0,0.0,0.0,0.0,0.0,2026-09-19T10:09:33.103595
20250618,OK,https://nsearchives.nseindia.com/content/fo/BhavCopy_NSE_FO_0_0_0_20250618_F_0000.csv.zip,7fbbd7954410575d17ca1dbb145a8d8f8fdc1f5117b55723c6f4590c430a08e6,1122521.0,0.0,0.0,0.0,0.0,2026-09-19T10:09:34.344847
20250619,OK,https://nsearchives.nseindia.com/content/fo/BhavCopy_NSE_FO_0_0_0_20250619_F_0000.csv.zip,aa48e59614428bb19f2dddecdb2dcbf9c6ace9e858b71e2614b9e7eeb36090b8,1141311.0,0.0,0.0,0.0,0.0,2026-09-19T10:09:35.580564
20250620,OK,https://nsearchives.nseindia.com/content/fo/BhavCopy_NSE_FO_0_0_0_20250620_F_0000.csv.zip,3ae6348b1f970b9676119d041e9d22a7ea806f2e6df7d6eef94dc916ddaf452d,1168264.0,0.0,0.0,0.0,0.0,2026-09-19T10:09:37.062216
20250623,OK,https://nsearchives.nseindia.com/content/fo/BhavCopy_NSE_FO_0_0_0_20250623_F_0000.csv.zip,94ed99b5db4dff171fc9784f7edca8e0ff14a670643b50af998c64d4aa431d43,1194559.0,0.0,0.0,0.0,0.0,2026-09-19T10:09:38.329674
20250624,OK,https://nsearchives.nseindia.com/content/fo/BhavCopy_NSE_FO_0_0_0_20250624_F_0000.csv.zip,c78ce1a1cbc51d168f0bab2fe30ca85b5778c469e1ff774ad34f23bf6fa455e9,1207874.0,0.0,0.0,0.0,0.0,2026-09-19T10:09:39.584118
20250625,OK,https://nsearchives.nseindia.com/content/fo/BhavCopy_NSE_FO_0_0_0_20250625_F_0000.csv.zip,e51646f317e2d640029e1fed15ddb6496c460d5caf82bb96ceffa451e28b7b7f,1208493.0,0.0,0.0,0.0,0.0,2026-09-19T10:09:40.840246
20250626,OK,https://nsearchives.nseindia.com/content/fo/BhavCopy_NSE_FO_0_0_0_20250626_F_0000.csv.zip,ceb07f070e10a7c35a4370766888dc0474a50284f330dd103e7b986e11cc4f83,1191640.0,0.0,0.0,0.0,0.0,2026-09-19T10:09:42.185757
20250627,OK,https://nsearchives.nseindia.com/content/fo/BhavCopy_NSE_FO_0_0_0_20250627_F_0000.csv.zip,7326fe8e5d851a82c91f36ea30ae10b4abbc40aeb9880c63f420105800e8a4e8,993433.0,0.0,0.0,0.0,0.0,2026-09-19T10:09:43.519399
20250630,OK,https://nsearchives.nseindia.com/content/fo/BhavCopy_NSE_FO_0_0_0_20250630_F_0000.csv.zip,ae5814ad21d853781438846459563ee98866298b0d0140450a0cb94712959001,930920.0,0.0,0.0,0.0,0.0,2026-09-19T10:09:44.697279
20250701,OK,https://nsearchives.nseindia.com/content/fo/BhavCopy_NSE_FO_0_0_0_20250701_F_0000.csv.zip,7b04d81f88d50f770847544f9a0f447bff5704d161a977e784bfb22ef72d47dd,949691.0,0.0,0.0,0.0,0.0,2026-09-19T10:09:45.949489
20250702,OK,https://nsearchives.nseindia.com/content/fo/BhavCopy_NSE_FO_0_0_0_20250702_F_0000.csv.zip,5a95bc7fe89032fa31e8173f6ddced50e526808d917562d7c1a0a4cef0e75748,964864.0,0.0,0.0,0.0,0.0,2026-09-19T10:09:47.135714
20250703,OK,https://nsearchives.nseindia.com/content/fo/BhavCopy_NSE_FO_0_0_0_20250703_F_0000.csv.zip,062199a3a8f9427b5f9e1bfe41ef4bb41a7761d58776f194763c8c0bb7e5c371,971672.0,0.0,0.0,0.0,0.0,2026-09-19T10:09:48.340496
20250704,OK,https://nsearchives.nseindia.com/content/fo/BhavCopy_NSE_FO_0_0_0_20250704_F_0000.csv.zip,0238676230f205dd3ae1d98fd5ec6774b331b4029db98dd6f9a53c347614662e,977410.0,0.0,0.0,0.0,0.0,2026-09-19T10:09:49.544373
20250707,OK,https://nsearchives.nseindia.com/content/fo/BhavCopy_NSE_FO_0_0_0_20250707_F_0000.csv.zip,0c3ba46bf1152d25a45fb403063e3a598863a326ffc985037acc78efaa270e16,983525.0,0.0,0.0,0.0,0.0,2026-09-19T10:09:51.044011
20250708,OK,https://nsearchives.nseindia.com/content/fo/BhavCopy_NSE_FO_0_0_0_20250708_F_0000.csv.zip,10e72772e36275e8be90e84abf432a242baee16dff5d6962f6a794c75b1992c9,999289.0,0.0,0.0,0.0,0.0,2026-09-19T10:09:52.221315
20250709,OK,https://nsearchives.nseindia.com/content/fo/BhavCopy_NSE_FO_0_0_0_20250709_F_0000.csv.zip,300fb5cb1218c7d38f8eeb86b0dfe79dffc9d7d698073abc7bf208761b5078d0,1009191.0,0.0,0.0,0.0,0.0,2026-09-19T10:09:53.500299
20250710,OK,https://nsearchives.nseindia.com/content/fo/BhavCopy_NSE_FO_0_0_0_20250710_F_0000.csv.zip,fd5aa6141a46fd1780297288a763c9bdd25af46c92683c32a98688ec1f441409,1015750.0,0.0,0.0,0.0,0.0,2026-09-19T10:09:54.704615
20250711,OK,https://nsearchives.nseindia.com/content/fo/BhavCopy_NSE_FO_0_0_0_20250711_F_0000.csv.zip,ca500ea078295c012761a9a831ed6ac6f29e88cba0a45f12a954ca8fc1362170,1033363.0,0.0,0.0,0.0,0.0,2026-09-19T10:09:55.993826
20250714,OK,https://nsearchives.nseindia.com/content/fo/BhavCopy_NSE_FO_0_0_0_20250714_F_0000.csv.zip,058b1d0019b992f5e989b283883ea18cb0b0b8367acd57b6d2241ce7487dc6de,1049192.0,0.0,0.0,0.0,0.0,2026-09-19T10:09:57.219880
20250715,OK,https://nsearchives.nseindia.com/content/fo/BhavCopy_NSE_FO_0_0_0_20250715_F_0000.csv.zip,c914637ae20980a8b306129043543f67c8d3bc5b0267577249ca8afa9d35debf,1054391.0,0.0,0.0,0.0,0.0,2026-09-19T10:09:59.194154
20250716,OK,https://nsearchives.nseindia.com/content/fo/BhavCopy_NSE_FO_0_0_0_20250716_F_0000.csv.zip,91058d951f7179e231dabdbfdad5939a77f89cdf9336eee155aa4f69627dbcc1,1061148.0,0.0,0.0,0.0,0.0,2026-09-19T10:10:00.470315
20250717,OK,https://nsearchives.nseindia.com/content/fo/BhavCopy_NSE_FO_0_0_0_20250717_F_0000.csv.zip,3a3b54d1402320804b2911e585fe79ee3fcefa619dab8643459e9b95927638f1,1065746.0,0.0,0.0,0.0,0.0,2026-09-19T10:10:01.703685
20250718,OK,https://nsearchives.nseindia.com/content/fo/BhavCopy_NSE_FO_0_0_0_20250718_F_0000.csv.zip,cd788cee47837f6790c0d1d197ac3ee711bb8252fc0747a55fcaef2bf47ed03d,1081062.0,0.0,0.0,0.0,0.0,2026-09-19T10:10:02.901154
20250721,OK,https://nsearchives.nseindia.com/content/fo/BhavCopy_NSE_FO_0_0_0_20250721_F_0000.csv.zip,fb73e35d1339b926ff584d70ceadee13934ff3b14a95733a4552d2e8e54a9727,1095152.0,0.0,0.0,0.0,0.0,2026-09-19T10:10:04.355757
20250722,OK,https://nsearchives.nseindia.com/content/fo/BhavCopy_NSE_FO_0_0_0_20250722_F_0000.csv.zip,877e23227280ad3db02a517f5978a2c191d8fd022bd0100882ed9f32debac65e,1102702.0,0.0,0.0,0.0,0.0,2026-09-19T10:10:05.599328
20250723,OK,https://nsearchives.nseindia.com/content/fo/BhavCopy_NSE_FO_0_0_0_20250723_F_0000.csv.zip,09c1b954a8f81cdc19c4084761aaa8fb8b2f10f2e1978af190f8985890189d36,1114921.0,0.0,0.0,0.0,0.0,2026-09-19T10:10:06.878571
20250724,OK,https://nsearchives.nseindia.com/content/fo/BhavCopy_NSE_FO_0_0_0_20250724_F_0000.csv.zip,9ea25f0690456e4973444dcb40af3bbca7d612d7605931e0a414ec5289d30757,1232219.0,0.0,0.0,0.0,0.0,2026-09-19T10:10:08.278637
20250725,OK,https://nsearchives.nseindia.com/content/fo/BhavCopy_NSE_FO_0_0_0_20250725_F_0000.csv.zip,6981ec4e5e72d0195f280262652bb796ec4a3e383ce7bf395eeff7d098b1847b,1165751.0,0.0,0.0,0.0,0.0,2026-09-19T10:10:09.791813
20250728,OK,https://nsearchives.nseindia.com/content/fo/BhavCopy_NSE_FO_0_0_0_20250728_F_0000.csv.zip,d4b1fb160ba050cf41d375a66f6077b14053214bdfde016f593734d2239d4628,1195823.0,0.0,0.0,0.0,0.0,2026-09-19T10:10:11.065310
20250729,OK,https://nsearchives.nseindia.com/content/fo/BhavCopy_NSE_FO_0_0_0_20250729_F_0000.csv.zip,0312fa0848dc6f6987ed7532d29f5b406b30467c800c0198e62b336dd357ce31,1205741.0,0.0,0.0,0.0,0.0,2026-09-19T10:10:12.268772
20250730,OK,https://nsearchives.nseindia.com/content/fo/BhavCopy_NSE_FO_0_0_0_20250730_F_0000.csv.zip,05f418de665d6ee8f0726f912a4e86a28373b69f03d255f9eddfabf548bf5fc0,1207989.0,0.0,0.0,0.0,0.0,2026-09-19T10:10:14.302797
20250731,OK,https://nsearchives.nseindia.com/content/fo/BhavCopy_NSE_FO_0_0_0_20250731_F_0000.csv.zip,309012a03cd59888dc5ec4974649800cecdd862303e3a4e0415d027d72524886,1197331.0,0.0,0.0,0.0,0.0,2026-09-19T10:10:15.621268
20250801,OK,https://nsearchives.nseindia.com/content/fo/BhavCopy_NSE_FO_0_0_0_20250801_F_0000.csv.zip,70ae7b9c6ded928713f6c0c680a86ca720d02c4eaa38b12a57fba6b67093fc73,931667.0,0.0,0.0,0.0,0.0,2026-09-19T10:10:16.833295
20250804,OK,https://nsearchives.nseindia.com/content/fo/BhavCopy_NSE_FO_0_0_0_20250804_F_0000.csv.zip,790583510184565803b655e32eb4354f844d45b4228f0e7949a8776efda36d59,882960.0,0.0,0.0,0.0,0.0,2026-09-19T10:10:18.001749
20250805,OK,https://nsearchives.nseindia.com/content/fo/BhavCopy_NSE_FO_0_0_0_20250805_F_0000.csv.zip,1966a3b416b7f9a4121ac76348ba41c040e45e8c60f952c4dd510f6f83c88baf,897345.0,0.0,0.0,0.0,0.0,2026-09-19T10:10:19.290698
20250806,OK,https://nsearchives.nseindia.com/content/fo/BhavCopy_NSE_FO_0_0_0_20250806_F_0000.csv.zip,2f775e0f4bdc2c03b7a9f5049fcbbd0c3aea155f254098a50fda22ee5af34366,914744.0,0.0,0.0,0.0,0.0,2026-09-19T10:10:20.522032
20250807,OK,https://nsearchives.nseindia.com/content/fo/BhavCopy_NSE_FO_0_0_0_20250807_F_0000.csv.zip,bc99438e2c793725eb4b2e3d68a612c644bcb21c56aa6bb46f0bc454382b7599,936469.0,0.0,0.0,0.0,0.0,2026-09-19T10:10:21.709111
20250808,OK,https://nsearchives.nseindia.com/content/fo/BhavCopy_NSE_FO_0_0_0_20250808_F_0000.csv.zip,66e7b434e8af497ca9ef5b9c9ab487d7809996028326095a50ec311760012d3d,933766.0,0.0,0.0,0.0,0.0,2026-09-19T10:10:22.936384
20250811,OK,https://nsearchives.nseindia.com/content/fo/BhavCopy_NSE_FO_0_0_0_20250811_F_0000.csv.zip,6b4404fdc3e07d325c67600713414a3ba5b872c25aaec966c0c651ebd5e237ce,960759.0,0.0,0.0,0.0,0.0,2026-09-19T10:10:24.232647
20250812,OK,https://nsearchives.nseindia.com/content/fo/BhavCopy_NSE_FO_0_0_0_20250812_F_0000.csv.zip,3262c8e2340c7825872aa7c286615c6c8e0ae69cb6d878e2199611c3709ec124,964780.0,0.0,0.0,0.0,0.0,2026-09-19T10:10:25.662034
20250813,OK,https://nsearchives.nseindia.com/content/fo/BhavCopy_NSE_FO_0_0_0_20250813_F_0000.csv.zip,a9531c1ebc337e2ca290a33627952807eacf67e2ad32a6bd4f91945f083872f5,978578.0,0.0,0.0,0.0,0.0,2026-09-19T10:10:26.930443
20250814,OK,https://nsearchives.nseindia.com/content/fo/BhavCopy_NSE_FO_0_0_0_20250814_F_0000.csv.zip,eef780bede31112563f85a3d4616b0fe1c35ae77e7001dda7e336c6c7bd69c3e,980656.0,0.0,0.0,0.0,0.0,2026-09-19T10:10:28.146366
20250818,OK,https://nsearchives.nseindia.com/content/fo/BhavCopy_NSE_FO_0_0_0_20250818_F_0000.csv.zip,aa7f35d06edf08931ff827fd3193138fe5dec9ee61ee1e49cbf53762f305b3f9,1022610.0,0.0,0.0,0.0,0.0,2026-09-19T10:10:29.516153
20250819,OK,https://nsearchives.nseindia.com/content/fo/BhavCopy_NSE_FO_0_0_0_20250819_F_0000.csv.zip,1726c5ead648d842c68c1ccf8e1f830f5ee0ae0fa924a24229d355cabaf734d1,1022878.0,0.0,0.0,0.0,0.0,2026-09-19T10:10:30.713140
20250820,OK,https://nsearchives.nseindia.com/content/fo/BhavCopy_NSE_FO_0_0_0_20250820_F_0000.csv.zip,f19cff001a130566efcba499fe0c98ec99e024e14fd9d7dbcbbdc60faec1d3ba,1041917.0,0.0,0.0,0.0,0.0,2026-09-19T10:10:31.864140
20250821,OK,https://nsearchives.nseindia.com/content/fo/BhavCopy_NSE_FO_0_0_0_20250821_F_0000.csv.zip,4478bd6082b0d081c30c9bb0b30900753d929d630f1771487828f94a1bcabbdc,1053873.0,0.0,0.0,0.0,0.0,2026-09-19T10:10:33.090908
20250822,OK,https://nsearchives.nseindia.com/content/fo/BhavCopy_NSE_FO_0_0_0_20250822_F_0000.csv.zip,f0285bede995b36a91e2537bc96fde3c8e2e85db15f4302fc43b25815eea9718,1066237.0,0.0,0.0,0.0,0.0,2026-09-19T10:10:34.264816
20250825,OK,https://nsearchives.nseindia.com/content/fo/BhavCopy_NSE_FO_0_0_0_20250825_F_0000.csv.zip,00987d9617505a112947387a1991df543ba715d4b125e33fb304b831dc26fefe,1086209.0,0.0,0.0,0.0,0.0,2026-09-19T10:10:35.930609
20250826,OK,https://nsearchives.nseindia.com/content/fo/BhavCopy_NSE_FO_0_0_0_20250826_F_0000.csv.zip,1cd16f5944add0affb0e34e20617b488ff06177dded9e39fe082a9b98e669926,1110840.0,0.0,0.0,0.0,0.0,2026-09-19T10:10:37.472756
20250828,OK,https://nsearchives.nseindia.com/content/fo/BhavCopy_NSE_FO_0_0_0_20250828_F_0000.csv.zip,21cd1266d8c3852415c0c2fbdac2b3fb6221ff4d5bb3a08782f3deb4286b3fc0,1099541.0,0.0,0.0,0.0,0.0,2026-09-19T10:10:38.788047
20250829,OK,https://nsearchives.nseindia.com/content/fo/BhavCopy_NSE_FO_0_0_0_20250829_F_0000.csv.zip,b2f0197c34b2abd3b9bbdfaa1bc5f6f58ad92fb518a00819c94beffc8e3e142d,880432.0,0.0,0.0,0.0,0.0,2026-09-19T10:10:39.983513
20250901,OK,https://nsearchives.nseindia.com/content/fo/BhavCopy_NSE_FO_0_0_0_20250901_F_0000.csv.zip,bb58bcca3f13077400910a5f326f82fcf36951f0787d05ea9d257a0de18ec0a3,828139.0,0.0,0.0,0.0,0.0,2026-09-19T10:10:41.257031
20250902,OK,https://nsearchives.nseindia.com/content/fo/BhavCopy_NSE_FO_0_0_0_20250902_F_0000.csv.zip,3f1540f30aa83252ad9d8edaf63ba19f1045470b21910007be1ff8d0bda9fb9f,861966.0,0.0,0.0,0.0,0.0,2026-09-19T10:10:42.541447
20250903,OK,https://nsearchives.nseindia.com/content/fo/BhavCopy_NSE_FO_0_0_0_20250903_F_0000.csv.zip,20d37df54189cc1ef877548f39aec9564a2d1515f52ccd2f1c707733a1eb4f4c,863653.0,0.0,0.0,0.0,0.0,2026-09-19T10:10:44.104653
20250904,OK,https://nsearchives.nseindia.com/content/fo/BhavCopy_NSE_FO_0_0_0_20250904_F_0000.csv.zip,e0cf9c5f25373a2854c6a22aa6f2e99d8aea2fd80285158d7a88380eb1ac7389,888731.0,0.0,0.0,0.0,0.0,2026-09-19T10:10:45.684683
20250905,OK,https://nsearchives.nseindia.com/content/fo/BhavCopy_NSE_FO_0_0_0_20250905_F_0000.csv.zip,253fe54dbe21e7be164159a99d42816f012656aaae244d62631ab804bf94918a,891768.0,0.0,0.0,0.0,0.0,2026-09-19T10:10:47.038381
20250908,OK,https://nsearchives.nseindia.com/content/fo/BhavCopy_NSE_FO_0_0_0_20250908_F_0000.csv.zip,7aa1cd264f69bf7d7555c6326f8730df24ab6cf0deb6fc266e38f97f7815ee86,903311.0,0.0,0.0,0.0,0.0,2026-09-19T10:10:48.234124
20250909,OK,https://nsearchives.nseindia.com/content/fo/BhavCopy_NSE_FO_0_0_0_20250909_F_0000.csv.zip,ce72758496a4ffe8a151718dd16b3728fa76263c737c59bdec15515581aaf2f8,908830.0,0.0,0.0,0.0,0.0,2026-09-19T10:10:49.378587
20250910,OK,https://nsearchives.nseindia.com/content/fo/BhavCopy_NSE_FO_0_0_0_20250910_F_0000.csv.zip,96016ff4ea8d3ff669b8691faa8eef83c3895e94f818c0aab2a207a4f6d64f85,929117.0,0.0,0.0,0.0,0.0,2026-09-19T10:10:50.705089
20250911,OK,https://nsearchives.nseindia.com/content/fo/BhavCopy_NSE_FO_0_0_0_20250911_F_0000.csv.zip,7c99f9df7787f68641e3dbb8f468708bcf37c10dc73ac9fa16c01aac30f65705,931999.0,0.0,0.0,0.0,0.0,2026-09-19T10:10:51.892658
20250912,OK,https://nsearchives.nseindia.com/content/fo/BhavCopy_NSE_FO_0_0_0_20250912_F_0000.csv.zip,569004cd71af3c0f2bda297e8e759dd0c75cb59e46c6f3ae04a481c7469b5bd8,942686.0,0.0,0.0,0.0,0.0,2026-09-19T10:10:53.370598
20250915,OK,https://nsearchives.nseindia.com/content/fo/BhavCopy_NSE_FO_0_0_0_20250915_F_0000.csv.zip,4be587b04c63f3bcf5445ecf29cf35f054f9fe206d48a7b6d556971f38cabd19,952486.0,0.0,0.0,0.0,0.0,2026-09-19T10:10:54.635229
20250916,OK,https://nsearchives.nseindia.com/content/fo/BhavCopy_NSE_FO_0_0_0_20250916_F_0000.csv.zip,b6aa26956f32ed6122abde7be56296c71af06461e2fec90c89e2a93c760ffbd8,967992.0,0.0,0.0,0.0,0.0,2026-09-19T10:10:55.843508
20250917,OK,https://nsearchives.nseindia.com/content/fo/BhavCopy_NSE_FO_0_0_0_20250917_F_0000.csv.zip,6582a07c79764c15e94c5e5043e3b040c43487e034e2bad6eb7d9ded1ec779aa,983817.0,0.0,0.0,0.0,0.0,2026-09-19T10:10:57.132912
20250918,OK,https://nsearchives.nseindia.com/content/fo/BhavCopy_NSE_FO_0_0_0_20250918_F_0000.csv.zip,9f8b48fb8e5c55e3649477d76cb0ac2de9bc069a61152264840f9170b12c1707,993138.0,0.0,0.0,0.0,0.0,2026-09-19T10:10:58.385100
20250919,OK,https://nsearchives.nseindia.com/content/fo/BhavCopy_NSE_FO_0_0_0_20250919_F_0000.csv.zip,ae21a1d76a52901058710c7076d67908445dcd278e057d7ef5f94a9c097b4389,1003730.0,0.0,0.0,0.0,0.0,2026-09-19T10:11:02.033416
20250922,OK,https://nsearchives.nseindia.com/content/fo/BhavCopy_NSE_FO_0_0_0_20250922_F_0000.csv.zip,a5588994e18fcb436d26c00ba6f6673b5beb079949b7249fada35826b6509048,1035402.0,0.0,0.0,0.0,0.0,2026-09-19T10:11:03.268237
20250923,OK,https://nsearchives.nseindia.com/content/fo/BhavCopy_NSE_FO_0_0_0_20250923_F_0000.csv.zip,1acf342568f9cdfee07820a59116a8b38e07a30a2027698851181188e2197b9d,1046428.0,0.0,0.0,0.0,0.0,2026-09-19T10:11:04.736043
20250924,OK,https://nsearchives.nseindia.com/content/fo/BhavCopy_NSE_FO_0_0_0_20250924_F_0000.csv.zip,b782a2b353aeb902b0f5be294833a495f53a03a9ca0c8b703bd0d8065a865a5b,1057482.0,0.0,0.0,0.0,0.0,2026-09-19T10:11:06.087250
20250925,OK,https://nsearchives.nseindia.com/content/fo/BhavCopy_NSE_FO_0_0_0_20250925_F_0000.csv.zip,73052b47945172a3a691744d37b877c6067b7f5c875c606942291c398316a733,1064416.0,0.0,0.0,0.0,0.0,2026-09-19T10:11:07.648216
20250926,OK,https://nsearchives.nseindia.com/content/fo/BhavCopy_NSE_FO_0_0_0_20250926_F_0000.csv.zip,c9287834be2f92a523b8bcb1b56fab3e003f185b86c3ec688207d484d0eb3594,1098851.0,0.0,0.0,0.0,0.0,2026-09-19T10:11:09.132966
20250929,OK,https://nsearchives.nseindia.com/content/fo/BhavCopy_NSE_FO_0_0_0_20250929_F_0000.csv.zip,e4271038fdebe97b00a1c0b839f8e24bb0fc694f4f8625834072c4fe7b07339f,1110145.0,0.0,0.0,0.0,0.0,2026-09-19T10:11:10.730690
20250930,OK,https://nsearchives.nseindia.com/content/fo/BhavCopy_NSE_FO_0_0_0_20250930_F_0000.csv.zip,fe30a48a4c95afda67383654ea1b9e3fb0aed466a2b9cbe0688eeb68e57d8119,1096363.0,0.0,0.0,0.0,0.0,2026-09-19T10:11:12.128770
20251001,OK,https://nsearchives.nseindia.com/content/fo/BhavCopy_NSE_FO_0_0_0_20251001_F_0000.csv.zip,1246b202fd462e3f45d24733e240c3f924aaadfb889e5ed6f383607fa8d41f1c,1019940.0,0.0,0.0,0.0,0.0,2026-09-19T10:11:13.298930
20251003,OK,https://nsearchives.nseindia.com/content/fo/BhavCopy_NSE_FO_0_0_0_20251003_F_0000.csv.zip,fb71ed06647c7d2f9ebe36bcc3e76c7cf6d145fddf5a4072b4247a48816af9f6,975855.0,0.0,0.0,0.0,0.0,2026-09-19T10:11:14.438465
20251006,OK,https://nsearchives.nseindia.com/content/fo/BhavCopy_NSE_FO_0_0_0_20251006_F_0000.csv.zip,fc9b201cad915c32ff5b9a83345ac73e0db8c95e48356c330c46921d73d6d00d,1003156.0,0.0,0.0,0.0,0.0,2026-09-19T10:11:16.047100
20251007,OK,https://nsearchives.nseindia.com/content/fo/BhavCopy_NSE_FO_0_0_0_20251007_F_0000.csv.zip,c78039f4858b2af109b4dba075cc91b901db51c119cac7af348a5b9f0b2a3124,1028638.0,0.0,0.0,0.0,0.0,2026-09-19T10:11:17.577923
20251008,OK,https://nsearchives.nseindia.com/content/fo/BhavCopy_NSE_FO_0_0_0_20251008_F_0000.csv.zip,1f7b50773e2d56f97c1ab9c372784b7100e9619c9b0cadfff822f2337e89d271,1039786.0,0.0,0.0,0.0,0.0,2026-09-19T10:11:18.951838
20251009,OK,https://nsearchives.nseindia.com/content/fo/BhavCopy_NSE_FO_0_0_0_20251009_F_0000.csv.zip,29273622b8d4c00b5b7b1b035ca7d8f86934f4c5a7c833aefa67e05538334442,1050803.0,0.0,0.0,0.0,0.0,2026-09-19T10:11:20.276399
20251010,OK,https://nsearchives.nseindia.com/content/fo/BhavCopy_NSE_FO_0_0_0_20251010_F_0000.csv.zip,10d26189620b6bb16b6cf0856ec5641295d398fded6a1333b5e4231b0bebfcf4,1069558.0,0.0,0.0,0.0,0.0,2026-09-19T10:11:21.579018
20251013,OK,https://nsearchives.nseindia.com/content/fo/BhavCopy_NSE_FO_0_0_0_20251013_F_0000.csv.zip,c35fbd6f84e2c183e1cfc05ac22d941cc3dd9e45c41db039cdb17706f8b1a0dd,1064539.0,0.0,0.0,0.0,0.0,2026-09-19T10:11:22.863535
20251014,OK,https://nsearchives.nseindia.com/content/fo/BhavCopy_NSE_FO_0_0_0_20251014_F_0000.csv.zip,62e42b0b9623d9846cdf92d3c863ac992c1c3a02dfbb8bfddb5ddf2b89da736f,1080981.0,0.0,0.0,0.0,0.0,2026-09-19T10:11:24.106927
20251015,OK,https://nsearchives.nseindia.com/content/fo/BhavCopy_NSE_FO_0_0_0_20251015_F_0000.csv.zip,1793961edfd7ecd9fed005ee4ad95fd036714987af34b518335b11641b1521a3,1093050.0,0.0,0.0,0.0,0.0,2026-09-19T10:11:25.366964
20251016,OK,https://nsearchives.nseindia.com/content/fo/BhavCopy_NSE_FO_0_0_0_20251016_F_0000.csv.zip,2ed5f73851129b6877b090ba636f24ea8b99f8ffd87b60869b29e6f9dcd64f19,1119161.0,0.0,0.0,0.0,0.0,2026-09-19T10:11:26.663590
20251017,OK,https://nsearchives.nseindia.com/content/fo/BhavCopy_NSE_FO_0_0_0_20251017_F_0000.csv.zip,c388d7bd90c904c79bcdbf81180bc96cf9cc841b1045f70a70e576a396f72d18,1152606.0,0.0,0.0,0.0,0.0,2026-09-19T10:11:28.048009
20251020,OK,https://nsearchives.nseindia.com/content/fo/BhavCopy_NSE_FO_0_0_0_20251020_F_0000.csv.zip,2d58fd0a9862645210f58c35d604daef4f56e638149741077996f0de07e4c1ba,1171970.0,0.0,0.0,0.0,0.0,2026-09-19T10:11:29.331592
20251021,OK,https://nsearchives.nseindia.com/content/fo/BhavCopy_NSE_FO_0_0_0_20251021_F_0000.csv.zip,c76fef276dfd53ec645f56d75b5a6f6eb2120cefdfd85192b0f20e549c9eeac9,1050303.0,0.0,0.0,0.0,0.0,2026-09-19T10:11:30.562787
20251023,OK,https://nsearchives.nseindia.com/content/fo/BhavCopy_NSE_FO_0_0_0_20251023_F_0000.csv.zip,b8e4757d7d4ae3cf5157298e00a8b041022509d682773453aa08ce3154620925,1209085.0,0.0,0.0,0.0,0.0,2026-09-19T10:11:31.851610
20251024,OK,https://nsearchives.nseindia.com/content/fo/BhavCopy_NSE_FO_0_0_0_20251024_F_0000.csv.zip,32181ffb2a468ca2c2632bd7afac1722357fa220acd91a111a8d3bcc590343d1,1223443.0,0.0,0.0,0.0,0.0,2026-09-19T10:11:33.185164
20251027,OK,https://nsearchives.nseindia.com/content/fo/BhavCopy_NSE_FO_0_0_0_20251027_F_0000.csv.zip,ae3750b4e3f172809ee2672663461db253d3c1e2ed63e3bf0eb51436943d9550,1233829.0,0.0,0.0,0.0,0.0,2026-09-19T10:11:34.481836
20251028,OK,https://nsearchives.nseindia.com/content/fo/BhavCopy_NSE_FO_0_0_0_20251028_F_0000.csv.zip,a955e6a6e4d2a3c656f60fd98d4403013b230d9a0852a630e05dbfeb38f1d675,1214719.0,0.0,0.0,0.0,0.0,2026-09-19T10:11:35.961404
20251029,OK,https://nsearchives.nseindia.com/content/fo/BhavCopy_NSE_FO_0_0_0_20251029_F_0000.csv.zip,79afa594672d1e4e1d5c2793cc953f45afd1cd0e4c78592b0067551ffbe98b33,1021758.0,0.0,0.0,0.0,0.0,2026-09-19T10:11:37.179409
20251030,OK,https://nsearchives.nseindia.com/content/fo/BhavCopy_NSE_FO_0_0_0_20251030_F_0000.csv.zip,cbdc3beb3575cf53ee2e71215f69420272112673bd50f1dc1541f80859d948ad,975523.0,0.0,0.0,0.0,0.0,2026-09-19T10:11:38.833363
20251031,OK,https://nsearchives.nseindia.com/content/fo/BhavCopy_NSE_FO_0_0_0_20251031_F_0000.csv.zip,5f02acaeaad3f0d4b02050e76de9232332713c251e945291f035d33b88888b44,999896.0,0.0,0.0,0.0,0.0,2026-09-19T10:11:40.371815
20251103,OK,https://nsearchives.nseindia.com/content/fo/BhavCopy_NSE_FO_0_0_0_20251103_F_0000.csv.zip,a0ebbb7167c56e7e0b71fbb48d7413fe5465b6e71e0fc501c762b5dc40d236e7,1023252.0,0.0,0.0,0.0,0.0,2026-09-19T10:11:42.231932
20251104,OK,https://nsearchives.nseindia.com/content/fo/BhavCopy_NSE_FO_0_0_0_20251104_F_0000.csv.zip,ff0567db34a5556a855c512abba6f8ecdb1c87100334325a521706c841f715d7,1037088.0,0.0,0.0,0.0,0.0,2026-09-19T10:11:44.007539
20251106,OK,https://nsearchives.nseindia.com/content/fo/BhavCopy_NSE_FO_0_0_0_20251106_F_0000.csv.zip,333677c52e7f6b55b6c45033b72ba97d768ec4a32cb1a82d2f4f1731103e683c,1068974.0,0.0,0.0,0.0,0.0,2026-09-19T10:11:45.511163
20251107,OK,https://nsearchives.nseindia.com/content/fo/BhavCopy_NSE_FO_0_0_0_20251107_F_0000.csv.zip,29c0ccf098354dcad704861b60bb3fb92d911ff980745d95c2f5ebec9c139b4e,1100388.0,0.0,0.0,0.0,0.0,2026-09-19T10:11:47.702635
20251110,OK,https://nsearchives.nseindia.com/content/fo/BhavCopy_NSE_FO_0_0_0_20251110_F_0000.csv.zip,52e0f3a88af3be2282eee4bc11f24fd86de6b99cb60cc369b714f6e1b64f0bcc,1116510.0,0.0,0.0,0.0,0.0,2026-09-19T10:11:49.598578
20251111,OK,https://nsearchives.nseindia.com/content/fo/BhavCopy_NSE_FO_0_0_0_20251111_F_0000.csv.zip,e90a2510be486e3df4896438af1c4aaa2f08985a1c667e952eea254b16b7f4e9,1132785.0,0.0,0.0,0.0,0.0,2026-09-19T10:11:51.232503
20251112,OK,https://nsearchives.nseindia.com/content/fo/BhavCopy_NSE_FO_0_0_0_20251112_F_0000.csv.zip,711ff2fe3692f27970720f0de7de0de1be6bb58100e3ed3a556e76c712ef7012,1155535.0,0.0,0.0,0.0,0.0,2026-09-19T10:11:53.658018
20251113,OK,https://nsearchives.nseindia.com/content/fo/BhavCopy_NSE_FO_0_0_0_20251113_F_0000.csv.zip,1e10318ae2eb0a7fdb06b1fd97cfcb33ffd326c053511d248c917b6c53d2e7b4,1164983.0,0.0,0.0,0.0,0.0,2026-09-19T10:11:55.107226
20251114,OK,https://nsearchives.nseindia.com/content/fo/BhavCopy_NSE_FO_0_0_0_20251114_F_0000.csv.zip,1aae20bbe4fc0c945e841b193b84c237bf7707572eef06c7ff8568cdd62a3a6e,1178270.0,0.0,0.0,0.0,0.0,2026-09-19T10:11:56.472235
20251117,OK,https://nsearchives.nseindia.com/content/fo/BhavCopy_NSE_FO_0_0_0_20251117_F_0000.csv.zip,3fcbe3c660ca4d06bdce89be2d74e2c7283f4aea610af316378bb93ad147668d,1202970.0,0.0,0.0,0.0,0.0,2026-09-19T10:12:00.736255
20251118,OK,https://nsearchives.nseindia.com/content/fo/BhavCopy_NSE_FO_0_0_0_20251118_F_0000.csv.zip,ab5788a58bfe13a4999e2c1a0a4ec9d56a6ddd197b6fb6b253e63d4b4e7da5e5,1229529.0,0.0,0.0,0.0,0.0,2026-09-19T10:12:02.326848
20251119,OK,https://nsearchives.nseindia.com/content/fo/BhavCopy_NSE_FO_0_0_0_20251119_F_0000.csv.zip,030f9bd458de385a017459d48c384d3f2d808b4613ed84541f19983d0ccf8af4,1256117.0,0.0,0.0,0.0,0.0,2026-09-19T10:12:04.112842
20251120,OK,https://nsearchives.nseindia.com/content/fo/BhavCopy_NSE_FO_0_0_0_20251120_F_0000.csv.zip,e1a2a53922b80ed1929702daa84d7b2beeaf542916406cc30eb0e6f4807df561,1272714.0,0.0,0.0,0.0,0.0,2026-09-19T10:12:06.020401
20251121,OK,https://nsearchives.nseindia.com/content/fo/BhavCopy_NSE_FO_0_0_0_20251121_F_0000.csv.zip,46c0b28cf5cea3fbbdc360e6a78e0d1e5b0d62d753b2962142c6632feccf1351,1281657.0,0.0,0.0,0.0,0.0,2026-09-19T10:12:07.493492
20251124,OK,https://nsearchives.nseindia.com/content/fo/BhavCopy_NSE_FO_0_0_0_20251124_F_0000.csv.zip,fae5091f7ec9fcb01909dc40dfcde6b00e75adcd4cf91f11ad15bfd128b3a995,1290345.0,0.0,0.0,0.0,0.0,2026-09-19T10:12:09.061467
20251125,OK,https://nsearchives.nseindia.com/content/fo/BhavCopy_NSE_FO_0_0_0_20251125_F_0000.csv.zip,8d52569433a0436db08f8f76e7a6e040a1913b6f66480cfa9d725dffe57f6888,1270706.0,0.0,0.0,0.0,0.0,2026-09-19T10:12:10.691280
20251126,OK,https://nsearchives.nseindia.com/content/fo/BhavCopy_NSE_FO_0_0_0_20251126_F_0000.csv.zip,80e47f6a005a2d8d81d23d3de74d924115d8701a30f3eb4dbbb5e281c2d6fb31,1029155.0,0.0,0.0,0.0,0.0,2026-09-19T10:12:12.109233
20251127,OK,https://nsearchives.nseindia.com/content/fo/BhavCopy_NSE_FO_0_0_0_20251127_F_0000.csv.zip,80823ce40c3c9772d46c821e95fefaff371115f2f01535a4757dec1d2f525fa5,979842.0,0.0,0.0,0.0,0.0,2026-09-19T10:12:13.464928
20251128,OK,https://nsearchives.nseindia.com/content/fo/BhavCopy_NSE_FO_0_0_0_20251128_F_0000.csv.zip,7e501e3d32dde33c00ae953395361c49fb12f9cc3e428bfe123645676a4cac57,987864.0,0.0,0.0,0.0,0.0,2026-09-19T10:12:15.119833
20251201,OK,https://nsearchives.nseindia.com/content/fo/BhavCopy_NSE_FO_0_0_0_20251201_F_0000.csv.zip,28021546be601babc7be39f0a07d960ae3354dd8377e6aac8a00a216280c971f,1000710.0,0.0,0.0,0.0,0.0,2026-09-19T10:12:17.072048
20251202,OK,https://nsearchives.nseindia.com/content/fo/BhavCopy_NSE_FO_0_0_0_20251202_F_0000.csv.zip,369018a08a98e0fa58ee13156cf97fadcccffa501e06ad9013d5d1bc3c096e96,1010646.0,0.0,0.0,0.0,0.0,2026-09-19T10:12:18.987951
20251203,OK,https://nsearchives.nseindia.com/content/fo/BhavCopy_NSE_FO_0_0_0_20251203_F_0000.csv.zip,184fb37848ba3f2ac90c2a7fb196c4434547ae069c966084d95b0396ba5b2054,1031480.0,0.0,0.0,0.0,0.0,2026-09-19T10:12:20.611866
20251204,OK,https://nsearchives.nseindia.com/content/fo/BhavCopy_NSE_FO_0_0_0_20251204_F_0000.csv.zip,97604da58ea7431bd0149c8fe4e5a03458ef70d432918075f0c88d500fa8455b,1045157.0,0.0,0.0,0.0,0.0,2026-09-19T10:12:22.215112
20251205,OK,https://nsearchives.nseindia.com/content/fo/BhavCopy_NSE_FO_0_0_0_20251205_F_0000.csv.zip,ea0904ec07996bd80b3b10872dc9f4851827964d775cdee823e4ce8452b57b6a,1055834.0,0.0,0.0,0.0,0.0,2026-09-19T10:12:24.509848
20251208,OK,https://nsearchives.nseindia.com/content/fo/BhavCopy_NSE_FO_0_0_0_20251208_F_0000.csv.zip,91cb5e0685375bc532e5122e41c4b39714e44e415c338d2e9786d36283f0d667,1086229.0,0.0,0.0,0.0,0.0,2026-09-19T10:12:26.281589
20251209,OK,https://nsearchives.nseindia.com/content/fo/BhavCopy_NSE_FO_0_0_0_20251209_F_0000.csv.zip,6be8f29ff720cc3a7f471c0d395e46e118476e5af4f3ae270e45177bb7670289,1098467.0,0.0,0.0,0.0,0.0,2026-09-19T10:12:27.619434
20251210,OK,https://nsearchives.nseindia.com/content/fo/BhavCopy_NSE_FO_0_0_0_20251210_F_0000.csv.zip,f61543aaf76728eeee4e23a59c7b32afbeb799b41ba05f58d6865e03ec206f22,1091360.0,0.0,0.0,0.0,0.0,2026-09-19T10:12:29.009948
20251211,OK,https://nsearchives.nseindia.com/content/fo/BhavCopy_NSE_FO_0_0_0_20251211_F_0000.csv.zip,5fda19c3fd193e6e9d6f780c0fb7ef4935e17b8124521be1ce8c45a7a6ccd975,1101567.0,0.0,0.0,0.0,0.0,2026-09-19T10:12:30.351121
20251212,OK,https://nsearchives.nseindia.com/content/fo/BhavCopy_NSE_FO_0_0_0_20251212_F_0000.csv.zip,c19b9ef15d54cd6f9b4a3d51d46d76221d51b57519531c74008c77a15b0276fc,1110940.0,0.0,0.0,0.0,0.0,2026-09-19T10:12:31.780455
20251215,OK,https://nsearchives.nseindia.com/content/fo/BhavCopy_NSE_FO_0_0_0_20251215_F_0000.csv.zip,be2395531f508378c122b52126ea084bd4057fe8b07a782961d0a8ca0e6090a3,1115106.0,0.0,0.0,0.0,0.0,2026-09-19T10:12:33.128081
20251216,OK,https://nsearchives.nseindia.com/content/fo/BhavCopy_NSE_FO_0_0_0_20251216_F_0000.csv.zip,2bf983b02f2271ba25af3b8d22ebc2826497a8cf7bfc10124de3ea0d0bb59b63,1121556.0,0.0,0.0,0.0,0.0,2026-09-19T10:12:34.445730
20251217,OK,https://nsearchives.nseindia.com/content/fo/BhavCopy_NSE_FO_0_0_0_20251217_F_0000.csv.zip,bd0ae8d1d4367b30a1e8434cdfb44de89ef8b220bde0e491086ace21643fb3c7,1128440.0,0.0,0.0,0.0,0.0,2026-09-19T10:12:35.831058
20251218,OK,https://nsearchives.nseindia.com/content/fo/BhavCopy_NSE_FO_0_0_0_20251218_F_0000.csv.zip,ec29998fce2a39e3cdc69a0142d18e2ec84008d7677640ef95ace582bb0084da,1151054.0,0.0,0.0,0.0,0.0,2026-09-19T10:12:37.347605
20251219,OK,https://nsearchives.nseindia.com/content/fo/BhavCopy_NSE_FO_0_0_0_20251219_F_0000.csv.zip,5256988ff78c1f5a0ef0d016d1a637bf0f4ba38fe64b4158a68c398614e75c47,1171708.0,0.0,0.0,0.0,0.0,2026-09-19T10:12:38.744696
20251222,OK,https://nsearchives.nseindia.com/content/fo/BhavCopy_NSE_FO_0_0_0_20251222_F_0000.csv.zip,72dc4647feb66fc1f36df1d1fdbfcb14c14c4e93d67add4a7b1e3455686ff1c2,1200982.0,0.0,0.0,0.0,0.0,2026-09-19T10:12:40.350975
20251223,OK,https://nsearchives.nseindia.com/content/fo/BhavCopy_NSE_FO_0_0_0_20251223_F_0000.csv.zip,4a2744cef97899f1386c87c2aec1aaa9b8d8477251fd2fed51586586f5462b3d,1216501.0,0.0,0.0,0.0,0.0,2026-09-19T10:12:41.892549
20251224,OK,https://nsearchives.nseindia.com/content/fo/BhavCopy_NSE_FO_0_0_0_20251224_F_0000.csv.zip,4dd53026d302b7263a44f9a565e1b03326c744277c8148b805cf606bb31f0c24,1232768.0,0.0,0.0,0.0,0.0,2026-09-19T10:12:43.396762
20251226,OK,https://nsearchives.nseindia.com/content/fo/BhavCopy_NSE_FO_0_0_0_20251226_F_0000.csv.zip,3ed9d1f649d02881c1d7a456d1fe4108642e5d4badf6851f12234fece692d0ae,1249417.0,0.0,0.0,0.0,0.0,2026-09-19T10:12:45.194905
20251229,OK,https://nsearchives.nseindia.com/content/fo/BhavCopy_NSE_FO_0_0_0_20251229_F_0000.csv.zip,b7f961f3b2d2228060803b3e40739c2b5b8b72c5c64c5cc29f2699c996294af5,1267825.0,0.0,0.0,0.0,0.0,2026-09-19T10:12:46.718227
20251230,OK,https://nsearchives.nseindia.com/content/fo/BhavCopy_NSE_FO_0_0_0_20251230_F_0000.csv.zip,4bd66e769ba172b7ce8aa4a40eb61751a16be08ff6c7cff717729e9de4552ab4,1248990.0,0.0,0.0,0.0,0.0,2026-09-19T10:12:48.216181
20251231,OK,https://nsearchives.nseindia.com/content/fo/BhavCopy_NSE_FO_0_0_0_20251231_F_0000.csv.zip,b2c16a1294b0cb3450a70f257d0dcedde1a3fa48a95465d126d06d96b4ad80fe,1094173.0,0.0,0.0,0.0,0.0,2026-09-19T10:12:49.608207
20260101,OK,https://nsearchives.nseindia.com/content/fo/BhavCopy_NSE_FO_0_0_0_20260101_F_0000.csv.zip,0a54871cd7e7316d0b6b237fe1aac15bf8567a506bab34d38711a8b9995941e1,1044338.0,0.0,0.0,0.0,0.0,2026-09-19T10:12:51.203564
20260102,OK,https://nsearchives.nseindia.com/content/fo/BhavCopy_NSE_FO_0_0_0_20260102_F_0000.csv.zip,44cae8644e138492161fedb1ec12306ab61e34a30e539d97cdb0179c00498861,1102123.0,0.0,0.0,0.0,0.0,2026-09-19T10:12:52.743731
20260105,OK,https://nsearchives.nseindia.com/content/fo/BhavCopy_NSE_FO_0_0_0_20260105_F_0000.csv.zip,6c99a6bc8573d69bd94d74540bb29d9bf5a6b91e8271574d79f83bbd2b1d7bee,1142534.0,0.0,0.0,0.0,0.0,2026-09-19T10:12:54.139535
20260106,OK,https://nsearchives.nseindia.com/content/fo/BhavCopy_NSE_FO_0_0_0_20260106_F_0000.csv.zip,a187afd89760de524823ade4ecf865dfb2f2e64006f24d1562721fcdde5a79f3,1161784.0,0.0,0.0,0.0,0.0,2026-09-19T10:12:55.506729
20260107,OK,https://nsearchives.nseindia.com/content/fo/BhavCopy_NSE_FO_0_0_0_20260107_F_0000.csv.zip,27db26aff59cb2b74b0693ed79c6baf4315f195834a9f48544c05b0b496bca67,1186613.0,0.0,0.0,0.0,0.0,2026-09-19T10:12:57.010920
20260108,OK,https://nsearchives.nseindia.com/content/fo/BhavCopy_NSE_FO_0_0_0_20260108_F_0000.csv.zip,f24237d5d30eef370bc9e788eabe3a721a85cb33d13684007994fc644480677f,1218504.0,0.0,0.0,0.0,0.0,2026-09-19T10:12:58.790525
20260109,OK,https://nsearchives.nseindia.com/content/fo/BhavCopy_NSE_FO_0_0_0_20260109_F_0000.csv.zip,ce94b02fb6c7ff2c0567083b9fc16097f18e9a40cebc4a8c7335f736dbf9a91c,1241869.0,0.0,0.0,0.0,0.0,2026-09-19T10:13:00.491739
20260112,OK,https://nsearchives.nseindia.com/content/fo/BhavCopy_NSE_FO_0_0_0_20260112_F_0000.csv.zip,9010bd24a274b72d049acbdfb3fb799261817164ab180821e74ee75d76296197,1262845.0,0.0,0.0,0.0,0.0,2026-09-19T10:13:01.931590
20260113,OK,https://nsearchives.nseindia.com/content/fo/BhavCopy_NSE_FO_0_0_0_20260113_F_0000.csv.zip,8d2adb1fde242fd1c11be5a3592119f9c61aa580661661469ed56bbfd1e1db44,1256430.0,0.0,0.0,0.0,0.0,2026-09-19T10:13:03.514616
20260114,OK,https://nsearchives.nseindia.com/content/fo/BhavCopy_NSE_FO_0_0_0_20260114_F_0000.csv.zip,f6406b7a67cf727a17878545dde7f19fea3bb365e283b2ad29776b2570376d77,1280726.0,0.0,0.0,0.0,0.0,2026-09-19T10:13:05.105709
20260116,OK,https://nsearchives.nseindia.com/content/fo/BhavCopy_NSE_FO_0_0_0_20260116_F_0000.csv.zip,09c247fcf9a94ce147b29a5b0bc59ed9ec9cf3c54917e4f6c34097cfcf5d3aae,1322315.0,0.0,0.0,0.0,0.0,2026-09-19T10:13:06.653263
20260119,OK,https://nsearchives.nseindia.com/content/fo/BhavCopy_NSE_FO_0_0_0_20260119_F_0000.csv.zip,434eea9af9be9f58625e4fe75fc60159016c81e55e55862aad977be9c6cd4e70,1353180.0,0.0,0.0,0.0,0.0,2026-09-19T10:13:08.149273
20260120,OK,https://nsearchives.nseindia.com/content/fo/BhavCopy_NSE_FO_0_0_0_20260120_F_0000.csv.zip,938ba56d5a56cc29e093c2d6dc9dc1ba2509ff335f3d455702c54723b1b23499,1403124.0,0.0,0.0,0.0,0.0,2026-09-19T10:13:09.695559
20260121,OK,https://nsearchives.nseindia.com/content/fo/BhavCopy_NSE_FO_0_0_0_20260121_F_0000.csv.zip,a63a5e20ca78443b0b30f5a4ae3b2044ffff04770238482f07762da36f1b0cde,1469021.0,0.0,0.0,0.0,0.0,2026-09-19T10:13:11.711719
20260122,OK,https://nsearchives.nseindia.com/content/fo/BhavCopy_NSE_FO_0_0_0_20260122_F_0000.csv.zip,3fd5b36dfc248ff6884c2d48e04345f030b2ed3b8b8aa1100b1109564e138203,1496065.0,0.0,0.0,0.0,0.0,2026-09-19T10:13:13.833722
20260123,OK,https://nsearchives.nseindia.com/content/fo/BhavCopy_NSE_FO_0_0_0_20260123_F_0000.csv.zip,6fa28e1a32723c2785ce178ccf7df9567c2c41d629d18367eea6d77a2d223b94,1524138.0,0.0,0.0,0.0,0.0,2026-09-19T10:13:15.577407
20260127,OK,https://nsearchives.nseindia.com/content/fo/BhavCopy_NSE_FO_0_0_0_20260127_F_0000.csv.zip,475e952c522259d3f00510197aca0ac2284432cf9cb10f6153331a8e75283d6b,1524229.0,0.0,0.0,0.0,0.0,2026-09-19T10:13:17.125019
20260128,OK,https://nsearchives.nseindia.com/content/fo/BhavCopy_NSE_FO_0_0_0_20260128_F_0000.csv.zip,1b8a6a22c90127d31e4d5abdaa1a9122f82878833f925d0f165873071d74c104,1212023.0,0.0,0.0,0.0,0.0,2026-09-19T10:13:18.627534
20260129,OK,https://nsearchives.nseindia.com/content/fo/BhavCopy_NSE_FO_0_0_0_20260129_F_0000.csv.zip,777259e014c00cb93362b4a8bd191b499ebaf91d11a4cefe58976b69ef2396f6,1132981.0,0.0,0.0,0.0,0.0,2026-09-19T10:13:20.175137
20260130,OK,https://nsearchives.nseindia.com/content/fo/BhavCopy_NSE_FO_0_0_0_20260130_F_0000.csv.zip,f99c274aad1807bb8344452a8ef33d7f15568c78c9bc5496e39f90ae7544e48f,1181033.0,0.0,0.0,0.0,0.0,2026-09-19T10:13:21.605521
20260202,OK,https://nsearchives.nseindia.com/content/fo/BhavCopy_NSE_FO_0_0_0_20260202_F_0000.csv.zip,5c68ab9c92d2a45ae9db1e0b5d06a02081a5639e378d043bfd42f55f2975b527,1272084.0,0.0,0.0,0.0,0.0,2026-09-19T10:13:23.334902
20260203,OK,https://nsearchives.nseindia.com/content/fo/BhavCopy_NSE_FO_0_0_0_20260203_F_0000.csv.zip,1e864ad3b5104b1ab3980afb3b5ffe54fa0e5862aba7bc192ca31befb9004380,1332876.0,0.0,0.0,0.0,0.0,2026-09-19T10:13:24.838589
20260204,OK,https://nsearchives.nseindia.com/content/fo/BhavCopy_NSE_FO_0_0_0_20260204_F_0000.csv.zip,5e80aadc26c306250b640cc00fcf4325db3bb67b0ca60846126c8cd62ed6ca7a,1348727.0,0.0,0.0,0.0,0.0,2026-09-19T10:13:26.783580
20260205,OK,https://nsearchives.nseindia.com/content/fo/BhavCopy_NSE_FO_0_0_0_20260205_F_0000.csv.zip,cec925f53111cbefe1318a254d50cf08edc19717febd63768fab8287e7dbec2d,1343767.0,0.0,0.0,0.0,0.0,2026-09-19T10:13:28.411735
20260206,OK,https://nsearchives.nseindia.com/content/fo/BhavCopy_NSE_FO_0_0_0_20260206_F_0000.csv.zip,9660d181151041eefcf609404dd848b8744d0de786630cc40326908dd77c28c5,1368950.0,0.0,0.0,0.0,0.0,2026-09-19T10:13:30.272983
20260209,OK,https://nsearchives.nseindia.com/content/fo/BhavCopy_NSE_FO_0_0_0_20260209_F_0000.csv.zip,7ea4b4f35f9c5e9b2673f8f17a90191e255bbf611834122bab183dd3ef4795c2,1390222.0,0.0,0.0,0.0,0.0,2026-09-19T10:13:32.242311
20260210,OK,https://nsearchives.nseindia.com/content/fo/BhavCopy_NSE_FO_0_0_0_20260210_F_0000.csv.zip,b109da901e3f1e9455bf4bbbf08b40b1638e621894bf1974fec11f29c7e17a51,1404883.0,0.0,0.0,0.0,0.0,2026-09-19T10:13:33.772666
20260211,OK,https://nsearchives.nseindia.com/content/fo/BhavCopy_NSE_FO_0_0_0_20260211_F_0000.csv.zip,1453a06fa9725a8115170371e0c5ac12b13eefd3886bab66cfa1cd6a31b7b2f7,1414060.0,0.0,0.0,0.0,0.0,2026-09-19T10:13:35.434138
20260212,OK,https://nsearchives.nseindia.com/content/fo/BhavCopy_NSE_FO_0_0_0_20260212_F_0000.csv.zip,80773375a8d0db166b6ed1c62f2ca6da0f1bb72884605044bf418149ebdedbda,1432703.0,0.0,0.0,0.0,0.0,2026-09-19T10:13:37.063450
20260213,OK,https://nsearchives.nseindia.com/content/fo/BhavCopy_NSE_FO_0_0_0_20260213_F_0000.csv.zip,33c5b74d87fdacf02205624a9df0047558deac0d762397d19581e0f29900a6c3,1472284.0,0.0,0.0,0.0,0.0,2026-09-19T10:13:39.357895
20260216,OK,https://nsearchives.nseindia.com/content/fo/BhavCopy_NSE_FO_0_0_0_20260216_F_0000.csv.zip,7f225b569e2b769ca54182d881d38d6e32c0af11d190cb4a593fa5664f3aa395,1489132.0,0.0,0.0,0.0,0.0,2026-09-19T10:13:41.645366
20260217,OK,https://nsearchives.nseindia.com/content/fo/BhavCopy_NSE_FO_0_0_0_20260217_F_0000.csv.zip,a8c8f17a83b563898e9761bfd70683b3ae6f214986a381a3a23dc4a6230f7925,1501430.0,0.0,0.0,0.0,0.0,2026-09-19T10:13:43.189546
20260218,OK,https://nsearchives.nseindia.com/content/fo/BhavCopy_NSE_FO_0_0_0_20260218_F_0000.csv.zip,a47e6d560dd5dd95cd7e5161deadbd8967a2d80c3bca2e571f86eb403028f443,1523835.0,0.0,0.0,0.0,0.0,2026-09-19T10:13:44.705775
20260219,OK,https://nsearchives.nseindia.com/content/fo/BhavCopy_NSE_FO_0_0_0_20260219_F_0000.csv.zip,5f255a13c0695d011733292970a7f7c9325a008bef649e7e1e5f44d516751d0b,1552304.0,0.0,0.0,0.0,0.0,2026-09-19T10:13:46.425167
20260220,OK,https://nsearchives.nseindia.com/content/fo/BhavCopy_NSE_FO_0_0_0_20260220_F_0000.csv.zip,c45c478158c8fd06287f3ec3ad1770652621791048572a4f528b7de256f37e89,1573066.0,0.0,0.0,0.0,0.0,2026-09-19T10:13:48.217354
20260223,OK,https://nsearchives.nseindia.com/content/fo/BhavCopy_NSE_FO_0_0_0_20260223_F_0000.csv.zip,49e6bc5f4aae52078723ad09b26752c1f7b7620c2300999a4f1977c9299c9333,1594864.0,0.0,0.0,0.0,0.0,2026-09-19T10:13:49.983909
20260224,OK,https://nsearchives.nseindia.com/content/fo/BhavCopy_NSE_FO_0_0_0_20260224_F_0000.csv.zip,d83b5f9fdf720669a97021ee23c3b4333deed0b81e898018229fda4906f34dd6,1566539.0,0.0,0.0,0.0,0.0,2026-09-19T10:13:51.856997
20260225,OK,https://nsearchives.nseindia.com/content/fo/BhavCopy_NSE_FO_0_0_0_20260225_F_0000.csv.zip,cd5896f8a250b319b818f1c06ab6f7fb4fc74d201f9713ca4c40e664d29ccc4e,1218744.0,0.0,0.0,0.0,0.0,2026-09-19T10:13:53.358890
20260226,OK,https://nsearchives.nseindia.com/content/fo/BhavCopy_NSE_FO_0_0_0_20260226_F_0000.csv.zip,45f49544c39e6d1dfb3401fdae0767bcc0c5439326c3ffc1645ca1423842efe2,1104587.0,0.0,0.0,0.0,0.0,2026-09-19T10:13:54.800989
20260227,OK,https://nsearchives.nseindia.com/content/fo/BhavCopy_NSE_FO_0_0_0_20260227_F_0000.csv.zip,7e3e99d801cee44ee47b5565cfef47c6ee0e976892cc02fe7526dd703a85bf9f,1134376.0,0.0,0.0,0.0,0.0,2026-09-19T10:13:56.171180
20260302,OK,https://nsearchives.nseindia.com/content/fo/BhavCopy_NSE_FO_0_0_0_20260302_F_0000.csv.zip,d19fea376098f23e75c014b54a8e0a3620ee23de4ee1c162cf2ba58a1b40065b,1208789.0,0.0,0.0,0.0,0.0,2026-09-19T10:13:57.642567
20260304,OK,https://nsearchives.nseindia.com/content/fo/BhavCopy_NSE_FO_0_0_0_20260304_F_0000.csv.zip,78af47913866eb727ef0139cf0741fc6210bd492d36b7bc6aa544efbaab4e23f,1271765.0,0.0,0.0,0.0,0.0,2026-09-19T10:13:59.164508
20260305,OK,https://nsearchives.nseindia.com/content/fo/BhavCopy_NSE_FO_0_0_0_20260305_F_0000.csv.zip,2e814e092e50673ca9b1f5b4b3a7049b62040cee89aa43b189a06cbb75d9efb3,1272990.0,0.0,0.0,0.0,0.0,2026-09-19T10:14:01.066415
20260306,OK,https://nsearchives.nseindia.com/content/fo/BhavCopy_NSE_FO_0_0_0_20260306_F_0000.csv.zip,925bcb068f8edcce4752913f1ff1be9a1c3f522cfd2b923f06abc73cf64d4a28,1271650.0,0.0,0.0,0.0,0.0,2026-09-19T10:14:02.795428
20260309,OK,https://nsearchives.nseindia.com/content/fo/BhavCopy_NSE_FO_0_0_0_20260309_F_0000.csv.zip,e9ee4895463739801876ea66f73870b149a0ad77c586b5c5ba6be42704a412e6,1392579.0,0.0,0.0,0.0,0.0,2026-09-19T10:14:04.297574
20260310,OK,https://nsearchives.nseindia.com/content/fo/BhavCopy_NSE_FO_0_0_0_20260310_F_0000.csv.zip,ac7684463bc3537bddf9b2af79c8473d684f15a1436ba7465a324e1e7a5e6be7,1398053.0,0.0,0.0,0.0,0.0,2026-09-19T10:14:05.976650
20260311,OK,https://nsearchives.nseindia.com/content/fo/BhavCopy_NSE_FO_0_0_0_20260311_F_0000.csv.zip,da0777bb4289515fada5fdb82df6393ee9940dc646c249d3b5e35331a81ef9ff,1400809.0,0.0,0.0,0.0,0.0,2026-09-19T10:14:07.683737
20260312,OK,https://nsearchives.nseindia.com/content/fo/BhavCopy_NSE_FO_0_0_0_20260312_F_0000.csv.zip,b98e0a10aee09ff13d8c7648d450be28142dffa700812f2d8f9869efbc146f9b,1427029.0,0.0,0.0,0.0,0.0,2026-09-19T10:14:09.343587
20260313,OK,https://nsearchives.nseindia.com/content/fo/BhavCopy_NSE_FO_0_0_0_20260313_F_0000.csv.zip,80d0ca0c99f9008c11fca8d3fcc9b18382e1677eff6152984a62bee675173028,1474976.0,0.0,0.0,0.0,0.0,2026-09-19T10:14:10.988728
20260316,OK,https://nsearchives.nseindia.com/content/fo/BhavCopy_NSE_FO_0_0_0_20260316_F_0000.csv.zip,32f4badf13328c662a6c5d106bbf1fc7c6f6028d5c83b178a02f235fa66f2729,1513039.0,0.0,0.0,0.0,0.0,2026-09-19T10:14:12.858526
20260317,OK,https://nsearchives.nseindia.com/content/fo/BhavCopy_NSE_FO_0_0_0_20260317_F_0000.csv.zip,b05e123cf77c90af4b1e56447a8d88c1e37ba644632f5cb387a5ba5ae80ae2f2,1490998.0,0.0,0.0,0.0,0.0,2026-09-19T10:14:14.467678
20260318,OK,https://nsearchives.nseindia.com/content/fo/BhavCopy_NSE_FO_0_0_0_20260318_F_0000.csv.zip,c8ace1ad975cec9edb3eedb9ee1cc94cf112a20395f0ba701cdce8299059ed43,1509541.0,0.0,0.0,0.0,0.0,2026-09-19T10:14:16.016574
20260319,OK,https://nsearchives.nseindia.com/content/fo/BhavCopy_NSE_FO_0_0_0_20260319_F_0000.csv.zip,f002c5616614454255eae8bac569ac70da863b68a567b8cff0527ec683322c55,1538695.0,0.0,0.0,0.0,0.0,2026-09-19T10:14:17.510863
20260320,OK,https://nsearchives.nseindia.com/content/fo/BhavCopy_NSE_FO_0_0_0_20260320_F_0000.csv.zip,cbdfb412383d68d229ec04455e4aa3bb5aacf922752f7b44ee5bbe8be12e3096,1556944.0,0.0,0.0,0.0,0.0,2026-09-19T10:14:19.258805
20260323,OK,https://nsearchives.nseindia.com/content/fo/BhavCopy_NSE_FO_0_0_0_20260323_F_0000.csv.zip,d5c7d2bbe161b78e957e950e5ef3905311724e0ce1e4c094945796365d30aa3d,1646464.0,0.0,0.0,0.0,0.0,2026-09-19T10:14:21.069454
20260324,OK,https://nsearchives.nseindia.com/content/fo/BhavCopy_NSE_FO_0_0_0_20260324_F_0000.csv.zip,416144294ac82fda3482dbce74e392109bbce7b4e1acf852f04eeb851604dcfd,1687339.0,0.0,0.0,0.0,0.0,2026-09-19T10:14:22.721682
20260325,OK,https://nsearchives.nseindia.com/content/fo/BhavCopy_NSE_FO_0_0_0_20260325_F_0000.csv.zip,d12f504c0a33e335699304c09bc2797e0716bc0b50c1f107d99c2457622b8b60,1705613.0,0.0,0.0,0.0,0.0,2026-09-19T10:14:24.455351
20260327,OK,https://nsearchives.nseindia.com/content/fo/BhavCopy_NSE_FO_0_0_0_20260327_F_0000.csv.zip,6fc58a18bd8eff3bfa26a1baed49554634b6ce8a102d1e47c81ef42d81c98c9f,1727843.0,0.0,0.0,0.0,0.0,2026-09-19T10:14:26.164029
20260330,OK,https://nsearchives.nseindia.com/content/fo/BhavCopy_NSE_FO_0_0_0_20260330_F_0000.csv.zip,12fa2140c59b085daa77742eacebb1eef2d0bd401103d3692020f6d04396b9b7,1707526.0,0.0,0.0,0.0,0.0,2026-09-19T10:14:27.829389
20260401,OK,https://nsearchives.nseindia.com/content/fo/BhavCopy_NSE_FO_0_0_0_20260401_F_0000.csv.zip,b1d91ea94fc52bdd8d0e1712389bf44c32bc50d9d0f7ed2f77b7ee4e82b72ae2,1314558.0,0.0,0.0,0.0,0.0,2026-09-19T10:14:29.493458
20260402,OK,https://nsearchives.nseindia.com/content/fo/BhavCopy_NSE_FO_0_0_0_20260402_F_0000.csv.zip,2adcc091cdd4b1249d239f50d2fddad523102fc0db0eb4f1d084ee0fbe47a0a3,1174035.0,0.0,0.0,0.0,0.0,2026-09-19T10:14:31.450698
20260406,OK,https://nsearchives.nseindia.com/content/fo/BhavCopy_NSE_FO_0_0_0_20260406_F_0000.csv.zip,8e915bb23c4321f715b5fd5175acecd7435fb6f353d4c3e5bc12faebf97df6fd,1207191.0,0.0,0.0,0.0,0.0,2026-09-19T10:14:32.987572
20260407,OK,https://nsearchives.nseindia.com/content/fo/BhavCopy_NSE_FO_0_0_0_20260407_F_0000.csv.zip,0bdd37bd0706f982c68b599d9454832936a45b1f30bbb37175e32ed93da26652,1220246.0,0.0,0.0,0.0,0.0,2026-09-19T10:14:34.551361
20260408,OK,https://nsearchives.nseindia.com/content/fo/BhavCopy_NSE_FO_0_0_0_20260408_F_0000.csv.zip,19e77f9a344a0f0b14d62365eabaf91db6d7d961d6af5efef58d019044bdaeea,1357635.0,0.0,0.0,0.0,0.0,2026-09-19T10:14:36.227850
20260409,OK,https://nsearchives.nseindia.com/content/fo/BhavCopy_NSE_FO_0_0_0_20260409_F_0000.csv.zip,ae737c5293db23d2e717e0feb50254e631e3c8963d5f9d255ac1d50449f2670e,1353618.0,0.0,0.0,0.0,0.0,2026-09-19T10:14:37.670782
20260410,OK,https://nsearchives.nseindia.com/content/fo/BhavCopy_NSE_FO_0_0_0_20260410_F_0000.csv.zip,e8e37992e54766438161bbcb8bc3c4a456fce62da3a4bdf2ce084dd2664def10,1372091.0,0.0,0.0,0.0,0.0,2026-09-19T10:14:39.191701
20260413,OK,https://nsearchives.nseindia.com/content/fo/BhavCopy_NSE_FO_0_0_0_20260413_F_0000.csv.zip,2699b68fabbb4ea5f7e96db0d5ba3a7157b05de7464271036897320d00c02cd4,1389998.0,0.0,0.0,0.0,0.0,2026-09-19T10:14:40.686045
20260415,OK,https://nsearchives.nseindia.com/content/fo/BhavCopy_NSE_FO_0_0_0_20260415_F_0000.csv.zip,80442648c77cd1d1d97a5663360f00ae32bdfff4835721ebd39db58cd97ae492,1427376.0,0.0,0.0,0.0,0.0,2026-09-19T10:14:42.176034
20260416,OK,https://nsearchives.nseindia.com/content/fo/BhavCopy_NSE_FO_0_0_0_20260416_F_0000.csv.zip,c6feed68ee518d5ef2981169e21cda0014565e21affba3a3c426d22419f5d7a7,1452574.0,0.0,0.0,0.0,0.0,2026-09-19T10:14:43.765985
20260417,OK,https://nsearchives.nseindia.com/content/fo/BhavCopy_NSE_FO_0_0_0_20260417_F_0000.csv.zip,0586813879b21e8b067f1913c189aedd758f16d5a15b45bd6e5d6a68871894cf,1481954.0,0.0,0.0,0.0,0.0,2026-09-19T10:14:45.579923
20260420,OK,https://nsearchives.nseindia.com/content/fo/BhavCopy_NSE_FO_0_0_0_20260420_F_0000.csv.zip,75769579d9df5fcbbf4ce82b1a26202b1bebe30177aaef6da62019de3d2bd046,1507140.0,0.0,0.0,0.0,0.0,2026-09-19T10:14:47.081197
20260421,OK,https://nsearchives.nseindia.com/content/fo/BhavCopy_NSE_FO_0_0_0_20260421_F_0000.csv.zip,c71c5a7a62dcd012d33ae9d107c027af82a989eed3a9bf953c7f353f4a205ea9,1525406.0,0.0,0.0,0.0,0.0,2026-09-19T10:14:48.671546
20260422,OK,https://nsearchives.nseindia.com/content/fo/BhavCopy_NSE_FO_0_0_0_20260422_F_0000.csv.zip,fa6fb378702da9501dc4fd5cfd68576e93f0729f4e5647f5a30c4ee2d9a93512,1563834.0,0.0,0.0,0.0,0.0,2026-09-19T10:14:50.168417
20260423,OK,https://nsearchives.nseindia.com/content/fo/BhavCopy_NSE_FO_0_0_0_20260423_F_0000.csv.zip,70c2396ede54f7890570602b0cf30c894e829ba8abd42d26456477ad730c5537,1594113.0,0.0,0.0,0.0,0.0,2026-09-19T10:14:51.947062
20260424,OK,https://nsearchives.nseindia.com/content/fo/BhavCopy_NSE_FO_0_0_0_20260424_F_0000.csv.zip,11fc98d12c8e86faa051f809609bfda2329aa5363c71c5615707a26e2cb90ba1,1624221.0,0.0,0.0,0.0,0.0,2026-09-19T10:14:53.519212
20260427,OK,https://nsearchives.nseindia.com/content/fo/BhavCopy_NSE_FO_0_0_0_20260427_F_0000.csv.zip,b4fbcc32ad6fb8b6a1393d0a962a702f5341381a5f4e32f97542e52de78fb43b,1651089.0,0.0,0.0,0.0,0.0,2026-09-19T10:14:58.409769
20260428,OK,https://nsearchives.nseindia.com/content/fo/BhavCopy_NSE_FO_0_0_0_20260428_F_0000.csv.zip,68894424c23cf6084ce56618016c5369d57e5573c2b6874ea024b3f7e82ab230,1610285.0,0.0,0.0,0.0,0.0,2026-09-19T10:14:59.879332
20260429,OK,https://nsearchives.nseindia.com/content/fo/BhavCopy_NSE_FO_0_0_0_20260429_F_0000.csv.zip,9550f5913734800e40127e2ee8d4ea54993904efe3a0cf105ca469662c4abfcd,1213235.0,0.0,0.0,0.0,0.0,2026-09-19T10:15:01.441128
20260430,OK,https://nsearchives.nseindia.com/content/fo/BhavCopy_NSE_FO_0_0_0_20260430_F_0000.csv.zip,a0c25fc7cbccfef1e14094edd456541d3a1e0283ea7fd3268090fd1e733d2627,1117966.0,0.0,0.0,0.0,0.0,2026-09-19T10:15:02.857977
20260504,OK,https://nsearchives.nseindia.com/content/fo/BhavCopy_NSE_FO_0_0_0_20260504_F_0000.csv.zip,a54c88c2eae3518c474e012c93cc119f0bb8a909e5947e3e89860a185efb2229,1164659.0,0.0,0.0,0.0,0.0,2026-09-19T10:15:04.293511
20260505,OK,https://nsearchives.nseindia.com/content/fo/BhavCopy_NSE_FO_0_0_0_20260505_F_0000.csv.zip,23fd82ab34f3326a17debde2d67d86bf8e764c31181f6e2686f4919bd487d699,1174864.0,0.0,0.0,0.0,0.0,2026-09-19T10:15:05.691923
20260506,OK,https://nsearchives.nseindia.com/content/fo/BhavCopy_NSE_FO_0_0_0_20260506_F_0000.csv.zip,b82d34a3e3d96ab80fe989549b1ba255ac435d7cc9ea053bb77a6bbf54144001,1215550.0,0.0,0.0,0.0,0.0,2026-09-19T10:15:07.087304
20260507,OK,https://nsearchives.nseindia.com/content/fo/BhavCopy_NSE_FO_0_0_0_20260507_F_0000.csv.zip,292fe3165f3eb1c22ca64c67f08d853bebacd711ec8a25518f517891bf6b3bec,1241379.0,0.0,0.0,0.0,0.0,2026-09-19T10:15:08.415645
20260508,OK,https://nsearchives.nseindia.com/content/fo/BhavCopy_NSE_FO_0_0_0_20260508_F_0000.csv.zip,c6359ee21e2a19d346fed55a0cad7683430e5b754755d22ea38e6f5bca6c1e02,1263397.0,0.0,0.0,0.0,0.0,2026-09-19T10:15:09.987656
20260511,OK,https://nsearchives.nseindia.com/content/fo/BhavCopy_NSE_FO_0_0_0_20260511_F_0000.csv.zip,4c476f32e0ae36c64442163a7c290f01de3d262fad927a8ecc72f2f7e3a50ba4,1288449.0,0.0,0.0,0.0,0.0,2026-09-19T10:15:11.567526
20260512,OK,https://nsearchives.nseindia.com/content/fo/BhavCopy_NSE_FO_0_0_0_20260512_F_0000.csv.zip,f4ee3021ce0e7e506433dc4cbb403e69a76626fa69739f86feaedbc48da3ef2b,1327024.0,0.0,0.0,0.0,0.0,2026-09-19T10:15:12.995346
20260513,OK,https://nsearchives.nseindia.com/content/fo/BhavCopy_NSE_FO_0_0_0_20260513_F_0000.csv.zip,7a353574d31f732bfa9bd7a34b2454f0a990395eb8b3786a46244668d3c7bad0,1345298.0,0.0,0.0,0.0,0.0,2026-09-19T10:15:14.534558
20260514,OK,https://nsearchives.nseindia.com/content/fo/BhavCopy_NSE_FO_0_0_0_20260514_F_0000.csv.zip,99d5f01f3347806356572180e49b7a89147b9df402aae78ebcd11be8228c1219,1375507.0,0.0,0.0,0.0,0.0,2026-09-19T10:15:15.979742
20260515,OK,https://nsearchives.nseindia.com/content/fo/BhavCopy_NSE_FO_0_0_0_20260515_F_0000.csv.zip,acf37beadc06408d0e09e1dd1ee44173e6d1e9881c3d7c173d3cbe5567b61746,1377181.0,0.0,0.0,0.0,0.0,2026-09-19T10:15:17.670492
20260518,OK,https://nsearchives.nseindia.com/content/fo/BhavCopy_NSE_FO_0_0_0_20260518_F_0000.csv.zip,21246d8265602fca95e8b1e416d2526de9e41ada1a6fe662330e82f26a4cace3,1415523.0,0.0,0.0,0.0,0.0,2026-09-19T10:15:19.064348
20260519,OK,https://nsearchives.nseindia.com/content/fo/BhavCopy_NSE_FO_0_0_0_20260519_F_0000.csv.zip,a4531a4b36a6c56bae09cc6b0fdcf2583dc1e088ded7a02baf511f0b2a646c55,1427845.0,0.0,0.0,0.0,0.0,2026-09-19T10:15:20.433172
20260520,OK,https://nsearchives.nseindia.com/content/fo/BhavCopy_NSE_FO_0_0_0_20260520_F_0000.csv.zip,38de9358c6c7b6f5c006fc345dfd38c8b01a0c9cad0dc618eaabc86f2ba3f5e0,1439120.0,0.0,0.0,0.0,0.0,2026-09-19T10:15:22.179837
20260521,OK,https://nsearchives.nseindia.com/content/fo/BhavCopy_NSE_FO_0_0_0_20260521_F_0000.csv.zip,deb11da24799d0f87dbf8ec9996d7a42dea34376b7bc570fc75c4bbdfc427870,1470046.0,0.0,0.0,0.0,0.0,2026-09-19T10:15:23.643857
20260522,OK,https://nsearchives.nseindia.com/content/fo/BhavCopy_NSE_FO_0_0_0_20260522_F_0000.csv.zip,f276c3c48ca2fc6513724ed935d549362cd4126a9ea28adecabb6cf784692da5,1491776.0,0.0,0.0,0.0,0.0,2026-09-19T10:15:25.110781
20260525,OK,https://nsearchives.nseindia.com/content/fo/BhavCopy_NSE_FO_0_0_0_20260525_F_0000.csv.zip,97ee719dd0cea1f5b09e4ffa75e562d46a08cf9914dec8951df0e4cfd8b62555,1513153.0,0.0,0.0,0.0,0.0,2026-09-19T10:15:26.687504
20260526,OK,https://nsearchives.nseindia.com/content/fo/BhavCopy_NSE_FO_0_0_0_20260526_F_0000.csv.zip,cfc14b16ab9390e2b6056215eee70b513750edbdb4f147a97c5170a2fca0698c,1470417.0,0.0,0.0,0.0,0.0,2026-09-19T10:15:28.158490
20260527,OK,https://nsearchives.nseindia.com/content/fo/BhavCopy_NSE_FO_0_0_0_20260527_F_0000.csv.zip,24345a94f50e72050ff038a6bd84c0b4a7e0866eeca6a2d84988d1147786a283,1143484.0,0.0,0.0,0.0,0.0,2026-09-19T10:15:29.556669
20260529,OK,https://nsearchives.nseindia.com/content/fo/BhavCopy_NSE_FO_0_0_0_20260529_F_0000.csv.zip,4f903e5b095c503455222826d57293059dc5ea26d6234dac4ca06f921a582b78,1100124.0,0.0,0.0,0.0,0.0,2026-09-19T10:15:30.855270
20260601,OK,https://nsearchives.nseindia.com/content/fo/BhavCopy_NSE_FO_0_0_0_20260601_F_0000.csv.zip,5835720367f7c6ec83c01b7d01ee359f7f0890e0d4df620b5a7c473a16d8c90e,1142739.0,0.0,0.0,0.0,0.0,2026-09-19T10:15:32.303045
20260602,OK,https://nsearchives.nseindia.com/content/fo/BhavCopy_NSE_FO_0_0_0_20260602_F_0000.csv.zip,070c5226218a002bcda6c0ce64e81459ed8698d967b6e7fd989cfac6fa9168b2,1180505.0,0.0,0.0,0.0,0.0,2026-09-19T10:15:33.621910
20260603,OK,https://nsearchives.nseindia.com/content/fo/BhavCopy_NSE_FO_0_0_0_20260603_F_0000.csv.zip,7d8fd12f8bd41a780de230f4f09978a0dddccf41d168e1019369a51e31cbeaed,1186805.0,0.0,0.0,0.0,0.0,2026-09-19T10:15:35.112552
20260604,OK,https://nsearchives.nseindia.com/content/fo/BhavCopy_NSE_FO_0_0_0_20260604_F_0000.csv.zip,0fcf4b2de212d9af3eb54a436d377e00e9ed14978cee7c637f5824e18a4a1ffa,1185229.0,0.0,0.0,0.0,0.0,2026-09-19T10:15:36.454267
20260605,OK,https://nsearchives.nseindia.com/content/fo/BhavCopy_NSE_FO_0_0_0_20260605_F_0000.csv.zip,bee2d821159acdad804bb256f28b4d9eed9d5d507689c21accab44c8214bcc1b,1208815.0,0.0,0.0,0.0,0.0,2026-09-19T10:15:37.918937
20260608,OK,https://nsearchives.nseindia.com/content/fo/BhavCopy_NSE_FO_0_0_0_20260608_F_0000.csv.zip,e42f31c2dccb0f3e28132572e1afc9bd72a49749ff8e981957986083c0bfcef8,1231769.0,0.0,0.0,0.0,0.0,2026-09-19T10:15:39.397194
20260609,OK,https://nsearchives.nseindia.com/content/fo/BhavCopy_NSE_FO_0_0_0_20260609_F_0000.csv.zip,8055c485ff90efb278dbe667d59406fae8005f8f8addbb18d2dbd92a7665f868,1248269.0,0.0,0.0,0.0,0.0,2026-09-19T10:15:40.830998
20260610,OK,https://nsearchives.nseindia.com/content/fo/BhavCopy_NSE_FO_0_0_0_20260610_F_0000.csv.zip,0871b3e853c8a35d5f42ec1c87686e946f0bdf45e0c95be120ae922489bb8241,1261738.0,0.0,0.0,0.0,0.0,2026-09-19T10:15:42.251274
20260611,OK,https://nsearchives.nseindia.com/content/fo/BhavCopy_NSE_FO_0_0_0_20260611_F_0000.csv.zip,664003322ef4c99e12323342adc2fd87be113b33da501d0122aba80f72451915,1276959.0,0.0,0.0,0.0,0.0,2026-09-19T10:15:43.818002
20260612,OK,https://nsearchives.nseindia.com/content/fo/BhavCopy_NSE_FO_0_0_0_20260612_F_0000.csv.zip,1ecae7ef425e08f087fd1719dc6b10f5900b4048529b156615c743582b131b12,1321994.0,0.0,0.0,0.0,0.0,2026-09-19T10:15:45.342790
20260615,OK,https://nsearchives.nseindia.com/content/fo/BhavCopy_NSE_FO_0_0_0_20260615_F_0000.csv.zip,ac76480667b93db37ad35b0bf9f8f458cb8f5738d251e9d15d15e46595e4c35c,1369831.0,0.0,0.0,0.0,0.0,2026-09-19T10:15:46.816193
20260616,OK,https://nsearchives.nseindia.com/content/fo/BhavCopy_NSE_FO_0_0_0_20260616_F_0000.csv.zip,3004749b91fedda561cf2ce67d7105aaa19bb87327e6ecdd6b26cb9384580db0,1357901.0,0.0,0.0,0.0,0.0,2026-09-19T10:15:48.330769
20260617,OK,https://nsearchives.nseindia.com/content/fo/BhavCopy_NSE_FO_0_0_0_20260617_F_0000.csv.zip,3ebb150311ee373d5d52a57e7d1b60d38531f80e25ff21033858d14e1dbde1f1,1374595.0,0.0,0.0,0.0,0.0,2026-09-19T10:15:49.818179
20260618,OK,https://nsearchives.nseindia.com/content/fo/BhavCopy_NSE_FO_0_0_0_20260618_F_0000.csv.zip,85b413939f934d314f339cfc4dd3a5e4e520c693f4c28428796e52e8a7947c47,1381430.0,0.0,0.0,0.0,0.0,2026-09-19T10:15:51.222611
20260619,OK,https://nsearchives.nseindia.com/content/fo/BhavCopy_NSE_FO_0_0_0_20260619_F_0000.csv.zip,20df7f7bf192c369d9548528c1ec8df888b69194cc5ea6048001379bc7e5600d,1400952.0,0.0,0.0,0.0,0.0,2026-09-19T10:15:52.905270
20260622,OK,https://nsearchives.nseindia.com/content/fo/BhavCopy_NSE_FO_0_0_0_20260622_F_0000.csv.zip,884fd5bfa225d4916dc40da74643acfe0d3bb0cede6e88bc79707226a44c73b2,1416913.0,0.0,0.0,0.0,0.0,2026-09-19T10:15:54.473504
20260623,OK,https://nsearchives.nseindia.com/content/fo/BhavCopy_NSE_FO_0_0_0_20260623_F_0000.csv.zip,1e2cb96b2083dca114464981459ec093f99f3397a4a79e1297b7a26f2a594e92,1442659.0,0.0,0.0,0.0,0.0,2026-09-19T10:15:56.228991
20260624,OK,https://nsearchives.nseindia.com/content/fo/BhavCopy_NSE_FO_0_0_0_20260624_F_0000.csv.zip,47bd5797fa6e2f5d8666dc64057172312a5f3a7eb54314aa3d6b00640b5494d3,1466422.0,0.0,0.0,0.0,0.0,2026-09-19T10:15:58.042459
20260625,OK,https://nsearchives.nseindia.com/content/fo/BhavCopy_NSE_FO_0_0_0_20260625_F_0000.csv.zip,8c0eb8ef37903dc79e58110abe1a076c231ef40b633002def42beb6cc1f6ad17,1492307.0,0.0,0.0,0.0,0.0,2026-09-19T10:16:00.161063
20260629,OK,https://nsearchives.nseindia.com/content/fo/BhavCopy_NSE_FO_0_0_0_20260629_F_0000.csv.zip,5f863a7aa07bff5ad944b7429c845be2f3e13aada06d0229cae23ea5c8743695,1527963.0,0.0,0.0,0.0,0.0,2026-09-19T10:16:01.739634
20260630,OK,https://nsearchives.nseindia.com/content/fo/BhavCopy_NSE_FO_0_0_0_20260630_F_0000.csv.zip,ef8a7d52dc79c5b10332bfc1eb40b70fd299fcfa8ae8318b52acb4b4cce2e922,1494724.0,0.0,0.0,0.0,0.0,2026-09-19T10:16:03.418936
20260701,OK,https://nsearchives.nseindia.com/content/fo/BhavCopy_NSE_FO_0_0_0_20260701_F_0000.csv.zip,327b5bc9f04f9ec938c53080fb05d9ebf97e43033366d6de1b215be346fd1b14,1109606.0,0.0,0.0,0.0,0.0,2026-09-19T10:16:04.772326
20260702,OK,https://nsearchives.nseindia.com/content/fo/BhavCopy_NSE_FO_0_0_0_20260702_F_0000.csv.zip,89513349f9e8899f7c0e19a9fb89eacb98c052592494d5e1a3bc1543f7b072d4,1012770.0,0.0,0.0,0.0,0.0,2026-09-19T10:16:06.061803
20260703,OK,https://nsearchives.nseindia.com/content/fo/BhavCopy_NSE_FO_0_0_0_20260703_F_0000.csv.zip,c01ef882282bdd6dbb1b1a69f454521ea9fc1f93a2a22af9249d902a71412fd3,1050100.0,0.0,0.0,0.0,0.0,2026-09-19T10:16:07.418611
20260706,OK,https://nsearchives.nseindia.com/content/fo/BhavCopy_NSE_FO_0_0_0_20260706_F_0000.csv.zip,e71a8e920d26b873cac1d6830804ca5c1b3255c9df477db56e1a5f2f962b76ec,1067831.0,0.0,0.0,0.0,0.0,2026-09-19T10:16:08.778454
20260707,OK,https://nsearchives.nseindia.com/content/fo/BhavCopy_NSE_FO_0_0_0_20260707_F_0000.csv.zip,7f48260e54053df6d28da69ec566dcdae6cb83710964b17911750636042d8a43,1091042.0,0.0,0.0,0.0,0.0,2026-09-19T10:16:10.151759
20260708,OK,https://nsearchives.nseindia.com/content/fo/BhavCopy_NSE_FO_0_0_0_20260708_F_0000.csv.zip,4f674fa74c1f8531894ad6918a147a06a872188b360ad9edbd0b1c710a41a950,1139076.0,0.0,0.0,0.0,0.0,2026-09-19T10:16:11.823034
20260709,OK,https://nsearchives.nseindia.com/content/fo/BhavCopy_NSE_FO_0_0_0_20260709_F_0000.csv.zip,f83055119b0a0de9e082591ba069f8ec8b6c617878edf972840d2dbffcf14f66,1138614.0,0.0,0.0,0.0,0.0,2026-09-19T10:16:13.351992
20260710,OK,https://nsearchives.nseindia.com/content/fo/BhavCopy_NSE_FO_0_0_0_20260710_F_0000.csv.zip,2933ae94177caa455aefaea1c95caf3c1b2e95c2ad8cd8de1746919605e870a2,1151276.0,0.0,0.0,0.0,0.0,2026-09-19T10:16:14.672573
20260713,OK,https://nsearchives.nseindia.com/content/fo/BhavCopy_NSE_FO_0_0_0_20260713_F_0000.csv.zip,d6e85bf68f1fd36b57fc1c7d259133acd62bee851ba90216b5a3ffc9f0b5068a,1165801.0,0.0,0.0,0.0,0.0,2026-09-19T10:16:16.118787
20260714,OK,https://nsearchives.nseindia.com/content/fo/BhavCopy_NSE_FO_0_0_0_20260714_F_0000.csv.zip,06c10e6f5763812956be889a3bbb1e86dde54dda5320742045469867877f58c4,1173247.0,0.0,0.0,0.0,0.0,2026-09-19T10:16:17.557110
20260715,OK,https://nsearchives.nseindia.com/content/fo/BhavCopy_NSE_FO_0_0_0_20260715_F_0000.csv.zip,9b17c397b54815febfe99c8ac4c8371aaf599276056bf8744bf973f6f600a679,1182135.0,0.0,0.0,0.0,0.0,2026-09-19T10:16:18.861393
20260716,OK,https://nsearchives.nseindia.com/content/fo/BhavCopy_NSE_FO_0_0_0_20260716_F_0000.csv.zip,89137a43798d49f30aa5a4adbcfd8f827302a03342ff18e5aff7bda74b652c80,1192458.0,0.0,0.0,0.0,0.0,2026-09-19T10:16:20.407476
20260717,OK,https://nsearchives.nseindia.com/content/fo/BhavCopy_NSE_FO_0_0_0_20260717_F_0000.csv.zip,99b000b1b24a776e2f5516df136594ee259484e7f27f5912eef708ece472abd1,1216686.0,0.0,0.0,0.0,0.0,2026-09-19T10:16:22.031101
20260720,OK,https://nsearchives.nseindia.com/content/fo/BhavCopy_NSE_FO_0_0_0_20260720_F_0000.csv.zip,54d523447909a1ef6a8dafe6617d00566180c761fafc8bbe2afdc4513af47498,1233752.0,0.0,0.0,0.0,0.0,2026-09-19T10:16:23.455226
20260721,OK,https://nsearchives.nseindia.com/content/fo/BhavCopy_NSE_FO_0_0_0_20260721_F_0000.csv.zip,7f0d7bce378e70f8bc4a9d77738091d0becb674c0291388adea4f59031b5747f,1239856.0,0.0,0.0,0.0,0.0,2026-09-19T10:16:24.822819
20260722,OK,https://nsearchives.nseindia.com/content/fo/BhavCopy_NSE_FO_0_0_0_20260722_F_0000.csv.zip,eeb06dae81773c28c6846afa60b871663ae8ddfff6c60f22857cdefe714a649b,1262743.0,0.0,0.0,0.0,0.0,2026-09-19T10:16:26.429349
20260723,OK,https://nsearchives.nseindia.com/content/fo/BhavCopy_NSE_FO_0_0_0_20260723_F_0000.csv.zip,30330f4b0b49ff4b7dc57f3759900669728665912ffc4d32b749c46e0f9a3205,1282234.0,0.0,0.0,0.0,0.0,2026-09-19T10:16:27.794860
20260724,OK,https://nsearchives.nseindia.com/content/fo/BhavCopy_NSE_FO_0_0_0_20260724_F_0000.csv.zip,4050ec9d8a5a8cab8e54b9327b09eb19ff1b9ed41f1d49273f12165b41872e37,1306833.0,0.0,0.0,0.0,0.0,2026-09-19T10:16:29.233583
20260727,OK,https://nsearchives.nseindia.com/content/fo/BhavCopy_NSE_FO_0_0_0_20260727_F_0000.csv.zip,cf1879cfa80cf9246e3b5dcff62c492bfce03b494273d311975ebdcd3c575afe,1317199.0,0.0,0.0,0.0,0.0,2026-09-19T10:16:30.581400
20260728,OK,https://nsearchives.nseindia.com/content/fo/BhavCopy_NSE_FO_0_0_0_20260728_F_0000.csv.zip,3a8b51eae05fb48755bb90768123c3b1a59b3716e92e739e42e79ea783c1162b,1295404.0,0.0,0.0,0.0,0.0,2026-09-19T10:16:31.894646
20260729,OK,https://nsearchives.nseindia.com/content/fo/BhavCopy_NSE_FO_0_0_0_20260729_F_0000.csv.zip,aa7978c89d7bbf7bd7fba9ef5ac59b450f310d42623e41df1142024be4c24c56,959642.0,0.0,0.0,0.0,0.0,2026-09-19T10:16:33.383069
20260730,OK,https://nsearchives.nseindia.com/content/fo/BhavCopy_NSE_FO_0_0_0_20260730_F_0000.csv.zip,9725f22bee2a4accaaf9010faec0c913a2d8e68621085982398881ae1dc6cca0,922827.0,0.0,0.0,0.0,0.0,2026-09-19T10:16:34.732222
20260731,OK,https://nsearchives.nseindia.com/content/fo/BhavCopy_NSE_FO_0_0_0_20260731_F_0000.csv.zip,5d7466f2c0ecf68676c1f844007c90604b530135bb0e2580a8fd19d99009014d,958195.0,0.0,0.0,0.0,0.0,2026-09-19T10:16:35.968584
20260803,OK,https://nsearchives.nseindia.com/content/fo/BhavCopy_NSE_FO_0_0_0_20260803_F_0000.csv.zip,4caeaccc0e69507d6746fe263e54bb801dcea6914fa8f65b478e11cb43d7b734,1011282.0,0.0,0.0,0.0,0.0,2026-09-19T10:16:37.190173
20260804,OK,https://nsearchives.nseindia.com/content/fo/BhavCopy_NSE_FO_0_0_0_20260804_F_0000.csv.zip,66680e99150aa568e18927d78164dc9caefdb4cbfb92efb081c98188c1c978a9,1026119.0,0.0,0.0,0.0,0.0,2026-09-19T10:16:38.488153
20260805,OK,https://nsearchives.nseindia.com/content/fo/BhavCopy_NSE_FO_0_0_0_20260805_F_0000.csv.zip,4b6554d42fb40f33187272cc6f42ccbf86e320c77ccc69cb599ee28eb81ffa25,1035627.0,0.0,0.0,0.0,0.0,2026-09-19T10:16:39.737695
20260806,OK,https://nsearchives.nseindia.com/content/fo/BhavCopy_NSE_FO_0_0_0_20260806_F_0000.csv.zip,2525a6549c47e64e305baa6cc42c14685321ffb05f50728dddf55dcacec1daf2,1043539.0,0.0,0.0,0.0,0.0,2026-09-19T10:16:40.923059
20260807,OK,https://nsearchives.nseindia.com/content/fo/BhavCopy_NSE_FO_0_0_0_20260807_F_0000.csv.zip,a5ca8f06fd69554ea123134fc823a8a868ccca454d286727c22290dc37daac82,1057426.0,0.0,0.0,0.0,0.0,2026-09-19T10:16:42.173706
20260810,OK,https://nsearchives.nseindia.com/content/fo/BhavCopy_NSE_FO_0_0_0_20260810_F_0000.csv.zip,8a97db352122ce75dc7cf4b1d2ffccfb7e15bab3d5e827c04519e9fa11349e05,1072115.0,0.0,0.0,0.0,0.0,2026-09-19T10:16:43.447162
20260811,OK,https://nsearchives.nseindia.com/content/fo/BhavCopy_NSE_FO_0_0_0_20260811_F_0000.csv.zip,0c4cff21f0e20e9a1aa0e27894597ff40e287ed3000567880abbc0f6775bc5c1,1083379.0,0.0,0.0,0.0,0.0,2026-09-19T10:16:45.085903
20260812,OK,https://nsearchives.nseindia.com/content/fo/BhavCopy_NSE_FO_0_0_0_20260812_F_0000.csv.zip,a93fa82a1b43c48cc646eeaa369aee438ab3cb2ca437d7ebb6f2fbd9603ccf91,1106101.0,0.0,0.0,0.0,0.0,2026-09-19T10:16:46.357447
20260813,OK,https://nsearchives.nseindia.com/content/fo/BhavCopy_NSE_FO_0_0_0_20260813_F_0000.csv.zip,00d088350e833543939d7adab1fe9e2632bd9a9c6189d52ee972737395ad0a7b,1108239.0,0.0,0.0,0.0,0.0,2026-09-19T10:16:47.856789
20260814,OK,https://nsearchives.nseindia.com/content/fo/BhavCopy_NSE_FO_0_0_0_20260814_F_0000.csv.zip,614807e1050487ad00d1ca825ab04ed0a444c4ba9451e8db095b6254377ea49f,1120876.0,0.0,0.0,0.0,0.0,2026-09-19T10:16:49.194729
20260817,OK,https://nsearchives.nseindia.com/content/fo/BhavCopy_NSE_FO_0_0_0_20260817_F_0000.csv.zip,a8ab5f733287bc097c318b8dda9ab00e86500ce5e775fda266e2a5683c3bcaec,1144612.0,0.0,0.0,0.0,0.0,2026-09-19T10:16:50.675470
20260818,OK,https://nsearchives.nseindia.com/content/fo/BhavCopy_NSE_FO_0_0_0_20260818_F_0000.csv.zip,ca8b662150517d3c343322e21bc1bf4c4496d65ef160a2331a498562e0bf59ae,1153707.0,0.0,0.0,0.0,0.0,2026-09-19T10:16:52.029131
20260819,OK,https://nsearchives.nseindia.com/content/fo/BhavCopy_NSE_FO_0_0_0_20260819_F_0000.csv.zip,d2607f215cc2e3e1e92b97aca97ec59be352ff920ceea1104117077f48464d4d,1166737.0,0.0,0.0,0.0,0.0,2026-09-19T10:16:53.400099
20260820,OK,https://nsearchives.nseindia.com/content/fo/BhavCopy_NSE_FO_0_0_0_20260820_F_0000.csv.zip,9c5f793941678f5cf93ad0516c887efad617c466b73c06786f5b0b259b811db6,1183905.0,0.0,0.0,0.0,0.0,2026-09-19T10:16:54.853046
20260821,OK,https://nsearchives.nseindia.com/content/fo/BhavCopy_NSE_FO_0_0_0_20260821_F_0000.csv.zip,577c04c20bc7e4550f4a2ebfc849cada332611e94dbb1cdb11e5cff9e1e252f6,1193360.0,0.0,0.0,0.0,0.0,2026-09-19T10:16:56.193160
20260824,OK,https://nsearchives.nseindia.com/content/fo/BhavCopy_NSE_FO_0_0_0_20260824_F_0000.csv.zip,922d768844e8cce6a8e820606022b512e4f99f6a40a9df974c658290f31949ff,1216094.0,0.0,0.0,0.0,0.0,2026-09-19T10:16:57.567444
20260825,OK,https://nsearchives.nseindia.com/content/fo/BhavCopy_NSE_FO_0_0_0_20260825_F_0000.csv.zip,398f2636d757c8fbdc9182ef2eb2be290afd6e9950cdbad6841e618846463837,1189527.0,0.0,0.0,0.0,0.0,2026-09-19T10:16:58.991511
20260826,OK,https://nsearchives.nseindia.com/content/fo/BhavCopy_NSE_FO_0_0_0_20260826_F_0000.csv.zip,254e419b0101eb26f8916314286f57b285d866b5228f9c5f3be2bd0eb90c894d,934974.0,0.0,0.0,0.0,0.0,2026-09-19T10:17:00.257595
20260827,OK,https://nsearchives.nseindia.com/content/fo/BhavCopy_NSE_FO_0_0_0_20260827_F_0000.csv.zip,db31cbb3247a5a9ace5081088f7ea34d96373b7a99e5f8ddbf24d6d3282df2b7,895366.0,0.0,0.0,0.0,0.0,2026-09-19T10:17:01.480817
20260828,OK,https://nsearchives.nseindia.com/content/fo/BhavCopy_NSE_FO_0_0_0_20260828_F_0000.csv.zip,33a1708ceba84a807e2b6e7bcf6b94e385ab0f65658eb99578eda92e735a88b5,914655.0,0.0,0.0,0.0,0.0,2026-09-19T10:17:02.666326
20260831,OK,https://nsearchives.nseindia.com/content/fo/BhavCopy_NSE_FO_0_0_0_20260831_F_0000.csv.zip,1e435806057655142a50ce380d74dca174e26be98bfec625f8ded211e62c78b1,943658.0,0.0,0.0,0.0,0.0,2026-09-19T10:17:05.384911
20260901,OK,https://nsearchives.nseindia.com/content/fo/BhavCopy_NSE_FO_0_0_0_20260901_F_0000.csv.zip,328cfdef6953b86b56c40b28f4b9677e8e4701f5027d00daa6b1d1708b64fa63,970128.0,0.0,0.0,0.0,0.0,2026-09-19T10:17:06.766395
20260902,OK,https://nsearchives.nseindia.com/content/fo/BhavCopy_NSE_FO_0_0_0_20260902_F_0000.csv.zip,cd5ce2d2aec05a9c97aafa726a72fd91a7bc16412fc7277c1ac183b92b3cc73c,983008.0,0.0,0.0,0.0,0.0,2026-09-19T10:17:08.015026
20260903,OK,https://nsearchives.nseindia.com/content/fo/BhavCopy_NSE_FO_0_0_0_20260903_F_0000.csv.zip,6157cbff5800f56c4c8ae0c1d1a88ca260ab1ab5c768288701f007dc50eae8b0,987371.0,0.0,0.0,0.0,0.0,2026-09-19T10:17:09.171877
20260904,OK,https://nsearchives.nseindia.com/content/fo/BhavCopy_NSE_FO_0_0_0_20260904_F_0000.csv.zip,9e92b9e9f91b5951213b854e123edbdbb461a111adcf442d7fee1b341f2f3312,996218.0,0.0,0.0,0.0,0.0,2026-09-19T10:17:10.572345
20260907,OK,https://nsearchives.nseindia.com/content/fo/BhavCopy_NSE_FO_0_0_0_20260907_F_0000.csv.zip,d798b16fe2a330622d4b987cae07d99ab26a1937fc224a1de4bd56e919756c0c,1005021.0,0.0,0.0,0.0,0.0,2026-09-19T10:17:11.961485
20260908,OK,https://nsearchives.nseindia.com/content/fo/BhavCopy_NSE_FO_0_0_0_20260908_F_0000.csv.zip,d38a5676585ad9ef44ffd21cdd599404bdb0768b7d3c5ed967fe1f3256ef0feb,1013779.0,0.0,0.0,0.0,0.0,2026-09-19T10:17:13.315571
20260909,OK,https://nsearchives.nseindia.com/content/fo/BhavCopy_NSE_FO_0_0_0_20260909_F_0000.csv.zip,50826bed50da889b90b208c9b6368d3768c0eabb416178b176f064d3f93de3f5,1028737.0,0.0,0.0,0.0,0.0,2026-09-19T10:17:14.642948
20260910,OK,https://nsearchives.nseindia.com/content/fo/BhavCopy_NSE_FO_0_0_0_20260910_F_0000.csv.zip,ef39a7fefc5e6de6ad76334bdd96020c7c96d507cd0be0ec479c5590d7d057b1,1037169.0,0.0,0.0,0.0,0.0,2026-09-19T10:17:15.901075
20260911,OK,https://nsearchives.nseindia.com/content/fo/BhavCopy_NSE_FO_0_0_0_20260911_F_0000.csv.zip,532f111f183057b70433da2f7497a73a85da7a93c0a6230dbd898e9fef3463a2,1071973.0,0.0,0.0,0.0,0.0,2026-09-19T10:17:17.155058
20260915,OK,https://nsearchives.nseindia.com/content/fo/BhavCopy_NSE_FO_0_0_0_20260915_F_0000.csv.zip,a45f7cad1a76fc2b289c079aa41d181788a9e23efe3b000b95ecc25e11b37231,1097093.0,0.0,0.0,0.0,0.0,2026-09-19T10:17:18.607225
20260916,OK,https://nsearchives.nseindia.com/content/fo/BhavCopy_NSE_FO_0_0_0_20260916_F_0000.csv.zip,a787e7c68763f27a24749f60c805ece2f465886386a9b897a8a96b326d27c5b6,1121793.0,0.0,0.0,0.0,0.0,2026-09-19T10:17:20.004733
20260917,OK,https://nsearchives.nseindia.com/content/fo/BhavCopy_NSE_FO_0_0_0_20260917_F_0000.csv.zip,0edeaede69cdeff445c3f24c4db1cdd80d6b18002ba5d1efda32337f1c2cdd6e,1127158.0,0.0,0.0,0.0,0.0,2026-09-19T10:17:21.293926
20260918,OK,https://nsearchives.nseindia.com/content/fo/BhavCopy_NSE_FO_0_0_0_20260918_F_0000.csv.zip,ad7456e47a74b5ff3e127b09e844d94c9892fdee369307ea09c73a450d82d281,1139451.0,0.0,0.0,0.0,0.0,2026-09-19T10:17:22.546320
20210330,HTTP:404:3815,https://nsearchives.nseindia.com/content/historical/DERIVATIVES/2021/MAR/fo30MAR2021bhav.csv.zip,,,,,,,
20240102,OK,file://data\raw\nse\fo_zip\fo_20240102.csv.zip,fe4eda9f4e49bfd31c37c1dc277f99eb30dc8fb58c1fa024102310b6b6a0ac44,1690519.0,560.0,5140.0,187.0,4.0,2026-09-19T10:44:17.712650
20240103,OK,file://data\raw\nse\fo_zip\fo_20240103.csv.zip,735211c864f9f7f29633a8acae1bc3dcb80de896ff94f3683bae98815e353312,1699657.0,560.0,5078.0,187.0,4.0,2026-09-19T10:44:18.540161
20240104,OK,file://data\raw\nse\fo_zip\fo_20240104.csv.zip,0d759ce5e3afc00f20c5df8b03ecc1a07ea61ce5daed1d5364abb802cf979fb8,1717206.0,560.0,4988.0,187.0,4.0,2026-09-19T10:44:19.379456
20240105,OK,file://data\raw\nse\fo_zip\fo_20240105.csv.zip,548f948b4aa985b562d5a2cb95d726902c537b4f6f79c3f36d0ac4067726e195,1740064.0,560.0,5008.0,187.0,4.0,2026-09-19T10:44:20.333759
20240108,OK,file://data\raw\nse\fo_zip\fo_20240108.csv.zip,729a071d521b67aa27f9617a0226dbfe6fc456c1f413d5e5885b0bab7dcabb9a,1760640.0,560.0,5324.0,187.0,4.0,2026-09-19T10:44:21.264115
20240109,OK,file://data\raw\nse\fo_zip\fo_20240109.csv.zip,e05864c338aeff31ac67cb156fa77ee5d49d9e128b7d617a7da8c14c922243d5,1775998.0,560.0,5370.0,187.0,4.0,2026-09-19T10:44:22.124518
20240110,OK,file://data\raw\nse\fo_zip\fo_20240110.csv.zip,dbf6f767c45e34a6a0e1cd9a1666883c13987ad65c7930f5c7df2a47e7f2549b,1783676.0,560.0,5424.0,187.0,4.0,2026-09-19T10:44:23.016863
20240111,OK,file://data\raw\nse\fo_zip\fo_20240111.csv.zip,248018a5b0bc8d31858308a137e853d9ceaecde2d913719f978029e2e0248730,1792171.0,560.0,5404.0,187.0,4.0,2026-09-19T10:44:33.702710
20240112,OK,file://data\raw\nse\fo_zip\fo_20240112.csv.zip,79447eab265d0850e1b6c1f41a7fc39b575133822dcaf7d5f0fc4df4ae751b49,1821265.0,560.0,5384.0,187.0,4.0,2026-09-19T10:44:34.292514
20240115,OK,file://data\raw\nse\fo_zip\fo_20240115.csv.zip,b4b54c91da368e38c57deeef043ec6f8ef30c9efada4f6e41185ce885635dd05,1837200.0,560.0,5456.0,187.0,4.0,2026-09-19T10:44:34.894817
20240116,OK,file://data\raw\nse\fo_zip\fo_20240116.csv.zip,b8650358c4ac665b13f2da971b19c36a37d1e1c425f95556dee414d72d2617da,1852382.0,560.0,5520.0,187.0,4.0,2026-09-19T10:44:35.481285
20240117,OK,file://data\raw\nse\fo_zip\fo_20240117.csv.zip,a39e93857d9db42cf84ca2c322079667b3ea29900e343d7fd298da9394dd9c8e,1897364.0,560.0,5542.0,187.0,4.0,2026-09-19T10:44:36.086218
20240118,OK,file://data\raw\nse\fo_zip\fo_20240118.csv.zip,6e4bd6e507cca11dc0ee03ccf6c3a13cafef1054b163a093aeb8c2cfd76b3a16,1939632.0,560.0,5738.0,187.0,4.0,2026-09-19T10:44:36.716915
20240119,OK,file://data\raw\nse\fo_zip\fo_20240119.csv.zip,cf74d779b0550a18976df8ab8675e70257758a253956a81d0e877641115c9fff,1939990.0,560.0,5831.0,187.0,4.0,2026-09-19T10:44:37.347603
20240123,OK,file://data\raw\nse\fo_zip\fo_20240123.csv.zip,074d31ba0c7c1bf86f58210d86ee7db784c4187c7ccbf5c6649c47752e60424e,2038218.0,560.0,5807.0,187.0,4.0,2026-09-19T10:44:37.988578
20240124,OK,file://data\raw\nse\fo_zip\fo_20240124.csv.zip,14c46af1af8dafdc360cb05239e897ec08da5d870a70ecc8c805a2ff74551e4e,2061804.0,560.0,5911.0,187.0,4.0,2026-09-19T10:44:38.667466
20240125,OK,file://data\raw\nse\fo_zip\fo_20240125.csv.zip,51b6383cd8a0587e8356402dd461ba7c91cbcaee82f7a6491a36cdbb2ca98fd1,2025501.0,560.0,5915.0,187.0,4.0,2026-09-19T10:44:39.336071
20240129,OK,file://data\raw\nse\fo_zip\fo_20240129.csv.zip,0bed740797889ac30f78de662a31942c02da32e9f3dbb5948be56c34e6fdd043,1457403.0,559.0,5715.0,187.0,4.0,2026-09-19T10:44:39.833954
20240130,OK,file://data\raw\nse\fo_zip\fo_20240130.csv.zip,fd19e0d096418272855d7f5fcafa8cbf10ac84e8286c63781fe89bf00728f2de,1477850.0,559.0,5641.0,187.0,4.0,2026-09-19T10:44:40.336982
20240131,OK,file://data\raw\nse\fo_zip\fo_20240131.csv.zip,5cd133acadc9068a3969e79e5bb4fb5ca3da76e5cf7c272258094cdd610930fc,1491332.0,559.0,5563.0,187.0,4.0,2026-09-19T10:44:40.842263
20240201,OK,file://data\raw\nse\fo_zip\fo_20240201.csv.zip,8c9e75cced9d6c45b517a317294549c2c69f00f1d3cc6edc4e610115748c702c,1508033.0,559.0,5531.0,187.0,4.0,2026-09-19T10:44:41.355549
20240202,OK,file://data\raw\nse\fo_zip\fo_20240202.csv.zip,408f250ed9a55bc5de8d60e9fc599773f2162a08e782955eab5b77f23edb1146,1531668.0,559.0,5507.0,187.0,4.0,2026-09-19T10:44:41.868962
20240205,OK,file://data\raw\nse\fo_zip\fo_20240205.csv.zip,0e966e39de56f0951ac644dff3f142cd6b85db24f599272310c5a63d9fadd3b2,1553812.0,559.0,5535.0,187.0,4.0,2026-09-19T10:44:42.392789
20240206,OK,file://data\raw\nse\fo_zip\fo_20240206.csv.zip,9f1a93c0604be30f8bc1e188474c2f84b6e5f997010b0e7f4768661a71da620f,1564119.0,559.0,5509.0,187.0,4.0,2026-09-19T10:44:42.926727
20240207,OK,file://data\raw\nse\fo_zip\fo_20240207.csv.zip,16d7796174038ddb7f76179957fb42fafaf1407e979964ba366344db18ba092a,1584194.0,559.0,5509.0,187.0,4.0,2026-09-19T10:44:43.633046
20240208,OK,file://data\raw\nse\fo_zip\fo_20240208.csv.zip,51e9fd36d82f7e59cb5e046c38a6ca8343df5995adff69d4645731be4e65e85e,1610650.0,559.0,5475.0,187.0,4.0,2026-09-19T10:44:44.148986
20240209,OK,file://data\raw\nse\fo_zip\fo_20240209.csv.zip,834113728bd36282b135722e939931da81dcd1260f9d9f6ac37e29f6ee8a86fa,1621785.0,559.0,5493.0,187.0,4.0,2026-09-19T10:44:44.697953
20240212,OK,file://data\raw\nse\fo_zip\fo_20240212.csv.zip,f756d1f4bbe1b47aa1ec3ac74d370ccfa6614e12c807189bbcabdaa72144df82,1623674.0,559.0,5497.0,187.0,4.0,2026-09-19T10:44:45.282373
20240213,OK,file://data\raw\nse\fo_zip\fo_20240213.csv.zip,1adb46fba5a4067be1aed8e48e58457af29c5c71a326fb6969ad63d77bbe7911,1638525.0,559.0,5519.0,187.0,4.0,2026-09-19T10:44:45.827298
20240214,OK,file://data\raw\nse\fo_zip\fo_20240214.csv.zip,8540cc06c1e1a98614e443e09571eca5fb9645be248ec5a700dc40674ef9a931,1635373.0,559.0,5457.0,187.0,4.0,2026-09-19T10:44:46.381432
20240215,OK,file://data\raw\nse\fo_zip\fo_20240215.csv.zip,39803461f2d375fd42fa40582d493dace16a05ff0d0998b59b17a1642f91f576,1641869.0,559.0,5409.0,187.0,4.0,2026-09-19T10:44:46.999163
20240216,OK,file://data\raw\nse\fo_zip\fo_20240216.csv.zip,1e7fb5aa47fadc90349c7f3a1af56757bef0702f19f1094066da1c44f3e838bb,1660325.0,559.0,5423.0,187.0,4.0,2026-09-19T10:44:47.625931
20240219,OK,file://data\raw\nse\fo_zip\fo_20240219.csv.zip,4ec1e9f868bd68f901c00aeba4ef9a20d996ee81ca57c7ee9c0d81823a4ab8f0,1670998.0,559.0,5551.0,187.0,4.0,2026-09-19T10:44:48.177619
20240220,OK,file://data\raw\nse\fo_zip\fo_20240220.csv.zip,e867622de918245eb3760a7f73fad87742205f61a9176a8338ba91db694b71be,1679709.0,559.0,5513.0,187.0,4.0,2026-09-19T10:44:48.732871
20240221,OK,file://data\raw\nse\fo_zip\fo_20240221.csv.zip,ce23673ddeae710749f7bd0a2fd21356ddf7f389b616db9cba33009634448d4c,1698734.0,559.0,5595.0,187.0,4.0,2026-09-19T10:44:49.281969
20240222,OK,file://data\raw\nse\fo_zip\fo_20240222.csv.zip,0ea4ee1926c68f2cf0510c7fc19a89bbada73cf6454f15a9782a018701639dec,1696674.0,559.0,5563.0,187.0,4.0,2026-09-19T10:44:49.865666
20240223,OK,file://data\raw\nse\fo_zip\fo_20240223.csv.zip,7a8910c2221ded326abc6471593f5d949cca85e695094d7a4160bebfc7ea6bb7,1710060.0,559.0,5527.0,187.0,4.0,2026-09-19T10:44:50.439732
20240226,OK,file://data\raw\nse\fo_zip\fo_20240226.csv.zip,cec5f93264ceb8ed42730dd64241ca9a0ae30fa81b85eab1e267c6b96f9936e3,1735898.0,559.0,5557.0,187.0,4.0,2026-09-19T10:44:51.010688
20240227,OK,file://data\raw\nse\fo_zip\fo_20240227.csv.zip,b83350e82accf5791ad3e6788591d99a5771ca349e28318d23312a36b9752b54,1751759.0,559.0,5459.0,187.0,4.0,2026-09-19T10:44:51.804036
20240228,OK,file://data\raw\nse\fo_zip\fo_20240228.csv.zip,776130711ac5c8a8f7bfa4b6b5c32798bbedb6ff2b6b0ee5e83cd638d00f5ef5,1775786.0,559.0,5401.0,187.0,4.0,2026-09-19T10:44:52.499201
20240229,OK,file://data\raw\nse\fo_zip\fo_20240229.csv.zip,2b97325c3eb3da8e00dc21c4492a2632e3c32fa0eb99e20e48cf3894fe2b94c8,1740319.0,559.0,5461.0,187.0,4.0,2026-09-19T10:44:53.152810
20240301,OK,file://data\raw\nse\fo_zip\fo_20240301.csv.zip,8b370f13600ab4fdfdf0041d3dc3da7ad0e000e7e36badccaa1d9ead13733c44,1271554.0,558.0,5331.0,186.0,4.0,2026-09-19T10:44:53.777556
20240304,OK,file://data\raw\nse\fo_zip\fo_20240304.csv.zip,df3a476d7ddda42252b91ea14759a5a6461b365653c0db8f8258cd1b7a97f0e2,1076502.0,558.0,5457.0,186.0,4.0,2026-09-19T10:44:54.229827
20240305,OK,file://data\raw\nse\fo_zip\fo_20240305.csv.zip,7ecbaeba8810f4254cd42e22dfc890c265d2e09a1c40c3a8ad25f5bad6a9c73f,1106267.0,558.0,5435.0,186.0,4.0,2026-09-19T10:44:54.687769
20240306,OK,file://data\raw\nse\fo_zip\fo_20240306.csv.zip,671c4a43e0d72e91d6730f1aaaa8253a469c29cc085a614556e50f13d4bd22f0,1147187.0,558.0,5411.0,186.0,4.0,2026-09-19T10:44:55.079396
20240307,OK,file://data\raw\nse\fo_zip\fo_20240307.csv.zip,ea5bfffdee9b6e7489b56dcb612539f12c32c4f385946b8d7e36a6fedaa488df,1156831.0,558.0,5435.0,186.0,4.0,2026-09-19T10:44:55.485297
20240311,OK,file://data\raw\nse\fo_zip\fo_20240311.csv.zip,82d81f11224e96f29398befcf14fc8e6c4cec54ddccc12291a39014f64e9c278,1170193.0,558.0,5417.0,186.0,4.0,2026-09-19T10:44:55.872595
20240312,OK,file://data\raw\nse\fo_zip\fo_20240312.csv.zip,a2852cced4e97b1e3fc93a161b8e42a8af266c9ffc40072684341e1f357427f3,1183854.0,558.0,5399.0,186.0,4.0,2026-09-19T10:44:56.259540
20240313,OK,file://data\raw\nse\fo_zip\fo_20240313.csv.zip,eb20afc68f88a6478de6800d03ddc244881dec410d66294d6853093f33fd918f,1261607.0,558.0,5403.0,186.0,4.0,2026-09-19T10:44:56.656750
20240314,OK,file://data\raw\nse\fo_zip\fo_20240314.csv.zip,d4e3ef01576c84fbbf0ab0b402e652ae75d4e4904f78b85791512553c0c9f614,1277702.0,558.0,5507.0,186.0,4.0,2026-09-19T10:44:57.060631
20240315,OK,file://data\raw\nse\fo_zip\fo_20240315.csv.zip,e4a8c6538ef33fba1853f229badab54ff4aea99b6b27be235ba4b64502b743e8,1290394.0,558.0,5483.0,186.0,4.0,2026-09-19T10:44:57.470351
20240318,OK,file://data\raw\nse\fo_zip\fo_20240318.csv.zip,9a02f8de214830202f3835e227f059f79031f9a32d2613db3905ad95892840b0,1293881.0,558.0,5509.0,186.0,4.0,2026-09-19T10:44:57.877760
20240319,OK,file://data\raw\nse\fo_zip\fo_20240319.csv.zip,bccccc07d22abd9d83521e19e9528f32022ea5d86c5cf42cd42c71eaae6df20e,1299075.0,558.0,5477.0,186.0,4.0,2026-09-19T10:44:58.299713
20240320,OK,file://data\raw\nse\fo_zip\fo_20240320.csv.zip,f58dff1053cb58d5cfc86070e6c868c194fdee8c35aa296c514c15247fe55e0b,1324797.0,558.0,5571.0,186.0,4.0,2026-09-19T10:44:58.729319
20240321,OK,file://data\raw\nse\fo_zip\fo_20240321.csv.zip,49dfb0bb43128602242961ce7f266d31d7ea3ef5737aa5a5835cfe14b8f187aa,1339940.0,558.0,5555.0,186.0,4.0,2026-09-19T10:44:59.158193
20240322,OK,file://data\raw\nse\fo_zip\fo_20240322.csv.zip,6b91fa076bdc4d02f4ef5927d87a749cc435ab53e761ae213dca35aec6446d45,1360574.0,558.0,5545.0,186.0,4.0,2026-09-19T10:44:59.624104
20240326,OK,file://data\raw\nse\fo_zip\fo_20240326.csv.zip,18abdee37c4f8947feb570da17fa43d82aeb06f596f3d576bdeb7660a4afc27d,1415458.0,558.0,5485.0,186.0,4.0,2026-09-19T10:45:00.054207
20240327,OK,file://data\raw\nse\fo_zip\fo_20240327.csv.zip,1994471ca177de645568d41b8e3b8bbf1ec04e38b18672d60118fa07c369ab7d,1413819.0,558.0,5459.0,186.0,4.0,2026-09-19T10:45:00.484514
20240328,OK,file://data\raw\nse\fo_zip\fo_20240328.csv.zip,0b00df4b986c74265748e0cc5c0d3e4f89f14303d1706a7dccd3882fdd5b68fc,1405944.0,558.0,5401.0,186.0,4.0,2026-09-19T10:45:00.929410
20240401,OK,file://data\raw\nse\fo_zip\fo_20240401.csv.zip,240c6bd1e69dfaf12f796c3d379f1d5755993898801fa87751cec666d40bea3b,1124444.0,558.0,5397.0,186.0,4.0,2026-09-19T10:45:01.321104
20240402,OK,file://data\raw\nse\fo_zip\fo_20240402.csv.zip,94cc4b5f9ffb6ed1f297549998ec4ccf4c0490d5901aceede9c6c6b2786d0326,1026518.0,558.0,5443.0,186.0,4.0,2026-09-19T10:45:01.695479
20240403,OK,file://data\raw\nse\fo_zip\fo_20240403.csv.zip,bbf2a2af093115d657f565c36aafac9b9aacd4ddd1b2c95fc21ca94617b34b85,1061981.0,558.0,5425.0,186.0,4.0,2026-09-19T10:45:02.038508
20240404,OK,file://data\raw\nse\fo_zip\fo_20240404.csv.zip,0cad5f9e19eac3d1b128ccfc75e85aaf5d2a48643b2ce46cb27053b44f79eb4e,1085258.0,558.0,5401.0,186.0,4.0,2026-09-19T10:45:02.426312
20240405,OK,file://data\raw\nse\fo_zip\fo_20240405.csv.zip,962c0e0e3d5b4aa4234224660ff45281decd22f80682813245cfc2bbfc572ead,1096504.0,558.0,5487.0,186.0,4.0,2026-09-19T10:45:02.800162
20240408,OK,file://data\raw\nse\fo_zip\fo_20240408.csv.zip,8bfc38f35968caf6b3bffe7d34f1f5178abe6fb017fd2b13803a99b1c38de11a,1130171.0,558.0,5599.0,186.0,4.0,2026-09-19T10:45:03.155295
20240409,OK,file://data\raw\nse\fo_zip\fo_20240409.csv.zip,9289b31ad092f63f04c4171f69d9bdf57ca26c8593315d9c6f2678a71574dbe9,1153000.0,558.0,5597.0,186.0,4.0,2026-09-19T10:45:03.525866
20240410,OK,file://data\raw\nse\fo_zip\fo_20240410.csv.zip,1737500329d09e7eed8d1e5441b5dc5f97d6845d716a43f7313d6a6c3252547a,1172657.0,558.0,5589.0,186.0,4.0,2026-09-19T10:45:03.901192
20240412,OK,file://data\raw\nse\fo_zip\fo_20240412.csv.zip,60678cfbbd7bd1e40818c7ad5081d68f0f4cc1fed4adaad5352a8657d38b477f,1186855.0,558.0,5613.0,186.0,4.0,2026-09-19T10:45:04.282393
20240415,OK,file://data\raw\nse\fo_zip\fo_20240415.csv.zip,758b65141978de7267788d09d049b3a9ba4b84bdecad84eac986e8044118c287,1215532.0,558.0,5641.0,186.0,4.0,2026-09-19T10:45:04.677332
20240416,OK,file://data\raw\nse\fo_zip\fo_20240416.csv.zip,1ed935f6d5a228c16da8f8fc19f0bb8a666af0c85184fd6e65c682acf2c1319e,1226615.0,558.0,5635.0,186.0,4.0,2026-09-19T10:45:05.054075
20240418,OK,file://data\raw\nse\fo_zip\fo_20240418.csv.zip,0965f9d65d200b3fce1a9ecba025bdc8ed348c2920148ef656f1641b91bcc473,1257560.0,558.0,5561.0,186.0,4.0,2026-09-19T10:45:05.454844
20240419,OK,file://data\raw\nse\fo_zip\fo_20240419.csv.zip,d1fa119924b7944e3d5514a019d5a6c3262272d851916255fe61fd25c3a8a8be,1269931.0,558.0,5599.0,186.0,4.0,2026-09-19T10:45:05.901593
20240422,OK,file://data\raw\nse\fo_zip\fo_20240422.csv.zip,34e9ce5b5f5b88858ce37ab052e375c699b7ee9b3eb472cdd0d77942e16a9d79,1302249.0,558.0,5623.0,186.0,4.0,2026-09-19T10:45:06.541408
20240423,OK,file://data\raw\nse\fo_zip\fo_20240423.csv.zip,39a9df02331002ab34a5284432bf703f8eef719e3351eb07c2f965751e7a00a8,1312801.0,558.0,5579.0,186.0,4.0,2026-09-19T10:45:06.986608
20240424,OK,file://data\raw\nse\fo_zip\fo_20240424.csv.zip,7d7ad7937cc43dc6716c44a7fecd0c57d212ec923b7273c8c9d96506659a9cee,1345537.0,561.0,6173.0,187.0,5.0,2026-09-19T10:45:07.395883
20240425,OK,file://data\raw\nse\fo_zip\fo_20240425.csv.zip,0ba9c07d3034fe310ee942a6299a4fc272844c07c12289a815e2c2ba765a60b8,1349888.0,561.0,6143.0,187.0,5.0,2026-09-19T10:45:07.804769
20240426,OK,file://data\raw\nse\fo_zip\fo_20240426.csv.zip,931b0c4d52c7d84187af07fd3628ad38b1f24af7b93b2cf49aeb78f8814ba6ba,1121589.0,560.0,6139.0,187.0,5.0,2026-09-19T10:45:08.172263
20240429,OK,file://data\raw\nse\fo_zip\fo_20240429.csv.zip,d1e7425fd23f800a8c39b7ff1ed317a399195e081b9a5942bd75e2f46ac44ff7,1054980.0,560.0,6197.0,187.0,5.0,2026-09-19T10:45:08.514523
20240430,OK,file://data\raw\nse\fo_zip\fo_20240430.csv.zip,f3396f3d8d2d9b3a55a0f720f91bb90e11ab265740263671bc1c571e737d53fc,1096824.0,560.0,6297.0,187.0,5.0,2026-09-19T10:45:08.879250
20240502,OK,file://data\raw\nse\fo_zip\fo_20240502.csv.zip,ff8711440049075b6cb61c52841cd6cef2c6fd19c3d4cd689a765f1dc60dce32,1116208.0,560.0,6221.0,187.0,5.0,2026-09-19T10:45:09.237852
20240503,OK,file://data\raw\nse\fo_zip\fo_20240503.csv.zip,4425a2f2973e1204c52422f4f4230f27576faf64f022a49abec22cfd5390aae1,1155443.0,560.0,6313.0,187.0,5.0,2026-09-19T10:45:09.620405
20240506,OK,file://data\raw\nse\fo_zip\fo_20240506.csv.zip,5e0f70b35eaf48cca309358c1372b38372ab9b39fad0f04094ae3913ea47fd77,1175501.0,560.0,6325.0,187.0,5.0,2026-09-19T10:45:10.009963
20240507,OK,file://data\raw\nse\fo_zip\fo_20240507.csv.zip,1856bb7e6f524bb71be4526cdb84375e4881e0a117c3f414edb69024c4843079,1208005.0,560.0,6305.0,187.0,5.0,2026-09-19T10:45:10.414588
20240508,OK,file://data\raw\nse\fo_zip\fo_20240508.csv.zip,716e17113f49ef81a401c7098dd086ead42b96e5b94e50ee9161de95db37060d,1224416.0,560.0,6313.0,187.0,5.0,2026-09-19T10:45:10.800927
20240509,OK,file://data\raw\nse\fo_zip\fo_20240509.csv.zip,285588073f1a8e109e9a156e5886ebb0caa2d87728efaee5a142dc14d0a36db9,1244940.0,560.0,6279.0,187.0,5.0,2026-09-19T10:45:11.185980
20240510,OK,file://data\raw\nse\fo_zip\fo_20240510.csv.zip,fe0ccaad7653ed3aea560ec6b96f581cb00b7eb39149e4fc8e3b1efdcaa9811b,1256842.0,560.0,6365.0,187.0,5.0,2026-09-19T10:45:11.605008
20240513,OK,file://data\raw\nse\fo_zip\fo_20240513.csv.zip,be1b8c517763f28bda3d6dbff8f2c6d4a726f97ea96f3033ef03e234c1068b63,1281531.0,560.0,6375.0,187.0,5.0,2026-09-19T10:45:12.000729
20240514,OK,file://data\raw\nse\fo_zip\fo_20240514.csv.zip,51a65835140c6cf39874ef926c153963a4d5351d1310a40f2d27794c08573110,1279213.0,560.0,6347.0,187.0,5.0,2026-09-19T10:45:12.412163
20240515,OK,file://data\raw\nse\fo_zip\fo_20240515.csv.zip,fdcbba5045eaabcc0a7f38884c0ea786ff50fe7ba77e26ce892d785f776e3b47,1281396.0,560.0,6315.0,187.0,5.0,2026-09-19T10:45:12.823323
20240516,OK,file://data\raw\nse\fo_zip\fo_20240516.csv.zip,fec9a6753760c29ab4a6eef3d237b154c07e2b883816dd6144d4dc7f99346c8b,1300599.0,560.0,6299.0,187.0,5.0,2026-09-19T10:45:13.235673
20240517,OK,file://data\raw\nse\fo_zip\fo_20240517.csv.zip,473427682b46419d8d60537ba8e1c2b83c841cb91bad1f0f346d06f9fd364013,1313397.0,560.0,6367.0,187.0,5.0,2026-09-19T10:45:13.666873
20240521,OK,file://data\raw\nse\fo_zip\fo_20240521.csv.zip,34871ad2b68af762738a0f6ed14369677f3024fa3c84ff324c96d3814f5f25a6,1354690.0,560.0,6443.0,187.0,5.0,2026-09-19T10:45:14.141814
20240522,OK,file://data\raw\nse\fo_zip\fo_20240522.csv.zip,b6890f9c1aca935d1568a30c28d18e327bc1857e48809aff4fda8a1c43434d65,1365452.0,560.0,6437.0,187.0,5.0,2026-09-19T10:45:14.573852
20240523,OK,file://data\raw\nse\fo_zip\fo_20240523.csv.zip,461c44e0d3a4996e21c855b80db9ad7f848c55a455c374bbe6f7e9c21fe9572d,1380257.0,560.0,6423.0,187.0,5.0,2026-09-19T10:45:15.048798
20240524,OK,file://data\raw\nse\fo_zip\fo_20240524.csv.zip,96cd4397e7b04900ee8403ae3c4719e5eec84293a1fc63c80bf1137aeb5639a5,1396447.0,560.0,6611.0,187.0,5.0,2026-09-19T10:45:15.583785
20240527,OK,file://data\raw\nse\fo_zip\fo_20240527.csv.zip,4d4a66bcd907b5cf7e9cbdafb3585a3f594715aed76238963ba5d1e18c0a14bf,1434499.0,560.0,6697.0,187.0,5.0,2026-09-19T10:45:16.066197
20240528,OK,file://data\raw\nse\fo_zip\fo_20240528.csv.zip,8e0db25e7ff57ff64f6e7a045be55589da1cdc986a2cc23b5d7a5cb602ad1b9f,1432771.0,560.0,6707.0,187.0,5.0,2026-09-19T10:45:16.540649
20240529,OK,file://data\raw\nse\fo_zip\fo_20240529.csv.zip,f97e4cab66c38aa5815ecfc9336cb7816bde607862d0f182e6d8478f94719741,1437886.0,560.0,6675.0,187.0,5.0,2026-09-19T10:45:17.005426
20240530,OK,file://data\raw\nse\fo_zip\fo_20240530.csv.zip,a3da4cbc49b7b47f80693a14e84cc792448f21c988017c4726a6442b27845c97,1442680.0,560.0,6635.0,187.0,5.0,2026-09-19T10:45:17.461970
20240531,OK,file://data\raw\nse\fo_zip\fo_20240531.csv.zip,ab665d2cb80490c38a8c6dd6f155c0caf79f6a049b7ddc743c704d246598f8f0,1166620.0,559.0,6615.0,187.0,5.0,2026-09-19T10:45:17.882938
20240603,OK,file://data\raw\nse\fo_zip\fo_20240603.csv.zip,55004ed9920ad1ecf364e600565f3aef8297711a8228d607e7847486cf88e68b,1135036.0,559.0,6735.0,187.0,5.0,2026-09-19T10:45:18.260830
20240604,OK,file://data\raw\nse\fo_zip\fo_20240604.csv.zip,05bd164725bacda68d75f29d6df111a7791fed94bf592c16d03278270c904ff3,1373667.0,559.0,7383.0,187.0,5.0,2026-09-19T10:45:18.711400
20240605,OK,file://data\raw\nse\fo_zip\fo_20240605.csv.zip,08172d97792b1c3bef93a0aa3903c0e8bd6f95a6568a9bc4ae2e60b0148e0183,1439023.0,559.0,7559.0,187.0,5.0,2026-09-19T10:45:19.202536
20240606,OK,file://data\raw\nse\fo_zip\fo_20240606.csv.zip,d470452020acb798db9281723beedf1d202814b1b3ce66241351e84e61172c02,1446274.0,559.0,7509.0,187.0,5.0,2026-09-19T10:45:19.694114
20240607,OK,file://data\raw\nse\fo_zip\fo_20240607.csv.zip,b7484b33eef919bffe95597773f8a9f8ed3e9d471947d03e4d7e9a45f64bac4f,1447800.0,559.0,7469.0,187.0,5.0,2026-09-19T10:45:20.191250
20240610,OK,file://data\raw\nse\fo_zip\fo_20240610.csv.zip,d619022e10b240c3bcf3390196628a7f36b98ac7c8fedba8c04728374881c733,1477542.0,559.0,7535.0,187.0,5.0,2026-09-19T10:45:20.776656
20240611,OK,file://data\raw\nse\fo_zip\fo_20240611.csv.zip,1c4c06ead1e4079875e8918bb65e560b3d740668b02be9127bb27432cf1776c4,1472260.0,559.0,7455.0,187.0,5.0,2026-09-19T10:45:21.329943
20240612,OK,file://data\raw\nse\fo_zip\fo_20240612.csv.zip,3f240b7b80a14c20baef11a1f8714f977b5d76e5269fe4c8e6a02e8edd719598,1483650.0,559.0,7399.0,187.0,5.0,2026-09-19T10:45:21.881510
20240613,OK,file://data\raw\nse\fo_zip\fo_20240613.csv.zip,47d806823cf5cd47788966513748f0702ca84379cd2d906accdfc6db5813e6e7,1495603.0,559.0,7397.0,187.0,5.0,2026-09-19T10:45:22.391088
20240614,OK,file://data\raw\nse\fo_zip\fo_20240614.csv.zip,f81ce2c3923d09f26a85ad178515b112d5e648fa614cfa3b7bf32986de972ac6,1445716.0,559.0,7407.0,187.0,5.0,2026-09-19T10:45:22.902160
20240618,OK,file://data\raw\nse\fo_zip\fo_20240618.csv.zip,a3bc904100de62df1ce4fddbac35d1b848090684f1a65cf6238bc15a32258a91,1554823.0,559.0,7459.0,187.0,5.0,2026-09-19T10:45:23.426291
20240619,OK,file://data\raw\nse\fo_zip\fo_20240619.csv.zip,1cfff059b9d3d719a58d18c122b138ea152172b2b560a0492bab067d5134fdbb,1593224.0,559.0,7623.0,187.0,5.0,2026-09-19T10:45:23.954745
20240620,OK,file://data\raw\nse\fo_zip\fo_20240620.csv.zip,0416ec3ed5e28ed6a62b334fe9a4e5c57cc639905b5100c70362962543c47a98,1608899.0,559.0,7631.0,187.0,5.0,2026-09-19T10:45:24.510791
20240621,OK,file://data\raw\nse\fo_zip\fo_20240621.csv.zip,9c618cc47c6744b3942cb587c7b18c15223b47d061662a783bcdba6d97ea43db,1636480.0,559.0,7637.0,187.0,5.0,2026-09-19T10:45:25.112735
20240624,OK,file://data\raw\nse\fo_zip\fo_20240624.csv.zip,e000993be28de2f27fdaba6dfbe1a903b1f09acda78debd6160f5bc3a5b6204a,1662496.0,559.0,7667.0,187.0,5.0,2026-09-19T10:45:25.627703
20240625,OK,file://data\raw\nse\fo_zip\fo_20240625.csv.zip,3ee592fc450201276fb85bfb728e7ee03bf10744c1d953abe5b8b991feea06f6,1680875.0,559.0,7587.0,187.0,5.0,2026-09-19T10:45:26.121270
20240626,OK,file://data\raw\nse\fo_zip\fo_20240626.csv.zip,71e2f6d9e4a2063df2caab89067302f6001e50efd96f7f341364ab7ca3db8750,1709734.0,559.0,7715.0,187.0,5.0,2026-09-19T10:45:26.648869
20240627,OK,file://data\raw\nse\fo_zip\fo_20240627.csv.zip,85bc06430353801c6c28702bc3640b46bea0da921b7e6379fa1e10b54d2e6e37,1697561.0,559.0,7697.0,187.0,5.0,2026-09-19T10:45:27.177645
20240628,OK,file://data\raw\nse\fo_zip\fo_20240628.csv.zip,b4babe2e495a8eb00ca8b8ad04ab76c802609c1b48e6fa7306b8e176d2512d37,1321681.0,557.0,7634.0,186.0,5.0,2026-09-19T10:45:27.638313
20240701,OK,file://data\raw\nse\fo_zip\fo_20240701.csv.zip,acb03484d514018b6a23f764cf412c2e5eb7cd6b8fd3cffe7decd3888d808beb,1092193.0,557.0,7448.0,186.0,5.0,2026-09-19T10:45:28.022365
20240702,OK,file://data\raw\nse\fo_zip\fo_20240702.csv.zip,70592ab10c3606312f0af5e8995f8f9fb5940b8391171ecb036a854e50f6f2ae,1124663.0,557.0,7368.0,186.0,5.0,2026-09-19T10:45:28.385465
20240703,OK,file://data\raw\nse\fo_zip\fo_20240703.csv.zip,ac36b79a24f93a15b814891d9faa5e612d821fa3573f3f580b18f773bce5c8e9,1124879.0,557.0,7268.0,186.0,5.0,2026-09-19T10:45:28.748078
20240704,OK,file://data\raw\nse\fo_zip\fo_20240704.csv.zip,0858fb05861eb8c94eb022103c148f6cf476b1ec85fb02b1f223b11aaf8026ce,1138427.0,557.0,7310.0,186.0,5.0,2026-09-19T10:45:29.116424
20240705,OK,file://data\raw\nse\fo_zip\fo_20240705.csv.zip,73eea62cf01840db2209779b6d3b7a88b83be744d3e8b0c3fac4d98d154b276c,1147960.0,557.0,7308.0,186.0,5.0,2026-09-19T10:45:29.486351
20240708,OK,file://data\raw\nse\fo_zip\fo_20240708.csv.zip,af47c5b8b6e0ac02da4d5a4d22d46d73527d81552a93aba99ae91590b8549d76,1170530.0,557.0,7402.0,186.0,5.0,2026-09-19T10:45:29.877456
20240709,OK,file://data\raw\nse\fo_zip\fo_20240709.csv.zip,8088e72d5379a73e34f9d8a3a3215ea4896e871cfe450ab0ccbc3f729533ffae,1171162.0,557.0,7264.0,186.0,5.0,2026-09-19T10:45:30.246607
20240710,OK,file://data\raw\nse\fo_zip\fo_20240710.csv.zip,39dacf9f57713fe1b7a2c7a235077482baf7951c1bae6d7445abf6d3cbf23ca6,1197134.0,557.0,7212.0,186.0,5.0,2026-09-19T10:45:30.621917
20240711,OK,file://data\raw\nse\fo_zip\fo_20240711.csv.zip,b7b19c0e23109971157c0e8bd71b45c316f2627270261669b99b186eaa2e4dd9,1190832.0,557.0,7142.0,186.0,5.0,2026-09-19T10:45:30.998856
20240712,OK,file://data\raw\nse\fo_zip\fo_20240712.csv.zip,5b85fe3b95deaf70028117b1223d339f630b87d82e5edadce5b82ce50b4e63b0,1204362.0,557.0,7088.0,186.0,5.0,2026-09-19T10:45:31.383204
20240715,OK,file://data\raw\nse\fo_zip\fo_20240715.csv.zip,9388a8c6428344538272fc1e5f85a513f944b42cfb23c8c834fe03916073b68e,1225491.0,557.0,7132.0,186.0,5.0,2026-09-19T10:45:31.761935
20240716,OK,file://data\raw\nse\fo_zip\fo_20240716.csv.zip,bc1c4a0ba6123624812fb728b8117975ae913a2044191b794cb55212590fc8c5,1242077.0,557.0,7128.0,186.0,5.0,2026-09-19T10:45:32.140863
20240718,OK,file://data\raw\nse\fo_zip\fo_20240718.csv.zip,d722f85f9dbb8ff528ba9355038b8a73b817b9f73f464e97cfeca1f5bd91286c,1254101.0,557.0,6992.0,186.0,5.0,2026-09-19T10:45:32.676859
20240719,OK,file://data\raw\nse\fo_zip\fo_20240719.csv.zip,1d04e180cf779a5bc58ac30f925bc7f045bf1f91e370e55f4e04abda9c5dfb9b,1296692.0,557.0,7012.0,186.0,5.0,2026-09-19T10:45:33.169782
20240722,OK,file://data\raw\nse\fo_zip\fo_20240722.csv.zip,110cd193cfccba9242488e9cafd58f65602585b4fe89551c507a356d153ab052,1324396.0,557.0,7068.0,186.0,5.0,2026-09-19T10:45:33.645830
20240723,OK,file://data\raw\nse\fo_zip\fo_20240723.csv.zip,6816b75273a327472d4451034fdfb8600fc42a793a2313c5b3b599ce1d831252,1368443.0,557.0,7046.0,186.0,5.0,2026-09-19T10:45:34.099208
20240724,OK,file://data\raw\nse\fo_zip\fo_20240724.csv.zip,b83aae4352e338873151989b914b241c06d02968602519f802b4f226e2d97bc3,1373410.0,557.0,7058.0,186.0,5.0,2026-09-19T10:45:34.594039
20240725,OK,file://data\raw\nse\fo_zip\fo_20240725.csv.zip,6d2307893f6ac75945152f4d6db424463a6cdda183ef328186620bbca5f3804f,1359216.0,557.0,7099.0,186.0,5.0,2026-09-19T10:45:35.188135
20240726,OK,file://data\raw\nse\fo_zip\fo_20240726.csv.zip,ede247757505eabd6288d9d4629da21d28a605f4873c2591b06095db66cb45a7,1079139.0,556.0,7049.0,186.0,5.0,2026-09-19T10:45:35.593091
20240729,OK,file://data\raw\nse\fo_zip\fo_20240729.csv.zip,031e3459e53acee9c48c06f48c087322bab1b43eeb84fbdf2d2b21a31a328fa7,1025214.0,556.0,6929.0,186.0,5.0,2026-09-19T10:45:35.940200
20240730,OK,file://data\raw\nse\fo_zip\fo_20240730.csv.zip,c75a2c35d21a0fd4504479d71b6a8fa422a11324541a5d1564e9b6198d797307,1041167.0,556.0,6855.0,186.0,5.0,2026-09-19T10:45:36.261338
20240731,OK,file://data\raw\nse\fo_zip\fo_20240731.csv.zip,75439cdfb9baea00a1d738bb9276f212ece95b0894534eed15aa98c3b672913b,1056892.0,556.0,6813.0,186.0,5.0,2026-09-19T10:45:36.620172
20240801,OK,file://data\raw\nse\fo_zip\fo_20240801.csv.zip,6ff07f2ac1821259513c8a8dc63a73c55d70fd66d3562e708e4ba312389aace9,1072409.0,556.0,6783.0,186.0,5.0,2026-09-19T10:45:36.962954
20240802,OK,file://data\raw\nse\fo_zip\fo_20240802.csv.zip,c7b178edc1b25efc4e24dbd9005f4421f2ce68c1500abc44e4bf55dd326a4169,1083454.0,556.0,6737.0,186.0,5.0,2026-09-19T10:45:37.296622
20240805,OK,file://data\raw\nse\fo_zip\fo_20240805.csv.zip,573fb324bb2ccc069119c921ec34de146a793fbb4ad4a9fb52a501228b0ba200,1156412.0,556.0,6873.0,186.0,5.0,2026-09-19T10:45:37.651998
20240806,OK,file://data\raw\nse\fo_zip\fo_20240806.csv.zip,1578db8dee09f7df3df6f68322c383e8806620afed2f83b87016f437aefa7e60,1165104.0,556.0,7050.0,186.0,5.0,2026-09-19T10:45:38.015373
20240807,OK,file://data\raw\nse\fo_zip\fo_20240807.csv.zip,a672101443d44edc374ad8ca22cf5a24306355464470e5921464b19dca383096,1158421.0,556.0,7156.0,186.0,5.0,2026-09-19T10:45:38.371353
20240808,OK,file://data\raw\nse\fo_zip\fo_20240808.csv.zip,f82d1414c69fb255d5efbb43e2cdfa3155a514d20f7f626164b9be2712efe9f3,1176330.0,556.0,7116.0,186.0,5.0,2026-09-19T10:45:38.742691
20240809,OK,file://data\raw\nse\fo_zip\fo_20240809.csv.zip,4622e5abcc68c9923e44abc3287bf74420d9ff39106e81ec658f51ee749e25f4,1182578.0,556.0,7078.0,186.0,5.0,2026-09-19T10:45:39.108460
20240812,OK,file://data\raw\nse\fo_zip\fo_20240812.csv.zip,fe306cd2cec5ce777c8f8857752f6d0194a109acf166e415b05da40ae761e5ff,1201369.0,556.0,7104.0,186.0,5.0,2026-09-19T10:45:39.478599
20240813,OK,file://data\raw\nse\fo_zip\fo_20240813.csv.zip,3e477877a5c6f833c741dee4080ca6c57afa27aed7028a9f91bd9938f04a6adb,1208926.0,556.0,7050.0,186.0,5.0,2026-09-19T10:45:39.861304
20240814,OK,file://data\raw\nse\fo_zip\fo_20240814.csv.zip,b2d05151f0ef18cdb028dcd975b6b6dac3671e1e6ef5420cd0e1fbad6900f091,1211415.0,556.0,7010.0,186.0,5.0,2026-09-19T10:45:40.244919
20240816,OK,file://data\raw\nse\fo_zip\fo_20240816.csv.zip,3ba56d22900f84472c30de7e158e74ee31879e1a16b9e3bba47752dccb4537dc,1220272.0,556.0,6920.0,186.0,5.0,2026-09-19T10:45:40.656014
20240819,OK,file://data\raw\nse\fo_zip\fo_20240819.csv.zip,7e9996269a057bf854c4a77fff9c2d6e9465f710cf8727677a1acb5aebb5c590,1222160.0,556.0,6988.0,186.0,5.0,2026-09-19T10:45:41.041593
20240820,OK,file://data\raw\nse\fo_zip\fo_20240820.csv.zip,7ffbe2382ce3ee08fedfce0b1e0d19485165d3486864a9f3e76296787ffdfd16,1232885.0,556.0,6930.0,186.0,5.0,2026-09-19T10:45:41.427469
20240821,OK,file://data\raw\nse\fo_zip\fo_20240821.csv.zip,a09f6d5c2da2a0f1bc21957c2152dacf382db8725ec1cb27e18a19ecfbe98a36,1235085.0,556.0,6956.0,186.0,5.0,2026-09-19T10:45:41.824432
20240822,OK,file://data\raw\nse\fo_zip\fo_20240822.csv.zip,eaf9847804ddd47350066d8616deaab0fc891c05db931f255cd9d7fe4ef06a65,1260212.0,556.0,6916.0,186.0,5.0,2026-09-19T10:45:42.205429
20240823,OK,file://data\raw\nse\fo_zip\fo_20240823.csv.zip,cc1590a24d4cc2364415f2b0003fa0198579bc9b34b78ee8d4a5a7f42ba12e68,1268136.0,556.0,6974.0,186.0,5.0,2026-09-19T10:45:42.586048
20240826,OK,file://data\raw\nse\fo_zip\fo_20240826.csv.zip,645d0f4d152cbf4940b3236c0175c03e74c083c13fdfdb4db7647c48fb2f9b2d,1284872.0,556.0,6974.0,186.0,5.0,2026-09-19T10:45:42.969933
20240827,OK,file://data\raw\nse\fo_zip\fo_20240827.csv.zip,d6fe45d9285d1174c0b47d8c48832fae3c977c324bb96243ecae907beb71841d,1302684.0,556.0,6840.0,186.0,5.0,2026-09-19T10:45:43.351858
20240828,OK,file://data\raw\nse\fo_zip\fo_20240828.csv.zip,7c699fbfd3fb6daac18bb28ce469d7caf46d5029b80b35cb3dc08206d0776c69,1308177.0,556.0,6816.0,186.0,5.0,2026-09-19T10:45:43.732121
20240829,OK,file://data\raw\nse\fo_zip\fo_20240829.csv.zip,0b250acea48d6f0ba7eb802ab3d650dd5015eacee16b184816556a49d6fc5b08,1310955.0,556.0,6722.0,186.0,5.0,2026-09-19T10:45:44.106835
20240830,OK,file://data\raw\nse\fo_zip\fo_20240830.csv.zip,a9659eb00c0fc6f62e2ec7301267feae192bffe5da4c678386c823b043a6fbc5,1047671.0,554.0,6622.0,185.0,5.0,2026-09-19T10:45:44.445950
20240902,OK,file://data\raw\nse\fo_zip\fo_20240902.csv.zip,22838d326d9c44cb6f38378ca912cede3dce09ad6294929d8719461081de05b8,977469.0,554.0,6466.0,185.0,5.0,2026-09-19T10:45:44.767630
20240903,OK,file://data\raw\nse\fo_zip\fo_20240903.csv.zip,fff4342acd354aa76eacfffdaf45aa8805e9dd2f2aebe7e9c62b327c6ffd06d4,992684.0,554.0,6430.0,185.0,5.0,2026-09-19T10:45:45.099426
20240904,OK,file://data\raw\nse\fo_zip\fo_20240904.csv.zip,e5e98f1927b50a6b897605a3295332cfee98346782e34287a2a3932d896935b2,1010726.0,554.0,6480.0,185.0,5.0,2026-09-19T10:45:45.437317
20240905,OK,file://data\raw\nse\fo_zip\fo_20240905.csv.zip,0b67c9c686c65b018878b9a22cd92dfe59e88544e6e026f1763e4639e257d471,1021227.0,554.0,6456.0,185.0,5.0,2026-09-19T10:45:45.768268
20240906,OK,file://data\raw\nse\fo_zip\fo_20240906.csv.zip,02b76b577c488c7c53e56eca2d282f74ceede99a594655ad9327c4f0a5ccc5b1,1050472.0,554.0,6432.0,185.0,5.0,2026-09-19T10:45:46.092425
20240909,OK,file://data\raw\nse\fo_zip\fo_20240909.csv.zip,e1496ff5590dfe417508ce797c6d1eaedacb1d96a542896f58e13de08ab8f118,1065677.0,554.0,6522.0,185.0,5.0,2026-09-19T10:45:46.439814
20240910,OK,file://data\raw\nse\fo_zip\fo_20240910.csv.zip,28a4278ea165921051fba296f6e0ba0044fc390db23cfdc11fe6cb40f5c29572,1070119.0,554.0,6452.0,185.0,5.0,2026-09-19T10:45:46.775307
20240911,OK,file://data\raw\nse\fo_zip\fo_20240911.csv.zip,a834f9084a1acda661805cf0f1d765fe9f6747a114c87ee45b3a3cf4169f36ea,1078253.0,554.0,6408.0,185.0,5.0,2026-09-19T10:45:47.117002
20240912,OK,file://data\raw\nse\fo_zip\fo_20240912.csv.zip,7a5608d11c8585cc67fa5e3d49fcbccf4ef5552eb1afcd2af304d65da77c9ed1,1096501.0,554.0,6370.0,185.0,5.0,2026-09-19T10:45:47.458081
20240913,OK,file://data\raw\nse\fo_zip\fo_20240913.csv.zip,32a6f3c7841f06dc6ffdbb27cb86fa2067d1739e294d4931024ed76fd0e5f9c9,1106964.0,554.0,6414.0,185.0,5.0,2026-09-19T10:45:47.828562
20240916,OK,file://data\raw\nse\fo_zip\fo_20240916.csv.zip,20fbe25eb40aa846c8df4ccf7edb5e6e2502ddcb5060ea3288805d27c2ba3cad,1122087.0,554.0,6474.0,185.0,5.0,2026-09-19T10:45:48.186004
20240917,OK,file://data\raw\nse\fo_zip\fo_20240917.csv.zip,629ebbb34fc7e9849a9f58722971e7a0139efd3f79f13416310ec670a05d73e6,1128825.0,554.0,6434.0,185.0,5.0,2026-09-19T10:45:48.540718
20240918,OK,file://data\raw\nse\fo_zip\fo_20240918.csv.zip,1e0226dbc8f9f693d79d0bb8e89420cc416ff6e64d9634cee52e3bfb8ee56740,1156547.0,554.0,6378.0,185.0,5.0,2026-09-19T10:45:48.913353
20240919,OK,file://data\raw\nse\fo_zip\fo_20240919.csv.zip,77a263a165af509a9c58e9298cc907c38f76f43eee99ca020608047780ba1e7e,1179168.0,554.0,6486.0,185.0,5.0,2026-09-19T10:45:49.266152
20240920,OK,file://data\raw\nse\fo_zip\fo_20240920.csv.zip,f2a6089cc102d0f7fd650257925877ba7e729a0035de165a4a06ca7eba18695d,1203220.0,554.0,6474.0,185.0,5.0,2026-09-19T10:45:49.631311
20240923,OK,file://data\raw\nse\fo_zip\fo_20240923.csv.zip,e5d39f81e57c8ede6a11195a6c74842cd691dcd34ef0ec9b9ab5b67c36b3ba6a,1239698.0,554.0,6832.0,185.0,5.0,2026-09-19T10:45:49.993682
20240924,OK,file://data\raw\nse\fo_zip\fo_20240924.csv.zip,a1d1560ea0aa90dab495c274675fa766119959b5669c34251407c6a22933d8c9,1251951.0,554.0,6960.0,185.0,5.0,2026-09-19T10:45:50.405709
20240925,OK,file://data\raw\nse\fo_zip\fo_20240925.csv.zip,f316bd5dc1b018e363a4f351bd3972a8f16544fa7447289d8defe0b85fa1f835,1275900.0,554.0,6904.0,185.0,5.0,2026-09-19T10:45:50.818434
20240926,OK,file://data\raw\nse\fo_zip\fo_20240926.csv.zip,20b516d9693114a9c6c4eca6aea72a79f962280fb2e093a1cb565e973b8fb98f,1257888.0,554.0,6834.0,185.0,5.0,2026-09-19T10:45:51.197006
20240927,OK,file://data\raw\nse\fo_zip\fo_20240927.csv.zip,847485171906a33ba18619193d2ba1a38eb638e718dea18345e765ecc78fa7d2,1102367.0,553.0,6906.0,185.0,5.0,2026-09-19T10:45:51.553698
20240930,OK,file://data\raw\nse\fo_zip\fo_20240930.csv.zip,ee1db41861f7e14c881c114e37b1b4729039c4ac43ac82e00e3d73dcc070344d,970227.0,553.0,6816.0,185.0,5.0,2026-09-19T10:45:51.897206
20241001,OK,file://data\raw\nse\fo_zip\fo_20241001.csv.zip,6b582b3d410c89efbc65524b45a9c21f468828d5c678ed56d67b7a667b94bb32,1077296.0,553.0,6792.0,185.0,5.0,2026-09-19T10:45:52.256461
20241003,OK,file://data\raw\nse\fo_zip\fo_20241003.csv.zip,afb48adacff6bca76f9e507298fad558e80f5e6cbf0414f734a45816c767974c,1079833.0,553.0,6712.0,185.0,5.0,2026-09-19T10:45:52.678394
20241004,OK,file://data\raw\nse\fo_zip\fo_20241004.csv.zip,e28f9b663c9dacb602a5fd3b3aad7171d9d86e99cf9a4d6d4470bd0823b89649,1104434.0,553.0,6818.0,185.0,5.0,2026-09-19T10:45:53.034220
20241007,OK,file://data\raw\nse\fo_zip\fo_20241007.csv.zip,1c2b7f4d179ef1a52723c51f4dc0baeae715a6f7ff1802fefacdfcfbeb4d7f8e,1152225.0,553.0,7052.0,185.0,5.0,2026-09-19T10:45:53.401318
20241008,OK,file://data\raw\nse\fo_zip\fo_20241008.csv.zip,d35f06e667d9c1a5894c3a3783b5f95bd22ac0e604de5ce60fcfc485291f785c,1172989.0,553.0,7276.0,185.0,5.0,2026-09-19T10:45:53.800449
20241009,OK,file://data\raw\nse\fo_zip\fo_20241009.csv.zip,6b9217a0152b2844de6445da330985c9ff94330fef3658a16b1858d4323e518f,1180318.0,553.0,7214.0,185.0,5.0,2026-09-19T10:45:54.196359
20241010,OK,file://data\raw\nse\fo_zip\fo_20241010.csv.zip,aae108095601591ccbc0a89cfa43f59c5806c9831c419f4ab24a7b406a39d11c,1165950.0,550.0,7144.0,184.0,5.0,2026-09-19T10:45:54.639067
20241011,OK,file://data\raw\nse\fo_zip\fo_20241011.csv.zip,4b505e4d158ab81f30e0b0831f2e722a48cd643156187538f64c1a7fd207efe2,1155860.0,550.0,7108.0,184.0,5.0,2026-09-19T10:45:55.102550
20241014,OK,file://data\raw\nse\fo_zip\fo_20241014.csv.zip,e6b36f50900ae2e6ddc24b6030c01bafe3a7b19121e46e954178f70d287a3d59,1175205.0,550.0,7110.0,184.0,5.0,2026-09-19T10:45:55.573653
20241015,OK,file://data\raw\nse\fo_zip\fo_20241015.csv.zip,3e1db0018d319f11e8b1a61b15dd9e8c60cd4b45a4c78478092a22d338c12d76,1180814.0,550.0,7086.0,184.0,5.0,2026-09-19T10:45:56.003573
20241016,OK,file://data\raw\nse\fo_zip\fo_20241016.csv.zip,031b12860cf6166903c41b8b09290c2caa31eabddc1e77f0b76f40ced31e9c2c,1176230.0,550.0,7016.0,184.0,5.0,2026-09-19T10:45:56.385468
20241017,OK,file://data\raw\nse\fo_zip\fo_20241017.csv.zip,12938a70966088a9fe7df4d61433c8a21c5bc22909d9059fb173ec914ce47d4c,1193283.0,550.0,6782.0,184.0,5.0,2026-09-19T10:45:56.777690
20241018,OK,file://data\raw\nse\fo_zip\fo_20241018.csv.zip,cf683749c777f893de627700d3b9203bebf94f5598fe347abd1d86ec8c125ee9,1242171.0,550.0,6760.0,184.0,5.0,2026-09-19T10:45:57.156239
20241021,OK,file://data\raw\nse\fo_zip\fo_20241021.csv.zip,17995c78ffb71fcedb081e37dd3b1988bace481383840511b7e5322cfb8cff7d,1227944.0,550.0,6776.0,184.0,5.0,2026-09-19T10:45:57.543168
20241022,OK,file://data\raw\nse\fo_zip\fo_20241022.csv.zip,5a117c8e635c2cf59925f1b180640925e3981e04177df6e2f16ca55417baa1f9,1257851.0,550.0,6624.0,184.0,5.0,2026-09-19T10:45:57.928766
20241023,OK,file://data\raw\nse\fo_zip\fo_20241023.csv.zip,012a936298e0d491f61e1b56cd68e68e35d0e4819b256c5db970494e8cd34892,1291522.0,550.0,6594.0,184.0,5.0,2026-09-19T10:45:58.312989
20241024,OK,file://data\raw\nse\fo_zip\fo_20241024.csv.zip,dc8fa4756b9ee0908a708f7a38ac6672e08145bab576b781e51c4db46aa1ca44,1291994.0,550.0,6364.0,184.0,5.0,2026-09-19T10:45:58.692690
20241025,OK,file://data\raw\nse\fo_zip\fo_20241025.csv.zip,42a8d2364b9e51172c8227b6769b58eab6fadac46eff6267264488580e94c11d,1338180.0,550.0,6380.0,184.0,5.0,2026-09-19T10:45:59.111747
20241028,OK,file://data\raw\nse\fo_zip\fo_20241028.csv.zip,4a585686f8b98d6c289fe09249934b5b3e87f2f7263d58859d5c911b3ee7c83a,1357164.0,550.0,6312.0,184.0,5.0,2026-09-19T10:45:59.512664
20241029,OK,file://data\raw\nse\fo_zip\fo_20241029.csv.zip,49e1929303530db5690bf3dd8bfd35ea06310b35a3035f2c7e69b07a927bb533,1374123.0,550.0,6232.0,184.0,5.0,2026-09-19T10:45:59.990427
20241030,OK,file://data\raw\nse\fo_zip\fo_20241030.csv.zip,2f745fbb2773562b487fd0ba3a8a18f6897963600ab99dfbad843472dea4766e,1370601.0,550.0,6192.0,184.0,5.0,2026-09-19T10:46:00.484343
20241031,OK,file://data\raw\nse\fo_zip\fo_20241031.csv.zip,caa13803d932dac3a254459c5f4f173f0eaa260efcd9e8d49dae158e5ab22f44,1356496.0,550.0,6110.0,184.0,5.0,2026-09-19T10:46:00.907926
20241101,OK,file://data\raw\nse\fo_zip\fo_20241101.csv.zip,c12e446ec12b1195fefbc3abf9109a08c1497ba58182ecd01b1657838c95f550,993230.0,549.0,6038.0,183.0,5.0,2026-09-19T10:46:01.257106
20241104,OK,file://data\raw\nse\fo_zip\fo_20241104.csv.zip,e4c262cf7c4e5424eb793b6e950496c2a0c76afc158c71443ad6468196eadd31,1090820.0,549.0,6042.0,183.0,5.0,2026-09-19T10:46:01.888750
20241105,OK,file://data\raw\nse\fo_zip\fo_20241105.csv.zip,1551aeee0562c5a2cebe5536ade0f9e20a3019c4d71547a6bf8714c49e834d7a,980600.0,549.0,5902.0,183.0,5.0,2026-09-19T10:46:02.472903
20241106,OK,file://data\raw\nse\fo_zip\fo_20241106.csv.zip,17a0ddd7257b66f8e13906ec8211017db73a2304c31e88169e2f2b48c9a51cb5,1013294.0,549.0,5702.0,183.0,5.0,2026-09-19T10:46:02.950761
20241107,OK,file://data\raw\nse\fo_zip\fo_20241107.csv.zip,ff72b46782b99572a84f922bf12197154967a5afad230435a070682ada47067d,1016362.0,549.0,5538.0,183.0,5.0,2026-09-19T10:46:03.333948
20241108,OK,file://data\raw\nse\fo_zip\fo_20241108.csv.zip,63008188a828e81f04d291f2878e4a552aa54af0dfc2e4705193310f0cb69c37,998212.0,549.0,5488.0,183.0,5.0,2026-09-19T10:46:03.667151
20241111,OK,file://data\raw\nse\fo_zip\fo_20241111.csv.zip,c7309a30c38e3791253c955c653ee0246216b98b801a14e622b44226350d651f,1045255.0,549.0,5490.0,183.0,5.0,2026-09-19T10:46:03.999786
20241112,OK,file://data\raw\nse\fo_zip\fo_20241112.csv.zip,d1f95ce38d16c6444e310027ce979b4cab367832287de9815ff0f2b809425975,1062134.0,549.0,5268.0,183.0,5.0,2026-09-19T10:46:04.327979
20241113,OK,file://data\raw\nse\fo_zip\fo_20241113.csv.zip,b5ac6c7a17c809e4a8a1fff3bd1439871eeda76aa8f31a6a70aaf3e79c922dd7,1076660.0,549.0,5212.0,183.0,5.0,2026-09-19T10:46:04.668182
20241114,OK,file://data\raw\nse\fo_zip\fo_20241114.csv.zip,03407d2af372b7754d84b4b4b1a3e901ac7a292d6e7def47e1123ebf44c0d852,1105093.0,549.0,5332.0,183.0,5.0,2026-09-19T10:46:05.016280
20241118,OK,file://data\raw\nse\fo_zip\fo_20241118.csv.zip,fc5e618032f1a01b6e0621cb9ad1db6942f58177be5c21de55b67ae703bec21c,1118893.0,549.0,5268.0,183.0,5.0,2026-09-19T10:46:05.384828
20241119,OK,file://data\raw\nse\fo_zip\fo_20241119.csv.zip,4fc704b7f024e9387278811becbb7ffab5cef57a5196aac19e419c5ebb11262a,1137417.0,549.0,5070.0,183.0,5.0,2026-09-19T10:46:05.733180
20241121,OK,file://data\raw\nse\fo_zip\fo_20241121.csv.zip,5ca3bd2c8d6f1c617169e109a658c2bb06b4097dc7c356d7700a19fc3240a9e9,1161236.0,549.0,4886.0,183.0,5.0,2026-09-19T10:46:06.088144
20241122,OK,file://data\raw\nse\fo_zip\fo_20241122.csv.zip,c8f32a077f67cfa9d31ad3cff9916606a72ef8526b310cb658c585740d69ada3,1177194.0,549.0,4854.0,183.0,5.0,2026-09-19T10:46:06.444135
20241125,OK,file://data\raw\nse\fo_zip\fo_20241125.csv.zip,5df80c4256df6856dc6bad5b10ec844127712e5449267101e6d9a00599efc05a,1212792.0,549.0,4890.0,183.0,5.0,2026-09-19T10:46:06.799219
20241126,OK,file://data\raw\nse\fo_zip\fo_20241126.csv.zip,eccc4475d825f7ee2409b34d0b11fa3aef6c00acbd0ef1f37d92ccffdf3d3151,1217275.0,549.0,4814.0,183.0,5.0,2026-09-19T10:46:07.169823
20241127,OK,file://data\raw\nse\fo_zip\fo_20241127.csv.zip,5a6640493a99354c16258eaf2828433016b4acc76c3c41b27a1ee9638d84fa9a,1227055.0,549.0,4738.0,183.0,5.0,2026-09-19T10:46:07.522296
20241128,OK,file://data\raw\nse\fo_zip\fo_20241128.csv.zip,cc145d164cee09043390b3afc130a0fcced1f18cf486cb6f092e994993c685de,1217473.0,549.0,4666.0,183.0,5.0,2026-09-19T10:46:07.944607
20241129,OK,file://data\raw\nse\fo_zip\fo_20241129.csv.zip,5014132eceed5b34320f6afdf2cf281111f73ca1702d9c32a66348e21f6c3a72,1112172.0,684.0,4566.0,228.0,5.0,2026-09-19T10:46:08.408070
20241202,OK,file://data\raw\nse\fo_zip\fo_20241202.csv.zip,07839e5d82d6edf646f8843df549564bc62f8b9344db3bbbaa907ef89a80216a,1040196.0,684.0,4354.0,228.0,5.0,2026-09-19T10:46:08.790365
20241203,OK,file://data\raw\nse\fo_zip\fo_20241203.csv.zip,d3190ca3a2abd4210f123ca81676bddb821a096a9c5a5f25119d0f37d98fc90b,1078038.0,684.0,4390.0,228.0,5.0,2026-09-19T10:46:09.140825
20241204,OK,file://data\raw\nse\fo_zip\fo_20241204.csv.zip,cf87303ed9c9f8d33f687e27aaa0877c4d1d5b5924223154542a792e4ea162f4,1112645.0,684.0,4476.0,228.0,5.0,2026-09-19T10:46:09.489779
20241205,OK,file://data\raw\nse\fo_zip\fo_20241205.csv.zip,a186d4b1022d14a042da234c1a6058188a26b7a1980956dc1ff53bc88183cb58,1139696.0,684.0,4538.0,228.0,5.0,2026-09-19T10:46:09.841028
20241206,OK,file://data\raw\nse\fo_zip\fo_20241206.csv.zip,f0cdc18775c3e2eb30c8889e281e187990dfde3e2418ffac2bfff596e3f1fa40,1151342.0,684.0,4568.0,228.0,5.0,2026-09-19T10:46:10.217730
20241209,OK,file://data\raw\nse\fo_zip\fo_20241209.csv.zip,4800fdc9bd64a1603b85e8bb7b36eb2b9dca91e49f6bdb7dc429903710e149aa,1166913.0,684.0,4592.0,228.0,5.0,2026-09-19T10:46:10.592319
20241210,OK,file://data\raw\nse\fo_zip\fo_20241210.csv.zip,011e020d73967f062e86df72e91d5a19d4383cd60848e6efeda4a0a45351eb09,1175775.0,684.0,4604.0,228.0,5.0,2026-09-19T10:46:10.974420
20241211,OK,file://data\raw\nse\fo_zip\fo_20241211.csv.zip,d820bdc35b47b23aed9862452f3169529c681393f820109da85c98e5ddf5aed3,1182483.0,684.0,4632.0,228.0,5.0,2026-09-19T10:46:11.344491
20241212,OK,file://data\raw\nse\fo_zip\fo_20241212.csv.zip,3d6bdfa679d0b4f53d41b93b1be77bf1dc581612372e1f54109716e4184f324a,1196788.0,684.0,4652.0,228.0,5.0,2026-09-19T10:46:11.719216
20241213,OK,file://data\raw\nse\fo_zip\fo_20241213.csv.zip,a28e768de9eda60ec835fe4d67594ecc77b1b3e973cd4fa848ea0e38b0119318,1220141.0,684.0,4600.0,228.0,5.0,2026-09-19T10:46:12.087656
20241216,OK,file://data\raw\nse\fo_zip\fo_20241216.csv.zip,9af229679bea7c4c6db778a7beaf456a26cbfb323141c65a83fb7f7fdb3dd7f3,1214979.0,684.0,4626.0,228.0,5.0,2026-09-19T10:46:12.474916
20241217,OK,file://data\raw\nse\fo_zip\fo_20241217.csv.zip,3b5db3a86c10aebcf98e828d430116b62bfd65685e7b32cd2d73ddf2c9407ea2,1239566.0,684.0,4638.0,228.0,5.0,2026-09-19T10:46:12.863507
20241218,OK,file://data\raw\nse\fo_zip\fo_20241218.csv.zip,03cec00bcd65f15e7cfb9d6fb5784839ac2aae8062873d4fbe389eece0b286ce,1260129.0,684.0,4654.0,228.0,5.0,2026-09-19T10:46:13.255312
20241219,OK,file://data\raw\nse\fo_zip\fo_20241219.csv.zip,4deca6e4a67fa89d545d5ceaa7b2e480c53099c4b2c34ece09ed3f49310c27e9,1280970.0,684.0,4666.0,228.0,5.0,2026-09-19T10:46:13.652516
20241220,OK,file://data\raw\nse\fo_zip\fo_20241220.csv.zip,9bcea0e73de7402de45bda18d201940398050ffee1ee3e47ca300b5ef282c4cf,1328972.0,684.0,4658.0,228.0,5.0,2026-09-19T10:46:14.056476
20241223,OK,file://data\raw\nse\fo_zip\fo_20241223.csv.zip,0dc582793404d38c11964ae3f2e42f884ad2af3fb3104200db592a5ece9321bf,1367878.0,684.0,4760.0,228.0,5.0,2026-09-19T10:46:14.457614
20241224,OK,file://data\raw\nse\fo_zip\fo_20241224.csv.zip,fe224d068b61fc587c2aa94a3895a187d9c11a02fcc54011a98bec6835d49a89,1376736.0,684.0,4760.0,228.0,5.0,2026-09-19T10:46:14.887076
20241226,OK,file://data\raw\nse\fo_zip\fo_20241226.csv.zip,e684983cd29dd0a87caf6b3ce7c0f2bccd0d4255e8fca53cbb4154b826460e68,1340277.0,684.0,4658.0,228.0,5.0,2026-09-19T10:46:15.294791
20241227,OK,file://data\raw\nse\fo_zip\fo_20241227.csv.zip,e07197e5c6610377991968c80d45c33e301d418b47e4849b34d03665249a4590,1143060.0,668.0,4485.0,228.0,5.0,2026-09-19T10:46:15.685318
20241230,OK,file://data\raw\nse\fo_zip\fo_20241230.csv.zip,4e02a8535fb6373ab01134635043bc7664122c5d87710bacd0720d76954f8601,1069032.0,668.0,4271.0,228.0,5.0,2026-09-19T10:46:16.026514
20241231,OK,file://data\raw\nse\fo_zip\fo_20241231.csv.zip,a5ded46632c976edefde67b7f2393182f057c4724ef296c07b7254298f2f962a,1096121.0,668.0,4199.0,228.0,5.0,2026-09-19T10:46:16.388707
20250101,OK,file://data\raw\nse\fo_zip\fo_20250101.csv.zip,577513329ed5f2814323e6b0d11880e59e86653b22fc2122ee2ed1a162bffa84,1095524.0,668.0,4135.0,228.0,5.0,2026-09-19T10:46:16.735693
20250102,OK,file://data\raw\nse\fo_zip\fo_20250102.csv.zip,781a767281c858ce9a5a59c0619815537aca48c264205998c793e6a96419ad4c,1130912.0,668.0,4139.0,228.0,5.0,2026-09-19T10:46:17.112551
20250103,OK,file://data\raw\nse\fo_zip\fo_20250103.csv.zip,61320c5c1050c5a4324274a20442bad7681495a9fdc454ed93fa360ac5264512,1154239.0,668.0,4147.0,228.0,5.0,2026-09-19T10:46:17.478881
20250106,OK,file://data\raw\nse\fo_zip\fo_20250106.csv.zip,e0377dd283c4054a4999789761f96a9488e1ef7d5abc84271d0fb510169c7355,1189600.0,668.0,4163.0,228.0,5.0,2026-09-19T10:46:17.864878
20250107,OK,file://data\raw\nse\fo_zip\fo_20250107.csv.zip,4e0d4f7c11a7e5b4975339e8877549e774ef34ec4e42bd9d34ac9a244ded9ec2,1198245.0,668.0,4293.0,228.0,5.0,2026-09-19T10:46:18.231826
20250108,OK,file://data\raw\nse\fo_zip\fo_20250108.csv.zip,a4c424bd4567df97034252c2177a03768406464537f4857c12acfe767512d9ce,1210678.0,668.0,4305.0,228.0,5.0,2026-09-19T10:46:18.598894
20250109,OK,file://data\raw\nse\fo_zip\fo_20250109.csv.zip,ff998de33c0ac5b3664e30fac5c51477e1ad6f1edda7f6882bef3eb9b4f4b572,1227932.0,668.0,4349.0,228.0,5.0,2026-09-19T10:46:18.992862
20250110,OK,file://data\raw\nse\fo_zip\fo_20250110.csv.zip,a877b3b1e020e1817e866e1e204f40b35b70be6ef66b236ddc185d2969d4d9b3,1263818.0,668.0,4409.0,228.0,5.0,2026-09-19T10:46:19.380888
20250113,OK,file://data\raw\nse\fo_zip\fo_20250113.csv.zip,3d6a969cc95422d23dfb60a5aee42b82e232a26be583c1ded227e6b250896678,1342113.0,668.0,4691.0,228.0,5.0,2026-09-19T10:46:19.783555
20250114,OK,file://data\raw\nse\fo_zip\fo_20250114.csv.zip,87221489aa2633b6373c086641d8bb4d7f7212523c918876170d5f8c089a38ef,1380632.0,668.0,5049.0,228.0,5.0,2026-09-19T10:46:20.283713
20250115,OK,file://data\raw\nse\fo_zip\fo_20250115.csv.zip,fc39ea897560c485bb94244199a540aa994f0b2f4963eb306f8eac0cbe3ba1d7,1378938.0,668.0,5049.0,228.0,5.0,2026-09-19T10:46:20.946552
20250116,OK,file://data\raw\nse\fo_zip\fo_20250116.csv.zip,3af0270367b060a0fe0e4dc2e91fddde45946215056f1104efe780b559d1987a,1384268.0,668.0,5049.0,228.0,5.0,2026-09-19T10:46:21.529330
20250117,OK,file://data\raw\nse\fo_zip\fo_20250117.csv.zip,903f9aefdec23acc07df4940d6fb14420fd490a335aaf99a4bb0bee436f0542b,1387992.0,668.0,4983.0,228.0,5.0,2026-09-19T10:46:21.973266
20250120,OK,file://data\raw\nse\fo_zip\fo_20250120.csv.zip,58deaf432a720fc47f28ab7dead07dc2824815a3040b2cc77e307e855c7551a3,1407541.0,668.0,5059.0,228.0,5.0,2026-09-19T10:46:22.397337
20250121,OK,file://data\raw\nse\fo_zip\fo_20250121.csv.zip,03660f9d6dbb4877db5f0e60de1c19a5d808cd74ddf2af13896457e8d875d3f3,1418242.0,668.0,5061.0,228.0,5.0,2026-09-19T10:46:22.818073
20250122,OK,file://data\raw\nse\fo_zip\fo_20250122.csv.zip,0c35cfd5767507d3e84ef029293ea1ec8cca9a955a3133924e1affe03d49bab7,1443617.0,668.0,5093.0,228.0,5.0,2026-09-19T10:46:23.244419
20250123,OK,file://data\raw\nse\fo_zip\fo_20250123.csv.zip,54b8791de2228d75277b8d68c91f1e018c323f9e4ff91371a2fe736915b6b273,1450231.0,668.0,5093.0,228.0,5.0,2026-09-19T10:46:23.672865
20250124,OK,file://data\raw\nse\fo_zip\fo_20250124.csv.zip,15ad93910194c255c7bdd3c7a6d092ca4acc6d35324aea7dc3a14e61be41c6a1,1466745.0,668.0,5045.0,228.0,5.0,2026-09-19T10:46:24.093957
20250127,OK,file://data\raw\nse\fo_zip\fo_20250127.csv.zip,480889bab9a15dd9ac762972bd00abb9dd91b46b93a91475cbaee0880086e033,1518687.0,668.0,5055.0,228.0,5.0,2026-09-19T10:46:24.538957
20250128,OK,file://data\raw\nse\fo_zip\fo_20250128.csv.zip,7cf07979be70246a928985cd33e6b2e905d9bfbd28336846908a3a8fd38cd919,1560176.0,668.0,5197.0,228.0,5.0,2026-09-19T10:46:24.969127
20250129,OK,file://data\raw\nse\fo_zip\fo_20250129.csv.zip,666958e60ab94bcdbbd4fe3917ce4fa8b3ea94a7d1d4e852ca7f5a5680baebdf,1566566.0,668.0,5215.0,228.0,5.0,2026-09-19T10:46:25.405377
20250130,OK,file://data\raw\nse\fo_zip\fo_20250130.csv.zip,75085c72504379a139af406dbacf6ddd322052be25f1f30b67a7bd7de166a792,1558948.0,668.0,5215.0,228.0,5.0,2026-09-19T10:46:25.912599
20250131,OK,file://data\raw\nse\fo_zip\fo_20250131.csv.zip,81db12eb0e99b16511e02d5b53494aed375c9e8de34969cd7c7230ace53de0cb,1206293.0,662.0,4595.0,232.0,5.0,2026-09-19T10:46:26.323375
20250203,OK,file://data\raw\nse\fo_zip\fo_20250203.csv.zip,45c3e2388cd980b62961c9ec72f4226b20430d856ba1a5e67b57bb62a30835ac,1063883.0,662.0,4665.0,232.0,5.0,2026-09-19T10:46:26.669721
20250204,OK,file://data\raw\nse\fo_zip\fo_20250204.csv.zip,90f4a04f40fded2f8008d2fdceb8b58cd031d62f94fbaa9d80f8b493abc2fe29,1193556.0,662.0,4669.0,232.0,5.0,2026-09-19T10:46:27.019617
20250205,OK,file://data\raw\nse\fo_zip\fo_20250205.csv.zip,c93c8c39bc765142c11a64099cc5f301debff362e2ff182e13e5e68e804de616,1099000.0,662.0,4753.0,232.0,5.0,2026-09-19T10:46:27.397600
20250206,OK,file://data\raw\nse\fo_zip\fo_20250206.csv.zip,5d375674621136a424b512ff3ffc7b553048f007dd27c1a9ffa507a25e933087,1102183.0,662.0,4777.0,232.0,5.0,2026-09-19T10:46:27.764945
20250207,OK,file://data\raw\nse\fo_zip\fo_20250207.csv.zip,5d4f52d495e3bd17c9410484dfe8acbeb03a978a879a338669172d4dc5e21f1d,1104888.0,662.0,4727.0,232.0,5.0,2026-09-19T10:46:28.117059
20250210,OK,file://data\raw\nse\fo_zip\fo_20250210.csv.zip,155737a336114ccb0da029dd6667b38922a23276a81fa0b3e12cbc4c1b4339f2,1107917.0,662.0,4729.0,232.0,5.0,2026-09-19T10:46:28.474821
20250211,OK,file://data\raw\nse\fo_zip\fo_20250211.csv.zip,9bc11f680cdedd0c93ebae808f719387aa0cab6eece1b2d13399305a140d04c3,1143924.0,662.0,4749.0,232.0,5.0,2026-09-19T10:46:28.835536
20250212,OK,file://data\raw\nse\fo_zip\fo_20250212.csv.zip,a03b951222dac936d62a3c3e6db986668e656f17eca35fd92ba6668dd8a6be3b,1178728.0,662.0,4877.0,232.0,5.0,2026-09-19T10:46:29.214537
20250213,OK,file://data\raw\nse\fo_zip\fo_20250213.csv.zip,a21d05f3832d7c8ef4e6cd138fd6b694604ef25c4f97786f97275ca4a2f2dc0c,1170604.0,662.0,4883.0,232.0,5.0,2026-09-19T10:46:29.617578
20250214,OK,file://data\raw\nse\fo_zip\fo_20250214.csv.zip,02eaa7b753615b850eb8c9c36b9d6d28c5f63002fa5fea09ff7458ff40434d58,1199436.0,662.0,4865.0,232.0,5.0,2026-09-19T10:46:30.054124
20250217,OK,file://data\raw\nse\fo_zip\fo_20250217.csv.zip,1f4fa247c1f0eb2dcb0699a6662ce4932c0665855259c442a6d8ebff5c3db733,1216786.0,662.0,4977.0,232.0,5.0,2026-09-19T10:46:30.526463
20250218,OK,file://data\raw\nse\fo_zip\fo_20250218.csv.zip,e44cf77b3817e52995ebc05e555e44aafd590440cae7a0437dbb96b6ed3ea3f3,1223045.0,662.0,4983.0,232.0,5.0,2026-09-19T10:46:30.970846
20250219,OK,file://data\raw\nse\fo_zip\fo_20250219.csv.zip,a10815502ee778fa08e86ec8e52b5e1114d49c1294316554097fb5a521524af4,1243290.0,662.0,4983.0,232.0,5.0,2026-09-19T10:46:31.394465
20250220,OK,file://data\raw\nse\fo_zip\fo_20250220.csv.zip,a2cb8e26ca33d8879d160c7c7df15ee07c86834c0a1f4a5c0591218ba384ade3,1253944.0,662.0,4983.0,232.0,5.0,2026-09-19T10:46:31.810398
20250221,OK,file://data\raw\nse\fo_zip\fo_20250221.csv.zip,bd159a5514dffae4383a61b59095238857535a7f55fc78c11e27a90ec1fe8703,1277005.0,662.0,4953.0,232.0,5.0,2026-09-19T10:46:32.212318
20250224,OK,file://data\raw\nse\fo_zip\fo_20250224.csv.zip,eaf0b5a4dc973f6a8e0ba202b1780c23f8e232a6946d239f3d8473445033ba42,1298365.0,662.0,4975.0,232.0,5.0,2026-09-19T10:46:32.620052
20250225,OK,file://data\raw\nse\fo_zip\fo_20250225.csv.zip,caf96af9de97b25d1f4969ff1fca179c8234d4ae9b1c1beef17a7b97bbdae0e7,1310166.0,662.0,5053.0,232.0,5.0,2026-09-19T10:46:33.029924
20250227,OK,file://data\raw\nse\fo_zip\fo_20250227.csv.zip,4221428967553dfd8cc3d802ca467a4aaa200c2ef1a8ef74a9914abf862d61a7,1303957.0,662.0,5067.0,232.0,5.0,2026-09-19T10:46:33.444105
20250228,OK,file://data\raw\nse\fo_zip\fo_20250228.csv.zip,0037a4ad16e91451849dc5931cdb96d64746b33eb1534dcf3eb7e6f7637aff4d,1049501.0,658.0,4451.0,221.0,5.0,2026-09-19T10:46:33.799134
20250303,OK,file://data\raw\nse\fo_zip\fo_20250303.csv.zip,9eef0ef6f8e33be0b641812d94b167bbf6c51a8ad0bf628cecc6962544db3ea9,994523.0,658.0,4734.0,221.0,5.0,2026-09-19T10:46:34.110263
20250304,OK,file://data\raw\nse\fo_zip\fo_20250304.csv.zip,fcb8ca2549483eb77c02fd86e37694636e8180d8d5460982f567440ea1a4360c,1004261.0,658.0,4748.0,221.0,5.0,2026-09-19T10:46:34.449914
20250305,OK,file://data\raw\nse\fo_zip\fo_20250305.csv.zip,4860796f161ae12f68c33c7313aa78b7edf009dea37f4c4569e81aa999a3ff24,1038225.0,658.0,4748.0,221.0,5.0,2026-09-19T10:46:34.795217
20250306,OK,file://data\raw\nse\fo_zip\fo_20250306.csv.zip,a010e77b98b5c5284c773da58be2abbce8d32b5b8b7412f1b9404ebdb4900530,1056130.0,658.0,4778.0,221.0,5.0,2026-09-19T10:46:35.156408
20250307,OK,file://data\raw\nse\fo_zip\fo_20250307.csv.zip,6b2b8baf09251f78a4d22a0d06fc72be6f8792d370950cc81084f245e9aa748e,1060883.0,658.0,4726.0,221.0,5.0,2026-09-19T10:46:35.506587
20250310,OK,file://data\raw\nse\fo_zip\fo_20250310.csv.zip,7f8e187ef0c67414efd556edc22db243c4f6efe9ad27458111e5604dcaa306a7,1205283.0,658.0,4726.0,221.0,5.0,2026-09-19T10:46:35.875149
20250311,OK,file://data\raw\nse\fo_zip\fo_20250311.csv.zip,95c91e09b8d6825e36390a33e9225257de76ae51b31f0ffbff081c59ef310593,1175468.0,658.0,4730.0,221.0,5.0,2026-09-19T10:46:36.240201
20250312,OK,file://data\raw\nse\fo_zip\fo_20250312.csv.zip,9026daaa90d66c6117aad4939ef20c05456ae8c95be80733416fd941e922cfaa,1147615.0,658.0,4738.0,221.0,5.0,2026-09-19T10:46:36.611360
20250313,OK,file://data\raw\nse\fo_zip\fo_20250313.csv.zip,4604be37919a2da063cdc46f139e380556a3bc9821b2f8a5e558fa3a0e6a41b1,1187553.0,658.0,4744.0,221.0,5.0,2026-09-19T10:46:36.981313
20250317,OK,file://data\raw\nse\fo_zip\fo_20250317.csv.zip,841fc4dc3151d62e56ff2292da2d77edcdfd5a624b7c0725756d222c3a355328,1095065.0,658.0,4686.0,221.0,5.0,2026-09-19T10:46:37.342440
20250318,OK,file://data\raw\nse\fo_zip\fo_20250318.csv.zip,e28e91230a43be89d099867ec8f494c5d33d6c4ffc10b6c12f33464da1f495eb,1115917.0,658.0,4696.0,221.0,5.0,2026-09-19T10:46:37.699504
20250319,OK,file://data\raw\nse\fo_zip\fo_20250319.csv.zip,989cc5dc2c79cd2fd6e57096faef953a3627a364fb18e0f6cbc1ea3afabe84ec,1149516.0,658.0,4798.0,221.0,5.0,2026-09-19T10:46:38.063668
20250320,OK,file://data\raw\nse\fo_zip\fo_20250320.csv.zip,f0f16700853cb1b569be748d1143c3dcff2399a08d0245912f1a51f4d8121f08,1176189.0,658.0,4852.0,221.0,5.0,2026-09-19T10:46:38.454848
20250321,OK,file://data\raw\nse\fo_zip\fo_20250321.csv.zip,6fbae431f45e9f2995069d9d62cb419e38da9006c20664b74a4768a848abe58c,1210838.0,658.0,4900.0,221.0,5.0,2026-09-19T10:46:38.834378
20250324,OK,file://data\raw\nse\fo_zip\fo_20250324.csv.zip,722da02fe38311a4e2ef8ada112176e160bc393d351894a49516c051091bee2b,1257661.0,658.0,4982.0,221.0,5.0,2026-09-19T10:46:39.214541
20250325,OK,file://data\raw\nse\fo_zip\fo_20250325.csv.zip,28c7079550f5cde87cdffb206fcb0b9b8c8f3855ec94d26de9ed90155a663489,1281432.0,658.0,5172.0,221.0,5.0,2026-09-19T10:46:39.607429
20250326,OK,file://data\raw\nse\fo_zip\fo_20250326.csv.zip,0fdfd0dd24fb35d0efb2d2b42c6535ddea2ca858e9eac2d23c1c43ea8004a02a,1282143.0,658.0,5174.0,221.0,5.0,2026-09-19T10:46:40.003893
20250327,OK,file://data\raw\nse\fo_zip\fo_20250327.csv.zip,54b40b60b38cc8befbda941a643f5784606fcdffc499dfcc656917c0f71c12b5,1258656.0,658.0,5174.0,221.0,5.0,2026-09-19T10:46:40.399171
20250328,OK,file://data\raw\nse\fo_zip\fo_20250328.csv.zip,19e3ae21944ed44938a416c5393e89626da5624b45c4cf764ee83034742d7417,1053421.0,659.0,4486.0,222.0,5.0,2026-09-19T10:46:40.777226
20250401,OK,file://data\raw\nse\fo_zip\fo_20250401.csv.zip,820380c7044356a3a4d9dcbb5f8bcbeaa55658a27e76d0b918f54d66573d386b,965345.0,659.0,4502.0,222.0,5.0,2026-09-19T10:46:41.081277
20250402,OK,file://data\raw\nse\fo_zip\fo_20250402.csv.zip,239d958080236f1f4ba19c88cc0fccdd0583a66b3a3c28cfde1f85b648ef8e3b,981845.0,659.0,4574.0,222.0,5.0,2026-09-19T10:46:41.393386
20250403,OK,file://data\raw\nse\fo_zip\fo_20250403.csv.zip,ec11c10cb87bc49be934853baf9d88da39003adc58bd04133b6544976eba167c,1008335.0,659.0,4580.0,222.0,5.0,2026-09-19T10:46:41.727850
20250404,OK,file://data\raw\nse\fo_zip\fo_20250404.csv.zip,8960d55ba06825e6a2b75a6644191c38c17f568f1e4abb10b9e2ae12e7d45008,1053638.0,659.0,4518.0,222.0,5.0,2026-09-19T10:46:42.064588
20250407,OK,file://data\raw\nse\fo_zip\fo_20250407.csv.zip,994e720bc85a849602a867229a59856e664dcf4eb52245b9ff6aad1057f213bd,1201009.0,659.0,4774.0,222.0,5.0,2026-09-19T10:46:42.442654
20250408,OK,file://data\raw\nse\fo_zip\fo_20250408.csv.zip,e2fdf967b5b1b9ae4683a44a43e3839b1055ce987103b122fc5625cf7530caff,1199192.0,659.0,4874.0,222.0,5.0,2026-09-19T10:46:42.824722
20250409,OK,file://data\raw\nse\fo_zip\fo_20250409.csv.zip,dc1fceffb330fb1802bf39e8029b80cbc7b14a673980f2529abfa4f099572836,1194931.0,659.0,4874.0,222.0,5.0,2026-09-19T10:46:43.200287
20250411,OK,file://data\raw\nse\fo_zip\fo_20250411.csv.zip,5e4c9ab3988de4700eff874f0df5a352721e97bf1d957204f56d643b91063fa0,1206001.0,659.0,4814.0,222.0,5.0,2026-09-19T10:46:43.573445
20250415,OK,file://data\raw\nse\fo_zip\fo_20250415.csv.zip,15dab0b51ba8231bfee05e9f4e9c69dab852ac042fb261bf9609ff4082e37726,1235095.0,659.0,4834.0,222.0,5.0,2026-09-19T10:46:43.962002
20250416,OK,file://data\raw\nse\fo_zip\fo_20250416.csv.zip,838efa19923feb319b5f90c360fcc2b73f46b718376e4b029539b324cc2156bf,1256666.0,659.0,4934.0,222.0,5.0,2026-09-19T10:46:44.361202
20250417,OK,file://data\raw\nse\fo_zip\fo_20250417.csv.zip,e270dd8f09e181b915c2e5bc554d031c0d58103f1e1880fc4c3e9d67e926db31,1291085.0,659.0,5002.0,222.0,5.0,2026-09-19T10:46:44.786356
20250421,OK,file://data\raw\nse\fo_zip\fo_20250421.csv.zip,8a50b44879d5bb934be2a08836cc5a09f7bfa142f624127ec23d71460f223516,1348022.0,659.0,5178.0,222.0,5.0,2026-09-19T10:46:45.197578
20250422,OK,file://data\raw\nse\fo_zip\fo_20250422.csv.zip,836e0fb981e57a4c97b35a3cfe1ea1c3df697124c61aa8fdd6dc995fcaa9b6d8,1366731.0,659.0,5456.0,222.0,5.0,2026-09-19T10:46:45.647037
20250423,OK,file://data\raw\nse\fo_zip\fo_20250423.csv.zip,84833d6b71a551183ac33ecfb8c3d2e89b1d291dcb28db4c382f94cde270adc3,1384029.0,659.0,5504.0,222.0,5.0,2026-09-19T10:46:46.085693
20250424,OK,file://data\raw\nse\fo_zip\fo_20250424.csv.zip,973e82705da16b27ed51ca3de1e670147c2e424aec08a5157291383d0bed3bdd,1358481.0,659.0,5630.0,222.0,5.0,2026-09-19T10:46:46.520722
20250425,OK,file://data\raw\nse\fo_zip\fo_20250425.csv.zip,2f7c9d38f836e5c18a64625486e007887bfc1c2bdb1ef9ed06e4e170295d86f5,1098862.0,653.0,4974.0,221.0,5.0,2026-09-19T10:46:46.894462
20250428,OK,file://data\raw\nse\fo_zip\fo_20250428.csv.zip,006505e65936135198c1b53ca576991882181191540f9890c80e3625d2f52de3,975163.0,653.0,5030.0,221.0,5.0,2026-09-19T10:46:47.223012
20250429,OK,file://data\raw\nse\fo_zip\fo_20250429.csv.zip,9fb5e038ff53565de31bf670afd6e49d80343df5967faf76e402c2c5fd0bbeee,994509.0,653.0,5040.0,221.0,5.0,2026-09-19T10:46:47.539350
20250430,OK,file://data\raw\nse\fo_zip\fo_20250430.csv.zip,30a849b1e597a38341ab69733e2c2c628285688ff30534dd3fd0cc97d22c706e,1015118.0,653.0,5040.0,221.0,5.0,2026-09-19T10:46:48.115674
20250502,OK,file://data\raw\nse\fo_zip\fo_20250502.csv.zip,4349d0dee16e86e3e977e78b59cc29633db826c1e98b1ac2bfdba3e474327967,1032531.0,653.0,4952.0,221.0,5.0,2026-09-19T10:46:48.490651
20250505,OK,file://data\raw\nse\fo_zip\fo_20250505.csv.zip,8d0561c7820f50a2e7270a24231bc2b1617f9e7c9d0cb3df076c3f92ab7f3813,1042115.0,653.0,4952.0,221.0,5.0,2026-09-19T10:46:48.852731
20250506,OK,file://data\raw\nse\fo_zip\fo_20250506.csv.zip,aa1e74b57e59b9baf2f8737885a5c82195ab1affbaa197796a31d5ccbebf0671,1062006.0,653.0,4980.0,221.0,5.0,2026-09-19T10:46:49.242773
20250507,OK,file://data\raw\nse\fo_zip\fo_20250507.csv.zip,341724d3b155ee45eda0e1da2c693893337d89ac5f61357fb907128191f85ce3,1076031.0,653.0,4998.0,221.0,5.0,2026-09-19T10:46:49.631656
20250508,OK,file://data\raw\nse\fo_zip\fo_20250508.csv.zip,e7d78a37dd759d80856e61b313ade27fd98335b27ffba039f362898cf9704377,1097035.0,653.0,5004.0,221.0,5.0,2026-09-19T10:46:49.998249
20250509,OK,file://data\raw\nse\fo_zip\fo_20250509.csv.zip,4502cb8cae842e2d97340555459706401d79a51e58220afe06710c94347663a1,1104821.0,653.0,4930.0,221.0,5.0,2026-09-19T10:46:50.372979
20250512,OK,file://data\raw\nse\fo_zip\fo_20250512.csv.zip,12afa69a526aa922e6b15ec85b5db620b4aa75bea7e9794e738d618e53b1be5e,1143360.0,653.0,4994.0,221.0,5.0,2026-09-19T10:46:50.754597
20250513,OK,file://data\raw\nse\fo_zip\fo_20250513.csv.zip,35286fe3e6c6622eeaabc64ae241e7e1c94dc14d43e7f7f46d869af0880e2094,1144109.0,653.0,5220.0,221.0,5.0,2026-09-19T10:46:51.262330
20250514,OK,file://data\raw\nse\fo_zip\fo_20250514.csv.zip,2bfeade0b3748e556ce1c6c15ffaea0b8b1428e690e0613cac7b6a9608780fc0,1151605.0,653.0,5232.0,221.0,5.0,2026-09-19T10:46:51.653713
20250515,OK,file://data\raw\nse\fo_zip\fo_20250515.csv.zip,d7fc2936f833aed0b2662db8cffbb4386e8af8f4d539fbb9dae08efc2fb6e790,1168518.0,653.0,5250.0,221.0,5.0,2026-09-19T10:46:52.048844
20250516,OK,file://data\raw\nse\fo_zip\fo_20250516.csv.zip,b5b0d3866890e1950187f74e74d86c39061ee6787c637dbb83809642a183ad6d,1186308.0,653.0,5216.0,221.0,5.0,2026-09-19T10:46:52.491453
20250519,OK,file://data\raw\nse\fo_zip\fo_20250519.csv.zip,a4a35e513740519df2329cb73472f81b18f2b9278b2e785ddcad38b09c2ef69e,1212334.0,653.0,5290.0,221.0,5.0,2026-09-19T10:46:52.951534
20250520,OK,file://data\raw\nse\fo_zip\fo_20250520.csv.zip,0b394509bbfd30b604bc227db681c0480ba086d3f547fd5c6fa0f06851c374ab,1225209.0,653.0,5316.0,221.0,5.0,2026-09-19T10:46:53.363166
20250521,OK,file://data\raw\nse\fo_zip\fo_20250521.csv.zip,eb2ec5b49405c5eeb0047646b78f1d752f92e59c969daefd1012a768f35cc8e5,1223032.0,653.0,5326.0,221.0,5.0,2026-09-19T10:46:53.779433
20250522,OK,file://data\raw\nse\fo_zip\fo_20250522.csv.zip,81b1ba5e44c8b69ffec8f0df6c01002f2e8f7686e312dd563079d843249b3ecc,1226647.0,653.0,5326.0,221.0,5.0,2026-09-19T10:46:54.175344
20250523,OK,file://data\raw\nse\fo_zip\fo_20250523.csv.zip,a651c586cb650da1d0c99835f88c1dd6f81ed3c9f63f16773d6acdc3e9fcd0e8,1236706.0,653.0,5282.0,221.0,5.0,2026-09-19T10:46:54.578947
20250526,OK,file://data\raw\nse\fo_zip\fo_20250526.csv.zip,9b60ca57315ec5b4a30f6964bf490bcfef43f8731da03598413e588704632efc,1255395.0,653.0,5292.0,221.0,5.0,2026-09-19T10:46:54.974861
20250527,OK,file://data\raw\nse\fo_zip\fo_20250527.csv.zip,498d201dd63eabd0e7c047de436345f85df87a1571eec74bf5726fa1fc39827c,1260934.0,653.0,5306.0,221.0,5.0,2026-09-19T10:46:55.374134
20250528,OK,file://data\raw\nse\fo_zip\fo_20250528.csv.zip,acd0c8b391c7d97d359b7c9a4804d54a3536022f81f243ba921be47843f36729,1268813.0,653.0,5306.0,221.0,5.0,2026-09-19T10:46:55.780151
20250529,OK,file://data\raw\nse\fo_zip\fo_20250529.csv.zip,fec4d0ebdf06dbc1a5ae7f9bc911bb4cea77bf5d2c5b4191dc3bab9174434837,1248163.0,653.0,5306.0,221.0,5.0,2026-09-19T10:46:56.217141
20250530,OK,file://data\raw\nse\fo_zip\fo_20250530.csv.zip,dc205cd5cf5a650a452205e116e4322821a83ac7537081a287988dc27a932fcd,999768.0,665.0,4556.0,225.0,5.0,2026-09-19T10:46:56.603431
20250602,OK,file://data\raw\nse\fo_zip\fo_20250602.csv.zip,2ca90efdc08c60e3fbe818c5a09dfbec71b5a211e5b169ba1daf5ac49162dc6a,930990.0,665.0,4572.0,225.0,5.0,2026-09-19T10:46:56.971867
20250603,OK,file://data\raw\nse\fo_zip\fo_20250603.csv.zip,2c87b89a6324edb0affb43da625a5719a4cc6a5625e45764ca71ba75b7aab6c8,947365.0,665.0,4600.0,225.0,5.0,2026-09-19T10:46:57.306421
20250604,OK,file://data\raw\nse\fo_zip\fo_20250604.csv.zip,4611f03e32d661c81331fbf5a4c3772e8df438d34f219fb7565f63533b506453,957813.0,665.0,4620.0,225.0,5.0,2026-09-19T10:46:57.644458
20250605,OK,file://data\raw\nse\fo_zip\fo_20250605.csv.zip,65789d40aad3da93620fb0d497f73f2a389fd533f9ad4a69dd5b35588c8cb433,977361.0,665.0,4628.0,225.0,5.0,2026-09-19T10:46:58.020021
20250606,OK,file://data\raw\nse\fo_zip\fo_20250606.csv.zip,641e58c1d843d2624df497e952969a24043164d08cacd472d98e1db24254e4fb,1009915.0,665.0,4616.0,225.0,5.0,2026-09-19T10:46:58.373754
20250609,OK,file://data\raw\nse\fo_zip\fo_20250609.csv.zip,4f98c19c45ae56a78f75f8cb3fad0391e8e12df4005b8a5d4f459912901cdce5,1040998.0,665.0,4780.0,225.0,5.0,2026-09-19T10:46:58.722445
20250610,OK,file://data\raw\nse\fo_zip\fo_20250610.csv.zip,1279a2bcfc1d6a2315d3c1fce3c12111a4f3fa710408b2f6a8d82e6c01a3050c,1059530.0,665.0,4924.0,225.0,5.0,2026-09-19T10:46:59.097956
20250611,OK,file://data\raw\nse\fo_zip\fo_20250611.csv.zip,1204a33f929c9d8b904aa85209b045e9dd24f8ffa4bbdbeb26a73df70cc71755,1077567.0,665.0,4930.0,225.0,5.0,2026-09-19T10:46:59.462657
20250612,OK,file://data\raw\nse\fo_zip\fo_20250612.csv.zip,2e690b25b8bce44d689f6ddd2d781d4efcdfdf760a1f90a4b85d132ed16196ef,1086157.0,665.0,4944.0,225.0,5.0,2026-09-19T10:46:59.836355
20250613,OK,file://data\raw\nse\fo_zip\fo_20250613.csv.zip,e366d09d6588cb7694058c8d0b63812d511226a6c658a6dc57c4ac324472cbb6,1095235.0,665.0,4898.0,225.0,5.0,2026-09-19T10:47:00.223154
20250616,OK,file://data\raw\nse\fo_zip\fo_20250616.csv.zip,2392d1fd08fa385a47966edde11a542f1e4bd54059cc91b82ad3d7e4499359e6,1115587.0,665.0,4908.0,225.0,5.0,2026-09-19T10:47:00.603261
20250617,OK,file://data\raw\nse\fo_zip\fo_20250617.csv.zip,f3a24832b36d21f4c3652aa46c1d646e38cae8dc5dd11fd556bf9c646dc486a6,1113922.0,665.0,4910.0,225.0,5.0,2026-09-19T10:47:00.991452
20250618,OK,file://data\raw\nse\fo_zip\fo_20250618.csv.zip,7fbbd7954410575d17ca1dbb145a8d8f8fdc1f5117b55723c6f4590c430a08e6,1122521.0,665.0,4910.0,225.0,5.0,2026-09-19T10:47:01.362101
20250619,OK,file://data\raw\nse\fo_zip\fo_20250619.csv.zip,aa48e59614428bb19f2dddecdb2dcbf9c6ace9e858b71e2614b9e7eeb36090b8,1141311.0,665.0,4910.0,225.0,5.0,2026-09-19T10:47:01.764832
20250620,OK,file://data\raw\nse\fo_zip\fo_20250620.csv.zip,3ae6348b1f970b9676119d041e9d22a7ea806f2e6df7d6eef94dc916ddaf452d,1168264.0,665.0,4902.0,225.0,5.0,2026-09-19T10:47:02.133007
20250623,OK,file://data\raw\nse\fo_zip\fo_20250623.csv.zip,94ed99b5db4dff171fc9784f7edca8e0ff14a670643b50af998c64d4aa431d43,1194559.0,665.0,4920.0,225.0,5.0,2026-09-19T10:47:02.527390
20250624,OK,file://data\raw\nse\fo_zip\fo_20250624.csv.zip,c78ce1a1cbc51d168f0bab2fe30ca85b5778c469e1ff774ad34f23bf6fa455e9,1207874.0,665.0,4920.0,225.0,5.0,2026-09-19T10:47:02.907375
20250625,OK,file://data\raw\nse\fo_zip\fo_20250625.csv.zip,e51646f317e2d640029e1fed15ddb6496c460d5caf82bb96ceffa451e28b7b7f,1208493.0,665.0,4920.0,225.0,5.0,2026-09-19T10:47:03.296673
20250626,OK,file://data\raw\nse\fo_zip\fo_20250626.csv.zip,ceb07f070e10a7c35a4370766888dc0474a50284f330dd103e7b986e11cc4f83,1191640.0,665.0,4950.0,225.0,5.0,2026-09-19T10:47:03.688534
20250627,OK,file://data\raw\nse\fo_zip\fo_20250627.csv.zip,7326fe8e5d851a82c91f36ea30ae10b4abbc40aeb9880c63f420105800e8a4e8,993433.0,659.0,4219.0,229.0,5.0,2026-09-19T10:47:04.028716
20250630,OK,file://data\raw\nse\fo_zip\fo_20250630.csv.zip,ae5814ad21d853781438846459563ee98866298b0d0140450a0cb94712959001,930920.0,659.0,4289.0,229.0,5.0,2026-09-19T10:47:04.356392
20250701,OK,file://data\raw\nse\fo_zip\fo_20250701.csv.zip,7b04d81f88d50f770847544f9a0f447bff5704d161a977e784bfb22ef72d47dd,949691.0,659.0,4323.0,229.0,5.0,2026-09-19T10:47:04.683974
20250702,OK,file://data\raw\nse\fo_zip\fo_20250702.csv.zip,5a95bc7fe89032fa31e8173f6ddced50e526808d917562d7c1a0a4cef0e75748,964864.0,659.0,4327.0,229.0,5.0,2026-09-19T10:47:05.000450
20250703,OK,file://data\raw\nse\fo_zip\fo_20250703.csv.zip,062199a3a8f9427b5f9e1bfe41ef4bb41a7761d58776f194763c8c0bb7e5c371,971672.0,659.0,4354.0,229.0,5.0,2026-09-19T10:47:05.352857
20250704,OK,file://data\raw\nse\fo_zip\fo_20250704.csv.zip,0238676230f205dd3ae1d98fd5ec6774b331b4029db98dd6f9a53c347614662e,977410.0,659.0,4336.0,229.0,5.0,2026-09-19T10:47:05.689199
20250707,OK,file://data\raw\nse\fo_zip\fo_20250707.csv.zip,0c3ba46bf1152d25a45fb403063e3a598863a326ffc985037acc78efaa270e16,983525.0,659.0,4338.0,229.0,5.0,2026-09-19T10:47:06.040335
20250708,OK,file://data\raw\nse\fo_zip\fo_20250708.csv.zip,10e72772e36275e8be90e84abf432a242baee16dff5d6962f6a794c75b1992c9,999289.0,659.0,4338.0,229.0,5.0,2026-09-19T10:47:06.421846
20250709,OK,file://data\raw\nse\fo_zip\fo_20250709.csv.zip,300fb5cb1218c7d38f8eeb86b0dfe79dffc9d7d698073abc7bf208761b5078d0,1009191.0,659.0,4340.0,229.0,5.0,2026-09-19T10:47:06.793684
20250710,OK,file://data\raw\nse\fo_zip\fo_20250710.csv.zip,fd5aa6141a46fd1780297288a763c9bdd25af46c92683c32a98688ec1f441409,1015750.0,659.0,4340.0,229.0,5.0,2026-09-19T10:47:07.133270
20250711,OK,file://data\raw\nse\fo_zip\fo_20250711.csv.zip,ca500ea078295c012761a9a831ed6ac6f29e88cba0a45f12a954ca8fc1362170,1033363.0,659.0,4314.0,229.0,5.0,2026-09-19T10:47:07.483225
20250714,OK,file://data\raw\nse\fo_zip\fo_20250714.csv.zip,058b1d0019b992f5e989b283883ea18cb0b0b8367acd57b6d2241ce7487dc6de,1049192.0,659.0,4358.0,229.0,5.0,2026-09-19T10:47:07.845358
20250715,OK,file://data\raw\nse\fo_zip\fo_20250715.csv.zip,c914637ae20980a8b306129043543f67c8d3bc5b0267577249ca8afa9d35debf,1054391.0,659.0,4364.0,229.0,5.0,2026-09-19T10:47:08.207145
20250716,OK,file://data\raw\nse\fo_zip\fo_20250716.csv.zip,91058d951f7179e231dabdbfdad5939a77f89cdf9336eee155aa4f69627dbcc1,1061148.0,659.0,4364.0,229.0,5.0,2026-09-19T10:47:08.563868
20250717,OK,file://data\raw\nse\fo_zip\fo_20250717.csv.zip,3a3b54d1402320804b2911e585fe79ee3fcefa619dab8643459e9b95927638f1,1065746.0,659.0,4364.0,229.0,5.0,2026-09-19T10:47:08.980278
20250718,OK,file://data\raw\nse\fo_zip\fo_20250718.csv.zip,cd788cee47837f6790c0d1d197ac3ee711bb8252fc0747a55fcaef2bf47ed03d,1081062.0,659.0,4326.0,229.0,5.0,2026-09-19T10:47:09.339649
20250721,OK,file://data\raw\nse\fo_zip\fo_20250721.csv.zip,fb73e35d1339b926ff584d70ceadee13934ff3b14a95733a4552d2e8e54a9727,1095152.0,659.0,4366.0,229.0,5.0,2026-09-19T10:47:09.705336
20250722,OK,file://data\raw\nse\fo_zip\fo_20250722.csv.zip,877e23227280ad3db02a517f5978a2c191d8fd022bd0100882ed9f32debac65e,1102702.0,659.0,4366.0,229.0,5.0,2026-09-19T10:47:10.061410
20250723,OK,file://data\raw\nse\fo_zip\fo_20250723.csv.zip,09c1b954a8f81cdc19c4084761aaa8fb8b2f10f2e1978af190f8985890189d36,1114921.0,659.0,4366.0,229.0,5.0,2026-09-19T10:47:10.436446
20250724,OK,file://data\raw\nse\fo_zip\fo_20250724.csv.zip,9ea25f0690456e4973444dcb40af3bbca7d612d7605931e0a414ec5289d30757,1232219.0,659.0,4370.0,229.0,5.0,2026-09-19T10:47:10.816572
20250725,OK,file://data\raw\nse\fo_zip\fo_20250725.csv.zip,6981ec4e5e72d0195f280262652bb796ec4a3e383ce7bf395eeff7d098b1847b,1165751.0,659.0,4336.0,229.0,5.0,2026-09-19T10:47:11.198433
20250728,OK,file://data\raw\nse\fo_zip\fo_20250728.csv.zip,d4b1fb160ba050cf41d375a66f6077b14053214bdfde016f593734d2239d4628,1195823.0,659.0,4388.0,229.0,5.0,2026-09-19T10:47:11.574216
20250729,OK,file://data\raw\nse\fo_zip\fo_20250729.csv.zip,0312fa0848dc6f6987ed7532d29f5b406b30467c800c0198e62b336dd357ce31,1205741.0,659.0,4434.0,229.0,5.0,2026-09-19T10:47:11.957860
20250730,OK,file://data\raw\nse\fo_zip\fo_20250730.csv.zip,05f418de665d6ee8f0726f912a4e86a28373b69f03d255f9eddfabf548bf5fc0,1207989.0,659.0,4434.0,229.0,5.0,2026-09-19T10:47:12.342379
20250731,OK,file://data\raw\nse\fo_zip\fo_20250731.csv.zip,309012a03cd59888dc5ec4974649800cecdd862303e3a4e0415d027d72524886,1197331.0,659.0,4434.0,229.0,5.0,2026-09-19T10:47:12.726311
20250801,OK,file://data\raw\nse\fo_zip\fo_20250801.csv.zip,70ae7b9c6ded928713f6c0c680a86ca720d02c4eaa38b12a57fba6b67093fc73,931667.0,646.0,3988.0,221.0,5.0,2026-09-19T10:47:13.047566
20250804,OK,file://data\raw\nse\fo_zip\fo_20250804.csv.zip,790583510184565803b655e32eb4354f844d45b4228f0e7949a8776efda36d59,882960.0,646.0,4114.0,221.0,5.0,2026-09-19T10:47:13.358180
20250805,OK,file://data\raw\nse\fo_zip\fo_20250805.csv.zip,1966a3b416b7f9a4121ac76348ba41c040e45e8c60f952c4dd510f6f83c88baf,897345.0,646.0,4114.0,221.0,5.0,2026-09-19T10:47:13.677655
20250806,OK,file://data\raw\nse\fo_zip\fo_20250806.csv.zip,2f775e0f4bdc2c03b7a9f5049fcbbd0c3aea155f254098a50fda22ee5af34366,914744.0,646.0,4128.0,221.0,5.0,2026-09-19T10:47:14.009776
20250807,OK,file://data\raw\nse\fo_zip\fo_20250807.csv.zip,bc99438e2c793725eb4b2e3d68a612c644bcb21c56aa6bb46f0bc454382b7599,936469.0,646.0,4140.0,221.0,5.0,2026-09-19T10:47:14.330275
20250808,OK,file://data\raw\nse\fo_zip\fo_20250808.csv.zip,66e7b434e8af497ca9ef5b9c9ab487d7809996028326095a50ec311760012d3d,933766.0,646.0,4102.0,221.0,5.0,2026-09-19T10:47:14.659148
20250811,OK,file://data\raw\nse\fo_zip\fo_20250811.csv.zip,6b4404fdc3e07d325c67600713414a3ba5b872c25aaec966c0c651ebd5e237ce,960759.0,646.0,4277.0,221.0,5.0,2026-09-19T10:47:15.006870
20250812,OK,file://data\raw\nse\fo_zip\fo_20250812.csv.zip,3262c8e2340c7825872aa7c286615c6c8e0ae69cb6d878e2199611c3709ec124,964780.0,646.0,4277.0,221.0,5.0,2026-09-19T10:47:15.346938
20250813,OK,file://data\raw\nse\fo_zip\fo_20250813.csv.zip,a9531c1ebc337e2ca290a33627952807eacf67e2ad32a6bd4f91945f083872f5,978578.0,646.0,4283.0,221.0,5.0,2026-09-19T10:47:15.683373
20250814,OK,file://data\raw\nse\fo_zip\fo_20250814.csv.zip,eef780bede31112563f85a3d4616b0fe1c35ae77e7001dda7e336c6c7bd69c3e,980656.0,646.0,4283.0,221.0,5.0,2026-09-19T10:47:16.023263
20250818,OK,file://data\raw\nse\fo_zip\fo_20250818.csv.zip,aa7f35d06edf08931ff827fd3193138fe5dec9ee61ee1e49cbf53762f305b3f9,1022610.0,646.0,4245.0,221.0,5.0,2026-09-19T10:47:16.389781
20250819,OK,file://data\raw\nse\fo_zip\fo_20250819.csv.zip,1726c5ead648d842c68c1ccf8e1f830f5ee0ae0fa924a24229d355cabaf734d1,1022878.0,646.0,4279.0,221.0,5.0,2026-09-19T10:47:16.750752
20250820,OK,file://data\raw\nse\fo_zip\fo_20250820.csv.zip,f19cff001a130566efcba499fe0c98ec99e024e14fd9d7dbcbbdc60faec1d3ba,1041917.0,646.0,4303.0,221.0,5.0,2026-09-19T10:47:17.113157
20250821,OK,file://data\raw\nse\fo_zip\fo_20250821.csv.zip,4478bd6082b0d081c30c9bb0b30900753d929d630f1771487828f94a1bcabbdc,1053873.0,646.0,4321.0,221.0,5.0,2026-09-19T10:47:17.482125
20250822,OK,file://data\raw\nse\fo_zip\fo_20250822.csv.zip,f0285bede995b36a91e2537bc96fde3c8e2e85db15f4302fc43b25815eea9718,1066237.0,646.0,4295.0,221.0,5.0,2026-09-19T10:47:17.857823
20250825,OK,file://data\raw\nse\fo_zip\fo_20250825.csv.zip,00987d9617505a112947387a1991df543ba715d4b125e33fb304b831dc26fefe,1086209.0,646.0,4305.0,221.0,5.0,2026-09-19T10:47:18.238059
20250826,OK,file://data\raw\nse\fo_zip\fo_20250826.csv.zip,1cd16f5944add0affb0e34e20617b488ff06177dded9e39fe082a9b98e669926,1110840.0,646.0,4305.0,221.0,5.0,2026-09-19T10:47:18.627217
20250828,OK,file://data\raw\nse\fo_zip\fo_20250828.csv.zip,21cd1266d8c3852415c0c2fbdac2b3fb6221ff4d5bb3a08782f3deb4286b3fc0,1099541.0,646.0,4351.0,221.0,5.0,2026-09-19T10:47:18.989305
20250829,OK,file://data\raw\nse\fo_zip\fo_20250829.csv.zip,b2f0197c34b2abd3b9bbdfaa1bc5f6f58ad92fb518a00819c94beffc8e3e142d,880432.0,640.0,4115.0,214.0,5.0,2026-09-19T10:47:19.315627
20250901,OK,file://data\raw\nse\fo_zip\fo_20250901.csv.zip,bb58bcca3f13077400910a5f326f82fcf36951f0787d05ea9d257a0de18ec0a3,828139.0,640.0,4149.0,214.0,5.0,2026-09-19T10:47:19.615318
20250902,OK,file://data\raw\nse\fo_zip\fo_20250902.csv.zip,3f1540f30aa83252ad9d8edaf63ba19f1045470b21910007be1ff8d0bda9fb9f,861966.0,640.0,4191.0,214.0,5.0,2026-09-19T10:47:19.921915
20250903,OK,file://data\raw\nse\fo_zip\fo_20250903.csv.zip,20d37df54189cc1ef877548f39aec9564a2d1515f52ccd2f1c707733a1eb4f4c,863653.0,640.0,4167.0,214.0,5.0,2026-09-19T10:47:20.341179
20250904,OK,file://data\raw\nse\fo_zip\fo_20250904.csv.zip,e0cf9c5f25373a2854c6a22aa6f2e99d8aea2fd80285158d7a88380eb1ac7389,888731.0,640.0,4189.0,214.0,5.0,2026-09-19T10:47:20.822971
20250905,OK,file://data\raw\nse\fo_zip\fo_20250905.csv.zip,253fe54dbe21e7be164159a99d42816f012656aaae244d62631ab804bf94918a,891768.0,640.0,4201.0,214.0,5.0,2026-09-19T10:47:21.319981
20250908,OK,file://data\raw\nse\fo_zip\fo_20250908.csv.zip,7aa1cd264f69bf7d7555c6326f8730df24ab6cf0deb6fc266e38f97f7815ee86,903311.0,640.0,4203.0,214.0,5.0,2026-09-19T10:47:21.674518
20250909,OK,file://data\raw\nse\fo_zip\fo_20250909.csv.zip,ce72758496a4ffe8a151718dd16b3728fa76263c737c59bdec15515581aaf2f8,908830.0,640.0,4209.0,214.0,5.0,2026-09-19T10:47:22.036895
20250910,OK,file://data\raw\nse\fo_zip\fo_20250910.csv.zip,96016ff4ea8d3ff669b8691faa8eef83c3895e94f818c0aab2a207a4f6d64f85,929117.0,640.0,4191.0,214.0,5.0,2026-09-19T10:47:22.391939
20250911,OK,file://data\raw\nse\fo_zip\fo_20250911.csv.zip,7c99f9df7787f68641e3dbb8f468708bcf37c10dc73ac9fa16c01aac30f65705,931999.0,640.0,4237.0,214.0,5.0,2026-09-19T10:47:22.717798
20250912,OK,file://data\raw\nse\fo_zip\fo_20250912.csv.zip,569004cd71af3c0f2bda297e8e759dd0c75cb59e46c6f3ae04a481c7469b5bd8,942686.0,640.0,4253.0,214.0,5.0,2026-09-19T10:47:23.041435
20250915,OK,file://data\raw\nse\fo_zip\fo_20250915.csv.zip,4be587b04c63f3bcf5445ecf29cf35f054f9fe206d48a7b6d556971f38cabd19,952486.0,640.0,4289.0,214.0,5.0,2026-09-19T10:47:23.369034
20250916,OK,file://data\raw\nse\fo_zip\fo_20250916.csv.zip,b6aa26956f32ed6122abde7be56296c71af06461e2fec90c89e2a93c760ffbd8,967992.0,640.0,4313.0,214.0,5.0,2026-09-19T10:47:23.705084
20250917,OK,file://data\raw\nse\fo_zip\fo_20250917.csv.zip,6582a07c79764c15e94c5e5043e3b040c43487e034e2bad6eb7d9ded1ec779aa,983817.0,640.0,4341.0,214.0,5.0,2026-09-19T10:47:24.031819
20250918,OK,file://data\raw\nse\fo_zip\fo_20250918.csv.zip,9f8b48fb8e5c55e3649477d76cb0ac2de9bc069a61152264840f9170b12c1707,993138.0,640.0,4385.0,214.0,5.0,2026-09-19T10:47:24.376241
20250919,OK,file://data\raw\nse\fo_zip\fo_20250919.csv.zip,ae21a1d76a52901058710c7076d67908445dcd278e057d7ef5f94a9c097b4389,1003730.0,640.0,4439.0,214.0,5.0,2026-09-19T10:47:24.740604
20250922,OK,file://data\raw\nse\fo_zip\fo_20250922.csv.zip,a5588994e18fcb436d26c00ba6f6673b5beb079949b7249fada35826b6509048,1035402.0,640.0,4457.0,214.0,5.0,2026-09-19T10:47:25.077112
20250923,OK,file://data\raw\nse\fo_zip\fo_20250923.csv.zip,1acf342568f9cdfee07820a59116a8b38e07a30a2027698851181188e2197b9d,1046428.0,640.0,4477.0,214.0,5.0,2026-09-19T10:47:25.410788
20250924,OK,file://data\raw\nse\fo_zip\fo_20250924.csv.zip,b782a2b353aeb902b0f5be294833a495f53a03a9ca0c8b703bd0d8065a865a5b,1057482.0,640.0,4441.0,214.0,5.0,2026-09-19T10:47:25.754270
20250925,OK,file://data\raw\nse\fo_zip\fo_20250925.csv.zip,73052b47945172a3a691744d37b877c6067b7f5c875c606942291c398316a733,1064416.0,640.0,4449.0,214.0,5.0,2026-09-19T10:47:26.091002
20250926,OK,file://data\raw\nse\fo_zip\fo_20250926.csv.zip,c9287834be2f92a523b8bcb1b56fab3e003f185b86c3ec688207d484d0eb3594,1098851.0,640.0,4461.0,214.0,5.0,2026-09-19T10:47:26.442283
20250929,OK,file://data\raw\nse\fo_zip\fo_20250929.csv.zip,e4271038fdebe97b00a1c0b839f8e24bb0fc694f4f8625834072c4fe7b07339f,1110145.0,640.0,4489.0,214.0,5.0,2026-09-19T10:47:26.788771
20250930,OK,file://data\raw\nse\fo_zip\fo_20250930.csv.zip,fe30a48a4c95afda67383654ea1b9e3fb0aed466a2b9cbe0688eeb68e57d8119,1096363.0,640.0,4489.0,214.0,5.0,2026-09-19T10:47:27.184904
20251001,OK,file://data\raw\nse\fo_zip\fo_20251001.csv.zip,1246b202fd462e3f45d24733e240c3f924aaadfb889e5ed6f383607fa8d41f1c,1019940.0,641.0,4123.0,214.0,5.0,2026-09-19T10:47:27.581828
20251003,OK,file://data\raw\nse\fo_zip\fo_20251003.csv.zip,fb71ed06647c7d2f9ebe36bcc3e76c7cf6d145fddf5a4072b4247a48816af9f6,975855.0,641.0,4183.0,214.0,5.0,2026-09-19T10:47:27.943408
20251006,OK,file://data\raw\nse\fo_zip\fo_20251006.csv.zip,fc9b201cad915c32ff5b9a83345ac73e0db8c95e48356c330c46921d73d6d00d,1003156.0,641.0,4205.0,214.0,5.0,2026-09-19T10:47:28.282942
20251007,OK,file://data\raw\nse\fo_zip\fo_20251007.csv.zip,c78039f4858b2af109b4dba075cc91b901db51c119cac7af348a5b9f0b2a3124,1028638.0,641.0,4259.0,214.0,5.0,2026-09-19T10:47:28.639583
20251008,OK,file://data\raw\nse\fo_zip\fo_20251008.csv.zip,1f7b50773e2d56f97c1ab9c372784b7100e9619c9b0cadfff822f2337e89d271,1039786.0,641.0,4255.0,214.0,5.0,2026-09-19T10:47:29.001694
20251009,OK,file://data\raw\nse\fo_zip\fo_20251009.csv.zip,29273622b8d4c00b5b7b1b035ca7d8f86934f4c5a7c833aefa67e05538334442,1050803.0,641.0,4257.0,214.0,5.0,2026-09-19T10:47:29.350503
20251010,OK,file://data\raw\nse\fo_zip\fo_20251010.csv.zip,10d26189620b6bb16b6cf0856ec5641295d398fded6a1333b5e4231b0bebfcf4,1069558.0,641.0,4267.0,214.0,5.0,2026-09-19T10:47:29.763014
20251013,OK,file://data\raw\nse\fo_zip\fo_20251013.csv.zip,c35fbd6f84e2c183e1cfc05ac22d941cc3dd9e45c41db039cdb17706f8b1a0dd,1064539.0,641.0,4311.0,214.0,5.0,2026-09-19T10:47:30.140305
20251014,OK,file://data\raw\nse\fo_zip\fo_20251014.csv.zip,62e42b0b9623d9846cdf92d3c863ac992c1c3a02dfbb8bfddb5ddf2b89da736f,1080981.0,641.0,4323.0,214.0,5.0,2026-09-19T10:47:30.491313
20251015,OK,file://data\raw\nse\fo_zip\fo_20251015.csv.zip,1793961edfd7ecd9fed005ee4ad95fd036714987af34b518335b11641b1521a3,1093050.0,641.0,4291.0,214.0,5.0,2026-09-19T10:47:30.850247
20251016,OK,file://data\raw\nse\fo_zip\fo_20251016.csv.zip,2ed5f73851129b6877b090ba636f24ea8b99f8ffd87b60869b29e6f9dcd64f19,1119161.0,641.0,4329.0,214.0,5.0,2026-09-19T10:47:31.209744
20251017,OK,file://data\raw\nse\fo_zip\fo_20251017.csv.zip,c388d7bd90c904c79bcdbf81180bc96cf9cc841b1045f70a70e576a396f72d18,1152606.0,641.0,4487.0,214.0,5.0,2026-09-19T10:47:31.587853
20251020,OK,file://data\raw\nse\fo_zip\fo_20251020.csv.zip,2d58fd0a9862645210f58c35d604daef4f56e638149741077996f0de07e4c1ba,1171970.0,641.0,4531.0,214.0,5.0,2026-09-19T10:47:31.954216
20251021,OK,file://data\raw\nse\fo_zip\fo_20251021.csv.zip,c76fef276dfd53ec645f56d75b5a6f6eb2120cefdfd85192b0f20e549c9eeac9,1050303.0,641.0,4547.0,214.0,5.0,2026-09-19T10:47:32.327962
20251023,OK,file://data\raw\nse\fo_zip\fo_20251023.csv.zip,b8e4757d7d4ae3cf5157298e00a8b041022509d682773453aa08ce3154620925,1209085.0,641.0,4547.0,214.0,5.0,2026-09-19T10:47:32.692304
20251024,OK,file://data\raw\nse\fo_zip\fo_20251024.csv.zip,32181ffb2a468ca2c2632bd7afac1722357fa220acd91a111a8d3bcc590343d1,1223443.0,641.0,4573.0,214.0,5.0,2026-09-19T10:47:33.068488
20251027,OK,file://data\raw\nse\fo_zip\fo_20251027.csv.zip,ae3750b4e3f172809ee2672663461db253d3c1e2ed63e3bf0eb51436943d9550,1233829.0,641.0,4575.0,214.0,5.0,2026-09-19T10:47:33.441835
20251028,OK,file://data\raw\nse\fo_zip\fo_20251028.csv.zip,a955e6a6e4d2a3c656f60fd98d4403013b230d9a0852a630e05dbfeb38f1d675,1214719.0,641.0,4609.0,214.0,5.0,2026-09-19T10:47:33.828593
20251029,OK,file://data\raw\nse\fo_zip\fo_20251029.csv.zip,79afa594672d1e4e1d5c2793cc953f45afd1cd0e4c78592b0067551ffbe98b33,1021758.0,636.0,4239.0,214.0,5.0,2026-09-19T10:47:34.169081
20251030,OK,file://data\raw\nse\fo_zip\fo_20251030.csv.zip,cbdc3beb3575cf53ee2e71215f69420272112673bd50f1dc1541f80859d948ad,975523.0,636.0,4337.0,214.0,5.0,2026-09-19T10:47:34.486474
20251031,OK,file://data\raw\nse\fo_zip\fo_20251031.csv.zip,5f02acaeaad3f0d4b02050e76de9232332713c251e945291f035d33b88888b44,999896.0,636.0,4357.0,214.0,5.0,2026-09-19T10:47:34.840954
20251103,OK,file://data\raw\nse\fo_zip\fo_20251103.csv.zip,a0ebbb7167c56e7e0b71fbb48d7413fe5465b6e71e0fc501c762b5dc40d236e7,1023252.0,636.0,4385.0,214.0,5.0,2026-09-19T10:47:35.186690
20251104,OK,file://data\raw\nse\fo_zip\fo_20251104.csv.zip,ff0567db34a5556a855c512abba6f8ecdb1c87100334325a521706c841f715d7,1037088.0,636.0,4433.0,214.0,5.0,2026-09-19T10:47:35.532432
20251106,OK,file://data\raw\nse\fo_zip\fo_20251106.csv.zip,333677c52e7f6b55b6c45033b72ba97d768ec4a32cb1a82d2f4f1731103e683c,1068974.0,636.0,4383.0,214.0,5.0,2026-09-19T10:47:35.901304
20251107,OK,file://data\raw\nse\fo_zip\fo_20251107.csv.zip,29c0ccf098354dcad704861b60bb3fb92d911ff980745d95c2f5ebec9c139b4e,1100388.0,636.0,4403.0,214.0,5.0,2026-09-19T10:47:36.279044
20251110,OK,file://data\raw\nse\fo_zip\fo_20251110.csv.zip,52e0f3a88af3be2282eee4bc11f24fd86de6b99cb60cc369b714f6e1b64f0bcc,1116510.0,636.0,4403.0,214.0,5.0,2026-09-19T10:47:36.652559
20251111,OK,file://data\raw\nse\fo_zip\fo_20251111.csv.zip,e90a2510be486e3df4896438af1c4aaa2f08985a1c667e952eea254b16b7f4e9,1132785.0,636.0,4403.0,214.0,5.0,2026-09-19T10:47:37.020908
20251112,OK,file://data\raw\nse\fo_zip\fo_20251112.csv.zip,711ff2fe3692f27970720f0de7de0de1be6bb58100e3ed3a556e76c712ef7012,1155535.0,636.0,4385.0,214.0,5.0,2026-09-19T10:47:37.407257
20251113,OK,file://data\raw\nse\fo_zip\fo_20251113.csv.zip,1e10318ae2eb0a7fdb06b1fd97cfcb33ffd326c053511d248c917b6c53d2e7b4,1164983.0,636.0,4443.0,214.0,5.0,2026-09-19T10:47:37.785491
20251114,OK,file://data\raw\nse\fo_zip\fo_20251114.csv.zip,1aae20bbe4fc0c945e841b193b84c237bf7707572eef06c7ff8568cdd62a3a6e,1178270.0,636.0,4443.0,214.0,5.0,2026-09-19T10:47:38.160809
20251117,OK,file://data\raw\nse\fo_zip\fo_20251117.csv.zip,3fcbe3c660ca4d06bdce89be2d74e2c7283f4aea610af316378bb93ad147668d,1202970.0,636.0,4449.0,214.0,5.0,2026-09-19T10:47:38.547791
20251118,OK,file://data\raw\nse\fo_zip\fo_20251118.csv.zip,ab5788a58bfe13a4999e2c1a0a4ec9d56a6ddd197b6fb6b253e63d4b4e7da5e5,1229529.0,636.0,4517.0,214.0,5.0,2026-09-19T10:47:38.940156
20251119,OK,file://data\raw\nse\fo_zip\fo_20251119.csv.zip,030f9bd458de385a017459d48c384d3f2d808b4613ed84541f19983d0ccf8af4,1256117.0,636.0,4481.0,214.0,5.0,2026-09-19T10:47:39.343530
20251120,OK,file://data\raw\nse\fo_zip\fo_20251120.csv.zip,e1a2a53922b80ed1929702daa84d7b2beeaf542916406cc30eb0e6f4807df561,1272714.0,636.0,4503.0,214.0,5.0,2026-09-19T10:47:39.757623
20251121,OK,file://data\raw\nse\fo_zip\fo_20251121.csv.zip,46c0b28cf5cea3fbbdc360e6a78e0d1e5b0d62d753b2962142c6632feccf1351,1281657.0,636.0,4589.0,214.0,5.0,2026-09-19T10:47:40.155123
20251124,OK,file://data\raw\nse\fo_zip\fo_20251124.csv.zip,fae5091f7ec9fcb01909dc40dfcde6b00e75adcd4cf91f11ad15bfd128b3a995,1290345.0,636.0,4603.0,214.0,5.0,2026-09-19T10:47:40.550290
20251125,OK,file://data\raw\nse\fo_zip\fo_20251125.csv.zip,8d52569433a0436db08f8f76e7a6e040a1913b6f66480cfa9d725dffe57f6888,1270706.0,636.0,4615.0,214.0,5.0,2026-09-19T10:47:40.948165
20251126,OK,file://data\raw\nse\fo_zip\fo_20251126.csv.zip,80e47f6a005a2d8d81d23d3de74d924115d8701a30f3eb4dbbb5e281c2d6fb31,1029155.0,630.0,4145.0,213.0,5.0,2026-09-19T10:47:41.307903
20251127,OK,file://data\raw\nse\fo_zip\fo_20251127.csv.zip,80823ce40c3c9772d46c821e95fefaff371115f2f01535a4757dec1d2f525fa5,979842.0,630.0,4231.0,213.0,5.0,2026-09-19T10:47:41.648699
20251128,OK,file://data\raw\nse\fo_zip\fo_20251128.csv.zip,7e501e3d32dde33c00ae953395361c49fb12f9cc3e428bfe123645676a4cac57,987864.0,630.0,4267.0,213.0,5.0,2026-09-19T10:47:42.000917
20251201,OK,file://data\raw\nse\fo_zip\fo_20251201.csv.zip,28021546be601babc7be39f0a07d960ae3354dd8377e6aac8a00a216280c971f,1000710.0,630.0,4279.0,213.0,5.0,2026-09-19T10:47:42.353648
20251202,OK,file://data\raw\nse\fo_zip\fo_20251202.csv.zip,369018a08a98e0fa58ee13156cf97fadcccffa501e06ad9013d5d1bc3c096e96,1010646.0,630.0,4279.0,213.0,5.0,2026-09-19T10:47:42.693280
20251203,OK,file://data\raw\nse\fo_zip\fo_20251203.csv.zip,184fb37848ba3f2ac90c2a7fb196c4434547ae069c966084d95b0396ba5b2054,1031480.0,630.0,4251.0,213.0,5.0,2026-09-19T10:47:43.060823
20251204,OK,file://data\raw\nse\fo_zip\fo_20251204.csv.zip,97604da58ea7431bd0149c8fe4e5a03458ef70d432918075f0c88d500fa8455b,1045157.0,630.0,4253.0,213.0,5.0,2026-09-19T10:47:43.430899
20251205,OK,file://data\raw\nse\fo_zip\fo_20251205.csv.zip,ea0904ec07996bd80b3b10872dc9f4851827964d775cdee823e4ce8452b57b6a,1055834.0,630.0,4253.0,213.0,5.0,2026-09-19T10:47:43.818123
20251208,OK,file://data\raw\nse\fo_zip\fo_20251208.csv.zip,91cb5e0685375bc532e5122e41c4b39714e44e415c338d2e9786d36283f0d667,1086229.0,630.0,4259.0,213.0,5.0,2026-09-19T10:47:44.178442
20251209,OK,file://data\raw\nse\fo_zip\fo_20251209.csv.zip,6be8f29ff720cc3a7f471c0d395e46e118476e5af4f3ae270e45177bb7670289,1098467.0,630.0,4303.0,213.0,5.0,2026-09-19T10:47:44.570844
20251210,OK,file://data\raw\nse\fo_zip\fo_20251210.csv.zip,f61543aaf76728eeee4e23a59c7b32afbeb799b41ba05f58d6865e03ec206f22,1091360.0,630.0,4285.0,213.0,5.0,2026-09-19T10:47:44.973758
20251211,OK,file://data\raw\nse\fo_zip\fo_20251211.csv.zip,5fda19c3fd193e6e9d6f780c0fb7ef4935e17b8124521be1ce8c45a7a6ccd975,1101567.0,630.0,4319.0,213.0,5.0,2026-09-19T10:47:45.419573
20251212,OK,file://data\raw\nse\fo_zip\fo_20251212.csv.zip,c19b9ef15d54cd6f9b4a3d51d46d76221d51b57519531c74008c77a15b0276fc,1110940.0,630.0,4321.0,213.0,5.0,2026-09-19T10:47:45.818757
20251215,OK,file://data\raw\nse\fo_zip\fo_20251215.csv.zip,be2395531f508378c122b52126ea084bd4057fe8b07a782961d0a8ca0e6090a3,1115106.0,630.0,4327.0,213.0,5.0,2026-09-19T10:47:46.188683
20251216,OK,file://data\raw\nse\fo_zip\fo_20251216.csv.zip,2bf983b02f2271ba25af3b8d22ebc2826497a8cf7bfc10124de3ea0d0bb59b63,1121556.0,630.0,4327.0,213.0,5.0,2026-09-19T10:47:46.577269
20251217,OK,file://data\raw\nse\fo_zip\fo_20251217.csv.zip,bd0ae8d1d4367b30a1e8434cdfb44de89ef8b220bde0e491086ace21643fb3c7,1128440.0,630.0,4307.0,213.0,5.0,2026-09-19T10:47:46.960490
20251218,OK,file://data\raw\nse\fo_zip\fo_20251218.csv.zip,ec29998fce2a39e3cdc69a0142d18e2ec84008d7677640ef95ace582bb0084da,1151054.0,630.0,4313.0,213.0,5.0,2026-09-19T10:47:47.352783
20251219,OK,file://data\raw\nse\fo_zip\fo_20251219.csv.zip,5256988ff78c1f5a0ef0d016d1a637bf0f4ba38fe64b4158a68c398614e75c47,1171708.0,630.0,4313.0,213.0,5.0,2026-09-19T10:47:47.740500
20251222,OK,file://data\raw\nse\fo_zip\fo_20251222.csv.zip,72dc4647feb66fc1f36df1d1fdbfcb14c14c4e93d67add4a7b1e3455686ff1c2,1200982.0,630.0,4317.0,213.0,5.0,2026-09-19T10:47:48.132204
20251223,OK,file://data\raw\nse\fo_zip\fo_20251223.csv.zip,4a2744cef97899f1386c87c2aec1aaa9b8d8477251fd2fed51586586f5462b3d,1216501.0,630.0,4329.0,213.0,5.0,2026-09-19T10:47:48.529393
20251224,OK,file://data\raw\nse\fo_zip\fo_20251224.csv.zip,4dd53026d302b7263a44f9a565e1b03326c744277c8148b805cf606bb31f0c24,1232768.0,630.0,4315.0,213.0,5.0,2026-09-19T10:47:48.915336
20251226,OK,file://data\raw\nse\fo_zip\fo_20251226.csv.zip,3ed9d1f649d02881c1d7a456d1fe4108642e5d4badf6851f12234fece692d0ae,1249417.0,630.0,4317.0,213.0,5.0,2026-09-19T10:47:49.328825
20251229,OK,file://data\raw\nse\fo_zip\fo_20251229.csv.zip,b7f961f3b2d2228060803b3e40739c2b5b8b72c5c64c5cc29f2699c996294af5,1267825.0,630.0,4321.0,213.0,5.0,2026-09-19T10:47:49.729412
20251230,OK,file://data\raw\nse\fo_zip\fo_20251230.csv.zip,4bd66e769ba172b7ce8aa4a40eb61751a16be08ff6c7cff717729e9de4552ab4,1248990.0,630.0,4325.0,213.0,5.0,2026-09-19T10:47:50.118559
20251231,OK,file://data\raw\nse\fo_zip\fo_20251231.csv.zip,b2c16a1294b0cb3450a70f257d0dcedde1a3fa48a95465d126d06d96b4ad80fe,1094173.0,636.0,3906.0,213.0,5.0,2026-09-19T10:47:50.499635
20260101,OK,file://data\raw\nse\fo_zip\fo_20260101.csv.zip,0a54871cd7e7316d0b6b237fe1aac15bf8567a506bab34d38711a8b9995941e1,1044338.0,636.0,3972.0,213.0,5.0,2026-09-19T10:47:50.864139
20260102,OK,file://data\raw\nse\fo_zip\fo_20260102.csv.zip,44cae8644e138492161fedb1ec12306ab61e34a30e539d97cdb0179c00498861,1102123.0,636.0,3990.0,213.0,5.0,2026-09-19T10:47:51.254965
20260105,OK,file://data\raw\nse\fo_zip\fo_20260105.csv.zip,6c99a6bc8573d69bd94d74540bb29d9bf5a6b91e8271574d79f83bbd2b1d7bee,1142534.0,636.0,4134.0,213.0,5.0,2026-09-19T10:47:51.650604
20260106,OK,file://data\raw\nse\fo_zip\fo_20260106.csv.zip,a187afd89760de524823ade4ecf865dfb2f2e64006f24d1562721fcdde5a79f3,1161784.0,636.0,4134.0,213.0,5.0,2026-09-19T10:47:52.039058
20260107,OK,file://data\raw\nse\fo_zip\fo_20260107.csv.zip,27db26aff59cb2b74b0693ed79c6baf4315f195834a9f48544c05b0b496bca67,1186613.0,636.0,4116.0,213.0,5.0,2026-09-19T10:47:52.453192
20260108,OK,file://data\raw\nse\fo_zip\fo_20260108.csv.zip,f24237d5d30eef370bc9e788eabe3a721a85cb33d13684007994fc644480677f,1218504.0,636.0,4130.0,213.0,5.0,2026-09-19T10:47:52.862246
20260109,OK,file://data\raw\nse\fo_zip\fo_20260109.csv.zip,ce94b02fb6c7ff2c0567083b9fc16097f18e9a40cebc4a8c7335f736dbf9a91c,1241869.0,636.0,4144.0,213.0,5.0,2026-09-19T10:47:53.313979
20260112,OK,file://data\raw\nse\fo_zip\fo_20260112.csv.zip,9010bd24a274b72d049acbdfb3fb799261817164ab180821e74ee75d76296197,1262845.0,636.0,4176.0,213.0,5.0,2026-09-19T10:47:53.755981
20260113,OK,file://data\raw\nse\fo_zip\fo_20260113.csv.zip,8d2adb1fde242fd1c11be5a3592119f9c61aa580661661469ed56bbfd1e1db44,1256430.0,636.0,4176.0,213.0,5.0,2026-09-19T10:47:54.187518
20260114,OK,file://data\raw\nse\fo_zip\fo_20260114.csv.zip,f6406b7a67cf727a17878545dde7f19fea3bb365e283b2ad29776b2570376d77,1280726.0,636.0,4150.0,213.0,5.0,2026-09-19T10:47:54.613715
20260116,OK,file://data\raw\nse\fo_zip\fo_20260116.csv.zip,09c247fcf9a94ce147b29a5b0bc59ed9ec9cf3c54917e4f6c34097cfcf5d3aae,1322315.0,636.0,4164.0,213.0,5.0,2026-09-19T10:47:55.060955
20260119,OK,file://data\raw\nse\fo_zip\fo_20260119.csv.zip,434eea9af9be9f58625e4fe75fc60159016c81e55e55862aad977be9c6cd4e70,1353180.0,636.0,4164.0,213.0,5.0,2026-09-19T10:47:55.494301
20260120,OK,file://data\raw\nse\fo_zip\fo_20260120.csv.zip,938ba56d5a56cc29e093c2d6dc9dc1ba2509ff335f3d455702c54723b1b23499,1403124.0,636.0,4212.0,213.0,5.0,2026-09-19T10:47:55.947871
20260121,OK,file://data\raw\nse\fo_zip\fo_20260121.csv.zip,a63a5e20ca78443b0b30f5a4ae3b2044ffff04770238482f07762da36f1b0cde,1469021.0,636.0,4334.0,213.0,5.0,2026-09-19T10:47:56.433609
20260122,OK,file://data\raw\nse\fo_zip\fo_20260122.csv.zip,3fd5b36dfc248ff6884c2d48e04345f030b2ed3b8b8aa1100b1109564e138203,1496065.0,636.0,4414.0,213.0,5.0,2026-09-19T10:47:56.918432
20260123,OK,file://data\raw\nse\fo_zip\fo_20260123.csv.zip,6fa28e1a32723c2785ce178ccf7df9567c2c41d629d18367eea6d77a2d223b94,1524138.0,636.0,4416.0,213.0,5.0,2026-09-19T10:47:57.391720
20260127,OK,file://data\raw\nse\fo_zip\fo_20260127.csv.zip,475e952c522259d3f00510197aca0ac2284432cf9cb10f6153331a8e75283d6b,1524229.0,636.0,4530.0,213.0,5.0,2026-09-19T10:47:57.923997
20260128,OK,file://data\raw\nse\fo_zip\fo_20260128.csv.zip,1b8a6a22c90127d31e4d5abdaa1a9122f82878833f925d0f165873071d74c104,1212023.0,633.0,4200.0,212.0,5.0,2026-09-19T10:47:58.365276
20260129,OK,file://data\raw\nse\fo_zip\fo_20260129.csv.zip,777259e014c00cb93362b4a8bd191b499ebaf91d11a4cefe58976b69ef2396f6,1132981.0,633.0,4278.0,212.0,5.0,2026-09-19T10:47:58.767048
20260130,OK,file://data\raw\nse\fo_zip\fo_20260130.csv.zip,f99c274aad1807bb8344452a8ef33d7f15568c78c9bc5496e39f90ae7544e48f,1181033.0,633.0,4306.0,212.0,5.0,2026-09-19T10:47:59.179122
20260202,OK,file://data\raw\nse\fo_zip\fo_20260202.csv.zip,5c68ab9c92d2a45ae9db1e0b5d06a02081a5639e378d043bfd42f55f2975b527,1272084.0,633.0,4436.0,212.0,5.0,2026-09-19T10:47:59.621817
20260203,OK,file://data\raw\nse\fo_zip\fo_20260203.csv.zip,1e864ad3b5104b1ab3980afb3b5ffe54fa0e5862aba7bc192ca31befb9004380,1332876.0,633.0,4508.0,212.0,5.0,2026-09-19T10:48:00.074428
20260204,OK,file://data\raw\nse\fo_zip\fo_20260204.csv.zip,5e80aadc26c306250b640cc00fcf4325db3bb67b0ca60846126c8cd62ed6ca7a,1348727.0,633.0,4464.0,212.0,5.0,2026-09-19T10:48:00.524002
20260205,OK,file://data\raw\nse\fo_zip\fo_20260205.csv.zip,cec925f53111cbefe1318a254d50cf08edc19717febd63768fab8287e7dbec2d,1343767.0,633.0,4486.0,212.0,5.0,2026-09-19T10:48:00.982824
20260206,OK,file://data\raw\nse\fo_zip\fo_20260206.csv.zip,9660d181151041eefcf609404dd848b8744d0de786630cc40326908dd77c28c5,1368950.0,633.0,4490.0,212.0,5.0,2026-09-19T10:48:01.456054
20260209,OK,file://data\raw\nse\fo_zip\fo_20260209.csv.zip,7ea4b4f35f9c5e9b2673f8f17a90191e255bbf611834122bab183dd3ef4795c2,1390222.0,633.0,4490.0,212.0,5.0,2026-09-19T10:48:01.988092
20260210,OK,file://data\raw\nse\fo_zip\fo_20260210.csv.zip,b109da901e3f1e9455bf4bbbf08b40b1638e621894bf1974fec11f29c7e17a51,1404883.0,633.0,4562.0,212.0,5.0,2026-09-19T10:48:02.466709
20260211,OK,file://data\raw\nse\fo_zip\fo_20260211.csv.zip,1453a06fa9725a8115170371e0c5ac12b13eefd3886bab66cfa1cd6a31b7b2f7,1414060.0,633.0,4534.0,212.0,5.0,2026-09-19T10:48:02.953904
20260212,OK,file://data\raw\nse\fo_zip\fo_20260212.csv.zip,80773375a8d0db166b6ed1c62f2ca6da0f1bb72884605044bf418149ebdedbda,1432703.0,633.0,4552.0,212.0,5.0,2026-09-19T10:48:03.456929
20260213,OK,file://data\raw\nse\fo_zip\fo_20260213.csv.zip,33c5b74d87fdacf02205624a9df0047558deac0d762397d19581e0f29900a6c3,1472284.0,633.0,4566.0,212.0,5.0,2026-09-19T10:48:03.945539
20260216,OK,file://data\raw\nse\fo_zip\fo_20260216.csv.zip,7f225b569e2b769ca54182d881d38d6e32c0af11d190cb4a593fa5664f3aa395,1489132.0,633.0,4588.0,212.0,5.0,2026-09-19T10:48:04.445281
20260217,OK,file://data\raw\nse\fo_zip\fo_20260217.csv.zip,a8c8f17a83b563898e9761bfd70683b3ae6f214986a381a3a23dc4a6230f7925,1501430.0,633.0,4612.0,212.0,5.0,2026-09-19T10:48:04.934175
20260218,OK,file://data\raw\nse\fo_zip\fo_20260218.csv.zip,a47e6d560dd5dd95cd7e5161deadbd8967a2d80c3bca2e571f86eb403028f443,1523835.0,633.0,4580.0,212.0,5.0,2026-09-19T10:48:05.455460
20260219,OK,file://data\raw\nse\fo_zip\fo_20260219.csv.zip,5f255a13c0695d011733292970a7f7c9325a008bef649e7e1e5f44d516751d0b,1552304.0,633.0,4610.0,212.0,5.0,2026-09-19T10:48:06.004643
20260220,OK,file://data\raw\nse\fo_zip\fo_20260220.csv.zip,c45c478158c8fd06287f3ec3ad1770652621791048572a4f528b7de256f37e89,1573066.0,633.0,4622.0,212.0,5.0,2026-09-19T10:48:06.707152
20260223,OK,file://data\raw\nse\fo_zip\fo_20260223.csv.zip,49e6bc5f4aae52078723ad09b26752c1f7b7620c2300999a4f1977c9299c9333,1594864.0,633.0,4622.0,212.0,5.0,2026-09-19T10:48:07.258779
20260224,OK,file://data\raw\nse\fo_zip\fo_20260224.csv.zip,d83b5f9fdf720669a97021ee23c3b4333deed0b81e898018229fda4906f34dd6,1566539.0,633.0,4622.0,212.0,5.0,2026-09-19T10:48:07.768490
20260225,OK,file://data\raw\nse\fo_zip\fo_20260225.csv.zip,cd5896f8a250b319b818f1c06ab6f7fb4fc74d201f9713ca4c40e664d29ccc4e,1218744.0,627.0,4254.0,211.0,5.0,2026-09-19T10:48:08.173738
20260226,OK,file://data\raw\nse\fo_zip\fo_20260226.csv.zip,45f49544c39e6d1dfb3401fdae0767bcc0c5439326c3ffc1645ca1423842efe2,1104587.0,627.0,4282.0,211.0,5.0,2026-09-19T10:48:08.533625
20260227,OK,file://data\raw\nse\fo_zip\fo_20260227.csv.zip,7e3e99d801cee44ee47b5565cfef47c6ee0e976892cc02fe7526dd703a85bf9f,1134376.0,627.0,4298.0,211.0,5.0,2026-09-19T10:48:08.898426
20260302,OK,file://data\raw\nse\fo_zip\fo_20260302.csv.zip,d19fea376098f23e75c014b54a8e0a3620ee23de4ee1c162cf2ba58a1b40065b,1208789.0,627.0,4406.0,211.0,5.0,2026-09-19T10:48:09.389755
20260304,OK,file://data\raw\nse\fo_zip\fo_20260304.csv.zip,78af47913866eb727ef0139cf0741fc6210bd492d36b7bc6aa544efbaab4e23f,1271765.0,627.0,4480.0,211.0,5.0,2026-09-19T10:48:09.818766
20260305,OK,file://data\raw\nse\fo_zip\fo_20260305.csv.zip,2e814e092e50673ca9b1f5b4b3a7049b62040cee89aa43b189a06cbb75d9efb3,1272990.0,627.0,4656.0,211.0,5.0,2026-09-19T10:48:10.252241
20260306,OK,file://data\raw\nse\fo_zip\fo_20260306.csv.zip,925bcb068f8edcce4752913f1ff1be9a1c3f522cfd2b923f06abc73cf64d4a28,1271650.0,627.0,4656.0,211.0,5.0,2026-09-19T10:48:10.663355
20260309,OK,file://data\raw\nse\fo_zip\fo_20260309.csv.zip,e9ee4895463739801876ea66f73870b149a0ad77c586b5c5ba6be42704a412e6,1392579.0,627.0,5646.0,211.0,5.0,2026-09-19T10:48:11.111040
20260310,OK,file://data\raw\nse\fo_zip\fo_20260310.csv.zip,ac7684463bc3537bddf9b2af79c8473d684f15a1436ba7465a324e1e7a5e6be7,1398053.0,627.0,5694.0,211.0,5.0,2026-09-19T10:48:11.570190
20260311,OK,file://data\raw\nse\fo_zip\fo_20260311.csv.zip,da0777bb4289515fada5fdb82df6393ee9940dc646c249d3b5e35331a81ef9ff,1400809.0,627.0,5624.0,211.0,5.0,2026-09-19T10:48:12.048727
20260312,OK,file://data\raw\nse\fo_zip\fo_20260312.csv.zip,b98e0a10aee09ff13d8c7648d450be28142dffa700812f2d8f9869efbc146f9b,1427029.0,627.0,5696.0,211.0,5.0,2026-09-19T10:48:12.589050
20260313,OK,file://data\raw\nse\fo_zip\fo_20260313.csv.zip,80d0ca0c99f9008c11fca8d3fcc9b18382e1677eff6152984a62bee675173028,1474976.0,627.0,5892.0,211.0,5.0,2026-09-19T10:48:13.150423
20260316,OK,file://data\raw\nse\fo_zip\fo_20260316.csv.zip,32f4badf13328c662a6c5d106bbf1fc7c6f6028d5c83b178a02f235fa66f2729,1513039.0,627.0,6073.0,211.0,5.0,2026-09-19T10:48:13.667918
20260317,OK,file://data\raw\nse\fo_zip\fo_20260317.csv.zip,b05e123cf77c90af4b1e56447a8d88c1e37ba644632f5cb387a5ba5ae80ae2f2,1490998.0,627.0,6073.0,211.0,5.0,2026-09-19T10:48:14.160397
20260318,OK,file://data\raw\nse\fo_zip\fo_20260318.csv.zip,c8ace1ad975cec9edb3eedb9ee1cc94cf112a20395f0ba701cdce8299059ed43,1509541.0,627.0,5943.0,211.0,5.0,2026-09-19T10:48:14.644602
20260319,OK,file://data\raw\nse\fo_zip\fo_20260319.csv.zip,f002c5616614454255eae8bac569ac70da863b68a567b8cff0527ec683322c55,1538695.0,627.0,6067.0,211.0,5.0,2026-09-19T10:48:15.137282
20260320,OK,file://data\raw\nse\fo_zip\fo_20260320.csv.zip,cbdfb412383d68d229ec04455e4aa3bb5aacf922752f7b44ee5bbe8be12e3096,1556944.0,627.0,6093.0,211.0,5.0,2026-09-19T10:48:15.647475
20260323,OK,file://data\raw\nse\fo_zip\fo_20260323.csv.zip,d5c7d2bbe161b78e957e950e5ef3905311724e0ce1e4c094945796365d30aa3d,1646464.0,627.0,6441.0,211.0,5.0,2026-09-19T10:48:16.181017
20260324,OK,file://data\raw\nse\fo_zip\fo_20260324.csv.zip,416144294ac82fda3482dbce74e392109bbce7b4e1acf852f04eeb851604dcfd,1687339.0,627.0,6535.0,211.0,5.0,2026-09-19T10:48:16.711141
20260325,OK,file://data\raw\nse\fo_zip\fo_20260325.csv.zip,d12f504c0a33e335699304c09bc2797e0716bc0b50c1f107d99c2457622b8b60,1705613.0,627.0,6427.0,211.0,5.0,2026-09-19T10:48:17.267943
20260327,OK,file://data\raw\nse\fo_zip\fo_20260327.csv.zip,6fc58a18bd8eff3bfa26a1baed49554634b6ce8a102d1e47c81ef42d81c98c9f,1727843.0,627.0,6447.0,211.0,5.0,2026-09-19T10:48:18.078844
20260330,OK,file://data\raw\nse\fo_zip\fo_20260330.csv.zip,12fa2140c59b085daa77742eacebb1eef2d0bd401103d3692020f6d04396b9b7,1707526.0,627.0,6659.0,211.0,5.0,2026-09-19T10:48:18.861179
20260401,OK,file://data\raw\nse\fo_zip\fo_20260401.csv.zip,b1d91ea94fc52bdd8d0e1712389bf44c32bc50d9d0f7ed2f77b7ee4e82b72ae2,1314558.0,646.0,5880.0,218.0,5.0,2026-09-19T10:48:19.371574
20260402,OK,file://data\raw\nse\fo_zip\fo_20260402.csv.zip,2adcc091cdd4b1249d239f50d2fddad523102fc0db0eb4f1d084ee0fbe47a0a3,1174035.0,646.0,6076.0,218.0,5.0,2026-09-19T10:48:19.789925
20260406,OK,file://data\raw\nse\fo_zip\fo_20260406.csv.zip,8e915bb23c4321f715b5fd5175acecd7435fb6f353d4c3e5bc12faebf97df6fd,1207191.0,646.0,6122.0,218.0,5.0,2026-09-19T10:48:20.283606
20260407,OK,file://data\raw\nse\fo_zip\fo_20260407.csv.zip,0bdd37bd0706f982c68b599d9454832936a45b1f30bbb37175e32ed93da26652,1220246.0,646.0,6136.0,218.0,5.0,2026-09-19T10:48:20.962254
20260408,OK,file://data\raw\nse\fo_zip\fo_20260408.csv.zip,19e77f9a344a0f0b14d62365eabaf91db6d7d961d6af5efef58d019044bdaeea,1357635.0,646.0,6364.0,218.0,5.0,2026-09-19T10:48:21.569661
20260409,OK,file://data\raw\nse\fo_zip\fo_20260409.csv.zip,ae737c5293db23d2e717e0feb50254e631e3c8963d5f9d255ac1d50449f2670e,1353618.0,646.0,6398.0,218.0,5.0,2026-09-19T10:48:22.068300
20260410,OK,file://data\raw\nse\fo_zip\fo_20260410.csv.zip,e8e37992e54766438161bbcb8bc3c4a456fce62da3a4bdf2ce084dd2664def10,1372091.0,646.0,6482.0,218.0,5.0,2026-09-19T10:48:22.542634
20260413,OK,file://data\raw\nse\fo_zip\fo_20260413.csv.zip,2699b68fabbb4ea5f7e96db0d5ba3a7157b05de7464271036897320d00c02cd4,1389998.0,646.0,6498.0,218.0,5.0,2026-09-19T10:48:22.994661
20260415,OK,file://data\raw\nse\fo_zip\fo_20260415.csv.zip,80442648c77cd1d1d97a5663360f00ae32bdfff4835721ebd39db58cd97ae492,1427376.0,646.0,6568.0,218.0,5.0,2026-09-19T10:48:23.512159
20260416,OK,file://data\raw\nse\fo_zip\fo_20260416.csv.zip,c6feed68ee518d5ef2981169e21cda0014565e21affba3a3c426d22419f5d7a7,1452574.0,646.0,6582.0,218.0,5.0,2026-09-19T10:48:24.008280
20260417,OK,file://data\raw\nse\fo_zip\fo_20260417.csv.zip,0586813879b21e8b067f1913c189aedd758f16d5a15b45bd6e5d6a68871894cf,1481954.0,646.0,6696.0,218.0,5.0,2026-09-19T10:48:24.494811
20260420,OK,file://data\raw\nse\fo_zip\fo_20260420.csv.zip,75769579d9df5fcbbf4ce82b1a26202b1bebe30177aaef6da62019de3d2bd046,1507140.0,646.0,6704.0,218.0,5.0,2026-09-19T10:48:24.985128
20260421,OK,file://data\raw\nse\fo_zip\fo_20260421.csv.zip,c71c5a7a62dcd012d33ae9d107c027af82a989eed3a9bf953c7f353f4a205ea9,1525406.0,646.0,6720.0,218.0,5.0,2026-09-19T10:48:25.470619
20260422,OK,file://data\raw\nse\fo_zip\fo_20260422.csv.zip,fa6fb378702da9501dc4fd5cfd68576e93f0729f4e5647f5a30c4ee2d9a93512,1563834.0,646.0,6616.0,218.0,5.0,2026-09-19T10:48:25.965266
20260423,OK,file://data\raw\nse\fo_zip\fo_20260423.csv.zip,70c2396ede54f7890570602b0cf30c894e829ba8abd42d26456477ad730c5537,1594113.0,646.0,6630.0,218.0,5.0,2026-09-19T10:48:26.469951
20260424,OK,file://data\raw\nse\fo_zip\fo_20260424.csv.zip,11fc98d12c8e86faa051f809609bfda2329aa5363c71c5615707a26e2cb90ba1,1624221.0,646.0,6640.0,218.0,5.0,2026-09-19T10:48:26.982141
20260427,OK,file://data\raw\nse\fo_zip\fo_20260427.csv.zip,b4fbcc32ad6fb8b6a1393d0a962a702f5341381a5f4e32f97542e52de78fb43b,1651089.0,646.0,6740.0,218.0,5.0,2026-09-19T10:48:27.492015
20260428,OK,file://data\raw\nse\fo_zip\fo_20260428.csv.zip,68894424c23cf6084ce56618016c5369d57e5573c2b6874ea024b3f7e82ab230,1610285.0,646.0,6740.0,218.0,5.0,2026-09-19T10:48:28.018281
20260429,OK,file://data\raw\nse\fo_zip\fo_20260429.csv.zip,9550f5913734800e40127e2ee8d4ea54993904efe3a0cf105ca469662c4abfcd,1213235.0,641.0,5646.0,214.0,5.0,2026-09-19T10:48:28.460726
20260430,OK,file://data\raw\nse\fo_zip\fo_20260430.csv.zip,a0c25fc7cbccfef1e14094edd456541d3a1e0283ea7fd3268090fd1e733d2627,1117966.0,641.0,5936.0,214.0,5.0,2026-09-19T10:48:28.858996
20260504,OK,file://data\raw\nse\fo_zip\fo_20260504.csv.zip,a54c88c2eae3518c474e012c93cc119f0bb8a909e5947e3e89860a185efb2229,1164659.0,641.0,6058.0,214.0,5.0,2026-09-19T10:48:29.257323
20260505,OK,file://data\raw\nse\fo_zip\fo_20260505.csv.zip,23fd82ab34f3326a17debde2d67d86bf8e764c31181f6e2686f4919bd487d699,1174864.0,641.0,6058.0,214.0,5.0,2026-09-19T10:48:29.656314
20260506,OK,file://data\raw\nse\fo_zip\fo_20260506.csv.zip,b82d34a3e3d96ab80fe989549b1ba255ac435d7cc9ea053bb77a6bbf54144001,1215550.0,641.0,6072.0,214.0,5.0,2026-09-19T10:48:30.050340
20260507,OK,file://data\raw\nse\fo_zip\fo_20260507.csv.zip,292fe3165f3eb1c22ca64c67f08d853bebacd711ec8a25518f517891bf6b3bec,1241379.0,641.0,6196.0,214.0,5.0,2026-09-19T10:48:30.449672
20260508,OK,file://data\raw\nse\fo_zip\fo_20260508.csv.zip,c6359ee21e2a19d346fed55a0cad7683430e5b754755d22ea38e6f5bca6c1e02,1263397.0,641.0,6214.0,214.0,5.0,2026-09-19T10:48:30.914285
20260511,OK,file://data\raw\nse\fo_zip\fo_20260511.csv.zip,4c476f32e0ae36c64442163a7c290f01de3d262fad927a8ecc72f2f7e3a50ba4,1288449.0,641.0,6250.0,214.0,5.0,2026-09-19T10:48:31.338639
20260512,OK,file://data\raw\nse\fo_zip\fo_20260512.csv.zip,f4ee3021ce0e7e506433dc4cbb403e69a76626fa69739f86feaedbc48da3ef2b,1327024.0,641.0,6328.0,214.0,5.0,2026-09-19T10:48:31.806589
20260513,OK,file://data\raw\nse\fo_zip\fo_20260513.csv.zip,7a353574d31f732bfa9bd7a34b2454f0a990395eb8b3786a46244668d3c7bad0,1345298.0,641.0,6260.0,214.0,5.0,2026-09-19T10:48:32.241440
20260514,OK,file://data\raw\nse\fo_zip\fo_20260514.csv.zip,99d5f01f3347806356572180e49b7a89147b9df402aae78ebcd11be8228c1219,1375507.0,641.0,6298.0,214.0,5.0,2026-09-19T10:48:32.678119
20260515,OK,file://data\raw\nse\fo_zip\fo_20260515.csv.zip,acf37beadc06408d0e09e1dd1ee44173e6d1e9881c3d7c173d3cbe5567b61746,1377181.0,641.0,6298.0,214.0,5.0,2026-09-19T10:48:33.124060
20260518,OK,file://data\raw\nse\fo_zip\fo_20260518.csv.zip,21246d8265602fca95e8b1e416d2526de9e41ada1a6fe662330e82f26a4cace3,1415523.0,641.0,6332.0,214.0,5.0,2026-09-19T10:48:33.575540
20260519,OK,file://data\raw\nse\fo_zip\fo_20260519.csv.zip,a4531a4b36a6c56bae09cc6b0fdcf2583dc1e088ded7a02baf511f0b2a646c55,1427845.0,641.0,6332.0,214.0,5.0,2026-09-19T10:48:34.038089
20260520,OK,file://data\raw\nse\fo_zip\fo_20260520.csv.zip,38de9358c6c7b6f5c006fc345dfd38c8b01a0c9cad0dc618eaabc86f2ba3f5e0,1439120.0,641.0,6254.0,214.0,5.0,2026-09-19T10:48:34.484976
20260521,OK,file://data\raw\nse\fo_zip\fo_20260521.csv.zip,deb11da24799d0f87dbf8ec9996d7a42dea34376b7bc570fc75c4bbdfc427870,1470046.0,641.0,6256.0,214.0,5.0,2026-09-19T10:48:34.928838
20260522,OK,file://data\raw\nse\fo_zip\fo_20260522.csv.zip,f276c3c48ca2fc6513724ed935d549362cd4126a9ea28adecabb6cf784692da5,1491776.0,641.0,6256.0,214.0,5.0,2026-09-19T10:48:35.388902
20260525,OK,file://data\raw\nse\fo_zip\fo_20260525.csv.zip,97ee719dd0cea1f5b09e4ffa75e562d46a08cf9914dec8951df0e4cfd8b62555,1513153.0,641.0,6258.0,214.0,5.0,2026-09-19T10:48:35.854823
20260526,OK,file://data\raw\nse\fo_zip\fo_20260526.csv.zip,cfc14b16ab9390e2b6056215eee70b513750edbdb4f147a97c5170a2fca0698c,1470417.0,641.0,6272.0,214.0,5.0,2026-09-19T10:48:36.317182
20260527,OK,file://data\raw\nse\fo_zip\fo_20260527.csv.zip,24345a94f50e72050ff038a6bd84c0b4a7e0866eeca6a2d84988d1147786a283,1143484.0,644.0,5236.0,216.0,5.0,2026-09-19T10:48:36.691947
20260529,OK,file://data\raw\nse\fo_zip\fo_20260529.csv.zip,4f903e5b095c503455222826d57293059dc5ea26d6234dac4ca06f921a582b78,1100124.0,644.0,5490.0,216.0,5.0,2026-09-19T10:48:37.068251
20260601,OK,file://data\raw\nse\fo_zip\fo_20260601.csv.zip,5835720367f7c6ec83c01b7d01ee359f7f0890e0d4df620b5a7c473a16d8c90e,1142739.0,644.0,5548.0,216.0,5.0,2026-09-19T10:48:37.483759
20260602,OK,file://data\raw\nse\fo_zip\fo_20260602.csv.zip,070c5226218a002bcda6c0ce64e81459ed8698d967b6e7fd989cfac6fa9168b2,1180505.0,644.0,5568.0,216.0,5.0,2026-09-19T10:48:37.901582
20260603,OK,file://data\raw\nse\fo_zip\fo_20260603.csv.zip,7d8fd12f8bd41a780de230f4f09978a0dddccf41d168e1019369a51e31cbeaed,1186805.0,644.0,5512.0,216.0,5.0,2026-09-19T10:48:38.297747
20260604,OK,file://data\raw\nse\fo_zip\fo_20260604.csv.zip,0fcf4b2de212d9af3eb54a436d377e00e9ed14978cee7c637f5824e18a4a1ffa,1185229.0,644.0,5518.0,216.0,5.0,2026-09-19T10:48:38.705443
20260605,OK,file://data\raw\nse\fo_zip\fo_20260605.csv.zip,bee2d821159acdad804bb256f28b4d9eed9d5d507689c21accab44c8214bcc1b,1208815.0,644.0,5518.0,216.0,5.0,2026-09-19T10:48:39.111488
20260608,OK,file://data\raw\nse\fo_zip\fo_20260608.csv.zip,e42f31c2dccb0f3e28132572e1afc9bd72a49749ff8e981957986083c0bfcef8,1231769.0,644.0,5540.0,216.0,5.0,2026-09-19T10:48:39.528916
20260609,OK,file://data\raw\nse\fo_zip\fo_20260609.csv.zip,8055c485ff90efb278dbe667d59406fae8005f8f8addbb18d2dbd92a7665f868,1248269.0,644.0,5566.0,216.0,5.0,2026-09-19T10:48:39.950922
20260610,OK,file://data\raw\nse\fo_zip\fo_20260610.csv.zip,0871b3e853c8a35d5f42ec1c87686e946f0bdf45e0c95be120ae922489bb8241,1261738.0,644.0,5506.0,216.0,5.0,2026-09-19T10:48:40.381108
20260611,OK,file://data\raw\nse\fo_zip\fo_20260611.csv.zip,664003322ef4c99e12323342adc2fd87be113b33da501d0122aba80f72451915,1276959.0,644.0,5508.0,216.0,5.0,2026-09-19T10:48:40.812174
20260612,OK,file://data\raw\nse\fo_zip\fo_20260612.csv.zip,1ecae7ef425e08f087fd1719dc6b10f5900b4048529b156615c743582b131b12,1321994.0,644.0,5652.0,216.0,5.0,2026-09-19T10:48:41.245323
20260615,OK,file://data\raw\nse\fo_zip\fo_20260615.csv.zip,ac76480667b93db37ad35b0bf9f8f458cb8f5738d251e9d15d15e46595e4c35c,1369831.0,644.0,5892.0,216.0,5.0,2026-09-19T10:48:41.697365
20260616,OK,file://data\raw\nse\fo_zip\fo_20260616.csv.zip,3004749b91fedda561cf2ce67d7105aaa19bb87327e6ecdd6b26cb9384580db0,1357901.0,644.0,5894.0,216.0,5.0,2026-09-19T10:48:42.160066
20260617,OK,file://data\raw\nse\fo_zip\fo_20260617.csv.zip,3ebb150311ee373d5d52a57e7d1b60d38531f80e25ff21033858d14e1dbde1f1,1374595.0,644.0,5834.0,216.0,5.0,2026-09-19T10:48:42.612123
20260618,OK,file://data\raw\nse\fo_zip\fo_20260618.csv.zip,85b413939f934d314f339cfc4dd3a5e4e520c693f4c28428796e52e8a7947c47,1381430.0,644.0,5844.0,216.0,5.0,2026-09-19T10:48:43.068895
20260619,OK,file://data\raw\nse\fo_zip\fo_20260619.csv.zip,20df7f7bf192c369d9548528c1ec8df888b69194cc5ea6048001379bc7e5600d,1400952.0,644.0,5856.0,216.0,5.0,2026-09-19T10:48:43.538517
20260622,OK,file://data\raw\nse\fo_zip\fo_20260622.csv.zip,884fd5bfa225d4916dc40da74643acfe0d3bb0cede6e88bc79707226a44c73b2,1416913.0,644.0,5856.0,216.0,5.0,2026-09-19T10:48:43.997714
20260623,OK,file://data\raw\nse\fo_zip\fo_20260623.csv.zip,1e2cb96b2083dca114464981459ec093f99f3397a4a79e1297b7a26f2a594e92,1442659.0,644.0,5862.0,216.0,5.0,2026-09-19T10:48:44.464758
20260624,OK,file://data\raw\nse\fo_zip\fo_20260624.csv.zip,47bd5797fa6e2f5d8666dc64057172312a5f3a7eb54314aa3d6b00640b5494d3,1466422.0,644.0,5848.0,216.0,5.0,2026-09-19T10:48:44.940231
20260625,OK,file://data\raw\nse\fo_zip\fo_20260625.csv.zip,8c0eb8ef37903dc79e58110abe1a076c231ef40b633002def42beb6cc1f6ad17,1492307.0,644.0,5856.0,216.0,5.0,2026-09-19T10:48:45.417392
20260629,OK,file://data\raw\nse\fo_zip\fo_20260629.csv.zip,5f863a7aa07bff5ad944b7429c845be2f3e13aada06d0229cae23ea5c8743695,1527963.0,644.0,5862.0,216.0,5.0,2026-09-19T10:48:45.930092
20260630,OK,file://data\raw\nse\fo_zip\fo_20260630.csv.zip,ef8a7d52dc79c5b10332bfc1eb40b70fd299fcfa8ae8318b52acb4b4cce2e922,1494724.0,644.0,5862.0,216.0,5.0,2026-09-19T10:48:46.424162
20260701,OK,file://data\raw\nse\fo_zip\fo_20260701.csv.zip,327b5bc9f04f9ec938c53080fb05d9ebf97e43033366d6de1b215be346fd1b14,1109606.0,640.0,4713.0,215.0,5.0,2026-09-19T10:48:46.814959
20260702,OK,file://data\raw\nse\fo_zip\fo_20260702.csv.zip,89513349f9e8899f7c0e19a9fb89eacb98c052592494d5e1a3bc1543f7b072d4,1012770.0,640.0,4764.0,215.0,5.0,2026-09-19T10:48:47.171309
20260703,OK,file://data\raw\nse\fo_zip\fo_20260703.csv.zip,c01ef882282bdd6dbb1b1a69f454521ea9fc1f93a2a22af9249d902a71412fd3,1050100.0,640.0,4796.0,215.0,5.0,2026-09-19T10:48:47.525582
20260706,OK,file://data\raw\nse\fo_zip\fo_20260706.csv.zip,e71a8e920d26b873cac1d6830804ca5c1b3255c9df477db56e1a5f2f962b76ec,1067831.0,640.0,4802.0,215.0,5.0,2026-09-19T10:48:47.884583
20260707,OK,file://data\raw\nse\fo_zip\fo_20260707.csv.zip,7f48260e54053df6d28da69ec566dcdae6cb83710964b17911750636042d8a43,1091042.0,640.0,4844.0,215.0,5.0,2026-09-19T10:48:48.343378
20260708,OK,file://data\raw\nse\fo_zip\fo_20260708.csv.zip,4f674fa74c1f8531894ad6918a147a06a872188b360ad9edbd0b1c710a41a950,1139076.0,640.0,5038.0,215.0,5.0,2026-09-19T10:48:48.719440
20260709,OK,file://data\raw\nse\fo_zip\fo_20260709.csv.zip,f83055119b0a0de9e082591ba069f8ec8b6c617878edf972840d2dbffcf14f66,1138614.0,640.0,5104.0,215.0,5.0,2026-09-19T10:48:49.212546
20260710,OK,file://data\raw\nse\fo_zip\fo_20260710.csv.zip,2933ae94177caa455aefaea1c95caf3c1b2e95c2ad8cd8de1746919605e870a2,1151276.0,640.0,5118.0,215.0,5.0,2026-09-19T10:48:49.722536
20260713,OK,file://data\raw\nse\fo_zip\fo_20260713.csv.zip,d6e85bf68f1fd36b57fc1c7d259133acd62bee851ba90216b5a3ffc9f0b5068a,1165801.0,640.0,5124.0,215.0,5.0,2026-09-19T10:48:50.279082
20260714,OK,file://data\raw\nse\fo_zip\fo_20260714.csv.zip,06c10e6f5763812956be889a3bbb1e86dde54dda5320742045469867877f58c4,1173247.0,640.0,5124.0,215.0,5.0,2026-09-19T10:48:50.881655
20260715,OK,file://data\raw\nse\fo_zip\fo_20260715.csv.zip,9b17c397b54815febfe99c8ac4c8371aaf599276056bf8744bf973f6f600a679,1182135.0,640.0,5068.0,215.0,5.0,2026-09-19T10:48:51.466094
20260716,OK,file://data\raw\nse\fo_zip\fo_20260716.csv.zip,89137a43798d49f30aa5a4adbcfd8f827302a03342ff18e5aff7bda74b652c80,1192458.0,640.0,5070.0,215.0,5.0,2026-09-19T10:48:52.046925
20260717,OK,file://data\raw\nse\fo_zip\fo_20260717.csv.zip,99b000b1b24a776e2f5516df136594ee259484e7f27f5912eef708ece472abd1,1216686.0,640.0,5130.0,215.0,5.0,2026-09-19T10:48:52.616705
20260720,OK,file://data\raw\nse\fo_zip\fo_20260720.csv.zip,54d523447909a1ef6a8dafe6617d00566180c761fafc8bbe2afdc4513af47498,1233752.0,640.0,5142.0,215.0,5.0,2026-09-19T10:48:53.101823
20260721,OK,file://data\raw\nse\fo_zip\fo_20260721.csv.zip,7f0d7bce378e70f8bc4a9d77738091d0becb674c0291388adea4f59031b5747f,1239856.0,640.0,5142.0,215.0,5.0,2026-09-19T10:48:53.576977
20260722,OK,file://data\raw\nse\fo_zip\fo_20260722.csv.zip,eeb06dae81773c28c6846afa60b871663ae8ddfff6c60f22857cdefe714a649b,1262743.0,640.0,5114.0,215.0,5.0,2026-09-19T10:48:54.078119
20260723,OK,file://data\raw\nse\fo_zip\fo_20260723.csv.zip,30330f4b0b49ff4b7dc57f3759900669728665912ffc4d32b749c46e0f9a3205,1282234.0,640.0,5128.0,215.0,5.0,2026-09-19T10:48:54.648348
20260724,OK,file://data\raw\nse\fo_zip\fo_20260724.csv.zip,4050ec9d8a5a8cab8e54b9327b09eb19ff1b9ed41f1d49273f12165b41872e37,1306833.0,640.0,5140.0,215.0,5.0,2026-09-19T10:48:55.125837
20260727,OK,file://data\raw\nse\fo_zip\fo_20260727.csv.zip,cf1879cfa80cf9246e3b5dcff62c492bfce03b494273d311975ebdcd3c575afe,1317199.0,640.0,5148.0,215.0,5.0,2026-09-19T10:48:55.613845
20260728,OK,file://data\raw\nse\fo_zip\fo_20260728.csv.zip,3a8b51eae05fb48755bb90768123c3b1a59b3716e92e739e42e79ea783c1162b,1295404.0,640.0,5148.0,215.0,5.0,2026-09-19T10:48:56.144534
20260729,OK,file://data\raw\nse\fo_zip\fo_20260729.csv.zip,aa7978c89d7bbf7bd7fba9ef5ac59b450f310d42623e41df1142024be4c24c56,959642.0,637.0,4484.0,213.0,5.0,2026-09-19T10:48:56.565903
20260730,OK,file://data\raw\nse\fo_zip\fo_20260730.csv.zip,9725f22bee2a4accaaf9010faec0c913a2d8e68621085982398881ae1dc6cca0,922827.0,637.0,4538.0,213.0,5.0,2026-09-19T10:48:56.981117
20260731,OK,file://data\raw\nse\fo_zip\fo_20260731.csv.zip,5d7466f2c0ecf68676c1f844007c90604b530135bb0e2580a8fd19d99009014d,958195.0,637.0,4694.0,213.0,5.0,2026-09-19T10:48:57.463782
20260803,OK,file://data\raw\nse\fo_zip\fo_20260803.csv.zip,4caeaccc0e69507d6746fe263e54bb801dcea6914fa8f65b478e11cb43d7b734,1011282.0,637.0,5042.0,213.0,5.0,2026-09-19T10:48:57.905166
20260804,OK,file://data\raw\nse\fo_zip\fo_20260804.csv.zip,66680e99150aa568e18927d78164dc9caefdb4cbfb92efb081c98188c1c978a9,1026119.0,637.0,5110.0,213.0,5.0,2026-09-19T10:48:58.591915
20260805,OK,file://data\raw\nse\fo_zip\fo_20260805.csv.zip,4b6554d42fb40f33187272cc6f42ccbf86e320c77ccc69cb599ee28eb81ffa25,1035627.0,637.0,5026.0,213.0,5.0,2026-09-19T10:48:59.281770
20260806,OK,file://data\raw\nse\fo_zip\fo_20260806.csv.zip,2525a6549c47e64e305baa6cc42c14685321ffb05f50728dddf55dcacec1daf2,1043539.0,637.0,5026.0,213.0,5.0,2026-09-19T10:48:59.785695
20260807,OK,file://data\raw\nse\fo_zip\fo_20260807.csv.zip,a5ca8f06fd69554ea123134fc823a8a868ccca454d286727c22290dc37daac82,1057426.0,637.0,5050.0,213.0,5.0,2026-09-19T10:49:00.181273
20260810,OK,file://data\raw\nse\fo_zip\fo_20260810.csv.zip,8a97db352122ce75dc7cf4b1d2ffccfb7e15bab3d5e827c04519e9fa11349e05,1072115.0,637.0,5052.0,213.0,5.0,2026-09-19T10:49:00.542498
20260811,OK,file://data\raw\nse\fo_zip\fo_20260811.csv.zip,0c4cff21f0e20e9a1aa0e27894597ff40e287ed3000567880abbc0f6775bc5c1,1083379.0,637.0,5066.0,213.0,5.0,2026-09-19T10:49:00.955966
20260812,OK,file://data\raw\nse\fo_zip\fo_20260812.csv.zip,a93fa82a1b43c48cc646eeaa369aee438ab3cb2ca437d7ebb6f2fbd9603ccf91,1106101.0,640.0,5326.0,214.0,6.0,2026-09-19T10:49:01.344831
20260813,OK,file://data\raw\nse\fo_zip\fo_20260813.csv.zip,00d088350e833543939d7adab1fe9e2632bd9a9c6189d52ee972737395ad0a7b,1108239.0,640.0,5328.0,214.0,6.0,2026-09-19T10:49:01.711126
20260814,OK,file://data\raw\nse\fo_zip\fo_20260814.csv.zip,614807e1050487ad00d1ca825ab04ed0a444c4ba9451e8db095b6254377ea49f,1120876.0,640.0,5346.0,214.0,6.0,2026-09-19T10:49:02.093081
20260817,OK,file://data\raw\nse\fo_zip\fo_20260817.csv.zip,a8ab5f733287bc097c318b8dda9ab00e86500ce5e775fda266e2a5683c3bcaec,1144612.0,640.0,5350.0,214.0,6.0,2026-09-19T10:49:02.471127
20260818,OK,file://data\raw\nse\fo_zip\fo_20260818.csv.zip,ca8b662150517d3c343322e21bc1bf4c4496d65ef160a2331a498562e0bf59ae,1153707.0,640.0,5354.0,214.0,6.0,2026-09-19T10:49:02.852714
20260819,OK,file://data\raw\nse\fo_zip\fo_20260819.csv.zip,d2607f215cc2e3e1e92b97aca97ec59be352ff920ceea1104117077f48464d4d,1166737.0,640.0,5310.0,214.0,6.0,2026-09-19T10:49:03.234565
20260820,OK,file://data\raw\nse\fo_zip\fo_20260820.csv.zip,9c5f793941678f5cf93ad0516c887efad617c466b73c06786f5b0b259b811db6,1183905.0,640.0,5328.0,214.0,6.0,2026-09-19T10:49:03.610556
20260821,OK,file://data\raw\nse\fo_zip\fo_20260821.csv.zip,577c04c20bc7e4550f4a2ebfc849cada332611e94dbb1cdb11e5cff9e1e252f6,1193360.0,640.0,5332.0,214.0,6.0,2026-09-19T10:49:03.991494
20260824,OK,file://data\raw\nse\fo_zip\fo_20260824.csv.zip,922d768844e8cce6a8e820606022b512e4f99f6a40a9df974c658290f31949ff,1216094.0,640.0,5332.0,214.0,6.0,2026-09-19T10:49:04.375063
20260825,OK,file://data\raw\nse\fo_zip\fo_20260825.csv.zip,398f2636d757c8fbdc9182ef2eb2be290afd6e9950cdbad6841e618846463837,1189527.0,640.0,5332.0,214.0,6.0,2026-09-19T10:49:04.767970
20260826,OK,file://data\raw\nse\fo_zip\fo_20260826.csv.zip,254e419b0101eb26f8916314286f57b285d866b5228f9c5f3be2bd0eb90c894d,934974.0,647.0,4670.0,216.0,6.0,2026-09-19T10:49:05.095109
20260827,OK,file://data\raw\nse\fo_zip\fo_20260827.csv.zip,db31cbb3247a5a9ace5081088f7ea34d96373b7a99e5f8ddbf24d6d3282df2b7,895366.0,647.0,4700.0,216.0,6.0,2026-09-19T10:49:05.408740
20260828,OK,file://data\raw\nse\fo_zip\fo_20260828.csv.zip,33a1708ceba84a807e2b6e7bcf6b94e385ab0f65658eb99578eda92e735a88b5,914655.0,647.0,4710.0,216.0,6.0,2026-09-19T10:49:05.754797
20260831,OK,file://data\raw\nse\fo_zip\fo_20260831.csv.zip,1e435806057655142a50ce380d74dca174e26be98bfec625f8ded211e62c78b1,943658.0,647.0,4714.0,216.0,6.0,2026-09-19T10:49:06.088983
20260901,OK,file://data\raw\nse\fo_zip\fo_20260901.csv.zip,328cfdef6953b86b56c40b28f4b9677e8e4701f5027d00daa6b1d1708b64fa63,970128.0,647.0,4950.0,216.0,6.0,2026-09-19T10:49:06.465466
20260902,OK,file://data\raw\nse\fo_zip\fo_20260902.csv.zip,cd5ce2d2aec05a9c97aafa726a72fd91a7bc16412fc7277c1ac183b92b3cc73c,983008.0,647.0,4930.0,216.0,6.0,2026-09-19T10:49:06.852084
20260903,OK,file://data\raw\nse\fo_zip\fo_20260903.csv.zip,6157cbff5800f56c4c8ae0c1d1a88ca260ab1ab5c768288701f007dc50eae8b0,987371.0,647.0,4984.0,216.0,6.0,2026-09-19T10:49:07.188990
20260904,OK,file://data\raw\nse\fo_zip\fo_20260904.csv.zip,9e92b9e9f91b5951213b854e123edbdbb461a111adcf442d7fee1b341f2f3312,996218.0,647.0,4996.0,216.0,6.0,2026-09-19T10:49:07.551479
20260907,OK,file://data\raw\nse\fo_zip\fo_20260907.csv.zip,d798b16fe2a330622d4b987cae07d99ab26a1937fc224a1de4bd56e919756c0c,1005021.0,647.0,4996.0,216.0,6.0,2026-09-19T10:49:07.903060
20260908,OK,file://data\raw\nse\fo_zip\fo_20260908.csv.zip,d38a5676585ad9ef44ffd21cdd599404bdb0768b7d3c5ed967fe1f3256ef0feb,1013779.0,647.0,5028.0,216.0,6.0,2026-09-19T10:49:08.253827
20260909,OK,file://data\raw\nse\fo_zip\fo_20260909.csv.zip,50826bed50da889b90b208c9b6368d3768c0eabb416178b176f064d3f93de3f5,1028737.0,647.0,5036.0,216.0,6.0,2026-09-19T10:49:08.615905
20260910,OK,file://data\raw\nse\fo_zip\fo_20260910.csv.zip,ef39a7fefc5e6de6ad76334bdd96020c7c96d507cd0be0ec479c5590d7d057b1,1037169.0,647.0,5126.0,216.0,6.0,2026-09-19T10:49:08.979912
20260911,OK,file://data\raw\nse\fo_zip\fo_20260911.csv.zip,532f111f183057b70433da2f7497a73a85da7a93c0a6230dbd898e9fef3463a2,1071973.0,647.0,5264.0,216.0,6.0,2026-09-19T10:49:09.399591
20260915,OK,file://data\raw\nse\fo_zip\fo_20260915.csv.zip,a45f7cad1a76fc2b289c079aa41d181788a9e23efe3b000b95ecc25e11b37231,1097093.0,647.0,5372.0,216.0,6.0,2026-09-19T10:49:09.770694
20260916,OK,file://data\raw\nse\fo_zip\fo_20260916.csv.zip,a787e7c68763f27a24749f60c805ece2f465886386a9b897a8a96b326d27c5b6,1121793.0,647.0,5483.0,216.0,6.0,2026-09-19T10:49:10.154338
20260917,OK,file://data\raw\nse\fo_zip\fo_20260917.csv.zip,0edeaede69cdeff445c3f24c4db1cdd80d6b18002ba5d1efda32337f1c2cdd6e,1127158.0,647.0,5487.0,216.0,6.0,2026-09-19T10:49:10.584758
20260918,OK,file://data\raw\nse\fo_zip\fo_20260918.csv.zip,ad7456e47a74b5ff3e127b09e844d94c9892fdee369307ea09c73a450d82d281,1139451.0,647.0,5489.0,216.0,6.0,2026-09-19T10:49:11.042844
20210330,HTTP:404:3815,https://nsearchives.nseindia.com/content/historical/DERIVATIVES/2021/MAR/fo30MAR2021bhav.csv.zip,,,,,,,
20190101,OK,file://data\raw\nse\fo_zip\fo_20190101.csv.zip,58449b725c8c4bd59a8719e5e4fe022874fd303b9648cac0afd0edabe4d33669,433975.0,606.0,3390.0,203.0,3.0,2026-09-19T10:55:14.998170
20190102,OK,file://data\raw\nse\fo_zip\fo_20190102.csv.zip,f7453449b3b2fbd96e19776e96c90cf527b327bca4f7a8a7e12b56f450f003f7,444724.0,606.0,3414.0,203.0,3.0,2026-09-19T10:55:15.205071
20190103,OK,file://data\raw\nse\fo_zip\fo_20190103.csv.zip,619491c5c79467b00e6d5f4afbbb24d64102da51f4b1f2d8328cd2facfef750b,444280.0,606.0,3414.0,203.0,3.0,2026-09-19T10:55:15.403901
20190104,OK,file://data\raw\nse\fo_zip\fo_20190104.csv.zip,f6726ec18ccfdd157136bf8409f29275b6b6a5ddb448327719e445dd84bcd95c,445737.0,606.0,3380.0,203.0,3.0,2026-09-19T10:55:15.603786
20190107,OK,file://data\raw\nse\fo_zip\fo_20190107.csv.zip,c7b307bf73bb6990ddc3388a9cb2479ef3681f61fde23d85226846ff04cc6b93,442530.0,606.0,3390.0,203.0,3.0,2026-09-19T10:55:15.823513
20190108,OK,file://data\raw\nse\fo_zip\fo_20190108.csv.zip,e437ab26d044772946c630affb966d6a7a59b1b547f2cde3488e3618577f77bf,444293.0,606.0,3392.0,203.0,3.0,2026-09-19T10:55:16.029671
20190109,OK,file://data\raw\nse\fo_zip\fo_20190109.csv.zip,5472c2ab4228c1bc3bee2da922b41035acae4ea5c3814aed2cdf76a42fa4e213,448494.0,606.0,3414.0,203.0,3.0,2026-09-19T10:55:16.242817
20190110,OK,file://data\raw\nse\fo_zip\fo_20190110.csv.zip,5d4dbbcbf11aa6b7b3faaa0a1ee62abd9d2f0dcdf802208ee03c91b39f483605,444056.0,606.0,3454.0,203.0,3.0,2026-09-19T10:55:16.518915
20190111,OK,file://data\raw\nse\fo_zip\fo_20190111.csv.zip,588f5074d94806339edccb65266d0562d63c8c097cf6a96c78d36b2c3e32cc39,444987.0,606.0,3410.0,203.0,3.0,2026-09-19T10:55:16.789974
20190114,OK,file://data\raw\nse\fo_zip\fo_20190114.csv.zip,f237a70d766ff92c861449ba6009ac3e2f214b5cdbe58fa94da7b0fa87ef889a,446786.0,606.0,3410.0,203.0,3.0,2026-09-19T10:55:16.997917
20190115,OK,file://data\raw\nse\fo_zip\fo_20190115.csv.zip,f6b26e6bc71305ee23680061e306be0a521f21109e087fcaf3aea57e8a94665e,447807.0,606.0,3416.0,203.0,3.0,2026-09-19T10:55:17.203620
20190116,OK,file://data\raw\nse\fo_zip\fo_20190116.csv.zip,408b59241ba7c16b196ee276d4360ae30d97ad1bff7965de1f3b01be66c4c1d5,449688.0,606.0,3420.0,203.0,3.0,2026-09-19T10:55:17.404234
20190117,OK,file://data\raw\nse\fo_zip\fo_20190117.csv.zip,d7bb5912a14217ebc60ba5c80054851fed37b2e458856f46e4f08d3b2cd016db,452086.0,606.0,3420.0,203.0,3.0,2026-09-19T10:55:17.605845
20190118,OK,file://data\raw\nse\fo_zip\fo_20190118.csv.zip,6e4bb987f3a460bbf669167f43e523e68ce11c641fb7f13a714167cf187a84d9,451302.0,606.0,3388.0,203.0,3.0,2026-09-19T10:55:17.824561
20190121,OK,file://data\raw\nse\fo_zip\fo_20190121.csv.zip,fe311b735333bca04ee94a2f346be5ec1d13bf065df3ec23cddc4c40e155b383,455753.0,606.0,3390.0,203.0,3.0,2026-09-19T10:55:18.095586
20190122,OK,file://data\raw\nse\fo_zip\fo_20190122.csv.zip,e553dfff74c9f2a5d6dfe9450d2342e551a2ff5fb23cbce627e3999c6f119e5d,460992.0,606.0,3396.0,203.0,3.0,2026-09-19T10:55:18.314541
20190123,OK,file://data\raw\nse\fo_zip\fo_20190123.csv.zip,8e7b82abbba3469002f6280dc2449b586dfe0d4a570f393ab501e8be5c3232df,459059.0,606.0,3396.0,203.0,3.0,2026-09-19T10:55:18.525928
20190124,OK,file://data\raw\nse\fo_zip\fo_20190124.csv.zip,c30dd427b113e57f380dcf72985903a300cd745330c660fb44811438a3b4120f,458962.0,606.0,3400.0,203.0,3.0,2026-09-19T10:55:18.745836
20190125,OK,file://data\raw\nse\fo_zip\fo_20190125.csv.zip,d0ba26fb0e567ecd71ec3982b3000f5b11ecee23db6de977f28eb4678b885ae1,468416.0,606.0,3366.0,203.0,3.0,2026-09-19T10:55:18.960085
20190128,OK,file://data\raw\nse\fo_zip\fo_20190128.csv.zip,ea5e4de48eb725ac7fd31cb7677331f3b1c9229db6d2ffdab4c60dd0e555bf30,478721.0,606.0,3376.0,203.0,3.0,2026-09-19T10:55:19.169663
20190129,OK,file://data\raw\nse\fo_zip\fo_20190129.csv.zip,83704674f66746d7fb75b4d613b983a94706785b0710abb3dbe9ec7fe0eff813,481672.0,606.0,3416.0,203.0,3.0,2026-09-19T10:55:19.463388
20190130,OK,file://data\raw\nse\fo_zip\fo_20190130.csv.zip,b349f8f4895c20a5f5669217a9ad7014837a8442ec383e461be1f9eddb424ade,484252.0,606.0,3436.0,203.0,3.0,2026-09-19T10:55:19.740989
20190131,OK,file://data\raw\nse\fo_zip\fo_20190131.csv.zip,b86d25ce03befd38d7fe78c90c551b41e79f3df892ed43a04772a0c62f53ee9c,488802.0,606.0,3442.0,203.0,3.0,2026-09-19T10:55:19.961131
20190201,OK,file://data\raw\nse\fo_zip\fo_20190201.csv.zip,dc8f593e92a4891dacbab0daed125e23ffd5500376872aaf186998c9044d579f,417921.0,603.0,3318.0,202.0,3.0,2026-09-19T10:55:20.167080
20190204,OK,file://data\raw\nse\fo_zip\fo_20190204.csv.zip,1e72b9ad1c66c8a22e5c5809d7d29975670444064f757264b155ce1efb417054,419808.0,603.0,3336.0,202.0,3.0,2026-09-19T10:55:20.396558
20190205,OK,file://data\raw\nse\fo_zip\fo_20190205.csv.zip,92839e230a31118914fa1bb30a142cae72c9eb0ddbe252d30930c62ce808671d,424722.0,603.0,3342.0,202.0,3.0,2026-09-19T10:55:20.629675
20190206,OK,file://data\raw\nse\fo_zip\fo_20190206.csv.zip,f9fd0b59b178dea088416627d4704de8fb13e654ae03b4bf8839203cac747f20,430601.0,603.0,3344.0,202.0,3.0,2026-09-19T10:55:20.933644
20190207,OK,file://data\raw\nse\fo_zip\fo_20190207.csv.zip,fdb115e00d248bf9581c94fafb91a0cb386c32f5d52e5a50c0d56599265c4704,431732.0,603.0,3380.0,202.0,3.0,2026-09-19T10:55:21.162763
20190208,OK,file://data\raw\nse\fo_zip\fo_20190208.csv.zip,3bfe3f080ea1612d5c2c71aae6801518cde3efd52b8713bcd633f90700b234ac,432513.0,603.0,3348.0,202.0,3.0,2026-09-19T10:55:21.376135
20190211,OK,file://data\raw\nse\fo_zip\fo_20190211.csv.zip,5fdd55a5e48524eab0bb0a77db4379e105cd772a4fe6bdd1646c37ca099e0815,443676.0,603.0,4204.0,202.0,3.0,2026-09-19T10:55:21.598652
20190212,OK,file://data\raw\nse\fo_zip\fo_20190212.csv.zip,aed7eb3126bc366012ae14cab4206d062caa410b3ad384afbf7f0b79ce6a0a6c,443813.0,603.0,4220.0,202.0,3.0,2026-09-19T10:55:21.830388
20190213,OK,file://data\raw\nse\fo_zip\fo_20190213.csv.zip,7259ebd131607ff2a9da4097bb71b17f405775116287b5491d5077fd70199abd,445921.0,603.0,4240.0,202.0,3.0,2026-09-19T10:55:22.048422
20190214,OK,file://data\raw\nse\fo_zip\fo_20190214.csv.zip,0aa161993ae89462e3428af34e4deac5a2490376c5c6018f412bcb465074a8c4,450614.0,603.0,4260.0,202.0,3.0,2026-09-19T10:55:22.277299
20190215,OK,file://data\raw\nse\fo_zip\fo_20190215.csv.zip,42da8b4dbb9a64282ec406dfab2fce58abb7de8e495771c930cb2629b4f11e99,452603.0,603.0,4246.0,202.0,3.0,2026-09-19T10:55:22.492823
20190218,OK,file://data\raw\nse\fo_zip\fo_20190218.csv.zip,4be0ba6e53e830b0d3be387a4bf80c323ba4fbabe1a27eda39b26d57e2302d1b,451284.0,603.0,4270.0,202.0,3.0,2026-09-19T10:55:22.696151
20190219,OK,file://data\raw\nse\fo_zip\fo_20190219.csv.zip,3143cddbd55da59a9b95c56fa49370543c4aad00c2bedfda1379631cb83b130e,453572.0,603.0,4294.0,202.0,3.0,2026-09-19T10:55:22.905049
20190220,OK,file://data\raw\nse\fo_zip\fo_20190220.csv.zip,f993bc0be3bd7ba765f8a09eaa3ccdf7fa294c10cdb13aa90136f9c540f1150d,454973.0,603.0,4314.0,202.0,3.0,2026-09-19T10:55:23.135545
20190221,OK,file://data\raw\nse\fo_zip\fo_20190221.csv.zip,14794e389fbf093c5256f81a428ad403c865880bccadfffdfc0f5c371dec4c70,458362.0,603.0,4314.0,202.0,3.0,2026-09-19T10:55:23.351836
20190222,OK,file://data\raw\nse\fo_zip\fo_20190222.csv.zip,2276ce8ba59f4242e5fa734db63b139634b9578e02925646b4f1a4a8b210460d,458269.0,603.0,4282.0,202.0,3.0,2026-09-19T10:55:23.556143
20190225,OK,file://data\raw\nse\fo_zip\fo_20190225.csv.zip,6e850dc35222b038e7ed108ad14d5ed871d653441548bcd3a6ad455f48204582,462421.0,603.0,4286.0,202.0,3.0,2026-09-19T10:55:23.763957
20190226,OK,file://data\raw\nse\fo_zip\fo_20190226.csv.zip,ccd7594b7c309928f43d748d2d5b23f49c9c4eff755d4575bbd101ef2362af6d,467761.0,603.0,4298.0,202.0,3.0,2026-09-19T10:55:23.973897
20190227,OK,file://data\raw\nse\fo_zip\fo_20190227.csv.zip,77acc6e4c74b1ba847b00245d9055b1a5037c454b3fb571963a61efb466eb226,474663.0,603.0,4298.0,202.0,3.0,2026-09-19T10:55:24.199177
20190228,OK,file://data\raw\nse\fo_zip\fo_20190228.csv.zip,ef2e2b670cc3f0e76d04833105d6a6aba13dc9d59f29f330cd07412b98317f5c,472741.0,603.0,4300.0,202.0,3.0,2026-09-19T10:55:24.455959
20190301,OK,file://data\raw\nse\fo_zip\fo_20190301.csv.zip,463845489fd6ac35760cf19e78e70bd115587f8388ec9f5156934161828604b2,403416.0,598.0,4206.0,200.0,3.0,2026-09-19T10:55:24.666176
20190305,OK,file://data\raw\nse\fo_zip\fo_20190305.csv.zip,4499ff3dc13da284a31e9b8cedbd94171e74a79ad96100cfab1dc85d0c94e079,409476.0,598.0,4214.0,200.0,3.0,2026-09-19T10:55:24.884003
20190306,OK,file://data\raw\nse\fo_zip\fo_20190306.csv.zip,73b585661f8e67a50fc30dd1e46bc9f2c15a19cf53aca2308d0eb3cc4126790d,415352.0,598.0,4282.0,200.0,3.0,2026-09-19T10:55:25.086419
20190307,OK,file://data\raw\nse\fo_zip\fo_20190307.csv.zip,121914aef50bc59dcb8333f3c46493b00196b4beee4df0049069d7361937607d,414782.0,598.0,4298.0,200.0,3.0,2026-09-19T10:55:25.276821
20190308,OK,file://data\raw\nse\fo_zip\fo_20190308.csv.zip,71d6942345d1d7b2a0cfdea74090c2567f8f438c27fd3cd7027f5a13b90f0ca6,412439.0,598.0,4294.0,200.0,3.0,2026-09-19T10:55:25.467289
20190311,OK,file://data\raw\nse\fo_zip\fo_20190311.csv.zip,94f97f82b48c52339d8642dc7d2089ae617a9089b2746a57ae0b1aff57dc623c,418538.0,598.0,4480.0,200.0,3.0,2026-09-19T10:55:25.658436
20190312,OK,file://data\raw\nse\fo_zip\fo_20190312.csv.zip,c8f99e136df7b7fe579dd3c4710dd3f8e75e77bec2ec2e9ef1474b2544e7e0fb,427381.0,598.0,4562.0,200.0,3.0,2026-09-19T10:55:25.869524
20190313,OK,file://data\raw\nse\fo_zip\fo_20190313.csv.zip,3ba59774cb5de6006661bf7871a4db9c2c3a9807b4a91050bae4798e46fa650f,429805.0,598.0,4702.0,200.0,3.0,2026-09-19T10:55:26.081076
20190314,OK,file://data\raw\nse\fo_zip\fo_20190314.csv.zip,d0d335953072c129844cc33563a344e6acec6b7f497eda33b89c89f47bc9611b,431091.0,598.0,4838.0,200.0,3.0,2026-09-19T10:55:26.288241
20190315,OK,file://data\raw\nse\fo_zip\fo_20190315.csv.zip,6065c6b55387bfd3e455430f216bdfce264bf5cf09fca6704faf439e5e8ebc4d,434584.0,598.0,4760.0,200.0,3.0,2026-09-19T10:55:26.512865
20190318,OK,file://data\raw\nse\fo_zip\fo_20190318.csv.zip,61557d70504a3e0ef7aa1a393d291b70ae9972a8b9b521a91ad6cf86a7c0a60d,436030.0,598.0,4918.0,200.0,3.0,2026-09-19T10:55:26.720136
20190319,OK,file://data\raw\nse\fo_zip\fo_20190319.csv.zip,29995dfd24fa5130ea73c30c637fd5723e799cecc5634d628aa3625f1a4b8903,442554.0,598.0,4962.0,200.0,3.0,2026-09-19T10:55:26.917227
20190320,OK,file://data\raw\nse\fo_zip\fo_20190320.csv.zip,d0bc8e5067caa4129af6789c35c50eafe72351c37a0311206080c1faf1958310,445344.0,598.0,5040.0,200.0,3.0,2026-09-19T10:55:27.126349
20190322,OK,file://data\raw\nse\fo_zip\fo_20190322.csv.zip,459b557a262a924fac9c45b58f1f79f102298ad7102dd2648e1aec5e9b41a7dc,446186.0,598.0,4946.0,200.0,3.0,2026-09-19T10:55:27.329943
20190325,OK,file://data\raw\nse\fo_zip\fo_20190325.csv.zip,022e24f644657bb16d498d0716abd0f5f20cdc2d1ce81913243117d9950cd1aa,450001.0,598.0,4952.0,200.0,3.0,2026-09-19T10:55:27.553848
20190326,OK,file://data\raw\nse\fo_zip\fo_20190326.csv.zip,d27c75772371c6719b3374efe507c952cbfec7f416d05b4d47aabf2c321bc9d3,455239.0,598.0,4966.0,200.0,3.0,2026-09-19T10:55:27.763277
20190327,OK,file://data\raw\nse\fo_zip\fo_20190327.csv.zip,d60393e966bb1d382148b02b7e46e8f5baf21cf50cd1ca15c22cd74a75f824dc,461880.0,598.0,4986.0,200.0,3.0,2026-09-19T10:55:27.973583
20190328,OK,file://data\raw\nse\fo_zip\fo_20190328.csv.zip,ea7ddf6ecf5a56962521fb62a2a6f0fb0677dd6a6915ee1069e60d3f8ee6c0b3,464436.0,598.0,5008.0,200.0,3.0,2026-09-19T10:55:28.181609
20190329,OK,file://data\raw\nse\fo_zip\fo_20190329.csv.zip,ea56cdb5507073f7665e236d4591797e26a8c17509c4067937949b9028c8b08c,473317.0,597.0,4926.0,199.0,3.0,2026-09-19T10:55:28.397794
20190401,OK,file://data\raw\nse\fo_zip\fo_20190401.csv.zip,5ed4143fae4d23bdf40fb59ee92ff57ba9f7f0f5d2d0dfaed995ab4ad705d6a9,482725.0,597.0,4944.0,199.0,3.0,2026-09-19T10:55:28.658529
20190402,OK,file://data\raw\nse\fo_zip\fo_20190402.csv.zip,b53d8341f9ec23078b2657b5a152ee6efadaadd1db084f7df54b4e8ed0664f15,485024.0,597.0,5004.0,199.0,3.0,2026-09-19T10:55:28.915005
20190403,OK,file://data\raw\nse\fo_zip\fo_20190403.csv.zip,a170993b71470a582f467b53c14eada601f766cb460fa61ddc489b52dc576604,488690.0,597.0,5058.0,199.0,3.0,2026-09-19T10:55:29.150214
20190404,OK,file://data\raw\nse\fo_zip\fo_20190404.csv.zip,500ff36cbf032cb6e4b4c47681114895c63c0864495138cd3d6257942f77a98a,489748.0,597.0,5062.0,199.0,3.0,2026-09-19T10:55:29.402242
20190405,OK,file://data\raw\nse\fo_zip\fo_20190405.csv.zip,9d58eb8d8c6612f26df8bf36dae99c5560a4f47aec12ea5d9a37ad69f90855f4,486529.0,597.0,4932.0,199.0,3.0,2026-09-19T10:55:29.646680
20190408,OK,file://data\raw\nse\fo_zip\fo_20190408.csv.zip,d3a16c5ff7532a7a887b3e2212feab4ade022c8c123f7013066a2ffb4b0ad86c,487123.0,597.0,4942.0,199.0,3.0,2026-09-19T10:55:29.878302
20190409,OK,file://data\raw\nse\fo_zip\fo_20190409.csv.zip,82ef35ae01bd731069999f34c97341f400851a0804b80ce5fc5ecf7a6aba8a65,488554.0,597.0,4948.0,199.0,3.0,2026-09-19T10:55:30.111044
20190410,OK,file://data\raw\nse\fo_zip\fo_20190410.csv.zip,afd48593c3e8674d1869bce0ee5ff59c45490ac725249dd19c7ce9627c51c5ef,487120.0,597.0,4966.0,199.0,3.0,2026-09-19T10:55:30.342958
20190411,OK,file://data\raw\nse\fo_zip\fo_20190411.csv.zip,67029ce589ff52bdcd0d20fc931325d9623c96742c820aa09a4920cd30cba2b2,487155.0,597.0,4966.0,199.0,3.0,2026-09-19T10:55:30.563456
20190412,OK,file://data\raw\nse\fo_zip\fo_20190412.csv.zip,414884b2280bd025654098f419e553abccee3faad4dafc8e12b1d61c16d40bfd,486478.0,597.0,4832.0,199.0,3.0,2026-09-19T10:55:30.803827
20190415,OK,file://data\raw\nse\fo_zip\fo_20190415.csv.zip,7c6b9ca2df164435d78fb033c5e9da8557343d6b8743bf61bba73d393f8cded7,487828.0,597.0,4836.0,199.0,3.0,2026-09-19T10:55:31.039420
20190416,OK,file://data\raw\nse\fo_zip\fo_20190416.csv.zip,9422d2349c6c2a5429100dda7ac7f134abb33087a82751350d87d4d97f879377,512414.0,597.0,4848.0,199.0,3.0,2026-09-19T10:55:31.275707
20190418,OK,file://data\raw\nse\fo_zip\fo_20190418.csv.zip,433d6e64266b643c350169e3991c3f422ab89ceb9bb70d3cafa25ccf866fd3c3,517639.0,597.0,4940.0,199.0,3.0,2026-09-19T10:55:31.503244
20190422,OK,file://data\raw\nse\fo_zip\fo_20190422.csv.zip,863299a72f3e88dd1622927a14d549ba87d0a00a506c8b781e2e4b19a81d1aa1,522185.0,597.0,4800.0,199.0,3.0,2026-09-19T10:55:31.740623
20190423,OK,file://data\raw\nse\fo_zip\fo_20190423.csv.zip,c04985d998999ae2974b1250fc11a7170192098d8db9ab7b3d5b00561768eef6,523409.0,597.0,4842.0,199.0,3.0,2026-09-19T10:55:31.971972
20190424,OK,file://data\raw\nse\fo_zip\fo_20190424.csv.zip,32c818b031c59c77248537925d2e287d3149da064d256f85b296d94ed3967484,528015.0,597.0,4858.0,199.0,3.0,2026-09-19T10:55:32.207563
20190425,OK,file://data\raw\nse\fo_zip\fo_20190425.csv.zip,6d387864c46c5880728d82bbbf101b42e4bf1a79fcaa176cae4493f068db5950,530743.0,597.0,4898.0,199.0,3.0,2026-09-19T10:55:32.457552
20190426,OK,file://data\raw\nse\fo_zip\fo_20190426.csv.zip,cf1b043d91daaa337382bf7abd7f55f708656cff5563d55647c09c608f85ee3d,461251.0,563.0,4752.0,199.0,3.0,2026-09-19T10:55:32.667592
20190430,OK,file://data\raw\nse\fo_zip\fo_20190430.csv.zip,75dfbf4b9404287cac4ae42214ceaf9b01d2dbec309f4ca1549c322bdfea32a4,465121.0,563.0,4784.0,199.0,3.0,2026-09-19T10:55:32.883015
20190502,OK,file://data\raw\nse\fo_zip\fo_20190502.csv.zip,da77dfee30ee28685f67992f62fa905b5a51d08eec41027712337cf8501ad93b,466481.0,563.0,4824.0,199.0,3.0,2026-09-19T10:55:33.092565
20190503,OK,file://data\raw\nse\fo_zip\fo_20190503.csv.zip,04f558513cb3038a175428262e73df72029a0f7f2e1ed8087caa7cea421485f5,466884.0,563.0,4682.0,199.0,3.0,2026-09-19T10:55:33.304672
20190506,OK,file://data\raw\nse\fo_zip\fo_20190506.csv.zip,4761918bebe2863ee3950d07a124fb048c4658a642b75b3fc8ee10c0a1de6394,467208.0,563.0,4700.0,199.0,3.0,2026-09-19T10:55:33.525327
20190507,OK,file://data\raw\nse\fo_zip\fo_20190507.csv.zip,cd0b0b4b6182c905b5e6eeb0938253b18e55ded95dfa5dd73c0236e8c4d1c406,470147.0,563.0,4708.0,199.0,3.0,2026-09-19T10:55:33.746130
20190508,OK,file://data\raw\nse\fo_zip\fo_20190508.csv.zip,f16315fe6c2f745ac6d367516ff7ec5bbe3b60d30bccad53792360036d4ff41c,473440.0,563.0,4758.0,199.0,3.0,2026-09-19T10:55:33.976099
20190509,OK,file://data\raw\nse\fo_zip\fo_20190509.csv.zip,0e2d0af7b05c74a1c5a3b4ec46d65aac394d8047da1dcee6dad1624b24ec0c55,473509.0,563.0,4836.0,199.0,3.0,2026-09-19T10:55:34.188114
20190510,OK,file://data\raw\nse\fo_zip\fo_20190510.csv.zip,24abaafcf897a58ff3b55d538bbfbe0f38aab3859eea5a6eb709ddedcbd9f5c2,470786.0,563.0,4754.0,199.0,3.0,2026-09-19T10:55:34.402058
20190513,OK,file://data\raw\nse\fo_zip\fo_20190513.csv.zip,df3b758bc915d9fd7c98b988941a2e6a6c876d9df340cf72e9e99482fd2d1db4,477005.0,563.0,4772.0,199.0,3.0,2026-09-19T10:55:34.618697
20190514,OK,file://data\raw\nse\fo_zip\fo_20190514.csv.zip,ffaff9a045599e11f54f1d124021638ee956230d4b2e476324628e8697a2a864,482030.0,563.0,4864.0,199.0,3.0,2026-09-19T10:55:34.851518
20190515,OK,file://data\raw\nse\fo_zip\fo_20190515.csv.zip,9df3afabfadd04edad6111ae86b4b6908d0c542ab8b6cc1f13cdd3a555eeeff5,480376.0,563.0,4874.0,199.0,3.0,2026-09-19T10:55:35.073218
20190516,OK,file://data\raw\nse\fo_zip\fo_20190516.csv.zip,82d6d7631aaa8e02683de51a63775f074eeaa708c3c9a876df9dc896b5e70b83,482305.0,563.0,4892.0,199.0,3.0,2026-09-19T10:55:35.295173
20190517,OK,file://data\raw\nse\fo_zip\fo_20190517.csv.zip,868584419a80932a5a37ce6b008a4d1e7f0a6a4d0436ccc91d52774a3d063ccd,483573.0,563.0,4800.0,199.0,3.0,2026-09-19T10:55:35.513119
20190520,OK,file://data\raw\nse\fo_zip\fo_20190520.csv.zip,425809c9163456c8ea4b8dda144c5897ff72683ce63c120d3b479dbb9ed06ec0,494727.0,563.0,4834.0,199.0,3.0,2026-09-19T10:55:35.752342
20190521,OK,file://data\raw\nse\fo_zip\fo_20190521.csv.zip,92334f8f124d497f42dffa5e43d73343c7b77600079964bfc5aa19a696a88561,495825.0,563.0,5022.0,199.0,3.0,2026-09-19T10:55:36.008410
20190522,OK,file://data\raw\nse\fo_zip\fo_20190522.csv.zip,d2351867452d3504d5f314cdaadd6c55747dba640f906fbaa51899f4c0dc3c7f,495502.0,563.0,5022.0,199.0,3.0,2026-09-19T10:55:36.267054
20190523,OK,file://data\raw\nse\fo_zip\fo_20190523.csv.zip,c8bbb2bc5d7e1b9f316143779ac7a88c5caa7f2d08c514accd5b0e63188e86ba,503732.0,563.0,5034.0,199.0,3.0,2026-09-19T10:55:36.520952
20190524,OK,file://data\raw\nse\fo_zip\fo_20190524.csv.zip,8e2f7b45741c200ce9c22203dbec3ab5e7c7aea6a319ded8088609958813819a,507165.0,563.0,4964.0,199.0,3.0,2026-09-19T10:55:36.802355
20190527,OK,file://data\raw\nse\fo_zip\fo_20190527.csv.zip,bc518adbd380213aabb4c7b035113786a7547ca1cb23053597669f6e4552cdef,513281.0,563.0,5062.0,199.0,3.0,2026-09-19T10:55:37.045589
20190528,OK,file://data\raw\nse\fo_zip\fo_20190528.csv.zip,8e58e97f272d45d5b02941565d12aa815a1af6e9af015eecc9a7629410c49bc5,516417.0,563.0,5182.0,199.0,3.0,2026-09-19T10:55:37.292888
20190529,OK,file://data\raw\nse\fo_zip\fo_20190529.csv.zip,cca56034ea92dddd6ad52fd61e4323919d280f6f34d4caaee2e59dd93d9624b6,517796.0,563.0,5206.0,199.0,3.0,2026-09-19T10:55:37.521280
20190530,OK,file://data\raw\nse\fo_zip\fo_20190530.csv.zip,5155ed6765e7fb751fdc0d10ea5ec87c387e3a4bc57d948f63c09946736b7247,516254.0,563.0,5208.0,199.0,3.0,2026-09-19T10:55:37.769296
20190531,OK,file://data\raw\nse\fo_zip\fo_20190531.csv.zip,ebd733613d84b7fe614e6b3409f6e4b378ec71a4416df9443106f0e91178ad51,442986.0,529.0,5040.0,199.0,3.0,2026-09-19T10:55:37.981512
20190603,OK,file://data\raw\nse\fo_zip\fo_20190603.csv.zip,01f0e1e2b9b8899b197fa2507e127fc774f5598312ff4fa5d079e103c9a58ca1,441146.0,529.0,5058.0,199.0,3.0,2026-09-19T10:55:38.192992
20190604,OK,file://data\raw\nse\fo_zip\fo_20190604.csv.zip,e17062286210a9386ff13e759224be8554d84eaabfe1de17514b04f95cd60b55,444728.0,529.0,5196.0,199.0,3.0,2026-09-19T10:55:38.400541
20190606,OK,file://data\raw\nse\fo_zip\fo_20190606.csv.zip,7d76714fb39edf2855dd6a8240df56b7673cd49afba3dd15b1edad35a06fbb6d,450068.0,529.0,5196.0,199.0,3.0,2026-09-19T10:55:38.615190
20190607,OK,file://data\raw\nse\fo_zip\fo_20190607.csv.zip,106e4985a890549f01be3d41d992b2e8e47d0d6642f37ca445087b202a5061f3,446744.0,529.0,5084.0,199.0,3.0,2026-09-19T10:55:38.848485
20190610,OK,file://data\raw\nse\fo_zip\fo_20190610.csv.zip,0c751a807e702daaa874ed81b4888640c3f06d9576ab880726deab999939a914,444848.0,529.0,5090.0,199.0,3.0,2026-09-19T10:55:39.050606
20190611,OK,file://data\raw\nse\fo_zip\fo_20190611.csv.zip,86292556dd44d42ab07321226a2d5ced4629076cc0c0fad866d2b3d0acb66645,445369.0,529.0,5098.0,199.0,3.0,2026-09-19T10:55:39.284498
20190612,OK,file://data\raw\nse\fo_zip\fo_20190612.csv.zip,eeeb6ec1c8c734aa5031e9a5afbc598acc8853c18360496c7b686819259cd042,444973.0,529.0,5104.0,199.0,3.0,2026-09-19T10:55:39.496229
20190613,OK,file://data\raw\nse\fo_zip\fo_20190613.csv.zip,ec77947c42e77ed78300a04e5bee817fbc4a67630906bcb7d66e888e2bfa3202,446728.0,529.0,5104.0,199.0,3.0,2026-09-19T10:55:39.728678
20190614,OK,file://data\raw\nse\fo_zip\fo_20190614.csv.zip,1e380cb7e9edaf40dafa603762088027b95969a6d0849243ca85a4554e5fe2d9,444928.0,529.0,4980.0,199.0,3.0,2026-09-19T10:55:39.961822
20190617,OK,file://data\raw\nse\fo_zip\fo_20190617.csv.zip,4a11ac175e90bd266eb7bef0ecde5a39a1671b33f6f3217e7d4322464da7e549,451195.0,529.0,5008.0,199.0,3.0,2026-09-19T10:55:40.179692
20190618,OK,file://data\raw\nse\fo_zip\fo_20190618.csv.zip,49ef66f9a5b0b4c13cbc3cbbc6edefacbc1d8883f835e35b2a1940b576be8879,454332.0,529.0,5048.0,199.0,3.0,2026-09-19T10:55:40.389177
20190619,OK,file://data\raw\nse\fo_zip\fo_20190619.csv.zip,951def82b48fb4246743ec1302a32ede1721fe69981335629e9c97ee1331027d,461359.0,529.0,5048.0,199.0,3.0,2026-09-19T10:55:40.704949
20190620,OK,file://data\raw\nse\fo_zip\fo_20190620.csv.zip,8ed4166ec90454744e73b28eedd0faad540e267bd37bc929a5133e4286a01e4a,464381.0,529.0,5048.0,199.0,3.0,2026-09-19T10:55:40.925649
20190621,OK,file://data\raw\nse\fo_zip\fo_20190621.csv.zip,d030efed3b16cbfdd455490a11bde12bf72892bdcda9ca938bab12ae6a23521a,464609.0,529.0,4924.0,199.0,3.0,2026-09-19T10:55:41.155331
20190624,OK,file://data\raw\nse\fo_zip\fo_20190624.csv.zip,539dc28a59ab020861bb78ca1bb57f72fff85027d780826dab96d185323e147c,463107.0,529.0,4936.0,199.0,3.0,2026-09-19T10:55:41.374652
20190625,OK,file://data\raw\nse\fo_zip\fo_20190625.csv.zip,fd2e978b361a45c4bba2249bfbb7b681b970f1f71aea66a1c50bb7ab8e47dba3,468932.0,529.0,4936.0,199.0,3.0,2026-09-19T10:55:41.582864
20190626,OK,file://data\raw\nse\fo_zip\fo_20190626.csv.zip,d2cacae36466f3071f487359014313203e199ca0238a134197ce7f1016c55d43,473830.0,529.0,4936.0,199.0,3.0,2026-09-19T10:55:41.800844
20190627,OK,file://data\raw\nse\fo_zip\fo_20190627.csv.zip,2c6289227e53daec1020ec3dd3ce479848cbd678f4e8fe81a146038a4b6da6d5,472941.0,529.0,4952.0,199.0,3.0,2026-09-19T10:55:42.015422
20190628,OK,file://data\raw\nse\fo_zip\fo_20190628.csv.zip,6386485378871f9aa84f1c8ea7f12a1a0ab447f8771340bc37c5b753c94e27f1,418150.0,495.0,4762.0,165.0,3.0,2026-09-19T10:55:42.208079
20190701,OK,file://data\raw\nse\fo_zip\fo_20190701.csv.zip,46e2264ed619ac3f8fc070533eed3e77b8f5f9a21261eec835b162ca6e08634a,419410.0,495.0,4776.0,165.0,3.0,2026-09-19T10:55:42.419066
20190702,OK,file://data\raw\nse\fo_zip\fo_20190702.csv.zip,b2e8fa05702025ed7d6f1774ff3148fd3e178dd4de8c80d6bf1ac14be79dd2aa,418981.0,495.0,4786.0,165.0,3.0,2026-09-19T10:55:42.705598
20190703,OK,file://data\raw\nse\fo_zip\fo_20190703.csv.zip,a9681f73f9e06991d81000d76e7b14ba989bc1fb9b99e316fa4af0c711cab2a4,420112.0,492.0,4790.0,164.0,3.0,2026-09-19T10:55:42.956917
20190704,OK,file://data\raw\nse\fo_zip\fo_20190704.csv.zip,516b4c78c619edd7a0dbc47140539915feaffc1b91a8d457503a71d5348f7a6e,421410.0,492.0,4790.0,164.0,3.0,2026-09-19T10:55:43.178490
20190705,OK,file://data\raw\nse\fo_zip\fo_20190705.csv.zip,fa457f6c6f7543c69a4e71f89c24790bc7e9d966098f4b5b9d245e7ef356b1cb,427277.0,492.0,4686.0,164.0,3.0,2026-09-19T10:55:43.422747
20190708,OK,file://data\raw\nse\fo_zip\fo_20190708.csv.zip,36241fd742f7e31324db945ee461a017a63a6b0bac4c1e9abea442b7d3a18c68,435692.0,492.0,4728.0,164.0,3.0,2026-09-19T10:55:43.630606
20190709,OK,file://data\raw\nse\fo_zip\fo_20190709.csv.zip,6ab28813cee0bad976dad6f3a11f37713934cb533200399b62c7edb71fc80efc,437814.0,492.0,4830.0,164.0,3.0,2026-09-19T10:55:43.843023
20190710,OK,file://data\raw\nse\fo_zip\fo_20190710.csv.zip,182e0660778877475f39adfb12811102813aef829d952978d889951e6adfc478,437084.0,492.0,4850.0,164.0,3.0,2026-09-19T10:55:44.040092
20190711,OK,file://data\raw\nse\fo_zip\fo_20190711.csv.zip,c8c7122e4a1c18f7cf25688ec01bea1128a63e36f3f7e566c051e8aa0702e16b,436962.0,492.0,4890.0,164.0,3.0,2026-09-19T10:55:44.255420
20190712,OK,file://data\raw\nse\fo_zip\fo_20190712.csv.zip,9b3614eb027f8ea0be8851b043494e15b389ab602a4cc8b13316616032ef6df9,434476.0,492.0,4766.0,164.0,3.0,2026-09-19T10:55:44.454297
20190715,OK,file://data\raw\nse\fo_zip\fo_20190715.csv.zip,0f5943d38b07f01e8e27119c108368355ba87c939a3ab395b6f3e11c1bed50c4,435670.0,492.0,4770.0,164.0,3.0,2026-09-19T10:55:44.652210
20190716,OK,file://data\raw\nse\fo_zip\fo_20190716.csv.zip,824d38ae2dd8dfeeb11ae05a6dbe17490dc2a2512b51272662cb694ed112ad0c,440965.0,492.0,4790.0,164.0,3.0,2026-09-19T10:55:44.858546
20190717,OK,file://data\raw\nse\fo_zip\fo_20190717.csv.zip,ebba676a3d6d712baaa00d2244693963df94446d58fbf6389f62b8a300d274e7,442560.0,492.0,4792.0,164.0,3.0,2026-09-19T10:55:45.058829
20190718,OK,file://data\raw\nse\fo_zip\fo_20190718.csv.zip,ca58aabd9a74ae0a263b2248aaebcdaf09037ff86165376800b205d146b3d296,446832.0,492.0,4794.0,164.0,3.0,2026-09-19T10:55:45.268909
20190719,OK,file://data\raw\nse\fo_zip\fo_20190719.csv.zip,d62786da5297c060c681d85313345ae70496df4c79a6a2573baaec2e933d9ec6,456445.0,492.0,4680.0,164.0,3.0,2026-09-19T10:55:45.478203
20190722,OK,file://data\raw\nse\fo_zip\fo_20190722.csv.zip,d08e56cb340bb0e807a45308e4fda894aa823a19da5f2b594a52a1622f87f188,461705.0,492.0,4824.0,164.0,3.0,2026-09-19T10:55:45.686300
20190723,OK,file://data\raw\nse\fo_zip\fo_20190723.csv.zip,fbfdc7e45f832a5a79a904fb21d4797f6c6fdda06b316e2aeb817e747b8df79e,464772.0,492.0,4934.0,164.0,3.0,2026-09-19T10:55:45.893479
20190724,OK,file://data\raw\nse\fo_zip\fo_20190724.csv.zip,0b342ccddb7ae6545fcc274715fec78c4dce680500de2cddd5aeca48fb191a84,474138.0,492.0,4970.0,164.0,3.0,2026-09-19T10:55:46.108270
20190725,OK,file://data\raw\nse\fo_zip\fo_20190725.csv.zip,bf8e9fbbaef550d040dc0ae37617a4ff2df7d33f957c4289b7c4db7a95b7085f,475369.0,492.0,5022.0,164.0,3.0,2026-09-19T10:55:46.320068
20190726,OK,file://data\raw\nse\fo_zip\fo_20190726.csv.zip,98f9ec83159902b0f4aaecea001d956428e8a507c76c8ab367ef25d80b02d491,411648.0,480.0,4892.0,164.0,3.0,2026-09-19T10:55:46.502001
20190729,OK,file://data\raw\nse\fo_zip\fo_20190729.csv.zip,657928b9e0b6128e5b3f3b5ecbf918285571167dd2c047ea8421723defd658ee,416390.0,480.0,4906.0,164.0,3.0,2026-09-19T10:55:46.705736
20190730,OK,file://data\raw\nse\fo_zip\fo_20190730.csv.zip,9a20d4090d359d1858c90c674c29e42ef995d2001e97159ae2ad67130c2204a0,422787.0,480.0,4926.0,164.0,3.0,2026-09-19T10:55:46.905951
20190731,OK,file://data\raw\nse\fo_zip\fo_20190731.csv.zip,39eeb2047ca2bcac23365e3a9c49be704d17069e5f7800b49441da31ce50a69c,428373.0,480.0,5006.0,164.0,3.0,2026-09-19T10:55:47.088360
20190801,OK,file://data\raw\nse\fo_zip\fo_20190801.csv.zip,8314e18c3d263c21a04179292950f71b391313add33fe50812164bcfcc1a0edd,430094.0,480.0,5010.0,164.0,3.0,2026-09-19T10:55:47.283698
20190802,OK,file://data\raw\nse\fo_zip\fo_20190802.csv.zip,8d9bd32b839a9b7dcc55714d5c0fef57375c09acb85e546a3f72cbfcb1c5690f,431633.0,480.0,4998.0,164.0,3.0,2026-09-19T10:55:47.474777
20190805,OK,file://data\raw\nse\fo_zip\fo_20190805.csv.zip,52d3a27ffb927529db7918ab7be448b93469aab8cab42ddde5880a7ae6b1bb3f,432626.0,480.0,5040.0,164.0,3.0,2026-09-19T10:55:47.664789
20190806,OK,file://data\raw\nse\fo_zip\fo_20190806.csv.zip,3dac07a2f038419bcef09508692b12c1755017f4ea86b5b390583da23c768558,437245.0,480.0,5224.0,164.0,3.0,2026-09-19T10:55:47.867550
20190807,OK,file://data\raw\nse\fo_zip\fo_20190807.csv.zip,ccaec52574bc90bf181a2e8774380ff6ba0bce7889d4799468957d2ffeaf9af1,437668.0,480.0,5224.0,164.0,3.0,2026-09-19T10:55:48.067489
20190808,OK,file://data\raw\nse\fo_zip\fo_20190808.csv.zip,218325592d0278517e0da83974f42c447fa7b7355e263d6850d611a6be233c60,441842.0,480.0,5226.0,164.0,3.0,2026-09-19T10:55:48.356281
20190809,OK,file://data\raw\nse\fo_zip\fo_20190809.csv.zip,b94be8a16ec974b24a7af37e4c851057c541b750ce73e9cfb6e14ab05caec93d,443994.0,480.0,5104.0,164.0,3.0,2026-09-19T10:55:48.595235
20190813,OK,file://data\raw\nse\fo_zip\fo_20190813.csv.zip,01ab36e94e1c6fb3577286f03feaeac6ec5d353a8b5f297480f1bc4eeac57643,445978.0,480.0,5116.0,164.0,3.0,2026-09-19T10:55:48.816853
20190814,OK,file://data\raw\nse\fo_zip\fo_20190814.csv.zip,cb57da37714baacc7ab05e67f3257f0031bb8b83995cfd39b632fedd619a6fd6,445633.0,480.0,5136.0,164.0,3.0,2026-09-19T10:55:49.057402
20190816,OK,file://data\raw\nse\fo_zip\fo_20190816.csv.zip,de4ef791a789128f46a59fcd154a7401955ee4b829bd8796b30f6cbc221f910f,439699.0,480.0,4992.0,164.0,3.0,2026-09-19T10:55:49.286099
20190819,OK,file://data\raw\nse\fo_zip\fo_20190819.csv.zip,1a1ecfd6b5840616cec5c0b64407d4d446975276295b89d7b023a5ae7986b66a,441603.0,480.0,4998.0,164.0,3.0,2026-09-19T10:55:49.577805
20190820,OK,file://data\raw\nse\fo_zip\fo_20190820.csv.zip,f3a66969e90571a8d92789c11a54bdaa3d27922eda30d13cb01b87ae672b3d72,448686.0,480.0,4998.0,164.0,3.0,2026-09-19T10:55:49.805276
20190821,OK,file://data\raw\nse\fo_zip\fo_20190821.csv.zip,a9a2315a11a1e88a99d3255bd0ccf132f42ab6b44de1587bff412512bcc4b502,453646.0,480.0,5002.0,164.0,3.0,2026-09-19T10:55:50.020557
20190822,OK,file://data\raw\nse\fo_zip\fo_20190822.csv.zip,1e6d11d9ded974a1c47e5cfb2e47ef938ed5e920df5e1e508f514f5541615582,463408.0,480.0,5014.0,164.0,3.0,2026-09-19T10:55:50.235101
20190823,OK,file://data\raw\nse\fo_zip\fo_20190823.csv.zip,6f55280d1d7023c1210054c6480c6f6457abd63e69363b3007a62028393fb0bc,470939.0,480.0,5028.0,164.0,3.0,2026-09-19T10:55:50.454041
20190826,OK,file://data\raw\nse\fo_zip\fo_20190826.csv.zip,17cd82c5507a7a4322f31dda950298759e27e413b3612eaf623cf44d7ea26a1f,475366.0,480.0,5040.0,164.0,3.0,2026-09-19T10:55:50.668697
20190827,OK,file://data\raw\nse\fo_zip\fo_20190827.csv.zip,b49ced2b1e1f803c58b5d66d6c1797febe1bee42631bcf0efde91ed9a7c95dee,479561.0,480.0,5072.0,164.0,3.0,2026-09-19T10:55:50.879190
20190828,OK,file://data\raw\nse\fo_zip\fo_20190828.csv.zip,1b56d963158231713eefbba8ff8e3c77eb1abbdffad0adb52596c34ef77b7e87,704834.0,480.0,5078.0,164.0,3.0,2026-09-19T10:55:51.129331
20190829,OK,file://data\raw\nse\fo_zip\fo_20190829.csv.zip,d908b01ff9ab160193426af821fd8d33353c50bf31d6d4e546800295c3d04229,479517.0,480.0,5078.0,164.0,3.0,2026-09-19T10:55:51.341847
20190830,OK,file://data\raw\nse\fo_zip\fo_20190830.csv.zip,0f4072fc37d533b6b4d61cbe3937b6147ffd99e177da7f6de9cdbf2554030a5e,409609.0,467.0,4906.0,164.0,3.0,2026-09-19T10:55:51.531684
20190903,OK,file://data\raw\nse\fo_zip\fo_20190903.csv.zip,3636b117857ca51fe5fb7908ab621f4b82462864603fdf3d9a8395daf4a35fa4,410209.0,467.0,4928.0,164.0,3.0,2026-09-19T10:55:51.719848
20190904,OK,file://data\raw\nse\fo_zip\fo_20190904.csv.zip,a9652198c5eae4550f370b003b0ca66de70a1ac133d4b81e514d1b4909172fa0,411884.0,467.0,4980.0,164.0,3.0,2026-09-19T10:55:51.919451
20190905,OK,file://data\raw\nse\fo_zip\fo_20190905.csv.zip,2a3e701a82e462bc5b1cc81743314ec3153d828136b1e76362e7322eb80ba8e5,411135.0,467.0,4980.0,164.0,3.0,2026-09-19T10:55:52.107716
20190906,OK,file://data\raw\nse\fo_zip\fo_20190906.csv.zip,f0198c1fc479eac98c96f393220551a1b960a9be574e6a63337ec19c4edb76be,409280.0,467.0,4822.0,164.0,3.0,2026-09-19T10:55:52.292249
20190909,OK,file://data\raw\nse\fo_zip\fo_20190909.csv.zip,3fa68c1be653408f9c14781b8159578d92a96da11ac4def59dc71a770ae4cf3c,409417.0,467.0,4832.0,164.0,3.0,2026-09-19T10:55:52.481340
20190911,OK,file://data\raw\nse\fo_zip\fo_20190911.csv.zip,5719b2fceedcf1c29d281602c95d011194c12e4da17f8b0cf4df17d887724e68,412850.0,467.0,4844.0,164.0,3.0,2026-09-19T10:55:52.672249
20190912,OK,file://data\raw\nse\fo_zip\fo_20190912.csv.zip,d3c916c1e2250f622d80abf313495fd3ac7845bd3bad722617b76d13679d1d40,413601.0,467.0,4868.0,164.0,3.0,2026-09-19T10:55:52.880033
20190913,OK,file://data\raw\nse\fo_zip\fo_20190913.csv.zip,7931ba2e204e560fdda991123e49211ff0df2cb9abe19cec1df8937d102ce14d,412215.0,467.0,4740.0,164.0,3.0,2026-09-19T10:55:53.074362
20190916,OK,file://data\raw\nse\fo_zip\fo_20190916.csv.zip,c441b3d27e877047dda06fd08a4467cdaf095d57948eb05cdf10887f0af0806e,413186.0,467.0,4768.0,164.0,3.0,2026-09-19T10:55:53.293280
20190917,OK,file://data\raw\nse\fo_zip\fo_20190917.csv.zip,3c605383274655db8b98cf77f32231ccb8c1b3a383265391da9eeb2363ccca0d,419064.0,467.0,4768.0,164.0,3.0,2026-09-19T10:55:53.485805
20190918,OK,file://data\raw\nse\fo_zip\fo_20190918.csv.zip,86061c1aab4b73bfcb3d21134f20978f3d984a56d572a21506b69712a57ea5b8,418713.0,467.0,4792.0,164.0,3.0,2026-09-19T10:55:53.670172
20190919,OK,file://data\raw\nse\fo_zip\fo_20190919.csv.zip,451d8198a8c6b6c5b81745d4a25fac4fb108a4dac7aa00a3d35172822ce28d0e,421339.0,467.0,4792.0,164.0,3.0,2026-09-19T10:55:53.856665
20190920,OK,file://data\raw\nse\fo_zip\fo_20190920.csv.zip,fa3b8d2c8e4cf7154d7cff4231f5712aec2224fe09a57602097c17a084ee9f3b,449002.0,467.0,4710.0,164.0,3.0,2026-09-19T10:55:54.048025
20190923,OK,file://data\raw\nse\fo_zip\fo_20190923.csv.zip,de998e9274d3add2ebd42e995c8e7fe7c2a14c863fe10b1ec8e2b41472e2dd4e,452954.0,467.0,4930.0,164.0,3.0,2026-09-19T10:55:54.256612
20190924,OK,file://data\raw\nse\fo_zip\fo_20190924.csv.zip,00d8d2fd54bf4004ce589acf2c1dcd8d79e9f18ae15c65f2bb470d4468d58f4a,460795.0,467.0,5418.0,164.0,3.0,2026-09-19T10:55:54.547565
20190925,OK,file://data\raw\nse\fo_zip\fo_20190925.csv.zip,e6ffc712a3cb5bb13ca1c8a4350637bdeeeed01c4a2f0d0c73069f4b0278f2ad,461516.0,467.0,5418.0,164.0,3.0,2026-09-19T10:55:54.792934
20190926,OK,file://data\raw\nse\fo_zip\fo_20190926.csv.zip,b1f59c70b7f36a9ff3c171a753fbf1c242d09fcae505fe659db04e519ccf774d,465031.0,467.0,5418.0,164.0,3.0,2026-09-19T10:55:55.016027
20190927,OK,file://data\raw\nse\fo_zip\fo_20190927.csv.zip,3150f310951de1810597da9f64c0b8d303271aca433c2a77ca78b5a83f2fed9d,407990.0,453.0,5236.0,152.0,3.0,2026-09-19T10:55:55.210082
20190930,OK,file://data\raw\nse\fo_zip\fo_20190930.csv.zip,334f621d0d7c03f20eaed39606f9f9c4addc43b64b7f57a73aed866aa9b424eb,416901.0,453.0,5242.0,152.0,3.0,2026-09-19T10:55:55.402049
20191001,OK,file://data\raw\nse\fo_zip\fo_20191001.csv.zip,99ac99d4c2e3f5801674d123dc559a05a6bcc5c1651af330847a7a29b10c4a7a,423195.0,453.0,5264.0,152.0,3.0,2026-09-19T10:55:55.595959
20191003,OK,file://data\raw\nse\fo_zip\fo_20191003.csv.zip,d40e31634316ba967dc4a2751a77e74f4de370aa4fb3d07a1236fefa382f0953,421030.0,453.0,5276.0,152.0,3.0,2026-09-19T10:55:55.790988
20191004,OK,file://data\raw\nse\fo_zip\fo_20191004.csv.zip,3ac480cfbb8c7bbb4ab22325e87c2b2dbe0d2fa922f2e2d553b0588d581a7f13,420537.0,453.0,5152.0,152.0,3.0,2026-09-19T10:55:55.993804
20191007,OK,file://data\raw\nse\fo_zip\fo_20191007.csv.zip,80ef551fb712a88d1d4c6e36a205c30d3210daaf95546e52c5eb4fba1c6b86ab,421545.0,453.0,5192.0,152.0,3.0,2026-09-19T10:55:56.204058
20191009,OK,file://data\raw\nse\fo_zip\fo_20191009.csv.zip,7ac9d38639a0dd0ff07f537df38f3090ca0d4a4e239fc2cacd5e42eca146f958,427206.0,453.0,5196.0,152.0,3.0,2026-09-19T10:55:56.389748
20191010,OK,file://data\raw\nse\fo_zip\fo_20191010.csv.zip,817f650fa8a8460aa5bce1706b2dcdacdbd6e9a40f00c3edcd4b1bb15aea6538,422966.0,453.0,5208.0,152.0,3.0,2026-09-19T10:55:56.606294
20191011,OK,file://data\raw\nse\fo_zip\fo_20191011.csv.zip,4ce6a54d6e1330343a980ad3e97e7beb8a719a11d83238052110f8a4f7fb12d7,421658.0,453.0,5076.0,152.0,3.0,2026-09-19T10:55:56.815637
20191014,OK,file://data\raw\nse\fo_zip\fo_20191014.csv.zip,270239e9dcb3facfebf094187b3af25aeb7fa40e7c3c842205f81fcda9702eb8,422665.0,453.0,5082.0,152.0,3.0,2026-09-19T10:55:57.007296
20191015,OK,file://data\raw\nse\fo_zip\fo_20191015.csv.zip,e603a35449d1df8064f2132796c46e1cebe93b0c3c9ba4b50ddb66ef3f345210,424805.0,453.0,5090.0,152.0,3.0,2026-09-19T10:55:57.198588
20191016,OK,file://data\raw\nse\fo_zip\fo_20191016.csv.zip,2b7c950e344b329900cc23e8f2f8c853bc1c948b19f6b2ba3f0f9e062c5db1c6,423737.0,453.0,5106.0,152.0,3.0,2026-09-19T10:55:57.391535
20191017,OK,file://data\raw\nse\fo_zip\fo_20191017.csv.zip,8c8a3553619c3306c50151d2c3092980644391e1ab4b0d76fa4374e68ad67a59,427583.0,453.0,5106.0,152.0,3.0,2026-09-19T10:55:57.588891
20191018,OK,file://data\raw\nse\fo_zip\fo_20191018.csv.zip,46e3ec36459880a97d598a88f38384aaa0c992ae0693f99460879df6640acb99,431726.0,453.0,4998.0,152.0,3.0,2026-09-19T10:55:57.783225
20191022,OK,file://data\raw\nse\fo_zip\fo_20191022.csv.zip,6391c202e3bbbb0760b337b599b67672a4fef0636abfb3a418106bacf5d71c58,435521.0,453.0,5032.0,152.0,3.0,2026-09-19T10:55:57.971312
20191023,OK,file://data\raw\nse\fo_zip\fo_20191023.csv.zip,fa9e0e764a145c94520076fcbe7258c098a58620aa7559f95c5354cb19788087,436944.0,453.0,5122.0,152.0,3.0,2026-09-19T10:55:58.168775
20191024,OK,file://data\raw\nse\fo_zip\fo_20191024.csv.zip,dcbb7b8dab8d22d92958982de0880a62c8dc3c3a89f739f3f88c0f86e215af72,439676.0,453.0,5128.0,152.0,3.0,2026-09-19T10:55:58.371175
20191025,OK,file://data\raw\nse\fo_zip\fo_20191025.csv.zip,8fe7cc86049338a45562646ff29cb3ea23cab5ad64b728f03049c0032a2a0c87,447123.0,453.0,4988.0,152.0,3.0,2026-09-19T10:55:58.558457
20191029,OK,file://data\raw\nse\fo_zip\fo_20191029.csv.zip,ecc087bae33c57f989c4346cdd855283735b23eca34adba31f19ea23181dce2b,458497.0,453.0,5002.0,152.0,3.0,2026-09-19T10:55:58.752959
20191030,OK,file://data\raw\nse\fo_zip\fo_20191030.csv.zip,076f0213a74b0b885866d00e5d2c3f65e75e03ac859b505ab43244c262cb0a35,466930.0,453.0,5096.0,152.0,3.0,2026-09-19T10:55:58.964364
20191031,OK,file://data\raw\nse\fo_zip\fo_20191031.csv.zip,f62623f5e1799fd438678c2ad8cdd0d255540428b3d1ddea7cf29556d96aa149,463526.0,453.0,5128.0,152.0,3.0,2026-09-19T10:55:59.165075
20191101,OK,file://data\raw\nse\fo_zip\fo_20191101.csv.zip,5b5d1de518ca573d3f4865c17c525075bcf9a5b9826559a481503ec0cd52cb5f,399486.0,448.0,5028.0,151.0,3.0,2026-09-19T10:55:59.350122
20191104,OK,file://data\raw\nse\fo_zip\fo_20191104.csv.zip,f2cc1741d4e4d9a960cc2e62c551e9b2d601822e4b5aa23794706d70554a5a9c,403897.0,448.0,5054.0,151.0,3.0,2026-09-19T10:55:59.605304
20191105,OK,file://data\raw\nse\fo_zip\fo_20191105.csv.zip,30bddfe58470935f46aaa4159542ca7569892bda7108c743685a7b327fddea2d,403735.0,448.0,5074.0,151.0,3.0,2026-09-19T10:55:59.845210
20191106,OK,file://data\raw\nse\fo_zip\fo_20191106.csv.zip,cd41b9796f8902d4e32fee12030d5bd5b61a52ad50a755564d278f162db9d39b,405969.0,448.0,5074.0,151.0,3.0,2026-09-19T10:56:00.037274
20191107,OK,file://data\raw\nse\fo_zip\fo_20191107.csv.zip,ca5a1cc9283954d5612749a6dfa3ff16c66edbbeddc518ddb65568c89772be94,406598.0,448.0,5114.0,151.0,3.0,2026-09-19T10:56:00.234200
20191108,OK,file://data\raw\nse\fo_zip\fo_20191108.csv.zip,cbb1ade8ccd319005566078742dc925a6e8f120fcc3024137e5764254ac90e39,408121.0,448.0,4978.0,151.0,3.0,2026-09-19T10:56:00.427338
20191111,OK,file://data\raw\nse\fo_zip\fo_20191111.csv.zip,6149f7f8290f3e6a4bbde334f0ea4b34650b4e664e7288e2d48307cfe1c480c8,405874.0,448.0,5008.0,151.0,3.0,2026-09-19T10:56:00.615537
20191113,OK,file://data\raw\nse\fo_zip\fo_20191113.csv.zip,0c6d524331b3cdd57bc3edd39ce8619801b3934f5ceee7f10e0dc2b504fb07f3,411807.0,448.0,5092.0,151.0,3.0,2026-09-19T10:56:00.820047
20191114,OK,file://data\raw\nse\fo_zip\fo_20191114.csv.zip,23b4e1b3d7ed892242f5768a2ee6ca491298fe9aa47762b408c19888e3575e3a,412331.0,448.0,5102.0,151.0,3.0,2026-09-19T10:56:01.050767
20191115,OK,file://data\raw\nse\fo_zip\fo_20191115.csv.zip,79018a3701c636bf3a699dcb5e6d11b889dc158a0695817d440d5719927ed729,412749.0,448.0,5220.0,151.0,3.0,2026-09-19T10:56:01.319914
20191118,OK,file://data\raw\nse\fo_zip\fo_20191118.csv.zip,4a751bfb6ec4e327fe37191232bcb859a7f8727d5f9a8c41681dd43a9139d26c,413301.0,448.0,5284.0,151.0,3.0,2026-09-19T10:56:01.557377
20191119,OK,file://data\raw\nse\fo_zip\fo_20191119.csv.zip,ab41b1b284d7a46f3a644da095507d62a0e1589be15cdd1e5dbffcc0ea102e1b,417088.0,448.0,5284.0,151.0,3.0,2026-09-19T10:56:01.842581
20191120,OK,file://data\raw\nse\fo_zip\fo_20191120.csv.zip,cc2d832af289da125b3d9925304e054aedfd4aaaa9c5093ea80d701df4f82285,423048.0,448.0,5326.0,151.0,3.0,2026-09-19T10:56:02.086114
20191121,OK,file://data\raw\nse\fo_zip\fo_20191121.csv.zip,1196007995c615367a6f498442cbe127ce9b73badc46d184c800f9bafaae342e,424309.0,448.0,5368.0,151.0,3.0,2026-09-19T10:56:02.329750
20191122,OK,file://data\raw\nse\fo_zip\fo_20191122.csv.zip,88406af88f5f5e3a8b4a6cf784df5acd8a502f53d2655655a73e96bfc1192553,426246.0,448.0,5234.0,151.0,3.0,2026-09-19T10:56:02.584659
20191125,OK,file://data\raw\nse\fo_zip\fo_20191125.csv.zip,86b216f14a8680857c3eec9125af8cb6c58694823c02df9c4516d14246cd8e4d,429635.0,448.0,5260.0,151.0,3.0,2026-09-19T10:56:02.844440
20191126,OK,file://data\raw\nse\fo_zip\fo_20191126.csv.zip,1d2e624a5483eb631885a671103e589125f2f321076fc07348a262f492d189a6,436825.0,448.0,5328.0,151.0,3.0,2026-09-19T10:56:03.064126
20191127,OK,file://data\raw\nse\fo_zip\fo_20191127.csv.zip,33fbad883554e4f526e6c84bbfeb239ac50b2ffe3813fa2d37e11997f14432eb,436753.0,448.0,5356.0,151.0,3.0,2026-09-19T10:56:03.264932
20191128,OK,file://data\raw\nse\fo_zip\fo_20191128.csv.zip,c8f056ec717db27491541c92f0f898c9843b533c07f3b27309e0992bc5c304c2,434268.0,448.0,5414.0,151.0,3.0,2026-09-19T10:56:03.459248
20191129,OK,file://data\raw\nse\fo_zip\fo_20191129.csv.zip,8c30bc134dcff7ec28e52f967142e1817a3e530b3470640b6a54c2a6a23512e2,379969.0,440.0,5334.0,150.0,3.0,2026-09-19T10:56:03.632348
20191202,OK,file://data\raw\nse\fo_zip\fo_20191202.csv.zip,cf29fe325d767b60a6a49269e6b0dee8ff6e9b9ad9491d3b8671706243f5c299,377223.0,440.0,5344.0,150.0,3.0,2026-09-19T10:56:03.812080
20191203,OK,file://data\raw\nse\fo_zip\fo_20191203.csv.zip,739daa460b1506ac1b2ce537b2ec7cc409ddac60afec86ce8334760e725bf361,378613.0,440.0,5346.0,150.0,3.0,2026-09-19T10:56:04.010295
20191204,OK,file://data\raw\nse\fo_zip\fo_20191204.csv.zip,b30e4628463702ec3fd17b1e1012ef702179942370b6745a5118bda49e4e727e,380580.0,440.0,5354.0,150.0,3.0,2026-09-19T10:56:04.247199
20191205,OK,file://data\raw\nse\fo_zip\fo_20191205.csv.zip,51d049b191466ba76dca0f52a83fd8b0965722662abcb156ce4b95446997b202,380218.0,440.0,5356.0,150.0,3.0,2026-09-19T10:56:04.458313
20191206,OK,file://data\raw\nse\fo_zip\fo_20191206.csv.zip,12e46e20e0cf39e85ceee87e3a07856c8a2494511180593d01cd0143844ebdfd,383981.0,440.0,5244.0,150.0,3.0,2026-09-19T10:56:04.641344
20191209,OK,file://data\raw\nse\fo_zip\fo_20191209.csv.zip,758910fc5f76e39a8ad321ce12fe105ddd77b7af84a9a4142e0f7b4f1d17b8f1,382322.0,440.0,5268.0,150.0,3.0,2026-09-19T10:56:04.828856
20191210,OK,file://data\raw\nse\fo_zip\fo_20191210.csv.zip,1e46f6469e980f285adf0b7781e5ddce6b210f250e3bee995063e4d3d2075e2d,384182.0,440.0,5270.0,150.0,3.0,2026-09-19T10:56:05.026464
20191211,OK,file://data\raw\nse\fo_zip\fo_20191211.csv.zip,9ed9eacecbf2da0422140b8bfdc77276212807d41a36daf2ef892e09fc7399a6,385506.0,440.0,5286.0,150.0,3.0,2026-09-19T10:56:05.225724
20191212,OK,file://data\raw\nse\fo_zip\fo_20191212.csv.zip,522eaac90e733c19bfa36eaf3314ba333d67c8bbe7c7184e1585c4ee4edc2744,384692.0,440.0,5286.0,150.0,3.0,2026-09-19T10:56:05.404312
20191213,OK,file://data\raw\nse\fo_zip\fo_20191213.csv.zip,179fef5378208a1d3d47d58a5a4cdfe15673715fedbbf6f97bca0711cffc961c,387483.0,440.0,5178.0,150.0,3.0,2026-09-19T10:56:05.585350
20191216,OK,file://data\raw\nse\fo_zip\fo_20191216.csv.zip,10e4fced060b8fac7b1d1e843a4ecaf20ac596cf3c74010862b8e3b10963d857,386061.0,440.0,5204.0,150.0,3.0,2026-09-19T10:56:05.768034
20191217,OK,file://data\raw\nse\fo_zip\fo_20191217.csv.zip,5be05bb31db3d03655d845076fb335685eca18cf7392d8279c29659fb5767da4,389872.0,440.0,5206.0,150.0,3.0,2026-09-19T10:56:05.970001
20191218,OK,file://data\raw\nse\fo_zip\fo_20191218.csv.zip,5eebc3d23925399c6f63fe30d058ae0de20ada1ef9859382ba953503ed8e540f,393885.0,440.0,5236.0,150.0,3.0,2026-09-19T10:56:06.164688
20191219,OK,file://data\raw\nse\fo_zip\fo_20191219.csv.zip,ba239545d11be6bc075d1970241707f93ef87a8b06fa6050762d7b6c2831c244,394737.0,440.0,5294.0,150.0,3.0,2026-09-19T10:56:06.357672
20191220,OK,file://data\raw\nse\fo_zip\fo_20191220.csv.zip,bcd08d7f7a709cf549342748bffb70536062fc03d00075747e5737fe539c4837,400394.0,440.0,5272.0,150.0,3.0,2026-09-19T10:56:06.537984
20191223,OK,file://data\raw\nse\fo_zip\fo_20191223.csv.zip,a802624c9d178f3ba6775f0a61e34a2838afa4941fdb2f0278788697695ae1f6,402978.0,440.0,5312.0,150.0,3.0,2026-09-19T10:56:06.721199
20191224,OK,file://data\raw\nse\fo_zip\fo_20191224.csv.zip,28824ba03a96493dc98852ba0998288b93ea09d1db3674b90387f950a18c4c49,406543.0,440.0,5332.0,150.0,3.0,2026-09-19T10:56:06.915176
20191226,OK,file://data\raw\nse\fo_zip\fo_20191226.csv.zip,b89959390a03917539ff7dbd177c0a9849c6e39030e57fb637534ab8c68bbc7f,404115.0,440.0,5334.0,150.0,3.0,2026-09-19T10:56:07.115498
20191227,OK,file://data\raw\nse\fo_zip\fo_20191227.csv.zip,941ef0984c1ea932cf630c4e92f27f8e59249b707d795aabaf3f379eb944bdf9,357619.0,433.0,5128.0,147.0,3.0,2026-09-19T10:56:07.308436
20191230,OK,file://data\raw\nse\fo_zip\fo_20191230.csv.zip,e13697255f2e71eff8ce2c8f80bfa945fed72760c50c81ac9d384dcf718311d2,359549.0,433.0,5142.0,147.0,3.0,2026-09-19T10:56:07.506021
20191231,OK,file://data\raw\nse\fo_zip\fo_20191231.csv.zip,0e3b62cb2af7fd30589b26f75d96c72218d85489349185764dd47ac21ba8c0fd,361686.0,433.0,5144.0,147.0,3.0,2026-09-19T10:56:07.685515
20200101,OK,file://data\raw\nse\fo_zip\fo_20200101.csv.zip,6ca001c8d55777c1f8ef711409aa0d71a840dc9b4a500ca5b9fc896ba624fd02,358799.0,433.0,5144.0,147.0,3.0,2026-09-19T10:56:07.865545
20200102,OK,file://data\raw\nse\fo_zip\fo_20200102.csv.zip,e551d6e7115344cc7e205a6a678eb962bcbc981cbbb7d417bf179c78c8d54243,366460.0,433.0,5144.0,147.0,3.0,2026-09-19T10:56:08.038332
20200103,OK,file://data\raw\nse\fo_zip\fo_20200103.csv.zip,4f4c78fc9ed827d8291bedd154cd52876036e4e8dfdb63116fe571f24d04829e,368624.0,433.0,5074.0,147.0,3.0,2026-09-19T10:56:08.243940
20200106,OK,file://data\raw\nse\fo_zip\fo_20200106.csv.zip,ca590fe8069cbf264091004365149aeba886c965ae19fd345ec93dce0eacdf1a,374980.0,433.0,5088.0,147.0,3.0,2026-09-19T10:56:08.466905
20200107,OK,file://data\raw\nse\fo_zip\fo_20200107.csv.zip,7394add3bbfe47d3a026a3eb3ec0f74008f5420eaae34c8885b3529753d4c9ea,375578.0,433.0,5168.0,147.0,3.0,2026-09-19T10:56:08.717580
20200108,OK,file://data\raw\nse\fo_zip\fo_20200108.csv.zip,fe608916a721ade91cc68ab4f0be6c301ef56da4beb340d41d9accdf66274017,376552.0,433.0,5168.0,147.0,3.0,2026-09-19T10:56:09.036329
20200109,OK,file://data\raw\nse\fo_zip\fo_20200109.csv.zip,4d5f4c793fbeb761214e56b89846458d21b1496acf89f3641c65e95ce111c3d5,379529.0,433.0,5188.0,147.0,3.0,2026-09-19T10:56:09.258318
20200110,OK,file://data\raw\nse\fo_zip\fo_20200110.csv.zip,5ff2cdc6af80ceb2d9228e860ed2820a1d49c92d7cdf942dfd26a98a535ba9fe,377831.0,433.0,5114.0,147.0,3.0,2026-09-19T10:56:09.479947
20200113,OK,file://data\raw\nse\fo_zip\fo_20200113.csv.zip,2ee2257a638fd5aae43e63ee40c51fec813d2ad35abceb31ceae6d49b4a6f5ad,376240.0,433.0,5118.0,147.0,3.0,2026-09-19T10:56:09.721599
20200114,OK,file://data\raw\nse\fo_zip\fo_20200114.csv.zip,e9702c3d8125a8f0d80e2f90708e5d62f38592a3619a082f733936b6fd41bcd2,381877.0,433.0,5182.0,147.0,3.0,2026-09-19T10:56:09.943807
20200115,OK,file://data\raw\nse\fo_zip\fo_20200115.csv.zip,b8a9f3ca845f09e0812ad34dcd7068e715360b84fca3553857a30bcf1a8170cb,386444.0,433.0,5244.0,147.0,3.0,2026-09-19T10:56:10.146450
20200116,OK,file://data\raw\nse\fo_zip\fo_20200116.csv.zip,40f8494aa30804bf170ab8f85bc268667c9f8e9b07a2c7ec0ac44c05a2fb1031,388540.0,433.0,5250.0,147.0,3.0,2026-09-19T10:56:10.338577
20200117,OK,file://data\raw\nse\fo_zip\fo_20200117.csv.zip,eec561a57cb2594b087fedf4dccd0d2ce400da64671198e6f730d0e5f354704a,388956.0,433.0,5166.0,147.0,3.0,2026-09-19T10:56:10.523247
20200120,OK,file://data\raw\nse\fo_zip\fo_20200120.csv.zip,eeb156b236963cd0872b71e487336a2c76020bd9028839451205ab9c531e85db,394533.0,433.0,5176.0,147.0,3.0,2026-09-19T10:56:10.715326
20200121,OK,file://data\raw\nse\fo_zip\fo_20200121.csv.zip,97a5170bfd2223f0abcdb7942dd0b1593e14be90098af90581ba609b53dc94c8,396076.0,433.0,5218.0,147.0,3.0,2026-09-19T10:56:10.895902
20200122,OK,file://data\raw\nse\fo_zip\fo_20200122.csv.zip,649262d86a870941447f78d91ca3bdc59717e16ee7419347a76c08c6a6c52ef0,399901.0,433.0,5258.0,147.0,3.0,2026-09-19T10:56:11.094334
20200123,OK,file://data\raw\nse\fo_zip\fo_20200123.csv.zip,0fe92ee200d5c1d9d72381fcbeeab6183c7d61424c26f374d71e182f68218bb4,403437.0,433.0,5298.0,147.0,3.0,2026-09-19T10:56:11.282770
20200124,OK,file://data\raw\nse\fo_zip\fo_20200124.csv.zip,0c545b4d41d409d94853641271ace27438bd36684300a57539490e6dccb5d73f,408601.0,433.0,5232.0,147.0,3.0,2026-09-19T10:56:11.467675
20200127,OK,file://data\raw\nse\fo_zip\fo_20200127.csv.zip,26321d471a0ced0d1594da81389da06a33d38f14269d578672c8027bcf25b651,413073.0,433.0,5238.0,147.0,3.0,2026-09-19T10:56:11.652150
20200128,OK,file://data\raw\nse\fo_zip\fo_20200128.csv.zip,27d64ad0ae06b3e1f2660341f2cc055edba7336cd7ef9a0708a19bf33d72b2c8,417660.0,433.0,5248.0,147.0,3.0,2026-09-19T10:56:11.888005
20200129,OK,file://data\raw\nse\fo_zip\fo_20200129.csv.zip,2f13c1fce37c60ca53dc91d9484356bd68b9c8d9d0b70dcedbee711cad8c3c07,420162.0,433.0,5254.0,147.0,3.0,2026-09-19T10:56:12.098006
20200130,OK,file://data\raw\nse\fo_zip\fo_20200130.csv.zip,b7d08afe6b87e73d7150a5bcceaef1db75b7d83fbdfee7ed90b4e6bda6f898f2,418564.0,433.0,5254.0,147.0,3.0,2026-09-19T10:56:12.333612
20200131,OK,file://data\raw\nse\fo_zip\fo_20200131.csv.zip,3219f77da453767c7953ac8b2f13490cf119f878e09de2ddc0449ca04f5d4811,367088.0,429.0,5190.0,143.0,3.0,2026-09-19T10:56:12.566771
20200203,OK,file://data\raw\nse\fo_zip\fo_20200203.csv.zip,579fbd936d504cdd0577666e2ec1a2c2afc9d82e8d8d23f87696b95140069c2d,383239.0,429.0,5498.0,143.0,3.0,2026-09-19T10:56:12.761757
20200204,OK,file://data\raw\nse\fo_zip\fo_20200204.csv.zip,70ed2a093ad73a58d7eadaccf8349ad18aceaf7ffce8a9169756047d8d46d62c,382040.0,429.0,5498.0,143.0,3.0,2026-09-19T10:56:12.945897
20200205,OK,file://data\raw\nse\fo_zip\fo_20200205.csv.zip,224ee79be75dfd04dd697835e2be9fa9a6abfdfe0675ba79e850e73e32c5b188,384069.0,429.0,5500.0,143.0,3.0,2026-09-19T10:56:13.134685
20200206,OK,file://data\raw\nse\fo_zip\fo_20200206.csv.zip,21790e236addb3a97b3a4ae5ce307c83de68a84bc4945c77bff03deb57a2cec8,385910.0,429.0,5506.0,143.0,3.0,2026-09-19T10:56:13.309500
20200207,OK,file://data\raw\nse\fo_zip\fo_20200207.csv.zip,200123d66515bba9e8d2f5ba72570c43e21d18fb4ce1b6a46e1f58dfd573f2d1,381653.0,429.0,5404.0,143.0,3.0,2026-09-19T10:56:13.482061
20200210,OK,file://data\raw\nse\fo_zip\fo_20200210.csv.zip,2a2cf2f5fa15dbc2c6917c631dd7acbb2badddf0e68ff4e5f6cb18ca8952bb0e,383107.0,429.0,5412.0,143.0,3.0,2026-09-19T10:56:13.652393
20200211,OK,file://data\raw\nse\fo_zip\fo_20200211.csv.zip,4927b63a870cf041a114c7cc8a2cb8082066cd3b72732bd8c99b4398f4566535,384161.0,429.0,5416.0,143.0,3.0,2026-09-19T10:56:13.833360
20200212,OK,file://data\raw\nse\fo_zip\fo_20200212.csv.zip,7405bd9ea4dce3df2e5c6a34591a387525a80a69a237f880c926f9508e74f4c1,386873.0,429.0,5416.0,143.0,3.0,2026-09-19T10:56:14.011154
20200213,OK,file://data\raw\nse\fo_zip\fo_20200213.csv.zip,afa40c37b7b013d8648a81456cb040bf965f2d4201b78fa9b9adb9bb88bd2753,385622.0,429.0,5432.0,143.0,3.0,2026-09-19T10:56:14.203583
20200214,OK,file://data\raw\nse\fo_zip\fo_20200214.csv.zip,c9fa7984195b29222aa2c8ff394e3fea882a6f0ac5fd682dc75d675dba8a6b9e,387929.0,429.0,5358.0,143.0,3.0,2026-09-19T10:56:14.413789
20200217,OK,file://data\raw\nse\fo_zip\fo_20200217.csv.zip,44230d98892a702e237d7a7a8baa6ee8fcd5431430a273cc9fdfeb2f8760d1c9,390959.0,429.0,5376.0,143.0,3.0,2026-09-19T10:56:14.647127
20200218,OK,file://data\raw\nse\fo_zip\fo_20200218.csv.zip,fead66d8113f837625be9f8f3a3323a80132767d15900b2f4b3802a3ef3440e1,398244.0,429.0,5382.0,143.0,3.0,2026-09-19T10:56:14.852772
20200219,OK,file://data\raw\nse\fo_zip\fo_20200219.csv.zip,072025f19f699a3487843fc72e67ac38d729ff0f12724a933e5d6e6083a6d753,404939.0,429.0,5390.0,143.0,3.0,2026-09-19T10:56:15.049228
20200220,OK,file://data\raw\nse\fo_zip\fo_20200220.csv.zip,6b67bdc4cf32870da1be9db2686b8cd17435ad3fa90ae561b464e505493bb419,408902.0,429.0,5410.0,143.0,3.0,2026-09-19T10:56:15.238085
20200224,OK,file://data\raw\nse\fo_zip\fo_20200224.csv.zip,6f85bd6a3e557fd1834e1cdab6180794df1f9cfcfe3372c0f3749b6e763b91f0,415592.0,429.0,5308.0,143.0,3.0,2026-09-19T10:56:15.420323
20200225,OK,file://data\raw\nse\fo_zip\fo_20200225.csv.zip,142db5421d755b49a5326c5923a30233ab8a00a2529e707c5d7b0003436fc54d,419434.0,429.0,5346.0,143.0,3.0,2026-09-19T10:56:15.606482
20200226,OK,file://data\raw\nse\fo_zip\fo_20200226.csv.zip,f1d3e4541847d52a240d1b172ac07dec22b90506b35488e7381541c477314cbc,426760.0,429.0,5358.0,143.0,3.0,2026-09-19T10:56:15.800303
20200227,OK,file://data\raw\nse\fo_zip\fo_20200227.csv.zip,2e72b5204f8e1b5ef0af09aaaf71720b37537f8d828bd9ad0bf6c24d5560c1ad,429149.0,429.0,5386.0,143.0,3.0,2026-09-19T10:56:15.986034
20200228,OK,file://data\raw\nse\fo_zip\fo_20200228.csv.zip,8889eb2cf45e2fb94febc478e42582c9c8e8106dbf8d8289a3f79031b30e44c7,376186.0,437.0,5294.0,146.0,3.0,2026-09-19T10:56:16.156163
20200302,OK,file://data\raw\nse\fo_zip\fo_20200302.csv.zip,f71b9a7cb54cde09f7a43a3c776f77f059acf5a95e13ea4e939933b8b98decc3,390570.0,437.0,5804.0,146.0,3.0,2026-09-19T10:56:16.332868
20200303,OK,file://data\raw\nse\fo_zip\fo_20200303.csv.zip,2bddb2c4db9a187df9652768e7d3d048fc99a12f62a4981e297ac637eef9e376,390913.0,437.0,5866.0,146.0,3.0,2026-09-19T10:56:16.549558
20200304,OK,file://data\raw\nse\fo_zip\fo_20200304.csv.zip,8c3d60a169e4a8bf3c7703705b13ef6a8c1af61cebc944d389dbca7c4848d859,394083.0,437.0,5866.0,146.0,3.0,2026-09-19T10:56:16.732020
20200305,OK,file://data\raw\nse\fo_zip\fo_20200305.csv.zip,905716d26819408616732523f28e43cbec8504678e098b219cfb324cfe2f7b1f,394774.0,437.0,5906.0,146.0,3.0,2026-09-19T10:56:16.916971
20200306,OK,file://data\raw\nse\fo_zip\fo_20200306.csv.zip,cdca8608655df3e168751669ad347f65d804504963b309fdce2631da4b114d5e,394815.0,437.0,5752.0,146.0,3.0,2026-09-19T10:56:17.097650
20200309,OK,file://data\raw\nse\fo_zip\fo_20200309.csv.zip,6d2072e194ab1f84d672c18887de9b41eae886f09576007964119ce495bf311d,407189.0,437.0,6002.0,146.0,3.0,2026-09-19T10:56:17.276255
20200311,OK,file://data\raw\nse\fo_zip\fo_20200311.csv.zip,53f53975e3bab0cabfdf41104d397bdf554777bae5fd1ce6b09d1be98a437645,420230.0,437.0,6568.0,146.0,3.0,2026-09-19T10:56:17.458692
20200312,OK,file://data\raw\nse\fo_zip\fo_20200312.csv.zip,8c9c93e574fb9012d9f113e0f8567af314ab24980bc0e2ec8c54823881657616,442043.0,437.0,6608.0,146.0,3.0,2026-09-19T10:56:17.646565
20200313,OK,file://data\raw\nse\fo_zip\fo_20200313.csv.zip,e55bea3d65b45291bd65044535b3e0639a5ea2feb6b55d2bdbcbd36c3fd40424,466467.0,437.0,7440.0,146.0,3.0,2026-09-19T10:56:17.866953
20200316,OK,file://data\raw\nse\fo_zip\fo_20200316.csv.zip,cc7ba7c6e52089fcb1d467f9d3486034c6a3d2953da693fb80322c485556c8fb,464159.0,437.0,7480.0,146.0,3.0,2026-09-19T10:56:18.092689
20200317,OK,file://data\raw\nse\fo_zip\fo_20200317.csv.zip,a08ac606f979269252fda1fd1028832a34c40efe2502438d7f82943c88956607,485145.0,437.0,8054.0,146.0,3.0,2026-09-19T10:56:18.308603
20200318,OK,file://data\raw\nse\fo_zip\fo_20200318.csv.zip,f94b3d1fe382649809a1e81296437711c83ced7a188befc811850cfc00754732,496569.0,437.0,8442.0,146.0,3.0,2026-09-19T10:56:18.527549
20200319,OK,file://data\raw\nse\fo_zip\fo_20200319.csv.zip,4ca37c2f250a7cf615e908c04c150682e80bee4e690e57b0c2d37b8212bafcfd,513979.0,437.0,9092.0,146.0,3.0,2026-09-19T10:56:18.773351
20200320,OK,file://data\raw\nse\fo_zip\fo_20200320.csv.zip,a4da7b578e54c372df9fd0bd72c2ac3c43c2d7dfce3eb317fe122216e0ce6940,522135.0,437.0,8890.0,146.0,3.0,2026-09-19T10:56:19.032614
20200323,OK,file://data\raw\nse\fo_zip\fo_20200323.csv.zip,ce4426b78869b3c0e806b5c616c0e59e52f9770b671a562a64821bbc4801e5ac,514442.0,437.0,8936.0,146.0,3.0,2026-09-19T10:56:19.354344
20200324,OK,file://data\raw\nse\fo_zip\fo_20200324.csv.zip,776654904593093a93f547ec636b11ab90021b513054fc34c95cc8aef9c85b98,538749.0,437.0,9970.0,146.0,3.0,2026-09-19T10:56:19.637053
20200325,OK,file://data\raw\nse\fo_zip\fo_20200325.csv.zip,5c8f9c10164644044cedf0b5a4b735ae5985342f0b39f5767472807c0fa8de48,540570.0,437.0,9970.0,146.0,3.0,2026-09-19T10:56:19.899782
20200326,OK,file://data\raw\nse\fo_zip\fo_20200326.csv.zip,a737c0c1382deb2b91293cce486fb2f4de70977f1b111236e3ad1de3b1eeb597,541526.0,437.0,9970.0,146.0,3.0,2026-09-19T10:56:20.151631
20200327,OK,file://data\raw\nse\fo_zip\fo_20200327.csv.zip,0a97e8ec594c07d4f61cdd2a3b3a24fcb7e19e9e98bd32479ec9d08fe777c45f,473635.0,437.0,9380.0,147.0,3.0,2026-09-19T10:56:20.395712
20200330,OK,file://data\raw\nse\fo_zip\fo_20200330.csv.zip,e28b81ff4653456d411104fa853a46250e18d91062eeea00318bd3b298f63e3c,476696.0,437.0,9394.0,147.0,3.0,2026-09-19T10:56:20.625224
20200331,OK,file://data\raw\nse\fo_zip\fo_20200331.csv.zip,1e2cae66c0b629b5a902bdb40e660989147c27c2050154aad2709d36a412297a,480569.0,437.0,9426.0,147.0,3.0,2026-09-19T10:56:20.874502
20200401,OK,file://data\raw\nse\fo_zip\fo_20200401.csv.zip,7a0ecffef57407e5768c51cb5e2699176dd939866141252d660dc49d758eb13e,482422.0,437.0,9434.0,147.0,3.0,2026-09-19T10:56:21.117661
20200403,OK,file://data\raw\nse\fo_zip\fo_20200403.csv.zip,1279e7454b784a3468ac82cd293de38d1cd87af0f366c25b1c428e70d296f8fa,478996.0,437.0,8864.0,147.0,3.0,2026-09-19T10:56:21.348977
20200407,OK,file://data\raw\nse\fo_zip\fo_20200407.csv.zip,d702aa171e74d98c835d8f20703581dce164529ca7c3194f09075d39648c7824,486433.0,437.0,8928.0,147.0,3.0,2026-09-19T10:56:21.602160
20200408,OK,file://data\raw\nse\fo_zip\fo_20200408.csv.zip,4ce4e3823c2d9e60a0498e24d93d18116847672aa63b6a258dc41410f600241b,492666.0,437.0,8986.0,147.0,3.0,2026-09-19T10:56:21.844097
20200409,OK,file://data\raw\nse\fo_zip\fo_20200409.csv.zip,19bf7da7ea4b5d5a4e8519c5d2a932acc0a4e3b507a510c1a0cfa38017cc4567,493697.0,437.0,8986.0,147.0,3.0,2026-09-19T10:56:22.082715
20200413,OK,file://data\raw\nse\fo_zip\fo_20200413.csv.zip,5ed228c3ae9bb1a9d81fbe3088e2db94094f3f2cc199616114dce8aa360f9e80,488594.0,437.0,8426.0,147.0,3.0,2026-09-19T10:56:22.348799
20200415,OK,file://data\raw\nse\fo_zip\fo_20200415.csv.zip,08b3b185c59b64c4860ca30672165d9d397e4abba8b1524cfb4df8899e944719,495174.0,437.0,8438.0,147.0,3.0,2026-09-19T10:56:22.612837
20200416,OK,file://data\raw\nse\fo_zip\fo_20200416.csv.zip,eb898d1e69f006785ba17262c978a27df2a0d345b613bd68c3aeec7e12c74d5e,491304.0,437.0,8448.0,147.0,3.0,2026-09-19T10:56:22.883117
20200417,OK,file://data\raw\nse\fo_zip\fo_20200417.csv.zip,ac49c14c29726ec207c03bdcd10623f1c981a7afe71122b47d4c8ac1ab0fcd91,494971.0,437.0,7842.0,147.0,3.0,2026-09-19T10:56:23.122535
20200420,OK,file://data\raw\nse\fo_zip\fo_20200420.csv.zip,ef7cc306bdb218881f5eff87cbefc78c24bdeb6146e2a884e9c4ecd3edf3451d,497228.0,437.0,7958.0,147.0,3.0,2026-09-19T10:56:23.375136
20200421,OK,file://data\raw\nse\fo_zip\fo_20200421.csv.zip,c1a6cc0bbfa992aa3537d1082f80258a1c098979f60742f35eb11db0f0f1190b,499454.0,437.0,7960.0,147.0,3.0,2026-09-19T10:56:23.605713
20200422,OK,file://data\raw\nse\fo_zip\fo_20200422.csv.zip,2399486f6924def7400c1643de4cd8efc892d76a2343c399a17d37de4e78b3e9,500756.0,437.0,7960.0,147.0,3.0,2026-09-19T10:56:23.844904
20200423,OK,file://data\raw\nse\fo_zip\fo_20200423.csv.zip,56bb0c066dd89fd636df5e8da000d9123d9c6a6c40862cef3b63926abe0a3982,502350.0,437.0,7960.0,147.0,3.0,2026-09-19T10:56:24.079360
20200424,OK,file://data\raw\nse\fo_zip\fo_20200424.csv.zip,d865b0f56e4475e850d97e0ce9143d1bd3ccde132bf09deeca3acba12971f759,498346.0,437.0,7392.0,147.0,3.0,2026-09-19T10:56:24.308883
20200427,OK,file://data\raw\nse\fo_zip\fo_20200427.csv.zip,8ae8dca83e508ce433ce7f626b52771aa3695f1326f1bf43e7b281e790b28cdd,501337.0,437.0,7412.0,147.0,3.0,2026-09-19T10:56:24.572415
20200428,OK,file://data\raw\nse\fo_zip\fo_20200428.csv.zip,53459d0aeea2d173582e515693744b2241dc050e56352218ba606bdc3251c1ff,503414.0,437.0,7412.0,147.0,3.0,2026-09-19T10:56:24.808827
20200429,OK,file://data\raw\nse\fo_zip\fo_20200429.csv.zip,c7cb83319af8017bfe04614197caf87a27e11e54f62eb564e16021c7f312649b,506499.0,437.0,7444.0,147.0,3.0,2026-09-19T10:56:25.033591
20200430,OK,file://data\raw\nse\fo_zip\fo_20200430.csv.zip,fdaa9eb46f196e8f333047a2c1c8ffd49b00dc5b63bbfb8ff3b7fc31d76123b7,501490.0,437.0,7548.0,147.0,3.0,2026-09-19T10:56:25.275478
20200504,OK,file://data\raw\nse\fo_zip\fo_20200504.csv.zip,7e0828badfc53364bcd241618dc908d209f4cee9d867faf9ef215492db0bcc60,430929.0,435.0,7068.0,147.0,3.0,2026-09-19T10:56:25.477510
20200505,OK,file://data\raw\nse\fo_zip\fo_20200505.csv.zip,4fedb239770e3c7a0d518cf36ad98c055b6b11f955f015b60f1ba2012ccf715e,434183.0,435.0,7126.0,147.0,3.0,2026-09-19T10:56:25.676219
20200506,OK,file://data\raw\nse\fo_zip\fo_20200506.csv.zip,82c657294532cc0acbf5927adcada9c33d835f7c46efe097f3a7997504369d16,434646.0,435.0,7146.0,147.0,3.0,2026-09-19T10:56:25.868815
20200507,OK,file://data\raw\nse\fo_zip\fo_20200507.csv.zip,e2b9b1b025c0e5cb98dfe9e212293768f107507c1d17b5b9a0d30161d3104895,432741.0,435.0,7146.0,147.0,3.0,2026-09-19T10:56:26.072004
20200508,OK,file://data\raw\nse\fo_zip\fo_20200508.csv.zip,a9bc6fc52d67b0bdcd435a0322534b630279361138086aa55662795587eace92,428720.0,435.0,6642.0,147.0,3.0,2026-09-19T10:56:26.265782
20200511,OK,file://data\raw\nse\fo_zip\fo_20200511.csv.zip,18407de69f8facd278c13a7faabdc4b0c9ad3d5d949518b7fc0306cf2786714b,429807.0,435.0,6646.0,147.0,3.0,2026-09-19T10:56:26.475917
20200512,OK,file://data\raw\nse\fo_zip\fo_20200512.csv.zip,bb60f3f52334788c04fd6f3378b9cfcacfeb00951dabff8d2d78c161adb95ddc,433062.0,435.0,6674.0,147.0,3.0,2026-09-19T10:56:26.672443
20200513,OK,file://data\raw\nse\fo_zip\fo_20200513.csv.zip,ea98d02ed44682a4b7d7ffe66751cfcf237eb9a68f34c6f0ed595c91e0a60c08,437687.0,435.0,6684.0,147.0,3.0,2026-09-19T10:56:26.864221
20200514,OK,file://data\raw\nse\fo_zip\fo_20200514.csv.zip,1557523de85374594a966c176a3b8859a7198c272dfd466e1a29e76f89ab6cc1,438457.0,435.0,6692.0,147.0,3.0,2026-09-19T10:56:27.053703
20200515,OK,file://data\raw\nse\fo_zip\fo_20200515.csv.zip,809b14bf8acd60b79e7dd1ce7be753a604c7fd3f12087b6b2ad77f01d3d099ad,432620.0,435.0,6352.0,147.0,3.0,2026-09-19T10:56:27.250927
20200518,OK,file://data\raw\nse\fo_zip\fo_20200518.csv.zip,cf601c138a4aee1dd32c386c7ea8198ce7ddc4fb99aeef1a8fd764228669e0a7,443274.0,435.0,6368.0,147.0,3.0,2026-09-19T10:56:27.444578
20200519,OK,file://data\raw\nse\fo_zip\fo_20200519.csv.zip,365cf22869e6e0b85d89538261f9ba8c2f5385bdb9914c0d652db03830dcfbb3,444789.0,435.0,6582.0,147.0,3.0,2026-09-19T10:56:27.640612
20200520,OK,file://data\raw\nse\fo_zip\fo_20200520.csv.zip,82f5346f8e995d1090c567cd7eb4bf4d52d813594688399a885fe075610edbe7,445878.0,435.0,6594.0,147.0,3.0,2026-09-19T10:56:27.842025
20200521,OK,file://data\raw\nse\fo_zip\fo_20200521.csv.zip,446bad0ac16a08e417cf58cd6356d48804e28fc2ea875c3e412cc68a476a1990,446825.0,435.0,6594.0,147.0,3.0,2026-09-19T10:56:28.037811
20200522,OK,file://data\raw\nse\fo_zip\fo_20200522.csv.zip,fcc6f722bbb6451fab0bb4a14cd1674334e36b14738cabae987e52ba5ae25145,445999.0,435.0,6328.0,147.0,3.0,2026-09-19T10:56:28.235260
20200526,OK,file://data\raw\nse\fo_zip\fo_20200526.csv.zip,2793bbd42459890570a3f267c7634e3990e6d28b74b184a68a95d9ba6bec4fcd,448528.0,435.0,6362.0,147.0,3.0,2026-09-19T10:56:28.420467
20200527,OK,file://data\raw\nse\fo_zip\fo_20200527.csv.zip,fd8d7456b99095d0e7fd1912b9b2ef070515be84bd6d730eb48d8a5d25706a7d,451823.0,435.0,6362.0,147.0,3.0,2026-09-19T10:56:28.612973
20200528,OK,file://data\raw\nse\fo_zip\fo_20200528.csv.zip,94216eec21e7b98688b500ea4b796a408bc8aef4e559c665ca78ee51becc7d1d,441930.0,435.0,6396.0,147.0,3.0,2026-09-19T10:56:28.813232
20200529,OK,file://data\raw\nse\fo_zip\fo_20200529.csv.zip,9377612b78350f4661dadcbc11152c8c0ec0db53b1e792c56099e59566f4eab1,421148.0,429.0,5836.0,145.0,3.0,2026-09-19T10:56:29.000435
20200601,OK,file://data\raw\nse\fo_zip\fo_20200601.csv.zip,5f03574f28fbb6f595e2f2a5c5d37ab9b4788c5d6e2ffdcd5c7be164bbc615b1,434445.0,429.0,5858.0,145.0,3.0,2026-09-19T10:56:29.198180
20200602,OK,file://data\raw\nse\fo_zip\fo_20200602.csv.zip,abe648c0b172da0ede46c51220ff197feb46ccf1250f87f6c98bd92087995389,440791.0,429.0,5956.0,145.0,3.0,2026-09-19T10:56:29.386426
20200603,OK,file://data\raw\nse\fo_zip\fo_20200603.csv.zip,2e739d22ddd327ccdd2bea7ec4b195518ee3f9059398730b2af768be11252649,451409.0,429.0,6058.0,145.0,3.0,2026-09-19T10:56:29.648365
20200604,OK,file://data\raw\nse\fo_zip\fo_20200604.csv.zip,4b666930d356a0fdca9a8b9a76c945b1d4f3c9f591719e93b70cd2f7661ac241,451984.0,429.0,6112.0,145.0,3.0,2026-09-19T10:56:29.884335
20200605,OK,file://data\raw\nse\fo_zip\fo_20200605.csv.zip,800f540af75c37c128f0db2c927f85a38fd8e095ea00010f2082a88d6fad8513,451221.0,429.0,5872.0,145.0,3.0,2026-09-19T10:56:30.089619
20200608,OK,file://data\raw\nse\fo_zip\fo_20200608.csv.zip,bdc9036be815b00b94a6802afb97513b6c7392b43d0e2a1d6bd52799203f9959,461836.0,429.0,5930.0,145.0,3.0,2026-09-19T10:56:30.295593
20200609,OK,file://data\raw\nse\fo_zip\fo_20200609.csv.zip,61f0198682ff476152dcd21cab6fa261c2548ac41c49f399f495fc4495bd8d61,463840.0,429.0,5958.0,145.0,3.0,2026-09-19T10:56:30.493276
20200610,OK,file://data\raw\nse\fo_zip\fo_20200610.csv.zip,ef9e10992cfc8443597492ab467d3b030654171aef2a169395a3c3fc9975bbc2,460987.0,429.0,5958.0,145.0,3.0,2026-09-19T10:56:30.699493
20200611,OK,file://data\raw\nse\fo_zip\fo_20200611.csv.zip,d3931946ca5f86ac70cdaddbfd34bc8698d8ee170883b46a963efce2fa06a32e,464966.0,429.0,5958.0,145.0,3.0,2026-09-19T10:56:30.911373
20200612,OK,file://data\raw\nse\fo_zip\fo_20200612.csv.zip,fe8c1e341aec38080b29d2b017171b9a7674b71d875d823f753e8e0983adcb21,465045.0,429.0,5826.0,145.0,3.0,2026-09-19T10:56:31.119743
20200615,OK,file://data\raw\nse\fo_zip\fo_20200615.csv.zip,56dfd48bb56842ef3107f1898cc32432ac7aa3fd1d9dd7506d5fdf6a242f6b8b,465207.0,429.0,5832.0,145.0,3.0,2026-09-19T10:56:31.330804
20200616,OK,file://data\raw\nse\fo_zip\fo_20200616.csv.zip,d5a748b5898e7e15174d2a4792c09d15dd2f368b033f33a0774d558402edca75,469591.0,429.0,5862.0,145.0,3.0,2026-09-19T10:56:31.565864
20200617,OK,file://data\raw\nse\fo_zip\fo_20200617.csv.zip,374006b3cdad3a8304fee8c45ebbeb749777f142a1e4c2eb542825928347b288,466972.0,429.0,5862.0,145.0,3.0,2026-09-19T10:56:31.774059
20200618,OK,file://data\raw\nse\fo_zip\fo_20200618.csv.zip,b0ece4f6f66f264a78321a6178b3d2985dfee5bd1a8acfbfa02a3bbf9b89d6f9,471079.0,429.0,5862.0,145.0,3.0,2026-09-19T10:56:31.978239
20200619,OK,file://data\raw\nse\fo_zip\fo_20200619.csv.zip,fc31a158f5a796d9015e52fcb2e327f9e38d4ab4f5c2b3ba26ac771d60751683,478524.0,429.0,5736.0,145.0,3.0,2026-09-19T10:56:32.203336
20200622,OK,file://data\raw\nse\fo_zip\fo_20200622.csv.zip,e1728b5a1730cae008685c6d1a2a4375fabf21e7e85525840f5ec7b961146233,500907.0,429.0,5800.0,145.0,3.0,2026-09-19T10:56:32.423277
20200623,OK,file://data\raw\nse\fo_zip\fo_20200623.csv.zip,6d4a35654f7f1555e33962880d4a124f158c35406d7e4c42c01eaa87133005d5,506072.0,429.0,5888.0,145.0,3.0,2026-09-19T10:56:32.656952
20200624,OK,file://data\raw\nse\fo_zip\fo_20200624.csv.zip,0cd0cdb08baf1e86d7b5d780ff1b9a777b38debd7467ca8b399af62d59b4bb1c,516740.0,429.0,6070.0,145.0,3.0,2026-09-19T10:56:32.871487
20200625,OK,file://data\raw\nse\fo_zip\fo_20200625.csv.zip,520406c9ccc2407a7bb858aaf2e2cfd86053e949a374a3e305fe04fb375912f3,503135.0,429.0,6070.0,145.0,3.0,2026-09-19T10:56:33.087340
20200626,OK,file://data\raw\nse\fo_zip\fo_20200626.csv.zip,83bf4e5e43f3d61a10c65bcbb951ebd90165e7fc9c2a2ed1f947e1d704a457ee,418013.0,422.0,4125.0,143.0,2.0,2026-09-19T10:56:33.267120
20200629,OK,file://data\raw\nse\fo_zip\fo_20200629.csv.zip,2fb89327487e1a1fee683adc73acf7bd593bc1160d943ca31b4363ea9568153a,420794.0,422.0,4129.0,143.0,2.0,2026-09-19T10:56:33.452560
20200630,OK,file://data\raw\nse\fo_zip\fo_20200630.csv.zip,e63ad1595bf8e6a99f09ea3bc4a7f9aedac1fd43ba849baef0b371d4e069871e,421619.0,422.0,4131.0,143.0,2.0,2026-09-19T10:56:33.631671
20200701,OK,file://data\raw\nse\fo_zip\fo_20200701.csv.zip,ffbdad2e878fbfe7a13a6a1855afbedacfbd406833d5894ecf85050ed66c7ce7,423166.0,422.0,4131.0,143.0,2.0,2026-09-19T10:56:33.814640
20200702,OK,file://data\raw\nse\fo_zip\fo_20200702.csv.zip,2b540cbf464e2f580daa3a26f670a2b50465c175b0a1865d1ab94475005fbc50,424925.0,422.0,4141.0,143.0,2.0,2026-09-19T10:56:33.994337
20200703,OK,file://data\raw\nse\fo_zip\fo_20200703.csv.zip,376a34c8ab23ae7af2c0549db3c960ea344e9e2bf5a7fdf1746bb7f38eb405d8,423777.0,422.0,4009.0,143.0,2.0,2026-09-19T10:56:34.177300
20200706,OK,file://data\raw\nse\fo_zip\fo_20200706.csv.zip,1d3810b9f136424ef104244bbb3d34114e3e7bb4bf08027d8cf9da32ec233476,429160.0,422.0,4029.0,143.0,2.0,2026-09-19T10:56:34.360310
20200707,OK,file://data\raw\nse\fo_zip\fo_20200707.csv.zip,58422b510b3d3ca1a2632b6e331e86fd84e4e40311f6d7966f94b481033d07e5,437563.0,422.0,4111.0,143.0,2.0,2026-09-19T10:56:34.547305
20200708,OK,file://data\raw\nse\fo_zip\fo_20200708.csv.zip,a254c97b3a0c971c5443b585cbf884919731ffb2ce71be5296e9e87595523e56,443028.0,422.0,4193.0,143.0,2.0,2026-09-19T10:56:34.736020
20200709,OK,file://data\raw\nse\fo_zip\fo_20200709.csv.zip,8e875481344424f44c7b7cb60c70e8991a27dfbfa9985d6fa2ff59fdfea2255c,440174.0,422.0,4193.0,143.0,2.0,2026-09-19T10:56:34.928205
20200710,OK,file://data\raw\nse\fo_zip\fo_20200710.csv.zip,013e12256a657aec9159e4c697f66ca57f67ff694b4a8f02f31f48582bedbf78,442885.0,422.0,4061.0,143.0,2.0,2026-09-19T10:56:35.121334
20200713,OK,file://data\raw\nse\fo_zip\fo_20200713.csv.zip,f1cde5c5a0c6fa08c3d7f24b0a0137fd92a283a3bdecc92916425b8aede31963,443099.0,422.0,4073.0,143.0,2.0,2026-09-19T10:56:35.324625
20200714,OK,file://data\raw\nse\fo_zip\fo_20200714.csv.zip,e901b0f27de789632287443d2fc68f6cf91668f1ab6f24399a2b00d2338a7fdb,449624.0,422.0,4079.0,143.0,2.0,2026-09-19T10:56:35.515056
20200715,OK,file://data\raw\nse\fo_zip\fo_20200715.csv.zip,12fee180e1df16d5ba0bc4490a1bcd5b808dc4abc9d4228eb78f0962ff61bf7c,449458.0,422.0,4109.0,143.0,2.0,2026-09-19T10:56:35.717050
20200716,OK,file://data\raw\nse\fo_zip\fo_20200716.csv.zip,80f887b2d3d74c0fbfc52f9368a525281aa5237c5b8724f3de1fa75981bf5475,452095.0,422.0,4115.0,143.0,2.0,2026-09-19T10:56:35.912938
20200717,OK,file://data\raw\nse\fo_zip\fo_20200717.csv.zip,292db933789a6d62468750d24bf56c660e5301bfb48a836052c35ffa00cccbc3,447811.0,422.0,3923.0,143.0,2.0,2026-09-19T10:56:36.106931
20200720,OK,file://data\raw\nse\fo_zip\fo_20200720.csv.zip,79e0e69c650e142d5a8dad26571c75973265d0d48d35fa8443221620b0415dd6,450274.0,422.0,3971.0,143.0,2.0,2026-09-19T10:56:36.313956
20200721,OK,file://data\raw\nse\fo_zip\fo_20200721.csv.zip,9e3263c60ed9e2e6ca6d5fea8218ce0ae5cdde713c02d4938e854037bd18959a,455513.0,422.0,4015.0,143.0,2.0,2026-09-19T10:56:36.508207
20200722,OK,file://data\raw\nse\fo_zip\fo_20200722.csv.zip,51af280ae2f77af2f4c58167711def5360c30c68b9bbfd4bf6a485858ca18331,460949.0,422.0,4083.0,143.0,2.0,2026-09-19T10:56:36.727816
20200723,OK,file://data\raw\nse\fo_zip\fo_20200723.csv.zip,ece72190fad1d9d699c58aae8c0b386c6026f1ed4655d4b87a61410d0bc44996,460379.0,422.0,4085.0,143.0,2.0,2026-09-19T10:56:36.928725
20200724,OK,file://data\raw\nse\fo_zip\fo_20200724.csv.zip,3fc78846490dfc5461c7d215d13dd6760171c567213cb1dbb59bf4147b28fef1,465315.0,422.0,3941.0,143.0,2.0,2026-09-19T10:56:37.134508
20200727,OK,file://data\raw\nse\fo_zip\fo_20200727.csv.zip,060add36728c16287115c434f1618ab11d1c1006be340f34c7997d78b1665b7e,476150.0,422.0,3949.0,143.0,2.0,2026-09-19T10:56:37.341936
20200728,OK,file://data\raw\nse\fo_zip\fo_20200728.csv.zip,47590f96a92b8c3156e41e4c09b29124fca7ef37b536b70e29fb4c5082e3a437,479963.0,422.0,3969.0,143.0,2.0,2026-09-19T10:56:37.572913
20200729,OK,file://data\raw\nse\fo_zip\fo_20200729.csv.zip,8d233db39e01fe8068857926fa0aa93c8924086f0a508b7b750549d11078127d,487682.0,422.0,4027.0,143.0,2.0,2026-09-19T10:56:37.806684
20200730,OK,file://data\raw\nse\fo_zip\fo_20200730.csv.zip,b970336341369ac850d3eab3b92f38a2d89b8c62c745e47ef86d34ba0a886e8f,480258.0,422.0,4027.0,143.0,2.0,2026-09-19T10:56:38.147044
20200731,OK,file://data\raw\nse\fo_zip\fo_20200731.csv.zip,c9ffee98f930baf9568b6a1d5db790c8a5b0762fd806b733e98ffb0ac5f5444f,407273.0,417.0,3817.0,141.0,2.0,2026-09-19T10:56:38.379876
20200803,OK,file://data\raw\nse\fo_zip\fo_20200803.csv.zip,a13533e726049caff003ca1ce1ca58a982efc058c8f3e59dae8a82774ca87c8a,411672.0,417.0,3821.0,141.0,2.0,2026-09-19T10:56:38.571775
20200804,OK,file://data\raw\nse\fo_zip\fo_20200804.csv.zip,d6c0ed7f35faa4fe0ac26bdb04448fac9818ce5dc2de01b5cb3ead7c4311a86d,413667.0,417.0,3875.0,141.0,2.0,2026-09-19T10:56:38.763327
20200805,OK,file://data\raw\nse\fo_zip\fo_20200805.csv.zip,c371516beab2e5cd53763f0bfc6a04b4eaaac08b2f413913fe968044a294548c,417820.0,417.0,3875.0,141.0,2.0,2026-09-19T10:56:38.946162
20200806,OK,file://data\raw\nse\fo_zip\fo_20200806.csv.zip,68fb99917bc71e986dc15a9bce2db0594d0837d0c8a223ffce72ed3e6807d8e0,419010.0,417.0,3875.0,141.0,2.0,2026-09-19T10:56:39.146018
20200807,OK,file://data\raw\nse\fo_zip\fo_20200807.csv.zip,05439b4dd4fbf2b8d6d8f6e09261170bc283015247fb6f0355c4b2b13f0752d6,418423.0,417.0,3755.0,141.0,2.0,2026-09-19T10:56:39.344230
20200810,OK,file://data\raw\nse\fo_zip\fo_20200810.csv.zip,dee9bccb75e7698f7821e82dbdd313f0edf863bc850b77db1e0fa5177d784a29,421476.0,417.0,3763.0,141.0,2.0,2026-09-19T10:56:39.530833
20200811,OK,file://data\raw\nse\fo_zip\fo_20200811.csv.zip,c5ba265ce28507f440bb4474d2151e7913a1cdee7842456dd69e6adafa97f12b,424320.0,417.0,3771.0,141.0,2.0,2026-09-19T10:56:39.730205
20200812,OK,file://data\raw\nse\fo_zip\fo_20200812.csv.zip,eb01b58170392103a86990bdc3cb4875dc1717e54194530c11abf7c776a8c308,424105.0,417.0,3787.0,141.0,2.0,2026-09-19T10:56:39.917797
20200813,OK,file://data\raw\nse\fo_zip\fo_20200813.csv.zip,605cd628c14a62cd9a702528a4b428635b9b0227c942367667d5043da8f85b25,427987.0,417.0,3791.0,141.0,2.0,2026-09-19T10:56:40.112768
20200814,OK,file://data\raw\nse\fo_zip\fo_20200814.csv.zip,5d010338c2dc5d7cce020e0f50de89b465f92630e4c8cde9e48699afd31ab4fb,431310.0,417.0,3667.0,141.0,2.0,2026-09-19T10:56:40.318384
20200817,OK,file://data\raw\nse\fo_zip\fo_20200817.csv.zip,f6be8c9a6a3291c32f4b4df4a0f51731b6622489738b7e22635a56442677c114,428198.0,417.0,3681.0,141.0,2.0,2026-09-19T10:56:40.501027
20200818,OK,file://data\raw\nse\fo_zip\fo_20200818.csv.zip,62fd5072e8659582094c885b7a49909103c4e2ab756647e18a0e1a3fbbe551a9,432824.0,417.0,3681.0,141.0,2.0,2026-09-19T10:56:40.694227
20200819,OK,file://data\raw\nse\fo_zip\fo_20200819.csv.zip,66a5ecc2578b1b52909cbeb8bdd9dce9bd0458f9dd9b65bb998d3a748ecd7888,438396.0,417.0,3719.0,141.0,2.0,2026-09-19T10:56:40.883950
20200820,OK,file://data\raw\nse\fo_zip\fo_20200820.csv.zip,26d06f702a62844c6cfba533b97c876d1cfdb21996b7d2e639c1cba4e730448c,441879.0,417.0,3721.0,141.0,2.0,2026-09-19T10:56:41.070167
20200821,OK,file://data\raw\nse\fo_zip\fo_20200821.csv.zip,2fbd6affd3292cd8849a6717c4e933fb7d5dfeddede156c1771aeb1401f51925,445411.0,417.0,3627.0,141.0,2.0,2026-09-19T10:56:41.260847
20200824,OK,file://data\raw\nse\fo_zip\fo_20200824.csv.zip,50bcdbdd8a0a483fdb795b1c2df285b736fa88af01f946f0eb5798dfc6f50ee6,450961.0,417.0,3635.0,141.0,2.0,2026-09-19T10:56:41.451780
20200825,OK,file://data\raw\nse\fo_zip\fo_20200825.csv.zip,bddbfe66349d51739501c72619ce6951ed108acf74ffeeabe4b335e0f9386faa,456349.0,417.0,3697.0,141.0,2.0,2026-09-19T10:56:41.659055
20200826,OK,file://data\raw\nse\fo_zip\fo_20200826.csv.zip,1ddbca01f034801a6060da3b5ea3c18ddf85ea07a611908b12f19f21976c38d7,460276.0,417.0,3721.0,141.0,2.0,2026-09-19T10:56:41.851889
20200827,OK,file://data\raw\nse\fo_zip\fo_20200827.csv.zip,7318080ce658791903f42103e42860ccf8610a2edaf4c79f984f2bdb0d680021,455089.0,417.0,3819.0,141.0,2.0,2026-09-19T10:56:42.050314
20200828,OK,file://data\raw\nse\fo_zip\fo_20200828.csv.zip,274016f94916cff7f561c62095ad6388a37444187a3a05a09b08ba73fe590308,393701.0,414.0,3689.0,138.0,2.0,2026-09-19T10:56:42.236854
20200831,OK,file://data\raw\nse\fo_zip\fo_20200831.csv.zip,aaead2b5b81c839a60a858e11609ac52d6d851f108f19eef4867f1852cbcf50e,408284.0,414.0,3907.0,138.0,2.0,2026-09-19T10:56:42.416956
20200901,OK,file://data\raw\nse\fo_zip\fo_20200901.csv.zip,41639f5276136640887b9efd3dcdf7ee192793dfa37533d8e7ee9d440b6f2605,406306.0,414.0,3913.0,138.0,2.0,2026-09-19T10:56:42.596937
20200902,OK,file://data\raw\nse\fo_zip\fo_20200902.csv.zip,306785cba411905857c9d7c828236068494d8b7f0b0d62dc8128a018a4cc6afe,405048.0,414.0,3913.0,138.0,2.0,2026-09-19T10:56:42.780978
20200903,OK,file://data\raw\nse\fo_zip\fo_20200903.csv.zip,1993c0945e8fabbfadfd78c860f936709713bb8e54482adb95f1fe83528da143,405291.0,414.0,3913.0,138.0,2.0,2026-09-19T10:56:42.962774
20200904,OK,file://data\raw\nse\fo_zip\fo_20200904.csv.zip,0e8935df8d5246a3fb6dd14956d505a828ec980515e11dda36c18e065d8b598a,407807.0,414.0,3803.0,138.0,2.0,2026-09-19T10:56:43.142505
20200907,OK,file://data\raw\nse\fo_zip\fo_20200907.csv.zip,6a5be2fe53eea20ec241ade2a5637d152af5e7f350df242a812c58f8a70745e6,407222.0,414.0,3833.0,138.0,2.0,2026-09-19T10:56:43.325778
20200908,OK,file://data\raw\nse\fo_zip\fo_20200908.csv.zip,02605f80a6090e285812ea272ecfd61e399ac2c23f537ab942aa0387dce2ad7e,406705.0,414.0,3837.0,138.0,2.0,2026-09-19T10:56:43.507811
20200909,OK,file://data\raw\nse\fo_zip\fo_20200909.csv.zip,f5c777a21967fefb8ff4cc133618e3a6434325bef77772d9e82e9cf511251bfd,410817.0,414.0,3849.0,138.0,2.0,2026-09-19T10:56:43.680070
20200910,OK,file://data\raw\nse\fo_zip\fo_20200910.csv.zip,05ad25dc0c407450fee0dad42be638d489ab9384ff1dcf9ea286754491476c96,408566.0,414.0,3865.0,138.0,2.0,2026-09-19T10:56:43.859473
20200911,OK,file://data\raw\nse\fo_zip\fo_20200911.csv.zip,cdb1972384054ae45a7785d967ca16596b0dad177239d4ca697ab4959c3636a7,407274.0,414.0,3755.0,138.0,2.0,2026-09-19T10:56:44.057434
20200914,OK,file://data\raw\nse\fo_zip\fo_20200914.csv.zip,acf4cfe176a1f429e7dc221e2be17707d2313f5f2394a2fe8ef78bac659e081d,413869.0,414.0,3755.0,138.0,2.0,2026-09-19T10:56:44.288143
20200915,OK,file://data\raw\nse\fo_zip\fo_20200915.csv.zip,e6361227e70ff9b7939e7bfa74d790639388064e119de1a5d52a071532cad987,414958.0,414.0,3771.0,138.0,2.0,2026-09-19T10:56:44.485401
20200916,OK,file://data\raw\nse\fo_zip\fo_20200916.csv.zip,4be6301f20f92a09346f0a6fadb46745abbf6a80d258cce8e425444bc1c98617,417818.0,414.0,3773.0,138.0,2.0,2026-09-19T10:56:44.670221
20200917,OK,file://data\raw\nse\fo_zip\fo_20200917.csv.zip,db2922b94d66ed4abd2441d4c3f6b7db95626ddf11ba866aa6778355dbc934d9,419352.0,414.0,3781.0,138.0,2.0,2026-09-19T10:56:44.864687
20200918,OK,file://data\raw\nse\fo_zip\fo_20200918.csv.zip,c8941c35c69149528431b28d946e1f06d0c67724355b13609aeef930a84aacb1,426366.0,414.0,3677.0,138.0,2.0,2026-09-19T10:56:45.054670
20200921,OK,file://data\raw\nse\fo_zip\fo_20200921.csv.zip,db34b2fc2e83a69a28198651db33db0910fe788cb22e0bf5d3ed3055e4d628f4,437178.0,414.0,3689.0,138.0,2.0,2026-09-19T10:56:45.248575
20200922,OK,file://data\raw\nse\fo_zip\fo_20200922.csv.zip,002eaf2adbf7b922241c38f27c4a3c6e10f8752c99da4615647accd04fb76463,445317.0,414.0,3783.0,138.0,2.0,2026-09-19T10:56:45.437994
20200923,OK,file://data\raw\nse\fo_zip\fo_20200923.csv.zip,1973df0c351c8023ac0750387d6c2573b6038eaaf6749cf563100ec31a0cf474,446391.0,414.0,3849.0,138.0,2.0,2026-09-19T10:56:45.619718
20200924,OK,file://data\raw\nse\fo_zip\fo_20200924.csv.zip,2ed304fdd51cdb556d806f0d2c76c93f855e8850a022209bd90b1edf9fe819f5,442170.0,414.0,3849.0,138.0,2.0,2026-09-19T10:56:45.812085
20200925,OK,file://data\raw\nse\fo_zip\fo_20200925.csv.zip,9717cde64ad168b0e33e368621273bc02b86794c541017a85508b89d380b920f,390075.0,414.0,3804.0,138.0,2.0,2026-09-19T10:56:45.986778
20200928,OK,file://data\raw\nse\fo_zip\fo_20200928.csv.zip,d5d1b563df43ce12f493137673b8ff6da0d561542997bb52d24044820a8ee0d0,393974.0,414.0,3821.0,138.0,2.0,2026-09-19T10:56:46.168578
20200929,OK,file://data\raw\nse\fo_zip\fo_20200929.csv.zip,ffec7fc49686c934f3747881b32c4e37573f044e5d820eed09fd6befe8068247,397493.0,414.0,3842.0,138.0,2.0,2026-09-19T10:56:46.362162
20200930,OK,file://data\raw\nse\fo_zip\fo_20200930.csv.zip,1b7792aefe41adb3a74dd120f68a6143e802ef40419903e03f7116daff5ec61d,398891.0,414.0,3842.0,138.0,2.0,2026-09-19T10:56:46.539261
20201001,OK,file://data\raw\nse\fo_zip\fo_20201001.csv.zip,d239ddd54e0ca4cf7016c511a439b112ff767debdabf2d6e48656c12a74e5169,401604.0,414.0,3842.0,138.0,2.0,2026-09-19T10:56:46.752908
20201005,OK,file://data\raw\nse\fo_zip\fo_20201005.csv.zip,97755bb79c797aa934a37691a8835ac899bb6342072c3beef81458a6a9eaefb6,403042.0,414.0,3746.0,138.0,2.0,2026-09-19T10:56:46.940240
20201006,OK,file://data\raw\nse\fo_zip\fo_20201006.csv.zip,23cf7c4f0391e7131f9fabb94b723538a60578447dc579a45eea8eb61fc61c1d,405680.0,414.0,3762.0,138.0,2.0,2026-09-19T10:56:47.119813
20201007,OK,file://data\raw\nse\fo_zip\fo_20201007.csv.zip,b1db7f64b8f2bce5735126ccfab48343c037c393b00a178fb9eec085f3a29cc6,409073.0,414.0,3820.0,138.0,2.0,2026-09-19T10:56:47.308073
20201008,OK,file://data\raw\nse\fo_zip\fo_20201008.csv.zip,eaac4ee4f1ce47640eae3c4d960a587146c800de740d941080567b8bd4ff3721,414474.0,414.0,3868.0,138.0,2.0,2026-09-19T10:56:47.521790
20201009,OK,file://data\raw\nse\fo_zip\fo_20201009.csv.zip,eb919c16e52507a997f681c41a724c2bc3dfce29cf7fa7a009fc12392d275e7a,414862.0,414.0,3823.0,138.0,2.0,2026-09-19T10:56:47.731909
20201012,OK,file://data\raw\nse\fo_zip\fo_20201012.csv.zip,93a13b27f65524a1eb0c807b3e41feb026686f8fa49ad32905138aede14a2dd5,415625.0,414.0,3909.0,138.0,2.0,2026-09-19T10:56:47.919128
20201013,OK,file://data\raw\nse\fo_zip\fo_20201013.csv.zip,b3e53757552f38379bca01069aefcfbea2773a47f438b5d7b14483e64d124950,417841.0,414.0,3929.0,138.0,2.0,2026-09-19T10:56:48.116668
20201014,OK,file://data\raw\nse\fo_zip\fo_20201014.csv.zip,e5c43c60e7e141d8828036fa4b0a8ef644cb75b6d4c7e981932128175bc9851f,420260.0,414.0,3929.0,138.0,2.0,2026-09-19T10:56:48.317956
20201015,OK,file://data\raw\nse\fo_zip\fo_20201015.csv.zip,cc44daea6972874f789a59ae05bddfeeba1b22e5d056f1411297f85d22301cd9,424087.0,414.0,3941.0,138.0,2.0,2026-09-19T10:56:48.500667
20201016,OK,file://data\raw\nse\fo_zip\fo_20201016.csv.zip,5d2593b146e4f1d2d77f4fd4cff3f8d9b8962a1e0378afe9a0e7e41671dac5fb,419335.0,414.0,3823.0,138.0,2.0,2026-09-19T10:56:48.699740
20201019,OK,file://data\raw\nse\fo_zip\fo_20201019.csv.zip,1acf5f92afd15974447a626aa43650e68bc6d30a7c6a1dddb6a4f60db4593741,422713.0,414.0,3833.0,138.0,2.0,2026-09-19T10:56:48.933114
20201020,OK,file://data\raw\nse\fo_zip\fo_20201020.csv.zip,b977cd0d7aced8aec832b1394b57455fd966b2d7112f2c0bacacf599f609aed4,423121.0,414.0,3901.0,138.0,2.0,2026-09-19T10:56:49.162228
20201021,OK,file://data\raw\nse\fo_zip\fo_20201021.csv.zip,8db7bdd78474d3753a98711a0ae9d3c1e3b9a97b5570ed618ee3ef154cb3f861,430692.0,414.0,3903.0,138.0,2.0,2026-09-19T10:56:49.357261
20201022,OK,file://data\raw\nse\fo_zip\fo_20201022.csv.zip,c0656aff26b70992eeae9e856e756b079f006ef49870105b6cdaacf3846d82b0,431897.0,414.0,3953.0,138.0,2.0,2026-09-19T10:56:49.587071
20201023,OK,file://data\raw\nse\fo_zip\fo_20201023.csv.zip,410e95cb9eab5d02196bdd9a0ccb3768928482dd5829a8769c05a25e84cf9a59,432570.0,414.0,3825.0,138.0,2.0,2026-09-19T10:56:49.784263
20201026,OK,file://data\raw\nse\fo_zip\fo_20201026.csv.zip,69923692112db2356975816549f1be4a0405042ba12bf9b33d42aecc5619f7f3,437838.0,414.0,3827.0,138.0,2.0,2026-09-19T10:56:49.974731
20201027,OK,file://data\raw\nse\fo_zip\fo_20201027.csv.zip,3c9870323df08c84f4ffd542875cf39a35b22add03581fa17130bfae08976c77,441602.0,414.0,3841.0,138.0,2.0,2026-09-19T10:56:50.164810
20201028,OK,file://data\raw\nse\fo_zip\fo_20201028.csv.zip,081f6f1fb9d3a88e1cabf7aacd424497c7af5a2de6a6d0e2e6ae89d947c0b989,447200.0,414.0,3883.0,138.0,2.0,2026-09-19T10:56:50.357623
20201029,OK,file://data\raw\nse\fo_zip\fo_20201029.csv.zip,3a4fc838991836e0e932a38a5404f3d7b2e5a994eda749aea6675f1b4ae5b2a4,440488.0,414.0,3883.0,138.0,2.0,2026-09-19T10:56:50.555496
20201030,OK,file://data\raw\nse\fo_zip\fo_20201030.csv.zip,4ccdf71015021ff4bbd297f8e95e3e3f65075af77f733e08066ec48d727966be,392728.0,417.0,3825.0,139.0,2.0,2026-09-19T10:56:50.737116
20201102,OK,file://data\raw\nse\fo_zip\fo_20201102.csv.zip,9835f7ad159145cab00af29807e972396cf5ca0fa055c464e6dc1fcad23d719c,394224.0,417.0,3833.0,139.0,2.0,2026-09-19T10:56:50.917093
20201103,OK,file://data\raw\nse\fo_zip\fo_20201103.csv.zip,496bb0e1c309ace54d3856442ea0ebb3cc5af39781d89f28edd737807e821f73,399533.0,417.0,3873.0,139.0,2.0,2026-09-19T10:56:51.111642
20201104,OK,file://data\raw\nse\fo_zip\fo_20201104.csv.zip,5cab9afc0060cd06628c0239d6052b1c81a64206b99c731377faf500fa42bf38,403158.0,417.0,4081.0,139.0,2.0,2026-09-19T10:56:51.300720
20201105,OK,file://data\raw\nse\fo_zip\fo_20201105.csv.zip,fa7da61d5be50749aa6062017b460c1f38e79fbefe10f3e40d715bebf2204482,409987.0,417.0,4105.0,139.0,2.0,2026-09-19T10:56:51.497964
20201106,OK,file://data\raw\nse\fo_zip\fo_20201106.csv.zip,babf8dc3cfe31855eaee78f586837f5b3134783f431ad3a49b52bb964e0a8cbc,413364.0,417.0,4103.0,139.0,2.0,2026-09-19T10:56:51.694276
20201109,OK,file://data\raw\nse\fo_zip\fo_20201109.csv.zip,dfe937782df4b133b1745b5e925e50600d0588bcb148244d6d3cb074203b4a73,418853.0,417.0,4285.0,139.0,2.0,2026-09-19T10:56:51.905924
20201110,OK,file://data\raw\nse\fo_zip\fo_20201110.csv.zip,457b92994d4cc1067c505aacf8695ba05da0941f401f01855e8635c4d3d92516,430616.0,417.0,4505.0,139.0,2.0,2026-09-19T10:56:52.115281
20201111,OK,file://data\raw\nse\fo_zip\fo_20201111.csv.zip,1d8755edc8702b1914008f6c8e0be34ca784863fdb94dba84249ff3fcf39077d,439509.0,417.0,4809.0,139.0,2.0,2026-09-19T10:56:52.326435
20201112,OK,file://data\raw\nse\fo_zip\fo_20201112.csv.zip,bbdc65442b2bf7c77899eb9c890a3fde7fb60704f11c5e0b28072b6bc453f774,439376.0,417.0,4889.0,139.0,2.0,2026-09-19T10:56:52.535828
20201113,OK,file://data\raw\nse\fo_zip\fo_20201113.csv.zip,9f338ef1d47354ee498ab804d01a2d9f2b5bdc8f3ac5e7b557f5ffa41a55e9e1,433215.0,417.0,4645.0,139.0,2.0,2026-09-19T10:56:52.738455
20201117,OK,file://data\raw\nse\fo_zip\fo_20201117.csv.zip,363bfe7c32f2d57c7e26a9b73cd82f98b9409da7224b19b433c53ef1b02733e1,441555.0,417.0,4695.0,139.0,2.0,2026-09-19T10:56:52.935674
20201118,OK,file://data\raw\nse\fo_zip\fo_20201118.csv.zip,d10580a3893f72fef31fed1785672841eaed977ef6d383a2ff50f62fb1d5c735,449157.0,417.0,4799.0,139.0,2.0,2026-09-19T10:56:53.150472
20201119,OK,file://data\raw\nse\fo_zip\fo_20201119.csv.zip,6d961fdd0a53b98fc296c1d1953523117125556dbfea3fd2c609169166899589,461991.0,417.0,4945.0,139.0,2.0,2026-09-19T10:56:53.388747
20201120,OK,file://data\raw\nse\fo_zip\fo_20201120.csv.zip,b74bc61ea21c03b194e6158bb094ea5d0cb47337546f7a5e5d710ba377b68fb1,459324.0,417.0,4675.0,139.0,2.0,2026-09-19T10:56:53.592816
20201123,OK,file://data\raw\nse\fo_zip\fo_20201123.csv.zip,1d2c912402f1736841123e07d857dec52139f0e6da086cad8e11aa2a2ccf1e92,465779.0,417.0,4685.0,139.0,2.0,2026-09-19T10:56:53.804719
20201124,OK,file://data\raw\nse\fo_zip\fo_20201124.csv.zip,caaf768a5aa6d8f8d3e2db37570a3ddedab3cab6c742d7ec3383d18e4dc8bc10,470943.0,417.0,4689.0,139.0,2.0,2026-09-19T10:56:54.013414
20201125,OK,file://data\raw\nse\fo_zip\fo_20201125.csv.zip,0a239ec3a7f093dd42dd1dcc6db9043dbae9e4524c6fb1bc2893d0bb50273d1c,476505.0,417.0,4737.0,139.0,2.0,2026-09-19T10:56:54.244187
20201126,OK,file://data\raw\nse\fo_zip\fo_20201126.csv.zip,0aead3928b88e0dc6c04712325486bff82ab8da4504b14c68ddd4ecce516cc50,468177.0,417.0,4737.0,139.0,2.0,2026-09-19T10:56:54.475386
20201127,OK,file://data\raw\nse\fo_zip\fo_20201127.csv.zip,f84564c30a06e2d3f7bdca5953e33a61cf36a06bad42725a96692d41443dfbfe,415116.0,417.0,4463.0,139.0,2.0,2026-09-19T10:56:54.671449
20201201,OK,file://data\raw\nse\fo_zip\fo_20201201.csv.zip,742debdd41e3a848dc701fd54a4641af5e8ed2f0948611509cfbdeccef75c1e7,419646.0,417.0,4467.0,139.0,2.0,2026-09-19T10:56:54.867425
20201202,OK,file://data\raw\nse\fo_zip\fo_20201202.csv.zip,42a4866ce11900b42df5cc17cc810c3d86c86960be6566aa20c1b78a70ecad11,427556.0,417.0,4511.0,139.0,2.0,2026-09-19T10:56:55.068598
20201203,OK,file://data\raw\nse\fo_zip\fo_20201203.csv.zip,6924b90f7a4f6fbbdf0e6e3800c24efdbe2c948dda1f35ecc6cdca52f6abbfeb,431097.0,417.0,4511.0,139.0,2.0,2026-09-19T10:56:55.267526
20201204,OK,file://data\raw\nse\fo_zip\fo_20201204.csv.zip,99dba36a7c9618c04492280802e601d2ff79efe10b69223c7d9e63dac046cf36,435063.0,417.0,4311.0,139.0,2.0,2026-09-19T10:56:55.466172
20201207,OK,file://data\raw\nse\fo_zip\fo_20201207.csv.zip,01dc7466a1dba4c397225f1fc18c84523629ca473534254cb03e1188825cce89,442635.0,417.0,4440.0,139.0,2.0,2026-09-19T10:56:55.660943
20201208,OK,file://data\raw\nse\fo_zip\fo_20201208.csv.zip,bae962e6bc5cbec073c28c9c44901ce98d89617833de20981781d754f2002b48,447369.0,417.0,4500.0,139.0,2.0,2026-09-19T10:56:55.868759
20201209,OK,file://data\raw\nse\fo_zip\fo_20201209.csv.zip,8e157f39fd6b09f2c1de603b9a6e7626c6598b8f547b7d6746dc795f3d67b9ff,449455.0,417.0,4540.0,139.0,2.0,2026-09-19T10:56:56.067054
20201210,OK,file://data\raw\nse\fo_zip\fo_20201210.csv.zip,d763e96ab98cb4e16ccbb85b401d0b98318eb13631ab7fa60f965831d129461b,454694.0,417.0,4680.0,139.0,2.0,2026-09-19T10:56:56.284737
20201211,OK,file://data\raw\nse\fo_zip\fo_20201211.csv.zip,05fac85564c1cf7d0fff114524272a971ebf50566b4b66ab31bb4e4ccb92b27a,452419.0,417.0,4452.0,139.0,2.0,2026-09-19T10:56:56.495010
20201214,OK,file://data\raw\nse\fo_zip\fo_20201214.csv.zip,e8e794db7649ff7cdd6aff29b8f9b750c9cd6e5f761939f59a1fe54145a9dce1,453490.0,417.0,4454.0,139.0,2.0,2026-09-19T10:56:56.718334
20201215,OK,file://data\raw\nse\fo_zip\fo_20201215.csv.zip,4d79a4a9edf6347ba329043cc16bb98178cabce3c8db4ec4d69a63c2cb63551c,456915.0,417.0,4458.0,139.0,2.0,2026-09-19T10:56:56.950907
20201216,OK,file://data\raw\nse\fo_zip\fo_20201216.csv.zip,85813a5d1c4aa617e9764c8a36eeca4067c4e3aab0e0319a9117f11674b9a731,462274.0,417.0,4458.0,139.0,2.0,2026-09-19T10:56:57.166598
20201217,OK,file://data\raw\nse\fo_zip\fo_20201217.csv.zip,930d75404d9788073cbc5fbad50a4fea92b9130b4013cd6657fe94e2378a3751,466168.0,417.0,4518.0,139.0,2.0,2026-09-19T10:56:57.381323
20201218,OK,file://data\raw\nse\fo_zip\fo_20201218.csv.zip,756b31e379abe264eb6946ad2fbb4b0d0bd2636a26447117650e856198c85415,464316.0,417.0,4326.0,139.0,2.0,2026-09-19T10:56:57.601966
20201221,OK,file://data\raw\nse\fo_zip\fo_20201221.csv.zip,f864ba5bc17c392ea964d9fdd4982e750b97f9a78613311e6ff940db8d1e563f,480441.0,417.0,4350.0,139.0,2.0,2026-09-19T10:56:57.819610
20201222,OK,file://data\raw\nse\fo_zip\fo_20201222.csv.zip,1d7e911df99c7f35e7da18c1f8553940db7c1e6db2de9787684b3db5b9972612,481010.0,417.0,4416.0,139.0,2.0,2026-09-19T10:56:58.047406
20201223,OK,file://data\raw\nse\fo_zip\fo_20201223.csv.zip,2e8045a2b28b0f4971bb54d173adcee4561b310b60c6106f311a5715ec6d872d,476889.0,417.0,4416.0,139.0,2.0,2026-09-19T10:56:58.268045
20201224,OK,file://data\raw\nse\fo_zip\fo_20201224.csv.zip,9a7e3a0a790fd1bcf685acf10339a7a80d9926ecb079e1680376425cd5bb87a6,482362.0,417.0,4416.0,139.0,2.0,2026-09-19T10:56:58.481917
20201228,OK,file://data\raw\nse\fo_zip\fo_20201228.csv.zip,aa1895bb95ef4fe44b6d15ca119a0c1e56c54326af9488ecd1766c8f8fb3a9c3,479153.0,417.0,4194.0,139.0,2.0,2026-09-19T10:56:58.701063
20201229,OK,file://data\raw\nse\fo_zip\fo_20201229.csv.zip,6c6cf6c17fc0a062eb5a1a9d6c54df459a79ee14ba37df6ace160970f5b68c38,484759.0,417.0,4262.0,139.0,2.0,2026-09-19T10:56:58.914416
20201230,OK,file://data\raw\nse\fo_zip\fo_20201230.csv.zip,be42b3952fc18336f9948e975a5e572e31e1c92fd87c24cd5882035468c8bd75,488902.0,417.0,4382.0,139.0,2.0,2026-09-19T10:56:59.147187
20201231,OK,file://data\raw\nse\fo_zip\fo_20201231.csv.zip,d03c6d37343ed0fadeeafb136889cb8bbcebf43c58a90cda59aa61eddbb969ca,481476.0,417.0,4402.0,139.0,2.0,2026-09-19T10:56:59.367488
20210101,OK,file://data\raw\nse\fo_zip\fo_20210101.csv.zip,8116676d0c10ad6c4cd48a84f557e163bde1398e3262663c297add4f5ce6ee7d,469228.0,426.0,3901.0,142.0,2.0,2026-09-19T10:56:59.596238
20210104,OK,file://data\raw\nse\fo_zip\fo_20210104.csv.zip,5726cf50703fcffbb898c35b619ef4c25b8b140cc565b8054df75efa579bdba1,483471.0,426.0,3903.0,142.0,2.0,2026-09-19T10:56:59.838786
20210105,OK,file://data\raw\nse\fo_zip\fo_20210105.csv.zip,47006226d622196c7a40ca6ebce6c2bc4587c9bdad44f24fce859c431b9389dd,494354.0,426.0,3963.0,142.0,2.0,2026-09-19T10:57:00.083671
20210106,OK,file://data\raw\nse\fo_zip\fo_20210106.csv.zip,bc3458439e7e877e3eb39f6f2523b789e76a59df542b7c3f2e27e2afadec128c,506362.0,426.0,4061.0,142.0,2.0,2026-09-19T10:57:00.322367
20210107,OK,file://data\raw\nse\fo_zip\fo_20210107.csv.zip,4401bf1b7cf54a71543a60224305bfa9764173ea5d88adb80c5d643e80230273,510617.0,426.0,4081.0,142.0,2.0,2026-09-19T10:57:00.581706
20210108,OK,file://data\raw\nse\fo_zip\fo_20210108.csv.zip,962d6665a0609faece38edc4648ae2b3091baf5355fb6d23889a3d61fb2c0920,515059.0,426.0,3923.0,142.0,2.0,2026-09-19T10:57:00.822800
20210111,OK,file://data\raw\nse\fo_zip\fo_20210111.csv.zip,7b38836678458174afd830b8364099f4d0ebba2704cd96139675d55056e108f6,535980.0,436.0,5247.0,143.0,3.0,2026-09-19T10:57:01.079132
20210112,OK,file://data\raw\nse\fo_zip\fo_20210112.csv.zip,ffc688192094edb5efda55be92d241319799d2cfe7f40cd178ec3dbfc569f2f1,544800.0,436.0,5325.0,143.0,3.0,2026-09-19T10:57:01.352731
20210113,OK,file://data\raw\nse\fo_zip\fo_20210113.csv.zip,3bd77288c7133fd7590e9f1e4b2881685f86f9931c9f8a0c795654b174320b35,554432.0,436.0,5411.0,143.0,3.0,2026-09-19T10:57:01.639599
20210114,OK,file://data\raw\nse\fo_zip\fo_20210114.csv.zip,ccbd87e1f7ebc8a46054e208b231eb528a9622023e41080b29b47240e1d68763,553376.0,436.0,5471.0,143.0,3.0,2026-09-19T10:57:01.912182
20210115,OK,file://data\raw\nse\fo_zip\fo_20210115.csv.zip,24ef38a519f36d901a8bf0dc1187c15cfaf33bb50fa9716d3bb76a70faf1f13a,557210.0,436.0,5373.0,143.0,3.0,2026-09-19T10:57:02.172592
20210118,OK,file://data\raw\nse\fo_zip\fo_20210118.csv.zip,721f947dc74ade0385cafb8c74ea8ef86e8080dd9243ba823308f63d6cdaa13f,561659.0,436.0,5387.0,143.0,3.0,2026-09-19T10:57:02.416475
20210119,OK,file://data\raw\nse\fo_zip\fo_20210119.csv.zip,b4b7ee9c8e483dda714f1ab12a6583afc6517aa6dffa48d5f2c1c35079663b3a,562112.0,436.0,5465.0,143.0,3.0,2026-09-19T10:57:02.696954
20210120,OK,file://data\raw\nse\fo_zip\fo_20210120.csv.zip,cb03c68104f8a79f581fb0da97e106fe38d525760d2d8fc57b9547df79337295,563769.0,436.0,5465.0,143.0,3.0,2026-09-19T10:57:02.944658
20210121,OK,file://data\raw\nse\fo_zip\fo_20210121.csv.zip,f4393239f02e0021d86d50b131472fc3c6a31a98c0dbe28edd9d1d804ba0da45,577046.0,436.0,5487.0,143.0,3.0,2026-09-19T10:57:03.207771
20210122,OK,file://data\raw\nse\fo_zip\fo_20210122.csv.zip,1a141ba53833ee7960efa847658717756c6bce62be9072d09dbd6760bcec2e1b,581103.0,436.0,5327.0,143.0,3.0,2026-09-19T10:57:03.456898
20210125,OK,file://data\raw\nse\fo_zip\fo_20210125.csv.zip,571ec4d0070611ce3c01abbecd3cb5071f801c82cb5d7248a71300e97b8c9640,584540.0,436.0,5413.0,143.0,3.0,2026-09-19T10:57:03.717135
20210127,OK,file://data\raw\nse\fo_zip\fo_20210127.csv.zip,48049818566baf688f019c9bb76e3b24a68479b9f5276272f33fe840c68e093f,590110.0,436.0,5419.0,143.0,3.0,2026-09-19T10:57:03.967527
20210128,OK,file://data\raw\nse\fo_zip\fo_20210128.csv.zip,ba84db2133708841c1f9db339912fd7b8722e6797e7e944d8090647414b104d1,581545.0,436.0,5611.0,143.0,3.0,2026-09-19T10:57:04.235701
20210129,OK,file://data\raw\nse\fo_zip\fo_20210129.csv.zip,7d1755c68e53e6b3d4ce1fccbfad3a3e671a780494648709a6d22fd469eee3b3,528099.0,436.0,5339.0,143.0,3.0,2026-09-19T10:57:04.483108
20210201,OK,file://data\raw\nse\fo_zip\fo_20210201.csv.zip,0c8222dcb0261e8a27e222cdeaea7313224c8f05ab684e4a4748cf78512a53e7,539074.0,436.0,5388.0,143.0,3.0,2026-09-19T10:57:04.738632
20210202,OK,file://data\raw\nse\fo_zip\fo_20210202.csv.zip,7614e7c3d9d50f490619b6256ee2737ae8faa5bfafe76447001920a480afddb8,550620.0,436.0,5582.0,143.0,3.0,2026-09-19T10:57:04.985877
20210203,OK,file://data\raw\nse\fo_zip\fo_20210203.csv.zip,1c9f9370a0ba7a799c1a9487936a4aca2f80e0ec938fe9eff8f08e119fada5f7,561610.0,436.0,5938.0,143.0,3.0,2026-09-19T10:57:05.249968
20210204,OK,file://data\raw\nse\fo_zip\fo_20210204.csv.zip,e4901abf25071558e1cf5dad83ef294e5f4f5e499c24cc289512017072e2f417,566798.0,436.0,6164.0,143.0,3.0,2026-09-19T10:57:05.508844
20210205,OK,file://data\raw\nse\fo_zip\fo_20210205.csv.zip,4dfee28cd8b586b72c019dd2f64b6efbe709273779b2b494d72dd31d9c899908,569045.0,436.0,6116.0,143.0,3.0,2026-09-19T10:57:05.781474
20210208,OK,file://data\raw\nse\fo_zip\fo_20210208.csv.zip,b45a7523b02f3e390e9c6efd6e4de2bd6078e479cd1d41d8ad80120f4e906523,570197.0,436.0,6222.0,143.0,3.0,2026-09-19T10:57:06.040898
20210209,OK,file://data\raw\nse\fo_zip\fo_20210209.csv.zip,6fc718578df10535a3f484a48f1630c175cc541ab0667278447de21153543c43,581940.0,436.0,6398.0,143.0,3.0,2026-09-19T10:57:06.304503
20210210,OK,file://data\raw\nse\fo_zip\fo_20210210.csv.zip,3674b9663bb6d964a16e82f49649cf8658bfb2deb8bf0bd47bce8971dd475959,584274.0,436.0,6418.0,143.0,3.0,2026-09-19T10:57:06.568652
20210211,OK,file://data\raw\nse\fo_zip\fo_20210211.csv.zip,173eeb229b2aa1588a08ee4c5156831d4de10534192392b850bdf0b356d53674,584571.0,436.0,6418.0,143.0,3.0,2026-09-19T10:57:06.835725
20210212,OK,file://data\raw\nse\fo_zip\fo_20210212.csv.zip,6b6fb78ea0e1a59f3e8d5fd7ae54cde2bc6f150c64f43f241ef6ce46f74080aa,583953.0,436.0,6188.0,143.0,3.0,2026-09-19T10:57:07.110601
20210215,OK,file://data\raw\nse\fo_zip\fo_20210215.csv.zip,91b0abd78d6d2af3e949974e3148ca2d7c9e6dce89d40528e2f18fa66cac36ba,588606.0,436.0,6214.0,143.0,3.0,2026-09-19T10:57:07.402274
20210216,OK,file://data\raw\nse\fo_zip\fo_20210216.csv.zip,95e5993709cfe273e561081cb2367d20d9f5e28b8068873ffdfcec9f78de6323,602625.0,436.0,6642.0,143.0,3.0,2026-09-19T10:57:07.678856
20210217,OK,file://data\raw\nse\fo_zip\fo_20210217.csv.zip,7cdc2ada10745099590df33df6ece9d1d0f9f9225cb6bd8ba594fb0f2cb77de5,603029.0,436.0,6642.0,143.0,3.0,2026-09-19T10:57:07.947506
20210218,OK,file://data\raw\nse\fo_zip\fo_20210218.csv.zip,c0581e99de90b73819878c19fc0befd5b8cbf585437f72d8c6af769bb513ce26,611319.0,436.0,6642.0,143.0,3.0,2026-09-19T10:57:08.230150
20210219,OK,file://data\raw\nse\fo_zip\fo_20210219.csv.zip,06931dac88d080c76c40860b2ee28c66a103e6307e8ddb77ed9eb8bf8397d27b,617176.0,436.0,6352.0,143.0,3.0,2026-09-19T10:57:08.521588
20210222,OK,file://data\raw\nse\fo_zip\fo_20210222.csv.zip,8556f25ad5c97201eaddce0e4cdb5ca7ab616a751db65b473acfde5e6114aa0d,621163.0,436.0,6386.0,143.0,3.0,2026-09-19T10:57:08.807665
20210223,OK,file://data\raw\nse\fo_zip\fo_20210223.csv.zip,6f894046a00d11f40813986633265392b4f848f53167c949e9f93155eca39a7a,622966.0,436.0,6448.0,143.0,3.0,2026-09-19T10:57:09.081754
20210224,OK,file://data\raw\nse\fo_zip\fo_20210224.csv.zip,a706ff13e6e09f0fcaf5d094383c90c01d96a57784070fcf4edc132a92361aac,610832.0,436.0,6466.0,143.0,3.0,2026-09-19T10:57:09.361614
20210225,OK,file://data\raw\nse\fo_zip\fo_20210225.csv.zip,e3ae2e6b94c9ca70433b527002912cc641430c38cb2af2e9987d767c4c054283,619130.0,436.0,6466.0,143.0,3.0,2026-09-19T10:57:09.641318
20210226,OK,file://data\raw\nse\fo_zip\fo_20210226.csv.zip,a31504635c69d1c08f9564a2587a03fbce276538c4c20475ec04f9c131cdbc59,583373.0,484.0,6156.0,159.0,3.0,2026-09-19T10:57:09.909918
20210301,OK,file://data\raw\nse\fo_zip\fo_20210301.csv.zip,019c7cbd106993a4a93c3e68b16b5bd9837c6a8c60f1e53239a2a21ba6926580,592019.0,484.0,6282.0,159.0,3.0,2026-09-19T10:57:10.181553
20210302,OK,file://data\raw\nse\fo_zip\fo_20210302.csv.zip,1896a632e34cd8519fc34106bae2af4925134f32068432ed9a0875f7781685c0,599018.0,484.0,6282.0,159.0,3.0,2026-09-19T10:57:10.466841
20210303,OK,file://data\raw\nse\fo_zip\fo_20210303.csv.zip,186391f501c8ecb17a20d52c94c5e6070880cc34e8561737c4a76776a9f23c7e,606483.0,484.0,6282.0,159.0,3.0,2026-09-19T10:57:10.776657
20210304,OK,file://data\raw\nse\fo_zip\fo_20210304.csv.zip,7b762a03cf76a20c346b9a27613e72cc33708ebfb0b649f261b8e353401792d6,612995.0,484.0,6294.0,159.0,3.0,2026-09-19T10:57:11.055930
20210305,OK,file://data\raw\nse\fo_zip\fo_20210305.csv.zip,a9456a339ab4a0bd16fe0b9f7d9e59cc182ee6636fbc04b49d78bf5257f72db2,611870.0,484.0,6030.0,159.0,3.0,2026-09-19T10:57:11.334524
20210308,OK,file://data\raw\nse\fo_zip\fo_20210308.csv.zip,535e0e8c969f25b71a39389e619c4a2855cb6bf37de30c5b5309b7ad0923ec0b,608597.0,484.0,6054.0,159.0,3.0,2026-09-19T10:57:11.615207
20210309,OK,file://data\raw\nse\fo_zip\fo_20210309.csv.zip,83c3ce410d6215e397ac2e6f244aa18bec9aa7d0048939c5e7573bd05b5e5524,613737.0,484.0,6054.0,159.0,3.0,2026-09-19T10:57:11.891295
20210310,OK,file://data\raw\nse\fo_zip\fo_20210310.csv.zip,5b132bd6b820cd6e683c0150648ccc30c5a6aee34dfced5082752984ca98b905,610937.0,484.0,6056.0,159.0,3.0,2026-09-19T10:57:12.190421
20210312,OK,file://data\raw\nse\fo_zip\fo_20210312.csv.zip,9cdace9bee27f6cb71da41dca175e01cae6b8ac53579aa250abe0fbd5a054ee9,613752.0,484.0,5796.0,159.0,3.0,2026-09-19T10:57:12.468769
20210315,OK,file://data\raw\nse\fo_zip\fo_20210315.csv.zip,43788947f3c666cbe941ae8d3a0bbb19e16b819a811d08dc25c5cd17a83e364d,616973.0,484.0,5812.0,159.0,3.0,2026-09-19T10:57:12.799041
20210316,OK,file://data\raw\nse\fo_zip\fo_20210316.csv.zip,d6c7b5d18d333c108c8c38f7052f579c1de62088c1f9b91b819f79c0afdb8234,616679.0,484.0,5826.0,159.0,3.0,2026-09-19T10:57:13.096672
20210317,OK,file://data\raw\nse\fo_zip\fo_20210317.csv.zip,dc1aefbdb88a42003ffbe045ccce9e3a4e32c9f59a2bd62208fb28bcb24dd3b7,621877.0,484.0,5850.0,159.0,3.0,2026-09-19T10:57:13.410880
20210318,OK,file://data\raw\nse\fo_zip\fo_20210318.csv.zip,d7f052876ee14a9c3d0a2ae025dbc23d6541853eab612b0544d198ea8b086390,630263.0,484.0,5954.0,159.0,3.0,2026-09-19T10:57:13.705360
20210319,OK,file://data\raw\nse\fo_zip\fo_20210319.csv.zip,688ef91ef0765b466e59c24774d2489658550ea06d88f62b95dea99c0b5ae64b,630507.0,484.0,5762.0,159.0,3.0,2026-09-19T10:57:13.977866
20210322,OK,file://data\raw\nse\fo_zip\fo_20210322.csv.zip,ed231777c67a35677a4ea99c7d62682c3a389a13508d7a589a7625bfb9acab30,626760.0,484.0,5780.0,159.0,3.0,2026-09-19T10:57:14.253059
20210323,OK,file://data\raw\nse\fo_zip\fo_20210323.csv.zip,445dc550492c65fcc4de37105e101d00259555a7ae4bbc51c637d1ba2422cc46,631909.0,484.0,5822.0,159.0,3.0,2026-09-19T10:57:14.533991
20210324,OK,file://data\raw\nse\fo_zip\fo_20210324.csv.zip,32d9b12b36ef2704c0e9520bea48cd1bbfacbd92cebab9a6e0e5be80ee21950e,635689.0,484.0,5824.0,159.0,3.0,2026-09-19T10:57:14.818489
20210325,OK,file://data\raw\nse\fo_zip\fo_20210325.csv.zip,c63ddb89215df1ef7f4f2637434d9d88c5b8d53dce1e5098d4563c2e76eb9b54,628000.0,484.0,5894.0,159.0,3.0,2026-09-19T10:57:15.093056
20210326,OK,file://data\raw\nse\fo_zip\fo_20210326.csv.zip,f8cc40aa109a5695d782c6379ec5e35e3584b465c92bda086fe3f308f7a3a1f4,579494.0,484.0,5724.0,159.0,3.0,2026-09-19T10:57:15.360883
20210330,HTTP:404:3815,https://nsearchives.nseindia.com/content/historical/DERIVATIVES/2021/MAR/fo30MAR2021bhav.csv.zip,,,,,,,
20210331,OK,file://data\raw\nse\fo_zip\fo_20210331.csv.zip,03a5a122cdce97f2018c1451cc82302af941f37e34961b92e4368ae7bc043dbf,586728.0,484.0,5778.0,159.0,3.0,2026-09-19T10:57:16.328142
20210401,OK,file://data\raw\nse\fo_zip\fo_20210401.csv.zip,37e69d17b25a7fdc469b201d29ec6d9959339342708750c4aef619a7a5b5e26c,591713.0,484.0,5778.0,159.0,3.0,2026-09-19T10:57:16.609506
20210405,OK,file://data\raw\nse\fo_zip\fo_20210405.csv.zip,71b4fd285340acd47c3765b4234dc8b9dc06fa7b67e8adf2bf6a471abc64d9b6,593659.0,484.0,5514.0,159.0,3.0,2026-09-19T10:57:16.874578
20210406,OK,file://data\raw\nse\fo_zip\fo_20210406.csv.zip,6d48c1b6bd31ea701260340c9054f7e9917b0aed3f03d7d0b28da1a24b63d8c8,596469.0,484.0,5620.0,159.0,3.0,2026-09-19T10:57:17.157212
20210407,OK,file://data\raw\nse\fo_zip\fo_20210407.csv.zip,34361d7fb0ce456671a649feb0e275bf66ccf6678c44d4a98e938d724aa9593d,600862.0,484.0,5656.0,159.0,3.0,2026-09-19T10:57:17.426484
20210408,OK,file://data\raw\nse\fo_zip\fo_20210408.csv.zip,23c45d4171ee489a27fb6e5c9ffe8ba83aae7ff2112ece0a138146f2fab97aec,606030.0,484.0,5656.0,159.0,3.0,2026-09-19T10:57:17.699749
20210409,OK,file://data\raw\nse\fo_zip\fo_20210409.csv.zip,9269bb00665b73ede63b7ab5c1f390d66dfd02a21303c2f0a2b2e50f0f564b76,606210.0,484.0,5478.0,159.0,3.0,2026-09-19T10:57:17.978810
20210412,OK,file://data\raw\nse\fo_zip\fo_20210412.csv.zip,d4fa3046a3f89925494aeaf5a0b75a7785ea456fa3e794d6fdac283d5a85302f,623473.0,484.0,5506.0,159.0,3.0,2026-09-19T10:57:18.259343
20210413,OK,file://data\raw\nse\fo_zip\fo_20210413.csv.zip,88bc30819e41d2c7c84172cd14feaf13372fd1ad9bda79f0d9e7a4e773994c09,625470.0,484.0,5952.0,159.0,3.0,2026-09-19T10:57:18.715447
20210415,OK,file://data\raw\nse\fo_zip\fo_20210415.csv.zip,2534a6bcfbde681dfbb0c0130b6f647cf2d51842d970d551d4e1bf69f5fd3175,623995.0,484.0,5952.0,159.0,3.0,2026-09-19T10:57:18.991579
20210416,OK,file://data\raw\nse\fo_zip\fo_20210416.csv.zip,a60c69cb489fc7c8980ed5b6c515f36c45457c136586527e96928730bfcd6e26,618535.0,484.0,5726.0,159.0,3.0,2026-09-19T10:57:19.306605
20210419,OK,file://data\raw\nse\fo_zip\fo_20210419.csv.zip,6603239019c03cc6fc4bebd914135d3f6eed10b0e39414fab68eac736df04070,624641.0,484.0,5728.0,159.0,3.0,2026-09-19T10:57:19.605744
20210420,OK,file://data\raw\nse\fo_zip\fo_20210420.csv.zip,8fcfd93048672eeb111d04db6bbf33785a986ede8becf0c662c54392f3232b0b,627126.0,484.0,5762.0,159.0,3.0,2026-09-19T10:57:19.890325
20210422,OK,file://data\raw\nse\fo_zip\fo_20210422.csv.zip,5040e7e9369c89c21e5ea6932a2aaa902483e3aaa04ad07d413a7c8c23732b67,629861.0,484.0,5768.0,159.0,3.0,2026-09-19T10:57:20.191921
20210423,OK,file://data\raw\nse\fo_zip\fo_20210423.csv.zip,d60423a897bcd9632ed90eb92eb5924ee743b7dd5f411a4c81bb279ea89795bc,632764.0,484.0,5568.0,159.0,3.0,2026-09-19T10:57:20.593569
20210426,OK,file://data\raw\nse\fo_zip\fo_20210426.csv.zip,a7ac648d69d9315985aef694844125f084d0a6d7b3ff53f9f5c568361d0c0a0e,634595.0,484.0,5572.0,159.0,3.0,2026-09-19T10:57:20.963118
20210427,OK,file://data\raw\nse\fo_zip\fo_20210427.csv.zip,aedecf533be9d05f6abd905e23357ad53e3be7a83642c030d47fe3732f4b84e8,637926.0,484.0,5594.0,159.0,3.0,2026-09-19T10:57:21.379796
20210428,OK,file://data\raw\nse\fo_zip\fo_20210428.csv.zip,abee15b6ff7c3e890a0ba76efecbfdb67ebe785d3683c1daf7da4d0a582e8f13,647097.0,484.0,5628.0,159.0,3.0,2026-09-19T10:57:21.740147
20210429,OK,file://data\raw\nse\fo_zip\fo_20210429.csv.zip,5d2ccee7bd488d17bc86a174385ded4741baa8ea004f8e1801eb8067354f737d,632856.0,484.0,5728.0,159.0,3.0,2026-09-19T10:57:22.023824
20210430,OK,file://data\raw\nse\fo_zip\fo_20210430.csv.zip,c80681b54bb2f4aaa8c3f3320eb8ea8c2ce7c4d15ddc64302e601880191fedb0,575820.0,484.0,5616.0,159.0,3.0,2026-09-19T10:57:22.303164
20210503,OK,file://data\raw\nse\fo_zip\fo_20210503.csv.zip,f5e25a660b0968867dc192c98452fb91f8914a22fc3ebe888435fee79e93a944,581984.0,484.0,5652.0,159.0,3.0,2026-09-19T10:57:22.560894
20210504,OK,file://data\raw\nse\fo_zip\fo_20210504.csv.zip,b441a91aa304e383078d4a10630936a33fdc0ff64e7d4ee3ec9743764128baf4,589557.0,484.0,5664.0,159.0,3.0,2026-09-19T10:57:22.812986
20210505,OK,file://data\raw\nse\fo_zip\fo_20210505.csv.zip,ed1a72d32bef78a3d4c62ed1b4b2cd2f05205dcd2850df132e1c4faf59581901,590386.0,484.0,5680.0,159.0,3.0,2026-09-19T10:57:23.067404
20210506,OK,file://data\raw\nse\fo_zip\fo_20210506.csv.zip,21102e662d6fbbf868c7e3c4562623055beddf61be2f289b83d6751ddebf44af,592732.0,484.0,5680.0,159.0,3.0,2026-09-19T10:57:23.319184
20210507,OK,file://data\raw\nse\fo_zip\fo_20210507.csv.zip,c428ec45f7d894d351fd99f76b25ea8d2e5d0f8c0beee97bdbd1018dd5dfa5dd,594734.0,484.0,5544.0,159.0,3.0,2026-09-19T10:57:23.583710
20210510,OK,file://data\raw\nse\fo_zip\fo_20210510.csv.zip,a115a6ffe3f72e90e408abfd7530fc2f26ae2b82be2a1fdca00d10090f8cfea5,601886.0,484.0,5552.0,159.0,3.0,2026-09-19T10:57:23.850014
20210511,OK,file://data\raw\nse\fo_zip\fo_20210511.csv.zip,5403c564af5c6e9a2d32b666cad653127d980bcbdad0458c479ae9d5a78213f4,610125.0,484.0,5578.0,159.0,3.0,2026-09-19T10:57:24.109299
20210512,OK,file://data\raw\nse\fo_zip\fo_20210512.csv.zip,cf8c73dffcaa85f50278c1e07cae337e2d289f968c2358e1bbf710c96362ee9d,967355.0,484.0,5578.0,159.0,3.0,2026-09-19T10:57:24.419093
20210514,OK,file://data\raw\nse\fo_zip\fo_20210514.csv.zip,a1ed1782e51398e79c39743838e06883319bf36f51bac07d6b38cbe36bb8ae49,616906.0,484.0,5452.0,159.0,3.0,2026-09-19T10:57:24.671976
20210517,OK,file://data\raw\nse\fo_zip\fo_20210517.csv.zip,99e4393180601238abd9775c2a4fd522e23bb78b3f9c072dfeceae51b7ba5678,617856.0,484.0,5472.0,159.0,3.0,2026-09-19T10:57:24.921660
20210518,OK,file://data\raw\nse\fo_zip\fo_20210518.csv.zip,9064b2fd0ab0715478701401d1862cc16562591418a1b2b8f50c1e044e1dcdad,623923.0,484.0,5516.0,159.0,3.0,2026-09-19T10:57:25.200010
20210519,OK,file://data\raw\nse\fo_zip\fo_20210519.csv.zip,27e5f37a05c333637643f1bbc8e58f689b17ed36f2dd954407be1f84c7f981ae,625662.0,484.0,5636.0,159.0,3.0,2026-09-19T10:57:25.461079
20210520,OK,file://data\raw\nse\fo_zip\fo_20210520.csv.zip,a0111614f957e2ba51e593d42adc63685a5fbcec322a77fdb3f7784b7470f47b,629797.0,484.0,5636.0,159.0,3.0,2026-09-19T10:57:25.738087
20210521,OK,file://data\raw\nse\fo_zip\fo_20210521.csv.zip,223d8ecd6e0abfcba5a647fbf609ee20ed18c6bdf25042e39f1cbbdba81b858d,632893.0,484.0,5534.0,159.0,3.0,2026-09-19T10:57:26.016848
20210524,OK,file://data\raw\nse\fo_zip\fo_20210524.csv.zip,febab28798f3cdd72aa8302301ab7f96de745dde98cd407652f725babbc0a0fc,640849.0,484.0,5758.0,159.0,3.0,2026-09-19T10:57:26.293326
20210525,OK,file://data\raw\nse\fo_zip\fo_20210525.csv.zip,691a034f28bf106c9eef1254f3e10999f29fa3601ef417175c95fbc4f74e5ab4,641761.0,484.0,5830.0,159.0,3.0,2026-09-19T10:57:26.586889
20210526,OK,file://data\raw\nse\fo_zip\fo_20210526.csv.zip,f9e426d6cd0906d6977876af60694164633c6a83c67fcfba4367882f8701e7d4,643966.0,484.0,5830.0,159.0,3.0,2026-09-19T10:57:26.861956
20210527,OK,file://data\raw\nse\fo_zip\fo_20210527.csv.zip,8a9eafcd31479eb48c0faf5eb07e1276f8d7e19ab8e211c1a8667eed4483f8e7,634151.0,484.0,5870.0,159.0,3.0,2026-09-19T10:57:27.147539
20210528,OK,file://data\raw\nse\fo_zip\fo_20210528.csv.zip,54a86c5e6a4372192344043ff6bcc74e47479b99311421376ef2e60faac36dd4,572987.0,484.0,5764.0,159.0,3.0,2026-09-19T10:57:27.399648
20210531,OK,file://data\raw\nse\fo_zip\fo_20210531.csv.zip,7dd880cbb6d36ac3f312eefd79ccd6433e73b6e7054f83f1ae39f6f4e54185f5,577551.0,484.0,5824.0,159.0,3.0,2026-09-19T10:57:27.646836
20210601,OK,file://data\raw\nse\fo_zip\fo_20210601.csv.zip,d03bd3e874bb77059a123e9bb6fffee6546e9143a46202e5df27262dfe1ec7bc,581936.0,484.0,6004.0,159.0,3.0,2026-09-19T10:57:27.896639
20210602,OK,file://data\raw\nse\fo_zip\fo_20210602.csv.zip,7a2c3957478202a4189e175195b009f6f55db0fb2b85a4731c3c495cefb006da,584737.0,484.0,6004.0,159.0,3.0,2026-09-19T10:57:28.145773
20210603,OK,file://data\raw\nse\fo_zip\fo_20210603.csv.zip,1fc16e12d50332f96d4866df36bd423240b8cfb1e0e1f3491fa751e6a23f7f1b,589557.0,484.0,6004.0,159.0,3.0,2026-09-19T10:57:28.400569
20210604,OK,file://data\raw\nse\fo_zip\fo_20210604.csv.zip,64916e00dc556ed99ef0eaee12dc7dc3d9914d87eb1dfa335951a540e782014d,592475.0,484.0,5910.0,159.0,3.0,2026-09-19T10:57:28.652580
20210607,OK,file://data\raw\nse\fo_zip\fo_20210607.csv.zip,3c89b5dd1ffb378bbee585e154b6f2ebe2a5766d97db75aebe07d52a78a46198,599347.0,484.0,5920.0,159.0,3.0,2026-09-19T10:57:28.912560
20210608,OK,file://data\raw\nse\fo_zip\fo_20210608.csv.zip,860a84e43cda135d26a2d6fe52632f35bc975a455c76cc5485a0a159f127d26f,604230.0,484.0,5962.0,159.0,3.0,2026-09-19T10:57:29.172014
20210609,OK,file://data\raw\nse\fo_zip\fo_20210609.csv.zip,7024d9a2c0854cc887d61b90ff2d6363c492601cb98317b06c8ef9a4226b7762,613236.0,484.0,5968.0,159.0,3.0,2026-09-19T10:57:29.440761
20210610,OK,file://data\raw\nse\fo_zip\fo_20210610.csv.zip,bc879fe8b86cab95173f240fa6ba942295562bb257f4f478a1fc03751e61ebcc,608642.0,484.0,5982.0,159.0,3.0,2026-09-19T10:57:29.696182
20210611,OK,file://data\raw\nse\fo_zip\fo_20210611.csv.zip,2c478b0790cfe80e19cb3cf347d988c4740cfc7a687d6de8f1178c836c2d2e3b,609373.0,484.0,5806.0,159.0,3.0,2026-09-19T10:57:29.945400
20210614,OK,file://data\raw\nse\fo_zip\fo_20210614.csv.zip,ba8d3beea32fbfcf05b061e39b5b134535e9a33ce322e4afa0adadfd5741d3f4,613578.0,484.0,5830.0,159.0,3.0,2026-09-19T10:57:30.200390
20210615,OK,file://data\raw\nse\fo_zip\fo_20210615.csv.zip,35ffaf1928ae6d55598f55e82f4671da7e489d8fc5efa05a3b3491f5fbbb0bd8,615043.0,484.0,5830.0,159.0,3.0,2026-09-19T10:57:30.458932
20210616,OK,file://data\raw\nse\fo_zip\fo_20210616.csv.zip,51182f141b294c8601847023f0e6eae86d398cb7fb7a3b255bdb4e7150811e8f,620661.0,484.0,5852.0,159.0,3.0,2026-09-19T10:57:30.725622
20210617,OK,file://data\raw\nse\fo_zip\fo_20210617.csv.zip,c0ce356c2138b9b56db8d74f4fe2aa2bfe30ecb24905cdbaba642a50e26b8d1c,626100.0,484.0,5852.0,159.0,3.0,2026-09-19T10:57:30.982359
20210618,OK,file://data\raw\nse\fo_zip\fo_20210618.csv.zip,371365c0f1d3880e2244b24f2f4a3a6f2e3b8c15a7fa2e457b3554d596b2af11,632963.0,484.0,5706.0,159.0,3.0,2026-09-19T10:57:31.247001
20210621,OK,file://data\raw\nse\fo_zip\fo_20210621.csv.zip,f72065682852abdd9e2aa2d9c33785459d00d8254239abd25aebe8fb5f757bef,629945.0,484.0,5706.0,159.0,3.0,2026-09-19T10:57:31.522016
20210622,OK,file://data\raw\nse\fo_zip\fo_20210622.csv.zip,0e3254963413642b646926b677b7b88e054fe1d2e009ac4aa37a2afa90016c2e,635343.0,484.0,5716.0,159.0,3.0,2026-09-19T10:57:31.788809
20210623,OK,file://data\raw\nse\fo_zip\fo_20210623.csv.zip,551344a20af4ec3b655f2acb251bafa47ac0aa771e95f13b6cc240739781ee28,635674.0,484.0,5716.0,159.0,3.0,2026-09-19T10:57:32.053369
20210624,OK,file://data\raw\nse\fo_zip\fo_20210624.csv.zip,168cd955ca6a53ae6489234b5aaa362c2f784bdbfa654edecf8860d8495b864b,622021.0,484.0,5716.0,159.0,3.0,2026-09-19T10:57:32.344938
20210625,OK,file://data\raw\nse\fo_zip\fo_20210625.csv.zip,8eb19c110347b445606fa915043062e868c2258035e6b76b29ebb109f2924dd7,583509.0,496.0,5358.0,163.0,3.0,2026-09-19T10:57:32.612272
20210628,OK,file://data\raw\nse\fo_zip\fo_20210628.csv.zip,b8d373241ac59ad43c1d0f03bc912c27d13db51e5ae6a81f75de9ccf732e10ee,588714.0,496.0,5400.0,163.0,3.0,2026-09-19T10:57:32.870469
20210629,OK,file://data\raw\nse\fo_zip\fo_20210629.csv.zip,f11aa1427a7761bd1b1f2c0850f1f935578a447d64af42baf47b838ed56fe4a2,591821.0,496.0,5400.0,163.0,3.0,2026-09-19T10:57:33.136373
20210630,OK,file://data\raw\nse\fo_zip\fo_20210630.csv.zip,8099d2a5a0443285deeaa9a545ea47a2e4c76a297d62704aa66c0070e844862c,593924.0,496.0,5420.0,163.0,3.0,2026-09-19T10:57:33.394867
20210701,OK,file://data\raw\nse\fo_zip\fo_20210701.csv.zip,c62a9458e4f49e88fcc3a46f8b828913bbd0f3f23703c4c9a03d3789928f68cc,593613.0,496.0,5424.0,163.0,3.0,2026-09-19T10:57:33.654477
20210702,OK,file://data\raw\nse\fo_zip\fo_20210702.csv.zip,b81b5e28a83742ad8e38e0c81d885315bdf52e954a68f1e3a5ad0e92757ec8a8,596084.0,496.0,5266.0,163.0,3.0,2026-09-19T10:57:33.914465
20210705,OK,file://data\raw\nse\fo_zip\fo_20210705.csv.zip,2eea8d73b7985c7bbf8ff09f07bbbe17e50d2443f5ba5f79ecd274b6fd58fc9a,599864.0,496.0,5268.0,163.0,3.0,2026-09-19T10:57:34.177876
20210706,OK,file://data\raw\nse\fo_zip\fo_20210706.csv.zip,83f509bd71bb2d8bd3fea026a4d731b399897bc2ec83929474136b49e81f4f00,607813.0,496.0,5286.0,163.0,3.0,2026-09-19T10:57:34.438558
20210707,OK,file://data\raw\nse\fo_zip\fo_20210707.csv.zip,878992bfec6945a87ce0e8cdac805ee0c218d7265910a4042566af55cde7cad7,607178.0,496.0,5316.0,163.0,3.0,2026-09-19T10:57:34.711444
20210708,OK,file://data\raw\nse\fo_zip\fo_20210708.csv.zip,0a6fd0206d331428d2f80ce646c9e474a6843d8efbf172de1687d10e9ec0b6be,613085.0,496.0,5396.0,163.0,3.0,2026-09-19T10:57:34.978475
20210709,OK,file://data\raw\nse\fo_zip\fo_20210709.csv.zip,5fa3c30bf90325d5ba5c44d7bd02c47d8d84d456c4bdd285d55d444cc39b0603,609652.0,496.0,5246.0,163.0,3.0,2026-09-19T10:57:35.250960
20210712,OK,file://data\raw\nse\fo_zip\fo_20210712.csv.zip,abc82446ff06926afc67e4b7a592ab89e7d6445d44cdb10d2b14c6033b2010dc,611998.0,496.0,5254.0,163.0,3.0,2026-09-19T10:57:35.525493
20210713,OK,file://data\raw\nse\fo_zip\fo_20210713.csv.zip,af14bf91018c89aa3823c056e2b922e673db70c6ec08f97815a29dd83190caec,613953.0,496.0,5254.0,163.0,3.0,2026-09-19T10:57:35.828653
20210714,OK,file://data\raw\nse\fo_zip\fo_20210714.csv.zip,f2be814c33989cbc3487d1b1e8f9e6db9ae9c0d43ad48cd6c312557f68234fb4,616436.0,496.0,5268.0,163.0,3.0,2026-09-19T10:57:36.110966
20210715,OK,file://data\raw\nse\fo_zip\fo_20210715.csv.zip,56046c60e14a0f068833da8d413e777cd1ffe37d35435638c3f9498a8c6ee8ac,618396.0,496.0,5270.0,163.0,3.0,2026-09-19T10:57:36.382983
20210716,OK,file://data\raw\nse\fo_zip\fo_20210716.csv.zip,768939096cabfce18d88d4009701781b741a35045810ff6b5f31c637cd81ad80,621773.0,496.0,5142.0,163.0,3.0,2026-09-19T10:57:36.658171
20210719,OK,file://data\raw\nse\fo_zip\fo_20210719.csv.zip,c6607149f6632ddd6286ca32e25503498c821583c4f63f0a38e23dbff23dd668,630786.0,496.0,5144.0,163.0,3.0,2026-09-19T10:57:36.924084
20210720,OK,file://data\raw\nse\fo_zip\fo_20210720.csv.zip,5b8bb0619ce7a83e06b21f5ec81aab0338bcd4237e8124b0bf11e39ea87c89ad,636617.0,496.0,5170.0,163.0,3.0,2026-09-19T10:57:37.210639
20210722,OK,file://data\raw\nse\fo_zip\fo_20210722.csv.zip,371be4bac13e680dbbecce59e75d28bc10e8d23551ab838987931c0711218689,640202.0,496.0,5264.0,163.0,3.0,2026-09-19T10:57:37.488212
20210723,OK,file://data\raw\nse\fo_zip\fo_20210723.csv.zip,aaedb78316c526631ac49784c9a8288e2a2c8aa837c3d66e48659f438ff5b2a9,641939.0,496.0,5150.0,163.0,3.0,2026-09-19T10:57:37.768641
20210726,OK,file://data\raw\nse\fo_zip\fo_20210726.csv.zip,50c7d8f8327fda0ee5604666208fa1be2130971456cfa14554ce0a4befed041c,646604.0,496.0,5160.0,163.0,3.0,2026-09-19T10:57:38.051256
20210727,OK,file://data\raw\nse\fo_zip\fo_20210727.csv.zip,adf842a42f99f65b5a0551823f8e80b1a90c678676f0a4e3368f269d0b26b98f,655070.0,496.0,5160.0,163.0,3.0,2026-09-19T10:57:38.354060
20210728,OK,file://data\raw\nse\fo_zip\fo_20210728.csv.zip,16a3eb4ba0ea7e823b1c87dd02d7232eb582cdcc326f0c1419263c08cb865915,663949.0,496.0,5162.0,163.0,3.0,2026-09-19T10:57:38.626812
20210729,OK,file://data\raw\nse\fo_zip\fo_20210729.csv.zip,d4935f4ee82ea0576a8acd54a788bbf7360fb03b69d3c9028b61c15a160eb509,652203.0,496.0,5170.0,163.0,3.0,2026-09-19T10:57:38.933171
20210730,OK,file://data\raw\nse\fo_zip\fo_20210730.csv.zip,760881c52700e8a2b0d4ac4841409bcc24920a0419cc9470f12f9f00231ae6b2,595667.0,502.0,5010.0,165.0,3.0,2026-09-19T10:57:39.263195
20210802,OK,file://data\raw\nse\fo_zip\fo_20210802.csv.zip,215db28f9ff4afdf94b1edc4f19d09575defcbaf775a24875091b89f2819fcb4,600972.0,502.0,5014.0,165.0,3.0,2026-09-19T10:57:39.591828
20210803,OK,file://data\raw\nse\fo_zip\fo_20210803.csv.zip,88c7dd8115f62e652cb8479345b1cf9f66aa580087e2601cc559d615d7f51e7c,608481.0,502.0,5020.0,165.0,3.0,2026-09-19T10:57:39.877542
20210804,OK,file://data\raw\nse\fo_zip\fo_20210804.csv.zip,391458f4e477075456db9868bb021f68712c8107566febba486433481c9b12f3,617639.0,502.0,5142.0,165.0,3.0,2026-09-19T10:57:40.172856
20210805,OK,file://data\raw\nse\fo_zip\fo_20210805.csv.zip,14cd6e3b8e08173bb16608375c48744a00b41aa1182000335936218f4b8a35ac,620196.0,502.0,5334.0,165.0,3.0,2026-09-19T10:57:40.481713
20210806,OK,file://data\raw\nse\fo_zip\fo_20210806.csv.zip,1931d6c740b7cee053595fff1990f58355d2a4e78a1634175a7dd8647e359e77,619559.0,502.0,5276.0,165.0,3.0,2026-09-19T10:57:40.774089
20210809,OK,file://data\raw\nse\fo_zip\fo_20210809.csv.zip,fc9d5fd0f163f0bfb4d890af4ef38d9e256ac1a59b963f867ce0a870f61277fe,621455.0,502.0,5280.0,165.0,3.0,2026-09-19T10:57:41.093766
20210810,OK,file://data\raw\nse\fo_zip\fo_20210810.csv.zip,8e58f77fa0857892544f8d2828313a3748121246a85cc1477c0c64f3791df400,629036.0,502.0,5284.0,165.0,3.0,2026-09-19T10:57:41.428048
20210811,OK,file://data\raw\nse\fo_zip\fo_20210811.csv.zip,f95b015a63029978b754aa140fd1b3b397ad15955caf0118e98557cdb4874239,630240.0,502.0,5286.0,165.0,3.0,2026-09-19T10:57:41.712508
20210812,OK,file://data\raw\nse\fo_zip\fo_20210812.csv.zip,21b53ff52d8a59a8c2f567c3de8c0ae51b50dba4ca1bc0c657fce72150d61e5a,629221.0,502.0,5286.0,165.0,3.0,2026-09-19T10:57:42.007355
20210813,OK,file://data\raw\nse\fo_zip\fo_20210813.csv.zip,4525b547594cecf5a9a268f0d8d8f5478e284e4773288a13a2b007ca83643e24,632758.0,502.0,5226.0,165.0,3.0,2026-09-19T10:57:42.295917
20210816,OK,file://data\raw\nse\fo_zip\fo_20210816.csv.zip,318e2a9f4b4c6234c7de7ff390aaa0715585ab2332beb4d88f895b7655c2e31c,636387.0,502.0,5368.0,165.0,3.0,2026-09-19T10:57:42.597165
20210817,OK,file://data\raw\nse\fo_zip\fo_20210817.csv.zip,312dd63c8f905a85ed7559d4eb862d32f66d3710ac2bdf7f2c1441e46b24f812,644589.0,502.0,5368.0,165.0,3.0,2026-09-19T10:57:42.897819
20210818,OK,file://data\raw\nse\fo_zip\fo_20210818.csv.zip,097c6f8c2886f9f8659e5e880fe04fce955685c2740c8383e73c23c04aa5b98c,653302.0,502.0,5388.0,165.0,3.0,2026-09-19T10:57:43.211009
20210820,OK,file://data\raw\nse\fo_zip\fo_20210820.csv.zip,f67b91f905bac61464dee61c61c21862c04f72d8d7d370da1aff4c4bfa2652bc,663324.0,502.0,5302.0,165.0,3.0,2026-09-19T10:57:43.494384
20210823,OK,file://data\raw\nse\fo_zip\fo_20210823.csv.zip,6a041aad485f4778262d7e05cfb4d9a0b1a34f786263bafafd8533ecc55f6810,671891.0,502.0,5344.0,165.0,3.0,2026-09-19T10:57:43.789049
20210824,OK,file://data\raw\nse\fo_zip\fo_20210824.csv.zip,300b3bdefea61c36ecd3cba36161e7d1a480d012f310653d89d711eda6f1a288,679329.0,502.0,5344.0,165.0,3.0,2026-09-19T10:57:44.074695
20210825,OK,file://data\raw\nse\fo_zip\fo_20210825.csv.zip,867fe1a02ea55bb3287f1211ecaaf5ab08168897f70e45da443f0b901df93bc6,680073.0,502.0,5370.0,165.0,3.0,2026-09-19T10:57:44.369362
20210826,OK,file://data\raw\nse\fo_zip\fo_20210826.csv.zip,ebadc0498f21c8b86bbb932a3f9b2f7efaae06794005878f5be2fab8f8053b36,666246.0,502.0,5390.0,165.0,3.0,2026-09-19T10:57:44.654472
20210827,OK,file://data\raw\nse\fo_zip\fo_20210827.csv.zip,3635d589750f29cb3153171cb8fdb3ee0f94c9bf5c8ba80797c07942c12e36f8,621169.0,532.0,5278.0,175.0,3.0,2026-09-19T10:57:44.946930
20210830,OK,file://data\raw\nse\fo_zip\fo_20210830.csv.zip,b0e96c4d711e20979a9c2680de4c49eb8d72d2e795f5be37c478f8c22cb7a727,631772.0,532.0,5300.0,175.0,3.0,2026-09-19T10:57:45.237955
20210831,OK,file://data\raw\nse\fo_zip\fo_20210831.csv.zip,008d6982d7b40328880743a0cb9788072eca2a187fd208eee03e2a41bf105b8e,643108.0,532.0,5524.0,175.0,3.0,2026-09-19T10:57:45.515017
20210901,OK,file://data\raw\nse\fo_zip\fo_20210901.csv.zip,38fcb316bff070e3e77bf8ba71e517aff15999c7844d946706a701a074721510,653254.0,532.0,5682.0,175.0,3.0,2026-09-19T10:57:45.813484
20210902,OK,file://data\raw\nse\fo_zip\fo_20210902.csv.zip,e296c14e661408b88e97979bbd88a5b79951f52a02478cb20d167ce068ae22cc,658953.0,532.0,5720.0,175.0,3.0,2026-09-19T10:57:46.095121
20210903,OK,file://data\raw\nse\fo_zip\fo_20210903.csv.zip,41ffa48195b49ab6ebc62d9c0bcad50e1951d95ae9b8820b7d8db037f5ecb3b7,665612.0,532.0,5676.0,175.0,3.0,2026-09-19T10:57:46.390970
20210906,OK,file://data\raw\nse\fo_zip\fo_20210906.csv.zip,453f4ecf6a00e2d7d3358b5aeaf6e1b2c4ae3d8de417fce83b0a2e5014a9fdc4,668088.0,532.0,5720.0,175.0,3.0,2026-09-19T10:57:46.696232
20210907,OK,file://data\raw\nse\fo_zip\fo_20210907.csv.zip,ea7a14cfbf945c7983162554a7d2a9d159db396838406484c8f8a3ab333ded46,672687.0,532.0,5764.0,175.0,3.0,2026-09-19T10:57:46.995761
20210908,OK,file://data\raw\nse\fo_zip\fo_20210908.csv.zip,d8171cdb4598572af2af1d60488513490db3ed1ceedf78d5f6ede58e01a38022,674932.0,532.0,5766.0,175.0,3.0,2026-09-19T10:57:47.327311
20210909,OK,file://data\raw\nse\fo_zip\fo_20210909.csv.zip,a0de229d83a5e609851b303cd577b8123f77b154e6897aadaac02f8db930a2fd,675219.0,532.0,5766.0,175.0,3.0,2026-09-19T10:57:47.626205
20210913,OK,file://data\raw\nse\fo_zip\fo_20210913.csv.zip,c220ccae272d9e26a24d4d088d648ee10ffe4b4637a90ac391d2bdd218705fdc,674268.0,532.0,5610.0,175.0,3.0,2026-09-19T10:57:47.931633
20210914,OK,file://data\raw\nse\fo_zip\fo_20210914.csv.zip,3411f3ab26fb3f9feb11683bcac5d534b4b5112cc147dce44e8ed4e4c79a3bd9,682569.0,532.0,5616.0,175.0,3.0,2026-09-19T10:57:48.226906
20210915,OK,file://data\raw\nse\fo_zip\fo_20210915.csv.zip,488c051b4990bee7c0a3f02dcb7b2e43e897569c4237732f84178c8833f5b771,690122.0,532.0,5618.0,175.0,3.0,2026-09-19T10:57:48.523214
20210916,OK,file://data\raw\nse\fo_zip\fo_20210916.csv.zip,6275eab53df9084a8e2d5112d9b29af053d841e1b360edb186276b3157e3ea29,697531.0,532.0,5680.0,175.0,3.0,2026-09-19T10:57:48.824692
20210917,OK,file://data\raw\nse\fo_zip\fo_20210917.csv.zip,ca8c33c901fe65674ae4e87ef1beaba97f2ac8d05637ee51061fe32f43e524cc,710422.0,532.0,5750.0,175.0,3.0,2026-09-19T10:57:49.130466
20210920,OK,file://data\raw\nse\fo_zip\fo_20210920.csv.zip,08b1e45621e5ad50d82e06eca57d9f8ac4f7d10ed4887ab7adfe88ddd9934173,713076.0,532.0,5792.0,175.0,3.0,2026-09-19T10:57:49.452258
20210921,OK,file://data\raw\nse\fo_zip\fo_20210921.csv.zip,fc8e2bf1aa4fb4843b18cd1914444c22dbdeca27dd0680bf3a225a75552fa2d3,718221.0,532.0,5816.0,175.0,3.0,2026-09-19T10:57:49.792763
20210922,OK,file://data\raw\nse\fo_zip\fo_20210922.csv.zip,ae2eae466b5f885e31ef3fcf70a6568f02881e87d3843770e5e6ea7f657ec78d,724658.0,532.0,5816.0,175.0,3.0,2026-09-19T10:57:50.123238
20210923,OK,file://data\raw\nse\fo_zip\fo_20210923.csv.zip,fe1b2115c094853aa651bfc7113c1cb32de91f7b768bae7fef00262c2e546b29,732698.0,532.0,5820.0,175.0,3.0,2026-09-19T10:57:50.458041
20210924,OK,file://data\raw\nse\fo_zip\fo_20210924.csv.zip,a78392eda0588e9f68e3a7de706567206b4c70392d8f1ab4d332aa22fc1b9d07,743606.0,532.0,5728.0,175.0,3.0,2026-09-19T10:57:50.792658
20210927,OK,file://data\raw\nse\fo_zip\fo_20210927.csv.zip,9d87f3c272086bd927950e846acc7b45d612316a773f582e97e6aefaf145663c,743422.0,532.0,5748.0,175.0,3.0,2026-09-19T10:57:51.102886
20210928,OK,file://data\raw\nse\fo_zip\fo_20210928.csv.zip,c9bf0fd710ca23c79e151b62bd707dfd55fae8e65c329b13a2aa75b111c4b612,762433.0,532.0,5846.0,175.0,3.0,2026-09-19T10:57:51.427804
20210929,OK,file://data\raw\nse\fo_zip\fo_20210929.csv.zip,3fdb9782edb2e1e8d8011791c2ed034c5f9be69bd38ba0742341e0550729a20a,766921.0,532.0,5850.0,175.0,3.0,2026-09-19T10:57:51.760777
20210930,OK,file://data\raw\nse\fo_zip\fo_20210930.csv.zip,f73b1b07de81ab4d8136491f124a846db6fa3e9e538704559496aa3e7efadf26,754911.0,532.0,5856.0,175.0,3.0,2026-09-19T10:57:52.070130
20211001,OK,file://data\raw\nse\fo_zip\fo_20211001.csv.zip,ec74cc64d02b4e46caef45f1a9384a1a79f440b7076bd481f2223b45ef9fb132,726539.0,556.0,5644.0,183.0,3.0,2026-09-19T10:57:52.483756
20211004,OK,file://data\raw\nse\fo_zip\fo_20211004.csv.zip,feeff7d789ba1b0413d48ce6e44a45ec2833af1c8de8ee605176458efa4187cf,737274.0,556.0,5666.0,183.0,3.0,2026-09-19T10:57:53.034984
20211005,OK,file://data\raw\nse\fo_zip\fo_20211005.csv.zip,f39437188b7e62a0c28ae5280a24e89082e56bcfa2e725ba2fc5ea286ac1580e,746427.0,556.0,5674.0,183.0,3.0,2026-09-19T10:57:53.447836
20211006,OK,file://data\raw\nse\fo_zip\fo_20211006.csv.zip,cba791cda8ed66ca431d0e3a04d19672783b8cba1f9a369c316086f2aa24704f,755472.0,556.0,5684.0,183.0,3.0,2026-09-19T10:57:53.815867
20211007,OK,file://data\raw\nse\fo_zip\fo_20211007.csv.zip,c23d0184bb650e58939eb565b2ff9433c275a0159573981dd531fa35c2e8b092,756224.0,556.0,5684.0,183.0,3.0,2026-09-19T10:57:54.137068
20211008,OK,file://data\raw\nse\fo_zip\fo_20211008.csv.zip,fc93ef6a90e52ffadb6891a1e67015744a5bc4b3f7655590ec55d6e8f4c18ce8,759652.0,556.0,5526.0,183.0,3.0,2026-09-19T10:57:54.480687
20211011,OK,file://data\raw\nse\fo_zip\fo_20211011.csv.zip,e812f3bc7fc0e8f7bc575149705650fe83881cb393617e50f7ecbd0c5d5acb49,765619.0,556.0,5550.0,183.0,3.0,2026-09-19T10:57:54.803648
20211012,OK,file://data\raw\nse\fo_zip\fo_20211012.csv.zip,2be08e6e28bc7ac7b610571617873fa2b369efea947476aa9a0ee2030665cb5b,770940.0,556.0,5616.0,183.0,3.0,2026-09-19T10:57:55.136555
20211013,OK,file://data\raw\nse\fo_zip\fo_20211013.csv.zip,fc03707d386bb174302ac3201b1079b85d8f78d4d0091dbbf6b76a72c0f01220,797307.0,556.0,5678.0,183.0,3.0,2026-09-19T10:57:55.476216
20211014,OK,file://data\raw\nse\fo_zip\fo_20211014.csv.zip,4de881bc829a7b9bc0131985df6ff36653751be9b0ccac61385702873261b7f4,813578.0,556.0,5762.0,183.0,3.0,2026-09-19T10:57:55.831281
20211018,OK,file://data\raw\nse\fo_zip\fo_20211018.csv.zip,d8238278f357d39e2819aa06724a39d67cb8359e5255ecdec4d00cee625e37a9,822762.0,555.0,5844.0,183.0,3.0,2026-09-19T10:57:56.193057
20211019,OK,file://data\raw\nse\fo_zip\fo_20211019.csv.zip,82431be802a42b9e9d7229bdfaa6dc09ddb7ff5900b5b26bb7592ec1c81febca,836080.0,555.0,6000.0,183.0,3.0,2026-09-19T10:57:56.547067
20211020,OK,file://data\raw\nse\fo_zip\fo_20211020.csv.zip,f82425bb5651a0b658c46d59e7132c86901c81160de3a3efb374ea6e413fd295,842338.0,554.0,5982.0,183.0,3.0,2026-09-19T10:57:56.897539
20211021,OK,file://data\raw\nse\fo_zip\fo_20211021.csv.zip,9d6c98c6be1ef8c8cd6de8b51ddde3647cad2d3b2ceb3503a86da5bdd224483f,844393.0,554.0,5988.0,183.0,3.0,2026-09-19T10:57:57.267889
20211022,OK,file://data\raw\nse\fo_zip\fo_20211022.csv.zip,d113c70ceb4ba22719823242bd4e5a6ddb522be90876fa7b7db455a329674bab,850192.0,554.0,5894.0,183.0,3.0,2026-09-19T10:57:57.641501
20211025,OK,file://data\raw\nse\fo_zip\fo_20211025.csv.zip,e3ca4b1e6dd3f96f5b76f11b230f82b909eb28a2de446a44aac9327903406a70,858435.0,554.0,5982.0,183.0,3.0,2026-09-19T10:57:57.993534
20211026,OK,file://data\raw\nse\fo_zip\fo_20211026.csv.zip,18e556908375f3d1a606adc5e3b45e62815b706a2223226cad8c91d3de3bf97c,861429.0,554.0,6220.0,183.0,3.0,2026-09-19T10:57:58.350743
20211027,OK,file://data\raw\nse\fo_zip\fo_20211027.csv.zip,0b7440cc6866b435e2ca33b840541b359787e32adfcbbec643d7dfbe4c231cf5,863638.0,554.0,6178.0,183.0,3.0,2026-09-19T10:57:58.704372
20211028,OK,file://data\raw\nse\fo_zip\fo_20211028.csv.zip,bb577efdad439309b4bfd9974a88b117341cff7677e66247ff44cd262306027c,847852.0,554.0,6182.0,183.0,3.0,2026-09-19T10:57:59.053285
20211029,OK,file://data\raw\nse\fo_zip\fo_20211029.csv.zip,f722a569f3a5114b8cb697bd0d65398f0c4c6d9cc77426c405a0f60c777065c7,774746.0,578.0,5980.0,191.0,3.0,2026-09-19T10:57:59.399017
20211101,OK,file://data\raw\nse\fo_zip\fo_20211101.csv.zip,3d2a16cc4a626eef9d9ee75797947524fb2ead1c98bc1103e23e81de79f2d5c2,781977.0,578.0,6040.0,191.0,3.0,2026-09-19T10:57:59.737960
20211102,OK,file://data\raw\nse\fo_zip\fo_20211102.csv.zip,bc8b1875b2e555439b406c4616c96444c0ef32625620abe7e00a587edf1b08ce,782065.0,578.0,6050.0,191.0,3.0,2026-09-19T10:58:00.096941
20211103,OK,file://data\raw\nse\fo_zip\fo_20211103.csv.zip,f829f791e8dc517acdc92184e8e04f7d66291e2fb0c06a0c6a54d8ff53833767,784988.0,577.0,6020.0,191.0,3.0,2026-09-19T10:58:00.439207
20211104,OK,file://data\raw\nse\fo_zip\fo_20211104.csv.zip,73a69a2b45fb048ff806da743b90c9768344ff717e0f63107c35b4199daa655a,734779.0,577.0,5880.0,191.0,3.0,2026-09-19T10:58:00.771466
20211108,OK,file://data\raw\nse\fo_zip\fo_20211108.csv.zip,68f7123b9250302197f4a7de3b9252ce676d66ca38fe9caab375b16a929ebf6d,785940.0,577.0,5886.0,191.0,3.0,2026-09-19T10:58:01.107851
20211109,OK,file://data\raw\nse\fo_zip\fo_20211109.csv.zip,234545eeb333f0392aca1f1a570b2821c29fdae8efa81a45f8113c7703d6ab3e,793002.0,577.0,5898.0,191.0,3.0,2026-09-19T10:58:01.437522
20211110,OK,file://data\raw\nse\fo_zip\fo_20211110.csv.zip,21545bbcc4d9f92d1deb089846c33c0effac881f3835554448030211404d721b,796680.0,576.0,5866.0,191.0,3.0,2026-09-19T10:58:01.778741
20211111,OK,file://data\raw\nse\fo_zip\fo_20211111.csv.zip,bd8c700de22cc45e1586091de647842289de5e5e0eb19089989b3183911739e6,798616.0,576.0,5882.0,191.0,3.0,2026-09-19T10:58:02.120042
20211112,OK,file://data\raw\nse\fo_zip\fo_20211112.csv.zip,22013e923d6e231e788549d91dbc4f34a0a1d177eec4ba0176930fe9c73d9816,799556.0,576.0,5780.0,191.0,3.0,2026-09-19T10:58:02.461772
20211115,OK,file://data\raw\nse\fo_zip\fo_20211115.csv.zip,215acd20db98ef7aa6bd9b7193adf9ab8a3d68c6bc377e92d3e58ef7171ca943,802645.0,576.0,5796.0,191.0,3.0,2026-09-19T10:58:02.823532
20211116,OK,file://data\raw\nse\fo_zip\fo_20211116.csv.zip,a9d41ca1d762461f9736db09bab3ba32d650fca0b4c108f9f52e6d7f4e8f06f6,807957.0,576.0,5796.0,191.0,3.0,2026-09-19T10:58:03.176390
20211117,OK,file://data\raw\nse\fo_zip\fo_20211117.csv.zip,9eb9728f98ae3ba70ad2f0c24dbd6b7464edc2d5e7a4f1cba9b8fe7c01d84a2d,813249.0,575.0,5794.0,191.0,3.0,2026-09-19T10:58:03.514119
20211118,OK,file://data\raw\nse\fo_zip\fo_20211118.csv.zip,912f8c4cad6e9e5a95ca46fa76751c7ac42176456d81db698cf969974c683fd9,827080.0,575.0,5836.0,191.0,3.0,2026-09-19T10:58:03.861764
20211122,OK,file://data\raw\nse\fo_zip\fo_20211122.csv.zip,d181b0dd24ebe8da4b8dee24f1ba71f5b8e91d751ac96a16511414388d799e90,835979.0,575.0,5726.0,191.0,3.0,2026-09-19T10:58:04.238361
20211123,OK,file://data\raw\nse\fo_zip\fo_20211123.csv.zip,3cfbdee2a757f5b8c1ccce8d58190303aa3008b840fd1bd7e928f40677422a3d,838831.0,575.0,5994.0,191.0,3.0,2026-09-19T10:58:04.593076
20211124,OK,file://data\raw\nse\fo_zip\fo_20211124.csv.zip,35641a605c3f2336175b042f1b09fe25621c8704e70ce3834e6d3ac559876574,837342.0,574.0,5948.0,191.0,3.0,2026-09-19T10:58:04.938074
20211125,OK,file://data\raw\nse\fo_zip\fo_20211125.csv.zip,fa0c76507d005a6b64a48b9a980acc113e0b2d4e031d638d35070c34c9fbe65c,819166.0,574.0,5948.0,191.0,3.0,2026-09-19T10:58:05.288810
20211126,OK,file://data\raw\nse\fo_zip\fo_20211126.csv.zip,d6e19b7dac923f9a5f7f89404c86e38051833ac6099dfe7265005986a4ee1e6b,750339.0,574.0,5762.0,191.0,3.0,2026-09-19T10:58:05.633133
20211129,OK,file://data\raw\nse\fo_zip\fo_20211129.csv.zip,4e83c7a1f393a1b7400a54f2faa2170fb4a77d176360b1af94e98f5b46c2e4e0,761132.0,574.0,6254.0,191.0,3.0,2026-09-19T10:58:05.961174
20211130,OK,file://data\raw\nse\fo_zip\fo_20211130.csv.zip,df549a210583ea96ec3f2368cbecb3af00d7ad52300cdfabc9bc411c76a7b2b0,764642.0,574.0,6254.0,191.0,3.0,2026-09-19T10:58:06.322880
20211201,OK,file://data\raw\nse\fo_zip\fo_20211201.csv.zip,0e22ae8d5a22a27f27b4e0c9c63b0b7158396dee3d250918125a5054f3a6e434,765220.0,574.0,6308.0,191.0,3.0,2026-09-19T10:58:06.690136
20211202,OK,file://data\raw\nse\fo_zip\fo_20211202.csv.zip,62f54520eb8e578c39b7e76ac0a899fc4261de8e262afc1175f3de3075fe8163,764320.0,574.0,6314.0,191.0,3.0,2026-09-19T10:58:07.014397
20211203,OK,file://data\raw\nse\fo_zip\fo_20211203.csv.zip,9ceb3245cde5585c38c99dfbe145dfc1f09ddae595c06c8f5d97cc2be7de9af7,765282.0,574.0,6148.0,191.0,3.0,2026-09-19T10:58:07.375366
20211206,OK,file://data\raw\nse\fo_zip\fo_20211206.csv.zip,7f8f84ac945000e3a5d0fc666aa740f1b18dbd08110a39f7fdf448b9521d9659,765011.0,574.0,6162.0,191.0,3.0,2026-09-19T10:58:07.816555
20211207,OK,file://data\raw\nse\fo_zip\fo_20211207.csv.zip,785c6c323d8a5a46c0ea4f9b50a9feb7a1e75d1dd685b60fae21dc02c963c3b8,767520.0,574.0,6220.0,191.0,3.0,2026-09-19T10:58:08.160270
20211208,OK,file://data\raw\nse\fo_zip\fo_20211208.csv.zip,42d98ec1dbf89f14a14f05b199d528ad2e05ab14f935c77445621ce453115319,771904.0,573.0,6178.0,191.0,3.0,2026-09-19T10:58:08.500939
20211209,OK,file://data\raw\nse\fo_zip\fo_20211209.csv.zip,ffae325346cdf82c81b218307c4d5e9d783972e3c07e853064ab994e0d378f5f,773489.0,573.0,6206.0,191.0,3.0,2026-09-19T10:58:08.839831
20211210,OK,file://data\raw\nse\fo_zip\fo_20211210.csv.zip,75da05e607d5b8b2e0765905d78459b5968b229178dc35d8adc8a4173d2097d2,770842.0,573.0,6034.0,191.0,3.0,2026-09-19T10:58:09.164989
20211213,OK,file://data\raw\nse\fo_zip\fo_20211213.csv.zip,0d0167eecb9da57d1a0eb5fb4aadeb7806bf6a84e9cdaa54b1e4823de004334a,775374.0,573.0,6034.0,191.0,3.0,2026-09-19T10:58:09.569097
20211214,OK,file://data\raw\nse\fo_zip\fo_20211214.csv.zip,bc8f73abdeff0ad34a0602f4753086cf43b030f0bd40ac48b341e137bd6a6ea7,773678.0,573.0,6044.0,191.0,3.0,2026-09-19T10:58:09.949949
20211215,OK,file://data\raw\nse\fo_zip\fo_20211215.csv.zip,c1a7897b1d02df4d6bb2efb6dd57cfd3faf107c7a0f26dc49eb55247c2099da4,774666.0,573.0,6004.0,191.0,3.0,2026-09-19T10:58:10.309646
20211216,OK,file://data\raw\nse\fo_zip\fo_20211216.csv.zip,2d11ae8186320e7df6d0bde31a09aaafd28cac2943fa33672952eb1e98539476,776396.0,573.0,6014.0,191.0,3.0,2026-09-19T10:58:10.672359
20211217,OK,file://data\raw\nse\fo_zip\fo_20211217.csv.zip,fca6c7f97b95cc1a430114ceb68c0c057edb51de038947846ada754e0d160a05,785076.0,573.0,5850.0,191.0,3.0,2026-09-19T10:58:11.088285
20211220,OK,file://data\raw\nse\fo_zip\fo_20211220.csv.zip,7e17f24580708f87431cba9049d5d9f8ddd37f4890127bfc11f7583c74831177,803492.0,573.0,5968.0,191.0,3.0,2026-09-19T10:58:11.484937
20211221,OK,file://data\raw\nse\fo_zip\fo_20211221.csv.zip,5fb05dd5a9c7b489504a883e59f40cad7f1332d5db2d5db3af7c0266f99f1f9b,805154.0,573.0,6438.0,191.0,3.0,2026-09-19T10:58:11.878107
20211222,OK,file://data\raw\nse\fo_zip\fo_20211222.csv.zip,c8fea1fd4fc0421038467b78f94baa45b1041a33ee7aed8088edfed83d8b3da3,800909.0,573.0,6380.0,191.0,3.0,2026-09-19T10:58:12.235651
20211223,OK,file://data\raw\nse\fo_zip\fo_20211223.csv.zip,1d308844d78fce77440b811bb0be1beb8082c2cdf25ac645d3989bec3ada83b8,804057.0,573.0,6384.0,191.0,3.0,2026-09-19T10:58:12.594965
20211224,OK,file://data\raw\nse\fo_zip\fo_20211224.csv.zip,4d3afd409718a1987a8733169fc9050c454e7df178e86c665217972660e608de,801258.0,573.0,6184.0,191.0,3.0,2026-09-19T10:58:13.058341
20211227,OK,file://data\raw\nse\fo_zip\fo_20211227.csv.zip,72a47a3683248d88c05d2aa6955dd357955e4c6799fcc78d208f1c0ef6c9babf,806934.0,573.0,6192.0,191.0,3.0,2026-09-19T10:58:13.529761
20211228,OK,file://data\raw\nse\fo_zip\fo_20211228.csv.zip,31cc59f4596fa5b33ee4833a6ae4452133cf9d6cde0d8782fe2b29260063524f,815295.0,573.0,6194.0,191.0,3.0,2026-09-19T10:58:13.909817
20211229,OK,file://data\raw\nse\fo_zip\fo_20211229.csv.zip,a6091031b1845e24a9acc2e0a14c1415135bce60252a0ff45cd89330d8113914,815729.0,573.0,6144.0,191.0,3.0,2026-09-19T10:58:14.275738
20211230,OK,file://data\raw\nse\fo_zip\fo_20211230.csv.zip,815591b85dd1f202bb6d8a4cce0d70ea000472cd40dc0d7688c75f4a2ebe434d,803773.0,573.0,6146.0,191.0,3.0,2026-09-19T10:58:14.627051
20211231,OK,file://data\raw\nse\fo_zip\fo_20211231.csv.zip,eefa34494a94c6d304dcbacbd172f7bf89835f4b13ab4ccfee6c181cdeb44231,773744.0,600.0,5799.0,200.0,3.0,2026-09-19T10:58:14.970644
20220103,OK,file://data\raw\nse\fo_zip\fo_20220103.csv.zip,6d6ec3716c76d495c43da509b71c3260653d7f259c01b897143cc94f68a704ab,785686.0,600.0,5833.0,200.0,3.0,2026-09-19T10:58:15.324707
20220104,OK,file://data\raw\nse\fo_zip\fo_20220104.csv.zip,c85fbabe5f58af792682d3a9a720706d14f4361a0a751b925445202d3d22b773,795933.0,600.0,5965.0,200.0,3.0,2026-09-19T10:58:15.694881
20220105,OK,file://data\raw\nse\fo_zip\fo_20220105.csv.zip,1095c25ceff5d1b477196a856260bad0ea31582960e30800d4e441b8c308baf4,805067.0,600.0,5991.0,200.0,3.0,2026-09-19T10:58:16.047196
20220106,OK,file://data\raw\nse\fo_zip\fo_20220106.csv.zip,fb3d175f9cb356d9089130a95c4b6d33680ace353afd23c8d1053e11c27c4e47,808365.0,600.0,6137.0,200.0,3.0,2026-09-19T10:58:16.409220
20220107,OK,file://data\raw\nse\fo_zip\fo_20220107.csv.zip,b2626832b28204d551c5790215971ce19909eb26df04d87d102ab919d18bf847,823084.0,600.0,5973.0,200.0,3.0,2026-09-19T10:58:16.791198
20220110,OK,file://data\raw\nse\fo_zip\fo_20220110.csv.zip,61698f5fd6bf4e5166c5e26f79708046ffd0ba2d833eedd110c4f0fe056433f4,825766.0,600.0,5979.0,200.0,3.0,2026-09-19T10:58:17.144561
20220111,OK,file://data\raw\nse\fo_zip\fo_20220111.csv.zip,58c1eb5d6579ed7e09d2f98295777ac570e0d6e599d2c1efb42b572fe334af7c,828700.0,600.0,6121.0,200.0,3.0,2026-09-19T10:58:17.491038
20220112,OK,file://data\raw\nse\fo_zip\fo_20220112.csv.zip,6d16e65195f916eb2b3fefc6727ffc81ba5cb710561264136d0739a08782827f,831917.0,600.0,6107.0,200.0,3.0,2026-09-19T10:58:17.868468
20220113,OK,file://data\raw\nse\fo_zip\fo_20220113.csv.zip,138d13b8123426696224e8ffb3b65e6c38ad8a9a89d03aa978a6a4594fe83db2,837794.0,600.0,6243.0,200.0,3.0,2026-09-19T10:58:18.245092
20220114,OK,file://data\raw\nse\fo_zip\fo_20220114.csv.zip,8dbd2a386a3161eab15ba52dc2df62f52b6bef0bc3b6c3ff87c7d187e68464a3,836753.0,600.0,6111.0,200.0,3.0,2026-09-19T10:58:18.590356
20220117,OK,file://data\raw\nse\fo_zip\fo_20220117.csv.zip,d35f7295fb9e533adf3b0d8723c8e341b1ad3c14c3a81b8a0a128c8984e8b84e,842783.0,600.0,6113.0,200.0,3.0,2026-09-19T10:58:18.959796
20220118,OK,file://data\raw\nse\fo_zip\fo_20220118.csv.zip,b0371368dfff3593e713f747638484b748bd86b6ebcd6253cdb98cf8379ec55c,852362.0,600.0,6137.0,200.0,3.0,2026-09-19T10:58:19.320743
20220119,OK,file://data\raw\nse\fo_zip\fo_20220119.csv.zip,0e714baaa58fae32c24722beb303260ca595969b93678abdfb9a4508d0cb8d98,854998.0,600.0,6103.0,200.0,3.0,2026-09-19T10:58:19.684566
20220120,OK,file://data\raw\nse\fo_zip\fo_20220120.csv.zip,cd58ab7f29d22775440cc1fb923a09d08913dca791c9188e09e4c52b6cb55040,856903.0,600.0,6121.0,200.0,3.0,2026-09-19T10:58:20.082481
20220121,OK,file://data\raw\nse\fo_zip\fo_20220121.csv.zip,65fb9ed4e6cc16fbda5738525f2d48fc13229cc53332db51046e572ef6b6e2cb,866281.0,600.0,5985.0,200.0,3.0,2026-09-19T10:58:20.538161
20220124,OK,file://data\raw\nse\fo_zip\fo_20220124.csv.zip,ea579ca1e3306832e11b53a9464e099d2c824a9a4a7b90845e5e83d6d753c543,891434.0,610.0,7239.0,201.0,4.0,2026-09-19T10:58:20.998364
20220125,OK,file://data\raw\nse\fo_zip\fo_20220125.csv.zip,99aea7caff2ecdb0d51100eed28ee61f903e431dc035fbc69bc96b6af45e34a3,901101.0,610.0,7479.0,201.0,4.0,2026-09-19T10:58:21.426975
20220127,OK,file://data\raw\nse\fo_zip\fo_20220127.csv.zip,ebc1b2e8896233e4fcbfddd318798a14b82ba17b35cc93ae598fb00c2c52e2a0,888008.0,610.0,7409.0,201.0,4.0,2026-09-19T10:58:21.861946
20220128,OK,file://data\raw\nse\fo_zip\fo_20220128.csv.zip,d5a22280eb6484eac5cf7ded93e43292d9b2a47b31e1100144e5e4755af6b005,809413.0,616.0,7241.0,203.0,4.0,2026-09-19T10:58:22.238626
20220131,OK,file://data\raw\nse\fo_zip\fo_20220131.csv.zip,671afcfab067aed48a9011f0de60345f04371927f75f0e63325715f709575f51,810933.0,616.0,7251.0,203.0,4.0,2026-09-19T10:58:22.591307
20220201,OK,file://data\raw\nse\fo_zip\fo_20220201.csv.zip,1af525d915ca6ac3b7484ec8246789181e2744cb6f43d12e9c1bb78092c11b60,821622.0,616.0,7265.0,203.0,4.0,2026-09-19T10:58:22.977547
20220202,OK,file://data\raw\nse\fo_zip\fo_20220202.csv.zip,721097ea1fd599d1beda7420f7a520f8502abd1578ed27fac514517895331455,825775.0,616.0,7271.0,203.0,4.0,2026-09-19T10:58:23.338633
20220203,OK,file://data\raw\nse\fo_zip\fo_20220203.csv.zip,25fbb52a7b8ef12fb4eed22a3cb93a969e0a093e35c4a8d73a1d508220e7fd7d,826119.0,616.0,7465.0,203.0,4.0,2026-09-19T10:58:23.724136
20220204,OK,file://data\raw\nse\fo_zip\fo_20220204.csv.zip,05719c5fa44ad3bd392a4e9e59179bbd156c0b28b1db6a172e6e34064124bc1f,821865.0,616.0,7137.0,203.0,4.0,2026-09-19T10:58:24.069145
20220207,OK,file://data\raw\nse\fo_zip\fo_20220207.csv.zip,bd628449f19e19689f5756f946e2f17cdfecfff14125e48f8aabe2457b049db3,827081.0,616.0,7143.0,203.0,4.0,2026-09-19T10:58:24.445040
20220208,OK,file://data\raw\nse\fo_zip\fo_20220208.csv.zip,a506d8bc9aa6c9df35aa28a5bdeac6dc860584061579038176b845f40fe59f16,829758.0,616.0,7169.0,203.0,4.0,2026-09-19T10:58:24.835521
20220209,OK,file://data\raw\nse\fo_zip\fo_20220209.csv.zip,a48224b6fcc742a6bb30ea9b9113d0b5455862b49f1b5d2e58fe7edd7fa7716e,828989.0,616.0,7115.0,203.0,4.0,2026-09-19T10:58:25.223747
20220210,OK,file://data\raw\nse\fo_zip\fo_20220210.csv.zip,ed8b309d4aee0eaea37b36a83943e0af78d514ff9c6de65438177b3041303e1c,832449.0,616.0,7125.0,203.0,4.0,2026-09-19T10:58:25.569762
20220211,OK,file://data\raw\nse\fo_zip\fo_20220211.csv.zip,373d1ded9f6ca8886ce6aca1517b8555e63ccf9f691d6e354b6a9b999e8af3c5,829384.0,616.0,6805.0,203.0,4.0,2026-09-19T10:58:25.925621
20220214,OK,file://data\raw\nse\fo_zip\fo_20220214.csv.zip,2a4a9f4865b08a384dcb2e361f858ab4ebc559656281c5acbb960526a240b5ac,846510.0,616.0,6819.0,203.0,4.0,2026-09-19T10:58:26.268831
20220215,OK,file://data\raw\nse\fo_zip\fo_20220215.csv.zip,01c1a792f50618a9cb4bac91aefa1392be7f6a54bdaa200c24e4bb9fb6ad1638,855566.0,616.0,7075.0,203.0,4.0,2026-09-19T10:58:26.611097
20220216,OK,file://data\raw\nse\fo_zip\fo_20220216.csv.zip,eb8f1bb99ce02b81f80044fee7c6a0a3bd2d719012e19d99fa23ed3d53d1d7b2,849784.0,616.0,7011.0,203.0,4.0,2026-09-19T10:58:26.952624
20220217,OK,file://data\raw\nse\fo_zip\fo_20220217.csv.zip,450595e103a75bea5b6b9273bf1b3b0ea5e5c3373a6a31fab076d05c4b1553aa,845992.0,616.0,7013.0,203.0,4.0,2026-09-19T10:58:27.294756
20220218,OK,file://data\raw\nse\fo_zip\fo_20220218.csv.zip,1d1674364718b2b43829fbfeccab72c2aae79980dcbc7654a29b2f9a3f1bb08b,849250.0,616.0,6685.0,203.0,4.0,2026-09-19T10:58:27.621552
20220221,OK,file://data\raw\nse\fo_zip\fo_20220221.csv.zip,b6430ecc6e25e2ea6fb252c9fd84ca1cdec7465d0bd168b49794037f24a07bfe,857075.0,616.0,6689.0,203.0,4.0,2026-09-19T10:58:27.972587
20220222,OK,file://data\raw\nse\fo_zip\fo_20220222.csv.zip,f5b5344b8d2dc3da860c0407df6074062edc8c0aa1c3d4a593163004e72b45e0,867445.0,616.0,6695.0,203.0,4.0,2026-09-19T10:58:28.315121
20220223,OK,file://data\raw\nse\fo_zip\fo_20220223.csv.zip,04267cc76b1c263d6dc084f8203230c915e84bade8376e88ab03aaedda316c03,865695.0,616.0,6637.0,203.0,4.0,2026-09-19T10:58:28.640597
20220224,OK,file://data\raw\nse\fo_zip\fo_20220224.csv.zip,086facb4b4dc7f4ee1a9401623e7195df881d651e0b6e7228dc541647dc69e69,873686.0,616.0,6643.0,203.0,4.0,2026-09-19T10:58:28.983733
20220225,OK,file://data\raw\nse\fo_zip\fo_20220225.csv.zip,1959c87b17ade95544b4e74cdfb511d5b5522d6c1b03ee471b98360b185223d4,785653.0,615.0,7141.0,203.0,4.0,2026-09-19T10:58:29.310019
20220228,OK,file://data\raw\nse\fo_zip\fo_20220228.csv.zip,de33ac49c987c5e295dfb1de8453805a8a10ef1b8f2c13196406e6e9d8003148,789588.0,615.0,7181.0,203.0,4.0,2026-09-19T10:58:29.637312
20220302,OK,file://data\raw\nse\fo_zip\fo_20220302.csv.zip,3bf6996c6055bd67cbca0616c5c06b54d81f583c76e67a0d236fae30a9243f54,797323.0,615.0,7101.0,203.0,4.0,2026-09-19T10:58:29.980421
20220303,OK,file://data\raw\nse\fo_zip\fo_20220303.csv.zip,1e91a6e563197f208d57c63b35905837c9f76f0690ae7d8a84afcfe4a4ace884,800724.0,615.0,7107.0,203.0,4.0,2026-09-19T10:58:30.313202
20220304,OK,file://data\raw\nse\fo_zip\fo_20220304.csv.zip,64aa55829b3bbadc031560e165f1c21db31d678ccc09bf1531e4da06ddad5877,809348.0,615.0,6997.0,203.0,4.0,2026-09-19T10:58:30.650033
20220307,OK,file://data\raw\nse\fo_zip\fo_20220307.csv.zip,3f56dcdee1e888cd36c40220dde97063e55aa8b2b3d425a175f9bd32c8493798,816445.0,615.0,7143.0,203.0,4.0,2026-09-19T10:58:30.991235
20220308,OK,file://data\raw\nse\fo_zip\fo_20220308.csv.zip,5944b2c1a2e6aa37d287a34bac7f96cdc373436674c07949594320cdfbc39448,831976.0,615.0,7679.0,203.0,4.0,2026-09-19T10:58:31.340509
20220309,OK,file://data\raw\nse\fo_zip\fo_20220309.csv.zip,62115e8ed9c84156326963146ad9cb93f972b43af88cebc94c1458623ed55dd3,833433.0,615.0,7569.0,203.0,4.0,2026-09-19T10:58:31.689971
20220310,OK,file://data\raw\nse\fo_zip\fo_20220310.csv.zip,8fec6ef61bd0247e5321efa10f66a46d8f6c2acead5f5a91f7c772bd3902859f,841684.0,615.0,7583.0,203.0,4.0,2026-09-19T10:58:32.040400
20220311,OK,file://data\raw\nse\fo_zip\fo_20220311.csv.zip,faed085bae758d85d7807ff34ac701d84df512c295f3d398c6f801cbd741c4ce,830235.0,615.0,7369.0,203.0,4.0,2026-09-19T10:58:32.425775
20220314,OK,file://data\raw\nse\fo_zip\fo_20220314.csv.zip,6d53429140259897c8b6e3617277110fca8a79f5c7e1ce5f5c2b90a9c22bc729,835164.0,615.0,7377.0,203.0,4.0,2026-09-19T10:58:32.774852
20220315,OK,file://data\raw\nse\fo_zip\fo_20220315.csv.zip,c343e9fb0ea9acceeb65655b0509e57255c44f61a70b720fb5d9f25a211e658a,843345.0,615.0,7425.0,203.0,4.0,2026-09-19T10:58:33.146088
20220316,OK,file://data\raw\nse\fo_zip\fo_20220316.csv.zip,a31e582538aa019f120d5a606a317bd3b8a5f818c32065d6178c4e0ce32c13ef,840484.0,615.0,7315.0,203.0,4.0,2026-09-19T10:58:33.539171
20220317,OK,file://data\raw\nse\fo_zip\fo_20220317.csv.zip,273c788b0b576e084dc23f6a27e8fcbb330b305607b667210f2852634080a882,852921.0,615.0,7375.0,203.0,4.0,2026-09-19T10:58:33.885716
20220321,OK,file://data\raw\nse\fo_zip\fo_20220321.csv.zip,8a34dc3dddb6d2f3b6479e63b4a06f5d409d30c4000e8357b54d919504184332,848328.0,615.0,7249.0,203.0,4.0,2026-09-19T10:58:34.214534
20220322,OK,file://data\raw\nse\fo_zip\fo_20220322.csv.zip,5a50ea78f26689772bb76cfa60b1950e5ba5e886bd773d21575280edfe53c5fc,853380.0,615.0,7265.0,203.0,4.0,2026-09-19T10:58:34.545082
20220323,OK,file://data\raw\nse\fo_zip\fo_20220323.csv.zip,f88203255d06b80708198c429e67a6ad0198426889c45d1b01f9e7f8294b242c,852414.0,615.0,7159.0,203.0,4.0,2026-09-19T10:58:34.880513
20220324,OK,file://data\raw\nse\fo_zip\fo_20220324.csv.zip,88e02cffd1604196745a73e847ee20ef05fe7655b97428f409eaf415c4c1cf55,852707.0,615.0,7165.0,203.0,4.0,2026-09-19T10:58:35.225995
20220325,OK,file://data\raw\nse\fo_zip\fo_20220325.csv.zip,b4ef5d3f03238390a3506f802881088cdb11177a8e7b2d4e5b421f2c4ee8f8de,854670.0,615.0,6983.0,203.0,4.0,2026-09-19T10:58:35.574663
20220328,OK,file://data\raw\nse\fo_zip\fo_20220328.csv.zip,9e0270147ece00f6ec450cbf3eb020958987a03f606e02df7b7ac7148ff64772,864103.0,615.0,6991.0,203.0,4.0,2026-09-19T10:58:35.963836
20220329,OK,file://data\raw\nse\fo_zip\fo_20220329.csv.zip,8650ec6834deab9b16e298ce9f728e78c06a2706ea0e5f82f518a737d736d5e2,869464.0,615.0,6995.0,203.0,4.0,2026-09-19T10:58:36.323400
20220330,OK,file://data\raw\nse\fo_zip\fo_20220330.csv.zip,125b236424ab3b933e051b9c426c9a491fe1134d7408b58acd1da5ad523862d7,874228.0,615.0,6903.0,203.0,4.0,2026-09-19T10:58:36.660032
20220331,OK,file://data\raw\nse\fo_zip\fo_20220331.csv.zip,8fad4e973c98ab411394bd1569441da7ce4c09c98a3158f130ebdfbcfc140e28,854277.0,615.0,6967.0,203.0,4.0,2026-09-19T10:58:37.020247
20220401,OK,file://data\raw\nse\fo_zip\fo_20220401.csv.zip,c57e7c03e8a95df538daa5b8ec84681cb00f23e9adb819fe62d2718c8df1c36c,788691.0,614.0,6753.0,203.0,4.0,2026-09-19T10:58:37.356116
20220404,OK,file://data\raw\nse\fo_zip\fo_20220404.csv.zip,5fbd21bcf30e66259b16b37c97fcdeb4109cae484738d3e6cb7a7b53d9e11481,810951.0,614.0,6943.0,203.0,4.0,2026-09-19T10:58:37.704745
20220405,OK,file://data\raw\nse\fo_zip\fo_20220405.csv.zip,5d8a7a3ae5633f6ed50e11a5fadfd64dcda954eda6e851f2877a2fea39b3a191,823736.0,614.0,7419.0,203.0,4.0,2026-09-19T10:58:38.063529
20220406,OK,file://data\raw\nse\fo_zip\fo_20220406.csv.zip,597c174c57811eac7b0213a20ef34982d895fc1499100da434ede9f185ceca8c,826313.0,614.0,7345.0,203.0,4.0,2026-09-19T10:58:38.402139
20220407,OK,file://data\raw\nse\fo_zip\fo_20220407.csv.zip,d5bf1d2f5740560cf3c4206cccdd2ff6c353be7f011e7c6bfc6ffd1e8658e949,832450.0,614.0,7369.0,203.0,4.0,2026-09-19T10:58:38.749462
20220408,OK,file://data\raw\nse\fo_zip\fo_20220408.csv.zip,bb64642ea089643ac7fecfa395f5cf6af59b705919460811bcde05e74b4585de,827537.0,614.0,7171.0,203.0,4.0,2026-09-19T10:58:39.099678
20220411,OK,file://data\raw\nse\fo_zip\fo_20220411.csv.zip,2e129f6521c09a1fed3c0630e77398b2dc39cec361357d97e01883ec1949619b,827329.0,614.0,7181.0,203.0,4.0,2026-09-19T10:58:39.475889
20220412,OK,file://data\raw\nse\fo_zip\fo_20220412.csv.zip,ddbde8b4ae74562b1b4d987bea822d461c6a89c4d403d1175d0fdc63072b4e76,833788.0,614.0,7181.0,203.0,4.0,2026-09-19T10:58:39.838471
20220413,OK,file://data\raw\nse\fo_zip\fo_20220413.csv.zip,723e511e88142a9a59b45077e3158f68e5f95f507f93eb683eb6d3f26d1ab7c5,829091.0,614.0,7087.0,203.0,4.0,2026-09-19T10:58:40.222394
20220418,OK,file://data\raw\nse\fo_zip\fo_20220418.csv.zip,13672bf809369ef3506c4092610a46932aedba8f5c2f2e9ccf7eec16e2e458f5,833250.0,614.0,6929.0,203.0,4.0,2026-09-19T10:58:40.606567
20220419,OK,file://data\raw\nse\fo_zip\fo_20220419.csv.zip,02f6a688f80acd1279e4c18e9cc6c3e3268ab44acf342f89104904bae18878aa,841177.0,614.0,7025.0,203.0,4.0,2026-09-19T10:58:40.975912
20220420,OK,file://data\raw\nse\fo_zip\fo_20220420.csv.zip,4be64459f3ec60a7b265c24a91f9fa3dad9f2d26235968ad60dcd8d85f53e9bb,843738.0,614.0,7001.0,203.0,4.0,2026-09-19T10:58:41.332272
20220421,OK,file://data\raw\nse\fo_zip\fo_20220421.csv.zip,e1952d0f7a76704ab25767fa886b740edc664d7a322b83c3df18ccf7290898a6,846121.0,614.0,7003.0,203.0,4.0,2026-09-19T10:58:41.672008
20220422,OK,file://data\raw\nse\fo_zip\fo_20220422.csv.zip,fd59fb41b96b12845bf90bc1d9606ffe4e207cd9a9da52c0b1afe9fd17db3245,851176.0,614.0,6861.0,203.0,4.0,2026-09-19T10:58:42.008989
20220425,OK,file://data\raw\nse\fo_zip\fo_20220425.csv.zip,560dd86abdd2e2684459ef47b6a12d00324a37122cbd8a9caed0466cbad35a29,862097.0,614.0,6905.0,203.0,4.0,2026-09-19T10:58:42.359786
20220426,OK,file://data\raw\nse\fo_zip\fo_20220426.csv.zip,b59fc355652696083dbe8a5f25887338ec6a854ff50dc2d8dd0e35b6a2632d4c,870662.0,614.0,6933.0,203.0,4.0,2026-09-19T10:58:42.710223
20220427,OK,file://data\raw\nse\fo_zip\fo_20220427.csv.zip,76487d06899541da8cd72482e91fa187c4ae442481f6dd4aac637876fcd5fc40,872451.0,614.0,6829.0,203.0,4.0,2026-09-19T10:58:43.067158
20220428,OK,file://data\raw\nse\fo_zip\fo_20220428.csv.zip,85ce1cc314edb661dbd5f8efac24fe267389a2357832057ddd46ab9f96050ca0,855728.0,614.0,6835.0,203.0,4.0,2026-09-19T10:58:43.417673
20220429,OK,file://data\raw\nse\fo_zip\fo_20220429.csv.zip,c04ed5c45f73c53f628b947d2f4c8d56bf250c52e39a1ad8b1d9799146cac5f1,767905.0,611.0,6619.0,202.0,4.0,2026-09-19T10:58:43.749077
20220502,OK,file://data\raw\nse\fo_zip\fo_20220502.csv.zip,82766812def3416ec00330db5888ec3bb472369f7851b349588b3132a3f2e8be,766611.0,611.0,6631.0,202.0,4.0,2026-09-19T10:58:44.067535
20220504,OK,file://data\raw\nse\fo_zip\fo_20220504.csv.zip,931ca2805f6e66587d10cf55aa717a0c69b0312e7ee8326a21734391950447c8,772672.0,611.0,6535.0,202.0,4.0,2026-09-19T10:58:44.394905
20220505,OK,file://data\raw\nse\fo_zip\fo_20220505.csv.zip,1ebe679be0214e5c5244ffb174a7fd5c86c5e21daab7c096872e746798a833fb,774765.0,611.0,6797.0,202.0,4.0,2026-09-19T10:58:44.721741
20220506,OK,file://data\raw\nse\fo_zip\fo_20220506.csv.zip,cbafd828b8a80041dd692487081bf392fb79e0d93d97a0922a6c595dd5ed9774,778316.0,611.0,6655.0,202.0,4.0,2026-09-19T10:58:45.047943
20220509,OK,file://data\raw\nse\fo_zip\fo_20220509.csv.zip,27314965cf50bf15c21c2239e21fdc928ba480a07b9269e580616861530f0657,785129.0,611.0,6909.0,202.0,4.0,2026-09-19T10:58:45.384040
20220510,OK,file://data\raw\nse\fo_zip\fo_20220510.csv.zip,b3bc86776f943d0d1955d28da4b5d90a557165eb8f161e969a3cc4f75db007df,787304.0,611.0,7061.0,202.0,4.0,2026-09-19T10:58:45.749836
20220511,OK,file://data\raw\nse\fo_zip\fo_20220511.csv.zip,912c3548e04cfcd6e9b8e3c13d43f4fbf08c40d7d89c9e18933fd38ee71e2e69,802573.0,611.0,7015.0,202.0,4.0,2026-09-19T10:58:46.084942
20220512,OK,file://data\raw\nse\fo_zip\fo_20220512.csv.zip,bcfd44b255e4033bf06440bd223caeb00e568139dbbc1a07bb00f6150d2c88da,809543.0,611.0,7073.0,202.0,4.0,2026-09-19T10:58:46.479789
20220513,OK,file://data\raw\nse\fo_zip\fo_20220513.csv.zip,0dd6f8926b6bf6e8f6445fd9c04066ebcb19f9f076cb6aa2f1464e038fe2a480,811765.0,611.0,7235.0,202.0,4.0,2026-09-19T10:58:46.844224
20220516,OK,file://data\raw\nse\fo_zip\fo_20220516.csv.zip,0fbbdb93016e2803d56f89404f183eb133672793b7139591bc9c7044aeb78bd1,817004.0,611.0,7321.0,202.0,4.0,2026-09-19T10:58:47.201164
20220517,OK,file://data\raw\nse\fo_zip\fo_20220517.csv.zip,27aad6fafadd7a562ae32d29dd347776f26ae270b35831839dc27713e9d954dd,823366.0,611.0,7325.0,202.0,4.0,2026-09-19T10:58:47.551046
20220518,OK,file://data\raw\nse\fo_zip\fo_20220518.csv.zip,ef0383039077c6a27e5813bf070be4d0248ca12d5eab89632187cc997faa395b,827480.0,611.0,7249.0,202.0,4.0,2026-09-19T10:58:47.905122
20220519,OK,file://data\raw\nse\fo_zip\fo_20220519.csv.zip,56e1d0c61c20c03359f59f351dfc40bf91e549f21388ddf5dbd7ed29d420c379,831682.0,611.0,7249.0,202.0,4.0,2026-09-19T10:58:48.283175
20220520,OK,file://data\raw\nse\fo_zip\fo_20220520.csv.zip,aef6b39005e681f72f9385d8556f7ca1e7be4c39965740490411bb01178022ea,837048.0,611.0,7087.0,202.0,4.0,2026-09-19T10:58:48.618435
20220523,OK,file://data\raw\nse\fo_zip\fo_20220523.csv.zip,982086bd4a50a80b306fddcd5e8c2431f95f2d706dee5b37dd902b2c4e96aa0c,849232.0,611.0,7125.0,202.0,4.0,2026-09-19T10:58:48.953588
20220524,OK,file://data\raw\nse\fo_zip\fo_20220524.csv.zip,1fb4c595cca8a92b08273d26ce3d26dbf60029d3e89935f26bcb15024a2da7de,848329.0,611.0,7125.0,202.0,4.0,2026-09-19T10:58:49.299770
20220525,OK,file://data\raw\nse\fo_zip\fo_20220525.csv.zip,103d96d7f1ea74ba34f0ea53c5dbe6fdae2310ee66f36ec5b753f9e3fe20f936,857566.0,611.0,7015.0,202.0,4.0,2026-09-19T10:58:49.647034
20220526,OK,file://data\raw\nse\fo_zip\fo_20220526.csv.zip,8e1ab6f8ae572d116198ff47e8b8463025c354a02d1afdbdbc11e111735d4de6,851576.0,611.0,7025.0,202.0,4.0,2026-09-19T10:58:50.007171
20220527,OK,file://data\raw\nse\fo_zip\fo_20220527.csv.zip,1b5e6724a2a4dbcf8179d1ec2fcfe88397fef32dd33e6773de8ca9760fb823da,744825.0,608.0,6869.0,202.0,4.0,2026-09-19T10:58:50.336075
20220530,OK,file://data\raw\nse\fo_zip\fo_20220530.csv.zip,1a794f2ed44c6b851d8fe722c89083918346143cd2737c261e95af57ebae7ab1,753780.0,608.0,6941.0,202.0,4.0,2026-09-19T10:58:50.673459
20220531,OK,file://data\raw\nse\fo_zip\fo_20220531.csv.zip,0739d9828acd3a5dab8758fd4fc939936b45c97a7bacb1af3dd98e8b29b517ff,757797.0,608.0,7013.0,202.0,4.0,2026-09-19T10:58:50.995153
20220601,OK,file://data\raw\nse\fo_zip\fo_20220601.csv.zip,7882144ffabe92e2dbeada8783065fcdc7f8a2b5c60017cb37c5202a6e2b9634,757357.0,608.0,6909.0,202.0,4.0,2026-09-19T10:58:51.313610
20220602,OK,file://data\raw\nse\fo_zip\fo_20220602.csv.zip,cd8ec39d83fca5a9e118a40853d362abdafcad9a46d1b24d89eb4379ed5b5a73,753981.0,608.0,6909.0,202.0,4.0,2026-09-19T10:58:51.654087
20220603,OK,file://data\raw\nse\fo_zip\fo_20220603.csv.zip,95e03f6a4801f3eeae7755f704632bfb9716d3958744e8fefe6ffe7ebaf4f188,756258.0,608.0,6755.0,202.0,4.0,2026-09-19T10:58:51.972573
20220606,OK,file://data\raw\nse\fo_zip\fo_20220606.csv.zip,a9a9acfea608412af36e3d8271f98857e294ff1143b51b56092ed9f39f2a56a8,751652.0,608.0,6769.0,202.0,4.0,2026-09-19T10:58:52.298181
20220607,OK,file://data\raw\nse\fo_zip\fo_20220607.csv.zip,ac26148f62374e7e92f6a86352f1aa1eba914b6f213f22eb8c617bfe796409b2,753577.0,608.0,6773.0,202.0,4.0,2026-09-19T10:58:52.614444
20220608,OK,file://data\raw\nse\fo_zip\fo_20220608.csv.zip,79ac912665ceedc4e97efce3bb1fa307d2912030bdd347543b917f6d98798bec,760560.0,608.0,6687.0,202.0,4.0,2026-09-19T10:58:52.948942
20220609,OK,file://data\raw\nse\fo_zip\fo_20220609.csv.zip,cf4a3788925014acea6449998e2eb4c56b0626dfb9d91f2e1ebd08b7f2e813c8,759781.0,608.0,6697.0,202.0,4.0,2026-09-19T10:58:53.293012
20220610,OK,file://data\raw\nse\fo_zip\fo_20220610.csv.zip,4037bbc9ead1f1064e31a4cb379320c4991a6a4634e2b77345a0b06f264ff520,755593.0,608.0,6565.0,202.0,4.0,2026-09-19T10:58:53.652913
20220613,OK,file://data\raw\nse\fo_zip\fo_20220613.csv.zip,3db04f876676f4cdf736526ccfa8340a4242c7cdf14d40a3bcf36075bb7a727a,770906.0,608.0,6623.0,202.0,4.0,2026-09-19T10:58:53.977551
20220614,OK,file://data\raw\nse\fo_zip\fo_20220614.csv.zip,ed20cc4865bc191aa8b45f8b02933331d3e8e847f6967177f3bdbb7d15fd2692,771591.0,608.0,6807.0,202.0,4.0,2026-09-19T10:58:54.300080
20220615,OK,file://data\raw\nse\fo_zip\fo_20220615.csv.zip,7f57d4059ed2d4e8048a46b8e1ba9e2cdb84f7dc5edf68680bd06c4001cf85d9,766268.0,608.0,6731.0,202.0,4.0,2026-09-19T10:58:54.638839
20220616,OK,file://data\raw\nse\fo_zip\fo_20220616.csv.zip,8545a9a6c087371a067d239989cf916ff6e21962bf94361d88663ede3c0e0b3a,781723.0,608.0,6753.0,202.0,4.0,2026-09-19T10:58:54.963209
20220617,OK,file://data\raw\nse\fo_zip\fo_20220617.csv.zip,d78da8fda742a8a7ffa3015589c0b4941b147da555e55ec9ef3923bb6a0bc009,789225.0,608.0,6947.0,202.0,4.0,2026-09-19T10:58:55.309956
20220620,OK,file://data\raw\nse\fo_zip\fo_20220620.csv.zip,9532fc80b8baae48f0b114f3873b1475f7fbe9328c3f4d03307a474257d65977,795714.0,608.0,6989.0,202.0,4.0,2026-09-19T10:58:55.717361
20220621,OK,file://data\raw\nse\fo_zip\fo_20220621.csv.zip,3e256f6b3ad9348723a1b904d58c57a7d6e2e08148ad317596326f42da25ac84,801316.0,608.0,7049.0,202.0,4.0,2026-09-19T10:58:56.073962
20220622,OK,file://data\raw\nse\fo_zip\fo_20220622.csv.zip,40b121942962a452f696968ef18398eca9a8e7ed01e760f2ffeb64a6ffcfd55e,797637.0,608.0,6979.0,202.0,4.0,2026-09-19T10:58:56.413342
20220623,OK,file://data\raw\nse\fo_zip\fo_20220623.csv.zip,3b2d86615713ef66a23f56f3e7a333844d4d7885f7b687d7bba8c570bd58ce91,805732.0,608.0,6985.0,202.0,4.0,2026-09-19T10:58:56.742374
20220624,OK,file://data\raw\nse\fo_zip\fo_20220624.csv.zip,a61a25a08ac94ff237fe9da40cc910105d919eb59bf2ac4b517038c4b3c96e7d,801127.0,608.0,6837.0,202.0,4.0,2026-09-19T10:58:57.062765
20220627,OK,file://data\raw\nse\fo_zip\fo_20220627.csv.zip,1081173ca187852c214fea318bf954c55f9db60405c15f3235cde488ee9ccf01,811145.0,608.0,6873.0,202.0,4.0,2026-09-19T10:58:57.399022
20220628,OK,file://data\raw\nse\fo_zip\fo_20220628.csv.zip,0e000fa32e411ed7150039b9799ac8f41b5472902b8ef25eac5b3e8084ced764,811995.0,608.0,6901.0,202.0,4.0,2026-09-19T10:58:57.739096
20220629,OK,file://data\raw\nse\fo_zip\fo_20220629.csv.zip,80d53d9e6fe21ee6a623e7851ecfe53018d9944a66ab3c76a21d91679a50d99c,817669.0,608.0,6773.0,202.0,4.0,2026-09-19T10:58:58.067199
20220630,OK,file://data\raw\nse\fo_zip\fo_20220630.csv.zip,9ee54dab05733baf997d533d2cf1e60ca2d52f40bcdb260a16db08d4808d3754,803212.0,608.0,6777.0,202.0,4.0,2026-09-19T10:58:58.421433
20220701,OK,file://data\raw\nse\fo_zip\fo_20220701.csv.zip,05da84d7ffc1a1307fbeab43b255346b52be8413e23293283553602736e85ec7,742964.0,604.0,6482.0,200.0,4.0,2026-09-19T10:58:58.750996
20220704,OK,file://data\raw\nse\fo_zip\fo_20220704.csv.zip,d7a3b63f7f4c097c0ceae35f08d74d2fcdc12169940651b2db591993f714def5,746092.0,604.0,6484.0,200.0,4.0,2026-09-19T10:58:59.065604
20220705,OK,file://data\raw\nse\fo_zip\fo_20220705.csv.zip,c1dec23ff41ceff0a239b4ae91d1576a1faa8dfef83145a1ee3f3bcee5bd453f,753872.0,604.0,6506.0,200.0,4.0,2026-09-19T10:58:59.389913
20220706,OK,file://data\raw\nse\fo_zip\fo_20220706.csv.zip,96ac5539ac3b205d84282b8c867765b1973ea1e71973f3fe1a73078f3c3c609e,756564.0,604.0,6490.0,200.0,4.0,2026-09-19T10:58:59.721941
20220707,OK,file://data\raw\nse\fo_zip\fo_20220707.csv.zip,3999190ab80a718d6e5e6992dc086418e674c5c6ae6c691f7e97df00a723e819,765076.0,604.0,6556.0,200.0,4.0,2026-09-19T10:59:00.066692
20220708,OK,file://data\raw\nse\fo_zip\fo_20220708.csv.zip,0b51df89b0fbb2ea7a1f2e91c9abb83fea6691e974d4269e5d90f29e46ee983a,763423.0,604.0,6538.0,200.0,4.0,2026-09-19T10:59:00.393538
20220711,OK,file://data\raw\nse\fo_zip\fo_20220711.csv.zip,4a618dbb2fdbbea0b309f24b83b5bfdae8bd0945908c82ca500b1a1edc44caf9,767500.0,604.0,6564.0,200.0,4.0,2026-09-19T10:59:00.735134
20220712,OK,file://data\raw\nse\fo_zip\fo_20220712.csv.zip,eadc887799b91e94ec2e69e385ac058024502fa6729f92dabddd364ff16e0dac,767912.0,604.0,6604.0,200.0,4.0,2026-09-19T10:59:01.059085
20220713,OK,file://data\raw\nse\fo_zip\fo_20220713.csv.zip,a6d455e5fe4f2bb07de3028a443f7e14f91f0d8b210592def52e059b44bf15c5,767592.0,604.0,6538.0,200.0,4.0,2026-09-19T10:59:01.401023
20220714,OK,file://data\raw\nse\fo_zip\fo_20220714.csv.zip,1f89b22218dc849343ed6b5e0b2b1b29bdd6a7011231d83c837b5b46d862725a,770543.0,604.0,6544.0,200.0,4.0,2026-09-19T10:59:01.732204
20220715,OK,file://data\raw\nse\fo_zip\fo_20220715.csv.zip,62a9e26defa570e62f2a3dbb9c9fedae90ec97aa20ffd8be68d1466cca885af7,771968.0,604.0,6472.0,200.0,4.0,2026-09-19T10:59:02.057926
20220718,OK,file://data\raw\nse\fo_zip\fo_20220718.csv.zip,1fa2ff02030a029cb8128ac8d9e856d36349d2d0c7cc82a01c7ce2a93a0c8baf,779130.0,604.0,6478.0,200.0,4.0,2026-09-19T10:59:02.414554
20220719,OK,file://data\raw\nse\fo_zip\fo_20220719.csv.zip,eb388b7a24a4e24bcb754bdf614e804a406c40208e49c5d7e588f956c5aec92a,781497.0,604.0,6509.0,200.0,4.0,2026-09-19T10:59:02.766006
20220720,OK,file://data\raw\nse\fo_zip\fo_20220720.csv.zip,b6659836caf24416cff48cb87cb30fe3eed1cf6fd06653a35ad15348137d88e8,790484.0,604.0,6537.0,200.0,4.0,2026-09-19T10:59:03.180059
20220721,OK,file://data\raw\nse\fo_zip\fo_20220721.csv.zip,cd9360756d2549b3002a41472cc406190ef4a902a280ddd697a6cb49f5de612a,796133.0,604.0,6625.0,200.0,4.0,2026-09-19T10:59:03.589409
20220722,OK,file://data\raw\nse\fo_zip\fo_20220722.csv.zip,4f6990756b06368b5d4a4f43094f12c641e3e30fb10b632610300c3f1b4145f8,804197.0,604.0,6637.0,200.0,4.0,2026-09-19T10:59:03.949153
20220725,OK,file://data\raw\nse\fo_zip\fo_20220725.csv.zip,7fa968b3fe4ebd7724b22f921d488133efa238fa4c782544dd51800585b0e578,810746.0,604.0,6773.0,200.0,4.0,2026-09-19T10:59:04.318745
20220726,OK,file://data\raw\nse\fo_zip\fo_20220726.csv.zip,f1b2f6bef3c6d00364e3b5831e7e5826cf0207b58a06cd167316cd36ce312928,813344.0,604.0,6773.0,200.0,4.0,2026-09-19T10:59:04.733027
20220727,OK,file://data\raw\nse\fo_zip\fo_20220727.csv.zip,ef7ef5a627be5aa3242d242711f5ba2afdd0594742d42ba97ac4462c2b009163,819125.0,604.0,6741.0,200.0,4.0,2026-09-19T10:59:05.123989
20220728,OK,file://data\raw\nse\fo_zip\fo_20220728.csv.zip,707b93ef1ab5b4718e9a91e99b61378827534d9f0698e9b02d58436fd8450917,810303.0,604.0,6763.0,200.0,4.0,2026-09-19T10:59:05.516347
20220729,OK,file://data\raw\nse\fo_zip\fo_20220729.csv.zip,ac7146d265b745180dee77461033058a298de0d233899015d58dd1084621a6cd,730897.0,602.0,6999.0,199.0,4.0,2026-09-19T10:59:05.859865
20220801,OK,file://data\raw\nse\fo_zip\fo_20220801.csv.zip,ddf4309e6705c14e746d6ff49b7522275e70bb09e3fafa9a27ebea95a2df4c76,739889.0,602.0,7135.0,199.0,4.0,2026-09-19T10:59:06.178313
20220802,OK,file://data\raw\nse\fo_zip\fo_20220802.csv.zip,9559a96cab9ba1864eef6497e309069e92088b54e7370df57427d7d61763f5dd,746775.0,602.0,7355.0,199.0,4.0,2026-09-19T10:59:06.471521
20220803,OK,file://data\raw\nse\fo_zip\fo_20220803.csv.zip,e05f9d30001259eda5aaa6a942f3c88f65fb069de5e78bafa432393f53f388a1,749652.0,602.0,7341.0,199.0,4.0,2026-09-19T10:59:06.780661
20220804,OK,file://data\raw\nse\fo_zip\fo_20220804.csv.zip,0207865c9e49bac76f1f3316b3dd84e3cd5ed9539fe0fbdcfc934beddc309194,755719.0,602.0,7359.0,199.0,4.0,2026-09-19T10:59:07.074498
20220805,OK,file://data\raw\nse\fo_zip\fo_20220805.csv.zip,ac5306b46e0e893b5ef6f9a5841b93d4ea24184ad1169043c231d8f7125a390f,753776.0,602.0,7323.0,199.0,4.0,2026-09-19T10:59:07.373579
20220808,OK,file://data\raw\nse\fo_zip\fo_20220808.csv.zip,bf72a51bbc065f8ce65e6f1ddb5898f7edb2a4d255e2d560535c92b67a978eb0,753703.0,602.0,7323.0,199.0,4.0,2026-09-19T10:59:07.700668
20220810,OK,file://data\raw\nse\fo_zip\fo_20220810.csv.zip,58fe01cfa5cce169997b6b03607bc8334c49738920ec875c75e05d845362f658,759972.0,602.0,7428.0,199.0,4.0,2026-09-19T10:59:07.999969
20220811,OK,file://data\raw\nse\fo_zip\fo_20220811.csv.zip,45eff6dae221e9f29be1b14a1f57e0f4d9177d83dab97a22eb8063f632c49c1f,767184.0,602.0,7450.0,199.0,4.0,2026-09-19T10:59:08.327608
20220812,OK,file://data\raw\nse\fo_zip\fo_20220812.csv.zip,c153ad5af5d9caa3662d7832df3189b4aef80b60ce1ffaff1df23ee5492770a5,769556.0,602.0,7610.0,199.0,4.0,2026-09-19T10:59:08.639598
20220816,OK,file://data\raw\nse\fo_zip\fo_20220816.csv.zip,d1a827d8c0fe7141deda95e20b05b1b4bd7bf3ae070837e29841188d36029b92,775626.0,602.0,7646.0,199.0,4.0,2026-09-19T10:59:08.947783
20220817,OK,file://data\raw\nse\fo_zip\fo_20220817.csv.zip,4034258dd307c5d9cb1aac268fed07276fed658f2f2f3e9bba8365688f2688cc,787275.0,602.0,7746.0,199.0,4.0,2026-09-19T10:59:09.268543
20220818,OK,file://data\raw\nse\fo_zip\fo_20220818.csv.zip,a8f25392c31098f269a0b5b3325bb93bc5c55d1cad4b41708920ead47b06d96b,793005.0,602.0,7842.0,199.0,4.0,2026-09-19T10:59:09.578296
20220819,OK,file://data\raw\nse\fo_zip\fo_20220819.csv.zip,1f04f3030eac37a7aac1ca19dbadb7885fed342820238389b287b44939f8cfa5,804311.0,602.0,7846.0,199.0,4.0,2026-09-19T10:59:09.904532
20220822,OK,file://data\raw\nse\fo_zip\fo_20220822.csv.zip,06305b5dac9208e4ee9516c4b1efcdc576127830549c406cd391f9ce6516e11d,807533.0,602.0,7846.0,199.0,4.0,2026-09-19T10:59:10.224273
20220823,OK,file://data\raw\nse\fo_zip\fo_20220823.csv.zip,7a42e7a8dff36e59b9bceee48906922ffdfdbeaea3d46145b8186671fafb030a,808550.0,602.0,7846.0,199.0,4.0,2026-09-19T10:59:10.534928
20220824,OK,file://data\raw\nse\fo_zip\fo_20220824.csv.zip,05b6dd0cb80742bbd4dd49e4bd7a3ff821fde7a8fba538c2b6635d28c533a1e2,810624.0,602.0,7838.0,199.0,4.0,2026-09-19T10:59:10.893472
20220825,OK,file://data\raw\nse\fo_zip\fo_20220825.csv.zip,bb888ef1258c891cfc39709c733b0006b54d58f2387f7bc2c9006edcedf109e2,800092.0,602.0,7838.0,199.0,4.0,2026-09-19T10:59:11.240550
20220826,OK,file://data\raw\nse\fo_zip\fo_20220826.csv.zip,9fdba5601a89d0d65b787aa581e454fbf5f6c3f40c16884991a63eda83801983,707481.0,601.0,7726.0,198.0,4.0,2026-09-19T10:59:11.598450
20220829,OK,file://data\raw\nse\fo_zip\fo_20220829.csv.zip,eab33eade809de4db7deb4ab641df31e7dba7bf1bf3599f6947b76de6eb87c83,713601.0,601.0,7726.0,198.0,4.0,2026-09-19T10:59:11.952630
20220830,OK,file://data\raw\nse\fo_zip\fo_20220830.csv.zip,ab6e088203c0f45faecc402b5e4ca86b20ace1e5f60fe5684be93f4d9b6d9779,715393.0,601.0,7726.0,198.0,4.0,2026-09-19T10:59:12.278598
20220901,OK,file://data\raw\nse\fo_zip\fo_20220901.csv.zip,46e024e7cee2dea39f32223762fccf510507ad05cd79a16e0b900adbd8f30cdf,722298.0,601.0,7708.0,198.0,4.0,2026-09-19T10:59:12.593383
20220902,OK,file://data\raw\nse\fo_zip\fo_20220902.csv.zip,5f049743358bf4b265fa3429e7f9aa6c67f60e7c7d5e7ff119cedad93ea687d7,724166.0,601.0,7690.0,198.0,4.0,2026-09-19T10:59:13.011898
20220905,OK,file://data\raw\nse\fo_zip\fo_20220905.csv.zip,593640309e03469f797cdc24224ff77c1d68d5cc93079b99a5dc1fcb65cd8e82,723423.0,601.0,7690.0,198.0,4.0,2026-09-19T10:59:13.446447
20220906,OK,file://data\raw\nse\fo_zip\fo_20220906.csv.zip,c2a276a8b7b0530d37aa7c280e98801b5d58447904f5a0434f7051ceb6ba2585,729911.0,601.0,7706.0,198.0,4.0,2026-09-19T10:59:13.809098
20220907,OK,file://data\raw\nse\fo_zip\fo_20220907.csv.zip,8f25e57403fb1fb2b23a8d2f3c40e9e3354641dd61ce628e0514880ef545a810,735232.0,601.0,7688.0,198.0,4.0,2026-09-19T10:59:14.164436
20220908,OK,file://data\raw\nse\fo_zip\fo_20220908.csv.zip,1a7b0c3fe6a6e40fcfecda1e81fb4f4b4e5cd1640d7c63bc7eb4f437cff94be5,738808.0,601.0,7708.0,198.0,4.0,2026-09-19T10:59:14.534649
20220909,OK,file://data\raw\nse\fo_zip\fo_20220909.csv.zip,1c1e110d44b682b0a2e1c0cd70eef62f707276de43ef9ee63247fd38ac5467f6,745107.0,601.0,7712.0,198.0,4.0,2026-09-19T10:59:14.866632
20220912,OK,file://data\raw\nse\fo_zip\fo_20220912.csv.zip,6deeef8ab071bc06acf71a5a67644f2667e6fc440ad4fa4d0cbcc4986f4aafc9,742347.0,601.0,7746.0,198.0,4.0,2026-09-19T10:59:15.190066
20220913,OK,file://data\raw\nse\fo_zip\fo_20220913.csv.zip,1bdb62be2090f9acad7f78d551ea6732fb265affc5cd7872a6357df2c1eefd3f,747431.0,601.0,7770.0,198.0,4.0,2026-09-19T10:59:15.500840
20220914,OK,file://data\raw\nse\fo_zip\fo_20220914.csv.zip,916d951183780ede030bbaf2a325e2c4b4f782ac6e55b25dbae155ac96a85cee,764289.0,601.0,7818.0,198.0,4.0,2026-09-19T10:59:15.812374
20220915,OK,file://data\raw\nse\fo_zip\fo_20220915.csv.zip,edef83f226719eed9e437a3de825f1d6e6c868d18d89c23d36b49f04014c62ba,771769.0,601.0,7882.0,198.0,4.0,2026-09-19T10:59:16.118600
20220916,OK,file://data\raw\nse\fo_zip\fo_20220916.csv.zip,a9e3f1c667ade9fe127f211daece81b2a739b7072fe2ae8289263e0bed67e7e0,783231.0,601.0,7848.0,198.0,4.0,2026-09-19T10:59:16.430602
20220919,OK,file://data\raw\nse\fo_zip\fo_20220919.csv.zip,61310205db11b519d8b15633bb7384ec132c62484c8f52c0f3420dae7784f6d4,777409.0,601.0,7848.0,198.0,4.0,2026-09-19T10:59:16.757926
20220920,OK,file://data\raw\nse\fo_zip\fo_20220920.csv.zip,32298662bdedafea2def80dfe86a7e86fd08bba2b2e4b977790d7c6ad8abf7af,777030.0,601.0,7848.0,198.0,4.0,2026-09-19T10:59:17.060692
20220921,OK,file://data\raw\nse\fo_zip\fo_20220921.csv.zip,1f71db5b6f023a848ba167664e90562bef54f60f5f1d108a05c9789cdfb50a74,780309.0,601.0,7842.0,198.0,4.0,2026-09-19T10:59:17.372894
20220922,OK,file://data\raw\nse\fo_zip\fo_20220922.csv.zip,eafadf2bca1a647453fb844f3306d0cd333d62c3c18e12d87660d81baac68dcb,786845.0,601.0,7842.0,198.0,4.0,2026-09-19T10:59:17.687730
20220923,OK,file://data\raw\nse\fo_zip\fo_20220923.csv.zip,a3ce720f445b5515ba8977f9c5bb61fcd45d96dd25162256c168a231e174ea81,792979.0,601.0,7832.0,198.0,4.0,2026-09-19T10:59:18.010942
20220926,OK,file://data\raw\nse\fo_zip\fo_20220926.csv.zip,114c6db47f6db6acd5bbc52ac74b09accbc4d64d995bfe4d077c72fdf600f6c3,808651.0,601.0,7841.0,198.0,4.0,2026-09-19T10:59:18.344683
20220927,OK,file://data\raw\nse\fo_zip\fo_20220927.csv.zip,34171e892d6988ef1d10084139e43e105f222eda27c165214db071c034af0018,806548.0,601.0,7841.0,198.0,4.0,2026-09-19T10:59:18.671275
20220928,OK,file://data\raw\nse\fo_zip\fo_20220928.csv.zip,01b998ce2ee6a39d13a5cb52f8d349aa00b24f1725b10d9ec8ced2a6838baf84,810774.0,601.0,7845.0,198.0,4.0,2026-09-19T10:59:18.978951
20220929,OK,file://data\raw\nse\fo_zip\fo_20220929.csv.zip,05c84aa0b63b61fab125d6274a5be9f13ddd005cc40070dd18b1876805e5b41d,797456.0,601.0,7871.0,198.0,4.0,2026-09-19T10:59:19.296467
20220930,OK,file://data\raw\nse\fo_zip\fo_20220930.csv.zip,0db7d202c23a7e1cfeadfecfbae569632eaa182fa040d22b1062cad6704292c4,724552.0,600.0,7660.0,198.0,4.0,2026-09-19T10:59:19.603993
20221003,OK,file://data\raw\nse\fo_zip\fo_20221003.csv.zip,387d921069b0d86f7c5361cd318f13f8f7a18a1f93f14b278d4040befa27d6c8,730053.0,600.0,7674.0,198.0,4.0,2026-09-19T10:59:19.915274
20221004,OK,file://data\raw\nse\fo_zip\fo_20221004.csv.zip,d7a32a099bf9d1491e52f679a49e220583d55746850cd08f45bc5cad519a00ed,733408.0,600.0,7678.0,198.0,4.0,2026-09-19T10:59:20.232927
20221006,OK,file://data\raw\nse\fo_zip\fo_20221006.csv.zip,e7ad7b48df798c9d1a899d0d2dfcfb9ea791e2a8a28aba180d181ec96a51d632,741274.0,600.0,7690.0,198.0,4.0,2026-09-19T10:59:20.533808
20221007,OK,file://data\raw\nse\fo_zip\fo_20221007.csv.zip,c1556af9cb00c2fd84cec716d1e05cfd3951eafdfeb0c5c67a379cd5ccc9c746,739640.0,600.0,7666.0,198.0,4.0,2026-09-19T10:59:20.989612
20221010,OK,file://data\raw\nse\fo_zip\fo_20221010.csv.zip,09f57540d39607ba34790c38cf3375927959faba20b67065553bcb28058e0903,741146.0,600.0,7666.0,198.0,4.0,2026-09-19T10:59:21.471018
20221011,OK,file://data\raw\nse\fo_zip\fo_20221011.csv.zip,1450df22ec40c43dee3b6b47c8312e2e47a94302180a5e878af71f9b3d10e1a0,741640.0,600.0,7666.0,198.0,4.0,2026-09-19T10:59:21.897723
20221012,OK,file://data\raw\nse\fo_zip\fo_20221012.csv.zip,da61ec132fd97267bf62b308ec58be1d009fbb4a7896cf818c8fa450939bdc18,744145.0,600.0,7666.0,198.0,4.0,2026-09-19T10:59:22.215882
20221013,OK,file://data\raw\nse\fo_zip\fo_20221013.csv.zip,74c7388c626d51a56b0f7e7ebb6aca61f4ce43648979d5d2792492b3dd8a6a96,744127.0,600.0,7666.0,198.0,4.0,2026-09-19T10:59:22.528647
20221014,OK,file://data\raw\nse\fo_zip\fo_20221014.csv.zip,f9e716d334bf84223c52cf2cfd9019f9ac6d8d1b54eca83b50b87490c69fa3ff,747819.0,600.0,7636.0,198.0,4.0,2026-09-19T10:59:22.835884
20221017,OK,file://data\raw\nse\fo_zip\fo_20221017.csv.zip,e688d60689b694bafde2462bd5b377d52ba8181fd4257d91bdb50546492761d0,750000.0,600.0,7636.0,198.0,4.0,2026-09-19T10:59:23.140434
20221018,OK,file://data\raw\nse\fo_zip\fo_20221018.csv.zip,410dac068d5686cdfb460528a97fb265017b2d46b597c1b4b84ca31cf0bf75b6,756032.0,600.0,7646.0,198.0,4.0,2026-09-19T10:59:23.460048
20221019,OK,file://data\raw\nse\fo_zip\fo_20221019.csv.zip,b1a1c2b9081a89dde960604a7e5f37f52deef444c4b5c2729ec2a3d83bc2f7a0,764229.0,600.0,7986.0,198.0,4.0,2026-09-19T10:59:23.820781
20221020,OK,file://data\raw\nse\fo_zip\fo_20221020.csv.zip,bc93acfcc0ca2814ed6a641a29934eb0c3c053d3fe245eee5b5df046f3a53370,771971.0,600.0,8002.0,198.0,4.0,2026-09-19T10:59:24.137430
20221021,OK,file://data\raw\nse\fo_zip\fo_20221021.csv.zip,7552a49232298a374e25612b582a8ba9be1b182995f48694a0e4c9a96a627d60,784169.0,600.0,7976.0,198.0,4.0,2026-09-19T10:59:24.448541
20221024,OK,file://data\raw\nse\fo_zip\fo_20221024.csv.zip,e34ea63c7f634b9f39f023af3bd165d5e60b7f6cbbe1519534131e39f4cd085c,722279.0,600.0,8004.0,198.0,4.0,2026-09-19T10:59:24.805923
20221025,OK,file://data\raw\nse\fo_zip\fo_20221025.csv.zip,18a5822a4b60b87ae7e616d551213cea13f4c7f4e8237e13f89fef55db1b3574,790880.0,600.0,8054.0,198.0,4.0,2026-09-19T10:59:25.124473
20221027,OK,file://data\raw\nse\fo_zip\fo_20221027.csv.zip,290d2790a9d53078fce6a9ed0e28beba93f2d718ab8fc3cf5eb8b255fe161bab,775308.0,600.0,8016.0,198.0,4.0,2026-09-19T10:59:25.435410
20221028,OK,file://data\raw\nse\fo_zip\fo_20221028.csv.zip,b60af12a15b96123e4c383ee5e7c6d7bd84cbc999cbeab7796c0db4ef325933c,706797.0,598.0,7982.0,198.0,4.0,2026-09-19T10:59:25.760444
20221031,OK,file://data\raw\nse\fo_zip\fo_20221031.csv.zip,fcfad2a015307096af592d81b47836cdf1a91c7b91a18dcb141bc9d2bf44a883,711347.0,598.0,7984.0,198.0,4.0,2026-09-19T10:59:26.058436
20221101,OK,file://data\raw\nse\fo_zip\fo_20221101.csv.zip,fa4c844e0cb43734020b09bf98be8c77dddaa833fae230f38dbb05714c31a879,721309.0,598.0,8019.0,198.0,4.0,2026-09-19T10:59:26.371853
20221102,OK,file://data\raw\nse\fo_zip\fo_20221102.csv.zip,e1a1dc690166b063e18ee1bf3b6bd680424d440c4d5d653b096ca595174da732,723344.0,598.0,8009.0,198.0,4.0,2026-09-19T10:59:26.713510
20221103,OK,file://data\raw\nse\fo_zip\fo_20221103.csv.zip,c8c566d1b2808f442f1b83d40920cbc7bc0c52a3c3eff67835ab04aaca03c5fb,722931.0,598.0,8009.0,198.0,4.0,2026-09-19T10:59:27.073320
20221104,OK,file://data\raw\nse\fo_zip\fo_20221104.csv.zip,844ac445830cb8137aed9e9842f99b5f3210ca9260c2dca076bbb6d0b25ff690,725662.0,598.0,8013.0,198.0,4.0,2026-09-19T10:59:27.411912
20221107,OK,file://data\raw\nse\fo_zip\fo_20221107.csv.zip,e78d9773328a6809c0a3a1170ef82e0fc1b627fafefeaca841e4651dbec02744,735965.0,598.0,8013.0,198.0,4.0,2026-09-19T10:59:27.743257
20221109,OK,file://data\raw\nse\fo_zip\fo_20221109.csv.zip,19c5b68772070cd7de4ce0566c6e496d710e09701b9b68832fc502d5887dfb5c,744885.0,598.0,7887.0,198.0,4.0,2026-09-19T10:59:28.051545
20221110,OK,file://data\raw\nse\fo_zip\fo_20221110.csv.zip,4f99ff435f6d31632048ee4cb7a02122cbf3fc979a0cafa43297821d08847abf,747632.0,598.0,7909.0,198.0,4.0,2026-09-19T10:59:28.350342
20221111,OK,file://data\raw\nse\fo_zip\fo_20221111.csv.zip,fd135cc32609ca339e259fda117d60969cc9685c62fc656510a9db32b8e3016c,751388.0,598.0,7757.0,198.0,4.0,2026-09-19T10:59:28.662855
20221114,OK,file://data\raw\nse\fo_zip\fo_20221114.csv.zip,5cdc302a3baf77d064d4020aa79d4321cba8f83779ae43a99a24d245cbbda586,753881.0,598.0,7807.0,198.0,4.0,2026-09-19T10:59:28.973437
20221115,OK,file://data\raw\nse\fo_zip\fo_20221115.csv.zip,c42d8aba56e3f475a01537594e8beb08ac9a47d8165291c0ea470487623b0e77,753214.0,598.0,7809.0,198.0,4.0,2026-09-19T10:59:29.276060
20221116,OK,file://data\raw\nse\fo_zip\fo_20221116.csv.zip,678036b0f46d6ede7892babe9add72548d90d0b0b04759ec4a0bb32f1e39355e,759844.0,598.0,7693.0,198.0,4.0,2026-09-19T10:59:29.576771
20221117,OK,file://data\raw\nse\fo_zip\fo_20221117.csv.zip,b2fb263197d540963789d40816c65f909b88975405218acadeafbddd8442c6e1,760087.0,598.0,7711.0,198.0,4.0,2026-09-19T10:59:29.903493
20221118,OK,file://data\raw\nse\fo_zip\fo_20221118.csv.zip,46caf0bd554ade578b920d323692d3b762ba059916f77bdae617c5f1059185cb,764302.0,598.0,7505.0,198.0,4.0,2026-09-19T10:59:30.212062
20221121,OK,file://data\raw\nse\fo_zip\fo_20221121.csv.zip,790db2baf562156b6f3f56a085f9e1a9f831f7da019fe88f6792cdefb3b74426,763768.0,598.0,7515.0,198.0,4.0,2026-09-19T10:59:30.511771
20221122,OK,file://data\raw\nse\fo_zip\fo_20221122.csv.zip,0b4e96038c85894c1cd57fc441fc099b571490ecea4bcde6d27b289b02efd069,767302.0,598.0,7533.0,198.0,4.0,2026-09-19T10:59:30.817416
20221123,OK,file://data\raw\nse\fo_zip\fo_20221123.csv.zip,f220b5142e81d96f2aa9dd139e322bcd8c2a2c3443a76f1d0822597d02390a9a,769469.0,595.0,7359.0,197.0,4.0,2026-09-19T10:59:31.115052
20221124,OK,file://data\raw\nse\fo_zip\fo_20221124.csv.zip,35ff4c6acf3870f8f95081bff05fa45e725db51d82f83aeb665dc539f51eb2a3,759076.0,595.0,7383.0,197.0,4.0,2026-09-19T10:59:31.428443
20221125,OK,file://data\raw\nse\fo_zip\fo_20221125.csv.zip,17fed0b2c25e6ddc92f8475cf1ccf36e6dfbdc4a0ae9c8354a16d30f204dfe7e,629546.0,593.0,7253.0,196.0,4.0,2026-09-19T10:59:31.698208
20221128,OK,file://data\raw\nse\fo_zip\fo_20221128.csv.zip,3f67b8061e3d33fb094e0d5a812167ea3640e4704fb97746911796aff192808f,635190.0,593.0,7279.0,196.0,4.0,2026-09-19T10:59:31.976343
20221129,OK,file://data\raw\nse\fo_zip\fo_20221129.csv.zip,47dfc81527dfa1c080562b8758bfce0f558d252ec9a078b2c2f6606352dd7a97,640425.0,593.0,7299.0,196.0,4.0,2026-09-19T10:59:32.251002
20221130,OK,file://data\raw\nse\fo_zip\fo_20221130.csv.zip,ab546d085cb590a940e9db6066b5398d9f5e72be4f36e47ad55be55aa0134ec2,645922.0,593.0,7147.0,196.0,4.0,2026-09-19T10:59:32.538858
20221201,OK,file://data\raw\nse\fo_zip\fo_20221201.csv.zip,43823077896f9818dc9aed0d2a2fc5b0f1fa2ad3d72a7a0ba8e22d82e1deef04,656064.0,593.0,7235.0,196.0,4.0,2026-09-19T10:59:32.839793
20221202,OK,file://data\raw\nse\fo_zip\fo_20221202.csv.zip,de8ed63124f696761e92615ad366675657d99492a1b7d7826c882342f765d09d,653431.0,593.0,7055.0,196.0,4.0,2026-09-19T10:59:33.121744
20221205,OK,file://data\raw\nse\fo_zip\fo_20221205.csv.zip,bf0294b15a5c09cf029952b6f3cd97f204d8871edc27926f70ef2e37b1bffdde,656373.0,593.0,7071.0,196.0,4.0,2026-09-19T10:59:33.391802
20221206,OK,file://data\raw\nse\fo_zip\fo_20221206.csv.zip,85f3d23b86488aa012fb42a9230b4c728f28a037688cf4b2b9b972b2b32b3518,658308.0,593.0,7071.0,196.0,4.0,2026-09-19T10:59:33.700297
20221207,OK,file://data\raw\nse\fo_zip\fo_20221207.csv.zip,691b64f63b1ae23e4cc11b2211682294cdbaf385ef1a03abb00d799905c57b8b,659490.0,593.0,6887.0,196.0,4.0,2026-09-19T10:59:33.973135
20221208,OK,file://data\raw\nse\fo_zip\fo_20221208.csv.zip,d3286d5517274e346a97111b6bbd282329e2008c9246fd6c4cc2cb571611b39d,661099.0,593.0,6893.0,196.0,4.0,2026-09-19T10:59:34.255707
20221209,OK,file://data\raw\nse\fo_zip\fo_20221209.csv.zip,1fdbc5ca1e1af67068c67da73ff52e3e7a3a4032bdb7ac3a8c0c6cb41b490b89,668938.0,593.0,6721.0,196.0,4.0,2026-09-19T10:59:34.529032
20221212,OK,file://data\raw\nse\fo_zip\fo_20221212.csv.zip,1c9e42529ce38b71a6c54bcc7dcce2d9fa9d6e75717064d552214e6a48465f06,663425.0,593.0,6727.0,196.0,4.0,2026-09-19T10:59:34.809030
20221213,OK,file://data\raw\nse\fo_zip\fo_20221213.csv.zip,185079b2925b0851be68e715a00192635d5e181535d70e5e8afbe09d3bcaee42,662966.0,593.0,6741.0,196.0,4.0,2026-09-19T10:59:35.076972
20221214,OK,file://data\raw\nse\fo_zip\fo_20221214.csv.zip,0e2578a30676a19c42b4c25273dabc688564bc9d1047493fe2c5052f3752ec5e,666350.0,592.0,6353.0,196.0,4.0,2026-09-19T10:59:35.368145
20221215,OK,file://data\raw\nse\fo_zip\fo_20221215.csv.zip,c65e1b93c71a27cbd6b82fb000c0aea51d4abe2743f8f703bf58c4dbc28590be,672277.0,592.0,6377.0,196.0,4.0,2026-09-19T10:59:35.642928
20221216,OK,file://data\raw\nse\fo_zip\fo_20221216.csv.zip,8cdb75c5e43a839b6eb53f30a428fcef5c43a38313ddccc3566e21c194d763d8,676560.0,592.0,6111.0,196.0,4.0,2026-09-19T10:59:35.936353
20221219,OK,file://data\raw\nse\fo_zip\fo_20221219.csv.zip,c435a3a5bfe09091fdcc5ae55fd66b89f3ec87a52c6fe7d92800322ad97bf45e,671618.0,592.0,6157.0,196.0,4.0,2026-09-19T10:59:36.222953
20221220,OK,file://data\raw\nse\fo_zip\fo_20221220.csv.zip,57374a7aad921c58cdfc9551e0977b963cf5ba89ae2e1f4124614287aee3d6e5,674346.0,592.0,6157.0,196.0,4.0,2026-09-19T10:59:36.510634
20221221,OK,file://data\raw\nse\fo_zip\fo_20221221.csv.zip,414ada4f8267b0502b3aaf22ea8cd47b52e2dc215538e6ef0cc4755ae82bb086,685339.0,591.0,5735.0,196.0,4.0,2026-09-19T10:59:36.788049
20221222,OK,file://data\raw\nse\fo_zip\fo_20221222.csv.zip,572e2e76911fc600c95b3a4c8a36b457a21fccb35c7f40a1d70d29a72074b977,690193.0,591.0,5811.0,196.0,4.0,2026-09-19T10:59:37.060584
20221223,OK,file://data\raw\nse\fo_zip\fo_20221223.csv.zip,6cf8a52f455805ee7ab60ee19a725d5f93359e17cc76ff93a5212151fbd7d386,705164.0,591.0,5579.0,196.0,4.0,2026-09-19T10:59:37.335472
20221226,OK,file://data\raw\nse\fo_zip\fo_20221226.csv.zip,357821a16436eefc8d6af0e5d54b83ea7c08b5817f023b92b0d6c8c32c224d9f,710070.0,591.0,5811.0,196.0,4.0,2026-09-19T10:59:37.613629
20221227,OK,file://data\raw\nse\fo_zip\fo_20221227.csv.zip,dacab371bfaa6dc914b3566451bfae526a09187d56fdc9fc9f40e7d6d8d3fcf4,707638.0,591.0,5811.0,196.0,4.0,2026-09-19T10:59:37.901000
20221228,OK,file://data\raw\nse\fo_zip\fo_20221228.csv.zip,c02b932c0ba69baee5c59e43e7817f67bc1d42e713095f0f9c2461a12a8e1dda,705645.0,591.0,5643.0,196.0,4.0,2026-09-19T10:59:38.176762
20221229,OK,file://data\raw\nse\fo_zip\fo_20221229.csv.zip,6ef2dffa751e3a7eee7cdc8be8e716e0fdfe59d31023557823a09872b1fa503c,696225.0,591.0,5643.0,196.0,4.0,2026-09-19T10:59:38.470149
20221230,OK,file://data\raw\nse\fo_zip\fo_20221230.csv.zip,36c8c968c8ce13b98e5bf56db48d331c28f637e2a6da9902476f4753c87ae710,607813.0,590.0,5325.0,195.0,4.0,2026-09-19T10:59:38.794747
20230102,OK,file://data\raw\nse\fo_zip\fo_20230102.csv.zip,39233653101651ffad816ba2fc04d71f5b3e457e053ef8b5a0d043c524e9f7fc,614143.0,590.0,5337.0,195.0,4.0,2026-09-19T10:59:39.083851
20230103,OK,file://data\raw\nse\fo_zip\fo_20230103.csv.zip,5bdf610f4f5bdc0d3dd5b4d1f794e8b0a89cf73295f9ce329c236cb04b839f02,621759.0,590.0,5337.0,195.0,4.0,2026-09-19T10:59:39.349859
20230104,OK,file://data\raw\nse\fo_zip\fo_20230104.csv.zip,18186b3e3108397ff39ffa59e075842aef5e8cdc62f1efec351490bb277a55ca,626125.0,589.0,4947.0,195.0,4.0,2026-09-19T10:59:39.615003
20230105,OK,file://data\raw\nse\fo_zip\fo_20230105.csv.zip,b9df3b6137b3459266041829190edff10d1ba0d7ba5ec2e8c497a8bfdb20736a,629000.0,589.0,4951.0,195.0,4.0,2026-09-19T10:59:39.881944
20230106,OK,file://data\raw\nse\fo_zip\fo_20230106.csv.zip,fe120d3cd14f576e3c3b89819bed44089a10e71b0a41e30c323061ebd8262158,630349.0,589.0,4687.0,195.0,4.0,2026-09-19T10:59:40.149675
20230109,OK,file://data\raw\nse\fo_zip\fo_20230109.csv.zip,1283c3990c646fddf435430c6646b70c7ec61e2d06908fc284a41ef650a23295,631853.0,589.0,4719.0,195.0,4.0,2026-09-19T10:59:40.406664
20230110,OK,file://data\raw\nse\fo_zip\fo_20230110.csv.zip,0014dae605231cc6922fd0ce416a653b95d4aacf53cca457eccf856951d6d78f,634872.0,589.0,4719.0,195.0,4.0,2026-09-19T10:59:40.675811
20230111,OK,file://data\raw\nse\fo_zip\fo_20230111.csv.zip,97e877c5bc64146fe8aa467cd2fb8ff7c1eed3fd0bda6676152e46816d31de6b,638789.0,589.0,4689.0,195.0,4.0,2026-09-19T10:59:40.931596
20230112,OK,file://data\raw\nse\fo_zip\fo_20230112.csv.zip,6ff8fe14f9426f6ad74036d673835e6d3ee4a2fbdee345f386ee8d9371ffe4f0,641031.0,589.0,4695.0,195.0,4.0,2026-09-19T10:59:41.200500
20230113,OK,file://data\raw\nse\fo_zip\fo_20230113.csv.zip,8181d1187e1cc37a7ef869be7925ae1c478a3381569afecbc5eb827b1776cc93,644633.0,589.0,4613.0,195.0,4.0,2026-09-19T10:59:41.491755
20230116,OK,file://data\raw\nse\fo_zip\fo_20230116.csv.zip,7f0b2103dcafccc4d3878337658ff9b8a970e71a66f2b3559b2de4e8ef638dc1,644661.0,589.0,4627.0,195.0,4.0,2026-09-19T10:59:41.834551
20230117,OK,file://data\raw\nse\fo_zip\fo_20230117.csv.zip,3c005f576d58da652ffb7b5310b6fc03250290c3b3b1a50b1ae2dfd3cf3314c4,652546.0,589.0,4631.0,195.0,4.0,2026-09-19T10:59:42.147213
20230118,OK,file://data\raw\nse\fo_zip\fo_20230118.csv.zip,ddaa7bacf725d5fe241f330ba80a78a068c1c75127d0bd1d3cb2f177963574fb,655718.0,589.0,4571.0,195.0,4.0,2026-09-19T10:59:42.436101
20230119,OK,file://data\raw\nse\fo_zip\fo_20230119.csv.zip,a382dbaa4d4cce5ae8f1daf6ccd863fbabf329bbe5e5f096543e18bf79e6f94d,663017.0,589.0,4591.0,195.0,4.0,2026-09-19T10:59:42.728589
20230120,OK,file://data\raw\nse\fo_zip\fo_20230120.csv.zip,48590bf91f79157a999bf70b6d72b01af7b8b24028d5f4f56ed27688d10625a8,674177.0,589.0,4515.0,195.0,4.0,2026-09-19T10:59:43.032101
20230123,OK,file://data\raw\nse\fo_zip\fo_20230123.csv.zip,e7aae0f04e49e00512c867503550d5a6ef488106282669f72aaec856aa6d9c8d,683247.0,589.0,4525.0,195.0,4.0,2026-09-19T10:59:43.327115
20230124,OK,file://data\raw\nse\fo_zip\fo_20230124.csv.zip,4601f1cc33759c7ce9cc210f0fb0137a7581b36c5066a74da29aae23c40a4ba9,688985.0,589.0,4555.0,195.0,4.0,2026-09-19T10:59:43.604862
20230125,OK,file://data\raw\nse\fo_zip\fo_20230125.csv.zip,d805164e518d3cea64b80def69f4f3dc8c2d8062db230a0838a02a3dd08f6075,683367.0,589.0,4531.0,195.0,4.0,2026-09-19T10:59:43.912421
20230127,OK,file://data\raw\nse\fo_zip\fo_20230127.csv.zip,e3bf6cf726308ba292148f026ab22644e9f229d1fa0130928b88130311646a18,564282.0,587.0,4489.0,195.0,4.0,2026-09-19T10:59:44.153777
20230130,OK,file://data\raw\nse\fo_zip\fo_20230130.csv.zip,24301e86ada5167f2280efd60a3d7020019a716cd3e7e37105b0db1ff50a63aa,580477.0,587.0,4722.0,195.0,4.0,2026-09-19T10:59:44.408048
20230131,OK,file://data\raw\nse\fo_zip\fo_20230131.csv.zip,ecd3761c792a082f30c1d77e83247c3b9640f5d1f8ed4124c005963bd8f83c97,587977.0,587.0,4722.0,195.0,4.0,2026-09-19T10:59:44.650897
20230201,OK,file://data\raw\nse\fo_zip\fo_20230201.csv.zip,bc7709a4f4cd92716e7d0ea62f9b74f56f68f95458c66dbbe834c295ba2fb7f9,607787.0,587.0,4668.0,195.0,4.0,2026-09-19T10:59:44.907255
20230202,OK,file://data\raw\nse\fo_zip\fo_20230202.csv.zip,a3c4ae85aaeb98dad6cd7e50f60b4f7fbdb3b45da9360cbda631b15c37c36785,605764.0,587.0,4668.0,195.0,4.0,2026-09-19T10:59:45.173907
20230203,OK,file://data\raw\nse\fo_zip\fo_20230203.csv.zip,3b7473b72dd4486047635c91918e355e25f492ddc2a961866120aa5801b13bb1,610058.0,587.0,4548.0,195.0,4.0,2026-09-19T10:59:45.426532
20230206,OK,file://data\raw\nse\fo_zip\fo_20230206.csv.zip,afb92de9a4eb770a346b048542939392469352be6f1aa925de62962cd0968101,615265.0,587.0,4582.0,195.0,4.0,2026-09-19T10:59:45.682779
20230207,OK,file://data\raw\nse\fo_zip\fo_20230207.csv.zip,f5c118b9611e82d4398becb0b3edc0b784aacfd0ba7a350f9b6605acee534539,617160.0,587.0,4584.0,195.0,4.0,2026-09-19T10:59:45.944415
20230208,OK,file://data\raw\nse\fo_zip\fo_20230208.csv.zip,040f707d0cb538f524c073e0999dfe7f358ea743c1ed8fedf38f948183c73b78,620060.0,587.0,4496.0,195.0,4.0,2026-09-19T10:59:46.198068
20230209,OK,file://data\raw\nse\fo_zip\fo_20230209.csv.zip,f58b258ad64ce25dc60c8a766d4247e3e437777f848dc49b2b3ff3a21cadbd3f,624529.0,587.0,4506.0,195.0,4.0,2026-09-19T10:59:46.459691
20230210,OK,file://data\raw\nse\fo_zip\fo_20230210.csv.zip,508a5a07571ffa47be318e415f2c88e10e6b231bd09998153945a6512fdf2dd9,625505.0,587.0,4406.0,195.0,4.0,2026-09-19T10:59:46.722717
20230213,OK,file://data\raw\nse\fo_zip\fo_20230213.csv.zip,9331ba89a255e76bbb4483061fa9eb0e342763a6f98ff63f5f946aeb83959027,967286.0,587.0,4416.0,195.0,4.0,2026-09-19T10:59:47.022839
20230214,OK,file://data\raw\nse\fo_zip\fo_20230214.csv.zip,3dae921fe501325d920739cf946de4869abcd78fc0737e9ce1979e7a529baa7b,635429.0,587.0,4424.0,195.0,4.0,2026-09-19T10:59:47.356808
20230215,OK,file://data\raw\nse\fo_zip\fo_20230215.csv.zip,6393cd25953e8492e0df7fa10ae040fd44e929734d53aace7783ee7a16fad77d,636569.0,587.0,4390.0,195.0,4.0,2026-09-19T10:59:47.655797
20230216,OK,file://data\raw\nse\fo_zip\fo_20230216.csv.zip,fe6437959b63d059ed6b4b2798df8c2e10cfdb00d002a3c033b6e6cda41f3ada,647453.0,587.0,4408.0,195.0,4.0,2026-09-19T10:59:47.939027
20230217,OK,file://data\raw\nse\fo_zip\fo_20230217.csv.zip,c60a31ad2534727ec42aebf5623acb315bda60ed782db2031a06e7a237aff17d,654657.0,587.0,4332.0,195.0,4.0,2026-09-19T10:59:48.203511
20230220,OK,file://data\raw\nse\fo_zip\fo_20230220.csv.zip,fdfe9477c21a6b968a22cf19a128dedcd42d88db22192a2e00237e48eaab1245,666718.0,587.0,4360.0,195.0,4.0,2026-09-19T10:59:48.469366
20230221,OK,file://data\raw\nse\fo_zip\fo_20230221.csv.zip,1ecb962fcf11aa42e1c089e995db7575f2b26dea9754a451a797c0b9f7f5c483,673524.0,587.0,4392.0,195.0,4.0,2026-09-19T10:59:48.751111
20230222,OK,file://data\raw\nse\fo_zip\fo_20230222.csv.zip,0f8b079e8e1fa0cb381793bfc7ddd66f542caadfda86e747976057f5df3097b9,683898.0,587.0,4346.0,195.0,4.0,2026-09-19T10:59:49.031491
20230223,OK,file://data\raw\nse\fo_zip\fo_20230223.csv.zip,a2d0fe47170c7ef50798858f5d3b8c265f786317607fedc1185c45fb29a07a3a,680975.0,587.0,4490.0,195.0,4.0,2026-09-19T10:59:49.306796
20230224,OK,file://data\raw\nse\fo_zip\fo_20230224.csv.zip,e0d90694e10e49972ff2e87fb392e45e207dc78c27d5400e4a4858ff4a095101,554778.0,583.0,4362.0,195.0,4.0,2026-09-19T10:59:49.558315
20230227,OK,file://data\raw\nse\fo_zip\fo_20230227.csv.zip,44bfdf24ec7b8abea6f7330b4a147f9fc5140ceacb9595d8a1439dfc0fa1855c,566944.0,583.0,4419.0,195.0,4.0,2026-09-19T10:59:49.824613
20230228,OK,file://data\raw\nse\fo_zip\fo_20230228.csv.zip,795061f41e5e22d8422974e6972de7366eb6216ceceef36d1c3005a102390bb3,574473.0,584.0,4455.0,195.0,4.0,2026-09-19T10:59:50.140504
20230301,OK,file://data\raw\nse\fo_zip\fo_20230301.csv.zip,6a06dcf432a3e1eb79f948dc346ca14718c6dfef47128b5c5950993152e87193,579386.0,584.0,4403.0,195.0,4.0,2026-09-19T10:59:50.423034
20230302,OK,file://data\raw\nse\fo_zip\fo_20230302.csv.zip,3fe1e5e40f0936841717e4ed10295e23d42fcaa57aa213110119eaf5de6d1bfc,581794.0,584.0,4415.0,195.0,4.0,2026-09-19T10:59:50.702339
20230303,OK,file://data\raw\nse\fo_zip\fo_20230303.csv.zip,0711cff325824af0c46df7ff0b8222836b55bc40f3d1096af620cbd3486c73b6,586680.0,584.0,4323.0,195.0,4.0,2026-09-19T10:59:50.958866
20230306,OK,file://data\raw\nse\fo_zip\fo_20230306.csv.zip,ea5358f67d91982b58a2536b86af413a17b666e1bddbbc422d0a7308b413e226,594414.0,584.0,4383.0,195.0,4.0,2026-09-19T10:59:51.236168
20230308,OK,file://data\raw\nse\fo_zip\fo_20230308.csv.zip,28fa252ef84731fabf236b8a213afd2623108125518584fce5c42685a6b6b6ea,595488.0,584.0,4351.0,195.0,4.0,2026-09-19T10:59:51.507269
20230309,OK,file://data\raw\nse\fo_zip\fo_20230309.csv.zip,45aa6ce872b5bac5868580ac1dcb85234decbafd74c237281bf146163a640950,600513.0,584.0,4365.0,195.0,4.0,2026-09-19T10:59:51.835117
20230310,OK,file://data\raw\nse\fo_zip\fo_20230310.csv.zip,ce42c2ddeaad6a37c589dc403c8af92bfc09b6de1797d518a1dd5c78d4bcd63b,601507.0,584.0,4305.0,195.0,4.0,2026-09-19T10:59:52.093685
20230313,OK,file://data\raw\nse\fo_zip\fo_20230313.csv.zip,14ceca6f7a9120b4ad9411da318cdd2156136c32080db90c2ac840e3b8b2b49f,610936.0,584.0,4393.0,195.0,4.0,2026-09-19T10:59:52.365900
20230314,OK,file://data\raw\nse\fo_zip\fo_20230314.csv.zip,92243d76988d62c57ba7ad3ab7fcb5058522ff968138939443a401aea4c2ea84,619154.0,584.0,4539.0,195.0,4.0,2026-09-19T10:59:52.625125
20230315,OK,file://data\raw\nse\fo_zip\fo_20230315.csv.zip,689f3aa0d51a284476ff7f075c8bd2010020aca2ae7fdf2615a6d3b98de25ea9,620970.0,584.0,4541.0,195.0,4.0,2026-09-19T10:59:52.899276
20230316,OK,file://data\raw\nse\fo_zip\fo_20230316.csv.zip,7fc8250793ce9387ad9c14c27e682e77f0c8f94e47594d978d6a7741a2ab90ca,634812.0,584.0,4663.0,195.0,4.0,2026-09-19T10:59:53.158171
20230317,OK,file://data\raw\nse\fo_zip\fo_20230317.csv.zip,95618451ccf02d23e43e6e095f3bdbc46b777d15699f2455a469f5f4928d1cdc,628659.0,584.0,4569.0,195.0,4.0,2026-09-19T10:59:53.422725
20230320,OK,file://data\raw\nse\fo_zip\fo_20230320.csv.zip,556708cbcac10979daef5a1af99e49c1f2c2d60703e4efd8644c28d62716df8e,635549.0,584.0,4589.0,195.0,4.0,2026-09-19T10:59:53.684542
20230321,OK,file://data\raw\nse\fo_zip\fo_20230321.csv.zip,95cdcf3a84f626912894b8d6cd358c79b66f506ad6fe4c34dec019bffa726c1c,635619.0,584.0,4589.0,195.0,4.0,2026-09-19T10:59:53.994382
20230322,OK,file://data\raw\nse\fo_zip\fo_20230322.csv.zip,9c1a477769d6f93f9101659dad8d1e49843125531743a15c11b5a11eeb04efba,637998.0,584.0,4537.0,195.0,4.0,2026-09-19T10:59:54.269215
20230323,OK,file://data\raw\nse\fo_zip\fo_20230323.csv.zip,b31e7d47c755ffab1d70402cb7e050b50393ae8c2426e91d18cb0f4dfddd38ac,644543.0,584.0,4547.0,195.0,4.0,2026-09-19T10:59:54.538353
20230324,OK,file://data\raw\nse\fo_zip\fo_20230324.csv.zip,1fb5dd3fca0685869ac850f87c8735efa89cc255424b54d74ae6c3b56fcf050c,652868.0,584.0,4499.0,195.0,4.0,2026-09-19T10:59:54.832460
20230327,OK,file://data\raw\nse\fo_zip\fo_20230327.csv.zip,ec536f567fed67f2b9041a913c5f97adcc2347200d2e988461b159df89e85553,663573.0,584.0,4527.0,195.0,4.0,2026-09-19T10:59:55.099251
20230328,OK,file://data\raw\nse\fo_zip\fo_20230328.csv.zip,965df0d45cf576c803694263a4f81783fe2520b6117bcb64f6492198017f7bef,670942.0,584.0,4541.0,195.0,4.0,2026-09-19T10:59:55.370512
20230329,OK,file://data\raw\nse\fo_zip\fo_20230329.csv.zip,fcccaf3f41010c5af1e6733dc3055483965b51fbf44115a1034ac8b3b2bd7f73,662974.0,584.0,4481.0,195.0,4.0,2026-09-19T10:59:55.643273
20230331,OK,file://data\raw\nse\fo_zip\fo_20230331.csv.zip,7ad8d946c3489bab208f8807882a26518688207c0a2274ae12334a33ca41d380,582166.0,580.0,4375.0,193.0,4.0,2026-09-19T10:59:55.911017
20230403,OK,file://data\raw\nse\fo_zip\fo_20230403.csv.zip,ad891b3685ac2dbdc0c7c1818a0104e49ab2daa6eab09b65071d9deb31505da5,595198.0,580.0,4465.0,193.0,4.0,2026-09-19T10:59:56.162422
20230405,OK,file://data\raw\nse\fo_zip\fo_20230405.csv.zip,7ab9252ab836ba235fd7c54420e9edb4a48277a25c87afd4cf480eb3af2178a8,603821.0,580.0,4455.0,193.0,4.0,2026-09-19T10:59:56.428352
20230406,OK,file://data\raw\nse\fo_zip\fo_20230406.csv.zip,2d9b61e953c21c5b6d860484fce6f5d8e8a9195f4bc128b221d7572470630c4e,610122.0,580.0,4515.0,193.0,4.0,2026-09-19T10:59:56.694337
20230410,OK,file://data\raw\nse\fo_zip\fo_20230410.csv.zip,78ffd4fe88c5c6d7141d27e7e810234e3092ff0a168703b03e07bf66d17a12e1,611158.0,580.0,4481.0,193.0,4.0,2026-09-19T10:59:56.957291
20230411,OK,file://data\raw\nse\fo_zip\fo_20230411.csv.zip,facf9c6e88a79f41dd7df01a27ebdd375b44bd3d14c28ce6667a0aa4c8b4829b,619192.0,580.0,4485.0,193.0,4.0,2026-09-19T10:59:57.258481
20230412,OK,file://data\raw\nse\fo_zip\fo_20230412.csv.zip,399299261e2435ca8978485ef91ac1a69250f1159dd3cf819d785c8666105b75,626261.0,580.0,4537.0,193.0,4.0,2026-09-19T10:59:57.545798
20230413,OK,file://data\raw\nse\fo_zip\fo_20230413.csv.zip,ebc85fd611b6ad97b254aff27e057a103e4b18691b2988179a952f654a2121ad,634524.0,580.0,4607.0,193.0,4.0,2026-09-19T10:59:57.812188
20230417,OK,file://data\raw\nse\fo_zip\fo_20230417.csv.zip,e3dfecfe12f6a5e3aad046e0a5a7ceca99cdfac60704301dba21aaafe1bab390,639949.0,580.0,4661.0,193.0,4.0,2026-09-19T10:59:58.090816
20230418,OK,file://data\raw\nse\fo_zip\fo_20230418.csv.zip,517325d59f4ae0e4cd3293d1f40fc6c8866df551b9156425996cdc375d0cbbc5,649930.0,580.0,4709.0,193.0,4.0,2026-09-19T10:59:58.356041
20230419,OK,file://data\raw\nse\fo_zip\fo_20230419.csv.zip,140d89b4e26eb30a1b07f775aaa63528bc6945078f2d386ab44c711b9fe37a66,655720.0,580.0,4657.0,193.0,4.0,2026-09-19T10:59:58.636729
20230420,OK,file://data\raw\nse\fo_zip\fo_20230420.csv.zip,0a9a95238c2f4e0f4197811fe08024a42a7bffc3bd012c185a460bed9ff9b9b0,658581.0,580.0,4659.0,193.0,4.0,2026-09-19T10:59:58.921207
20230421,OK,file://data\raw\nse\fo_zip\fo_20230421.csv.zip,1d9cb1c4b9e064160ebb4fdd01fd9f49fb5305bc3f4fe7ebb9486a1093005693,665891.0,580.0,4565.0,193.0,4.0,2026-09-19T10:59:59.201871
20230424,OK,file://data\raw\nse\fo_zip\fo_20230424.csv.zip,803516301add3f0d0de6370ef03ff4e5f70885d781f0d41b5e0f8784b66172ea,674275.0,580.0,4573.0,193.0,4.0,2026-09-19T10:59:59.477140
20230425,OK,file://data\raw\nse\fo_zip\fo_20230425.csv.zip,0c9850ca9c25b2a1abc47f0bc0ff2f0b9d7af918681bbcc59d1f256bc4e9c799,682467.0,580.0,4629.0,193.0,4.0,2026-09-19T10:59:59.758531
20230426,OK,file://data\raw\nse\fo_zip\fo_20230426.csv.zip,f01024da95f8a5d7995700cf724fe584df387129d08b234d6735a20afde2e339,684283.0,580.0,4579.0,193.0,4.0,2026-09-19T11:00:00.069709
20230427,OK,file://data\raw\nse\fo_zip\fo_20230427.csv.zip,7c429be536f5d7cb8152286acc8636f541501e3c9fa2d953c82a6d38c3867c14,678051.0,580.0,4611.0,193.0,4.0,2026-09-19T11:00:00.361900
20230428,OK,file://data\raw\nse\fo_zip\fo_20230428.csv.zip,35abe37ae81edfd0608d59598ff516f0ea1f4152a68e144248e74ca7f72ef402,573116.0,577.0,4561.0,192.0,4.0,2026-09-19T11:00:00.620794
20230502,OK,file://data\raw\nse\fo_zip\fo_20230502.csv.zip,d8915e31f306d4928017c6c0344dab2322c2ae41f6fd505dd08eb4dfe7ef7dc4,589724.0,577.0,4669.0,192.0,4.0,2026-09-19T11:00:00.877741
20230503,OK,file://data\raw\nse\fo_zip\fo_20230503.csv.zip,03ec8bef4fc3643c7bc7600912b2684ff0458a7f111959e9fe4879be96318005,597719.0,577.0,4701.0,192.0,4.0,2026-09-19T11:00:01.134102
20230504,OK,file://data\raw\nse\fo_zip\fo_20230504.csv.zip,dad54355a61824b0ec5906761ce8825cc9bb67132abcf3f6cccad62ed7975093,605409.0,576.0,4671.0,192.0,4.0,2026-09-19T11:00:01.397343
20230505,OK,file://data\raw\nse\fo_zip\fo_20230505.csv.zip,7777cc575390331cbc02d26e1582a04297f0239c3eec13c4f52dfa31bc556850,615296.0,576.0,4685.0,192.0,4.0,2026-09-19T11:00:01.653206
20230508,OK,file://data\raw\nse\fo_zip\fo_20230508.csv.zip,ebf69824d4b62062831c348ecf9a70430dc9fb26bb0c8676a7af17f98c764b6f,619306.0,576.0,4721.0,192.0,4.0,2026-09-19T11:00:01.919295
20230509,OK,file://data\raw\nse\fo_zip\fo_20230509.csv.zip,6e75fe3cd95642dc1b9c0fbcad385e6c021cbeb893735c6ecc547bc0dae62519,629092.0,576.0,4735.0,192.0,4.0,2026-09-19T11:00:02.193551
20230510,OK,file://data\raw\nse\fo_zip\fo_20230510.csv.zip,4b0a3b7f47eea41248757c14cbd8379b6e6437d9a0380bc6a8251f5636e20a07,628888.0,576.0,4683.0,192.0,4.0,2026-09-19T11:00:02.472330
20230511,OK,file://data\raw\nse\fo_zip\fo_20230511.csv.zip,1343d7b2b67eb4631b418258aee73fcb9ce945b09d029e052de309db3c808f7a,636469.0,575.0,4673.0,192.0,4.0,2026-09-19T11:00:02.743882
20230512,OK,file://data\raw\nse\fo_zip\fo_20230512.csv.zip,a77537c94765bf8f96e085024d72ae7335510204d39788f4806a5956bbe1c3bb,644920.0,575.0,4589.0,192.0,4.0,2026-09-19T11:00:03.027518
20230515,OK,file://data\raw\nse\fo_zip\fo_20230515.csv.zip,32fd8ed7e533de5456e400a672fce696c9b482a31a90efd7e2ced506b9d78284,653924.0,575.0,4625.0,192.0,4.0,2026-09-19T11:00:03.322839
20230516,OK,file://data\raw\nse\fo_zip\fo_20230516.csv.zip,e6a67f3799139fb6fe2912e3c6ded5d732834ec7cec8d03d677d76440945631c,661572.0,575.0,4719.0,192.0,4.0,2026-09-19T11:00:03.592618
20230517,OK,file://data\raw\nse\fo_zip\fo_20230517.csv.zip,209aab084454e4722912847e88767b6786b5322d24f751229861b25e670609ab,667389.0,575.0,4695.0,192.0,4.0,2026-09-19T11:00:03.919971
20230518,OK,file://data\raw\nse\fo_zip\fo_20230518.csv.zip,0a77c282960416281f594df913c9848a25687d07ed333f5fbd00c059a3c0e3e0,668621.0,574.0,4677.0,192.0,4.0,2026-09-19T11:00:04.238976
20230519,OK,file://data\raw\nse\fo_zip\fo_20230519.csv.zip,0086f24bef389b198c67e1e28ed19a2ef132c73b3fe7f7b169613e44d3337de5,676727.0,574.0,4609.0,192.0,4.0,2026-09-19T11:00:04.528830
20230522,OK,file://data\raw\nse\fo_zip\fo_20230522.csv.zip,0bf31cda3e205248f638e8f3ab6cb419bd93f3c08aa338ab441f393dcb4fc88a,683159.0,574.0,4613.0,192.0,4.0,2026-09-19T11:00:04.810448
20230523,OK,file://data\raw\nse\fo_zip\fo_20230523.csv.zip,d398c306f658edd8d183b50e84232a35e67f8e65a739611537772974fbd17ff9,694649.0,574.0,4617.0,192.0,4.0,2026-09-19T11:00:05.097253
20230524,OK,file://data\raw\nse\fo_zip\fo_20230524.csv.zip,d24db656ba305509333c5f9fe85af1342ae494dc05df38a0d28f5181b95193a6,696874.0,574.0,4599.0,192.0,4.0,2026-09-19T11:00:05.371882
20230525,OK,file://data\raw\nse\fo_zip\fo_20230525.csv.zip,504b35114a62f0c0b21f32bc4cff83bb36a2758f1d09d9858dadaddbc4afbca4,689357.0,573.0,4595.0,192.0,4.0,2026-09-19T11:00:05.652320
20230526,OK,file://data\raw\nse\fo_zip\fo_20230526.csv.zip,3dd78de69f1fa49e2cc3cb8ba564a49deff665b6da184daddf65194ca2f027ec,572781.0,570.0,4459.0,191.0,4.0,2026-09-19T11:00:05.898976
20230529,OK,file://data\raw\nse\fo_zip\fo_20230529.csv.zip,b8d3759362c6479d607b4852d1ac2ec4465509676156e339661fded039f3f617,586951.0,570.0,4525.0,191.0,4.0,2026-09-19T11:00:06.161734
20230530,OK,file://data\raw\nse\fo_zip\fo_20230530.csv.zip,596f68d069d1b87be9b72469d7c3bf3558d620044a8e731070a9eeaf66c04cbd,591786.0,570.0,4636.0,191.0,4.0,2026-09-19T11:00:06.419802
20230531,OK,file://data\raw\nse\fo_zip\fo_20230531.csv.zip,3b48d591d65d133587797891765ed110d942b3ec40a79e1b2fb5099b89b753eb,604757.0,570.0,4628.0,191.0,4.0,2026-09-19T11:00:06.681751
20230601,OK,file://data\raw\nse\fo_zip\fo_20230601.csv.zip,54bcf79b44e4429c02a9f4b5fa8777e8878aae6b5fe592f7ff17b40586160131,608203.0,570.0,4586.0,191.0,4.0,2026-09-19T11:00:06.936346
20230602,OK,file://data\raw\nse\fo_zip\fo_20230602.csv.zip,741607534fdfa13193d499291ce6e21f217ca80d7a1346a909c40f784380dbf5,607459.0,570.0,4500.0,191.0,4.0,2026-09-19T11:00:07.203725
20230605,OK,file://data\raw\nse\fo_zip\fo_20230605.csv.zip,71d2f5c815aed30868fabaa0e9fb3391be76bfb42edd2778bf5070a32c32e621,611894.0,570.0,4518.0,191.0,4.0,2026-09-19T11:00:07.459852
20230606,OK,file://data\raw\nse\fo_zip\fo_20230606.csv.zip,94054b081c42a15315fb7a04f6ba8135cb4e3170eb1206c7deeb62759b2c7f51,616799.0,570.0,4522.0,191.0,4.0,2026-09-19T11:00:07.734857
20230607,OK,file://data\raw\nse\fo_zip\fo_20230607.csv.zip,c70ec9d9acc8c69fb16344d4acd9142915179ef31168bdbc77672ed6fed43458,625949.0,570.0,4500.0,191.0,4.0,2026-09-19T11:00:08.000693
20230608,OK,file://data\raw\nse\fo_zip\fo_20230608.csv.zip,7eff561f4a0fac913743f2dc3b4be817ed68bbe5289259dfa41db22cbbd032d7,634800.0,570.0,4526.0,191.0,4.0,2026-09-19T11:00:08.281601
20230609,OK,file://data\raw\nse\fo_zip\fo_20230609.csv.zip,61e255b3724ae4e1084dd4ea862baf31e6242ef74c5b172cb8e887d25b38f8b7,633733.0,570.0,4466.0,191.0,4.0,2026-09-19T11:00:08.538414
20230612,OK,file://data\raw\nse\fo_zip\fo_20230612.csv.zip,871d68fdf64260e7448056d75d1bf10207ad781a672c3588c0cecc9eab71c061,636285.0,570.0,4470.0,191.0,4.0,2026-09-19T11:00:08.814731
20230613,OK,file://data\raw\nse\fo_zip\fo_20230613.csv.zip,ba9ff1d3543ad2be6087fec11525521cab55ceac1984fd12b33a8f9229eefb1e,646731.0,570.0,4472.0,191.0,4.0,2026-09-19T11:00:09.097428
20230614,OK,file://data\raw\nse\fo_zip\fo_20230614.csv.zip,38c74546b67f7d32ab008652bbd346f1e25e46cf2ed372b7ca39135046745685,653457.0,570.0,4490.0,191.0,4.0,2026-09-19T11:00:09.383460
20230615,OK,file://data\raw\nse\fo_zip\fo_20230615.csv.zip,ae6643dcf3cf143024229426e91713a988ebe9ca61bbacefbbd30ce082ef97da,664757.0,570.0,4472.0,191.0,4.0,2026-09-19T11:00:09.660865
20230616,OK,file://data\raw\nse\fo_zip\fo_20230616.csv.zip,b87c3cb65d0151ee4137f74cd3be152f7ef3a4440fbeaf3a44c56e02a41f8114,670861.0,570.0,4478.0,191.0,4.0,2026-09-19T11:00:09.948583
20230619,OK,file://data\raw\nse\fo_zip\fo_20230619.csv.zip,04a62b82ddfbe5c1bc4f1171dd9183fedc0de1c1cc4f674dd3b172158f8a87c0,682314.0,570.0,4532.0,191.0,4.0,2026-09-19T11:00:10.228471
20230620,OK,file://data\raw\nse\fo_zip\fo_20230620.csv.zip,9bd2596936a2851a723254a8d1e04ff53649e3322815406a2af44db872f4cb70,686787.0,570.0,4546.0,191.0,4.0,2026-09-19T11:00:10.501413
20230621,OK,file://data\raw\nse\fo_zip\fo_20230621.csv.zip,918a7189180bc7e9bf4640ceca7dfc9617735ba80455847f52a8efe350be855f,701986.0,570.0,4544.0,191.0,4.0,2026-09-19T11:00:10.783418
20230622,OK,file://data\raw\nse\fo_zip\fo_20230622.csv.zip,44a08f26b533336ed4078066d98db526fa9b875cb5ca569ebac15b24a7c7032a,718550.0,570.0,4550.0,191.0,4.0,2026-09-19T11:00:11.065569
20230623,OK,file://data\raw\nse\fo_zip\fo_20230623.csv.zip,cf164a9e5b309455cdae66db980d80059c4a3d289e80e65e942a6c489c3b932b,726274.0,570.0,4506.0,191.0,4.0,2026-09-19T11:00:11.382144
20230626,OK,file://data\raw\nse\fo_zip\fo_20230626.csv.zip,4cd94997abb10c266167f9096412e15f757caa23313e464d0c94bfd7ffcabaf1,728946.0,570.0,4518.0,191.0,4.0,2026-09-19T11:00:11.660518
20230627,OK,file://data\raw\nse\fo_zip\fo_20230627.csv.zip,d6510ced97c21be542f25155c376d821c351a0d8253e44a4e47f88f75439d644,741168.0,570.0,4518.0,191.0,4.0,2026-09-19T11:00:11.957657
20230628,OK,file://data\raw\nse\fo_zip\fo_20230628.csv.zip,e7004778f53d2c355e8edbdb47b9db45d298e4fe9d692b0a82e44cad70f1ef02,725075.0,570.0,4452.0,191.0,4.0,2026-09-19T11:00:12.277476
20230630,OK,file://data\raw\nse\fo_zip\fo_20230630.csv.zip,a99bdf8844397a326952e7c68d514e504bcc51c45ec33e55124989654a4125db,628644.0,568.0,4306.0,190.0,4.0,2026-09-19T11:00:12.604418
20230703,OK,file://data\raw\nse\fo_zip\fo_20230703.csv.zip,0b16e88c5850e5751994c44f3295f3502cf6153a371852585dfb93d009c4f89f,653564.0,568.0,4472.0,190.0,4.0,2026-09-19T11:00:12.917794
20230704,OK,file://data\raw\nse\fo_zip\fo_20230704.csv.zip,7910f940bb00bda05fe6f090463c2b9fb4496cd80b96325c641196b2e77ba6ab,666130.0,568.0,4620.0,190.0,4.0,2026-09-19T11:00:13.204852
20230705,OK,file://data\raw\nse\fo_zip\fo_20230705.csv.zip,8f34aec0c71d6aa8ea36fbe1a82deb8304a6c809d06ee6a8fec9e114c7e729e8,674538.0,568.0,4652.0,190.0,4.0,2026-09-19T11:00:13.514774
20230706,OK,file://data\raw\nse\fo_zip\fo_20230706.csv.zip,f8fd6850b1db10081da30b8e66cb0351ba1c6272dfcaf4d25b8c3a4b6dec8351,685556.0,568.0,4634.0,190.0,4.0,2026-09-19T11:00:13.882179
20230707,OK,file://data\raw\nse\fo_zip\fo_20230707.csv.zip,9578950561723f996d9cef6a8624135d9f155bc9639f1de0fd9bb0cfe266f987,695256.0,568.0,4610.0,190.0,4.0,2026-09-19T11:00:14.222482
20230710,OK,file://data\raw\nse\fo_zip\fo_20230710.csv.zip,62d1099edce3d05812f7d092c04fdd59debf35aac49f7710bffc5b354ba399ab,693779.0,568.0,4628.0,190.0,4.0,2026-09-19T11:00:14.516553
20230711,OK,file://data\raw\nse\fo_zip\fo_20230711.csv.zip,227c1156cce6c4a1f524294559da69acdfe71a207c2d1598292dbd47e29a671d,695688.0,568.0,4632.0,190.0,4.0,2026-09-19T11:00:14.806860
20230712,OK,file://data\raw\nse\fo_zip\fo_20230712.csv.zip,c91c6d6359a476c320a9098966ba1f493885ee90f13f96a24dd28b02fe05675b,698820.0,568.0,4596.0,190.0,4.0,2026-09-19T11:00:15.115094
20230713,OK,file://data\raw\nse\fo_zip\fo_20230713.csv.zip,c5c9c782ec1b5dbe205485fc9dbeeb1afc2844c9b4c404dc17e3cdb58126ecc7,707243.0,565.0,4582.0,189.0,4.0,2026-09-19T11:00:15.443701
20230714,OK,file://data\raw\nse\fo_zip\fo_20230714.csv.zip,9ca09b2a13218776c1a0440d35c4671d3bb3f5e4b100611a5c505b83697e419f,704546.0,565.0,4510.0,189.0,4.0,2026-09-19T11:00:15.747808
20230717,OK,file://data\raw\nse\fo_zip\fo_20230717.csv.zip,1e1a2e344ce67a51b5a019248a22ed879145f3fc11c02c19fdfa7feb1c759e1b,720116.0,565.0,4560.0,189.0,4.0,2026-09-19T11:00:16.057836
20230718,OK,file://data\raw\nse\fo_zip\fo_20230718.csv.zip,131e64c2d85e8ef018a4e1c0ceb7acd373bca433025503d07576b373b7f2f5df,729685.0,565.0,4634.0,189.0,4.0,2026-09-19T11:00:16.360310
20230719,OK,file://data\raw\nse\fo_zip\fo_20230719.csv.zip,dc3dbef43166be915296bc7cd514735f0942ece4a935eb9870475ea45353620f,727957.0,565.0,4602.0,189.0,4.0,2026-09-19T11:00:16.707153
20230720,OK,file://data\raw\nse\fo_zip\fo_20230720.csv.zip,52ec5552e8a19c8e2c01b5e206f409a8cb63d6849173498dbdfea8f6f480c0b5,734420.0,565.0,4676.0,189.0,4.0,2026-09-19T11:00:17.009364
20230721,OK,file://data\raw\nse\fo_zip\fo_20230721.csv.zip,b3482c7ac6409adc411f4fd895d6f5199f23cffbca6d234a042aa30f222ccf8d,755250.0,565.0,4728.0,189.0,4.0,2026-09-19T11:00:17.312014
20230724,OK,file://data\raw\nse\fo_zip\fo_20230724.csv.zip,5cf3209303cde2f0d20cc0f3aa40c57a8d451ed56346b4ebc8ec5f48cffe25ac,771663.0,565.0,4740.0,189.0,4.0,2026-09-19T11:00:17.610969
20230725,OK,file://data\raw\nse\fo_zip\fo_20230725.csv.zip,6eee9f80ca988828ca5171ee3c1170f3623b05d76649dc9d47a9591e00d22a72,779096.0,565.0,4748.0,189.0,4.0,2026-09-19T11:00:17.938168
20230726,OK,file://data\raw\nse\fo_zip\fo_20230726.csv.zip,fbef670290a822f704295f66fec85c34bc10ae2ba2a65252e9a05555712d2cfe,785126.0,565.0,5058.0,189.0,4.0,2026-09-19T11:00:18.304251
20230727,OK,file://data\raw\nse\fo_zip\fo_20230727.csv.zip,59c81eb92e8b491c5c1ddb0edbcdc63399e01ae2168a1ba8cc40e574b9660629,787373.0,565.0,4974.0,189.0,4.0,2026-09-19T11:00:18.660711
20230728,OK,file://data\raw\nse\fo_zip\fo_20230728.csv.zip,6ec0f68686786da1d03e7c03ad3cd6b05029a07d1c5bf00dfce842c3dd22e81f,653415.0,564.0,4830.0,188.0,4.0,2026-09-19T11:00:18.998709
20230731,OK,file://data\raw\nse\fo_zip\fo_20230731.csv.zip,1cbf259c6224a7b7776f27875b0401e981560d7e762f53afe27e83eb00158ff6,664501.0,564.0,4838.0,188.0,4.0,2026-09-19T11:00:19.363511
20230801,OK,file://data\raw\nse\fo_zip\fo_20230801.csv.zip,95136d3879630d20d9b4fce01d80e1da5d245eb92efc3ad1635a6101fcbd7129,675233.0,564.0,4888.0,188.0,4.0,2026-09-19T11:00:19.655253
20230802,OK,file://data\raw\nse\fo_zip\fo_20230802.csv.zip,ad12974feaf83140ed147faff8f835bb09440dfe0a3824f5ce01f398c319794d,688635.0,564.0,4846.0,188.0,4.0,2026-09-19T11:00:19.950820
20230803,OK,file://data\raw\nse\fo_zip\fo_20230803.csv.zip,d6974d8460919ee1e2c68135bd86c2e81da507d997114e41424880d317fdcda8,690830.0,564.0,4832.0,188.0,4.0,2026-09-19T11:00:20.268493
20230804,OK,file://data\raw\nse\fo_zip\fo_20230804.csv.zip,4ab95e8bf58a59c61b2c0c3de2a3e7fdb13c0a9596cec4ba73a9100c71453dbd,692992.0,564.0,4794.0,188.0,4.0,2026-09-19T11:00:20.568339
20230807,OK,file://data\raw\nse\fo_zip\fo_20230807.csv.zip,1ef541c38464778ec642ab25da10a6dc4de065ed4887a944e1081236862edf1e,695995.0,564.0,4814.0,188.0,4.0,2026-09-19T11:00:20.899772
20230808,OK,file://data\raw\nse\fo_zip\fo_20230808.csv.zip,d6e72df45db2a4a4a8a4bd31d6392e2e91d375f22e22cc8e34be57c419f73300,702856.0,564.0,4818.0,188.0,4.0,2026-09-19T11:00:21.227722
20230809,OK,file://data\raw\nse\fo_zip\fo_20230809.csv.zip,7893b2d4e6020c97be722a43212af10b4d7118447582f2c33245e838884d72c4,706672.0,564.0,4786.0,188.0,4.0,2026-09-19T11:00:21.540821
20230810,OK,file://data\raw\nse\fo_zip\fo_20230810.csv.zip,8eb11902bb94f61dfd3f9f19ace37ba09c8bd66fb8c992aa64dec2de44c005f3,715338.0,564.0,4734.0,188.0,4.0,2026-09-19T11:00:21.853027
20230811,OK,file://data\raw\nse\fo_zip\fo_20230811.csv.zip,ae7df189bec91da401579df1a3bd33b76710488731a1fb64aa6cc6f37e1a02a1,713493.0,564.0,4680.0,188.0,4.0,2026-09-19T11:00:22.150558
20230814,OK,file://data\raw\nse\fo_zip\fo_20230814.csv.zip,366381d237b67d5d1ed44c2aa3a115acc431d4649c8f89a26ea3342498c14b63,720413.0,564.0,4766.0,188.0,4.0,2026-09-19T11:00:22.459600
20230816,OK,file://data\raw\nse\fo_zip\fo_20230816.csv.zip,3c2411e52a62c8bccd1b2899dbdda0ac4ec700376aae0c80689eb2bf09d79803,721438.0,564.0,4752.0,188.0,4.0,2026-09-19T11:00:22.743071
20230817,OK,file://data\raw\nse\fo_zip\fo_20230817.csv.zip,adb4a6a0922e161b2ff0b5c35eed1afb42c86fc01668050257312c45a9f55d04,721131.0,564.0,4712.0,188.0,4.0,2026-09-19T11:00:23.060525
20230818,OK,file://data\raw\nse\fo_zip\fo_20230818.csv.zip,48462139967809a152c9f8e7edd761b832347846fe61589b70e673a9a0b799ea,725940.0,564.0,4674.0,188.0,4.0,2026-09-19T11:00:23.350725
20230821,OK,file://data\raw\nse\fo_zip\fo_20230821.csv.zip,86d6609cf4898d7c38ee3b2dfee2aab0a067c9562565c1f026b5436a09cff1a6,725731.0,564.0,4684.0,188.0,4.0,2026-09-19T11:00:23.658339
20230822,OK,file://data\raw\nse\fo_zip\fo_20230822.csv.zip,37d47e47ef5a0775242231b3c5c39c4f6156e32d08c44dcd1669dd9c0f28ebd3,730520.0,564.0,4632.0,188.0,4.0,2026-09-19T11:00:24.009776
20230823,OK,file://data\raw\nse\fo_zip\fo_20230823.csv.zip,9941656268e0bb87a72419c6e2f91c1050e9f833f1ec0bd95368d5d9d44ef2b4,738453.0,564.0,4638.0,188.0,4.0,2026-09-19T11:00:24.338887
20230824,OK,file://data\raw\nse\fo_zip\fo_20230824.csv.zip,89659979336a6b60e79653dc874bceecf8754c89a3bee85ee3ac092f25b69997,748337.0,564.0,4686.0,188.0,4.0,2026-09-19T11:00:24.644845
20230825,OK,file://data\raw\nse\fo_zip\fo_20230825.csv.zip,7c5784396b4e1d9d95f563b8f7a0de902bb9175eea1c4f0fa6a1db136dfa99ef,752617.0,564.0,4626.0,188.0,4.0,2026-09-19T11:00:24.942748
20230828,OK,file://data\raw\nse\fo_zip\fo_20230828.csv.zip,2848f4dd893d42b3ddc0ddcaa43e51ab153635c7eff538a2d1f75172c11ac59d,754987.0,564.0,4648.0,188.0,4.0,2026-09-19T11:00:25.253311
20230829,OK,file://data\raw\nse\fo_zip\fo_20230829.csv.zip,e684dfd7dd598122e8d2f63d7592df611c41e67649efe140edfa8e3396c404d1,758564.0,564.0,4564.0,188.0,4.0,2026-09-19T11:00:25.567883
20230830,OK,file://data\raw\nse\fo_zip\fo_20230830.csv.zip,2da922dcb065f18cda7e3bbea2c2fe97dbf15f7adf6c19477d59b68344deaf4e,763858.0,564.0,4516.0,188.0,4.0,2026-09-19T11:00:25.865146
20230831,OK,file://data\raw\nse\fo_zip\fo_20230831.csv.zip,fc0e3a242ac9c2204612d16cc072883d7f72dba6c6ccdd9e379636c6c09e6055,758158.0,564.0,4562.0,188.0,4.0,2026-09-19T11:00:26.165859
20230901,OK,file://data\raw\nse\fo_zip\fo_20230901.csv.zip,b12d709307aa6f1b6fc9ffea07ac5122af8079c96e5f8429e8c5c850492e6503,629266.0,564.0,4444.0,188.0,4.0,2026-09-19T11:00:26.443419
20230904,OK,file://data\raw\nse\fo_zip\fo_20230904.csv.zip,32224d54c0d97682f9a725f243d3ab2ade2a8ab2aa8c344e48d87a236b04ca0e,644667.0,564.0,4490.0,188.0,4.0,2026-09-19T11:00:26.716234
20230905,OK,file://data\raw\nse\fo_zip\fo_20230905.csv.zip,e856ae0131d64aaeb8b3889b22df634eafc31dd74dbf47f99d92604e09173c22,654199.0,564.0,4502.0,188.0,4.0,2026-09-19T11:00:26.981539
20230906,OK,file://data\raw\nse\fo_zip\fo_20230906.csv.zip,e9a097a85e564c46218395ae867084831f662819d0e5559f49b0244a0718d086,659942.0,564.0,4510.0,188.0,4.0,2026-09-19T11:00:27.267455
20230907,OK,file://data\raw\nse\fo_zip\fo_20230907.csv.zip,804f643869288eb52cafef05462b1f8818491bde09da0ecf9cb5678bf1aa0d8d,666013.0,564.0,4512.0,188.0,4.0,2026-09-19T11:00:27.546582
20230908,OK,file://data\raw\nse\fo_zip\fo_20230908.csv.zip,4f7df11600e08907e26b9c915fabc812c6260addee4ae9c9a14f5814ce93ff8c,677066.0,564.0,4592.0,188.0,4.0,2026-09-19T11:00:27.825745
20230911,OK,file://data\raw\nse\fo_zip\fo_20230911.csv.zip,b4477e815d0cb985c45a404ae22e6564efe2c10adfe8ccf186bd731b31d8fa3f,686366.0,564.0,4690.0,188.0,4.0,2026-09-19T11:00:28.155326
20230912,OK,file://data\raw\nse\fo_zip\fo_20230912.csv.zip,ad2e218e5c2494cf11fb49fa9d2513b67a5d83c437b96b67fea8ac312697f4c8,706030.0,564.0,4792.0,188.0,4.0,2026-09-19T11:00:28.444149
20230913,OK,file://data\raw\nse\fo_zip\fo_20230913.csv.zip,0acdb1b950eb1080568ec3183b7eedc237eb161390d569833326cc961c593922,705843.0,564.0,4774.0,188.0,4.0,2026-09-19T11:00:28.732629
20230914,OK,file://data\raw\nse\fo_zip\fo_20230914.csv.zip,1eb6af8d3db0b0e43b984c51fec79124150f7bb755c3524be00206b8282cb541,707878.0,564.0,4814.0,188.0,4.0,2026-09-19T11:00:29.039082
20230915,OK,file://data\raw\nse\fo_zip\fo_20230915.csv.zip,473cd20b7c5b5e24a59dcbb2acf5d5c194885a45092bdd1fbc75e83231102d08,710725.0,564.0,4794.0,188.0,4.0,2026-09-19T11:00:29.343459
20230918,OK,file://data\raw\nse\fo_zip\fo_20230918.csv.zip,8b77168c2f72d18aeda0be3853180534eb29ad607015ae9e0b04e0f5e3eed857,717650.0,564.0,4874.0,188.0,4.0,2026-09-19T11:00:29.626937
20230920,OK,file://data\raw\nse\fo_zip\fo_20230920.csv.zip,0e3ec9d6662982231a47d4236ae2f3b1be5829b379b1374f523fe85b70bee2e0,723922.0,564.0,4784.0,188.0,4.0,2026-09-19T11:00:29.946932
20230921,OK,file://data\raw\nse\fo_zip\fo_20230921.csv.zip,cc7eeefd303c409ddfd1362e007b89f411f3365500c6ae32d91455793c2c3c68,733254.0,564.0,4780.0,188.0,4.0,2026-09-19T11:00:30.261974
20230922,OK,file://data\raw\nse\fo_zip\fo_20230922.csv.zip,dd882b25155061ce48418d690a680137bb95bee9e1c115329a237382c068c1d2,741284.0,564.0,4812.0,188.0,4.0,2026-09-19T11:00:30.549935
20230925,OK,file://data\raw\nse\fo_zip\fo_20230925.csv.zip,2de24cc56c5ce65d2710db9486bec90c2d8f7a3476b40d97ec8df54f813dd0a4,751199.0,564.0,4836.0,188.0,4.0,2026-09-19T11:00:30.837390
20230926,OK,file://data\raw\nse\fo_zip\fo_20230926.csv.zip,77f97b3715b6fcb2e30ee73fc8140addb58daf25adbecb41ef1711238ddbfd86,753284.0,564.0,4736.0,188.0,4.0,2026-09-19T11:00:31.110323
20230927,OK,file://data\raw\nse\fo_zip\fo_20230927.csv.zip,0e3f9854216c1da0eb270acc6c4cbadb15ab03ef20ac458cd987f591205d0b55,760184.0,564.0,4702.0,188.0,4.0,2026-09-19T11:00:31.394175
20230928,OK,file://data\raw\nse\fo_zip\fo_20230928.csv.zip,b3e97c15fd5f7039663c657b773a917683eaf97ccf2880b686069b5dce8f8c29,753189.0,564.0,4704.0,188.0,4.0,2026-09-19T11:00:31.687220
20230929,OK,file://data\raw\nse\fo_zip\fo_20230929.csv.zip,5bb32011ed11ac33e00e729cf7fd4040d42b5b8f42861bb914815d61656d1701,652277.0,564.0,4641.0,188.0,4.0,2026-09-19T11:00:31.994396
20231003,OK,file://data\raw\nse\fo_zip\fo_20231003.csv.zip,5695510805144b7abf21fe5ae8a0c3598679896d61d5e674c97988a1c1810e4c,655729.0,564.0,4605.0,188.0,4.0,2026-09-19T11:00:32.268613
20231004,OK,file://data\raw\nse\fo_zip\fo_20231004.csv.zip,8e050cb82382a5037b0d186684e62fe913daac8bb32bae174797ea30ffb5cc2c,672079.0,564.0,4567.0,188.0,4.0,2026-09-19T11:00:32.555471
20231005,OK,file://data\raw\nse\fo_zip\fo_20231005.csv.zip,a88fdf81b19596fb9c9fc9673a435c9a165ef630c99baea53de20202702a9e69,670584.0,564.0,4585.0,188.0,4.0,2026-09-19T11:00:32.827161
20231006,OK,file://data\raw\nse\fo_zip\fo_20231006.csv.zip,50be1bb67f8a8b2be75d76787e8629ebd791b5490a71b677a5a26efd31ea6f1b,671135.0,564.0,4551.0,188.0,4.0,2026-09-19T11:00:33.105940
20231009,OK,file://data\raw\nse\fo_zip\fo_20231009.csv.zip,1fce905aba6ed3a66077fdcb4c867ed9a82ba8c502ae56748417f1cae9a6a8ae,679740.0,564.0,4565.0,188.0,4.0,2026-09-19T11:00:33.374280
20231010,OK,file://data\raw\nse\fo_zip\fo_20231010.csv.zip,608f83db14d9e614a8b80e470682d982a13da947720d4ae9a627b202a1d32322,681750.0,564.0,4559.0,188.0,4.0,2026-09-19T11:00:33.645180
20231011,OK,file://data\raw\nse\fo_zip\fo_20231011.csv.zip,22acd2e448e7440224d6e3b7d2f796d19a6872d6cd53596a0378b90136d30b4f,686702.0,564.0,4539.0,188.0,4.0,2026-09-19T11:00:33.914684
20231012,OK,file://data\raw\nse\fo_zip\fo_20231012.csv.zip,0301336fa4353e41ea8b53543e06e08ab41e1aea039bab9a6bcbbfbf95ee249a,687587.0,564.0,4519.0,188.0,4.0,2026-09-19T11:00:34.192764
20231013,OK,file://data\raw\nse\fo_zip\fo_20231013.csv.zip,126254bd11fd5408fb7538830d3c679f4cb5af1593029ebc3b546a6e9dad23d9,693951.0,564.0,4497.0,188.0,4.0,2026-09-19T11:00:34.483037
20231016,OK,file://data\raw\nse\fo_zip\fo_20231016.csv.zip,ac11caea0996420403b56f9c8a1e2b6a98442645fa7436e1a6a6383068621c59,695496.0,564.0,4503.0,188.0,4.0,2026-09-19T11:00:34.754980
20231017,OK,file://data\raw\nse\fo_zip\fo_20231017.csv.zip,fcda67f1f3ce8d201c09695ec722dcededea7938de4c5b8ebcb000b9c9d2cf6d,701433.0,564.0,4491.0,188.0,4.0,2026-09-19T11:00:35.031470
20231018,OK,file://data\raw\nse\fo_zip\fo_20231018.csv.zip,a49371b0c982c05165259ae288f8efd0f6eb3ab0d3d7c46c529da1f55f3da1f9,711313.0,564.0,4455.0,188.0,4.0,2026-09-19T11:00:35.308497
20231019,OK,file://data\raw\nse\fo_zip\fo_20231019.csv.zip,13f1488b363062dca813f64d3d4615c53856b12d7282cac19d82f0b5ef37c4e7,717753.0,564.0,4437.0,188.0,4.0,2026-09-19T11:00:35.588990
20231020,OK,file://data\raw\nse\fo_zip\fo_20231020.csv.zip,9b81d05c39b63c2a8939f7f889005fda26d091869c4bdcc2c481f2b5eea7bcd8,730238.0,564.0,4431.0,188.0,4.0,2026-09-19T11:00:35.867534
20231023,OK,file://data\raw\nse\fo_zip\fo_20231023.csv.zip,5894939c986df65dcd4274f71a5448aa1481c7e5b22f13dfc34ae95923bef2e0,756452.0,564.0,4505.0,188.0,4.0,2026-09-19T11:00:36.168412
20231025,OK,file://data\raw\nse\fo_zip\fo_20231025.csv.zip,9dfda6842722b7212fa9119d85629759886dd517478583b9e8549c23295beaa9,770341.0,564.0,4629.0,188.0,4.0,2026-09-19T11:00:36.459551
20231026,OK,file://data\raw\nse\fo_zip\fo_20231026.csv.zip,af4369ecd4558ba35dd329c5f74cefdf617ca5356cdb3d55209c8c268a937a0d,764960.0,564.0,4795.0,188.0,4.0,2026-09-19T11:00:36.747970
20231027,OK,file://data\raw\nse\fo_zip\fo_20231027.csv.zip,d300fba0daf1fb5f9e017603fdd8e65000b2555a5569246b25added55f59e9e2,643725.0,563.0,4945.0,188.0,4.0,2026-09-19T11:00:36.996656
20231030,OK,file://data\raw\nse\fo_zip\fo_20231030.csv.zip,8105b94ca2e33ae7caff1cb8601250e8be1e8dc36cc6e34630271beda28a39a7,656389.0,563.0,4963.0,188.0,4.0,2026-09-19T11:00:37.260458
20231031,OK,file://data\raw\nse\fo_zip\fo_20231031.csv.zip,03c13bb7847ccf617fd7b897f301db90b6718498da8aa6f6627605290553fc52,657937.0,563.0,4907.0,188.0,4.0,2026-09-19T11:00:37.524652
20231101,OK,file://data\raw\nse\fo_zip\fo_20231101.csv.zip,0e6cf3afa10b0867ffa50109372a3da89c7612636451576ab5a66967abbaa8e9,662027.0,563.0,4859.0,188.0,4.0,2026-09-19T11:00:37.797654
20231102,OK,file://data\raw\nse\fo_zip\fo_20231102.csv.zip,42e9c257f152ad1c3b7392bbad77786fa1cfbb96bde0c2fb7d540a7894f26085,668896.0,563.0,4801.0,188.0,4.0,2026-09-19T11:00:38.062157
20231103,OK,file://data\raw\nse\fo_zip\fo_20231103.csv.zip,fa295656ceb2401b57151ed4d52539e93fd0cbef8cdcff44e9ffa53ed4e5ee8f,673624.0,563.0,4781.0,188.0,4.0,2026-09-19T11:00:38.337711
20231106,OK,file://data\raw\nse\fo_zip\fo_20231106.csv.zip,bc33c5b49bdcc18019b9ed72a2e007426dcb2626d6cc705fec252a728c28ca57,680830.0,563.0,4819.0,188.0,4.0,2026-09-19T11:00:38.608042
20231107,OK,file://data\raw\nse\fo_zip\fo_20231107.csv.zip,a75228042aa312de58374630e5461b1394957087c6fec13704935405ded6493a,688275.0,563.0,4817.0,188.0,4.0,2026-09-19T11:00:38.884944
20231108,OK,file://data\raw\nse\fo_zip\fo_20231108.csv.zip,077ec006fd6f934dde701dde5b9f6638429a295a5f4cd11da747bc6445aa34c8,693655.0,563.0,4785.0,188.0,4.0,2026-09-19T11:00:39.168502
20231109,OK,file://data\raw\nse\fo_zip\fo_20231109.csv.zip,8dcf21f1bbea820edcde2237332d094cd68946322428704e7bc87bcfd3ca953b,696860.0,563.0,4771.0,188.0,4.0,2026-09-19T11:00:39.469815
20231110,OK,file://data\raw\nse\fo_zip\fo_20231110.csv.zip,8b6078006136bfbba9b87226f5dc7e2f1b38c444a650c5b876447a29247db986,697210.0,563.0,4745.0,188.0,4.0,2026-09-19T11:00:39.772825
20231113,OK,file://data\raw\nse\fo_zip\fo_20231113.csv.zip,2f5d6786f9bfb67b54f753d26cc05ca67c2be97470831c6181c345a2e3b06504,705993.0,563.0,4853.0,188.0,4.0,2026-09-19T11:00:40.067356
20231115,OK,file://data\raw\nse\fo_zip\fo_20231115.csv.zip,bef957510e71b5c3098d186a4fa5b15c0e40de99b6d39bb03187e7215bdf5461,722443.0,563.0,4763.0,188.0,4.0,2026-09-19T11:00:40.371205
20231116,OK,file://data\raw\nse\fo_zip\fo_20231116.csv.zip,04cd183173028ddd4c0346e1a713a0e2fd7dc1564588727ded4901222cfdb4ab,728689.0,563.0,4807.0,188.0,4.0,2026-09-19T11:00:40.653722
20231117,OK,file://data\raw\nse\fo_zip\fo_20231117.csv.zip,1949cf771d0fa171569cd2364ee58997c737b45b87c8f00fde2bcab29ec515d6,736115.0,563.0,4855.0,188.0,4.0,2026-09-19T11:00:40.941745
20231120,OK,file://data\raw\nse\fo_zip\fo_20231120.csv.zip,7e9d6b1637331ca31fc81c0001631b9c8097567ced91a35ea0b856b094249de3,739339.0,563.0,4869.0,188.0,4.0,2026-09-19T11:00:41.232670
20231121,OK,file://data\raw\nse\fo_zip\fo_20231121.csv.zip,d6cd8dc6ef60f09f33a763eaf3b7ab5bdacc5e1b0a365261456f000107e56633,740414.0,563.0,4803.0,188.0,4.0,2026-09-19T11:00:41.520955
20231122,OK,file://data\raw\nse\fo_zip\fo_20231122.csv.zip,a0ebb19a64ba59e983f99294d3ff55fa1cfea677b0aa9232513f55258c556333,753098.0,563.0,4771.0,188.0,4.0,2026-09-19T11:00:41.820704
20231123,OK,file://data\raw\nse\fo_zip\fo_20231123.csv.zip,c03dae3d3d300ae78ab130b161e9329315e239d83fbee4305802c138ae14b06f,755187.0,563.0,4755.0,188.0,4.0,2026-09-19T11:00:42.135838
20231124,OK,file://data\raw\nse\fo_zip\fo_20231124.csv.zip,5d7832774f8f1c7d69eefc223e068b01d421673425624dabddffdc9ae81d1e9f,767867.0,563.0,4719.0,188.0,4.0,2026-09-19T11:00:42.468019
20231128,OK,file://data\raw\nse\fo_zip\fo_20231128.csv.zip,486edc5e42d7a1b14fa9d5c7d7548769eec14ed49a6eb007c18891684310e612,779176.0,563.0,4659.0,188.0,4.0,2026-09-19T11:00:42.822010
20231129,OK,file://data\raw\nse\fo_zip\fo_20231129.csv.zip,d44be172d3b9866af31971cdf18df1f64f16b993329844f2d1f05d7a17e8bae1,793533.0,563.0,4669.0,188.0,4.0,2026-09-19T11:00:43.165927
20231130,OK,file://data\raw\nse\fo_zip\fo_20231130.csv.zip,80c82b1fc03fa89006ea241e217b5e1290ee2440e27faa49e1e82d524fbeb925,791286.0,563.0,4863.0,188.0,4.0,2026-09-19T11:00:43.500272
20231201,OK,file://data\raw\nse\fo_zip\fo_20231201.csv.zip,e21c0a5630a6c6ac30720c677297bfb9d3677d82591b192dd4f8f7a33bc05d13,658740.0,562.0,4795.0,188.0,4.0,2026-09-19T11:00:43.783355
20231204,OK,file://data\raw\nse\fo_zip\fo_20231204.csv.zip,8d194a575905151d9d9e7d800d7b2e1e067f197d886a3f6ddde205da61c5913f,691695.0,562.0,5079.0,188.0,4.0,2026-09-19T11:00:44.060225
20231205,OK,file://data\raw\nse\fo_zip\fo_20231205.csv.zip,c247681e96224451000e0e0a99187c7d74f2800531911625b267fb375a4ca11e,711753.0,562.0,5441.0,188.0,4.0,2026-09-19T11:00:44.340192
20231206,OK,file://data\raw\nse\fo_zip\fo_20231206.csv.zip,5f0bf8d77c46750b84d7865812371af8a9ac36093744a92ae9ad144833902f28,723968.0,562.0,5537.0,188.0,4.0,2026-09-19T11:00:44.647784
20231207,OK,file://data\raw\nse\fo_zip\fo_20231207.csv.zip,b128942f166f3ddaa6c33eef0a72c6505de74b1e2d23d40b09f416da710329fd,730457.0,562.0,5481.0,188.0,4.0,2026-09-19T11:00:44.932362
20231208,OK,file://data\raw\nse\fo_zip\fo_20231208.csv.zip,f73d43988c932ed1d06033835aa411784e4e191dacf9bf92143d70dfb4e76dc4,737379.0,562.0,5437.0,188.0,4.0,2026-09-19T11:00:45.235996
20231211,OK,file://data\raw\nse\fo_zip\fo_20231211.csv.zip,cf9a4eea71d008f6b020aea2519315abe0b47f0938425af8b6e84cd00022ef52,740287.0,562.0,5527.0,188.0,4.0,2026-09-19T11:00:45.542134
20231212,OK,file://data\raw\nse\fo_zip\fo_20231212.csv.zip,98bb74b6fb48f99225e2915eaf113f5c799970d4eb00450401ba5330b870c51c,746998.0,562.0,5485.0,188.0,4.0,2026-09-19T11:00:45.848281
20231213,OK,file://data\raw\nse\fo_zip\fo_20231213.csv.zip,ded9dd06d8558778d5c1e26dc58893cf427a8ea4da6b696ca1ebd4fc12436733,755468.0,562.0,5423.0,188.0,4.0,2026-09-19T11:00:46.157469
20231214,OK,file://data\raw\nse\fo_zip\fo_20231214.csv.zip,10cab81e0b0e00aa477df6f59a3600f0ff0ad17ab4c10f0e53c62be750d112f9,768137.0,562.0,5387.0,188.0,4.0,2026-09-19T11:00:46.461964
20231215,OK,file://data\raw\nse\fo_zip\fo_20231215.csv.zip,9ac996289092b862c66d88678d60e2a070160ae5176429854b464f11da0c68bc,786134.0,562.0,5589.0,188.0,4.0,2026-09-19T11:00:46.782928
20231218,OK,file://data\raw\nse\fo_zip\fo_20231218.csv.zip,5876f68a7477cfb89f7a8d64fe4d80e6e87cdb45d2f92ec050e5914664ca47c1,802991.0,562.0,5737.0,188.0,4.0,2026-09-19T11:00:47.088665
20231219,OK,file://data\raw\nse\fo_zip\fo_20231219.csv.zip,b71fda1b92fb51dafeb74fec2dfca23ff8094138173ad508f5d748259f157962,811355.0,562.0,5651.0,188.0,4.0,2026-09-19T11:00:47.421379
20231220,OK,file://data\raw\nse\fo_zip\fo_20231220.csv.zip,744ce5353642dc9821c4babf6210c7717edf67e183c882f815a8a6f14de4584b,837499.0,562.0,5581.0,188.0,4.0,2026-09-19T11:00:47.740386
20231221,OK,file://data\raw\nse\fo_zip\fo_20231221.csv.zip,6ea96c890ee78cc4193d2e8d941d325d66bcbf94cc81aabfb7f105618bac4bd9,832221.0,562.0,5511.0,188.0,4.0,2026-09-19T11:00:48.089619
20231222,OK,file://data\raw\nse\fo_zip\fo_20231222.csv.zip,599158b079d37c2f3cfafdeea14b217ef458efc5f28e4bb1c8690b23520ed0a9,838917.0,562.0,5449.0,188.0,4.0,2026-09-19T11:00:48.419490
20231226,OK,file://data\raw\nse\fo_zip\fo_20231226.csv.zip,112c823a8c32b05527d9155accb82e95c04a3acbb2d6354515a8ce2a7bf8cbff,850283.0,562.0,5321.0,188.0,4.0,2026-09-19T11:00:48.739261
20231227,OK,file://data\raw\nse\fo_zip\fo_20231227.csv.zip,0e7ce41f902390b42f7e42383e03702e3b78d8816e54bfdba90356b344b16e72,857646.0,562.0,5243.0,188.0,4.0,2026-09-19T11:00:49.065015
20231228,OK,file://data\raw\nse\fo_zip\fo_20231228.csv.zip,1226a400b71a505bc1bbc695eb490b74fccbbe49fc7fdb0473e4d30b3275a917,854874.0,562.0,5375.0,188.0,4.0,2026-09-19T11:00:49.400021
20231229,OK,file://data\raw\nse\fo_zip\fo_20231229.csv.zip,6a06a982de25542dfc35e8b081e61c37beadd3a2cbeeb49fcf62fd6ecb82d98b,714769.0,560.0,5180.0,187.0,4.0,2026-09-19T11:00:49.718452
