TradDt,BizDt,Sgmt,Src,FinInstrmTp,FinInstrmId,ISIN,TckrSymb,SctySrs,XpryDt,FininstrmActlXpryDt,StrkPric,OptnTp,FinInstrmNm,OpnPric,HghPric,LwPric,ClsPric,LastPric,PrvsClsgPric,UndrlygPric,SttlmPric,OpnIntrst,ChngInOpnIntrst,TtlTradgVol,TtlTrfVal,TtlNbOfTxsExctd,SsnId,NewBrdLotQty,Rmks,Rsvd1,Rsvd2,Rsvd3,Rsvd4
2026-03-19,2026-03-19,FO,NSE,IDO,40983,,NIFTY,,2026-04-07,2026-04-07,26300.0,PE,NIFTY2640726300PE,0.0,0.0,0.0,2290.5,2290.5,2290.5,23002.15,3222.65,65,0,0,0.0,0,F1,65,,,,,
2026-03-19,2026-03-19,FO,NSE,IDO,40991,,NIFTY,,2026-04-07,2026-04-07,26400.0,PE,NIFTY2640726400PE,0.0,0.0,0.0,2386.85,2386.85,2386.85,23002.15,3322.4,65,0,0,0.0,0,F1,65,,,,,
2026-03-19,2026-03-19,FO,NSE,IDO,40993,,NIFTY,,2026-04-07,2026-04-07,26450.0,PE,NIFTY2640726450PE,0.0,0.0,0.0,2419.8,2419.8,2419.8,23002.15,3372.25,65,0,0,0.0,0,F1,65,,,,,
2026-03-19,2026-03-19,FO,NSE,IDO,54171,,NIFTY,,2026-04-13,2026-04-13,20850.0,PE,NIFTY2641320850PE,0.0,0.0,0.0,0.1,0.0,0.1,23002.15,0.35,0,0,0,0.0,0,F1,65,,,,,
2026-03-19,2026-03-19,FO,NSE,IDO,54302,,NIFTY,,2026-04-13,2026-04-13,20950.0,PE,NIFTY2641320950PE,0.0,0.0,0.0,0.1,0.0,0.1,23002.15,0.55,0,0,0,0.0,0,F1,65,,,,,
2026-03-19,2026-03-19,FO,NSE,IDO,54662,,NIFTY,,2026-04-13,2026-04-13,21750.0,PE,NIFTY2641321750PE,0.0,0.0,0.0,1.65,0.0,1.65,23002.15,13.2,0,0,0,0.0,0,F1,65,,,,,
2026-03-19,2026-03-19,FO,NSE,IDO,54670,,NIFTY,,2026-04-13,2026-04-13,21800.0,PE,NIFTY2641321800PE,0.0,0.0,0.0,1.95,0.0,1.95,23002.15,15.5,0,0,0,0.0,0,F1,65,,,,,
2026-03-19,2026-03-19,FO,NSE,IDO,54684,,NIFTY,,2026-04-13,2026-04-13,22050.0,PE,NIFTY2641322050PE,0.0,0.0,0.0,4.2,0.0,4.2,23002.15,33.05,0,0,0,0.0,0,F1,65,,,,,
2026-03-19,2026-03-19,FO,NSE,IDO,54688,,NIFTY,,2026-04-13,2026-04-13,22150.0,PE,NIFTY2641322150PE,126.45,230.8,126.45,228.75,228.75,32.3,23002.15,228.75,1625,1560,64,92920756.5,38,F1,65,,,,,
2026-03-19,2026-03-19,FO,NSE,IDO,54756,,NIFTY,,2026-04-13,2026-04-13,22750.0,PE,NIFTY2641322750PE,0.0,0.0,0.0,26.2,0.0,26.2,23002.15,174.45,0,0,0,0.0,0,F1,65,,,,,
2026-03-19,2026-03-19,FO,NSE,IDO,54766,,NIFTY,,2026-04-13,2026-04-13,23000.0,PE,NIFTY2641323000PE,349.0,545.0,321.5,493.8,456.0,214.05,23002.15,493.8,23920,14235,1639,2496947440.0,1252,F1,65,,,,,
2026-03-19,2026-03-19,FO,NSE,IDO,54768,,NIFTY,,2026-04-13,2026-04-13,23050.0,PE,NIFTY2641323050PE,0.0,0.0,0.0,50.35,0.0,50.35,23002.15,297.95,0,0,0,0.0,0,F1,65,,,,,
2026-03-19,2026-03-19,FO,NSE,IDO,54789,,NIFTY,,2026-04-13,2026-04-13,23400.0,PE,NIFTY2641323400PE,497.85,735.45,465.65,681.05,630.25,298.9,23002.15,681.05,4680,910,152,237108898.0,147,F1,65,,,,,
2026-03-19,2026-03-19,FO,NSE,IDO,54832,,NIFTY,,2026-04-13,2026-04-13,24150.0,PE,NIFTY2641324150PE,0.0,0.0,0.0,312.85,0.0,312.85,23002.15,1094.1,0,0,0,0.0,0,F1,65,,,,,
2026-03-19,2026-03-19,FO,NSE,IDO,54871,,NIFTY,,2026-04-13,2026-04-13,24450.0,PE,NIFTY2641324450PE,0.0,0.0,0.0,451.75,0.0,451.75,23002.15,1372.55,0,0,0,0.0,0,F1,65,,,,,
2026-03-19,2026-03-19,FO,NSE,IDO,62854,,NIFTY,,2026-03-24,2026-03-24,26450.0,CE,NIFTY2632426450CE,1.5,2.8,0.65,1.1,0.95,1.05,23002.15,1.1,40885,8320,5793,9960156966.5,4365,F1,65,,,,,
2026-03-19,2026-03-19,FO,NSE,IDO,62731,,NIFTY,,2026-03-24,2026-03-24,25250.0,CE,NIFTY2632425250CE,1.85,3.6,1.6,2.15,1.9,2.7,23002.15,2.15,288470,-157690,73703,120976499439.25,19186,F1,65,,,,,
2026-03-19,2026-03-19,FO,NSE,IDO,62664,,NIFTY,,2026-03-24,2026-03-24,24450.0,CE,NIFTY2632424450CE,18.65,18.65,6.75,7.6,8.15,22.0,23002.15,7.6,579020,-84565,177442,282090832357.75,64735,F1,65,,,,,
2026-03-19,2026-03-19,FO,NSE,IDO,62607,,NIFTY,,2026-03-24,2026-03-24,23750.0,CE,NIFTY2632423750CE,53.75,77.45,29.6,38.6,52.25,223.7,23002.15,38.6,1250795,-62205,381064,589492220765.5,212916,F1,65,,,,,
2026-03-19,2026-03-19,FO,NSE,IDO,54891,,NIFTY,,2026-04-13,2026-04-13,24950.0,PE,NIFTY2641324950PE,0.0,0.0,0.0,754.15,0.0,754.15,23002.15,1857.6,0,0,0,0.0,0,F1,65,,,,,
2026-03-19,2026-03-19,FO,NSE,IDO,54905,,NIFTY,,2026-04-13,2026-04-13,25100.0,PE,NIFTY2641325100PE,0.0,0.0,0.0,860.75,0.0,860.75,23002.15,2005.65,0,0,0,0.0,0,F1,65,,,,,
2026-03-19,2026-03-19,FO,NSE,IDO,54911,,NIFTY,,2026-04-13,2026-04-13,25250.0,PE,NIFTY2641325250PE,0.0,0.0,0.0,974.0,0.0,974.0,23002.15,2154.2,0,0,0,0.0,0,F1,65,,,,,
2026-03-19,2026-03-19,FO,NSE,IDO,40745,,NIFTY,,2026-04-07,2026-04-07,22700.0,PE,NIFTY2640722700PE,0.0,0.0,0.0,5.15,0.0,5.15,23002.15,129.05,0,0,0,0.0,0,F1,65,,,,,
2026-03-19,2026-03-19,FO,NSE,IDO,63465,,NIFTY,,2026-04-21,2026-04-21,24600.0,PE,NIFTY2642124600PE,0.0,0.0,0.0,999.45,0.0,999.45,23002.15,1499.6,0,0,0,0.0,0,F1,65,,,,,
2026-03-19,2026-03-19,FO,NSE,IDO,63407,,NIFTY,,2026-04-21,2026-04-21,23750.0,PE,NIFTY2642123750PE,457.0,457.0,457.0,457.0,457.0,457.0,23002.15,766.85,65,0,1,1573455.0,1,F1,65,,,,,
2026-03-19,2026-03-19,FO,NSE,IDO,63365,,NIFTY,,2026-04-21,2026-04-21,22800.0,PE,NIFTY2642122800PE,0.0,0.0,0.0,116.85,0.0,116.85,23002.15,226.0,0,0,0,0.0,0,F1,65,,,,,
2026-03-19,2026-03-19,FO,NSE,IDO,63356,,NIFTY,,2026-04-21,2026-04-21,22650.0,PE,NIFTY2642122650PE,0.0,0.0,0.0,89.75,0.0,89.75,23002.15,175.15,0,0,0,0.0,0,F1,65,,,,,
2026-03-19,2026-03-19,FO,NSE,IDO,63352,,NIFTY,,2026-04-21,2026-04-21,22550.0,PE,NIFTY2642122550PE,0.0,0.0,0.0,74.6,0.0,74.6,23002.15,146.15,0,0,0,0.0,0,F1,65,,,,,
2026-03-19,2026-03-19,FO,NSE,IDO,54889,,NIFTY,,2026-04-13,2026-04-13,24900.0,PE,NIFTY2641324900PE,0.0,0.0,0.0,720.15,0.0,720.15,23002.15,1808.45,0,0,0,0.0,0,F1,65,,,,,
2026-03-19,2026-03-19,FO,NSE,IDO,72470,,NIFTY,,2026-05-26,2026-05-26,26400.0,CE,NIFTY26MAY26400CE,47.3,47.3,42.0,45.15,45.15,59.35,23002.15,45.15,7735,130,17,29221851.75,8,F1,65,,,,,
2026-03-19,2026-03-19,FO,NSE,IDO,72300,,NIFTY,,2026-05-26,2026-05-26,25050.0,CE,NIFTY26MAY25050CE,169.55,187.7,160.45,177.75,180.45,249.7,23002.15,177.75,3835,-2080,66,108217528.25,40,F1,65,,,,,
2026-03-19,2026-03-19,FO,NSE,IDO,72294,,NIFTY,,2026-05-26,2026-05-26,24900.0,CE,NIFTY26MAY24900CE,204.95,232.05,181.25,199.55,210.0,301.15,23002.15,199.55,11115,-2925,368,600635480.25,262,F1,65,,,,,
2026-03-19,2026-03-19,FO,NSE,IDO,72241,,NIFTY,,2026-05-26,2026-05-26,24350.0,CE,NIFTY26MAY24350CE,394.4,396.85,352.0,370.1,370.3,525.3,23002.15,370.1,4030,2145,49,78785066.75,44,F1,65,,,,,
2026-03-19,2026-03-19,FO,NSE,IDO,55761,,NIFTY,,2030-12-31,2030-12-31,28500.0,PE,NIFTY30DEC28500PE,0.0,0.0,0.0,1083.1,0.0,1083.1,23002.15,2066.55,0,0,0,0.0,0,F1,65,,,,,
2026-03-19,2026-03-19,FO,NSE,IDO,55703,,NIFTY,,2030-12-31,2030-12-31,21000.0,PE,NIFTY30DEC21000PE,0.0,0.0,0.0,126.8,0.0,126.8,23002.15,294.1,0,0,0,0.0,0,F1,65,,,,,
2026-03-19,2026-03-19,FO,NSE,IDO,55607,,NIFTY,,2029-12-24,2029-12-24,28500.0,PE,NIFTY29DEC28500PE,0.0,0.0,0.0,1255.9,0.0,1255.9,23002.15,2437.05,0,0,0,0.0,0,F1,65,,,,,
2026-03-19,2026-03-19,FO,NSE,IDO,55603,,NIFTY,,2029-12-24,2029-12-24,22500.0,PE,NIFTY29DEC22500PE,0.0,0.0,0.0,225.7,0.0,225.7,23002.15,531.2,0,0,0,0.0,0,F1,65,,,,,
2026-03-19,2026-03-19,FO,NSE,IDO,55565,,NIFTY,,2029-06-26,2029-06-26,28500.0,PE,NIFTY29JUN28500PE,0.0,0.0,0.0,1349.1,0.0,1349.1,23002.15,2649.95,0,0,0,0.0,0,F1,65,,,,,
2026-03-19,2026-03-19,FO,NSE,IDO,47199,,NIFTY,,2028-12-26,2028-12-26,33000.0,PE,NIFTY28DEC33000PE,0.0,0.0,0.0,3315.4,0.0,3315.4,23002.15,5842.2,0,0,0,0.0,0,F1,65,,,,,
2026-03-19,2026-03-19,FO,NSE,IDO,72381,,NIFTY,,2026-05-26,2026-05-26,26000.0,CE,NIFTY26MAY26000CE,48.9,67.9,48.9,61.85,64.0,81.0,23002.15,61.85,501605,61425,7107,12038423325.5,4168,F1,65,,,,,
2026-03-19,2026-03-19,FO,NSE,IDO,55527,,NIFTY,,2028-12-26,2028-12-26,31500.0,PE,NIFTY28DEC31500PE,0.0,0.0,0.0,2673.4,0.0,2673.4,23002.15,4774.9,0,0,0,0.0,0,F1,65,,,,,
2026-03-19,2026-03-19,FO,NSE,IDO,67789,,NIFTY,,2028-12-26,2028-12-26,27000.0,PE,NIFTY28DEC27000PE,0.0,0.0,0.0,2110.05,2110.05,2110.05,23002.15,2112.35,7315,0,0,0.0,0,F1,65,,,,,
2026-03-19,2026-03-19,FO,NSE,IDO,55523,,NIFTY,,2028-12-26,2028-12-26,25500.0,PE,NIFTY28DEC25500PE,0.0,0.0,0.0,648.2,0.0,648.2,23002.15,1460.3,0,0,0,0.0,0,F1,65,,,,,
2026-03-19,2026-03-19,FO,NSE,IDO,67777,,NIFTY,,2028-12-26,2028-12-26,21000.0,PE,NIFTY28DEC21000PE,0.0,0.0,0.0,470.0,470.0,470.0,23002.15,301.95,5070,0,0,0.0,0,F1,65,,,,,
2026-03-19,2026-03-19,FO,NSE,IDO,55469,,NIFTY,,2028-06-27,2028-06-27,16500.0,PE,NIFTY28JUN16500PE,0.0,0.0,0.0,3.8,0.0,3.8,23002.15,13.5,0,0,0,0.0,0,F1,65,,,,,
2026-03-19,2026-03-19,FO,NSE,IDO,55429,,NIFTY,,2027-12-28,2027-12-28,28500.0,PE,NIFTY27DEC28500PE,0.0,0.0,0.0,1800.0,1800.0,1800.0,23002.15,3496.05,65,0,0,0.0,0,F1,65,,,,,
2026-03-19,2026-03-19,FO,NSE,IDO,53619,,NIFTY,,2027-12-28,2027-12-28,23000.0,PE,NIFTY27DEC23000PE,935.0,1055.0,935.0,1035.3,1032.0,830.0,23002.15,1035.3,15485,715,35,54611999.0,21,F1,65,,,,,
2026-03-19,2026-03-19,FO,NSE,IDO,53617,,NIFTY,,2027-12-28,2027-12-28,22000.0,PE,NIFTY27DEC22000PE,750.0,840.0,744.0,840.0,840.0,645.5,23002.15,446.3,13600,65,24,35529243.75,24,F1,65,,,,,
2026-03-19,2026-03-19,FO,NSE,IDO,53602,,NIFTY,,2027-12-28,2027-12-28,17000.0,PE,NIFTY27DEC17000PE,0.0,0.0,0.0,41.85,41.85,41.85,23002.15,13.15,14330,0,0,0.0,0,F1,65,,,,,
2026-03-19,2026-03-19,FO,NSE,IDO,55421,,NIFTY,,2027-12-28,2027-12-28,16500.0,PE,NIFTY27DEC16500PE,0.0,0.0,0.0,1.95,0.0,1.95,23002.15,7.85,0,0,0,0.0,0,F1,65,,,,,
2026-03-19,2026-03-19,FO,NSE,IDO,55381,,NIFTY,,2027-06-29,2027-06-29,31500.0,PE,NIFTY27JUN31500PE,0.0,0.0,0.0,3604.7,0.0,3604.7,23002.15,6440.7,0,0,0,0.0,0,F1,65,,,,,
2026-03-19,2026-03-19,FO,NSE,IDO,55379,,NIFTY,,2027-06-29,2027-06-29,28500.0,PE,NIFTY27JUN28500PE,0.0,0.0,0.0,1807.05,0.0,1807.05,23002.15,3890.6,0,0,0,0.0,0,F1,65,,,,,
2026-03-19,2026-03-19,FO,NSE,IDO,71550,,NIFTY,,2027-06-29,2027-06-29,19000.0,PE,NIFTY27JUN19000PE,0.0,0.0,0.0,182.1,182.1,182.1,23002.15,48.7,600,0,0,0.0,0,F1,65,,,,,
2026-03-19,2026-03-19,FO,NSE,IDO,62283,,NIFTY,,2026-03-24,2026-03-24,21050.0,CE,NIFTY2632421050CE,0.0,0.0,0.0,2387.75,2383.0,2387.75,23002.15,1968.0,65,0,0,0.0,0,F1,65,,,,,
2026-03-19,2026-03-19,FO,NSE,IDO,62348,,NIFTY,,2026-03-24,2026-03-24,21550.0,CE,NIFTY2632421550CE,0.0,0.0,0.0,2044.1,2041.6,2044.1,23002.15,1468.4,130,0,0,0.0,0,F1,65,,,,,
2026-03-19,2026-03-19,FO,NSE,IDO,62373,,NIFTY,,2026-03-24,2026-03-24,21850.0,CE,NIFTY2632421850CE,0.0,0.0,0.0,1604.85,1608.95,1604.85,23002.15,1168.65,130,0,0,0.0,0,F1,65,,,,,
2026-03-19,2026-03-19,FO,NSE,IDO,62568,,NIFTY,,2026-03-24,2026-03-24,22950.0,CE,NIFTY2632422950CE,520.0,530.7,241.65,290.55,354.45,867.8,23002.15,290.55,365560,340015,102949,155674351339.0,75909,F1,65,,,,,
2026-03-19,2026-03-19,FO,NSE,IDO,62594,,NIFTY,,2026-03-24,2026-03-24,23450.0,CE,NIFTY2632423450CE,140.95,186.75,69.5,93.65,115.7,423.05,23002.15,93.65,937495,753350,386521,592269452524.75,271667,F1,65,,,,,
2026-03-19,2026-03-19,FO,NSE,IDO,62674,,NIFTY,,2026-03-24,2026-03-24,24550.0,CE,NIFTY2632424550CE,4.1,11.0,4.1,6.25,6.35,16.15,23002.15,6.25,740675,39065,145493,232231891986.25,48878,F1,65,,,,,
2026-03-19,2026-03-19,FO,NSE,IDO,62712,,NIFTY,,2026-03-24,2026-03-24,25050.0,CE,NIFTY2632425050CE,3.8,4.6,1.95,2.4,2.25,4.2,23002.15,2.4,710905,268385,95029,154748528961.0,21579,F1,65,,,,,
2026-03-19,2026-03-19,FO,NSE,IDO,62745,,NIFTY,,2026-03-24,2026-03-24,25400.0,CE,NIFTY2632425400CE,1.4,3.2,1.4,2.15,1.55,1.95,23002.15,2.15,840580,-1213355,179879,297004584948.5,39817,F1,65,,,,,
2026-03-19,2026-03-19,FO,NSE,IDO,62841,,NIFTY,,2026-03-24,2026-03-24,26250.0,CE,NIFTY2632426250CE,1.9,3.1,0.95,1.25,1.15,1.15,23002.15,1.25,63700,-74815,26620,45423093894.75,9941,F1,65,,,,,
2026-03-19,2026-03-19,FO,NSE,IDO,62882,,NIFTY,,2026-03-24,2026-03-24,27000.0,CE,NIFTY2632427000CE,0.8,2.35,0.75,1.0,0.85,0.85,23002.15,1.0,675220,56745,71934,126249533484.75,14674,F1,65,,,,,
2026-03-19,2026-03-19,FO,NSE,IDO,62918,,NIFTY,,2026-03-30,2026-03-30,21000.0,CE,NIFTY26MAR21000CE,2340.9,2382.35,1972.25,2066.8,2139.35,2788.65,23002.15,2066.8,359460,-19745,1858,2800715645.0,1344,F1,65,,,,,
2026-03-19,2026-03-19,FO,NSE,IDO,54433,,NIFTY,,2026-03-30,2026-03-30,21350.0,CE,NIFTY26MAR21350CE,1800.75,1808.5,1800.75,1804.65,1808.5,2183.2,23002.15,1804.65,65,0,2,3010101.25,2,F1,65,,,,,
2026-03-19,2026-03-19,FO,NSE,IDO,54447,,NIFTY,,2026-03-30,2026-03-30,21700.0,CE,NIFTY26MAR21700CE,1647.85,1647.85,1647.85,1647.85,1647.85,1750.0,23002.15,1338.8,325,0,1,1517610.25,1,F1,65,,,,,
2026-03-19,2026-03-19,FO,NSE,IDO,54453,,NIFTY,,2026-03-30,2026-03-30,21850.0,CE,NIFTY26MAR21850CE,1251.35,1251.35,1251.35,1251.35,1251.35,1831.8,23002.15,1251.35,325,0,1,1501587.75,1,F1,65,,,,,
2026-03-19,2026-03-19,FO,NSE,IDO,39989,,NIFTY,,2026-06-30,2026-06-30,19000.0,CE,NIFTY26JUN19000CE,4669.8,4669.8,4263.8,4362.1,4431.0,5048.4,23002.15,4362.1,59785,24375,522,795828007.0,488,F1,65,,,,,
2026-03-19,2026-03-19,FO,NSE,IDO,71476,,NIFTY,,2026-06-30,2026-06-30,26000.0,CE,NIFTY26JUN26000CE,112.1,136.05,111.1,118.15,123.95,158.95,23002.15,118.15,2539580,61450,13609,23106509494.25,8446,F1,65,,,,,
2026-03-19,2026-03-19,FO,NSE,IDO,47188,,NIFTY,,2026-06-30,2026-06-30,33000.0,CE,NIFTY26JUN33000CE,7.75,7.75,6.2,7.65,7.7,8.0,23002.15,7.65,29510,1105,74,158763104.5,20,F1,65,,,,,
2026-03-19,2026-03-19,FO,NSE,IDO,55288,,NIFTY,,2026-09-29,2026-09-29,28500.0,CE,NIFTY26SEP28500CE,65.0,71.85,62.0,68.1,67.05,74.4,23002.15,68.1,68965,195,283,525464264.0,192,F1,65,,,,,
2026-03-19,2026-03-19,FO,NSE,IDO,55332,,NIFTY,,2026-12-29,2026-12-29,31500.0,CE,NIFTY26DEC31500CE,45.0,52.0,45.0,52.0,52.0,47.0,23002.15,52.0,390,130,5,10253545.25,5,F1,65,,,,,
2026-03-19,2026-03-19,FO,NSE,IDO,35262,,NIFTY,,2027-06-29,2027-06-29,30000.0,CE,NIFTY27JUN30000CE,0.0,0.0,0.0,1478.4,0.0,1478.4,23002.15,169.85,0,0,0,0.0,0,F1,65,,,,,
2026-03-19,2026-03-19,FO,NSE,IDO,55428,,NIFTY,,2027-12-28,2027-12-28,28500.0,CE,NIFTY27DEC28500CE,0.0,0.0,0.0,1010.0,1010.0,1010.0,23002.15,653.4,2275,0,0,0.0,0,F1,65,,,,,
2026-03-19,2026-03-19,FO,NSE,IDO,35346,,NIFTY,,2027-12-28,2027-12-28,30000.0,CE,NIFTY27DEC30000CE,650.0,650.0,571.0,571.0,571.0,700.0,23002.15,400.55,4225,325,10,19898333.0,8,F1,65,,,,,
2026-03-19,2026-03-19,FO,NSE,IDO,86133,,NIFTY,,2028-06-27,2028-06-27,15000.0,CE,NIFTY28JUN15000CE,0.0,0.0,0.0,8633.05,0.0,8633.05,23002.15,9770.5,0,0,0,0.0,0,F1,65,,,,,
2026-03-19,2026-03-19,FO,NSE,IDO,86151,,NIFTY,,2028-06-27,2028-06-27,24000.0,CE,NIFTY28JUN24000CE,0.0,0.0,0.0,3918.85,0.0,3918.85,23002.15,2815.55,0,0,0,0.0,0,F1,65,,,,,
2026-03-19,2026-03-19,FO,NSE,IDO,55516,,NIFTY,,2028-12-26,2028-12-26,16500.0,CE,NIFTY28DEC16500CE,0.0,0.0,0.0,12176.65,0.0,12176.65,23002.15,8857.1,0,0,0,0.0,0,F1,65,,,,,
2026-03-19,2026-03-19,FO,NSE,IDO,67788,,NIFTY,,2028-12-26,2028-12-26,27000.0,CE,NIFTY28DEC27000CE,0.0,0.0,0.0,4437.95,0.0,4437.95,23002.15,1936.75,0,0,0,0.0,0,F1,65,,,,,
2026-03-19,2026-03-19,FO,NSE,IDO,67790,,NIFTY,,2028-12-26,2028-12-26,28000.0,CE,NIFTY28DEC28000CE,2320.0,2320.0,2131.0,2200.0,2200.0,2320.0,23002.15,1584.75,1895,-65,4,7855315.0,4,F1,65,,,,,
2026-03-19,2026-03-19,FO,NSE,IDO,89606,,NIFTY,,2029-06-26,2029-06-26,15000.0,CE,NIFTY29JUN15000CE,0.0,0.0,0.0,13671.85,0.0,13671.85,23002.15,10481.05,0,0,0,0.0,0,F1,65,,,,,
2026-03-19,2026-03-19,FO,NSE,IDO,55610,,NIFTY,,2029-12-24,2029-12-24,34500.0,CE,NIFTY29DEC34500CE,0.0,0.0,0.0,2377.55,0.0,2377.55,23002.15,818.55,0,0,0,0.0,0,F1,65,,,,,
2026-03-19,2026-03-19,FO,NSE,IDO,55642,,NIFTY,,2030-06-25,2030-06-25,19500.0,CE,NIFTY30JUN19500CE,0.0,0.0,0.0,11140.25,0.0,11140.25,23002.15,7746.7,0,0,0,0.0,0,F1,65,,,,,
2026-03-19,2026-03-19,FO,NSE,IDO,55696,,NIFTY,,2030-12-31,2030-12-31,16500.0,CE,NIFTY30DEC16500CE,0.0,0.0,0.0,13763.55,0.0,13763.55,23002.15,10358.3,0,0,0,0.0,0,F1,65,,,,,
2026-03-19,2026-03-19,FO,NSE,IDO,62561,,NIFTY,,2026-03-24,2026-03-24,22750.0,PE,NIFTY2632422750PE,83.0,202.3,66.0,164.55,149.25,33.25,23002.15,164.55,629525,174655,341252,507186531790.25,240929,F1,65,,,,,
2026-03-19,2026-03-19,FO,NSE,IDO,62619,,NIFTY,,2026-03-24,2026-03-24,23900.0,PE,NIFTY2632423900PE,540.0,1003.8,540.0,911.65,833.6,280.05,23002.15,911.65,220350,-565695,28102,44902420290.0,16170,F1,65,,,,,
2026-03-19,2026-03-19,FO,NSE,IDO,62641,,NIFTY,,2026-03-24,2026-03-24,24100.0,PE,NIFTY2632424100PE,770.0,1193.45,718.3,1070.8,1018.1,410.55,23002.15,1070.8,160745,-84305,4110,6682664755.0,2559,F1,65,,,,,
2026-03-19,2026-03-19,FO,NSE,IDO,62713,,NIFTY,,2026-03-24,2026-03-24,25050.0,PE,NIFTY2632425050PE,0.0,0.0,0.0,1255.2,1255.2,1255.2,23002.15,2029.0,3380,0,0,0.0,0,F1,65,,,,,
2026-03-19,2026-03-19,FO,NSE,IDO,62744,,NIFTY,,2026-03-24,2026-03-24,25350.0,PE,NIFTY2632425350PE,1590.0,2260.0,1590.0,2250.0,2250.0,1550.0,23002.15,2328.75,3640,-195,9,16075800.0,4,F1,65,,,,,
2026-03-19,2026-03-19,FO,NSE,IDO,62764,,NIFTY,,2026-03-24,2026-03-24,25450.0,PE,NIFTY2632425450PE,2184.6,2527.6,2168.7,2527.6,2527.6,1657.6,23002.15,2527.6,23465,-5005,89,160547829.0,40,F1,65,,,,,
2026-03-19,2026-03-19,FO,NSE,IDO,62838,,NIFTY,,2026-03-24,2026-03-24,26150.0,PE,NIFTY2632426150PE,0.0,0.0,0.0,2732.1,2732.1,2732.1,23002.15,3128.15,130,0,0,0.0,0,F1,65,,,,,
2026-03-19,2026-03-19,FO,NSE,IDO,62971,,NIFTY,,2026-03-24,2026-03-24,27400.0,PE,NIFTY2632427400PE,0.0,0.0,0.0,4014.2,4014.2,4014.2,23002.15,4377.2,130,0,0,0.0,0,F1,65,,,,,
2026-03-19,2026-03-19,FO,NSE,IDO,54436,,NIFTY,,2026-03-30,2026-03-30,21400.0,PE,NIFTY26MAR21400PE,0.0,0.0,0.0,0.65,0.0,0.65,23002.15,0.1,0,0,0,0.0,0,F1,65,,,,,
2026-03-19,2026-03-19,FO,NSE,IDO,40890,,NIFTY,,2026-04-07,2026-04-07,25000.0,CE,NIFTY2640725000CE,23.75,26.9,18.55,24.2,26.65,38.35,23002.15,24.2,287040,59605,6210,10100482093.0,3889,F1,65,,,,,
2026-03-19,2026-03-19,FO,NSE,IDO,54623,,NIFTY,,2026-03-30,2026-03-30,25950.0,PE,NIFTY26MAR25950PE,0.0,0.0,0.0,2223.65,2223.65,2223.65,23002.15,2904.85,12155,0,0,0.0,0,F1,65,,,,,
2026-03-19,2026-03-19,FO,NSE,IDO,54721,,NIFTY,,2026-03-30,2026-03-30,26750.0,PE,NIFTY26MAR26750PE,0.0,0.0,0.0,3333.35,3339.45,3333.35,23002.15,3703.55,845,0,0,0.0,0,F1,65,,,,,
2026-03-19,2026-03-19,FO,NSE,IDO,54729,,NIFTY,,2026-03-30,2026-03-30,26950.0,PE,NIFTY26MAR26950PE,0.0,0.0,0.0,3004.4,3009.1,3004.4,23002.15,3903.2,1105,0,0,0.0,0,F1,65,,,,,
2026-03-19,2026-03-19,FO,NSE,IDO,54737,,NIFTY,,2026-03-30,2026-03-30,27200.0,PE,NIFTY26MAR27200PE,4090.0,4151.5,4079.95,4105.85,4079.95,3405.8,23002.15,4105.85,16445,-195,4,8138484.25,4,F1,65,,,,,
2026-03-19,2026-03-19,FO,NSE,IDO,54837,,NIFTY,,2026-03-30,2026-03-30,27900.0,PE,NIFTY26MAR27900PE,0.0,0.0,0.0,4800.0,4800.0,4800.0,23002.15,4851.65,2730,0,0,0.0,0,F1,65,,,,,
2026-03-19,2026-03-19,FO,NSE,IDO,40631,,NIFTY,,2026-04-07,2026-04-07,20850.0,PE,NIFTY2640720850PE,0.0,0.0,0.0,0.05,0.0,0.05,23002.15,0.05,0,0,0,0.0,0,F1,65,,,,,
2026-03-19,2026-03-19,FO,NSE,IDO,40663,,NIFTY,,2026-04-07,2026-04-07,21350.0,PE,NIFTY2640721350PE,0.0,0.0,0.0,0.05,0.0,0.05,23002.15,1.1,0,0,0,0.0,0,F1,65,,,,,
2026-03-19,2026-03-19,FO,NSE,IDO,40695,,NIFTY,,2026-04-07,2026-04-07,21850.0,PE,NIFTY2640721850PE,0.0,0.0,0.0,0.35,0.0,0.35,23002.15,9.65,0,0,0,0.0,0,F1,65,,,,,
2026-03-19,2026-03-19,FO,NSE,IDO,40729,,NIFTY,,2026-04-07,2026-04-07,22400.0,PE,NIFTY2640722400PE,0.0,0.0,0.0,2.1,0.0,2.1,23002.15,59.7,0,0,0,0.0,0,F1,65,,,,,
2026-03-19,2026-03-19,FO,NSE,IDO,40791,,NIFTY,,2026-04-07,2026-04-07,23400.0,PE,NIFTY2640723400PE,401.95,701.15,401.95,618.4,579.0,254.0,23002.15,618.4,38155,-16250,2715,4219769258.25,1914,F1,65,,,,,
2026-03-19,2026-03-19,FO,NSE,IDO,40881,,NIFTY,,2026-04-07,2026-04-07,24800.0,PE,NIFTY2640724800PE,1507.8,1772.7,1507.8,1664.3,1675.05,1009.1,23002.15,1664.3,140270,0,17,29236668.5,17,F1,65,,,,,
2026-03-19,2026-03-19,FO,NSE,IDO,40909,,NIFTY,,2026-04-07,2026-04-07,25200.0,PE,NIFTY2640725200PE,0.0,0.0,0.0,1973.65,1978.85,1973.65,23002.15,2126.15,65,0,0,0.0,0,F1,65,,,,,
2026-03-19,2026-03-19,FO,NSE,IDO,40941,,NIFTY,,2026-04-07,2026-04-07,25500.0,PE,NIFTY2640725500PE,0.0,0.0,0.0,1492.45,1492.45,1492.45,23002.15,2425.05,65,0,0,0.0,0,F1,65,,,,,
2026-03-19,2026-03-19,FO,NSE,IDO,40962,,NIFTY,,2026-04-07,2026-04-07,25850.0,PE,NIFTY2640725850PE,0.0,0.0,0.0,1819.75,1819.75,1819.75,23002.15,2773.95,65,0,0,0.0,0,F1,65,,,,,
2026-03-19,2026-03-19,FO,NSE,IDO,40973,,NIFTY,,2026-04-07,2026-04-07,26050.0,PE,NIFTY2640726050PE,0.0,0.0,0.0,2044.0,2044.0,2044.0,23002.15,2973.4,65,0,0,0.0,0,F1,65,,,,,
2026-03-19,2026-03-19,FO,NSE,IDO,40981,,NIFTY,,2026-04-07,2026-04-07,26250.0,PE,NIFTY2640726250PE,0.0,0.0,0.0,2241.75,2241.75,2241.75,23002.15,3172.8,65,0,0,0.0,0,F1,65,,,,,
2026-03-19,2026-03-19,FO,NSE,IDO,54195,,NIFTY,,2026-04-13,2026-04-13,20900.0,PE,NIFTY2641320900PE,0.0,0.0,0.0,0.1,0.0,0.1,23002.15,0.45,0,0,0,0.0,0,F1,65,,,,,
2026-03-19,2026-03-19,FO,NSE,IDO,40660,,NIFTY,,2026-04-07,2026-04-07,21300.0,CE,NIFTY2640721300CE,0.0,0.0,0.0,2190.95,2190.95,2190.95,23002.15,1763.9,65,0,0,0.0,0,F1,65,,,,,
2026-03-19,2026-03-19,FO,NSE,IDO,40638,,NIFTY,,2026-04-07,2026-04-07,20950.0,CE,NIFTY2640720950CE,0.0,0.0,0.0,2524.1,2524.1,2524.1,23002.15,2112.15,65,0,0,0.0,0,F1,65,,,,,
2026-03-19,2026-03-19,FO,NSE,IDO,54828,,NIFTY,,2026-03-30,2026-03-30,27800.0,CE,NIFTY26MAR27800CE,1.3,1.75,0.9,1.25,1.1,1.25,23002.15,1.25,155220,-715,365,659584649.75,145,F1,65,,,,,
2026-03-19,2026-03-19,FO,NSE,IDO,54740,,NIFTY,,2026-03-30,2026-03-30,27300.0,CE,NIFTY26MAR27300CE,1.65,2.85,1.65,2.25,2.75,1.75,23002.15,2.25,296400,-3055,129,228929177.75,81,F1,65,,,,,
2026-03-19,2026-03-19,FO,NSE,IDO,54734,,NIFTY,,2026-03-30,2026-03-30,27150.0,CE,NIFTY26MAR27150CE,2.9,2.9,1.8,2.05,2.85,2.05,23002.15,2.05,19175,-65,62,109423089.75,29,F1,65,,,,,
2026-03-19,2026-03-19,FO,NSE,IDO,54728,,NIFTY,,2026-03-30,2026-03-30,26950.0,CE,NIFTY26MAR26950CE,2.9,2.9,1.55,2.25,1.85,2.5,23002.15,2.25,32825,195,145,254027176.0,65,F1,65,,,,,
2026-03-19,2026-03-19,FO,NSE,IDO,54714,,NIFTY,,2026-03-30,2026-03-30,26600.0,CE,NIFTY26MAR26600CE,2.85,4.45,2.15,2.8,2.7,2.85,23002.15,2.8,175695,-585,1001,1730920464.0,368,F1,65,,,,,
2026-03-19,2026-03-19,FO,NSE,IDO,54672,,NIFTY,,2026-03-30,2026-03-30,26500.0,CE,NIFTY26MAR26500CE,2.75,3.5,2.35,2.8,2.5,2.8,23002.15,2.8,1929200,-100165,17587,30296900660.0,5743,F1,65,,,,,
2026-03-19,2026-03-19,FO,NSE,IDO,54626,,NIFTY,,2026-03-30,2026-03-30,26100.0,CE,NIFTY26MAR26100CE,4.05,5.75,2.9,4.05,3.8,4.05,23002.15,4.05,294645,-26780,5932,10065197740.0,2670,F1,65,,,,,
2026-03-19,2026-03-19,FO,NSE,IDO,54592,,NIFTY,,2026-03-30,2026-03-30,25450.0,CE,NIFTY26MAR25450CE,7.45,11.2,5.25,6.45,11.2,7.8,23002.15,6.45,116350,-8645,1509,2496899008.5,1082,F1,65,,,,,
2026-03-19,2026-03-19,FO,NSE,IDO,54582,,NIFTY,,2026-03-30,2026-03-30,25200.0,CE,NIFTY26MAR25200CE,6.7,9.15,6.4,7.5,8.65,10.95,23002.15,7.5,791960,-88465,18543,30382762072.0,11777,F1,65,,,,,
2026-03-19,2026-03-19,FO,NSE,IDO,54552,,NIFTY,,2026-03-30,2026-03-30,24400.0,CE,NIFTY26MAR24400CE,29.05,29.65,21.65,25.05,27.6,68.8,23002.15,25.05,731900,-104390,44261,70270927974.0,31758,F1,65,,,,,
2026-03-19,2026-03-19,FO,NSE,IDO,62825,,NIFTY,,2026-03-24,2026-03-24,26050.0,PE,NIFTY2632426050PE,0.0,0.0,0.0,2498.15,2498.15,2498.15,23002.15,3028.25,1365,0,0,0.0,0,F1,65,,,,,
2026-03-19,2026-03-19,FO,NSE,IDO,62811,,NIFTY,,2026-03-24,2026-03-24,25950.0,PE,NIFTY2632425950PE,0.0,0.0,0.0,2340.0,2340.0,2340.0,23002.15,2928.3,650,0,0,0.0,0,F1,65,,,,,
2026-03-19,2026-03-19,FO,NSE,IDO,62777,,NIFTY,,2026-03-24,2026-03-24,25600.0,PE,NIFTY2632425600PE,2457.0,2510.3,2362.0,2510.25,2510.25,1824.5,23002.15,2578.55,30680,-3315,53,96538581.75,23,F1,65,,,,,
2026-03-19,2026-03-19,FO,NSE,IDO,62719,,NIFTY,,2026-03-24,2026-03-24,25200.0,PE,NIFTY2632425200PE,1910.0,2289.1,1910.0,2223.75,2097.4,1413.15,23002.15,2223.75,31135,-1105,87,154387795.25,60,F1,65,,,,,
2026-03-19,2026-03-19,FO,NSE,IDO,62693,,NIFTY,,2026-03-24,2026-03-24,24850.0,PE,NIFTY2632424850PE,1410.4,1929.9,1410.4,1800.15,1760.0,1104.7,23002.15,1800.15,8255,-845,48,82814192.5,28,F1,65,,,,,
2026-03-19,2026-03-19,FO,NSE,IDO,62681,,NIFTY,,2026-03-24,2026-03-24,24600.0,PE,NIFTY2632424600PE,1302.15,1631.95,1289.35,1564.6,1514.15,847.15,23002.15,1564.6,82680,-4095,212,358267393.25,150,F1,65,,,,,
2026-03-19,2026-03-19,FO,NSE,IDO,62659,,NIFTY,,2026-03-24,2026-03-24,24300.0,PE,NIFTY2632424300PE,955.4,1388.4,947.1,1246.0,1212.6,577.05,23002.15,1246.0,250510,-18850,2447,4036082592.75,1754,F1,65,,,,,
2026-03-19,2026-03-19,FO,NSE,IDO,62643,,NIFTY,,2026-03-24,2026-03-24,24150.0,PE,NIFTY2632424150PE,700.0,1248.1,700.0,1110.6,1075.45,448.5,23002.15,1110.6,32825,-31070,1081,1763254736.75,561,F1,65,,,,,
2026-03-19,2026-03-19,FO,NSE,IDO,62615,,NIFTY,,2026-03-24,2026-03-24,23800.0,PE,NIFTY2632423800PE,515.0,911.0,456.3,802.5,748.2,228.3,23002.15,802.5,930930,-2219685,108751,172442310521.0,57194,F1,65,,,,,
2026-03-19,2026-03-19,FO,NSE,IDO,54660,,NIFTY,,2026-04-13,2026-04-13,21700.0,PE,NIFTY2641321700PE,0.0,0.0,0.0,1.4,0.0,1.4,23002.15,11.15,0,0,0,0.0,0,F1,65,,,,,
2026-03-19,2026-03-19,FO,NSE,IDO,54678,,NIFTY,,2026-04-13,2026-04-13,21900.0,PE,NIFTY2641321900PE,0.0,0.0,0.0,2.7,0.0,2.7,23002.15,21.25,0,0,0,0.0,0,F1,65,,,,,
2026-03-19,2026-03-19,FO,NSE,IDO,54690,,NIFTY,,2026-04-13,2026-04-13,22200.0,PE,NIFTY2641322200PE,0.0,0.0,0.0,6.45,0.0,6.45,23002.15,49.85,0,0,0,0.0,0,F1,65,,,,,
2026-03-19,2026-03-19,FO,NSE,IDO,54696,,NIFTY,,2026-04-13,2026-04-13,22350.0,PE,NIFTY2641322350PE,0.0,0.0,0.0,9.7,0.0,9.7,23002.15,72.9,0,0,0,0.0,0,F1,65,,,,,
2026-03-19,2026-03-19,FO,NSE,IDO,54710,,NIFTY,,2026-04-13,2026-04-13,22650.0,PE,NIFTY2641322650PE,0.0,0.0,0.0,20.7,0.0,20.7,23002.15,142.8,0,0,0,0.0,0,F1,65,,,,,
2026-03-19,2026-03-19,FO,NSE,IDO,54764,,NIFTY,,2026-04-13,2026-04-13,22950.0,PE,NIFTY2641322950PE,0.0,0.0,0.0,40.85,0.0,40.85,23002.15,251.9,0,0,0,0.0,0,F1,65,,,,,
2026-03-19,2026-03-19,FO,NSE,IDO,54803,,NIFTY,,2026-04-13,2026-04-13,23750.0,PE,NIFTY2641323750PE,415.0,691.15,351.45,414.7,414.7,408.55,23002.15,752.75,715,-130,9,14149456.75,6,F1,65,,,,,
2026-03-19,2026-03-19,FO,NSE,IDO,54903,,NIFTY,,2026-04-13,2026-04-13,25050.0,PE,NIFTY2641325050PE,0.0,0.0,0.0,824.45,0.0,824.45,23002.15,1956.2,0,0,0,0.0,0,F1,65,,,,,
2026-03-19,2026-03-19,FO,NSE,IDO,54965,,NIFTY,,2026-04-13,2026-04-13,25400.0,PE,NIFTY2641325400PE,0.0,0.0,0.0,1092.95,0.0,1092.95,23002.15,2303.05,0,0,0,0.0,0,F1,65,,,,,
2026-03-19,2026-03-19,FO,NSE,IDO,54989,,NIFTY,,2026-04-13,2026-04-13,25950.0,PE,NIFTY2641325950PE,0.0,0.0,0.0,1568.6,0.0,1568.6,23002.15,2850.35,0,0,0,0.0,0,F1,65,,,,,
2026-03-19,2026-03-19,FO,NSE,IDO,63375,,NIFTY,,2026-04-21,2026-04-21,22950.0,PE,NIFTY2642122950PE,0.0,0.0,0.0,149.8,0.0,149.8,23002.15,286.2,0,0,0,0.0,0,F1,65,,,,,
2026-03-19,2026-03-19,FO,NSE,IDO,63427,,NIFTY,,2026-04-21,2026-04-21,24200.0,PE,NIFTY2642124200PE,0.0,0.0,0.0,710.25,0.0,710.25,23002.15,1135.55,0,0,0,0.0,0,F1,65,,,,,
2026-03-19,2026-03-19,FO,NSE,IDO,63489,,NIFTY,,2026-04-21,2026-04-21,25150.0,PE,NIFTY2642125150PE,0.0,0.0,0.0,1460.3,0.0,1460.3,23002.15,2028.9,0,0,0,0.0,0,F1,65,,,,,
2026-03-19,2026-03-19,FO,NSE,IDO,71964,,NIFTY,,2026-04-28,2026-04-28,22350.0,PE,NIFTY26APR22350PE,0.0,0.0,0.0,15.2,0.0,15.2,23002.15,119.8,0,0,0,0.0,0,F1,65,,,,,
2026-03-19,2026-03-19,FO,NSE,IDO,72161,,NIFTY,,2026-04-28,2026-04-28,22600.0,PE,NIFTY26APR22600PE,0.0,0.0,0.0,23.25,0.0,23.25,23002.15,184.3,0,0,0,0.0,0,F1,65,,,,,
2026-03-19,2026-03-19,FO,NSE,IDO,72213,,NIFTY,,2026-04-28,2026-04-28,23100.0,PE,NIFTY26APR23100PE,459.0,689.15,456.9,638.45,600.0,323.75,23002.15,638.45,335075,3835,5210,8012701697.0,3930,F1,65,,,,,
2026-03-19,2026-03-19,FO,NSE,IDO,72268,,NIFTY,,2026-04-28,2026-04-28,24100.0,PE,NIFTY26APR24100PE,871.75,1322.4,871.7,1117.65,1086.25,643.1,23002.15,1117.65,466180,48685,2847,4645914770.25,2253,F1,65,,,,,
2026-03-19,2026-03-19,FO,NSE,IDO,72278,,NIFTY,,2026-04-28,2026-04-28,24250.0,PE,NIFTY26APR24250PE,1039.65,1281.0,1039.65,1281.0,1281.0,715.8,23002.15,1281.0,13520,65,15,24740901.25,11,F1,65,,,,,
2026-03-19,2026-03-19,FO,NSE,IDO,54440,,NIFTY,,2026-03-30,2026-03-30,21500.0,PE,NIFTY26MAR21500PE,43.05,70.85,34.4,58.9,58.5,23.05,23002.15,58.9,1726075,321425,70584,98860861375.25,40291,F1,65,,,,,
2026-03-19,2026-03-19,FO,NSE,IDO,54507,,NIFTY,,2026-03-30,2026-03-30,23200.0,PE,NIFTY26MAR23200PE,228.0,520.0,228.0,438.2,403.35,139.3,23002.15,438.2,1326260,10205,129778,198664812908.25,94419,F1,65,,,,,
2026-03-19,2026-03-19,FO,NSE,IDO,54517,,NIFTY,,2026-03-30,2026-03-30,23450.0,PE,NIFTY26MAR23450PE,345.8,668.9,300.0,587.6,534.5,195.8,23002.15,587.6,163540,-38480,6072,9432209094.75,4516,F1,65,,,,,
2026-03-19,2026-03-19,FO,NSE,IDO,54521,,NIFTY,,2026-03-30,2026-03-30,23550.0,PE,NIFTY26MAR23550PE,395.4,737.15,395.0,657.1,612.55,221.45,23002.15,657.1,146770,-101595,5753,8995102658.75,4144,F1,65,,,,,
2026-03-19,2026-03-19,FO,NSE,IDO,72181,,NIFTY,,2026-05-26,2026-05-26,24050.0,CE,NIFTY26MAY24050CE,513.55,513.55,439.0,445.6,452.3,708.35,23002.15,445.6,2925,1235,33,52618878.0,26,F1,65,,,,,
2026-03-19,2026-03-19,FO,NSE,IDO,71919,,NIFTY,,2026-05-26,2026-05-26,23100.0,CE,NIFTY26MAY23100CE,1080.0,1080.0,895.1,924.15,968.95,1348.05,23002.15,924.15,2990,1300,110,172098296.5,86,F1,65,,,,,
2026-03-19,2026-03-19,FO,NSE,IDO,71889,,NIFTY,,2026-05-26,2026-05-26,22950.0,CE,NIFTY26MAY22950CE,1121.6,1121.6,1000.0,1010.3,1010.0,1317.5,23002.15,1010.3,1105,975,18,28097455.75,18,F1,65,,,,,
2026-03-19,2026-03-19,FO,NSE,IDO,71885,,NIFTY,,2026-05-26,2026-05-26,22850.0,CE,NIFTY26MAY22850CE,1132.0,1132.0,1046.6,1046.6,1046.6,1472.1,23002.15,1046.6,455,130,4,6224218.0,4,F1,65,,,,,
2026-03-19,2026-03-19,FO,NSE,IDO,71793,,NIFTY,,2026-05-26,2026-05-26,22000.0,CE,NIFTY26MAY22000CE,1900.0,1900.0,1618.85,1668.35,1737.85,2215.0,23002.15,1668.35,10465,1430,213,328766551.75,106,F1,65,,,,,
2026-03-19,2026-03-19,FO,NSE,IDO,71790,,NIFTY,,2026-05-26,2026-05-26,21950.0,CE,NIFTY26MAY21950CE,0.0,0.0,0.0,1966.1,1966.1,1966.1,23002.15,1381.95,130,0,0,0.0,0,F1,65,,,,,
2026-03-19,2026-03-19,FO,NSE,IDO,71769,,NIFTY,,2026-05-26,2026-05-26,21550.0,CE,NIFTY26MAY21550CE,0.0,0.0,0.0,2251.45,2251.45,2251.45,23002.15,1726.55,65,0,0,0.0,0,F1,65,,,,,
2026-03-19,2026-03-19,FO,NSE,IDO,71761,,NIFTY,,2026-05-26,2026-05-26,21350.0,CE,NIFTY26MAY21350CE,0.0,0.0,0.0,2458.7,2458.7,2458.7,23002.15,1907.75,65,0,0,0.0,0,F1,65,,,,,
2026-03-19,2026-03-19,FO,NSE,IDO,72733,,NIFTY,,2026-04-28,2026-04-28,27150.0,CE,NIFTY26APR27150CE,12.5,12.6,11.25,12.6,12.6,15.2,23002.15,12.6,13520,-1170,23,40606267.0,7,F1,65,,,,,
2026-03-19,2026-03-19,FO,NSE,IDO,72667,,NIFTY,,2026-04-28,2026-04-28,26700.0,CE,NIFTY26APR26700CE,15.0,16.55,13.25,15.45,15.4,18.75,23002.15,15.45,43420,-8710,452,784886748.75,341,F1,65,,,,,
2026-03-19,2026-03-19,FO,NSE,IDO,72665,,NIFTY,,2026-04-28,2026-04-28,26650.0,CE,NIFTY26APR26650CE,15.5,16.95,13.7,16.1,16.15,19.8,23002.15,16.1,8710,0,27,46798846.25,20,F1,65,,,,,
2026-03-19,2026-03-19,FO,NSE,IDO,72495,,NIFTY,,2026-04-28,2026-04-28,26500.0,CE,NIFTY26APR26500CE,19.9,20.4,12.25,17.95,18.35,21.1,23002.15,17.95,420290,-48165,9286,16005408870.75,6053,F1,65,,,,,
2026-03-19,2026-03-19,FO,NSE,IDO,72467,,NIFTY,,2026-04-28,2026-04-28,26150.0,CE,NIFTY26APR26150CE,23.45,23.9,18.7,22.5,22.5,32.05,23002.15,0.85,10920,325,73,124187794.25,44,F1,65,,,,,
2026-03-19,2026-03-19,FO,NSE,IDO,72437,,NIFTY,,2026-04-28,2026-04-28,25900.0,CE,NIFTY26APR25900CE,25.75,30.5,25.0,28.35,27.75,37.95,23002.15,28.35,58370,-2990,440,741519941.5,292,F1,65,,,,,
2026-03-19,2026-03-19,FO,NSE,IDO,72350,,NIFTY,,2026-04-28,2026-04-28,25050.0,CE,NIFTY26APR25050CE,83.35,86.1,70.0,79.3,83.4,123.6,23002.15,79.3,13585,-1105,286,467133345.25,210,F1,65,,,,,
2026-03-19,2026-03-19,FO,NSE,IDO,72271,,NIFTY,,2026-04-28,2026-04-28,24200.0,CE,NIFTY26APR24200CE,280.05,287.0,217.55,237.8,252.5,413.75,23002.15,237.8,211315,59540,6210,9872629861.25,4607,F1,65,,,,,
2026-03-19,2026-03-19,FO,NSE,IDO,72255,,NIFTY,,2026-04-28,2026-04-28,23800.0,CE,NIFTY26APR23800CE,440.4,458.25,348.5,375.8,403.5,640.35,23002.15,375.8,250770,-24505,4724,7434106498.0,3588,F1,65,,,,,
2026-03-19,2026-03-19,FO,NSE,IDO,71951,,NIFTY,,2026-04-28,2026-04-28,22050.0,CE,NIFTY26APR22050CE,1576.4,1622.5,1576.4,1622.5,1622.5,1775.0,23002.15,1151.45,195,65,2,3074428.5,2,F1,65,,,,,
2026-03-19,2026-03-19,FO,NSE,IDO,71915,,NIFTY,,2026-04-28,2026-04-28,21300.0,CE,NIFTY26APR21300CE,0.0,0.0,0.0,2333.65,2333.65,2333.65,23002.15,1840.95,65,0,0,0.0,0,F1,65,,,,,
2026-03-19,2026-03-19,FO,NSE,IDO,71863,,NIFTY,,2026-04-28,2026-04-28,21000.0,CE,NIFTY26APR21000CE,2500.05,2611.05,2250.05,2329.2,2397.45,2997.0,23002.15,2329.2,45695,23205,1033,1573816179.0,687,F1,65,,,,,
2026-03-19,2026-03-19,FO,NSE,IDO,63506,,NIFTY,,2026-04-21,2026-04-21,25500.0,CE,NIFTY2642125500CE,0.0,0.0,0.0,31.85,0.0,31.85,23002.15,2.1,0,0,0,0.0,0,F1,65,,,,,
2026-03-19,2026-03-19,FO,NSE,IDO,63476,,NIFTY,,2026-04-21,2026-04-21,24900.0,CE,NIFTY2642124900CE,0.0,0.0,0.0,120.8,120.8,120.8,23002.15,11.3,260,0,0,0.0,0,F1,65,,,,,
2026-03-19,2026-03-19,FO,NSE,IDO,63416,,NIFTY,,2026-04-21,2026-04-21,24000.0,CE,NIFTY2642124000CE,291.0,294.7,224.95,253.95,266.6,445.7,23002.15,253.95,4550,260,292,460681191.75,201,F1,65,,,,,
2026-03-19,2026-03-19,FO,NSE,IDO,63386,,NIFTY,,2026-04-21,2026-04-21,23250.0,CE,NIFTY2642123250CE,672.7,672.7,531.5,556.5,593.25,722.65,23002.15,556.5,6955,6955,129,199963312.25,120,F1,65,,,,,
2026-03-19,2026-03-19,FO,NSE,IDO,63353,,NIFTY,,2026-04-21,2026-04-21,22600.0,CE,NIFTY2642122600CE,0.0,0.0,0.0,1214.65,0.0,1214.65,23002.15,674.4,0,0,0,0.0,0,F1,65,,,,,
2026-03-19,2026-03-19,FO,NSE,IDO,63332,,NIFTY,,2026-04-21,2026-04-21,22250.0,CE,NIFTY2642122250CE,0.0,0.0,0.0,1521.35,0.0,1521.35,23002.15,942.75,0,0,0,0.0,0,F1,65,,,,,
2026-03-19,2026-03-19,FO,NSE,IDO,63307,,NIFTY,,2026-04-21,2026-04-21,21750.0,CE,NIFTY2642121750CE,0.0,0.0,0.0,1989.85,0.0,1989.85,23002.15,1384.05,0,0,0,0.0,0,F1,65,,,,,
2026-03-19,2026-03-19,FO,NSE,IDO,63188,,NIFTY,,2026-04-21,2026-04-21,21000.0,CE,NIFTY2642121000CE,0.0,0.0,0.0,2723.5,0.0,2723.5,23002.15,2108.55,0,0,0,0.0,0,F1,65,,,,,
2026-03-19,2026-03-19,FO,NSE,IDO,54563,,NIFTY,,2026-03-30,2026-03-30,24650.0,PE,NIFTY26MAR24650PE,1321.8,1679.15,1311.1,1553.85,1530.2,913.3,23002.15,1553.85,37830,-6695,197,333813935.0,141,F1,65,,,,,
2026-03-19,2026-03-19,FO,NSE,IDO,54575,,NIFTY,,2026-03-30,2026-03-30,24950.0,PE,NIFTY26MAR24950PE,1635.7,1949.3,1595.25,1949.3,1949.3,1207.45,23002.15,1949.3,20605,-1430,24,41636146.5,23,F1,65,,,,,
2026-03-19,2026-03-19,FO,NSE,IDO,54641,,NIFTY,,2026-03-30,2026-03-30,26150.0,PE,NIFTY26MAR26150PE,3026.75,3027.95,3024.4,3026.1,3024.4,2352.5,23002.15,3026.1,17810,-520,8,15171568.75,8,F1,65,,,,,
2026-03-19,2026-03-19,FO,NSE,IDO,54671,,NIFTY,,2026-03-30,2026-03-30,26450.0,PE,NIFTY26MAR26450PE,3360.5,3360.5,3360.5,3360.5,3360.5,3014.3,23002.15,3404.05,4420,0,1,1937682.5,1,F1,65,,,,,
2026-03-19,2026-03-19,FO,NSE,IDO,54741,,NIFTY,,2026-03-30,2026-03-30,27300.0,PE,NIFTY26MAR27300PE,4100.0,4100.0,4100.0,4100.0,4100.0,3608.65,23002.15,4252.65,11115,-130,2,4082000.0,1,F1,65,,,,,
2026-03-19,2026-03-19,FO,NSE,IDO,54839,,NIFTY,,2026-03-30,2026-03-30,27950.0,PE,NIFTY26MAR27950PE,0.0,0.0,0.0,4116.65,4385.6,4116.65,23002.15,4901.55,520,0,0,0.0,0,F1,65,,,,,
2026-03-19,2026-03-19,FO,NSE,IDO,62933,,NIFTY,,2026-03-30,2026-03-30,28000.0,PE,NIFTY26MAR28000PE,4622.45,5038.5,4622.45,4979.3,4873.6,4202.3,23002.15,4979.3,829495,-10700,435,927451265.0,362,F1,65,,,,,
2026-03-19,2026-03-19,FO,NSE,IDO,62955,,NIFTY,,2026-03-30,2026-03-30,30000.0,PE,NIFTY26MAR30000PE,6584.9,7010.0,6584.9,6950.05,6882.55,6195.75,23002.15,6950.05,421625,-36140,654,1563674141.25,620,F1,65,,,,,
2026-03-19,2026-03-19,FO,NSE,IDO,40704,,NIFTY,,2026-04-07,2026-04-07,22050.0,PE,NIFTY2640722050PE,0.0,0.0,0.0,0.65,0.0,0.65,23002.15,20.0,0,0,0,0.0,0,F1,65,,,,,
2026-03-19,2026-03-19,FO,NSE,IDO,40717,,NIFTY,,2026-04-07,2026-04-07,22200.0,PE,NIFTY2640722200PE,0.0,0.0,0.0,1.1,0.0,1.1,23002.15,32.8,0,0,0,0.0,0,F1,65,,,,,
2026-03-19,2026-03-19,FO,NSE,IDO,40760,,NIFTY,,2026-04-07,2026-04-07,22850.0,PE,NIFTY2640722850PE,0.0,0.0,0.0,7.8,0.0,7.8,23002.15,180.1,0,0,0,0.0,0,F1,65,,,,,
2026-03-19,2026-03-19,FO,NSE,IDO,40819,,NIFTY,,2026-04-07,2026-04-07,23850.0,PE,NIFTY2640723850PE,617.45,1013.05,617.45,915.6,868.1,392.7,23002.15,915.6,11180,-7280,443,707591326.0,338,F1,65,,,,,
2026-03-19,2026-03-19,FO,NSE,IDO,40851,,NIFTY,,2026-04-07,2026-04-07,24300.0,PE,NIFTY2640724300PE,1035.45,1351.8,996.5,1306.75,1233.9,650.75,23002.15,1306.75,210665,-1690,793,1311137938.5,742,F1,65,,,,,
2026-03-19,2026-03-19,FO,NSE,IDO,40971,,NIFTY,,2026-04-07,2026-04-07,26000.0,PE,NIFTY2640726000PE,0.0,0.0,0.0,1700.0,1700.0,1700.0,23002.15,2923.55,65,0,0,0.0,0,F1,65,,,,,
2026-03-19,2026-03-19,FO,NSE,IDO,54607,,NIFTY,,2026-04-13,2026-04-13,21300.0,PE,NIFTY2641321300PE,0.0,0.0,0.0,0.35,0.0,0.35,23002.15,2.55,0,0,0,0.0,0,F1,65,,,,,
2026-03-19,2026-03-19,FO,NSE,IDO,54638,,NIFTY,,2026-04-13,2026-04-13,21500.0,PE,NIFTY2641321500PE,0.0,0.0,0.0,0.75,0.0,0.75,23002.15,5.5,0,0,0,0.0,0,F1,65,,,,,
2026-03-19,2026-03-19,FO,NSE,IDO,54694,,NIFTY,,2026-04-13,2026-04-13,22300.0,PE,NIFTY2641322300PE,0.0,0.0,0.0,8.5,0.0,8.5,23002.15,64.45,0,0,0,0.0,0,F1,65,,,,,
2026-03-19,2026-03-19,FO,NSE,IDO,54704,,NIFTY,,2026-04-13,2026-04-13,22550.0,PE,NIFTY2641322550PE,0.0,0.0,0.0,16.25,0.0,16.25,23002.15,115.55,0,0,0,0.0,0,F1,65,,,,,
2026-03-19,2026-03-19,FO,NSE,IDO,54772,,NIFTY,,2026-04-13,2026-04-13,23150.0,PE,NIFTY2641323150PE,0.0,0.0,0.0,61.6,0.0,61.6,23002.15,349.0,0,0,0,0.0,0,F1,65,,,,,
2026-03-19,2026-03-19,FO,NSE,IDO,54778,,NIFTY,,2026-04-13,2026-04-13,23300.0,PE,NIFTY2641323300PE,470.65,688.9,449.15,634.2,578.6,82.15,23002.15,634.2,6695,6695,327,506391928.25,265,F1,65,,,,,
2026-03-19,2026-03-19,FO,NSE,IDO,54983,,NIFTY,,2026-04-13,2026-04-13,25850.0,PE,NIFTY2641325850PE,0.0,0.0,0.0,1478.3,0.0,1478.3,23002.15,2750.75,0,0,0,0.0,0,F1,65,,,,,
2026-03-19,2026-03-19,FO,NSE,IDO,54910,,NIFTY,,2026-04-13,2026-04-13,25250.0,CE,NIFTY2641325250CE,26.9,29.7,24.3,27.9,29.7,42.25,23002.15,27.9,3380,715,35,57504073.25,15,F1,65,,,,,
2026-03-19,2026-03-19,FO,NSE,IDO,54904,,NIFTY,,2026-04-13,2026-04-13,25100.0,CE,NIFTY2641325100CE,32.0,36.15,31.05,35.0,36.0,54.9,23002.15,35.0,1755,1040,50,81682295.5,24,F1,65,,,,,
2026-03-19,2026-03-19,FO,NSE,IDO,54878,,NIFTY,,2026-04-13,2026-04-13,24650.0,CE,NIFTY2641324650CE,67.55,69.7,56.5,68.2,69.7,132.7,23002.15,68.2,2795,1560,41,65860931.5,13,F1,65,,,,,
2026-03-19,2026-03-19,FO,NSE,IDO,54808,,NIFTY,,2026-04-13,2026-04-13,23900.0,CE,NIFTY2641323900CE,255.0,256.5,187.8,202.55,226.05,420.55,23002.15,202.55,5590,-390,259,406351721.75,207,F1,65,,,,,
2026-03-19,2026-03-19,FO,NSE,IDO,54661,,NIFTY,,2026-04-13,2026-04-13,21750.0,CE,NIFTY2641321750CE,0.0,0.0,0.0,2652.0,0.0,2652.0,23002.15,1347.1,0,0,0,0.0,0,F1,65,,,,,
2026-03-19,2026-03-19,FO,NSE,IDO,54608,,NIFTY,,2026-04-13,2026-04-13,21350.0,CE,NIFTY2641321350CE,0.0,0.0,0.0,3048.2,0.0,3048.2,23002.15,1735.55,0,0,0,0.0,0,F1,65,,,,,
2026-03-19,2026-03-19,FO,NSE,IDO,54363,,NIFTY,,2026-04-13,2026-04-13,21050.0,CE,NIFTY2641321050CE,0.0,0.0,0.0,3346.05,0.0,3346.05,23002.15,2032.15,0,0,0,0.0,0,F1,65,,,,,
2026-03-19,2026-03-19,FO,NSE,IDO,40967,,NIFTY,,2026-04-07,2026-04-07,25950.0,CE,NIFTY2640725950CE,11.95,11.95,7.4,10.5,11.8,10.9,23002.15,10.5,13520,2535,119,200800132.0,56,F1,65,,,,,
2026-03-19,2026-03-19,FO,NSE,IDO,63179,,NIFTY,,2026-04-21,2026-04-21,20850.0,PE,NIFTY2642120850PE,0.0,0.0,0.0,0.9,0.0,0.9,23002.15,1.3,0,0,0,0.0,0,F1,65,,,,,
2026-03-19,2026-03-19,FO,NSE,IDO,63363,,NIFTY,,2026-04-21,2026-04-21,22750.0,PE,NIFTY2642122750PE,0.0,0.0,0.0,107.2,0.0,107.2,23002.15,208.05,0,0,0,0.0,0,F1,65,,,,,
2026-03-19,2026-03-19,FO,NSE,IDO,63377,,NIFTY,,2026-04-21,2026-04-21,23000.0,PE,NIFTY2642123000PE,0.0,0.0,0.0,163.1,0.0,163.1,23002.15,308.4,0,0,0,0.0,0,F1,65,,,,,
2026-03-19,2026-03-19,FO,NSE,IDO,63383,,NIFTY,,2026-04-21,2026-04-21,23150.0,PE,NIFTY2642123150PE,0.0,0.0,0.0,203.75,0.0,203.75,23002.15,381.5,0,0,0,0.0,0,F1,65,,,,,
2026-03-19,2026-03-19,FO,NSE,IDO,63463,,NIFTY,,2026-04-21,2026-04-21,24550.0,PE,NIFTY2642124550PE,0.0,0.0,0.0,960.85,0.0,960.85,23002.15,1452.8,0,0,0,0.0,0,F1,65,,,,,
2026-03-19,2026-03-19,FO,NSE,IDO,63473,,NIFTY,,2026-04-21,2026-04-21,24800.0,PE,NIFTY2642124800PE,0.0,0.0,0.0,1159.8,0.0,1159.8,23002.15,1689.45,0,0,0,0.0,0,F1,65,,,,,
2026-03-19,2026-03-19,FO,NSE,IDO,63511,,NIFTY,,2026-04-21,2026-04-21,25500.0,PE,NIFTY2642125500PE,0.0,0.0,0.0,1779.6,0.0,1779.6,23002.15,2373.45,0,0,0,0.0,0,F1,65,,,,,
2026-03-19,2026-03-19,FO,NSE,IDO,71872,,NIFTY,,2026-04-28,2026-04-28,21050.0,PE,NIFTY26APR21050PE,0.0,0.0,0.0,1.05,0.0,1.05,23002.15,5.15,0,0,0,0.0,0,F1,65,,,,,
2026-03-19,2026-03-19,FO,NSE,IDO,71926,,NIFTY,,2026-04-28,2026-04-28,21450.0,PE,NIFTY26APR21450PE,0.0,0.0,0.0,2.65,0.0,2.65,23002.15,16.25,0,0,0,0.0,0,F1,65,,,,,
2026-03-19,2026-03-19,FO,NSE,IDO,71930,,NIFTY,,2026-04-28,2026-04-28,21550.0,PE,NIFTY26APR21550PE,0.0,0.0,0.0,3.25,0.0,3.25,23002.15,21.05,0,0,0,0.0,0,F1,65,,,,,
2026-03-19,2026-03-19,FO,NSE,IDO,71962,,NIFTY,,2026-04-28,2026-04-28,22300.0,PE,NIFTY26APR22300PE,244.6,419.25,244.6,376.1,364.25,190.6,23002.15,376.1,78715,9555,2124,3125513001.0,1644,F1,65,,,,,
2026-03-19,2026-03-19,FO,NSE,IDO,72260,,NIFTY,,2026-04-28,2026-04-28,23900.0,PE,NIFTY26APR23900PE,750.0,1095.5,750.0,1050.8,989.95,554.6,23002.15,1050.8,85995,-6565,892,1437311560.75,753,F1,65,,,,,
2026-03-19,2026-03-19,FO,NSE,IDO,72435,,NIFTY,,2026-04-28,2026-04-28,25850.0,PE,NIFTY26APR25850PE,0.0,0.0,0.0,1948.55,1948.55,1948.55,23002.15,2694.45,3835,0,0,0.0,0,F1,65,,,,,
2026-03-19,2026-03-19,FO,NSE,IDO,72492,,NIFTY,,2026-04-28,2026-04-28,26400.0,PE,NIFTY26APR26400PE,3109.25,3109.25,3109.25,3109.25,3109.25,3033.25,23002.15,3109.25,10725,-65,1,1918101.25,1,F1,65,,,,,
2026-03-19,2026-03-19,FO,NSE,IDO,72670,,NIFTY,,2026-04-28,2026-04-28,26750.0,PE,NIFTY26APR26750PE,0.0,0.0,0.0,3017.45,3017.45,3017.45,23002.15,3587.25,910,0,0,0.0,0,F1,65,,,,,
2026-03-19,2026-03-19,FO,NSE,IDO,72720,,NIFTY,,2026-04-28,2026-04-28,26850.0,PE,NIFTY26APR26850PE,0.0,0.0,0.0,2718.3,2718.3,2718.3,23002.15,3686.6,325,0,0,0.0,0,F1,65,,,,,
2026-03-19,2026-03-19,FO,NSE,IDO,72759,,NIFTY,,2026-04-28,2026-04-28,27500.0,PE,NIFTY26APR27500PE,3950.0,4311.6,3910.65,4212.3,4155.0,3509.0,23002.15,4212.3,47320,4095,123,252647908.5,115,F1,65,,,,,
2026-03-19,2026-03-19,FO,NSE,IDO,71754,,NIFTY,,2026-05-26,2026-05-26,21300.0,PE,NIFTY26MAY21300PE,0.0,0.0,0.0,1.65,0.0,1.65,23002.15,34.5,0,0,0,0.0,0,F1,65,,,,,
2026-03-19,2026-03-19,FO,NSE,IDO,71779,,NIFTY,,2026-05-26,2026-05-26,21650.0,PE,NIFTY26MAY21650PE,0.0,0.0,0.0,3.45,0.0,3.45,23002.15,65.1,0,0,0,0.0,0,F1,65,,,,,
2026-03-19,2026-03-19,FO,NSE,IDO,71880,,NIFTY,,2026-05-26,2026-05-26,22700.0,PE,NIFTY26MAY22700PE,0.0,0.0,0.0,22.85,0.0,22.85,23002.15,293.55,0,0,0,0.0,0,F1,65,,,,,
2026-03-19,2026-03-19,FO,NSE,IDO,72303,,NIFTY,,2026-05-26,2026-05-26,25100.0,PE,NIFTY26MAY25100PE,1600.0,1600.0,1600.0,1600.0,1600.0,1346.25,23002.15,1897.6,31785,65,1,1735500.0,1,F1,65,,,,,
2026-03-19,2026-03-19,FO,NSE,IDO,72305,,NIFTY,,2026-05-26,2026-05-26,25150.0,PE,NIFTY26MAY25150PE,0.0,0.0,0.0,1594.2,1595.5,1594.2,23002.15,1943.05,910,0,0,0.0,0,F1,65,,,,,
2026-03-19,2026-03-19,FO,NSE,IDO,72628,,NIFTY,,2026-05-26,2026-05-26,27200.0,PE,NIFTY26MAY27200PE,0.0,0.0,0.0,3649.35,3649.35,3649.35,23002.15,3921.8,65,0,0,0.0,0,F1,65,,,,,
2026-03-19,2026-03-19,FO,NSE,IDO,58633,,NIFTY,,2026-12-29,2026-12-29,14000.0,PE,NIFTY26DEC14000PE,0.0,0.0,0.0,29.0,29.0,29.0,23002.15,0.05,1250,0,0,0.0,0,F1,65,,,,,
2026-03-19,2026-03-19,FO,NSE,IDO,55337,,NIFTY,,2026-12-29,2026-12-29,34500.0,PE,NIFTY26DEC34500PE,0.0,0.0,0.0,6630.4,0.0,6630.4,23002.15,10048.45,0,0,0,0.0,0,F1,65,,,,,
2026-03-19,2026-03-19,FO,NSE,IDO,40842,,NIFTY,,2026-04-07,2026-04-07,24250.0,CE,NIFTY2640724250CE,89.65,94.05,66.85,77.05,88.25,182.0,23002.15,77.05,124605,-11570,1314,2078381467.5,919,F1,65,,,,,
2026-03-19,2026-03-19,FO,NSE,IDO,40738,,NIFTY,,2026-04-07,2026-04-07,22600.0,CE,NIFTY2640722600CE,706.0,706.0,706.0,706.0,706.0,1117.25,23002.15,568.15,1820,65,1,1514890.0,1,F1,65,,,,,
2026-03-19,2026-03-19,FO,NSE,IDO,40690,,NIFTY,,2026-04-07,2026-04-07,21750.0,CE,NIFTY2640721750CE,0.0,0.0,0.0,2496.25,2496.25,2496.25,23002.15,1320.85,65,0,0,0.0,0,F1,65,,,,,
2026-03-19,2026-03-19,FO,NSE,IDO,40632,,NIFTY,,2026-04-07,2026-04-07,20900.0,CE,NIFTY2640720900CE,0.0,0.0,0.0,4100.75,0.0,4100.75,23002.15,2162.0,0,0,0,0.0,0,F1,65,,,,,
2026-03-19,2026-03-19,FO,NSE,IDO,54842,,NIFTY,,2026-03-30,2026-03-30,28100.0,CE,NIFTY26MAR28100CE,1.3,1.3,0.95,1.1,1.0,1.2,23002.15,1.1,145860,-390,528,964431224.25,188,F1,65,,,,,
2026-03-19,2026-03-19,FO,NSE,IDO,54576,,NIFTY,,2026-03-30,2026-03-30,25050.0,CE,NIFTY26MAR25050CE,6.7,12.45,6.7,9.05,9.3,13.9,23002.15,9.05,72475,-61685,4697,7650709667.25,3468,F1,65,,,,,
2026-03-19,2026-03-19,FO,NSE,IDO,54570,,NIFTY,,2026-03-30,2026-03-30,24850.0,CE,NIFTY26MAR24850CE,13.0,17.2,9.0,11.8,12.25,21.35,23002.15,11.8,75660,-29575,4545,7344759171.75,2697,F1,65,,,,,
2026-03-19,2026-03-19,FO,NSE,IDO,54532,,NIFTY,,2026-03-30,2026-03-30,23850.0,CE,NIFTY26MAR23850CE,112.1,129.1,67.85,82.75,95.0,263.9,23002.15,82.75,315250,17160,17054,26544557802.75,12012,F1,65,,,,,
2026-03-19,2026-03-19,FO,NSE,IDO,54516,,NIFTY,,2026-03-30,2026-03-30,23450.0,CE,NIFTY26MAR23450CE,280.0,308.25,161.9,189.9,220.55,524.2,23002.15,189.9,167505,79690,13915,21413315423.5,11059,F1,65,,,,,
2026-03-19,2026-03-19,FO,NSE,IDO,54506,,NIFTY,,2026-03-30,2026-03-30,23200.0,CE,NIFTY26MAR23200CE,428.5,464.5,255.55,298.9,338.45,725.15,23002.15,298.9,1144325,699140,99244,151932743508.0,74763,F1,65,,,,,
2026-03-19,2026-03-19,FO,NSE,IDO,54490,,NIFTY,,2026-03-30,2026-03-30,22800.0,CE,NIFTY26MAR22800CE,750.0,772.35,466.0,515.0,579.6,1082.3,23002.15,515.0,114660,51545,5611,8522825116.0,4202,F1,65,,,,,
2026-03-19,2026-03-19,FO,NSE,IDO,54470,,NIFTY,,2026-03-30,2026-03-30,22300.0,CE,NIFTY26MAR22300CE,1100.0,1117.8,843.7,888.5,962.6,1550.0,23002.15,888.5,3120,1950,89,134579399.5,65,F1,65,,,,,
2026-03-19,2026-03-19,FO,NSE,IDO,54468,,NIFTY,,2026-03-30,2026-03-30,22250.0,CE,NIFTY26MAR22250CE,0.0,0.0,0.0,1600.0,1600.0,1600.0,23002.15,803.45,975,0,0,0.0,0,F1,65,,,,,
2026-03-19,2026-03-19,FO,NSE,IDO,54581,,NIFTY,,2026-03-30,2026-03-30,25150.0,PE,NIFTY26MAR25150PE,1823.7,2170.9,1812.8,2089.2,2044.9,1344.65,23002.15,2089.2,25610,-5005,102,179154595.75,98,F1,65,,,,,
2026-03-19,2026-03-19,FO,NSE,IDO,62863,,NIFTY,,2026-03-24,2026-03-24,26600.0,PE,NIFTY2632426600PE,0.0,0.0,0.0,2810.0,2810.0,2810.0,23002.15,3577.8,260,0,0,0.0,0,F1,65,,,,,
2026-03-19,2026-03-19,FO,NSE,IDO,62878,,NIFTY,,2026-03-24,2026-03-24,26900.0,PE,NIFTY2632426900PE,0.0,0.0,0.0,3471.85,3471.85,3471.85,23002.15,3877.6,130,0,0,0.0,0,F1,65,,,,,
2026-03-19,2026-03-19,FO,NSE,IDO,62883,,NIFTY,,2026-03-24,2026-03-24,27000.0,PE,NIFTY2632427000PE,3770.0,3799.6,3770.0,3799.6,3799.6,3225.5,23002.15,3977.5,4095,-65,5,10004764.25,5,F1,65,,,,,
2026-03-19,2026-03-19,FO,NSE,IDO,62981,,NIFTY,,2026-03-24,2026-03-24,27450.0,PE,NIFTY2632427450PE,0.0,0.0,0.0,4032.85,4041.2,4032.85,23002.15,4427.2,130,0,0,0.0,0,F1,65,,,,,
2026-03-19,2026-03-19,FO,NSE,IDO,54459,,NIFTY,,2026-03-30,2026-03-30,21950.0,PE,NIFTY26MAR21950PE,64.5,120.1,57.85,101.1,97.3,35.0,23002.15,101.1,112450,8775,5453,7810006236.5,4108,F1,65,,,,,
2026-03-19,2026-03-19,FO,NSE,IDO,54469,,NIFTY,,2026-03-30,2026-03-30,22250.0,PE,NIFTY26MAR22250PE,0.0,0.0,0.0,4.0,0.0,4.0,23002.15,14.45,0,0,0,0.0,0,F1,65,,,,,
2026-03-19,2026-03-19,FO,NSE,IDO,54473,,NIFTY,,2026-03-30,2026-03-30,22350.0,PE,NIFTY26MAR22350PE,98.65,192.5,93.45,165.3,157.6,52.4,23002.15,165.3,164970,97500,9071,13258360505.0,6391,F1,65,,,,,
2026-03-19,2026-03-19,FO,NSE,IDO,54497,,NIFTY,,2026-03-30,2026-03-30,22950.0,PE,NIFTY26MAR22950PE,206.35,390.8,195.45,332.8,309.9,103.9,23002.15,332.8,205725,64155,16515,24947338627.25,12235,F1,65,,,,,
2026-03-19,2026-03-19,FO,NSE,IDO,54531,,NIFTY,,2026-03-30,2026-03-30,23800.0,PE,NIFTY26MAR23800PE,500.0,930.0,497.8,836.95,770.65,305.2,23002.15,836.95,1200550,-920075,36012,57284381271.0,25499,F1,65,,,,,
2026-03-19,2026-03-19,FO,NSE,IDO,54541,,NIFTY,,2026-03-30,2026-03-30,24100.0,PE,NIFTY26MAR24100PE,696.95,1192.6,696.9,1108.3,1025.0,457.2,23002.15,1108.3,187720,-54730,4070,6628576864.0,3175,F1,65,,,,,
2026-03-19,2026-03-19,FO,NSE,IDO,54557,,NIFTY,,2026-03-30,2026-03-30,24500.0,PE,NIFTY26MAR24500PE,1150.0,1570.3,1065.6,1458.6,1383.4,776.45,23002.15,1458.6,1696045,-200135,8485,14227649614.75,5585,F1,65,,,,,
2026-03-19,2026-03-19,FO,NSE,IDO,40724,,NIFTY,,2026-04-07,2026-04-07,22300.0,CE,NIFTY2640722300CE,0.0,0.0,0.0,1158.6,1158.6,1158.6,23002.15,810.55,2080,0,0,0.0,0,F1,65,,,,,
2026-03-19,2026-03-19,FO,NSE,IDO,40736,,NIFTY,,2026-04-07,2026-04-07,22550.0,CE,NIFTY2640722550CE,0.0,0.0,0.0,995.15,995.15,995.15,23002.15,605.95,1235,0,0,0.0,0,F1,65,,,,,
2026-03-19,2026-03-19,FO,NSE,IDO,40754,,NIFTY,,2026-04-07,2026-04-07,22850.0,CE,NIFTY2640722850CE,594.2,634.75,592.15,606.05,634.75,900.7,23002.15,606.05,2730,2600,41,62510370.0,21,F1,65,,,,,
2026-03-19,2026-03-19,FO,NSE,IDO,40770,,NIFTY,,2026-04-07,2026-04-07,22950.0,CE,NIFTY2640722950CE,535.75,590.35,492.3,562.05,590.35,1031.95,23002.15,562.05,2535,2405,304,464274453.5,122,F1,65,,,,,
2026-03-19,2026-03-19,FO,NSE,IDO,40802,,NIFTY,,2026-04-07,2026-04-07,23650.0,CE,NIFTY2640723650CE,271.05,282.3,190.3,213.0,241.1,482.35,23002.15,213.0,16900,9425,435,675788594.0,410,F1,65,,,,,
2026-03-19,2026-03-19,FO,NSE,IDO,40818,,NIFTY,,2026-04-07,2026-04-07,23850.0,CE,NIFTY2640723850CE,205.6,207.1,143.5,157.5,176.05,374.4,23002.15,157.5,32565,5850,800,1249894613.5,617,F1,65,,,,,
2026-03-19,2026-03-19,FO,NSE,IDO,40830,,NIFTY,,2026-04-07,2026-04-07,24050.0,CE,NIFTY2640724050CE,136.7,140.95,98.4,114.35,123.8,256.25,23002.15,114.35,20865,8450,494,776202843.0,304,F1,65,,,,,
2026-03-19,2026-03-19,FO,NSE,IDO,40852,,NIFTY,,2026-04-07,2026-04-07,24350.0,CE,NIFTY2640724350CE,70.3,76.0,56.95,63.15,70.2,148.9,23002.15,63.15,16445,0,582,923736073.0,376,F1,65,,,,,
2026-03-19,2026-03-19,FO,NSE,IDO,40902,,NIFTY,,2026-04-07,2026-04-07,25150.0,CE,NIFTY2640725150CE,12.4,22.85,12.4,20.0,21.7,27.35,23002.15,20.0,4615,780,124,202849097.75,81,F1,65,,,,,
2026-03-19,2026-03-19,FO,NSE,IDO,40961,,NIFTY,,2026-04-07,2026-04-07,25850.0,CE,NIFTY2640725850CE,11.35,11.35,6.5,8.5,9.0,11.35,23002.15,8.5,1040,-780,36,60510856.25,22,F1,65,,,,,
2026-03-19,2026-03-19,FO,NSE,IDO,54170,,NIFTY,,2026-04-13,2026-04-13,20850.0,CE,NIFTY2641320850CE,0.0,0.0,0.0,3544.7,0.0,3544.7,23002.15,2230.9,0,0,0,0.0,0,F1,65,,,,,
2026-03-19,2026-03-19,FO,NSE,IDO,54602,,NIFTY,,2026-04-13,2026-04-13,21200.0,CE,NIFTY2641321200CE,0.0,0.0,0.0,3197.1,0.0,3197.1,23002.15,1883.55,0,0,0,0.0,0,F1,65,,,,,
2026-03-19,2026-03-19,FO,NSE,IDO,54604,,NIFTY,,2026-04-13,2026-04-13,21250.0,CE,NIFTY2641321250CE,0.0,0.0,0.0,3147.45,0.0,3147.45,23002.15,1834.1,0,0,0,0.0,0,F1,65,,,,,
2026-03-19,2026-03-19,FO,NSE,IDO,54647,,NIFTY,,2026-04-13,2026-04-13,21550.0,CE,NIFTY2641321550CE,0.0,0.0,0.0,2849.95,0.0,2849.95,23002.15,1539.8,0,0,0,0.0,0,F1,65,,,,,
2026-03-19,2026-03-19,FO,NSE,IDO,54767,,NIFTY,,2026-04-13,2026-04-13,23050.0,CE,NIFTY2641323050CE,598.3,598.3,533.05,533.05,533.05,1409.0,23002.15,336.8,975,975,15,23042925.75,5,F1,65,,,,,
2026-03-19,2026-03-19,FO,NSE,IDO,54835,,NIFTY,,2026-04-13,2026-04-13,24250.0,CE,NIFTY2641324250CE,133.95,143.0,107.15,129.75,133.45,260.55,23002.15,129.75,3250,2535,88,139434704.5,41,F1,65,,,,,
2026-03-19,2026-03-19,FO,NSE,IDO,54880,,NIFTY,,2026-04-13,2026-04-13,24700.0,CE,NIFTY2641324700CE,63.55,65.0,54.35,60.2,63.25,113.1,23002.15,60.2,4420,1495,86,138405939.75,53,F1,65,,,,,
2026-03-19,2026-03-19,FO,NSE,IDO,54890,,NIFTY,,2026-04-13,2026-04-13,24950.0,CE,NIFTY2641324950CE,41.0,44.05,37.8,42.45,44.05,66.35,23002.15,42.45,1885,1560,45,73097297.0,27,F1,65,,,,,
2026-03-19,2026-03-19,FO,NSE,IDO,63468,,NIFTY,,2026-04-21,2026-04-21,24700.0,CE,NIFTY2642124700CE,0.0,0.0,0.0,125.3,0.0,125.3,23002.15,18.7,0,0,0,0.0,0,F1,65,,,,,
2026-03-19,2026-03-19,FO,NSE,IDO,63480,,NIFTY,,2026-04-21,2026-04-21,25000.0,CE,NIFTY2642125000CE,60.15,70.7,53.0,64.2,67.0,108.6,23002.15,64.2,3250,3250,107,174309450.25,71,F1,65,,,,,
2026-03-19,2026-03-19,FO,NSE,IDO,63492,,NIFTY,,2026-04-21,2026-04-21,25250.0,CE,NIFTY2642125250CE,0.0,0.0,0.0,50.45,0.0,50.45,23002.15,4.4,0,0,0,0.0,0,F1,65,,,,,
2026-03-19,2026-03-19,FO,NSE,IDO,71913,,NIFTY,,2026-04-28,2026-04-28,21250.0,CE,NIFTY26APR21250CE,0.0,0.0,0.0,2372.25,2372.25,2372.25,23002.15,1889.2,65,0,0,0.0,0,F1,65,,,,,
2026-03-19,2026-03-19,FO,NSE,IDO,71953,,NIFTY,,2026-04-28,2026-04-28,22100.0,CE,NIFTY26APR22100CE,1536.25,1581.9,1480.0,1480.0,1480.0,1775.0,23002.15,1480.0,455,325,7,10744496.75,5,F1,65,,,,,
2026-03-19,2026-03-19,FO,NSE,IDO,72162,,NIFTY,,2026-04-28,2026-04-28,22650.0,CE,NIFTY26APR22650CE,1127.6,1155.4,961.5,977.8,1054.75,1454.1,23002.15,977.8,4615,4420,81,124502888.25,77,F1,65,,,,,
2026-03-19,2026-03-19,FO,NSE,IDO,72203,,NIFTY,,2026-04-28,2026-04-28,22900.0,CE,NIFTY26APR22900CE,984.0,984.0,789.2,836.3,833.5,1352.0,23002.15,836.3,23985,9555,939,1450060514.5,794,F1,65,,,,,
2026-03-19,2026-03-19,FO,NSE,IDO,72263,,NIFTY,,2026-04-28,2026-04-28,24000.0,CE,NIFTY26APR24000CE,350.0,389.1,277.05,304.75,323.0,519.25,23002.15,304.75,1503385,333905,39207,61997233600.25,24500,F1,65,,,,,
2026-03-19,2026-03-19,FO,NSE,IDO,72317,,NIFTY,,2026-04-28,2026-04-28,24400.0,CE,NIFTY26APR24400CE,207.85,221.75,166.55,183.4,195.05,318.5,23002.15,183.4,341055,65585,4900,7833750275.0,3433,F1,65,,,,,
2026-03-19,2026-03-19,FO,NSE,IDO,72339,,NIFTY,,2026-04-28,2026-04-28,24850.0,CE,NIFTY26APR24850CE,114.05,115.15,92.15,104.1,109.25,165.85,23002.15,104.1,22945,4875,589,955512463.75,459,F1,65,,,,,
2026-03-19,2026-03-19,FO,NSE,IDO,72357,,NIFTY,,2026-04-28,2026-04-28,25150.0,CE,NIFTY26APR25150CE,74.0,74.6,59.45,69.9,72.45,110.4,23002.15,69.9,11505,390,203,332749413.75,116,F1,65,,,,,
2026-03-19,2026-03-19,FO,NSE,IDO,72367,,NIFTY,,2026-04-28,2026-04-28,25300.0,CE,NIFTY26APR25300CE,58.6,62.2,50.85,57.2,59.6,85.0,23002.15,57.2,111410,780,3219,5305279817.5,2241,F1,65,,,,,
2026-03-19,2026-03-19,FO,NSE,IDO,72459,,NIFTY,,2026-04-28,2026-04-28,26100.0,CE,NIFTY26APR26100CE,28.0,28.75,18.05,24.85,26.45,28.75,23002.15,24.85,66625,4225,374,635061661.0,185,F1,65,,,,,
2026-03-19,2026-03-19,FO,NSE,IDO,72491,,NIFTY,,2026-04-28,2026-04-28,26400.0,CE,NIFTY26APR26400CE,20.0,20.0,16.55,19.0,19.65,22.35,23002.15,19.0,70655,2795,269,461916217.75,197,F1,65,,,,,
2026-03-19,2026-03-19,FO,NSE,IDO,72493,,NIFTY,,2026-04-28,2026-04-28,26450.0,CE,NIFTY26APR26450CE,18.0,20.0,15.85,18.1,18.1,22.7,23002.15,0.35,5330,-65,104,178920745.25,64,F1,65,,,,,
2026-03-19,2026-03-19,FO,NSE,IDO,72669,,NIFTY,,2026-04-28,2026-04-28,26750.0,CE,NIFTY26APR26750CE,15.5,18.0,14.15,17.0,16.0,18.15,23002.15,17.0,4355,-2275,96,167013544.75,59,F1,65,,,,,
2026-03-19,2026-03-19,FO,NSE,IDO,72725,,NIFTY,,2026-04-28,2026-04-28,27000.0,CE,NIFTY26APR27000CE,14.95,16.9,12.05,13.6,14.3,15.55,23002.15,13.6,694850,-1755,5026,8824988968.25,2624,F1,65,,,,,
2026-03-19,2026-03-19,FO,NSE,IDO,71739,,NIFTY,,2026-05-26,2026-05-26,21100.0,CE,NIFTY26MAY21100CE,0.0,0.0,0.0,2673.5,2673.5,2673.5,23002.15,2140.45,65,0,0,0.0,0,F1,65,,,,,
2026-03-19,2026-03-19,FO,NSE,IDO,71780,,NIFTY,,2026-05-26,2026-05-26,21700.0,CE,NIFTY26MAY21700CE,0.0,0.0,0.0,2123.45,2123.45,2123.45,23002.15,1594.2,65,0,0,0.0,0,F1,65,,,,,
2026-03-19,2026-03-19,FO,NSE,IDO,71786,,NIFTY,,2026-05-26,2026-05-26,21850.0,CE,NIFTY26MAY21850CE,0.0,0.0,0.0,2000.85,2000.85,2000.85,23002.15,1465.5,65,0,0,0.0,0,F1,65,,,,,
2026-03-19,2026-03-19,FO,NSE,IDO,71813,,NIFTY,,2026-05-26,2026-05-26,22050.0,CE,NIFTY26MAY22050CE,0.0,0.0,0.0,1805.7,1805.7,1805.7,23002.15,1300.35,65,0,0,0.0,0,F1,65,,,,,
2026-03-19,2026-03-19,FO,NSE,IDO,71818,,NIFTY,,2026-05-26,2026-05-26,22150.0,CE,NIFTY26MAY22150CE,0.0,0.0,0.0,1730.3,1730.3,1730.3,23002.15,1220.85,65,0,0,0.0,0,F1,65,,,,,
2026-03-19,2026-03-19,FO,NSE,IDO,72067,,NIFTY,,2026-05-26,2026-05-26,23500.0,CE,NIFTY26MAY23500CE,826.2,826.3,668.15,710.35,740.0,1035.6,23002.15,710.35,206570,88205,4764,7512394389.5,4081,F1,65,,,,,
2026-03-19,2026-03-19,FO,NSE,IDO,72173,,NIFTY,,2026-05-26,2026-05-26,23850.0,CE,NIFTY26MAY23850CE,578.3,607.55,536.55,558.15,569.0,841.9,23002.15,558.15,975,325,13,20641110.75,13,F1,65,,,,,
2026-03-19,2026-03-19,FO,NSE,IDO,72288,,NIFTY,,2026-05-26,2026-05-26,24750.0,CE,NIFTY26MAY24750CE,257.7,261.8,226.85,226.85,226.85,350.25,23002.15,226.85,4225,-1300,39,63379673.5,31,F1,65,,,,,
2026-03-19,2026-03-19,FO,NSE,IDO,72314,,NIFTY,,2026-05-26,2026-05-26,25350.0,CE,NIFTY26MAY25350CE,129.4,133.3,115.0,128.55,129.7,174.25,23002.15,128.55,2795,130,98,162282194.75,56,F1,65,,,,,
2026-03-19,2026-03-19,FO,NSE,IDO,72375,,NIFTY,,2026-05-26,2026-05-26,25850.0,CE,NIFTY26MAY25850CE,73.0,73.5,66.0,66.85,66.85,100.55,23002.15,16.65,1950,-455,19,32010858.75,11,F1,65,,,,,
2026-03-19,2026-03-19,FO,NSE,IDO,72379,,NIFTY,,2026-05-26,2026-05-26,25950.0,CE,NIFTY26MAY25950CE,0.0,0.0,0.0,94.2,94.2,94.2,23002.15,14.0,19045,0,0,0.0,0,F1,65,,,,,
2026-03-19,2026-03-19,FO,NSE,IDO,72599,,NIFTY,,2026-05-26,2026-05-26,26650.0,CE,NIFTY26MAY26650CE,0.0,0.0,0.0,44.5,44.5,44.5,23002.15,3.8,975,0,0,0.0,0,F1,65,,,,,
2026-03-19,2026-03-19,FO,NSE,IDO,72617,,NIFTY,,2026-05-26,2026-05-26,26950.0,CE,NIFTY26MAY26950CE,0.0,0.0,0.0,41.0,41.0,41.0,23002.15,2.1,0,0,0,0.0,0,F1,65,,,,,
2026-03-19,2026-03-19,FO,NSE,IDO,50973,,NIFTY,,2026-06-30,2026-06-30,27000.0,CE,NIFTY26JUN27000CE,45.0,61.7,45.0,58.75,61.7,65.45,23002.15,58.75,2742715,-27730,7942,13966932317.0,4547,F1,65,,,,,
2026-03-19,2026-03-19,FO,NSE,IDO,55190,,NIFTY,,2026-06-30,2026-06-30,28500.0,CE,NIFTY26JUN28500CE,30.45,34.95,23.35,30.7,28.1,29.0,23002.15,30.7,13650,-65,69,127949945.5,55,F1,65,,,,,
2026-03-19,2026-03-19,FO,NSE,IDO,42133,,NIFTY,,2026-06-30,2026-06-30,31000.0,CE,NIFTY26JUN31000CE,12.0,12.85,11.5,11.95,11.8,12.9,23002.15,11.95,58680,4160,177,356792273.5,39,F1,65,,,,,
2026-03-19,2026-03-19,FO,NSE,IDO,62830,,NIFTY,,2026-03-24,2026-03-24,26150.0,CE,NIFTY2632426150CE,1.85,3.1,0.9,1.35,1.05,1.15,23002.15,1.35,89635,51090,25661,43619843585.5,7622,F1,65,,,,,
2026-03-19,2026-03-19,FO,NSE,IDO,62942,,NIFTY,,2026-03-24,2026-03-24,27250.0,CE,NIFTY2632427250CE,1.6,2.5,0.7,0.9,0.75,0.9,23002.15,0.9,24115,3055,4183,7409476808.5,2176,F1,65,,,,,
2026-03-19,2026-03-19,FO,NSE,IDO,62984,,NIFTY,,2026-03-24,2026-03-24,27550.0,CE,NIFTY2632427550CE,0.8,2.0,0.65,0.85,0.7,0.85,23002.15,0.85,1192490,464100,87096,155972766277.25,13128,F1,65,,,,,
2026-03-19,2026-03-19,FO,NSE,IDO,54415,,NIFTY,,2026-03-30,2026-03-30,20850.0,CE,NIFTY26MAR20850CE,0.0,0.0,0.0,5397.75,0.0,5397.75,23002.15,2186.7,0,0,0,0.0,0,F1,65,,,,,
2026-03-19,2026-03-19,FO,NSE,IDO,54445,,NIFTY,,2026-03-30,2026-03-30,21650.0,CE,NIFTY26MAR21650CE,1526.9,1536.65,1526.9,1531.8,1536.65,2076.4,23002.15,1531.8,455,0,2,3013630.75,2,F1,65,,,,,
2026-03-19,2026-03-19,FO,NSE,IDO,54466,,NIFTY,,2026-03-30,2026-03-30,22200.0,CE,NIFTY26MAR22200CE,1209.95,1210.0,900.9,951.5,1027.0,1624.8,23002.15,951.5,2470,1235,41,62108143.5,28,F1,65,,,,,
2026-03-19,2026-03-19,FO,NSE,IDO,55322,,NIFTY,,2026-12-29,2026-12-29,16500.0,CE,NIFTY26DEC16500CE,0.0,0.0,0.0,10405.0,0.0,10405.0,23002.15,7196.15,0,0,0,0.0,0,F1,65,,,,,
2026-03-19,2026-03-19,FO,NSE,IDO,58640,,NIFTY,,2026-12-29,2026-12-29,18000.0,CE,NIFTY26DEC18000CE,0.0,0.0,0.0,4501.45,0.0,4501.45,23002.15,5763.95,0,0,0,0.0,0,F1,65,,,,,
2026-03-19,2026-03-19,FO,NSE,IDO,71540,,NIFTY,,2027-06-29,2027-06-29,15000.0,CE,NIFTY27JUN15000CE,0.0,0.0,0.0,5367.85,0.0,5367.85,23002.15,9021.7,0,0,0,0.0,0,F1,65,,,,,
2026-03-19,2026-03-19,FO,NSE,IDO,55368,,NIFTY,,2027-06-29,2027-06-29,16500.0,CE,NIFTY27JUN16500CE,0.0,0.0,0.0,10867.2,0.0,10867.2,23002.15,7626.35,0,0,0,0.0,0,F1,65,,,,,
2026-03-19,2026-03-19,FO,NSE,IDO,71547,,NIFTY,,2027-06-29,2027-06-29,18000.0,CE,NIFTY27JUN18000CE,0.0,0.0,0.0,4066.45,0.0,4066.45,23002.15,6243.6,0,0,0,0.0,0,F1,65,,,,,
2026-03-19,2026-03-19,FO,NSE,IDO,55384,,NIFTY,,2027-06-29,2027-06-29,34500.0,CE,NIFTY27JUN34500CE,0.0,0.0,0.0,304.2,0.0,304.2,23002.15,17.6,0,0,0,0.0,0,F1,65,,,,,
2026-03-19,2026-03-19,FO,NSE,IDO,55422,,NIFTY,,2027-12-28,2027-12-28,19500.0,CE,NIFTY27DEC19500CE,0.0,0.0,0.0,8684.7,0.0,8684.7,23002.15,5424.45,0,0,0,0.0,0,F1,65,,,,,
2026-03-19,2026-03-19,FO,NSE,IDO,55430,,NIFTY,,2027-12-28,2027-12-28,31500.0,CE,NIFTY27DEC31500CE,0.0,0.0,0.0,720.0,720.0,720.0,23002.15,237.75,0,0,0,0.0,0,F1,65,,,,,
2026-03-19,2026-03-19,FO,NSE,IDO,86145,,NIFTY,,2028-06-27,2028-06-27,21000.0,CE,NIFTY28JUN21000CE,0.0,0.0,0.0,5226.55,0.0,5226.55,23002.15,4763.7,0,0,0,0.0,0,F1,65,,,,,
2026-03-19,2026-03-19,FO,NSE,IDO,35352,,NIFTY,,2028-06-27,2028-06-27,30000.0,CE,NIFTY28JUN30000CE,0.0,0.0,0.0,2278.45,0.0,2278.45,23002.15,695.8,0,0,0,0.0,0,F1,65,,,,,
2026-03-19,2026-03-19,FO,NSE,IDO,55480,,NIFTY,,2028-06-27,2028-06-27,31500.0,CE,NIFTY28JUN31500CE,0.0,0.0,0.0,1784.8,0.0,1784.8,23002.15,460.9,0,0,0,0.0,0,F1,65,,,,,
2026-03-19,2026-03-19,FO,NSE,IDO,55482,,NIFTY,,2028-06-27,2028-06-27,34500.0,CE,NIFTY28JUN34500CE,0.0,0.0,0.0,1003.35,0.0,1003.35,23002.15,190.45,0,0,0,0.0,0,F1,65,,,,,
2026-03-19,2026-03-19,FO,NSE,IDO,67782,,NIFTY,,2028-12-26,2028-12-26,24000.0,CE,NIFTY28DEC24000CE,0.0,0.0,0.0,5850.3,0.0,5850.3,23002.15,3343.6,0,0,0,0.0,0,F1,65,,,,,
2026-03-19,2026-03-19,FO,NSE,IDO,55522,,NIFTY,,2028-12-26,2028-12-26,25500.0,CE,NIFTY28DEC25500CE,0.0,0.0,0.0,5309.05,0.0,5309.05,23002.15,2572.35,0,0,0,0.0,0,F1,65,,,,,
2026-03-19,2026-03-19,FO,NSE,IDO,62630,,NIFTY,,2026-03-24,2026-03-24,24100.0,CE,NIFTY2632424100CE,20.0,24.95,13.25,16.85,19.9,77.15,23002.15,16.85,2670720,58630,460654,722136118453.75,189790,F1,65,,,,,
2026-03-19,2026-03-19,FO,NSE,IDO,62660,,NIFTY,,2026-03-24,2026-03-24,24350.0,CE,NIFTY2632424350CE,12.0,12.7,8.0,9.65,10.3,31.55,23002.15,9.65,980915,212095,200765,317886834053.75,78977,F1,65,,,,,
2026-03-19,2026-03-19,FO,NSE,IDO,62690,,NIFTY,,2026-03-24,2026-03-24,24850.0,CE,NIFTY2632424850CE,6.25,6.25,2.8,3.4,3.25,6.55,23002.15,3.4,691990,287950,69442,112183699381.0,22090,F1,65,,,,,
2026-03-19,2026-03-19,FO,NSE,IDO,62600,,NIFTY,,2026-03-24,2026-03-24,23600.0,CE,NIFTY2632423600CE,82.5,119.25,44.8,60.8,77.0,317.8,23002.15,60.8,2933125,912275,782622,1204565115416.0,446004,F1,65,,,,,
2026-03-19,2026-03-19,FO,NSE,IDO,62596,,NIFTY,,2026-03-24,2026-03-24,23500.0,CE,NIFTY2632423500CE,131.9,161.6,59.55,82.1,102.2,386.7,23002.15,82.1,4436510,2939950,1277695,1960296837304.0,721505,F1,65,,,,,
2026-03-19,2026-03-19,FO,NSE,IDO,62383,,NIFTY,,2026-03-24,2026-03-24,22100.0,CE,NIFTY2632422100CE,1167.35,1167.35,876.35,982.45,1029.05,1397.75,23002.15,982.45,2925,2795,147,220448445.75,69,F1,65,,,,,
2026-03-19,2026-03-19,FO,NSE,IDO,62328,,NIFTY,,2026-03-24,2026-03-24,21250.0,CE,NIFTY2632421250CE,0.0,0.0,0.0,2196.35,2188.95,2196.35,23002.15,1768.15,0,0,0,0.0,0,F1,65,,,,,
2026-03-19,2026-03-19,FO,NSE,IDO,62324,,NIFTY,,2026-03-24,2026-03-24,21150.0,CE,NIFTY2632421150CE,0.0,0.0,0.0,2290.05,2285.35,2290.05,23002.15,1868.1,65,0,0,0.0,0,F1,65,,,,,
2026-03-19,2026-03-19,FO,NSE,IDO,55767,,NIFTY,,2030-12-31,2030-12-31,33000.0,PE,NIFTY30DEC33000PE,0.0,0.0,0.0,2387.3,0.0,2387.3,23002.15,4112.8,0,0,0,0.0,0,F1,65,,,,,
2026-03-19,2026-03-19,FO,NSE,IDO,55763,,NIFTY,,2030-12-31,2030-12-31,30000.0,PE,NIFTY30DEC30000PE,0.0,0.0,0.0,1450.1,0.0,1450.1,23002.15,2672.35,0,0,0,0.0,0,F1,65,,,,,
2026-03-19,2026-03-19,FO,NSE,IDO,55697,,NIFTY,,2030-12-31,2030-12-31,16500.0,PE,NIFTY30DEC16500PE,0.0,0.0,0.0,13.65,0.0,13.65,23002.15,35.35,0,0,0,0.0,0,F1,65,,,,,
2026-03-19,2026-03-19,FO,NSE,IDO,61391,,NIFTY,,2029-12-24,2029-12-24,18000.0,PE,NIFTY29DEC18000PE,0.0,0.0,0.0,96.5,0.0,96.5,23002.15,73.0,0,0,0,0.0,0,F1,65,,,,,
2026-03-19,2026-03-19,FO,NSE,IDO,89635,,NIFTY,,2029-06-26,2029-06-26,26000.0,PE,NIFTY29JUN26000PE,0.0,0.0,0.0,900.0,900.0,900.0,23002.15,1545.0,50,0,0,0.0,0,F1,65,,,,,
2026-03-19,2026-03-19,FO,NSE,IDO,55561,,NIFTY,,2029-06-26,2029-06-26,22500.0,PE,NIFTY29JUN22500PE,0.0,0.0,0.0,224.45,0.0,224.45,23002.15,548.55,0,0,0,0.0,0,F1,65,,,,,
2026-03-19,2026-03-19,FO,NSE,IDO,67771,,NIFTY,,2028-12-26,2028-12-26,18000.0,PE,NIFTY28DEC18000PE,0.0,0.0,0.0,250.0,250.0,250.0,23002.15,57.85,75,0,0,0.0,0,F1,65,,,,,
2026-03-19,2026-03-19,FO,NSE,IDO,55439,,NIFTY,,2027-12-28,2027-12-28,34500.0,PE,NIFTY27DEC34500PE,0.0,0.0,0.0,5258.65,0.0,5258.65,23002.15,8360.65,0,0,0,0.0,0,F1,65,,,,,
2026-03-19,2026-03-19,FO,NSE,IDO,55427,,NIFTY,,2027-12-28,2027-12-28,25500.0,PE,NIFTY27DEC25500PE,0.0,0.0,0.0,676.05,0.0,676.05,23002.15,1680.6,0,0,0,0.0,0,F1,65,,,,,
2026-03-19,2026-03-19,FO,NSE,IDO,50984,,NIFTY,,2027-06-29,2027-06-29,27000.0,PE,NIFTY27JUN27000PE,0.0,0.0,0.0,6273.45,0.0,6273.45,23002.15,2767.3,0,0,0,0.0,0,F1,65,,,,,
2026-03-19,2026-03-19,FO,NSE,IDO,71504,,NIFTY,,2026-12-29,2026-12-29,25000.0,PE,NIFTY26DEC25000PE,1389.3,1691.75,1389.3,1589.7,1556.05,1189.8,23002.15,1589.7,1056285,-22950,2751,4745149490.25,1658,F1,65,,,,,
2026-03-19,2026-03-19,FO,NSE,IDO,58645,,NIFTY,,2026-12-29,2026-12-29,20000.0,PE,NIFTY26DEC20000PE,260.05,312.9,255.15,296.4,292.1,209.95,23002.15,296.4,304445,24630,2193,2891161965.25,999,F1,65,,,,,
2026-03-19,2026-03-19,FO,NSE,IDO,58639,,NIFTY,,2026-12-29,2026-12-29,17000.0,PE,NIFTY26DEC17000PE,81.7,108.0,81.7,104.4,101.05,84.25,23002.15,104.4,22480,325,267,296789902.5,107,F1,65,,,,,
2026-03-19,2026-03-19,FO,NSE,IDO,55293,,NIFTY,,2026-09-29,2026-09-29,34500.0,PE,NIFTY26SEP34500PE,0.0,0.0,0.0,7064.95,0.0,7064.95,23002.15,10503.95,0,0,0,0.0,0,F1,65,,,,,
2026-03-19,2026-03-19,FO,NSE,IDO,65924,,NIFTY,,2026-09-29,2026-09-29,30000.0,PE,NIFTY26SEP30000PE,0.0,0.0,0.0,2600.0,2600.0,2600.0,23002.15,6139.3,65,0,0,0.0,0,F1,65,,,,,
2026-03-19,2026-03-19,FO,NSE,IDO,55289,,NIFTY,,2026-09-29,2026-09-29,28500.0,PE,NIFTY26SEP28500PE,0.0,0.0,0.0,2027.55,0.0,2027.55,23002.15,4702.15,0,0,0,0.0,0,F1,65,,,,,
2026-03-19,2026-03-19,FO,NSE,IDO,65899,,NIFTY,,2026-09-29,2026-09-29,23000.0,PE,NIFTY26SEP23000PE,655.0,856.0,655.0,808.1,771.15,538.65,23002.15,808.1,449405,17615,2155,3323757966.75,1310,F1,65,,,,,
2026-03-19,2026-03-19,FO,NSE,IDO,47189,,NIFTY,,2026-06-30,2026-06-30,33000.0,PE,NIFTY26JUN33000PE,0.0,0.0,0.0,5977.5,0.0,5977.5,23002.15,9489.65,0,0,0,0.0,0,F1,65,,,,,
2026-03-19,2026-03-19,FO,NSE,IDO,58627,,NIFTY,,2026-06-30,2026-06-30,22000.0,PE,NIFTY26JUN22000PE,343.0,473.4,341.05,445.8,421.9,256.05,23002.15,445.8,588025,-31950,8980,13070601466.0,6028,F1,65,,,,,
2026-03-19,2026-03-19,FO,NSE,IDO,55182,,NIFTY,,2026-06-30,2026-06-30,16500.0,PE,NIFTY26JUN16500PE,0.0,0.0,0.0,20.05,20.05,20.05,23002.15,0.05,3640,0,0,0.0,0,F1,65,,,,,
2026-03-19,2026-03-19,FO,NSE,IDO,72618,,NIFTY,,2026-05-26,2026-05-26,26950.0,PE,NIFTY26MAY26950PE,0.0,0.0,0.0,3394.1,3394.1,3394.1,23002.15,3675.2,65,0,0,0.0,0,F1,65,,,,,
2026-03-19,2026-03-19,FO,NSE,IDO,72606,,NIFTY,,2026-05-26,2026-05-26,26800.0,PE,NIFTY26MAY26800PE,0.0,0.0,0.0,2997.55,2997.55,2997.55,23002.15,3527.45,130,0,0,0.0,0,F1,65,,,,,
2026-03-19,2026-03-19,FO,NSE,IDO,72380,,NIFTY,,2026-05-26,2026-05-26,25950.0,PE,NIFTY26MAY25950PE,0.0,0.0,0.0,2237.3,2237.3,2237.3,23002.15,2697.3,130,0,0,0.0,0,F1,65,,,,,
2026-03-19,2026-03-19,FO,NSE,IDO,72376,,NIFTY,,2026-05-26,2026-05-26,25850.0,PE,NIFTY26MAY25850PE,0.0,0.0,0.0,2149.55,2149.55,2149.55,23002.15,2600.95,325,0,0,0.0,0,F1,65,,,,,
2026-03-19,2026-03-19,FO,NSE,IDO,62922,,NIFTY,,2026-03-30,2026-03-30,23000.0,CE,NIFTY26MAR23000CE,450.0,609.2,352.35,403.3,455.35,880.35,23002.15,403.3,1987495,508540,77659,118360903037.0,56322,F1,65,,,,,
2026-03-19,2026-03-19,FO,NSE,IDO,54540,,NIFTY,,2026-03-30,2026-03-30,24100.0,CE,NIFTY26MAR24100CE,56.95,63.9,37.85,44.7,52.9,153.2,23002.15,44.7,795145,200070,52414,82278853543.25,36964,F1,65,,,,,
2026-03-19,2026-03-19,FO,NSE,IDO,54569,,NIFTY,,2026-03-30,2026-03-30,24800.0,PE,NIFTY26MAR24800PE,1449.95,1860.4,1449.95,1748.3,1690.0,1036.2,23002.15,1748.3,466050,-23270,802,1375418235.75,607,F1,65,,,,,
2026-03-19,2026-03-19,FO,NSE,IDO,67794,,NIFTY,,2028-12-26,2028-12-26,30000.0,CE,NIFTY28DEC30000CE,1650.0,1650.0,1650.0,1650.0,1650.0,1749.0,23002.15,1034.6,8435,-65,1,2057250.0,1,F1,65,,,,,
2026-03-19,2026-03-19,FO,NSE,IDO,55526,,NIFTY,,2028-12-26,2028-12-26,31500.0,CE,NIFTY28DEC31500CE,0.0,0.0,0.0,2327.6,0.0,2327.6,23002.15,736.35,0,0,0,0.0,0,F1,65,,,,,
2026-03-19,2026-03-19,FO,NSE,IDO,55566,,NIFTY,,2029-06-26,2029-06-26,31500.0,CE,NIFTY29JUN31500CE,0.0,0.0,0.0,2878.65,0.0,2878.65,23002.15,1050.75,0,0,0,0.0,0,F1,65,,,,,
2026-03-19,2026-03-19,FO,NSE,IDO,62284,,NIFTY,,2026-03-24,2026-03-24,21050.0,PE,NIFTY2632421050PE,6.6,15.4,4.65,11.2,10.2,4.05,23002.15,11.2,305695,180180,72291,98949900279.75,31216,F1,65,,,,,
2026-03-19,2026-03-19,FO,NSE,IDO,62288,,NIFTY,,2026-03-24,2026-03-24,21100.0,PE,NIFTY2632421100PE,12.0,24.25,5.0,11.4,10.95,4.25,23002.15,11.4,523900,185705,108584,148983653984.75,46381,F1,65,,,,,
2026-03-19,2026-03-19,FO,NSE,IDO,62329,,NIFTY,,2026-03-24,2026-03-24,21250.0,PE,NIFTY2632421250PE,10.15,18.3,6.3,13.45,12.9,4.9,23002.15,13.45,256555,135005,60626,83780494668.0,30277,F1,65,,,,,
2026-03-19,2026-03-19,FO,NSE,IDO,62331,,NIFTY,,2026-03-24,2026-03-24,21300.0,PE,NIFTY2632421300PE,15.0,19.5,6.0,14.05,13.55,5.2,23002.15,14.05,742235,148655,138840,192320937666.0,57797,F1,65,,,,,
2026-03-19,2026-03-19,FO,NSE,IDO,62343,,NIFTY,,2026-03-24,2026-03-24,21400.0,PE,NIFTY2632421400PE,12.05,21.6,8.1,16.45,15.3,5.8,23002.15,16.45,699270,-245505,140888,196082947775.0,53845,F1,65,,,,,
2026-03-19,2026-03-19,FO,NSE,IDO,62376,,NIFTY,,2026-03-24,2026-03-24,21900.0,PE,NIFTY2632421900PE,25.1,44.5,17.95,35.85,34.4,10.1,23002.15,35.85,915135,-65390,250977,357689114233.75,127788,F1,65,,,,,
2026-03-19,2026-03-19,FO,NSE,IDO,62380,,NIFTY,,2026-03-24,2026-03-24,22000.0,PE,NIFTY2632422000PE,30.0,52.8,20.9,43.05,40.65,11.65,23002.15,43.05,5653050,1562340,886460,1269455974624.5,358521,F1,65,,,,,
2026-03-19,2026-03-19,FO,NSE,IDO,62574,,NIFTY,,2026-03-24,2026-03-24,23050.0,PE,NIFTY2632423050PE,139.4,335.95,121.05,273.05,251.2,54.35,23002.15,273.05,957580,210665,537665,812733122548.75,391230,F1,65,,,,,
2026-03-19,2026-03-19,FO,NSE,IDO,62604,,NIFTY,,2026-03-24,2026-03-24,23650.0,PE,NIFTY2632423650PE,400.0,775.2,374.75,671.2,629.15,168.7,23002.15,671.2,420875,-975975,51605,80917054273.25,30601,F1,65,,,,,
2026-03-19,2026-03-19,FO,NSE,IDO,72309,,NIFTY,,2026-05-26,2026-05-26,25250.0,PE,NIFTY26MAY25250PE,1947.05,1956.65,1947.05,1951.85,1956.65,1708.2,23002.15,1951.85,1105,0,2,3536240.5,2,F1,65,,,,,
2026-03-19,2026-03-19,FO,NSE,IDO,72287,,NIFTY,,2026-05-26,2026-05-26,24700.0,PE,NIFTY26MAY24700PE,1379.0,1603.7,1371.05,1602.2,1603.7,970.9,23002.15,1602.2,33735,-65,19,32249698.0,17,F1,65,,,,,
2026-03-19,2026-03-19,FO,NSE,IDO,72188,,NIFTY,,2026-05-26,2026-05-26,24200.0,PE,NIFTY26MAY24200PE,1047.45,1311.3,986.15,1257.5,1178.85,732.9,23002.15,1257.5,23920,65,187,307126173.25,152,F1,65,,,,,
2026-03-19,2026-03-19,FO,NSE,IDO,72142,,NIFTY,,2026-05-26,2026-05-26,23550.0,PE,NIFTY26MAY23550PE,747.0,952.6,747.0,952.6,952.6,495.9,23002.15,694.85,975,455,22,34811260.25,15,F1,65,,,,,
2026-03-19,2026-03-19,FO,NSE,IDO,71980,,NIFTY,,2026-05-26,2026-05-26,23250.0,PE,NIFTY26MAY23250PE,591.85,810.85,591.85,810.85,810.85,423.75,23002.15,528.75,975,-390,25,38826388.25,17,F1,65,,,,,
2026-03-19,2026-03-19,FO,NSE,IDO,71892,,NIFTY,,2026-05-26,2026-05-26,23000.0,PE,NIFTY26MAY23000PE,505.3,713.7,451.0,663.55,628.4,367.25,23002.15,663.55,383500,4225,6163,9449535702.75,4917,F1,65,,,,,
2026-03-19,2026-03-19,FO,NSE,IDO,71890,,NIFTY,,2026-05-26,2026-05-26,22950.0,PE,NIFTY26MAY22950PE,506.1,681.6,496.4,664.6,645.4,353.7,23002.15,664.6,1495,-1495,50,76379501.25,38,F1,65,,,,,
2026-03-19,2026-03-19,FO,NSE,IDO,71799,,NIFTY,,2026-05-26,2026-05-26,22000.0,PE,NIFTY26MAY22000PE,311.65,415.0,284.15,390.95,366.7,210.9,23002.15,390.95,226785,23205,4913,7135309402.0,3529,F1,65,,,,,
2026-03-19,2026-03-19,FO,NSE,IDO,71746,,NIFTY,,2026-05-26,2026-05-26,21200.0,PE,NIFTY26MAY21200PE,0.0,0.0,0.0,1.35,0.0,1.35,23002.15,28.4,0,0,0,0.0,0,F1,65,,,,,
2026-03-19,2026-03-19,FO,NSE,IDO,71740,,NIFTY,,2026-05-26,2026-05-26,21100.0,PE,NIFTY26MAY21100PE,0.0,0.0,0.0,1.05,0.0,1.05,23002.15,23.2,0,0,0,0.0,0,F1,65,,,,,
2026-03-19,2026-03-19,FO,NSE,IDO,72423,,NIFTY,,2026-04-28,2026-04-28,25600.0,PE,NIFTY26APR25600PE,2160.1,2480.55,2128.1,2462.1,2443.4,1695.0,23002.15,2462.1,45435,-1560,49,88782996.25,39,F1,65,,,,,
2026-03-19,2026-03-19,FO,NSE,IDO,72326,,NIFTY,,2026-04-28,2026-04-28,24500.0,PE,NIFTY26APR24500PE,888.0,1548.95,888.0,1462.0,1393.1,842.95,23002.15,1462.0,851500,-11050,2792,4678598288.0,2185,F1,65,,,,,
2026-03-19,2026-03-19,FO,NSE,IDO,40693,,NIFTY,,2026-04-07,2026-04-07,21800.0,PE,NIFTY2640721800PE,45.7,45.7,45.7,45.7,45.7,0.3,23002.15,7.95,65,65,1,1419970.5,1,F1,65,,,,,
2026-03-19,2026-03-19,FO,NSE,IDO,40667,,NIFTY,,2026-04-07,2026-04-07,21400.0,PE,NIFTY2640721400PE,0.0,0.0,0.0,0.05,0.0,0.05,23002.15,1.4,0,0,0,0.0,0,F1,65,,,,,
2026-03-19,2026-03-19,FO,NSE,IDO,40639,,NIFTY,,2026-04-07,2026-04-07,20950.0,PE,NIFTY2640720950PE,0.0,0.0,0.0,0.05,0.0,0.05,23002.15,0.1,0,0,0,0.0,0,F1,65,,,,,
2026-03-19,2026-03-19,FO,NSE,IDO,40637,,NIFTY,,2026-04-07,2026-04-07,20900.0,PE,NIFTY2640720900PE,0.0,0.0,0.0,0.05,0.0,0.05,23002.15,0.1,0,0,0,0.0,0,F1,65,,,,,
2026-03-19,2026-03-19,FO,NSE,IDO,54753,,NIFTY,,2026-03-30,2026-03-30,27600.0,PE,NIFTY26MAR27600PE,0.0,0.0,0.0,4350.0,4350.0,4350.0,23002.15,4552.15,2990,0,0,0.0,0,F1,65,,,,,
2026-03-19,2026-03-19,FO,NSE,IDO,54639,,NIFTY,,2026-03-30,2026-03-30,26100.0,PE,NIFTY26MAR26100PE,2813.7,3150.0,2774.4,3084.45,3064.7,2304.85,23002.15,3084.45,165945,-2275,51,96158864.75,39,F1,65,,,,,
2026-03-19,2026-03-19,FO,NSE,IDO,54611,,NIFTY,,2026-03-30,2026-03-30,25650.0,PE,NIFTY26MAR25650PE,2390.2,2650.0,2390.0,2640.9,2614.0,1873.05,23002.15,2640.9,28275,-1105,22,40264786.25,15,F1,65,,,,,
2026-03-19,2026-03-19,FO,NSE,IDO,54555,,NIFTY,,2026-03-30,2026-03-30,24450.0,PE,NIFTY26MAR24450PE,1172.25,1514.45,1111.6,1453.65,1328.25,721.0,23002.15,1453.65,64220,-5655,170,283871380.0,119,F1,65,,,,,
2026-03-19,2026-03-19,FO,NSE,IDO,54523,,NIFTY,,2026-03-30,2026-03-30,23600.0,PE,NIFTY26MAR23600PE,431.0,777.2,420.75,686.05,640.45,235.2,23002.15,686.05,569530,-379665,22139,34716155194.5,15859,F1,65,,,,,
2026-03-19,2026-03-19,FO,NSE,IDO,54515,,NIFTY,,2026-03-30,2026-03-30,23400.0,PE,NIFTY26MAR23400PE,290.0,636.1,290.0,545.3,506.55,181.2,23002.15,545.3,911365,-383695,53531,82895448418.25,37194,F1,65,,,,,
2026-03-19,2026-03-19,FO,NSE,IDO,54513,,NIFTY,,2026-03-30,2026-03-30,23350.0,PE,NIFTY26MAR23350PE,310.0,605.0,303.8,515.5,493.85,170.35,23002.15,515.5,135915,-65780,15338,23670162057.75,10598,F1,65,,,,,
2026-03-19,2026-03-19,FO,NSE,IDO,54511,,NIFTY,,2026-03-30,2026-03-30,23300.0,PE,NIFTY26MAR23300PE,273.0,575.0,273.0,492.05,450.8,159.2,23002.15,492.05,977990,-172835,110133,169554768958.25,79547,F1,65,,,,,
2026-03-19,2026-03-19,FO,NSE,IDO,62923,,NIFTY,,2026-03-30,2026-03-30,23000.0,PE,NIFTY26MAR23000PE,210.25,415.0,189.7,352.2,324.45,109.2,23002.15,352.2,3904165,-1435480,242948,367718042818.75,156781,F1,65,,,,,
2026-03-19,2026-03-19,FO,NSE,IDO,54493,,NIFTY,,2026-03-30,2026-03-30,22850.0,PE,NIFTY26MAR22850PE,200.0,346.75,171.75,291.7,274.0,92.5,23002.15,291.7,135330,-24115,14685,22044481598.75,11439,F1,65,,,,,
2026-03-19,2026-03-19,FO,NSE,IDO,62921,,NIFTY,,2026-03-30,2026-03-30,22000.0,PE,NIFTY26MAR22000PE,68.65,127.45,58.5,107.0,100.0,36.2,23002.15,107.0,5161020,866900,168025,241216076179.0,81887,F1,65,,,,,
2026-03-19,2026-03-19,FO,NSE,IDO,54450,,NIFTY,,2026-03-30,2026-03-30,21750.0,PE,NIFTY26MAR21750PE,52.4,94.4,45.35,79.0,75.4,28.85,23002.15,79.0,208780,-26845,10879,15424514134.25,6613,F1,65,,,,,
2026-03-19,2026-03-19,FO,NSE,IDO,54448,,NIFTY,,2026-03-30,2026-03-30,21700.0,PE,NIFTY26MAR21700PE,0.0,0.0,0.0,1.25,0.0,1.25,23002.15,0.7,0,0,0,0.0,0,F1,65,,,,,
2026-03-19,2026-03-19,FO,NSE,IDO,54438,,NIFTY,,2026-03-30,2026-03-30,21450.0,PE,NIFTY26MAR21450PE,40.4,68.2,32.6,56.45,55.0,22.45,23002.15,56.45,50570,1235,4460,6231516258.5,3173,F1,65,,,,,
2026-03-19,2026-03-19,FO,NSE,IDO,54428,,NIFTY,,2026-03-30,2026-03-30,21200.0,PE,NIFTY26MAR21200PE,34.0,52.2,25.8,43.5,44.1,18.3,23002.15,43.5,124800,97500,8393,11584166581.0,4802,F1,65,,,,,
2026-03-19,2026-03-19,FO,NSE,IDO,54422,,NIFTY,,2026-03-30,2026-03-30,21050.0,PE,NIFTY26MAR21050PE,31.25,46.0,22.3,38.3,38.9,16.8,23002.15,38.3,28340,18590,4706,6448269974.25,3518,F1,65,,,,,
2026-03-19,2026-03-19,FO,NSE,IDO,62919,,NIFTY,,2026-03-30,2026-03-30,21000.0,PE,NIFTY26MAR21000PE,29.4,44.65,20.95,36.8,35.35,16.45,23002.15,36.8,3500205,-53985,95939,131137445656.75,49200,F1,65,,,,,
2026-03-19,2026-03-19,FO,NSE,IDO,62983,,NIFTY,,2026-03-24,2026-03-24,27500.0,PE,NIFTY2632427500PE,0.0,0.0,0.0,3718.25,3718.25,3718.25,23002.15,4477.15,715,0,0,0.0,0,F1,65,,,,,
2026-03-19,2026-03-19,FO,NSE,IDO,62934,,NIFTY,,2026-03-24,2026-03-24,27100.0,PE,NIFTY2632427100PE,0.0,0.0,0.0,3430.0,3430.0,3430.0,23002.15,4077.45,3445,0,0,0.0,0,F1,65,,,,,
2026-03-19,2026-03-19,FO,NSE,IDO,62717,,NIFTY,,2026-03-24,2026-03-24,25150.0,PE,NIFTY2632425150PE,0.0,0.0,0.0,1303.2,1303.2,1303.2,23002.15,2128.9,1430,0,0,0.0,0,F1,65,,,,,
2026-03-19,2026-03-19,FO,NSE,IDO,72408,,NIFTY,,2026-04-28,2026-04-28,25500.0,PE,NIFTY26APR25500PE,1966.25,2406.5,1966.2,2322.25,2237.9,1619.2,23002.15,2322.25,513240,-6110,679,1223229237.75,436,F1,65,,,,,
2026-03-19,2026-03-19,FO,NSE,IDO,72761,,NIFTY,,2026-04-28,2026-04-28,27550.0,PE,NIFTY26APR27550PE,0.0,0.0,0.0,4148.6,4148.6,4148.6,23002.15,4382.3,195,0,0,0.0,0,F1,65,,,,,
2026-03-19,2026-03-19,FO,NSE,IDO,71849,,NIFTY,,2026-05-26,2026-05-26,22450.0,PE,NIFTY26MAY22450PE,0.0,0.0,0.0,15.2,0.0,15.2,23002.15,215.4,0,0,0,0.0,0,F1,65,,,,,
2026-03-19,2026-03-19,FO,NSE,IDO,71868,,NIFTY,,2026-05-26,2026-05-26,22550.0,PE,NIFTY26MAY22550PE,0.0,0.0,0.0,17.95,0.0,17.95,23002.15,244.6,0,0,0,0.0,0,F1,65,,,,,
2026-03-19,2026-03-19,FO,NSE,IDO,71884,,NIFTY,,2026-05-26,2026-05-26,22800.0,PE,NIFTY26MAY22800PE,460.7,636.75,457.0,595.55,564.95,324.85,23002.15,595.55,20085,10010,636,965886515.75,397,F1,65,,,,,
2026-03-19,2026-03-19,FO,NSE,IDO,71886,,NIFTY,,2026-05-26,2026-05-26,22850.0,PE,NIFTY26MAY22850PE,0.0,0.0,0.0,28.9,0.0,28.9,23002.15,348.85,0,0,0,0.0,0,F1,65,,,,,
2026-03-19,2026-03-19,FO,NSE,IDO,72016,,NIFTY,,2026-05-26,2026-05-26,23400.0,PE,NIFTY26MAY23400PE,640.0,877.55,620.0,811.3,782.65,457.4,23002.15,811.3,10855,1755,299,468573859.0,236,F1,65,,,,,
2026-03-19,2026-03-19,FO,NSE,IDO,72166,,NIFTY,,2026-05-26,2026-05-26,23650.0,PE,NIFTY26MAY23650PE,758.35,898.35,758.35,889.35,889.35,508.4,23002.15,755.95,2600,1235,41,65185282.5,40,F1,65,,,,,
2026-03-19,2026-03-19,FO,NSE,IDO,72240,,NIFTY,,2026-05-26,2026-05-26,24300.0,PE,NIFTY26MAY24300PE,1064.35,1086.0,1059.55,1084.35,1084.35,777.0,23002.15,1216.25,6305,650,41,67614443.0,23,F1,65,,,,,
2026-03-19,2026-03-19,FO,NSE,IDO,72291,,NIFTY,,2026-05-26,2026-05-26,24800.0,PE,NIFTY26MAY24800PE,1250.0,1686.85,1249.95,1633.45,1575.55,1040.95,23002.15,1633.45,37635,-65,56,95646824.0,52,F1,65,,,,,
2026-03-19,2026-03-19,FO,NSE,IDO,72293,,NIFTY,,2026-05-26,2026-05-26,24850.0,PE,NIFTY26MAY24850PE,1459.0,1728.1,1459.0,1728.1,1728.1,1127.1,23002.15,1728.1,2340,-325,6,10284907.75,6,F1,65,,,,,
2026-03-19,2026-03-19,FO,NSE,IDO,72295,,NIFTY,,2026-05-26,2026-05-26,24900.0,PE,NIFTY26MAY24900PE,1430.0,1681.25,1429.95,1653.5,1653.5,1109.5,23002.15,1718.5,9750,-390,17,29221052.25,17,F1,65,,,,,
2026-03-19,2026-03-19,FO,NSE,IDO,72319,,NIFTY,,2026-05-26,2026-05-26,25400.0,PE,NIFTY26MAY25400PE,0.0,0.0,0.0,1635.9,1635.9,1635.9,23002.15,2173.95,7085,0,0,0.0,0,F1,65,,,,,
2026-03-19,2026-03-19,FO,NSE,IDO,72592,,NIFTY,,2026-05-26,2026-05-26,26500.0,PE,NIFTY26MAY26500PE,2850.0,3150.0,2850.0,3150.0,3150.0,2435.0,23002.15,3150.0,7475,910,18,34442395.0,16,F1,65,,,,,
2026-03-19,2026-03-19,FO,NSE,IDO,72624,,NIFTY,,2026-05-26,2026-05-26,27100.0,PE,NIFTY26MAY27100PE,0.0,0.0,0.0,3531.95,3531.95,3531.95,23002.15,3823.1,65,0,0,0.0,0,F1,65,,,,,
2026-03-19,2026-03-19,FO,NSE,IDO,50444,,NIFTY,,2026-06-30,2026-06-30,14000.0,PE,NIFTY26JUN14000PE,18.0,20.6,16.85,20.35,20.5,14.15,23002.15,20.35,25465,8255,282,256968143.25,82,F1,65,,,,,
2026-03-19,2026-03-19,FO,NSE,IDO,50557,,NIFTY,,2026-06-30,2026-06-30,18000.0,PE,NIFTY26JUN18000PE,65.0,82.0,55.0,75.85,75.0,45.95,23002.15,75.85,156195,-1820,2063,2422552499.25,971,F1,65,,,,,
2026-03-19,2026-03-19,FO,NSE,IDO,55189,,NIFTY,,2026-06-30,2026-06-30,25500.0,PE,NIFTY26JUN25500PE,1840.0,2278.05,1840.0,2190.2,2119.0,1540.95,23002.15,2190.2,611520,-3900,208,372188631.75,132,F1,65,,,,,
2026-03-19,2026-03-19,FO,NSE,IDO,65888,,NIFTY,,2026-09-29,2026-09-29,18000.0,PE,NIFTY26SEP18000PE,0.0,0.0,0.0,7.25,0.0,7.25,23002.15,1.25,0,0,0,0.0,0,F1,65,,,,,
2026-03-19,2026-03-19,FO,NSE,IDO,58635,,NIFTY,,2026-12-29,2026-12-29,15000.0,PE,NIFTY26DEC15000PE,58.0,77.95,58.0,73.7,68.0,52.4,23002.15,73.7,21080,6370,166,162598653.75,84,F1,65,,,,,
2026-03-19,2026-03-19,FO,NSE,IDO,37810,,NIFTY,,2026-12-29,2026-12-29,23000.0,PE,NIFTY26DEC23000PE,721.1,900.0,721.1,866.95,832.0,609.6,23002.15,866.95,945535,565,4665,7218742891.75,2631,F1,65,,,,,
2026-03-19,2026-03-19,FO,NSE,IDO,71502,,NIFTY,,2026-12-29,2026-12-29,24000.0,PE,NIFTY26DEC24000PE,985.6,1256.35,985.6,1197.4,1149.0,863.55,23002.15,1197.4,987550,10210,4141,6763328315.25,2316,F1,65,,,,,
2026-03-19,2026-03-19,FO,NSE,IDO,35263,,NIFTY,,2027-06-29,2027-06-29,30000.0,PE,NIFTY27JUN30000PE,0.0,0.0,0.0,4562.55,0.0,4562.55,23002.15,5129.15,0,0,0,0.0,0,F1,65,,,,,
2026-03-19,2026-03-19,FO,NSE,IDO,86146,,NIFTY,,2028-06-27,2028-06-27,21000.0,PE,NIFTY28JUN21000PE,0.0,0.0,0.0,907.2,0.0,907.2,23002.15,289.95,0,0,0,0.0,0,F1,65,,,,,
2026-03-19,2026-03-19,FO,NSE,IDO,89607,,NIFTY,,2029-06-26,2029-06-26,15000.0,PE,NIFTY29JUN15000PE,0.0,0.0,0.0,30.9,0.0,30.9,23002.15,7.1,0,0,0,0.0,0,F1,65,,,,,
2026-03-19,2026-03-19,FO,NSE,IDO,61375,,NIFTY,,2029-12-24,2029-12-24,15000.0,PE,NIFTY29DEC15000PE,0.0,0.0,0.0,22.85,0.0,22.85,23002.15,9.25,0,0,0,0.0,0,F1,65,,,,,
2026-03-19,2026-03-19,FO,NSE,IDO,55771,,NIFTY,,2030-12-31,2030-12-31,34500.0,PE,NIFTY30DEC34500PE,0.0,0.0,0.0,2953.45,0.0,2953.45,23002.15,4933.35,0,0,0,0.0,0,F1,65,,,,,
2026-03-19,2026-03-19,FO,NSE,IDO,62711,,NIFTY,,2026-03-24,2026-03-24,25000.0,PE,NIFTY2632425000PE,1650.0,2083.45,1649.7,1928.65,1903.75,1248.85,23002.15,1928.65,426335,-93275,3222,5616780965.25,1991,F1,65,,,,,
2026-03-19,2026-03-19,FO,NSE,IDO,62623,,NIFTY,,2026-03-24,2026-03-24,24000.0,PE,NIFTY2632424000PE,735.0,1104.45,635.05,977.4,931.4,340.5,23002.15,977.4,662220,-312845,34210,55154118123.0,18331,F1,65,,,,,
2026-03-19,2026-03-19,FO,NSE,IDO,62565,,NIFTY,,2026-03-24,2026-03-24,22850.0,PE,NIFTY2632422850PE,102.0,241.6,83.7,199.7,177.95,39.1,23002.15,199.7,617955,94965,307447,459478052900.75,230809,F1,65,,,,,
2026-03-19,2026-03-19,FO,NSE,IDO,54991,,NIFTY,,2026-04-13,2026-04-13,26000.0,PE,NIFTY2641326000PE,0.0,0.0,0.0,2864.45,2864.45,2864.45,23002.15,2900.15,325,0,0,0.0,0,F1,65,,,,,
2026-03-19,2026-03-19,FO,NSE,IDO,63323,,NIFTY,,2026-04-21,2026-04-21,22050.0,PE,NIFTY2642122050PE,0.0,0.0,0.0,26.4,0.0,26.4,23002.15,51.15,0,0,0,0.0,0,F1,65,,,,,
2026-03-19,2026-03-19,FO,NSE,IDO,63338,,NIFTY,,2026-04-21,2026-04-21,22350.0,PE,NIFTY2642122350PE,0.0,0.0,0.0,50.4,0.0,50.4,23002.15,98.95,0,0,0,0.0,0,F1,65,,,,,
2026-03-19,2026-03-19,FO,NSE,IDO,63360,,NIFTY,,2026-04-21,2026-04-21,22700.0,PE,NIFTY2642122700PE,295.5,411.05,295.5,411.05,411.05,98.6,23002.15,191.1,390,325,10,14984745.75,9,F1,65,,,,,
2026-03-19,2026-03-19,FO,NSE,IDO,63389,,NIFTY,,2026-04-21,2026-04-21,23300.0,PE,NIFTY2642123300PE,0.0,0.0,0.0,252.65,0.0,252.65,23002.15,464.3,0,0,0,0.0,0,F1,65,,,,,
2026-03-19,2026-03-19,FO,NSE,IDO,63417,,NIFTY,,2026-04-21,2026-04-21,24000.0,PE,NIFTY2642124000PE,900.0,989.9,878.5,892.75,892.75,545.4,23002.15,965.0,455,195,9,14568706.75,9,F1,65,,,,,
2026-03-19,2026-03-19,FO,NSE,IDO,63485,,NIFTY,,2026-04-21,2026-04-21,25100.0,PE,NIFTY2642125100PE,0.0,0.0,0.0,1416.05,0.0,1416.05,23002.15,1980.0,0,0,0,0.0,0,F1,65,,,,,
2026-03-19,2026-03-19,FO,NSE,IDO,63497,,NIFTY,,2026-04-21,2026-04-21,25350.0,PE,NIFTY2642125350PE,0.0,0.0,0.0,1640.9,0.0,1640.9,23002.15,2225.4,0,0,0,0.0,0,F1,65,,,,,
2026-03-19,2026-03-19,FO,NSE,IDO,71856,,NIFTY,,2026-04-28,2026-04-28,20850.0,PE,NIFTY26APR20850PE,0.0,0.0,0.0,0.65,0.0,0.65,23002.15,2.75,0,0,0,0.0,0,F1,65,,,,,
2026-03-19,2026-03-19,FO,NSE,IDO,71858,,NIFTY,,2026-04-28,2026-04-28,20900.0,PE,NIFTY26APR20900PE,0.0,0.0,0.0,0.75,0.0,0.75,23002.15,3.2,0,0,0,0.0,0,F1,65,,,,,
2026-03-19,2026-03-19,FO,NSE,IDO,71876,,NIFTY,,2026-04-28,2026-04-28,21150.0,PE,NIFTY26APR21150PE,0.0,0.0,0.0,1.35,0.0,1.35,23002.15,7.0,0,0,0,0.0,0,F1,65,,,,,
2026-03-19,2026-03-19,FO,NSE,IDO,71894,,NIFTY,,2026-04-28,2026-04-28,21200.0,PE,NIFTY26APR21200PE,0.0,0.0,0.0,1.5,0.0,1.5,23002.15,8.1,0,0,0,0.0,0,F1,65,,,,,
2026-03-19,2026-03-19,FO,NSE,IDO,71954,,NIFTY,,2026-04-28,2026-04-28,22100.0,PE,NIFTY26APR22100PE,0.0,0.0,0.0,9.7,0.0,9.7,23002.15,74.0,0,0,0,0.0,0,F1,65,,,,,
2026-03-19,2026-03-19,FO,NSE,IDO,72252,,NIFTY,,2026-04-28,2026-04-28,23700.0,PE,NIFTY26APR23700PE,604.0,985.1,604.0,901.05,854.8,480.6,23002.15,901.05,105495,-23855,1979,3148023232.25,1553,F1,65,,,,,
2026-03-19,2026-03-19,FO,NSE,IDO,62555,,NIFTY,,2026-03-24,2026-03-24,22700.0,CE,NIFTY2632422700CE,707.3,730.75,397.9,456.75,528.1,1088.55,23002.15,456.75,148915,136630,13981,21095944259.0,9472,F1,65,,,,,
2026-03-19,2026-03-19,FO,NSE,IDO,62508,,NIFTY,,2026-03-24,2026-03-24,22650.0,CE,NIFTY2632422650CE,703.15,738.35,433.6,504.95,563.95,1147.85,23002.15,504.95,32695,32110,2575,3881168528.25,1839,F1,65,,,,,
2026-03-19,2026-03-19,FO,NSE,IDO,62407,,NIFTY,,2026-03-24,2026-03-24,22450.0,CE,NIFTY2632422450CE,866.9,878.2,580.0,692.25,755.6,1354.4,23002.15,692.25,12090,11310,555,834691968.5,264,F1,65,,,,,
2026-03-19,2026-03-19,FO,NSE,IDO,62379,,NIFTY,,2026-03-24,2026-03-24,22000.0,CE,NIFTY2632422000CE,1301.0,1394.1,962.6,1068.7,1124.3,1752.85,23002.15,1068.7,143130,96720,3925,5901962456.0,2321,F1,65,,,,,
2026-03-19,2026-03-19,FO,NSE,IDO,62361,,NIFTY,,2026-03-24,2026-03-24,21650.0,CE,NIFTY2632421650CE,0.0,0.0,0.0,1788.25,1788.25,1788.25,23002.15,1368.45,195,0,0,0.0,0,F1,65,,,,,
2026-03-19,2026-03-19,FO,NSE,IDO,62346,,NIFTY,,2026-03-24,2026-03-24,21500.0,CE,NIFTY2632421500CE,1850.0,1850.0,1450.0,1528.2,1588.4,2290.0,23002.15,1528.2,520,195,15,22528431.25,13,F1,65,,,,,
2026-03-19,2026-03-19,FO,NSE,IDF,66691,,NIFTY,,2026-04-28,2026-04-28,,,NIFTY26APRFUT,23605.0,23605.0,23091.1,23198.4,23270.0,23922.7,23002.15,23198.4,3390920,535080,29377,44550174467.5,22851,F1,65,,,,,
2026-03-19,2026-03-19,FO,NSE,IDO,72254,,NIFTY,,2026-04-28,2026-04-28,23750.0,PE,NIFTY26APR23750PE,688.45,1013.95,688.45,950.95,896.75,498.75,23002.15,950.95,18590,325,288,459591028.0,241,F1,65,,,,,
2026-03-19,2026-03-19,FO,NSE,IDO,72256,,NIFTY,,2026-04-28,2026-04-28,23800.0,PE,NIFTY26APR23800PE,725.55,1048.95,663.05,956.25,924.2,516.25,23002.15,956.25,262340,-39065,2412,3859788783.5,1884,F1,65,,,,,
2026-03-19,2026-03-19,FO,NSE,IDO,72334,,NIFTY,,2026-04-28,2026-04-28,24700.0,PE,NIFTY26APR24700PE,1184.8,1676.25,1184.8,1603.25,1527.1,966.9,23002.15,1603.25,185185,-1625,154,261996943.0,114,F1,65,,,,,
2026-03-19,2026-03-19,FO,NSE,IDO,72343,,NIFTY,,2026-04-28,2026-04-28,24900.0,PE,NIFTY26APR24900PE,1481.45,1831.65,1481.45,1791.25,1711.4,1112.25,23002.15,1791.25,186810,-390,113,194761164.0,107,F1,65,,,,,
2026-03-19,2026-03-19,FO,NSE,IDO,72394,,NIFTY,,2026-04-28,2026-04-28,25450.0,PE,NIFTY26APR25450PE,0.0,0.0,0.0,1904.15,1906.55,1904.15,23002.15,2300.45,9230,0,0,0.0,0,F1,65,,,,,
2026-03-19,2026-03-19,FO,NSE,IDO,72438,,NIFTY,,2026-04-28,2026-04-28,25900.0,PE,NIFTY26APR25900PE,2419.7,2600.0,2384.85,2600.0,2600.0,1965.0,23002.15,2743.9,13650,-4355,69,127017488.0,68,F1,65,,,,,
2026-03-19,2026-03-19,FO,NSE,IDO,72482,,NIFTY,,2026-04-28,2026-04-28,26150.0,PE,NIFTY26APR26150PE,0.0,0.0,0.0,2226.6,2226.6,2226.6,23002.15,2991.55,975,0,0,0.0,0,F1,65,,,,,
2026-03-19,2026-03-19,FO,NSE,IDO,72490,,NIFTY,,2026-04-28,2026-04-28,26350.0,PE,NIFTY26APR26350PE,2834.3,2952.75,2834.3,2952.75,2952.75,2718.85,23002.15,3189.95,5980,-65,2,3801658.25,2,F1,65,,,,,
2026-03-19,2026-03-19,FO,NSE,IDO,72502,,NIFTY,,2026-04-28,2026-04-28,26550.0,PE,NIFTY26APR26550PE,0.0,0.0,0.0,2822.55,2822.55,2822.55,23002.15,3388.55,715,0,0,0.0,0,F1,65,,,,,
2026-03-19,2026-03-19,FO,NSE,IDO,71730,,NIFTY,,2026-05-26,2026-05-26,20850.0,PE,NIFTY26MAY20850PE,0.0,0.0,0.0,0.6,0.0,0.6,23002.15,13.65,0,0,0,0.0,0,F1,65,,,,,
2026-03-19,2026-03-19,FO,NSE,IDO,71783,,NIFTY,,2026-05-26,2026-05-26,21750.0,PE,NIFTY26MAY21750PE,0.0,0.0,0.0,4.2,0.0,4.2,23002.15,77.0,0,0,0,0.0,0,F1,65,,,,,
2026-03-19,2026-03-19,FO,NSE,IDO,71839,,NIFTY,,2026-05-26,2026-05-26,22350.0,PE,NIFTY26MAY22350PE,0.0,0.0,0.0,12.8,0.0,12.8,23002.15,188.75,0,0,0,0.0,0,F1,65,,,,,
2026-03-19,2026-03-19,FO,NSE,IDO,72014,,NIFTY,,2026-05-26,2026-05-26,23350.0,PE,NIFTY26MAY23350PE,655.0,775.0,655.0,775.0,775.0,435.15,23002.15,581.2,1300,455,14,21898457.75,13,F1,65,,,,,
2026-03-19,2026-03-19,FO,NSE,IDO,72172,,NIFTY,,2026-05-26,2026-05-26,23800.0,PE,NIFTY26MAY23800PE,737.6,1065.0,734.2,1027.05,967.35,577.6,23002.15,1027.05,36530,-5070,253,405575157.0,217,F1,65,,,,,
2026-03-19,2026-03-19,FO,NSE,IDO,72178,,NIFTY,,2026-05-26,2026-05-26,23950.0,PE,NIFTY26MAY23950PE,960.8,1166.8,960.8,1037.6,1037.6,632.3,23002.15,1037.6,715,-195,12,19512460.5,10,F1,65,,,,,
2026-03-19,2026-03-19,FO,NSE,IDO,72182,,NIFTY,,2026-05-26,2026-05-26,24050.0,PE,NIFTY26MAY24050PE,1009.7,1226.0,977.15,1226.0,1226.0,669.75,23002.15,1027.15,1300,0,9,14707111.25,8,F1,65,,,,,
2026-03-19,2026-03-19,FO,NSE,IDO,72274,,NIFTY,,2026-05-26,2026-05-26,24450.0,PE,NIFTY26MAY24450PE,0.0,0.0,0.0,849.9,849.9,849.9,23002.15,1336.0,1040,0,0,0.0,0,F1,65,,,,,
2026-03-19,2026-03-19,FO,NSE,IDO,72364,,NIFTY,,2026-05-26,2026-05-26,25700.0,PE,NIFTY26MAY25700PE,0.0,0.0,0.0,1669.25,1669.25,1669.25,23002.15,2457.35,1495,0,0,0.0,0,F1,65,,,,,
2026-03-19,2026-03-19,FO,NSE,IDO,72389,,NIFTY,,2026-05-26,2026-05-26,26100.0,PE,NIFTY26MAY26100PE,0.0,0.0,0.0,2410.3,2409.4,2410.3,23002.15,2842.5,1820,0,0,0.0,0,F1,65,,,,,
2026-03-19,2026-03-19,FO,NSE,IDO,72600,,NIFTY,,2026-05-26,2026-05-26,26650.0,PE,NIFTY26MAY26650PE,0.0,0.0,0.0,2914.5,2914.5,2914.5,23002.15,3379.95,130,0,0,0.0,0,F1,65,,,,,
2026-03-19,2026-03-19,FO,NSE,IDO,72626,,NIFTY,,2026-05-26,2026-05-26,27150.0,PE,NIFTY26MAY27150PE,0.0,0.0,0.0,3582.1,3582.1,3582.1,23002.15,3872.45,65,0,0,0.0,0,F1,65,,,,,
2026-03-19,2026-03-19,FO,NSE,IDO,50462,,NIFTY,,2026-06-30,2026-06-30,16000.0,PE,NIFTY26JUN16000PE,31.0,43.85,31.0,41.3,38.6,28.85,23002.15,41.3,111695,29900,1262,1315477566.0,575,F1,65,,,,,
2026-03-19,2026-03-19,FO,NSE,IDO,55184,,NIFTY,,2026-06-30,2026-06-30,19500.0,PE,NIFTY26JUN19500PE,0.0,0.0,0.0,0.4,0.0,0.4,23002.15,2.35,0,0,0,0.0,0,F1,65,,,,,
2026-03-19,2026-03-19,FO,NSE,IDO,51455,,NIFTY,,2026-06-30,2026-06-30,21000.0,PE,NIFTY26JUN21000PE,231.4,286.0,190.2,270.05,269.65,155.55,23002.15,270.05,1338505,12875,10378,14326748783.75,5871,F1,65,,,,,
2026-03-19,2026-03-19,FO,NSE,IDO,55329,,NIFTY,,2026-12-29,2026-12-29,25500.0,PE,NIFTY26DEC25500PE,1677.0,1999.25,1677.0,1892.8,1835.45,1417.95,23002.15,1892.8,92820,975,50,88750343.5,38,F1,65,,,,,
2026-03-19,2026-03-19,FO,NSE,IDO,53625,,NIFTY,,2027-12-28,2027-12-28,24000.0,PE,NIFTY27DEC24000PE,1160.0,1338.0,1160.0,1315.65,1338.0,1055.0,23002.15,1315.65,16435,-325,30,49315415.5,23,F1,65,,,,,
2026-03-19,2026-03-19,FO,NSE,IDO,55529,,NIFTY,,2028-12-26,2028-12-26,34500.0,PE,NIFTY28DEC34500PE,0.0,0.0,0.0,4281.85,0.0,4281.85,23002.15,6970.45,0,0,0,0.0,0,F1,65,,,,,
2026-03-19,2026-03-19,FO,NSE,IDO,61749,,NIFTY,,2029-12-24,2029-12-24,24000.0,PE,NIFTY29DEC24000PE,0.0,0.0,0.0,625.5,0.0,625.5,23002.15,850.55,0,0,0,0.0,0,F1,65,,,,,
2026-03-19,2026-03-19,FO,NSE,IDO,55609,,NIFTY,,2029-12-24,2029-12-24,31500.0,PE,NIFTY29DEC31500PE,0.0,0.0,0.0,2240.25,0.0,2240.25,23002.15,3991.2,0,0,0,0.0,0,F1,65,,,,,
2026-03-19,2026-03-19,FO,NSE,IDO,55755,,NIFTY,,2030-12-31,2030-12-31,24000.0,PE,NIFTY30DEC24000PE,0.0,0.0,0.0,353.8,0.0,353.8,23002.15,757.55,0,0,0,0.0,0,F1,65,,,,,
2026-03-19,2026-03-19,FO,NSE,IDO,55757,,NIFTY,,2030-12-31,2030-12-31,25500.0,PE,NIFTY30DEC25500PE,0.0,0.0,0.0,538.25,0.0,538.25,23002.15,1108.0,0,0,0,0.0,0,F1,65,,,,,
2026-03-19,2026-03-19,FO,NSE,IDO,54572,,NIFTY,,2026-03-30,2026-03-30,24900.0,CE,NIFTY26MAR24900CE,12.05,15.4,8.4,10.7,10.9,19.05,23002.15,10.7,483925,-214370,20841,33745780172.0,14242,F1,65,,,,,
2026-03-19,2026-03-19,FO,NSE,IDO,54578,,NIFTY,,2026-03-30,2026-03-30,25100.0,CE,NIFTY26MAR25100CE,11.95,11.95,6.75,8.35,8.3,13.1,23002.15,8.35,346775,-87165,14097,23007169890.25,9826,F1,65,,,,,
2026-03-19,2026-03-19,FO,NSE,IDO,54624,,NIFTY,,2026-03-30,2026-03-30,26050.0,CE,NIFTY26MAR26050CE,4.1,6.0,3.2,4.2,3.2,4.1,23002.15,4.2,51935,-7865,902,1527564853.75,440,F1,65,,,,,
2026-03-19,2026-03-19,FO,NSE,IDO,54724,,NIFTY,,2026-03-30,2026-03-30,26850.0,CE,NIFTY26MAR26850CE,2.05,3.15,2.05,2.55,2.8,2.55,23002.15,2.55,38480,2535,152,265304490.75,80,F1,65,,,,,
2026-03-19,2026-03-19,FO,NSE,IDO,54730,,NIFTY,,2026-03-30,2026-03-30,27050.0,CE,NIFTY26MAR27050CE,1.95,3.1,1.7,2.6,2.85,2.25,23002.15,2.6,26520,-1040,85,149464757.0,52,F1,65,,,,,
2026-03-19,2026-03-19,FO,NSE,IDO,54744,,NIFTY,,2026-03-30,2026-03-30,27400.0,CE,NIFTY26MAR27400CE,1.5,2.4,1.35,1.95,2.4,1.6,23002.15,1.95,163800,910,172,306353316.75,101,F1,65,,,,,
2026-03-19,2026-03-19,FO,NSE,IDO,40668,,NIFTY,,2026-04-07,2026-04-07,21450.0,CE,NIFTY2640721450CE,0.0,0.0,0.0,2901.1,2901.1,2901.1,23002.15,1615.2,65,0,0,0.0,0,F1,65,,,,,
2026-03-19,2026-03-19,FO,NSE,IDO,40678,,NIFTY,,2026-04-07,2026-04-07,21500.0,CE,NIFTY2640721500CE,0.0,0.0,0.0,2730.85,2730.85,2730.85,23002.15,1565.8,65,0,0,0.0,0,F1,65,,,,,
2026-03-19,2026-03-19,FO,NSE,IDO,40688,,NIFTY,,2026-04-07,2026-04-07,21700.0,CE,NIFTY2640721700CE,0.0,0.0,0.0,2662.05,2662.05,2662.05,23002.15,1369.5,65,0,0,0.0,0,F1,65,,,,,
2026-03-19,2026-03-19,FO,NSE,IDO,40698,,NIFTY,,2026-04-07,2026-04-07,21950.0,CE,NIFTY2640721950CE,0.0,0.0,0.0,2424.95,2424.95,2424.95,23002.15,1128.9,65,0,0,0.0,0,F1,65,,,,,
2026-03-19,2026-03-19,FO,NSE,IDO,40703,,NIFTY,,2026-04-07,2026-04-07,22050.0,CE,NIFTY2640722050CE,0.0,0.0,0.0,2330.8,2330.8,2330.8,23002.15,1035.15,65,0,0,0.0,0,F1,65,,,,,
2026-03-19,2026-03-19,FO,NSE,IDO,40785,,NIFTY,,2026-04-07,2026-04-07,23300.0,CE,NIFTY2640723300CE,411.45,505.95,320.1,355.35,391.65,738.65,23002.15,355.35,109720,85865,6838,10537523044.75,5012,F1,65,,,,,
2026-03-19,2026-03-19,FO,NSE,IDO,40809,,NIFTY,,2026-04-07,2026-04-07,23750.0,CE,NIFTY2640723750CE,240.2,243.3,166.65,188.3,206.45,421.85,23002.15,188.3,28600,6955,1485,2312875444.75,980,F1,65,,,,,
2026-03-19,2026-03-19,FO,NSE,IDO,40868,,NIFTY,,2026-04-07,2026-04-07,24600.0,CE,NIFTY2640724600CE,41.4,48.1,36.0,39.4,46.6,91.75,23002.15,39.4,960635,31915,11713,18759448327.75,3841,F1,65,,,,,
2026-03-19,2026-03-19,FO,NSE,IDO,40870,,NIFTY,,2026-04-07,2026-04-07,24650.0,CE,NIFTY2640724650CE,43.1,43.8,34.45,38.8,42.4,81.25,23002.15,38.8,11700,910,347,556870479.75,162,F1,65,,,,,
2026-03-19,2026-03-19,FO,NSE,IDO,40814,,NIFTY,,2026-04-07,2026-04-07,23750.0,PE,NIFTY2640723750PE,548.85,910.6,548.85,861.2,717.7,350.65,23002.15,861.2,3640,-13455,536,850855957.25,418,F1,65,,,,,
2026-03-19,2026-03-19,FO,NSE,IDO,40867,,NIFTY,,2026-04-07,2026-04-07,24550.0,PE,NIFTY2640724550PE,1180.5,1460.0,1153.45,1410.9,1410.9,821.4,23002.15,1410.9,801645,3055,2211,3714455933.5,694,F1,65,,,,,
2026-03-19,2026-03-19,FO,NSE,IDO,40893,,NIFTY,,2026-04-07,2026-04-07,25000.0,PE,NIFTY2640725000PE,1251.1,1940.0,1251.1,1935.9,1940.0,1206.9,23002.15,1935.9,15925,-195,69,120315162.5,30,F1,65,,,,,
2026-03-19,2026-03-19,FO,NSE,IDO,40901,,NIFTY,,2026-04-07,2026-04-07,25100.0,PE,NIFTY2640725100PE,0.0,0.0,0.0,1873.85,1878.45,1873.85,23002.15,2026.65,65,0,0,0.0,0,F1,65,,,,,
2026-03-19,2026-03-19,FO,NSE,IDO,40927,,NIFTY,,2026-04-07,2026-04-07,25450.0,PE,NIFTY2640725450PE,0.0,0.0,0.0,1456.9,1456.9,1456.9,23002.15,2375.2,65,0,0,0.0,0,F1,65,,,,,
2026-03-19,2026-03-19,FO,NSE,IDO,40960,,NIFTY,,2026-04-07,2026-04-07,25800.0,PE,NIFTY2640725800PE,0.0,0.0,0.0,1783.1,1783.1,1783.1,23002.15,2724.1,65,0,0,0.0,0,F1,65,,,,,
2026-03-19,2026-03-19,FO,NSE,IDO,62273,,NIFTY,,2026-03-24,2026-03-24,20850.0,CE,NIFTY2632420850CE,0.0,0.0,0.0,5006.55,0.0,5006.55,23002.15,2167.85,0,0,0,0.0,0,F1,65,,,,,
2026-03-19,2026-03-19,FO,NSE,IDO,54634,,NIFTY,,2026-04-13,2026-04-13,21450.0,PE,NIFTY2641321450PE,0.0,0.0,0.0,0.6,0.0,0.6,23002.15,4.55,0,0,0,0.0,0,F1,65,,,,,
2026-03-19,2026-03-19,FO,NSE,IDO,72366,,NIFTY,,2026-04-28,2026-04-28,25250.0,PE,NIFTY26APR25250PE,1867.5,2100.0,1855.95,2066.85,2066.4,1500.0,23002.15,2066.85,9815,-260,6,10629060.0,5,F1,65,,,,,
2026-03-19,2026-03-19,FO,NSE,IDO,72258,,NIFTY,,2026-04-28,2026-04-28,23850.0,PE,NIFTY26APR23850PE,715.95,1075.95,715.85,949.2,943.85,541.1,23002.15,949.2,13520,-1560,158,253338442.5,142,F1,65,,,,,
2026-03-19,2026-03-19,FO,NSE,IDO,72225,,NIFTY,,2026-04-28,2026-04-28,23400.0,PE,NIFTY26APR23400PE,567.0,824.0,545.8,756.1,710.45,392.15,23002.15,756.1,253240,4875,5814,9089772276.0,4429,F1,65,,,,,
2026-03-19,2026-03-19,FO,NSE,IDO,72221,,NIFTY,,2026-04-28,2026-04-28,23300.0,PE,NIFTY26APR23300PE,525.0,781.65,518.85,716.05,681.15,366.5,23002.15,716.05,285480,77090,7503,11665225841.75,5552,F1,65,,,,,
2026-03-19,2026-03-19,FO,NSE,IDO,71966,,NIFTY,,2026-04-28,2026-04-28,22400.0,PE,NIFTY26APR22400PE,318.0,452.2,292.2,406.1,386.7,205.15,23002.15,406.1,44005,195,1087,1607493966.0,776,F1,65,,,,,
2026-03-19,2026-03-19,FO,NSE,IDO,63493,,NIFTY,,2026-04-21,2026-04-21,25250.0,PE,NIFTY2642125250PE,0.0,0.0,0.0,1549.9,0.0,1549.9,23002.15,2127.0,0,0,0,0.0,0,F1,65,,,,,
2026-03-19,2026-03-19,FO,NSE,IDO,62406,,NIFTY,,2026-03-24,2026-03-24,22400.0,PE,NIFTY2632422400PE,55.1,108.4,39.8,88.05,80.4,20.0,23002.15,88.05,1547000,-604760,399133,582753871719.5,222253,F1,65,,,,,
2026-03-19,2026-03-19,FO,NSE,IDO,62274,,NIFTY,,2026-03-24,2026-03-24,20850.0,PE,NIFTY2632420850PE,6.55,13.35,3.35,9.5,8.35,0.05,23002.15,9.5,1869660,1869660,92467,125361024012.25,31165,F1,65,,,,,
2026-03-19,2026-03-19,FO,NSE,IDO,55762,,NIFTY,,2030-12-31,2030-12-31,30000.0,CE,NIFTY30DEC30000CE,0.0,0.0,0.0,5227.2,0.0,5227.2,23002.15,2621.4,0,0,0,0.0,0,F1,65,,,,,
2026-03-19,2026-03-19,FO,NSE,IDO,55702,,NIFTY,,2030-12-31,2030-12-31,21000.0,CE,NIFTY30DEC21000CE,0.0,0.0,0.0,10552.5,0.0,10552.5,23002.15,7159.1,0,0,0,0.0,0,F1,65,,,,,
2026-03-19,2026-03-19,FO,NSE,IDO,55652,,NIFTY,,2030-06-25,2030-06-25,34500.0,CE,NIFTY30JUN34500CE,0.0,0.0,0.0,2879.05,0.0,2879.05,23002.15,1103.1,0,0,0,0.0,0,F1,65,,,,,
2026-03-19,2026-03-19,FO,NSE,IDO,55650,,NIFTY,,2030-06-25,2030-06-25,31500.0,CE,NIFTY30JUN31500CE,0.0,0.0,0.0,3984.8,0.0,3984.8,23002.15,1758.35,0,0,0,0.0,0,F1,65,,,,,
2026-03-19,2026-03-19,FO,NSE,IDO,55648,,NIFTY,,2030-06-25,2030-06-25,28500.0,CE,NIFTY30JUN28500CE,0.0,0.0,0.0,5382.85,0.0,5382.85,23002.15,2713.85,0,0,0,0.0,0,F1,65,,,,,
2026-03-19,2026-03-19,FO,NSE,IDO,55600,,NIFTY,,2029-12-24,2029-12-24,19500.0,CE,NIFTY29DEC19500CE,0.0,0.0,0.0,10678.8,0.0,10678.8,23002.15,7312.65,0,0,0,0.0,0,F1,65,,,,,
2026-03-19,2026-03-19,FO,NSE,IDO,89612,,NIFTY,,2029-06-26,2029-06-26,18000.0,CE,NIFTY29JUN18000CE,0.0,0.0,0.0,11678.65,0.0,11678.65,23002.15,8034.85,0,0,0,0.0,0,F1,65,,,,,
2026-03-19,2026-03-19,FO,NSE,IDO,47198,,NIFTY,,2028-12-26,2028-12-26,33000.0,CE,NIFTY28DEC33000CE,0.0,0.0,0.0,2477.5,0.0,2477.5,23002.15,516.0,0,0,0,0.0,0,F1,65,,,,,
2026-03-19,2026-03-19,FO,NSE,IDO,47194,,NIFTY,,2027-12-28,2027-12-28,33000.0,CE,NIFTY27DEC33000CE,0.0,0.0,0.0,312.0,312.0,312.0,23002.15,137.05,715,0,0,0.0,0,F1,65,,,,,
2026-03-19,2026-03-19,FO,NSE,IDO,53603,,NIFTY,,2027-12-28,2027-12-28,18000.0,CE,NIFTY27DEC18000CE,0.0,0.0,0.0,6285.7,0.0,6285.7,23002.15,6712.4,0,0,0,0.0,0,F1,65,,,,,
2026-03-19,2026-03-19,FO,NSE,IDO,50547,,NIFTY,,2026-12-29,2026-12-29,28000.0,CE,NIFTY26DEC28000CE,201.2,216.55,194.3,204.8,206.5,239.4,23002.15,204.8,789350,-16970,1618,2966569762.0,1024,F1,65,,,,,
2026-03-19,2026-03-19,FO,NSE,IDO,71505,,NIFTY,,2026-12-29,2026-12-29,26000.0,CE,NIFTY26DEC26000CE,622.0,646.55,575.05,589.7,600.0,739.95,23002.15,589.7,701075,7525,2630,4549607721.75,1675,F1,65,,,,,
2026-03-19,2026-03-19,FO,NSE,IDO,71501,,NIFTY,,2026-12-29,2026-12-29,24000.0,CE,NIFTY26DEC24000CE,1440.0,1560.0,1402.5,1444.55,1455.0,1783.5,23002.15,1444.55,175335,27950,1781,2951711850.75,1079,F1,65,,,,,
2026-03-19,2026-03-19,FO,NSE,IDO,58648,,NIFTY,,2026-12-29,2026-12-29,22000.0,CE,NIFTY26DEC22000CE,2852.0,2894.85,2649.9,2716.35,2770.0,3171.65,23002.15,2716.35,39285,3120,224,361011010.75,148,F1,65,,,,,
2026-03-19,2026-03-19,FO,NSE,IDO,58634,,NIFTY,,2026-12-29,2026-12-29,15000.0,CE,NIFTY26DEC15000CE,0.0,0.0,0.0,5977.65,0.0,5977.65,23002.15,8632.7,0,0,0,0.0,0,F1,65,,,,,
2026-03-19,2026-03-19,FO,NSE,IDO,65904,,NIFTY,,2026-09-29,2026-09-29,26000.0,CE,NIFTY26SEP26000CE,341.0,355.05,305.7,319.1,319.95,409.8,23002.15,319.1,678465,-33540,3634,6220126799.25,1702,F1,65,,,,,
2026-03-19,2026-03-19,FO,NSE,IDO,72623,,NIFTY,,2026-05-26,2026-05-26,27100.0,CE,NIFTY26MAY27100CE,27.0,27.0,24.0,24.0,24.0,38.35,23002.15,1.5,1820,65,12,21158832.5,4,F1,65,,,,,
2026-03-19,2026-03-19,FO,NSE,IDO,72579,,NIFTY,,2026-05-26,2026-05-26,26500.0,CE,NIFTY26MAY26500CE,38.05,44.05,35.65,41.15,42.65,48.55,23002.15,41.15,121550,8840,1146,1976865842.25,789,F1,65,,,,,
2026-03-19,2026-03-19,FO,NSE,IDO,72452,,NIFTY,,2026-05-26,2026-05-26,26300.0,CE,NIFTY26MAY26300CE,48.95,52.6,44.2,51.2,52.4,63.05,23002.15,51.2,13910,65,22,37678741.75,13,F1,65,,,,,
2026-03-19,2026-03-19,FO,NSE,IDO,72015,,NIFTY,,2026-05-26,2026-05-26,23400.0,CE,NIFTY26MAY23400CE,875.9,875.9,719.65,755.95,800.0,1132.15,23002.15,755.95,5850,2665,171,269236734.0,142,F1,65,,,,,
2026-03-19,2026-03-19,FO,NSE,IDO,71977,,NIFTY,,2026-05-26,2026-05-26,23200.0,CE,NIFTY26MAY23200CE,972.55,1001.15,830.0,884.35,911.0,1263.85,23002.15,884.35,7800,-130,223,349995883.25,197,F1,65,,,,,
2026-03-19,2026-03-19,FO,NSE,IDO,71767,,NIFTY,,2026-05-26,2026-05-26,21500.0,CE,NIFTY26MAY21500CE,0.0,0.0,0.0,2222.65,2222.65,2222.65,23002.15,1771.35,65,0,0,0.0,0,F1,65,,,,,
2026-03-19,2026-03-19,FO,NSE,IDO,71765,,NIFTY,,2026-05-26,2026-05-26,21450.0,CE,NIFTY26MAY21450CE,0.0,0.0,0.0,2264.1,2264.1,2264.1,23002.15,1816.5,65,0,0,0.0,0,F1,65,,,,,
2026-03-19,2026-03-19,FO,NSE,IDO,72764,,NIFTY,,2026-04-28,2026-04-28,27650.0,CE,NIFTY26APR27650CE,0.0,0.0,0.0,10.15,8.5,10.15,23002.15,0.05,6435,0,0,0.0,0,F1,65,,,,,
2026-03-19,2026-03-19,FO,NSE,IDO,72439,,NIFTY,,2026-04-28,2026-04-28,25950.0,CE,NIFTY26APR25950CE,30.8,30.8,22.5,25.0,25.0,35.45,23002.15,1.45,24440,-1885,140,236368353.0,58,F1,65,,,,,
2026-03-19,2026-03-19,FO,NSE,IDO,72365,,NIFTY,,2026-04-28,2026-04-28,25250.0,CE,NIFTY26APR25250CE,51.05,65.7,51.05,59.25,63.9,93.2,23002.15,59.25,10010,-5200,223,366843896.25,171,F1,65,,,,,
2026-03-19,2026-03-19,FO,NSE,IDO,72346,,NIFTY,,2026-04-28,2026-04-28,24950.0,CE,NIFTY26APR24950CE,76.05,101.2,76.05,89.3,92.45,143.6,23002.15,89.3,5395,-9555,439,714566635.25,342,F1,65,,,,,
2026-03-19,2026-03-19,FO,NSE,IDO,72246,,NIFTY,,2026-04-28,2026-04-28,23600.0,CE,NIFTY26APR23600CE,640.0,640.0,425.55,462.75,495.0,770.35,23002.15,462.75,130325,20215,2392,3747354965.25,1976,F1,65,,,,,
2026-03-19,2026-03-19,FO,NSE,IDO,72244,,NIFTY,,2026-04-28,2026-04-28,23550.0,CE,NIFTY26APR23550CE,581.95,581.95,451.7,492.65,509.3,788.05,23002.15,492.65,9230,3445,423,662121837.0,339,F1,65,,,,,
2026-03-19,2026-03-19,FO,NSE,IDO,72228,,NIFTY,,2026-04-28,2026-04-28,23500.0,CE,NIFTY26APR23500CE,550.15,629.95,475.0,510.9,536.0,836.45,23002.15,510.9,996190,337805,25426,39767133776.5,17493,F1,65,,,,,
2026-03-19,2026-03-19,FO,NSE,IDO,71959,,NIFTY,,2026-04-28,2026-04-28,22250.0,CE,NIFTY26APR22250CE,1480.0,1480.0,1246.75,1246.75,1246.75,1550.0,23002.15,1246.75,650,585,11,16909174.75,11,F1,65,,,,,
2026-03-19,2026-03-19,FO,NSE,IDO,71955,,NIFTY,,2026-04-28,2026-04-28,22150.0,CE,NIFTY26APR22150CE,1504.4,1541.55,1496.1,1507.3,1507.3,1606.75,23002.15,1067.1,325,260,4,6152207.75,4,F1,65,,,,,
2026-03-19,2026-03-19,FO,NSE,IDO,71939,,NIFTY,,2026-04-28,2026-04-28,21800.0,CE,NIFTY26APR21800CE,0.0,0.0,0.0,1852.9,1852.9,1852.9,23002.15,1371.8,65,0,0,0.0,0,F1,65,,,,,
2026-03-19,2026-03-19,FO,NSE,IDO,71925,,NIFTY,,2026-04-28,2026-04-28,21450.0,CE,NIFTY26APR21450CE,0.0,0.0,0.0,2109.4,2109.4,2109.4,23002.15,1697.3,325,0,0,0.0,0,F1,65,,,,,
2026-03-19,2026-03-19,FO,NSE,IDO,71875,,NIFTY,,2026-04-28,2026-04-28,21150.0,CE,NIFTY26APR21150CE,0.0,0.0,0.0,2462.85,2462.85,2462.85,23002.15,1986.25,65,0,0,0.0,0,F1,65,,,,,
2026-03-19,2026-03-19,FO,NSE,IDO,63466,,NIFTY,,2026-04-21,2026-04-21,24650.0,CE,NIFTY2642124650CE,0.0,0.0,0.0,135.15,0.0,135.15,23002.15,21.1,0,0,0,0.0,0,F1,65,,,,,
2026-03-19,2026-03-19,FO,NSE,IDO,63458,,NIFTY,,2026-04-21,2026-04-21,24550.0,CE,NIFTY2642124550CE,0.0,0.0,0.0,235.0,235.0,235.0,23002.15,26.7,195,0,0,0.0,0,F1,65,,,,,
2026-03-19,2026-03-19,FO,NSE,IDO,63428,,NIFTY,,2026-04-21,2026-04-21,24250.0,CE,NIFTY2642124250CE,0.0,0.0,0.0,237.6,0.0,237.6,23002.15,52.0,0,0,0,0.0,0,F1,65,,,,,
2026-03-19,2026-03-19,FO,NSE,IDO,63412,,NIFTY,,2026-04-21,2026-04-21,23900.0,CE,NIFTY2642123900CE,316.1,316.1,271.0,291.4,301.05,544.9,23002.15,291.4,1040,-1170,73,114812278.75,72,F1,65,,,,,
2026-03-19,2026-03-19,FO,NSE,IDO,63355,,NIFTY,,2026-04-21,2026-04-21,22650.0,CE,NIFTY2642122650CE,0.0,0.0,0.0,1172.85,0.0,1172.85,23002.15,639.65,0,0,0,0.0,0,F1,65,,,,,
2026-03-19,2026-03-19,FO,NSE,IDO,63344,,NIFTY,,2026-04-21,2026-04-21,22500.0,CE,NIFTY2642122500CE,0.0,0.0,0.0,1299.9,0.0,1299.9,23002.15,746.8,0,0,0,0.0,0,F1,65,,,,,
2026-03-19,2026-03-19,FO,NSE,IDO,63342,,NIFTY,,2026-04-21,2026-04-21,22450.0,CE,NIFTY2642122450CE,0.0,0.0,0.0,1343.3,0.0,1343.3,23002.15,784.3,0,0,0,0.0,0,F1,65,,,,,
2026-03-19,2026-03-19,FO,NSE,IDO,63275,,NIFTY,,2026-04-21,2026-04-21,21300.0,CE,NIFTY2642121300CE,0.0,0.0,0.0,2427.75,0.0,2427.75,23002.15,1814.1,0,0,0,0.0,0,F1,65,,,,,
2026-03-19,2026-03-19,FO,NSE,IDO,63180,,NIFTY,,2026-04-21,2026-04-21,20900.0,CE,NIFTY2642120900CE,0.0,0.0,0.0,2822.45,0.0,2822.45,23002.15,2207.35,0,0,0,0.0,0,F1,65,,,,,
2026-03-19,2026-03-19,FO,NSE,IDO,54976,,NIFTY,,2026-04-13,2026-04-13,25700.0,CE,NIFTY2641325700CE,19.4,19.4,15.0,15.2,15.2,22.8,23002.15,0.25,1235,-130,28,46806314.75,20,F1,65,,,,,
2026-03-19,2026-03-19,FO,NSE,IDO,54964,,NIFTY,,2026-04-13,2026-04-13,25400.0,CE,NIFTY2641325400CE,18.85,23.6,18.85,22.0,22.0,33.3,23002.15,0.75,780,195,19,31395078.0,8,F1,65,,,,,
2026-03-19,2026-03-19,FO,NSE,IDO,54874,,NIFTY,,2026-04-13,2026-04-13,24550.0,CE,NIFTY2641324550CE,82.3,83.15,69.55,82.2,83.15,147.35,23002.15,82.2,3315,1950,68,108846513.75,28,F1,65,,,,,
2026-03-19,2026-03-19,FO,NSE,IDO,54806,,NIFTY,,2026-04-13,2026-04-13,23850.0,CE,NIFTY2641323850CE,262.25,271.85,206.95,224.65,244.2,464.4,23002.15,224.65,2080,1430,41,64214501.0,20,F1,65,,,,,
2026-03-19,2026-03-19,FO,NSE,IDO,54802,,NIFTY,,2026-04-13,2026-04-13,23750.0,CE,NIFTY2641323750CE,306.7,306.7,230.8,239.55,264.2,486.0,23002.15,239.55,1755,1755,48,74898599.75,23,F1,65,,,,,
2026-03-19,2026-03-19,FO,NSE,IDO,54800,,NIFTY,,2026-04-13,2026-04-13,23700.0,CE,NIFTY2641323700CE,329.8,339.05,254.45,267.35,285.9,536.95,23002.15,267.35,4225,-65,184,287143756.25,159,F1,65,,,,,
2026-03-19,2026-03-19,FO,NSE,IDO,54790,,NIFTY,,2026-04-13,2026-04-13,23450.0,CE,NIFTY2641323450CE,0.0,0.0,0.0,1068.95,0.0,1068.95,23002.15,171.55,0,0,0,0.0,0,F1,65,,,,,
2026-03-19,2026-03-19,FO,NSE,IDO,54761,,NIFTY,,2026-04-13,2026-04-13,22900.0,CE,NIFTY2641322900CE,0.0,0.0,0.0,1544.35,0.0,1544.35,23002.15,419.0,0,0,0,0.0,0,F1,65,,,,,
2026-03-19,2026-03-19,FO,NSE,IDO,54687,,NIFTY,,2026-04-13,2026-04-13,22150.0,CE,NIFTY2641322150CE,0.0,0.0,0.0,2258.5,0.0,2258.5,23002.15,979.05,0,0,0,0.0,0,F1,65,,,,,
2026-03-19,2026-03-19,FO,NSE,IDO,54676,,NIFTY,,2026-04-13,2026-04-13,21900.0,CE,NIFTY2641321900CE,0.0,0.0,0.0,2504.0,0.0,2504.0,23002.15,1205.75,0,0,0,0.0,0,F1,65,,,,,
2026-03-19,2026-03-19,FO,NSE,IDO,54504,,NIFTY,,2026-04-13,2026-04-13,21150.0,CE,NIFTY2641321150CE,0.0,0.0,0.0,3246.75,0.0,3246.75,23002.15,1933.05,0,0,0,0.0,0,F1,65,,,,,
2026-03-19,2026-03-19,FO,NSE,IDO,54361,,NIFTY,,2026-04-13,2026-04-13,21000.0,CE,NIFTY2641321000CE,0.0,0.0,0.0,3395.7,0.0,3395.7,23002.15,2081.8,0,0,0,0.0,0,F1,65,,,,,
2026-03-19,2026-03-19,FO,NSE,IDO,40972,,NIFTY,,2026-04-07,2026-04-07,26050.0,CE,NIFTY2640726050CE,8.75,10.8,5.4,7.75,7.75,10.1,23002.15,7.75,10205,-1040,186,315032542.5,107,F1,65,,,,,
2026-03-19,2026-03-19,FO,NSE,IDO,40963,,NIFTY,,2026-04-07,2026-04-07,25900.0,CE,NIFTY2640725900CE,10.5,10.5,7.0,7.6,7.4,11.65,23002.15,7.6,16640,-130,98,165036452.75,64,F1,65,,,,,
2026-03-19,2026-03-19,FO,NSE,IDO,40910,,NIFTY,,2026-04-07,2026-04-07,25250.0,CE,NIFTY2640725250CE,15.0,19.05,12.4,15.9,16.15,22.05,23002.15,15.9,8645,-650,116,190492744.0,64,F1,65,,,,,
2026-03-19,2026-03-19,FO,NSE,IDO,40850,,NIFTY,,2026-04-07,2026-04-07,24300.0,CE,NIFTY2640724300CE,66.4,83.8,61.0,70.05,75.9,165.35,23002.15,70.05,245895,7735,4694,7437085318.0,3531,F1,65,,,,,
2026-03-19,2026-03-19,FO,NSE,IDO,40824,,NIFTY,,2026-04-07,2026-04-07,24000.0,CE,NIFTY2640724000CE,112.05,165.0,106.95,123.4,135.5,285.3,23002.15,123.4,480025,75855,15563,24416297421.75,9555,F1,65,,,,,
2026-03-19,2026-03-19,FO,NSE,IDO,40816,,NIFTY,,2026-04-07,2026-04-07,23800.0,CE,NIFTY2640723800CE,218.45,235.55,152.5,178.45,191.95,398.0,23002.15,178.45,201825,-1170,5844,9116550394.25,3779,F1,65,,,,,
2026-03-19,2026-03-19,FO,NSE,IDO,40796,,NIFTY,,2026-04-07,2026-04-07,23500.0,CE,NIFTY2640723500CE,358.8,386.4,241.8,273.7,299.0,601.7,23002.15,273.7,233480,91260,10652,16489434477.75,8166,F1,65,,,,,
2026-03-19,2026-03-19,FO,NSE,IDO,40776,,NIFTY,,2026-04-07,2026-04-07,23100.0,CE,NIFTY2640723100CE,604.65,604.65,409.45,450.85,497.75,890.15,23002.15,450.85,86645,81770,3591,5506389291.0,2421,F1,65,,,,,
2026-03-19,2026-03-19,FO,NSE,IDO,40707,,NIFTY,,2026-04-07,2026-04-07,22150.0,CE,NIFTY2640722150CE,1315.95,1315.95,1315.95,1315.95,1315.95,1365.65,23002.15,943.4,195,65,1,1525286.75,1,F1,65,,,,,
2026-03-19,2026-03-19,FO,NSE,IDO,40705,,NIFTY,,2026-04-07,2026-04-07,22100.0,CE,NIFTY2640722100CE,0.0,0.0,0.0,1366.85,1366.85,1366.85,23002.15,989.0,325,0,0,0.0,0,F1,65,,,,,
2026-03-19,2026-03-19,FO,NSE,IDO,62935,,NIFTY,,2026-03-30,2026-03-30,29000.0,CE,NIFTY26MAR29000CE,1.1,1.1,0.7,0.95,0.85,1.0,23002.15,0.95,691690,-28645,1110,2092416378.0,542,F1,65,,,,,
2026-03-19,2026-03-19,FO,NSE,IDO,54824,,NIFTY,,2026-03-30,2026-03-30,27700.0,CE,NIFTY26MAR27700CE,1.45,1.85,1.25,1.4,1.25,1.4,23002.15,1.4,108355,-2080,188,338512609.5,72,F1,65,,,,,
2026-03-19,2026-03-19,FO,NSE,IDO,54748,,NIFTY,,2026-03-30,2026-03-30,27500.0,CE,NIFTY26MAR27500CE,1.7,1.75,1.3,1.45,1.35,1.4,23002.15,1.45,1051895,-12285,8126,14526015731.5,2312,F1,65,,,,,
2026-03-19,2026-03-19,FO,NSE,IDO,54667,,NIFTY,,2026-03-30,2026-03-30,26400.0,CE,NIFTY26MAR26400CE,3.0,4.6,2.25,3.2,2.65,3.15,23002.15,3.2,241345,-3770,6413,11006044006.75,2062,F1,65,,,,,
2026-03-19,2026-03-19,FO,NSE,IDO,54640,,NIFTY,,2026-03-30,2026-03-30,26150.0,CE,NIFTY26MAR26150CE,3.6,4.5,3.15,3.75,3.55,3.85,23002.15,3.75,44330,-9880,505,858498693.0,235,F1,65,,,,,
2026-03-19,2026-03-19,FO,NSE,IDO,54588,,NIFTY,,2026-03-30,2026-03-30,25350.0,CE,NIFTY26MAR25350CE,8.35,10.0,6.2,6.85,6.2,9.25,23002.15,6.85,108160,-37245,2541,4188085317.0,1829,F1,65,,,,,
2026-03-19,2026-03-19,FO,NSE,IDO,54520,,NIFTY,,2026-03-30,2026-03-30,23550.0,CE,NIFTY26MAR23550CE,240.0,253.7,131.55,150.15,184.2,446.15,23002.15,150.15,187330,32045,17603,27155156366.0,13738,F1,65,,,,,
2026-03-19,2026-03-19,FO,NSE,IDO,54508,,NIFTY,,2026-03-30,2026-03-30,23250.0,CE,NIFTY26MAR23250CE,400.25,430.3,235.25,276.55,306.65,671.75,23002.15,276.55,319345,156910,30036,46031300412.5,21752,F1,65,,,,,
2026-03-19,2026-03-19,FO,NSE,IDO,54496,,NIFTY,,2026-03-30,2026-03-30,22950.0,CE,NIFTY26MAR22950CE,641.1,641.1,378.7,431.45,481.95,924.6,23002.15,431.45,76440,42185,5003,7605427459.5,3698,F1,65,,,,,
2026-03-19,2026-03-19,FO,NSE,IDO,54488,,NIFTY,,2026-03-30,2026-03-30,22750.0,CE,NIFTY26MAR22750CE,773.7,773.7,499.6,557.55,614.05,1183.9,23002.15,557.55,52390,3120,566,859613436.5,472,F1,65,,,,,
2026-03-19,2026-03-19,FO,NSE,IDO,54476,,NIFTY,,2026-03-30,2026-03-30,22450.0,CE,NIFTY26MAR22450CE,769.2,838.95,702.7,790.85,830.85,1338.55,23002.15,790.85,3055,1690,46,69344239.25,37,F1,65,,,,,
2026-03-19,2026-03-19,FO,NSE,IDO,54449,,NIFTY,,2026-03-30,2026-03-30,21750.0,CE,NIFTY26MAR21750CE,1437.75,1446.6,1437.75,1442.05,1446.6,2050.0,23002.15,1442.05,455,65,8,12059866.0,8,F1,65,,,,,
2026-03-19,2026-03-19,FO,NSE,IDO,54443,,NIFTY,,2026-03-30,2026-03-30,21600.0,CE,NIFTY26MAR21600CE,1691.85,1691.85,1691.85,1691.85,1691.85,1620.0,23002.15,1438.3,195,0,1,1513970.25,1,F1,65,,,,,
2026-03-19,2026-03-19,FO,NSE,IDO,62958,,NIFTY,,2026-03-24,2026-03-24,27300.0,CE,NIFTY2632427300CE,0.85,2.7,0.6,0.9,0.75,0.85,23002.15,0.9,97110,25090,18714,33209276304.75,7323,F1,65,,,,,
2026-03-19,2026-03-19,FO,NSE,IDO,62884,,NIFTY,,2026-03-24,2026-03-24,27050.0,CE,NIFTY2632427050CE,1.2,2.65,0.7,1.0,0.8,0.9,23002.15,1.0,45435,21710,3927,6904963120.25,2416,F1,65,,,,,
2026-03-19,2026-03-19,FO,NSE,IDO,62875,,NIFTY,,2026-03-24,2026-03-24,26900.0,CE,NIFTY2632426900CE,1.0,2.75,0.75,1.0,0.85,0.9,23002.15,1.0,79300,-4680,19621,34308994833.75,7382,F1,65,,,,,
2026-03-19,2026-03-19,FO,NSE,IDO,62862,,NIFTY,,2026-03-24,2026-03-24,26600.0,CE,NIFTY2632426600CE,1.45,3.0,0.8,1.1,0.9,0.95,23002.15,1.1,171470,84110,22297,38553533521.75,7408,F1,65,,,,,
2026-03-19,2026-03-19,FO,NSE,IDO,62850,,NIFTY,,2026-03-24,2026-03-24,26350.0,CE,NIFTY2632426350CE,1.85,3.05,0.8,1.15,1.05,1.1,23002.15,1.15,49270,21125,18627,31905259792.25,6222,F1,65,,,,,
2026-03-19,2026-03-19,FO,NSE,IDO,62826,,NIFTY,,2026-03-24,2026-03-24,26100.0,CE,NIFTY2632426100CE,1.65,2.9,1.05,1.4,1.2,1.15,23002.15,1.4,190125,-23530,59422,100815432175.25,12625,F1,65,,,,,
2026-03-19,2026-03-19,FO,NSE,IDO,62810,,NIFTY,,2026-03-24,2026-03-24,25950.0,CE,NIFTY2632425950CE,1.55,3.6,1.05,1.55,1.4,1.3,23002.15,1.55,63505,4550,30176,50902669298.0,8641,F1,65,,,,,
2026-03-19,2026-03-19,FO,NSE,IDO,62773,,NIFTY,,2026-03-24,2026-03-24,25600.0,CE,NIFTY2632425600CE,1.85,3.5,1.35,1.95,1.5,1.6,23002.15,1.95,388310,-333515,141443,235378825503.25,31567,F1,65,,,,,
2026-03-19,2026-03-19,FO,NSE,IDO,62718,,NIFTY,,2026-03-24,2026-03-24,25200.0,CE,NIFTY2632425200CE,2.1,3.9,1.55,2.1,1.8,2.95,23002.15,2.1,2419040,-709475,277772,455035019188.75,54886,F1,65,,,,,
2026-03-19,2026-03-19,FO,NSE,IDO,62684,,NIFTY,,2026-03-24,2026-03-24,24700.0,CE,NIFTY2632424700CE,7.0,10.35,3.8,4.65,4.45,9.9,23002.15,4.65,2339350,175760,517824,831530990738.5,116415,F1,65,,,,,
2026-03-19,2026-03-19,FO,NSE,IDO,62616,,NIFTY,,2026-03-24,2026-03-24,23850.0,CE,NIFTY2632423850CE,40.05,52.25,23.1,31.15,39.0,172.9,23002.15,31.15,1402700,6045,352215,546876550398.75,194961,F1,65,,,,,
2026-03-19,2026-03-19,FO,NSE,IDO,62588,,NIFTY,,2026-03-24,2026-03-24,23300.0,CE,NIFTY2632423300CE,232.7,274.4,105.6,138.8,169.25,545.85,23002.15,138.8,4319055,3731975,1834380,2801049925651.25,1185478,F1,65,,,,,
2026-03-19,2026-03-19,FO,NSE,IDO,62580,,NIFTY,,2026-03-24,2026-03-24,23200.0,CE,NIFTY2632423200CE,252.9,349.95,137.35,175.35,213.35,630.95,23002.15,175.35,2692625,2392195,1354956,2063589194852.25,893159,F1,65,,,,,
2026-03-19,2026-03-19,FO,NSE,IDO,62575,,NIFTY,,2026-03-24,2026-03-24,23100.0,CE,NIFTY2632423100CE,398.7,414.2,175.75,223.05,267.25,713.75,23002.15,223.05,1600560,1271140,563466,855329269210.0,385763,F1,65,,,,,
2026-03-19,2026-03-19,FO,NSE,IDO,62436,,NIFTY,,2026-03-24,2026-03-24,22550.0,CE,NIFTY2632422550CE,758.25,829.7,504.0,568.55,640.0,1300.0,23002.15,568.55,18460,16055,1350,2031631403.75,978,F1,65,,,,,
2026-03-19,2026-03-19,FO,NSE,IDO,62434,,NIFTY,,2026-03-24,2026-03-24,22500.0,CE,NIFTY2632422500CE,873.65,918.1,540.15,616.2,689.7,1273.8,23002.15,616.2,348335,112320,14551,21942532439.75,8059,F1,65,,,,,
2026-03-19,2026-03-19,FO,NSE,IDO,62395,,NIFTY,,2026-03-24,2026-03-24,22300.0,CE,NIFTY2632422300CE,1223.55,1223.55,703.2,795.75,860.0,1500.0,23002.15,795.75,8645,7735,684,1030486388.75,385,F1,65,,,,,
2026-03-19,2026-03-19,FO,NSE,IDO,62385,,NIFTY,,2026-03-24,2026-03-24,22150.0,CE,NIFTY2632422150CE,1110.2,1118.0,831.75,933.1,982.1,1196.2,23002.15,933.1,2340,2015,100,150213284.0,39,F1,65,,,,,
2026-03-19,2026-03-19,FO,NSE,IDO,54754,,NIFTY,,2026-04-13,2026-04-13,22700.0,PE,NIFTY2641322700PE,0.0,0.0,0.0,23.3,0.0,23.3,23002.15,158.1,0,0,0,0.0,0,F1,65,,,,,
2026-03-19,2026-03-19,FO,NSE,IDO,54795,,NIFTY,,2026-04-13,2026-04-13,23550.0,PE,NIFTY2641323550PE,618.0,760.0,589.25,760.0,760.0,333.2,23002.15,601.1,4095,-1040,87,137168362.5,16,F1,65,,,,,
2026-03-19,2026-03-19,FO,NSE,IDO,54877,,NIFTY,,2026-04-13,2026-04-13,24600.0,PE,NIFTY2641324600PE,0.0,0.0,0.0,533.4,0.0,533.4,23002.15,1516.1,0,0,0,0.0,0,F1,65,,,,,
2026-03-19,2026-03-19,FO,NSE,IDO,54887,,NIFTY,,2026-04-13,2026-04-13,24850.0,PE,NIFTY2641324850PE,0.0,0.0,0.0,686.9,0.0,686.9,23002.15,1759.4,0,0,0,0.0,0,F1,65,,,,,
2026-03-19,2026-03-19,FO,NSE,IDO,62694,,NIFTY,,2026-03-24,2026-03-24,24900.0,CE,NIFTY2632424900CE,3.75,5.05,2.35,3.0,2.75,5.85,23002.15,3.0,1703650,416325,215964,349587058089.75,51348,F1,65,,,,,
2026-03-19,2026-03-19,FO,NSE,IDO,62706,,NIFTY,,2026-03-24,2026-03-24,24950.0,CE,NIFTY2632424950CE,4.5,5.0,2.35,2.85,2.7,5.2,23002.15,2.85,491985,7540,66950,108590729523.25,17876,F1,65,,,,,
2026-03-19,2026-03-19,FO,NSE,IDO,62789,,NIFTY,,2026-03-24,2026-03-24,25650.0,CE,NIFTY2632425650CE,1.55,3.55,1.4,1.9,1.65,1.55,23002.15,1.9,86320,-124085,36199,60357488379.5,11421,F1,65,,,,,
2026-03-19,2026-03-19,FO,NSE,IDO,62848,,NIFTY,,2026-03-24,2026-03-24,26300.0,CE,NIFTY2632426300CE,1.3,3.05,0.9,1.3,1.1,1.1,23002.15,1.3,121680,-1365,21916,37467642251.0,9080,F1,65,,,,,
2026-03-19,2026-03-19,FO,NSE,IDO,62864,,NIFTY,,2026-03-24,2026-03-24,26650.0,CE,NIFTY2632426650CE,1.95,4.35,0.7,1.1,0.9,0.95,23002.15,1.1,23595,-4290,7405,12827943670.75,2925,F1,65,,,,,
2026-03-19,2026-03-19,FO,NSE,IDO,62938,,NIFTY,,2026-03-24,2026-03-24,27150.0,CE,NIFTY2632427150CE,0.9,3.25,0.7,0.85,0.85,0.9,23002.15,0.85,20085,-9035,2420,4270884527.0,1428,F1,65,,,,,
2026-03-19,2026-03-19,FO,NSE,IDO,62962,,NIFTY,,2026-03-24,2026-03-24,27350.0,CE,NIFTY2632427350CE,1.25,4.35,0.65,0.95,0.8,0.9,23002.15,0.95,57915,-1235,9885,17573817387.75,3541,F1,65,,,,,
2026-03-19,2026-03-19,FO,NSE,IDO,54455,,NIFTY,,2026-03-30,2026-03-30,21900.0,CE,NIFTY26MAR21900CE,1241.5,1260.15,1240.75,1248.5,1260.15,1745.4,23002.15,1248.5,390,-260,14,21065112.25,14,F1,65,,,,,
2026-03-19,2026-03-19,FO,NSE,IDO,54480,,NIFTY,,2026-03-30,2026-03-30,22550.0,CE,NIFTY26MAR22550CE,880.0,880.0,638.0,719.9,765.8,1358.25,23002.15,719.9,5070,2925,212,321101501.5,175,F1,65,,,,,
2026-03-19,2026-03-19,FO,NSE,IDO,54482,,NIFTY,,2026-03-30,2026-03-30,22600.0,CE,NIFTY26MAR22600CE,820.0,857.15,599.15,653.75,734.35,1287.25,23002.15,653.75,20280,12090,924,1398743563.75,666,F1,65,,,,,
2026-03-19,2026-03-19,FO,NSE,IDO,54546,,NIFTY,,2026-03-30,2026-03-30,24250.0,CE,NIFTY26MAR24250CE,36.2,42.6,28.5,33.0,38.65,100.75,23002.15,33.0,196105,22750,10639,16794510034.25,7067,F1,65,,,,,
2026-03-19,2026-03-19,FO,NSE,IDO,54584,,NIFTY,,2026-03-30,2026-03-30,25250.0,CE,NIFTY26MAR25250CE,10.0,10.5,6.2,7.5,7.5,10.2,23002.15,7.5,116025,3380,3664,6015394115.25,2332,F1,65,,,,,
2026-03-19,2026-03-19,FO,NSE,IDO,54586,,NIFTY,,2026-03-30,2026-03-30,25300.0,CE,NIFTY26MAR25300CE,9.0,9.0,6.3,7.05,7.75,9.8,23002.15,7.05,471640,-88335,12945,21294140419.5,7969,F1,65,,,,,
2026-03-19,2026-03-19,FO,NSE,IDO,54590,,NIFTY,,2026-03-30,2026-03-30,25400.0,CE,NIFTY26MAR25400CE,6.25,7.45,5.7,6.3,7.0,8.7,23002.15,6.3,673400,-35815,14908,24619452100.75,9326,F1,65,,,,,
2026-03-19,2026-03-19,FO,NSE,IDO,54594,,NIFTY,,2026-03-30,2026-03-30,25500.0,CE,NIFTY26MAR25500CE,5.8,15.0,5.0,6.1,5.6,7.7,23002.15,6.1,2952690,-241670,34270,56816188380.25,16499,F1,65,,,,,
2026-03-19,2026-03-19,FO,NSE,IDO,54620,,NIFTY,,2026-03-30,2026-03-30,25900.0,CE,NIFTY26MAR25900CE,5.0,6.4,4.05,4.6,4.5,5.0,23002.15,4.6,507650,-41990,4360,7341369239.75,2535,F1,65,,,,,
2026-03-19,2026-03-19,FO,NSE,IDO,54738,,NIFTY,,2026-03-30,2026-03-30,27250.0,CE,NIFTY26MAR27250CE,2.3,3.2,1.35,2.1,1.9,1.95,23002.15,2.1,32240,325,71,125768886.75,28,F1,65,,,,,
2026-03-19,2026-03-19,FO,NSE,IDO,54750,,NIFTY,,2026-03-30,2026-03-30,27550.0,CE,NIFTY26MAR27550CE,1.55,1.95,1.15,1.5,1.55,1.4,23002.15,1.5,46150,-4095,92,164758139.0,31,F1,65,,,,,
2026-03-19,2026-03-19,FO,NSE,IDO,62932,,NIFTY,,2026-03-30,2026-03-30,28000.0,CE,NIFTY26MAR28000CE,1.25,1.4,0.95,1.15,1.05,1.3,23002.15,1.15,1464960,-115660,8015,14587889267.25,2000,F1,65,,,,,
2026-03-19,2026-03-19,FO,NSE,IDO,40640,,NIFTY,,2026-04-07,2026-04-07,21000.0,CE,NIFTY2640721000CE,2225.0,2225.0,2225.0,2225.0,2225.0,2249.0,23002.15,2062.35,845,0,1,1509625.0,1,F1,65,,,,,
2026-03-19,2026-03-19,FO,NSE,IDO,40680,,NIFTY,,2026-04-07,2026-04-07,21550.0,CE,NIFTY2640721550CE,0.0,0.0,0.0,2805.85,2805.85,2805.85,23002.15,1516.55,65,0,0,0.0,0,F1,65,,,,,
2026-03-19,2026-03-19,FO,NSE,IDO,40682,,NIFTY,,2026-04-07,2026-04-07,21600.0,CE,NIFTY2640721600CE,0.0,0.0,0.0,2757.8,2757.8,2757.8,23002.15,1467.35,65,0,0,0.0,0,F1,65,,,,,
2026-03-19,2026-03-19,FO,NSE,IDO,40692,,NIFTY,,2026-04-07,2026-04-07,21800.0,CE,NIFTY2640721800CE,0.0,0.0,0.0,2567.55,2567.55,2567.55,23002.15,1272.4,65,0,0,0.0,0,F1,65,,,,,
2026-03-19,2026-03-19,FO,NSE,IDO,40740,,NIFTY,,2026-04-07,2026-04-07,22650.0,CE,NIFTY2640722650CE,0.0,0.0,0.0,1107.85,1107.85,1107.85,23002.15,531.5,195,0,0,0.0,0,F1,65,,,,,
2026-03-19,2026-03-19,FO,NSE,IDO,40761,,NIFTY,,2026-04-07,2026-04-07,22900.0,CE,NIFTY2640722900CE,664.05,698.35,518.15,562.05,616.5,984.25,23002.15,562.05,39910,38805,1205,1838262627.5,777,F1,65,,,,,
2026-03-19,2026-03-19,FO,NSE,IDO,40774,,NIFTY,,2026-04-07,2026-04-07,23050.0,CE,NIFTY2640723050CE,574.65,580.85,440.0,500.4,525.4,967.05,23002.15,500.4,6435,4875,357,546675129.0,228,F1,65,,,,,
2026-03-19,2026-03-19,FO,NSE,IDO,40790,,NIFTY,,2026-04-07,2026-04-07,23400.0,CE,NIFTY2640723400CE,391.4,436.2,278.15,319.8,345.75,659.25,23002.15,319.8,50570,32565,2533,3911497820.75,2079,F1,65,,,,,
2026-03-19,2026-03-19,FO,NSE,IDO,40800,,NIFTY,,2026-04-07,2026-04-07,23600.0,CE,NIFTY2640723600CE,309.1,312.0,209.35,232.45,256.0,522.95,23002.15,232.45,266955,144690,5763,8940080513.0,4707,F1,65,,,,,
2026-03-19,2026-03-19,FO,NSE,IDO,40833,,NIFTY,,2026-04-07,2026-04-07,24100.0,CE,NIFTY2640724100CE,126.95,127.0,88.95,98.1,112.4,241.25,23002.15,98.1,400790,8970,4783,7526590048.25,3983,F1,65,,,,,
2026-03-19,2026-03-19,FO,NSE,IDO,40864,,NIFTY,,2026-04-07,2026-04-07,24500.0,CE,NIFTY2640724500CE,56.7,57.5,43.6,49.65,53.5,113.0,23002.15,49.65,887185,33930,15251,24337495497.25,7990,F1,65,,,,,
2026-03-19,2026-03-19,FO,NSE,IDO,40866,,NIFTY,,2026-04-07,2026-04-07,24550.0,CE,NIFTY2640724550CE,44.65,52.2,40.25,44.6,49.1,103.5,23002.15,44.6,819195,12090,8479,13555402263.0,3417,F1,65,,,,,
2026-03-19,2026-03-19,FO,NSE,IDO,40948,,NIFTY,,2026-04-07,2026-04-07,25650.0,CE,NIFTY2640725650CE,15.0,15.0,9.55,13.0,13.0,14.75,23002.15,13.0,4420,585,36,60049853.5,23,F1,65,,,,,
2026-03-19,2026-03-19,FO,NSE,IDO,40959,,NIFTY,,2026-04-07,2026-04-07,25800.0,CE,NIFTY2640725800CE,12.1,12.1,7.25,8.8,10.0,12.65,23002.15,8.8,16965,2925,402,674381870.5,201,F1,65,,,,,
2026-03-19,2026-03-19,FO,NSE,IDO,54629,,NIFTY,,2026-04-13,2026-04-13,21450.0,CE,NIFTY2641321450CE,0.0,0.0,0.0,2949.05,0.0,2949.05,23002.15,1637.35,0,0,0,0.0,0,F1,65,,,,,
2026-03-19,2026-03-19,FO,NSE,IDO,54657,,NIFTY,,2026-04-13,2026-04-13,21650.0,CE,NIFTY2641321650CE,0.0,0.0,0.0,2750.9,0.0,2750.9,23002.15,1442.95,0,0,0,0.0,0,F1,65,,,,,
2026-03-19,2026-03-19,FO,NSE,IDO,54703,,NIFTY,,2026-04-13,2026-04-13,22550.0,CE,NIFTY2641322550CE,0.0,0.0,0.0,1871.7,0.0,1871.7,23002.15,652.45,0,0,0,0.0,0,F1,65,,,,,
2026-03-19,2026-03-19,FO,NSE,IDO,54707,,NIFTY,,2026-04-13,2026-04-13,22650.0,CE,NIFTY2641322650CE,0.0,0.0,0.0,1776.8,0.0,1776.8,23002.15,580.15,0,0,0,0.0,0,F1,65,,,,,
2026-03-19,2026-03-19,FO,NSE,IDO,54788,,NIFTY,,2026-04-13,2026-04-13,23400.0,CE,NIFTY2641323400CE,483.0,492.5,355.85,388.0,425.35,768.4,23002.15,388.0,9750,6890,374,579116320.25,356,F1,65,,,,,
2026-03-19,2026-03-19,FO,NSE,IDO,54821,,NIFTY,,2026-04-13,2026-04-13,24150.0,CE,NIFTY2641324150CE,160.5,167.05,127.95,155.55,156.05,311.6,23002.15,155.55,3120,2470,62,97915814.75,23,F1,65,,,,,
2026-03-19,2026-03-19,FO,NSE,IDO,63182,,NIFTY,,2026-04-21,2026-04-21,20950.0,CE,NIFTY2642120950CE,0.0,0.0,0.0,2772.95,0.0,2772.95,23002.15,2157.95,0,0,0,0.0,0,F1,65,,,,,
2026-03-19,2026-03-19,FO,NSE,IDO,63311,,NIFTY,,2026-04-21,2026-04-21,21850.0,CE,NIFTY2642121850CE,0.0,0.0,0.0,1894.15,0.0,1894.15,23002.15,1291.8,0,0,0,0.0,0,F1,65,,,,,
2026-03-19,2026-03-19,FO,NSE,IDO,63364,,NIFTY,,2026-04-21,2026-04-21,22800.0,CE,NIFTY2642122800CE,0.0,0.0,0.0,1050.95,0.0,1050.95,23002.15,541.25,0,0,0,0.0,0,F1,65,,,,,
2026-03-19,2026-03-19,FO,NSE,IDO,63366,,NIFTY,,2026-04-21,2026-04-21,22850.0,CE,NIFTY2642122850CE,0.0,0.0,0.0,1011.6,0.0,1011.6,23002.15,510.5,0,0,0,0.0,0,F1,65,,,,,
2026-03-19,2026-03-19,FO,NSE,IDO,63380,,NIFTY,,2026-04-21,2026-04-21,23100.0,CE,NIFTY2642123100CE,0.0,0.0,0.0,825.15,0.0,825.15,23002.15,372.8,0,0,0,0.0,0,F1,65,,,,,
2026-03-19,2026-03-19,FO,NSE,IDO,63394,,NIFTY,,2026-04-21,2026-04-21,23450.0,CE,NIFTY2642123450CE,0.0,0.0,0.0,597.65,0.0,597.65,23002.15,224.95,0,0,0,0.0,0,F1,65,,,,,
2026-03-19,2026-03-19,FO,NSE,IDO,63402,,NIFTY,,2026-04-21,2026-04-21,23650.0,CE,NIFTY2642123650CE,0.0,0.0,0.0,486.6,0.0,486.6,23002.15,162.55,0,0,0,0.0,0,F1,65,,,,,
2026-03-19,2026-03-19,FO,NSE,IDO,63414,,NIFTY,,2026-04-21,2026-04-21,23950.0,CE,NIFTY2642123950CE,298.65,298.65,269.05,283.1,284.3,493.1,23002.15,283.1,715,650,11,17327037.0,11,F1,65,,,,,
2026-03-19,2026-03-19,FO,NSE,IDO,63436,,NIFTY,,2026-04-21,2026-04-21,24400.0,CE,NIFTY2642124400CE,0.0,0.0,0.0,193.8,0.0,193.8,23002.15,37.55,0,0,0,0.0,0,F1,65,,,,,
2026-03-19,2026-03-19,FO,NSE,IDO,63490,,NIFTY,,2026-04-21,2026-04-21,25200.0,CE,NIFTY2642125200CE,0.0,0.0,0.0,55.15,0.0,55.15,23002.15,5.05,0,0,0,0.0,0,F1,65,,,,,
2026-03-19,2026-03-19,FO,NSE,IDO,63496,,NIFTY,,2026-04-21,2026-04-21,25350.0,CE,NIFTY2642125350CE,0.0,0.0,0.0,42.15,0.0,42.15,23002.15,3.3,0,0,0,0.0,0,F1,65,,,,,
2026-03-19,2026-03-19,FO,NSE,IDO,63498,,NIFTY,,2026-04-21,2026-04-21,25400.0,CE,NIFTY2642125400CE,0.0,0.0,0.0,38.45,0.0,38.45,23002.15,2.85,0,0,0,0.0,0,F1,65,,,,,
2026-03-19,2026-03-19,FO,NSE,IDO,71871,,NIFTY,,2026-04-28,2026-04-28,21050.0,CE,NIFTY26APR21050CE,0.0,0.0,0.0,2552.35,2552.35,2552.35,23002.15,2083.8,65,0,0,0.0,0,F1,65,,,,,
2026-03-19,2026-03-19,FO,NSE,IDO,71873,,NIFTY,,2026-04-28,2026-04-28,21100.0,CE,NIFTY26APR21100CE,0.0,0.0,0.0,2514.8,2514.8,2514.8,23002.15,2034.95,65,0,0,0.0,0,F1,65,,,,,
2026-03-19,2026-03-19,FO,NSE,IDO,71929,,NIFTY,,2026-04-28,2026-04-28,21550.0,CE,NIFTY26APR21550CE,0.0,0.0,0.0,2081.7,2081.7,2081.7,23002.15,1602.7,65,0,0,0.0,0,F1,65,,,,,
2026-03-19,2026-03-19,FO,NSE,IDO,72212,,NIFTY,,2026-04-28,2026-04-28,23100.0,CE,NIFTY26APR23100CE,849.55,867.55,677.4,718.0,765.0,1136.7,23002.15,718.0,105625,52260,3158,4900194312.0,2516,F1,65,,,,,
2026-03-19,2026-03-19,FO,NSE,IDO,72218,,NIFTY,,2026-04-28,2026-04-28,23250.0,CE,NIFTY26APR23250CE,753.3,762.0,593.8,644.8,671.85,1035.0,23002.15,644.8,39975,20865,1021,1589705318.5,884,F1,65,,,,,
2026-03-19,2026-03-19,FO,NSE,IDO,72224,,NIFTY,,2026-04-28,2026-04-28,23400.0,CE,NIFTY26APR23400CE,700.0,700.0,520.95,561.75,595.0,900.05,23002.15,561.75,203385,31850,3995,6236214650.25,3483,F1,65,,,,,
2026-03-19,2026-03-19,FO,NSE,IDO,72312,,NIFTY,,2026-04-28,2026-04-28,24350.0,CE,NIFTY26APR24350CE,221.2,236.0,179.05,197.35,206.3,335.55,23002.15,197.35,28080,2405,551,879716292.0,463,F1,65,,,,,
2026-03-19,2026-03-19,FO,NSE,IDO,72323,,NIFTY,,2026-04-28,2026-04-28,24450.0,CE,NIFTY26APR24450CE,205.0,205.0,156.15,174.2,187.5,298.35,23002.15,174.2,51740,-4940,1132,1812384466.75,1006,F1,65,,,,,
2026-03-19,2026-03-19,FO,NSE,IDO,72331,,NIFTY,,2026-04-28,2026-04-28,24650.0,CE,NIFTY26APR24650CE,153.55,154.15,120.75,137.25,143.45,224.7,23002.15,137.25,25350,-3900,874,1408564660.75,761,F1,65,,,,,
2026-03-19,2026-03-19,FO,NSE,IDO,72335,,NIFTY,,2026-04-28,2026-04-28,24750.0,CE,NIFTY26APR24750CE,116.35,135.05,104.55,118.45,125.15,203.2,23002.15,118.45,35295,5330,1559,2520433240.0,1104,F1,65,,,,,
2026-03-19,2026-03-19,FO,NSE,IDO,72342,,NIFTY,,2026-04-28,2026-04-28,24900.0,CE,NIFTY26APR24900CE,84.85,108.25,84.85,98.2,102.0,156.45,23002.15,98.2,174720,13325,4369,7099171810.25,2956,F1,65,,,,,
2026-03-19,2026-03-19,FO,NSE,IDO,72424,,NIFTY,,2026-04-28,2026-04-28,25650.0,CE,NIFTY26APR25650CE,35.0,42.25,32.1,38.1,42.25,50.25,23002.15,38.1,12220,1105,94,156948028.25,43,F1,65,,,,,
2026-03-19,2026-03-19,FO,NSE,IDO,72729,,NIFTY,,2026-04-28,2026-04-28,27100.0,CE,NIFTY26APR27100CE,13.65,14.25,10.35,12.15,12.25,13.8,23002.15,12.15,29445,585,210,370081318.75,105,F1,65,,,,,
2026-03-19,2026-03-19,FO,NSE,IDO,72745,,NIFTY,,2026-04-28,2026-04-28,27300.0,CE,NIFTY26APR27300CE,12.45,13.2,9.7,10.45,10.9,12.45,23002.15,10.45,89830,-1690,114,202377113.25,37,F1,65,,,,,
2026-03-19,2026-03-19,FO,NSE,IDO,71788,,NIFTY,,2026-05-26,2026-05-26,21900.0,CE,NIFTY26MAY21900CE,0.0,0.0,0.0,2005.55,2005.55,2005.55,23002.15,1423.5,130,0,0,0.0,0,F1,65,,,,,
2026-03-19,2026-03-19,FO,NSE,IDO,71816,,NIFTY,,2026-05-26,2026-05-26,22100.0,CE,NIFTY26MAY22100CE,0.0,0.0,0.0,1767.85,1767.85,1767.85,23002.15,1260.35,65,0,0,0.0,0,F1,65,,,,,
2026-03-19,2026-03-19,FO,NSE,IDO,71832,,NIFTY,,2026-05-26,2026-05-26,22250.0,CE,NIFTY26MAY22250CE,0.0,0.0,0.0,1655.8,1655.8,1655.8,23002.15,1143.6,65,0,0,0.0,0,F1,65,,,,,
2026-03-19,2026-03-19,FO,NSE,IDO,71836,,NIFTY,,2026-05-26,2026-05-26,22300.0,CE,NIFTY26MAY22300CE,0.0,0.0,0.0,1618.9,1618.9,1618.9,23002.15,1105.9,65,0,0,0.0,0,F1,65,,,,,
2026-03-19,2026-03-19,FO,NSE,IDO,71838,,NIFTY,,2026-05-26,2026-05-26,22350.0,CE,NIFTY26MAY22350CE,0.0,0.0,0.0,1580.1,1580.1,1580.1,23002.15,1068.75,65,0,0,0.0,0,F1,65,,,,,
2026-03-19,2026-03-19,FO,NSE,IDO,71848,,NIFTY,,2026-05-26,2026-05-26,22450.0,CE,NIFTY26MAY22450CE,0.0,0.0,0.0,1510.0,1510.0,1510.0,23002.15,996.4,65,0,0,0.0,0,F1,65,,,,,
2026-03-19,2026-03-19,FO,NSE,IDO,71867,,NIFTY,,2026-05-26,2026-05-26,22550.0,CE,NIFTY26MAY22550CE,1412.35,1430.6,1412.35,1430.6,1430.6,1540.55,23002.15,926.65,195,65,2,3116291.75,2,F1,65,,,,,
2026-03-19,2026-03-19,FO,NSE,IDO,71879,,NIFTY,,2026-05-26,2026-05-26,22700.0,CE,NIFTY26MAY22700CE,1313.3,1317.15,1143.4,1145.2,1143.4,1483.8,23002.15,1145.2,455,260,6,9330207.25,6,F1,65,,,,,
2026-03-19,2026-03-19,FO,NSE,IDO,71887,,NIFTY,,2026-05-26,2026-05-26,22900.0,CE,NIFTY26MAY22900CE,0.0,0.0,0.0,1342.8,1342.8,1342.8,23002.15,704.35,65,0,0,0.0,0,F1,65,,,,,
2026-03-19,2026-03-19,FO,NSE,IDO,71979,,NIFTY,,2026-05-26,2026-05-26,23250.0,CE,NIFTY26MAY23250CE,933.4,949.75,816.3,816.3,816.3,1258.05,23002.15,816.3,910,390,17,26719732.0,17,F1,65,,,,,
2026-03-19,2026-03-19,FO,NSE,IDO,72273,,NIFTY,,2026-05-26,2026-05-26,24450.0,CE,NIFTY26MAY24450CE,356.75,361.25,305.0,326.9,334.35,496.1,23002.15,326.9,6500,3770,127,204587912.75,65,F1,65,,,,,
2026-03-19,2026-03-19,FO,NSE,IDO,72304,,NIFTY,,2026-05-26,2026-05-26,25150.0,CE,NIFTY26MAY25150CE,152.2,167.75,139.75,148.85,156.9,245.55,23002.15,148.85,2600,-1755,114,187484992.5,62,F1,65,,,,,
2026-03-19,2026-03-19,FO,NSE,IDO,72601,,NIFTY,,2026-05-26,2026-05-26,26700.0,CE,NIFTY26MAY26700CE,30.0,37.1,27.4,32.9,37.1,35.75,23002.15,32.9,24245,-390,29,50388526.5,16,F1,65,,,,,
2026-03-19,2026-03-19,FO,NSE,IDO,72615,,NIFTY,,2026-05-26,2026-05-26,26900.0,CE,NIFTY26MAY26900CE,0.0,0.0,0.0,37.75,37.75,37.75,23002.15,2.3,2405,0,0,0.0,0,F1,65,,,,,
2026-03-19,2026-03-19,FO,NSE,IDO,55183,,NIFTY,,2026-06-30,2026-06-30,19500.0,CE,NIFTY26JUN19500CE,4100.0,4100.0,3850.0,3850.0,3850.0,4600.0,23002.15,3804.8,1755,-130,2,3051750.0,2,F1,65,,,,,
2026-03-19,2026-03-19,FO,NSE,IDO,55185,,NIFTY,,2026-06-30,2026-06-30,22500.0,CE,NIFTY26JUN22500CE,1650.0,1650.0,1399.55,1478.15,1512.0,1934.95,23002.15,1478.15,28210,1495,479,748944833.0,295,F1,65,,,,,
2026-03-19,2026-03-19,FO,NSE,IDO,65881,,NIFTY,,2026-09-29,2026-09-29,15000.0,CE,NIFTY26SEP15000CE,0.0,0.0,0.0,10499.3,0.0,10499.3,23002.15,8434.3,0,0,0,0.0,0,F1,65,,,,,
2026-03-19,2026-03-19,FO,NSE,IDO,55284,,NIFTY,,2026-09-29,2026-09-29,22500.0,CE,NIFTY26SEP22500CE,0.0,0.0,0.0,4506.85,0.0,4506.85,23002.15,1555.9,0,0,0,0.0,0,F1,65,,,,,
2026-03-19,2026-03-19,FO,NSE,IDO,55286,,NIFTY,,2026-09-29,2026-09-29,25500.0,CE,NIFTY26SEP25500CE,480.0,570.0,421.1,440.65,445.0,577.0,23002.15,440.65,217295,-8840,2912,4914502602.75,1198,F1,65,,,,,
2026-03-19,2026-03-19,FO,NSE,IDO,65923,,NIFTY,,2026-09-29,2026-09-29,30000.0,CE,NIFTY26SEP30000CE,38.6,39.05,32.7,36.55,38.0,38.7,23002.15,36.55,122225,6370,317,618902456.25,226,F1,65,,,,,
2026-03-19,2026-03-19,FO,NSE,IDO,65929,,NIFTY,,2026-09-29,2026-09-29,33000.0,CE,NIFTY26SEP33000CE,20.25,24.4,13.5,17.0,17.0,20.0,23002.15,0.2,7410,-130,30,64387875.5,27,F1,65,,,,,
2026-03-19,2026-03-19,FO,NSE,IDO,55324,,NIFTY,,2026-12-29,2026-12-29,19500.0,CE,NIFTY26DEC19500CE,0.0,0.0,0.0,7586.85,0.0,7586.85,23002.15,4357.9,0,0,0,0.0,0,F1,65,,,,,
2026-03-19,2026-03-19,FO,NSE,IDO,55336,,NIFTY,,2026-12-29,2026-12-29,34500.0,CE,NIFTY26DEC34500CE,0.0,0.0,0.0,89.2,0.0,89.2,23002.15,0.85,0,0,0,0.0,0,F1,65,,,,,
2026-03-19,2026-03-19,FO,NSE,IDO,55376,,NIFTY,,2027-06-29,2027-06-29,25500.0,CE,NIFTY27JUN25500CE,0.0,0.0,0.0,3312.45,0.0,3312.45,23002.15,1043.5,0,0,0,0.0,0,F1,65,,,,,
2026-03-19,2026-03-19,FO,NSE,IDO,55426,,NIFTY,,2027-12-28,2027-12-28,25500.0,CE,NIFTY27DEC25500CE,0.0,0.0,0.0,4013.5,0.0,4013.5,23002.15,1558.45,0,0,0,0.0,0,F1,65,,,,,
2026-03-19,2026-03-19,FO,NSE,IDO,55558,,NIFTY,,2029-06-26,2029-06-26,19500.0,CE,NIFTY29JUN19500CE,0.0,0.0,0.0,10206.95,0.0,10206.95,23002.15,6868.5,0,0,0,0.0,0,F1,65,,,,,
2026-03-19,2026-03-19,FO,NSE,IDO,89624,,NIFTY,,2029-06-26,2029-06-26,21000.0,CE,NIFTY29JUN21000CE,0.0,0.0,0.0,9799.75,0.0,9799.75,23002.15,5769.0,0,0,0,0.0,0,F1,65,,,,,
2026-03-19,2026-03-19,FO,NSE,IDO,55560,,NIFTY,,2029-06-26,2029-06-26,22500.0,CE,NIFTY29JUN22500CE,0.0,0.0,0.0,7946.5,0.0,7946.5,23002.15,4758.4,0,0,0,0.0,0,F1,65,,,,,
2026-03-19,2026-03-19,FO,NSE,IDO,55604,,NIFTY,,2029-12-24,2029-12-24,25500.0,CE,NIFTY29DEC25500CE,0.0,0.0,0.0,6500.6,0.0,6500.6,23002.15,3550.5,0,0,0,0.0,0,F1,65,,,,,
2026-03-19,2026-03-19,FO,NSE,IDO,60892,,NIFTY,,2030-06-25,2030-06-25,18000.0,CE,NIFTY30JUN18000CE,0.0,0.0,0.0,12423.9,0.0,12423.9,23002.15,8848.4,0,0,0,0.0,0,F1,65,,,,,
2026-03-19,2026-03-19,FO,NSE,IDO,55770,,NIFTY,,2030-12-31,2030-12-31,34500.0,CE,NIFTY30DEC34500CE,0.0,0.0,0.0,3406.35,0.0,3406.35,23002.15,1424.4,0,0,0,0.0,0,F1,65,,,,,
2026-03-19,2026-03-19,FO,NSE,IDO,62345,,NIFTY,,2026-03-24,2026-03-24,21450.0,PE,NIFTY2632421450PE,12.9,22.7,7.0,17.55,16.35,6.15,23002.15,17.55,634595,151255,88294,123179332718.0,42201,F1,65,,,,,
2026-03-19,2026-03-19,FO,NSE,IDO,62378,,NIFTY,,2026-03-24,2026-03-24,21950.0,PE,NIFTY2632421950PE,30.95,48.7,19.45,39.75,37.85,10.95,23002.15,39.75,521105,306800,140092,200136348480.25,71743,F1,65,,,,,
2026-03-19,2026-03-19,FO,NSE,IDO,62398,,NIFTY,,2026-03-24,2026-03-24,22350.0,PE,NIFTY2632422350PE,47.0,100.0,36.65,80.95,74.8,18.65,23002.15,80.95,568815,316875,219839,320161680917.0,121418,F1,65,,,,,
2026-03-19,2026-03-19,FO,NSE,IDO,62408,,NIFTY,,2026-03-24,2026-03-24,22450.0,PE,NIFTY2632422450PE,55.05,119.9,43.3,96.3,87.95,21.15,23002.15,96.3,429325,-17680,204514,299358680822.5,127175,F1,65,,,,,
2026-03-19,2026-03-19,FO,NSE,IDO,62591,,NIFTY,,2026-03-24,2026-03-24,23350.0,PE,NIFTY2632423350PE,219.25,528.0,196.7,446.5,406.25,92.7,23002.15,446.5,455390,-497965,390189,599712122701.25,290167,F1,65,,,,,
2026-03-19,2026-03-19,FO,NSE,IDO,62595,,NIFTY,,2026-03-24,2026-03-24,23450.0,PE,NIFTY2632423450PE,300.0,605.85,227.5,508.25,470.15,112.5,23002.15,508.25,339105,-601120,111627,172722665433.5,82714,F1,65,,,,,
2026-03-19,2026-03-19,FO,NSE,IDO,62599,,NIFTY,,2026-03-24,2026-03-24,23550.0,PE,NIFTY2632423550PE,299.5,686.35,287.0,596.0,544.6,137.7,23002.15,596.0,487825,-849550,63986,99653058843.0,41864,F1,65,,,,,
2026-03-19,2026-03-19,FO,NSE,IDO,62606,,NIFTY,,2026-03-24,2026-03-24,23700.0,PE,NIFTY2632423700PE,425.0,820.3,405.95,726.15,664.6,187.5,23002.15,726.15,688155,-2937870,145375,228954165560.25,77878,F1,65,,,,,
2026-03-19,2026-03-19,FO,NSE,IDO,62874,,NIFTY,,2026-03-24,2026-03-24,26850.0,PE,NIFTY2632426850PE,0.0,0.0,0.0,3354.3,3354.3,3354.3,23002.15,3827.65,130,0,0,0.0,0,F1,65,,,,,
2026-03-19,2026-03-19,FO,NSE,IDO,62881,,NIFTY,,2026-03-24,2026-03-24,26950.0,PE,NIFTY2632426950PE,0.0,0.0,0.0,3521.6,3521.6,3521.6,23002.15,3927.55,130,0,0,0.0,0,F1,65,,,,,
2026-03-19,2026-03-19,FO,NSE,IDO,54420,,NIFTY,,2026-03-30,2026-03-30,20950.0,PE,NIFTY26MAR20950PE,30.35,42.5,20.7,33.05,34.9,16.4,23002.15,33.05,333320,135720,13620,18571200189.75,9075,F1,65,,,,,
2026-03-19,2026-03-19,FO,NSE,IDO,54424,,NIFTY,,2026-03-30,2026-03-30,21100.0,PE,NIFTY26MAR21100PE,31.85,48.0,23.0,40.85,40.8,17.4,23002.15,40.85,41470,20605,5437,7468099366.0,3669,F1,65,,,,,
2026-03-19,2026-03-19,FO,NSE,IDO,54446,,NIFTY,,2026-03-30,2026-03-30,21650.0,PE,NIFTY26MAR21650PE,0.0,0.0,0.0,1.1,0.0,1.1,23002.15,0.5,0,0,0,0.0,0,F1,65,,,,,
2026-03-19,2026-03-19,FO,NSE,IDO,54454,,NIFTY,,2026-03-30,2026-03-30,21850.0,PE,NIFTY26MAR21850PE,0.0,0.0,0.0,1.75,0.0,1.75,23002.15,1.8,0,0,0,0.0,0,F1,65,,,,,
2026-03-19,2026-03-19,FO,NSE,IDO,54481,,NIFTY,,2026-03-30,2026-03-30,22550.0,PE,NIFTY26MAR22550PE,123.15,245.0,113.9,211.8,194.55,64.35,23002.15,211.8,122395,75335,12223,18052896062.5,8750,F1,65,,,,,
2026-03-19,2026-03-19,FO,NSE,IDO,54487,,NIFTY,,2026-03-30,2026-03-30,22700.0,PE,NIFTY26MAR22700PE,171.1,292.45,142.5,249.6,226.8,76.05,23002.15,249.6,423345,-7540,39906,59415834006.75,27628,F1,65,,,,,
2026-03-19,2026-03-19,FO,NSE,IDO,54533,,NIFTY,,2026-03-30,2026-03-30,23850.0,PE,NIFTY26MAR23850PE,600.9,972.4,542.7,865.6,824.55,333.35,23002.15,865.6,175825,-96330,4415,7039492710.25,3160,F1,65,,,,,
2026-03-19,2026-03-19,FO,NSE,IDO,54535,,NIFTY,,2026-03-30,2026-03-30,23900.0,PE,NIFTY26MAR23900PE,500.0,1012.6,483.3,915.55,846.45,352.8,23002.15,915.55,381225,-234195,9296,14886015157.0,7274,F1,65,,,,,
2026-03-19,2026-03-19,FO,NSE,IDO,54545,,NIFTY,,2026-03-30,2026-03-30,24200.0,PE,NIFTY26MAR24200PE,880.0,1284.7,835.45,1212.15,1102.2,530.35,23002.15,1212.15,492570,-42965,2617,4291828901.75,1799,F1,65,,,,,
2026-03-19,2026-03-19,FO,NSE,IDO,54664,,NIFTY,,2026-03-30,2026-03-30,26300.0,PE,NIFTY26MAR26300PE,3000.0,3416.55,2950.0,3345.45,3169.35,2517.9,23002.15,3345.45,162565,-12935,631,1215147303.5,256,F1,65,,,,,
2026-03-19,2026-03-19,FO,NSE,IDO,54666,,NIFTY,,2026-03-30,2026-03-30,26350.0,PE,NIFTY26MAR26350PE,3300.0,3300.0,3300.0,3300.0,3300.0,3011.55,23002.15,3304.2,11310,0,1,1927250.0,1,F1,65,,,,,
2026-03-19,2026-03-19,FO,NSE,IDO,40659,,NIFTY,,2026-04-07,2026-04-07,21250.0,PE,NIFTY2640721250PE,0.0,0.0,0.0,0.05,0.0,0.05,23002.15,0.65,0,0,0,0.0,0,F1,65,,,,,
2026-03-19,2026-03-19,FO,NSE,IDO,40661,,NIFTY,,2026-04-07,2026-04-07,21300.0,PE,NIFTY2640721300PE,0.0,0.0,0.0,0.05,0.0,0.05,23002.15,0.85,0,0,0,0.0,0,F1,65,,,,,
2026-03-19,2026-03-19,FO,NSE,IDO,40683,,NIFTY,,2026-04-07,2026-04-07,21600.0,PE,NIFTY2640721600PE,0.0,0.0,0.0,0.15,0.0,0.15,23002.15,3.45,0,0,0,0.0,0,F1,65,,,,,
2026-03-19,2026-03-19,FO,NSE,IDO,40699,,NIFTY,,2026-04-07,2026-04-07,21950.0,PE,NIFTY2640721950PE,0.0,0.0,0.0,0.5,0.0,0.5,23002.15,14.0,0,0,0,0.0,0,F1,65,,,,,
2026-03-19,2026-03-19,FO,NSE,IDO,40735,,NIFTY,,2026-04-07,2026-04-07,22500.0,PE,NIFTY2640722500PE,185.05,312.05,173.2,277.05,257.9,110.1,23002.15,277.05,244140,-116870,17176,25371451911.0,11228,F1,65,,,,,
2026-03-19,2026-03-19,FO,NSE,IDO,40751,,NIFTY,,2026-04-07,2026-04-07,22750.0,PE,NIFTY2640722750PE,256.6,390.0,226.95,336.55,324.3,137.0,23002.15,336.55,7475,-845,563,843681306.0,439,F1,65,,,,,
2026-03-19,2026-03-19,FO,NSE,IDO,40753,,NIFTY,,2026-04-07,2026-04-07,22800.0,PE,NIFTY2640722800PE,262.7,407.15,226.8,353.95,346.85,138.0,23002.15,353.95,127140,1235,6921,10398267447.75,4491,F1,65,,,,,
2026-03-19,2026-03-19,FO,NSE,IDO,40801,,NIFTY,,2026-04-07,2026-04-07,23600.0,PE,NIFTY2640723600PE,450.0,823.4,424.1,753.95,700.0,305.55,23002.15,753.95,233545,69355,4227,6652375021.5,3677,F1,65,,,,,
2026-03-19,2026-03-19,FO,NSE,IDO,40817,,NIFTY,,2026-04-07,2026-04-07,23800.0,PE,NIFTY2640723800PE,480.0,967.7,480.0,860.05,839.75,371.7,23002.15,860.05,158080,-44590,2024,3223658626.5,1461,F1,65,,,,,
2026-03-19,2026-03-19,FO,NSE,IDO,40837,,NIFTY,,2026-04-07,2026-04-07,24100.0,PE,NIFTY2640724100PE,800.0,1200.0,764.9,1140.0,1044.95,521.55,23002.15,1140.0,356785,-32695,2760,4499772169.75,2039,F1,65,,,,,
2026-03-19,2026-03-19,FO,NSE,IDO,40887,,NIFTY,,2026-04-07,2026-04-07,24900.0,PE,NIFTY2640724900PE,1600.0,1600.0,1600.0,1600.0,1600.0,1100.0,23002.15,1827.95,6630,65,1,1722500.0,1,F1,65,,,,,
2026-03-19,2026-03-19,FO,NSE,IDO,40915,,NIFTY,,2026-04-07,2026-04-07,25300.0,PE,NIFTY2640725300PE,0.0,0.0,0.0,2066.75,2072.0,2066.75,23002.15,2225.75,65,0,0,0.0,0,F1,65,,,,,
2026-03-19,2026-03-19,FO,NSE,IDO,40985,,NIFTY,,2026-04-07,2026-04-07,26350.0,PE,NIFTY2640726350PE,0.0,0.0,0.0,2349.15,2349.15,2349.15,23002.15,3272.5,65,0,0,0.0,0,F1,65,,,,,
2026-03-19,2026-03-19,FO,NSE,IDO,54799,,NIFTY,,2026-04-13,2026-04-13,23650.0,PE,NIFTY2641323650PE,500.0,661.1,500.0,658.1,658.1,350.0,23002.15,675.0,1430,910,24,37849051.5,13,F1,65,,,,,
2026-03-19,2026-03-19,FO,NSE,IDO,54817,,NIFTY,,2026-04-13,2026-04-13,24050.0,PE,NIFTY2641324050PE,0.0,0.0,0.0,507.4,507.4,507.4,23002.15,1004.9,195,0,0,0.0,0,F1,65,,,,,
2026-03-19,2026-03-19,FO,NSE,IDO,54820,,NIFTY,,2026-04-13,2026-04-13,24100.0,PE,NIFTY2641324100PE,0.0,0.0,0.0,556.8,563.4,556.8,23002.15,1049.25,2600,0,0,0.0,0,F1,65,,,,,
2026-03-19,2026-03-19,FO,NSE,IDO,54867,,NIFTY,,2026-04-13,2026-04-13,24350.0,PE,NIFTY2641324350PE,0.0,0.0,0.0,401.9,0.0,401.9,23002.15,1278.25,0,0,0,0.0,0,F1,65,,,,,
2026-03-19,2026-03-19,FO,NSE,IDO,54977,,NIFTY,,2026-04-13,2026-04-13,25700.0,PE,NIFTY2641325700PE,0.0,0.0,0.0,1345.75,0.0,1345.75,23002.15,2601.45,0,0,0,0.0,0,F1,65,,,,,
2026-03-19,2026-03-19,FO,NSE,IDO,54981,,NIFTY,,2026-04-13,2026-04-13,25800.0,PE,NIFTY2641325800PE,0.0,0.0,0.0,1433.75,0.0,1433.75,23002.15,2701.0,0,0,0,0.0,0,F1,65,,,,,
2026-03-19,2026-03-19,FO,NSE,IDO,54985,,NIFTY,,2026-04-13,2026-04-13,25900.0,PE,NIFTY2641325900PE,0.0,0.0,0.0,1523.3,0.0,1523.3,23002.15,2800.55,0,0,0,0.0,0,F1,65,,,,,
2026-03-19,2026-03-19,FO,NSE,IDO,63189,,NIFTY,,2026-04-21,2026-04-21,21000.0,PE,NIFTY2642121000PE,0.0,0.0,0.0,1.45,0.0,1.45,23002.15,2.25,0,0,0,0.0,0,F1,65,,,,,
2026-03-19,2026-03-19,FO,NSE,IDO,63202,,NIFTY,,2026-04-21,2026-04-21,21100.0,PE,NIFTY2642121100PE,0.0,0.0,0.0,2.0,0.0,2.0,23002.15,3.2,0,0,0,0.0,0,F1,65,,,,,
2026-03-19,2026-03-19,FO,NSE,IDO,63310,,NIFTY,,2026-04-21,2026-04-21,21800.0,PE,NIFTY2642121800PE,0.0,0.0,0.0,14.5,0.0,14.5,23002.15,27.45,0,0,0,0.0,0,F1,65,,,,,
2026-03-19,2026-03-19,FO,NSE,IDO,63335,,NIFTY,,2026-04-21,2026-04-21,22300.0,PE,NIFTY2642122300PE,0.0,0.0,0.0,45.45,0.0,45.45,23002.15,89.2,0,0,0,0.0,0,F1,65,,,,,
2026-03-19,2026-03-19,FO,NSE,IDO,63354,,NIFTY,,2026-04-21,2026-04-21,22600.0,PE,NIFTY2642122600PE,0.0,0.0,0.0,81.9,0.0,81.9,23002.15,160.15,0,0,0,0.0,0,F1,65,,,,,
2026-03-19,2026-03-19,FO,NSE,IDO,63379,,NIFTY,,2026-04-21,2026-04-21,23050.0,PE,NIFTY2642123050PE,0.0,0.0,0.0,175.15,0.0,175.15,23002.15,331.7,0,0,0,0.0,0,F1,65,,,,,
2026-03-19,2026-03-19,FO,NSE,IDO,63395,,NIFTY,,2026-04-21,2026-04-21,23450.0,PE,NIFTY2642123450PE,775.4,775.4,775.4,775.4,775.4,309.2,23002.15,556.45,325,325,5,7873255.0,1,F1,65,,,,,
2026-03-19,2026-03-19,FO,NSE,IDO,63431,,NIFTY,,2026-04-21,2026-04-21,24300.0,PE,NIFTY2642124300PE,0.0,0.0,0.0,778.1,0.0,778.1,23002.15,1224.05,0,0,0,0.0,0,F1,65,,,,,
2026-03-19,2026-03-19,FO,NSE,IDO,71924,,NIFTY,,2026-04-28,2026-04-28,21400.0,PE,NIFTY26APR21400PE,0.0,0.0,0.0,2.35,0.0,2.35,23002.15,14.2,0,0,0,0.0,0,F1,65,,,,,
2026-03-19,2026-03-19,FO,NSE,IDO,71968,,NIFTY,,2026-04-28,2026-04-28,22450.0,PE,NIFTY26APR22450PE,0.0,0.0,0.0,18.05,0.0,18.05,23002.15,143.15,0,0,0,0.0,0,F1,65,,,,,
2026-03-19,2026-03-19,FO,NSE,IDO,72336,,NIFTY,,2026-04-28,2026-04-28,24750.0,PE,NIFTY26APR24750PE,1383.25,1700.05,1383.25,1690.05,1585.7,1012.0,23002.15,1690.05,7605,-1820,42,72121156.25,24,F1,65,,,,,
2026-03-19,2026-03-19,FO,NSE,IDO,72466,,NIFTY,,2026-04-28,2026-04-28,26100.0,PE,NIFTY26APR26100PE,2999.0,2999.0,2953.25,2983.75,2953.25,2175.95,23002.15,2983.75,19890,-195,3,5671331.25,2,F1,65,,,,,
2026-03-19,2026-03-19,FO,NSE,IDO,72494,,NIFTY,,2026-04-28,2026-04-28,26450.0,PE,NIFTY26APR26450PE,0.0,0.0,0.0,3087.35,3088.75,3087.35,23002.15,3289.25,585,0,0,0.0,0,F1,65,,,,,
2026-03-19,2026-03-19,FO,NSE,IDO,62682,,NIFTY,,2026-03-24,2026-03-24,24650.0,CE,NIFTY2632424650CE,10.95,10.95,3.0,5.15,5.1,11.5,23002.15,5.15,650780,-4745,143555,230061813465.25,41655,F1,65,,,,,
2026-03-19,2026-03-19,FO,NSE,IDO,72746,,NIFTY,,2026-04-28,2026-04-28,27300.0,PE,NIFTY26APR27300PE,0.0,0.0,0.0,3158.9,3158.9,3158.9,23002.15,4133.8,65,0,0,0.0,0,F1,65,,,,,
2026-03-19,2026-03-19,FO,NSE,IDO,71814,,NIFTY,,2026-05-26,2026-05-26,22050.0,PE,NIFTY26MAY22050PE,0.0,0.0,0.0,7.5,0.0,7.5,23002.15,123.4,0,0,0,0.0,0,F1,65,,,,,
2026-03-19,2026-03-19,FO,NSE,IDO,71860,,NIFTY,,2026-05-26,2026-05-26,22500.0,PE,NIFTY26MAY22500PE,383.0,549.25,362.65,508.95,487.0,277.0,23002.15,508.95,191425,195,4357,6500962432.25,3553,F1,65,,,,,
2026-03-19,2026-03-19,FO,NSE,IDO,71920,,NIFTY,,2026-05-26,2026-05-26,23100.0,PE,NIFTY26MAY23100PE,469.75,750.0,469.75,678.4,666.1,389.4,23002.15,678.4,18070,-390,424,653531547.5,333,F1,65,,,,,
2026-03-19,2026-03-19,FO,NSE,IDO,72020,,NIFTY,,2026-05-26,2026-05-26,23450.0,PE,NIFTY26MAY23450PE,703.7,839.0,695.15,808.2,808.2,473.5,23002.15,808.2,2730,1690,83,130495270.75,65,F1,65,,,,,
2026-03-19,2026-03-19,FO,NSE,IDO,72068,,NIFTY,,2026-05-26,2026-05-26,23500.0,PE,NIFTY26MAY23500PE,677.45,934.75,635.55,859.65,826.1,491.05,23002.15,859.65,421265,97110,6928,10923804992.75,5318,F1,65,,,,,
2026-03-19,2026-03-19,FO,NSE,IDO,72184,,NIFTY,,2026-05-26,2026-05-26,24100.0,PE,NIFTY26MAY24100PE,957.7,1150.0,955.2,1150.0,1149.95,688.15,23002.15,1150.0,2990,-130,41,66897535.25,36,F1,65,,,,,
2026-03-19,2026-03-19,FO,NSE,IDO,72299,,NIFTY,,2026-05-26,2026-05-26,25000.0,PE,NIFTY26MAY25000PE,1485.3,1878.6,1485.05,1824.1,1755.0,1176.1,23002.15,1824.1,177320,5005,600,1039027044.25,549,F1,65,,,,,
2026-03-19,2026-03-19,FO,NSE,IDO,72313,,NIFTY,,2026-05-26,2026-05-26,25300.0,PE,NIFTY26MAY25300PE,0.0,0.0,0.0,1394.95,1394.95,1394.95,23002.15,2080.95,9035,0,0,0.0,0,F1,65,,,,,
2026-03-19,2026-03-19,FO,NSE,IDO,72321,,NIFTY,,2026-05-26,2026-05-26,25450.0,PE,NIFTY26MAY25450PE,0.0,0.0,0.0,1718.7,1718.7,1718.7,23002.15,2220.75,585,0,0,0.0,0,F1,65,,,,,
2026-03-19,2026-03-19,FO,NSE,IDO,72393,,NIFTY,,2026-05-26,2026-05-26,26200.0,PE,NIFTY26MAY26200PE,0.0,0.0,0.0,2401.9,2401.9,2401.9,23002.15,2939.7,845,0,0,0.0,0,F1,65,,,,,
2026-03-19,2026-03-19,FO,NSE,IDO,72455,,NIFTY,,2026-05-26,2026-05-26,26350.0,PE,NIFTY26MAY26350PE,0.0,0.0,0.0,2579.7,2579.7,2579.7,23002.15,3086.0,195,0,0,0.0,0,F1,65,,,,,
2026-03-19,2026-03-19,FO,NSE,IDO,71475,,NIFTY,,2026-06-30,2026-06-30,25000.0,PE,NIFTY26JUN25000PE,1495.75,1882.4,1495.75,1791.05,1724.65,1199.05,23002.15,1791.05,2645815,64685,3324,5751538926.25,3057,F1,65,,,,,
2026-03-19,2026-03-19,FO,NSE,IDO,55191,,NIFTY,,2026-06-30,2026-06-30,28500.0,PE,NIFTY26JUN28500PE,0.0,0.0,0.0,2121.75,0.0,2121.75,23002.15,5060.15,0,0,0,0.0,0,F1,65,,,,,
2026-03-19,2026-03-19,FO,NSE,IDO,55225,,NIFTY,,2026-06-30,2026-06-30,34500.0,PE,NIFTY26JUN34500PE,0.0,0.0,0.0,7540.2,0.0,7540.2,23002.15,10966.55,0,0,0,0.0,0,F1,65,,,,,
2026-03-19,2026-03-19,FO,NSE,IDO,65907,,NIFTY,,2026-09-29,2026-09-29,27000.0,PE,NIFTY26SEP27000PE,2950.0,3252.95,2900.0,3200.6,3100.0,2496.2,23002.15,3200.6,204195,-1690,133,259813144.5,83,F1,65,,,,,
2026-03-19,2026-03-19,FO,NSE,IDO,55371,,NIFTY,,2027-06-29,2027-06-29,16500.0,PE,NIFTY27JUN16500PE,0.0,0.0,0.0,0.65,0.0,0.65,23002.15,3.05,0,0,0,0.0,0,F1,65,,,,,
2026-03-19,2026-03-19,FO,NSE,IDO,53604,,NIFTY,,2027-12-28,2027-12-28,18000.0,PE,NIFTY27DEC18000PE,0.0,0.0,0.0,132.8,132.8,132.8,23002.15,33.25,11550,0,0,0.0,0,F1,65,,,,,
2026-03-19,2026-03-19,FO,NSE,IDO,53606,,NIFTY,,2027-12-28,2027-12-28,19000.0,PE,NIFTY27DEC19000PE,133.0,270.0,133.0,216.8,270.0,140.05,23002.15,216.8,935,260,7,8731937.5,5,F1,65,,,,,
2026-03-19,2026-03-19,FO,NSE,IDO,55423,,NIFTY,,2027-12-28,2027-12-28,19500.0,PE,NIFTY27DEC19500PE,0.0,0.0,0.0,29.25,0.0,29.25,23002.15,105.55,0,0,0,0.0,0,F1,65,,,,,
2026-03-19,2026-03-19,FO,NSE,IDO,53611,,NIFTY,,2027-12-28,2027-12-28,20000.0,PE,NIFTY27DEC20000PE,231.5,367.2,231.5,367.2,367.2,199.15,23002.15,147.1,4060,260,8,10575951.75,8,F1,65,,,,,
2026-03-19,2026-03-19,FO,NSE,IDO,55425,,NIFTY,,2027-12-28,2027-12-28,22500.0,PE,NIFTY27DEC22500PE,0.0,0.0,0.0,186.5,0.0,186.5,23002.15,562.4,0,0,0,0.0,0,F1,65,,,,,
2026-03-19,2026-03-19,FO,NSE,IDO,55479,,NIFTY,,2028-06-27,2028-06-27,28500.0,PE,NIFTY28JUN28500PE,0.0,0.0,0.0,1560.85,0.0,1560.85,23002.15,3170.15,0,0,0,0.0,0,F1,65,,,,,
2026-03-19,2026-03-19,FO,NSE,IDO,35353,,NIFTY,,2028-06-27,2028-06-27,30000.0,PE,NIFTY28JUN30000PE,0.0,0.0,0.0,3779.25,0.0,3779.25,23002.15,4162.75,0,0,0,0.0,0,F1,65,,,,,
2026-03-19,2026-03-19,FO,NSE,IDO,55519,,NIFTY,,2028-12-26,2028-12-26,19500.0,PE,NIFTY28DEC19500PE,0.0,0.0,0.0,49.0,0.0,49.0,23002.15,143.0,0,0,0,0.0,0,F1,65,,,,,
2026-03-19,2026-03-19,FO,NSE,IDO,67787,,NIFTY,,2028-12-26,2028-12-26,26000.0,PE,NIFTY28DEC26000PE,0.0,0.0,0.0,1850.05,1850.05,1850.05,23002.15,1662.8,6355,0,0,0.0,0,F1,65,,,,,
2026-03-19,2026-03-19,FO,NSE,IDO,89613,,NIFTY,,2029-06-26,2029-06-26,18000.0,PE,NIFTY29JUN18000PE,0.0,0.0,0.0,118.45,0.0,118.45,23002.15,66.5,0,0,0,0.0,0,F1,65,,,,,
2026-03-19,2026-03-19,FO,NSE,IDO,55563,,NIFTY,,2029-06-26,2029-06-26,25500.0,PE,NIFTY29JUN25500PE,0.0,0.0,0.0,624.25,0.0,624.25,23002.15,1363.0,0,0,0,0.0,0,F1,65,,,,,
2026-03-19,2026-03-19,FO,NSE,IDO,55599,,NIFTY,,2029-12-24,2029-12-24,16500.0,PE,NIFTY29DEC16500PE,0.0,0.0,0.0,10.15,0.0,10.15,23002.15,28.7,0,0,0,0.0,0,F1,65,,,,,
2026-03-19,2026-03-19,FO,NSE,IDO,55643,,NIFTY,,2030-06-25,2030-06-25,19500.0,PE,NIFTY30JUN19500PE,0.0,0.0,0.0,64.95,0.0,64.95,23002.15,161.95,0,0,0,0.0,0,F1,65,,,,,
2026-03-19,2026-03-19,FO,NSE,IDO,55647,,NIFTY,,2030-06-25,2030-06-25,25500.0,PE,NIFTY30JUN25500PE,0.0,0.0,0.0,568.55,0.0,568.55,23002.15,1188.9,0,0,0,0.0,0,F1,65,,,,,
2026-03-19,2026-03-19,FO,NSE,IDO,55651,,NIFTY,,2030-06-25,2030-06-25,31500.0,PE,NIFTY30JUN31500PE,0.0,0.0,0.0,2056.3,0.0,2056.3,23002.15,3661.25,0,0,0,0.0,0,F1,65,,,,,
2026-03-19,2026-03-19,FO,NSE,IDO,55765,,NIFTY,,2030-12-31,2030-12-31,31500.0,PE,NIFTY30DEC31500PE,0.0,0.0,0.0,1885.5,0.0,1885.5,23002.15,3356.65,0,0,0,0.0,0,F1,65,,,,,
2026-03-19,2026-03-19,FO,NSE,IDO,71764,,NIFTY,,2026-05-26,2026-05-26,21400.0,PE,NIFTY26MAY21400PE,0.0,0.0,0.0,2.05,0.0,2.05,23002.15,41.7,0,0,0,0.0,0,F1,65,,,,,
2026-03-19,2026-03-19,FO,NSE,IDO,62275,,NIFTY,,2026-03-24,2026-03-24,20900.0,CE,NIFTY2632420900CE,0.0,0.0,0.0,4956.9,0.0,4956.9,23002.15,2117.9,0,0,0,0.0,0,F1,65,,,,,
2026-03-19,2026-03-19,FO,NSE,IDO,62367,,NIFTY,,2026-03-24,2026-03-24,21750.0,CE,NIFTY2632421750CE,0.0,0.0,0.0,1696.8,1699.05,1696.8,23002.15,1268.55,130,0,0,0.0,0,F1,65,,,,,
2026-03-19,2026-03-19,FO,NSE,IDO,62403,,NIFTY,,2026-03-24,2026-03-24,22400.0,CE,NIFTY2632422400CE,904.3,915.5,622.7,681.7,766.75,1411.2,23002.15,681.7,30030,26975,1550,2332687948.5,714,F1,65,,,,,
2026-03-19,2026-03-19,FO,NSE,IDO,62557,,NIFTY,,2026-03-24,2026-03-24,22750.0,CE,NIFTY2632422750CE,663.3,678.7,365.0,420.75,491.05,1036.7,23002.15,420.75,48490,44850,8911,13444285874.5,6593,F1,65,,,,,
2026-03-19,2026-03-19,FO,NSE,IDO,62602,,NIFTY,,2026-03-24,2026-03-24,23650.0,CE,NIFTY2632423650CE,72.15,101.55,38.65,51.6,67.05,284.35,23002.15,51.6,918970,358020,399347,615641325653.25,230012,F1,65,,,,,
2026-03-19,2026-03-19,FO,NSE,IDO,62605,,NIFTY,,2026-03-24,2026-03-24,23700.0,CE,NIFTY2632423700CE,55.35,88.9,33.9,45.0,58.75,252.2,23002.15,45.0,2511275,-213005,755527,1166684972488.75,398511,F1,65,,,,,
2026-03-19,2026-03-19,FO,NSE,IDO,62686,,NIFTY,,2026-03-24,2026-03-24,24750.0,CE,NIFTY2632424750CE,5.0,7.95,3.4,4.0,4.05,8.5,23002.15,4.0,675415,-188500,149122,239943249172.25,41143,F1,65,,,,,
2026-03-19,2026-03-19,FO,NSE,IDO,72762,,NIFTY,,2026-04-28,2026-04-28,27600.0,CE,NIFTY26APR27600CE,9.55,10.7,8.15,8.45,8.15,10.7,23002.15,8.45,10530,-1300,37,66400935.25,28,F1,65,,,,,
2026-03-19,2026-03-19,FO,NSE,IDO,71869,,NIFTY,,2026-05-26,2026-05-26,22600.0,CE,NIFTY26MAY22600CE,0.0,0.0,0.0,1604.85,1604.85,1604.85,23002.15,892.75,130,0,0,0.0,0,F1,65,,,,,
2026-03-19,2026-03-19,FO,NSE,IDO,72013,,NIFTY,,2026-05-26,2026-05-26,23350.0,CE,NIFTY26MAY23350CE,888.15,888.15,835.3,837.1,837.1,1083.5,23002.15,471.4,1690,455,18,28325839.75,11,F1,65,,,,,
2026-03-19,2026-03-19,FO,NSE,IDO,72275,,NIFTY,,2026-05-26,2026-05-26,24500.0,CE,NIFTY26MAY24500CE,330.05,347.4,284.65,307.4,322.5,459.05,23002.15,307.4,274430,90870,5549,8953509074.25,3994,F1,65,,,,,
2026-03-19,2026-03-19,FO,NSE,IDO,72292,,NIFTY,,2026-05-26,2026-05-26,24850.0,CE,NIFTY26MAY24850CE,229.2,233.05,218.8,221.6,221.6,320.55,23002.15,80.0,3705,-1495,29,47271945.5,17,F1,65,,,,,
2026-03-19,2026-03-19,FO,NSE,IDO,72363,,NIFTY,,2026-05-26,2026-05-26,25700.0,CE,NIFTY26MAY25700CE,78.0,88.0,75.3,81.35,82.45,117.65,23002.15,81.35,20865,-520,153,256399607.75,81,F1,65,,,,,
2026-03-19,2026-03-19,FO,NSE,IDO,72388,,NIFTY,,2026-05-26,2026-05-26,26100.0,CE,NIFTY26MAY26100CE,60.1,63.0,53.0,55.8,59.15,77.45,23002.15,55.8,7345,-975,76,129217942.75,44,F1,65,,,,,
2026-03-19,2026-03-19,FO,NSE,IDO,50447,,NIFTY,,2026-06-30,2026-06-30,15000.0,CE,NIFTY26JUN15000CE,0.0,0.0,0.0,5184.4,0.0,5184.4,23002.15,8233.15,0,0,0,0.0,0,F1,65,,,,,
2026-03-19,2026-03-19,FO,NSE,IDO,55188,,NIFTY,,2026-06-30,2026-06-30,25500.0,CE,NIFTY26JUN25500CE,190.8,211.35,167.9,178.5,189.3,260.75,23002.15,178.5,580450,1105,6703,11192650270.75,3879,F1,65,,,,,
2026-03-19,2026-03-19,FO,NSE,IDO,58636,,NIFTY,,2026-12-29,2026-12-29,16000.0,CE,NIFTY26DEC16000CE,0.0,0.0,0.0,6200.0,6200.0,6200.0,23002.15,7674.85,50,0,0,0.0,0,F1,65,,,,,
2026-03-19,2026-03-19,FO,NSE,IDO,71503,,NIFTY,,2026-12-29,2026-12-29,25000.0,CE,NIFTY26DEC25000CE,1038.85,1038.85,915.55,943.55,970.0,1181.15,23002.15,943.55,665630,8585,2959,4998678171.5,2000,F1,65,,,,,
2026-03-19,2026-03-19,FO,NSE,IDO,47192,,NIFTY,,2027-06-29,2027-06-29,33000.0,CE,NIFTY27JUN33000CE,0.0,0.0,0.0,1122.75,0.0,1122.75,23002.15,39.05,0,0,0,0.0,0,F1,65,,,,,
2026-03-19,2026-03-19,FO,NSE,IDO,53591,,NIFTY,,2027-12-28,2027-12-28,15000.0,CE,NIFTY27DEC15000CE,0.0,0.0,0.0,7931.05,0.0,7931.05,23002.15,9400.9,0,0,0,0.0,0,F1,65,,,,,
2026-03-19,2026-03-19,FO,NSE,IDO,55418,,NIFTY,,2027-12-28,2027-12-28,16500.0,CE,NIFTY27DEC16500CE,0.0,0.0,0.0,11316.4,0.0,11316.4,23002.15,8047.2,0,0,0,0.0,0,F1,65,,,,,
2026-03-19,2026-03-19,FO,NSE,IDO,53613,,NIFTY,,2027-12-28,2027-12-28,21000.0,CE,NIFTY27DEC21000CE,0.0,0.0,0.0,4902.4,0.0,4902.4,23002.15,4225.25,0,0,0,0.0,0,F1,65,,,,,
2026-03-19,2026-03-19,FO,NSE,IDO,53626,,NIFTY,,2027-12-28,2027-12-28,25000.0,CE,NIFTY27DEC25000CE,2510.35,2600.05,2360.1,2360.1,2360.1,2665.6,23002.15,1773.95,14505,325,20,35714194.75,19,F1,65,,,,,
2026-03-19,2026-03-19,FO,NSE,IDO,86139,,NIFTY,,2028-06-27,2028-06-27,18000.0,CE,NIFTY28JUN18000CE,0.0,0.0,0.0,6809.35,0.0,6809.35,23002.15,7167.4,0,0,0,0.0,0,F1,65,,,,,
2026-03-19,2026-03-19,FO,NSE,IDO,60886,,NIFTY,,2030-06-25,2030-06-25,15000.0,CE,NIFTY30JUN15000CE,0.0,0.0,0.0,14543.9,0.0,14543.9,23002.15,11153.85,0,0,0,0.0,0,F1,65,,,,,
2026-03-19,2026-03-19,FO,NSE,IDO,55644,,NIFTY,,2030-06-25,2030-06-25,22500.0,CE,NIFTY30JUN22500CE,0.0,0.0,0.0,9012.4,0.0,9012.4,23002.15,5723.9,0,0,0,0.0,0,F1,65,,,,,
2026-03-19,2026-03-19,FO,NSE,IDO,60936,,NIFTY,,2030-06-25,2030-06-25,30000.0,CE,NIFTY30JUN30000CE,0.0,0.0,0.0,5580.35,0.0,5580.35,23002.15,2194.2,0,0,0,0.0,0,F1,65,,,,,
2026-03-19,2026-03-19,FO,NSE,IDO,55756,,NIFTY,,2030-12-31,2030-12-31,25500.0,CE,NIFTY30DEC25500CE,0.0,0.0,0.0,7639.65,0.0,7639.65,23002.15,4515.05,0,0,0,0.0,0,F1,65,,,,,
2026-03-19,2026-03-19,FO,NSE,IDO,62276,,NIFTY,,2026-03-24,2026-03-24,20900.0,PE,NIFTY2632420900PE,5.15,13.55,3.75,9.6,8.9,0.05,23002.15,9.6,685620,685620,70314,95554327713.0,34130,F1,65,,,,,
2026-03-19,2026-03-19,FO,NSE,IDO,62327,,NIFTY,,2026-03-24,2026-03-24,21200.0,PE,NIFTY2632421200PE,5.9,17.3,5.65,12.8,11.8,4.7,23002.15,12.8,1023035,296790,138251,190593552870.5,54067,F1,65,,,,,
2026-03-19,2026-03-19,FO,NSE,IDO,62347,,NIFTY,,2026-03-24,2026-03-24,21500.0,PE,NIFTY2632421500PE,15.5,24.25,6.35,18.8,17.9,6.65,23002.15,18.8,3201900,8905,432602,604943305820.75,151797,F1,65,,,,,
2026-03-19,2026-03-19,FO,NSE,IDO,62360,,NIFTY,,2026-03-24,2026-03-24,21600.0,PE,NIFTY2632421600PE,15.0,28.45,10.8,21.9,20.7,7.2,23002.15,21.9,824720,240110,161305,226642743180.75,78581,F1,65,,,,,
2026-03-19,2026-03-19,FO,NSE,IDO,62563,,NIFTY,,2026-03-24,2026-03-24,22800.0,PE,NIFTY2632422800PE,99.55,222.0,70.6,179.7,163.15,35.8,23002.15,179.7,2306395,348855,819494,1221299822343.25,505060,F1,65,,,,,
2026-03-19,2026-03-19,FO,NSE,IDO,62625,,NIFTY,,2026-03-24,2026-03-24,24050.0,PE,NIFTY2632424050PE,700.85,1144.8,700.8,995.8,979.05,376.15,23002.15,995.8,41210,-74490,3952,6385462590.0,2479,F1,65,,,,,
2026-03-19,2026-03-19,FO,NSE,IDO,62647,,NIFTY,,2026-03-24,2026-03-24,24250.0,PE,NIFTY2632424250PE,948.95,1312.3,914.05,1217.6,1168.0,531.75,23002.15,1217.6,50050,-21320,716,1176853343.25,356,F1,65,,,,,
2026-03-19,2026-03-19,FO,NSE,IDO,62665,,NIFTY,,2026-03-24,2026-03-24,24450.0,PE,NIFTY2632424450PE,1135.0,1471.4,1135.0,1379.45,1363.0,696.4,23002.15,1379.45,12610,-1820,66,110294684.5,47,F1,65,,,,,
2026-03-19,2026-03-19,FO,NSE,IDO,62683,,NIFTY,,2026-03-24,2026-03-24,24650.0,PE,NIFTY2632424650PE,1123.7,1717.0,1123.7,1606.7,1555.0,891.35,23002.15,1606.7,6955,-1105,35,59464691.0,32,F1,65,,,,,
2026-03-19,2026-03-19,FO,NSE,IDO,62697,,NIFTY,,2026-03-24,2026-03-24,24900.0,PE,NIFTY2632424900PE,1650.0,1977.35,1614.0,1825.25,1810.6,1144.2,23002.15,1825.25,28470,-2535,99,171635577.75,69,F1,65,,,,,
2026-03-19,2026-03-19,FO,NSE,IDO,62792,,NIFTY,,2026-03-24,2026-03-24,25700.0,PE,NIFTY2632425700PE,2460.0,2745.95,2460.0,2745.95,2745.95,1908.35,23002.15,2678.5,11570,-195,8,14686132.5,8,F1,65,,,,,
2026-03-19,2026-03-19,FO,NSE,IDO,62840,,NIFTY,,2026-03-24,2026-03-24,26200.0,PE,NIFTY2632426200PE,2986.2,2986.2,2986.2,2986.2,2986.2,2408.5,23002.15,3178.1,13845,0,1,1897103.0,1,F1,65,,,,,
2026-03-19,2026-03-19,FO,NSE,IDO,62849,,NIFTY,,2026-03-24,2026-03-24,26300.0,PE,NIFTY2632426300PE,3040.0,3130.0,3040.0,3130.0,3130.0,2494.0,23002.15,3278.05,8775,-260,4,7634250.0,3,F1,65,,,,,
2026-03-19,2026-03-19,FO,NSE,IDO,62855,,NIFTY,,2026-03-24,2026-03-24,26450.0,PE,NIFTY2632426450PE,0.0,0.0,0.0,2989.55,2989.55,2989.55,23002.15,3427.95,130,0,0,0.0,0,F1,65,,,,,
2026-03-19,2026-03-19,FO,NSE,IDO,62985,,NIFTY,,2026-03-24,2026-03-24,27550.0,PE,NIFTY2632427550PE,0.0,0.0,0.0,3635.5,3635.5,3635.5,23002.15,4527.1,65,0,0,0.0,0,F1,65,,,,,
2026-03-19,2026-03-19,FO,NSE,IDO,71965,,NIFTY,,2026-04-28,2026-04-28,22400.0,CE,NIFTY26APR22400CE,1300.9,1344.25,1176.6,1186.4,1215.35,1327.15,23002.15,1186.4,2275,975,19,29185318.5,19,F1,65,,,,,
2026-03-19,2026-03-19,FO,NSE,IDO,71935,,NIFTY,,2026-04-28,2026-04-28,21700.0,CE,NIFTY26APR21700CE,0.0,0.0,0.0,1898.6,1898.6,1898.6,23002.15,1463.1,65,0,0,0.0,0,F1,65,,,,,
2026-03-19,2026-03-19,FO,NSE,IDO,71927,,NIFTY,,2026-04-28,2026-04-28,21500.0,CE,NIFTY26APR21500CE,2080.0,2080.0,1993.95,1993.95,1993.95,2510.0,23002.15,1649.85,1560,-65,3,4588265.5,3,F1,65,,,,,
2026-03-19,2026-03-19,FO,NSE,IDO,71921,,NIFTY,,2026-04-28,2026-04-28,21350.0,CE,NIFTY26APR21350CE,0.0,0.0,0.0,2284.4,2284.4,2284.4,23002.15,1792.85,65,0,0,0.0,0,F1,65,,,,,
2026-03-19,2026-03-19,FO,NSE,IDO,71893,,NIFTY,,2026-04-28,2026-04-28,21200.0,CE,NIFTY26APR21200CE,0.0,0.0,0.0,2424.6,2424.6,2424.6,23002.15,1937.65,65,0,0,0.0,0,F1,65,,,,,
2026-03-19,2026-03-19,FO,NSE,IDO,71855,,NIFTY,,2026-04-28,2026-04-28,20850.0,CE,NIFTY26APR20850CE,0.0,0.0,0.0,4645.35,0.0,4645.35,23002.15,2280.15,0,0,0,0.0,0,F1,65,,,,,
2026-03-19,2026-03-19,FO,NSE,IDO,54418,,NIFTY,,2026-03-30,2026-03-30,20900.0,PE,NIFTY26MAR20900PE,16.0,20.05,16.0,20.05,20.05,0.2,23002.15,0.05,195,195,4,5438949.75,4,F1,65,,,,,
2026-03-19,2026-03-19,FO,NSE,IDO,54426,,NIFTY,,2026-03-30,2026-03-30,21150.0,PE,NIFTY26MAR21150PE,32.55,57.3,24.75,41.9,41.9,17.9,23002.15,41.9,94250,64935,5863,8073296458.5,4180,F1,65,,,,,
2026-03-19,2026-03-19,FO,NSE,IDO,54463,,NIFTY,,2026-03-30,2026-03-30,22100.0,PE,NIFTY26MAR22100PE,75.4,144.05,68.65,120.7,113.95,40.35,23002.15,120.7,146835,103675,12747,18392060625.25,8751,F1,65,,,,,
2026-03-19,2026-03-19,FO,NSE,IDO,54485,,NIFTY,,2026-03-30,2026-03-30,22650.0,PE,NIFTY26MAR22650PE,138.15,275.0,134.85,235.25,222.2,72.05,23002.15,235.25,91910,41925,9774,14514645525.25,7594,F1,65,,,,,
2026-03-19,2026-03-19,FO,NSE,IDO,54527,,NIFTY,,2026-03-30,2026-03-30,23700.0,PE,NIFTY26MAR23700PE,460.0,850.8,459.95,762.3,706.8,268.8,23002.15,762.3,586235,-532610,26839,42383106164.75,17333,F1,65,,,,,
2026-03-19,2026-03-19,FO,NSE,IDO,62927,,NIFTY,,2026-03-30,2026-03-30,25000.0,PE,NIFTY26MAR25000PE,1750.9,2056.3,1556.45,1953.65,1860.9,1215.8,23002.15,1953.65,3396000,-26450,5237,9112741550.25,3479,F1,65,,,,,
2026-03-19,2026-03-19,FO,NSE,IDO,54577,,NIFTY,,2026-03-30,2026-03-30,25050.0,PE,NIFTY26MAR25050PE,1685.0,2070.0,1678.4,2001.65,1940.0,1293.65,23002.15,2001.65,15860,-1040,39,68231016.75,36,F1,65,,,,,
2026-03-19,2026-03-19,FO,NSE,IDO,54595,,NIFTY,,2026-03-30,2026-03-30,25500.0,PE,NIFTY26MAR25500PE,2149.95,2553.45,2137.7,2466.8,2361.95,1713.4,23002.15,2466.8,1298895,-12610,1065,1926145328.25,804,F1,65,,,,,
2026-03-19,2026-03-19,FO,NSE,IDO,54621,,NIFTY,,2026-03-30,2026-03-30,25900.0,PE,NIFTY26MAR25900PE,2570.0,2950.0,2570.0,2880.0,2795.95,2124.75,23002.15,2880.0,352040,-2730,110,204482863.0,94,F1,65,,,,,
2026-03-19,2026-03-19,FO,NSE,IDO,54725,,NIFTY,,2026-03-30,2026-03-30,26850.0,PE,NIFTY26MAR26850PE,0.0,0.0,0.0,3385.7,3390.9,3385.7,23002.15,3803.4,780,0,0,0.0,0,F1,65,,,,,
2026-03-19,2026-03-19,FO,NSE,IDO,54747,,NIFTY,,2026-03-30,2026-03-30,27450.0,PE,NIFTY26MAR27450PE,0.0,0.0,0.0,3498.0,3503.7,3498.0,23002.15,4402.4,455,0,0,0.0,0,F1,65,,,,,
2026-03-19,2026-03-19,FO,NSE,IDO,54825,,NIFTY,,2026-03-30,2026-03-30,27700.0,PE,NIFTY26MAR27700PE,4452.0,4466.0,4452.0,4466.0,4466.0,3945.0,23002.15,4652.0,7345,-130,2,4180670.0,2,F1,65,,,,,
2026-03-19,2026-03-19,FO,NSE,IDO,54841,,NIFTY,,2026-03-30,2026-03-30,28050.0,PE,NIFTY26MAR28050PE,0.0,0.0,0.0,4218.3,4492.9,4218.3,23002.15,5001.4,325,0,0,0.0,0,F1,65,,,,,
2026-03-19,2026-03-19,FO,NSE,IDO,62964,,NIFTY,,2026-03-30,2026-03-30,31000.0,PE,NIFTY26MAR31000PE,7880.5,7981.75,7840.0,7919.85,7840.0,7196.1,23002.15,7919.85,178070,-455,15,37942359.0,14,F1,65,,,,,
2026-03-19,2026-03-19,FO,NSE,IDO,40832,,NIFTY,,2026-04-07,2026-04-07,24050.0,PE,NIFTY2640724050PE,862.35,1015.65,862.35,1014.35,1015.65,499.25,23002.15,1014.35,1885,-585,9,14652748.5,9,F1,65,,,,,
2026-03-19,2026-03-19,FO,NSE,IDO,63494,,NIFTY,,2026-04-21,2026-04-21,25300.0,CE,NIFTY2642125300CE,0.0,0.0,0.0,46.15,0.0,46.15,23002.15,3.8,0,0,0,0.0,0,F1,65,,,,,
2026-03-19,2026-03-19,FO,NSE,IDO,63484,,NIFTY,,2026-04-21,2026-04-21,25100.0,CE,NIFTY2642125100CE,0.0,0.0,0.0,86.05,86.05,86.05,23002.15,6.65,130,0,0,0.0,0,F1,65,,,,,
2026-03-19,2026-03-19,FO,NSE,IDO,40839,,NIFTY,,2026-04-07,2026-04-07,24150.0,PE,NIFTY2640724150PE,912.15,912.15,899.65,900.0,900.0,514.1,23002.15,1098.65,1235,-130,4,6513763.75,4,F1,65,,,,,
2026-03-19,2026-03-19,FO,NSE,IDO,40877,,NIFTY,,2026-04-07,2026-04-07,24700.0,PE,NIFTY2640724700PE,1560.0,1570.0,1560.0,1570.0,1570.0,955.9,23002.15,1630.1,859235,65,2,3414450.0,2,F1,65,,,,,
2026-03-19,2026-03-19,FO,NSE,IDO,40883,,NIFTY,,2026-04-07,2026-04-07,24850.0,PE,NIFTY2640724850PE,0.0,0.0,0.0,1424.15,1426.75,1424.15,23002.15,1778.4,195,0,0,0.0,0,F1,65,,,,,
2026-03-19,2026-03-19,FO,NSE,IDO,40907,,NIFTY,,2026-04-07,2026-04-07,25150.0,PE,NIFTY2640725150PE,0.0,0.0,0.0,1935.9,1937.1,1935.9,23002.15,2076.4,65,0,0,0.0,0,F1,65,,,,,
2026-03-19,2026-03-19,FO,NSE,IDO,40966,,NIFTY,,2026-04-07,2026-04-07,25900.0,PE,NIFTY2640725900PE,2744.05,2744.05,2744.05,2744.05,2744.05,2052.3,23002.15,2744.05,65,65,1,1861863.25,1,F1,65,,,,,
2026-03-19,2026-03-19,FO,NSE,IDO,40975,,NIFTY,,2026-04-07,2026-04-07,26100.0,PE,NIFTY2640726100PE,0.0,0.0,0.0,2097.15,2097.15,2097.15,23002.15,3023.25,65,0,0,0.0,0,F1,65,,,,,
2026-03-19,2026-03-19,FO,NSE,IDO,40977,,NIFTY,,2026-04-07,2026-04-07,26150.0,PE,NIFTY2640726150PE,0.0,0.0,0.0,2146.5,2146.5,2146.5,23002.15,3073.1,65,0,0,0.0,0,F1,65,,,,,
2026-03-19,2026-03-19,FO,NSE,IDO,54364,,NIFTY,,2026-04-13,2026-04-13,21050.0,PE,NIFTY2641321050PE,0.0,0.0,0.0,0.15,0.0,0.15,23002.15,0.9,0,0,0,0.0,0,F1,65,,,,,
2026-03-19,2026-03-19,FO,NSE,IDO,54503,,NIFTY,,2026-04-13,2026-04-13,21100.0,PE,NIFTY2641321100PE,0.0,0.0,0.0,0.2,0.0,0.2,23002.15,1.1,0,0,0,0.0,0,F1,65,,,,,
2026-03-19,2026-03-19,FO,NSE,IDO,54648,,NIFTY,,2026-04-13,2026-04-13,21550.0,PE,NIFTY2641321550PE,0.0,0.0,0.0,0.85,0.0,0.85,23002.15,6.6,0,0,0,0.0,0,F1,65,,,,,
2026-03-19,2026-03-19,FO,NSE,IDO,54692,,NIFTY,,2026-04-13,2026-04-13,22250.0,PE,NIFTY2641322250PE,0.0,0.0,0.0,7.4,0.0,7.4,23002.15,56.75,0,0,0,0.0,0,F1,65,,,,,
2026-03-19,2026-03-19,FO,NSE,IDO,54793,,NIFTY,,2026-04-13,2026-04-13,23500.0,PE,NIFTY2641323500PE,531.0,794.95,512.7,716.15,695.9,330.15,23002.15,716.15,10465,-6110,1160,1816456726.5,993,F1,65,,,,,
2026-03-19,2026-03-19,FO,NSE,IDO,54811,,NIFTY,,2026-04-13,2026-04-13,23950.0,PE,NIFTY2641323950PE,997.6,997.6,997.6,997.6,997.6,455.05,23002.15,918.05,650,0,1,1621594.0,1,F1,65,,,,,
2026-03-19,2026-03-19,FO,NSE,IDO,54879,,NIFTY,,2026-04-13,2026-04-13,24650.0,PE,NIFTY2641324650PE,0.0,0.0,0.0,562.4,0.0,562.4,23002.15,1564.45,0,0,0,0.0,0,F1,65,,,,,
2026-03-19,2026-03-19,FO,NSE,IDO,54881,,NIFTY,,2026-04-13,2026-04-13,24700.0,PE,NIFTY2641324700PE,0.0,0.0,0.0,592.25,0.0,592.25,23002.15,1612.95,0,0,0,0.0,0,F1,65,,,,,
2026-03-19,2026-03-19,FO,NSE,IDO,54907,,NIFTY,,2026-04-13,2026-04-13,25150.0,PE,NIFTY2641325150PE,0.0,0.0,0.0,898.85,0.0,898.85,23002.15,2055.1,0,0,0,0.0,0,F1,65,,,,,
2026-03-19,2026-03-19,FO,NSE,IDO,63181,,NIFTY,,2026-04-21,2026-04-21,20900.0,PE,NIFTY2642120900PE,0.0,0.0,0.0,1.05,0.0,1.05,23002.15,1.55,0,0,0,0.0,0,F1,65,,,,,
2026-03-19,2026-03-19,FO,NSE,IDO,63257,,NIFTY,,2026-04-21,2026-04-21,21200.0,PE,NIFTY2642121200PE,0.0,0.0,0.0,2.75,0.0,2.75,23002.15,4.55,0,0,0,0.0,0,F1,65,,,,,
2026-03-19,2026-03-19,FO,NSE,IDO,63319,,NIFTY,,2026-04-21,2026-04-21,21950.0,PE,NIFTY2642121950PE,0.0,0.0,0.0,20.9,0.0,20.9,23002.15,40.2,0,0,0,0.0,0,F1,65,,,,,
2026-03-19,2026-03-19,FO,NSE,IDO,63333,,NIFTY,,2026-04-21,2026-04-21,22250.0,PE,NIFTY2642122250PE,0.0,0.0,0.0,40.95,0.0,40.95,23002.15,80.25,0,0,0,0.0,0,F1,65,,,,,
2026-03-19,2026-03-19,FO,NSE,IDO,63343,,NIFTY,,2026-04-21,2026-04-21,22450.0,PE,NIFTY2642122450PE,0.0,0.0,0.0,61.55,0.0,61.55,23002.15,120.8,0,0,0,0.0,0,F1,65,,,,,
2026-03-19,2026-03-19,FO,NSE,IDO,63345,,NIFTY,,2026-04-21,2026-04-21,22500.0,PE,NIFTY2642122500PE,0.0,0.0,0.0,67.8,0.0,67.8,23002.15,133.05,0,0,0,0.0,0,F1,65,,,,,
2026-03-19,2026-03-19,FO,NSE,IDO,63385,,NIFTY,,2026-04-21,2026-04-21,23200.0,PE,NIFTY2642123200PE,0.0,0.0,0.0,219.2,0.0,219.2,23002.15,408.05,0,0,0,0.0,0,F1,65,,,,,
2026-03-19,2026-03-19,FO,NSE,IDO,63401,,NIFTY,,2026-04-21,2026-04-21,23600.0,PE,NIFTY2642123600PE,720.0,874.95,708.5,874.95,874.95,404.15,23002.15,657.55,845,260,30,47515737.75,22,F1,65,,,,,
2026-03-19,2026-03-19,FO,NSE,IDO,63405,,NIFTY,,2026-04-21,2026-04-21,23700.0,PE,NIFTY2642123700PE,767.15,796.55,767.15,796.55,796.55,420.95,23002.15,729.55,910,910,18,28637345.75,10,F1,65,,,,,
2026-03-19,2026-03-19,FO,NSE,IDO,63411,,NIFTY,,2026-04-21,2026-04-21,23850.0,PE,NIFTY2642123850PE,0.0,0.0,0.0,498.55,0.0,498.55,23002.15,843.9,0,0,0,0.0,0,F1,65,,,,,
2026-03-19,2026-03-19,FO,NSE,IDO,63423,,NIFTY,,2026-04-21,2026-04-21,24100.0,PE,NIFTY2642124100PE,0.0,0.0,0.0,645.55,0.0,645.55,23002.15,1049.1,0,0,0,0.0,0,F1,65,,,,,
2026-03-19,2026-03-19,FO,NSE,IDO,71944,,NIFTY,,2026-04-28,2026-04-28,21850.0,PE,NIFTY26APR21850PE,0.0,0.0,0.0,6.0,0.0,6.0,23002.15,43.3,0,0,0,0.0,0,F1,65,,,,,
2026-03-19,2026-03-19,FO,NSE,IDO,71946,,NIFTY,,2026-04-28,2026-04-28,21900.0,PE,NIFTY26APR21900PE,0.0,0.0,0.0,6.6,0.0,6.6,23002.15,48.4,0,0,0,0.0,0,F1,65,,,,,
2026-03-19,2026-03-19,FO,NSE,IDO,63482,,NIFTY,,2026-04-21,2026-04-21,25050.0,CE,NIFTY2642125050CE,0.0,0.0,0.0,71.4,71.4,71.4,23002.15,7.6,65,0,0,0.0,0,F1,65,,,,,
2026-03-19,2026-03-19,FO,NSE,IDO,63472,,NIFTY,,2026-04-21,2026-04-21,24800.0,CE,NIFTY2642124800CE,0.0,0.0,0.0,144.0,144.0,144.0,23002.15,14.6,130,0,0,0.0,0,F1,65,,,,,
2026-03-19,2026-03-19,FO,NSE,IDO,63426,,NIFTY,,2026-04-21,2026-04-21,24200.0,CE,NIFTY2642124200CE,200.1,219.15,167.85,191.6,207.4,365.1,23002.15,191.6,1690,650,66,104659587.5,47,F1,65,,,,,
2026-03-19,2026-03-19,FO,NSE,IDO,63422,,NIFTY,,2026-04-21,2026-04-21,24100.0,CE,NIFTY2642124100CE,0.0,0.0,0.0,288.4,0.0,288.4,23002.15,70.8,0,0,0,0.0,0,F1,65,,,,,
2026-03-19,2026-03-19,FO,NSE,IDO,63392,,NIFTY,,2026-04-21,2026-04-21,23400.0,CE,NIFTY2642123400CE,0.0,0.0,0.0,627.6,0.0,627.6,23002.15,242.95,0,0,0,0.0,0,F1,65,,,,,
2026-03-19,2026-03-19,FO,NSE,IDO,63370,,NIFTY,,2026-04-21,2026-04-21,22900.0,CE,NIFTY2642122900CE,0.0,0.0,0.0,972.9,0.0,972.9,23002.15,480.85,0,0,0,0.0,0,F1,65,,,,,
2026-03-19,2026-03-19,FO,NSE,IDO,63316,,NIFTY,,2026-04-21,2026-04-21,21900.0,CE,NIFTY2642121900CE,0.0,0.0,0.0,1846.65,0.0,1846.65,23002.15,1246.25,0,0,0,0.0,0,F1,65,,,,,
2026-03-19,2026-03-19,FO,NSE,IDO,63280,,NIFTY,,2026-04-21,2026-04-21,21400.0,CE,NIFTY2642121400CE,0.0,0.0,0.0,2329.7,0.0,2329.7,23002.15,1717.0,0,0,0,0.0,0,F1,65,,,,,
2026-03-19,2026-03-19,FO,NSE,IDO,63256,,NIFTY,,2026-04-21,2026-04-21,21200.0,CE,NIFTY2642121200CE,0.0,0.0,0.0,2526.15,0.0,2526.15,23002.15,1911.85,0,0,0,0.0,0,F1,65,,,,,
2026-03-19,2026-03-19,FO,NSE,IDO,54990,,NIFTY,,2026-04-13,2026-04-13,26000.0,CE,NIFTY2641326000CE,10.6,17.0,10.55,15.15,15.2,18.0,23002.15,15.15,40235,5135,845,1428840793.25,561,F1,65,,,,,
2026-03-19,2026-03-19,FO,NSE,IDO,54872,,NIFTY,,2026-04-13,2026-04-13,24500.0,CE,NIFTY2641324500CE,90.25,95.75,73.75,83.0,91.0,166.65,23002.15,83.0,34320,14300,1355,2165429113.25,977,F1,65,,,,,
2026-03-19,2026-03-19,FO,NSE,IDO,54798,,NIFTY,,2026-04-13,2026-04-13,23650.0,CE,NIFTY2641323650CE,305.0,315.35,272.35,288.45,315.35,581.5,23002.15,288.45,1105,910,18,28012263.5,6,F1,65,,,,,
2026-03-19,2026-03-19,FO,NSE,IDO,54775,,NIFTY,,2026-04-13,2026-04-13,23250.0,CE,NIFTY2641323250CE,531.4,546.75,431.05,436.5,436.5,1234.7,23002.15,436.5,1560,1560,46,71077571.5,25,F1,65,,,,,
2026-03-19,2026-03-19,FO,NSE,IDO,54701,,NIFTY,,2026-04-13,2026-04-13,22500.0,CE,NIFTY2641322500CE,0.0,0.0,0.0,1919.45,0.0,1919.45,23002.15,690.2,0,0,0,0.0,0,F1,65,,,,,
2026-03-19,2026-03-19,FO,NSE,IDO,54699,,NIFTY,,2026-04-13,2026-04-13,22450.0,CE,NIFTY2641322450CE,0.0,0.0,0.0,1967.45,0.0,1967.45,23002.15,728.9,0,0,0,0.0,0,F1,65,,,,,
2026-03-19,2026-03-19,FO,NSE,IDO,54683,,NIFTY,,2026-04-13,2026-04-13,22050.0,CE,NIFTY2641322050CE,0.0,0.0,0.0,2356.45,0.0,2356.45,23002.15,1068.15,0,0,0,0.0,0,F1,65,,,,,
2026-03-19,2026-03-19,FO,NSE,IDO,54649,,NIFTY,,2026-04-13,2026-04-13,21600.0,CE,NIFTY2641321600CE,0.0,0.0,0.0,2800.4,0.0,2800.4,23002.15,1491.25,0,0,0,0.0,0,F1,65,,,,,
2026-03-19,2026-03-19,FO,NSE,IDO,71952,,NIFTY,,2026-04-28,2026-04-28,22050.0,PE,NIFTY26APR22050PE,0.0,0.0,0.0,8.8,0.0,8.8,23002.15,66.8,0,0,0,0.0,0,F1,65,,,,,
2026-03-19,2026-03-19,FO,NSE,IDO,71956,,NIFTY,,2026-04-28,2026-04-28,22150.0,PE,NIFTY26APR22150PE,0.0,0.0,0.0,10.6,0.0,10.6,23002.15,81.85,0,0,0,0.0,0,F1,65,,,,,
2026-03-19,2026-03-19,FO,NSE,IDO,72066,,NIFTY,,2026-04-28,2026-04-28,22500.0,PE,NIFTY26APR22500PE,330.0,475.0,305.2,423.15,414.9,216.75,23002.15,423.15,811915,-117910,26731,39754706611.75,15353,F1,65,,,,,
2026-03-19,2026-03-19,FO,NSE,IDO,72164,,NIFTY,,2026-04-28,2026-04-28,22650.0,PE,NIFTY26APR22650PE,0.0,0.0,0.0,25.2,0.0,25.2,23002.15,199.75,0,0,0,0.0,0,F1,65,,,,,
2026-03-19,2026-03-19,FO,NSE,IDO,72223,,NIFTY,,2026-04-28,2026-04-28,23350.0,PE,NIFTY26APR23350PE,594.0,799.7,539.95,741.8,699.65,383.8,23002.15,741.8,21710,5135,761,1185664613.25,526,F1,65,,,,,
2026-03-19,2026-03-19,FO,NSE,IDO,72250,,NIFTY,,2026-04-28,2026-04-28,23650.0,PE,NIFTY26APR23650PE,678.0,955.35,650.75,903.9,840.0,459.25,23002.15,903.9,15470,-130,263,417108662.75,194,F1,65,,,,,
2026-03-19,2026-03-19,FO,NSE,IDO,72272,,NIFTY,,2026-04-28,2026-04-28,24200.0,PE,NIFTY26APR24200PE,959.05,1290.1,959.05,1210.75,1212.0,690.2,23002.15,1210.75,160745,-11375,940,1544516831.0,639,F1,65,,,,,
2026-03-19,2026-03-19,FO,NSE,IDO,72338,,NIFTY,,2026-04-28,2026-04-28,24800.0,PE,NIFTY26APR24800PE,1488.0,1765.0,1413.1,1695.25,1610.0,1039.15,23002.15,1695.25,254865,-2405,151,259028822.0,108,F1,65,,,,,
2026-03-19,2026-03-19,FO,NSE,IDO,72425,,NIFTY,,2026-04-28,2026-04-28,25650.0,PE,NIFTY26APR25650PE,2164.05,2429.8,2164.05,2429.8,2429.8,2360.0,23002.15,2429.8,8060,-780,23,41732980.25,21,F1,65,,,,,
2026-03-19,2026-03-19,FO,NSE,IDO,72432,,NIFTY,,2026-04-28,2026-04-28,25800.0,PE,NIFTY26APR25800PE,2371.0,2535.0,2315.0,2527.55,2534.55,1855.9,23002.15,2527.55,64155,-260,11,20182854.25,11,F1,65,,,,,
2026-03-19,2026-03-19,FO,NSE,IDO,72488,,NIFTY,,2026-04-28,2026-04-28,26300.0,PE,NIFTY26APR26300PE,2750.0,3198.15,2750.0,3100.3,3041.25,2388.5,23002.15,3100.3,22165,-2145,74,141200904.0,70,F1,65,,,,,
2026-03-19,2026-03-19,FO,NSE,IDO,40992,,NIFTY,,2026-04-07,2026-04-07,26450.0,CE,NIFTY2640726450CE,7.35,7.35,4.6,4.6,4.6,6.95,23002.15,0.05,3705,130,50,85982695.5,40,F1,65,,,,,
2026-03-19,2026-03-19,FO,NSE,IDO,40980,,NIFTY,,2026-04-07,2026-04-07,26250.0,CE,NIFTY2640726250CE,6.45,8.0,4.7,4.7,4.7,9.65,23002.15,0.05,455,-65,8,13653253.25,4,F1,65,,,,,
2026-03-19,2026-03-19,FO,NSE,IDO,40896,,NIFTY,,2026-04-07,2026-04-07,25100.0,CE,NIFTY2640725100CE,20.05,23.6,14.0,20.45,23.35,30.1,23002.15,20.45,32890,-38480,1615,2636948899.0,878,F1,65,,,,,
2026-03-19,2026-03-19,FO,NSE,IDO,40884,,NIFTY,,2026-04-07,2026-04-07,24900.0,CE,NIFTY2640724900CE,21.6,29.9,21.6,26.15,28.0,47.05,23002.15,26.15,32240,-8125,1075,1741699053.25,751,F1,65,,,,,
2026-03-19,2026-03-19,FO,NSE,IDO,40882,,NIFTY,,2026-04-07,2026-04-07,24850.0,CE,NIFTY2640724850CE,25.05,33.0,25.05,31.25,31.1,50.85,23002.15,31.25,9100,4485,266,430139534.5,139,F1,65,,,,,
2026-03-19,2026-03-19,FO,NSE,IDO,40878,,NIFTY,,2026-04-07,2026-04-07,24750.0,CE,NIFTY2640724750CE,35.35,37.2,29.55,32.85,35.7,69.7,23002.15,32.85,589810,715,601,968115076.5,231,F1,65,,,,,
2026-03-19,2026-03-19,FO,NSE,IDO,40788,,NIFTY,,2026-04-07,2026-04-07,23350.0,CE,NIFTY2640723350CE,426.05,442.9,300.0,337.85,364.5,718.45,23002.15,337.85,6890,4355,987,1522147477.5,822,F1,65,,,,,
2026-03-19,2026-03-19,FO,NSE,IDO,54836,,NIFTY,,2026-03-30,2026-03-30,27900.0,CE,NIFTY26MAR27900CE,1.05,1.5,1.0,1.25,1.25,1.3,23002.15,1.25,90805,-6240,545,988403529.75,222,F1,65,,,,,
2026-03-19,2026-03-19,FO,NSE,IDO,54718,,NIFTY,,2026-03-30,2026-03-30,26700.0,CE,NIFTY26MAR26700CE,2.0,3.55,1.8,2.75,2.9,2.7,23002.15,2.75,206635,-7215,680,1180268264.5,317,F1,65,,,,,
2026-03-19,2026-03-19,FO,NSE,IDO,72666,,NIFTY,,2026-04-28,2026-04-28,26650.0,PE,NIFTY26APR26650PE,0.0,0.0,0.0,2548.85,2554.25,2548.85,23002.15,3487.9,520,0,0,0.0,0,F1,65,,,,,
2026-03-19,2026-03-19,FO,NSE,IDO,72718,,NIFTY,,2026-04-28,2026-04-28,26800.0,PE,NIFTY26APR26800PE,3351.75,3351.75,3351.75,3351.75,3351.75,3152.95,23002.15,3636.9,3185,65,1,1959863.75,1,F1,65,,,,,
2026-03-19,2026-03-19,FO,NSE,IDO,72742,,NIFTY,,2026-04-28,2026-04-28,27200.0,PE,NIFTY26APR27200PE,0.0,0.0,0.0,3250.0,3250.0,3250.0,23002.15,4034.45,195,0,0,0.0,0,F1,65,,,,,
2026-03-19,2026-03-19,FO,NSE,IDO,72744,,NIFTY,,2026-04-28,2026-04-28,27250.0,PE,NIFTY26APR27250PE,0.0,0.0,0.0,3108.15,3108.15,3108.15,23002.15,4084.1,65,0,0,0.0,0,F1,65,,,,,
2026-03-19,2026-03-19,FO,NSE,IDO,72763,,NIFTY,,2026-04-28,2026-04-28,27600.0,PE,NIFTY26APR27600PE,0.0,0.0,0.0,3450.75,3450.75,3450.75,23002.15,4432.0,260,0,0,0.0,0,F1,65,,,,,
2026-03-19,2026-03-19,FO,NSE,IDO,71882,,NIFTY,,2026-05-26,2026-05-26,22750.0,PE,NIFTY26MAY22750PE,456.6,615.0,435.0,552.3,552.0,315.7,23002.15,552.3,7150,1950,95,143646880.0,70,F1,65,,,,,
2026-03-19,2026-03-19,FO,NSE,IDO,72176,,NIFTY,,2026-05-26,2026-05-26,23900.0,PE,NIFTY26MAY23900PE,900.0,1103.5,878.0,1043.0,1018.65,604.2,23002.15,1043.0,3380,-715,61,98473306.75,56,F1,65,,,,,
2026-03-19,2026-03-19,FO,NSE,IDO,72289,,NIFTY,,2026-05-26,2026-05-26,24750.0,PE,NIFTY26MAY24750PE,1570.65,1592.75,1570.65,1592.75,1592.75,996.65,23002.15,1587.55,2340,-130,2,3423121.0,2,F1,65,,,,,
2026-03-19,2026-03-19,FO,NSE,IDO,72378,,NIFTY,,2026-05-26,2026-05-26,25900.0,PE,NIFTY26MAY25900PE,2277.05,2277.05,2277.05,2277.05,2277.05,1830.0,23002.15,2649.1,2860,0,1,1831508.25,1,F1,65,,,,,
2026-03-19,2026-03-19,FO,NSE,IDO,72596,,NIFTY,,2026-05-26,2026-05-26,26550.0,PE,NIFTY26MAY26550PE,0.0,0.0,0.0,2810.75,2810.75,2810.75,23002.15,3281.8,130,0,0,0.0,0,F1,65,,,,,
2026-03-19,2026-03-19,FO,NSE,IDO,72608,,NIFTY,,2026-05-26,2026-05-26,26850.0,PE,NIFTY26MAY26850PE,0.0,0.0,0.0,3028.7,3028.7,3028.7,23002.15,3576.7,195,0,0,0.0,0,F1,65,,,,,
2026-03-19,2026-03-19,FO,NSE,IDO,50448,,NIFTY,,2026-06-30,2026-06-30,15000.0,PE,NIFTY26JUN15000PE,27.0,29.35,23.05,28.25,28.0,21.05,23002.15,28.25,154160,23205,1458,1423940719.5,695,F1,65,,,,,
2026-03-19,2026-03-19,FO,NSE,IDO,65901,,NIFTY,,2026-09-29,2026-09-29,24000.0,PE,NIFTY26SEP24000PE,1022.05,1233.65,983.9,1165.7,1128.0,800.4,23002.15,1165.7,386495,-4160,1517,2475049239.0,1074,F1,65,,,,,
2026-03-19,2026-03-19,FO,NSE,IDO,55287,,NIFTY,,2026-09-29,2026-09-29,25500.0,PE,NIFTY26SEP25500PE,1810.0,2050.0,1764.75,2039.6,2031.45,1457.0,23002.15,2039.6,81965,-455,36,64054731.0,19,F1,65,,,,,
2026-03-19,2026-03-19,FO,NSE,IDO,53615,,NIFTY,,2027-12-28,2027-12-28,21000.0,PE,NIFTY27DEC21000PE,0.0,0.0,0.0,500.0,500.0,500.0,23002.15,266.65,2975,0,0,0.0,0,F1,65,,,,,
2026-03-19,2026-03-19,FO,NSE,IDO,55431,,NIFTY,,2027-12-28,2027-12-28,31500.0,PE,NIFTY27DEC31500PE,0.0,0.0,0.0,3240.0,0.0,3240.0,23002.15,5800.9,0,0,0,0.0,0,F1,65,,,,,
2026-03-19,2026-03-19,FO,NSE,IDO,55475,,NIFTY,,2028-06-27,2028-06-27,22500.0,PE,NIFTY28JUN22500PE,0.0,0.0,0.0,206.95,0.0,206.95,23002.15,567.95,0,0,0,0.0,0,F1,65,,,,,
2026-03-19,2026-03-19,FO,NSE,IDO,86152,,NIFTY,,2028-06-27,2028-06-27,24000.0,PE,NIFTY28JUN24000PE,0.0,0.0,0.0,1692.75,0.0,1692.75,23002.15,988.7,0,0,0,0.0,0,F1,65,,,,,
2026-03-19,2026-03-19,FO,NSE,IDO,86164,,NIFTY,,2028-06-27,2028-06-27,27000.0,PE,NIFTY28JUN27000PE,0.0,0.0,0.0,2752.35,0.0,2752.35,23002.15,2297.35,0,0,0,0.0,0,F1,65,,,,,
2026-03-19,2026-03-19,FO,NSE,IDO,55483,,NIFTY,,2028-06-27,2028-06-27,34500.0,PE,NIFTY28JUN34500PE,0.0,0.0,0.0,4734.1,0.0,4734.1,23002.15,7627.8,0,0,0,0.0,0,F1,65,,,,,
2026-03-19,2026-03-19,FO,NSE,IDO,55525,,NIFTY,,2028-12-26,2028-12-26,28500.0,PE,NIFTY28DEC28500PE,0.0,0.0,0.0,1451.15,0.0,1451.15,23002.15,2892.15,0,0,0,0.0,0,F1,65,,,,,
2026-03-19,2026-03-19,FO,NSE,IDO,89631,,NIFTY,,2029-06-26,2029-06-26,24000.0,PE,NIFTY29JUN24000PE,0.0,0.0,0.0,694.05,694.05,694.05,23002.15,897.25,155,0,0,0.0,0,F1,65,,,,,
2026-03-19,2026-03-19,FO,NSE,IDO,55569,,NIFTY,,2029-06-26,2029-06-26,34500.0,PE,NIFTY29JUN34500PE,0.0,0.0,0.0,3889.3,0.0,3889.3,23002.15,6381.55,0,0,0,0.0,0,F1,65,,,,,
2026-03-19,2026-03-19,FO,NSE,IDO,61747,,NIFTY,,2029-12-24,2029-12-24,23000.0,PE,NIFTY29DEC23000PE,827.5,1000.0,827.5,890.85,1000.0,799.05,23002.15,890.85,2145,65,8,12423222.5,4,F1,65,,,,,
2026-03-19,2026-03-19,FO,NSE,IDO,62007,,NIFTY,,2029-12-24,2029-12-24,33000.0,PE,NIFTY29DEC33000PE,0.0,0.0,0.0,2953.7,0.0,2953.7,23002.15,4890.5,0,0,0,0.0,0,F1,65,,,,,
2026-03-19,2026-03-19,FO,NSE,IDO,60887,,NIFTY,,2030-06-25,2030-06-25,15000.0,PE,NIFTY30JUN15000PE,0.0,0.0,0.0,29.65,0.0,29.65,23002.15,11.25,0,0,0,0.0,0,F1,65,,,,,
2026-03-19,2026-03-19,FO,NSE,IDO,55699,,NIFTY,,2030-12-31,2030-12-31,18000.0,PE,NIFTY30DEC18000PE,0.0,0.0,0.0,32.3,0.0,32.3,23002.15,80.9,0,0,0,0.0,0,F1,65,,,,,
2026-03-19,2026-03-19,FO,NSE,IDO,54716,,NIFTY,,2026-03-30,2026-03-30,26650.0,CE,NIFTY26MAR26650CE,3.35,3.65,2.1,2.65,3.0,2.7,23002.15,2.65,42835,3900,157,271993345.0,60,F1,65,,,,,
2026-03-19,2026-03-19,FO,NSE,IDO,54618,,NIFTY,,2026-03-30,2026-03-30,25850.0,CE,NIFTY26MAR25850CE,3.9,7.8,3.65,4.95,4.2,5.3,23002.15,4.95,53885,-3055,1854,3115771460.75,1010,F1,65,,,,,
2026-03-19,2026-03-19,FO,NSE,IDO,54596,,NIFTY,,2026-03-30,2026-03-30,25550.0,CE,NIFTY26MAR25550CE,6.6,8.7,3.8,6.2,5.7,6.3,23002.15,6.2,84175,-32045,1576,2617946571.5,917,F1,65,,,,,
2026-03-19,2026-03-19,FO,NSE,IDO,54580,,NIFTY,,2026-03-30,2026-03-30,25150.0,CE,NIFTY26MAR25150CE,8.05,9.65,6.8,7.95,7.8,11.85,23002.15,7.95,86710,-11375,2963,4845363981.25,2134,F1,65,,,,,
2026-03-19,2026-03-19,FO,NSE,IDO,54554,,NIFTY,,2026-03-30,2026-03-30,24450.0,CE,NIFTY26MAR24450CE,25.75,26.35,20.0,22.9,25.55,60.1,23002.15,22.9,186355,13585,8415,13386113370.5,6182,F1,65,,,,,
2026-03-19,2026-03-19,FO,NSE,IDO,54550,,NIFTY,,2026-03-30,2026-03-30,24350.0,CE,NIFTY26MAR24350CE,27.0,33.05,23.4,27.1,31.35,80.15,23002.15,27.1,130715,-54015,9263,14677822542.5,6541,F1,65,,,,,
2026-03-19,2026-03-19,FO,NSE,IDO,54484,,NIFTY,,2026-03-30,2026-03-30,22650.0,CE,NIFTY26MAR22650CE,836.3,840.3,564.15,616.15,689.55,1191.85,23002.15,616.15,9035,4810,238,360831581.5,206,F1,65,,,,,
2026-03-19,2026-03-19,FO,NSE,IDO,54474,,NIFTY,,2026-03-30,2026-03-30,22400.0,CE,NIFTY26MAR22400CE,1010.0,1010.0,746.65,799.1,868.7,1474.3,23002.15,799.1,8515,5590,200,302063446.75,153,F1,65,,,,,
2026-03-19,2026-03-19,FO,NSE,IDO,54437,,NIFTY,,2026-03-30,2026-03-30,21450.0,CE,NIFTY26MAR21450CE,1706.6,1718.2,1706.6,1712.4,1718.2,2100.0,23002.15,1712.4,260,-65,2,3011112.0,2,F1,65,,,,,
2026-03-19,2026-03-19,FO,NSE,IDO,62880,,NIFTY,,2026-03-24,2026-03-24,26950.0,CE,NIFTY2632426950CE,1.15,2.85,0.7,0.95,0.9,0.95,23002.15,0.95,38935,14495,11907,20859095601.5,5063,F1,65,,,,,
2026-03-19,2026-03-19,FO,NSE,IDO,62866,,NIFTY,,2026-03-24,2026-03-24,26700.0,CE,NIFTY2632426700CE,0.95,2.7,0.8,1.15,0.95,0.9,23002.15,1.15,85475,-12545,24558,42622604800.75,9776,F1,65,,,,,
2026-03-19,2026-03-19,FO,NSE,IDO,62858,,NIFTY,,2026-03-24,2026-03-24,26500.0,CE,NIFTY2632426500CE,1.0,2.65,0.85,1.3,1.0,1.0,23002.15,1.3,928915,230815,77537,133564215375.5,17359,F1,65,,,,,
2026-03-19,2026-03-19,FO,NSE,IDO,62839,,NIFTY,,2026-03-24,2026-03-24,26200.0,CE,NIFTY2632426200CE,1.2,2.85,0.95,1.4,1.05,1.1,23002.15,1.4,226980,-88530,54687,93137373576.0,15925,F1,65,,,,,
2026-03-19,2026-03-19,FO,NSE,IDO,62806,,NIFTY,,2026-03-24,2026-03-24,25900.0,CE,NIFTY2632425900CE,1.55,3.1,1.2,1.7,1.4,1.3,23002.15,1.7,226070,-133965,97475,164110200692.75,20628,F1,65,,,,,
2026-03-19,2026-03-19,FO,NSE,IDO,62582,,NIFTY,,2026-03-24,2026-03-24,23250.0,CE,NIFTY2632423250CE,262.85,312.35,120.0,157.4,189.95,589.9,23002.15,157.4,1965730,1806870,949528,1448163189697.25,669557,F1,65,,,,,
2026-03-19,2026-03-19,FO,NSE,IDO,62498,,NIFTY,,2026-03-24,2026-03-24,22600.0,CE,NIFTY2632422600CE,732.8,780.0,466.1,539.45,605.7,1214.1,23002.15,539.45,112905,102635,6360,9585088724.25,3625,F1,65,,,,,
2026-03-19,2026-03-19,FO,NSE,IDO,62363,,NIFTY,,2026-03-24,2026-03-24,21700.0,CE,NIFTY2632421700CE,0.0,0.0,0.0,1773.95,1778.05,1773.95,23002.15,1318.5,130,0,0,0.0,0,F1,65,,,,,
2026-03-19,2026-03-19,FO,NSE,IDO,72197,,NIFTY,,2026-04-28,2026-04-28,22750.0,CE,NIFTY26APR22750CE,1047.6,1077.25,884.75,921.3,920.55,1350.0,23002.15,921.3,5655,3445,97,149517234.75,89,F1,65,,,,,
2026-03-19,2026-03-19,FO,NSE,IDO,72259,,NIFTY,,2026-04-28,2026-04-28,23900.0,CE,NIFTY26APR23900CE,400.05,407.0,312.55,338.3,358.65,567.8,23002.15,338.3,75660,6370,2275,3588905495.5,1798,F1,65,,,,,
2026-03-19,2026-03-19,FO,NSE,IDO,72261,,NIFTY,,2026-04-28,2026-04-28,23950.0,CE,NIFTY26APR23950CE,373.25,387.5,295.15,318.1,335.05,554.15,23002.15,318.1,24700,13650,676,1067955388.5,563,F1,65,,,,,
2026-03-19,2026-03-19,FO,NSE,IDO,72333,,NIFTY,,2026-04-28,2026-04-28,24700.0,CE,NIFTY26APR24700CE,51.9,143.65,51.9,121.25,134.1,208.45,23002.15,121.25,248885,17940,5517,8903718482.75,4134,F1,65,,,,,
2026-03-19,2026-03-19,FO,NSE,IDO,72383,,NIFTY,,2026-04-28,2026-04-28,25400.0,CE,NIFTY26APR25400CE,43.05,57.45,41.0,51.5,52.55,74.65,23002.15,51.5,121485,13000,2167,3584652383.0,1439,F1,65,,,,,
2026-03-19,2026-03-19,FO,NSE,IDO,72485,,NIFTY,,2026-04-28,2026-04-28,26250.0,CE,NIFTY26APR26250CE,25.0,25.0,19.8,21.9,21.9,25.5,23002.15,21.9,8385,1625,58,99041650.5,32,F1,65,,,,,
2026-03-19,2026-03-19,FO,NSE,IDO,72750,,NIFTY,,2026-04-28,2026-04-28,27400.0,CE,NIFTY26APR27400CE,9.2,11.55,9.2,11.35,11.5,12.3,23002.15,11.35,7085,-65,18,32070057.5,15,F1,65,,,,,
2026-03-19,2026-03-19,FO,NSE,IDO,54812,,NIFTY,,2026-04-13,2026-04-13,24000.0,CE,NIFTY2641324000CE,209.95,222.05,162.0,186.0,200.5,360.9,23002.15,186.0,27885,12220,1340,2107444420.25,962,F1,65,,,,,
2026-03-19,2026-03-19,FO,NSE,IDO,54866,,NIFTY,,2026-04-13,2026-04-13,24350.0,CE,NIFTY2641324350CE,119.6,120.6,91.45,108.75,113.7,196.65,23002.15,108.75,3250,1950,81,128765666.25,47,F1,65,,,,,
2026-03-19,2026-03-19,FO,NSE,IDO,54908,,NIFTY,,2026-04-13,2026-04-13,25200.0,CE,NIFTY2641325200CE,31.0,33.5,27.6,33.15,33.5,46.05,23002.15,33.15,3575,1365,72,118083936.75,19,F1,65,,,,,
2026-03-19,2026-03-19,FO,NSE,IDO,63318,,NIFTY,,2026-04-21,2026-04-21,21950.0,CE,NIFTY2642121950CE,0.0,0.0,0.0,1799.3,0.0,1799.3,23002.15,1201.25,0,0,0,0.0,0,F1,65,,,,,
2026-03-19,2026-03-19,FO,NSE,IDO,63322,,NIFTY,,2026-04-21,2026-04-21,22050.0,CE,NIFTY2642122050CE,0.0,0.0,0.0,1705.45,0.0,1705.45,23002.15,1112.7,0,0,0,0.0,0,F1,65,,,,,
2026-03-19,2026-03-19,FO,NSE,IDO,63374,,NIFTY,,2026-04-21,2026-04-21,22950.0,CE,NIFTY2642122950CE,0.0,0.0,0.0,934.9,0.0,934.9,23002.15,452.2,0,0,0,0.0,0,F1,65,,,,,
2026-03-19,2026-03-19,FO,NSE,IDO,63424,,NIFTY,,2026-04-21,2026-04-21,24150.0,CE,NIFTY2642124150CE,225.65,225.65,203.0,214.5,219.85,270.65,23002.15,214.5,130,130,4,6335491.5,4,F1,65,,,,,
2026-03-19,2026-03-19,FO,NSE,IDO,63444,,NIFTY,,2026-04-21,2026-04-21,24450.0,CE,NIFTY2642124450CE,0.0,0.0,0.0,180.7,0.0,180.7,23002.15,33.6,0,0,0,0.0,0,F1,65,,,,,
2026-03-19,2026-03-19,FO,NSE,IDO,63470,,NIFTY,,2026-04-21,2026-04-21,24750.0,CE,NIFTY2642124750CE,0.0,0.0,0.0,116.05,0.0,116.05,23002.15,16.55,0,0,0,0.0,0,F1,65,,,,,
2026-03-19,2026-03-19,FO,NSE,IDO,71961,,NIFTY,,2026-04-28,2026-04-28,22300.0,CE,NIFTY26APR22300CE,1378.3,1428.65,1214.65,1217.0,1217.0,1290.7,23002.15,945.4,650,325,9,13792132.25,9,F1,65,,,,,
2026-03-19,2026-03-19,FO,NSE,IDO,72201,,NIFTY,,2026-04-28,2026-04-28,22850.0,CE,NIFTY26APR22850CE,1022.4,1044.6,849.0,909.5,923.2,1378.65,23002.15,909.5,5460,3380,144,222841944.0,122,F1,65,,,,,
2026-03-19,2026-03-19,FO,NSE,IDO,72214,,NIFTY,,2026-04-28,2026-04-28,23150.0,CE,NIFTY26APR23150CE,815.5,833.3,646.25,720.0,736.3,1117.0,23002.15,720.0,22100,17875,591,919782526.0,525,F1,65,,,,,
2026-03-19,2026-03-19,FO,NSE,IDO,72253,,NIFTY,,2026-04-28,2026-04-28,23750.0,CE,NIFTY26APR23750CE,462.05,479.05,368.85,406.0,419.4,673.25,23002.15,406.0,24830,6825,479,752898792.75,409,F1,65,,,,,
2026-03-19,2026-03-19,FO,NSE,IDO,72269,,NIFTY,,2026-04-28,2026-04-28,24150.0,CE,NIFTY26APR24150CE,301.0,302.65,232.65,261.9,272.0,433.4,23002.15,261.9,24635,11570,400,635134272.5,299,F1,65,,,,,
2026-03-19,2026-03-19,FO,NSE,IDO,72361,,NIFTY,,2026-04-28,2026-04-28,25200.0,CE,NIFTY26APR25200CE,50.0,75.85,50.0,64.0,68.55,98.55,23002.15,64.0,149825,-17875,5318,8732873974.5,3679,F1,65,,,,,
2026-03-19,2026-03-19,FO,NSE,IDO,72369,,NIFTY,,2026-04-28,2026-04-28,25350.0,CE,NIFTY26APR25350CE,55.35,57.5,47.2,51.2,56.0,78.25,23002.15,51.2,5850,-4420,177,292246870.5,129,F1,65,,,,,
2026-03-19,2026-03-19,FO,NSE,IDO,71741,,NIFTY,,2026-05-26,2026-05-26,21150.0,CE,NIFTY26MAY21150CE,0.0,0.0,0.0,2629.95,2629.95,2629.95,23002.15,2093.45,65,0,0,0.0,0,F1,65,,,,,
2026-03-19,2026-03-19,FO,NSE,IDO,71753,,NIFTY,,2026-05-26,2026-05-26,21300.0,CE,NIFTY26MAY21300CE,0.0,0.0,0.0,2498.25,2498.25,2498.25,23002.15,1953.8,65,0,0,0.0,0,F1,65,,,,,
2026-03-19,2026-03-19,FO,NSE,IDO,71763,,NIFTY,,2026-05-26,2026-05-26,21400.0,CE,NIFTY26MAY21400CE,0.0,0.0,0.0,2417.5,2417.5,2417.5,23002.15,1862.0,65,0,0,0.0,0,F1,65,,,,,
2026-03-19,2026-03-19,FO,NSE,IDO,71778,,NIFTY,,2026-05-26,2026-05-26,21650.0,CE,NIFTY26MAY21650CE,0.0,0.0,0.0,2148.25,2148.25,2148.25,23002.15,1637.95,65,0,0,0.0,0,F1,65,,,,,
2026-03-19,2026-03-19,FO,NSE,IDO,71877,,NIFTY,,2026-05-26,2026-05-26,22650.0,CE,NIFTY26MAY22650CE,0.0,0.0,0.0,1486.3,1486.3,1486.3,23002.15,859.6,195,0,0,0.0,0,F1,65,,,,,
2026-03-19,2026-03-19,FO,NSE,IDO,72019,,NIFTY,,2026-05-26,2026-05-26,23450.0,CE,NIFTY26MAY23450CE,795.25,795.25,745.7,745.7,745.7,1018.9,23002.15,427.75,715,130,3,4724209.75,3,F1,65,,,,,
2026-03-19,2026-03-19,FO,NSE,IDO,72177,,NIFTY,,2026-05-26,2026-05-26,23950.0,CE,NIFTY26MAY23950CE,561.95,561.95,488.15,488.15,488.15,760.3,23002.15,488.15,1430,195,17,27041417.0,14,F1,65,,,,,
2026-03-19,2026-03-19,FO,NSE,IDO,72284,,NIFTY,,2026-05-26,2026-05-26,24650.0,CE,NIFTY26MAY24650CE,288.1,291.0,264.15,264.15,264.15,399.5,23002.15,264.15,5200,520,41,66447091.75,31,F1,65,,,,,
2026-03-19,2026-03-19,FO,NSE,IDO,72340,,NIFTY,,2026-05-26,2026-05-26,25500.0,CE,NIFTY26MAY25500CE,106.7,115.0,95.0,104.75,107.85,150.3,23002.15,104.75,307515,-845,4123,6862216325.25,3013,F1,65,,,,,
2026-03-19,2026-03-19,FO,NSE,IDO,72386,,NIFTY,,2026-05-26,2026-05-26,26050.0,CE,NIFTY26MAY26050CE,60.25,60.25,52.55,52.55,52.55,82.8,23002.15,52.55,1365,-390,14,23757844.5,6,F1,65,,,,,
2026-03-19,2026-03-19,FO,NSE,IDO,72390,,NIFTY,,2026-05-26,2026-05-26,26150.0,CE,NIFTY26MAY26150CE,55.4,58.15,51.6,51.6,51.6,71.7,23002.15,9.8,2210,65,13,22142227.25,7,F1,65,,,,,
2026-03-19,2026-03-19,FO,NSE,IDO,72454,,NIFTY,,2026-05-26,2026-05-26,26350.0,CE,NIFTY26MAY26350CE,44.05,44.05,40.0,40.0,40.0,60.15,23002.15,6.75,1495,-130,12,20586579.0,4,F1,65,,,,,
2026-03-19,2026-03-19,FO,NSE,IDO,72605,,NIFTY,,2026-05-26,2026-05-26,26800.0,CE,NIFTY26MAY26800CE,33.0,34.45,32.85,34.45,34.45,38.6,23002.15,2.8,16185,-65,9,15697860.75,4,F1,65,,,,,
2026-03-19,2026-03-19,FO,NSE,IDO,72607,,NIFTY,,2026-05-26,2026-05-26,26850.0,CE,NIFTY26MAY26850CE,35.75,35.75,30.0,30.0,30.0,42.0,23002.15,30.0,1235,-1560,32,55911521.25,7,F1,65,,,,,
2026-03-19,2026-03-19,FO,NSE,IDO,72619,,NIFTY,,2026-05-26,2026-05-26,27000.0,CE,NIFTY26MAY27000CE,25.05,30.2,20.15,28.05,29.8,31.2,23002.15,28.05,177775,910,2032,3569654133.5,1209,F1,65,,,,,
2026-03-19,2026-03-19,FO,NSE,IDO,51453,,NIFTY,,2026-06-30,2026-06-30,21000.0,CE,NIFTY26JUN21000CE,2850.0,2858.0,2534.05,2597.95,2668.7,3213.05,23002.15,2597.95,354445,51935,1461,2250444699.75,985,F1,65,,,,,
2026-03-19,2026-03-19,FO,NSE,IDO,58644,,NIFTY,,2026-12-29,2026-12-29,20000.0,CE,NIFTY26DEC20000CE,4350.2,4471.85,4190.0,4247.0,4270.0,4785.2,23002.15,4247.0,20280,-7995,231,364935574.25,141,F1,65,,,,,
2026-03-19,2026-03-19,FO,NSE,IDO,37806,,NIFTY,,2026-12-29,2026-12-29,23000.0,CE,NIFTY26DEC23000CE,2200.0,2200.0,1985.0,2035.6,2080.0,2450.25,23002.15,2035.6,87360,-2075,747,1219121179.25,445,F1,65,,,,,
2026-03-19,2026-03-19,FO,NSE,IDO,42136,,NIFTY,,2026-12-29,2026-12-29,31000.0,CE,NIFTY26DEC31000CE,65.0,67.65,62.5,65.2,66.0,66.2,23002.15,65.2,113060,-3360,259,522994332.25,145,F1,65,,,,,
2026-03-19,2026-03-19,FO,NSE,IDO,55374,,NIFTY,,2027-06-29,2027-06-29,22500.0,CE,NIFTY27JUN22500CE,0.0,0.0,0.0,5539.6,0.0,5539.6,23002.15,2567.3,0,0,0,0.0,0,F1,65,,,,,
2026-03-19,2026-03-19,FO,NSE,IDO,55380,,NIFTY,,2027-06-29,2027-06-29,31500.0,CE,NIFTY27JUN31500CE,0.0,0.0,0.0,769.15,0.0,769.15,23002.15,83.3,0,0,0,0.0,0,F1,65,,,,,
2026-03-19,2026-03-19,FO,NSE,IDO,55478,,NIFTY,,2028-06-27,2028-06-27,28500.0,CE,NIFTY28JUN28500CE,0.0,0.0,0.0,2990.0,0.0,2990.0,23002.15,1026.65,0,0,0,0.0,0,F1,65,,,,,
2026-03-19,2026-03-19,FO,NSE,IDO,67770,,NIFTY,,2028-12-26,2028-12-26,18000.0,CE,NIFTY28DEC18000CE,0.0,0.0,0.0,9380.3,0.0,9380.3,23002.15,7608.15,0,0,0,0.0,0,F1,65,,,,,
2026-03-19,2026-03-19,FO,NSE,IDO,55518,,NIFTY,,2028-12-26,2028-12-26,19500.0,CE,NIFTY28DEC19500CE,0.0,0.0,0.0,9716.4,0.0,9716.4,23002.15,6405.65,0,0,0,0.0,0,F1,65,,,,,
2026-03-19,2026-03-19,FO,NSE,IDO,55520,,NIFTY,,2028-12-26,2028-12-26,22500.0,CE,NIFTY28DEC22500CE,0.0,0.0,0.0,7382.9,0.0,7382.9,23002.15,4249.1,0,0,0,0.0,0,F1,65,,,,,
2026-03-19,2026-03-19,FO,NSE,IDO,54804,,NIFTY,,2026-04-13,2026-04-13,23800.0,CE,NIFTY2641323800CE,286.3,297.9,220.05,241.95,260.1,472.15,23002.15,241.95,6565,390,221,345732572.25,183,F1,65,,,,,
2026-03-19,2026-03-19,FO,NSE,IDO,54765,,NIFTY,,2026-04-13,2026-04-13,23000.0,CE,NIFTY2641323000CE,741.0,751.95,560.3,600.45,650.05,1062.5,23002.15,600.45,14365,12870,762,1170765992.5,679,F1,65,,,,,
2026-03-19,2026-03-19,FO,NSE,IDO,54689,,NIFTY,,2026-04-13,2026-04-13,22200.0,CE,NIFTY2641322200CE,0.0,0.0,0.0,2209.65,0.0,2209.65,23002.15,935.5,0,0,0,0.0,0,F1,65,,,,,
2026-03-19,2026-03-19,FO,NSE,IDO,40942,,NIFTY,,2026-04-07,2026-04-07,25550.0,CE,NIFTY2640725550CE,14.05,17.0,10.7,14.45,11.4,15.7,23002.15,14.45,3900,-130,45,74773318.75,30,F1,65,,,,,
2026-03-19,2026-03-19,FO,NSE,IDO,40926,,NIFTY,,2026-04-07,2026-04-07,25450.0,CE,NIFTY2640725450CE,15.05,16.45,10.4,16.2,16.0,18.3,23002.15,16.2,3835,-780,44,72825551.5,30,F1,65,,,,,
2026-03-19,2026-03-19,FO,NSE,IDO,40858,,NIFTY,,2026-04-07,2026-04-07,24400.0,CE,NIFTY2640724400CE,67.35,70.05,51.3,60.05,64.4,138.5,23002.15,60.05,139100,4030,2387,3795329008.25,1534,F1,65,,,,,
2026-03-19,2026-03-19,FO,NSE,IDO,40772,,NIFTY,,2026-04-07,2026-04-07,23000.0,CE,NIFTY2640723000CE,700.0,712.05,460.7,513.85,559.0,980.1,23002.15,513.85,285220,120380,6930,10611493961.25,5086,F1,65,,,,,
2026-03-19,2026-03-19,FO,NSE,IDO,40747,,NIFTY,,2026-04-07,2026-04-07,22750.0,CE,NIFTY2640722750CE,877.9,877.9,618.5,620.1,619.05,856.5,23002.15,620.1,520,65,43,65640272.75,39,F1,65,,,,,
2026-03-19,2026-03-19,FO,NSE,IDO,40742,,NIFTY,,2026-04-07,2026-04-07,22700.0,CE,NIFTY2640722700CE,830.05,830.05,640.05,655.5,739.9,1000.0,23002.15,655.5,1885,520,14,21292843.0,14,F1,65,,,,,
2026-03-19,2026-03-19,FO,NSE,IDO,40732,,NIFTY,,2026-04-07,2026-04-07,22500.0,CE,NIFTY2640722500CE,990.0,1016.0,788.2,868.4,905.0,1410.05,23002.15,868.4,9490,7735,325,495044582.5,199,F1,65,,,,,
2026-03-19,2026-03-19,FO,NSE,IDO,40718,,NIFTY,,2026-04-07,2026-04-07,22250.0,CE,NIFTY2640722250CE,0.0,0.0,0.0,1328.8,1328.8,1328.8,23002.15,854.1,1365,0,0,0.0,0,F1,65,,,,,
2026-03-19,2026-03-19,FO,NSE,IDO,40694,,NIFTY,,2026-04-07,2026-04-07,21850.0,CE,NIFTY2640721850CE,0.0,0.0,0.0,2401.2,2401.2,2401.2,23002.15,1224.25,65,0,0,0.0,0,F1,65,,,,,
2026-03-19,2026-03-19,FO,NSE,IDO,40684,,NIFTY,,2026-04-07,2026-04-07,21650.0,CE,NIFTY2640721650CE,0.0,0.0,0.0,2710.15,2710.15,2710.15,23002.15,1418.35,65,0,0,0.0,0,F1,65,,,,,
2026-03-19,2026-03-19,FO,NSE,IDF,66071,,NIFTY,,2026-05-26,2026-05-26,,,NIFTY26MAYFUT,23768.0,23768.0,23235.0,23333.0,23410.9,24051.6,23002.15,23333.0,1391975,115765,11082,16912338423.5,8032,F1,65,,,,,
2026-03-19,2026-03-19,FO,NSE,IDO,40664,,NIFTY,,2026-04-07,2026-04-07,21400.0,CE,NIFTY2640721400CE,0.0,0.0,0.0,2036.9,2036.9,2036.9,23002.15,1664.7,65,0,0,0.0,0,F1,65,,,,,
2026-03-19,2026-03-19,FO,NSE,IDO,54742,,NIFTY,,2026-03-30,2026-03-30,27350.0,CE,NIFTY26MAR27350CE,0.0,0.0,0.0,1.85,1.85,1.85,23002.15,0.05,25220,0,0,0.0,0,F1,65,,,,,
2026-03-19,2026-03-19,FO,NSE,IDO,54612,,NIFTY,,2026-03-30,2026-03-30,25700.0,CE,NIFTY26MAR25700CE,3.9,7.05,3.9,5.3,5.2,6.0,23002.15,5.3,887185,-43160,6439,10758603115.0,3995,F1,65,,,,,
2026-03-19,2026-03-19,FO,NSE,IDO,54600,,NIFTY,,2026-03-30,2026-03-30,25650.0,CE,NIFTY26MAR25650CE,5.8,7.8,4.6,5.35,4.75,6.1,23002.15,5.35,68965,-7085,727,1212347981.0,472,F1,65,,,,,
2026-03-19,2026-03-19,FO,NSE,IDO,54544,,NIFTY,,2026-03-30,2026-03-30,24200.0,CE,NIFTY26MAR24200CE,40.15,50.75,30.0,36.3,42.6,119.2,23002.15,36.3,993590,7410,58865,92747548595.0,40158,F1,65,,,,,
2026-03-19,2026-03-19,FO,NSE,IDO,61374,,NIFTY,,2029-12-24,2029-12-24,15000.0,CE,NIFTY29DEC15000CE,0.0,0.0,0.0,13369.45,0.0,13369.45,23002.15,10820.25,0,0,0,0.0,0,F1,65,,,,,
2026-03-19,2026-03-19,FO,NSE,IDO,55698,,NIFTY,,2030-12-31,2030-12-31,18000.0,CE,NIFTY30DEC18000CE,0.0,0.0,0.0,12674.15,0.0,12674.15,23002.15,9251.2,0,0,0,0.0,0,F1,65,,,,,
2026-03-19,2026-03-19,FO,NSE,IDO,55758,,NIFTY,,2030-12-31,2030-12-31,27000.0,CE,NIFTY30DEC27000CE,0.0,0.0,0.0,6772.8,0.0,6772.8,23002.15,3798.6,0,0,0,0.0,0,F1,65,,,,,
2026-03-19,2026-03-19,FO,NSE,IDO,62278,,NIFTY,,2026-03-24,2026-03-24,20950.0,PE,NIFTY2632420950PE,14.8,14.8,4.15,10.3,9.55,3.75,23002.15,10.3,4895020,-33930,267014,363730881400.25,78655,F1,65,,,,,
2026-03-19,2026-03-19,FO,NSE,IDO,62394,,NIFTY,,2026-03-24,2026-03-24,22250.0,PE,NIFTY2632422250PE,39.75,82.35,31.1,67.55,61.45,16.05,23002.15,67.55,323635,20930,162342,235308882659.5,93875,F1,65,,,,,
2026-03-19,2026-03-19,FO,NSE,IDO,62435,,NIFTY,,2026-03-24,2026-03-24,22500.0,PE,NIFTY2632422500PE,55.35,130.0,47.1,103.5,95.35,22.7,23002.15,103.5,4141670,620945,936935,1374890940403.5,455645,F1,65,,,,,
2026-03-19,2026-03-19,FO,NSE,IDO,62437,,NIFTY,,2026-03-24,2026-03-24,22550.0,PE,NIFTY2632422550PE,59.95,142.45,51.6,113.75,106.7,24.35,23002.15,113.75,453115,145795,218729,321780820494.25,140201,F1,65,,,,,
2026-03-19,2026-03-19,FO,NSE,IDO,62579,,NIFTY,,2026-03-24,2026-03-24,23150.0,PE,NIFTY2632423150PE,165.0,393.0,146.4,326.7,295.5,64.55,23002.15,326.7,703430,119145,726742,1104568540413.0,530369,F1,65,,,,,
2026-03-19,2026-03-19,FO,NSE,IDO,62601,,NIFTY,,2026-03-24,2026-03-24,23600.0,PE,NIFTY2632423600PE,351.1,730.05,326.0,644.7,583.15,152.25,23002.15,644.7,1276470,-2248675,129539,202499460536.75,79882,F1,65,,,,,
2026-03-19,2026-03-19,FO,NSE,IDO,62663,,NIFTY,,2026-03-24,2026-03-24,24400.0,PE,NIFTY2632424400PE,1080.6,1470.0,1003.25,1380.05,1314.15,665.0,23002.15,1380.05,185380,5200,7694,12761817688.75,5348,F1,65,,,,,
2026-03-19,2026-03-19,FO,NSE,IDO,62707,,NIFTY,,2026-03-24,2026-03-24,24950.0,PE,NIFTY2632424950PE,0.0,0.0,0.0,1119.55,1119.55,1119.55,23002.15,1929.05,2145,0,0,0.0,0,F1,65,,,,,
2026-03-19,2026-03-19,FO,NSE,IDO,62766,,NIFTY,,2026-03-24,2026-03-24,25500.0,PE,NIFTY2632425500PE,2161.85,2582.6,2161.8,2515.3,2410.0,1746.7,23002.15,2515.3,186485,-12610,355,641829776.25,221,F1,65,,,,,
2026-03-19,2026-03-19,FO,NSE,IDO,62842,,NIFTY,,2026-03-24,2026-03-24,26250.0,PE,NIFTY2632426250PE,0.0,0.0,0.0,2765.0,2765.0,2765.0,23002.15,3228.1,2600,0,0,0.0,0,F1,65,,,,,
2026-03-19,2026-03-19,FO,NSE,IDO,62853,,NIFTY,,2026-03-24,2026-03-24,26400.0,PE,NIFTY2632426400PE,0.0,0.0,0.0,2990.0,2990.0,2990.0,23002.15,3377.95,260,0,0,0.0,0,F1,65,,,,,
2026-03-19,2026-03-19,FO,NSE,IDO,62867,,NIFTY,,2026-03-24,2026-03-24,26700.0,PE,NIFTY2632426700PE,0.0,0.0,0.0,2915.0,2915.0,2915.0,23002.15,3677.75,195,0,0,0.0,0,F1,65,,,,,
2026-03-19,2026-03-19,FO,NSE,IDO,62885,,NIFTY,,2026-03-24,2026-03-24,27050.0,PE,NIFTY2632427050PE,0.0,0.0,0.0,3630.75,3626.45,3630.75,23002.15,4027.5,130,0,0,0.0,0,F1,65,,,,,
2026-03-19,2026-03-19,FO,NSE,IDO,54444,,NIFTY,,2026-03-30,2026-03-30,21600.0,PE,NIFTY26MAR21600PE,0.0,0.0,0.0,1.0,0.0,1.0,23002.15,0.35,0,0,0,0.0,0,F1,65,,,,,
2026-03-19,2026-03-19,FO,NSE,IDO,54537,,NIFTY,,2026-03-30,2026-03-30,23950.0,PE,NIFTY26MAR23950PE,691.45,1067.95,656.15,930.7,905.7,384.7,23002.15,930.7,66820,-16055,823,1323165187.5,709,F1,65,,,,,
2026-03-19,2026-03-19,FO,NSE,IDO,54539,,NIFTY,,2026-03-30,2026-03-30,24050.0,PE,NIFTY26MAR24050PE,803.95,1122.45,768.9,1022.0,984.65,437.1,23002.15,1022.0,49660,-8385,410,665281493.5,362,F1,65,,,,,
2026-03-19,2026-03-19,FO,NSE,IDO,54543,,NIFTY,,2026-03-30,2026-03-30,24150.0,PE,NIFTY26MAR24150PE,889.25,1240.7,851.2,1185.85,1071.05,505.15,23002.15,1185.85,96785,2860,422,688724032.75,362,F1,65,,,,,
2026-03-19,2026-03-19,FO,NSE,IDO,54559,,NIFTY,,2026-03-30,2026-03-30,24550.0,PE,NIFTY26MAR24550PE,1265.25,1616.1,1228.9,1474.45,1440.45,797.4,23002.15,1474.45,46475,-520,153,257518270.75,130,F1,65,,,,,
2026-03-19,2026-03-19,FO,NSE,IDO,54597,,NIFTY,,2026-03-30,2026-03-30,25550.0,PE,NIFTY26MAR25550PE,2240.0,2567.5,2238.0,2544.75,2531.2,1774.2,23002.15,2544.75,35230,-650,52,94244813.0,52,F1,65,,,,,
2026-03-19,2026-03-19,FO,NSE,IDO,54599,,NIFTY,,2026-03-30,2026-03-30,25600.0,PE,NIFTY26MAR25600PE,2274.95,2640.0,2274.95,2550.6,2474.0,1826.05,23002.15,2550.6,591435,-2925,214,389809140.5,132,F1,65,,,,,
2026-03-19,2026-03-19,FO,NSE,IDO,54619,,NIFTY,,2026-03-30,2026-03-30,25850.0,PE,NIFTY26MAR25850PE,2517.55,2765.8,2510.05,2762.3,2757.75,2074.1,23002.15,2762.3,29120,-455,10,18551874.25,10,F1,65,,,,,
2026-03-19,2026-03-19,FO,NSE,IDO,54713,,NIFTY,,2026-03-30,2026-03-30,26550.0,PE,NIFTY26MAR26550PE,0.0,0.0,0.0,2887.4,2887.4,2887.4,23002.15,3503.9,715,0,0,0.0,0,F1,65,,,,,
2026-03-19,2026-03-19,FO,NSE,IDO,54717,,NIFTY,,2026-03-30,2026-03-30,26650.0,PE,NIFTY26MAR26650PE,0.0,0.0,0.0,3243.75,3250.2,3243.75,23002.15,3603.7,2405,0,0,0.0,0,F1,65,,,,,
2026-03-19,2026-03-19,FO,NSE,IDO,54723,,NIFTY,,2026-03-30,2026-03-30,26800.0,PE,NIFTY26MAR26800PE,3563.0,3826.8,3540.0,3726.2,3683.8,2955.5,23002.15,3726.2,27170,-455,12,23761533.25,12,F1,65,,,,,
2026-03-19,2026-03-19,FO,NSE,IDO,40723,,NIFTY,,2026-04-07,2026-04-07,22250.0,PE,NIFTY2640722250PE,0.0,0.0,0.0,1.3,0.0,1.3,23002.15,38.35,0,0,0,0.0,0,F1,65,,,,,
2026-03-19,2026-03-19,FO,NSE,IDO,40727,,NIFTY,,2026-04-07,2026-04-07,22350.0,PE,NIFTY2640722350PE,0.0,0.0,0.0,1.8,0.0,1.8,23002.15,51.75,0,0,0,0.0,0,F1,65,,,,,
2026-03-19,2026-03-19,FO,NSE,IDO,40731,,NIFTY,,2026-04-07,2026-04-07,22450.0,PE,NIFTY2640722450PE,0.0,0.0,0.0,2.45,0.0,2.45,23002.15,68.55,0,0,0,0.0,0,F1,65,,,,,
2026-03-19,2026-03-19,FO,NSE,IDO,40857,,NIFTY,,2026-04-07,2026-04-07,24350.0,PE,NIFTY2640724350PE,1011.85,1271.95,999.8,1256.3,1256.3,670.0,23002.15,1256.3,1300,-325,7,11586074.5,7,F1,65,,,,,
2026-03-19,2026-03-19,FO,NSE,IDO,54656,,NIFTY,,2026-04-13,2026-04-13,21600.0,PE,NIFTY2641321600PE,0.0,0.0,0.0,1.0,0.0,1.0,23002.15,7.9,0,0,0,0.0,0,F1,65,,,,,
2026-03-19,2026-03-19,FO,NSE,IDO,54700,,NIFTY,,2026-04-13,2026-04-13,22450.0,PE,NIFTY2641322450PE,0.0,0.0,0.0,12.6,0.0,12.6,23002.15,92.35,0,0,0,0.0,0,F1,65,,,,,
2026-03-19,2026-03-19,FO,NSE,IDO,54863,,NIFTY,,2026-04-13,2026-04-13,24250.0,PE,NIFTY2641324250PE,0.0,0.0,0.0,355.6,0.0,355.6,23002.15,1185.35,0,0,0,0.0,0,F1,65,,,,,
2026-03-19,2026-03-19,FO,NSE,IDO,54885,,NIFTY,,2026-04-13,2026-04-13,24800.0,PE,NIFTY2641324800PE,0.0,0.0,0.0,654.55,0.0,654.55,23002.15,1710.45,0,0,0,0.0,0,F1,65,,,,,
2026-03-19,2026-03-19,FO,NSE,IDO,54913,,NIFTY,,2026-04-13,2026-04-13,25300.0,PE,NIFTY2641325300PE,0.0,0.0,0.0,1013.05,0.0,1013.05,23002.15,2203.8,0,0,0,0.0,0,F1,65,,,,,
2026-03-19,2026-03-19,FO,NSE,IDO,54971,,NIFTY,,2026-04-13,2026-04-13,25550.0,PE,NIFTY2641325550PE,0.0,0.0,0.0,1217.05,0.0,1217.05,23002.15,2452.2,0,0,0,0.0,0,F1,65,,,,,
2026-03-19,2026-03-19,FO,NSE,IDO,63317,,NIFTY,,2026-04-21,2026-04-21,21900.0,PE,NIFTY2642121900PE,0.0,0.0,0.0,18.55,0.0,18.55,23002.15,35.5,0,0,0,0.0,0,F1,65,,,,,
2026-03-19,2026-03-19,FO,NSE,IDO,63321,,NIFTY,,2026-04-21,2026-04-21,22000.0,PE,NIFTY2642122000PE,0.0,0.0,0.0,23.5,0.0,23.5,23002.15,45.4,0,0,0,0.0,0,F1,65,,,,,
2026-03-19,2026-03-19,FO,NSE,IDO,63369,,NIFTY,,2026-04-21,2026-04-21,22850.0,PE,NIFTY2642122850PE,0.0,0.0,0.0,127.15,0.0,127.15,23002.15,245.0,0,0,0,0.0,0,F1,65,,,,,
2026-03-19,2026-03-19,FO,NSE,IDO,63399,,NIFTY,,2026-04-21,2026-04-21,23550.0,PE,NIFTY2642123550PE,0.0,0.0,0.0,351.2,0.0,351.2,23002.15,622.9,0,0,0,0.0,0,F1,65,,,,,
2026-03-19,2026-03-19,FO,NSE,IDO,63477,,NIFTY,,2026-04-21,2026-04-21,24900.0,PE,NIFTY2642124900PE,0.0,0.0,0.0,1243.3,0.0,1243.3,23002.15,1785.65,0,0,0,0.0,0,F1,65,,,,,
2026-03-19,2026-03-19,FO,NSE,IDO,63505,,NIFTY,,2026-04-21,2026-04-21,25450.0,PE,NIFTY2642125450PE,0.0,0.0,0.0,1733.1,0.0,1733.1,23002.15,2324.05,0,0,0,0.0,0,F1,65,,,,,
2026-03-19,2026-03-19,FO,NSE,IDO,71928,,NIFTY,,2026-04-28,2026-04-28,21500.0,PE,NIFTY26APR21500PE,99.65,162.5,99.65,162.5,162.5,31.05,23002.15,162.5,32110,25740,396,557587173.0,136,F1,65,,,,,
2026-03-19,2026-03-19,FO,NSE,IDO,71932,,NIFTY,,2026-04-28,2026-04-28,21600.0,PE,NIFTY26APR21600PE,0.0,0.0,0.0,3.6,0.0,3.6,23002.15,23.9,0,0,0,0.0,0,F1,65,,,,,
2026-03-19,2026-03-19,FO,NSE,IDO,71936,,NIFTY,,2026-04-28,2026-04-28,21700.0,PE,NIFTY26APR21700PE,0.0,0.0,0.0,4.45,0.0,4.45,23002.15,30.55,0,0,0,0.0,0,F1,65,,,,,
2026-03-19,2026-03-19,FO,NSE,IDO,71958,,NIFTY,,2026-04-28,2026-04-28,22200.0,PE,NIFTY26APR22200PE,0.0,0.0,0.0,11.65,0.0,11.65,23002.15,90.3,0,0,0,0.0,0,F1,65,,,,,
2026-03-19,2026-03-19,FO,NSE,IDO,72208,,NIFTY,,2026-04-28,2026-04-28,23000.0,PE,NIFTY26APR23000PE,417.0,652.75,417.0,595.35,560.05,303.4,23002.15,595.35,1891045,-108810,41685,63743141185.75,28265,F1,65,,,,,
2026-03-19,2026-03-19,FO,NSE,IDO,72229,,NIFTY,,2026-04-28,2026-04-28,23500.0,PE,NIFTY26APR23500PE,576.0,883.9,548.0,817.1,756.4,420.85,23002.15,817.1,1439815,245180,25285,39756631804.5,18606,F1,65,,,,,
2026-03-19,2026-03-19,FO,NSE,IDO,72248,,NIFTY,,2026-04-28,2026-04-28,23600.0,PE,NIFTY26APR23600PE,598.0,930.4,525.05,862.3,813.95,450.0,23002.15,862.3,146770,-18070,2854,4513140346.0,2313,F1,65,,,,,
2026-03-19,2026-03-19,FO,NSE,IDO,72264,,NIFTY,,2026-04-28,2026-04-28,24000.0,PE,NIFTY26APR24000PE,918.15,1171.75,816.8,1093.95,1037.65,598.2,23002.15,1093.95,1016015,-298545,16096,26107827001.75,11788,F1,65,,,,,
2026-03-19,2026-03-19,FO,NSE,IDO,72266,,NIFTY,,2026-04-28,2026-04-28,24050.0,PE,NIFTY26APR24050PE,901.55,1195.0,880.95,1128.4,1074.3,604.05,23002.15,1128.4,22685,3900,286,465463687.0,232,F1,65,,,,,
2026-03-19,2026-03-19,FO,NSE,IDO,72270,,NIFTY,,2026-04-28,2026-04-28,24150.0,PE,NIFTY26APR24150PE,993.7,1269.7,964.3,1128.2,1128.2,663.7,23002.15,1128.2,22295,1105,75,122950314.5,55,F1,65,,,,,
2026-03-19,2026-03-19,FO,NSE,IDO,72316,,NIFTY,,2026-04-28,2026-04-28,24350.0,PE,NIFTY26APR24350PE,1090.15,1407.15,1090.15,1407.15,1407.15,760.15,23002.15,1407.15,18200,-325,11,18245831.5,11,F1,65,,,,,
2026-03-19,2026-03-19,FO,NSE,IDO,72324,,NIFTY,,2026-04-28,2026-04-28,24450.0,PE,NIFTY26APR24450PE,1165.0,1475.0,1165.0,1469.35,1424.15,825.85,23002.15,1469.35,10140,-2145,102,170817702.25,56,F1,65,,,,,
2026-03-19,2026-03-19,FO,NSE,IDO,72332,,NIFTY,,2026-04-28,2026-04-28,24650.0,PE,NIFTY26APR24650PE,1316.3,1593.2,1276.15,1508.8,1508.35,934.0,23002.15,1508.8,7215,-2470,72,121914455.0,49,F1,65,,,,,
2026-03-19,2026-03-19,FO,NSE,IDO,72355,,NIFTY,,2026-04-28,2026-04-28,25100.0,PE,NIFTY26APR25100PE,1480.0,2013.15,1480.0,1928.3,1880.1,1272.25,23002.15,1928.3,55055,195,32,55896766.25,22,F1,65,,,,,
2026-03-19,2026-03-19,FO,NSE,IDO,72722,,NIFTY,,2026-04-28,2026-04-28,26900.0,PE,NIFTY26APR26900PE,3601.8,3601.8,3601.25,3601.55,3601.25,2940.0,23002.15,3601.55,1105,-65,2,3965198.25,2,F1,65,,,,,
2026-03-19,2026-03-19,FO,NSE,IDO,72728,,NIFTY,,2026-04-28,2026-04-28,27050.0,PE,NIFTY26APR27050PE,0.0,0.0,0.0,1896.8,1896.8,1896.8,23002.15,3885.35,390,0,0,0.0,0,F1,65,,,,,
2026-03-19,2026-03-19,FO,NSE,IDO,72730,,NIFTY,,2026-04-28,2026-04-28,27100.0,PE,NIFTY26APR27100PE,0.0,0.0,0.0,2360.5,2360.5,2360.5,23002.15,3935.05,390,0,0,0.0,0,F1,65,,,,,
2026-03-19,2026-03-19,FO,NSE,IDO,71742,,NIFTY,,2026-05-26,2026-05-26,21150.0,PE,NIFTY26MAY21150PE,0.0,0.0,0.0,1.2,0.0,1.2,23002.15,25.7,0,0,0,0.0,0,F1,65,,,,,
2026-03-19,2026-03-19,FO,NSE,IDO,71772,,NIFTY,,2026-05-26,2026-05-26,21600.0,PE,NIFTY26MAY21600PE,0.0,0.0,0.0,3.1,0.0,3.1,23002.15,59.7,0,0,0,0.0,0,F1,65,,,,,
2026-03-19,2026-03-19,FO,NSE,IDO,71819,,NIFTY,,2026-05-26,2026-05-26,22150.0,PE,NIFTY26MAY22150PE,0.0,0.0,0.0,9.0,0.0,9.0,23002.15,142.9,0,0,0,0.0,0,F1,65,,,,,
2026-03-19,2026-03-19,FO,NSE,IDO,71841,,NIFTY,,2026-05-26,2026-05-26,22400.0,PE,NIFTY26MAY22400PE,0.0,0.0,0.0,13.95,0.0,13.95,23002.15,201.75,0,0,0,0.0,0,F1,65,,,,,
2026-03-19,2026-03-19,FO,NSE,IDO,72281,,NIFTY,,2026-05-26,2026-05-26,24550.0,PE,NIFTY26MAY24550PE,1557.65,1557.65,1510.15,1510.15,1510.15,1177.5,23002.15,1418.15,3055,-65,2,3390907.0,2,F1,65,,,,,
2026-03-19,2026-03-19,FO,NSE,IDO,72283,,NIFTY,,2026-05-26,2026-05-26,24600.0,PE,NIFTY26MAY24600PE,0.0,0.0,0.0,923.4,927.8,923.4,23002.15,1459.9,59085,0,0,0.0,0,F1,65,,,,,
2026-03-19,2026-03-19,FO,NSE,IDO,72344,,NIFTY,,2026-05-26,2026-05-26,25500.0,PE,NIFTY26MAY25500PE,1929.95,2313.6,1915.0,2253.4,2132.1,1536.45,23002.15,2253.4,210145,-2080,163,292694733.5,123,F1,65,,,,,
2026-03-19,2026-03-19,FO,NSE,IDO,72453,,NIFTY,,2026-05-26,2026-05-26,26300.0,PE,NIFTY26MAY26300PE,0.0,0.0,0.0,2534.45,2534.45,2534.45,23002.15,3037.15,650,0,0,0.0,0,F1,65,,,,,
2026-03-19,2026-03-19,FO,NSE,IDO,72598,,NIFTY,,2026-05-26,2026-05-26,26600.0,PE,NIFTY26MAY26600PE,0.0,0.0,0.0,2585.85,2585.85,2585.85,23002.15,3330.85,195,0,0,0.0,0,F1,65,,,,,
2026-03-19,2026-03-19,FO,NSE,IDO,37802,,NIFTY,,2026-06-30,2026-06-30,13000.0,PE,NIFTY26JUN13000PE,15.45,17.95,13.1,16.05,15.5,10.3,23002.15,16.05,13395,2990,110,93055599.0,31,F1,65,,,,,
2026-03-19,2026-03-19,FO,NSE,IDO,39990,,NIFTY,,2026-06-30,2026-06-30,19000.0,PE,NIFTY26JUN19000PE,85.0,115.0,81.3,109.95,109.95,65.4,23002.15,109.95,555625,60970,3894,4833685645.75,2176,F1,65,,,,,
2026-03-19,2026-03-19,FO,NSE,IDO,55221,,NIFTY,,2026-06-30,2026-06-30,31500.0,PE,NIFTY26JUN31500PE,0.0,0.0,0.0,4679.25,0.0,4679.25,23002.15,8012.75,0,0,0,0.0,0,F1,65,,,,,
2026-03-19,2026-03-19,FO,NSE,IDO,65930,,NIFTY,,2026-09-29,2026-09-29,33000.0,PE,NIFTY26SEP33000PE,0.0,0.0,0.0,6552.15,0.0,6552.15,23002.15,9047.3,0,0,0,0.0,0,F1,65,,,,,
2026-03-19,2026-03-19,FO,NSE,IDO,55375,,NIFTY,,2027-06-29,2027-06-29,22500.0,PE,NIFTY27JUN22500PE,0.0,0.0,0.0,153.9,0.0,153.9,23002.15,536.25,0,0,0,0.0,0,F1,65,,,,,
2026-03-19,2026-03-19,FO,NSE,IDO,55477,,NIFTY,,2028-06-27,2028-06-27,25500.0,PE,NIFTY28JUN25500PE,0.0,0.0,0.0,667.45,0.0,667.45,23002.15,1565.65,0,0,0,0.0,0,F1,65,,,,,
2026-03-19,2026-03-19,FO,NSE,IDO,47197,,NIFTY,,2028-06-27,2028-06-27,33000.0,PE,NIFTY28JUN33000PE,0.0,0.0,0.0,3707.8,0.0,3707.8,23002.15,6412.9,0,0,0,0.0,0,F1,65,,,,,
2026-03-19,2026-03-19,FO,NSE,IDO,67785,,NIFTY,,2028-12-26,2028-12-26,25000.0,PE,NIFTY28DEC25000PE,1600.0,1655.0,1571.0,1571.0,1571.0,1598.0,23002.15,1571.0,5530,-195,13,22482265.0,5,F1,65,,,,,
2026-03-19,2026-03-19,FO,NSE,IDO,55605,,NIFTY,,2029-12-24,2029-12-24,25500.0,PE,NIFTY29DEC25500PE,0.0,0.0,0.0,597.3,0.0,597.3,23002.15,1273.25,0,0,0,0.0,0,F1,65,,,,,
2026-03-19,2026-03-19,FO,NSE,IDO,61779,,NIFTY,,2029-12-24,2029-12-24,26000.0,PE,NIFTY29DEC26000PE,0.0,0.0,0.0,700.0,700.0,700.0,23002.15,1437.85,3665,0,0,0.0,0,F1,65,,,,,
2026-03-19,2026-03-19,FO,NSE,IDO,61933,,NIFTY,,2029-12-24,2029-12-24,30000.0,PE,NIFTY29DEC30000PE,0.0,0.0,0.0,1953.5,0.0,1953.5,23002.15,3169.7,0,0,0,0.0,0,F1,65,,,,,
2026-03-19,2026-03-19,FO,NSE,IDO,55611,,NIFTY,,2029-12-24,2029-12-24,34500.0,PE,NIFTY29DEC34500PE,0.0,0.0,0.0,3545.6,0.0,3545.6,23002.15,5856.0,0,0,0,0.0,0,F1,65,,,,,
2026-03-19,2026-03-19,FO,NSE,IDO,55641,,NIFTY,,2030-06-25,2030-06-25,16500.0,PE,NIFTY30JUN16500PE,0.0,0.0,0.0,12.0,0.0,12.0,23002.15,32.35,0,0,0,0.0,0,F1,65,,,,,
2026-03-19,2026-03-19,FO,NSE,IDO,60893,,NIFTY,,2030-06-25,2030-06-25,18000.0,PE,NIFTY30JUN18000PE,0.0,0.0,0.0,116.65,0.0,116.65,23002.15,77.7,0,0,0,0.0,0,F1,65,,,,,
2026-03-19,2026-03-19,FO,NSE,IDO,60939,,NIFTY,,2030-06-25,2030-06-25,30000.0,PE,NIFTY30JUN30000PE,0.0,0.0,0.0,2100.85,0.0,2100.85,23002.15,2911.1,0,0,0,0.0,0,F1,65,,,,,
2026-03-19,2026-03-19,FO,NSE,IDO,54522,,NIFTY,,2026-03-30,2026-03-30,23600.0,CE,NIFTY26MAR23600CE,172.8,230.35,118.1,139.75,164.15,416.35,23002.15,139.75,854425,5785,56175,86797328705.75,41643,F1,65,,,,,
2026-03-19,2026-03-19,FO,NSE,IDO,54510,,NIFTY,,2026-03-30,2026-03-30,23300.0,CE,NIFTY26MAR23300CE,366.15,398.65,215.4,251.55,279.25,643.55,23002.15,251.55,1070680,534170,107577,165070612005.0,81549,F1,65,,,,,
2026-03-19,2026-03-19,FO,NSE,IDO,54427,,NIFTY,,2026-03-30,2026-03-30,21200.0,CE,NIFTY26MAR21200CE,0.0,0.0,0.0,2296.0,2296.3,2296.0,23002.15,1837.3,130,0,0,0.0,0,F1,65,,,,,
2026-03-19,2026-03-19,FO,NSE,IDO,54417,,NIFTY,,2026-03-30,2026-03-30,20900.0,CE,NIFTY26MAR20900CE,0.0,0.0,0.0,5348.5,0.0,5348.5,23002.15,2136.75,0,0,0,0.0,0,F1,65,,,,,
2026-03-19,2026-03-19,FO,NSE,IDO,62914,,NIFTY,,2026-03-30,2026-03-30,19000.0,CE,NIFTY26MAR19000CE,4350.0,4350.05,3980.0,4060.25,4091.0,4775.0,23002.15,4060.25,166365,-4775,327,492262465.5,280,F1,65,,,,,
2026-03-19,2026-03-19,FO,NSE,IDO,62860,,NIFTY,,2026-03-24,2026-03-24,26550.0,CE,NIFTY2632426550CE,1.4,2.9,0.9,1.15,0.95,0.95,23002.15,1.15,31395,9880,7577,13076722070.75,3283,F1,65,,,,,
2026-03-19,2026-03-19,FO,NSE,IDO,62765,,NIFTY,,2026-03-24,2026-03-24,25500.0,CE,NIFTY2632425500CE,1.5,3.45,1.4,1.8,1.5,1.8,23002.15,1.8,2489760,-621075,338666,561383887467.0,56067,F1,65,,,,,
2026-03-19,2026-03-19,FO,NSE,IDO,62716,,NIFTY,,2026-03-24,2026-03-24,25150.0,CE,NIFTY2632425150CE,3.35,4.0,1.7,2.2,1.95,3.35,23002.15,2.2,341640,-47190,54165,88555437610.25,17272,F1,65,,,,,
2026-03-19,2026-03-19,FO,NSE,IDO,62688,,NIFTY,,2026-03-24,2026-03-24,24800.0,CE,NIFTY2632424800CE,4.85,5.85,2.9,3.55,3.25,7.55,23002.15,3.55,3867630,1547325,344078,554745113065.0,83690,F1,65,,,,,
2026-03-19,2026-03-19,FO,NSE,IDO,62624,,NIFTY,,2026-03-24,2026-03-24,24050.0,CE,NIFTY2632424050CE,25.0,30.0,14.85,19.5,23.05,92.15,23002.15,19.5,1449565,558870,262917,411354113261.0,128913,F1,65,,,,,
2026-03-19,2026-03-19,FO,NSE,IDO,62622,,NIFTY,,2026-03-24,2026-03-24,24000.0,CE,NIFTY2632424000CE,26.05,33.6,16.6,21.65,26.2,108.2,23002.15,21.65,6788210,2442700,1005665,1570357286524.0,390440,F1,65,,,,,
2026-03-19,2026-03-19,FO,NSE,IDO,62620,,NIFTY,,2026-03-24,2026-03-24,23950.0,CE,NIFTY2632423950CE,32.05,40.0,18.3,24.5,30.25,126.3,23002.15,24.5,1145105,348075,296600,462257903539.25,142175,F1,65,,,,,
2026-03-19,2026-03-19,FO,NSE,IDO,62609,,NIFTY,,2026-03-24,2026-03-24,23800.0,CE,NIFTY2632423800CE,53.3,66.95,25.9,35.25,44.5,198.8,23002.15,35.25,4248400,850070,941119,1458497161576.0,423473,F1,65,,,,,
2026-03-19,2026-03-19,FO,NSE,IDO,62377,,NIFTY,,2026-03-24,2026-03-24,21950.0,CE,NIFTY2632421950CE,1228.0,1228.0,1158.45,1158.7,1158.9,1458.85,23002.15,1158.7,390,260,7,10518953.25,7,F1,65,,,,,
2026-03-19,2026-03-19,FO,NSE,IDO,54810,,NIFTY,,2026-04-13,2026-04-13,23950.0,CE,NIFTY2641323950CE,226.8,232.7,169.7,183.95,185.35,402.2,23002.15,183.95,2665,2080,46,72190114.75,18,F1,65,,,,,
2026-03-19,2026-03-19,FO,NSE,IDO,54492,,NIFTY,,2026-03-30,2026-03-30,22850.0,CE,NIFTY26MAR22850CE,720.4,722.3,435.05,496.5,549.5,1055.4,23002.15,496.5,22945,10790,1636,2484312662.0,1328,F1,65,,,,,
2026-03-19,2026-03-19,FO,NSE,IDO,54512,,NIFTY,,2026-03-30,2026-03-30,23350.0,CE,NIFTY26MAR23350CE,339.1,367.0,196.3,229.05,257.6,608.6,23002.15,229.05,228865,132730,21186,32537514100.0,16431,F1,65,,,,,
2026-03-19,2026-03-19,FO,NSE,IDO,54514,,NIFTY,,2026-03-30,2026-03-30,23400.0,CE,NIFTY26MAR23400CE,308.75,336.8,179.2,211.45,236.25,561.65,23002.15,211.45,926705,343265,61524,94597141723.5,46703,F1,65,,,,,
2026-03-19,2026-03-19,FO,NSE,IDO,54526,,NIFTY,,2026-03-30,2026-03-30,23700.0,CE,NIFTY26MAR23700CE,127.5,188.0,95.15,111.2,131.55,354.3,23002.15,111.2,837590,36205,60287,93404513452.25,42717,F1,65,,,,,
2026-03-19,2026-03-19,FO,NSE,IDO,54530,,NIFTY,,2026-03-30,2026-03-30,23800.0,CE,NIFTY26MAR23800CE,91.8,144.75,52.65,91.4,104.3,295.65,23002.15,91.4,1323790,-357305,86832,134941538416.75,58197,F1,65,,,,,
2026-03-19,2026-03-19,FO,NSE,IDO,54534,,NIFTY,,2026-03-30,2026-03-30,23900.0,CE,NIFTY26MAR23900CE,40.05,112.1,40.05,70.7,84.25,237.1,23002.15,70.7,993200,103350,49462,77111029541.0,35262,F1,65,,,,,
2026-03-19,2026-03-19,FO,NSE,IDO,62928,,NIFTY,,2026-03-30,2026-03-30,26000.0,CE,NIFTY26MAR26000CE,4.0,4.7,3.1,4.15,3.65,4.5,23002.15,4.15,5494590,-373685,38647,65324008889.75,11809,F1,65,,,,,
2026-03-19,2026-03-19,FO,NSE,IDO,62930,,NIFTY,,2026-03-30,2026-03-30,27000.0,CE,NIFTY26MAR27000CE,2.3,2.95,1.75,2.35,2.05,2.3,23002.15,2.35,2704205,-82675,19202,33702438289.0,6280,F1,65,,,,,
2026-03-19,2026-03-19,FO,NSE,IDO,54736,,NIFTY,,2026-03-30,2026-03-30,27200.0,CE,NIFTY26MAR27200CE,2.15,2.7,1.3,2.2,2.0,2.15,23002.15,2.2,355940,-325,338,597630475.0,163,F1,65,,,,,
2026-03-19,2026-03-19,FO,NSE,IDO,40652,,NIFTY,,2026-04-07,2026-04-07,21200.0,CE,NIFTY2640721200CE,0.0,0.0,0.0,2269.0,2269.0,2269.0,23002.15,1863.25,65,0,0,0.0,0,F1,65,,,,,
2026-03-19,2026-03-19,FO,NSE,IDO,40662,,NIFTY,,2026-04-07,2026-04-07,21350.0,CE,NIFTY2640721350CE,0.0,0.0,0.0,2035.25,2035.25,2035.25,23002.15,1714.25,65,0,0,0.0,0,F1,65,,,,,
2026-03-19,2026-03-19,FO,NSE,IDO,40696,,NIFTY,,2026-04-07,2026-04-07,21900.0,CE,NIFTY2640721900CE,0.0,0.0,0.0,2472.9,2472.9,2472.9,23002.15,1176.4,65,0,0,0.0,0,F1,65,,,,,
2026-03-19,2026-03-19,FO,NSE,IDO,40700,,NIFTY,,2026-04-07,2026-04-07,22000.0,CE,NIFTY2640722000CE,1484.6,1515.35,1265.65,1305.5,1312.0,1968.2,23002.15,1305.5,11570,2210,149,226510726.0,62,F1,65,,,,,
2026-03-19,2026-03-19,FO,NSE,IDO,40714,,NIFTY,,2026-04-07,2026-04-07,22200.0,CE,NIFTY2640722200CE,0.0,0.0,0.0,1155.4,1155.4,1155.4,23002.15,898.45,1625,0,0,0.0,0,F1,65,,,,,
2026-03-19,2026-03-19,FO,NSE,IDO,40792,,NIFTY,,2026-04-07,2026-04-07,23450.0,CE,NIFTY2640723450CE,373.35,386.45,263.5,298.55,319.3,635.5,23002.15,298.55,17875,13000,661,1021420829.0,443,F1,65,,,,,
2026-03-19,2026-03-19,FO,NSE,IDO,40838,,NIFTY,,2026-04-07,2026-04-07,24150.0,CE,NIFTY2640724150CE,112.55,114.6,82.15,91.45,104.0,224.7,23002.15,91.45,7670,-715,436,687277834.75,318,F1,65,,,,,
2026-03-19,2026-03-19,FO,NSE,IDO,40914,,NIFTY,,2026-04-07,2026-04-07,25300.0,CE,NIFTY2640725300CE,20.0,20.0,11.3,14.65,16.0,21.95,23002.15,14.65,27170,-975,760,1250539293.25,555,F1,65,,,,,
2026-03-19,2026-03-19,FO,NSE,IDO,40954,,NIFTY,,2026-04-07,2026-04-07,25750.0,CE,NIFTY2640725750CE,12.05,12.95,8.3,12.9,12.95,12.8,23002.15,12.9,2275,65,12,20093641.75,10,F1,65,,,,,
2026-03-19,2026-03-19,FO,NSE,IDO,40974,,NIFTY,,2026-04-07,2026-04-07,26100.0,CE,NIFTY2640726100CE,8.1,8.1,5.6,6.6,6.1,8.55,23002.15,6.6,2665,520,47,79755585.0,32,F1,65,,,,,
2026-03-19,2026-03-19,FO,NSE,IDO,40978,,NIFTY,,2026-04-07,2026-04-07,26200.0,CE,NIFTY2640726200CE,5.5,8.95,4.55,5.8,5.0,6.85,23002.15,5.8,10140,455,190,323645237.5,115,F1,65,,,,,
2026-03-19,2026-03-19,FO,NSE,IDO,40982,,NIFTY,,2026-04-07,2026-04-07,26300.0,CE,NIFTY2640726300CE,8.9,8.9,4.7,5.65,7.3,6.85,23002.15,5.65,8840,2080,119,203477069.25,73,F1,65,,,,,
2026-03-19,2026-03-19,FO,NSE,IDO,54659,,NIFTY,,2026-04-13,2026-04-13,21700.0,CE,NIFTY2641321700CE,0.0,0.0,0.0,2701.45,0.0,2701.45,23002.15,1394.9,0,0,0,0.0,0,F1,65,,,,,
2026-03-19,2026-03-19,FO,NSE,IDO,54691,,NIFTY,,2026-04-13,2026-04-13,22250.0,CE,NIFTY2641322250CE,0.0,0.0,0.0,2160.95,0.0,2160.95,23002.15,892.6,0,0,0,0.0,0,F1,65,,,,,
2026-03-19,2026-03-19,FO,NSE,IDO,54777,,NIFTY,,2026-04-13,2026-04-13,23300.0,CE,NIFTY2641323300CE,514.2,537.0,399.9,434.6,476.2,1192.4,23002.15,434.6,9230,9230,359,554979538.75,306,F1,65,,,,,
2026-03-19,2026-03-19,FO,NSE,IDO,54816,,NIFTY,,2026-04-13,2026-04-13,24050.0,CE,NIFTY2641324050CE,192.2,203.2,146.65,175.55,182.35,354.2,23002.15,175.55,3445,2795,56,88157169.75,20,F1,65,,,,,
2026-03-19,2026-03-19,FO,NSE,IDO,54882,,NIFTY,,2026-04-13,2026-04-13,24750.0,CE,NIFTY2641324750CE,58.4,60.0,49.65,58.1,59.3,98.15,23002.15,58.1,2665,1170,39,62880415.0,20,F1,65,,,,,
2026-03-19,2026-03-19,FO,NSE,IDO,54888,,NIFTY,,2026-04-13,2026-04-13,24900.0,CE,NIFTY2641324900CE,45.35,47.85,40.5,45.5,46.95,75.25,23002.15,45.5,2665,1300,71,115116875.25,34,F1,65,,,,,
2026-03-19,2026-03-19,FO,NSE,IDO,63269,,NIFTY,,2026-04-21,2026-04-21,21250.0,CE,NIFTY2642121250CE,0.0,0.0,0.0,2476.9,0.0,2476.9,23002.15,1862.9,0,0,0,0.0,0,F1,65,,,,,
2026-03-19,2026-03-19,FO,NSE,IDO,63320,,NIFTY,,2026-04-21,2026-04-21,22000.0,CE,NIFTY2642122000CE,0.0,0.0,0.0,1752.25,0.0,1752.25,23002.15,1156.7,0,0,0,0.0,0,F1,65,,,,,
2026-03-19,2026-03-19,FO,NSE,IDO,63339,,NIFTY,,2026-04-21,2026-04-21,22400.0,CE,NIFTY2642122400CE,0.0,0.0,0.0,1387.15,0.0,1387.15,23002.15,822.7,0,0,0,0.0,0,F1,65,,,,,
2026-03-19,2026-03-19,FO,NSE,IDO,63357,,NIFTY,,2026-04-21,2026-04-21,22700.0,CE,NIFTY2642122700CE,0.0,0.0,0.0,1131.6,0.0,1131.6,23002.15,605.85,0,0,0,0.0,0,F1,65,,,,,
2026-03-19,2026-03-19,FO,NSE,IDO,63376,,NIFTY,,2026-04-21,2026-04-21,23000.0,CE,NIFTY2642123000CE,701.0,740.0,666.4,691.35,740.0,898.55,23002.15,691.35,1170,1170,23,35419202.0,23,F1,65,,,,,
2026-03-19,2026-03-19,FO,NSE,IDO,63398,,NIFTY,,2026-04-21,2026-04-21,23550.0,CE,NIFTY2642123550CE,0.0,0.0,0.0,540.35,0.0,540.35,23002.15,191.85,0,0,0,0.0,0,F1,65,,,,,
2026-03-19,2026-03-19,FO,NSE,IDO,63404,,NIFTY,,2026-04-21,2026-04-21,23700.0,CE,NIFTY2642123700CE,360.5,374.15,345.45,364.4,373.05,606.7,23002.15,364.4,2145,-845,53,82896437.0,42,F1,65,,,,,
2026-03-19,2026-03-19,FO,NSE,IDO,63408,,NIFTY,,2026-04-21,2026-04-21,23800.0,CE,NIFTY2642123800CE,347.1,349.0,312.1,330.95,340.85,560.1,23002.15,330.95,715,65,33,51752805.0,22,F1,65,,,,,
2026-03-19,2026-03-19,FO,NSE,IDO,63474,,NIFTY,,2026-04-21,2026-04-21,24850.0,CE,NIFTY2642124850CE,0.0,0.0,0.0,99.15,0.0,99.15,23002.15,12.85,0,0,0,0.0,0,F1,65,,,,,
2026-03-19,2026-03-19,FO,NSE,IDO,71923,,NIFTY,,2026-04-28,2026-04-28,21400.0,CE,NIFTY26APR21400CE,0.0,0.0,0.0,2239.2,2239.2,2239.2,23002.15,1744.95,65,0,0,0.0,0,F1,65,,,,,
2026-03-19,2026-03-19,FO,NSE,IDO,71933,,NIFTY,,2026-04-28,2026-04-28,21650.0,CE,NIFTY26APR21650CE,0.0,0.0,0.0,1940.45,1940.45,1940.45,23002.15,1509.3,65,0,0,0.0,0,F1,65,,,,,
2026-03-19,2026-03-19,FO,NSE,IDO,71945,,NIFTY,,2026-04-28,2026-04-28,21900.0,CE,NIFTY26APR21900CE,1626.15,1629.05,1620.3,1625.0,1629.05,1749.6,23002.15,1625.0,520,390,11,16820358.75,11,F1,65,,,,,
2026-03-19,2026-03-19,FO,NSE,IDO,72195,,NIFTY,,2026-04-28,2026-04-28,22700.0,CE,NIFTY26APR22700CE,1132.05,1132.05,940.2,970.1,999.95,1330.95,23002.15,970.1,4290,-780,40,61807265.0,38,F1,65,,,,,
2026-03-19,2026-03-19,FO,NSE,IDO,72216,,NIFTY,,2026-04-28,2026-04-28,23200.0,CE,NIFTY26APR23200CE,940.0,940.0,619.35,671.1,700.0,1054.3,23002.15,671.1,114920,18200,4025,6257894795.75,3366,F1,65,,,,,
2026-03-19,2026-03-19,FO,NSE,IDO,72257,,NIFTY,,2026-04-28,2026-04-28,23850.0,CE,NIFTY26APR23850CE,440.0,440.0,330.0,360.85,377.4,616.05,23002.15,360.85,20150,10400,562,885684621.25,411,F1,65,,,,,
2026-03-19,2026-03-19,FO,NSE,IDO,72267,,NIFTY,,2026-04-28,2026-04-28,24100.0,CE,NIFTY26APR24100CE,309.9,326.5,247.7,277.15,287.05,465.35,23002.15,277.15,474435,93015,4663,7393209596.5,4074,F1,65,,,,,
2026-03-19,2026-03-19,FO,NSE,IDO,72329,,NIFTY,,2026-04-28,2026-04-28,24600.0,CE,NIFTY26APR24600CE,151.0,169.55,127.7,143.5,150.8,244.1,23002.15,143.5,262665,-25675,4908,7896186600.25,3759,F1,65,,,,,
2026-03-19,2026-03-19,FO,NSE,IDO,72385,,NIFTY,,2026-04-28,2026-04-28,25450.0,CE,NIFTY26APR25450CE,43.55,50.55,42.25,49.2,50.05,67.3,23002.15,49.2,12480,845,135,223722447.0,65,F1,65,,,,,
2026-03-19,2026-03-19,FO,NSE,IDO,72721,,NIFTY,,2026-04-28,2026-04-28,26900.0,CE,NIFTY26APR26900CE,13.6,14.4,10.65,12.35,13.5,15.6,23002.15,12.35,44265,-3055,132,230912633.25,74,F1,65,,,,,
2026-03-19,2026-03-19,FO,NSE,IDO,72756,,NIFTY,,2026-04-28,2026-04-28,27500.0,CE,NIFTY26APR27500CE,9.25,11.25,9.15,10.6,10.05,11.35,23002.15,10.6,204945,-7020,1055,1886500794.75,790,F1,65,,,,,
2026-03-19,2026-03-19,FO,NSE,IDO,71731,,NIFTY,,2026-05-26,2026-05-26,20900.0,CE,NIFTY26MAY20900CE,0.0,0.0,0.0,4869.5,0.0,4869.5,23002.15,2330.45,0,0,0,0.0,0,F1,65,,,,,
2026-03-19,2026-03-19,FO,NSE,IDO,72165,,NIFTY,,2026-05-26,2026-05-26,23650.0,CE,NIFTY26MAY23650CE,729.6,729.6,605.25,646.7,664.75,955.4,23002.15,646.7,975,0,14,22157928.0,13,F1,65,,,,,
2026-03-19,2026-03-19,FO,NSE,IDO,72169,,NIFTY,,2026-05-26,2026-05-26,23750.0,CE,NIFTY26MAY23750CE,647.45,655.15,599.0,599.0,599.0,866.45,23002.15,599.0,975,0,5,7920588.0,5,F1,65,,,,,
2026-03-19,2026-03-19,FO,NSE,IDO,72175,,NIFTY,,2026-05-26,2026-05-26,23900.0,CE,NIFTY26MAY23900CE,575.0,592.45,487.3,504.1,535.0,798.35,23002.15,504.1,5070,1885,155,246259552.5,123,F1,65,,,,,
2026-03-19,2026-03-19,FO,NSE,IDO,72280,,NIFTY,,2026-05-26,2026-05-26,24550.0,CE,NIFTY26MAY24550CE,324.5,324.5,269.4,276.4,297.35,445.4,23002.15,276.4,6305,2210,78,126032663.25,60,F1,65,,,,,
2026-03-19,2026-03-19,FO,NSE,IDO,72298,,NIFTY,,2026-05-26,2026-05-26,25000.0,CE,NIFTY26MAY25000CE,180.0,205.8,166.3,182.65,195.0,269.75,23002.15,182.65,417560,38740,9033,14789472919.0,6074,F1,65,,,,,
2026-03-19,2026-03-19,FO,NSE,IDO,72308,,NIFTY,,2026-05-26,2026-05-26,25250.0,CE,NIFTY26MAY25250CE,151.1,151.7,125.0,140.3,144.8,197.6,23002.15,140.3,3185,-195,106,174940532.0,45,F1,65,,,,,
2026-03-19,2026-03-19,FO,NSE,IDO,72310,,NIFTY,,2026-05-26,2026-05-26,25300.0,CE,NIFTY26MAY25300CE,126.3,141.2,118.0,126.35,135.3,193.4,23002.15,126.35,13845,1040,289,477711172.25,186,F1,65,,,,,
2026-03-19,2026-03-19,FO,NSE,IDO,71472,,NIFTY,,2026-06-30,2026-06-30,24000.0,CE,NIFTY26JUN24000CE,747.6,747.6,585.7,620.85,651.6,899.45,23002.15,620.85,819415,75090,8436,13522644606.25,6006,F1,65,,,,,
2026-03-19,2026-03-19,FO,NSE,IDO,55292,,NIFTY,,2026-09-29,2026-09-29,34500.0,CE,NIFTY26SEP34500CE,0.0,0.0,0.0,30.15,0.0,30.15,23002.15,0.05,0,0,0,0.0,0,F1,65,,,,,
2026-03-19,2026-03-19,FO,NSE,IDO,47190,,NIFTY,,2026-12-29,2026-12-29,33000.0,CE,NIFTY26DEC33000CE,39.7,40.4,36.25,39.75,39.05,39.1,23002.15,39.75,42380,-130,56,120260747.75,34,F1,65,,,,,
2026-03-19,2026-03-19,FO,NSE,IDO,55372,,NIFTY,,2027-06-29,2027-06-29,19500.0,CE,NIFTY27JUN19500CE,0.0,0.0,0.0,8143.4,0.0,8143.4,23002.15,4902.15,0,0,0,0.0,0,F1,65,,,,,
2026-03-19,2026-03-19,FO,NSE,IDO,62852,,NIFTY,,2026-03-24,2026-03-24,26400.0,CE,NIFTY2632426400CE,1.25,2.75,0.85,1.2,1.05,1.05,23002.15,1.2,114465,45435,23763,40779564501.0,9096,F1,65,,,,,
2026-03-19,2026-03-19,FO,NSE,IDO,62763,,NIFTY,,2026-03-24,2026-03-24,25450.0,CE,NIFTY2632425450CE,1.85,3.3,1.45,2.0,1.55,1.85,23002.15,2.0,261365,-233935,53645,88749380434.0,14779,F1,65,,,,,
2026-03-19,2026-03-19,FO,NSE,IDO,62739,,NIFTY,,2026-03-24,2026-03-24,25350.0,CE,NIFTY2632425350CE,1.6,3.45,1.5,2.15,1.7,2.15,23002.15,2.15,432965,-340470,67262,110840521509.25,16766,F1,65,,,,,
2026-03-19,2026-03-19,FO,NSE,IDO,62618,,NIFTY,,2026-03-24,2026-03-24,23900.0,CE,NIFTY2632423900CE,30.3,46.7,20.2,27.75,34.85,148.75,23002.15,27.75,3740685,1901185,592715,921981186919.0,269890,F1,65,,,,,
2026-03-19,2026-03-19,FO,NSE,IDO,62393,,NIFTY,,2026-03-24,2026-03-24,22250.0,CE,NIFTY2632422250CE,1045.45,1046.8,780.95,862.7,889.5,1264.7,23002.15,862.7,5590,5200,214,322065126.5,94,F1,65,,,,,
2026-03-19,2026-03-19,FO,NSE,IDO,62381,,NIFTY,,2026-03-24,2026-03-24,22050.0,CE,NIFTY2632422050CE,1205.6,1205.6,953.3,969.2,1000.85,1421.5,23002.15,969.2,3250,2990,70,104951824.25,18,F1,65,,,,,
2026-03-19,2026-03-19,FO,NSE,IDO,62332,,NIFTY,,2026-03-24,2026-03-24,21350.0,CE,NIFTY2632421350CE,0.0,0.0,0.0,2099.3,2091.9,2099.3,23002.15,1668.25,0,0,0,0.0,0,F1,65,,,,,
2026-03-19,2026-03-19,FO,NSE,IDO,50981,,NIFTY,,2027-06-29,2027-06-29,27000.0,CE,NIFTY27JUN27000CE,0.0,0.0,0.0,1932.5,0.0,1932.5,23002.15,604.1,0,0,0,0.0,0,F1,65,,,,,
2026-03-19,2026-03-19,FO,NSE,IDO,55378,,NIFTY,,2027-06-29,2027-06-29,28500.0,CE,NIFTY27JUN28500CE,0.0,0.0,0.0,1711.9,0.0,1711.9,23002.15,329.35,0,0,0,0.0,0,F1,65,,,,,
2026-03-19,2026-03-19,FO,NSE,IDO,55424,,NIFTY,,2027-12-28,2027-12-28,22500.0,CE,NIFTY27DEC22500CE,0.0,0.0,0.0,6183.0,0.0,6183.0,23002.15,3160.75,0,0,0,0.0,0,F1,65,,,,,
2026-03-19,2026-03-19,FO,NSE,IDO,53631,,NIFTY,,2027-12-28,2027-12-28,27000.0,CE,NIFTY27DEC27000CE,1585.0,1585.0,1534.4,1534.4,1534.4,1722.95,23002.15,1028.7,10425,-75,17,31564357.5,17,F1,65,,,,,
2026-03-19,2026-03-19,FO,NSE,IDO,55472,,NIFTY,,2028-06-27,2028-06-27,22500.0,CE,NIFTY28JUN22500CE,0.0,0.0,0.0,6796.05,0.0,6796.05,23002.15,3718.25,0,0,0,0.0,0,F1,65,,,,,
2026-03-19,2026-03-19,FO,NSE,IDO,55562,,NIFTY,,2029-06-26,2029-06-26,25500.0,CE,NIFTY29JUN25500CE,0.0,0.0,0.0,5917.35,0.0,5917.35,23002.15,3067.2,0,0,0,0.0,0,F1,65,,,,,
2026-03-19,2026-03-19,FO,NSE,IDO,89636,,NIFTY,,2029-06-26,2029-06-26,27000.0,CE,NIFTY29JUN27000CE,0.0,0.0,0.0,6570.4,0.0,6570.4,23002.15,2400.05,0,0,0,0.0,0,F1,65,,,,,
2026-03-19,2026-03-19,FO,NSE,IDO,55598,,NIFTY,,2029-12-24,2029-12-24,16500.0,CE,NIFTY29DEC16500CE,0.0,0.0,0.0,12984.85,0.0,12984.85,23002.15,9620.6,0,0,0,0.0,0,F1,65,,,,,
2026-03-19,2026-03-19,FO,NSE,IDO,61659,,NIFTY,,2029-12-24,2029-12-24,21000.0,CE,NIFTY29DEC21000CE,0.0,0.0,0.0,9463.95,0.0,9463.95,23002.15,6240.2,0,0,0,0.0,0,F1,65,,,,,
2026-03-19,2026-03-19,FO,NSE,IDO,61932,,NIFTY,,2029-12-24,2029-12-24,30000.0,CE,NIFTY29DEC30000CE,0.0,0.0,0.0,3400.0,3400.0,3400.0,23002.15,1789.6,7950,0,0,0.0,0,F1,65,,,,,
2026-03-19,2026-03-19,FO,NSE,IDO,62006,,NIFTY,,2029-12-24,2029-12-24,33000.0,CE,NIFTY29DEC33000CE,0.0,0.0,0.0,3816.05,0.0,3816.05,23002.15,1072.2,0,0,0,0.0,0,F1,65,,,,,
2026-03-19,2026-03-19,FO,NSE,IDO,60910,,NIFTY,,2030-06-25,2030-06-25,27000.0,CE,NIFTY30JUN27000CE,0.0,0.0,0.0,6972.5,0.0,6972.5,23002.15,3324.3,0,0,0,0.0,0,F1,65,,,,,
2026-03-19,2026-03-19,FO,NSE,IDO,55694,,NIFTY,,2030-12-31,2030-12-31,15000.0,CE,NIFTY30DEC15000CE,0.0,0.0,0.0,14862.95,0.0,14862.95,23002.15,11488.7,0,0,0,0.0,0,F1,65,,,,,
2026-03-19,2026-03-19,FO,NSE,IDO,62362,,NIFTY,,2026-03-24,2026-03-24,21650.0,PE,NIFTY2632421650PE,15.25,30.5,11.8,23.9,22.15,7.7,23002.15,23.9,201890,23270,74879,105459264248.0,39981,F1,65,,,,,
2026-03-19,2026-03-19,FO,NSE,IDO,62370,,NIFTY,,2026-03-24,2026-03-24,21750.0,PE,NIFTY2632421750PE,20.0,35.35,14.0,28.15,26.6,8.4,23002.15,28.15,252720,14105,100573,142320859609.5,56419,F1,65,,,,,
2026-03-19,2026-03-19,FO,NSE,IDO,62374,,NIFTY,,2026-03-24,2026-03-24,21850.0,PE,NIFTY2632421850PE,27.45,41.5,16.65,33.55,31.0,9.55,23002.15,33.55,179010,-106470,123264,175254460026.75,64339,F1,65,,,,,
2026-03-19,2026-03-19,FO,NSE,IDO,62386,,NIFTY,,2026-03-24,2026-03-24,22150.0,PE,NIFTY2632422150PE,35.15,69.05,26.6,55.65,51.6,14.15,23002.15,55.65,384150,235950,170137,245392318886.0,97059,F1,65,,,,,
2026-03-19,2026-03-19,FO,NSE,IDO,62556,,NIFTY,,2026-03-24,2026-03-24,22700.0,PE,NIFTY2632422700PE,77.8,185.4,67.2,151.5,137.45,30.95,23002.15,151.5,1558505,432380,612956,908650881934.25,381975,F1,65,,,,,
2026-03-19,2026-03-19,FO,NSE,IDO,62577,,NIFTY,,2026-03-24,2026-03-24,23100.0,PE,NIFTY2632423100PE,147.0,363.05,131.5,297.35,272.65,59.0,23002.15,297.35,1770535,6955,1130083,1713200078278.0,760150,F1,65,,,,,
2026-03-19,2026-03-19,FO,NSE,IDO,62608,,NIFTY,,2026-03-24,2026-03-24,23750.0,PE,NIFTY2632423750PE,480.0,864.3,412.65,745.7,705.95,207.8,23002.15,745.7,298220,-1220050,57139,90226402051.5,30053,F1,65,,,,,
2026-03-19,2026-03-19,FO,NSE,IDO,62738,,NIFTY,,2026-03-24,2026-03-24,25300.0,PE,NIFTY2632425300PE,2255.1,2300.0,1966.55,2268.8,2206.15,1561.7,23002.15,2268.8,68705,-4485,162,288883062.0,77,F1,65,,,,,
2026-03-19,2026-03-19,FO,NSE,IDO,62790,,NIFTY,,2026-03-24,2026-03-24,25650.0,PE,NIFTY2632425650PE,0.0,0.0,0.0,1843.9,1843.9,1843.9,23002.15,2628.55,2340,0,0,0.0,0,F1,65,,,,,
2026-03-19,2026-03-19,FO,NSE,IDO,62851,,NIFTY,,2026-03-24,2026-03-24,26350.0,PE,NIFTY2632426350PE,0.0,0.0,0.0,2750.0,2750.0,2750.0,23002.15,3328.0,195,0,0,0.0,0,F1,65,,,,,
2026-03-19,2026-03-19,FO,NSE,IDO,62859,,NIFTY,,2026-03-24,2026-03-24,26500.0,PE,NIFTY2632426500PE,3500.0,3500.0,3490.0,3495.0,3490.0,2712.0,23002.15,3495.0,5200,-130,2,3899350.0,2,F1,65,,,,,
2026-03-19,2026-03-19,FO,NSE,IDO,62865,,NIFTY,,2026-03-24,2026-03-24,26650.0,PE,NIFTY2632426650PE,0.0,0.0,0.0,3222.5,3222.5,3222.5,23002.15,3627.8,130,0,0,0.0,0,F1,65,,,,,
2026-03-19,2026-03-19,FO,NSE,IDO,62941,,NIFTY,,2026-03-24,2026-03-24,27200.0,PE,NIFTY2632427200PE,0.0,0.0,0.0,3785.4,3785.4,3785.4,23002.15,4177.35,130,0,0,0.0,0,F1,65,,,,,
2026-03-19,2026-03-19,FO,NSE,IDO,54430,,NIFTY,,2026-03-30,2026-03-30,21250.0,PE,NIFTY26MAR21250PE,34.45,57.4,25.7,47.5,46.6,20.5,23002.15,47.5,26845,23530,2394,3312513301.5,1560,F1,65,,,,,
2026-03-19,2026-03-19,FO,NSE,IDO,54465,,NIFTY,,2026-03-30,2026-03-30,22150.0,PE,NIFTY26MAR22150PE,80.0,152.0,73.4,126.9,121.6,42.95,23002.15,126.9,92040,16250,5500,7957632273.5,4010,F1,65,,,,,
2026-03-19,2026-03-19,FO,NSE,IDO,54467,,NIFTY,,2026-03-30,2026-03-30,22200.0,PE,NIFTY26MAR22200PE,74.15,163.0,74.15,138.9,128.6,44.65,23002.15,138.9,264290,115050,35926,52096000713.25,23957,F1,65,,,,,
2026-03-19,2026-03-19,FO,NSE,IDO,54477,,NIFTY,,2026-03-30,2026-03-30,22450.0,PE,NIFTY26MAR22450PE,107.55,218.05,105.55,182.2,172.15,29.3,23002.15,182.2,127335,127205,9866,14491764001.0,6507,F1,65,,,,,
2026-03-19,2026-03-19,FO,NSE,IDO,54495,,NIFTY,,2026-03-30,2026-03-30,22900.0,PE,NIFTY26MAR22900PE,169.25,368.35,168.85,316.5,291.95,96.25,23002.15,316.5,522860,-298415,55883,84105305137.75,38709,F1,65,,,,,
2026-03-19,2026-03-19,FO,NSE,IDO,54501,,NIFTY,,2026-03-30,2026-03-30,23100.0,PE,NIFTY26MAR23100PE,231.45,464.0,227.85,391.1,355.7,123.35,23002.15,391.1,647075,-107315,72227,109991042869.5,55009,F1,65,,,,,
2026-03-19,2026-03-19,FO,NSE,IDO,54509,,NIFTY,,2026-03-30,2026-03-30,23250.0,PE,NIFTY26MAR23250PE,250.0,544.0,250.0,458.85,431.95,151.35,23002.15,458.85,273585,12350,30533,46862542454.0,23297,F1,65,,,,,
2026-03-19,2026-03-19,FO,NSE,IDO,54617,,NIFTY,,2026-03-30,2026-03-30,25800.0,PE,NIFTY26MAR25800PE,2463.0,2848.0,2447.9,2752.55,2659.0,2020.85,23002.15,2752.55,931580,-5395,259,477725979.25,193,F1,65,,,,,
2026-03-19,2026-03-19,FO,NSE,IDO,54645,,NIFTY,,2026-03-30,2026-03-30,26250.0,PE,NIFTY26MAR26250PE,3115.9,3115.9,3115.9,3115.9,3115.9,2480.2,23002.15,3115.9,14105,-65,1,1908783.5,1,F1,65,,,,,
2026-03-19,2026-03-19,FO,NSE,IDO,54731,,NIFTY,,2026-03-30,2026-03-30,27050.0,PE,NIFTY26MAR27050PE,0.0,0.0,0.0,3587.55,3591.35,3587.55,23002.15,4003.05,975,0,0,0.0,0,F1,65,,,,,
2026-03-19,2026-03-19,FO,NSE,IDO,54733,,NIFTY,,2026-03-30,2026-03-30,27100.0,PE,NIFTY26MAR27100PE,4100.0,4100.0,3966.45,4000.95,3966.45,3248.0,23002.15,4000.95,2405,-65,4,8086240.5,4,F1,65,,,,,
2026-03-19,2026-03-19,FO,NSE,IDO,54739,,NIFTY,,2026-03-30,2026-03-30,27250.0,PE,NIFTY26MAR27250PE,0.0,0.0,0.0,3747.5,3755.95,3747.5,23002.15,4202.7,520,0,0,0.0,0,F1,65,,,,,
2026-03-19,2026-03-19,FO,NSE,IDO,54745,,NIFTY,,2026-03-30,2026-03-30,27400.0,PE,NIFTY26MAR27400PE,4200.0,4200.0,4160.0,4185.0,4185.0,3550.0,23002.15,4352.45,5395,-780,12,24634350.0,5,F1,65,,,,,
2026-03-19,2026-03-19,FO,NSE,IDO,54843,,NIFTY,,2026-03-30,2026-03-30,28100.0,PE,NIFTY26MAR28100PE,0.0,0.0,0.0,4366.15,4366.15,4366.15,23002.15,5051.3,8190,0,0,0.0,0,F1,65,,,,,
2026-03-19,2026-03-19,FO,NSE,IDO,40655,,NIFTY,,2026-04-07,2026-04-07,21200.0,PE,NIFTY2640721200PE,0.0,0.0,0.0,0.05,0.0,0.05,23002.15,0.5,0,0,0,0.0,0,F1,65,,,,,
2026-03-19,2026-03-19,FO,NSE,IDO,40687,,NIFTY,,2026-04-07,2026-04-07,21650.0,PE,NIFTY2640721650PE,0.0,0.0,0.0,0.15,0.0,0.15,23002.15,4.3,0,0,0,0.0,0,F1,65,,,,,
2026-03-19,2026-03-19,FO,NSE,IDO,40739,,NIFTY,,2026-04-07,2026-04-07,22600.0,PE,NIFTY2640722600PE,0.0,0.0,0.0,3.85,0.0,3.85,23002.15,101.4,0,0,0,0.0,0,F1,65,,,,,
2026-03-19,2026-03-19,FO,NSE,IDO,40741,,NIFTY,,2026-04-07,2026-04-07,22650.0,PE,NIFTY2640722650PE,237.25,355.0,205.6,305.3,296.7,124.75,23002.15,305.3,26975,12805,1117,1663495655.25,856,F1,65,,,,,
2026-03-19,2026-03-19,FO,NSE,IDO,40784,,NIFTY,,2026-04-07,2026-04-07,23250.0,PE,NIFTY2640723250PE,388.55,613.4,359.1,530.5,509.0,224.65,23002.15,530.5,18070,3120,1238,1906746617.75,934,F1,65,,,,,
2026-03-19,2026-03-19,FO,NSE,IDO,40806,,NIFTY,,2026-04-07,2026-04-07,23700.0,PE,NIFTY2640723700PE,500.0,891.1,463.5,822.6,776.6,339.1,23002.15,822.6,108550,-21970,1243,1967649599.5,975,F1,65,,,,,
2026-03-19,2026-03-19,FO,NSE,IDO,40861,,NIFTY,,2026-04-07,2026-04-07,24400.0,PE,NIFTY2640724400PE,0.0,0.0,0.0,720.0,720.0,720.0,23002.15,1336.8,110565,0,0,0.0,0,F1,65,,,,,
2026-03-19,2026-03-19,FO,NSE,IDO,40863,,NIFTY,,2026-04-07,2026-04-07,24450.0,PE,NIFTY2640724450PE,1343.1,1350.0,1342.85,1346.0,1343.05,1068.95,23002.15,1346.0,106340,0,11,18444146.5,11,F1,65,,,,,
2026-03-19,2026-03-19,FO,NSE,IDO,40895,,NIFTY,,2026-04-07,2026-04-07,25050.0,PE,NIFTY2640725050PE,0.0,0.0,0.0,1791.4,1793.3,1791.4,23002.15,1976.9,65,0,0,0.0,0,F1,65,,,,,
2026-03-19,2026-03-19,FO,NSE,IDO,40943,,NIFTY,,2026-04-07,2026-04-07,25550.0,PE,NIFTY2640725550PE,0.0,0.0,0.0,1537.75,1537.75,1537.75,23002.15,2474.85,65,0,0,0.0,0,F1,65,,,,,
2026-03-19,2026-03-19,FO,NSE,IDO,40953,,NIFTY,,2026-04-07,2026-04-07,25700.0,PE,NIFTY2640725700PE,2250.0,2400.0,2250.0,2400.0,2400.0,2240.0,23002.15,2624.4,390,260,4,7286500.0,2,F1,65,,,,,
2026-03-19,2026-03-19,FO,NSE,IDO,40995,,NIFTY,,2026-04-07,2026-04-07,26500.0,PE,NIFTY2640726500PE,0.0,0.0,0.0,2483.5,2483.5,2483.5,23002.15,3422.1,65,0,0,0.0,0,F1,65,,,,,
2026-03-19,2026-03-19,FO,NSE,IDO,54362,,NIFTY,,2026-04-13,2026-04-13,21000.0,PE,NIFTY2641321000PE,20.2,20.2,20.2,20.2,20.2,0.1,23002.15,0.7,65,65,1,1366313.0,1,F1,65,,,,,
2026-03-19,2026-03-19,FO,NSE,IDO,54680,,NIFTY,,2026-04-13,2026-04-13,21950.0,PE,NIFTY2641321950PE,0.0,0.0,0.0,3.1,0.0,3.1,23002.15,24.7,0,0,0,0.0,0,F1,65,,,,,
2026-03-19,2026-03-19,FO,NSE,IDO,54698,,NIFTY,,2026-04-13,2026-04-13,22400.0,PE,NIFTY2641322400PE,0.0,0.0,0.0,11.1,0.0,11.1,23002.15,82.15,0,0,0,0.0,0,F1,65,,,,,
2026-03-19,2026-03-19,FO,NSE,IDO,54760,,NIFTY,,2026-04-13,2026-04-13,22850.0,PE,NIFTY2641322850PE,0.0,0.0,0.0,32.85,0.0,32.85,23002.15,210.8,0,0,0,0.0,0,F1,65,,,,,
2026-03-19,2026-03-19,FO,NSE,IDO,54797,,NIFTY,,2026-04-13,2026-04-13,23600.0,PE,NIFTY2641323600PE,600.0,791.5,502.3,791.5,791.5,356.2,23002.15,637.55,3575,-520,79,124445811.75,69,F1,65,,,,,
2026-03-19,2026-03-19,FO,NSE,IDO,54805,,NIFTY,,2026-04-13,2026-04-13,23800.0,PE,NIFTY2641323800PE,669.0,991.25,621.0,933.0,848.25,420.65,23002.15,933.0,4030,-5915,208,331696196.0,164,F1,65,,,,,
2026-03-19,2026-03-19,FO,NSE,IDO,54834,,NIFTY,,2026-04-13,2026-04-13,24200.0,PE,NIFTY2641324200PE,0.0,0.0,0.0,333.75,0.0,333.75,23002.15,1139.5,0,0,0,0.0,0,F1,65,,,,,
2026-03-19,2026-03-19,FO,NSE,IDO,54909,,NIFTY,,2026-04-13,2026-04-13,25200.0,PE,NIFTY2641325200PE,0.0,0.0,0.0,935.65,0.0,935.65,23002.15,2104.6,0,0,0,0.0,0,F1,65,,,,,
2026-03-19,2026-03-19,FO,NSE,IDO,63255,,NIFTY,,2026-04-21,2026-04-21,21150.0,PE,NIFTY2642121150PE,0.0,0.0,0.0,2.35,0.0,2.35,23002.15,3.85,0,0,0,0.0,0,F1,65,,,,,
2026-03-19,2026-03-19,FO,NSE,IDO,63272,,NIFTY,,2026-04-21,2026-04-21,21250.0,PE,NIFTY2642121250PE,0.0,0.0,0.0,3.2,0.0,3.2,23002.15,5.35,0,0,0,0.0,0,F1,65,,,,,
2026-03-19,2026-03-19,FO,NSE,IDO,63281,,NIFTY,,2026-04-21,2026-04-21,21400.0,PE,NIFTY2642121400PE,0.0,0.0,0.0,5.0,0.0,5.0,23002.15,8.7,0,0,0,0.0,0,F1,65,,,,,
2026-03-19,2026-03-19,FO,NSE,IDO,63302,,NIFTY,,2026-04-21,2026-04-21,21650.0,PE,NIFTY2642121650PE,0.0,0.0,0.0,9.9,0.0,9.9,23002.15,18.25,0,0,0,0.0,0,F1,65,,,,,
2026-03-19,2026-03-19,FO,NSE,IDO,63393,,NIFTY,,2026-04-21,2026-04-21,23400.0,PE,NIFTY2642123400PE,739.85,747.3,739.85,747.3,747.3,289.45,23002.15,524.7,975,975,15,23541180.0,3,F1,65,,,,,
2026-03-19,2026-03-19,FO,NSE,IDO,63429,,NIFTY,,2026-04-21,2026-04-21,24250.0,PE,NIFTY2642124250PE,0.0,0.0,0.0,743.8,0.0,743.8,23002.15,1179.55,0,0,0,0.0,0,F1,65,,,,,
2026-03-19,2026-03-19,FO,NSE,IDO,63445,,NIFTY,,2026-04-21,2026-04-21,24450.0,PE,NIFTY2642124450PE,0.0,0.0,0.0,885.5,0.0,885.5,23002.15,1360.15,0,0,0,0.0,0,F1,65,,,,,
2026-03-19,2026-03-19,FO,NSE,IDO,63475,,NIFTY,,2026-04-21,2026-04-21,24850.0,PE,NIFTY2642124850PE,0.0,0.0,0.0,1201.3,0.0,1201.3,23002.15,1737.45,0,0,0,0.0,0,F1,65,,,,,
2026-03-19,2026-03-19,FO,NSE,IDO,63495,,NIFTY,,2026-04-21,2026-04-21,25300.0,PE,NIFTY2642125300PE,0.0,0.0,0.0,1595.25,0.0,1595.25,23002.15,2176.15,0,0,0,0.0,0,F1,65,,,,,
2026-03-19,2026-03-19,FO,NSE,IDO,71864,,NIFTY,,2026-04-28,2026-04-28,21000.0,PE,NIFTY26APR21000PE,92.4,187.15,92.4,170.35,169.25,72.4,23002.15,170.35,468000,382265,20409,28052708472.75,11787,F1,65,,,,,
2026-03-19,2026-03-19,FO,NSE,IDO,71874,,NIFTY,,2026-04-28,2026-04-28,21100.0,PE,NIFTY26APR21100PE,0.0,0.0,0.0,1.2,0.0,1.2,23002.15,6.0,0,0,0,0.0,0,F1,65,,,,,
2026-03-19,2026-03-19,FO,NSE,IDO,71916,,NIFTY,,2026-04-28,2026-04-28,21300.0,PE,NIFTY26APR21300PE,0.0,0.0,0.0,1.9,0.0,1.9,23002.15,10.8,0,0,0,0.0,0,F1,65,,,,,
2026-03-19,2026-03-19,FO,NSE,IDO,71934,,NIFTY,,2026-04-28,2026-04-28,21650.0,PE,NIFTY26APR21650PE,0.0,0.0,0.0,4.0,0.0,4.0,23002.15,27.05,0,0,0,0.0,0,F1,65,,,,,
2026-03-19,2026-03-19,FO,NSE,IDO,72159,,NIFTY,,2026-04-28,2026-04-28,22550.0,PE,NIFTY26APR22550PE,0.0,0.0,0.0,21.4,0.0,21.4,23002.15,169.75,0,0,0,0.0,0,F1,65,,,,,
2026-03-19,2026-03-19,FO,NSE,IDO,72196,,NIFTY,,2026-04-28,2026-04-28,22700.0,PE,NIFTY26APR22700PE,450.0,536.1,353.05,488.15,456.9,247.75,23002.15,488.15,51415,2275,2358,3545702319.25,1643,F1,65,,,,,
2026-03-19,2026-03-19,FO,NSE,IDO,72198,,NIFTY,,2026-04-28,2026-04-28,22750.0,PE,NIFTY26APR22750PE,387.75,553.25,365.5,496.35,482.5,257.2,23002.15,496.35,93340,-9620,902,1358695107.25,749,F1,65,,,,,
2026-03-19,2026-03-19,FO,NSE,IDO,72215,,NIFTY,,2026-04-28,2026-04-28,23150.0,PE,NIFTY26APR23150PE,498.45,695.65,472.0,648.2,614.9,331.95,23002.15,648.2,36465,-3445,591,910389379.25,483,F1,65,,,,,
2026-03-19,2026-03-19,FO,NSE,IDO,72349,,NIFTY,,2026-04-28,2026-04-28,25000.0,PE,NIFTY26APR25000PE,1500.0,1950.5,1500.0,1864.6,1793.35,1193.25,23002.15,1864.6,781170,66755,3620,6296164416.75,2460,F1,65,,,,,
2026-03-19,2026-03-19,FO,NSE,IDO,72359,,NIFTY,,2026-04-28,2026-04-28,25150.0,PE,NIFTY26APR25150PE,1975.0,1975.0,1975.0,1975.0,1975.0,1631.0,23002.15,1975.0,5070,-260,4,7052500.0,2,F1,65,,,,,
2026-03-19,2026-03-19,FO,NSE,IDO,72368,,NIFTY,,2026-04-28,2026-04-28,25300.0,PE,NIFTY26APR25300PE,1888.15,2200.0,1887.05,2095.0,2070.0,1439.0,23002.15,2095.0,24895,-325,173,305934619.25,67,F1,65,,,,,
2026-03-19,2026-03-19,FO,NSE,IDO,72384,,NIFTY,,2026-04-28,2026-04-28,25400.0,PE,NIFTY26APR25400PE,1971.9,2268.45,1967.45,2263.65,2268.45,1500.0,23002.15,2263.65,54665,-195,43,76683350.25,33,F1,65,,,,,
2026-03-19,2026-03-19,FO,NSE,IDO,72440,,NIFTY,,2026-04-28,2026-04-28,25950.0,PE,NIFTY26APR25950PE,2433.05,2469.5,2433.05,2469.5,2469.5,2034.25,23002.15,2793.4,3835,-390,6,11077235.0,5,F1,65,,,,,
2026-03-19,2026-03-19,FO,NSE,IDO,72486,,NIFTY,,2026-04-28,2026-04-28,26250.0,PE,NIFTY26APR26250PE,2719.65,2719.65,2719.65,2719.65,2719.65,2610.4,23002.15,3090.7,4030,0,1,1883027.25,1,F1,65,,,,,
2026-03-19,2026-03-19,FO,NSE,IDO,72496,,NIFTY,,2026-04-28,2026-04-28,26500.0,PE,NIFTY26APR26500PE,3000.0,3354.3,2952.05,3277.15,3175.0,2552.25,23002.15,3277.15,150540,33475,860,1662430575.0,601,F1,65,,,,,
2026-03-19,2026-03-19,FO,NSE,IDO,72751,,NIFTY,,2026-04-28,2026-04-28,27400.0,PE,NIFTY26APR27400PE,3700.0,3700.0,3700.0,3700.0,3700.0,3999.4,23002.15,4233.2,780,585,12,24258000.0,1,F1,65,,,,,
2026-03-19,2026-03-19,FO,NSE,IDO,72772,,NIFTY,,2026-04-28,2026-04-28,27700.0,PE,NIFTY26APR27700PE,0.0,0.0,0.0,4330.0,4371.45,4330.0,23002.15,4531.4,195,0,0,0.0,0,F1,65,,,,,
2026-03-19,2026-03-19,FO,NSE,IDO,71870,,NIFTY,,2026-05-26,2026-05-26,22600.0,PE,NIFTY26MAY22600PE,0.0,0.0,0.0,19.45,0.0,19.45,23002.15,260.2,0,0,0,0.0,0,F1,65,,,,,
2026-03-19,2026-03-19,FO,NSE,IDO,71888,,NIFTY,,2026-05-26,2026-05-26,22900.0,PE,NIFTY26MAY22900PE,0.0,0.0,0.0,31.2,0.0,31.2,23002.15,368.75,0,0,0,0.0,0,F1,65,,,,,
2026-03-19,2026-03-19,FO,NSE,IDO,72174,,NIFTY,,2026-05-26,2026-05-26,23850.0,PE,NIFTY26MAY23850PE,995.75,1109.9,995.75,1109.9,1109.9,595.95,23002.15,886.4,2860,0,5,8091895.5,4,F1,65,,,,,
2026-03-19,2026-03-19,FO,NSE,IDO,72180,,NIFTY,,2026-05-26,2026-05-26,24000.0,PE,NIFTY26MAY24000PE,850.0,1204.85,849.55,1137.25,1079.95,654.55,23002.15,1137.25,465855,13715,4394,7141891409.25,3906,F1,65,,,,,
2026-03-19,2026-03-19,FO,NSE,IDO,72285,,NIFTY,,2026-05-26,2026-05-26,24650.0,PE,NIFTY26MAY24650PE,0.0,0.0,0.0,1129.85,1129.85,1129.85,23002.15,1502.05,2145,0,0,0.0,0,F1,65,,,,,
2026-03-19,2026-03-19,FO,NSE,IDO,72315,,NIFTY,,2026-05-26,2026-05-26,25350.0,PE,NIFTY26MAY25350PE,0.0,0.0,0.0,1926.3,1926.3,1926.3,23002.15,2127.35,650,0,0,0.0,0,F1,65,,,,,
2026-03-19,2026-03-19,FO,NSE,IDO,72382,,NIFTY,,2026-05-26,2026-05-26,26000.0,PE,NIFTY26MAY26000PE,2350.0,2760.75,2350.0,2683.85,2604.25,1967.4,23002.15,2683.85,50700,1495,85,157652735.5,81,F1,65,,,,,
2026-03-19,2026-03-19,FO,NSE,IDO,72387,,NIFTY,,2026-05-26,2026-05-26,26050.0,PE,NIFTY26MAY26050PE,0.0,0.0,0.0,2332.45,2332.45,2332.45,23002.15,2794.0,195,0,0,0.0,0,F1,65,,,,,
2026-03-19,2026-03-19,FO,NSE,IDO,72391,,NIFTY,,2026-05-26,2026-05-26,26150.0,PE,NIFTY26MAY26150PE,0.0,0.0,0.0,2453.1,2453.25,2453.1,23002.15,2891.05,260,0,0,0.0,0,F1,65,,,,,
2026-03-19,2026-03-19,FO,NSE,IDO,71477,,NIFTY,,2026-06-30,2026-06-30,26000.0,PE,NIFTY26JUN26000PE,2299.95,2682.4,2290.4,2618.65,2530.0,1907.55,23002.15,2618.65,2170050,-3675,2577,4760269868.25,1682,F1,65,,,,,
2026-03-19,2026-03-19,FO,NSE,IDO,50976,,NIFTY,,2026-06-30,2026-06-30,27000.0,PE,NIFTY26JUN27000PE,2999.0,3642.2,2999.0,3510.8,3435.0,2779.25,23002.15,3510.8,2235605,7205,845,1669810788.75,687,F1,65,,,,,
2026-03-19,2026-03-19,FO,NSE,IDO,50546,,NIFTY,,2026-06-30,2026-06-30,28000.0,PE,NIFTY26JUN28000PE,4250.0,4570.7,4175.25,4462.9,4408.45,3744.5,23002.15,4462.9,835935,-9815,511,1073193355.0,439,F1,65,,,,,
2026-03-19,2026-03-19,FO,NSE,IDO,65905,,NIFTY,,2026-09-29,2026-09-29,26000.0,PE,NIFTY26SEP26000PE,1750.2,2425.0,1750.2,2378.9,2362.95,1752.95,23002.15,2378.9,421810,535,285,523182357.75,184,F1,65,,,,,
2026-03-19,2026-03-19,FO,NSE,IDO,58649,,NIFTY,,2026-12-29,2026-12-29,22000.0,PE,NIFTY26DEC22000PE,522.4,645.65,510.35,607.65,598.6,429.45,23002.15,607.65,383920,-5015,2582,3787192064.5,1526,F1,65,,,,,
2026-03-19,2026-03-19,FO,NSE,IDO,47191,,NIFTY,,2026-12-29,2026-12-29,33000.0,PE,NIFTY26DEC33000PE,0.0,0.0,0.0,5263.45,0.0,5263.45,23002.15,8613.75,0,0,0,0.0,0,F1,65,,,,,
2026-03-19,2026-03-19,FO,NSE,IDO,47193,,NIFTY,,2027-06-29,2027-06-29,33000.0,PE,NIFTY27JUN33000PE,0.0,0.0,0.0,4691.7,0.0,4691.7,23002.15,7794.5,0,0,0,0.0,0,F1,65,,,,,
2026-03-19,2026-03-19,FO,NSE,IDO,35347,,NIFTY,,2027-12-28,2027-12-28,30000.0,PE,NIFTY27DEC30000PE,0.0,0.0,0.0,4140.9,0.0,4140.9,23002.15,4603.45,0,0,0,0.0,0,F1,65,,,,,
2026-03-19,2026-03-19,FO,NSE,IDO,55481,,NIFTY,,2028-06-27,2028-06-27,31500.0,PE,NIFTY28JUN31500PE,0.0,0.0,0.0,2935.6,0.0,2935.6,23002.15,5251.3,0,0,0,0.0,0,F1,65,,,,,
2026-03-19,2026-03-19,FO,NSE,IDO,55521,,NIFTY,,2028-12-26,2028-12-26,22500.0,PE,NIFTY28DEC22500PE,0.0,0.0,0.0,218.8,0.0,218.8,23002.15,561.75,0,0,0,0.0,0,F1,65,,,,,
2026-03-19,2026-03-19,FO,NSE,IDO,67795,,NIFTY,,2028-12-26,2028-12-26,30000.0,PE,NIFTY28DEC30000PE,0.0,0.0,0.0,2352.75,0.0,2352.75,23002.15,3785.5,0,0,0,0.0,0,F1,65,,,,,
2026-03-19,2026-03-19,FO,NSE,IDO,55645,,NIFTY,,2030-06-25,2030-06-25,22500.0,PE,NIFTY30JUN22500PE,0.0,0.0,0.0,223.75,0.0,223.75,23002.15,511.05,0,0,0,0.0,0,F1,65,,,,,
2026-03-19,2026-03-19,FO,NSE,IDO,55705,,NIFTY,,2030-12-31,2030-12-31,22500.0,PE,NIFTY30DEC22500PE,0.0,0.0,0.0,219.35,0.0,219.35,23002.15,488.8,0,0,0,0.0,0,F1,65,,,,,
2026-03-19,2026-03-19,FO,NSE,IDO,62916,,NIFTY,,2026-03-30,2026-03-30,20000.0,CE,NIFTY26MAR20000CE,3364.4,3364.7,2975.0,3017.35,3134.45,3767.7,23002.15,3017.35,87595,2145,144,216657239.5,96,F1,65,,,,,
2026-03-19,2026-03-19,FO,NSE,IDO,62970,,NIFTY,,2026-03-24,2026-03-24,27400.0,CE,NIFTY2632427400CE,0.95,2.5,0.7,0.9,0.75,0.9,23002.15,0.9,238160,-2405,33003,58780820897.5,6767,F1,65,,,,,
2026-03-19,2026-03-19,FO,NSE,IDO,54431,,NIFTY,,2026-03-30,2026-03-30,21300.0,CE,NIFTY26MAR21300CE,0.0,0.0,0.0,2214.1,2218.0,2214.1,23002.15,1737.45,195,0,0,0.0,0,F1,65,,,,,
2026-03-19,2026-03-19,FO,NSE,IDO,54462,,NIFTY,,2026-03-30,2026-03-30,22100.0,CE,NIFTY26MAR22100CE,1362.75,1362.75,1131.2,1131.2,1131.2,1628.95,23002.15,945.8,585,-65,6,9111157.25,6,F1,65,,,,,
2026-03-19,2026-03-19,FO,NSE,IDO,54472,,NIFTY,,2026-03-30,2026-03-30,22350.0,CE,NIFTY26MAR22350CE,987.7,1069.85,796.5,808.05,819.6,1196.7,23002.15,808.05,780,-130,49,74259220.75,30,F1,65,,,,,
2026-03-19,2026-03-19,FO,NSE,IDO,54478,,NIFTY,,2026-03-30,2026-03-30,22500.0,CE,NIFTY26MAR22500CE,950.0,1010.75,660.8,743.75,801.05,1352.05,23002.15,743.75,302835,12480,5693,8640386914.25,4537,F1,65,,,,,
2026-03-19,2026-03-19,FO,NSE,IDO,54486,,NIFTY,,2026-03-30,2026-03-30,22700.0,CE,NIFTY26MAR22700CE,805.5,836.9,530.0,595.2,649.7,1155.5,23002.15,595.2,36205,15535,1439,2183866646.0,1127,F1,65,,,,,
2026-03-19,2026-03-19,FO,NSE,IDO,40651,,NIFTY,,2026-04-07,2026-04-07,21150.0,PE,NIFTY2640721150PE,0.0,0.0,0.0,0.05,0.0,0.05,23002.15,0.4,0,0,0,0.0,0,F1,65,,,,,
2026-03-19,2026-03-19,FO,NSE,IDO,40677,,NIFTY,,2026-04-07,2026-04-07,21450.0,PE,NIFTY2640721450PE,0.0,0.0,0.0,0.1,0.0,0.1,23002.15,1.75,0,0,0,0.0,0,F1,65,,,,,
2026-03-19,2026-03-19,FO,NSE,IDO,40737,,NIFTY,,2026-04-07,2026-04-07,22550.0,PE,NIFTY2640722550PE,0.0,0.0,0.0,3.35,0.0,3.35,23002.15,89.35,0,0,0,0.0,0,F1,65,,,,,
2026-03-19,2026-03-19,FO,NSE,IDO,40769,,NIFTY,,2026-04-07,2026-04-07,22900.0,PE,NIFTY2640722900PE,265.0,448.0,258.0,391.1,376.55,158.75,23002.15,391.1,36660,13130,2848,4304586172.25,2199,F1,65,,,,,
2026-03-19,2026-03-19,FO,NSE,IDO,40789,,NIFTY,,2026-04-07,2026-04-07,23350.0,PE,NIFTY2640723350PE,427.15,671.15,396.3,587.3,557.8,245.85,23002.15,587.3,7995,-4030,903,1399569385.5,688,F1,65,,,,,
2026-03-19,2026-03-19,FO,NSE,IDO,40797,,NIFTY,,2026-04-07,2026-04-07,23500.0,PE,NIFTY2640723500PE,453.45,759.95,411.05,678.9,633.85,277.85,23002.15,678.9,196365,-37635,7613,11901839335.75,5701,F1,65,,,,,
2026-03-19,2026-03-19,FO,NSE,IDO,40821,,NIFTY,,2026-04-07,2026-04-07,23900.0,PE,NIFTY2640723900PE,652.0,1034.7,563.8,929.65,904.95,420.25,23002.15,929.65,138645,26650,1815,2911794366.0,1583,F1,65,,,,,
2026-03-19,2026-03-19,FO,NSE,IDO,40823,,NIFTY,,2026-04-07,2026-04-07,23950.0,PE,NIFTY2640723950PE,772.7,1052.3,728.8,1026.15,1003.5,441.0,23002.15,1026.15,2080,-3900,166,266948883.5,132,F1,65,,,,,
2026-03-19,2026-03-19,FO,NSE,IDO,40847,,NIFTY,,2026-04-07,2026-04-07,24250.0,PE,NIFTY2640724250PE,974.35,1075.0,961.85,1075.0,1075.0,609.9,23002.15,1192.9,102375,-1495,28,45993522.25,24,F1,65,,,,,
2026-03-19,2026-03-19,FO,NSE,IDO,40865,,NIFTY,,2026-04-07,2026-04-07,24500.0,PE,NIFTY2640724500PE,1200.0,1506.0,1149.3,1464.1,1402.7,778.65,23002.15,1464.1,708760,-715,106,178014781.75,90,F1,65,,,,,
2026-03-19,2026-03-19,FO,NSE,IDO,40949,,NIFTY,,2026-04-07,2026-04-07,25650.0,PE,NIFTY2640725650PE,0.0,0.0,0.0,1626.6,1626.6,1626.6,23002.15,2574.55,65,0,0,0.0,0,F1,65,,,,,
2026-03-19,2026-03-19,FO,NSE,IDO,40997,,NIFTY,,2026-04-07,2026-04-07,26550.0,PE,NIFTY2640726550PE,0.0,0.0,0.0,2533.15,2533.15,2533.15,23002.15,3471.95,65,0,0,0.0,0,F1,65,,,,,
2026-03-19,2026-03-19,FO,NSE,IDO,40999,,NIFTY,,2026-04-07,2026-04-07,26600.0,PE,NIFTY2640726600PE,0.0,0.0,0.0,2565.9,2565.9,2565.9,23002.15,3521.8,65,0,0,0.0,0,F1,65,,,,,
2026-03-19,2026-03-19,FO,NSE,IDO,54603,,NIFTY,,2026-04-13,2026-04-13,21200.0,PE,NIFTY2641321200PE,0.0,0.0,0.0,0.25,0.0,0.25,23002.15,1.7,0,0,0,0.0,0,F1,65,,,,,
2026-03-19,2026-03-19,FO,NSE,IDO,54628,,NIFTY,,2026-04-13,2026-04-13,21400.0,PE,NIFTY2641321400PE,0.0,0.0,0.0,0.5,0.0,0.5,23002.15,3.75,0,0,0,0.0,0,F1,65,,,,,
2026-03-19,2026-03-19,FO,NSE,IDO,54658,,NIFTY,,2026-04-13,2026-04-13,21650.0,PE,NIFTY2641321650PE,0.0,0.0,0.0,1.2,0.0,1.2,23002.15,9.4,0,0,0,0.0,0,F1,65,,,,,
2026-03-19,2026-03-19,FO,NSE,IDO,54776,,NIFTY,,2026-04-13,2026-04-13,23250.0,PE,NIFTY2641323250PE,450.6,605.0,434.9,574.0,558.2,74.8,23002.15,574.0,1885,1885,165,255028663.5,62,F1,65,,,,,
2026-03-19,2026-03-19,FO,NSE,IDO,54625,,NIFTY,,2026-03-30,2026-03-30,26050.0,PE,NIFTY26MAR26050PE,2899.85,2927.05,2899.85,2925.7,2925.05,2300.0,23002.15,2925.7,13000,-260,6,11298842.75,6,F1,65,,,,,
2026-03-19,2026-03-19,FO,NSE,IDO,54579,,NIFTY,,2026-03-30,2026-03-30,25100.0,PE,NIFTY26MAR25100PE,1784.0,2131.85,1760.1,2081.35,1964.6,1336.9,23002.15,2081.35,215540,-3640,200,351022519.25,172,F1,65,,,,,
2026-03-19,2026-03-19,FO,NSE,IDO,54561,,NIFTY,,2026-03-30,2026-03-30,24600.0,PE,NIFTY26MAR24600PE,1249.95,1627.95,1249.95,1524.8,1480.0,844.9,23002.15,1524.8,474370,-8190,713,1203484239.75,476,F1,65,,,,,
2026-03-19,2026-03-19,FO,NSE,IDO,54787,,NIFTY,,2026-04-13,2026-04-13,23350.0,PE,NIFTY2641323350PE,0.0,0.0,0.0,90.1,0.0,90.1,23002.15,465.8,0,0,0,0.0,0,F1,65,,,,,
2026-03-19,2026-03-19,FO,NSE,IDO,54809,,NIFTY,,2026-04-13,2026-04-13,23900.0,PE,NIFTY2641323900PE,809.4,960.4,769.4,960.0,960.0,457.45,23002.15,875.6,2080,-65,21,33781845.5,21,F1,65,,,,,
2026-03-19,2026-03-19,FO,NSE,IDO,54869,,NIFTY,,2026-04-13,2026-04-13,24400.0,PE,NIFTY2641324400PE,0.0,0.0,0.0,426.35,0.0,426.35,23002.15,1325.25,0,0,0,0.0,0,F1,65,,,,,
2026-03-19,2026-03-19,FO,NSE,IDO,54875,,NIFTY,,2026-04-13,2026-04-13,24550.0,PE,NIFTY2641324550PE,0.0,0.0,0.0,505.3,0.0,505.3,23002.15,1468.0,0,0,0,0.0,0,F1,65,,,,,
2026-03-19,2026-03-19,FO,NSE,IDO,54883,,NIFTY,,2026-04-13,2026-04-13,24750.0,PE,NIFTY2641324750PE,0.0,0.0,0.0,622.95,0.0,622.95,23002.15,1661.6,0,0,0,0.0,0,F1,65,,,,,
2026-03-19,2026-03-19,FO,NSE,IDO,54963,,NIFTY,,2026-04-13,2026-04-13,25350.0,PE,NIFTY2641325350PE,0.0,0.0,0.0,1052.7,0.0,1052.7,23002.15,2253.4,0,0,0,0.0,0,F1,65,,,,,
2026-03-19,2026-03-19,FO,NSE,IDO,54969,,NIFTY,,2026-04-13,2026-04-13,25500.0,PE,NIFTY2641325500PE,0.0,0.0,0.0,1175.15,0.0,1175.15,23002.15,2402.45,0,0,0,0.0,0,F1,65,,,,,
2026-03-19,2026-03-19,FO,NSE,IDO,54975,,NIFTY,,2026-04-13,2026-04-13,25650.0,PE,NIFTY2641325650PE,0.0,0.0,0.0,1302.4,0.0,1302.4,23002.15,2551.7,0,0,0,0.0,0,F1,65,,,,,
2026-03-19,2026-03-19,FO,NSE,IDO,54979,,NIFTY,,2026-04-13,2026-04-13,25750.0,PE,NIFTY2641325750PE,0.0,0.0,0.0,1389.5,0.0,1389.5,23002.15,2651.2,0,0,0,0.0,0,F1,65,,,,,
2026-03-19,2026-03-19,FO,NSE,IDO,63293,,NIFTY,,2026-04-21,2026-04-21,21550.0,PE,NIFTY2642121550PE,0.0,0.0,0.0,7.55,0.0,7.55,23002.15,13.7,0,0,0,0.0,0,F1,65,,,,,
2026-03-19,2026-03-19,FO,NSE,IDO,63397,,NIFTY,,2026-04-21,2026-04-21,23500.0,PE,NIFTY2642123500PE,548.7,815.8,548.7,778.85,727.4,379.3,23002.15,778.85,9360,3185,569,891657256.75,506,F1,65,,,,,
2026-03-19,2026-03-19,FO,NSE,IDO,63467,,NIFTY,,2026-04-21,2026-04-21,24650.0,PE,NIFTY2642124650PE,0.0,0.0,0.0,1038.65,0.0,1038.65,23002.15,1546.65,0,0,0,0.0,0,F1,65,,,,,
2026-03-19,2026-03-19,FO,NSE,IDO,63479,,NIFTY,,2026-04-21,2026-04-21,24950.0,PE,NIFTY2642124950PE,0.0,0.0,0.0,1285.8,0.0,1285.8,23002.15,1834.0,0,0,0,0.0,0,F1,65,,,,,
2026-03-19,2026-03-19,FO,NSE,IDO,63483,,NIFTY,,2026-04-21,2026-04-21,25050.0,PE,NIFTY2642125050PE,0.0,0.0,0.0,1372.2,0.0,1372.2,23002.15,1931.2,0,0,0,0.0,0,F1,65,,,,,
2026-03-19,2026-03-19,FO,NSE,IDO,63491,,NIFTY,,2026-04-21,2026-04-21,25200.0,PE,NIFTY2642125200PE,0.0,0.0,0.0,1504.95,0.0,1504.95,23002.15,2077.9,0,0,0,0.0,0,F1,65,,,,,
2026-03-19,2026-03-19,FO,NSE,IDO,63503,,NIFTY,,2026-04-21,2026-04-21,25400.0,PE,NIFTY2642125400PE,0.0,0.0,0.0,1686.85,0.0,1686.85,23002.15,2274.7,0,0,0,0.0,0,F1,65,,,,,
2026-03-19,2026-03-19,FO,NSE,IDO,71938,,NIFTY,,2026-04-28,2026-04-28,21750.0,PE,NIFTY26APR21750PE,0.0,0.0,0.0,4.9,0.0,4.9,23002.15,34.4,0,0,0,0.0,0,F1,65,,,,,
2026-03-19,2026-03-19,FO,NSE,IDO,71940,,NIFTY,,2026-04-28,2026-04-28,21800.0,PE,NIFTY26APR21800PE,0.0,0.0,0.0,5.45,0.0,5.45,23002.15,38.65,0,0,0,0.0,0,F1,65,,,,,
2026-03-19,2026-03-19,FO,NSE,IDO,71960,,NIFTY,,2026-04-28,2026-04-28,22250.0,PE,NIFTY26APR22250PE,300.65,403.95,265.15,359.1,351.55,186.85,23002.15,359.1,18655,2015,794,1163971503.5,693,F1,65,,,,,
2026-03-19,2026-03-19,FO,NSE,IDO,72200,,NIFTY,,2026-04-28,2026-04-28,22800.0,PE,NIFTY26APR22800PE,350.0,571.25,350.0,527.25,496.4,265.15,23002.15,527.25,140010,58760,5006,7571105993.75,3722,F1,65,,,,,
2026-03-19,2026-03-19,FO,NSE,IDO,72322,,NIFTY,,2026-04-28,2026-04-28,24400.0,PE,NIFTY26APR24400PE,1146.45,1438.75,1089.4,1327.15,1302.3,789.6,23002.15,1327.15,323700,-3705,399,664368529.5,338,F1,65,,,,,
2026-03-19,2026-03-19,FO,NSE,IDO,72328,,NIFTY,,2026-04-28,2026-04-28,24550.0,PE,NIFTY26APR24550PE,1240.5,1465.05,1218.75,1465.05,1465.05,852.75,23002.15,1465.05,6955,-1040,17,28556336.25,11,F1,65,,,,,
2026-03-19,2026-03-19,FO,NSE,IDO,72347,,NIFTY,,2026-04-28,2026-04-28,24950.0,PE,NIFTY26APR24950PE,1553.9,1795.75,1553.9,1763.95,1763.95,1146.55,23002.15,1763.95,2990,-1495,23,39759895.5,22,F1,65,,,,,
2026-03-19,2026-03-19,FO,NSE,IDO,72456,,NIFTY,,2026-04-28,2026-04-28,26000.0,PE,NIFTY26APR26000PE,2211.0,2875.05,2211.0,2770.9,2726.35,2049.75,23002.15,2770.9,662935,6305,1171,2181508722.25,818,F1,65,,,,,
2026-03-19,2026-03-19,FO,NSE,IDO,72726,,NIFTY,,2026-04-28,2026-04-28,27000.0,PE,NIFTY26APR27000PE,3451.0,3840.0,3440.0,3780.6,3680.0,3029.35,23002.15,3780.6,338325,6565,332,661267262.5,211,F1,65,,,,,
2026-03-19,2026-03-19,FO,NSE,IDO,71732,,NIFTY,,2026-05-26,2026-05-26,20900.0,PE,NIFTY26MAY20900PE,0.0,0.0,0.0,0.7,0.0,0.7,23002.15,15.25,0,0,0,0.0,0,F1,65,,,,,
2026-03-19,2026-03-19,FO,NSE,IDO,71748,,NIFTY,,2026-05-26,2026-05-26,21250.0,PE,NIFTY26MAY21250PE,0.0,0.0,0.0,1.5,0.0,1.5,23002.15,31.35,0,0,0,0.0,0,F1,65,,,,,
2026-03-19,2026-03-19,FO,NSE,IDO,71762,,NIFTY,,2026-05-26,2026-05-26,21350.0,PE,NIFTY26MAY21350PE,0.0,0.0,0.0,1.85,0.0,1.85,23002.15,37.95,0,0,0,0.0,0,F1,65,,,,,
2026-03-19,2026-03-19,FO,NSE,IDO,71792,,NIFTY,,2026-05-26,2026-05-26,21950.0,PE,NIFTY26MAY21950PE,0.0,0.0,0.0,6.2,0.0,6.2,23002.15,106.05,0,0,0,0.0,0,F1,65,,,,,
2026-03-19,2026-03-19,FO,NSE,IDO,71817,,NIFTY,,2026-05-26,2026-05-26,22100.0,PE,NIFTY26MAY22100PE,0.0,0.0,0.0,8.2,0.0,8.2,23002.15,132.9,0,0,0,0.0,0,F1,65,,,,,
2026-03-19,2026-03-19,FO,NSE,IDO,72307,,NIFTY,,2026-05-26,2026-05-26,25200.0,PE,NIFTY26MAY25200PE,1731.85,1900.0,1731.85,1900.0,1900.0,1460.0,23002.15,1988.8,3835,-130,2,3512070.25,2,F1,65,,,,,
2026-03-19,2026-03-19,FO,NSE,IDO,72360,,NIFTY,,2026-05-26,2026-05-26,25650.0,PE,NIFTY26MAY25650PE,0.0,0.0,0.0,1636.65,1636.65,1636.65,23002.15,2409.7,260,0,0,0.0,0,F1,65,,,,,
2026-03-19,2026-03-19,FO,NSE,IDO,54553,,NIFTY,,2026-03-30,2026-03-30,24400.0,PE,NIFTY26MAR24400PE,1099.95,1468.0,1060.1,1372.8,1289.8,673.4,23002.15,1372.8,264095,-25870,875,1455125600.5,665,F1,65,,,,,
2026-03-19,2026-03-19,FO,NSE,IDO,54549,,NIFTY,,2026-03-30,2026-03-30,24300.0,PE,NIFTY26MAR24300PE,710.0,1370.3,710.0,1287.4,1194.85,603.9,23002.15,1287.4,398060,-44915,1469,2426376569.5,887,F1,65,,,,,
2026-03-19,2026-03-19,FO,NSE,IDO,54525,,NIFTY,,2026-03-30,2026-03-30,23650.0,PE,NIFTY26MAR23650PE,467.0,810.0,428.8,718.7,678.4,250.05,23002.15,718.7,174590,-127530,7735,12166697468.25,5160,F1,65,,,,,
2026-03-19,2026-03-19,FO,NSE,IDO,54475,,NIFTY,,2026-03-30,2026-03-30,22400.0,PE,NIFTY26MAR22400PE,100.0,205.8,95.55,173.35,160.9,54.5,23002.15,173.35,441350,116610,27523,40321810789.0,20034,F1,65,,,,,
2026-03-19,2026-03-19,FO,NSE,IDO,54461,,NIFTY,,2026-03-30,2026-03-30,22050.0,PE,NIFTY26MAR22050PE,71.55,135.5,64.85,114.0,105.0,38.35,23002.15,114.0,88530,25350,5491,7903528291.75,3897,F1,65,,,,,
2026-03-19,2026-03-19,FO,NSE,IDO,54456,,NIFTY,,2026-03-30,2026-03-30,21900.0,PE,NIFTY26MAR21900PE,60.9,113.45,54.3,94.9,93.35,32.75,23002.15,94.9,171535,87165,15437,22052158144.25,10733,F1,65,,,,,
2026-03-19,2026-03-19,FO,NSE,IDO,54434,,NIFTY,,2026-03-30,2026-03-30,21350.0,PE,NIFTY26MAR21350PE,36.2,61.0,29.9,52.0,49.9,19.8,23002.15,52.0,20215,14885,2046,2844728812.25,1316,F1,65,,,,,
2026-03-19,2026-03-19,FO,NSE,IDO,62939,,NIFTY,,2026-03-24,2026-03-24,27150.0,PE,NIFTY2632427150PE,0.0,0.0,0.0,3738.55,3733.1,3738.55,23002.15,4127.4,65,0,0,0.0,0,F1,65,,,,,
2026-03-19,2026-03-19,FO,NSE,IDO,62689,,NIFTY,,2026-03-24,2026-03-24,24800.0,PE,NIFTY2632424800PE,1435.0,1884.95,1435.0,1778.9,1702.7,1045.85,23002.15,1778.9,44655,-7865,210,360630101.0,167,F1,65,,,,,
2026-03-19,2026-03-19,FO,NSE,IDO,62621,,NIFTY,,2026-03-24,2026-03-24,23950.0,PE,NIFTY2632423950PE,700.95,1050.15,580.6,974.55,886.15,310.35,23002.15,974.55,79170,-141570,8004,12833641528.5,4925,F1,65,,,,,
2026-03-19,2026-03-19,FO,NSE,IDO,62593,,NIFTY,,2026-03-24,2026-03-24,23400.0,PE,NIFTY2632423400PE,270.1,567.0,232.0,480.6,435.15,102.4,23002.15,480.6,941460,-1600820,486204,749971436301.75,337781,F1,65,,,,,
2026-03-19,2026-03-19,FO,NSE,IDO,62581,,NIFTY,,2026-03-24,2026-03-24,23200.0,PE,NIFTY2632423200PE,179.95,425.0,160.75,355.6,320.6,70.7,23002.15,355.6,1708980,-348660,1906730,2905676618695.5,1228430,F1,65,,,,,
2026-03-19,2026-03-19,FO,NSE,IDO,62567,,NIFTY,,2026-03-24,2026-03-24,22900.0,PE,NIFTY2632422900PE,100.0,262.4,91.0,217.05,195.35,41.9,23002.15,217.05,1863225,425620,668167,1001471796689.0,452925,F1,65,,,,,
2026-03-19,2026-03-19,FO,NSE,IDO,62509,,NIFTY,,2026-03-24,2026-03-24,22650.0,PE,NIFTY2632422650PE,75.0,169.7,61.1,138.4,125.2,28.7,23002.15,138.4,498615,266305,227150,335875772245.0,155528,F1,65,,,,,
2026-03-19,2026-03-19,FO,NSE,IDO,62396,,NIFTY,,2026-03-24,2026-03-24,22300.0,PE,NIFTY2632422300PE,40.75,90.0,33.75,71.95,66.4,17.15,23002.15,71.95,1372800,-630500,413427,600693775090.5,221286,F1,65,,,,,
2026-03-19,2026-03-19,FO,NSE,IDO,62382,,NIFTY,,2026-03-24,2026-03-24,22050.0,PE,NIFTY2632422050PE,29.45,57.85,22.7,46.7,43.55,12.65,23002.15,46.7,480545,343265,134455,193008518709.5,76127,F1,65,,,,,
2026-03-19,2026-03-19,FO,NSE,IDO,62372,,NIFTY,,2026-03-24,2026-03-24,21800.0,PE,NIFTY2632421800PE,23.9,39.1,15.1,30.4,28.05,9.05,23002.15,30.4,1410305,161135,276174,391739806035.5,121698,F1,65,,,,,
2026-03-19,2026-03-19,FO,NSE,IDO,60904,,NIFTY,,2030-06-25,2030-06-25,24000.0,CE,NIFTY30JUN24000CE,0.0,0.0,0.0,8591.55,0.0,8591.55,23002.15,4831.0,0,0,0,0.0,0,F1,65,,,,,
2026-03-19,2026-03-19,FO,NSE,IDO,55640,,NIFTY,,2030-06-25,2030-06-25,16500.0,CE,NIFTY30JUN16500CE,0.0,0.0,0.0,13374.05,0.0,13374.05,23002.15,9989.0,0,0,0,0.0,0,F1,65,,,,,
2026-03-19,2026-03-19,FO,NSE,IDO,55608,,NIFTY,,2029-12-24,2029-12-24,31500.0,CE,NIFTY29DEC31500CE,0.0,0.0,0.0,3429.3,0.0,3429.3,23002.15,1392.0,0,0,0,0.0,0,F1,65,,,,,
2026-03-19,2026-03-19,FO,NSE,IDO,72374,,NIFTY,,2026-05-26,2026-05-26,25800.0,PE,NIFTY26MAY25800PE,0.0,0.0,0.0,1757.95,1757.95,1757.95,23002.15,2552.95,2405,0,0,0.0,0,F1,65,,,,,
2026-03-19,2026-03-19,FO,NSE,IDO,72451,,NIFTY,,2026-05-26,2026-05-26,26250.0,PE,NIFTY26MAY26250PE,0.0,0.0,0.0,2502.6,2501.15,2502.6,23002.15,2988.4,195,0,0,0.0,0,F1,65,,,,,
2026-03-19,2026-03-19,FO,NSE,IDO,72471,,NIFTY,,2026-05-26,2026-05-26,26400.0,PE,NIFTY26MAY26400PE,0.0,0.0,0.0,2647.15,2646.3,2647.15,23002.15,3134.9,130,0,0,0.0,0,F1,65,,,,,
2026-03-19,2026-03-19,FO,NSE,IDO,72602,,NIFTY,,2026-05-26,2026-05-26,26700.0,PE,NIFTY26MAY26700PE,0.0,0.0,0.0,2926.95,2926.95,2926.95,23002.15,3429.1,130,0,0,0.0,0,F1,65,,,,,
2026-03-19,2026-03-19,FO,NSE,IDO,72604,,NIFTY,,2026-05-26,2026-05-26,26750.0,PE,NIFTY26MAY26750PE,0.0,0.0,0.0,2949.4,2949.4,2949.4,23002.15,3478.25,130,0,0,0.0,0,F1,65,,,,,
2026-03-19,2026-03-19,FO,NSE,IDO,72622,,NIFTY,,2026-05-26,2026-05-26,27050.0,PE,NIFTY26MAY27050PE,0.0,0.0,0.0,3501.3,3501.3,3501.3,23002.15,3773.8,65,0,0,0.0,0,F1,65,,,,,
2026-03-19,2026-03-19,FO,NSE,IDO,58625,,NIFTY,,2026-06-30,2026-06-30,12000.0,PE,NIFTY26JUN12000PE,11.85,14.0,9.55,12.6,12.55,8.7,23002.15,12.6,25285,7670,216,168644921.25,73,F1,65,,,,,
2026-03-19,2026-03-19,FO,NSE,IDO,35231,,NIFTY,,2026-06-30,2026-06-30,30000.0,PE,NIFTY26JUN30000PE,6021.55,6450.85,6021.55,6369.35,6279.05,5619.4,23002.15,6369.35,113800,-1345,154,362995863.75,136,F1,65,,,,,
2026-03-19,2026-03-19,FO,NSE,IDO,65882,,NIFTY,,2026-09-29,2026-09-29,15000.0,PE,NIFTY26SEP15000PE,0.0,0.0,0.0,0.1,0.0,0.1,23002.15,0.05,0,0,0,0.0,0,F1,65,,,,,
2026-03-19,2026-03-19,FO,NSE,IDO,65894,,NIFTY,,2026-09-29,2026-09-29,21000.0,PE,NIFTY26SEP21000PE,273.0,383.65,273.0,365.35,349.9,234.55,23002.15,365.35,32175,9945,981,1359907961.75,691,F1,65,,,,,
2026-03-19,2026-03-19,FO,NSE,IDO,58629,,NIFTY,,2026-12-29,2026-12-29,12000.0,PE,NIFTY26DEC12000PE,10.15,34.95,10.15,32.0,32.0,20.0,23002.15,0.05,3590,130,22,17202981.25,7,F1,65,,,,,
2026-03-19,2026-03-19,FO,NSE,IDO,58637,,NIFTY,,2026-12-29,2026-12-29,16000.0,PE,NIFTY26DEC16000PE,0.0,0.0,0.0,20.45,20.45,20.45,23002.15,0.15,6120,0,0,0.0,0,F1,65,,,,,
2026-03-19,2026-03-19,FO,NSE,IDO,50548,,NIFTY,,2026-12-29,2026-12-29,28000.0,PE,NIFTY26DEC28000PE,3390.0,3749.95,3390.0,3653.35,3646.35,3020.65,23002.15,3653.35,638585,-2325,713,1461311312.5,379,F1,65,,,,,
2026-03-19,2026-03-19,FO,NSE,IDO,55377,,NIFTY,,2027-06-29,2027-06-29,25500.0,PE,NIFTY27JUN25500PE,0.0,0.0,0.0,667.15,0.0,667.15,23002.15,1808.6,0,0,0,0.0,0,F1,65,,,,,
2026-03-19,2026-03-19,FO,NSE,IDO,53595,,NIFTY,,2027-12-28,2027-12-28,15000.0,PE,NIFTY27DEC15000PE,0.0,0.0,0.0,39.0,39.0,39.0,23002.15,1.25,625,0,0,0.0,0,F1,65,,,,,
2026-03-19,2026-03-19,FO,NSE,IDO,53632,,NIFTY,,2027-12-28,2027-12-28,27000.0,PE,NIFTY27DEC27000PE,2266.1,2555.0,2265.0,2527.5,2500.0,2080.9,23002.15,2527.5,14065,65,28,53486842.5,23,F1,65,,,,,
2026-03-19,2026-03-19,FO,NSE,IDO,67779,,NIFTY,,2028-12-26,2028-12-26,22000.0,PE,NIFTY28DEC22000PE,760.05,860.0,760.05,860.0,860.0,691.05,23002.15,462.45,7425,130,3,4451203.25,3,F1,65,,,,,
2026-03-19,2026-03-19,FO,NSE,IDO,67783,,NIFTY,,2028-12-26,2028-12-26,24000.0,PE,NIFTY28DEC24000PE,1300.0,1400.0,1250.05,1400.0,1400.0,1120.0,23002.15,943.9,2775,130,3,4936753.25,3,F1,65,,,,,
2026-03-19,2026-03-19,FO,NSE,IDO,55567,,NIFTY,,2029-06-26,2029-06-26,31500.0,PE,NIFTY29JUN31500PE,0.0,0.0,0.0,2443.35,0.0,2443.35,23002.15,4357.8,0,0,0,0.0,0,F1,65,,,,,
2026-03-19,2026-03-19,FO,NSE,IDO,60905,,NIFTY,,2030-06-25,2030-06-25,24000.0,PE,NIFTY30JUN24000PE,0.0,0.0,0.0,698.15,0.0,698.15,23002.15,804.1,0,0,0,0.0,0,F1,65,,,,,
2026-03-19,2026-03-19,FO,NSE,IDO,60911,,NIFTY,,2030-06-25,2030-06-25,27000.0,PE,NIFTY30JUN27000PE,0.0,0.0,0.0,1286.05,0.0,1286.05,23002.15,1669.35,0,0,0,0.0,0,F1,65,,,,,
2026-03-19,2026-03-19,FO,NSE,IDO,55649,,NIFTY,,2030-06-25,2030-06-25,28500.0,PE,NIFTY30JUN28500PE,0.0,0.0,0.0,1167.6,0.0,1167.6,23002.15,2244.8,0,0,0,0.0,0,F1,65,,,,,
2026-03-19,2026-03-19,FO,NSE,IDO,55653,,NIFTY,,2030-06-25,2030-06-25,34500.0,PE,NIFTY30JUN34500PE,0.0,0.0,0.0,3237.2,0.0,3237.2,23002.15,5377.9,0,0,0,0.0,0,F1,65,,,,,
2026-03-19,2026-03-19,FO,NSE,IDO,55695,,NIFTY,,2030-12-31,2030-12-31,15000.0,PE,NIFTY30DEC15000PE,0.0,0.0,0.0,4.95,0.0,4.95,23002.15,13.1,0,0,0,0.0,0,F1,65,,,,,
2026-03-19,2026-03-19,FO,NSE,IDO,89642,,NIFTY,,2029-06-26,2029-06-26,30000.0,CE,NIFTY29JUN30000CE,0.0,0.0,0.0,5268.4,0.0,5268.4,23002.15,1403.05,0,0,0,0.0,0,F1,65,,,,,
2026-03-19,2026-03-19,FO,NSE,IDO,55556,,NIFTY,,2029-06-26,2029-06-26,16500.0,CE,NIFTY29JUN16500CE,0.0,0.0,0.0,12587.95,0.0,12587.95,23002.15,9245.4,0,0,0,0.0,0,F1,65,,,,,
2026-03-19,2026-03-19,FO,NSE,IDO,55524,,NIFTY,,2028-12-26,2028-12-26,28500.0,CE,NIFTY28DEC28500CE,0.0,0.0,0.0,3608.65,0.0,3608.65,23002.15,1428.85,0,0,0,0.0,0,F1,65,,,,,
2026-03-19,2026-03-19,FO,NSE,IDO,67764,,NIFTY,,2028-12-26,2028-12-26,15000.0,CE,NIFTY28DEC15000CE,0.0,0.0,0.0,11381.75,0.0,11381.75,23002.15,10130.55,0,0,0,0.0,0,F1,65,,,,,
2026-03-19,2026-03-19,FO,NSE,IDO,47196,,NIFTY,,2028-06-27,2028-06-27,33000.0,CE,NIFTY28JUN33000CE,0.0,0.0,0.0,2004.15,0.0,2004.15,23002.15,299.05,0,0,0,0.0,0,F1,65,,,,,
2026-03-19,2026-03-19,FO,NSE,IDO,55476,,NIFTY,,2028-06-27,2028-06-27,25500.0,CE,NIFTY28JUN25500CE,0.0,0.0,0.0,4676.6,0.0,4676.6,23002.15,2069.05,0,0,0,0.0,0,F1,65,,,,,
2026-03-19,2026-03-19,FO,NSE,IDO,55468,,NIFTY,,2028-06-27,2028-06-27,16500.0,CE,NIFTY28JUN16500CE,0.0,0.0,0.0,11752.8,0.0,11752.8,23002.15,8457.65,0,0,0,0.0,0,F1,65,,,,,
2026-03-19,2026-03-19,FO,NSE,IDO,35235,,NIFTY,,2026-12-29,2026-12-29,30000.0,CE,NIFTY26DEC30000CE,84.0,100.95,84.0,92.85,93.0,98.2,23002.15,92.85,349605,-21700,905,1770221492.0,442,F1,65,,,,,
2026-03-19,2026-03-19,FO,NSE,IDO,58642,,NIFTY,,2026-12-29,2026-12-29,19000.0,CE,NIFTY26DEC19000CE,0.0,0.0,0.0,5475.0,5475.0,5475.0,23002.15,4820.8,3540,0,0,0.0,0,F1,65,,,,,
2026-03-19,2026-03-19,FO,NSE,IDO,71474,,NIFTY,,2026-06-30,2026-06-30,25000.0,CE,NIFTY26JUN25000CE,318.0,328.45,257.9,279.3,297.85,413.55,23002.15,279.3,2214360,155065,14016,23048396663.5,9685,F1,65,,,,,
2026-03-19,2026-03-19,FO,NSE,IDO,37799,,NIFTY,,2026-06-30,2026-06-30,23000.0,CE,NIFTY26JUN23000CE,1200.0,1322.75,1094.7,1142.45,1185.65,1561.15,23002.15,1142.45,296140,19175,2847,4480351050.5,1967,F1,65,,,,,
2026-03-19,2026-03-19,FO,NSE,IDO,72629,,NIFTY,,2026-05-26,2026-05-26,27250.0,CE,NIFTY26MAY27250CE,20.0,27.45,16.05,25.1,25.0,28.0,23002.15,25.1,10205,520,30,53179844.25,19,F1,65,,,,,
2026-03-19,2026-03-19,FO,NSE,IDO,72627,,NIFTY,,2026-05-26,2026-05-26,27200.0,CE,NIFTY26MAY27200CE,14.1,25.0,14.1,22.0,22.0,25.55,23002.15,22.0,6890,0,29,51312465.75,21,F1,65,,,,,
2026-03-19,2026-03-19,FO,NSE,IDO,72577,,NIFTY,,2026-05-26,2026-05-26,26450.0,CE,NIFTY26MAY26450CE,42.15,42.15,35.65,38.25,38.25,52.75,23002.15,5.6,1300,-130,12,20662583.5,4,F1,65,,,,,
2026-03-19,2026-03-19,FO,NSE,IDO,72392,,NIFTY,,2026-05-26,2026-05-26,26200.0,CE,NIFTY26MAY26200CE,42.45,55.95,42.45,54.25,55.95,67.9,23002.15,54.25,25090,455,71,121152034.25,32,F1,65,,,,,
2026-03-19,2026-03-19,FO,NSE,IDO,72377,,NIFTY,,2026-05-26,2026-05-26,25900.0,CE,NIFTY26MAY25900CE,70.0,72.4,62.3,65.7,65.7,95.1,23002.15,65.7,5720,-650,65,109706509.25,33,F1,65,,,,,
2026-03-19,2026-03-19,FO,NSE,IDO,72320,,NIFTY,,2026-05-26,2026-05-26,25450.0,CE,NIFTY26MAY25450CE,111.05,117.0,103.3,111.45,115.8,161.9,23002.15,111.45,2080,130,44,73102308.5,19,F1,65,,,,,
2026-03-19,2026-03-19,FO,NSE,IDO,72290,,NIFTY,,2026-05-26,2026-05-26,24800.0,CE,NIFTY26MAY24800CE,249.0,249.55,203.35,220.9,235.05,337.65,23002.15,220.9,24245,2925,678,1103202304.75,508,F1,65,,,,,
2026-03-19,2026-03-19,FO,NSE,IDO,72282,,NIFTY,,2026-05-26,2026-05-26,24600.0,CE,NIFTY26MAY24600CE,306.0,307.25,254.05,276.15,286.6,406.8,23002.15,276.15,20475,3445,293,474026978.75,205,F1,65,,,,,
2026-03-19,2026-03-19,FO,NSE,IDO,71881,,NIFTY,,2026-05-26,2026-05-26,22750.0,CE,NIFTY26MAY22750CE,1249.35,1249.35,1110.85,1110.85,1110.85,1412.05,23002.15,1110.85,390,130,4,6221267.0,4,F1,65,,,,,
2026-03-19,2026-03-19,FO,NSE,IDO,71859,,NIFTY,,2026-05-26,2026-05-26,22500.0,CE,NIFTY26MAY22500CE,1380.0,1480.2,1258.0,1296.5,1360.0,1851.0,23002.15,1296.5,10205,2340,134,207889139.25,109,F1,65,,,,,
2026-03-19,2026-03-19,FO,NSE,IDO,71840,,NIFTY,,2026-05-26,2026-05-26,22400.0,CE,NIFTY26MAY22400CE,0.0,0.0,0.0,1543.85,1543.85,1543.85,23002.15,1032.25,65,0,0,0.0,0,F1,65,,,,,
2026-03-19,2026-03-19,FO,NSE,IDO,71745,,NIFTY,,2026-05-26,2026-05-26,21200.0,CE,NIFTY26MAY21200CE,0.0,0.0,0.0,2586.45,2586.45,2586.45,23002.15,2046.65,65,0,0,0.0,0,F1,65,,,,,
2026-03-19,2026-03-19,FO,NSE,IDO,72747,,NIFTY,,2026-04-28,2026-04-28,27350.0,CE,NIFTY26APR27350CE,10.3,12.9,9.35,12.9,12.9,14.6,23002.15,0.05,7475,-260,44,78250487.25,27,F1,65,,,,,
2026-03-19,2026-03-19,FO,NSE,IDO,72489,,NIFTY,,2026-04-28,2026-04-28,26350.0,CE,NIFTY26APR26350CE,19.9,19.9,16.7,17.75,18.8,24.75,23002.15,17.75,7475,-325,13,22281148.5,7,F1,65,,,,,
2026-03-19,2026-03-19,FO,NSE,IDO,72483,,NIFTY,,2026-04-28,2026-04-28,26200.0,CE,NIFTY26APR26200CE,20.0,29.95,16.05,21.85,24.0,27.25,23002.15,21.85,88010,-19240,964,1642954277.25,601,F1,65,,,,,
2026-03-19,2026-03-19,FO,NSE,IDO,72457,,NIFTY,,2026-04-28,2026-04-28,26050.0,CE,NIFTY26APR26050CE,25.0,26.0,21.3,24.65,25.95,30.85,23002.15,24.65,16575,455,108,183042791.75,65,F1,65,,,,,
2026-03-19,2026-03-19,FO,NSE,IDO,72431,,NIFTY,,2026-04-28,2026-04-28,25800.0,CE,NIFTY26APR25800CE,32.0,33.25,27.1,30.75,30.95,41.9,23002.15,30.75,141050,8255,2096,3519034980.5,1626,F1,65,,,,,
2026-03-19,2026-03-19,FO,NSE,IDO,72249,,NIFTY,,2026-04-28,2026-04-28,23650.0,CE,NIFTY26APR23650CE,531.95,531.95,410.7,444.25,466.1,744.6,23002.15,444.25,10465,4875,339,531638682.25,278,F1,65,,,,,
2026-03-19,2026-03-19,FO,NSE,IDO,72220,,NIFTY,,2026-04-28,2026-04-28,23300.0,CE,NIFTY26APR23300CE,763.05,763.05,568.4,612.85,653.45,1002.25,23002.15,612.85,220675,75985,4885,7609742660.0,3913,F1,65,,,,,
2026-03-19,2026-03-19,FO,NSE,IDO,71937,,NIFTY,,2026-04-28,2026-04-28,21750.0,CE,NIFTY26APR21750CE,0.0,0.0,0.0,1827.9,1827.9,1827.9,23002.15,1417.25,130,0,0,0.0,0,F1,65,,,,,
2026-03-19,2026-03-19,FO,NSE,IDO,71857,,NIFTY,,2026-04-28,2026-04-28,20900.0,CE,NIFTY26APR20900CE,0.0,0.0,0.0,4596.2,0.0,4596.2,23002.15,2230.95,0,0,0,0.0,0,F1,65,,,,,
2026-03-19,2026-03-19,FO,NSE,IDO,63512,,NIFTY,,2026-04-21,2026-04-21,25550.0,CE,NIFTY2642125550CE,0.0,0.0,0.0,28.95,0.0,28.95,23002.15,1.8,0,0,0,0.0,0,F1,65,,,,,
2026-03-19,2026-03-19,FO,NSE,IDO,63430,,NIFTY,,2026-04-21,2026-04-21,24300.0,CE,NIFTY2642124300CE,0.0,0.0,0.0,222.25,0.0,222.25,23002.15,46.75,0,0,0,0.0,0,F1,65,,,,,
2026-03-19,2026-03-19,FO,NSE,IDO,63324,,NIFTY,,2026-04-21,2026-04-21,22100.0,CE,NIFTY2642122100CE,0.0,0.0,0.0,1658.95,0.0,1658.95,23002.15,1069.25,0,0,0,0.0,0,F1,65,,,,,
2026-03-19,2026-03-19,FO,NSE,IDO,63292,,NIFTY,,2026-04-21,2026-04-21,21550.0,CE,NIFTY2642121550CE,0.0,0.0,0.0,2183.3,0.0,2183.3,23002.15,1572.75,0,0,0,0.0,0,F1,65,,,,,
2026-03-19,2026-03-19,FO,NSE,IDO,54892,,NIFTY,,2026-04-13,2026-04-13,25000.0,CE,NIFTY2641325000CE,37.25,44.75,35.6,40.75,44.75,69.9,23002.15,40.75,66820,19890,1618,2633456023.25,1062,F1,65,,,,,
2026-03-19,2026-03-19,FO,NSE,IDO,54886,,NIFTY,,2026-04-13,2026-04-13,24850.0,CE,NIFTY2641324850CE,49.5,51.0,42.9,49.55,51.0,90.75,23002.15,49.55,2340,1430,67,108429932.0,27,F1,65,,,,,
2026-03-19,2026-03-19,FO,NSE,IDO,54870,,NIFTY,,2026-04-13,2026-04-13,24450.0,CE,NIFTY2641324450CE,98.05,99.0,78.05,96.5,97.2,203.0,23002.15,96.5,3315,2145,84,133997243.25,45,F1,65,,,,,
2026-03-19,2026-03-19,FO,NSE,IDO,54864,,NIFTY,,2026-04-13,2026-04-13,24300.0,CE,NIFTY2641324300CE,121.35,131.55,98.8,107.55,122.25,236.65,23002.15,107.55,5590,2015,435,690368269.5,223,F1,65,,,,,
2026-03-19,2026-03-19,FO,NSE,IDO,54796,,NIFTY,,2026-04-13,2026-04-13,23600.0,CE,NIFTY2641323600CE,387.6,387.6,270.95,314.4,324.15,602.75,23002.15,314.4,5395,1300,169,263013988.25,151,F1,65,,,,,
2026-03-19,2026-03-19,FO,NSE,IDO,54794,,NIFTY,,2026-04-13,2026-04-13,23550.0,CE,NIFTY2641323550CE,395.0,395.0,356.65,356.65,356.65,989.8,23002.15,356.65,715,715,12,18657158.0,4,F1,65,,,,,
2026-03-19,2026-03-19,FO,NSE,IDO,54705,,NIFTY,,2026-04-13,2026-04-13,22600.0,CE,NIFTY2641322600CE,0.0,0.0,0.0,1824.15,0.0,1824.15,23002.15,615.75,0,0,0,0.0,0,F1,65,,,,,
2026-03-19,2026-03-19,FO,NSE,IDO,54695,,NIFTY,,2026-04-13,2026-04-13,22350.0,CE,NIFTY2641322350CE,0.0,0.0,0.0,2063.9,0.0,2063.9,23002.15,809.05,0,0,0,0.0,0,F1,65,,,,,
2026-03-19,2026-03-19,FO,NSE,IDO,54693,,NIFTY,,2026-04-13,2026-04-13,22300.0,CE,NIFTY2641322300CE,0.0,0.0,0.0,2112.35,0.0,2112.35,23002.15,850.45,0,0,0,0.0,0,F1,65,,,,,
2026-03-19,2026-03-19,FO,NSE,IDO,54681,,NIFTY,,2026-04-13,2026-04-13,22000.0,CE,NIFTY2641322000CE,0.0,0.0,0.0,2405.55,0.0,2405.55,23002.15,1113.5,0,0,0,0.0,0,F1,65,,,,,
2026-03-19,2026-03-19,FO,NSE,IDO,54679,,NIFTY,,2026-04-13,2026-04-13,21950.0,CE,NIFTY2641321950CE,0.0,0.0,0.0,2454.75,0.0,2454.75,23002.15,1159.4,0,0,0,0.0,0,F1,65,,,,,
2026-03-19,2026-03-19,FO,NSE,IDO,54674,,NIFTY,,2026-04-13,2026-04-13,21850.0,CE,NIFTY2641321850CE,0.0,0.0,0.0,2553.25,0.0,2553.25,23002.15,1252.5,0,0,0,0.0,0,F1,65,,,,,
2026-03-19,2026-03-19,FO,NSE,IDO,40996,,NIFTY,,2026-04-07,2026-04-07,26550.0,CE,NIFTY2640726550CE,3.1,6.6,2.9,3.6,3.0,6.95,23002.15,3.6,3315,-520,62,107014823.5,35,F1,65,,,,,
2026-03-19,2026-03-19,FO,NSE,IDO,40990,,NIFTY,,2026-04-07,2026-04-07,26400.0,CE,NIFTY2640726400CE,6.25,7.5,4.55,4.6,4.6,6.3,23002.15,4.6,10530,1950,139,238571846.5,77,F1,65,,,,,
2026-03-19,2026-03-19,FO,NSE,IDO,40950,,NIFTY,,2026-04-07,2026-04-07,25700.0,CE,NIFTY2640725700CE,8.5,13.25,8.5,11.0,11.55,14.05,23002.15,11.0,6240,-780,266,444529735.0,157,F1,65,,,,,
2026-03-19,2026-03-19,FO,NSE,IDO,40920,,NIFTY,,2026-04-07,2026-04-07,25400.0,CE,NIFTY2640725400CE,15.45,16.35,11.55,13.6,14.0,20.5,23002.15,13.6,15145,-5265,846,1397468367.75,476,F1,65,,,,,
2026-03-19,2026-03-19,FO,NSE,IDO,40916,,NIFTY,,2026-04-07,2026-04-07,25350.0,CE,NIFTY2640725350CE,18.0,18.0,13.4,14.3,13.4,20.4,23002.15,14.3,2600,-65,26,42866456.75,16,F1,65,,,,,
2026-03-19,2026-03-19,FO,NSE,IDO,40894,,NIFTY,,2026-04-07,2026-04-07,25050.0,CE,NIFTY2640725050CE,19.65,27.25,15.7,22.75,25.8,32.8,23002.15,22.75,9295,1820,261,425324552.25,148,F1,65,,,,,
2026-03-19,2026-03-19,FO,NSE,IDO,40888,,NIFTY,,2026-04-07,2026-04-07,24950.0,CE,NIFTY2640724950CE,25.9,29.25,21.85,24.85,25.0,42.0,23002.15,24.85,7150,325,115,186678592.75,79,F1,65,,,,,
2026-03-19,2026-03-19,FO,NSE,IDO,40876,,NIFTY,,2026-04-07,2026-04-07,24700.0,CE,NIFTY2640724700CE,34.35,40.8,31.75,36.6,37.95,74.9,23002.15,36.6,895375,7930,1790,2878034311.75,1082,F1,65,,,,,
2026-03-19,2026-03-19,FO,NSE,IDO,40840,,NIFTY,,2026-04-07,2026-04-07,24200.0,CE,NIFTY2640724200CE,97.9,110.0,73.0,84.15,95.0,200.65,23002.15,84.15,630305,-9945,6189,9772589908.25,4535,F1,65,,,,,
2026-03-19,2026-03-19,FO,NSE,IDO,40804,,NIFTY,,2026-04-07,2026-04-07,23700.0,CE,NIFTY2640723700CE,258.2,263.95,179.05,204.4,217.9,454.0,23002.15,204.4,121745,-390,3693,5743964642.0,2715,F1,65,,,,,
2026-03-19,2026-03-19,FO,NSE,IDO,40798,,NIFTY,,2026-04-07,2026-04-07,23550.0,CE,NIFTY2640723550CE,322.1,329.65,228.65,257.6,285.1,553.25,23002.15,257.6,19045,15535,605,937070264.0,482,F1,65,,,,,
2026-03-19,2026-03-19,FO,NSE,IDO,40648,,NIFTY,,2026-04-07,2026-04-07,21150.0,CE,NIFTY2640721150CE,0.0,0.0,0.0,2186.3,2186.3,2186.3,23002.15,1913.0,65,0,0,0.0,0,F1,65,,,,,
2026-03-19,2026-03-19,FO,NSE,IDO,54840,,NIFTY,,2026-03-30,2026-03-30,28050.0,CE,NIFTY26MAR28050CE,0.95,1.45,0.95,1.3,1.35,1.1,23002.15,1.3,28015,3640,124,226093533.25,33,F1,65,,,,,
2026-03-19,2026-03-19,FO,NSE,IDO,54722,,NIFTY,,2026-03-30,2026-03-30,26800.0,CE,NIFTY26MAR26800CE,2.65,3.3,2.0,2.6,2.45,2.6,23002.15,2.6,282165,4615,1456,2536610869.0,597,F1,65,,,,,
2026-03-19,2026-03-19,FO,NSE,IDO,54720,,NIFTY,,2026-03-30,2026-03-30,26750.0,CE,NIFTY26MAR26750CE,3.25,3.5,1.7,2.85,2.15,2.55,23002.15,2.85,44785,845,180,313006876.0,81,F1,65,,,,,
2026-03-19,2026-03-19,FO,NSE,IDO,54665,,NIFTY,,2026-03-30,2026-03-30,26350.0,CE,NIFTY26MAR26350CE,3.55,3.7,2.25,3.5,3.1,3.35,23002.15,3.5,35620,3445,773,1324125991.5,408,F1,65,,,,,
2026-03-19,2026-03-19,FO,NSE,IDO,62926,,NIFTY,,2026-03-30,2026-03-30,25000.0,CE,NIFTY26MAR25000CE,12.2,14.8,5.6,9.65,9.95,16.15,23002.15,9.65,4352335,-811645,98405,159970934919.25,43735,F1,65,,,,,
2026-03-19,2026-03-19,FO,NSE,IDO,54568,,NIFTY,,2026-03-30,2026-03-30,24800.0,CE,NIFTY26MAR24800CE,15.1,16.65,10.0,12.4,13.0,23.2,23002.15,12.4,816205,-310180,33035,53278995896.75,20215,F1,65,,,,,
2026-03-19,2026-03-19,FO,NSE,IDO,54564,,NIFTY,,2026-03-30,2026-03-30,24700.0,CE,NIFTY26MAR24700CE,14.85,17.95,11.4,14.7,16.0,29.7,23002.15,14.7,789165,-309790,33139,53235656877.0,19398,F1,65,,,,,
2026-03-19,2026-03-19,FO,NSE,IDO,54538,,NIFTY,,2026-03-30,2026-03-30,24050.0,CE,NIFTY26MAR24050CE,55.15,73.75,42.4,51.45,59.5,168.7,23002.15,51.45,221130,32760,13446,21070195110.25,9936,F1,65,,,,,
2026-03-19,2026-03-19,FO,NSE,IDO,54536,,NIFTY,,2026-03-30,2026-03-30,23950.0,CE,NIFTY26MAR23950CE,82.5,98.05,53.6,64.0,74.65,220.3,23002.15,64.0,236665,33735,14148,22092989574.5,10232,F1,65,,,,,
2026-03-19,2026-03-19,FO,NSE,IDO,54518,,NIFTY,,2026-03-30,2026-03-30,23500.0,CE,NIFTY26MAR23500CE,214.15,281.55,145.4,172.15,196.75,502.55,23002.15,172.15,3004495,990535,188491,290466621458.0,118727,F1,65,,,,,
2026-03-19,2026-03-19,FO,NSE,IDO,54502,,NIFTY,,2026-03-30,2026-03-30,23150.0,CE,NIFTY26MAR23150CE,480.0,497.2,279.25,325.75,360.6,753.95,23002.15,325.75,138905,82030,12961,19802160868.75,9659,F1,65,,,,,
2026-03-19,2026-03-19,FO,NSE,IDO,62920,,NIFTY,,2026-03-30,2026-03-30,22000.0,CE,NIFTY26MAR22000CE,1400.0,1460.0,1060.0,1147.7,1214.0,1814.2,23002.15,1147.7,694020,102020,4705,7114444249.25,3262,F1,65,,,,,
2026-03-19,2026-03-19,FO,NSE,IDO,54441,,NIFTY,,2026-03-30,2026-03-30,21550.0,CE,NIFTY26MAR21550CE,1621.05,1631.6,1621.05,1626.35,1631.6,2208.6,23002.15,1626.35,390,0,2,3012922.25,2,F1,65,,,,,
2026-03-19,2026-03-19,FO,NSE,IDO,54421,,NIFTY,,2026-03-30,2026-03-30,21050.0,CE,NIFTY26MAR21050CE,2093.0,2101.85,2093.0,2097.45,2101.85,2513.55,23002.15,2097.45,130,65,2,3009165.25,2,F1,65,,,,,
2026-03-19,2026-03-19,FO,NSE,IDO,62980,,NIFTY,,2026-03-24,2026-03-24,27450.0,CE,NIFTY2632427450CE,1.2,2.5,0.7,0.85,0.75,0.85,23002.15,0.85,80470,41795,8550,15255912460.75,3172,F1,65,,,,,
2026-03-19,2026-03-19,FO,NSE,IDO,62940,,NIFTY,,2026-03-24,2026-03-24,27200.0,CE,NIFTY2632427200CE,1.0,2.45,0.7,0.9,0.8,0.9,23002.15,0.9,49010,12285,3987,7049328666.25,2226,F1,65,,,,,
2026-03-19,2026-03-19,FO,NSE,IDO,62791,,NIFTY,,2026-03-24,2026-03-24,25700.0,CE,NIFTY2632425700CE,1.5,3.25,1.25,1.8,1.5,1.45,23002.15,1.8,215085,-274105,89254,149109653397.25,19624,F1,65,,,,,
2026-03-19,2026-03-19,FO,NSE,IDO,62737,,NIFTY,,2026-03-24,2026-03-24,25300.0,CE,NIFTY2632425300CE,2.25,3.4,1.5,2.2,1.75,2.35,23002.15,2.2,1095120,-685945,187847,308941092235.75,36110,F1,65,,,,,
2026-03-19,2026-03-19,FO,NSE,IDO,62648,,NIFTY,,2026-03-24,2026-03-24,24300.0,CE,NIFTY2632424300CE,10.5,15.0,8.8,10.5,11.7,37.3,23002.15,10.5,3003000,292435,490088,774433551914.75,151750,F1,65,,,,,
2026-03-19,2026-03-19,FO,NSE,IDO,62572,,NIFTY,,2026-03-24,2026-03-24,23050.0,CE,NIFTY2632423050CE,451.55,452.2,197.0,248.95,294.5,779.55,23002.15,248.95,723645,680095,184487,279657565447.0,136344,F1,65,,,,,
2026-03-19,2026-03-19,FO,NSE,IDO,62570,,NIFTY,,2026-03-24,2026-03-24,23000.0,CE,NIFTY2632423000CE,361.0,499.9,222.0,270.9,325.2,807.0,23002.15,270.9,3294460,2579590,554235,839559710206.75,353156,F1,65,,,,,
2026-03-19,2026-03-19,FO,NSE,IDO,62342,,NIFTY,,2026-03-24,2026-03-24,21400.0,CE,NIFTY2632421400CE,0.0,0.0,0.0,2050.95,2043.55,2050.95,23002.15,1618.25,0,0,0,0.0,0,F1,65,,,,,
2026-03-19,2026-03-19,FO,NSE,IDO,62326,,NIFTY,,2026-03-24,2026-03-24,21200.0,CE,NIFTY2632421200CE,0.0,0.0,0.0,2244.85,2237.35,2244.85,23002.15,1818.1,0,0,0,0.0,0,F1,65,,,,,
2026-03-19,2026-03-19,FO,NSE,IDO,62287,,NIFTY,,2026-03-24,2026-03-24,21100.0,CE,NIFTY2632421100CE,0.0,0.0,0.0,2338.9,2334.15,2338.9,23002.15,1918.05,65,0,0,0.0,0,F1,65,,,,,
2026-03-19,2026-03-19,FO,NSE,IDO,62279,,NIFTY,,2026-03-24,2026-03-24,21000.0,CE,NIFTY2632421000CE,2164.7,2266.55,1980.0,1982.15,1986.45,2835.6,23002.15,1982.15,390,65,13,19541002.0,10,F1,65,,,,,
2026-03-19,2026-03-19,FO,NSE,IDO,54673,,NIFTY,,2026-03-30,2026-03-30,26500.0,PE,NIFTY26MAR26500PE,3110.3,3526.15,3110.3,3457.1,3362.9,2688.1,23002.15,3457.1,860080,-15535,1182,2285889024.25,794,F1,65,,,,,
2026-03-19,2026-03-19,FO,NSE,IDO,54743,,NIFTY,,2026-03-30,2026-03-30,27350.0,PE,NIFTY26MAR27350PE,0.0,0.0,0.0,3894.55,3899.55,3894.55,23002.15,4302.55,520,0,0,0.0,0,F1,65,,,,,
2026-03-19,2026-03-19,FO,NSE,IDO,54829,,NIFTY,,2026-03-30,2026-03-30,27800.0,PE,NIFTY26MAR27800PE,0.0,0.0,0.0,4020.0,4020.0,4020.0,23002.15,4751.8,1690,0,0,0.0,0,F1,65,,,,,
2026-03-19,2026-03-19,FO,NSE,IDO,54831,,NIFTY,,2026-03-30,2026-03-30,27850.0,PE,NIFTY26MAR27850PE,0.0,0.0,0.0,3896.0,3900.75,3896.0,23002.15,4801.75,455,0,0,0.0,0,F1,65,,,,,
2026-03-19,2026-03-19,FO,NSE,IDO,40643,,NIFTY,,2026-04-07,2026-04-07,21050.0,PE,NIFTY2640721050PE,0.0,0.0,0.0,0.05,0.0,0.05,23002.15,0.2,0,0,0,0.0,0,F1,65,,,,,
2026-03-19,2026-03-19,FO,NSE,IDO,40647,,NIFTY,,2026-04-07,2026-04-07,21100.0,PE,NIFTY2640721100PE,0.0,0.0,0.0,0.05,0.0,0.05,23002.15,0.3,0,0,0,0.0,0,F1,65,,,,,
2026-03-19,2026-03-19,FO,NSE,IDO,54792,,NIFTY,,2026-04-13,2026-04-13,23500.0,CE,NIFTY2641323500CE,511.0,511.0,317.15,361.2,377.1,683.6,23002.15,361.2,22750,16900,1554,2414162302.5,1280,F1,65,,,,,
2026-03-19,2026-03-19,FO,NSE,IDO,54884,,NIFTY,,2026-04-13,2026-04-13,24800.0,CE,NIFTY2641324800CE,54.4,55.55,46.35,50.8,54.3,94.5,23002.15,50.8,3510,1235,101,163143311.5,59,F1,65,,,,,
2026-03-19,2026-03-19,FO,NSE,IDO,54980,,NIFTY,,2026-04-13,2026-04-13,25800.0,CE,NIFTY2641325800CE,19.75,21.95,14.05,14.15,14.15,23.55,23002.15,14.15,3315,-1105,93,156064710.75,54,F1,65,,,,,
2026-03-19,2026-03-19,FO,NSE,IDO,54988,,NIFTY,,2026-04-13,2026-04-13,25950.0,CE,NIFTY2641325950CE,22.5,24.0,14.55,18.25,19.0,23.2,23002.15,18.25,3770,455,101,170479468.25,72,F1,65,,,,,
2026-03-19,2026-03-19,FO,NSE,IDO,63195,,NIFTY,,2026-04-21,2026-04-21,21050.0,CE,NIFTY2642121050CE,0.0,0.0,0.0,2674.1,0.0,2674.1,23002.15,2059.25,0,0,0,0.0,0,F1,65,,,,,
2026-03-19,2026-03-19,FO,NSE,IDO,63201,,NIFTY,,2026-04-21,2026-04-21,21100.0,CE,NIFTY2642121100CE,0.0,0.0,0.0,2624.75,0.0,2624.75,23002.15,2010.0,0,0,0,0.0,0,F1,65,,,,,
2026-03-19,2026-03-19,FO,NSE,IDO,63254,,NIFTY,,2026-04-21,2026-04-21,21150.0,CE,NIFTY2642121150CE,0.0,0.0,0.0,2575.4,0.0,2575.4,23002.15,1960.9,0,0,0,0.0,0,F1,65,,,,,
2026-03-19,2026-03-19,FO,NSE,IDO,63284,,NIFTY,,2026-04-21,2026-04-21,21450.0,CE,NIFTY2642121450CE,0.0,0.0,0.0,2280.8,0.0,2280.8,23002.15,1668.7,0,0,0,0.0,0,F1,65,,,,,
2026-03-19,2026-03-19,FO,NSE,IDO,63294,,NIFTY,,2026-04-21,2026-04-21,21600.0,CE,NIFTY2642121600CE,0.0,0.0,0.0,2134.7,0.0,2134.7,23002.15,1525.1,0,0,0,0.0,0,F1,65,,,,,
2026-03-19,2026-03-19,FO,NSE,IDO,63330,,NIFTY,,2026-04-21,2026-04-21,22200.0,CE,NIFTY2642122200CE,0.0,0.0,0.0,1566.9,0.0,1566.9,23002.15,984.25,0,0,0,0.0,0,F1,65,,,,,
2026-03-19,2026-03-19,FO,NSE,IDO,63334,,NIFTY,,2026-04-21,2026-04-21,22300.0,CE,NIFTY2642122300CE,0.0,0.0,0.0,1476.25,0.0,1476.25,23002.15,901.95,0,0,0,0.0,0,F1,65,,,,,
2026-03-19,2026-03-19,FO,NSE,IDO,63361,,NIFTY,,2026-04-21,2026-04-21,22750.0,CE,NIFTY2642122750CE,0.0,0.0,0.0,1090.95,0.0,1090.95,23002.15,573.05,0,0,0,0.0,0,F1,65,,,,,
2026-03-19,2026-03-19,FO,NSE,IDO,63382,,NIFTY,,2026-04-21,2026-04-21,23150.0,CE,NIFTY2642123150CE,0.0,0.0,0.0,790.2,0.0,790.2,23002.15,348.5,0,0,0,0.0,0,F1,65,,,,,
2026-03-19,2026-03-19,FO,NSE,IDO,63384,,NIFTY,,2026-04-21,2026-04-21,23200.0,CE,NIFTY2642123200CE,631.75,641.75,536.1,573.85,616.9,756.0,23002.15,573.85,8515,8515,155,239878853.5,138,F1,65,,,,,
2026-03-19,2026-03-19,FO,NSE,IDO,63390,,NIFTY,,2026-04-21,2026-04-21,23350.0,CE,NIFTY2642123350CE,629.45,629.45,479.0,479.0,479.0,658.45,23002.15,261.95,585,585,12,18651022.0,10,F1,65,,,,,
2026-03-19,2026-03-19,FO,NSE,IDO,63400,,NIFTY,,2026-04-21,2026-04-21,23600.0,CE,NIFTY2642123600CE,463.75,465.65,353.6,382.15,428.15,703.15,23002.15,382.15,3380,-325,63,98320241.5,62,F1,65,,,,,
2026-03-19,2026-03-19,FO,NSE,IDO,63464,,NIFTY,,2026-04-21,2026-04-21,24600.0,CE,NIFTY2642124600CE,116.05,116.05,93.0,104.45,107.75,190.45,23002.15,104.45,2405,1300,79,126862739.25,52,F1,65,,,,,
2026-03-19,2026-03-19,FO,NSE,IDO,71957,,NIFTY,,2026-04-28,2026-04-28,22200.0,CE,NIFTY26APR22200CE,1457.1,1554.75,1371.35,1371.35,1371.35,1505.55,23002.15,1025.85,585,520,8,12289553.25,8,F1,65,,,,,
2026-03-19,2026-03-19,FO,NSE,IDO,72277,,NIFTY,,2026-04-28,2026-04-28,24250.0,CE,NIFTY26APR24250CE,265.1,269.4,202.05,226.5,240.5,386.45,23002.15,226.5,36595,12350,544,866040266.0,409,F1,65,,,,,
2026-03-19,2026-03-19,FO,NSE,IDO,72348,,NIFTY,,2026-04-28,2026-04-28,25000.0,CE,NIFTY26APR25000CE,86.5,96.15,74.3,83.2,89.9,136.55,23002.15,83.2,1661400,211835,41703,67998952635.25,24394,F1,65,,,,,
2026-03-19,2026-03-19,FO,NSE,IDO,72395,,NIFTY,,2026-04-28,2026-04-28,25500.0,CE,NIFTY26APR25500CE,40.05,48.0,39.05,43.35,47.25,63.5,23002.15,43.35,1017055,-108940,19923,33077267414.75,11833,F1,65,,,,,
2026-03-19,2026-03-19,FO,NSE,IDO,72422,,NIFTY,,2026-04-28,2026-04-28,25600.0,CE,NIFTY26APR25600CE,32.0,42.95,30.7,39.25,39.1,56.2,23002.15,39.25,85735,-2665,1103,1838116371.0,703,F1,65,,,,,
2026-03-19,2026-03-19,FO,NSE,IDO,72719,,NIFTY,,2026-04-28,2026-04-28,26850.0,CE,NIFTY26APR26850CE,14.45,14.45,11.85,11.85,11.85,16.9,23002.15,0.1,6435,-260,5,8730410.0,4,F1,65,,,,,
2026-03-19,2026-03-19,FO,NSE,IDO,72727,,NIFTY,,2026-04-28,2026-04-28,27050.0,CE,NIFTY26APR27050CE,0.0,0.0,0.0,15.0,15.0,15.0,23002.15,0.05,8060,0,0,0.0,0,F1,65,,,,,
2026-03-19,2026-03-19,FO,NSE,IDO,72760,,NIFTY,,2026-04-28,2026-04-28,27550.0,CE,NIFTY26APR27550CE,9.25,11.4,8.1,10.95,10.5,10.25,23002.15,10.95,13585,65,8,14331242.25,7,F1,65,,,,,
2026-03-19,2026-03-19,FO,NSE,IDO,71733,,NIFTY,,2026-05-26,2026-05-26,20950.0,CE,NIFTY26MAY20950CE,0.0,0.0,0.0,2799.8,2799.8,2799.8,23002.15,2282.7,65,0,0,0.0,0,F1,65,,,,,
2026-03-19,2026-03-19,FO,NSE,IDO,71747,,NIFTY,,2026-05-26,2026-05-26,21250.0,CE,NIFTY26MAY21250CE,0.0,0.0,0.0,2544.25,2544.25,2544.25,23002.15,2000.1,65,0,0,0.0,0,F1,65,,,,,
2026-03-19,2026-03-19,FO,NSE,IDO,71820,,NIFTY,,2026-05-26,2026-05-26,22200.0,CE,NIFTY26MAY22200CE,0.0,0.0,0.0,1692.85,1692.85,1692.85,23002.15,1181.95,65,0,0,0.0,0,F1,65,,,,,
2026-03-19,2026-03-19,FO,NSE,IDO,71883,,NIFTY,,2026-05-26,2026-05-26,22800.0,CE,NIFTY26MAY22800CE,1243.25,1251.55,1080.1,1099.05,1170.0,1354.95,23002.15,1099.05,1755,715,43,67066330.5,42,F1,65,,,,,
2026-03-19,2026-03-19,FO,NSE,IDO,71941,,NIFTY,,2026-05-26,2026-05-26,23150.0,CE,NIFTY26MAY23150CE,930.85,930.85,887.45,887.45,887.45,1321.0,23002.15,567.45,975,390,8,12515194.25,8,F1,65,,,,,
2026-03-19,2026-03-19,FO,NSE,IDO,72183,,NIFTY,,2026-05-26,2026-05-26,24100.0,CE,NIFTY26MAY24100CE,478.55,498.1,409.0,442.05,458.0,678.0,23002.15,442.05,9815,5525,235,375191469.25,185,F1,65,,,,,
2026-03-19,2026-03-19,FO,NSE,IDO,72187,,NIFTY,,2026-05-26,2026-05-26,24200.0,CE,NIFTY26MAY24200CE,452.95,453.1,373.75,399.65,417.3,599.85,23002.15,399.65,13845,5785,372,595286003.0,271,F1,65,,,,,
2026-03-19,2026-03-19,FO,NSE,IDO,72306,,NIFTY,,2026-05-26,2026-05-26,25200.0,CE,NIFTY26MAY25200CE,134.8,160.5,124.7,144.55,151.15,212.7,23002.15,144.55,28470,6695,973,1603128878.0,714,F1,65,,,,,
2026-03-19,2026-03-19,FO,NSE,IDO,72352,,NIFTY,,2026-05-26,2026-05-26,25600.0,CE,NIFTY26MAY25600CE,97.5,102.15,89.2,96.5,100.35,135.05,23002.15,96.5,7020,455,47,78498429.75,37,F1,65,,,,,
2026-03-19,2026-03-19,FO,NSE,IDO,72371,,NIFTY,,2026-05-26,2026-05-26,25750.0,CE,NIFTY26MAY25750CE,82.05,83.0,74.5,74.5,74.5,114.55,23002.15,19.75,1170,-1560,34,57081316.5,25,F1,65,,,,,
2026-03-19,2026-03-19,FO,NSE,IDO,72373,,NIFTY,,2026-05-26,2026-05-26,25800.0,CE,NIFTY26MAY25800CE,58.5,84.75,58.0,75.8,79.6,103.45,23002.15,75.8,19760,-3770,189,317900274.25,89,F1,65,,,,,
2026-03-19,2026-03-19,FO,NSE,IDO,72597,,NIFTY,,2026-05-26,2026-05-26,26600.0,CE,NIFTY26MAY26600CE,28.3,37.65,28.3,36.15,36.15,45.25,23002.15,4.2,15080,-520,10,17311518.25,7,F1,65,,,,,
2026-03-19,2026-03-19,FO,NSE,IDO,50556,,NIFTY,,2026-06-30,2026-06-30,18000.0,CE,NIFTY26JUN18000CE,0.0,0.0,0.0,5742.9,5742.9,5742.9,23002.15,5279.4,175,0,0,0.0,0,F1,65,,,,,
2026-03-19,2026-03-19,FO,NSE,IDO,50545,,NIFTY,,2026-06-30,2026-06-30,28000.0,CE,NIFTY26JUN28000CE,27.0,38.85,27.0,36.7,37.3,36.95,23002.15,36.7,1477130,-21690,3486,6352177211.25,2067,F1,65,,,,,
2026-03-19,2026-03-19,FO,NSE,IDO,38154,,NIFTY,,2026-06-30,2026-06-30,29000.0,CE,NIFTY26JUN29000CE,22.6,25.6,20.55,25.0,25.1,23.65,23002.15,25.0,323075,1495,1596,3010877054.25,837,F1,65,,,,,
2026-03-19,2026-03-19,FO,NSE,IDO,65900,,NIFTY,,2026-09-29,2026-09-29,24000.0,CE,NIFTY26SEP24000CE,1277.05,1277.05,1011.55,1039.7,1063.85,1366.7,23002.15,1039.7,238550,41340,1902,3101424465.75,1179,F1,65,,,,,
2026-03-19,2026-03-19,FO,NSE,IDO,38158,,NIFTY,,2026-12-29,2026-12-29,29000.0,CE,NIFTY26DEC29000CE,135.45,137.95,125.0,128.9,128.0,145.45,23002.15,128.9,351890,-5460,589,1115234230.5,314,F1,65,,,,,
2026-03-19,2026-03-19,FO,NSE,IDO,71560,,NIFTY,,2027-06-29,2027-06-29,24000.0,CE,NIFTY27JUN24000CE,0.0,0.0,0.0,2639.95,2639.95,2639.95,23002.15,1691.15,735,0,0,0.0,0,F1,65,,,,,
2026-03-19,2026-03-19,FO,NSE,IDO,53624,,NIFTY,,2027-12-28,2027-12-28,24000.0,CE,NIFTY27DEC24000CE,3139.0,3139.0,3004.95,3040.2,3040.2,3372.25,23002.15,3040.2,4225,910,19,33458473.75,19,F1,65,,,,,
2026-03-19,2026-03-19,FO,NSE,IDO,67776,,NIFTY,,2028-12-26,2028-12-26,21000.0,CE,NIFTY28DEC21000CE,0.0,0.0,0.0,7512.5,0.0,7512.5,23002.15,5276.95,0,0,0,0.0,0,F1,65,,,,,
2026-03-19,2026-03-19,FO,NSE,IDO,55528,,NIFTY,,2028-12-26,2028-12-26,34500.0,CE,NIFTY28DEC34500CE,0.0,0.0,0.0,1432.8,0.0,1432.8,23002.15,356.55,0,0,0,0.0,0,F1,65,,,,,
2026-03-19,2026-03-19,FO,NSE,IDO,61390,,NIFTY,,2029-12-24,2029-12-24,18000.0,CE,NIFTY29DEC18000CE,0.0,0.0,0.0,11362.4,0.0,11362.4,23002.15,8445.8,0,0,0,0.0,0,F1,65,,,,,
2026-03-19,2026-03-19,FO,NSE,IDO,71942,,NIFTY,,2026-05-26,2026-05-26,23150.0,PE,NIFTY26MAY23150PE,690.75,690.75,681.65,685.4,687.3,45.0,23002.15,685.4,260,260,6,9295799.5,6,F1,65,,,,,
2026-03-19,2026-03-19,FO,NSE,IDO,62871,,NIFTY,,2026-03-24,2026-03-24,26800.0,CE,NIFTY2632426800CE,0.9,3.05,0.65,1.05,0.8,0.9,23002.15,1.05,172640,26520,31919,55605685876.0,9852,F1,65,,,,,
2026-03-19,2026-03-19,FO,NSE,IDO,54429,,NIFTY,,2026-03-30,2026-03-30,21250.0,CE,NIFTY26MAR21250CE,1759.55,1909.2,1759.55,1902.75,1909.2,2311.2,23002.15,1902.75,1300,1170,25,37512091.5,11,F1,65,,,,,
2026-03-19,2026-03-19,FO,NSE,IDO,54439,,NIFTY,,2026-03-30,2026-03-30,21500.0,CE,NIFTY26MAR21500CE,1800.0,1811.85,1498.7,1613.65,1654.25,2326.3,23002.15,1613.65,60385,16705,333,500472979.5,229,F1,65,,,,,
2026-03-19,2026-03-19,FO,NSE,IDO,54451,,NIFTY,,2026-03-30,2026-03-30,21800.0,CE,NIFTY26MAR21800CE,1394.25,1394.25,1380.0,1388.55,1380.0,2036.0,23002.15,1388.55,325,260,15,22608810.25,15,F1,65,,,,,
2026-03-19,2026-03-19,FO,NSE,IDO,54457,,NIFTY,,2026-03-30,2026-03-30,21950.0,CE,NIFTY26MAR21950CE,1259.3,1267.3,1259.3,1261.55,1267.3,1795.95,23002.15,1261.55,455,65,4,6035003.0,4,F1,65,,,,,
2026-03-19,2026-03-19,FO,NSE,IDO,54464,,NIFTY,,2026-03-30,2026-03-30,22150.0,CE,NIFTY26MAR22150CE,1078.6,1084.95,1074.75,1080.35,1081.45,1609.9,23002.15,1080.35,1365,455,14,21139605.5,14,F1,65,,,,,
2026-03-19,2026-03-19,FO,NSE,IDO,62924,,NIFTY,,2026-03-30,2026-03-30,24000.0,CE,NIFTY26MAR24000CE,63.25,85.75,47.75,55.65,66.15,191.9,23002.15,55.65,4756365,503375,194995,305009576748.5,105713,F1,65,,,,,
2026-03-19,2026-03-19,FO,NSE,IDO,54614,,NIFTY,,2026-03-30,2026-03-30,25750.0,CE,NIFTY26MAR25750CE,4.6,6.05,4.15,5.2,4.15,5.75,23002.15,5.2,90675,-9230,775,1297415817.75,486,F1,65,,,,,
2026-03-19,2026-03-19,FO,NSE,IDO,54616,,NIFTY,,2026-03-30,2026-03-30,25800.0,CE,NIFTY26MAR25800CE,3.65,5.95,3.6,4.7,5.45,5.6,23002.15,4.7,1278095,-123435,13107,21984546112.75,6713,F1,65,,,,,
2026-03-19,2026-03-19,FO,NSE,IDO,54622,,NIFTY,,2026-03-30,2026-03-30,25950.0,CE,NIFTY26MAR25950CE,5.0,5.6,2.5,4.1,4.0,5.0,23002.15,4.1,69160,-11635,896,1511569842.25,444,F1,65,,,,,
2026-03-19,2026-03-19,FO,NSE,IDO,54642,,NIFTY,,2026-03-30,2026-03-30,26200.0,CE,NIFTY26MAR26200CE,4.35,5.2,2.3,3.45,2.9,3.55,23002.15,3.45,410930,-53430,5224,8897676108.75,2933,F1,65,,,,,
2026-03-19,2026-03-19,FO,NSE,IDO,54732,,NIFTY,,2026-03-30,2026-03-30,27100.0,CE,NIFTY26MAR27100CE,2.1,3.0,2.1,2.6,2.8,2.1,23002.15,2.6,261495,8385,644,1134512060.5,254,F1,65,,,,,
2026-03-19,2026-03-19,FO,NSE,IDO,54752,,NIFTY,,2026-03-30,2026-03-30,27600.0,CE,NIFTY26MAR27600CE,1.65,1.95,1.2,1.5,1.3,1.35,23002.15,1.5,71370,-7930,350,627937596.0,104,F1,65,,,,,
2026-03-19,2026-03-19,FO,NSE,IDO,54822,,NIFTY,,2026-03-30,2026-03-30,27650.0,CE,NIFTY26MAR27650CE,1.3,1.75,1.3,1.75,1.75,1.3,23002.15,1.75,45110,0,9,16176228.25,3,F1,65,,,,,
2026-03-19,2026-03-19,FO,NSE,IDO,54826,,NIFTY,,2026-03-30,2026-03-30,27750.0,CE,NIFTY26MAR27750CE,1.05,1.95,1.05,1.4,1.15,1.55,23002.15,1.4,30615,-1365,146,263361273.5,27,F1,65,,,,,
2026-03-19,2026-03-19,FO,NSE,IDO,54838,,NIFTY,,2026-03-30,2026-03-30,27950.0,CE,NIFTY26MAR27950CE,1.5,1.7,1.15,1.45,1.55,1.2,23002.15,1.45,20410,-6370,178,323398923.25,53,F1,65,,,,,
2026-03-19,2026-03-19,FO,NSE,IDO,62937,,NIFTY,,2026-03-30,2026-03-30,30000.0,CE,NIFTY26MAR30000CE,0.75,1.05,0.6,0.9,0.7,0.95,23002.15,0.9,489740,1235,1812,3533499745.75,1015,F1,65,,,,,
2026-03-19,2026-03-19,FO,NSE,IDO,40644,,NIFTY,,2026-04-07,2026-04-07,21100.0,CE,NIFTY2640721100CE,0.0,0.0,0.0,2362.7,2362.7,2362.7,23002.15,1962.75,65,0,0,0.0,0,F1,65,,,,,
2026-03-19,2026-03-19,FO,NSE,IDO,40726,,NIFTY,,2026-04-07,2026-04-07,22350.0,CE,NIFTY2640722350CE,0.0,0.0,0.0,1183.85,1183.85,1183.85,23002.15,767.75,1105,0,0,0.0,0,F1,65,,,,,
2026-03-19,2026-03-19,FO,NSE,IDO,40778,,NIFTY,,2026-04-07,2026-04-07,23150.0,CE,NIFTY2640723150CE,561.7,561.7,387.45,445.95,458.35,807.05,23002.15,445.95,21515,18590,818,1255636599.75,469,F1,65,,,,,
2026-03-19,2026-03-19,FO,NSE,IDO,40820,,NIFTY,,2026-04-07,2026-04-07,23900.0,CE,NIFTY2640723900CE,178.95,189.7,127.45,147.45,159.25,340.4,23002.15,147.45,158535,71110,3893,6089326759.75,3125,F1,65,,,,,
2026-03-19,2026-03-19,FO,NSE,IDO,62816,,NIFTY,,2026-03-24,2026-03-24,26050.0,CE,NIFTY2632426050CE,1.5,3.0,1.05,1.4,1.25,1.25,23002.15,1.4,59020,4875,12476,21126271663.25,5708,F1,65,,,,,
2026-03-19,2026-03-19,FO,NSE,IDO,62812,,NIFTY,,2026-03-24,2026-03-24,26000.0,CE,NIFTY2632426000CE,1.15,2.95,1.1,1.4,1.25,1.25,23002.15,1.4,2060045,-226720,226769,383262232873.0,37879,F1,65,,,,,
2026-03-19,2026-03-19,FO,NSE,IDO,62802,,NIFTY,,2026-03-24,2026-03-24,25850.0,CE,NIFTY2632425850CE,1.45,3.5,1.2,1.75,1.4,1.4,23002.15,1.75,74750,-91975,76991,129373205279.5,16103,F1,65,,,,,
2026-03-19,2026-03-19,FO,NSE,IDO,62793,,NIFTY,,2026-03-24,2026-03-24,25750.0,CE,NIFTY2632425750CE,1.45,5.1,1.3,1.75,1.55,1.4,23002.15,1.75,135135,-77025,36965,61874750193.75,10719,F1,65,,,,,
2026-03-19,2026-03-19,FO,NSE,IDO,62710,,NIFTY,,2026-03-24,2026-03-24,25000.0,CE,NIFTY2632425000CE,3.5,4.55,2.05,2.6,2.4,4.7,23002.15,2.6,8479315,1649115,678513,1102719773187.5,121911,F1,65,,,,,
2026-03-19,2026-03-19,FO,NSE,IDO,62666,,NIFTY,,2026-03-24,2026-03-24,24500.0,CE,NIFTY2632424500CE,13.0,15.0,6.15,6.9,7.2,19.1,23002.15,6.9,6163495,1775215,722371,1150707482294.5,171035,F1,65,,,,,
2026-03-19,2026-03-19,FO,NSE,IDO,62644,,NIFTY,,2026-03-24,2026-03-24,24200.0,CE,NIFTY2632424200CE,16.4,18.8,10.9,13.4,15.0,54.3,23002.15,13.4,3197545,265395,550785,866869566615.0,183247,F1,65,,,,,
2026-03-19,2026-03-19,FO,NSE,IDO,55606,,NIFTY,,2029-12-24,2029-12-24,28500.0,CE,NIFTY29DEC28500CE,0.0,0.0,0.0,4802.1,0.0,4802.1,23002.15,2276.1,0,0,0,0.0,0,F1,65,,,,,
2026-03-19,2026-03-19,FO,NSE,IDO,60898,,NIFTY,,2030-06-25,2030-06-25,21000.0,CE,NIFTY30JUN21000CE,0.0,0.0,0.0,10421.65,0.0,10421.65,23002.15,6700.05,0,0,0,0.0,0,F1,65,,,,,
2026-03-19,2026-03-19,FO,NSE,IDO,55646,,NIFTY,,2030-06-25,2030-06-25,25500.0,CE,NIFTY30JUN25500CE,0.0,0.0,0.0,7070.45,0.0,7070.45,23002.15,4029.85,0,0,0,0.0,0,F1,65,,,,,
2026-03-19,2026-03-19,FO,NSE,IDO,60944,,NIFTY,,2030-06-25,2030-06-25,33000.0,CE,NIFTY30JUN33000CE,0.0,0.0,0.0,4416.45,0.0,4416.45,23002.15,1397.8,0,0,0,0.0,0,F1,65,,,,,
2026-03-19,2026-03-19,FO,NSE,IDO,55754,,NIFTY,,2030-12-31,2030-12-31,24000.0,CE,NIFTY30DEC24000CE,0.0,0.0,0.0,8563.3,0.0,8563.3,23002.15,5317.2,0,0,0,0.0,0,F1,65,,,,,
2026-03-19,2026-03-19,FO,NSE,IDO,55760,,NIFTY,,2030-12-31,2030-12-31,28500.0,CE,NIFTY30DEC28500CE,0.0,0.0,0.0,5968.3,0.0,5968.3,23002.15,3168.25,0,0,0,0.0,0,F1,65,,,,,
2026-03-19,2026-03-19,FO,NSE,IDO,62333,,NIFTY,,2026-03-24,2026-03-24,21350.0,PE,NIFTY2632421350PE,5.25,20.3,5.25,15.6,14.45,5.5,23002.15,15.6,230945,98085,60446,83928664153.75,31504,F1,65,,,,,
2026-03-19,2026-03-19,FO,NSE,IDO,62366,,NIFTY,,2026-03-24,2026-03-24,21700.0,PE,NIFTY2632421700PE,14.55,32.9,12.75,25.85,24.7,8.1,23002.15,25.85,1128790,407745,187794,265118050746.25,88767,F1,65,,,,,
2026-03-19,2026-03-19,FO,NSE,IDO,62597,,NIFTY,,2026-03-24,2026-03-24,23500.0,PE,NIFTY2632423500PE,301.1,647.0,267.45,548.05,501.7,124.85,23002.15,548.05,1602055,-3185065,388551,603445758158.75,240288,F1,65,,,,,
2026-03-19,2026-03-19,FO,NSE,IDO,62617,,NIFTY,,2026-03-24,2026-03-24,23850.0,PE,NIFTY2632423850PE,480.0,958.1,479.9,849.95,791.4,252.15,23002.15,849.95,254800,-600275,25919,41257741242.25,13757,F1,65,,,,,
2026-03-19,2026-03-19,FO,NSE,IDO,62661,,NIFTY,,2026-03-24,2026-03-24,24350.0,PE,NIFTY2632424350PE,1046.95,1435.65,995.75,1359.7,1268.6,613.8,23002.15,1359.7,74425,47970,4781,7901367188.0,3054,F1,65,,,,,
2026-03-19,2026-03-19,FO,NSE,IDO,62732,,NIFTY,,2026-03-24,2026-03-24,25250.0,PE,NIFTY2632425250PE,2020.0,2076.3,2020.0,2076.3,2076.3,1420.35,23002.15,2228.85,11895,0,12,21277919.0,3,F1,65,,,,,
2026-03-19,2026-03-19,FO,NSE,IDO,62762,,NIFTY,,2026-03-24,2026-03-24,25400.0,PE,NIFTY2632425400PE,2160.0,2476.8,2110.0,2396.55,2316.3,1644.0,23002.15,2396.55,39910,-7085,171,307249891.0,81,F1,65,,,,,
2026-03-19,2026-03-19,FO,NSE,IDO,62794,,NIFTY,,2026-03-24,2026-03-24,25750.0,PE,NIFTY2632425750PE,2580.45,2580.45,2580.45,2580.45,2580.45,2149.0,23002.15,2728.45,1430,0,1,1841479.25,1,F1,65,,,,,
2026-03-19,2026-03-19,FO,NSE,IDO,62807,,NIFTY,,2026-03-24,2026-03-24,25900.0,PE,NIFTY2632425900PE,2677.3,2677.3,2677.3,2677.3,2677.3,2108.25,23002.15,2878.35,7865,-195,3,5572573.5,2,F1,65,,,,,
2026-03-19,2026-03-19,FO,NSE,IDO,62813,,NIFTY,,2026-03-24,2026-03-24,26000.0,PE,NIFTY2632426000PE,2772.2,3040.0,2700.0,3000.35,2921.1,2233.4,23002.15,3000.35,123175,-5200,202,378908422.75,133,F1,65,,,,,
2026-03-19,2026-03-19,FO,NSE,IDO,62375,,NIFTY,,2026-03-24,2026-03-24,21900.0,CE,NIFTY2632421900CE,1340.0,1349.45,1340.0,1349.0,1349.0,1780.0,23002.15,1118.7,195,-130,5,7555427.75,3,F1,65,,,,,
2026-03-19,2026-03-19,FO,NSE,IDO,40970,,NIFTY,,2026-04-07,2026-04-07,26000.0,CE,NIFTY2640726000CE,7.2,9.0,6.05,7.15,7.0,9.0,23002.15,7.15,129675,14040,2434,4114580473.25,1272,F1,65,,,,,
2026-03-19,2026-03-19,FO,NSE,IDO,54610,,NIFTY,,2026-04-13,2026-04-13,21400.0,CE,NIFTY2641321400CE,0.0,0.0,0.0,2998.6,0.0,2998.6,23002.15,1686.4,0,0,0,0.0,0,F1,65,,,,,
2026-03-19,2026-03-19,FO,NSE,IDO,54663,,NIFTY,,2026-04-13,2026-04-13,21800.0,CE,NIFTY2641321800CE,0.0,0.0,0.0,2602.6,0.0,2602.6,23002.15,1299.65,0,0,0,0.0,0,F1,65,,,,,
2026-03-19,2026-03-19,FO,NSE,IDO,62371,,NIFTY,,2026-03-24,2026-03-24,21800.0,CE,NIFTY2632421800CE,1318.0,1318.0,1318.0,1318.0,1318.0,1425.0,23002.15,1218.6,325,-65,1,1502670.0,1,F1,65,,,,,
2026-03-19,2026-03-19,FO,NSE,IDO,62359,,NIFTY,,2026-03-24,2026-03-24,21600.0,CE,NIFTY2632421600CE,1690.0,1690.0,1647.75,1647.75,1647.75,1843.3,23002.15,1418.4,130,0,4,6049907.5,2,F1,65,,,,,
2026-03-19,2026-03-19,FO,NSE,IDO,62330,,NIFTY,,2026-03-24,2026-03-24,21300.0,CE,NIFTY2632421300CE,2010.0,2010.0,2010.0,2010.0,2010.0,2080.8,23002.15,1718.2,65,0,1,1515150.0,1,F1,65,,,,,
2026-03-19,2026-03-19,FO,NSE,IDO,62861,,NIFTY,,2026-03-24,2026-03-24,26550.0,PE,NIFTY2632426550PE,0.0,0.0,0.0,3108.95,3108.95,3108.95,23002.15,3527.85,195,0,0,0.0,0,F1,65,,,,,
2026-03-19,2026-03-19,FO,NSE,IDO,62943,,NIFTY,,2026-03-24,2026-03-24,27250.0,PE,NIFTY2632427250PE,0.0,0.0,0.0,3772.9,3772.9,3772.9,23002.15,4227.35,130,0,0,0.0,0,F1,65,,,,,
2026-03-19,2026-03-19,FO,NSE,IDO,54489,,NIFTY,,2026-03-30,2026-03-30,22750.0,PE,NIFTY26MAR22750PE,160.0,309.85,152.05,261.25,244.0,81.3,23002.15,261.25,123565,-41925,13053,19490994955.25,9217,F1,65,,,,,
2026-03-19,2026-03-19,FO,NSE,IDO,54491,,NIFTY,,2026-03-30,2026-03-30,22800.0,PE,NIFTY26MAR22800PE,159.75,328.2,159.75,277.85,257.0,85.6,23002.15,277.85,926575,-514865,86844,129938603684.5,57390,F1,65,,,,,
2026-03-19,2026-03-19,FO,NSE,IDO,54499,,NIFTY,,2026-03-30,2026-03-30,23050.0,PE,NIFTY26MAR23050PE,208.4,439.95,208.4,367.95,347.25,118.15,23002.15,367.95,188370,28990,19735,29964721917.0,15104,F1,65,,,,,
2026-03-19,2026-03-19,FO,NSE,IDO,54547,,NIFTY,,2026-03-30,2026-03-30,24250.0,PE,NIFTY26MAR24250PE,988.8,1311.75,943.1,1239.1,1169.4,571.7,23002.15,1239.1,59345,-2340,90,148389091.5,87,F1,65,,,,,
2026-03-19,2026-03-19,FO,NSE,IDO,54551,,NIFTY,,2026-03-30,2026-03-30,24350.0,PE,NIFTY26MAR24350PE,999.45,1395.5,997.8,1306.9,1260.0,636.95,23002.15,1306.9,30745,-2340,110,182422789.25,106,F1,65,,,,,
2026-03-19,2026-03-19,FO,NSE,IDO,54583,,NIFTY,,2026-03-30,2026-03-30,25200.0,PE,NIFTY26MAR25200PE,1834.8,2230.0,1834.8,2157.85,2079.6,1432.45,23002.15,2157.85,938080,-8905,336,594494169.75,264,F1,65,,,,,
2026-03-19,2026-03-19,FO,NSE,IDO,54613,,NIFTY,,2026-03-30,2026-03-30,25700.0,PE,NIFTY26MAR25700PE,2323.0,2751.05,2323.0,2683.65,2567.4,1925.5,23002.15,2683.65,672165,-9425,329,605083518.0,246,F1,65,,,,,
2026-03-19,2026-03-19,FO,NSE,IDO,54668,,NIFTY,,2026-03-30,2026-03-30,26400.0,PE,NIFTY26MAR26400PE,3120.0,3320.0,3110.3,3284.0,3284.0,2596.4,23002.15,3284.0,110890,-390,7,13479488.75,7,F1,65,,,,,
2026-03-19,2026-03-19,FO,NSE,IDO,54749,,NIFTY,,2026-03-30,2026-03-30,27500.0,PE,NIFTY26MAR27500PE,4184.95,4535.0,4156.85,4421.3,4356.05,3684.85,23002.15,4421.3,384085,-9685,257,531975798.25,223,F1,65,,,,,
2026-03-19,2026-03-19,FO,NSE,IDO,54823,,NIFTY,,2026-03-30,2026-03-30,27650.0,PE,NIFTY26MAR27650PE,0.0,0.0,0.0,3950.0,3950.0,3950.0,23002.15,4602.05,585,0,0,0.0,0,F1,65,,,,,
2026-03-19,2026-03-19,FO,NSE,IDO,54827,,NIFTY,,2026-03-30,2026-03-30,27750.0,PE,NIFTY26MAR27750PE,0.0,0.0,0.0,3796.8,3801.55,3796.8,23002.15,4701.9,390,0,0,0.0,0,F1,65,,,,,
2026-03-19,2026-03-19,FO,NSE,IDO,40681,,NIFTY,,2026-04-07,2026-04-07,21550.0,PE,NIFTY2640721550PE,0.0,0.0,0.0,0.1,0.0,0.1,23002.15,2.75,0,0,0,0.0,0,F1,65,,,,,
2026-03-19,2026-03-19,FO,NSE,IDO,40708,,NIFTY,,2026-04-07,2026-04-07,22150.0,PE,NIFTY2640722150PE,0.0,0.0,0.0,0.95,0.0,0.95,23002.15,27.95,0,0,0,0.0,0,F1,65,,,,,
2026-03-19,2026-03-19,FO,NSE,IDO,40799,,NIFTY,,2026-04-07,2026-04-07,23550.0,PE,NIFTY2640723550PE,529.85,786.1,492.6,694.3,664.6,294.2,23002.15,694.3,11960,-2405,554,869824260.5,435,F1,65,,,,,
2026-03-19,2026-03-19,FO,NSE,IDO,40803,,NIFTY,,2026-04-07,2026-04-07,23650.0,PE,NIFTY2640723650PE,495.75,854.45,495.7,775.05,722.45,323.25,23002.15,775.05,14170,-2600,466,735127012.75,340,F1,65,,,,,
2026-03-19,2026-03-19,FO,NSE,IDO,40841,,NIFTY,,2026-04-07,2026-04-07,24200.0,PE,NIFTY2640724200PE,900.0,1285.05,900.0,1202.9,1146.2,574.85,23002.15,1202.9,568620,-26715,1270,2082268825.0,978,F1,65,,,,,
2026-03-19,2026-03-19,FO,NSE,IDO,40875,,NIFTY,,2026-04-07,2026-04-07,24650.0,PE,NIFTY2640724650PE,1546.35,1546.35,1519.15,1524.4,1519.7,883.8,23002.15,1524.4,1636050,-130,16,27222789.75,16,F1,65,,,,,
2026-03-19,2026-03-19,FO,NSE,IDO,40879,,NIFTY,,2026-04-07,2026-04-07,24750.0,PE,NIFTY2640724750PE,1411.1,1411.1,1400.5,1400.5,1400.5,970.0,23002.15,1679.45,582920,-65,2,3400254.0,2,F1,65,,,,,
2026-03-19,2026-03-19,FO,NSE,IDO,40913,,NIFTY,,2026-04-07,2026-04-07,25250.0,PE,NIFTY2640725250PE,0.0,0.0,0.0,2019.4,2024.65,2019.4,23002.15,2175.95,65,0,0,0.0,0,F1,65,,,,,
2026-03-19,2026-03-19,FO,NSE,IDO,40925,,NIFTY,,2026-04-07,2026-04-07,25400.0,PE,NIFTY2640725400PE,0.0,0.0,0.0,1950.0,1950.0,1950.0,23002.15,2325.35,195,0,0,0.0,0,F1,65,,,,,
2026-03-19,2026-03-19,FO,NSE,IDO,54605,,NIFTY,,2026-04-13,2026-04-13,21250.0,PE,NIFTY2641321250PE,0.0,0.0,0.0,0.3,0.0,0.3,23002.15,2.05,0,0,0,0.0,0,F1,65,,,,,
2026-03-19,2026-03-19,FO,NSE,IDO,54675,,NIFTY,,2026-04-13,2026-04-13,21850.0,PE,NIFTY2641321850PE,0.0,0.0,0.0,2.3,0.0,2.3,23002.15,18.2,0,0,0,0.0,0,F1,65,,,,,
2026-03-19,2026-03-19,FO,NSE,IDO,54686,,NIFTY,,2026-04-13,2026-04-13,22100.0,PE,NIFTY2641322100PE,0.0,0.0,0.0,4.85,0.0,4.85,23002.15,38.05,0,0,0,0.0,0,F1,65,,,,,
2026-03-19,2026-03-19,FO,NSE,IDO,54758,,NIFTY,,2026-04-13,2026-04-13,22800.0,PE,NIFTY2641322800PE,0.0,0.0,0.0,29.35,0.0,29.35,23002.15,192.05,0,0,0,0.0,0,F1,65,,,,,
2026-03-19,2026-03-19,FO,NSE,IDO,54762,,NIFTY,,2026-04-13,2026-04-13,22900.0,PE,NIFTY2641322900PE,0.0,0.0,0.0,36.65,0.0,36.65,23002.15,230.75,0,0,0,0.0,0,F1,65,,,,,
2026-03-19,2026-03-19,FO,NSE,IDO,54815,,NIFTY,,2026-04-13,2026-04-13,24000.0,PE,NIFTY2641324000PE,800.0,1120.0,786.0,1049.55,990.0,520.65,23002.15,1049.55,5525,-1105,203,328381742.0,191,F1,65,,,,,
2026-03-19,2026-03-19,FO,NSE,IDO,54893,,NIFTY,,2026-04-13,2026-04-13,25000.0,PE,NIFTY2641325000PE,0.0,0.0,0.0,788.9,0.0,788.9,23002.15,1906.9,0,0,0,0.0,0,F1,65,,,,,
2026-03-19,2026-03-19,FO,NSE,IDO,54973,,NIFTY,,2026-04-13,2026-04-13,25600.0,PE,NIFTY2641325600PE,0.0,0.0,0.0,1259.5,0.0,1259.5,23002.15,2501.95,0,0,0,0.0,0,F1,65,,,,,
2026-03-19,2026-03-19,FO,NSE,IDO,63196,,NIFTY,,2026-04-21,2026-04-21,21050.0,PE,NIFTY2642121050PE,0.0,0.0,0.0,1.75,0.0,1.75,23002.15,2.7,0,0,0,0.0,0,F1,65,,,,,
2026-03-19,2026-03-19,FO,NSE,IDO,63285,,NIFTY,,2026-04-21,2026-04-21,21450.0,PE,NIFTY2642121450PE,0.0,0.0,0.0,5.75,0.0,5.75,23002.15,10.15,0,0,0,0.0,0,F1,65,,,,,
2026-03-19,2026-03-19,FO,NSE,IDO,63298,,NIFTY,,2026-04-21,2026-04-21,21600.0,PE,NIFTY2642121600PE,0.0,0.0,0.0,8.65,0.0,8.65,23002.15,15.8,0,0,0,0.0,0,F1,65,,,,,
2026-03-19,2026-03-19,FO,NSE,IDO,63381,,NIFTY,,2026-04-21,2026-04-21,23100.0,PE,NIFTY2642123100PE,0.0,0.0,0.0,189.05,0.0,189.05,23002.15,356.05,0,0,0,0.0,0,F1,65,,,,,
2026-03-19,2026-03-19,FO,NSE,IDO,63403,,NIFTY,,2026-04-21,2026-04-21,23650.0,PE,NIFTY2642123650PE,0.0,0.0,0.0,396.8,0.0,396.8,23002.15,693.1,0,0,0,0.0,0,F1,65,,,,,
2026-03-19,2026-03-19,FO,NSE,IDO,63415,,NIFTY,,2026-04-21,2026-04-21,23950.0,PE,NIFTY2642123950PE,0.0,0.0,0.0,554.8,0.0,554.8,23002.15,923.95,0,0,0,0.0,0,F1,65,,,,,
2026-03-19,2026-03-19,FO,NSE,IDO,63469,,NIFTY,,2026-04-21,2026-04-21,24700.0,PE,NIFTY2642124700PE,0.0,0.0,0.0,1078.45,0.0,1078.45,23002.15,1594.0,0,0,0,0.0,0,F1,65,,,,,
2026-03-19,2026-03-19,FO,NSE,IDO,63513,,NIFTY,,2026-04-21,2026-04-21,25550.0,PE,NIFTY2642125550PE,0.0,0.0,0.0,1826.4,0.0,1826.4,23002.15,2422.95,0,0,0,0.0,0,F1,65,,,,,
2026-03-19,2026-03-19,FO,NSE,IDO,71914,,NIFTY,,2026-04-28,2026-04-28,21250.0,PE,NIFTY26APR21250PE,0.0,0.0,0.0,1.7,0.0,1.7,23002.15,9.35,0,0,0,0.0,0,F1,65,,,,,
2026-03-19,2026-03-19,FO,NSE,IDO,71948,,NIFTY,,2026-04-28,2026-04-28,21950.0,PE,NIFTY26APR21950PE,0.0,0.0,0.0,7.3,0.0,7.3,23002.15,54.0,0,0,0,0.0,0,F1,65,,,,,
2026-03-19,2026-03-19,FO,NSE,IDO,72202,,NIFTY,,2026-04-28,2026-04-28,22850.0,PE,NIFTY26APR22850PE,0.0,0.0,0.0,34.65,0.0,34.65,23002.15,270.65,0,0,0,0.0,0,F1,65,,,,,
2026-03-19,2026-03-19,FO,NSE,IDO,72204,,NIFTY,,2026-04-28,2026-04-28,22900.0,PE,NIFTY26APR22900PE,0.0,0.0,0.0,37.4,0.0,37.4,23002.15,290.75,0,0,0,0.0,0,F1,65,,,,,
2026-03-19,2026-03-19,FO,NSE,IDO,72217,,NIFTY,,2026-04-28,2026-04-28,23200.0,PE,NIFTY26APR23200PE,485.9,731.65,483.85,666.25,633.65,343.05,23002.15,666.25,217035,1235,7057,10914828908.75,5276,F1,65,,,,,
2026-03-19,2026-03-19,FO,NSE,IDO,72227,,NIFTY,,2026-04-28,2026-04-28,23450.0,PE,NIFTY26APR23450PE,494.2,853.2,494.2,797.35,740.2,408.1,23002.15,797.35,194675,178880,3500,5483842760.5,741,F1,65,,,,,
2026-03-19,2026-03-19,FO,NSE,IDO,72245,,NIFTY,,2026-04-28,2026-04-28,23550.0,PE,NIFTY26APR23550PE,425.7,898.05,425.7,848.45,885.95,436.6,23002.15,848.45,17745,65,657,1035441169.75,592,F1,65,,,,,
2026-03-19,2026-03-19,FO,NSE,IDO,72353,,NIFTY,,2026-04-28,2026-04-28,25050.0,PE,NIFTY26APR25050PE,1615.0,1951.55,1600.0,1948.95,1948.95,1194.55,23002.15,1948.95,2860,-520,11,19157017.75,10,F1,65,,,,,
2026-03-19,2026-03-19,FO,NSE,IDO,72458,,NIFTY,,2026-04-28,2026-04-28,26050.0,PE,NIFTY26APR26050PE,0.0,0.0,0.0,2136.8,2133.5,2136.8,23002.15,2892.4,2015,0,0,0.0,0,F1,65,,,,,
2026-03-19,2026-03-19,FO,NSE,IDO,72484,,NIFTY,,2026-04-28,2026-04-28,26200.0,PE,NIFTY26APR26200PE,2722.0,3060.15,2722.0,2958.15,2950.8,2288.3,23002.15,2958.15,23010,-2730,83,157187923.75,82,F1,65,,,,,
2026-03-19,2026-03-19,FO,NSE,IDO,72664,,NIFTY,,2026-04-28,2026-04-28,26600.0,PE,NIFTY26APR26600PE,3307.15,3307.15,3304.85,3305.95,3304.85,3055.0,23002.15,3305.95,7085,-520,8,15551077.75,8,F1,65,,,,,
2026-03-19,2026-03-19,FO,NSE,IDO,72724,,NIFTY,,2026-04-28,2026-04-28,26950.0,PE,NIFTY26APR26950PE,0.0,0.0,0.0,2814.4,2814.4,2814.4,23002.15,3785.95,325,0,0,0.0,0,F1,65,,,,,
2026-03-19,2026-03-19,FO,NSE,IDO,71736,,NIFTY,,2026-05-26,2026-05-26,21000.0,PE,NIFTY26MAY21000PE,175.0,246.05,151.3,231.7,221.0,113.5,23002.15,231.7,59215,44395,2613,3601617821.75,1427,F1,65,,,,,
2026-03-19,2026-03-19,FO,NSE,IDO,71787,,NIFTY,,2026-05-26,2026-05-26,21850.0,PE,NIFTY26MAY21850PE,0.0,0.0,0.0,5.15,0.0,5.15,23002.15,90.6,0,0,0,0.0,0,F1,65,,,,,
2026-03-19,2026-03-19,FO,NSE,IDO,71821,,NIFTY,,2026-05-26,2026-05-26,22200.0,PE,NIFTY26MAY22200PE,0.0,0.0,0.0,9.85,0.0,9.85,23002.15,153.5,0,0,0,0.0,0,F1,65,,,,,
2026-03-19,2026-03-19,FO,NSE,IDO,71878,,NIFTY,,2026-05-26,2026-05-26,22650.0,PE,NIFTY26MAY22650PE,0.0,0.0,0.0,21.1,0.0,21.1,23002.15,276.55,0,0,0,0.0,0,F1,65,,,,,
2026-03-19,2026-03-19,FO,NSE,IDO,54757,,NIFTY,,2026-04-13,2026-04-13,22800.0,CE,NIFTY2641322800CE,0.0,0.0,0.0,1636.4,0.0,1636.4,23002.15,479.9,0,0,0,0.0,0,F1,65,,,,,
2026-03-19,2026-03-19,FO,NSE,IDO,71978,,NIFTY,,2026-05-26,2026-05-26,23200.0,PE,NIFTY26MAY23200PE,595.0,787.45,556.35,725.7,702.2,410.55,23002.15,725.7,13260,3640,425,658683961.0,334,F1,65,,,,,
2026-03-19,2026-03-19,FO,NSE,IDO,72186,,NIFTY,,2026-05-26,2026-05-26,24150.0,PE,NIFTY26MAY24150PE,1013.8,1013.8,1002.3,1002.3,1002.3,709.25,23002.15,1101.1,1235,-65,4,6540992.25,4,F1,65,,,,,
2026-03-19,2026-03-19,FO,NSE,IDO,72247,,NIFTY,,2026-05-26,2026-05-26,24400.0,PE,NIFTY26MAY24400PE,1164.6,1218.55,1110.4,1218.5,1218.5,831.6,23002.15,1295.6,12480,260,34,56449201.25,25,F1,65,,,,,
2026-03-19,2026-03-19,FO,NSE,IDO,72351,,NIFTY,,2026-05-26,2026-05-26,25550.0,PE,NIFTY26MAY25550PE,0.0,0.0,0.0,1557.55,1557.55,1557.55,23002.15,2314.9,260,0,0,0.0,0,F1,65,,,,,
2026-03-19,2026-03-19,FO,NSE,IDO,72578,,NIFTY,,2026-05-26,2026-05-26,26450.0,PE,NIFTY26MAY26450PE,0.0,0.0,0.0,2706.35,2706.35,2706.35,23002.15,3183.8,260,0,0,0.0,0,F1,65,,,,,
2026-03-19,2026-03-19,FO,NSE,IDO,72620,,NIFTY,,2026-05-26,2026-05-26,27000.0,PE,NIFTY26MAY27000PE,3500.0,3534.7,3483.55,3506.0,3506.0,2915.0,23002.15,3506.0,7540,195,7,13879017.75,6,F1,65,,,,,
2026-03-19,2026-03-19,FO,NSE,IDO,72630,,NIFTY,,2026-05-26,2026-05-26,27250.0,PE,NIFTY26MAY27250PE,0.0,0.0,0.0,3698.8,3698.8,3698.8,23002.15,3971.15,65,0,0,0.0,0,F1,65,,,,,
2026-03-19,2026-03-19,FO,NSE,IDO,38380,,NIFTY,,2026-06-30,2026-06-30,20000.0,PE,NIFTY26JUN20000PE,120.0,175.0,120.0,166.1,162.0,97.1,23002.15,166.1,1355905,98860,8062,10558078973.0,3766,F1,65,,,,,
2026-03-19,2026-03-19,FO,NSE,IDO,37805,,NIFTY,,2026-06-30,2026-06-30,23000.0,PE,NIFTY26JUN23000PE,599.9,771.55,545.3,724.6,694.45,426.4,23002.15,724.6,1392550,4855,9225,14179787456.25,6317,F1,65,,,,,
2026-03-19,2026-03-19,FO,NSE,IDO,38157,,NIFTY,,2026-06-30,2026-06-30,29000.0,PE,NIFTY26JUN29000PE,5229.95,5435.75,5160.0,5341.9,5317.7,4634.45,23002.15,5341.9,81600,13115,362,806879508.5,277,F1,65,,,,,
2026-03-19,2026-03-19,FO,NSE,IDO,55285,,NIFTY,,2026-09-29,2026-09-29,22500.0,PE,NIFTY26SEP22500PE,451.9,696.2,450.65,664.25,641.35,432.55,23002.15,664.25,285675,102375,3962,5945359637.75,2001,F1,65,,,,,
2026-03-19,2026-03-19,FO,NSE,IDO,65903,,NIFTY,,2026-09-29,2026-09-29,25000.0,PE,NIFTY26SEP25000PE,1324.85,1767.8,1324.85,1704.95,1642.55,1192.0,23002.15,1704.95,293145,-13665,638,1103563071.0,440,F1,65,,,,,
2026-03-19,2026-03-19,FO,NSE,IDO,55291,,NIFTY,,2026-09-29,2026-09-29,31500.0,PE,NIFTY26SEP31500PE,0.0,0.0,0.0,4341.2,0.0,4341.2,23002.15,7591.45,0,0,0,0.0,0,F1,65,,,,,
2026-03-19,2026-03-19,FO,NSE,IDO,55323,,NIFTY,,2026-12-29,2026-12-29,16500.0,PE,NIFTY26DEC16500PE,0.0,0.0,0.0,0.1,0.0,0.1,23002.15,0.4,0,0,0,0.0,0,F1,65,,,,,
2026-03-19,2026-03-19,FO,NSE,IDO,62642,,NIFTY,,2026-03-24,2026-03-24,24150.0,CE,NIFTY2632424150CE,16.25,20.4,12.0,15.15,17.9,65.15,23002.15,15.15,1132365,267800,206336,324104673672.0,101166,F1,65,,,,,
2026-03-19,2026-03-19,FO,NSE,IDO,62578,,NIFTY,,2026-03-24,2026-03-24,23150.0,CE,NIFTY2632423150CE,360.7,376.8,155.2,201.3,240.05,666.05,23002.15,201.3,669175,588250,420066,638619861860.5,306247,F1,65,,,,,
2026-03-19,2026-03-19,FO,NSE,IDO,62566,,NIFTY,,2026-03-24,2026-03-24,22900.0,CE,NIFTY2632422900CE,535.4,570.8,274.2,323.15,385.55,891.55,23002.15,323.15,363090,321425,90642,137011167328.75,63633,F1,65,,,,,
2026-03-19,2026-03-19,FO,NSE,IDO,62562,,NIFTY,,2026-03-24,2026-03-24,22800.0,CE,NIFTY2632422800CE,620.6,657.1,333.6,392.8,455.6,1002.55,23002.15,392.8,253565,202020,40819,61645616522.75,27176,F1,65,,,,,
2026-03-19,2026-03-19,FO,NSE,IDO,58641,,NIFTY,,2026-12-29,2026-12-29,18000.0,PE,NIFTY26DEC18000PE,0.0,0.0,0.0,51.5,51.5,51.5,23002.15,5.15,11605,0,0,0.0,0,F1,65,,,,,
2026-03-19,2026-03-19,FO,NSE,IDO,55325,,NIFTY,,2026-12-29,2026-12-29,19500.0,PE,NIFTY26DEC19500PE,0.0,0.0,0.0,72.6,58.0,72.6,23002.15,36.05,130,0,0,0.0,0,F1,65,,,,,
2026-03-19,2026-03-19,FO,NSE,IDO,55327,,NIFTY,,2026-12-29,2026-12-29,22500.0,PE,NIFTY26DEC22500PE,625.25,755.95,607.1,719.95,696.95,494.95,23002.15,719.95,214305,2145,662,997016124.0,449,F1,65,,,,,
2026-03-19,2026-03-19,FO,NSE,IDO,35237,,NIFTY,,2026-12-29,2026-12-29,30000.0,PE,NIFTY26DEC30000PE,5250.0,5513.9,5200.0,5401.8,5373.0,4690.0,23002.15,5401.8,214945,-780,99,227440414.5,72,F1,65,,,,,
2026-03-19,2026-03-19,FO,NSE,IDO,55333,,NIFTY,,2026-12-29,2026-12-29,31500.0,PE,NIFTY26DEC31500PE,0.0,0.0,0.0,4059.3,0.0,4059.3,23002.15,7184.15,0,0,0,0.0,0,F1,65,,,,,
2026-03-19,2026-03-19,FO,NSE,IDO,71541,,NIFTY,,2027-06-29,2027-06-29,15000.0,PE,NIFTY27JUN15000PE,0.0,0.0,0.0,1173.2,0.0,1173.2,23002.15,0.3,0,0,0,0.0,0,F1,65,,,,,
2026-03-19,2026-03-19,FO,NSE,IDO,71548,,NIFTY,,2027-06-29,2027-06-29,18000.0,PE,NIFTY27JUN18000PE,0.0,0.0,0.0,93.95,93.95,93.95,23002.15,18.35,100,0,0,0.0,0,F1,65,,,,,
2026-03-19,2026-03-19,FO,NSE,IDO,47195,,NIFTY,,2027-12-28,2027-12-28,33000.0,PE,NIFTY27DEC33000PE,0.0,0.0,0.0,4155.55,0.0,4155.55,23002.15,7060.45,0,0,0,0.0,0,F1,65,,,,,
2026-03-19,2026-03-19,FO,NSE,IDO,86134,,NIFTY,,2028-06-27,2028-06-27,15000.0,PE,NIFTY28JUN15000PE,0.0,0.0,0.0,127.2,0.0,127.2,23002.15,2.9,0,0,0,0.0,0,F1,65,,,,,
2026-03-19,2026-03-19,FO,NSE,IDO,55471,,NIFTY,,2028-06-27,2028-06-27,19500.0,PE,NIFTY28JUN19500PE,0.0,0.0,0.0,40.05,0.0,40.05,23002.15,127.7,0,0,0,0.0,0,F1,65,,,,,
2026-03-19,2026-03-19,FO,NSE,IDO,67781,,NIFTY,,2028-12-26,2028-12-26,23000.0,PE,NIFTY28DEC23000PE,0.0,0.0,0.0,362.05,362.05,362.05,23002.15,674.75,375,0,0,0.0,0,F1,65,,,,,
2026-03-19,2026-03-19,FO,NSE,IDO,89637,,NIFTY,,2029-06-26,2029-06-26,27000.0,PE,NIFTY29JUN27000PE,0.0,0.0,0.0,1252.35,0.0,1252.35,23002.15,1948.65,0,0,0,0.0,0,F1,65,,,,,
2026-03-19,2026-03-19,FO,NSE,IDO,61795,,NIFTY,,2029-12-24,2029-12-24,27000.0,PE,NIFTY29DEC27000PE,0.0,0.0,0.0,1177.9,0.0,1177.9,23002.15,1802.75,0,0,0,0.0,0,F1,65,,,,,
2026-03-19,2026-03-19,FO,NSE,IDO,60899,,NIFTY,,2030-06-25,2030-06-25,21000.0,PE,NIFTY30JUN21000PE,0.0,0.0,0.0,220.0,220.0,220.0,23002.15,301.25,65,0,0,0.0,0,F1,65,,,,,
2026-03-19,2026-03-19,FO,NSE,IDO,60945,,NIFTY,,2030-06-25,2030-06-25,33000.0,PE,NIFTY30JUN33000PE,0.0,0.0,0.0,3143.9,0.0,3143.9,23002.15,4486.65,0,0,0,0.0,0,F1,65,,,,,
2026-03-19,2026-03-19,FO,NSE,IDO,54771,,NIFTY,,2026-04-13,2026-04-13,23150.0,CE,NIFTY2641323150CE,595.65,605.4,480.4,549.5,549.5,1320.85,23002.15,549.5,910,910,15,23137218.0,7,F1,65,,,,,
2026-03-19,2026-03-19,FO,NSE,IDO,54779,,NIFTY,,2026-04-13,2026-04-13,23350.0,CE,NIFTY2641323350CE,484.2,484.2,484.2,484.2,484.2,1150.65,23002.15,205.75,260,260,4,6196892.0,1,F1,65,,,,,
2026-03-19,2026-03-19,FO,NSE,IDO,72419,,NIFTY,,2026-04-28,2026-04-28,25550.0,CE,NIFTY26APR25550CE,44.15,44.55,35.0,41.4,43.3,57.9,23002.15,41.4,16445,1170,149,247840060.0,77,F1,65,,,,,
2026-03-19,2026-03-19,FO,NSE,IDO,72354,,NIFTY,,2026-04-28,2026-04-28,25100.0,CE,NIFTY26APR25100CE,73.7,79.85,65.25,71.85,77.55,114.85,23002.15,71.85,70655,-1885,2501,4092110743.5,1857,F1,65,,,,,
2026-03-19,2026-03-19,FO,NSE,IDO,72279,,NIFTY,,2026-04-28,2026-04-28,24300.0,CE,NIFTY26APR24300CE,231.05,253.6,191.15,206.8,223.85,364.55,23002.15,206.8,134680,15145,4047,6451116636.25,2924,F1,65,,,,,
2026-03-19,2026-03-19,FO,NSE,IDO,72207,,NIFTY,,2026-04-28,2026-04-28,23000.0,CE,NIFTY26APR23000CE,929.0,1000.95,732.0,785.35,825.0,1206.75,23002.15,785.35,553280,252720,13607,21081651077.5,10682,F1,65,,,,,
2026-03-19,2026-03-19,FO,NSE,IDO,72199,,NIFTY,,2026-04-28,2026-04-28,22800.0,CE,NIFTY26APR22800CE,1030.3,1054.05,850.0,892.35,952.0,1360.0,23002.15,892.35,37570,30160,852,1313168067.25,599,F1,65,,,,,
2026-03-19,2026-03-19,FO,NSE,IDO,72065,,NIFTY,,2026-04-28,2026-04-28,22500.0,CE,NIFTY26APR22500CE,1299.05,1310.85,1045.7,1118.85,1155.0,1613.7,23002.15,1118.85,150475,11375,1826,2811878871.75,1304,F1,65,,,,,
2026-03-19,2026-03-19,FO,NSE,IDO,63447,,NIFTY,,2026-04-21,2026-04-21,24500.0,CE,NIFTY2642124500CE,80.0,139.8,80.0,120.9,130.95,222.75,23002.15,120.9,1755,455,86,137639349.25,76,F1,65,,,,,
2026-03-19,2026-03-19,FO,NSE,IDO,63434,,NIFTY,,2026-04-21,2026-04-21,24350.0,CE,NIFTY2642124350CE,0.0,0.0,0.0,207.65,0.0,207.65,23002.15,41.95,0,0,0,0.0,0,F1,65,,,,,
2026-03-19,2026-03-19,FO,NSE,IDO,63410,,NIFTY,,2026-04-21,2026-04-21,23850.0,CE,NIFTY2642123850CE,0.0,0.0,0.0,389.75,0.0,389.75,23002.15,114.35,0,0,0,0.0,0,F1,65,,,,,
2026-03-19,2026-03-19,FO,NSE,IDO,63396,,NIFTY,,2026-04-21,2026-04-21,23500.0,CE,NIFTY2642123500CE,525.8,529.95,399.95,441.65,464.05,745.05,23002.15,441.65,13585,10075,754,1175844263.75,704,F1,65,,,,,
2026-03-19,2026-03-19,FO,NSE,IDO,63303,,NIFTY,,2026-04-21,2026-04-21,21700.0,CE,NIFTY2642121700CE,0.0,0.0,0.0,2038.0,0.0,2038.0,23002.15,1430.75,0,0,0,0.0,0,F1,65,,,,,
2026-03-19,2026-03-19,FO,NSE,IDO,63277,,NIFTY,,2026-04-21,2026-04-21,21350.0,CE,NIFTY2642121350CE,0.0,0.0,0.0,2378.7,0.0,2378.7,23002.15,1765.5,0,0,0,0.0,0,F1,65,,,,,
2026-03-19,2026-03-19,FO,NSE,IDO,54984,,NIFTY,,2026-04-13,2026-04-13,25900.0,CE,NIFTY2641325900CE,23.15,23.15,14.35,16.9,15.95,21.5,23002.15,16.9,2535,65,64,107817014.5,42,F1,65,,,,,
2026-03-19,2026-03-19,FO,NSE,IDO,54970,,NIFTY,,2026-04-13,2026-04-13,25550.0,CE,NIFTY2641325550CE,16.45,17.5,15.95,17.5,17.5,28.25,23002.15,17.5,260,-260,7,11632838.75,4,F1,65,,,,,
2026-03-19,2026-03-19,FO,NSE,IDO,54968,,NIFTY,,2026-04-13,2026-04-13,25500.0,CE,NIFTY2641325500CE,26.0,26.15,14.1,20.7,22.75,28.4,23002.15,20.7,28535,11505,721,1195957782.5,467,F1,65,,,,,
2026-03-19,2026-03-19,FO,NSE,IDO,54912,,NIFTY,,2026-04-13,2026-04-13,25300.0,CE,NIFTY2641325300CE,25.9,34.8,23.75,27.8,27.55,37.25,23002.15,27.8,3770,845,48,79015829.75,16,F1,65,,,,,
2026-03-19,2026-03-19,FO,NSE,IDO,54902,,NIFTY,,2026-04-13,2026-04-13,25050.0,CE,NIFTY2641325050CE,36.85,48.0,33.6,36.0,36.25,55.4,23002.15,36.0,1820,1365,42,68483119.25,30,F1,65,,,,,
2026-03-19,2026-03-19,FO,NSE,IDO,54868,,NIFTY,,2026-04-13,2026-04-13,24400.0,CE,NIFTY2641324400CE,108.9,108.9,85.6,95.85,103.6,193.65,23002.15,95.85,7735,4810,228,363068026.75,168,F1,65,,,,,
2026-03-19,2026-03-19,FO,NSE,IDO,54755,,NIFTY,,2026-04-13,2026-04-13,22750.0,CE,NIFTY2641322750CE,0.0,0.0,0.0,1682.9,0.0,1682.9,23002.15,512.15,0,0,0,0.0,0,F1,65,,,,,
2026-03-19,2026-03-19,FO,NSE,IDO,54697,,NIFTY,,2026-04-13,2026-04-13,22400.0,CE,NIFTY2641322400CE,0.0,0.0,0.0,2015.6,0.0,2015.6,23002.15,768.55,0,0,0,0.0,0,F1,65,,,,,
2026-03-19,2026-03-19,FO,NSE,IDO,54685,,NIFTY,,2026-04-13,2026-04-13,22100.0,CE,NIFTY2641322100CE,0.0,0.0,0.0,2307.45,0.0,2307.45,23002.15,1023.3,0,0,0,0.0,0,F1,65,,,,,
2026-03-19,2026-03-19,FO,NSE,IDO,40994,,NIFTY,,2026-04-07,2026-04-07,26500.0,CE,NIFTY2640726500CE,6.0,6.0,3.8,4.35,3.8,5.95,23002.15,4.35,39455,-845,437,752863949.5,198,F1,65,,,,,
2026-03-19,2026-03-19,FO,NSE,IDO,40946,,NIFTY,,2026-04-07,2026-04-07,25600.0,CE,NIFTY2640725600CE,13.9,14.95,10.15,12.3,12.5,15.7,23002.15,12.3,22880,390,454,755803369.75,265,F1,65,,,,,
2026-03-19,2026-03-19,FO,NSE,IDO,72734,,NIFTY,,2026-04-28,2026-04-28,27150.0,PE,NIFTY26APR27150PE,0.0,0.0,0.0,1449.35,1454.85,1449.35,23002.15,3984.75,390,0,0,0.0,0,F1,65,,,,,
2026-03-19,2026-03-19,FO,NSE,IDO,72755,,NIFTY,,2026-04-28,2026-04-28,27450.0,PE,NIFTY26APR27450PE,0.0,0.0,0.0,3304.75,3304.75,3304.75,23002.15,4282.9,65,0,0,0.0,0,F1,65,,,,,
2026-03-19,2026-03-19,FO,NSE,IDO,71734,,NIFTY,,2026-05-26,2026-05-26,20950.0,PE,NIFTY26MAY20950PE,0.0,0.0,0.0,0.75,0.0,0.75,23002.15,16.95,0,0,0,0.0,0,F1,65,,,,,
2026-03-19,2026-03-19,FO,NSE,IDO,71738,,NIFTY,,2026-05-26,2026-05-26,21050.0,PE,NIFTY26MAY21050PE,0.0,0.0,0.0,0.95,0.0,0.95,23002.15,20.95,0,0,0,0.0,0,F1,65,,,,,
2026-03-19,2026-03-19,FO,NSE,IDO,71766,,NIFTY,,2026-05-26,2026-05-26,21450.0,PE,NIFTY26MAY21450PE,220.0,300.0,217.25,279.85,275.0,158.2,23002.15,279.85,5005,-1950,55,77539777.25,44,F1,65,,,,,
2026-03-19,2026-03-19,FO,NSE,IDO,71768,,NIFTY,,2026-05-26,2026-05-26,21500.0,PE,NIFTY26MAY21500PE,219.95,321.75,218.05,302.1,282.75,160.0,23002.15,302.1,188045,15145,1335,1888344906.5,868,F1,65,,,,,
2026-03-19,2026-03-19,FO,NSE,IDO,71770,,NIFTY,,2026-05-26,2026-05-26,21550.0,PE,NIFTY26MAY21550PE,0.0,0.0,0.0,2.8,0.0,2.8,23002.15,54.7,0,0,0,0.0,0,F1,65,,,,,
2026-03-19,2026-03-19,FO,NSE,IDO,71781,,NIFTY,,2026-05-26,2026-05-26,21700.0,PE,NIFTY26MAY21700PE,0.0,0.0,0.0,3.8,0.0,3.8,23002.15,70.85,0,0,0,0.0,0,F1,65,,,,,
2026-03-19,2026-03-19,FO,NSE,IDO,71785,,NIFTY,,2026-05-26,2026-05-26,21800.0,PE,NIFTY26MAY21800PE,0.0,0.0,0.0,4.65,0.0,4.65,23002.15,83.6,0,0,0,0.0,0,F1,65,,,,,
2026-03-19,2026-03-19,FO,NSE,IDO,71789,,NIFTY,,2026-05-26,2026-05-26,21900.0,PE,NIFTY26MAY21900PE,0.0,0.0,0.0,5.65,0.0,5.65,23002.15,98.1,0,0,0,0.0,0,F1,65,,,,,
2026-03-19,2026-03-19,FO,NSE,IDO,71833,,NIFTY,,2026-05-26,2026-05-26,22250.0,PE,NIFTY26MAY22250PE,0.0,0.0,0.0,10.75,0.0,10.75,23002.15,164.65,0,0,0,0.0,0,F1,65,,,,,
2026-03-19,2026-03-19,FO,NSE,IDO,71837,,NIFTY,,2026-05-26,2026-05-26,22300.0,PE,NIFTY26MAY22300PE,0.0,0.0,0.0,11.75,0.0,11.75,23002.15,176.4,0,0,0,0.0,0,F1,65,,,,,
2026-03-19,2026-03-19,FO,NSE,IDO,71896,,NIFTY,,2026-05-26,2026-05-26,23050.0,PE,NIFTY26MAY23050PE,0.0,0.0,0.0,38.95,0.0,38.95,23002.15,432.85,0,0,0,0.0,0,F1,65,,,,,
2026-03-19,2026-03-19,FO,NSE,IDO,71982,,NIFTY,,2026-05-26,2026-05-26,23300.0,PE,NIFTY26MAY23300PE,615.0,837.1,590.05,777.0,742.95,434.35,23002.15,777.0,20475,14365,686,1069903724.5,546,F1,65,,,,,
2026-03-19,2026-03-19,FO,NSE,IDO,72147,,NIFTY,,2026-05-26,2026-05-26,23600.0,PE,NIFTY26MAY23600PE,700.0,977.6,698.0,944.6,876.85,520.45,23002.15,944.6,4355,-1040,170,269340464.25,116,F1,65,,,,,
2026-03-19,2026-03-19,FO,NSE,IDO,72168,,NIFTY,,2026-05-26,2026-05-26,23700.0,PE,NIFTY26MAY23700PE,769.95,1032.0,742.85,971.95,918.0,553.25,23002.15,971.95,13195,-2730,241,384628214.75,192,F1,65,,,,,
2026-03-19,2026-03-19,FO,NSE,IDO,72238,,NIFTY,,2026-05-26,2026-05-26,24250.0,PE,NIFTY26MAY24250PE,1041.85,1225.85,1041.85,1225.85,1225.85,720.0,23002.15,1225.85,2925,65,2,3299900.5,2,F1,65,,,,,
2026-03-19,2026-03-19,FO,NSE,IDO,72242,,NIFTY,,2026-05-26,2026-05-26,24350.0,PE,NIFTY26MAY24350PE,1286.25,1286.9,1286.25,1286.6,1286.9,833.0,23002.15,1286.6,3120,0,2,3332754.75,2,F1,65,,,,,
2026-03-19,2026-03-19,FO,NSE,IDO,72276,,NIFTY,,2026-05-26,2026-05-26,24500.0,PE,NIFTY26MAY24500PE,1197.95,1507.2,1146.15,1415.95,1380.0,875.5,23002.15,1415.95,318565,-3770,1003,1681033874.0,918,F1,65,,,,,
2026-03-19,2026-03-19,FO,NSE,IDO,72297,,NIFTY,,2026-05-26,2026-05-26,24950.0,PE,NIFTY26MAY24950PE,1502.9,1647.9,1502.85,1647.9,1647.9,1182.15,23002.15,1762.85,910,-195,4,6890939.25,4,F1,65,,,,,
2026-03-19,2026-03-19,FO,NSE,IDO,72356,,NIFTY,,2026-05-26,2026-05-26,25600.0,PE,NIFTY26MAY25600PE,0.0,0.0,0.0,1910.0,1910.0,1910.0,23002.15,2362.25,1365,0,0,0.0,0,F1,65,,,,,
2026-03-19,2026-03-19,FO,NSE,IDO,72616,,NIFTY,,2026-05-26,2026-05-26,26900.0,PE,NIFTY26MAY26900PE,0.0,0.0,0.0,3091.85,3091.85,3091.85,23002.15,3625.95,130,0,0,0.0,0,F1,65,,,,,
2026-03-19,2026-03-19,FO,NSE,IDO,55186,,NIFTY,,2026-06-30,2026-06-30,22500.0,PE,NIFTY26JUN22500PE,407.2,611.95,407.2,569.5,546.0,330.3,23002.15,569.5,220350,-50895,5939,8879078351.0,3690,F1,65,,,,,
2026-03-19,2026-03-19,FO,NSE,IDO,58643,,NIFTY,,2026-12-29,2026-12-29,19000.0,PE,NIFTY26DEC19000PE,174.15,212.0,167.95,200.1,194.05,142.15,23002.15,200.1,163380,6595,1396,1741254609.25,870,F1,65,,,,,
2026-03-19,2026-03-19,FO,NSE,IDO,71506,,NIFTY,,2026-12-29,2026-12-29,26000.0,PE,NIFTY26DEC26000PE,1950.0,2267.0,1925.0,2180.65,2114.2,1667.6,23002.15,2180.65,963885,-6550,1000,1825113693.0,683,F1,65,,,,,
2026-03-19,2026-03-19,FO,NSE,IDO,55331,,NIFTY,,2026-12-29,2026-12-29,28500.0,PE,NIFTY26DEC28500PE,0.0,0.0,0.0,1948.15,0.0,1948.15,23002.15,4391.9,0,0,0,0.0,0,F1,65,,,,,
2026-03-19,2026-03-19,FO,NSE,IDO,38159,,NIFTY,,2026-12-29,2026-12-29,29000.0,PE,NIFTY26DEC29000PE,4280.7,4503.7,4280.7,4489.85,4476.0,3846.4,23002.15,4489.85,204265,260,14,30387119.75,10,F1,65,,,,,
2026-03-19,2026-03-19,FO,NSE,IDO,71561,,NIFTY,,2027-06-29,2027-06-29,24000.0,PE,NIFTY27JUN24000PE,0.0,0.0,0.0,5056.2,0.0,5056.2,23002.15,1058.15,0,0,0,0.0,0,F1,65,,,,,
2026-03-19,2026-03-19,FO,NSE,IDO,55385,,NIFTY,,2027-06-29,2027-06-29,34500.0,PE,NIFTY27JUN34500PE,0.0,0.0,0.0,5880.15,0.0,5880.15,23002.15,9171.15,0,0,0,0.0,0,F1,65,,,,,
2026-03-19,2026-03-19,FO,NSE,IDO,40908,,NIFTY,,2026-04-07,2026-04-07,25200.0,CE,NIFTY2640725200CE,12.45,20.0,12.45,17.15,19.25,24.2,23002.15,17.15,43615,650,1640,2688086518.0,1170,F1,65,,,,,
2026-03-19,2026-03-19,FO,NSE,IDO,40862,,NIFTY,,2026-04-07,2026-04-07,24450.0,CE,NIFTY2640724450CE,59.95,63.7,47.15,53.35,57.15,125.7,23002.15,53.35,114790,910,316,503350097.25,228,F1,65,,,,,
2026-03-19,2026-03-19,FO,NSE,IDO,40822,,NIFTY,,2026-04-07,2026-04-07,23950.0,CE,NIFTY2640723950CE,170.2,170.4,119.1,133.45,148.65,303.9,23002.15,133.45,12610,2210,676,1058994033.5,537,F1,65,,,,,
2026-03-19,2026-03-19,FO,NSE,IDO,40783,,NIFTY,,2026-04-07,2026-04-07,23250.0,CE,NIFTY2640723250CE,487.25,504.2,337.55,384.15,415.2,826.5,23002.15,384.15,17095,14365,1079,1661251897.5,831,F1,65,,,,,
2026-03-19,2026-03-19,FO,NSE,IDO,40752,,NIFTY,,2026-04-07,2026-04-07,22800.0,CE,NIFTY2640722800CE,878.65,878.65,576.7,658.3,687.7,1030.0,23002.15,658.3,11050,9230,449,684603237.5,308,F1,65,,,,,
2026-03-19,2026-03-19,FO,NSE,IDO,40730,,NIFTY,,2026-04-07,2026-04-07,22450.0,CE,NIFTY2640722450CE,0.0,0.0,0.0,1068.3,1068.3,1068.3,23002.15,684.9,325,0,0,0.0,0,F1,65,,,,,
2026-03-19,2026-03-19,FO,NSE,IDO,40728,,NIFTY,,2026-04-07,2026-04-07,22400.0,CE,NIFTY2640722400CE,0.0,0.0,0.0,1110.85,1110.85,1110.85,23002.15,725.85,2275,0,0,0.0,0,F1,65,,,,,
2026-03-19,2026-03-19,FO,NSE,IDO,40656,,NIFTY,,2026-04-07,2026-04-07,21250.0,CE,NIFTY2640721250CE,0.0,0.0,0.0,2182.3,2182.3,2182.3,23002.15,1813.55,65,0,0,0.0,0,F1,65,,,,,
2026-03-19,2026-03-19,FO,NSE,IDO,40626,,NIFTY,,2026-04-07,2026-04-07,20850.0,CE,NIFTY2640720850CE,0.0,0.0,0.0,4150.45,0.0,4150.45,23002.15,2211.85,0,0,0,0.0,0,F1,65,,,,,
2026-03-19,2026-03-19,FO,NSE,IDO,62956,,NIFTY,,2026-03-30,2026-03-30,31000.0,CE,NIFTY26MAR31000CE,0.85,2.0,0.65,0.8,0.8,0.7,23002.15,0.8,284225,12935,555,1118355270.5,165,F1,65,,,,,
2026-03-19,2026-03-19,FO,NSE,IDO,54830,,NIFTY,,2026-03-30,2026-03-30,27850.0,CE,NIFTY26MAR27850CE,1.4,1.65,1.2,1.45,1.65,1.4,23002.15,1.45,19045,-975,38,68792873.5,11,F1,65,,,,,
2026-03-19,2026-03-19,FO,NSE,IDO,54746,,NIFTY,,2026-03-30,2026-03-30,27450.0,CE,NIFTY26MAR27450CE,1.95,2.25,1.25,2.05,2.25,1.7,23002.15,2.05,37700,1235,165,294422102.0,56,F1,65,,,,,
2026-03-19,2026-03-19,FO,NSE,IDO,54646,,NIFTY,,2026-03-30,2026-03-30,26300.0,CE,NIFTY26MAR26300CE,3.85,4.45,2.3,3.35,2.7,3.45,23002.15,3.35,534235,11180,3417,5842102298.5,1721,F1,65,,,,,
2026-03-19,2026-03-19,FO,NSE,IDO,54598,,NIFTY,,2026-03-30,2026-03-30,25600.0,CE,NIFTY26MAR25600CE,8.0,8.0,4.65,5.55,4.9,6.75,23002.15,5.55,884065,-68705,9617,16006222895.0,5822,F1,65,,,,,
2026-03-19,2026-03-19,FO,NSE,IDO,54574,,NIFTY,,2026-03-30,2026-03-30,24950.0,CE,NIFTY26MAR24950CE,18.35,18.9,8.1,10.25,11.0,17.5,23002.15,10.25,81835,-22425,5664,9189346920.0,3616,F1,65,,,,,
2026-03-19,2026-03-19,FO,NSE,IDO,54566,,NIFTY,,2026-03-30,2026-03-30,24750.0,CE,NIFTY26MAR24750CE,20.55,20.55,10.05,13.7,13.5,27.1,23002.15,13.7,95875,-76245,8726,14045424705.0,5266,F1,65,,,,,
2026-03-19,2026-03-19,FO,NSE,IDO,54562,,NIFTY,,2026-03-30,2026-03-30,24650.0,CE,NIFTY26MAR24650CE,20.0,20.0,13.3,15.85,16.45,33.95,23002.15,15.85,118885,-21385,4428,7099261143.0,2955,F1,65,,,,,
2026-03-19,2026-03-19,FO,NSE,IDO,54560,,NIFTY,,2026-03-30,2026-03-30,24600.0,CE,NIFTY26MAR24600CE,23.1,23.1,14.0,17.15,18.0,39.7,23002.15,17.15,750620,-55835,31045,49675380495.0,21162,F1,65,,,,,
2026-03-19,2026-03-19,FO,NSE,IDO,54556,,NIFTY,,2026-03-30,2026-03-30,24500.0,CE,NIFTY26MAR24500CE,17.0,27.65,17.0,20.6,22.65,52.3,23002.15,20.6,3659565,-340925,134019,213608201781.0,64727,F1,65,,,,,
2026-03-19,2026-03-19,FO,NSE,IDO,54500,,NIFTY,,2026-03-30,2026-03-30,23100.0,CE,NIFTY26MAR23100CE,512.8,535.8,302.1,350.5,388.65,807.2,23002.15,350.5,470340,293215,38190,58277817039.0,29207,F1,65,,,,,
2026-03-19,2026-03-19,FO,NSE,IDO,54423,,NIFTY,,2026-03-30,2026-03-30,21100.0,CE,NIFTY26MAR21100CE,0.0,0.0,0.0,2422.45,2422.45,2422.45,23002.15,1937.1,130,0,0,0.0,0,F1,65,,,,,
2026-03-19,2026-03-19,FO,NSE,IDO,54419,,NIFTY,,2026-03-30,2026-03-30,20950.0,CE,NIFTY26MAR20950CE,0.0,0.0,0.0,2533.45,2537.65,2533.45,23002.15,2086.85,195,0,0,0.0,0,F1,65,,,,,
2026-03-19,2026-03-19,FO,NSE,IDO,62771,,NIFTY,,2026-03-24,2026-03-24,25550.0,CE,NIFTY2632425550CE,1.8,3.3,1.4,1.95,1.55,1.7,23002.15,1.95,205140,-190190,56593,93994180605.0,14150,F1,65,,,,,
2026-03-19,2026-03-19,FO,NSE,IDO,72428,,NIFTY,,2026-04-28,2026-04-28,25700.0,PE,NIFTY26APR25700PE,2200.0,2566.6,2200.0,2566.6,2566.6,1769.4,23002.15,2566.6,45175,-260,6,10966484.75,5,F1,65,,,,,
2026-03-19,2026-03-19,FO,NSE,IDO,72370,,NIFTY,,2026-04-28,2026-04-28,25350.0,PE,NIFTY26APR25350PE,1908.05,2105.9,1899.15,2105.6,2105.3,1750.0,23002.15,2105.6,6305,-260,17,30179828.25,12,F1,65,,,,,
2026-03-19,2026-03-19,FO,NSE,IDO,72362,,NIFTY,,2026-04-28,2026-04-28,25200.0,PE,NIFTY26APR25200PE,1750.85,2116.45,1750.85,2013.9,1965.6,1345.85,23002.15,2013.9,66950,-130,172,302336986.25,131,F1,65,,,,,
2026-03-19,2026-03-19,FO,NSE,IDO,72341,,NIFTY,,2026-04-28,2026-04-28,24850.0,PE,NIFTY26APR24850PE,1473.9,1770.45,1463.65,1706.5,1670.4,1074.8,23002.15,1706.5,10010,-780,34,58369717.25,24,F1,65,,,,,
2026-03-19,2026-03-19,FO,NSE,IDO,72330,,NIFTY,,2026-04-28,2026-04-28,24600.0,PE,NIFTY26APR24600PE,1105.8,1594.75,1105.8,1482.8,1449.15,908.8,23002.15,1482.8,328900,-650,194,327624589.5,149,F1,65,,,,,
2026-03-19,2026-03-19,FO,NSE,IDO,72311,,NIFTY,,2026-04-28,2026-04-28,24300.0,PE,NIFTY26APR24300PE,1008.05,1330.0,1008.05,1272.9,1242.95,739.2,23002.15,1272.9,151970,-6045,211,348770233.5,177,F1,65,,,,,
2026-03-19,2026-03-19,FO,NSE,IDO,72262,,NIFTY,,2026-04-28,2026-04-28,23950.0,PE,NIFTY26APR23950PE,849.0,1075.0,840.8,1019.55,1019.55,564.7,23002.15,1019.55,16640,3900,131,211554375.5,93,F1,65,,,,,
2026-03-19,2026-03-19,FO,NSE,IDO,72211,,NIFTY,,2026-04-28,2026-04-28,23050.0,PE,NIFTY26APR23050PE,450.0,667.2,442.3,605.55,570.45,311.0,23002.15,605.55,21190,8515,923,1413977048.25,778,F1,65,,,,,
2026-03-19,2026-03-19,FO,NSE,IDO,71862,,NIFTY,,2026-04-28,2026-04-28,20950.0,PE,NIFTY26APR20950PE,0.0,0.0,0.0,0.85,0.0,0.85,23002.15,3.75,0,0,0,0.0,0,F1,65,,,,,
2026-03-19,2026-03-19,FO,NSE,IDO,63481,,NIFTY,,2026-04-21,2026-04-21,25000.0,PE,NIFTY2642125000PE,0.0,0.0,0.0,1328.8,0.0,1328.8,23002.15,1882.55,0,0,0,0.0,0,F1,65,,,,,
2026-03-19,2026-03-19,FO,NSE,IDO,63471,,NIFTY,,2026-04-21,2026-04-21,24750.0,PE,NIFTY2642124750PE,0.0,0.0,0.0,1118.85,0.0,1118.85,23002.15,1641.6,0,0,0,0.0,0,F1,65,,,,,
2026-03-19,2026-03-19,FO,NSE,IDO,63437,,NIFTY,,2026-04-21,2026-04-21,24400.0,PE,NIFTY2642124400PE,0.0,0.0,0.0,849.0,0.0,849.0,23002.15,1314.4,0,0,0,0.0,0,F1,65,,,,,
2026-03-19,2026-03-19,FO,NSE,IDO,86148,,NIFTY,,2028-06-27,2028-06-27,22000.0,PE,NIFTY28JUN22000PE,0.0,0.0,0.0,820.0,820.0,820.0,23002.15,460.5,715,0,0,0.0,0,F1,65,,,,,
2026-03-19,2026-03-19,FO,NSE,IDO,55517,,NIFTY,,2028-12-26,2028-12-26,16500.0,PE,NIFTY28DEC16500PE,0.0,0.0,0.0,5.9,0.0,5.9,23002.15,19.15,0,0,0,0.0,0,F1,65,,,,,
2026-03-19,2026-03-19,FO,NSE,IDO,55559,,NIFTY,,2029-06-26,2029-06-26,19500.0,PE,NIFTY29JUN19500PE,0.0,0.0,0.0,56.0,0.0,56.0,23002.15,153.0,0,0,0,0.0,0,F1,65,,,,,
2026-03-19,2026-03-19,FO,NSE,IDO,55601,,NIFTY,,2029-12-24,2029-12-24,19500.0,PE,NIFTY29DEC19500PE,0.0,0.0,0.0,61.2,0.0,61.2,23002.15,159.0,0,0,0,0.0,0,F1,65,,,,,
2026-03-19,2026-03-19,FO,NSE,IDO,55701,,NIFTY,,2030-12-31,2030-12-31,19500.0,PE,NIFTY30DEC19500PE,0.0,0.0,0.0,67.4,0.0,67.4,23002.15,162.5,0,0,0,0.0,0,F1,65,,,,,
2026-03-19,2026-03-19,FO,NSE,IDO,55759,,NIFTY,,2030-12-31,2030-12-31,27000.0,PE,NIFTY30DEC27000PE,0.0,0.0,0.0,779.5,0.0,779.5,23002.15,1544.2,0,0,0,0.0,0,F1,65,,,,,
2026-03-19,2026-03-19,FO,NSE,IDO,63435,,NIFTY,,2026-04-21,2026-04-21,24350.0,PE,NIFTY2642124350PE,0.0,0.0,0.0,813.15,0.0,813.15,23002.15,1269.0,0,0,0,0.0,0,F1,65,,,,,
2026-03-19,2026-03-19,FO,NSE,IDO,63425,,NIFTY,,2026-04-21,2026-04-21,24150.0,PE,NIFTY2642124150PE,0.0,0.0,0.0,677.5,0.0,677.5,23002.15,1092.05,0,0,0,0.0,0,F1,65,,,,,
2026-03-19,2026-03-19,FO,NSE,IDO,72429,,NIFTY,,2026-04-28,2026-04-28,25750.0,CE,NIFTY26APR25750CE,34.9,36.0,28.15,32.3,32.7,50.75,23002.15,32.3,20020,3315,159,266468296.25,56,F1,65,,,,,
2026-03-19,2026-03-19,FO,NSE,IDO,72487,,NIFTY,,2026-04-28,2026-04-28,26300.0,CE,NIFTY26APR26300CE,22.0,26.45,18.0,20.95,23.15,25.05,23002.15,20.95,71305,-4875,510,872520707.5,284,F1,65,,,,,
2026-03-19,2026-03-19,FO,NSE,IDO,72713,,NIFTY,,2026-04-28,2026-04-28,26800.0,CE,NIFTY26APR26800CE,14.5,15.7,11.55,13.5,15.65,18.0,23002.15,13.5,55120,-24765,722,1258372566.75,546,F1,65,,,,,
2026-03-19,2026-03-19,FO,NSE,IDO,72741,,NIFTY,,2026-04-28,2026-04-28,27200.0,CE,NIFTY26APR27200CE,13.4,13.5,10.15,11.0,11.05,13.0,23002.15,11.0,38025,6825,365,645572765.5,163,F1,65,,,,,
2026-03-19,2026-03-19,FO,NSE,IDO,72743,,NIFTY,,2026-04-28,2026-04-28,27250.0,CE,NIFTY26APR27250CE,0.0,0.0,0.0,14.1,15.85,14.1,23002.15,0.05,5525,0,0,0.0,0,F1,65,,,,,
2026-03-19,2026-03-19,FO,NSE,IDO,71729,,NIFTY,,2026-05-26,2026-05-26,20850.0,CE,NIFTY26MAY20850CE,0.0,0.0,0.0,4918.6,0.0,4918.6,23002.15,2378.35,0,0,0,0.0,0,F1,65,,,,,
2026-03-19,2026-03-19,FO,NSE,IDO,71737,,NIFTY,,2026-05-26,2026-05-26,21050.0,CE,NIFTY26MAY21050CE,0.0,0.0,0.0,2715.7,2715.7,2715.7,23002.15,2187.7,65,0,0,0.0,0,F1,65,,,,,
2026-03-19,2026-03-19,FO,NSE,IDO,71784,,NIFTY,,2026-05-26,2026-05-26,21800.0,CE,NIFTY26MAY21800CE,0.0,0.0,0.0,2024.6,2024.6,2024.6,23002.15,1508.0,65,0,0,0.0,0,F1,65,,,,,
2026-03-19,2026-03-19,FO,NSE,IDO,71891,,NIFTY,,2026-05-26,2026-05-26,23000.0,CE,NIFTY26MAY23000CE,1184.5,1184.5,939.95,1001.15,1032.0,1403.25,23002.15,1001.15,106210,29445,2154,3366672068.5,1783,F1,65,,,,,
2026-03-19,2026-03-19,FO,NSE,IDO,71895,,NIFTY,,2026-05-26,2026-05-26,23050.0,CE,NIFTY26MAY23050CE,990.2,990.2,937.0,937.0,937.0,1250.7,23002.15,937.0,130,65,3,4684358.25,3,F1,65,,,,,
2026-03-19,2026-03-19,FO,NSE,IDO,72143,,NIFTY,,2026-05-26,2026-05-26,23600.0,CE,NIFTY26MAY23600CE,747.05,754.65,617.45,645.9,693.65,991.0,23002.15,645.9,6110,4355,319,503913107.75,231,F1,65,,,,,
2026-03-19,2026-03-19,FO,NSE,IDO,72167,,NIFTY,,2026-05-26,2026-05-26,23700.0,CE,NIFTY26MAY23700CE,677.5,695.2,575.0,613.95,632.65,905.3,23002.15,613.95,7540,65,253,400531608.75,193,F1,65,,,,,
2026-03-19,2026-03-19,FO,NSE,IDO,72171,,NIFTY,,2026-05-26,2026-05-26,23800.0,CE,NIFTY26MAY23800CE,580.0,645.85,528.4,564.55,579.0,846.9,23002.15,564.55,14235,3250,454,719842074.25,360,F1,65,,,,,
2026-03-19,2026-03-19,FO,NSE,IDO,72237,,NIFTY,,2026-05-26,2026-05-26,24250.0,CE,NIFTY26MAY24250CE,434.0,437.35,370.0,392.05,406.7,585.15,23002.15,392.05,2665,1430,41,65726092.25,39,F1,65,,,,,
2026-03-19,2026-03-19,FO,NSE,IDO,72239,,NIFTY,,2026-05-26,2026-05-26,24300.0,CE,NIFTY26MAY24300CE,411.55,415.5,340.9,361.35,383.65,558.8,23002.15,361.35,13650,7410,231,370735417.0,181,F1,65,,,,,
2026-03-19,2026-03-19,FO,NSE,IDO,72296,,NIFTY,,2026-05-26,2026-05-26,24950.0,CE,NIFTY26MAY24950CE,194.55,209.4,191.4,193.2,193.2,278.3,23002.15,69.35,4030,-1820,53,86649143.75,37,F1,65,,,,,
2026-03-19,2026-03-19,FO,NSE,IDO,72358,,NIFTY,,2026-05-26,2026-05-26,25650.0,CE,NIFTY26MAY25650CE,91.75,94.05,83.25,91.3,93.95,124.95,23002.15,91.3,975,-1365,42,70268740.75,18,F1,65,,,,,
2026-03-19,2026-03-19,FO,NSE,IDO,72603,,NIFTY,,2026-05-26,2026-05-26,26750.0,CE,NIFTY26MAY26750CE,0.0,0.0,0.0,43.2,43.2,43.2,23002.15,3.1,1040,0,0,0.0,0,F1,65,,,,,
2026-03-19,2026-03-19,FO,NSE,IDO,62714,,NIFTY,,2026-03-24,2026-03-24,25100.0,CE,NIFTY2632425100CE,3.25,4.3,1.75,2.35,2.0,3.8,23002.15,2.35,1469780,399490,179747,293288549541.0,40842,F1,65,,,,,
2026-03-19,2026-03-19,FO,NSE,IDO,62680,,NIFTY,,2026-03-24,2026-03-24,24600.0,CE,NIFTY2632424600CE,12.75,12.75,4.95,5.65,5.5,13.4,23002.15,5.65,2742090,252200,452871,724312084050.75,104713,F1,65,,,,,
2026-03-19,2026-03-19,FO,NSE,IDO,62662,,NIFTY,,2026-03-24,2026-03-24,24400.0,CE,NIFTY2632424400CE,12.0,12.7,6.8,8.4,9.0,26.6,23002.15,8.4,2375425,218140,426262,676289187187.25,119687,F1,65,,,,,
2026-03-19,2026-03-19,FO,NSE,IDO,62646,,NIFTY,,2026-03-24,2026-03-24,24250.0,CE,NIFTY2632424250CE,15.0,16.6,9.85,11.8,13.85,45.45,23002.15,11.8,1508780,630890,245616,387344776614.25,106146,F1,65,,,,,
2026-03-19,2026-03-19,FO,NSE,IDO,62598,,NIFTY,,2026-03-24,2026-03-24,23550.0,CE,NIFTY2632423550CE,81.0,146.65,51.75,72.05,89.05,349.3,23002.15,72.05,930150,633100,378250,581285519802.0,262180,F1,65,,,,,
2026-03-19,2026-03-19,FO,NSE,IDO,62592,,NIFTY,,2026-03-24,2026-03-24,23400.0,CE,NIFTY2632423400CE,199.65,213.95,80.0,106.9,132.4,463.9,23002.15,106.9,2856165,2218840,943146,1443375578333.0,600444,F1,65,,,,,
2026-03-19,2026-03-19,FO,NSE,IDO,62590,,NIFTY,,2026-03-24,2026-03-24,23350.0,CE,NIFTY2632423350CE,202.05,244.2,91.85,122.15,150.1,504.15,23002.15,122.15,1522755,1353560,658998,1007557639104.25,472274,F1,65,,,,,
2026-03-19,2026-03-19,FO,NSE,IDO,62564,,NIFTY,,2026-03-24,2026-03-24,22850.0,CE,NIFTY2632422850CE,576.0,577.05,303.0,357.25,421.7,950.35,23002.15,357.25,117000,101660,27136,40983393467.25,19959,F1,65,,,,,
2026-03-19,2026-03-19,FO,NSE,IDO,62387,,NIFTY,,2026-03-24,2026-03-24,22200.0,CE,NIFTY2632422200CE,1176.0,1176.0,791.5,896.65,937.9,1321.9,23002.15,896.65,10855,10465,587,882770170.75,300,F1,65,,,,,
2026-03-19,2026-03-19,FO,NSE,IDO,72625,,NIFTY,,2026-05-26,2026-05-26,27150.0,CE,NIFTY26MAY27150CE,0.0,0.0,0.0,29.55,29.55,29.55,23002.15,1.35,1690,0,0,0.0,0,F1,65,,,,,
2026-03-19,2026-03-19,FO,NSE,IDO,58624,,NIFTY,,2026-06-30,2026-06-30,12000.0,CE,NIFTY26JUN12000CE,0.0,0.0,0.0,8690.0,8690.0,8690.0,23002.15,11186.95,50,0,0,0.0,0,F1,65,,,,,
2026-03-19,2026-03-19,FO,NSE,IDO,55181,,NIFTY,,2026-06-30,2026-06-30,16500.0,CE,NIFTY26JUN16500CE,0.0,0.0,0.0,9929.2,0.0,9929.2,23002.15,6756.25,0,0,0,0.0,0,F1,65,,,,,
2026-03-19,2026-03-19,FO,NSE,IDO,55220,,NIFTY,,2026-06-30,2026-06-30,31500.0,CE,NIFTY26JUN31500CE,8.5,13.0,8.5,8.65,8.65,12.9,23002.15,0.05,1885,-195,8,16385008.25,5,F1,65,,,,,
2026-03-19,2026-03-19,FO,NSE,IDO,65887,,NIFTY,,2026-09-29,2026-09-29,18000.0,CE,NIFTY26SEP18000CE,0.0,0.0,0.0,7684.05,0.0,7684.05,23002.15,5521.95,0,0,0,0.0,0,F1,65,,,,,
2026-03-19,2026-03-19,FO,NSE,IDO,65906,,NIFTY,,2026-09-29,2026-09-29,27000.0,CE,NIFTY26SEP27000CE,161.0,179.5,158.5,164.2,165.15,199.5,23002.15,164.2,378885,-11115,1668,2945606673.75,1180,F1,65,,,,,
2026-03-19,2026-03-19,FO,NSE,IDO,55326,,NIFTY,,2026-12-29,2026-12-29,22500.0,CE,NIFTY26DEC22500CE,0.0,0.0,0.0,4860.75,0.0,4860.75,23002.15,1917.5,0,0,0,0.0,0,F1,65,,,,,
2026-03-19,2026-03-19,FO,NSE,IDO,50978,,NIFTY,,2026-12-29,2026-12-29,27000.0,CE,NIFTY26DEC27000CE,381.2,381.2,340.1,350.85,355.3,426.4,23002.15,350.85,816800,-13310,3299,5867168619.0,1902,F1,65,,,,,
2026-03-19,2026-03-19,FO,NSE,IDO,71549,,NIFTY,,2027-06-29,2027-06-29,19000.0,CE,NIFTY27JUN19000CE,0.0,0.0,0.0,7800.0,7800.0,7800.0,23002.15,5341.9,75,0,0,0.0,0,F1,65,,,,,
2026-03-19,2026-03-19,FO,NSE,IDO,71553,,NIFTY,,2027-06-29,2027-06-29,21000.0,CE,NIFTY27JUN21000CE,0.0,0.0,0.0,3061.8,0.0,3061.8,23002.15,3654.9,0,0,0,0.0,0,F1,65,,,,,
2026-03-19,2026-03-19,FO,NSE,IDO,63421,,NIFTY,,2026-04-21,2026-04-21,24050.0,PE,NIFTY2642124050PE,0.0,0.0,0.0,614.45,0.0,614.45,23002.15,1006.75,0,0,0,0.0,0,F1,65,,,,,
2026-03-19,2026-03-19,FO,NSE,IDO,63391,,NIFTY,,2026-04-21,2026-04-21,23350.0,PE,NIFTY2642123350PE,0.0,0.0,0.0,270.65,0.0,270.65,23002.15,494.0,0,0,0,0.0,0,F1,65,,,,,
2026-03-19,2026-03-19,FO,NSE,IDO,63387,,NIFTY,,2026-04-21,2026-04-21,23250.0,PE,NIFTY2642123250PE,0.0,0.0,0.0,235.5,0.0,235.5,23002.15,435.65,0,0,0,0.0,0,F1,65,,,,,
2026-03-19,2026-03-19,FO,NSE,IDO,63373,,NIFTY,,2026-04-21,2026-04-21,22900.0,PE,NIFTY2642122900PE,0.0,0.0,0.0,138.1,0.0,138.1,23002.15,265.1,0,0,0,0.0,0,F1,65,,,,,
2026-03-19,2026-03-19,FO,NSE,IDO,63341,,NIFTY,,2026-04-21,2026-04-21,22400.0,PE,NIFTY2642122400PE,0.0,0.0,0.0,55.75,0.0,55.75,23002.15,109.45,0,0,0,0.0,0,F1,65,,,,,
2026-03-19,2026-03-19,FO,NSE,IDO,63329,,NIFTY,,2026-04-21,2026-04-21,22150.0,PE,NIFTY2642122150PE,0.0,0.0,0.0,33.0,0.0,33.0,23002.15,64.4,0,0,0,0.0,0,F1,65,,,,,
2026-03-19,2026-03-19,FO,NSE,IDO,63289,,NIFTY,,2026-04-21,2026-04-21,21500.0,PE,NIFTY2642121500PE,0.0,0.0,0.0,6.6,0.0,6.6,23002.15,11.8,0,0,0,0.0,0,F1,65,,,,,
2026-03-19,2026-03-19,FO,NSE,IDO,63187,,NIFTY,,2026-04-21,2026-04-21,20950.0,PE,NIFTY2642120950PE,0.0,0.0,0.0,1.25,0.0,1.25,23002.15,1.85,0,0,0,0.0,0,F1,65,,,,,
2026-03-19,2026-03-19,FO,NSE,IDO,54967,,NIFTY,,2026-04-13,2026-04-13,25450.0,PE,NIFTY2641325450PE,0.0,0.0,0.0,1133.8,0.0,1133.8,23002.15,2352.75,0,0,0,0.0,0,F1,65,,,,,
2026-03-19,2026-03-19,FO,NSE,IDO,54807,,NIFTY,,2026-04-13,2026-04-13,23850.0,PE,NIFTY2641323850PE,433.8,1138.35,433.8,1138.35,1138.35,433.8,23002.15,1138.35,1625,-1365,64,101795320.25,32,F1,65,,,,,
2026-03-19,2026-03-19,FO,NSE,IDO,54801,,NIFTY,,2026-04-13,2026-04-13,23700.0,PE,NIFTY2641323700PE,667.9,793.65,667.9,792.2,792.2,389.95,23002.15,713.45,3315,-260,16,25431617.25,15,F1,65,,,,,
2026-03-19,2026-03-19,FO,NSE,IDO,54791,,NIFTY,,2026-04-13,2026-04-13,23450.0,PE,NIFTY2641323450PE,0.0,0.0,0.0,293.95,293.95,293.95,23002.15,531.25,1235,0,0,0.0,0,F1,65,,,,,
2026-03-19,2026-03-19,FO,NSE,IDO,54770,,NIFTY,,2026-04-13,2026-04-13,23100.0,PE,NIFTY2641323100PE,0.0,0.0,0.0,55.75,0.0,55.75,23002.15,322.9,0,0,0,0.0,0,F1,65,,,,,
2026-03-19,2026-03-19,FO,NSE,IDO,54702,,NIFTY,,2026-04-13,2026-04-13,22500.0,PE,NIFTY2641322500PE,280.0,363.95,221.25,322.95,310.0,138.8,23002.15,322.95,11765,7345,639,946314313.75,431,F1,65,,,,,
2026-03-19,2026-03-19,FO,NSE,IDO,54682,,NIFTY,,2026-04-13,2026-04-13,22000.0,PE,NIFTY2641322000PE,0.0,0.0,0.0,3.6,0.0,3.6,23002.15,28.65,0,0,0,0.0,0,F1,65,,,,,
2026-03-19,2026-03-19,FO,NSE,IDO,54609,,NIFTY,,2026-04-13,2026-04-13,21350.0,PE,NIFTY2641321350PE,0.0,0.0,0.0,0.45,0.0,0.45,23002.15,3.1,0,0,0,0.0,0,F1,65,,,,,
2026-03-19,2026-03-19,FO,NSE,IDO,54601,,NIFTY,,2026-04-13,2026-04-13,21150.0,PE,NIFTY2641321150PE,0.0,0.0,0.0,0.2,0.0,0.2,23002.15,1.35,0,0,0,0.0,0,F1,65,,,,,
2026-03-19,2026-03-19,FO,NSE,IDO,40869,,NIFTY,,2026-04-07,2026-04-07,24600.0,PE,NIFTY2640724600PE,1295.2,1499.9,1278.95,1480.9,1493.45,846.0,23002.15,1480.9,848445,65,23,38912064.75,23,F1,65,,,,,
2026-03-19,2026-03-19,FO,NSE,IDO,40773,,NIFTY,,2026-04-07,2026-04-07,23000.0,PE,NIFTY2640723000PE,252.2,493.65,252.2,436.45,401.75,175.6,23002.15,436.45,452270,-17225,19531,29666065607.75,13606,F1,65,,,,,
2026-03-19,2026-03-19,FO,NSE,IDO,40771,,NIFTY,,2026-04-07,2026-04-07,22950.0,PE,NIFTY2640722950PE,378.8,416.1,376.7,390.55,398.3,50.7,23002.15,390.55,14040,13845,239,362595099.75,71,F1,65,,,,,
2026-03-19,2026-03-19,FO,NSE,IDO,40679,,NIFTY,,2026-04-07,2026-04-07,21500.0,PE,NIFTY2640721500PE,75.9,134.05,75.7,119.7,110.7,21.05,23002.15,119.7,157950,156520,6525,9160634561.0,4739,F1,65,,,,,
2026-03-19,2026-03-19,FO,NSE,IDO,40641,,NIFTY,,2026-04-07,2026-04-07,21000.0,PE,NIFTY2640721000PE,20.05,20.05,20.05,20.05,20.05,0.05,23002.15,20.05,390,390,6,8197819.5,5,F1,65,,,,,
2026-03-19,2026-03-19,FO,NSE,IDO,62936,,NIFTY,,2026-03-30,2026-03-30,29000.0,PE,NIFTY26MAR29000PE,5611.05,5994.0,5611.05,5928.4,5850.0,5191.05,23002.15,5928.4,374570,-16935,511,1157507991.25,371,F1,65,,,,,
2026-03-19,2026-03-19,FO,NSE,IDO,54751,,NIFTY,,2026-03-30,2026-03-30,27550.0,PE,NIFTY26MAR27550PE,0.0,0.0,0.0,3598.5,3603.25,3598.5,23002.15,4502.2,585,0,0,0.0,0,F1,65,,,,,
2026-03-19,2026-03-19,FO,NSE,IDO,54643,,NIFTY,,2026-03-30,2026-03-30,26200.0,PE,NIFTY26MAR26200PE,2944.0,3318.25,2890.0,3232.6,3079.25,2415.8,23002.15,3232.6,218010,-22035,468,890287778.25,243,F1,65,,,,,
2026-03-19,2026-03-19,FO,NSE,IDO,54591,,NIFTY,,2026-03-30,2026-03-30,25400.0,PE,NIFTY26MAR25400PE,2080.0,2422.05,2043.9,2340.25,2279.0,1605.7,23002.15,2340.25,435305,-910,180,322937501.25,137,F1,65,,,,,
2026-03-19,2026-03-19,FO,NSE,IDO,54587,,NIFTY,,2026-03-30,2026-03-30,25300.0,PE,NIFTY26MAR25300PE,1800.3,2328.6,1800.25,2247.95,2177.2,1520.35,23002.15,2247.95,213915,-14430,354,630442829.25,277,F1,65,,,,,
2026-03-19,2026-03-19,FO,NSE,IDO,54573,,NIFTY,,2026-03-30,2026-03-30,24900.0,PE,NIFTY26MAR24900PE,1527.25,1942.0,1527.25,1878.1,1780.0,1125.2,23002.15,1878.1,338975,-8320,321,554354021.0,284,F1,65,,,,,
2026-03-19,2026-03-19,FO,NSE,IDO,54567,,NIFTY,,2026-03-30,2026-03-30,24750.0,PE,NIFTY26MAR24750PE,1405.35,1817.5,1405.35,1747.5,1710.0,987.2,23002.15,1747.5,44590,-1235,90,154013486.25,65,F1,65,,,,,
2026-03-19,2026-03-19,FO,NSE,IDO,54565,,NIFTY,,2026-03-30,2026-03-30,24700.0,PE,NIFTY26MAR24700PE,1388.55,1767.95,1358.1,1656.65,1580.1,934.9,23002.15,1656.65,917345,-9750,752,1282343023.0,585,F1,65,,,,,
2026-03-19,2026-03-19,FO,NSE,IDO,54529,,NIFTY,,2026-03-30,2026-03-30,23750.0,PE,NIFTY26MAR23750PE,449.0,889.95,429.3,786.25,733.4,287.7,23002.15,786.25,145860,-206505,9770,15463338072.0,6360,F1,65,,,,,
2026-03-19,2026-03-19,FO,NSE,IDO,55470,,NIFTY,,2028-06-27,2028-06-27,19500.0,CE,NIFTY28JUN19500CE,0.0,0.0,0.0,9209.1,0.0,9209.1,23002.15,5924.95,0,0,0,0.0,0,F1,65,,,,,
2026-03-19,2026-03-19,FO,NSE,IDO,89630,,NIFTY,,2029-06-26,2029-06-26,24000.0,CE,NIFTY29JUN24000CE,0.0,0.0,0.0,8085.35,0.0,8085.35,23002.15,3854.25,0,0,0,0.0,0,F1,65,,,,,
2026-03-19,2026-03-19,FO,NSE,IDO,55700,,NIFTY,,2030-12-31,2030-12-31,19500.0,CE,NIFTY30DEC19500CE,0.0,0.0,0.0,11601.15,0.0,11601.15,23002.15,8180.15,0,0,0,0.0,0,F1,65,,,,,
2026-03-19,2026-03-19,FO,NSE,IDO,55704,,NIFTY,,2030-12-31,2030-12-31,22500.0,CE,NIFTY30DEC22500CE,0.0,0.0,0.0,9536.95,0.0,9536.95,23002.15,6201.1,0,0,0,0.0,0,F1,65,,,,,
2026-03-19,2026-03-19,FO,NSE,IDO,62349,,NIFTY,,2026-03-24,2026-03-24,21550.0,PE,NIFTY2632421550PE,13.15,26.15,10.15,20.45,18.65,6.9,23002.15,20.45,369590,72540,87149,122161511468.75,44287,F1,65,,,,,
2026-03-19,2026-03-19,FO,NSE,IDO,62571,,NIFTY,,2026-03-24,2026-03-24,23000.0,PE,NIFTY2632423000PE,138.9,309.05,105.05,254.1,230.0,49.85,23002.15,254.1,6527365,1028885,1908410,2876239973688.25,1132507,F1,65,,,,,
2026-03-19,2026-03-19,FO,NSE,IDO,62772,,NIFTY,,2026-03-24,2026-03-24,25550.0,PE,NIFTY2632425550PE,2400.0,2400.0,2400.0,2400.0,2400.0,1719.4,23002.15,2528.6,15210,-325,5,9083750.0,1,F1,65,,,,,
2026-03-19,2026-03-19,FO,NSE,IDO,62797,,NIFTY,,2026-03-24,2026-03-24,25800.0,PE,NIFTY2632425800PE,2450.0,2744.65,2450.0,2744.65,2744.65,1995.35,23002.15,2778.4,19825,-195,33,60842242.5,25,F1,65,,,,,
2026-03-19,2026-03-19,FO,NSE,IDO,62803,,NIFTY,,2026-03-24,2026-03-24,25850.0,PE,NIFTY2632425850PE,0.0,0.0,0.0,2038.15,2038.15,2038.15,23002.15,2828.4,1625,0,0,0.0,0,F1,65,,,,,
2026-03-19,2026-03-19,FO,NSE,IDO,62869,,NIFTY,,2026-03-24,2026-03-24,26750.0,PE,NIFTY2632426750PE,0.0,0.0,0.0,3328.25,3328.25,3328.25,23002.15,3727.7,130,0,0,0.0,0,F1,65,,,,,
2026-03-19,2026-03-19,FO,NSE,IDO,62959,,NIFTY,,2026-03-24,2026-03-24,27300.0,PE,NIFTY2632427300PE,0.0,0.0,0.0,3870.45,3870.45,3870.45,23002.15,4277.3,130,0,0,0.0,0,F1,65,,,,,
2026-03-19,2026-03-19,FO,NSE,IDO,62915,,NIFTY,,2026-03-30,2026-03-30,19000.0,PE,NIFTY26MAR19000PE,6.5,7.6,2.9,5.95,5.85,2.6,23002.15,5.95,5492090,35070,71474,88291483130.5,21485,F1,65,,,,,
2026-03-19,2026-03-19,FO,NSE,IDO,62917,,NIFTY,,2026-03-30,2026-03-30,20000.0,PE,NIFTY26MAR20000PE,15.0,22.35,10.6,17.9,16.75,8.7,23002.15,17.9,4926695,-127785,78356,101932996467.25,33128,F1,65,,,,,
2026-03-19,2026-03-19,FO,NSE,IDO,54416,,NIFTY,,2026-03-30,2026-03-30,20850.0,PE,NIFTY26MAR20850PE,20.05,37.7,18.55,30.5,30.25,0.15,23002.15,30.5,98475,98475,3518,4773933651.5,2616,F1,65,,,,,
2026-03-19,2026-03-19,FO,NSE,IDO,54442,,NIFTY,,2026-03-30,2026-03-30,21550.0,PE,NIFTY26MAR21550PE,0.0,0.0,0.0,0.9,0.0,0.9,23002.15,0.25,0,0,0,0.0,0,F1,65,,,,,
2026-03-19,2026-03-19,FO,NSE,IDO,54471,,NIFTY,,2026-03-30,2026-03-30,22300.0,PE,NIFTY26MAR22300PE,93.95,183.35,86.95,152.85,148.25,48.5,23002.15,152.85,392405,40235,34681,50544347828.0,24682,F1,65,,,,,
2026-03-19,2026-03-19,FO,NSE,IDO,54483,,NIFTY,,2026-03-30,2026-03-30,22600.0,PE,NIFTY26MAR22600PE,138.3,260.9,125.95,221.85,204.05,67.05,23002.15,221.85,426140,108290,35433,52454651535.0,26003,F1,65,,,,,
2026-03-19,2026-03-19,FO,NSE,IDO,72668,,NIFTY,,2026-04-28,2026-04-28,26700.0,PE,NIFTY26APR26700PE,3408.35,3409.95,3406.55,3408.05,3406.55,2753.35,23002.15,3408.05,5525,-520,8,15656176.25,8,F1,65,,,,,
2026-03-19,2026-03-19,FO,NSE,IDO,54715,,NIFTY,,2026-03-30,2026-03-30,26600.0,PE,NIFTY26MAR26600PE,3400.0,3466.15,3361.8,3462.05,3456.55,2780.0,23002.15,3462.05,35945,-455,15,29299926.5,15,F1,65,,,,,
2026-03-19,2026-03-19,FO,NSE,IDO,62929,,NIFTY,,2026-03-30,2026-03-30,26000.0,PE,NIFTY26MAR26000PE,2687.4,3050.45,2638.85,2962.7,2874.45,2198.65,23002.15,2962.7,3515740,-19785,1228,2298240743.5,1005,F1,65,,,,,
2026-03-19,2026-03-19,FO,NSE,IDO,54615,,NIFTY,,2026-03-30,2026-03-30,25750.0,PE,NIFTY26MAR25750PE,2496.75,2620.75,2474.0,2620.75,2620.75,1950.4,23002.15,2620.75,46215,-325,6,11028533.75,6,F1,65,,,,,
2026-03-19,2026-03-19,FO,NSE,IDO,54593,,NIFTY,,2026-03-30,2026-03-30,25450.0,PE,NIFTY26MAR25450PE,2163.0,2401.05,2142.2,2380.0,2369.0,1678.15,23002.15,2380.0,83525,1950,135,242931627.25,88,F1,65,,,,,
2026-03-19,2026-03-19,FO,NSE,IDO,54585,,NIFTY,,2026-03-30,2026-03-30,25250.0,PE,NIFTY26MAR25250PE,1920.5,2262.2,1900.0,2262.2,2262.2,1430.0,23002.15,2262.2,21970,-1560,51,90179778.0,34,F1,65,,,,,
2026-03-19,2026-03-19,FO,NSE,IDO,54571,,NIFTY,,2026-03-30,2026-03-30,24850.0,PE,NIFTY26MAR24850PE,1531.4,1866.45,1527.55,1827.1,1744.0,1079.15,23002.15,1827.1,32695,-1170,46,79217144.5,39,F1,65,,,,,
2026-03-19,2026-03-19,FO,NSE,IDO,62925,,NIFTY,,2026-03-30,2026-03-30,24000.0,PE,NIFTY26MAR24000PE,801.0,1106.95,675.0,997.45,925.0,407.2,23002.15,997.45,3486840,-565735,32702,52764678801.25,21898,F1,65,,,,,
2026-03-19,2026-03-19,FO,NSE,IDO,54505,,NIFTY,,2026-03-30,2026-03-30,23150.0,PE,NIFTY26MAR23150PE,226.1,490.0,226.1,416.55,375.45,133.75,23002.15,416.55,177320,-107185,25078,38297454185.25,18767,F1,65,,,,,
2026-03-19,2026-03-19,FO,NSE,IDO,54432,,NIFTY,,2026-03-30,2026-03-30,21300.0,PE,NIFTY26MAR21300PE,35.85,59.05,28.2,49.6,47.0,19.8,23002.15,49.6,72410,64870,5390,7476676265.5,3133,F1,65,,,,,
2026-03-19,2026-03-19,FO,NSE,IDO,62963,,NIFTY,,2026-03-24,2026-03-24,27350.0,PE,NIFTY2632427350PE,0.0,0.0,0.0,3922.75,3922.75,3922.75,23002.15,4327.25,130,0,0,0.0,0,F1,65,,,,,
2026-03-19,2026-03-19,FO,NSE,IDO,62827,,NIFTY,,2026-03-24,2026-03-24,26100.0,PE,NIFTY2632426100PE,0.0,0.0,0.0,2321.25,2321.25,2321.25,23002.15,3078.2,20345,0,0,0.0,0,F1,65,,,,,
2026-03-19,2026-03-19,FO,NSE,IDO,62687,,NIFTY,,2026-03-24,2026-03-24,24750.0,PE,NIFTY2632424750PE,1545.55,1545.55,1540.0,1541.0,1541.0,986.1,23002.15,1729.2,3705,-260,6,10254003.5,6,F1,65,,,,,
2026-03-19,2026-03-19,FO,NSE,IDO,40947,,NIFTY,,2026-04-07,2026-04-07,25600.0,PE,NIFTY2640725600PE,2400.0,2400.0,2400.0,2400.0,2400.0,1580.2,23002.15,2524.7,65,0,1,1820000.0,1,F1,65,,,,,
2026-03-19,2026-03-19,FO,NSE,IDO,40969,,NIFTY,,2026-04-07,2026-04-07,25950.0,PE,NIFTY2640725950PE,0.0,0.0,0.0,1922.35,1922.35,1922.35,23002.15,2873.65,65,0,0,0.0,0,F1,65,,,,,
2026-03-19,2026-03-19,FO,NSE,IDO,54706,,NIFTY,,2026-04-13,2026-04-13,22600.0,PE,NIFTY2641322600PE,0.0,0.0,0.0,18.35,0.0,18.35,23002.15,128.65,0,0,0,0.0,0,F1,65,,,,,
2026-03-19,2026-03-19,FO,NSE,IDO,54774,,NIFTY,,2026-04-13,2026-04-13,23200.0,PE,NIFTY2641323200PE,375.85,634.7,375.85,559.5,539.5,253.8,23002.15,559.5,6565,325,559,860813999.5,507,F1,65,,,,,
2026-03-19,2026-03-19,FO,NSE,IDO,54865,,NIFTY,,2026-04-13,2026-04-13,24300.0,PE,NIFTY2641324300PE,0.0,0.0,0.0,378.3,0.0,378.3,23002.15,1231.6,0,0,0,0.0,0,F1,65,,,,,
2026-03-19,2026-03-19,FO,NSE,IDO,54873,,NIFTY,,2026-04-13,2026-04-13,24500.0,PE,NIFTY2641324500PE,0.0,0.0,0.0,478.1,0.0,478.1,23002.15,1420.15,0,0,0,0.0,0,F1,65,,,,,
2026-03-19,2026-03-19,FO,NSE,IDO,63276,,NIFTY,,2026-04-21,2026-04-21,21300.0,PE,NIFTY2642121300PE,0.0,0.0,0.0,3.7,0.0,3.7,23002.15,6.3,0,0,0,0.0,0,F1,65,,,,,
2026-03-19,2026-03-19,FO,NSE,IDO,63278,,NIFTY,,2026-04-21,2026-04-21,21350.0,PE,NIFTY2642121350PE,0.0,0.0,0.0,4.3,0.0,4.3,23002.15,7.45,0,0,0,0.0,0,F1,65,,,,,
2026-03-19,2026-03-19,FO,NSE,IDO,63306,,NIFTY,,2026-04-21,2026-04-21,21700.0,PE,NIFTY2642121700PE,0.0,0.0,0.0,11.25,0.0,11.25,23002.15,20.95,0,0,0,0.0,0,F1,65,,,,,
2026-03-19,2026-03-19,FO,NSE,IDO,63308,,NIFTY,,2026-04-21,2026-04-21,21750.0,PE,NIFTY2642121750PE,0.0,0.0,0.0,12.8,0.0,12.8,23002.15,24.0,0,0,0,0.0,0,F1,65,,,,,
2026-03-19,2026-03-19,FO,NSE,IDO,63315,,NIFTY,,2026-04-21,2026-04-21,21850.0,PE,NIFTY2642121850PE,0.0,0.0,0.0,16.45,0.0,16.45,23002.15,31.25,0,0,0,0.0,0,F1,65,,,,,
2026-03-19,2026-03-19,FO,NSE,IDO,63327,,NIFTY,,2026-04-21,2026-04-21,22100.0,PE,NIFTY2642122100PE,0.0,0.0,0.0,29.55,0.0,29.55,23002.15,57.5,0,0,0,0.0,0,F1,65,,,,,
2026-03-19,2026-03-19,FO,NSE,IDO,63331,,NIFTY,,2026-04-21,2026-04-21,22200.0,PE,NIFTY2642122200PE,0.0,0.0,0.0,36.8,0.0,36.8,23002.15,71.95,0,0,0,0.0,0,F1,65,,,,,
2026-03-19,2026-03-19,FO,NSE,IDO,63409,,NIFTY,,2026-04-21,2026-04-21,23800.0,PE,NIFTY2642123800PE,828.15,1017.05,824.7,1017.05,1017.05,471.8,23002.15,804.95,2015,2015,61,97709761.5,54,F1,65,,,,,
2026-03-19,2026-03-19,FO,NSE,IDO,63413,,NIFTY,,2026-04-21,2026-04-21,23900.0,PE,NIFTY2642123900PE,0.0,0.0,0.0,526.25,0.0,526.25,23002.15,883.55,0,0,0,0.0,0,F1,65,,,,,
2026-03-19,2026-03-19,FO,NSE,IDO,63457,,NIFTY,,2026-04-21,2026-04-21,24500.0,PE,NIFTY2642124500PE,0.0,0.0,0.0,923.85,0.0,923.85,23002.15,1406.3,0,0,0,0.0,0,F1,65,,,,,
2026-03-19,2026-03-19,FO,NSE,IDO,71922,,NIFTY,,2026-04-28,2026-04-28,21350.0,PE,NIFTY26APR21350PE,0.0,0.0,0.0,2.1,0.0,2.1,23002.15,12.4,0,0,0,0.0,0,F1,65,,,,,
2026-03-19,2026-03-19,FO,NSE,IDO,62685,,NIFTY,,2026-03-24,2026-03-24,24700.0,PE,NIFTY2632424700PE,1386.85,1781.5,1370.1,1643.75,1610.0,934.4,23002.15,1643.75,69810,-3250,118,201009757.0,114,F1,65,,,,,
2026-03-19,2026-03-19,FO,NSE,IDO,62645,,NIFTY,,2026-03-24,2026-03-24,24200.0,PE,NIFTY2632424200PE,863.15,1289.05,750.05,1160.1,1120.5,488.85,23002.15,1160.1,185900,-38480,3037,4973806769.75,1994,F1,65,,,,,
2026-03-19,2026-03-19,FO,NSE,IDO,62587,,NIFTY,,2026-03-24,2026-03-24,23250.0,PE,NIFTY2632423250PE,190.0,458.45,175.65,388.55,347.5,76.95,23002.15,388.55,899665,326950,1077251,1646057937062.5,749801,F1,65,,,,,
2026-03-19,2026-03-19,FO,NSE,IDO,62569,,NIFTY,,2026-03-24,2026-03-24,22950.0,PE,NIFTY2632422950PE,114.8,285.0,100.15,238.4,211.25,45.6,23002.15,238.4,944060,182000,422786,635713801245.25,319777,F1,65,,,,,
2026-03-19,2026-03-19,FO,NSE,IDO,62392,,NIFTY,,2026-03-24,2026-03-24,22200.0,PE,NIFTY2632422200PE,44.45,75.1,28.7,61.2,56.65,15.0,23002.15,61.2,1795430,408850,350338,506544784593.25,174652,F1,65,,,,,
2026-03-19,2026-03-19,FO,NSE,IDO,71950,,NIFTY,,2026-04-28,2026-04-28,22000.0,PE,NIFTY26APR22000PE,188.15,345.1,188.15,323.75,306.3,163.65,23002.15,323.75,1716325,217360,47606,68947392751.25,24529,F1,65,,,,,
2026-03-19,2026-03-19,FO,NSE,IDO,72206,,NIFTY,,2026-04-28,2026-04-28,22950.0,PE,NIFTY26APR22950PE,0.0,0.0,0.0,40.35,0.0,40.35,23002.15,311.8,0,0,0,0.0,0,F1,65,,,,,
2026-03-19,2026-03-19,FO,NSE,IDO,72219,,NIFTY,,2026-04-28,2026-04-28,23250.0,PE,NIFTY26APR23250PE,528.0,757.2,504.5,683.85,657.5,358.35,23002.15,683.85,33280,9425,1110,1719897374.0,913,F1,65,,,,,
2026-03-19,2026-03-19,FO,NSE,IDO,72420,,NIFTY,,2026-04-28,2026-04-28,25550.0,PE,NIFTY26APR25550PE,2048.7,2048.7,2048.7,2048.7,2048.7,2006.95,23002.15,2398.6,6500,0,1,1793915.5,1,F1,65,,,,,
2026-03-19,2026-03-19,FO,NSE,IDO,72430,,NIFTY,,2026-04-28,2026-04-28,25750.0,PE,NIFTY26APR25750PE,2458.4,2542.5,2458.4,2542.5,2542.5,2049.2,23002.15,2542.5,2535,-130,3,5508808.5,3,F1,65,,,,,
2026-03-19,2026-03-19,FO,NSE,IDO,72748,,NIFTY,,2026-04-28,2026-04-28,27350.0,PE,NIFTY26APR27350PE,0.0,0.0,0.0,3204.75,3204.75,3204.75,23002.15,4183.5,65,0,0,0.0,0,F1,65,,,,,
2026-03-19,2026-03-19,FO,NSE,IDO,72770,,NIFTY,,2026-04-28,2026-04-28,27650.0,PE,NIFTY26APR27650PE,0.0,0.0,0.0,3496.95,3496.95,3496.95,23002.15,4481.7,65,0,0,0.0,0,F1,65,,,,,
2026-03-19,2026-03-19,FO,NSE,IDO,72170,,NIFTY,,2026-05-26,2026-05-26,23750.0,PE,NIFTY26MAY23750PE,944.5,944.5,944.5,944.5,944.5,562.35,23002.15,819.85,520,65,1,1605142.5,1,F1,65,,,,,
2026-03-19,2026-03-19,FO,NSE,IDO,72301,,NIFTY,,2026-05-26,2026-05-26,25050.0,PE,NIFTY26MAY25050PE,1408.95,1408.95,1408.95,1408.95,1408.95,1408.95,23002.15,1852.4,780,-65,1,1719831.75,1,F1,65,,,,,
2026-03-19,2026-03-19,FO,NSE,IDO,72372,,NIFTY,,2026-05-26,2026-05-26,25750.0,PE,NIFTY26MAY25750PE,0.0,0.0,0.0,1715.1,1715.1,1715.1,23002.15,2505.1,910,0,0,0.0,0,F1,65,,,,,
2026-03-19,2026-03-19,FO,NSE,IDO,71473,,NIFTY,,2026-06-30,2026-06-30,24000.0,PE,NIFTY26JUN24000PE,939.95,1224.9,919.35,1165.95,1112.0,716.7,23002.15,1165.95,1795490,-100370,9153,14899646495.5,6468,F1,65,,,,,
2026-03-19,2026-03-19,FO,NSE,IDO,55281,,NIFTY,,2026-09-29,2026-09-29,16500.0,PE,NIFTY26SEP16500PE,0.0,0.0,0.0,0.05,0.0,0.05,23002.15,0.05,0,0,0,0.0,0,F1,65,,,,,
2026-03-19,2026-03-19,FO,NSE,IDO,55283,,NIFTY,,2026-09-29,2026-09-29,19500.0,PE,NIFTY26SEP19500PE,0.0,0.0,0.0,2.4,0.0,2.4,23002.15,16.25,0,0,0,0.0,0,F1,65,,,,,
2026-03-19,2026-03-19,FO,NSE,IDO,58631,,NIFTY,,2026-12-29,2026-12-29,13000.0,PE,NIFTY26DEC13000PE,0.0,0.0,0.0,30.0,30.0,30.0,23002.15,0.05,3975,0,0,0.0,0,F1,65,,,,,
2026-03-19,2026-03-19,FO,NSE,IDO,58647,,NIFTY,,2026-12-29,2026-12-29,21000.0,PE,NIFTY26DEC21000PE,358.05,446.7,358.05,423.6,425.7,298.7,23002.15,423.6,318910,2715,1788,2486603489.5,1015,F1,65,,,,,
2026-03-19,2026-03-19,FO,NSE,IDO,50979,,NIFTY,,2026-12-29,2026-12-29,27000.0,PE,NIFTY26DEC27000PE,2600.0,2984.75,2600.0,2870.6,2840.0,2293.25,23002.15,2870.6,612925,-3315,403,780035363.25,270,F1,65,,,,,
2026-03-19,2026-03-19,FO,NSE,IDO,55373,,NIFTY,,2027-06-29,2027-06-29,19500.0,PE,NIFTY27JUN19500PE,0.0,0.0,0.0,17.3,0.0,17.3,23002.15,74.95,0,0,0,0.0,0,F1,65,,,,,
2026-03-19,2026-03-19,FO,NSE,IDO,71554,,NIFTY,,2027-06-29,2027-06-29,21000.0,PE,NIFTY27JUN21000PE,0.0,0.0,0.0,500.0,500.0,500.0,23002.15,225.8,2260,0,0,0.0,0,F1,65,,,,,
2026-03-19,2026-03-19,FO,NSE,IDO,53627,,NIFTY,,2027-12-28,2027-12-28,25000.0,PE,NIFTY27DEC25000PE,1536.2,1734.45,1536.0,1734.45,1734.45,1318.45,23002.15,1734.45,9525,100,15,25925900.0,15,F1,65,,,,,
2026-03-19,2026-03-19,FO,NSE,IDO,53630,,NIFTY,,2027-12-28,2027-12-28,26000.0,PE,NIFTY27DEC26000PE,1857.25,2065.7,1857.25,2050.0,2050.0,1633.9,23002.15,1938.5,12255,-455,63,114467580.5,37,F1,65,,,,,
2026-03-19,2026-03-19,FO,NSE,IDO,67765,,NIFTY,,2028-12-26,2028-12-26,15000.0,PE,NIFTY28DEC15000PE,0.0,0.0,0.0,22.25,0.0,22.25,23002.15,4.9,0,0,0,0.0,0,F1,65,,,,,
2026-03-19,2026-03-19,FO,NSE,IDO,67775,,NIFTY,,2028-12-26,2028-12-26,20000.0,PE,NIFTY28DEC20000PE,0.0,0.0,0.0,330.0,330.0,330.0,23002.15,186.4,1100,0,0,0.0,0,F1,65,,,,,
2026-03-19,2026-03-19,FO,NSE,IDO,55557,,NIFTY,,2029-06-26,2029-06-26,16500.0,PE,NIFTY29JUN16500PE,0.0,0.0,0.0,8.1,0.0,8.1,23002.15,24.3,0,0,0,0.0,0,F1,65,,,,,
2026-03-19,2026-03-19,FO,NSE,IDO,89625,,NIFTY,,2029-06-26,2029-06-26,21000.0,PE,NIFTY29JUN21000PE,0.0,0.0,0.0,320.25,0.0,320.25,23002.15,306.35,0,0,0,0.0,0,F1,65,,,,,
2026-03-19,2026-03-19,FO,NSE,IDO,89643,,NIFTY,,2029-06-26,2029-06-26,30000.0,PE,NIFTY29JUN30000PE,0.0,0.0,0.0,2031.05,0.0,2031.05,23002.15,3457.3,0,0,0,0.0,0,F1,65,,,,,
2026-03-19,2026-03-19,FO,NSE,IDO,89649,,NIFTY,,2029-06-26,2029-06-26,33000.0,PE,NIFTY29JUN33000PE,0.0,0.0,0.0,3022.85,0.0,3022.85,23002.15,5337.25,0,0,0,0.0,0,F1,65,,,,,
2026-03-19,2026-03-19,FO,NSE,IDO,61660,,NIFTY,,2029-12-24,2029-12-24,21000.0,PE,NIFTY29DEC21000PE,0.0,0.0,0.0,278.8,0.0,278.8,23002.15,305.6,0,0,0,0.0,0,F1,65,,,,,
2026-03-19,2026-03-19,FO,NSE,IDO,61773,,NIFTY,,2029-12-24,2029-12-24,25000.0,PE,NIFTY29DEC25000PE,0.0,0.0,0.0,709.7,709.7,709.7,23002.15,1120.55,290,0,0,0.0,0,F1,65,,,,,
2026-03-19,2026-03-19,FO,NSE,IDO,55602,,NIFTY,,2029-12-24,2029-12-24,22500.0,CE,NIFTY29DEC22500CE,0.0,0.0,0.0,8486.15,0.0,8486.15,23002.15,5246.65,0,0,0,0.0,0,F1,65,,,,,
2026-03-19,2026-03-19,FO,NSE,IDO,55568,,NIFTY,,2029-06-26,2029-06-26,34500.0,CE,NIFTY29JUN34500CE,0.0,0.0,0.0,1895.7,0.0,1895.7,23002.15,568.85,0,0,0,0.0,0,F1,65,,,,,
2026-03-19,2026-03-19,FO,NSE,IDO,86163,,NIFTY,,2028-06-27,2028-06-27,27000.0,CE,NIFTY28JUN27000CE,0.0,0.0,0.0,2885.15,0.0,2885.15,23002.15,1477.35,0,0,0,0.0,0,F1,65,,,,,
2026-03-19,2026-03-19,FO,NSE,IDO,55330,,NIFTY,,2026-12-29,2026-12-29,28500.0,CE,NIFTY26DEC28500CE,154.95,168.5,153.55,163.3,164.0,183.65,23002.15,163.3,27625,-1690,141,262680990.0,71,F1,65,,,,,
2026-03-19,2026-03-19,FO,NSE,IDO,55282,,NIFTY,,2026-09-29,2026-09-29,19500.0,CE,NIFTY26SEP19500CE,0.0,0.0,0.0,7303.95,0.0,7303.95,23002.15,4080.15,0,0,0,0.0,0,F1,65,,,,,
2026-03-19,2026-03-19,FO,NSE,IDO,72621,,NIFTY,,2026-05-26,2026-05-26,27050.0,CE,NIFTY26MAY27050CE,29.45,29.45,23.65,27.95,27.95,51.25,23002.15,27.95,1235,585,32,56322350.5,7,F1,65,,,,,
2026-03-19,2026-03-19,FO,NSE,IDO,72450,,NIFTY,,2026-05-26,2026-05-26,26250.0,CE,NIFTY26MAY26250CE,42.65,48.15,42.65,47.0,47.0,66.0,23002.15,8.15,1820,0,16,27347882.25,7,F1,65,,,,,
2026-03-19,2026-03-19,FO,NSE,IDO,72302,,NIFTY,,2026-05-26,2026-05-26,25100.0,CE,NIFTY26MAY25100CE,159.8,178.35,147.4,157.45,167.6,240.65,23002.15,157.45,11765,520,332,545199014.75,146,F1,65,,,,,
2026-03-19,2026-03-19,FO,NSE,IDO,72185,,NIFTY,,2026-05-26,2026-05-26,24150.0,CE,NIFTY26MAY24150CE,471.05,476.65,407.95,440.2,441.25,641.35,23002.15,440.2,3315,1300,31,49578301.5,28,F1,65,,,,,
2026-03-19,2026-03-19,FO,NSE,IDO,72754,,NIFTY,,2026-04-28,2026-04-28,27450.0,CE,NIFTY26APR27450CE,0.0,0.0,0.0,12.0,12.0,12.0,23002.15,0.05,3380,0,0,0.0,0,F1,65,,,,,
2026-03-19,2026-03-19,FO,NSE,IDO,72723,,NIFTY,,2026-04-28,2026-04-28,26950.0,CE,NIFTY26APR26950CE,14.1,15.0,12.6,14.5,14.0,14.45,23002.15,14.5,5980,0,5,8763280.5,5,F1,65,,,,,
2026-03-19,2026-03-19,FO,NSE,IDO,72497,,NIFTY,,2026-04-28,2026-04-28,26550.0,CE,NIFTY26APR26550CE,18.45,18.45,15.0,17.5,17.5,20.9,23002.15,17.5,7605,260,108,186496277.5,80,F1,65,,,,,
2026-03-19,2026-03-19,FO,NSE,IDO,72434,,NIFTY,,2026-04-28,2026-04-28,25850.0,CE,NIFTY26APR25850CE,27.35,33.3,27.0,31.3,32.1,43.35,23002.15,31.3,11245,2210,83,139624254.25,39,F1,65,,,,,
2026-03-19,2026-03-19,FO,NSE,IDO,72427,,NIFTY,,2026-04-28,2026-04-28,25700.0,CE,NIFTY26APR25700CE,35.35,43.2,31.5,34.65,34.35,49.7,23002.15,34.65,91130,-16510,2239,3745111249.75,1554,F1,65,,,,,
2026-03-19,2026-03-19,FO,NSE,IDO,72337,,NIFTY,,2026-04-28,2026-04-28,24800.0,CE,NIFTY26APR24800CE,100.3,123.8,96.0,107.6,116.55,179.95,23002.15,107.6,219960,36725,7121,11530388957.75,4836,F1,65,,,,,
2026-03-19,2026-03-19,FO,NSE,IDO,72251,,NIFTY,,2026-04-28,2026-04-28,23700.0,CE,NIFTY26APR23700CE,493.5,503.4,381.05,419.65,440.0,701.8,23002.15,419.65,136045,1755,3198,5021053950.25,2485,F1,65,,,,,
2026-03-19,2026-03-19,FO,NSE,IDO,72222,,NIFTY,,2026-04-28,2026-04-28,23350.0,CE,NIFTY26APR23350CE,699.0,702.0,547.85,600.2,620.0,1002.0,23002.15,600.2,21710,5135,519,809312952.5,391,F1,65,,,,,
2026-03-19,2026-03-19,FO,NSE,IDO,71963,,NIFTY,,2026-04-28,2026-04-28,22350.0,CE,NIFTY26APR22350CE,1338.95,1389.25,1160.35,1160.35,1160.35,1420.95,23002.15,906.25,520,455,7,10753860.0,7,F1,65,,,,,
2026-03-19,2026-03-19,FO,NSE,IDO,71949,,NIFTY,,2026-04-28,2026-04-28,22000.0,CE,NIFTY26APR22000CE,1700.15,1714.45,1413.2,1474.5,1532.2,2058.2,23002.15,1474.5,649675,146445,4725,7233044884.0,2776,F1,65,,,,,
2026-03-19,2026-03-19,FO,NSE,IDO,71947,,NIFTY,,2026-04-28,2026-04-28,21950.0,CE,NIFTY26APR21950CE,1589.1,1589.4,1582.3,1586.35,1589.1,1669.35,23002.15,1586.35,520,390,13,19888199.5,13,F1,65,,,,,
2026-03-19,2026-03-19,FO,NSE,IDO,71943,,NIFTY,,2026-04-28,2026-04-28,21850.0,CE,NIFTY26APR21850CE,0.0,0.0,0.0,2308.0,2308.0,2308.0,23002.15,1326.75,130,0,0,0.0,0,F1,65,,,,,
2026-03-19,2026-03-19,FO,NSE,IDO,71861,,NIFTY,,2026-04-28,2026-04-28,20950.0,CE,NIFTY26APR20950CE,0.0,0.0,0.0,2648.7,2648.7,2648.7,23002.15,2181.8,65,0,0,0.0,0,F1,65,,,,,
2026-03-19,2026-03-19,FO,NSE,IDO,63504,,NIFTY,,2026-04-21,2026-04-21,25450.0,CE,NIFTY2642125450CE,0.0,0.0,0.0,35.0,0.0,35.0,23002.15,2.45,0,0,0,0.0,0,F1,65,,,,,
2026-03-19,2026-03-19,FO,NSE,IDO,63420,,NIFTY,,2026-04-21,2026-04-21,24050.0,CE,NIFTY2642124050CE,258.45,259.15,251.85,251.85,251.85,306.95,23002.15,78.2,195,195,3,4739764.25,3,F1,65,,,,,
2026-03-19,2026-03-19,FO,NSE,IDO,63406,,NIFTY,,2026-04-21,2026-04-21,23750.0,CE,NIFTY2642123750CE,0.0,0.0,0.0,436.35,0.0,436.35,23002.15,136.8,0,0,0,0.0,0,F1,65,,,,,
2026-03-19,2026-03-19,FO,NSE,IDO,63388,,NIFTY,,2026-04-21,2026-04-21,23300.0,CE,NIFTY2642123300CE,0.0,0.0,0.0,690.1,0.0,690.1,23002.15,282.0,0,0,0,0.0,0,F1,65,,,,,
2026-03-19,2026-03-19,FO,NSE,IDO,63346,,NIFTY,,2026-04-21,2026-04-21,22550.0,CE,NIFTY2642122550CE,0.0,0.0,0.0,1257.05,0.0,1257.05,23002.15,710.15,0,0,0,0.0,0,F1,65,,,,,
2026-03-19,2026-03-19,FO,NSE,IDO,63299,,NIFTY,,2026-04-21,2026-04-21,21650.0,CE,NIFTY2642121650CE,0.0,0.0,0.0,2086.3,0.0,2086.3,23002.15,1477.75,0,0,0,0.0,0,F1,65,,,,,
2026-03-19,2026-03-19,FO,NSE,IDO,63288,,NIFTY,,2026-04-21,2026-04-21,21500.0,CE,NIFTY2642121500CE,0.0,0.0,0.0,2232.0,0.0,2232.0,23002.15,1620.6,0,0,0,0.0,0,F1,65,,,,,
2026-03-19,2026-03-19,FO,NSE,IDO,54978,,NIFTY,,2026-04-13,2026-04-13,25750.0,CE,NIFTY2641325750CE,21.1,21.1,13.6,14.0,14.0,20.15,23002.15,14.0,455,0,14,23447651.5,8,F1,65,,,,,
2026-03-19,2026-03-19,FO,NSE,IDO,54972,,NIFTY,,2026-04-13,2026-04-13,25600.0,CE,NIFTY2641325600CE,15.4,19.9,15.4,19.3,19.6,23.95,23002.15,19.3,3705,2860,152,253103311.5,75,F1,65,,,,,
2026-03-19,2026-03-19,FO,NSE,IDO,54833,,NIFTY,,2026-04-13,2026-04-13,24200.0,CE,NIFTY2641324200CE,153.6,157.7,115.55,127.3,141.95,267.65,23002.15,127.3,8580,6435,544,860703077.0,257,F1,65,,,,,
2026-03-19,2026-03-19,FO,NSE,IDO,54818,,NIFTY,,2026-04-13,2026-04-13,24100.0,CE,NIFTY2641324100CE,176.35,181.65,135.95,156.65,166.4,326.05,23002.15,156.65,4485,2665,141,222353244.75,77,F1,65,,,,,
2026-03-19,2026-03-19,FO,NSE,IDO,54773,,NIFTY,,2026-04-13,2026-04-13,23200.0,CE,NIFTY2641323200CE,597.0,597.15,455.5,499.15,528.6,1277.5,23002.15,499.15,7410,7410,305,470523267.5,256,F1,65,,,,,
2026-03-19,2026-03-19,FO,NSE,IDO,54458,,NIFTY,,2026-04-13,2026-04-13,21100.0,CE,NIFTY2641321100CE,0.0,0.0,0.0,3296.35,0.0,3296.35,23002.15,1982.6,0,0,0,0.0,0,F1,65,,,,,
2026-03-19,2026-03-19,FO,NSE,IDO,40976,,NIFTY,,2026-04-07,2026-04-07,26150.0,CE,NIFTY2640726150CE,8.8,8.8,7.7,8.45,8.45,8.8,23002.15,8.45,1560,65,6,10201785.75,5,F1,65,,,,,
2026-03-19,2026-03-19,FO,NSE,IDO,40880,,NIFTY,,2026-04-07,2026-04-07,24800.0,CE,NIFTY2640724800CE,27.9,33.95,26.8,31.0,33.0,60.45,23002.15,31.0,169520,4355,2391,3858955200.75,1704,F1,65,,,,,
2026-03-19,2026-03-19,FO,NSE,IDO,40781,,NIFTY,,2026-04-07,2026-04-07,23200.0,CE,NIFTY2640723200CE,531.15,570.45,364.45,408.6,445.0,794.0,23002.15,408.6,111865,98865,5781,8890691823.0,4387,F1,65,,,,,
2026-03-19,2026-03-19,FO,NSE,IDO,40642,,NIFTY,,2026-04-07,2026-04-07,21050.0,CE,NIFTY2640721050CE,0.0,0.0,0.0,2364.6,2364.6,2364.6,23002.15,2012.55,65,0,0,0.0,0,F1,65,,,,,
2026-03-19,2026-03-19,FO,NSE,IDO,54726,,NIFTY,,2026-03-30,2026-03-30,26900.0,CE,NIFTY26MAR26900CE,2.5,3.15,2.15,2.45,2.15,2.5,23002.15,2.45,76570,195,397,694222906.0,214,F1,65,,,,,
2026-03-19,2026-03-19,FO,NSE,IDO,54712,,NIFTY,,2026-03-30,2026-03-30,26550.0,CE,NIFTY26MAR26550CE,2.85,3.3,2.35,3.0,2.35,2.85,23002.15,3.0,45435,3380,503,868151141.0,190,F1,65,,,,,
2026-03-19,2026-03-19,FO,NSE,IDO,54669,,NIFTY,,2026-03-30,2026-03-30,26450.0,CE,NIFTY26MAR26450CE,3.25,3.35,2.55,2.7,2.8,3.0,23002.15,2.7,38090,260,246,422984402.75,174,F1,65,,,,,
2026-03-19,2026-03-19,FO,NSE,IDO,54644,,NIFTY,,2026-03-30,2026-03-30,26250.0,CE,NIFTY26MAR26250CE,2.5,7.85,2.45,3.65,7.85,3.45,23002.15,3.65,55315,8125,905,1544368761.0,467,F1,65,,,,,
2026-03-19,2026-03-19,FO,NSE,IDO,54558,,NIFTY,,2026-03-30,2026-03-30,24550.0,CE,NIFTY26MAR24550CE,22.75,25.25,16.7,18.95,20.8,44.7,23002.15,18.95,150670,34905,9861,15747715158.5,6952,F1,65,,,,,
2026-03-19,2026-03-19,FO,NSE,IDO,54548,,NIFTY,,2026-03-30,2026-03-30,24300.0,CE,NIFTY26MAR24300CE,32.8,38.55,26.0,29.5,34.05,91.5,23002.15,29.5,878865,-267020,60031,94941034080.75,40668,F1,65,,,,,
2026-03-19,2026-03-19,FO,NSE,IDO,54542,,NIFTY,,2026-03-30,2026-03-30,24150.0,CE,NIFTY26MAR24150CE,49.75,54.95,34.4,40.55,47.5,130.65,23002.15,40.55,139880,-9620,14995,23582821518.75,10288,F1,65,,,,,
2026-03-19,2026-03-19,FO,NSE,IDO,54524,,NIFTY,,2026-03-30,2026-03-30,23650.0,CE,NIFTY26MAR23650CE,112.0,206.45,106.1,124.0,143.35,375.95,23002.15,124.0,226395,25740,17297,26758648124.0,13111,F1,65,,,,,
2026-03-19,2026-03-19,FO,NSE,IDO,54435,,NIFTY,,2026-03-30,2026-03-30,21400.0,CE,NIFTY26MAR21400CE,1758.65,1767.0,1758.65,1762.85,1767.0,2132.9,23002.15,1762.85,130,0,2,3011167.25,2,F1,65,,,,,
2026-03-19,2026-03-19,FO,NSE,IDO,54425,,NIFTY,,2026-03-30,2026-03-30,21150.0,CE,NIFTY26MAR21150CE,1997.0,2005.8,1997.0,2001.4,2005.8,2368.4,23002.15,2001.4,130,65,2,3009682.0,2,F1,65,,,,,
2026-03-19,2026-03-19,FO,NSE,IDO,62982,,NIFTY,,2026-03-24,2026-03-24,27500.0,CE,NIFTY2632427500CE,0.9,10.25,0.65,0.9,0.75,0.9,23002.15,0.9,1408745,768105,148084,264710104015.5,23752,F1,65,,,,,
2026-03-19,2026-03-19,FO,NSE,IDO,62795,,NIFTY,,2026-03-24,2026-03-24,25800.0,CE,NIFTY2632425800CE,1.65,3.25,1.3,1.8,1.4,1.35,23002.15,1.8,243620,-255125,122702,205785670720.5,24123,F1,65,,,,,
2026-03-19,2026-03-19,FO,NSE,IDO,62397,,NIFTY,,2026-03-24,2026-03-24,22350.0,CE,NIFTY2632422350CE,966.05,1018.8,665.6,781.55,814.75,1395.95,23002.15,781.55,6890,6630,286,431463942.0,143,F1,65,,,,,
2026-03-19,2026-03-19,FO,NSE,IDO,62344,,NIFTY,,2026-03-24,2026-03-24,21450.0,CE,NIFTY2632421450CE,0.0,0.0,0.0,2011.95,2017.6,2011.95,23002.15,1568.3,130,0,0,0.0,0,F1,65,,,,,
2026-03-19,2026-03-19,FO,NSE,IDO,62277,,NIFTY,,2026-03-24,2026-03-24,20950.0,CE,NIFTY2632420950CE,0.0,0.0,0.0,2515.15,2515.15,2515.15,23002.15,2067.95,65,0,0,0.0,0,F1,65,,,,,
2026-03-19,2026-03-19,FO,NSE,IDF,51714,,NIFTY,,2026-03-30,2026-03-30,,,NIFTY26MARFUT,23340.0,23391.4,22940.2,23054.8,23125.7,23776.4,23002.15,23054.8,17114240,-338715,143818,216899048619.5,86487,F1,65,,,,,
2026-03-19,2026-03-19,FO,NSE,IDO,40787,,NIFTY,,2026-04-07,2026-04-07,23300.0,PE,NIFTY2640723300PE,351.0,642.0,351.0,578.15,533.5,232.3,23002.15,578.15,106535,23140,7243,11192801064.25,5260,F1,65,,,,,
2026-03-19,2026-03-19,FO,NSE,IDO,40931,,NIFTY,,2026-04-07,2026-04-07,25500.0,CE,NIFTY2640725500CE,13.7,17.0,11.0,13.4,13.8,16.9,23002.15,13.4,99125,17810,2122,3518991771.75,1156,F1,65,,,,,
2026-03-19,2026-03-19,FO,NSE,IDO,40984,,NIFTY,,2026-04-07,2026-04-07,26350.0,CE,NIFTY2640726350CE,6.95,6.95,4.15,4.8,5.0,8.3,23002.15,4.8,1105,-1170,32,54818825.75,17,F1,65,,,,,
2026-03-19,2026-03-19,FO,NSE,IDO,40998,,NIFTY,,2026-04-07,2026-04-07,26600.0,CE,NIFTY2640726600CE,4.75,5.65,3.05,4.5,3.5,5.9,23002.15,4.5,24635,-3250,343,593144207.5,168,F1,65,,,,,
2026-03-19,2026-03-19,FO,NSE,IDO,54189,,NIFTY,,2026-04-13,2026-04-13,20900.0,CE,NIFTY2641320900CE,0.0,0.0,0.0,3495.0,0.0,3495.0,23002.15,2181.15,0,0,0,0.0,0,F1,65,,,,,
2026-03-19,2026-03-19,FO,NSE,IDO,54269,,NIFTY,,2026-04-13,2026-04-13,20950.0,CE,NIFTY2641320950CE,0.0,0.0,0.0,3445.35,0.0,3445.35,23002.15,2131.5,0,0,0,0.0,0,F1,65,,,,,
2026-03-19,2026-03-19,FO,NSE,IDO,54606,,NIFTY,,2026-04-13,2026-04-13,21300.0,CE,NIFTY2641321300CE,0.0,0.0,0.0,3097.85,0.0,3097.85,23002.15,1784.8,0,0,0,0.0,0,F1,65,,,,,
2026-03-19,2026-03-19,FO,NSE,IDO,54635,,NIFTY,,2026-04-13,2026-04-13,21500.0,CE,NIFTY2641321500CE,0.0,0.0,0.0,2899.45,0.0,2899.45,23002.15,1588.5,0,0,0,0.0,0,F1,65,,,,,
2026-03-19,2026-03-19,FO,NSE,IDO,54711,,NIFTY,,2026-04-13,2026-04-13,22700.0,CE,NIFTY2641322700CE,0.0,0.0,0.0,1729.7,0.0,1729.7,23002.15,545.6,0,0,0,0.0,0,F1,65,,,,,
2026-03-19,2026-03-19,FO,NSE,IDO,54759,,NIFTY,,2026-04-13,2026-04-13,22850.0,CE,NIFTY2641322850CE,0.0,0.0,0.0,1590.2,0.0,1590.2,23002.15,448.85,0,0,0,0.0,0,F1,65,,,,,
2026-03-19,2026-03-19,FO,NSE,IDO,54763,,NIFTY,,2026-04-13,2026-04-13,22950.0,CE,NIFTY2641322950CE,594.7,594.7,594.7,594.7,594.7,1498.8,23002.15,594.7,260,260,4,6121622.0,2,F1,65,,,,,
2026-03-19,2026-03-19,FO,NSE,IDO,54769,,NIFTY,,2026-04-13,2026-04-13,23100.0,CE,NIFTY2641323100CE,647.05,647.05,506.6,572.2,575.5,1364.7,23002.15,572.2,2340,2340,63,97014771.75,56,F1,65,,,,,
2026-03-19,2026-03-19,FO,NSE,IDO,54876,,NIFTY,,2026-04-13,2026-04-13,24600.0,CE,NIFTY2641324600CE,76.0,77.3,64.0,71.7,75.35,133.85,23002.15,71.7,3445,1495,91,145929351.75,54,F1,65,,,,,
2026-03-19,2026-03-19,FO,NSE,IDO,54906,,NIFTY,,2026-04-13,2026-04-13,25150.0,CE,NIFTY2641325150CE,30.65,32.25,29.6,31.7,31.85,50.9,23002.15,31.7,2275,1040,26,42555097.0,11,F1,65,,,,,
2026-03-19,2026-03-19,FO,NSE,IDO,54962,,NIFTY,,2026-04-13,2026-04-13,25350.0,CE,NIFTY2641325350CE,21.85,27.6,21.85,27.6,27.6,42.0,23002.15,27.6,1235,455,18,29687729.5,7,F1,65,,,,,
2026-03-19,2026-03-19,FO,NSE,IDO,54966,,NIFTY,,2026-04-13,2026-04-13,25450.0,CE,NIFTY2641325450CE,19.25,24.35,19.25,24.05,23.95,33.75,23002.15,24.05,780,65,10,16556822.75,5,F1,65,,,,,
2026-03-19,2026-03-19,FO,NSE,IDO,54974,,NIFTY,,2026-04-13,2026-04-13,25650.0,CE,NIFTY2641325650CE,14.85,17.0,12.8,16.55,17.0,24.4,23002.15,16.55,3120,2080,102,170159775.5,54,F1,65,,,,,
2026-03-19,2026-03-19,FO,NSE,IDO,54982,,NIFTY,,2026-04-13,2026-04-13,25850.0,CE,NIFTY2641325850CE,18.6,21.0,15.0,15.0,15.0,22.45,23002.15,0.1,650,-650,16,26903623.5,5,F1,65,,,,,
2026-03-19,2026-03-19,FO,NSE,IDO,63172,,NIFTY,,2026-04-21,2026-04-21,20850.0,CE,NIFTY2642120850CE,0.0,0.0,0.0,2871.95,0.0,2871.95,23002.15,2256.85,0,0,0,0.0,0,F1,65,,,,,
2026-03-19,2026-03-19,FO,NSE,IDO,63309,,NIFTY,,2026-04-21,2026-04-21,21800.0,CE,NIFTY2642121800CE,0.0,0.0,0.0,1941.95,0.0,1941.95,23002.15,1337.7,0,0,0,0.0,0,F1,65,,,,,
2026-03-19,2026-03-19,FO,NSE,IDO,63328,,NIFTY,,2026-04-21,2026-04-21,22150.0,CE,NIFTY2642122150CE,0.0,0.0,0.0,1612.75,0.0,1612.75,23002.15,1026.4,0,0,0,0.0,0,F1,65,,,,,
2026-03-19,2026-03-19,FO,NSE,IDO,63336,,NIFTY,,2026-04-21,2026-04-21,22350.0,CE,NIFTY2642122350CE,0.0,0.0,0.0,1431.5,0.0,1431.5,23002.15,861.95,0,0,0,0.0,0,F1,65,,,,,
2026-03-19,2026-03-19,FO,NSE,IDO,63378,,NIFTY,,2026-04-21,2026-04-21,23050.0,CE,NIFTY2642123050CE,0.0,0.0,0.0,860.95,0.0,860.95,23002.15,398.2,0,0,0,0.0,0,F1,65,,,,,
2026-03-19,2026-03-19,FO,NSE,IDO,63478,,NIFTY,,2026-04-21,2026-04-21,24950.0,CE,NIFTY2642124950CE,0.0,0.0,0.0,84.35,0.0,84.35,23002.15,9.95,0,0,0,0.0,0,F1,65,,,,,
2026-03-19,2026-03-19,FO,NSE,IDO,63486,,NIFTY,,2026-04-21,2026-04-21,25150.0,CE,NIFTY2642125150CE,0.0,0.0,0.0,60.2,0.0,60.2,23002.15,5.8,0,0,0,0.0,0,F1,65,,,,,
2026-03-19,2026-03-19,FO,NSE,IDO,71931,,NIFTY,,2026-04-28,2026-04-28,21600.0,CE,NIFTY26APR21600CE,0.0,0.0,0.0,1982.85,1982.85,1982.85,23002.15,1555.85,65,0,0,0.0,0,F1,65,,,,,
2026-03-19,2026-03-19,FO,NSE,IDO,71967,,NIFTY,,2026-04-28,2026-04-28,22450.0,CE,NIFTY26APR22450CE,1261.95,1311.45,1131.75,1131.75,1131.75,1323.5,23002.15,830.2,390,325,5,7701889.0,5,F1,65,,,,,
2026-03-19,2026-03-19,FO,NSE,IDO,72158,,NIFTY,,2026-04-28,2026-04-28,22550.0,CE,NIFTY26APR22550CE,1220.0,1220.0,1036.15,1114.3,1114.3,1340.8,23002.15,1114.3,2340,2015,36,55492157.5,31,F1,65,,,,,
2026-03-19,2026-03-19,FO,NSE,IDO,72160,,NIFTY,,2026-04-28,2026-04-28,22600.0,CE,NIFTY26APR22600CE,1209.45,1228.7,980.05,1033.45,1091.15,1327.85,23002.15,1033.45,3120,1430,223,343703662.25,179,F1,65,,,,,
2026-03-19,2026-03-19,FO,NSE,IDO,72205,,NIFTY,,2026-04-28,2026-04-28,22950.0,CE,NIFTY26APR22950CE,953.15,961.9,770.15,798.8,849.85,1242.9,23002.15,798.8,5265,3380,144,222960887.5,132,F1,65,,,,,
2026-03-19,2026-03-19,FO,NSE,IDO,72210,,NIFTY,,2026-04-28,2026-04-28,23050.0,CE,NIFTY26APR23050CE,865.6,874.55,707.25,774.15,796.15,1090.05,23002.15,774.15,14300,11635,328,509225349.75,310,F1,65,,,,,
2026-03-19,2026-03-19,FO,NSE,IDO,72226,,NIFTY,,2026-04-28,2026-04-28,23450.0,CE,NIFTY26APR23450CE,630.2,641.0,496.2,546.75,573.1,891.65,23002.15,546.75,190190,179140,3451,5394151506.25,741,F1,65,,,,,
2026-03-19,2026-03-19,FO,NSE,IDO,72265,,NIFTY,,2026-04-28,2026-04-28,24050.0,CE,NIFTY26APR24050CE,340.05,344.0,264.8,288.75,303.95,485.05,23002.15,288.75,22425,8515,493,780927875.0,429,F1,65,,,,,
2026-03-19,2026-03-19,FO,NSE,IDO,72325,,NIFTY,,2026-04-28,2026-04-28,24500.0,CE,NIFTY26APR24500CE,157.6,195.4,147.3,164.2,174.0,283.45,23002.15,164.2,1199900,66625,28930,46397728175.5,18484,F1,65,,,,,
2026-03-19,2026-03-19,FO,NSE,IDO,72327,,NIFTY,,2026-04-28,2026-04-28,24550.0,CE,NIFTY26APR24550CE,176.85,177.0,138.05,160.15,164.2,256.4,23002.15,160.15,27365,-3900,718,1153420121.75,625,F1,65,,,,,
2026-03-19,2026-03-19,FO,NSE,IDO,72441,,NIFTY,,2026-04-28,2026-04-28,26000.0,CE,NIFTY26APR26000CE,26.95,27.95,20.0,26.35,27.5,32.8,23002.15,26.35,1417780,8450,15990,27048572209.75,8773,F1,65,,,,,
2026-03-19,2026-03-19,FO,NSE,IDO,72663,,NIFTY,,2026-04-28,2026-04-28,26600.0,CE,NIFTY26APR26600CE,18.0,18.0,13.5,15.85,15.9,18.9,23002.15,15.85,48295,-7995,726,1255980748.75,484,F1,65,,,,,
2026-03-19,2026-03-19,FO,NSE,IDO,54528,,NIFTY,,2026-03-30,2026-03-30,23750.0,CE,NIFTY26MAR23750CE,113.0,164.6,85.05,102.45,117.65,311.95,23002.15,102.45,289835,-84305,25386,39392025861.5,18319,F1,65,,,,,
2026-03-19,2026-03-19,FO,NSE,IDO,54498,,NIFTY,,2026-03-30,2026-03-30,23050.0,CE,NIFTY26MAR23050CE,525.25,528.2,327.0,380.2,415.25,817.95,23002.15,380.2,88530,51805,6599,10058493188.25,4968,F1,65,,,,,
2026-03-19,2026-03-19,FO,NSE,IDO,54494,,NIFTY,,2026-03-30,2026-03-30,22900.0,CE,NIFTY26MAR22900CE,685.65,685.65,405.0,453.3,517.0,989.0,23002.15,453.3,110955,71695,6284,9549234574.75,5142,F1,65,,,,,
2026-03-19,2026-03-19,FO,NSE,IDO,72771,,NIFTY,,2026-04-28,2026-04-28,27700.0,CE,NIFTY26APR27700CE,8.05,8.05,6.7,7.75,8.0,8.45,23002.15,7.75,266565,2925,522,940112319.25,295,F1,65,,,,,
2026-03-19,2026-03-19,FO,NSE,IDO,71735,,NIFTY,,2026-05-26,2026-05-26,21000.0,CE,NIFTY26MAY21000CE,0.0,0.0,0.0,2665.7,2665.7,2665.7,23002.15,2235.1,1040,0,0,0.0,0,F1,65,,,,,
2026-03-19,2026-03-19,FO,NSE,IDO,71771,,NIFTY,,2026-05-26,2026-05-26,21600.0,CE,NIFTY26MAY21600CE,0.0,0.0,0.0,2188.3,2188.3,2188.3,23002.15,1682.05,65,0,0,0.0,0,F1,65,,,,,
2026-03-19,2026-03-19,FO,NSE,IDO,71782,,NIFTY,,2026-05-26,2026-05-26,21750.0,CE,NIFTY26MAY21750CE,0.0,0.0,0.0,2084.9,2084.9,2084.9,23002.15,1550.9,65,0,0,0.0,0,F1,65,,,,,
2026-03-19,2026-03-19,FO,NSE,IDO,71981,,NIFTY,,2026-05-26,2026-05-26,23300.0,CE,NIFTY26MAY23300CE,946.85,946.85,772.5,806.2,843.9,1200.8,23002.15,806.2,18265,16640,521,817977358.25,400,F1,65,,,,,
2026-03-19,2026-03-19,FO,NSE,IDO,72141,,NIFTY,,2026-05-26,2026-05-26,23550.0,CE,NIFTY26MAY23550CE,739.25,755.8,670.0,705.2,716.4,1025.25,23002.15,705.2,1235,715,27,42619544.5,22,F1,65,,,,,
2026-03-19,2026-03-19,FO,NSE,IDO,72179,,NIFTY,,2026-05-26,2026-05-26,24000.0,CE,NIFTY26MAY24000CE,501.0,587.0,443.4,476.85,494.25,716.75,23002.15,476.85,448565,102310,8028,12790562593.25,6604,F1,65,,,,,
2026-03-19,2026-03-19,FO,NSE,IDO,72243,,NIFTY,,2026-05-26,2026-05-26,24400.0,CE,NIFTY26MAY24400CE,366.9,376.7,309.1,338.4,350.0,518.5,23002.15,338.4,15535,4030,314,505062437.75,269,F1,65,,,,,
2026-03-19,2026-03-19,FO,NSE,IDO,72286,,NIFTY,,2026-05-26,2026-05-26,24700.0,CE,NIFTY26MAY24700CE,277.0,281.55,230.1,246.4,260.45,373.75,23002.15,246.4,28535,12740,536,869653330.0,381,F1,65,,,,,
2026-03-19,2026-03-19,FO,NSE,IDO,72318,,NIFTY,,2026-05-26,2026-05-26,25400.0,CE,NIFTY26MAY25400CE,116.35,129.3,106.15,114.75,121.8,166.0,23002.15,114.75,5590,325,86,142640446.0,59,F1,65,,,,,
2026-03-19,2026-03-19,FO,NSE,IDO,72345,,NIFTY,,2026-05-26,2026-05-26,25550.0,CE,NIFTY26MAY25550CE,105.0,105.55,92.25,101.1,103.5,143.5,23002.15,101.1,1235,-1170,52,86694530.0,18,F1,65,,,,,
2026-03-19,2026-03-19,FO,NSE,IDO,72593,,NIFTY,,2026-05-26,2026-05-26,26550.0,CE,NIFTY26MAY26550CE,0.0,0.0,0.0,46.35,46.35,46.35,23002.15,4.6,1170,0,0,0.0,0,F1,65,,,,,
2026-03-19,2026-03-19,FO,NSE,IDO,35229,,NIFTY,,2026-06-30,2026-06-30,30000.0,CE,NIFTY26JUN30000CE,17.95,17.95,13.5,15.85,16.0,17.95,23002.15,15.85,296430,-3440,694,1354007252.0,359,F1,65,,,,,
2026-03-19,2026-03-19,FO,NSE,IDO,54460,,NIFTY,,2026-03-30,2026-03-30,22050.0,CE,NIFTY26MAR22050CE,1165.3,1171.75,1161.3,1166.8,1168.3,1728.5,23002.15,1166.8,650,195,16,24145446.0,16,F1,65,,,,,
2026-03-19,2026-03-19,FO,NSE,IDO,86140,,NIFTY,,2028-06-27,2028-06-27,18000.0,PE,NIFTY28JUN18000PE,0.0,0.0,0.0,396.75,0.0,396.75,23002.15,46.75,0,0,0,0.0,0,F1,65,,,,,
2026-03-19,2026-03-19,FO,NSE,IDO,62886,,NIFTY,,2026-03-24,2026-03-24,27100.0,CE,NIFTY2632427100CE,1.1,2.45,0.7,0.85,0.8,0.85,23002.15,0.85,57200,20605,4942,8705699954.25,2382,F1,65,,,,,
2026-03-19,2026-03-19,FO,NSE,IDO,62873,,NIFTY,,2026-03-24,2026-03-24,26850.0,CE,NIFTY2632426850CE,1.4,5.25,0.75,1.0,0.85,0.9,23002.15,1.0,34190,2080,4213,7353131955.0,2574,F1,65,,,,,
2026-03-19,2026-03-19,FO,NSE,IDO,62868,,NIFTY,,2026-03-24,2026-03-24,26750.0,CE,NIFTY2632426750CE,1.6,3.05,0.75,1.05,0.85,0.95,23002.15,1.05,35165,17615,16870,29334210834.5,6318,F1,65,,,,,
2026-03-19,2026-03-19,FO,NSE,IDO,55224,,NIFTY,,2026-06-30,2026-06-30,34500.0,CE,NIFTY26JUN34500CE,0.0,0.0,0.0,3.5,3.5,3.5,23002.15,0.05,130,0,0,0.0,0,F1,65,,,,,
2026-03-19,2026-03-19,FO,NSE,IDO,55280,,NIFTY,,2026-09-29,2026-09-29,16500.0,CE,NIFTY26SEP16500CE,0.0,0.0,0.0,10168.85,0.0,10168.85,23002.15,6977.55,0,0,0,0.0,0,F1,65,,,,,
2026-03-19,2026-03-19,FO,NSE,IDO,65893,,NIFTY,,2026-09-29,2026-09-29,21000.0,CE,NIFTY26SEP21000CE,0.0,0.0,0.0,4967.05,0.0,4967.05,23002.15,2712.85,0,0,0,0.0,0,F1,65,,,,,
2026-03-19,2026-03-19,FO,NSE,IDO,55290,,NIFTY,,2026-09-29,2026-09-29,31500.0,CE,NIFTY26SEP31500CE,27.25,36.0,27.25,36.0,36.0,27.0,23002.15,1.1,975,195,3,6148463.75,3,F1,65,,,,,
2026-03-19,2026-03-19,FO,NSE,IDO,58646,,NIFTY,,2026-12-29,2026-12-29,21000.0,CE,NIFTY26DEC21000CE,3445.9,3600.0,3410.0,3418.0,3450.0,3850.7,23002.15,3418.0,11165,1235,61,97258651.75,47,F1,65,,,,,
2026-03-19,2026-03-19,FO,NSE,IDO,55328,,NIFTY,,2026-12-29,2026-12-29,25500.0,CE,NIFTY26DEC25500CE,810.0,817.15,719.45,738.15,770.0,960.45,23002.15,738.15,37635,3705,192,327979489.5,140,F1,65,,,,,
2026-03-19,2026-03-19,FO,NSE,IDO,53628,,NIFTY,,2027-12-28,2027-12-28,26000.0,CE,NIFTY27DEC26000CE,1999.5,1999.5,1901.95,1901.95,1901.95,2151.35,23002.15,1362.95,5695,0,10,18165758.0,10,F1,65,,,,,
2026-03-19,2026-03-19,FO,NSE,IDO,55438,,NIFTY,,2027-12-28,2027-12-28,34500.0,CE,NIFTY27DEC34500CE,0.0,0.0,0.0,619.2,0.0,619.2,23002.15,77.0,0,0,0,0.0,0,F1,65,,,,,
2026-03-19,2026-03-19,FO,NSE,IDO,55564,,NIFTY,,2029-06-26,2029-06-26,28500.0,CE,NIFTY29JUN28500CE,0.0,0.0,0.0,4213.3,0.0,4213.3,23002.15,1848.55,0,0,0,0.0,0,F1,65,,,,,
2026-03-19,2026-03-19,FO,NSE,IDO,89648,,NIFTY,,2029-06-26,2029-06-26,33000.0,CE,NIFTY29JUN33000CE,0.0,0.0,0.0,4179.45,0.0,4179.45,23002.15,777.4,0,0,0,0.0,0,F1,65,,,,,
2026-03-19,2026-03-19,FO,NSE,IDO,61748,,NIFTY,,2029-12-24,2029-12-24,24000.0,CE,NIFTY29DEC24000CE,0.0,0.0,0.0,7730.0,0.0,7730.0,23002.15,4346.9,0,0,0,0.0,0,F1,65,,,,,
2026-03-19,2026-03-19,FO,NSE,IDO,61794,,NIFTY,,2029-12-24,2029-12-24,27000.0,CE,NIFTY29DEC27000CE,0.0,0.0,0.0,6201.65,0.0,6201.65,23002.15,2860.9,0,0,0,0.0,0,F1,65,,,,,
2026-03-19,2026-03-19,FO,NSE,IDO,55764,,NIFTY,,2030-12-31,2030-12-31,31500.0,CE,NIFTY30DEC31500CE,0.0,0.0,0.0,4554.55,0.0,4554.55,23002.15,2153.05,0,0,0,0.0,0,F1,65,,,,,
2026-03-19,2026-03-19,FO,NSE,IDO,55766,,NIFTY,,2030-12-31,2030-12-31,33000.0,CE,NIFTY30DEC33000CE,0.0,0.0,0.0,3948.25,0.0,3948.25,23002.15,1756.55,0,0,0,0.0,0,F1,65,,,,,
2026-03-19,2026-03-19,FO,NSE,IDO,62280,,NIFTY,,2026-03-24,2026-03-24,21000.0,PE,NIFTY2632421000PE,8.95,14.8,4.05,10.7,9.7,3.8,23002.15,10.7,8716500,1430715,607970,830177230805.0,144377,F1,65,,,,,
2026-03-19,2026-03-19,FO,NSE,IDO,62325,,NIFTY,,2026-03-24,2026-03-24,21150.0,PE,NIFTY2632421150PE,10.05,16.65,5.45,12.2,11.25,4.5,23002.15,12.2,213980,106990,55955,76956771862.75,27583,F1,65,,,,,
2026-03-19,2026-03-19,FO,NSE,IDO,62384,,NIFTY,,2026-03-24,2026-03-24,22100.0,PE,NIFTY2632422100PE,34.0,62.8,24.5,50.7,47.1,13.3,23002.15,50.7,1189045,630825,253331,364528727985.5,136849,F1,65,,,,,
2026-03-19,2026-03-19,FO,NSE,IDO,62499,,NIFTY,,2026-03-24,2026-03-24,22600.0,PE,NIFTY2632422600PE,74.7,155.6,56.3,123.05,114.9,26.65,23002.15,123.05,1799460,617305,467684,689786864893.75,284470,F1,65,,,,,
2026-03-19,2026-03-19,FO,NSE,IDO,62589,,NIFTY,,2026-03-24,2026-03-24,23300.0,PE,NIFTY2632423300PE,197.5,492.3,194.05,412.85,374.9,84.6,23002.15,412.85,2161965,-96135,1612676,2471624187620.25,1066015,F1,65,,,,,
2026-03-19,2026-03-19,FO,NSE,IDO,62673,,NIFTY,,2026-03-24,2026-03-24,24500.0,PE,NIFTY2632424500PE,1255.9,1592.75,1136.6,1484.95,1412.8,755.45,23002.15,1484.95,350740,-43615,2191,3679483216.5,1548,F1,65,,,,,
2026-03-19,2026-03-19,FO,NSE,IDO,62677,,NIFTY,,2026-03-24,2026-03-24,24550.0,PE,NIFTY2632424550PE,1264.85,1580.65,1264.85,1473.4,1465.0,828.4,23002.15,1473.4,3380,-585,38,64029543.5,32,F1,65,,,,,
2026-03-19,2026-03-19,FO,NSE,IDO,62715,,NIFTY,,2026-03-24,2026-03-24,25100.0,PE,NIFTY2632425100PE,1835.15,2100.0,1835.15,2090.65,2050.0,1303.35,23002.15,2090.65,28665,-1430,54,94958669.0,38,F1,65,,,,,
2026-03-19,2026-03-19,FO,NSE,IDO,62872,,NIFTY,,2026-03-24,2026-03-24,26800.0,PE,NIFTY2632426800PE,0.0,0.0,0.0,3670.0,3670.0,3670.0,23002.15,3777.65,130,0,0,0.0,0,F1,65,,,,,
2026-03-19,2026-03-19,FO,NSE,IDO,54452,,NIFTY,,2026-03-30,2026-03-30,21800.0,PE,NIFTY26MAR21800PE,48.15,100.2,48.15,83.45,79.95,20.45,23002.15,83.45,191230,190775,16915,24043046371.5,12464,F1,65,,,,,
2026-03-19,2026-03-19,FO,NSE,IDO,54479,,NIFTY,,2026-03-30,2026-03-30,22500.0,PE,NIFTY26MAR22500PE,120.0,231.65,103.1,195.7,180.2,61.05,23002.15,195.7,2406495,165880,137501,202484898307.25,80732,F1,65,,,,,
2026-03-19,2026-03-19,FO,NSE,IDO,54519,,NIFTY,,2026-03-30,2026-03-30,23500.0,PE,NIFTY26MAR23500PE,375.0,707.9,375.0,620.65,555.05,206.6,23002.15,620.65,2233530,-1493310,112378,175200258717.25,79544,F1,65,,,,,
2026-03-19,2026-03-19,FO,NSE,IDO,54589,,NIFTY,,2026-03-30,2026-03-30,25350.0,PE,NIFTY26MAR25350PE,2088.9,2341.35,2088.9,2255.65,2236.0,1577.05,23002.15,2255.65,20670,-585,16,28649097.75,13,F1,65,,,,,
2026-03-19,2026-03-19,FO,NSE,IDO,54719,,NIFTY,,2026-03-30,2026-03-30,26700.0,PE,NIFTY26MAR26700PE,3444.0,3701.0,3407.45,3701.0,3701.0,2922.0,23002.15,3653.65,34125,-650,10,19621936.75,9,F1,65,,,,,
2026-03-19,2026-03-19,FO,NSE,IDO,54727,,NIFTY,,2026-03-30,2026-03-30,26900.0,PE,NIFTY26MAR26900PE,0.0,0.0,0.0,3300.0,3300.0,3300.0,23002.15,3853.3,4160,0,0,0.0,0,F1,65,,,,,
2026-03-19,2026-03-19,FO,NSE,IDO,62931,,NIFTY,,2026-03-30,2026-03-30,27000.0,PE,NIFTY26MAR27000PE,3500.0,4040.2,3500.0,3898.15,3860.0,3196.8,23002.15,3898.15,1413940,-14445,1688,3373914303.5,1444,F1,65,,,,,
2026-03-19,2026-03-19,FO,NSE,IDO,54735,,NIFTY,,2026-03-30,2026-03-30,27150.0,PE,NIFTY26MAR27150PE,0.0,0.0,0.0,3654.6,3654.6,3654.6,23002.15,4102.9,2665,0,0,0.0,0,F1,65,,,,,
2026-03-19,2026-03-19,FO,NSE,IDO,40689,,NIFTY,,2026-04-07,2026-04-07,21700.0,PE,NIFTY2640721700PE,83.75,160.25,83.75,135.05,125.2,21.9,23002.15,135.05,11115,11050,548,777078643.25,286,F1,65,,,,,
2026-03-19,2026-03-19,FO,NSE,IDO,40691,,NIFTY,,2026-04-07,2026-04-07,21750.0,PE,NIFTY2640721750PE,0.0,0.0,0.0,0.25,0.0,0.25,23002.15,6.5,0,0,0,0.0,0,F1,65,,,,,
2026-03-19,2026-03-19,FO,NSE,IDO,40697,,NIFTY,,2026-04-07,2026-04-07,21900.0,PE,NIFTY2640721900PE,95.45,178.7,95.45,156.55,150.5,24.0,23002.15,156.55,5330,5265,357,511250067.25,219,F1,65,,,,,
2026-03-19,2026-03-19,FO,NSE,IDO,40701,,NIFTY,,2026-04-07,2026-04-07,22000.0,PE,NIFTY2640722000PE,92.1,200.05,92.1,174.1,167.0,52.7,23002.15,174.1,76245,68705,9470,13631760753.0,6456,F1,65,,,,,
2026-03-19,2026-03-19,FO,NSE,IDO,40706,,NIFTY,,2026-04-07,2026-04-07,22100.0,PE,NIFTY2640722100PE,0.0,0.0,0.0,0.8,0.0,0.8,23002.15,23.7,0,0,0,0.0,0,F1,65,,,,,
2026-03-19,2026-03-19,FO,NSE,IDO,40725,,NIFTY,,2026-04-07,2026-04-07,22300.0,PE,NIFTY2640722300PE,0.0,0.0,0.0,1.55,0.0,1.55,23002.15,44.65,0,0,0,0.0,0,F1,65,,,,,
2026-03-19,2026-03-19,FO,NSE,IDO,40775,,NIFTY,,2026-04-07,2026-04-07,23050.0,PE,NIFTY2640723050PE,294.85,507.15,294.5,444.45,415.9,184.15,23002.15,444.45,12155,-6500,890,1354667681.25,682,F1,65,,,,,
2026-03-19,2026-03-19,FO,NSE,IDO,40777,,NIFTY,,2026-04-07,2026-04-07,23100.0,PE,NIFTY2640723100PE,313.4,537.35,307.6,473.5,442.95,193.5,23002.15,473.5,68705,13260,5409,8263215470.25,4398,F1,65,,,,,
2026-03-19,2026-03-19,FO,NSE,IDO,40779,,NIFTY,,2026-04-07,2026-04-07,23150.0,PE,NIFTY2640723150PE,360.1,558.55,327.0,479.3,463.35,204.4,23002.15,479.3,26065,5655,1485,2274994413.25,976,F1,65,,,,,
2026-03-19,2026-03-19,FO,NSE,IDO,40782,,NIFTY,,2026-04-07,2026-04-07,23200.0,PE,NIFTY2640723200PE,330.0,589.5,313.7,514.55,488.45,214.4,23002.15,514.55,122070,27950,7558,11609929652.75,5649,F1,65,,,,,
2026-03-19,2026-03-19,FO,NSE,IDO,40795,,NIFTY,,2026-04-07,2026-04-07,23450.0,PE,NIFTY2640723450PE,484.95,718.05,447.0,643.6,612.3,269.2,23002.15,643.6,4095,-7020,390,607797875.75,291,F1,65,,,,,
2026-03-19,2026-03-19,FO,NSE,IDO,40829,,NIFTY,,2026-04-07,2026-04-07,24000.0,PE,NIFTY2640724000PE,735.15,1137.9,678.0,1042.1,964.65,469.0,23002.15,1042.1,329940,-11245,2516,4065979843.25,1662,F1,65,,,,,
2026-03-19,2026-03-19,FO,NSE,IDO,40889,,NIFTY,,2026-04-07,2026-04-07,24950.0,PE,NIFTY2640724950PE,0.0,0.0,0.0,1752.85,1754.05,1752.85,23002.15,1877.55,65,0,0,0.0,0,F1,65,,,,,
2026-03-19,2026-03-19,FO,NSE,IDO,40919,,NIFTY,,2026-04-07,2026-04-07,25350.0,PE,NIFTY2640725350PE,0.0,0.0,0.0,1392.65,1392.65,1392.65,23002.15,2275.55,65,0,0,0.0,0,F1,65,,,,,
2026-03-19,2026-03-19,FO,NSE,IDO,40958,,NIFTY,,2026-04-07,2026-04-07,25750.0,PE,NIFTY2640725750PE,2200.0,2650.0,2200.0,2650.0,2650.0,1828.2,23002.15,2674.25,455,130,2,3662750.0,2,F1,65,,,,,
2026-03-19,2026-03-19,FO,NSE,IDO,40979,,NIFTY,,2026-04-07,2026-04-07,26200.0,PE,NIFTY2640726200PE,0.0,0.0,0.0,2166.65,2166.65,2166.65,23002.15,3122.95,65,0,0,0.0,0,F1,65,,,,,
