TradDt,BizDt,Sgmt,Src,FinInstrmTp,FinInstrmId,ISIN,TckrSymb,SctySrs,XpryDt,FininstrmActlXpryDt,StrkPric,OptnTp,FinInstrmNm,OpnPric,HghPric,LwPric,ClsPric,LastPric,PrvsClsgPric,UndrlygPric,SttlmPric,OpnIntrst,ChngInOpnIntrst,TtlTradgVol,TtlTrfVal,TtlNbOfTxsExctd,SsnId,NewBrdLotQty,Rmks,Rsvd1,Rsvd2,Rsvd3,Rsvd4
2026-09-15,2026-09-15,FO,NSE,IDO,47422,,NIFTY,,2026-09-15,2026-09-15,25900.0,PE,NIFTY2691525900PE,0.0,0.0,0.0,1387.75,0.0,1387.75,23118.6,23118.6,0,0,0,0.0,0,F1,65,,,,,
2026-09-15,2026-09-15,FO,NSE,IDO,74502,,NIFTY,,2026-09-29,2026-09-29,27050.0,PE,NIFTY26SEP27050PE,0.0,0.0,0.0,2869.35,0.0,2869.35,23118.6,3870.46,0,0,0,0.0,0,F1,65,,,,,
2026-09-15,2026-09-15,FO,NSE,IDO,74482,,NIFTY,,2026-09-29,2026-09-29,26500.0,PE,NIFTY26SEP26500PE,2980.0,3315.0,2978.15,3252.8,3252.65,3008.0,23118.6,3252.8,842790,-1690,84,161887696.75,79,F1,65,,,,,
2026-09-15,2026-09-15,FO,NSE,IDO,74466,,NIFTY,,2026-09-29,2026-09-29,26200.0,PE,NIFTY26SEP26200PE,2680.0,2820.0,2680.0,2820.0,2820.0,2734.0,23118.6,3022.38,37050,-715,20,37689600.0,4,F1,65,,,,,
2026-09-15,2026-09-15,FO,NSE,IDO,74423,,NIFTY,,2026-09-29,2026-09-29,25850.0,PE,NIFTY26SEP25850PE,0.0,0.0,0.0,1859.75,0.0,1859.75,23118.6,2673.21,0,0,0,0.0,0,F1,65,,,,,
2026-09-15,2026-09-15,FO,NSE,IDO,74358,,NIFTY,,2026-09-29,2026-09-29,24800.0,PE,NIFTY26SEP24800PE,1310.0,1610.0,1300.45,1581.1,1579.0,1319.75,23118.6,1581.1,347165,-5330,258,439940848.75,191,F1,65,,,,,
2026-09-15,2026-09-15,FO,NSE,IDO,74240,,NIFTY,,2026-09-29,2026-09-29,24450.0,PE,NIFTY26SEP24450PE,1037.0,1263.15,1030.85,1228.25,1227.25,968.0,23118.6,1228.25,86060,-910,80,133167313.5,50,F1,65,,,,,
2026-09-15,2026-09-15,FO,NSE,IDO,74006,,NIFTY,,2026-09-29,2026-09-29,23650.0,PE,NIFTY26SEP23650PE,269.9,532.2,266.95,490.35,501.1,313.65,23118.6,490.35,219765,-1235,2614,4081397914.75,1555,F1,65,,,,,
2026-09-15,2026-09-15,FO,NSE,IDO,74004,,NIFTY,,2026-09-29,2026-09-29,23600.0,PE,NIFTY26SEP23600PE,225.05,497.2,220.0,451.1,457.1,285.65,23118.6,451.1,1542190,-38025,34461,53712091576.0,21842,F1,65,,,,,
2026-09-15,2026-09-15,FO,NSE,IDO,65899,,NIFTY,,2026-09-29,2026-09-29,23000.0,PE,NIFTY26SEP23000PE,61.05,167.4,60.0,149.7,148.7,85.75,23118.6,149.7,6543460,215825,127006,190800406329.0,69351,F1,65,,,,,
2026-09-15,2026-09-15,FO,NSE,IDO,73900,,NIFTY,,2026-09-29,2026-09-29,22900.0,PE,NIFTY26SEP22900PE,57.0,135.0,46.65,120.8,121.0,69.9,23118.6,120.8,813930,-26520,32591,48698783237.0,20637,F1,65,,,,,
2026-09-15,2026-09-15,FO,NSE,IDO,58033,,NIFTY,,2026-09-22,2026-09-22,26050.0,PE,NIFTY2692226050PE,0.0,0.0,0.0,1794.15,0.0,1794.15,23118.6,2902.04,0,0,0,0.0,0,F1,65,,,,,
2026-09-15,2026-09-15,FO,NSE,IDO,57053,,NIFTY,,2026-09-22,2026-09-22,23650.0,PE,NIFTY2692223650PE,218.25,526.3,204.75,480.85,478.7,283.7,23118.6,480.85,215410,93080,12093,18850867259.25,9095,F1,65,,,,,
2026-09-15,2026-09-15,FO,NSE,IDO,57030,,NIFTY,,2026-09-22,2026-09-22,23550.0,PE,NIFTY2692223550PE,168.2,436.25,153.5,395.35,391.85,222.65,23118.6,395.35,154895,-32695,26672,41270197026.5,18819,F1,65,,,,,
2026-09-15,2026-09-15,FO,NSE,IDO,57022,,NIFTY,,2026-09-22,2026-09-22,23500.0,PE,NIFTY2692223500PE,112.2,393.15,112.2,355.05,355.0,196.6,23118.6,355.05,2412475,220220,240330,370866663358.75,147883,F1,65,,,,,
2026-09-15,2026-09-15,FO,NSE,IDO,57002,,NIFTY,,2026-09-22,2026-09-22,23400.0,PE,NIFTY2692223400PE,115.7,318.1,100.25,285.6,285.05,154.8,23118.6,285.6,2980315,595595,312034,478599496310.0,180398,F1,65,,,,,
2026-09-15,2026-09-15,FO,NSE,IDO,56904,,NIFTY,,2026-09-22,2026-09-22,22650.0,PE,NIFTY2692222650PE,18.25,39.95,13.05,36.2,35.7,27.0,23118.6,36.2,480415,272090,38386,56581357335.75,24669,F1,65,,,,,
2026-09-15,2026-09-15,FO,NSE,IDO,56862,,NIFTY,,2026-09-22,2026-09-22,22400.0,PE,NIFTY2692222400PE,12.0,20.3,8.0,18.25,17.55,17.5,23118.6,18.25,1833975,1203605,140335,204445671644.5,55180,F1,65,,,,,
2026-09-15,2026-09-15,FO,NSE,IDO,56684,,NIFTY,,2026-09-22,2026-09-22,21650.0,PE,NIFTY2692221650PE,5.85,5.9,2.95,4.5,4.2,4.7,23118.6,4.5,1289600,1289600,39644,55799518268.0,10378,F1,65,,,,,
2026-09-15,2026-09-15,FO,NSE,IDO,47440,,NIFTY,,2026-09-15,2026-09-15,26150.0,PE,NIFTY2691526150PE,0.0,0.0,0.0,1603.05,0.0,1603.05,23118.6,23118.6,0,0,0,0.0,0,F1,65,,,,,
2026-09-15,2026-09-15,FO,NSE,IDO,47392,,NIFTY,,2026-09-15,2026-09-15,25500.0,PE,NIFTY2691525500PE,2010.0,2389.05,2005.85,2316.7,2386.35,2049.95,23118.6,23118.6,16445,-45890,964,1733391084.75,600,F1,65,,,,,
2026-09-15,2026-09-15,FO,NSE,IDO,47278,,NIFTY,,2026-09-15,2026-09-15,23000.0,PE,NIFTY2691523000PE,2.25,7.2,0.05,1.9,0.05,13.25,23118.6,23118.6,10538840,-1820325,8672206,12966336190951.0,1319176,F1,65,,,,,
2026-09-15,2026-09-15,FO,NSE,IDO,47272,,NIFTY,,2026-09-15,2026-09-15,22850.0,PE,NIFTY2691522850PE,1.6,2.4,0.05,0.95,0.05,7.7,23118.6,23118.6,2984930,-385580,1611603,2393730722545.5,274270,F1,65,,,,,
2026-09-15,2026-09-15,FO,NSE,IDO,47268,,NIFTY,,2026-09-15,2026-09-15,22750.0,PE,NIFTY2691522750PE,2.4,2.4,0.05,0.55,0.05,6.1,23118.6,23118.6,2436785,-109395,1001371,1480818281767.5,183633,F1,65,,,,,
2026-09-15,2026-09-15,FO,NSE,IDO,47165,,NIFTY,,2026-09-15,2026-09-15,21900.0,PE,NIFTY2691521900PE,0.8,0.8,0.05,0.1,0.05,1.65,23118.6,23118.6,1266525,-1850615,165754,235953928213.25,32390,F1,65,,,,,
2026-09-15,2026-09-15,FO,NSE,IDO,74657,,NIFTY,,2031-06-24,2031-06-24,30000.0,CE,NIFTY31JUN30000CE,0.0,0.0,0.0,4459.9,0.0,4459.9,23118.6,3623.75,0,0,0,0.0,0,F1,65,,,,,
2026-09-15,2026-09-15,FO,NSE,IDO,74641,,NIFTY,,2031-06-24,2031-06-24,18000.0,CE,NIFTY31JUN18000CE,0.0,0.0,0.0,10825.95,0.0,10825.95,23118.6,9959.48,0,0,0,0.0,0,F1,65,,,,,
2026-09-15,2026-09-15,FO,NSE,IDO,55756,,NIFTY,,2030-12-31,2030-12-31,25500.0,CE,NIFTY30DEC25500CE,0.0,0.0,0.0,7639.65,0.0,7639.65,23118.6,5009.13,0,0,0,0.0,0,F1,65,,,,,
2026-09-15,2026-09-15,FO,NSE,IDO,55700,,NIFTY,,2030-12-31,2030-12-31,19500.0,CE,NIFTY30DEC19500CE,0.0,0.0,0.0,11601.15,0.0,11601.15,23118.6,8516.15,0,0,0,0.0,0,F1,65,,,,,
2026-09-15,2026-09-15,FO,NSE,IDO,61659,,NIFTY,,2029-12-24,2029-12-24,21000.0,CE,NIFTY29DEC21000CE,0.0,0.0,0.0,9463.95,0.0,9463.95,23118.6,6481.86,0,0,0,0.0,0,F1,65,,,,,
2026-09-15,2026-09-15,FO,NSE,IDO,55562,,NIFTY,,2029-06-26,2029-06-26,25500.0,CE,NIFTY29JUN25500CE,0.0,0.0,0.0,5917.35,0.0,5917.35,23118.6,3318.41,0,0,0,0.0,0,F1,65,,,,,
2026-09-15,2026-09-15,FO,NSE,IDO,86163,,NIFTY,,2028-06-27,2028-06-27,27000.0,CE,NIFTY28JUN27000CE,0.0,0.0,0.0,1935.0,1935.0,1935.0,23118.6,1540.53,65,0,0,0.0,0,F1,65,,,,,
2026-09-15,2026-09-15,FO,NSE,IDO,53613,,NIFTY,,2027-12-28,2027-12-28,21000.0,CE,NIFTY27DEC21000CE,0.0,0.0,0.0,4902.4,0.0,4902.4,23118.6,4087.94,0,0,0,0.0,0,F1,65,,,,,
2026-09-15,2026-09-15,FO,NSE,IDO,55372,,NIFTY,,2027-06-29,2027-06-29,19500.0,CE,NIFTY27JUN19500CE,0.0,0.0,0.0,8143.4,0.0,8143.4,23118.6,4640.74,0,0,0,0.0,0,F1,65,,,,,
2026-09-15,2026-09-15,FO,NSE,IDO,55368,,NIFTY,,2027-06-29,2027-06-29,16500.0,CE,NIFTY27JUN16500CE,0.0,0.0,0.0,10867.2,0.0,10867.2,23118.6,7422.25,0,0,0,0.0,0,F1,65,,,,,
2026-09-15,2026-09-15,FO,NSE,IDO,80307,,NIFTY,,2027-03-30,2027-03-30,30000.0,CE,NIFTY27MAR30000CE,21.85,23.65,20.85,22.3,22.25,22.3,23118.6,22.3,148395,3640,175,341506776.0,75,F1,65,,,,,
2026-09-15,2026-09-15,FO,NSE,IDO,80268,,NIFTY,,2027-03-30,2027-03-30,21000.0,CE,NIFTY27MAR21000CE,2500.0,2500.0,2500.0,2500.0,2500.0,3711.0,23118.6,2989.35,6630,-65,1,1527500.0,1,F1,65,,,,,
2026-09-15,2026-09-15,FO,NSE,IDO,55328,,NIFTY,,2026-12-29,2026-12-29,25500.0,CE,NIFTY26DEC25500CE,120.0,120.0,86.3,88.65,86.3,104.4,23118.6,88.65,985595,-85150,6259,10412421639.75,2918,F1,65,,,,,
2026-09-15,2026-09-15,FO,NSE,IDO,55324,,NIFTY,,2026-12-29,2026-12-29,19500.0,CE,NIFTY26DEC19500CE,0.0,0.0,0.0,7586.85,0.0,7586.85,23118.6,3979.16,0,0,0,0.0,0,F1,65,,,,,
2026-09-15,2026-09-15,FO,NSE,IDO,64493,,NIFTY,,2026-11-23,2026-11-23,25900.0,CE,NIFTY26NOV25900CE,0.0,0.0,0.0,345.7,0.0,345.7,23118.6,53.35,0,0,0,0.0,0,F1,65,,,,,
2026-09-15,2026-09-15,FO,NSE,IDO,64456,,NIFTY,,2026-11-23,2026-11-23,25300.0,CE,NIFTY26NOV25300CE,0.0,0.0,0.0,532.0,0.0,532.0,23118.6,108.12,0,0,0,0.0,0,F1,65,,,,,
2026-09-15,2026-09-15,FO,NSE,IDO,64429,,NIFTY,,2026-11-23,2026-11-23,24800.0,CE,NIFTY26NOV24800CE,106.05,106.45,78.85,82.2,80.05,103.5,23118.6,82.2,81900,20995,1892,3060895734.0,1113,F1,65,,,,,
2026-09-15,2026-09-15,FO,NSE,IDO,64409,,NIFTY,,2026-11-23,2026-11-23,24300.0,CE,NIFTY26NOV24300CE,220.0,224.9,158.2,163.55,159.45,213.45,23118.6,163.55,57915,-9035,1067,1697649684.25,606,F1,65,,,,,
2026-09-15,2026-09-15,FO,NSE,IDO,64268,,NIFTY,,2026-11-23,2026-11-23,22300.0,CE,NIFTY26NOV22300CE,1286.5,1286.5,1286.5,1286.5,1286.5,2456.95,23118.6,1286.5,195,195,3,4599367.5,1,F1,65,,,,,
2026-09-15,2026-09-15,FO,NSE,IDO,64236,,NIFTY,,2026-11-23,2026-11-23,21950.0,CE,NIFTY26NOV21950CE,0.0,0.0,0.0,2769.65,0.0,2769.65,23118.6,1579.69,0,0,0,0.0,0,F1,65,,,,,
2026-09-15,2026-09-15,FO,NSE,IDO,51508,,NIFTY,,2026-10-27,2026-10-27,26450.0,CE,NIFTY26OCT26450CE,0.0,0.0,0.0,8.15,8.15,8.15,23118.6,4.14,520,0,0,0.0,0,F1,65,,,,,
2026-09-15,2026-09-15,FO,NSE,IDO,51422,,NIFTY,,2026-10-27,2026-10-27,24600.0,CE,NIFTY26OCT24600CE,65.6,66.0,43.5,45.85,43.65,64.0,23118.6,45.85,350675,29445,12040,19292854171.5,6253,F1,65,,,,,
2026-09-15,2026-09-15,FO,NSE,IDO,51398,,NIFTY,,2026-10-27,2026-10-27,24100.0,CE,NIFTY26OCT24100CE,183.0,183.0,105.4,110.25,107.25,161.9,23118.6,110.25,401505,43160,6091,9592194306.5,3767,F1,65,,,,,
2026-09-15,2026-09-15,FO,NSE,IDO,51378,,NIFTY,,2026-10-27,2026-10-27,23650.0,CE,NIFTY26OCT23650CE,341.2,342.55,227.45,238.0,238.65,339.6,23118.6,238.0,27690,6500,516,802496578.0,327,F1,65,,,,,
2026-09-15,2026-09-15,FO,NSE,IDO,51362,,NIFTY,,2026-10-27,2026-10-27,23250.0,CE,NIFTY26OCT23250CE,571.55,579.65,413.6,430.45,422.6,574.55,23118.6,430.45,9035,6110,277,426784946.25,198,F1,65,,,,,
2026-09-15,2026-09-15,FO,NSE,IDO,51338,,NIFTY,,2026-10-27,2026-10-27,22650.0,CE,NIFTY26OCT22650CE,0.0,0.0,0.0,1882.95,0.0,1882.95,23118.6,871.47,0,0,0,0.0,0,F1,65,,,,,
2026-09-15,2026-09-15,FO,NSE,IDO,51306,,NIFTY,,2026-10-27,2026-10-27,21950.0,CE,NIFTY26OCT21950CE,0.0,0.0,0.0,2463.7,0.0,2463.7,23118.6,1412.24,0,0,0,0.0,0,F1,65,,,,,
2026-09-15,2026-09-15,FO,NSE,IDO,51298,,NIFTY,,2026-10-27,2026-10-27,21800.0,CE,NIFTY26OCT21800CE,0.0,0.0,0.0,2595.5,0.0,2595.5,23118.6,1541.89,0,0,0,0.0,0,F1,65,,,,,
2026-09-15,2026-09-15,FO,NSE,IDO,44740,,NIFTY,,2026-10-13,2026-10-13,24350.0,CE,NIFTY26O1324350CE,0.0,0.0,0.0,236.65,0.0,236.65,23118.6,75.64,0,0,0,0.0,0,F1,65,,,,,
2026-09-15,2026-09-15,FO,NSE,IDO,44662,,NIFTY,,2026-10-13,2026-10-13,23450.0,CE,NIFTY26O1323450CE,343.0,343.0,237.0,237.55,237.0,366.6,23118.6,237.55,3705,2925,57,87929175.75,26,F1,65,,,,,
2026-09-15,2026-09-15,FO,NSE,IDO,44582,,NIFTY,,2026-10-13,2026-10-13,22050.0,CE,NIFTY26O1322050CE,0.0,0.0,0.0,1739.4,0.0,1739.4,23118.6,1226.76,0,0,0,0.0,0,F1,65,,,,,
2026-09-15,2026-09-15,FO,NSE,IDO,44570,,NIFTY,,2026-10-13,2026-10-13,21950.0,CE,NIFTY26O1321950CE,0.0,0.0,0.0,1832.65,0.0,1832.65,23118.6,1314.9,0,0,0,0.0,0,F1,65,,,,,
2026-09-15,2026-09-15,FO,NSE,IDO,44562,,NIFTY,,2026-10-13,2026-10-13,21750.0,CE,NIFTY26O1321750CE,0.0,0.0,0.0,2022.25,0.0,2022.25,23118.6,1496.55,0,0,0,0.0,0,F1,65,,,,,
2026-09-15,2026-09-15,FO,NSE,IDO,40875,,NIFTY,,2026-10-06,2026-10-06,25250.0,CE,NIFTY26O0625250CE,5.4,8.0,5.4,6.65,6.45,8.8,23118.6,6.65,2730,260,23,37759078.5,8,F1,65,,,,,
2026-09-15,2026-09-15,FO,NSE,IDO,40867,,NIFTY,,2026-10-06,2026-10-06,25050.0,CE,NIFTY26O0625050CE,8.65,11.0,6.1,7.6,6.35,175.2,23118.6,7.6,2275,2275,264,430012043.5,89,F1,65,,,,,
2026-09-15,2026-09-15,FO,NSE,IDO,40861,,NIFTY,,2026-10-06,2026-10-06,24900.0,CE,NIFTY26O0624900CE,12.15,19.15,8.0,9.1,8.3,13.7,23118.6,9.1,8775,6955,307,497126750.25,154,F1,65,,,,,
2026-09-15,2026-09-15,FO,NSE,IDF,48704,,NIFTY,,2026-10-27,2026-10-27,,,NIFTY26OCTFUT,23788.0,23788.0,23273.6,23332.0,23336.0,23586.6,23118.6,23332.0,3263000,122980,9366,14254217074.5,6072,F1,65,,,,,
2026-09-15,2026-09-15,FO,NSE,IDO,40779,,NIFTY,,2026-10-06,2026-10-06,23750.0,CE,NIFTY26O0623750CE,159.9,160.35,82.45,89.55,88.1,166.8,23118.6,89.55,10660,3120,397,616103969.0,317,F1,65,,,,,
2026-09-15,2026-09-15,FO,NSE,IDO,40765,,NIFTY,,2026-10-06,2026-10-06,23600.0,CE,NIFTY26O0623600CE,233.95,234.75,123.65,132.95,131.5,229.6,23118.6,132.95,43875,9620,1717,2652817830.0,1229,F1,65,,,,,
2026-09-15,2026-09-15,FO,NSE,IDO,40721,,NIFTY,,2026-10-06,2026-10-06,22900.0,CE,NIFTY26O0622900CE,0.0,0.0,0.0,1367.45,0.0,1367.45,23118.6,517.9,0,0,0,0.0,0,F1,65,,,,,
2026-09-15,2026-09-15,FO,NSE,IDO,40697,,NIFTY,,2026-10-06,2026-10-06,22500.0,CE,NIFTY26O0622500CE,0.0,0.0,0.0,1723.05,0.0,1723.05,23118.6,799.7,0,0,0,0.0,0,F1,65,,,,,
2026-09-15,2026-09-15,FO,NSE,IDO,40687,,NIFTY,,2026-10-06,2026-10-06,22400.0,CE,NIFTY26O0622400CE,0.0,0.0,0.0,1815.55,0.0,1815.55,23118.6,879.31,0,0,0,0.0,0,F1,65,,,,,
2026-09-15,2026-09-15,FO,NSE,IDO,40682,,NIFTY,,2026-10-06,2026-10-06,22350.0,CE,NIFTY26O0622350CE,0.0,0.0,0.0,1862.2,0.0,1862.2,23118.6,920.29,0,0,0,0.0,0,F1,65,,,,,
2026-09-15,2026-09-15,FO,NSE,IDO,40679,,NIFTY,,2026-10-06,2026-10-06,22300.0,CE,NIFTY26O0622300CE,0.0,0.0,0.0,1909.15,0.0,1909.15,23118.6,962.01,0,0,0,0.0,0,F1,65,,,,,
2026-09-15,2026-09-15,FO,NSE,IDO,40671,,NIFTY,,2026-10-06,2026-10-06,22100.0,CE,NIFTY26O0622100CE,0.0,0.0,0.0,2099.1,0.0,2099.1,23118.6,1135.44,0,0,0,0.0,0,F1,65,,,,,
2026-09-15,2026-09-15,FO,NSE,IDO,74432,,NIFTY,,2026-09-29,2026-09-29,25950.0,CE,NIFTY26SEP25950CE,3.9,3.9,2.65,3.05,3.05,3.9,23118.6,0.03,10790,0,14,23617304.75,7,F1,65,,,,,
2026-09-15,2026-09-15,FO,NSE,IDO,74107,,NIFTY,,2026-09-29,2026-09-29,24300.0,CE,NIFTY26SEP24300CE,27.85,27.85,10.6,12.2,10.9,24.3,23118.6,12.2,4210245,-274625,45329,71645471218.75,25380,F1,65,,,,,
2026-09-15,2026-09-15,FO,NSE,IDO,73906,,NIFTY,,2026-09-29,2026-09-29,23100.0,CE,NIFTY26SEP23100CE,527.45,527.45,280.95,307.5,307.0,494.3,23118.6,307.5,162565,101075,8173,12450135366.5,5823,F1,65,,,,,
2026-09-15,2026-09-15,FO,NSE,IDO,47285,,NIFTY,,2026-09-15,2026-09-15,23200.0,CE,NIFTY2691523200CE,379.85,379.85,0.05,11.4,0.05,280.2,23118.6,23118.6,16571165,15409810,10750950,16239373995325.0,3170645,F1,65,,,,,
2026-09-15,2026-09-15,FO,NSE,IDO,47301,,NIFTY,,2026-09-15,2026-09-15,23600.0,CE,NIFTY2691523600CE,45.0,47.95,0.05,0.95,0.05,37.0,23118.6,23118.6,8983845,1080950,7762545,11910734571638.5,1399860,F1,65,,,,,
2026-09-15,2026-09-15,FO,NSE,IDO,47315,,NIFTY,,2026-09-15,2026-09-15,23900.0,CE,NIFTY2691523900CE,1.7,2.45,0.05,0.25,0.05,4.85,23118.6,23118.6,6235060,-669565,2434418,3782014776234.5,490000,F1,65,,,,,
2026-09-15,2026-09-15,FO,NSE,IDO,47339,,NIFTY,,2026-09-15,2026-09-15,24500.0,CE,NIFTY2691524500CE,0.55,0.95,0.05,0.25,0.05,1.05,23118.6,23118.6,9356880,-756730,1071223,1705952940282.5,131157,F1,65,,,,,
2026-09-15,2026-09-15,FO,NSE,IDO,47395,,NIFTY,,2026-09-15,2026-09-15,25600.0,CE,NIFTY2691525600CE,0.35,0.35,0.05,0.1,0.05,0.35,23118.6,23118.6,196560,-285025,23266,38714953514.25,5954,F1,65,,,,,
2026-09-15,2026-09-15,FO,NSE,IDO,56821,,NIFTY,,2026-09-22,2026-09-22,22200.0,CE,NIFTY2692222200CE,1150.0,1160.0,985.0,988.55,1011.05,1210.0,23118.6,988.55,2210,2145,36,54454156.25,31,F1,65,,,,,
2026-09-15,2026-09-15,FO,NSE,IDO,56939,,NIFTY,,2026-09-22,2026-09-22,22950.0,CE,NIFTY2692222950CE,565.0,565.0,300.25,330.7,326.25,568.75,23118.6,330.7,22815,20020,1554,2353494864.5,1174,F1,65,,,,,
2026-09-15,2026-09-15,FO,NSE,IDO,56983,,NIFTY,,2026-09-22,2026-09-22,23250.0,CE,NIFTY2692223250CE,353.55,364.75,124.1,141.2,140.25,318.55,23118.6,141.2,1740440,1634165,106419,161952654929.0,57052,F1,65,,,,,
2026-09-15,2026-09-15,FO,NSE,IDO,57084,,NIFTY,,2026-09-22,2026-09-22,23800.0,CE,NIFTY2692223800CE,64.95,70.0,10.8,12.85,11.0,53.45,23118.6,12.85,4165785,2009280,342917,531007226545.25,151265,F1,65,,,,,
2026-09-15,2026-09-15,FO,NSE,IDO,57251,,NIFTY,,2026-09-22,2026-09-22,24100.0,CE,NIFTY2692224100CE,25.0,25.0,4.05,5.35,4.15,14.9,23118.6,5.35,3290365,1950000,232790,364771809746.5,88504,F1,65,,,,,
2026-09-15,2026-09-15,FO,NSE,IDO,57734,,NIFTY,,2026-09-22,2026-09-22,24800.0,CE,NIFTY2692224800CE,2.75,2.95,1.25,1.4,1.3,2.8,23118.6,1.4,3156985,1621490,201815,325355084915.25,54179,F1,65,,,,,
2026-09-15,2026-09-15,FO,NSE,IDO,57796,,NIFTY,,2026-09-22,2026-09-22,25000.0,CE,NIFTY2692225000CE,2.25,2.65,1.05,1.2,1.15,2.4,23118.6,1.2,7803120,3700190,467906,760404476399.75,89946,F1,65,,,,,
2026-09-15,2026-09-15,FO,NSE,IDO,55293,,NIFTY,,2026-09-29,2026-09-29,34500.0,PE,NIFTY26SEP34500PE,0.0,0.0,0.0,7064.95,0.0,7064.95,23118.6,11303.68,0,0,0,0.0,0,F1,65,,,,,
2026-09-15,2026-09-15,FO,NSE,IDO,74439,,NIFTY,,2026-09-29,2026-09-29,26050.0,PE,NIFTY26SEP26050PE,0.0,0.0,0.0,1710.0,1710.0,1710.0,23118.6,2872.73,260,0,0,0.0,0,F1,65,,,,,
2026-09-15,2026-09-15,FO,NSE,IDO,65905,,NIFTY,,2026-09-29,2026-09-29,26000.0,PE,NIFTY26SEP26000PE,2477.7,2811.3,2463.9,2764.6,2771.5,2509.5,23118.6,2764.6,1992220,-15535,797,1482748754.5,698,F1,65,,,,,
2026-09-15,2026-09-15,FO,NSE,IDO,74406,,NIFTY,,2026-09-29,2026-09-29,25550.0,PE,NIFTY26SEP25550PE,0.0,0.0,0.0,1770.0,1770.0,1770.0,23118.6,2374.02,390,0,0,0.0,0,F1,65,,,,,
2026-09-15,2026-09-15,FO,NSE,IDO,74387,,NIFTY,,2026-09-29,2026-09-29,25300.0,PE,NIFTY26SEP25300PE,1875.0,2075.0,1875.0,2075.0,2075.0,1790.0,23118.6,2075.0,29835,-130,5,8865697.75,4,F1,65,,,,,
2026-09-15,2026-09-15,FO,NSE,IDO,74367,,NIFTY,,2026-09-29,2026-09-29,25050.0,PE,NIFTY26SEP25050PE,0.0,0.0,0.0,1464.65,1464.65,1464.65,23118.6,1876.47,3900,0,0,0.0,0,F1,65,,,,,
2026-09-15,2026-09-15,FO,NSE,IDO,74360,,NIFTY,,2026-09-29,2026-09-29,24850.0,PE,NIFTY26SEP24850PE,0.0,0.0,0.0,1375.0,1375.0,1375.0,23118.6,1678.66,13845,0,0,0.0,0,F1,65,,,,,
2026-09-15,2026-09-15,FO,NSE,IDO,73905,,NIFTY,,2026-09-29,2026-09-29,23050.0,PE,NIFTY26SEP23050PE,71.8,185.0,71.05,165.8,164.8,93.55,23118.6,165.8,155545,-13260,6812,10263799403.0,5082,F1,65,,,,,
2026-09-15,2026-09-15,FO,NSE,IDO,73882,,NIFTY,,2026-09-29,2026-09-29,22400.0,PE,NIFTY26SEP22400PE,17.0,46.75,17.0,42.95,42.45,28.75,23118.6,42.95,421915,181675,17347,25296767869.75,10807,F1,65,,,,,
2026-09-15,2026-09-15,FO,NSE,IDO,57229,,NIFTY,,2026-09-22,2026-09-22,24050.0,PE,NIFTY2692224050PE,553.7,894.4,553.7,857.8,873.5,587.7,23118.6,857.8,24570,13650,473,760998803.5,361,F1,65,,,,,
2026-09-15,2026-09-15,FO,NSE,IDO,57154,,NIFTY,,2026-09-22,2026-09-22,24000.0,PE,NIFTY2692224000PE,496.9,852.7,496.9,806.25,806.65,557.35,23118.6,806.25,1246765,444340,24866,39930754880.25,17450,F1,65,,,,,
2026-09-15,2026-09-15,FO,NSE,IDO,56966,,NIFTY,,2026-09-22,2026-09-22,23050.0,PE,NIFTY2692223050PE,40.05,130.75,40.0,115.4,114.4,63.8,23118.6,115.4,788905,487695,83519,125602513276.5,53097,F1,65,,,,,
2026-09-15,2026-09-15,FO,NSE,IDO,56728,,NIFTY,,2026-09-22,2026-09-22,22000.0,PE,NIFTY2692222000PE,9.0,9.5,4.65,7.65,7.0,10.95,23118.6,7.65,4624815,2651350,198565,284035107768.75,51382,F1,65,,,,,
2026-09-15,2026-09-15,FO,NSE,IDO,56722,,NIFTY,,2026-09-22,2026-09-22,21950.0,PE,NIFTY2692221950PE,9.9,9.9,4.45,7.25,6.3,10.3,23118.6,7.25,106470,44460,14289,20392923690.75,7604,F1,65,,,,,
2026-09-15,2026-09-15,FO,NSE,IDO,47442,,NIFTY,,2026-09-15,2026-09-15,26200.0,PE,NIFTY2691526200PE,0.0,0.0,0.0,1647.25,0.0,1647.25,23118.6,23118.6,0,0,0,0.0,0,F1,65,,,,,
2026-09-15,2026-09-15,FO,NSE,IDO,47432,,NIFTY,,2026-09-15,2026-09-15,26000.0,PE,NIFTY2691526000PE,2510.0,2895.0,2505.4,2859.25,2876.2,2553.2,23118.6,23118.6,21645,-38415,749,1393254850.0,440,F1,65,,,,,
2026-09-15,2026-09-15,FO,NSE,IDO,47384,,NIFTY,,2026-09-15,2026-09-15,25350.0,PE,NIFTY2691525350PE,0.0,0.0,0.0,956.1,0.0,956.1,23118.6,23118.6,0,0,0,0.0,0,F1,65,,,,,
2026-09-15,2026-09-15,FO,NSE,IDO,47340,,NIFTY,,2026-09-15,2026-09-15,24500.0,PE,NIFTY2691524500PE,993.45,1392.4,992.0,1337.1,1384.2,1050.45,23118.6,23118.6,144885,-172705,5173,8626171794.5,4000,F1,65,,,,,
2026-09-15,2026-09-15,FO,NSE,IDO,47338,,NIFTY,,2026-09-15,2026-09-15,24450.0,PE,NIFTY2691524450PE,985.0,1334.1,983.15,1266.9,1334.1,1011.65,23118.6,23118.6,9490,-4615,246,409167606.25,171,F1,65,,,,,
2026-09-15,2026-09-15,FO,NSE,IDO,47326,,NIFTY,,2026-09-15,2026-09-15,24150.0,PE,NIFTY2691524150PE,645.1,1034.15,643.0,988.8,1033.5,703.9,23118.6,23118.6,52260,-14430,804,1306305185.25,501,F1,65,,,,,
2026-09-15,2026-09-15,FO,NSE,IDO,47270,,NIFTY,,2026-09-15,2026-09-15,22800.0,PE,NIFTY2691522800PE,1.75,2.0,0.05,0.65,0.05,6.7,23118.6,23118.6,6667960,273780,2100071,3112408810800.25,353160,F1,65,,,,,
2026-09-15,2026-09-15,FO,NSE,IDO,47252,,NIFTY,,2026-09-15,2026-09-15,22350.0,PE,NIFTY2691522350PE,0.75,0.9,0.05,0.2,0.05,2.75,23118.6,23118.6,688480,-55445,186962,271612585721.75,27969,F1,65,,,,,
2026-09-15,2026-09-15,FO,NSE,IDO,55763,,NIFTY,,2030-12-31,2030-12-31,30000.0,PE,NIFTY30DEC30000PE,0.0,0.0,0.0,1450.1,0.0,1450.1,23118.6,2885.33,0,0,0,0.0,0,F1,65,,,,,
2026-09-15,2026-09-15,FO,NSE,IDO,67787,,NIFTY,,2028-12-26,2028-12-26,26000.0,PE,NIFTY28DEC26000PE,0.0,0.0,0.0,1468.0,1468.0,1468.0,23118.6,1890.38,6940,0,0,0.0,0,F1,65,,,,,
2026-09-15,2026-09-15,FO,NSE,IDO,74644,,NIFTY,,2031-06-24,2031-06-24,19500.0,PE,NIFTY31JUN19500PE,0.0,0.0,0.0,289.2,0.0,289.2,23118.6,254.09,0,0,0,0.0,0,F1,65,,,,,
2026-09-15,2026-09-15,FO,NSE,IDO,55755,,NIFTY,,2030-12-31,2030-12-31,24000.0,PE,NIFTY30DEC24000PE,0.0,0.0,0.0,1000.0,1000.0,1000.0,23118.6,947.59,520,0,0,0.0,0,F1,65,,,,,
2026-09-15,2026-09-15,FO,NSE,IDO,55649,,NIFTY,,2030-06-25,2030-06-25,28500.0,PE,NIFTY30JUN28500PE,0.0,0.0,0.0,1167.6,0.0,1167.6,23118.6,2475.06,0,0,0,0.0,0,F1,65,,,,,
2026-09-15,2026-09-15,FO,NSE,IDO,62007,,NIFTY,,2029-12-24,2029-12-24,33000.0,PE,NIFTY29DEC33000PE,0.0,0.0,0.0,2953.7,0.0,2953.7,23118.6,5080.07,0,0,0,0.0,0,F1,65,,,,,
2026-09-15,2026-09-15,FO,NSE,IDO,61749,,NIFTY,,2029-12-24,2029-12-24,24000.0,PE,NIFTY29DEC24000PE,713.0,950.0,713.0,950.0,950.0,995.0,23118.6,950.0,520,65,3,4840940.0,3,F1,65,,,,,
2026-09-15,2026-09-15,FO,NSE,IDO,89643,,NIFTY,,2029-06-26,2029-06-26,30000.0,PE,NIFTY29JUN30000PE,0.0,0.0,0.0,2031.05,0.0,2031.05,23118.6,3697.41,0,0,0,0.0,0,F1,65,,,,,
2026-09-15,2026-09-15,FO,NSE,IDO,89637,,NIFTY,,2029-06-26,2029-06-26,27000.0,PE,NIFTY29JUN27000PE,0.0,0.0,0.0,1252.35,0.0,1252.35,23118.6,2186.77,0,0,0,0.0,0,F1,65,,,,,
2026-09-15,2026-09-15,FO,NSE,IDO,55563,,NIFTY,,2029-06-26,2029-06-26,25500.0,PE,NIFTY29JUN25500PE,0.0,0.0,0.0,624.25,0.0,624.25,23118.6,1584.01,0,0,0,0.0,0,F1,65,,,,,
2026-09-15,2026-09-15,FO,NSE,IDO,47201,,NIFTY,,2026-09-15,2026-09-15,21950.0,CE,NIFTY2691521950CE,0.0,0.0,0.0,2654.25,0.0,2654.25,23118.6,23118.6,0,0,0,0.0,0,F1,65,,,,,
2026-09-15,2026-09-15,FO,NSE,IDO,47253,,NIFTY,,2026-09-15,2026-09-15,22400.0,CE,NIFTY2691522400CE,950.0,950.0,728.3,736.15,741.2,1062.75,23118.6,23118.6,780,65,11,16571360.0,9,F1,65,,,,,
2026-09-15,2026-09-15,FO,NSE,IDO,47267,,NIFTY,,2026-09-15,2026-09-15,22750.0,CE,NIFTY2691522750CE,761.95,761.95,349.6,387.3,368.15,698.95,23118.6,23118.6,24050,4615,1478,2228189632.5,1112,F1,65,,,,,
2026-09-15,2026-09-15,FO,NSE,IDO,47271,,NIFTY,,2026-09-15,2026-09-15,22850.0,CE,NIFTY2691522850CE,660.4,660.4,247.75,280.45,268.05,608.8,23118.6,23118.6,79300,46865,13281,19989260463.25,7205,F1,65,,,,,
2026-09-15,2026-09-15,FO,NSE,IDO,47289,,NIFTY,,2026-09-15,2026-09-15,23300.0,CE,NIFTY2691523300CE,294.0,294.0,0.05,6.6,0.05,198.4,23118.6,23118.6,19037005,16259945,15330890,23256372065514.25,4503102,F1,65,,,,,
2026-09-15,2026-09-15,FO,NSE,IDO,47325,,NIFTY,,2026-09-15,2026-09-15,24150.0,CE,NIFTY2691524150CE,0.8,1.0,0.05,0.2,0.05,2.2,23118.6,23118.6,3190590,1077505,713570,1120152731610.25,113325,F1,65,,,,,
2026-09-15,2026-09-15,FO,NSE,IDO,47353,,NIFTY,,2026-09-15,2026-09-15,24800.0,CE,NIFTY2691524800CE,0.35,0.6,0.05,0.1,0.05,0.7,23118.6,23118.6,1279590,-1745965,250692,404120188046.25,59092,F1,65,,,,,
2026-09-15,2026-09-15,FO,NSE,IDO,47387,,NIFTY,,2026-09-15,2026-09-15,25450.0,CE,NIFTY2691525450CE,0.35,0.35,0.05,0.1,0.05,0.45,23118.6,23118.6,108355,-163150,26669,44117563467.25,5953,F1,65,,,,,
2026-09-15,2026-09-15,FO,NSE,IDO,47389,,NIFTY,,2026-09-15,2026-09-15,25500.0,CE,NIFTY2691525500CE,0.35,0.45,0.05,0.1,0.05,0.4,23118.6,23118.6,985660,-754455,136798,226744433643.0,21809,F1,65,,,,,
2026-09-15,2026-09-15,FO,NSE,IDO,56875,,NIFTY,,2026-09-22,2026-09-22,22550.0,CE,NIFTY2692222550CE,741.4,757.5,672.75,680.3,685.45,1772.85,23118.6,680.3,1365,1365,34,51347952.5,28,F1,65,,,,,
2026-09-15,2026-09-15,FO,NSE,IDO,56905,,NIFTY,,2026-09-22,2026-09-22,22700.0,CE,NIFTY2692222700CE,795.0,795.0,499.0,534.55,534.05,799.2,23118.6,534.55,33020,11180,538,814108646.0,396,F1,65,,,,,
2026-09-15,2026-09-15,FO,NSE,IDO,57023,,NIFTY,,2026-09-22,2026-09-22,23550.0,CE,NIFTY2692223550CE,180.0,180.0,36.25,42.35,39.0,137.05,23118.6,42.35,1534520,1206205,145218,222918120337.25,82332,F1,65,,,,,
2026-09-15,2026-09-15,FO,NSE,IDO,57501,,NIFTY,,2026-09-22,2026-09-22,24350.0,CE,NIFTY2692224350CE,7.8,7.8,2.75,3.35,2.8,7.4,23118.6,3.35,729105,399360,61564,97457684860.25,24899,F1,65,,,,,
2026-09-15,2026-09-15,FO,NSE,IDO,73887,,NIFTY,,2026-09-29,2026-09-29,22600.0,CE,NIFTY26SEP22600CE,855.0,857.0,657.0,688.2,681.15,935.6,23118.6,688.2,2470,585,55,83434081.25,47,F1,65,,,,,
2026-09-15,2026-09-15,FO,NSE,IDO,74048,,NIFTY,,2026-09-29,2026-09-29,23850.0,CE,NIFTY26SEP23850CE,92.25,93.05,35.7,39.2,37.2,86.8,23118.6,39.2,700310,442715,21734,33757296618.5,14011,F1,65,,,,,
2026-09-15,2026-09-15,FO,NSE,IDO,74363,,NIFTY,,2026-09-29,2026-09-29,24950.0,CE,NIFTY26SEP24950CE,8.3,12.0,4.75,5.35,4.75,7.9,23118.6,5.35,93340,-10400,1982,3215115484.75,1254,F1,65,,,,,
2026-09-15,2026-09-15,FO,NSE,IDO,74391,,NIFTY,,2026-09-29,2026-09-29,25400.0,CE,NIFTY26SEP25400CE,6.0,6.0,3.35,3.65,3.35,5.2,23118.6,3.65,194675,-9490,2008,3315777461.75,1066,F1,65,,,,,
2026-09-15,2026-09-15,FO,NSE,IDO,74481,,NIFTY,,2026-09-29,2026-09-29,26500.0,CE,NIFTY26SEP26500CE,1.7,1.7,1.1,1.35,1.25,1.6,23118.6,1.35,886730,-325,2907,5007559956.75,682,F1,65,,,,,
2026-09-15,2026-09-15,FO,NSE,IDO,74487,,NIFTY,,2026-09-29,2026-09-29,26650.0,CE,NIFTY26SEP26650CE,0.0,0.0,0.0,2.0,2.0,2.0,23118.6,0.0,910,0,0,0.0,0,F1,65,,,,,
2026-09-15,2026-09-15,FO,NSE,IDO,55288,,NIFTY,,2026-09-29,2026-09-29,28500.0,CE,NIFTY26SEP28500CE,0.75,0.75,0.55,0.6,0.55,0.65,23118.6,0.6,519285,-5330,921,1706191207.5,232,F1,65,,,,,
2026-09-15,2026-09-15,FO,NSE,IDO,55290,,NIFTY,,2026-09-29,2026-09-29,31500.0,CE,NIFTY26SEP31500CE,0.8,1.2,0.8,1.1,1.0,0.7,23118.6,1.1,16835,0,10,20475624.0,5,F1,65,,,,,
2026-09-15,2026-09-15,FO,NSE,IDO,40710,,NIFTY,,2026-10-06,2026-10-06,22700.0,CE,NIFTY26O0622700CE,0.0,0.0,0.0,1542.1,0.0,1542.1,23118.6,650.85,0,0,0,0.0,0,F1,65,,,,,
2026-09-15,2026-09-15,FO,NSE,IDO,40767,,NIFTY,,2026-10-06,2026-10-06,23650.0,CE,NIFTY26O0623650CE,218.0,218.0,109.0,114.7,112.5,200.95,23118.6,114.7,7995,-1430,363,561668126.5,256,F1,65,,,,,
2026-09-15,2026-09-15,FO,NSE,IDO,40781,,NIFTY,,2026-10-06,2026-10-06,23800.0,CE,NIFTY26O0623800CE,166.9,166.9,77.05,82.05,78.9,145.75,23118.6,82.05,61750,9360,1883,2926144117.0,1270,F1,65,,,,,
2026-09-15,2026-09-15,FO,NSE,IDO,40821,,NIFTY,,2026-10-06,2026-10-06,24400.0,CE,NIFTY26O0624400CE,33.9,38.0,17.75,18.9,18.25,33.8,23118.6,18.9,38480,-6825,2459,3904464749.25,1617,F1,65,,,,,
2026-09-15,2026-09-15,FO,NSE,IDO,40892,,NIFTY,,2026-10-06,2026-10-06,25650.0,CE,NIFTY26O0625650CE,7.25,7.85,1.35,6.0,6.0,6.5,23118.6,1.24,5265,-260,29,48360672.75,16,F1,65,,,,,
2026-09-15,2026-09-15,FO,NSE,IDO,40904,,NIFTY,,2026-10-06,2026-10-06,25800.0,CE,NIFTY26O0625800CE,5.5,6.5,2.25,5.5,5.0,5.5,23118.6,5.5,38545,2210,220,369009628.0,90,F1,65,,,,,
2026-09-15,2026-09-15,FO,NSE,IDO,44598,,NIFTY,,2026-10-13,2026-10-13,22300.0,CE,NIFTY26O1322300CE,0.0,0.0,0.0,1511.7,0.0,1511.7,23118.6,1016.09,0,0,0,0.0,0,F1,65,,,,,
2026-09-15,2026-09-15,FO,NSE,IDO,44602,,NIFTY,,2026-10-13,2026-10-13,22400.0,CE,NIFTY26O1322400CE,0.0,0.0,0.0,1423.35,0.0,1423.35,23118.6,936.33,0,0,0,0.0,0,F1,65,,,,,
2026-09-15,2026-09-15,FO,NSE,IDO,44650,,NIFTY,,2026-10-13,2026-10-13,23200.0,CE,NIFTY26O1323200CE,436.25,436.25,349.7,369.95,363.7,795.7,23118.6,369.95,4290,4290,152,232904080.5,104,F1,65,,,,,
2026-09-15,2026-09-15,FO,NSE,IDO,44672,,NIFTY,,2026-10-13,2026-10-13,23600.0,CE,NIFTY26O1323600CE,275.25,282.65,168.8,177.45,178.15,281.0,23118.6,177.45,8645,2405,282,436384819.0,178,F1,65,,,,,
2026-09-15,2026-09-15,FO,NSE,IDO,44698,,NIFTY,,2026-10-13,2026-10-13,23850.0,CE,NIFTY26O1323850CE,168.0,169.3,105.9,108.8,117.4,170.6,23118.6,108.8,11440,7865,206,321155032.25,146,F1,65,,,,,
2026-09-15,2026-09-15,FO,NSE,IDO,44712,,NIFTY,,2026-10-13,2026-10-13,24000.0,CE,NIFTY26O1324000CE,130.55,130.55,73.0,77.05,73.0,124.6,23118.6,77.05,20475,17680,736,1152818264.0,564,F1,65,,,,,
2026-09-15,2026-09-15,FO,NSE,IDO,44730,,NIFTY,,2026-10-13,2026-10-13,24250.0,CE,NIFTY26O1324250CE,0.0,0.0,0.0,268.25,0.0,268.25,23118.6,90.29,0,0,0,0.0,0,F1,65,,,,,
2026-09-15,2026-09-15,FO,NSE,IDO,51374,,NIFTY,,2026-10-27,2026-10-27,23550.0,CE,NIFTY26OCT23550CE,383.65,405.1,266.15,280.05,279.15,393.45,23118.6,280.05,17615,5265,494,766556336.0,348,F1,65,,,,,
2026-09-15,2026-09-15,FO,NSE,IDO,51400,,NIFTY,,2026-10-27,2026-10-27,24150.0,CE,NIFTY26OCT24150CE,148.15,148.15,97.2,101.05,98.4,148.15,23118.6,101.05,26260,1820,530,835994168.75,349,F1,65,,,,,
2026-09-15,2026-09-15,FO,NSE,IDO,51406,,NIFTY,,2026-10-27,2026-10-27,24300.0,CE,NIFTY26OCT24300CE,124.75,124.8,74.05,77.35,76.0,111.45,23118.6,77.35,367835,21905,6952,11020569137.5,4329,F1,65,,,,,
2026-09-15,2026-09-15,FO,NSE,IDO,51426,,NIFTY,,2026-10-27,2026-10-27,24700.0,CE,NIFTY26OCT24700CE,55.75,55.75,36.25,38.3,37.0,53.6,23118.6,38.3,282620,-14950,5181,8332749691.5,3108,F1,65,,,,,
2026-09-15,2026-09-15,FO,NSE,IDO,51506,,NIFTY,,2026-10-27,2026-10-27,26400.0,CE,NIFTY26OCT26400CE,9.1,9.1,7.4,7.95,7.95,8.7,23118.6,4.59,455,-260,12,20598240.0,7,F1,65,,,,,
2026-09-15,2026-09-15,FO,NSE,IDO,51526,,NIFTY,,2026-10-27,2026-10-27,26900.0,CE,NIFTY26OCT26900CE,6.4,7.45,6.0,6.1,6.1,5.6,23118.6,6.1,13260,325,19,33229384.5,11,F1,65,,,,,
2026-09-15,2026-09-15,FO,NSE,IDO,64234,,NIFTY,,2026-11-23,2026-11-23,21900.0,CE,NIFTY26NOV21900CE,0.0,0.0,0.0,2815.2,0.0,2815.2,23118.6,1620.05,0,0,0,0.0,0,F1,65,,,,,
2026-09-15,2026-09-15,FO,NSE,IDO,64244,,NIFTY,,2026-11-23,2026-11-23,22150.0,CE,NIFTY26NOV22150CE,1411.85,1411.85,1411.85,1411.85,1411.85,2589.6,23118.6,1411.85,195,195,3,4594560.75,1,F1,65,,,,,
2026-09-15,2026-09-15,FO,NSE,IDO,64342,,NIFTY,,2026-11-23,2026-11-23,23050.0,CE,NIFTY26NOV23050CE,0.0,0.0,0.0,1832.8,0.0,1832.8,23118.6,820.08,0,0,0,0.0,0,F1,65,,,,,
2026-09-15,2026-09-15,FO,NSE,IDO,64441,,NIFTY,,2026-11-23,2026-11-23,25050.0,CE,NIFTY26NOV25050CE,0.0,0.0,0.0,628.4,0.0,628.4,23118.6,142.13,0,0,0,0.0,0,F1,65,,,,,
2026-09-15,2026-09-15,FO,NSE,IDO,47190,,NIFTY,,2026-12-29,2026-12-29,33000.0,CE,NIFTY26DEC33000CE,3.9,4.4,3.7,4.4,4.4,4.1,23118.6,0.02,105365,-975,34,72938534.5,8,F1,65,,,,,
2026-09-15,2026-09-15,FO,NSE,IDO,80274,,NIFTY,,2027-03-30,2027-03-30,25500.0,CE,NIFTY27MAR25500CE,330.0,330.0,275.05,279.45,275.2,316.7,23118.6,279.45,692185,11440,2688,4506137922.0,1565,F1,65,,,,,
2026-09-15,2026-09-15,FO,NSE,IDO,55374,,NIFTY,,2027-06-29,2027-06-29,22500.0,CE,NIFTY27JUN22500CE,0.0,0.0,0.0,5539.6,0.0,5539.6,23118.6,2289.99,0,0,0,0.0,0,F1,65,,,,,
2026-09-15,2026-09-15,FO,NSE,IDO,55422,,NIFTY,,2027-12-28,2027-12-28,19500.0,CE,NIFTY27DEC19500CE,0.0,0.0,0.0,8684.7,0.0,8684.7,23118.6,5279.08,0,0,0,0.0,0,F1,65,,,,,
2026-09-15,2026-09-15,FO,NSE,IDO,53631,,NIFTY,,2027-12-28,2027-12-28,27000.0,CE,NIFTY27DEC27000CE,605.0,614.0,535.0,544.9,543.0,604.65,23118.6,544.9,128715,8905,469,840824491.0,285,F1,65,,,,,
2026-09-15,2026-09-15,FO,NSE,IDO,47196,,NIFTY,,2028-06-27,2028-06-27,33000.0,CE,NIFTY28JUN33000CE,0.0,0.0,0.0,2004.15,0.0,2004.15,23118.6,350.19,0,0,0,0.0,0,F1,65,,,,,
2026-09-15,2026-09-15,FO,NSE,IDO,55556,,NIFTY,,2029-06-26,2029-06-26,16500.0,CE,NIFTY29JUN16500CE,0.0,0.0,0.0,12587.95,0.0,12587.95,23118.6,9329.94,0,0,0,0.0,0,F1,65,,,,,
2026-09-15,2026-09-15,FO,NSE,IDO,60910,,NIFTY,,2030-06-25,2030-06-25,27000.0,CE,NIFTY30JUN27000CE,0.0,0.0,0.0,6972.5,0.0,6972.5,23118.6,3759.6,0,0,0,0.0,0,F1,65,,,,,
2026-09-15,2026-09-15,FO,NSE,IDO,74643,,NIFTY,,2031-06-24,2031-06-24,19500.0,CE,NIFTY31JUN19500CE,0.0,0.0,0.0,9840.6,0.0,9840.6,23118.6,8959.62,0,0,0,0.0,0,F1,65,,,,,
2026-09-15,2026-09-15,FO,NSE,IDO,74651,,NIFTY,,2031-06-24,2031-06-24,25500.0,CE,NIFTY31JUN25500CE,0.0,0.0,0.0,6409.8,0.0,6409.8,23118.6,5514.39,0,0,0,0.0,0,F1,65,,,,,
2026-09-15,2026-09-15,FO,NSE,IDO,47254,,NIFTY,,2026-09-15,2026-09-15,22400.0,PE,NIFTY2691522400PE,0.7,1.2,0.05,0.2,0.05,2.95,23118.6,23118.6,2292940,-2672605,537064,781977518367.5,68157,F1,65,,,,,
2026-09-15,2026-09-15,FO,NSE,IDO,47290,,NIFTY,,2026-09-15,2026-09-15,23300.0,PE,NIFTY2691523300PE,17.0,206.5,6.75,143.55,181.3,51.1,23118.6,23118.6,3423680,-10378615,17699511,26860816515175.5,5641522,F1,65,,,,,
2026-09-15,2026-09-15,FO,NSE,IDO,47336,,NIFTY,,2026-09-15,2026-09-15,24400.0,PE,NIFTY2691524400PE,881.0,1287.95,878.65,1229.2,1284.0,955.85,23118.6,23118.6,88660,-54860,2242,3714303255.0,1451,F1,65,,,,,
2026-09-15,2026-09-15,FO,NSE,IDO,47380,,NIFTY,,2026-09-15,2026-09-15,25300.0,PE,NIFTY2691525300PE,1840.0,2078.6,1835.85,2078.6,2078.6,1865.4,23118.6,23118.6,2470,-1365,48,85022980.25,32,F1,65,,,,,
2026-09-15,2026-09-15,FO,NSE,IDO,56908,,NIFTY,,2026-09-22,2026-09-22,22750.0,PE,NIFTY2692222750PE,21.25,54.0,16.6,48.35,47.85,32.6,23118.6,48.35,514280,315965,70674,104670796015.5,45059,F1,65,,,,,
2026-09-15,2026-09-15,FO,NSE,IDO,57049,,NIFTY,,2026-09-22,2026-09-22,23600.0,PE,NIFTY2692223600PE,181.8,475.9,175.0,436.15,435.0,250.75,23118.6,436.15,1012310,416455,67413,104715839582.25,39398,F1,65,,,,,
2026-09-15,2026-09-15,FO,NSE,IDO,57085,,NIFTY,,2026-09-22,2026-09-22,23800.0,PE,NIFTY2692223800PE,331.6,659.1,330.5,615.85,612.9,388.55,23118.6,615.85,605670,126815,13220,20868046806.75,8648,F1,65,,,,,
2026-09-15,2026-09-15,FO,NSE,IDO,57087,,NIFTY,,2026-09-22,2026-09-22,23850.0,PE,NIFTY2692223850PE,369.55,703.95,369.55,660.55,661.2,428.15,23118.6,660.55,68965,43355,2029,3213866474.0,1428,F1,65,,,,,
2026-09-15,2026-09-15,FO,NSE,IDO,55283,,NIFTY,,2026-09-29,2026-09-29,19500.0,PE,NIFTY26SEP19500PE,2.75,3.4,1.7,2.95,2.9,3.2,23118.6,2.95,1042795,-36790,4500,5704458909.5,1333,F1,65,,,,,
2026-09-15,2026-09-15,FO,NSE,IDO,73851,,NIFTY,,2026-09-29,2026-09-29,21750.0,PE,NIFTY26SEP21750PE,10.0,18.3,8.85,16.8,16.5,14.45,23118.6,16.8,52975,19565,1339,1894347643.5,992,F1,65,,,,,
2026-09-15,2026-09-15,FO,NSE,IDO,74083,,NIFTY,,2026-09-29,2026-09-29,24200.0,PE,NIFTY26SEP24200PE,677.8,1030.55,677.8,981.2,985.0,737.3,23118.6,981.2,1780090,-59865,5049,8238216905.75,3490,F1,65,,,,,
2026-09-15,2026-09-15,FO,NSE,IDO,74108,,NIFTY,,2026-09-29,2026-09-29,24300.0,PE,NIFTY26SEP24300PE,744.95,1129.2,744.95,1084.6,1081.75,838.0,23118.6,1084.6,3071640,-85085,4131,6785752171.25,2662,F1,65,,,,,
2026-09-15,2026-09-15,FO,NSE,IDO,74242,,NIFTY,,2026-09-29,2026-09-29,24500.0,PE,NIFTY26SEP24500PE,940.0,1326.55,940.0,1274.15,1272.6,1020.9,23118.6,1274.15,3076970,-32955,7751,12931574158.75,5572,F1,65,,,,,
2026-09-15,2026-09-15,FO,NSE,IDO,74352,,NIFTY,,2026-09-29,2026-09-29,24650.0,PE,NIFTY26SEP24650PE,1178.15,1438.0,1176.5,1419.9,1409.15,1182.3,23118.6,1419.9,36985,0,48,81057015.0,36,F1,65,,,,,
2026-09-15,2026-09-15,FO,NSE,IDO,74373,,NIFTY,,2026-09-29,2026-09-29,25200.0,PE,NIFTY26SEP25200PE,1711.55,2033.7,1711.55,1970.1,1971.45,1717.5,23118.6,1970.1,80990,-1170,73,128547971.5,43,F1,65,,,,,
2026-09-15,2026-09-15,FO,NSE,IDO,74394,,NIFTY,,2026-09-29,2026-09-29,25400.0,PE,NIFTY26SEP25400PE,1875.0,2175.0,1875.0,2175.0,2175.0,1907.6,23118.6,2175.0,26780,-195,7,12495317.25,6,F1,65,,,,,
2026-09-15,2026-09-15,FO,NSE,IDO,74396,,NIFTY,,2026-09-29,2026-09-29,25450.0,PE,NIFTY26SEP25450PE,0.0,0.0,0.0,946.5,946.5,946.5,23118.6,2274.35,715,0,0,0.0,0,F1,65,,,,,
2026-09-15,2026-09-15,FO,NSE,IDO,74433,,NIFTY,,2026-09-29,2026-09-29,25950.0,PE,NIFTY26SEP25950PE,0.0,0.0,0.0,1299.0,1299.0,1299.0,23118.6,2772.97,65,0,0,0.0,0,F1,65,,,,,
2026-09-15,2026-09-15,FO,NSE,IDO,40676,,NIFTY,,2026-10-06,2026-10-06,22200.0,PE,NIFTY26O0622200PE,17.5,49.0,17.5,46.25,45.45,31.1,23118.6,46.25,33800,12675,834,1205662068.0,478,F1,65,,,,,
2026-09-15,2026-09-15,FO,NSE,IDO,40700,,NIFTY,,2026-10-06,2026-10-06,22550.0,PE,NIFTY26O0622550PE,62.4,86.65,62.4,82.55,86.65,41.25,23118.6,82.55,1300,1300,31,45597132.75,16,F1,65,,,,,
2026-09-15,2026-09-15,FO,NSE,IDO,40756,,NIFTY,,2026-10-06,2026-10-06,23400.0,PE,NIFTY26O0623400PE,194.0,376.7,189.2,355.75,354.9,215.25,23118.6,355.75,35425,23530,1343,2065441472.25,1178,F1,65,,,,,
2026-09-15,2026-09-15,FO,NSE,IDO,40764,,NIFTY,,2026-10-06,2026-10-06,23550.0,PE,NIFTY26O0623550PE,247.85,456.6,247.6,448.0,445.6,282.45,23118.6,448.0,4745,-3900,151,234551050.5,127,F1,65,,,,,
2026-09-15,2026-09-15,FO,NSE,IDO,40782,,NIFTY,,2026-10-06,2026-10-06,23800.0,PE,NIFTY26O0623800PE,415.0,631.3,407.15,622.45,631.3,431.6,23118.6,622.45,11050,-910,96,151634151.5,71,F1,65,,,,,
2026-09-15,2026-09-15,FO,NSE,IDO,40802,,NIFTY,,2026-10-06,2026-10-06,24050.0,PE,NIFTY26O0624050PE,578.3,578.3,577.1,577.1,577.1,580.0,23118.6,933.46,260,0,2,3201601.0,2,F1,65,,,,,
2026-09-15,2026-09-15,FO,NSE,IDO,40804,,NIFTY,,2026-10-06,2026-10-06,24100.0,PE,NIFTY26O0624100PE,621.6,707.85,620.5,705.05,705.05,637.95,23118.6,975.28,650,390,26,41874348.75,25,F1,65,,,,,
2026-09-15,2026-09-15,FO,NSE,IDO,40812,,NIFTY,,2026-10-06,2026-10-06,24200.0,PE,NIFTY26O0624200PE,725.0,725.0,725.0,725.0,725.0,735.0,23118.6,1060.8,195,65,1,1620125.0,1,F1,65,,,,,
2026-09-15,2026-09-15,FO,NSE,IDO,40851,,NIFTY,,2026-10-06,2026-10-06,24750.0,PE,NIFTY26O0624750PE,0.0,0.0,0.0,808.1,0.0,808.1,23118.6,1564.74,0,0,0,0.0,0,F1,65,,,,,
2026-09-15,2026-09-15,FO,NSE,IDO,40874,,NIFTY,,2026-10-06,2026-10-06,25200.0,PE,NIFTY26O0625200PE,0.0,0.0,0.0,1141.5,0.0,1141.5,23118.6,2001.25,0,0,0,0.0,0,F1,65,,,,,
2026-09-15,2026-09-15,FO,NSE,IDO,40878,,NIFTY,,2026-10-06,2026-10-06,25300.0,PE,NIFTY26O0625300PE,0.0,0.0,0.0,1222.15,0.0,1222.15,23118.6,2099.64,0,0,0,0.0,0,F1,65,,,,,
2026-09-15,2026-09-15,FO,NSE,IDO,40889,,NIFTY,,2026-10-06,2026-10-06,25550.0,PE,NIFTY26O0625550PE,0.0,0.0,0.0,1432.35,0.0,1432.35,23118.6,2346.82,0,0,0,0.0,0,F1,65,,,,,
2026-09-15,2026-09-15,FO,NSE,IDO,44597,,NIFTY,,2026-10-13,2026-10-13,22250.0,PE,NIFTY26O1322250PE,0.0,0.0,0.0,47.6,0.0,47.6,23118.6,88.26,0,0,0,0.0,0,F1,65,,,,,
2026-09-15,2026-09-15,FO,NSE,IDO,44645,,NIFTY,,2026-10-13,2026-10-13,23050.0,PE,NIFTY26O1323050PE,121.8,237.35,120.55,231.2,228.2,136.3,23118.6,231.2,3380,650,80,120716690.25,72,F1,65,,,,,
2026-09-15,2026-09-15,FO,NSE,IDO,44653,,NIFTY,,2026-10-13,2026-10-13,23200.0,PE,NIFTY26O1323200PE,154.7,298.35,152.9,286.85,288.9,176.9,23118.6,286.85,5395,3185,281,428116308.75,197,F1,65,,,,,
2026-09-15,2026-09-15,FO,NSE,IDO,44767,,NIFTY,,2026-10-13,2026-10-13,24800.0,PE,NIFTY26O1324800PE,0.0,0.0,0.0,1155.2,0.0,1155.2,23118.6,1601.59,0,0,0,0.0,0,F1,65,,,,,
2026-09-15,2026-09-15,FO,NSE,IDO,51369,,NIFTY,,2026-10-27,2026-10-27,23400.0,PE,NIFTY26OCT23400PE,275.95,443.55,247.55,419.5,419.4,284.0,23118.6,419.5,278915,-2665,4632,7153612186.5,3123,F1,65,,,,,
2026-09-15,2026-09-15,FO,NSE,IDO,51377,,NIFTY,,2026-10-27,2026-10-27,23600.0,PE,NIFTY26OCT23600PE,341.7,550.0,337.45,521.65,519.35,367.75,23118.6,521.65,225030,2015,2505,3916478497.75,1622,F1,65,,,,,
2026-09-15,2026-09-15,FO,NSE,IDO,51379,,NIFTY,,2026-10-27,2026-10-27,23650.0,PE,NIFTY26OCT23650PE,367.75,582.7,367.75,551.6,558.1,387.6,23118.6,551.6,29510,-3965,148,232379702.75,119,F1,65,,,,,
2026-09-15,2026-09-15,FO,NSE,IDO,51403,,NIFTY,,2026-10-27,2026-10-27,24200.0,PE,NIFTY26OCT24200PE,700.0,983.6,700.0,953.9,956.2,730.2,23118.6,953.9,204555,-6110,457,744282106.75,296,F1,65,,,,,
2026-09-15,2026-09-15,FO,NSE,IDO,51425,,NIFTY,,2026-10-27,2026-10-27,24650.0,PE,NIFTY26OCT24650PE,1340.0,1340.0,1340.0,1340.0,1340.0,1202.5,23118.6,1449.58,4615,0,1,1689350.0,1,F1,65,,,,,
2026-09-15,2026-09-15,FO,NSE,IDO,51427,,NIFTY,,2026-10-27,2026-10-27,24700.0,PE,NIFTY26OCT24700PE,1148.45,1320.0,1148.4,1320.0,1320.0,1117.0,23118.6,1492.45,123825,1885,85,143275093.0,59,F1,65,,,,,
2026-09-15,2026-09-15,FO,NSE,IDO,51439,,NIFTY,,2026-10-27,2026-10-27,24950.0,PE,NIFTY26OCT24950PE,0.0,0.0,0.0,1390.55,1390.55,1390.55,23118.6,1712.45,3835,0,0,0.0,0,F1,65,,,,,
2026-09-15,2026-09-15,FO,NSE,IDO,51513,,NIFTY,,2026-10-27,2026-10-27,26550.0,PE,NIFTY26OCT26550PE,0.0,0.0,0.0,2330.1,0.0,2330.1,23118.6,3242.08,0,0,0,0.0,0,F1,65,,,,,
2026-09-15,2026-09-15,FO,NSE,IDO,51525,,NIFTY,,2026-10-27,2026-10-27,26850.0,PE,NIFTY26OCT26850PE,0.0,0.0,0.0,2588.1,0.0,2588.1,23118.6,3538.3,0,0,0,0.0,0,F1,65,,,,,
2026-09-15,2026-09-15,FO,NSE,IDO,51539,,NIFTY,,2026-10-27,2026-10-27,27150.0,PE,NIFTY26OCT27150PE,0.0,0.0,0.0,2853.65,0.0,2853.65,23118.6,3835.26,0,0,0,0.0,0,F1,65,,,,,
2026-09-15,2026-09-15,FO,NSE,IDO,51541,,NIFTY,,2026-10-27,2026-10-27,27200.0,PE,NIFTY26OCT27200PE,0.0,0.0,0.0,2898.55,0.0,2898.55,23118.6,3884.8,0,0,0,0.0,0,F1,65,,,,,
2026-09-15,2026-09-15,FO,NSE,IDO,64239,,NIFTY,,2026-11-23,2026-11-23,22000.0,PE,NIFTY26NOV22000PE,80.0,124.5,67.0,119.6,121.15,78.05,23118.6,119.6,153790,42250,4598,6605700211.5,2933,F1,65,,,,,
2026-09-15,2026-09-15,FO,NSE,IDO,64388,,NIFTY,,2026-11-23,2026-11-23,23800.0,PE,NIFTY26NOV23800PE,490.0,701.3,481.05,668.45,674.0,506.9,23118.6,668.45,87360,-130,400,634603531.25,198,F1,65,,,,,
2026-09-15,2026-09-15,FO,NSE,IDO,64398,,NIFTY,,2026-11-23,2026-11-23,24000.0,PE,NIFTY26NOV24000PE,574.4,827.25,574.2,792.15,799.0,612.65,23118.6,792.15,251290,-2340,2321,3731254796.75,1620,F1,65,,,,,
2026-09-15,2026-09-15,FO,NSE,IDO,64418,,NIFTY,,2026-11-23,2026-11-23,24500.0,PE,NIFTY26NOV24500PE,924.95,1191.95,914.2,1157.2,1153.35,937.15,23118.6,1157.2,198510,-1105,452,750993490.0,333,F1,65,,,,,
2026-09-15,2026-09-15,FO,NSE,IDO,64422,,NIFTY,,2026-11-23,2026-11-23,24600.0,PE,NIFTY26NOV24600PE,1006.35,1013.55,1004.7,1008.05,1008.05,1006.35,23118.6,1414.23,975,-130,9,14980189.25,8,F1,65,,,,,
2026-09-15,2026-09-15,FO,NSE,IDO,64436,,NIFTY,,2026-11-23,2026-11-23,24900.0,PE,NIFTY26NOV24900PE,0.0,0.0,0.0,887.45,0.0,887.45,23118.6,1651.71,0,0,0,0.0,0,F1,65,,,,,
2026-09-15,2026-09-15,FO,NSE,IDO,64457,,NIFTY,,2026-11-23,2026-11-23,25300.0,PE,NIFTY26NOV25300PE,0.0,0.0,0.0,1121.6,0.0,1121.6,23118.6,1988.58,0,0,0,0.0,0,F1,65,,,,,
2026-09-15,2026-09-15,FO,NSE,IDO,37810,,NIFTY,,2026-12-29,2026-12-29,23000.0,PE,NIFTY26DEC23000PE,276.1,397.3,259.95,377.85,380.0,287.2,23118.6,377.85,3000400,21895,12749,19342737544.0,7321,F1,65,,,,,
2026-09-15,2026-09-15,FO,NSE,IDO,35237,,NIFTY,,2026-12-29,2026-12-29,30000.0,PE,NIFTY26DEC30000PE,5940.0,6218.1,5920.45,6195.35,6191.55,5949.5,23118.6,6195.35,387045,285,86,201412909.75,74,F1,65,,,,,
2026-09-15,2026-09-15,FO,NSE,IDO,80273,,NIFTY,,2027-03-30,2027-03-30,24000.0,PE,NIFTY27MAR24000PE,650.0,833.9,628.95,811.4,829.05,682.8,23118.6,811.4,725205,-84695,4144,6662586264.75,2013,F1,65,,,,,
2026-09-15,2026-09-15,FO,NSE,IDO,55375,,NIFTY,,2027-06-29,2027-06-29,22500.0,PE,NIFTY27JUN22500PE,395.0,419.0,395.0,402.05,403.0,395.0,23118.6,402.05,2275,650,15,22336138.5,14,F1,65,,,,,
2026-09-15,2026-09-15,FO,NSE,IDO,53627,,NIFTY,,2027-12-28,2027-12-28,25000.0,PE,NIFTY27DEC25000PE,1188.7,1273.95,1115.0,1260.5,1269.95,1152.25,23118.6,1260.5,124085,2925,234,398792251.0,175,F1,65,,,,,
2026-09-15,2026-09-15,FO,NSE,IDO,53630,,NIFTY,,2027-12-28,2027-12-28,26000.0,PE,NIFTY27DEC26000PE,1587.5,1723.1,1551.75,1706.8,1715.0,1581.3,23118.6,1706.8,79565,1625,179,321845904.25,99,F1,65,,,,,
2026-09-15,2026-09-15,FO,NSE,IDO,47197,,NIFTY,,2028-06-27,2028-06-27,33000.0,PE,NIFTY28JUN33000PE,0.0,0.0,0.0,3707.8,0.0,3707.8,23118.6,6708.53,0,0,0,0.0,0,F1,65,,,,,
2026-09-15,2026-09-15,FO,NSE,IDO,67781,,NIFTY,,2028-12-26,2028-12-26,23000.0,PE,NIFTY28DEC23000PE,700.0,770.0,675.0,764.5,764.5,675.0,23118.6,838.49,2715,65,14,21579499.5,14,F1,65,,,,,
2026-09-15,2026-09-15,FO,NSE,IDO,65900,,NIFTY,,2026-09-29,2026-09-29,24000.0,CE,NIFTY26SEP24000CE,60.0,66.6,22.35,24.75,22.55,54.8,23118.6,24.75,9199710,691795,174130,272024115564.5,87811,F1,65,,,,,
2026-09-15,2026-09-15,FO,NSE,IDO,74064,,NIFTY,,2026-09-29,2026-09-29,24100.0,CE,NIFTY26SEP24100CE,48.0,48.0,16.5,18.35,17.2,40.65,23118.6,18.35,1830400,-15730,71352,111892805459.5,39364,F1,65,,,,,
2026-09-15,2026-09-15,FO,NSE,IDO,74359,,NIFTY,,2026-09-29,2026-09-29,24850.0,CE,NIFTY26SEP24850CE,7.95,8.05,5.0,5.5,5.15,8.8,23118.6,5.5,260260,4745,2311,3733803534.5,1594,F1,65,,,,,
2026-09-15,2026-09-15,FO,NSE,IDO,74414,,NIFTY,,2026-09-29,2026-09-29,25650.0,CE,NIFTY26SEP25650CE,4.0,4.1,2.55,3.35,2.55,4.2,23118.6,3.35,29510,11960,279,465227109.75,208,F1,65,,,,,
2026-09-15,2026-09-15,FO,NSE,IDO,74489,,NIFTY,,2026-09-29,2026-09-29,26700.0,CE,NIFTY26SEP26700CE,2.2,2.2,1.4,1.55,1.55,1.9,23118.6,0.0,2665,130,27,46861626.5,21,F1,65,,,,,
2026-09-15,2026-09-15,FO,NSE,IDO,74497,,NIFTY,,2026-09-29,2026-09-29,26900.0,CE,NIFTY26SEP26900CE,1.05,1.25,1.05,1.25,1.25,1.4,23118.6,0.0,5720,0,3,5245724.25,3,F1,65,,,,,
2026-09-15,2026-09-15,FO,NSE,IDO,40667,,NIFTY,,2026-10-06,2026-10-06,22000.0,CE,NIFTY26O0622000CE,0.0,0.0,0.0,2195.25,0.0,2195.25,23118.6,1225.55,0,0,0,0.0,0,F1,65,,,,,
2026-09-15,2026-09-15,FO,NSE,IDO,47150,,NIFTY,,2026-09-15,2026-09-15,21850.0,CE,NIFTY2691521850CE,0.0,0.0,0.0,2752.45,0.0,2752.45,23118.6,23118.6,0,0,0,0.0,0,F1,65,,,,,
2026-09-15,2026-09-15,FO,NSE,IDO,47224,,NIFTY,,2026-09-15,2026-09-15,22100.0,CE,NIFTY2691522100CE,0.0,0.0,0.0,2507.55,0.0,2507.55,23118.6,23118.6,0,0,0,0.0,0,F1,65,,,,,
2026-09-15,2026-09-15,FO,NSE,IDO,47311,,NIFTY,,2026-09-15,2026-09-15,23850.0,CE,NIFTY2691523850CE,3.9,3.9,0.05,0.3,0.05,6.25,23118.6,23118.6,3204110,192335,1774455,2750970702288.25,367038,F1,65,,,,,
2026-09-15,2026-09-15,FO,NSE,IDO,47327,,NIFTY,,2026-09-15,2026-09-15,24200.0,CE,NIFTY2691524200CE,0.9,0.9,0.05,0.25,0.05,1.75,23118.6,23118.6,8558810,3102970,1443044,2269961144067.5,197705,F1,65,,,,,
2026-09-15,2026-09-15,FO,NSE,IDO,47329,,NIFTY,,2026-09-15,2026-09-15,24250.0,CE,NIFTY2691524250CE,1.7,1.7,0.05,0.2,0.05,1.55,23118.6,23118.6,3097445,1297205,466454,735263367153.25,73617,F1,65,,,,,
2026-09-15,2026-09-15,FO,NSE,IDO,56999,,NIFTY,,2026-09-22,2026-09-22,23400.0,CE,NIFTY2692223400CE,255.0,274.7,68.9,80.15,78.0,218.3,23118.6,80.15,6271525,4202900,464225,709668155800.5,240626,F1,65,,,,,
2026-09-15,2026-09-15,FO,NSE,IDO,56995,,NIFTY,,2026-09-22,2026-09-22,23350.0,CE,NIFTY2692223350CE,258.0,300.0,85.5,99.05,96.55,249.5,23118.6,99.05,1385410,1178255,142471,217515645330.75,80666,F1,65,,,,,
2026-09-15,2026-09-15,FO,NSE,IDO,40715,,NIFTY,,2026-10-06,2026-10-06,22800.0,CE,NIFTY26O0622800CE,697.9,699.05,578.9,582.75,582.75,1453.9,23118.6,582.75,455,455,23,35050629.25,23,F1,65,,,,,
2026-09-15,2026-09-15,FO,NSE,IDO,40791,,NIFTY,,2026-10-06,2026-10-06,23950.0,CE,NIFTY26O0623950CE,105.45,105.45,54.4,55.55,56.15,100.4,23118.6,55.55,25805,13130,436,681027090.25,236,F1,65,,,,,
2026-09-15,2026-09-15,FO,NSE,IDO,40831,,NIFTY,,2026-10-06,2026-10-06,24600.0,CE,NIFTY26O0624600CE,22.6,24.45,12.1,12.7,12.25,22.6,23118.6,12.7,48815,13195,717,1147274573.25,344,F1,65,,,,,
2026-09-15,2026-09-15,FO,NSE,IDO,40852,,NIFTY,,2026-10-06,2026-10-06,24800.0,CE,NIFTY26O0624800CE,12.35,15.55,8.4,10.75,8.55,241.5,23118.6,10.75,2535,2535,142,229017340.5,40,F1,65,,,,,
2026-09-15,2026-09-15,FO,NSE,IDO,40887,,NIFTY,,2026-10-06,2026-10-06,25550.0,CE,NIFTY26O0625550CE,7.4,7.4,5.0,5.95,5.95,6.2,23118.6,1.71,2600,585,62,102991385.25,33,F1,65,,,,,
2026-09-15,2026-09-15,FO,NSE,IDO,40890,,NIFTY,,2026-10-06,2026-10-06,25600.0,CE,NIFTY26O0625600CE,7.65,7.65,4.6,5.25,4.6,6.65,23118.6,5.25,3055,-4420,150,249658721.0,92,F1,65,,,,,
2026-09-15,2026-09-15,FO,NSE,IDO,40902,,NIFTY,,2026-10-06,2026-10-06,25750.0,CE,NIFTY26O0625750CE,5.0,5.0,4.0,4.45,4.0,5.45,23118.6,4.45,1105,0,15,25110572.5,3,F1,65,,,,,
2026-09-15,2026-09-15,FO,NSE,IDO,44628,,NIFTY,,2026-10-13,2026-10-13,22900.0,CE,NIFTY26O1322900CE,0.0,0.0,0.0,1011.95,0.0,1011.95,23118.6,585.17,0,0,0,0.0,0,F1,65,,,,,
2026-09-15,2026-09-15,FO,NSE,IDO,44746,,NIFTY,,2026-10-13,2026-10-13,24400.0,CE,NIFTY26O1324400CE,0.0,0.0,0.0,130.25,130.25,130.25,23118.6,69.09,65,0,0,0.0,0,F1,65,,,,,
2026-09-15,2026-09-15,FO,NSE,IDO,44766,,NIFTY,,2026-10-13,2026-10-13,24800.0,CE,NIFTY26O1324800CE,26.35,28.0,14.85,16.65,15.25,25.75,23118.6,16.65,23920,14820,549,885781273.0,278,F1,65,,,,,
2026-09-15,2026-09-15,FO,NSE,IDO,51294,,NIFTY,,2026-10-27,2026-10-27,21700.0,CE,NIFTY26OCT21700CE,0.0,0.0,0.0,2684.55,0.0,2684.55,23118.6,1630.41,0,0,0,0.0,0,F1,65,,,,,
2026-09-15,2026-09-15,FO,NSE,IDO,51304,,NIFTY,,2026-10-27,2026-10-27,21900.0,CE,NIFTY26OCT21900CE,0.0,0.0,0.0,2507.4,0.0,2507.4,23118.6,1455.01,0,0,0,0.0,0,F1,65,,,,,
2026-09-15,2026-09-15,FO,NSE,IDO,51316,,NIFTY,,2026-10-27,2026-10-27,22200.0,CE,NIFTY26OCT22200CE,1220.0,1220.0,1220.0,1220.0,1220.0,2249.3,23118.6,1220.0,65,65,1,1522300.0,1,F1,65,,,,,
2026-09-15,2026-09-15,FO,NSE,IDO,51348,,NIFTY,,2026-10-27,2026-10-27,22900.0,CE,NIFTY26OCT22900CE,746.0,750.0,626.2,656.0,646.55,843.85,23118.6,656.0,2990,2405,82,125655874.5,71,F1,65,,,,,
2026-09-15,2026-09-15,FO,NSE,IDO,51364,,NIFTY,,2026-10-27,2026-10-27,23300.0,CE,NIFTY26OCT23300CE,551.8,570.7,382.05,404.25,405.0,541.35,23118.6,404.25,181350,94120,4584,7075370311.75,3188,F1,65,,,,,
2026-09-15,2026-09-15,FO,NSE,IDO,51408,,NIFTY,,2026-10-27,2026-10-27,24350.0,CE,NIFTY26OCT24350CE,105.05,105.05,66.6,70.7,68.0,101.0,23118.6,70.7,40040,4355,496,787820897.5,358,F1,65,,,,,
2026-09-15,2026-09-15,FO,NSE,IDO,51496,,NIFTY,,2026-10-27,2026-10-27,26150.0,CE,NIFTY26OCT26150CE,0.0,0.0,0.0,9.75,9.75,9.75,23118.6,7.58,780,0,0,0.0,0,F1,65,,,,,
2026-09-15,2026-09-15,FO,NSE,IDO,51512,,NIFTY,,2026-10-27,2026-10-27,26550.0,CE,NIFTY26OCT26550CE,0.0,0.0,0.0,5.9,5.9,5.9,23118.6,3.36,260,0,0,0.0,0,F1,65,,,,,
2026-09-15,2026-09-15,FO,NSE,IDO,51522,,NIFTY,,2026-10-27,2026-10-27,26800.0,CE,NIFTY26OCT26800CE,0.0,0.0,0.0,6.25,6.25,6.25,23118.6,1.97,650,0,0,0.0,0,F1,65,,,,,
2026-09-15,2026-09-15,FO,NSE,IDO,51528,,NIFTY,,2026-10-27,2026-10-27,26950.0,CE,NIFTY26OCT26950CE,0.0,0.0,0.0,4.25,4.25,4.25,23118.6,1.41,780,0,0,0.0,0,F1,65,,,,,
2026-09-15,2026-09-15,FO,NSE,IDO,64240,,NIFTY,,2026-11-23,2026-11-23,22050.0,CE,NIFTY26NOV22050CE,1497.25,1497.25,1497.25,1497.25,1497.25,2679.2,23118.6,1497.25,195,195,3,4591713.75,1,F1,65,,,,,
2026-09-15,2026-09-15,FO,NSE,IDO,64284,,NIFTY,,2026-11-23,2026-11-23,22550.0,CE,NIFTY26NOV22550CE,0.0,0.0,0.0,2241.1,0.0,2241.1,23118.6,1132.36,0,0,0,0.0,0,F1,65,,,,,
2026-09-15,2026-09-15,FO,NSE,IDO,64325,,NIFTY,,2026-11-23,2026-11-23,22900.0,CE,NIFTY26NOV22900CE,906.05,910.0,804.0,812.6,804.0,931.4,23118.6,812.6,325,65,12,18508233.25,6,F1,65,,,,,
2026-09-15,2026-09-15,FO,NSE,IDO,64413,,NIFTY,,2026-11-23,2026-11-23,24400.0,CE,NIFTY26NOV24400CE,190.5,190.5,138.15,142.6,143.5,187.8,23118.6,142.6,49855,4095,491,783798349.75,328,F1,65,,,,,
2026-09-15,2026-09-15,FO,NSE,IDO,64425,,NIFTY,,2026-11-23,2026-11-23,24700.0,CE,NIFTY26NOV24700CE,121.05,123.1,90.2,96.1,93.5,120.4,23118.6,96.1,50375,2730,786,1267317818.0,549,F1,65,,,,,
2026-09-15,2026-09-15,FO,NSE,IDO,64439,,NIFTY,,2026-11-23,2026-11-23,25000.0,CE,NIFTY26NOV25000CE,84.25,85.6,64.05,66.15,64.4,80.2,23118.6,66.15,546390,15340,5285,8612889652.25,3311,F1,65,,,,,
2026-09-15,2026-09-15,FO,NSE,IDO,64458,,NIFTY,,2026-11-23,2026-11-23,25350.0,CE,NIFTY26NOV25350CE,0.0,0.0,0.0,514.1,0.0,514.1,23118.6,102.22,0,0,0,0.0,0,F1,65,,,,,
2026-09-15,2026-09-15,FO,NSE,IDO,64499,,NIFTY,,2026-11-23,2026-11-23,26050.0,CE,NIFTY26NOV26050CE,0.0,0.0,0.0,309.45,0.0,309.45,23118.6,44.22,0,0,0,0.0,0,F1,65,,,,,
2026-09-15,2026-09-15,FO,NSE,IDO,37806,,NIFTY,,2026-12-29,2026-12-29,23000.0,CE,NIFTY26DEC23000CE,1145.0,1175.0,931.2,955.85,945.0,1126.0,23118.6,955.85,994900,107055,4729,7389471940.5,2395,F1,65,,,,,
2026-09-15,2026-09-15,FO,NSE,IDO,71549,,NIFTY,,2027-06-29,2027-06-29,19000.0,CE,NIFTY27JUN19000CE,0.0,0.0,0.0,7800.0,7800.0,7800.0,23118.6,5089.0,75,0,0,0.0,0,F1,65,,,,,
2026-09-15,2026-09-15,FO,NSE,IDO,55380,,NIFTY,,2027-06-29,2027-06-29,31500.0,CE,NIFTY27JUN31500CE,0.0,0.0,0.0,769.15,0.0,769.15,23118.6,48.38,0,0,0,0.0,0,F1,65,,,,,
2026-09-15,2026-09-15,FO,NSE,IDO,86139,,NIFTY,,2028-06-27,2028-06-27,18000.0,CE,NIFTY28JUN18000CE,0.0,0.0,0.0,6809.35,0.0,6809.35,23118.6,7114.04,0,0,0,0.0,0,F1,65,,,,,
2026-09-15,2026-09-15,FO,NSE,IDO,55564,,NIFTY,,2029-06-26,2029-06-26,28500.0,CE,NIFTY29JUN28500CE,0.0,0.0,0.0,4213.3,0.0,4213.3,23118.6,2112.7,0,0,0,0.0,0,F1,65,,,,,
2026-09-15,2026-09-15,FO,NSE,IDO,89642,,NIFTY,,2029-06-26,2029-06-26,30000.0,CE,NIFTY29JUN30000CE,0.0,0.0,0.0,5268.4,0.0,5268.4,23118.6,1658.13,0,0,0,0.0,0,F1,65,,,,,
2026-09-15,2026-09-15,FO,NSE,IDO,55608,,NIFTY,,2029-12-24,2029-12-24,31500.0,CE,NIFTY29DEC31500CE,0.0,0.0,0.0,3429.3,0.0,3429.3,23118.6,1723.34,0,0,0,0.0,0,F1,65,,,,,
2026-09-15,2026-09-15,FO,NSE,IDO,55644,,NIFTY,,2030-06-25,2030-06-25,22500.0,CE,NIFTY30JUN22500CE,0.0,0.0,0.0,9012.4,0.0,9012.4,23118.6,6077.74,0,0,0,0.0,0,F1,65,,,,,
2026-09-15,2026-09-15,FO,NSE,IDO,55762,,NIFTY,,2030-12-31,2030-12-31,30000.0,CE,NIFTY30DEC30000CE,0.0,0.0,0.0,5227.2,0.0,5227.2,23118.6,3146.7,0,0,0,0.0,0,F1,65,,,,,
2026-09-15,2026-09-15,FO,NSE,IDO,74649,,NIFTY,,2031-06-24,2031-06-24,24000.0,CE,NIFTY31JUN24000CE,0.0,0.0,0.0,7181.9,0.0,7181.9,23118.6,6280.91,0,0,0,0.0,0,F1,65,,,,,
2026-09-15,2026-09-15,FO,NSE,IDO,47310,,NIFTY,,2026-09-15,2026-09-15,23800.0,PE,NIFTY2691523800PE,277.65,702.4,244.75,647.5,683.15,359.5,23118.6,23118.6,560885,-470990,39958,62924055873.25,22074,F1,65,,,,,
2026-09-15,2026-09-15,FO,NSE,IDO,47312,,NIFTY,,2026-09-15,2026-09-15,23850.0,PE,NIFTY2691523850PE,333.95,757.75,329.9,691.45,731.05,403.45,23118.6,23118.6,116805,-100685,8889,14085329124.75,5372,F1,65,,,,,
2026-09-15,2026-09-15,FO,NSE,IDO,47324,,NIFTY,,2026-09-15,2026-09-15,24100.0,PE,NIFTY2691524100PE,584.15,999.05,584.15,954.0,983.65,655.65,23118.6,23118.6,330005,-37960,4606,7451608931.0,3085,F1,65,,,,,
2026-09-15,2026-09-15,FO,NSE,IDO,47424,,NIFTY,,2026-09-15,2026-09-15,25950.0,PE,NIFTY2691525950PE,0.0,0.0,0.0,1430.0,0.0,1430.0,23118.6,23118.6,0,0,0,0.0,0,F1,65,,,,,
2026-09-15,2026-09-15,FO,NSE,IDO,56696,,NIFTY,,2026-09-22,2026-09-22,21700.0,PE,NIFTY2692221700PE,5.9,6.65,3.2,4.9,4.45,8.15,23118.6,4.9,5225805,2161770,180937,255260541506.75,39794,F1,65,,,,,
2026-09-15,2026-09-15,FO,NSE,IDO,64410,,NIFTY,,2026-11-23,2026-11-23,24300.0,PE,NIFTY26NOV24300PE,1000.0,1037.05,983.8,1003.9,983.8,808.0,23118.6,1003.9,12935,65,22,36194041.0,22,F1,65,,,,,
2026-09-15,2026-09-15,FO,NSE,IDO,56957,,NIFTY,,2026-09-22,2026-09-22,23050.0,CE,NIFTY2692223050CE,478.65,488.9,232.8,260.55,255.5,478.65,23118.6,260.55,91975,58955,5062,7676659974.75,3451,F1,65,,,,,
2026-09-15,2026-09-15,FO,NSE,IDO,47381,,NIFTY,,2026-09-15,2026-09-15,25350.0,CE,NIFTY2691525350CE,0.45,0.45,0.05,0.15,0.05,0.45,23118.6,23118.6,139815,-21190,20577,33906015702.0,5111,F1,65,,,,,
2026-09-15,2026-09-15,FO,NSE,IDO,55371,,NIFTY,,2027-06-29,2027-06-29,16500.0,PE,NIFTY27JUN16500PE,0.0,0.0,0.0,22.2,22.2,22.2,23118.6,2.5,780,0,0,0.0,0,F1,65,,,,,
2026-09-15,2026-09-15,FO,NSE,IDO,80306,,NIFTY,,2027-03-30,2027-03-30,28500.0,PE,NIFTY27MAR28500PE,0.0,0.0,0.0,2937.15,2937.15,2937.15,23118.6,4515.22,65,0,0,0.0,0,F1,65,,,,,
2026-09-15,2026-09-15,FO,NSE,IDO,47337,,NIFTY,,2026-09-15,2026-09-15,24450.0,CE,NIFTY2691524450CE,2.25,2.25,0.05,0.2,0.05,1.1,23118.6,23118.6,1058980,356850,206192,327696157525.75,31484,F1,65,,,,,
2026-09-15,2026-09-15,FO,NSE,IDO,47351,,NIFTY,,2026-09-15,2026-09-15,24750.0,CE,NIFTY2691524750CE,0.4,1.05,0.05,0.3,0.05,0.75,23118.6,23118.6,901485,-54210,141019,226867283509.75,24834,F1,65,,,,,
2026-09-15,2026-09-15,FO,NSE,IDO,47361,,NIFTY,,2026-09-15,2026-09-15,24950.0,CE,NIFTY2691524950CE,0.4,0.45,0.05,0.1,0.05,0.5,23118.6,23118.6,452400,-89960,60895,98757507901.0,12659,F1,65,,,,,
2026-09-15,2026-09-15,FO,NSE,IDO,80269,,NIFTY,,2027-03-30,2027-03-30,21000.0,PE,NIFTY27MAR21000PE,104.65,136.2,101.95,130.95,134.7,105.1,23118.6,130.95,825500,75985,3076,4223465691.25,1692,F1,65,,,,,
2026-09-15,2026-09-15,FO,NSE,IDO,74666,,NIFTY,,2031-06-24,2031-06-24,33000.0,PE,NIFTY31JUN33000PE,0.0,0.0,0.0,3810.15,0.0,3810.15,23118.6,3957.2,0,0,0,0.0,0,F1,65,,,,,
2026-09-15,2026-09-15,FO,NSE,IDO,74648,,NIFTY,,2031-06-24,2031-06-24,22500.0,PE,NIFTY31JUN22500PE,0.0,0.0,0.0,663.6,0.0,663.6,23118.6,624.88,0,0,0,0.0,0,F1,65,,,,,
2026-09-15,2026-09-15,FO,NSE,IDO,55765,,NIFTY,,2030-12-31,2030-12-31,31500.0,PE,NIFTY30DEC31500PE,0.0,0.0,0.0,1885.5,0.0,1885.5,23118.6,3549.55,0,0,0,0.0,0,F1,65,,,,,
2026-09-15,2026-09-15,FO,NSE,IDO,55761,,NIFTY,,2030-12-31,2030-12-31,28500.0,PE,NIFTY30DEC28500PE,0.0,0.0,0.0,1083.1,0.0,1083.1,23118.6,2289.57,0,0,0,0.0,0,F1,65,,,,,
2026-09-15,2026-09-15,FO,NSE,IDO,55705,,NIFTY,,2030-12-31,2030-12-31,22500.0,PE,NIFTY30DEC22500PE,0.0,0.0,0.0,219.35,0.0,219.35,23118.6,649.18,0,0,0,0.0,0,F1,65,,,,,
2026-09-15,2026-09-15,FO,NSE,IDO,55519,,NIFTY,,2028-12-26,2028-12-26,19500.0,PE,NIFTY28DEC19500PE,0.0,0.0,0.0,49.0,0.0,49.0,23118.6,212.68,0,0,0,0.0,0,F1,65,,,,,
2026-09-15,2026-09-15,FO,NSE,IDO,55481,,NIFTY,,2028-06-27,2028-06-27,31500.0,PE,NIFTY28JUN31500PE,0.0,0.0,0.0,2935.6,0.0,2935.6,23118.6,5539.72,0,0,0,0.0,0,F1,65,,,,,
2026-09-15,2026-09-15,FO,NSE,IDO,55475,,NIFTY,,2028-06-27,2028-06-27,22500.0,PE,NIFTY28JUN22500PE,0.0,0.0,0.0,206.95,0.0,206.95,23118.6,702.05,0,0,0,0.0,0,F1,65,,,,,
2026-09-15,2026-09-15,FO,NSE,IDO,55427,,NIFTY,,2027-12-28,2027-12-28,25500.0,PE,NIFTY27DEC25500PE,0.0,0.0,0.0,676.05,0.0,676.05,23118.6,1879.01,0,0,0,0.0,0,F1,65,,,,,
2026-09-15,2026-09-15,FO,NSE,IDO,55329,,NIFTY,,2026-12-29,2026-12-29,25500.0,PE,NIFTY26DEC25500PE,1679.4,1939.8,1670.9,1910.9,1903.35,1679.4,23118.6,1910.9,365625,2210,206,365664546.0,148,F1,65,,,,,
2026-09-15,2026-09-15,FO,NSE,IDO,64500,,NIFTY,,2026-11-23,2026-11-23,26050.0,PE,NIFTY26NOV26050PE,0.0,0.0,0.0,1637.9,0.0,1637.9,23118.6,2665.76,0,0,0,0.0,0,F1,65,,,,,
2026-09-15,2026-09-15,FO,NSE,IDO,64490,,NIFTY,,2026-11-23,2026-11-23,25800.0,PE,NIFTY26NOV25800PE,0.0,0.0,0.0,1454.8,0.0,1454.8,23118.6,2434.82,0,0,0,0.0,0,F1,65,,,,,
2026-09-15,2026-09-15,FO,NSE,IDO,64428,,NIFTY,,2026-11-23,2026-11-23,24750.0,PE,NIFTY26NOV24750PE,0.0,0.0,0.0,807.55,0.0,807.55,23118.6,1531.17,0,0,0,0.0,0,F1,65,,,,,
2026-09-15,2026-09-15,FO,NSE,IDO,57064,,NIFTY,,2026-09-22,2026-09-22,23700.0,PE,NIFTY2692223700PE,216.6,566.55,216.6,521.75,525.15,316.6,23118.6,521.75,838175,320125,29086,45546598220.5,21359,F1,65,,,,,
2026-09-15,2026-09-15,FO,NSE,IDO,57502,,NIFTY,,2026-09-22,2026-09-22,24350.0,PE,NIFTY2692224350PE,860.0,1160.0,860.0,1152.6,1146.7,892.3,23118.6,1152.6,11895,10595,167,275510748.5,104,F1,65,,,,,
2026-09-15,2026-09-15,FO,NSE,IDO,57618,,NIFTY,,2026-09-22,2026-09-22,24500.0,PE,NIFTY2692224500PE,1012.1,1339.7,993.65,1298.6,1302.05,1035.75,23118.6,1298.6,302055,160745,3875,6466763062.5,2993,F1,65,,,,,
2026-09-15,2026-09-15,FO,NSE,IDO,57797,,NIFTY,,2026-09-22,2026-09-22,25000.0,PE,NIFTY2692225000PE,1509.75,1834.55,1502.15,1795.75,1801.5,1530.0,23118.6,1795.75,80210,41145,687,1190822798.75,447,F1,65,,,,,
2026-09-15,2026-09-15,FO,NSE,IDO,57847,,NIFTY,,2026-09-22,2026-09-22,25100.0,PE,NIFTY2692225100PE,1720.0,1877.0,1720.0,1865.2,1877.0,1485.65,23118.6,1865.2,1105,780,12,20980394.5,10,F1,65,,,,,
2026-09-15,2026-09-15,FO,NSE,IDO,57889,,NIFTY,,2026-09-22,2026-09-22,25300.0,PE,NIFTY2692225300PE,1806.15,1806.15,1806.15,1806.15,1806.15,1150.25,23118.6,2152.89,65,65,1,1761899.75,1,F1,65,,,,,
2026-09-15,2026-09-15,FO,NSE,IDO,57954,,NIFTY,,2026-09-22,2026-09-22,25600.0,PE,NIFTY2692225600PE,0.0,0.0,0.0,2130.0,2130.0,2130.0,23118.6,2452.55,325,0,0,0.0,0,F1,65,,,,,
2026-09-15,2026-09-15,FO,NSE,IDO,73855,,NIFTY,,2026-09-29,2026-09-29,21850.0,PE,NIFTY26SEP21850PE,13.85,21.0,12.05,19.05,18.55,15.9,23118.6,19.05,81900,48165,2902,4124893945.25,1465,F1,65,,,,,
2026-09-15,2026-09-15,FO,NSE,IDO,73872,,NIFTY,,2026-09-29,2026-09-29,22150.0,PE,NIFTY26SEP22150PE,13.0,35.4,13.0,28.4,28.4,20.85,23118.6,28.4,54665,15990,1462,2106811001.75,992,F1,65,,,,,
2026-09-15,2026-09-15,FO,NSE,IDO,73896,,NIFTY,,2026-09-29,2026-09-29,22800.0,PE,NIFTY26SEP22800PE,43.9,109.3,39.35,97.45,96.7,57.05,23118.6,97.45,1263925,-145925,56821,84465385933.5,33942,F1,65,,,,,
2026-09-15,2026-09-15,FO,NSE,IDO,73902,,NIFTY,,2026-09-29,2026-09-29,22950.0,PE,NIFTY26SEP22950PE,58.8,150.7,56.75,134.9,133.15,76.15,23118.6,134.9,246155,26780,8007,11996878341.5,5315,F1,65,,,,,
2026-09-15,2026-09-15,FO,NSE,IDO,74354,,NIFTY,,2026-09-29,2026-09-29,24700.0,PE,NIFTY26SEP24700PE,1182.7,1515.35,1179.05,1464.3,1479.55,1232.45,23118.6,1464.3,237575,-2275,273,463247606.25,177,F1,65,,,,,
2026-09-15,2026-09-15,FO,NSE,IDO,74421,,NIFTY,,2026-09-29,2026-09-29,25800.0,PE,NIFTY26SEP25800PE,2350.0,2350.0,2350.0,2350.0,2350.0,2350.0,23118.6,2623.33,20930,65,1,1829750.0,1,F1,65,,,,,
2026-09-15,2026-09-15,FO,NSE,IDO,74488,,NIFTY,,2026-09-29,2026-09-29,26650.0,PE,NIFTY26SEP26650PE,0.0,0.0,0.0,2517.6,0.0,2517.6,23118.6,3471.36,0,0,0,0.0,0,F1,65,,,,,
2026-09-15,2026-09-15,FO,NSE,IDO,74494,,NIFTY,,2026-09-29,2026-09-29,26800.0,PE,NIFTY26SEP26800PE,0.0,0.0,0.0,2222.1,2222.1,2222.1,23118.6,3621.03,1365,0,0,0.0,0,F1,65,,,,,
2026-09-15,2026-09-15,FO,NSE,IDO,74504,,NIFTY,,2026-09-29,2026-09-29,27100.0,PE,NIFTY26SEP27100PE,0.0,0.0,0.0,2914.15,0.0,2914.15,23118.6,3920.35,0,0,0,0.0,0,F1,65,,,,,
2026-09-15,2026-09-15,FO,NSE,IDO,65924,,NIFTY,,2026-09-29,2026-09-29,30000.0,PE,NIFTY26SEP30000PE,6500.25,6775.0,6479.8,6762.2,6774.35,6508.0,23118.6,6762.2,138905,-2340,71,168768206.75,47,F1,65,,,,,
2026-09-15,2026-09-15,FO,NSE,IDO,40711,,NIFTY,,2026-10-06,2026-10-06,22700.0,PE,NIFTY26O0622700PE,53.8,117.55,53.1,106.5,109.85,21.1,23118.6,106.5,7475,7410,295,437102831.75,217,F1,65,,,,,
2026-09-15,2026-09-15,FO,NSE,IDO,40732,,NIFTY,,2026-10-06,2026-10-06,23000.0,PE,NIFTY26O0623000PE,80.25,196.25,80.25,179.35,181.0,107.1,23118.6,179.35,105560,13975,4752,7148468583.75,3179,F1,65,,,,,
2026-09-15,2026-09-15,FO,NSE,IDO,40818,,NIFTY,,2026-10-06,2026-10-06,24300.0,PE,NIFTY26O0624300PE,0.0,0.0,0.0,493.95,493.95,493.95,23118.6,1148.59,130,0,0,0.0,0,F1,65,,,,,
2026-09-15,2026-09-15,FO,NSE,IDO,40836,,NIFTY,,2026-10-06,2026-10-06,24650.0,PE,NIFTY26O0624650PE,0.0,0.0,0.0,741.5,0.0,741.5,23118.6,1469.91,0,0,0,0.0,0,F1,65,,,,,
2026-09-15,2026-09-15,FO,NSE,IDO,40882,,NIFTY,,2026-10-06,2026-10-06,25400.0,PE,NIFTY26O0625400PE,0.0,0.0,0.0,1304.85,0.0,1304.85,23118.6,2198.34,0,0,0,0.0,0,F1,65,,,,,
2026-09-15,2026-09-15,FO,NSE,IDO,40884,,NIFTY,,2026-10-06,2026-10-06,25450.0,PE,NIFTY26O0625450PE,0.0,0.0,0.0,1346.9,0.0,1346.9,23118.6,2247.78,0,0,0,0.0,0,F1,65,,,,,
2026-09-15,2026-09-15,FO,NSE,IDO,40893,,NIFTY,,2026-10-06,2026-10-06,25650.0,PE,NIFTY26O0625650PE,0.0,0.0,0.0,1519.5,0.0,1519.5,23118.6,2446.01,0,0,0,0.0,0,F1,65,,,,,
2026-09-15,2026-09-15,FO,NSE,IDO,44557,,NIFTY,,2026-10-13,2026-10-13,21650.0,PE,NIFTY26O1321650PE,0.0,0.0,0.0,12.65,0.0,12.65,23118.6,23.57,0,0,0,0.0,0,F1,65,,,,,
2026-09-15,2026-09-15,FO,NSE,IDO,44571,,NIFTY,,2026-10-13,2026-10-13,21950.0,PE,NIFTY26O1321950PE,0.0,0.0,0.0,25.4,0.0,25.4,23118.6,47.51,0,0,0,0.0,0,F1,65,,,,,
2026-09-15,2026-09-15,FO,NSE,IDO,44625,,NIFTY,,2026-10-13,2026-10-13,22800.0,PE,NIFTY26O1322800PE,75.0,161.25,75.0,154.45,155.15,93.65,23118.6,154.45,5655,1950,203,302358507.75,173,F1,65,,,,,
2026-09-15,2026-09-15,FO,NSE,IDO,44647,,NIFTY,,2026-10-13,2026-10-13,23100.0,PE,NIFTY26O1323100PE,136.75,256.55,135.45,248.0,249.2,148.3,23118.6,248.0,3055,2145,109,165098570.0,80,F1,65,,,,,
2026-09-15,2026-09-15,FO,NSE,IDO,44693,,NIFTY,,2026-10-13,2026-10-13,23750.0,PE,NIFTY26O1323750PE,0.0,0.0,0.0,456.25,0.0,456.25,23118.6,725.83,0,0,0,0.0,0,F1,65,,,,,
2026-09-15,2026-09-15,FO,NSE,IDO,44775,,NIFTY,,2026-10-13,2026-10-13,24900.0,PE,NIFTY26O1324900PE,0.0,0.0,0.0,1237.05,0.0,1237.05,23118.6,1695.16,0,0,0,0.0,0,F1,65,,,,,
2026-09-15,2026-09-15,FO,NSE,IDO,44781,,NIFTY,,2026-10-13,2026-10-13,25050.0,PE,NIFTY26O1325050PE,0.0,0.0,0.0,1363.6,0.0,1363.6,23118.6,1837.36,0,0,0,0.0,0,F1,65,,,,,
2026-09-15,2026-09-15,FO,NSE,IDO,44783,,NIFTY,,2026-10-13,2026-10-13,25100.0,PE,NIFTY26O1325100PE,0.0,0.0,0.0,1406.65,0.0,1406.65,23118.6,1885.18,0,0,0,0.0,0,F1,65,,,,,
2026-09-15,2026-09-15,FO,NSE,IDO,51361,,NIFTY,,2026-10-27,2026-10-27,23200.0,PE,NIFTY26OCT23200PE,169.5,350.15,169.5,331.45,329.05,215.3,23118.6,331.45,316355,40820,5051,7711747342.0,3502,F1,65,,,,,
2026-09-15,2026-09-15,FO,NSE,IDO,51381,,NIFTY,,2026-10-27,2026-10-27,23700.0,PE,NIFTY26OCT23700PE,379.95,614.1,376.45,582.95,583.25,415.95,23118.6,582.95,330980,5915,2079,3271806596.5,1378,F1,65,,,,,
2026-09-15,2026-09-15,FO,NSE,IDO,51417,,NIFTY,,2026-10-27,2026-10-27,24450.0,PE,NIFTY26OCT24450PE,1092.3,1092.3,1090.5,1090.5,1090.5,914.55,23118.6,1282.39,11700,-65,2,3320382.0,2,F1,65,,,,,
2026-09-15,2026-09-15,FO,NSE,IDO,51483,,NIFTY,,2026-10-27,2026-10-27,25800.0,PE,NIFTY26OCT25800PE,2325.0,2325.0,2325.0,2325.0,2325.0,2150.0,23118.6,2508.9,455,65,1,1828125.0,1,F1,65,,,,,
2026-09-15,2026-09-15,FO,NSE,IDO,51493,,NIFTY,,2026-10-27,2026-10-27,26050.0,PE,NIFTY26OCT26050PE,0.0,0.0,0.0,1920.65,0.0,1920.65,23118.6,2751.55,0,0,0,0.0,0,F1,65,,,,,
2026-09-15,2026-09-15,FO,NSE,IDO,64226,,NIFTY,,2026-11-23,2026-11-23,21750.0,PE,NIFTY26NOV21750PE,65.0,65.0,65.0,65.0,65.0,60.0,23118.6,116.29,455,65,1,1417975.0,1,F1,65,,,,,
2026-09-15,2026-09-15,FO,NSE,IDO,64267,,NIFTY,,2026-11-23,2026-11-23,22250.0,PE,NIFTY26NOV22250PE,102.3,158.55,97.45,151.7,153.0,102.3,23118.6,151.7,2925,260,163,237033231.5,80,F1,65,,,,,
2026-09-15,2026-09-15,FO,NSE,IDO,64324,,NIFTY,,2026-11-23,2026-11-23,22850.0,PE,NIFTY26NOV22850PE,249.9,277.4,249.9,271.1,271.1,191.95,23118.6,271.1,910,130,5,7513242.75,4,F1,65,,,,,
2026-09-15,2026-09-15,FO,NSE,IDO,64326,,NIFTY,,2026-11-23,2026-11-23,22900.0,PE,NIFTY26NOV22900PE,199.85,302.0,192.5,285.3,286.5,201.95,23118.6,285.3,7735,4875,252,379682413.5,126,F1,65,,,,,
2026-09-15,2026-09-15,FO,NSE,IDO,64386,,NIFTY,,2026-11-23,2026-11-23,23750.0,PE,NIFTY26NOV23750PE,526.0,676.5,526.0,640.8,642.4,483.45,23118.6,640.8,4030,-325,12,19002061.0,10,F1,65,,,,,
2026-09-15,2026-09-15,FO,NSE,IDO,57003,,NIFTY,,2026-09-22,2026-09-22,23450.0,CE,NIFTY2692223450CE,200.05,239.15,56.4,65.85,62.95,188.75,23118.6,65.85,2109835,1151020,178970,274002237567.5,95791,F1,65,,,,,
2026-09-15,2026-09-15,FO,NSE,IDO,57387,,NIFTY,,2026-09-22,2026-09-22,24200.0,CE,NIFTY2692224200CE,12.2,13.1,3.35,4.3,3.65,10.65,23118.6,4.3,2760680,1428115,196526,309206311219.0,68685,F1,65,,,,,
2026-09-15,2026-09-15,FO,NSE,IDO,57701,,NIFTY,,2026-09-22,2026-09-22,24650.0,CE,NIFTY2692224650CE,3.85,3.85,1.65,1.9,1.7,3.8,23118.6,1.9,192465,69745,22753,36460057549.5,9487,F1,65,,,,,
2026-09-15,2026-09-15,FO,NSE,IDO,58032,,NIFTY,,2026-09-22,2026-09-22,26050.0,CE,NIFTY2692226050CE,0.95,1.15,0.8,0.85,0.8,0.95,23118.6,0.85,9490,6500,233,394541371.25,106,F1,65,,,,,
2026-09-15,2026-09-15,FO,NSE,IDO,74056,,NIFTY,,2026-09-29,2026-09-29,23900.0,CE,NIFTY26SEP23900CE,89.95,89.95,29.6,32.7,30.05,73.45,23118.6,32.7,1881685,-79430,68784,107058957824.0,38956,F1,65,,,,,
2026-09-15,2026-09-15,FO,NSE,IDO,40820,,NIFTY,,2026-10-06,2026-10-06,24350.0,PE,NIFTY26O0624350PE,0.0,0.0,0.0,560.0,0.0,560.0,23118.6,1193.26,0,0,0,0.0,0,F1,65,,,,,
2026-09-15,2026-09-15,FO,NSE,IDO,40788,,NIFTY,,2026-10-06,2026-10-06,23850.0,PE,NIFTY26O0623850PE,502.0,657.55,502.0,653.85,657.5,450.45,23118.6,653.85,4290,-260,18,28609093.5,15,F1,65,,,,,
2026-09-15,2026-09-15,FO,NSE,IDO,40754,,NIFTY,,2026-10-06,2026-10-06,23350.0,PE,NIFTY26O0623350PE,169.45,347.95,169.45,323.35,334.75,199.5,23118.6,323.35,8840,-325,485,743816251.75,354,F1,65,,,,,
2026-09-15,2026-09-15,FO,NSE,IDO,40746,,NIFTY,,2026-10-06,2026-10-06,23200.0,PE,NIFTY26O0623200PE,133.95,281.4,133.15,256.1,258.6,153.5,23118.6,256.1,62790,21645,1780,2710934674.5,1390,F1,65,,,,,
2026-09-15,2026-09-15,FO,NSE,IDO,40724,,NIFTY,,2026-10-06,2026-10-06,22950.0,PE,NIFTY26O0622950PE,80.0,178.4,80.0,169.55,169.15,95.1,23118.6,169.55,2145,1365,105,157589705.0,85,F1,65,,,,,
2026-09-15,2026-09-15,FO,NSE,IDO,40696,,NIFTY,,2026-10-06,2026-10-06,22450.0,PE,NIFTY26O0622450PE,43.0,78.2,40.45,70.45,71.3,41.9,23118.6,70.45,910,845,23,33646957.5,23,F1,65,,,,,
2026-09-15,2026-09-15,FO,NSE,IDO,40662,,NIFTY,,2026-10-06,2026-10-06,21850.0,PE,NIFTY26O0621850PE,0.0,0.0,0.0,8.55,0.0,8.55,23118.6,21.72,0,0,0,0.0,0,F1,65,,,,,
2026-09-15,2026-09-15,FO,NSE,IDO,74508,,NIFTY,,2026-09-29,2026-09-29,27200.0,PE,NIFTY26SEP27200PE,0.0,0.0,0.0,3004.3,0.0,3004.3,23118.6,4020.12,0,0,0,0.0,0,F1,65,,,,,
2026-09-15,2026-09-15,FO,NSE,IDO,74472,,NIFTY,,2026-09-29,2026-09-29,26300.0,PE,NIFTY26SEP26300PE,2780.0,3090.85,2779.95,3090.85,3090.85,2771.15,23118.6,3090.85,80535,-390,9,17066962.25,9,F1,65,,,,,
2026-09-15,2026-09-15,FO,NSE,IDO,74419,,NIFTY,,2026-09-29,2026-09-29,25750.0,PE,NIFTY26SEP25750PE,0.0,0.0,0.0,1840.05,1840.05,1840.05,23118.6,2573.46,520,0,0,0.0,0,F1,65,,,,,
2026-09-15,2026-09-15,FO,NSE,IDO,74350,,NIFTY,,2026-09-29,2026-09-29,24600.0,PE,NIFTY26SEP24600PE,1085.8,1408.0,1081.4,1381.65,1379.55,1117.8,23118.6,1381.65,681980,1235,288,483756107.25,221,F1,65,,,,,
2026-09-15,2026-09-15,FO,NSE,IDO,74115,,NIFTY,,2026-09-29,2026-09-29,24400.0,PE,NIFTY26SEP24400PE,879.95,1220.4,879.9,1179.05,1176.05,926.95,23118.6,1179.05,1954680,-2015,710,1176204708.25,547,F1,65,,,,,
2026-09-15,2026-09-15,FO,NSE,IDO,74098,,NIFTY,,2026-09-29,2026-09-29,24250.0,PE,NIFTY26SEP24250PE,634.15,1074.75,634.15,1041.0,1039.0,789.05,23118.6,1041.0,159575,-4875,416,681641632.75,253,F1,65,,,,,
2026-09-15,2026-09-15,FO,NSE,IDO,74065,,NIFTY,,2026-09-29,2026-09-29,24100.0,PE,NIFTY26SEP24100PE,601.15,935.7,596.05,886.25,885.1,655.05,23118.6,886.25,843830,-74230,3311,5360296155.5,1683,F1,65,,,,,
2026-09-15,2026-09-15,FO,NSE,IDO,74059,,NIFTY,,2026-09-29,2026-09-29,23950.0,PE,NIFTY26SEP23950PE,485.7,786.75,480.0,746.95,751.45,520.95,23118.6,746.95,131495,-3185,283,452031095.75,209,F1,65,,,,,
2026-09-15,2026-09-15,FO,NSE,IDO,74011,,NIFTY,,2026-09-29,2026-09-29,23750.0,PE,NIFTY26SEP23750PE,326.0,615.55,325.95,577.8,574.0,373.9,23118.6,577.8,159640,-59735,2395,3770906152.0,1375,F1,65,,,,,
2026-09-15,2026-09-15,FO,NSE,IDO,74009,,NIFTY,,2026-09-29,2026-09-29,23700.0,PE,NIFTY26SEP23700PE,300.0,572.65,275.4,528.6,533.35,340.7,23118.6,528.6,1115985,-11570,12390,19428229895.75,9042,F1,65,,,,,
2026-09-15,2026-09-15,FO,NSE,IDO,73909,,NIFTY,,2026-09-29,2026-09-29,23150.0,PE,NIFTY26SEP23150PE,99.0,225.3,83.4,203.9,202.6,115.65,23118.6,203.9,393705,105820,10000,15161097841.5,6596,F1,65,,,,,
2026-09-15,2026-09-15,FO,NSE,IDO,73876,,NIFTY,,2026-09-29,2026-09-29,22250.0,PE,NIFTY26SEP22250PE,16.0,35.2,15.0,32.55,33.65,23.3,23118.6,32.55,61295,12480,1425,2063536627.75,739,F1,65,,,,,
2026-09-15,2026-09-15,FO,NSE,IDO,73874,,NIFTY,,2026-09-29,2026-09-29,22200.0,PE,NIFTY26SEP22200PE,18.8,32.55,14.0,30.65,30.2,22.05,23118.6,30.65,448240,104390,9815,14179193590.25,5605,F1,65,,,,,
2026-09-15,2026-09-15,FO,NSE,IDO,73848,,NIFTY,,2026-09-29,2026-09-29,21700.0,PE,NIFTY26SEP21700PE,10.55,17.3,8.8,15.85,15.15,13.55,23118.6,15.85,388895,8970,9446,13331534336.25,5156,F1,65,,,,,
2026-09-15,2026-09-15,FO,NSE,IDO,57928,,NIFTY,,2026-09-22,2026-09-22,25550.0,PE,NIFTY2692225550PE,0.0,0.0,0.0,2140.0,2140.0,2140.0,23118.6,2402.6,65,0,0,0.0,0,F1,65,,,,,
2026-09-15,2026-09-15,FO,NSE,IDO,56948,,NIFTY,,2026-09-22,2026-09-22,22950.0,PE,NIFTY2692222950PE,35.2,98.0,29.25,86.25,86.0,50.7,23118.6,86.25,669305,335140,68478,102431024748.0,42476,F1,65,,,,,
2026-09-15,2026-09-15,FO,NSE,IDO,56936,,NIFTY,,2026-09-22,2026-09-22,22850.0,PE,NIFTY2692222850PE,27.55,72.9,22.05,64.6,63.9,40.45,23118.6,64.6,498160,142350,54277,80774355723.75,35499,F1,65,,,,,
2026-09-15,2026-09-15,FO,NSE,IDO,56864,,NIFTY,,2026-09-22,2026-09-22,22450.0,PE,NIFTY2692222450PE,17.75,22.85,8.75,20.7,20.15,19.0,23118.6,20.7,281060,160225,28797,42050648006.25,17738,F1,65,,,,,
2026-09-15,2026-09-15,FO,NSE,IDO,56796,,NIFTY,,2026-09-22,2026-09-22,22100.0,PE,NIFTY2692222100PE,9.7,10.95,5.2,9.15,8.7,12.05,23118.6,9.15,610415,309530,46040,66159750179.25,20270,F1,65,,,,,
2026-09-15,2026-09-15,FO,NSE,IDO,56706,,NIFTY,,2026-09-22,2026-09-22,21850.0,PE,NIFTY2692221850PE,9.25,9.25,3.9,6.15,5.65,9.05,23118.6,6.15,75140,66040,5520,7841776267.0,2579,F1,65,,,,,
2026-09-15,2026-09-15,FO,NSE,IDO,56700,,NIFTY,,2026-09-22,2026-09-22,21750.0,PE,NIFTY2692221750PE,5.35,7.1,3.35,5.2,4.65,8.45,23118.6,5.2,116090,71630,9219,13036238761.0,4096,F1,65,,,,,
2026-09-15,2026-09-15,FO,NSE,IDO,47436,,NIFTY,,2026-09-15,2026-09-15,26050.0,PE,NIFTY2691526050PE,0.0,0.0,0.0,1515.75,0.0,1515.75,23118.6,23118.6,0,0,0,0.0,0,F1,65,,,,,
2026-09-15,2026-09-15,FO,NSE,IDO,47372,,NIFTY,,2026-09-15,2026-09-15,25200.0,PE,NIFTY2691525200PE,1742.0,2014.0,1742.0,2013.95,2014.0,1758.35,23118.6,23118.6,780,-2340,47,82884421.75,41,F1,65,,,,,
2026-09-15,2026-09-15,FO,NSE,IDO,47346,,NIFTY,,2026-09-15,2026-09-15,24600.0,PE,NIFTY2691524600PE,1158.0,1484.4,1103.75,1446.75,1480.0,1158.4,23118.6,23118.6,29965,-62205,1543,2595178725.75,1082,F1,65,,,,,
2026-09-15,2026-09-15,FO,NSE,IDO,47332,,NIFTY,,2026-09-15,2026-09-15,24300.0,PE,NIFTY2691524300PE,841.75,1188.7,776.0,1136.85,1184.35,849.45,23118.6,23118.6,179985,-22620,3334,5484706392.75,2268,F1,65,,,,,
2026-09-15,2026-09-15,FO,NSE,IDO,47318,,NIFTY,,2026-09-15,2026-09-15,23950.0,PE,NIFTY2691523950PE,407.4,848.3,406.65,796.15,833.1,506.4,23118.6,23118.6,68185,-48100,2570,4106161504.25,1729,F1,65,,,,,
2026-09-15,2026-09-15,FO,NSE,IDO,47292,,NIFTY,,2026-09-15,2026-09-15,23350.0,PE,NIFTY2691523350PE,20.0,255.6,10.4,194.4,230.9,64.35,23118.6,23118.6,1580150,-4504175,10757420,16370491895384.25,4201247,F1,65,,,,,
2026-09-15,2026-09-15,FO,NSE,IDO,47282,,NIFTY,,2026-09-15,2026-09-15,23100.0,PE,NIFTY2691523100PE,3.85,29.2,0.05,9.0,0.05,20.65,23118.6,23118.6,20118540,12220715,15388724,23115211082713.75,3162901,F1,65,,,,,
2026-09-15,2026-09-15,FO,NSE,IDO,47260,,NIFTY,,2026-09-15,2026-09-15,22550.0,PE,NIFTY2691522550PE,1.25,1.6,0.05,0.25,0.05,3.95,23118.6,23118.6,1250275,-170495,414990,608281659479.0,67152,F1,65,,,,,
2026-09-15,2026-09-15,FO,NSE,IDO,47250,,NIFTY,,2026-09-15,2026-09-15,22300.0,PE,NIFTY2691522300PE,0.65,1.0,0.05,0.15,0.05,2.5,23118.6,23118.6,1793480,-955370,286944,415931651248.75,49303,F1,65,,,,,
2026-09-15,2026-09-15,FO,NSE,IDO,74655,,NIFTY,,2031-06-24,2031-06-24,28500.0,CE,NIFTY31JUN28500CE,0.0,0.0,0.0,5048.95,0.0,5048.95,23118.6,4186.51,0,0,0,0.0,0,F1,65,,,,,
2026-09-15,2026-09-15,FO,NSE,IDO,55642,,NIFTY,,2030-06-25,2030-06-25,19500.0,CE,NIFTY30JUN19500CE,0.0,0.0,0.0,11140.25,0.0,11140.25,23118.6,8018.54,0,0,0,0.0,0,F1,65,,,,,
2026-09-15,2026-09-15,FO,NSE,IDO,55640,,NIFTY,,2030-06-25,2030-06-25,16500.0,CE,NIFTY30JUN16500CE,0.0,0.0,0.0,13374.05,0.0,13374.05,23118.6,10193.44,0,0,0,0.0,0,F1,65,,,,,
2026-09-15,2026-09-15,FO,NSE,IDO,55602,,NIFTY,,2029-12-24,2029-12-24,22500.0,CE,NIFTY29DEC22500CE,0.0,0.0,0.0,8486.15,0.0,8486.15,23118.6,5526.26,0,0,0,0.0,0,F1,65,,,,,
2026-09-15,2026-09-15,FO,NSE,IDO,67776,,NIFTY,,2028-12-26,2028-12-26,21000.0,CE,NIFTY28DEC21000CE,0.0,0.0,0.0,7512.5,0.0,7512.5,23118.6,5353.79,0,0,0,0.0,0,F1,65,,,,,
2026-09-15,2026-09-15,FO,NSE,IDO,55480,,NIFTY,,2028-06-27,2028-06-27,31500.0,CE,NIFTY28JUN31500CE,0.0,0.0,0.0,1784.8,0.0,1784.8,23118.6,521.25,0,0,0,0.0,0,F1,65,,,,,
2026-09-15,2026-09-15,FO,NSE,IDO,55476,,NIFTY,,2028-06-27,2028-06-27,25500.0,CE,NIFTY28JUN25500CE,0.0,0.0,0.0,4676.6,0.0,4676.6,23118.6,2119.17,0,0,0,0.0,0,F1,65,,,,,
2026-09-15,2026-09-15,FO,NSE,IDO,55428,,NIFTY,,2027-12-28,2027-12-28,28500.0,CE,NIFTY27DEC28500CE,308.5,325.0,272.0,279.35,272.0,300.0,23118.6,279.35,46215,260,172,321880750.75,103,F1,65,,,,,
2026-09-15,2026-09-15,FO,NSE,IDO,55426,,NIFTY,,2027-12-28,2027-12-28,25500.0,CE,NIFTY27DEC25500CE,0.0,0.0,0.0,2400.0,2400.0,2400.0,23118.6,1489.58,0,0,0,0.0,0,F1,65,,,,,
2026-09-15,2026-09-15,FO,NSE,IDO,55424,,NIFTY,,2027-12-28,2027-12-28,22500.0,CE,NIFTY27DEC22500CE,0.0,0.0,0.0,3011.0,3011.0,3011.0,23118.6,3042.14,65,0,0,0.0,0,F1,65,,,,,
2026-09-15,2026-09-15,FO,NSE,IDO,50981,,NIFTY,,2027-06-29,2027-06-29,27000.0,CE,NIFTY27JUN27000CE,259.95,264.2,222.0,223.2,223.45,260.0,23118.6,223.2,4875,650,43,76103605.5,28,F1,65,,,,,
2026-09-15,2026-09-15,FO,NSE,IDO,71560,,NIFTY,,2027-06-29,2027-06-29,24000.0,CE,NIFTY27JUN24000CE,1310.0,1310.0,1150.05,1187.55,1150.05,1300.0,23118.6,1187.55,3525,320,11,18059603.25,11,F1,65,,,,,
2026-09-15,2026-09-15,FO,NSE,IDO,71553,,NIFTY,,2027-06-29,2027-06-29,21000.0,CE,NIFTY27JUN21000CE,0.0,0.0,0.0,3061.8,0.0,3061.8,23118.6,3376.06,0,0,0,0.0,0,F1,65,,,,,
2026-09-15,2026-09-15,FO,NSE,IDO,80192,,NIFTY,,2027-03-30,2027-03-30,18000.0,CE,NIFTY27MAR18000CE,0.0,0.0,0.0,5643.55,0.0,5643.55,23118.6,5725.91,0,0,0,0.0,0,F1,65,,,,,
2026-09-15,2026-09-15,FO,NSE,IDO,58646,,NIFTY,,2026-12-29,2026-12-29,21000.0,CE,NIFTY26DEC21000CE,2833.0,2833.0,2559.05,2604.3,2597.2,2833.5,23118.6,2604.3,211205,11310,440,677081772.25,253,F1,65,,,,,
2026-09-15,2026-09-15,FO,NSE,IDO,64491,,NIFTY,,2026-11-23,2026-11-23,25850.0,CE,NIFTY26NOV25850CE,0.0,0.0,0.0,358.95,0.0,358.95,23118.6,56.74,0,0,0,0.0,0,F1,65,,,,,
2026-09-15,2026-09-15,FO,NSE,IDO,64427,,NIFTY,,2026-11-23,2026-11-23,24750.0,CE,NIFTY26NOV24750CE,108.75,108.75,88.3,92.75,88.3,112.75,23118.6,92.75,11180,4420,200,323017457.75,101,F1,65,,,,,
2026-09-15,2026-09-15,FO,NSE,IDO,64401,,NIFTY,,2026-11-23,2026-11-23,24100.0,CE,NIFTY26NOV24100CE,289.1,289.1,206.15,217.2,214.55,284.35,23118.6,217.2,37895,14495,939,1484552446.0,482,F1,65,,,,,
2026-09-15,2026-09-15,FO,NSE,IDO,64397,,NIFTY,,2026-11-23,2026-11-23,24000.0,CE,NIFTY26NOV24000CE,350.0,350.0,234.0,246.05,244.45,321.45,23118.6,246.05,496730,66560,7024,11078542572.5,3987,F1,65,,,,,
2026-09-15,2026-09-15,FO,NSE,IDO,64357,,NIFTY,,2026-11-23,2026-11-23,23300.0,CE,NIFTY26NOV23300CE,720.0,720.0,548.1,565.15,556.75,702.6,23118.6,565.15,21060,7670,471,732064973.25,254,F1,65,,,,,
2026-09-15,2026-09-15,FO,NSE,IDO,64327,,NIFTY,,2026-11-23,2026-11-23,22950.0,CE,NIFTY26NOV22950CE,788.1,788.1,788.1,788.1,788.1,1911.7,23118.6,788.1,65,65,1,1542976.5,1,F1,65,,,,,
2026-09-15,2026-09-15,FO,NSE,IDO,64270,,NIFTY,,2026-11-23,2026-11-23,22350.0,CE,NIFTY26NOV22350CE,1245.35,1245.35,1245.35,1245.35,1245.35,2413.25,23118.6,1245.35,195,195,3,4601093.25,1,F1,65,,,,,
2026-09-15,2026-09-15,FO,NSE,IDO,51520,,NIFTY,,2026-10-27,2026-10-27,26750.0,CE,NIFTY26OCT26750CE,0.0,0.0,0.0,6.35,6.35,6.35,23118.6,2.19,975,0,0,0.0,0,F1,65,,,,,
2026-09-15,2026-09-15,FO,NSE,IDO,51514,,NIFTY,,2026-10-27,2026-10-27,26600.0,CE,NIFTY26OCT26600CE,0.0,0.0,0.0,7.0,7.0,7.0,23118.6,3.02,585,0,0,0.0,0,F1,65,,,,,
2026-09-15,2026-09-15,FO,NSE,IDO,51490,,NIFTY,,2026-10-27,2026-10-27,26000.0,CE,NIFTY26OCT26000CE,12.05,12.1,10.2,11.05,10.6,12.0,23118.6,11.05,1063595,-34645,3681,6223532588.0,1824,F1,65,,,,,
2026-09-15,2026-09-15,FO,NSE,IDO,51458,,NIFTY,,2026-10-27,2026-10-27,25450.0,CE,NIFTY26OCT25450CE,0.0,0.0,0.0,18.8,18.8,18.8,23118.6,27.49,4940,0,0,0.0,0,F1,65,,,,,
2026-09-15,2026-09-15,FO,NSE,IDO,51418,,NIFTY,,2026-10-27,2026-10-27,24500.0,CE,NIFTY26OCT24500CE,89.85,89.85,52.0,54.6,52.2,77.9,23118.6,54.6,1672970,46280,23650,37759198993.75,12046,F1,65,,,,,
2026-09-15,2026-09-15,FO,NSE,IDO,51402,,NIFTY,,2026-10-27,2026-10-27,24200.0,CE,NIFTY26OCT24200CE,151.0,160.0,88.6,91.75,89.8,133.7,23118.6,91.75,470470,39910,10732,16955812058.25,6284,F1,65,,,,,
2026-09-15,2026-09-15,FO,NSE,IDO,51388,,NIFTY,,2026-10-27,2026-10-27,23900.0,CE,NIFTY26OCT23900CE,250.0,250.0,149.0,155.75,152.45,228.0,23118.6,155.75,302900,55705,4982,7797500298.25,3281,F1,65,,,,,
2026-09-15,2026-09-15,FO,NSE,IDO,51350,,NIFTY,,2026-10-27,2026-10-27,22950.0,CE,NIFTY26OCT22950CE,700.0,700.0,678.4,678.4,678.4,800.0,23118.6,680.27,260,65,2,3073096.0,2,F1,65,,,,,
2026-09-15,2026-09-15,FO,NSE,IDO,51324,,NIFTY,,2026-10-27,2026-10-27,22350.0,CE,NIFTY26OCT22350CE,0.0,0.0,0.0,2124.25,0.0,2124.25,23118.6,1088.67,0,0,0,0.0,0,F1,65,,,,,
2026-09-15,2026-09-15,FO,NSE,IDO,51302,,NIFTY,,2026-10-27,2026-10-27,21850.0,CE,NIFTY26OCT21850CE,0.0,0.0,0.0,2551.3,0.0,2551.3,23118.6,1498.24,0,0,0,0.0,0,F1,65,,,,,
2026-09-15,2026-09-15,FO,NSE,IDO,51292,,NIFTY,,2026-10-27,2026-10-27,21650.0,CE,NIFTY26OCT21650CE,0.0,0.0,0.0,2729.45,0.0,2729.45,23118.6,1675.24,0,0,0,0.0,0,F1,65,,,,,
2026-09-15,2026-09-15,FO,NSE,IDO,44784,,NIFTY,,2026-10-13,2026-10-13,25150.0,CE,NIFTY26O1325150CE,9.2,9.5,9.2,9.35,9.5,75.25,23118.6,9.35,260,260,8,13082862.0,2,F1,65,,,,,
2026-09-15,2026-09-15,FO,NSE,IDO,44780,,NIFTY,,2026-10-13,2026-10-13,25050.0,CE,NIFTY26O1325050CE,11.0,12.15,10.65,12.15,12.15,88.1,23118.6,18.7,130,130,18,29321539.0,14,F1,65,,,,,
2026-09-15,2026-09-15,FO,NSE,IDO,44748,,NIFTY,,2026-10-13,2026-10-13,24450.0,CE,NIFTY26O1324450CE,0.0,0.0,0.0,207.95,0.0,207.95,23118.6,63.01,0,0,0,0.0,0,F1,65,,,,,
2026-09-15,2026-09-15,FO,NSE,IDO,44682,,NIFTY,,2026-10-13,2026-10-13,23650.0,CE,NIFTY26O1323650CE,245.0,245.0,185.0,188.7,188.7,253.3,23118.6,232.64,2080,1170,21,32561811.75,12,F1,65,,,,,
2026-09-15,2026-09-15,FO,NSE,IDO,44656,,NIFTY,,2026-10-13,2026-10-13,23300.0,CE,NIFTY26O1323300CE,417.6,417.6,295.25,313.05,309.3,457.3,23118.6,313.05,9165,6955,257,395037877.0,197,F1,65,,,,,
2026-09-15,2026-09-15,FO,NSE,IDO,44612,,NIFTY,,2026-10-13,2026-10-13,22500.0,CE,NIFTY26O1322500CE,0.0,0.0,0.0,1336.75,0.0,1336.75,23118.6,859.47,0,0,0,0.0,0,F1,65,,,,,
2026-09-15,2026-09-15,FO,NSE,IDO,40871,,NIFTY,,2026-10-06,2026-10-06,25150.0,CE,NIFTY26O0625150CE,8.65,8.65,6.0,6.4,6.0,10.25,23118.6,6.4,1755,-975,26,42516977.75,10,F1,65,,,,,
2026-09-15,2026-09-15,FO,NSE,IDO,40869,,NIFTY,,2026-10-06,2026-10-06,25100.0,CE,NIFTY26O0625100CE,8.4,10.45,6.3,7.45,6.3,10.2,23118.6,7.45,2080,1560,77,125667659.0,24,F1,65,,,,,
2026-09-15,2026-09-15,FO,NSE,IDO,40844,,NIFTY,,2026-10-06,2026-10-06,24700.0,CE,NIFTY26O0624700CE,18.0,18.4,9.95,11.45,9.95,18.45,23118.6,11.45,8710,7020,310,497996141.5,161,F1,65,,,,,
2026-09-15,2026-09-15,FO,NSE,IDO,40809,,NIFTY,,2026-10-06,2026-10-06,24150.0,CE,NIFTY26O0624150CE,62.9,63.6,29.5,33.0,31.1,61.35,23118.6,33.0,23270,17680,698,1097998759.0,387,F1,65,,,,,
2026-09-15,2026-09-15,FO,NSE,IDO,40759,,NIFTY,,2026-10-06,2026-10-06,23500.0,CE,NIFTY26O0623500CE,320.95,321.0,155.1,169.2,165.25,279.3,23118.6,169.2,144820,62595,4937,7607539949.75,3421,F1,65,,,,,
2026-09-15,2026-09-15,FO,NSE,IDO,74477,,NIFTY,,2026-09-29,2026-09-29,26400.0,CE,NIFTY26SEP26400CE,2.35,2.35,1.3,1.75,1.85,1.75,23118.6,1.75,42055,-1300,91,156166013.25,59,F1,65,,,,,
2026-09-15,2026-09-15,FO,NSE,IDO,74361,,NIFTY,,2026-09-29,2026-09-29,24900.0,CE,NIFTY26SEP24900CE,8.8,9.8,4.5,5.5,4.95,8.4,23118.6,5.5,506805,-25025,8342,13505002615.0,3921,F1,65,,,,,
2026-09-15,2026-09-15,FO,NSE,IDO,74357,,NIFTY,,2026-09-29,2026-09-29,24800.0,CE,NIFTY26SEP24800CE,8.75,10.35,5.25,6.15,5.3,9.6,23118.6,6.15,1114750,31980,14063,22676175938.0,6940,F1,65,,,,,
2026-09-15,2026-09-15,FO,NSE,IDO,74353,,NIFTY,,2026-09-29,2026-09-29,24700.0,CE,NIFTY26SEP24700CE,10.5,12.0,5.95,6.95,6.15,11.3,23118.6,6.95,1500330,-80015,27532,44217554517.5,14972,F1,65,,,,,
2026-09-15,2026-09-15,FO,NSE,IDO,74114,,NIFTY,,2026-09-29,2026-09-29,24400.0,CE,NIFTY26SEP24400CE,23.95,23.95,8.85,10.45,9.0,19.25,23118.6,10.45,2782260,-108420,27922,44308003915.5,15695,F1,65,,,,,
2026-09-15,2026-09-15,FO,NSE,IDO,73869,,NIFTY,,2026-09-29,2026-09-29,22100.0,CE,NIFTY26SEP22100CE,1319.0,1319.0,1095.55,1127.45,1127.45,1405.55,23118.6,1088.35,1170,260,27,40848583.75,20,F1,65,,,,,
2026-09-15,2026-09-15,FO,NSE,IDO,73852,,NIFTY,,2026-09-29,2026-09-29,21800.0,CE,NIFTY26SEP21800CE,0.0,0.0,0.0,1700.0,1700.0,1700.0,23118.6,1374.45,65,0,0,0.0,0,F1,65,,,,,
2026-09-15,2026-09-15,FO,NSE,IDO,73849,,NIFTY,,2026-09-29,2026-09-29,21750.0,CE,NIFTY26SEP21750CE,0.0,0.0,0.0,1980.0,1980.0,1980.0,23118.6,1423.12,65,0,0,0.0,0,F1,65,,,,,
2026-09-15,2026-09-15,FO,NSE,IDO,55282,,NIFTY,,2026-09-29,2026-09-29,19500.0,CE,NIFTY26SEP19500CE,3961.5,3961.5,3692.8,3730.75,3720.45,3961.55,23118.6,3730.75,140465,0,48,72695239.5,33,F1,65,,,,,
2026-09-15,2026-09-15,FO,NSE,IDO,57886,,NIFTY,,2026-09-22,2026-09-22,25300.0,CE,NIFTY2692225300CE,1.75,2.1,0.9,1.0,1.0,1.8,23118.6,1.0,526305,27040,49311,81096315339.0,12286,F1,65,,,,,
2026-09-15,2026-09-15,FO,NSE,IDO,56675,,NIFTY,,2026-09-22,2026-09-22,21650.0,CE,NIFTY2692221650CE,0.0,0.0,0.0,2634.85,0.0,2634.85,23118.6,1493.17,0,0,0,0.0,0,F1,65,,,,,
2026-09-15,2026-09-15,FO,NSE,IDO,47441,,NIFTY,,2026-09-15,2026-09-15,26200.0,CE,NIFTY2691526200CE,0.3,0.4,0.05,0.1,0.05,0.4,23118.6,23118.6,440440,31655,35190,59929032985.25,8936,F1,65,,,,,
2026-09-15,2026-09-15,FO,NSE,IDO,47437,,NIFTY,,2026-09-15,2026-09-15,26100.0,CE,NIFTY2691526100CE,0.1,0.4,0.05,0.1,0.05,0.4,23118.6,23118.6,126620,-28145,12309,20882394484.25,4538,F1,65,,,,,
2026-09-15,2026-09-15,FO,NSE,IDO,47415,,NIFTY,,2026-09-15,2026-09-15,25850.0,CE,NIFTY2691525850CE,0.4,0.45,0.05,0.05,0.05,0.4,23118.6,23118.6,81900,22295,9601,16132215073.0,3488,F1,65,,,,,
2026-09-15,2026-09-15,FO,NSE,IDO,47407,,NIFTY,,2026-09-15,2026-09-15,25750.0,CE,NIFTY2691525750CE,0.3,0.45,0.05,0.1,0.1,0.35,23118.6,23118.6,59280,6825,6627,11092033806.75,2634,F1,65,,,,,
2026-09-15,2026-09-15,FO,NSE,IDO,47397,,NIFTY,,2026-09-15,2026-09-15,25650.0,CE,NIFTY2691525650CE,0.4,0.45,0.05,0.05,0.05,0.4,23118.6,23118.6,93275,35230,9121,15207117113.5,3621,F1,65,,,,,
2026-09-15,2026-09-15,FO,NSE,IDO,47373,,NIFTY,,2026-09-15,2026-09-15,25250.0,CE,NIFTY2691525250CE,0.35,0.35,0.05,0.1,0.05,0.35,23118.6,23118.6,466505,-329940,87910,144283560512.0,12286,F1,65,,,,,
2026-09-15,2026-09-15,FO,NSE,IDO,47365,,NIFTY,,2026-09-15,2026-09-15,25050.0,CE,NIFTY2691525050CE,0.35,0.4,0.05,0.1,0.05,0.45,23118.6,23118.6,476710,-2470,81736,133087859183.5,15259,F1,65,,,,,
2026-09-15,2026-09-15,FO,NSE,IDO,47356,,NIFTY,,2026-09-15,2026-09-15,24850.0,CE,NIFTY2691524850CE,0.45,0.65,0.05,0.2,0.05,0.65,23118.6,23118.6,828360,60580,109973,177635884731.5,17670,F1,65,,,,,
2026-09-15,2026-09-15,FO,NSE,IDO,47323,,NIFTY,,2026-09-15,2026-09-15,24100.0,CE,NIFTY2691524100CE,1.5,1.5,0.05,0.25,0.05,2.45,23118.6,23118.6,6181630,367380,1496221,2343893322400.5,226216,F1,65,,,,,
2026-09-15,2026-09-15,FO,NSE,IDO,47297,,NIFTY,,2026-09-15,2026-09-15,23500.0,CE,NIFTY2691523500CE,95.0,112.95,0.05,1.5,0.05,72.75,23118.6,23118.6,12268490,2968550,14834048,22673731780050.0,3181356,F1,65,,,,,
2026-09-15,2026-09-15,FO,NSE,IDO,47287,,NIFTY,,2026-09-15,2026-09-15,23250.0,CE,NIFTY2691523250CE,250.85,317.75,0.05,11.05,0.05,237.65,23118.6,23118.6,11534835,10131940,9225137,13964720355222.0,2910753,F1,65,,,,,
2026-09-15,2026-09-15,FO,NSE,IDO,47283,,NIFTY,,2026-09-15,2026-09-15,23150.0,CE,NIFTY2691523150CE,400.0,415.35,0.05,17.05,0.05,324.6,23118.6,23118.6,17872270,17604145,4555174,6866036071167.0,1827577,F1,65,,,,,
2026-09-15,2026-09-15,FO,NSE,IDO,47279,,NIFTY,,2026-09-15,2026-09-15,23050.0,CE,NIFTY2691523050CE,449.95,487.25,54.0,86.65,68.4,415.65,23118.6,23118.6,1677975,1552525,447431,673526275496.75,262842,F1,65,,,,,
2026-09-15,2026-09-15,FO,NSE,IDO,47277,,NIFTY,,2026-09-15,2026-09-15,23000.0,CE,NIFTY2691523000CE,524.95,562.25,100.0,139.2,118.3,460.5,23118.6,23118.6,1066975,678470,428683,646235519215.0,216124,F1,65,,,,,
2026-09-15,2026-09-15,FO,NSE,IDO,47263,,NIFTY,,2026-09-15,2026-09-15,22650.0,CE,NIFTY2691522650CE,720.0,720.0,467.7,518.85,467.75,780.0,23118.6,23118.6,2860,1690,145,218836887.75,114,F1,65,,,,,
2026-09-15,2026-09-15,FO,NSE,IDO,47251,,NIFTY,,2026-09-15,2026-09-15,22350.0,CE,NIFTY2691522350CE,0.0,0.0,0.0,2265.3,0.0,2265.3,23118.6,23118.6,0,0,0,0.0,0,F1,65,,,,,
2026-09-15,2026-09-15,FO,NSE,IDO,47226,,NIFTY,,2026-09-15,2026-09-15,22150.0,CE,NIFTY2691522150CE,0.0,0.0,0.0,2458.85,0.0,2458.85,23118.6,23118.6,0,0,0,0.0,0,F1,65,,,,,
2026-09-15,2026-09-15,FO,NSE,IDO,47222,,NIFTY,,2026-09-15,2026-09-15,22050.0,CE,NIFTY2691522050CE,0.0,0.0,0.0,2556.4,0.0,2556.4,23118.6,23118.6,0,0,0,0.0,0,F1,65,,,,,
2026-09-15,2026-09-15,FO,NSE,IDO,47098,,NIFTY,,2026-09-15,2026-09-15,21650.0,CE,NIFTY2691521650CE,0.0,0.0,0.0,2949.55,0.0,2949.55,23118.6,23118.6,0,0,0,0.0,0,F1,65,,,,,
2026-09-15,2026-09-15,FO,NSE,IDF,61471,,NIFTY,,2026-11-23,2026-11-23,,,NIFTY26NOVFUT,23770.5,23779.5,23381.0,23436.0,23435.0,23686.0,23118.6,23436.0,867100,50895,3111,4758873717.0,2489,F1,65,,,,,
2026-09-15,2026-09-15,FO,NSE,IDO,44793,,NIFTY,,2026-10-13,2026-10-13,25300.0,PE,NIFTY26O1325300PE,0.0,0.0,0.0,1583.0,0.0,1583.0,23118.6,2078.15,0,0,0,0.0,0,F1,65,,,,,
2026-09-15,2026-09-15,FO,NSE,IDO,51319,,NIFTY,,2026-10-27,2026-10-27,22250.0,PE,NIFTY26OCT22250PE,53.0,105.5,52.95,103.25,102.25,61.9,23118.6,103.25,460005,49920,4474,6491273028.5,2172,F1,65,,,,,
2026-09-15,2026-09-15,FO,NSE,IDO,51339,,NIFTY,,2026-10-27,2026-10-27,22650.0,PE,NIFTY26OCT22650PE,98.2,172.75,84.65,165.5,170.45,100.6,23118.6,165.5,19825,195,380,562879144.75,207,F1,65,,,,,
2026-09-15,2026-09-15,FO,NSE,IDO,51345,,NIFTY,,2026-10-27,2026-10-27,22800.0,PE,NIFTY26OCT22800PE,120.8,211.15,109.8,200.95,198.85,124.7,23118.6,200.95,230100,19825,6068,9056813818.0,3766,F1,65,,,,,
2026-09-15,2026-09-15,FO,NSE,IDO,51347,,NIFTY,,2026-10-27,2026-10-27,22850.0,PE,NIFTY26OCT22850PE,121.15,222.25,120.1,213.6,214.9,132.65,23118.6,213.6,13910,8645,364,544947136.5,250,F1,65,,,,,
2026-09-15,2026-09-15,FO,NSE,IDO,51481,,NIFTY,,2026-10-27,2026-10-27,25750.0,PE,NIFTY26OCT25750PE,0.0,0.0,0.0,1659.3,1659.3,1659.3,23118.6,2460.68,325,0,0,0.0,0,F1,65,,,,,
2026-09-15,2026-09-15,FO,NSE,IDO,51487,,NIFTY,,2026-10-27,2026-10-27,25900.0,PE,NIFTY26OCT25900PE,0.0,0.0,0.0,2143.85,2143.85,2143.85,23118.6,2605.68,130,0,0,0.0,0,F1,65,,,,,
2026-09-15,2026-09-15,FO,NSE,IDO,51497,,NIFTY,,2026-10-27,2026-10-27,26150.0,PE,NIFTY26OCT26150PE,2585.0,2585.0,2585.0,2585.0,2585.0,1657.0,23118.6,2849.19,130,0,2,3735550.0,2,F1,65,,,,,
2026-09-15,2026-09-15,FO,NSE,IDO,64219,,NIFTY,,2026-11-23,2026-11-23,21650.0,PE,NIFTY26NOV21650PE,70.0,93.85,70.0,91.0,85.45,39.5,23118.6,91.0,780,780,16,22595950.0,5,F1,65,,,,,
2026-09-15,2026-09-15,FO,NSE,IDO,64269,,NIFTY,,2026-11-23,2026-11-23,22300.0,PE,NIFTY26NOV22300PE,106.0,165.75,101.5,158.3,158.25,104.35,23118.6,158.3,4680,650,210,306254575.25,106,F1,65,,,,,
2026-09-15,2026-09-15,FO,NSE,IDO,64295,,NIFTY,,2026-11-23,2026-11-23,22750.0,PE,NIFTY26NOV22750PE,225.8,254.05,225.8,249.95,251.15,173.15,23118.6,249.95,3055,2015,40,59780717.75,16,F1,65,,,,,
2026-09-15,2026-09-15,FO,NSE,IDO,64390,,NIFTY,,2026-11-23,2026-11-23,23850.0,PE,NIFTY26NOV23850PE,0.0,0.0,0.0,576.45,576.45,576.45,23118.6,893.25,2600,0,0,0.0,0,F1,65,,,,,
2026-09-15,2026-09-15,FO,NSE,IDO,64406,,NIFTY,,2026-11-23,2026-11-23,24200.0,PE,NIFTY26NOV24200PE,719.05,969.65,706.8,930.0,930.0,734.8,23118.6,930.0,13325,1560,107,174445937.25,75,F1,65,,,,,
2026-09-15,2026-09-15,FO,NSE,IDO,64408,,NIFTY,,2026-11-23,2026-11-23,24250.0,PE,NIFTY26NOV24250PE,0.0,0.0,0.0,860.0,860.0,860.0,23118.6,1156.78,1105,0,0,0.0,0,F1,65,,,,,
2026-09-15,2026-09-15,FO,NSE,IDO,64450,,NIFTY,,2026-11-23,2026-11-23,25150.0,PE,NIFTY26NOV25150PE,0.0,0.0,0.0,1030.25,0.0,1030.25,23118.6,1859.83,0,0,0,0.0,0,F1,65,,,,,
2026-09-15,2026-09-15,FO,NSE,IDO,64474,,NIFTY,,2026-11-23,2026-11-23,25500.0,PE,NIFTY26NOV25500PE,1803.0,2040.6,1765.0,2039.85,2040.6,1808.65,23118.6,2039.85,44525,20280,323,575367113.75,323,F1,65,,,,,
2026-09-15,2026-09-15,FO,NSE,IDO,58631,,NIFTY,,2026-12-29,2026-12-29,13000.0,PE,NIFTY26DEC13000PE,4.95,4.95,4.95,4.95,4.95,8.8,23118.6,0.0,7615,-130,2,1690643.5,1,F1,65,,,,,
2026-09-15,2026-09-15,FO,NSE,IDO,55703,,NIFTY,,2030-12-31,2030-12-31,21000.0,PE,NIFTY30DEC21000PE,0.0,0.0,0.0,450.0,450.0,450.0,23118.6,420.73,845,0,0,0.0,0,F1,65,,,,,
2026-09-15,2026-09-15,FO,NSE,IDO,40872,,NIFTY,,2026-10-06,2026-10-06,25150.0,PE,NIFTY26O0625150PE,0.0,0.0,0.0,1102.0,0.0,1102.0,23118.6,1952.19,0,0,0,0.0,0,F1,65,,,,,
2026-09-15,2026-09-15,FO,NSE,IDO,71506,,NIFTY,,2026-12-29,2026-12-29,26000.0,PE,NIFTY26DEC26000PE,2100.0,2401.05,2094.95,2360.8,2369.35,2119.9,23118.6,2360.8,1468285,-195,548,1006866968.25,470,F1,65,,,,,
2026-09-15,2026-09-15,FO,NSE,IDO,80267,,NIFTY,,2027-03-30,2027-03-30,19500.0,PE,NIFTY27MAR19500PE,57.0,73.9,55.0,71.15,66.0,56.95,23118.6,71.15,178100,25155,758,964120706.25,388,F1,65,,,,,
2026-09-15,2026-09-15,FO,NSE,IDO,67789,,NIFTY,,2028-12-26,2028-12-26,27000.0,PE,NIFTY28DEC27000PE,1753.05,1899.0,1752.0,1894.75,1899.0,1756.55,23118.6,1894.75,16545,0,11,20601295.0,8,F1,65,,,,,
2026-09-15,2026-09-15,FO,NSE,IDO,55525,,NIFTY,,2028-12-26,2028-12-26,28500.0,PE,NIFTY28DEC28500PE,0.0,0.0,0.0,1451.15,0.0,1451.15,23118.6,3144.22,0,0,0,0.0,0,F1,65,,,,,
2026-09-15,2026-09-15,FO,NSE,IDO,89631,,NIFTY,,2029-06-26,2029-06-26,24000.0,PE,NIFTY29JUN24000PE,1350.0,1350.0,1350.0,1350.0,1350.0,825.0,23118.6,1090.43,350,195,3,4943250.0,1,F1,65,,,,,
2026-09-15,2026-09-15,FO,NSE,IDO,55605,,NIFTY,,2029-12-24,2029-12-24,25500.0,PE,NIFTY29DEC25500PE,0.0,0.0,0.0,597.3,0.0,597.3,23118.6,1492.63,0,0,0,0.0,0,F1,65,,,,,
2026-09-15,2026-09-15,FO,NSE,IDO,55609,,NIFTY,,2029-12-24,2029-12-24,31500.0,PE,NIFTY29DEC31500PE,0.0,0.0,0.0,2240.25,0.0,2240.25,23118.6,4204.21,0,0,0,0.0,0,F1,65,,,,,
2026-09-15,2026-09-15,FO,NSE,IDO,60899,,NIFTY,,2030-06-25,2030-06-25,21000.0,PE,NIFTY30JUN21000PE,0.0,0.0,0.0,220.0,220.0,220.0,23118.6,427.63,65,0,0,0.0,0,F1,65,,,,,
2026-09-15,2026-09-15,FO,NSE,IDO,55647,,NIFTY,,2030-06-25,2030-06-25,25500.0,PE,NIFTY30JUN25500PE,0.0,0.0,0.0,568.55,0.0,568.55,23118.6,1404.52,0,0,0,0.0,0,F1,65,,,,,
2026-09-15,2026-09-15,FO,NSE,IDO,44777,,NIFTY,,2026-10-13,2026-10-13,24950.0,PE,NIFTY26O1324950PE,0.0,0.0,0.0,1278.75,0.0,1278.75,23118.6,1742.34,0,0,0,0.0,0,F1,65,,,,,
2026-09-15,2026-09-15,FO,NSE,IDO,44765,,NIFTY,,2026-10-13,2026-10-13,24750.0,PE,NIFTY26O1324750PE,0.0,0.0,0.0,1115.1,0.0,1115.1,23118.6,1555.23,0,0,0,0.0,0,F1,65,,,,,
2026-09-15,2026-09-15,FO,NSE,IDO,44595,,NIFTY,,2026-10-13,2026-10-13,22200.0,PE,NIFTY26O1322200PE,61.2,64.8,61.2,63.4,63.65,25.0,23118.6,63.4,1365,1365,23,33283367.0,21,F1,65,,,,,
2026-09-15,2026-09-15,FO,NSE,IDO,44567,,NIFTY,,2026-10-13,2026-10-13,21850.0,PE,NIFTY26O1321850PE,0.0,0.0,0.0,20.3,0.0,20.3,23118.6,37.97,0,0,0,0.0,0,F1,65,,,,,
2026-09-15,2026-09-15,FO,NSE,IDO,44565,,NIFTY,,2026-10-13,2026-10-13,21800.0,PE,NIFTY26O1321800PE,0.0,0.0,0.0,18.1,0.0,18.1,23118.6,33.82,0,0,0,0.0,0,F1,65,,,,,
2026-09-15,2026-09-15,FO,NSE,IDO,40886,,NIFTY,,2026-10-06,2026-10-06,25500.0,PE,NIFTY26O0625500PE,0.0,0.0,0.0,1389.4,0.0,1389.4,23118.6,2297.28,0,0,0,0.0,0,F1,65,,,,,
2026-09-15,2026-09-15,FO,NSE,IDO,40870,,NIFTY,,2026-10-06,2026-10-06,25100.0,PE,NIFTY26O0625100PE,0.0,0.0,0.0,1063.1,0.0,1063.1,23118.6,1903.23,0,0,0,0.0,0,F1,65,,,,,
2026-09-15,2026-09-15,FO,NSE,IDO,44585,,NIFTY,,2026-10-13,2026-10-13,22100.0,PE,NIFTY26O1322100PE,0.0,0.0,0.0,35.05,0.0,35.05,23118.6,65.4,0,0,0,0.0,0,F1,65,,,,,
2026-09-15,2026-09-15,FO,NSE,IDO,44619,,NIFTY,,2026-10-13,2026-10-13,22650.0,PE,NIFTY26O1322650PE,0.0,0.0,0.0,99.45,0.0,99.45,23118.6,179.45,0,0,0,0.0,0,F1,65,,,,,
2026-09-15,2026-09-15,FO,NSE,IDO,55701,,NIFTY,,2030-12-31,2030-12-31,19500.0,PE,NIFTY30DEC19500PE,0.0,0.0,0.0,67.4,0.0,67.4,23118.6,254.75,0,0,0,0.0,0,F1,65,,,,,
2026-09-15,2026-09-15,FO,NSE,IDO,55697,,NIFTY,,2030-12-31,2030-12-31,16500.0,PE,NIFTY30DEC16500PE,0.0,0.0,0.0,13.65,0.0,13.65,23118.6,71.27,0,0,0,0.0,0,F1,65,,,,,
2026-09-15,2026-09-15,FO,NSE,IDO,61933,,NIFTY,,2029-12-24,2029-12-24,30000.0,PE,NIFTY29DEC30000PE,0.0,0.0,0.0,2495.0,2495.0,2495.0,23118.6,3399.29,1170,0,0,0.0,0,F1,65,,,,,
2026-09-15,2026-09-15,FO,NSE,IDO,61660,,NIFTY,,2029-12-24,2029-12-24,21000.0,PE,NIFTY29DEC21000PE,0.0,0.0,0.0,390.05,390.05,390.05,23118.6,429.58,780,0,0,0.0,0,F1,65,,,,,
2026-09-15,2026-09-15,FO,NSE,IDO,55599,,NIFTY,,2029-12-24,2029-12-24,16500.0,PE,NIFTY29DEC16500PE,0.0,0.0,0.0,10.15,0.0,10.15,23118.6,57.57,0,0,0,0.0,0,F1,65,,,,,
2026-09-15,2026-09-15,FO,NSE,IDO,53625,,NIFTY,,2027-12-28,2027-12-28,24000.0,PE,NIFTY27DEC24000PE,816.0,930.0,810.5,914.35,923.0,821.3,23118.6,914.35,257890,-845,491,793787907.25,299,F1,65,,,,,
2026-09-15,2026-09-15,FO,NSE,IDO,80271,,NIFTY,,2027-03-30,2027-03-30,22500.0,PE,NIFTY27MAR22500PE,274.85,353.35,257.95,340.7,341.0,273.75,23118.6,340.7,765700,17810,2713,4021635666.75,1631,F1,65,,,,,
2026-09-15,2026-09-15,FO,NSE,IDO,58645,,NIFTY,,2026-12-29,2026-12-29,20000.0,PE,NIFTY26DEC20000PE,40.0,53.0,36.5,51.7,50.0,40.4,23118.6,51.7,1214885,30330,4984,6494039662.5,2710,F1,65,,,,,
2026-09-15,2026-09-15,FO,NSE,IDO,58641,,NIFTY,,2026-12-29,2026-12-29,18000.0,PE,NIFTY26DEC18000PE,20.0,30.0,20.0,28.05,27.85,23.5,23118.6,28.05,704215,77870,3091,3621602114.0,1082,F1,65,,,,,
2026-09-15,2026-09-15,FO,NSE,IDO,55323,,NIFTY,,2026-12-29,2026-12-29,16500.0,PE,NIFTY26DEC16500PE,12.5,14.25,12.5,14.25,14.25,13.5,23118.6,0.01,3770,-520,10,10733651.5,5,F1,65,,,,,
2026-09-15,2026-09-15,FO,NSE,IDO,58633,,NIFTY,,2026-12-29,2026-12-29,14000.0,PE,NIFTY26DEC14000PE,7.05,8.9,7.05,8.9,8.9,9.25,23118.6,0.0,9025,-65,13,11837254.0,5,F1,65,,,,,
2026-09-15,2026-09-15,FO,NSE,IDO,64480,,NIFTY,,2026-11-23,2026-11-23,25650.0,PE,NIFTY26NOV25650PE,0.0,0.0,0.0,1350.35,0.0,1350.35,23118.6,2298.52,0,0,0,0.0,0,F1,65,,,,,
2026-09-15,2026-09-15,FO,NSE,IDO,64478,,NIFTY,,2026-11-23,2026-11-23,25600.0,PE,NIFTY26NOV25600PE,0.0,0.0,0.0,1316.4,0.0,1316.4,23118.6,2253.51,0,0,0,0.0,0,F1,65,,,,,
2026-09-15,2026-09-15,FO,NSE,IDO,64287,,NIFTY,,2026-11-23,2026-11-23,22600.0,PE,NIFTY26NOV22600PE,145.8,222.6,142.95,211.7,218.1,144.6,23118.6,211.7,6175,2600,87,128861580.25,57,F1,65,,,,,
2026-09-15,2026-09-15,FO,NSE,IDO,64279,,NIFTY,,2026-11-23,2026-11-23,22500.0,PE,NIFTY26NOV22500PE,119.1,204.5,117.9,194.4,195.95,132.05,23118.6,194.4,503620,3770,3668,5403136921.0,2206,F1,65,,,,,
2026-09-15,2026-09-15,FO,NSE,IDO,51521,,NIFTY,,2026-10-27,2026-10-27,26750.0,PE,NIFTY26OCT26750PE,0.0,0.0,0.0,2501.2,0.0,2501.2,23118.6,3439.46,0,0,0,0.0,0,F1,65,,,,,
2026-09-15,2026-09-15,FO,NSE,IDO,51511,,NIFTY,,2026-10-27,2026-10-27,26500.0,PE,NIFTY26OCT26500PE,2850.0,3150.0,2850.0,3126.4,3126.6,2862.05,23118.6,3126.4,9945,260,26,49873287.75,24,F1,65,,,,,
2026-09-15,2026-09-15,FO,NSE,IDO,51477,,NIFTY,,2026-10-27,2026-10-27,25650.0,PE,NIFTY26OCT25650PE,0.0,0.0,0.0,1057.4,1057.4,1057.4,23118.6,2364.61,130,0,0,0.0,0,F1,65,,,,,
2026-09-15,2026-09-15,FO,NSE,IDO,51459,,NIFTY,,2026-10-27,2026-10-27,25450.0,PE,NIFTY26OCT25450PE,0.0,0.0,0.0,1058.8,1058.8,1058.8,23118.6,2174.19,130,0,0,0.0,0,F1,65,,,,,
2026-09-15,2026-09-15,FO,NSE,IDO,51429,,NIFTY,,2026-10-27,2026-10-27,24750.0,PE,NIFTY26OCT24750PE,1179.4,1420.25,1179.4,1420.25,1420.25,1328.25,23118.6,1420.25,1365,0,2,3386477.25,2,F1,65,,,,,
2026-09-15,2026-09-15,FO,NSE,IDO,51421,,NIFTY,,2026-10-27,2026-10-27,24550.0,PE,NIFTY26OCT24550PE,999.0,999.0,999.0,999.0,999.0,999.0,23118.6,1365.08,7540,-65,1,1660685.0,1,F1,65,,,,,
2026-09-15,2026-09-15,FO,NSE,IDO,51393,,NIFTY,,2026-10-27,2026-10-27,24000.0,PE,NIFTY26OCT24000PE,599.25,833.4,507.9,791.55,792.4,593.3,23118.6,791.55,1516190,4550,5689,9136387256.75,3760,F1,65,,,,,
2026-09-15,2026-09-15,FO,NSE,IDO,51391,,NIFTY,,2026-10-27,2026-10-27,23950.0,PE,NIFTY26OCT23950PE,596.65,789.9,596.65,748.25,762.3,554.9,23118.6,748.25,7410,-14170,339,541818277.0,265,F1,65,,,,,
2026-09-15,2026-09-15,FO,NSE,IDO,51367,,NIFTY,,2026-10-27,2026-10-27,23350.0,PE,NIFTY26OCT23350PE,245.2,416.8,245.2,398.7,394.55,270.95,23118.6,398.7,35555,14105,785,1208545529.75,540,F1,65,,,,,
2026-09-15,2026-09-15,FO,NSE,IDO,51365,,NIFTY,,2026-10-27,2026-10-27,23300.0,PE,NIFTY26OCT23300PE,223.75,394.0,221.1,372.1,372.0,247.95,23118.6,372.1,502775,89765,6475,9936435028.0,4381,F1,65,,,,,
2026-09-15,2026-09-15,FO,NSE,IDO,51355,,NIFTY,,2026-10-27,2026-10-27,23050.0,PE,NIFTY26OCT23050PE,165.05,290.35,158.75,272.9,277.7,175.45,23118.6,272.9,12805,3380,215,325293296.25,180,F1,65,,,,,
2026-09-15,2026-09-15,FO,NSE,IDO,51295,,NIFTY,,2026-10-27,2026-10-27,21700.0,PE,NIFTY26OCT21700PE,33.65,56.55,31.0,54.75,55.8,35.05,23118.6,54.75,108615,68835,3770,5329089116.0,2143,F1,65,,,,,
2026-09-15,2026-09-15,FO,NSE,IDO,44799,,NIFTY,,2026-10-13,2026-10-13,25400.0,PE,NIFTY26O1325400PE,0.0,0.0,0.0,1673.35,0.0,1673.35,23118.6,2175.46,0,0,0,0.0,0,F1,65,,,,,
2026-09-15,2026-09-15,FO,NSE,IDO,44757,,NIFTY,,2026-10-13,2026-10-13,24550.0,PE,NIFTY26O1324550PE,0.0,0.0,0.0,961.3,0.0,961.3,23118.6,1373.11,0,0,0,0.0,0,F1,65,,,,,
2026-09-15,2026-09-15,FO,NSE,IDO,44681,,NIFTY,,2026-10-13,2026-10-13,23600.0,PE,NIFTY26O1323600PE,308.35,516.45,308.35,486.35,486.35,326.7,23118.6,486.35,1495,975,54,84112882.75,41,F1,65,,,,,
2026-09-15,2026-09-15,FO,NSE,IDO,44667,,NIFTY,,2026-10-13,2026-10-13,23450.0,PE,NIFTY26O1323450PE,239.65,402.65,239.65,402.65,402.65,262.4,23118.6,402.65,2470,715,57,87897790.5,41,F1,65,,,,,
2026-09-15,2026-09-15,FO,NSE,IDO,44657,,NIFTY,,2026-10-13,2026-10-13,23300.0,PE,NIFTY26O1323300PE,193.55,353.15,193.5,328.65,333.55,207.1,23118.6,328.65,3250,2145,113,173197703.25,105,F1,65,,,,,
2026-09-15,2026-09-15,FO,NSE,IDO,44629,,NIFTY,,2026-10-13,2026-10-13,22900.0,PE,NIFTY26O1322900PE,95.1,190.5,94.0,181.15,183.75,109.95,23118.6,181.15,1365,-325,41,61414762.5,32,F1,65,,,,,
2026-09-15,2026-09-15,FO,NSE,IDO,47244,,NIFTY,,2026-09-15,2026-09-15,22300.0,CE,NIFTY2691522300CE,1159.05,1181.5,899.0,899.0,899.0,1159.05,23118.6,23118.6,2405,-520,54,81628920.75,37,F1,65,,,,,
2026-09-15,2026-09-15,FO,NSE,IDO,47295,,NIFTY,,2026-09-15,2026-09-15,23450.0,CE,NIFTY2691523450CE,125.0,180.0,0.05,1.95,0.05,98.65,23118.6,23118.6,6974370,2935790,11267954,17189977100357.75,2825614,F1,65,,,,,
2026-09-15,2026-09-15,FO,NSE,IDO,47363,,NIFTY,,2026-09-15,2026-09-15,25000.0,CE,NIFTY2691525000CE,0.25,0.45,0.05,0.1,0.05,0.5,23118.6,23118.6,4114240,-1370005,364994,593121524706.75,45411,F1,65,,,,,
2026-09-15,2026-09-15,FO,NSE,IDO,56779,,NIFTY,,2026-09-22,2026-09-22,22100.0,CE,NIFTY2692222100CE,1380.0,1380.0,1080.75,1099.4,1080.75,1310.0,23118.6,1099.4,1105,975,38,57352041.5,33,F1,65,,,,,
2026-09-15,2026-09-15,FO,NSE,IDO,56823,,NIFTY,,2026-09-22,2026-09-22,22250.0,CE,NIFTY2692222250CE,943.6,981.95,943.6,960.15,957.45,1062.7,23118.6,960.15,520,195,4,6034629.25,3,F1,65,,,,,
2026-09-15,2026-09-15,FO,NSE,IDO,56837,,NIFTY,,2026-09-22,2026-09-22,22400.0,CE,NIFTY2692222400CE,902.9,902.9,790.0,806.7,790.0,1017.0,23118.6,806.7,2535,1820,49,74056424.0,35,F1,65,,,,,
2026-09-15,2026-09-15,FO,NSE,IDO,57125,,NIFTY,,2026-09-22,2026-09-22,23900.0,CE,NIFTY2692223900CE,45.9,45.9,7.2,9.25,7.3,34.8,23118.6,9.25,2956720,997100,220770,343171687573.0,109858,F1,65,,,,,
2026-09-15,2026-09-15,FO,NSE,IDO,57638,,NIFTY,,2026-09-22,2026-09-22,24550.0,CE,NIFTY2692224550CE,5.1,5.1,2.05,2.4,2.05,5.0,23118.6,2.4,315315,31330,39577,63163355336.25,18064,F1,65,,,,,
2026-09-15,2026-09-15,FO,NSE,IDO,58030,,NIFTY,,2026-09-22,2026-09-22,26000.0,CE,NIFTY2692226000CE,0.95,1.05,0.8,0.9,0.8,0.95,23118.6,0.9,1337180,179985,35697,60330030267.0,8883,F1,65,,,,,
2026-09-15,2026-09-15,FO,NSE,IDO,55280,,NIFTY,,2026-09-29,2026-09-29,16500.0,CE,NIFTY26SEP16500CE,0.0,0.0,0.0,10168.85,0.0,10168.85,23118.6,6655.77,0,0,0,0.0,0,F1,65,,,,,
2026-09-15,2026-09-15,FO,NSE,IDO,73831,,NIFTY,,2026-09-29,2026-09-29,21650.0,CE,NIFTY26SEP21650CE,0.0,0.0,0.0,1850.0,1850.0,1850.0,23118.6,1521.04,65,0,0,0.0,0,F1,65,,,,,
2026-09-15,2026-09-15,FO,NSE,IDO,73925,,NIFTY,,2026-09-29,2026-09-29,23350.0,CE,NIFTY26SEP23350CE,336.2,336.2,157.5,172.2,170.5,312.05,23118.6,172.2,234520,59670,14420,22091507018.75,9559,F1,65,,,,,
2026-09-15,2026-09-15,FO,NSE,IDO,74243,,NIFTY,,2026-09-29,2026-09-29,24550.0,CE,NIFTY26SEP24550CE,14.3,14.3,6.55,8.0,6.65,14.25,23118.6,8.0,714610,520585,21577,34443448191.75,13742,F1,65,,,,,
2026-09-15,2026-09-15,FO,NSE,IDO,55286,,NIFTY,,2026-09-29,2026-09-29,25500.0,CE,NIFTY26SEP25500CE,4.8,5.05,3.15,3.6,3.25,4.8,23118.6,3.6,3048370,-163540,20163,33425452466.25,7807,F1,65,,,,,
2026-09-15,2026-09-15,FO,NSE,IDO,74418,,NIFTY,,2026-09-29,2026-09-29,25750.0,CE,NIFTY26SEP25750CE,4.75,4.75,3.0,3.1,3.05,3.8,23118.6,3.1,7475,-585,128,214267231.75,66,F1,65,,,,,
2026-09-15,2026-09-15,FO,NSE,IDO,74422,,NIFTY,,2026-09-29,2026-09-29,25850.0,CE,NIFTY26SEP25850CE,2.5,2.5,2.2,2.3,2.2,3.5,23118.6,2.3,10270,0,13,21845187.0,5,F1,65,,,,,
2026-09-15,2026-09-15,FO,NSE,IDO,65904,,NIFTY,,2026-09-29,2026-09-29,26000.0,CE,NIFTY26SEP26000CE,2.8,3.25,1.9,2.3,2.0,3.1,23118.6,2.3,3612455,-156975,15186,25666839789.5,4662,F1,65,,,,,
2026-09-15,2026-09-15,FO,NSE,IDO,74485,,NIFTY,,2026-09-29,2026-09-29,26600.0,CE,NIFTY26SEP26600CE,0.85,1.55,0.7,1.2,0.95,1.65,23118.6,1.2,41730,-325,283,489326262.75,55,F1,65,,,,,
2026-09-15,2026-09-15,FO,NSE,IDO,74505,,NIFTY,,2026-09-29,2026-09-29,27150.0,CE,NIFTY26SEP27150CE,0.0,0.0,0.0,1.3,1.3,1.3,23118.6,0.0,7930,0,0,0.0,0,F1,65,,,,,
2026-09-15,2026-09-15,FO,NSE,IDO,40699,,NIFTY,,2026-10-06,2026-10-06,22550.0,CE,NIFTY26O0622550CE,0.0,0.0,0.0,1677.3,0.0,1677.3,23118.6,761.16,0,0,0,0.0,0,F1,65,,,,,
2026-09-15,2026-09-15,FO,NSE,IDO,40793,,NIFTY,,2026-10-06,2026-10-06,24000.0,CE,NIFTY26O0624000CE,100.0,130.0,46.15,49.0,47.5,90.75,23118.6,49.0,270335,99840,8654,13537204216.25,5398,F1,65,,,,,
2026-09-15,2026-09-15,FO,NSE,IDO,40879,,NIFTY,,2026-10-06,2026-10-06,25350.0,CE,NIFTY26O0625350CE,7.1,7.1,5.0,5.7,5.0,7.1,23118.6,5.7,2080,390,23,37907327.25,6,F1,65,,,,,
2026-09-15,2026-09-15,FO,NSE,IDO,44694,,NIFTY,,2026-10-13,2026-10-13,23800.0,CE,NIFTY26O1323800CE,209.85,209.85,113.0,120.1,118.85,189.2,23118.6,120.1,50635,38545,1130,1759349260.5,608,F1,65,,,,,
2026-09-15,2026-09-15,FO,NSE,IDO,44778,,NIFTY,,2026-10-13,2026-10-13,25000.0,CE,NIFTY26O1325000CE,13.0,14.0,11.85,13.15,12.95,95.15,23118.6,13.15,3250,3250,62,100802061.75,25,F1,65,,,,,
2026-09-15,2026-09-15,FO,NSE,IDO,44792,,NIFTY,,2026-10-13,2026-10-13,25300.0,CE,NIFTY26O1325300CE,10.25,11.0,8.0,8.25,8.0,58.9,23118.6,8.25,650,650,41,67450428.5,9,F1,65,,,,,
2026-09-15,2026-09-15,FO,NSE,IDO,51330,,NIFTY,,2026-10-27,2026-10-27,22500.0,CE,NIFTY26OCT22500CE,1166.45,1166.45,920.0,958.95,948.75,1167.7,23118.6,958.95,127790,20735,810,1237330337.75,619,F1,65,,,,,
2026-09-15,2026-09-15,FO,NSE,IDO,51382,,NIFTY,,2026-10-27,2026-10-27,23750.0,CE,NIFTY26OCT23750CE,301.75,301.75,190.45,200.95,201.4,294.0,23118.6,200.95,27300,8645,935,1457677643.5,562,F1,65,,,,,
2026-09-15,2026-09-15,FO,NSE,IDO,51384,,NIFTY,,2026-10-27,2026-10-27,23800.0,CE,NIFTY26OCT23800CE,275.0,277.05,176.45,186.0,182.5,268.2,23118.6,186.0,601575,45955,8708,13590485977.25,5430,F1,65,,,,,
2026-09-15,2026-09-15,FO,NSE,IDO,51386,,NIFTY,,2026-10-27,2026-10-27,23850.0,CE,NIFTY26OCT23850CE,252.95,253.75,162.7,169.85,167.45,250.3,23118.6,169.85,38415,7800,749,1171019304.0,490,F1,65,,,,,
2026-09-15,2026-09-15,FO,NSE,IDO,51424,,NIFTY,,2026-10-27,2026-10-27,24650.0,CE,NIFTY26OCT24650CE,57.8,57.8,41.4,42.9,41.75,58.45,23118.6,42.9,30615,-3965,262,420652290.5,179,F1,65,,,,,
2026-09-15,2026-09-15,FO,NSE,IDO,51450,,NIFTY,,2026-10-27,2026-10-27,25250.0,CE,NIFTY26OCT25250CE,0.0,0.0,0.0,447.85,0.0,447.85,23118.6,38.5,0,0,0,0.0,0,F1,65,,,,,
2026-09-15,2026-09-15,FO,NSE,IDO,51488,,NIFTY,,2026-10-27,2026-10-27,25950.0,CE,NIFTY26OCT25950CE,0.0,0.0,0.0,11.3,11.3,11.3,23118.6,11.14,4875,0,0,0.0,0,F1,65,,,,,
2026-09-15,2026-09-15,FO,NSE,IDO,51510,,NIFTY,,2026-10-27,2026-10-27,26500.0,CE,NIFTY26OCT26500CE,8.45,8.45,6.45,7.6,7.45,7.95,23118.6,7.6,315575,-3770,887,1528275940.75,473,F1,65,,,,,
2026-09-15,2026-09-15,FO,NSE,IDO,64227,,NIFTY,,2026-11-23,2026-11-23,21800.0,CE,NIFTY26NOV21800CE,0.0,0.0,0.0,2906.85,0.0,2906.85,23118.6,1702.02,0,0,0,0.0,0,F1,65,,,,,
2026-09-15,2026-09-15,FO,NSE,IDO,64306,,NIFTY,,2026-11-23,2026-11-23,22850.0,CE,NIFTY26NOV22850CE,858.45,858.45,858.45,858.45,858.45,1992.05,23118.6,858.45,65,65,1,1541049.25,1,F1,65,,,,,
2026-09-15,2026-09-15,FO,NSE,IDO,64349,,NIFTY,,2026-11-23,2026-11-23,23150.0,CE,NIFTY26NOV23150CE,665.45,665.45,628.15,651.0,645.35,1755.4,23118.6,651.0,1885,1885,38,58806848.75,19,F1,65,,,,,
2026-09-15,2026-09-15,FO,NSE,IDO,64379,,NIFTY,,2026-11-23,2026-11-23,23650.0,CE,NIFTY26NOV23650CE,459.85,459.85,377.45,379.1,379.1,491.85,23118.6,524.8,2210,-455,29,45361286.75,22,F1,65,,,,,
2026-09-15,2026-09-15,FO,NSE,IDO,64405,,NIFTY,,2026-11-23,2026-11-23,24200.0,CE,NIFTY26NOV24200CE,255.05,255.05,181.45,188.4,186.7,246.6,23118.6,188.4,54015,1625,756,1199504556.25,437,F1,65,,,,,
2026-09-15,2026-09-15,FO,NSE,IDO,64481,,NIFTY,,2026-11-23,2026-11-23,25700.0,CE,NIFTY26NOV25700CE,0.0,0.0,0.0,401.1,0.0,401.1,23118.6,68.04,0,0,0,0.0,0,F1,65,,,,,
2026-09-15,2026-09-15,FO,NSE,IDO,58644,,NIFTY,,2026-12-29,2026-12-29,20000.0,CE,NIFTY26DEC20000CE,3844.65,3844.65,3490.0,3515.15,3499.8,3766.15,23118.6,3515.15,612325,5005,387,593579844.0,248,F1,65,,,,,
2026-09-15,2026-09-15,FO,NSE,IDO,80190,,NIFTY,,2027-03-30,2027-03-30,16500.0,CE,NIFTY27MAR16500CE,0.0,0.0,0.0,6995.9,0.0,6995.9,23118.6,7170.48,0,0,0,0.0,0,F1,65,,,,,
2026-09-15,2026-09-15,FO,NSE,IDO,80278,,NIFTY,,2027-03-30,2027-03-30,28500.0,CE,NIFTY27MAR28500CE,44.5,45.0,40.0,41.15,41.45,42.4,23118.6,41.15,141570,3575,235,435975137.0,129,F1,65,,,,,
2026-09-15,2026-09-15,FO,NSE,IDO,55472,,NIFTY,,2028-06-27,2028-06-27,22500.0,CE,NIFTY28JUN22500CE,0.0,0.0,0.0,6796.05,0.0,6796.05,23118.6,3722.74,0,0,0,0.0,0,F1,65,,,,,
2026-09-15,2026-09-15,FO,NSE,IDO,55478,,NIFTY,,2028-06-27,2028-06-27,28500.0,CE,NIFTY28JUN28500CE,0.0,0.0,0.0,2990.0,0.0,2990.0,23118.6,1094.66,0,0,0,0.0,0,F1,65,,,,,
2026-09-15,2026-09-15,FO,NSE,IDO,67788,,NIFTY,,2028-12-26,2028-12-26,27000.0,CE,NIFTY28DEC27000CE,1820.05,1830.0,1750.0,1788.95,1790.0,1900.0,23118.6,1788.95,4420,780,25,46782706.75,23,F1,65,,,,,
2026-09-15,2026-09-15,FO,NSE,IDO,55560,,NIFTY,,2029-06-26,2029-06-26,22500.0,CE,NIFTY29JUN22500CE,0.0,0.0,0.0,7946.5,0.0,7946.5,23118.6,4957.76,0,0,0,0.0,0,F1,65,,,,,
2026-09-15,2026-09-15,FO,NSE,IDO,55648,,NIFTY,,2030-06-25,2030-06-25,28500.0,CE,NIFTY30JUN28500CE,0.0,0.0,0.0,5382.85,0.0,5382.85,23118.6,3155.76,0,0,0,0.0,0,F1,65,,,,,
2026-09-15,2026-09-15,FO,NSE,IDO,60936,,NIFTY,,2030-06-25,2030-06-25,30000.0,CE,NIFTY30JUN30000CE,0.0,0.0,0.0,5580.35,0.0,5580.35,23118.6,2631.81,0,0,0,0.0,0,F1,65,,,,,
2026-09-15,2026-09-15,FO,NSE,IDO,74647,,NIFTY,,2031-06-24,2031-06-24,22500.0,CE,NIFTY31JUN22500CE,0.0,0.0,0.0,8012.75,0.0,8012.75,23118.6,7113.02,0,0,0,0.0,0,F1,65,,,,,
2026-09-15,2026-09-15,FO,NSE,IDO,47146,,NIFTY,,2026-09-15,2026-09-15,21750.0,PE,NIFTY2691521750PE,1.0,1.0,0.05,0.15,0.05,1.4,23118.6,23118.6,650780,-363610,65073,91997924434.0,11411,F1,65,,,,,
2026-09-15,2026-09-15,FO,NSE,IDO,47274,,NIFTY,,2026-09-15,2026-09-15,22900.0,PE,NIFTY2691522900PE,2.0,2.75,0.05,1.2,0.05,9.05,23118.6,23118.6,6025435,-761800,3907659,5816857001891.0,576118,F1,65,,,,,
2026-09-15,2026-09-15,FO,NSE,IDO,47304,,NIFTY,,2026-09-15,2026-09-15,23650.0,PE,NIFTY2691523650PE,130.05,551.8,114.0,492.6,532.25,226.8,23118.6,23118.6,258115,-271180,262428,407363371723.75,155289,F1,65,,,,,
2026-09-15,2026-09-15,FO,NSE,IDO,47334,,NIFTY,,2026-09-15,2026-09-15,24350.0,PE,NIFTY2691524350PE,865.0,1233.9,854.9,1191.2,1233.9,902.3,23118.6,23118.6,24700,-13780,528,871119580.5,331,F1,65,,,,,
2026-09-15,2026-09-15,FO,NSE,IDO,47360,,NIFTY,,2026-09-15,2026-09-15,24900.0,PE,NIFTY2691524900PE,1486.95,1805.0,1440.0,1777.3,1785.8,1450.7,23118.6,23118.6,10530,-2925,95,164360404.0,47,F1,65,,,,,
2026-09-15,2026-09-15,FO,NSE,IDO,47368,,NIFTY,,2026-09-15,2026-09-15,25100.0,PE,NIFTY2691525100PE,1672.3,1945.75,1646.85,1917.7,1919.65,1672.3,23118.6,23118.6,3250,-3185,102,178572322.5,72,F1,65,,,,,
2026-09-15,2026-09-15,FO,NSE,IDO,47370,,NIFTY,,2026-09-15,2026-09-15,25150.0,PE,NIFTY2691525150PE,0.0,0.0,0.0,1585.0,1585.0,1585.0,23118.6,23118.6,325,0,0,0.0,0,F1,65,,,,,
2026-09-15,2026-09-15,FO,NSE,IDO,56720,,NIFTY,,2026-09-22,2026-09-22,21900.0,PE,NIFTY2692221900PE,6.65,7.9,4.15,6.5,6.0,9.65,23118.6,6.5,763295,381290,43334,61701508716.25,16130,F1,65,,,,,
2026-09-15,2026-09-15,FO,NSE,IDO,56956,,NIFTY,,2026-09-22,2026-09-22,23000.0,PE,NIFTY2692223000PE,37.45,113.3,33.85,99.9,99.6,57.45,23118.6,99.9,4747600,1915550,373233,559751841190.75,185725,F1,65,,,,,
2026-09-15,2026-09-15,FO,NSE,IDO,57735,,NIFTY,,2026-09-22,2026-09-22,24800.0,PE,NIFTY2692224800PE,1300.0,1631.3,1300.0,1592.65,1604.8,1327.2,23118.6,1592.65,25415,6240,505,865426250.0,211,F1,65,,,,,
2026-09-15,2026-09-15,FO,NSE,IDO,57795,,NIFTY,,2026-09-22,2026-09-22,24950.0,PE,NIFTY2692224950PE,0.0,0.0,0.0,887.95,0.0,887.95,23118.6,1803.33,0,0,0,0.0,0,F1,65,,,,,
2026-09-15,2026-09-15,FO,NSE,IDO,57829,,NIFTY,,2026-09-22,2026-09-22,25050.0,PE,NIFTY2692225050PE,0.0,0.0,0.0,1650.0,1650.0,1650.0,23118.6,1903.19,65,0,0,0.0,0,F1,65,,,,,
2026-09-15,2026-09-15,FO,NSE,IDO,57874,,NIFTY,,2026-09-22,2026-09-22,25250.0,PE,NIFTY2692225250PE,0.0,0.0,0.0,1111.0,0.0,1111.0,23118.6,2102.95,0,0,0,0.0,0,F1,65,,,,,
2026-09-15,2026-09-15,FO,NSE,IDO,57911,,NIFTY,,2026-09-22,2026-09-22,25400.0,PE,NIFTY2692225400PE,2050.0,2225.0,2045.0,2183.0,2183.0,1912.6,23118.6,2183.0,1495,1170,18,32281795.0,14,F1,65,,,,,
2026-09-15,2026-09-15,FO,NSE,IDO,57919,,NIFTY,,2026-09-22,2026-09-22,25450.0,PE,NIFTY2692225450PE,0.0,0.0,0.0,1271.15,0.0,1271.15,23118.6,2302.72,0,0,0,0.0,0,F1,65,,,,,
2026-09-15,2026-09-15,FO,NSE,IDO,58013,,NIFTY,,2026-09-22,2026-09-22,25850.0,PE,NIFTY2692225850PE,0.0,0.0,0.0,1613.85,0.0,1613.85,23118.6,2702.27,0,0,0,0.0,0,F1,65,,,,,
2026-09-15,2026-09-15,FO,NSE,IDO,58041,,NIFTY,,2026-09-22,2026-09-22,26100.0,PE,NIFTY2692226100PE,0.0,0.0,0.0,1839.95,0.0,1839.95,23118.6,2951.98,0,0,0,0.0,0,F1,65,,,,,
2026-09-15,2026-09-15,FO,NSE,IDO,73806,,NIFTY,,2026-09-29,2026-09-29,21600.0,PE,NIFTY26SEP21600PE,10.95,15.85,8.1,13.95,13.4,12.8,23118.6,13.95,822705,101595,16252,22830121947.75,8451,F1,65,,,,,
2026-09-15,2026-09-15,FO,NSE,IDO,73853,,NIFTY,,2026-09-29,2026-09-29,21800.0,PE,NIFTY26SEP21800PE,11.1,20.95,9.8,17.85,17.35,15.25,23118.6,17.85,609245,60385,13743,19487146412.5,8233,F1,65,,,,,
2026-09-15,2026-09-15,FO,NSE,IDO,73878,,NIFTY,,2026-09-29,2026-09-29,22300.0,PE,NIFTY26SEP22300PE,18.05,38.7,15.9,36.1,35.4,24.9,23118.6,36.1,446355,140335,16770,24338970513.0,10208,F1,65,,,,,
2026-09-15,2026-09-15,FO,NSE,IDO,73898,,NIFTY,,2026-09-29,2026-09-29,22850.0,PE,NIFTY26SEP22850PE,55.0,121.45,45.8,109.2,108.0,63.75,23118.6,109.2,120575,28990,5648,8418025398.25,3773,F1,65,,,,,
2026-09-15,2026-09-15,FO,NSE,IDO,73922,,NIFTY,,2026-09-29,2026-09-29,23250.0,PE,NIFTY26SEP23250PE,107.0,272.65,105.8,246.15,245.0,140.7,23118.6,246.15,1062620,238810,21354,32540549063.75,13705,F1,65,,,,,
2026-09-15,2026-09-15,FO,NSE,IDO,73926,,NIFTY,,2026-09-29,2026-09-29,23350.0,PE,NIFTY26SEP23350PE,130.4,327.0,130.4,297.2,294.25,173.75,23118.6,297.2,226395,-1170,16969,25999249575.0,12253,F1,65,,,,,
2026-09-15,2026-09-15,FO,NSE,IDO,74057,,NIFTY,,2026-09-29,2026-09-29,23900.0,PE,NIFTY26SEP23900PE,432.85,754.65,426.7,700.7,704.75,479.9,23118.6,700.7,965965,-32695,5127,8166767960.0,3608,F1,65,,,,,
2026-09-15,2026-09-15,FO,NSE,IDO,65903,,NIFTY,,2026-09-29,2026-09-29,25000.0,PE,NIFTY26SEP25000PE,1400.0,1821.9,1400.0,1772.65,1776.45,1509.45,23118.6,1772.65,2052305,-15495,2193,3795659081.5,1501,F1,65,,,,,
2026-09-15,2026-09-15,FO,NSE,IDO,74413,,NIFTY,,2026-09-29,2026-09-29,25600.0,PE,NIFTY26SEP25600PE,2095.85,2420.55,2090.05,2420.55,2420.55,2131.2,23118.6,2420.55,31135,-260,9,16246096.75,9,F1,65,,,,,
2026-09-15,2026-09-15,FO,NSE,IDO,74492,,NIFTY,,2026-09-29,2026-09-29,26750.0,PE,NIFTY26SEP26750PE,0.0,0.0,0.0,2201.15,2201.15,2201.15,23118.6,3571.14,65,0,0,0.0,0,F1,65,,,,,
2026-09-15,2026-09-15,FO,NSE,IDO,74496,,NIFTY,,2026-09-29,2026-09-29,26850.0,PE,NIFTY26SEP26850PE,0.0,0.0,0.0,2691.9,0.0,2691.9,23118.6,3670.91,0,0,0,0.0,0,F1,65,,,,,
2026-09-15,2026-09-15,FO,NSE,IDO,74498,,NIFTY,,2026-09-29,2026-09-29,26900.0,PE,NIFTY26SEP26900PE,0.0,0.0,0.0,2776.0,2776.0,2776.0,23118.6,3720.8,65,0,0,0.0,0,F1,65,,,,,
2026-09-15,2026-09-15,FO,NSE,IDO,55289,,NIFTY,,2026-09-29,2026-09-29,28500.0,PE,NIFTY26SEP28500PE,4970.0,5276.55,4970.0,5272.4,5272.45,5002.05,23118.6,5272.4,423605,-2730,207,452127279.5,117,F1,65,,,,,
2026-09-15,2026-09-15,FO,NSE,IDO,40666,,NIFTY,,2026-10-06,2026-10-06,21950.0,PE,NIFTY26O0621950PE,25.4,35.8,24.85,33.3,29.05,10.95,23118.6,33.3,3575,3575,148,211447184.0,83,F1,65,,,,,
2026-09-15,2026-09-15,FO,NSE,IDO,40674,,NIFTY,,2026-10-06,2026-10-06,22150.0,PE,NIFTY26O0622150PE,0.0,0.0,0.0,17.6,0.0,17.6,23118.6,47.77,0,0,0,0.0,0,F1,65,,,,,
2026-09-15,2026-09-15,FO,NSE,IDO,40678,,NIFTY,,2026-10-06,2026-10-06,22250.0,PE,NIFTY26O0622250PE,0.0,0.0,0.0,22.0,0.0,22.0,23118.6,60.68,0,0,0,0.0,0,F1,65,,,,,
2026-09-15,2026-09-15,FO,NSE,IDO,40766,,NIFTY,,2026-10-06,2026-10-06,23600.0,PE,NIFTY26O0623600PE,280.55,519.5,268.75,473.3,477.55,307.85,23118.6,473.3,17095,3770,450,700323858.0,399,F1,65,,,,,
2026-09-15,2026-09-15,FO,NSE,IDO,40857,,NIFTY,,2026-10-06,2026-10-06,24800.0,PE,NIFTY26O0624800PE,0.0,0.0,0.0,842.45,0.0,842.45,23118.6,1612.53,0,0,0,0.0,0,F1,65,,,,,
2026-09-15,2026-09-15,FO,NSE,IDO,80248,,NIFTY,,2027-03-30,2027-03-30,18000.0,PE,NIFTY27MAR18000PE,38.0,42.95,36.8,41.3,41.95,32.6,23118.6,41.3,5330,2730,87,102014555.5,72,F1,65,,,,,
2026-09-15,2026-09-15,FO,NSE,IDO,58649,,NIFTY,,2026-12-29,2026-12-29,22000.0,PE,NIFTY26DEC22000PE,117.55,182.25,109.45,176.2,175.0,126.55,23118.6,176.2,2305235,31210,10640,15321613401.25,5623,F1,65,,,,,
2026-09-15,2026-09-15,FO,NSE,IDO,58643,,NIFTY,,2026-12-29,2026-12-29,19000.0,PE,NIFTY26DEC19000PE,30.0,38.35,28.05,37.15,35.55,30.6,23118.6,37.15,690630,47125,2805,3470350952.25,1044,F1,65,,,,,
2026-09-15,2026-09-15,FO,NSE,IDO,64482,,NIFTY,,2026-11-23,2026-11-23,25700.0,PE,NIFTY26NOV25700PE,0.0,0.0,0.0,1890.0,1890.0,1890.0,23118.6,2343.74,65,0,0,0.0,0,F1,65,,,,,
2026-09-15,2026-09-15,FO,NSE,IDO,64380,,NIFTY,,2026-11-23,2026-11-23,23650.0,PE,NIFTY26NOV23650PE,421.0,593.15,419.9,586.05,587.6,440.4,23118.6,586.05,8840,3315,109,171100124.0,50,F1,65,,,,,
2026-09-15,2026-09-15,FO,NSE,IDO,64372,,NIFTY,,2026-11-23,2026-11-23,23450.0,PE,NIFTY26NOV23450PE,341.8,503.8,340.0,497.3,495.95,353.9,23118.6,497.3,4225,3055,103,159662327.5,45,F1,65,,,,,
2026-09-15,2026-09-15,FO,NSE,IDO,64293,,NIFTY,,2026-11-23,2026-11-23,22700.0,PE,NIFTY26NOV22700PE,159.5,242.3,146.0,233.0,238.55,159.4,23118.6,233.0,58175,2080,403,599961716.25,241,F1,65,,,,,
2026-09-15,2026-09-15,FO,NSE,IDO,51489,,NIFTY,,2026-10-27,2026-10-27,25950.0,PE,NIFTY26OCT25950PE,0.0,0.0,0.0,1842.3,0.0,1842.3,23118.6,2654.21,0,0,0,0.0,0,F1,65,,,,,
2026-09-15,2026-09-15,FO,NSE,IDO,51455,,NIFTY,,2026-10-27,2026-10-27,25350.0,PE,NIFTY26OCT25350PE,0.0,0.0,0.0,865.7,865.7,865.7,23118.6,2080.02,260,0,0,0.0,0,F1,65,,,,,
2026-09-15,2026-09-15,FO,NSE,IDO,51373,,NIFTY,,2026-10-27,2026-10-27,23500.0,PE,NIFTY26OCT23500PE,297.65,495.85,287.85,466.75,465.0,321.65,23118.6,466.75,1543880,99450,16092,24981562661.25,9996,F1,65,,,,,
2026-09-15,2026-09-15,FO,NSE,IDO,51321,,NIFTY,,2026-10-27,2026-10-27,22300.0,PE,NIFTY26OCT22300PE,50.0,110.75,50.0,107.65,107.25,63.95,23118.6,107.65,292305,16770,3512,5110856312.25,2074,F1,65,,,,,
2026-09-15,2026-09-15,FO,NSE,IDO,40860,,NIFTY,,2026-10-06,2026-10-06,24850.0,PE,NIFTY26O0624850PE,0.0,0.0,0.0,877.55,0.0,877.55,23118.6,1660.54,0,0,0,0.0,0,F1,65,,,,,
2026-09-15,2026-09-15,FO,NSE,IDO,40824,,NIFTY,,2026-10-06,2026-10-06,24450.0,PE,NIFTY26O0624450PE,0.0,0.0,0.0,617.35,0.0,617.35,23118.6,1283.95,0,0,0,0.0,0,F1,65,,,,,
2026-09-15,2026-09-15,FO,NSE,IDO,40792,,NIFTY,,2026-10-06,2026-10-06,23950.0,PE,NIFTY26O0623950PE,538.55,757.0,538.55,757.0,757.0,583.0,23118.6,757.0,1820,-260,4,6401755.75,4,F1,65,,,,,
2026-09-15,2026-09-15,FO,NSE,IDO,40770,,NIFTY,,2026-10-06,2026-10-06,23700.0,PE,NIFTY26O0623700PE,345.3,581.05,344.0,542.45,545.0,361.3,23118.6,542.45,15080,-1885,302,474277566.75,236,F1,65,,,,,
2026-09-15,2026-09-15,FO,NSE,IDO,40686,,NIFTY,,2026-10-06,2026-10-06,22350.0,PE,NIFTY26O0622350PE,36.7,47.6,36.7,46.2,46.2,36.7,23118.6,76.21,2470,130,19,27653151.5,7,F1,65,,,,,
2026-09-15,2026-09-15,FO,NSE,IDO,40670,,NIFTY,,2026-10-06,2026-10-06,22050.0,PE,NIFTY26O0622050PE,45.9,45.9,45.9,45.9,45.9,25.6,23118.6,45.9,780,65,1,1436233.5,1,F1,65,,,,,
2026-09-15,2026-09-15,FO,NSE,IDO,74484,,NIFTY,,2026-09-29,2026-09-29,26550.0,PE,NIFTY26SEP26550PE,0.0,0.0,0.0,2431.75,0.0,2431.75,23118.6,3371.59,0,0,0,0.0,0,F1,65,,,,,
2026-09-15,2026-09-15,FO,NSE,IDO,74478,,NIFTY,,2026-09-29,2026-09-29,26400.0,PE,NIFTY26SEP26400PE,0.0,0.0,0.0,2874.8,2874.8,2874.8,23118.6,3221.93,3640,0,0,0.0,0,F1,65,,,,,
2026-09-15,2026-09-15,FO,NSE,IDO,74476,,NIFTY,,2026-09-29,2026-09-29,26350.0,PE,NIFTY26SEP26350PE,0.0,0.0,0.0,2262.9,0.0,2262.9,23118.6,3172.04,0,0,0,0.0,0,F1,65,,,,,
2026-09-15,2026-09-15,FO,NSE,IDO,74464,,NIFTY,,2026-09-29,2026-09-29,26150.0,PE,NIFTY26SEP26150PE,0.0,0.0,0.0,1720.0,1720.0,1720.0,23118.6,2972.5,65,0,0,0.0,0,F1,65,,,,,
2026-09-15,2026-09-15,FO,NSE,IDO,74288,,NIFTY,,2026-09-29,2026-09-29,24550.0,PE,NIFTY26SEP24550PE,1055.0,1350.0,1055.0,1343.05,1343.05,1069.1,23118.6,1343.05,51155,-2210,72,120827885.75,42,F1,65,,,,,
2026-09-15,2026-09-15,FO,NSE,IDO,65901,,NIFTY,,2026-09-29,2026-09-29,24000.0,PE,NIFTY26SEP24000PE,500.0,840.5,468.1,792.8,796.35,562.1,23118.6,792.8,5956090,-98700,29440,47245718897.0,19891,F1,65,,,,,
2026-09-15,2026-09-15,FO,NSE,IDO,74002,,NIFTY,,2026-09-29,2026-09-29,23550.0,PE,NIFTY26SEP23550PE,240.0,458.0,207.75,422.95,426.5,261.4,23118.6,422.95,138450,-45305,5672,8801449787.0,3585,F1,65,,,,,
2026-09-15,2026-09-15,FO,NSE,IDO,73994,,NIFTY,,2026-09-29,2026-09-29,23500.0,PE,NIFTY26SEP23500PE,195.8,423.95,173.05,386.25,387.0,234.6,23118.6,386.25,4595890,-28665,136541,211227863954.25,78494,F1,65,,,,,
2026-09-15,2026-09-15,FO,NSE,IDO,58024,,NIFTY,,2026-09-22,2026-09-22,25950.0,PE,NIFTY2692225950PE,0.0,0.0,0.0,1703.35,0.0,1703.35,23118.6,2802.15,0,0,0,0.0,0,F1,65,,,,,
2026-09-15,2026-09-15,FO,NSE,IDO,57997,,NIFTY,,2026-09-22,2026-09-22,25700.0,PE,NIFTY2692225700PE,0.0,0.0,0.0,1482.25,0.0,1482.25,23118.6,2552.44,0,0,0,0.0,0,F1,65,,,,,
2026-09-15,2026-09-15,FO,NSE,IDO,57962,,NIFTY,,2026-09-22,2026-09-22,25650.0,PE,NIFTY2692225650PE,0.0,0.0,0.0,1439.15,0.0,1439.15,23118.6,2502.49,0,0,0,0.0,0,F1,65,,,,,
2026-09-15,2026-09-15,FO,NSE,IDO,57757,,NIFTY,,2026-09-22,2026-09-22,24850.0,PE,NIFTY2692224850PE,0.0,0.0,0.0,818.9,0.0,818.9,23118.6,1703.48,0,0,0,0.0,0,F1,65,,,,,
2026-09-15,2026-09-15,FO,NSE,IDO,57702,,NIFTY,,2026-09-22,2026-09-22,24650.0,PE,NIFTY2692224650PE,1235.75,1440.0,1235.75,1440.0,1440.0,1177.2,23118.6,1440.0,5395,715,11,18569950.75,7,F1,65,,,,,
2026-09-15,2026-09-15,FO,NSE,IDO,57680,,NIFTY,,2026-09-22,2026-09-22,24600.0,PE,NIFTY2692224600PE,1105.0,1441.75,1076.2,1404.05,1414.7,1135.35,23118.6,1404.05,49465,26130,524,880757904.0,366,F1,65,,,,,
2026-09-15,2026-09-15,FO,NSE,IDO,57587,,NIFTY,,2026-09-22,2026-09-22,24450.0,PE,NIFTY2692224450PE,975.0,1273.4,973.0,1267.1,1273.4,992.25,23118.6,1267.1,12610,6890,117,194416248.0,81,F1,65,,,,,
2026-09-15,2026-09-15,FO,NSE,IDO,57520,,NIFTY,,2026-09-22,2026-09-22,24400.0,PE,NIFTY2692224400PE,882.05,1217.7,882.0,1198.15,1205.0,934.9,23118.6,1198.15,125840,74425,1542,2547561526.25,1301,F1,65,,,,,
2026-09-15,2026-09-15,FO,NSE,IDO,57147,,NIFTY,,2026-09-22,2026-09-22,23950.0,PE,NIFTY2692223950PE,464.95,790.95,464.55,764.55,761.55,513.05,23118.6,764.55,80925,37245,1188,1900286459.5,726,F1,65,,,,,
2026-09-15,2026-09-15,FO,NSE,IDO,56996,,NIFTY,,2026-09-22,2026-09-22,23350.0,PE,NIFTY2692223350PE,102.5,283.6,88.4,253.45,257.15,135.45,23118.6,253.45,447980,65520,143866,219970636814.5,90295,F1,65,,,,,
2026-09-15,2026-09-15,FO,NSE,IDO,56876,,NIFTY,,2026-09-22,2026-09-22,22550.0,PE,NIFTY2692222550PE,13.9,29.85,10.75,27.3,26.45,22.8,23118.6,27.3,363870,194675,32808,48134014149.0,20842,F1,65,,,,,
2026-09-15,2026-09-15,FO,NSE,IDO,56874,,NIFTY,,2026-09-22,2026-09-22,22500.0,PE,NIFTY2692222500PE,13.85,26.35,9.7,24.05,23.0,20.95,23118.6,24.05,4575675,2218515,257920,377491149509.5,94191,F1,65,,,,,
2026-09-15,2026-09-15,FO,NSE,IDO,56778,,NIFTY,,2026-09-22,2026-09-22,22050.0,PE,NIFTY2692222050PE,6.65,10.15,4.9,8.5,7.55,11.4,23118.6,8.5,155025,93665,13185,18903807692.25,7342,F1,65,,,,,
2026-09-15,2026-09-15,FO,NSE,IDO,47412,,NIFTY,,2026-09-15,2026-09-15,25750.0,PE,NIFTY2691525750PE,0.0,0.0,0.0,1263.75,0.0,1263.75,23118.6,23118.6,0,0,0,0.0,0,F1,65,,,,,
2026-09-15,2026-09-15,FO,NSE,IDO,47396,,NIFTY,,2026-09-15,2026-09-15,25600.0,PE,NIFTY2691525600PE,0.0,0.0,0.0,2280.0,2280.0,2280.0,23118.6,23118.6,260,0,0,0.0,0,F1,65,,,,,
2026-09-15,2026-09-15,FO,NSE,IDO,47388,,NIFTY,,2026-09-15,2026-09-15,25450.0,PE,NIFTY2691525450PE,2290.0,2290.0,2290.0,2290.0,2290.0,1885.0,23118.6,23118.6,780,-650,14,25243400.0,8,F1,65,,,,,
2026-09-15,2026-09-15,FO,NSE,IDO,47364,,NIFTY,,2026-09-15,2026-09-15,25000.0,PE,NIFTY2691525000PE,1530.95,1894.4,1482.95,1829.65,1885.4,1549.4,23118.6,23118.6,25935,-58370,1237,2146517155.25,842,F1,65,,,,,
2026-09-15,2026-09-15,FO,NSE,IDO,47343,,NIFTY,,2026-09-15,2026-09-15,24550.0,PE,NIFTY2691524550PE,1074.0,1440.0,1065.3,1402.55,1434.2,1104.65,23118.6,23118.6,5070,-14755,332,557871112.5,214,F1,65,,,,,
2026-09-15,2026-09-15,FO,NSE,IDO,47330,,NIFTY,,2026-09-15,2026-09-15,24250.0,PE,NIFTY2691524250PE,762.7,1144.0,744.0,1088.9,1133.65,800.75,23118.6,23118.6,33215,-11570,575,942633519.75,394,F1,65,,,,,
2026-09-15,2026-09-15,FO,NSE,IDO,47286,,NIFTY,,2026-09-15,2026-09-15,23200.0,PE,NIFTY2691523200PE,7.0,108.85,3.1,63.6,81.25,32.55,23118.6,23118.6,5916170,-5121870,18122475,27364027011662.25,4834334,F1,65,,,,,
2026-09-15,2026-09-15,FO,NSE,IDO,47262,,NIFTY,,2026-09-15,2026-09-15,22600.0,PE,NIFTY2691522600PE,1.2,1.45,0.05,0.25,0.05,4.3,23118.6,23118.6,4367610,699205,1091523,1603477602983.75,173127,F1,65,,,,,
2026-09-15,2026-09-15,FO,NSE,IDO,47216,,NIFTY,,2026-09-15,2026-09-15,22000.0,PE,NIFTY2691522000PE,0.9,0.9,0.05,0.15,0.05,1.9,23118.6,23118.6,3498690,-4415905,387166,553655762692.5,61176,F1,65,,,,,
2026-09-15,2026-09-15,FO,NSE,IDO,47135,,NIFTY,,2026-09-15,2026-09-15,21700.0,PE,NIFTY2691521700PE,0.9,1.2,0.05,0.1,0.05,1.3,23118.6,23118.6,2772900,-3250455,239017,337136968961.0,46201,F1,65,,,,,
2026-09-15,2026-09-15,FO,NSE,IDO,55758,,NIFTY,,2030-12-31,2030-12-31,27000.0,CE,NIFTY30DEC27000CE,0.0,0.0,0.0,6772.8,0.0,6772.8,23118.6,4313.34,0,0,0,0.0,0,F1,65,,,,,
2026-09-15,2026-09-15,FO,NSE,IDO,55704,,NIFTY,,2030-12-31,2030-12-31,22500.0,CE,NIFTY30DEC22500CE,0.0,0.0,0.0,9536.95,0.0,9536.95,23118.6,6624.86,0,0,0,0.0,0,F1,65,,,,,
2026-09-15,2026-09-15,FO,NSE,IDO,60944,,NIFTY,,2030-06-25,2030-06-25,33000.0,CE,NIFTY30JUN33000CE,0.0,0.0,0.0,4416.45,0.0,4416.45,23118.6,1799.46,0,0,0,0.0,0,F1,65,,,,,
2026-09-15,2026-09-15,FO,NSE,IDO,60904,,NIFTY,,2030-06-25,2030-06-25,24000.0,CE,NIFTY30JUN24000CE,0.0,0.0,0.0,8591.55,0.0,8591.55,23118.6,5221.35,0,0,0,0.0,0,F1,65,,,,,
2026-09-15,2026-09-15,FO,NSE,IDO,67794,,NIFTY,,2028-12-26,2028-12-26,30000.0,CE,NIFTY28DEC30000CE,873.85,880.0,821.0,825.35,821.0,874.85,23118.6,825.35,21770,195,36,72236593.0,14,F1,65,,,,,
2026-09-15,2026-09-15,FO,NSE,IDO,55524,,NIFTY,,2028-12-26,2028-12-26,28500.0,CE,NIFTY28DEC28500CE,0.0,0.0,0.0,3608.65,0.0,3608.65,23118.6,1596.43,0,0,0,0.0,0,F1,65,,,,,
2026-09-15,2026-09-15,FO,NSE,IDO,67790,,NIFTY,,2028-12-26,2028-12-26,28000.0,CE,NIFTY28DEC28000CE,1462.0,1500.05,1410.0,1410.0,1410.0,1520.0,23118.6,1753.13,10085,260,10,19135483.25,8,F1,65,,,,,
2026-09-15,2026-09-15,FO,NSE,IDO,55522,,NIFTY,,2028-12-26,2028-12-26,25500.0,CE,NIFTY28DEC25500CE,0.0,0.0,0.0,3800.0,3800.0,3800.0,23118.6,2728.31,0,0,0,0.0,0,F1,65,,,,,
2026-09-15,2026-09-15,FO,NSE,IDO,67782,,NIFTY,,2028-12-26,2028-12-26,24000.0,CE,NIFTY28DEC24000CE,3530.0,3530.0,3390.0,3405.0,3400.0,3650.0,23118.6,3405.0,2080,325,15,26736147.75,15,F1,65,,,,,
2026-09-15,2026-09-15,FO,NSE,IDO,67770,,NIFTY,,2028-12-26,2028-12-26,18000.0,CE,NIFTY28DEC18000CE,0.0,0.0,0.0,9380.3,0.0,9380.3,23118.6,7636.25,0,0,0,0.0,0,F1,65,,,,,
2026-09-15,2026-09-15,FO,NSE,IDO,53624,,NIFTY,,2027-12-28,2027-12-28,24000.0,CE,NIFTY27DEC24000CE,2091.15,2095.0,1881.0,1904.0,1884.05,2078.95,23118.6,1904.0,137540,7735,282,476132406.75,206,F1,65,,,,,
2026-09-15,2026-09-15,FO,NSE,IDO,35262,,NIFTY,,2027-06-29,2027-06-29,30000.0,CE,NIFTY27JUN30000CE,100.0,100.0,80.0,80.0,80.0,1478.4,23118.6,108.49,130,130,3,5867810.0,3,F1,65,,,,,
2026-09-15,2026-09-15,FO,NSE,IDO,71505,,NIFTY,,2026-12-29,2026-12-29,26000.0,CE,NIFTY26DEC26000CE,67.2,69.1,57.8,59.25,57.9,65.0,23118.6,59.25,4391405,30960,9391,15908255964.25,4818,F1,65,,,,,
2026-09-15,2026-09-15,FO,NSE,IDO,71503,,NIFTY,,2026-12-29,2026-12-29,25000.0,CE,NIFTY26DEC25000CE,176.2,192.5,143.0,145.7,143.0,180.95,23118.6,145.7,3170770,18415,12177,19911855551.25,6180,F1,65,,,,,
2026-09-15,2026-09-15,FO,NSE,IDO,64473,,NIFTY,,2026-11-23,2026-11-23,25500.0,CE,NIFTY26NOV25500CE,45.0,45.0,34.55,36.4,36.25,40.75,23118.6,36.4,306670,10270,3252,5398318688.75,1874,F1,65,,,,,
2026-09-15,2026-09-15,FO,NSE,IDO,64435,,NIFTY,,2026-11-23,2026-11-23,24900.0,CE,NIFTY26NOV24900CE,0.0,0.0,0.0,691.9,0.0,691.9,23118.6,166.49,0,0,0,0.0,0,F1,65,,,,,
2026-09-15,2026-09-15,FO,NSE,IDO,64423,,NIFTY,,2026-11-23,2026-11-23,24650.0,CE,NIFTY26NOV24650CE,130.7,132.7,98.0,99.1,101.0,126.9,23118.6,99.1,7605,1170,92,148074914.0,59,F1,65,,,,,
2026-09-15,2026-09-15,FO,NSE,IDO,64415,,NIFTY,,2026-11-23,2026-11-23,24450.0,CE,NIFTY26NOV24450CE,146.2,147.3,129.7,129.7,129.7,174.6,23118.6,129.7,10595,1235,30,47957292.5,21,F1,65,,,,,
2026-09-15,2026-09-15,FO,NSE,IDO,64391,,NIFTY,,2026-11-23,2026-11-23,23900.0,CE,NIFTY26NOV23900CE,367.6,367.6,269.25,283.1,276.55,360.35,23118.6,283.1,25545,-2665,487,766180255.75,249,F1,65,,,,,
2026-09-15,2026-09-15,FO,NSE,IDO,64381,,NIFTY,,2026-11-23,2026-11-23,23700.0,CE,NIFTY26NOV23700CE,475.5,475.5,346.1,361.75,354.95,465.15,23118.6,361.75,27560,4290,564,882778562.25,320,F1,65,,,,,
2026-09-15,2026-09-15,FO,NSE,IDO,64276,,NIFTY,,2026-11-23,2026-11-23,22450.0,CE,NIFTY26NOV22450CE,0.0,0.0,0.0,2326.6,0.0,2326.6,23118.6,1201.7,0,0,0,0.0,0,F1,65,,,,,
2026-09-15,2026-09-15,FO,NSE,IDO,64222,,NIFTY,,2026-11-23,2026-11-23,21750.0,CE,NIFTY26NOV21750CE,0.0,0.0,0.0,2952.95,0.0,2952.95,23118.6,1743.61,0,0,0,0.0,0,F1,65,,,,,
2026-09-15,2026-09-15,FO,NSE,IDO,51518,,NIFTY,,2026-10-27,2026-10-27,26700.0,CE,NIFTY26OCT26700CE,0.0,0.0,0.0,6.85,6.85,6.85,23118.6,2.44,715,0,0,0.0,0,F1,65,,,,,
2026-09-15,2026-09-15,FO,NSE,IDO,51494,,NIFTY,,2026-10-27,2026-10-27,26100.0,CE,NIFTY26OCT26100CE,10.45,10.45,9.95,9.95,9.95,9.15,23118.6,8.35,2015,-260,10,16971649.5,4,F1,65,,,,,
2026-09-15,2026-09-15,FO,NSE,IDO,51482,,NIFTY,,2026-10-27,2026-10-27,25800.0,CE,NIFTY26OCT25800CE,13.25,13.6,11.55,13.1,11.85,13.25,23118.6,13.1,42705,16250,486,815427375.75,228,F1,65,,,,,
2026-09-15,2026-09-15,FO,NSE,IDO,51468,,NIFTY,,2026-10-27,2026-10-27,25500.0,CE,NIFTY26OCT25500CE,18.55,18.85,15.05,15.95,15.55,17.75,23118.6,15.95,734045,-61165,4396,7290967427.25,2382,F1,65,,,,,
2026-09-15,2026-09-15,FO,NSE,IDO,51452,,NIFTY,,2026-10-27,2026-10-27,25300.0,CE,NIFTY26OCT25300CE,23.45,23.45,16.7,18.7,17.7,22.35,23118.6,18.7,49140,585,419,689583209.25,220,F1,65,,,,,
2026-09-15,2026-09-15,FO,NSE,IDO,51444,,NIFTY,,2026-10-27,2026-10-27,25100.0,CE,NIFTY26OCT25100CE,30.05,30.05,21.75,24.05,21.85,29.45,23118.6,24.05,141505,-325,987,1611935295.75,622,F1,65,,,,,
2026-09-15,2026-09-15,FO,NSE,IDO,51390,,NIFTY,,2026-10-27,2026-10-27,23950.0,CE,NIFTY26OCT23950CE,213.4,213.45,138.25,144.65,141.15,212.65,23118.6,144.65,28015,5590,501,785353946.0,362,F1,65,,,,,
2026-09-15,2026-09-15,FO,NSE,IDO,51332,,NIFTY,,2026-10-27,2026-10-27,22550.0,CE,NIFTY26OCT22550CE,0.0,0.0,0.0,1962.0,0.0,1962.0,23118.6,941.07,0,0,0,0.0,0,F1,65,,,,,
2026-09-15,2026-09-15,FO,NSE,IDO,51296,,NIFTY,,2026-10-27,2026-10-27,21750.0,CE,NIFTY26OCT21750CE,0.0,0.0,0.0,2639.9,0.0,2639.9,23118.6,1585.96,0,0,0,0.0,0,F1,65,,,,,
2026-09-15,2026-09-15,FO,NSE,IDO,44770,,NIFTY,,2026-10-13,2026-10-13,24900.0,CE,NIFTY26O1324900CE,0.0,0.0,0.0,110.75,0.0,110.75,23118.6,25.83,0,0,0,0.0,0,F1,65,,,,,
2026-09-15,2026-09-15,FO,NSE,IDO,44768,,NIFTY,,2026-10-13,2026-10-13,24850.0,CE,NIFTY26O1324850CE,0.0,0.0,0.0,119.25,0.0,119.25,23118.6,28.68,0,0,0,0.0,0,F1,65,,,,,
2026-09-15,2026-09-15,FO,NSE,IDO,44756,,NIFTY,,2026-10-13,2026-10-13,24550.0,CE,NIFTY26O1324550CE,0.0,0.0,0.0,183.05,0.0,183.05,23118.6,52.2,0,0,0,0.0,0,F1,65,,,,,
2026-09-15,2026-09-15,FO,NSE,IDO,44716,,NIFTY,,2026-10-13,2026-10-13,24050.0,CE,NIFTY26O1324050CE,117.05,117.05,68.4,71.3,72.45,114.2,23118.6,71.3,4420,2535,90,141228184.5,60,F1,65,,,,,
2026-09-15,2026-09-15,FO,NSE,IDO,44646,,NIFTY,,2026-10-13,2026-10-13,23100.0,CE,NIFTY26O1323100CE,428.4,428.4,421.65,425.25,423.0,864.75,23118.6,425.25,910,910,14,21407980.75,10,F1,65,,,,,
2026-09-15,2026-09-15,FO,NSE,IDO,44624,,NIFTY,,2026-10-13,2026-10-13,22800.0,CE,NIFTY26O1322800CE,0.0,0.0,0.0,1089.55,0.0,1089.55,23118.6,648.38,0,0,0,0.0,0,F1,65,,,,,
2026-09-15,2026-09-15,FO,NSE,IDO,44622,,NIFTY,,2026-10-13,2026-10-13,22750.0,CE,NIFTY26O1322750CE,0.0,0.0,0.0,1129.3,0.0,1129.3,23118.6,681.36,0,0,0,0.0,0,F1,65,,,,,
2026-09-15,2026-09-15,FO,NSE,IDO,44592,,NIFTY,,2026-10-13,2026-10-13,22200.0,CE,NIFTY26O1322200CE,0.0,0.0,0.0,1601.7,0.0,1601.7,23118.6,1098.55,0,0,0,0.0,0,F1,65,,,,,
2026-09-15,2026-09-15,FO,NSE,IDO,44584,,NIFTY,,2026-10-13,2026-10-13,22100.0,CE,NIFTY26O1322100CE,0.0,0.0,0.0,1693.15,0.0,1693.15,23118.6,1183.46,0,0,0,0.0,0,F1,65,,,,,
2026-09-15,2026-09-15,FO,NSE,IDO,40885,,NIFTY,,2026-10-06,2026-10-06,25500.0,CE,NIFTY26O0625500CE,7.3,7.3,4.65,5.4,4.65,6.4,23118.6,5.4,20735,65,221,366393326.0,103,F1,65,,,,,
2026-09-15,2026-09-15,FO,NSE,IDO,40865,,NIFTY,,2026-10-06,2026-10-06,25000.0,CE,NIFTY26O0625000CE,12.65,17.3,7.45,10.15,7.7,12.0,23118.6,10.15,49400,9360,1856,3017211499.25,766,F1,65,,,,,
2026-09-15,2026-09-15,FO,NSE,IDO,40823,,NIFTY,,2026-10-06,2026-10-06,24450.0,CE,NIFTY26O0624450CE,0.0,0.0,0.0,364.35,0.0,364.35,23118.6,35.12,0,0,0,0.0,0,F1,65,,,,,
2026-09-15,2026-09-15,FO,NSE,IDO,40819,,NIFTY,,2026-10-06,2026-10-06,24350.0,CE,NIFTY26O0624350CE,0.0,0.0,0.0,406.45,0.0,406.45,23118.6,44.09,0,0,0,0.0,0,F1,65,,,,,
2026-09-15,2026-09-15,FO,NSE,IDO,40817,,NIFTY,,2026-10-06,2026-10-06,24300.0,CE,NIFTY26O0624300CE,45.4,53.4,20.45,22.85,21.4,43.25,23118.6,22.85,288535,258830,36499,57732310538.5,14579,F1,65,,,,,
2026-09-15,2026-09-15,FO,NSE,IDO,40813,,NIFTY,,2026-10-06,2026-10-06,24250.0,CE,NIFTY26O0624250CE,46.05,52.1,23.95,25.15,23.95,45.7,23118.6,25.15,11245,5785,652,1029280099.25,425,F1,65,,,,,
2026-09-15,2026-09-15,FO,NSE,IDO,40743,,NIFTY,,2026-10-06,2026-10-06,23150.0,CE,NIFTY26O0623150CE,476.0,476.0,328.1,338.95,339.25,1160.25,23118.6,338.95,2080,2080,63,96187172.25,29,F1,65,,,,,
2026-09-15,2026-09-15,FO,NSE,IDO,40689,,NIFTY,,2026-10-06,2026-10-06,22450.0,CE,NIFTY26O0622450CE,0.0,0.0,0.0,1769.15,0.0,1769.15,23118.6,839.1,0,0,0,0.0,0,F1,65,,,,,
2026-09-15,2026-09-15,FO,NSE,IDO,40673,,NIFTY,,2026-10-06,2026-10-06,22150.0,CE,NIFTY26O0622150CE,0.0,0.0,0.0,2051.3,0.0,2051.3,23118.6,1091.18,0,0,0,0.0,0,F1,65,,,,,
2026-09-15,2026-09-15,FO,NSE,IDO,40657,,NIFTY,,2026-10-06,2026-10-06,21750.0,CE,NIFTY26O0621750CE,0.0,0.0,0.0,2438.05,0.0,2438.05,23118.6,1458.35,0,0,0,0.0,0,F1,65,,,,,
2026-09-15,2026-09-15,FO,NSE,IDO,40652,,NIFTY,,2026-10-06,2026-10-06,21650.0,CE,NIFTY26O0621650CE,0.0,0.0,0.0,2535.9,0.0,2535.9,23118.6,1553.79,0,0,0,0.0,0,F1,65,,,,,
2026-09-15,2026-09-15,FO,NSE,IDO,65923,,NIFTY,,2026-09-29,2026-09-29,30000.0,CE,NIFTY26SEP30000CE,0.55,0.9,0.55,0.6,0.55,0.7,23118.6,0.6,272220,-1885,151,294456513.0,78,F1,65,,,,,
2026-09-15,2026-09-15,FO,NSE,IDO,74491,,NIFTY,,2026-09-29,2026-09-29,26750.0,CE,NIFTY26SEP26750CE,0.4,1.5,0.4,1.5,1.5,1.9,23118.6,0.0,7085,-65,2,3477623.5,2,F1,65,,,,,
2026-09-15,2026-09-15,FO,NSE,IDO,74479,,NIFTY,,2026-09-29,2026-09-29,26450.0,CE,NIFTY26SEP26450CE,0.0,0.0,0.0,2.4,2.4,2.4,23118.6,0.0,2730,0,0,0.0,0,F1,65,,,,,
2026-09-15,2026-09-15,FO,NSE,IDO,74438,,NIFTY,,2026-09-29,2026-09-29,26050.0,CE,NIFTY26SEP26050CE,3.3,3.3,2.1,2.4,2.7,2.65,23118.6,2.4,12285,-260,83,140553335.0,11,F1,65,,,,,
2026-09-15,2026-09-15,FO,NSE,IDO,74426,,NIFTY,,2026-09-29,2026-09-29,25900.0,CE,NIFTY26SEP25900CE,3.4,3.75,2.2,2.5,2.45,3.4,23118.6,2.5,49205,6175,712,1198787076.5,299,F1,65,,,,,
2026-09-15,2026-09-15,FO,NSE,IDO,74416,,NIFTY,,2026-09-29,2026-09-29,25700.0,CE,NIFTY26SEP25700CE,3.75,3.95,2.25,2.85,2.95,3.95,23118.6,2.85,198250,-20540,2871,4796618927.75,1675,F1,65,,,,,
2026-09-15,2026-09-15,FO,NSE,IDO,74397,,NIFTY,,2026-09-29,2026-09-29,25550.0,CE,NIFTY26SEP25550CE,3.8,4.75,2.95,3.45,2.95,4.75,23118.6,3.45,37830,-2080,265,440163785.75,139,F1,65,,,,,
2026-09-15,2026-09-15,FO,NSE,IDO,74395,,NIFTY,,2026-09-29,2026-09-29,25450.0,CE,NIFTY26SEP25450CE,4.65,5.65,3.35,3.85,3.35,5.0,23118.6,3.85,50830,1950,529,875245952.75,319,F1,65,,,,,
2026-09-15,2026-09-15,FO,NSE,IDO,74365,,NIFTY,,2026-09-29,2026-09-29,25000.0,CE,NIFTY26SEP25000CE,7.65,10.35,4.5,5.25,4.55,7.65,23118.6,5.25,5135000,-521560,56078,91148975953.75,21571,F1,65,,,,,
2026-09-15,2026-09-15,FO,NSE,IDO,74355,,NIFTY,,2026-09-29,2026-09-29,24750.0,CE,NIFTY26SEP24750CE,10.15,10.15,5.6,6.45,5.7,10.45,23118.6,6.45,291265,-6695,3314,5333013237.5,2015,F1,65,,,,,
2026-09-15,2026-09-15,FO,NSE,IDO,74351,,NIFTY,,2026-09-29,2026-09-29,24650.0,CE,NIFTY26SEP24650CE,16.1,16.1,6.25,7.35,6.5,12.05,23118.6,7.35,156130,-7995,3473,5566559934.0,2216,F1,65,,,,,
2026-09-15,2026-09-15,FO,NSE,IDO,74289,,NIFTY,,2026-09-29,2026-09-29,24600.0,CE,NIFTY26SEP24600CE,13.7,13.7,6.4,7.5,6.5,12.95,23118.6,7.5,1518530,-110045,15303,24478609304.5,8302,F1,65,,,,,
2026-09-15,2026-09-15,FO,NSE,IDO,74112,,NIFTY,,2026-09-29,2026-09-29,24350.0,CE,NIFTY26SEP24350CE,22.1,22.2,9.45,10.6,9.7,21.5,23118.6,10.6,542035,87945,7854,12438237721.0,4509,F1,65,,,,,
2026-09-15,2026-09-15,FO,NSE,IDO,73908,,NIFTY,,2026-09-29,2026-09-29,23150.0,CE,NIFTY26SEP23150CE,470.3,472.65,253.0,278.7,273.3,453.75,23118.6,278.7,232635,215410,5871,8941582867.75,3991,F1,65,,,,,
2026-09-15,2026-09-15,FO,NSE,IDO,73891,,NIFTY,,2026-09-29,2026-09-29,22700.0,CE,NIFTY26SEP22700CE,840.0,840.9,567.0,606.1,597.15,820.8,23118.6,606.1,19890,10270,394,596968060.0,229,F1,65,,,,,
2026-09-15,2026-09-15,FO,NSE,IDO,73885,,NIFTY,,2026-09-29,2026-09-29,22550.0,CE,NIFTY26SEP22550CE,850.0,850.0,850.0,850.0,850.0,964.0,23118.6,694.96,260,65,1,1521000.0,1,F1,65,,,,,
2026-09-15,2026-09-15,FO,NSE,IDO,73883,,NIFTY,,2026-09-29,2026-09-29,22450.0,CE,NIFTY26SEP22450CE,0.0,0.0,0.0,1450.0,1450.0,1450.0,23118.6,777.04,130,0,0,0.0,0,F1,65,,,,,
2026-09-15,2026-09-15,FO,NSE,IDO,73865,,NIFTY,,2026-09-29,2026-09-29,22000.0,CE,NIFTY26SEP22000CE,1520.0,1540.0,1182.45,1241.6,1235.05,1491.05,23118.6,1241.6,809380,6955,723,1097042163.75,612,F1,65,,,,,
2026-09-15,2026-09-15,FO,NSE,IDO,73854,,NIFTY,,2026-09-29,2026-09-29,21850.0,CE,NIFTY26SEP21850CE,0.0,0.0,0.0,2030.0,2030.0,2030.0,23118.6,1325.99,65,0,0,0.0,0,F1,65,,,,,
2026-09-15,2026-09-15,FO,NSE,IDO,57927,,NIFTY,,2026-09-22,2026-09-22,25550.0,CE,NIFTY2692225550CE,1.45,1.85,0.9,1.0,0.9,1.45,23118.6,1.0,41145,845,1407,2336781742.75,564,F1,65,,,,,
2026-09-15,2026-09-15,FO,NSE,IDO,57920,,NIFTY,,2026-09-22,2026-09-22,25500.0,CE,NIFTY2692225500CE,1.65,1.95,0.9,1.1,1.0,1.65,23118.6,1.1,1320020,170365,93018,154185348525.0,20749,F1,65,,,,,
2026-09-15,2026-09-15,FO,NSE,IDO,57007,,NIFTY,,2026-09-22,2026-09-22,23500.0,CE,NIFTY2692223500CE,157.65,211.45,45.6,53.0,50.0,159.9,23118.6,53.0,5847075,3070730,580037,889196685806.0,288439,F1,65,,,,,
2026-09-15,2026-09-15,FO,NSE,IDO,56825,,NIFTY,,2026-09-22,2026-09-22,22300.0,CE,NIFTY2692222300CE,1130.0,1130.0,880.0,907.8,896.0,1160.0,23118.6,907.8,7735,2015,74,111868627.0,63,F1,65,,,,,
2026-09-15,2026-09-15,FO,NSE,IDO,56697,,NIFTY,,2026-09-22,2026-09-22,21750.0,CE,NIFTY2692221750CE,0.0,0.0,0.0,2536.8,0.0,2536.8,23118.6,1393.47,0,0,0,0.0,0,F1,65,,,,,
2026-09-15,2026-09-15,FO,NSE,IDO,47429,,NIFTY,,2026-09-15,2026-09-15,26000.0,CE,NIFTY2691526000CE,0.4,0.4,0.05,0.1,0.05,0.4,23118.6,23118.6,1056770,-489255,76192,128765495989.0,14688,F1,65,,,,,
2026-09-15,2026-09-15,FO,NSE,IDO,47393,,NIFTY,,2026-09-15,2026-09-15,25550.0,CE,NIFTY2691525550CE,0.35,0.4,0.05,0.1,0.05,0.35,23118.6,23118.6,170625,-41925,25058,41615400723.0,5173,F1,65,,,,,
2026-09-15,2026-09-15,FO,NSE,IDO,47369,,NIFTY,,2026-09-15,2026-09-15,25150.0,CE,NIFTY2691525150CE,0.25,0.35,0.05,0.1,0.05,0.4,23118.6,23118.6,308815,-55055,50905,83217671143.75,8395,F1,65,,,,,
2026-09-15,2026-09-15,FO,NSE,IDO,47359,,NIFTY,,2026-09-15,2026-09-15,24900.0,CE,NIFTY2691524900CE,0.35,0.5,0.05,0.1,0.05,0.65,23118.6,23118.6,880360,-111280,157637,255138197856.75,22963,F1,65,,,,,
2026-09-15,2026-09-15,FO,NSE,IDO,47347,,NIFTY,,2026-09-15,2026-09-15,24650.0,CE,NIFTY2691524650CE,0.55,0.65,0.05,0.3,0.05,0.85,23118.6,23118.6,1626105,538525,163800,262452267642.5,26231,F1,65,,,,,
2026-09-15,2026-09-15,FO,NSE,IDO,47345,,NIFTY,,2026-09-15,2026-09-15,24600.0,CE,NIFTY2691524600CE,0.5,0.7,0.05,0.15,0.05,0.95,23118.6,23118.6,2140905,-939705,297673,475986507109.75,41594,F1,65,,,,,
2026-09-15,2026-09-15,FO,NSE,IDO,47321,,NIFTY,,2026-09-15,2026-09-15,24050.0,CE,NIFTY2691524050CE,1.35,1.35,0.05,0.25,0.05,2.8,23118.6,23118.6,3241745,618605,1113925,1741393894682.0,212847,F1,65,,,,,
2026-09-15,2026-09-15,FO,NSE,IDO,47281,,NIFTY,,2026-09-15,2026-09-15,23100.0,CE,NIFTY2691523100CE,380.0,464.95,17.6,40.6,18.5,367.2,23118.6,23118.6,6116110,5755295,2295166,3456650127368.75,1131032,F1,65,,,,,
2026-09-15,2026-09-15,FO,NSE,IDO,47261,,NIFTY,,2026-09-15,2026-09-15,22600.0,CE,NIFTY2691522600CE,667.35,910.35,503.25,557.45,517.3,861.65,23118.6,23118.6,9360,3185,646,975589858.75,449,F1,65,,,,,
2026-09-15,2026-09-15,FO,NSE,IDO,47163,,NIFTY,,2026-09-15,2026-09-15,21900.0,CE,NIFTY2691521900CE,0.0,0.0,0.0,2703.3,0.0,2703.3,23118.6,23118.6,0,0,0,0.0,0,F1,65,,,,,
2026-09-15,2026-09-15,FO,NSE,IDO,74642,,NIFTY,,2031-06-24,2031-06-24,18000.0,PE,NIFTY31JUN18000PE,0.0,0.0,0.0,173.45,0.0,173.45,23118.6,145.25,0,0,0,0.0,0,F1,65,,,,,
2026-09-15,2026-09-15,FO,NSE,IDO,61773,,NIFTY,,2029-12-24,2029-12-24,25000.0,PE,NIFTY29DEC25000PE,0.0,0.0,0.0,1250.0,1250.0,1250.0,23118.6,1332.6,1265,0,0,0.0,0,F1,65,,,,,
2026-09-15,2026-09-15,FO,NSE,IDO,55559,,NIFTY,,2029-06-26,2029-06-26,19500.0,PE,NIFTY29JUN19500PE,0.0,0.0,0.0,56.0,0.0,56.0,23118.6,232.9,0,0,0,0.0,0,F1,65,,,,,
2026-09-15,2026-09-15,FO,NSE,IDO,89613,,NIFTY,,2029-06-26,2029-06-26,18000.0,PE,NIFTY29JUN18000PE,0.0,0.0,0.0,118.45,0.0,118.45,23118.6,113.83,0,0,0,0.0,0,F1,65,,,,,
2026-09-15,2026-09-15,FO,NSE,IDO,55557,,NIFTY,,2029-06-26,2029-06-26,16500.0,PE,NIFTY29JUN16500PE,0.0,0.0,0.0,8.1,0.0,8.1,23118.6,48.18,0,0,0,0.0,0,F1,65,,,,,
2026-09-15,2026-09-15,FO,NSE,IDO,55527,,NIFTY,,2028-12-26,2028-12-26,31500.0,PE,NIFTY28DEC31500PE,0.0,0.0,0.0,2673.4,0.0,2673.4,23118.6,5027.48,0,0,0,0.0,0,F1,65,,,,,
2026-09-15,2026-09-15,FO,NSE,IDO,67783,,NIFTY,,2028-12-26,2028-12-26,24000.0,PE,NIFTY28DEC24000PE,922.0,922.0,922.0,922.0,922.0,870.0,23118.6,922.0,5135,65,1,1619930.0,1,F1,65,,,,,
2026-09-15,2026-09-15,FO,NSE,IDO,86164,,NIFTY,,2028-06-27,2028-06-27,27000.0,PE,NIFTY28JUN27000PE,0.0,0.0,0.0,2752.35,0.0,2752.35,23118.6,2539.42,0,0,0,0.0,0,F1,65,,,,,
2026-09-15,2026-09-15,FO,NSE,IDO,50984,,NIFTY,,2027-06-29,2027-06-29,27000.0,PE,NIFTY27JUN27000PE,0.0,0.0,0.0,2100.0,2100.0,2100.0,23118.6,3024.79,65,0,0,0.0,0,F1,65,,,,,
2026-09-15,2026-09-15,FO,NSE,IDO,71548,,NIFTY,,2027-06-29,2027-06-29,18000.0,PE,NIFTY27JUN18000PE,0.0,0.0,0.0,37.1,37.1,37.1,23118.6,17.06,230,0,0,0.0,0,F1,65,,,,,
2026-09-15,2026-09-15,FO,NSE,IDO,47192,,NIFTY,,2027-06-29,2027-06-29,33000.0,CE,NIFTY27JUN33000CE,0.0,0.0,0.0,1122.75,0.0,1122.75,23118.6,20.47,0,0,0,0.0,0,F1,65,,,,,
2026-09-15,2026-09-15,FO,NSE,IDO,47194,,NIFTY,,2027-12-28,2027-12-28,33000.0,CE,NIFTY27DEC33000CE,67.3,76.0,60.0,66.45,67.9,67.0,23118.6,66.45,7475,1040,93,199886303.5,35,F1,65,,,,,
2026-09-15,2026-09-15,FO,NSE,IDO,55470,,NIFTY,,2028-06-27,2028-06-27,19500.0,CE,NIFTY28JUN19500CE,0.0,0.0,0.0,9209.1,0.0,9209.1,23118.6,5882.38,0,0,0,0.0,0,F1,65,,,,,
2026-09-15,2026-09-15,FO,NSE,IDO,89612,,NIFTY,,2029-06-26,2029-06-26,18000.0,CE,NIFTY29JUN18000CE,0.0,0.0,0.0,11678.65,0.0,11678.65,23118.6,8137.7,0,0,0,0.0,0,F1,65,,,,,
2026-09-15,2026-09-15,FO,NSE,IDO,89624,,NIFTY,,2029-06-26,2029-06-26,21000.0,CE,NIFTY29JUN21000CE,0.0,0.0,0.0,9799.75,0.0,9799.75,23118.6,5932.98,0,0,0,0.0,0,F1,65,,,,,
2026-09-15,2026-09-15,FO,NSE,IDO,89648,,NIFTY,,2029-06-26,2029-06-26,33000.0,CE,NIFTY29JUN33000CE,0.0,0.0,0.0,4179.45,0.0,4179.45,23118.6,994.79,0,0,0,0.0,0,F1,65,,,,,
2026-09-15,2026-09-15,FO,NSE,IDO,55598,,NIFTY,,2029-12-24,2029-12-24,16500.0,CE,NIFTY29DEC16500CE,0.0,0.0,0.0,12984.85,0.0,12984.85,23118.6,9766.93,0,0,0,0.0,0,F1,65,,,,,
2026-09-15,2026-09-15,FO,NSE,IDO,55606,,NIFTY,,2029-12-24,2029-12-24,28500.0,CE,NIFTY29DEC28500CE,0.0,0.0,0.0,4802.1,0.0,4802.1,23118.6,2631.36,0,0,0,0.0,0,F1,65,,,,,
2026-09-15,2026-09-15,FO,NSE,IDO,60892,,NIFTY,,2030-06-25,2030-06-25,18000.0,CE,NIFTY30JUN18000CE,0.0,0.0,0.0,12423.9,0.0,12423.9,23118.6,9083.04,0,0,0,0.0,0,F1,65,,,,,
2026-09-15,2026-09-15,FO,NSE,IDO,55650,,NIFTY,,2030-06-25,2030-06-25,31500.0,CE,NIFTY30JUN31500CE,0.0,0.0,0.0,3984.8,0.0,3984.8,23118.6,2181.97,0,0,0,0.0,0,F1,65,,,,,
2026-09-15,2026-09-15,FO,NSE,IDO,55696,,NIFTY,,2030-12-31,2030-12-31,16500.0,CE,NIFTY30DEC16500CE,0.0,0.0,0.0,13763.55,0.0,13763.55,23118.6,10618.39,0,0,0,0.0,0,F1,65,,,,,
2026-09-15,2026-09-15,FO,NSE,IDO,55760,,NIFTY,,2030-12-31,2030-12-31,28500.0,CE,NIFTY30DEC28500CE,0.0,0.0,0.0,5968.3,0.0,5968.3,23118.6,3693.8,0,0,0,0.0,0,F1,65,,,,,
2026-09-15,2026-09-15,FO,NSE,IDO,74661,,NIFTY,,2031-06-24,2031-06-24,31500.0,CE,NIFTY31JUN31500CE,0.0,0.0,0.0,3928.35,0.0,3928.35,23118.6,3124.44,0,0,0,0.0,0,F1,65,,,,,
2026-09-15,2026-09-15,FO,NSE,IDO,47116,,NIFTY,,2026-09-15,2026-09-15,21650.0,PE,NIFTY2691521650PE,0.75,0.8,0.05,0.15,0.05,2.4,23118.6,23118.6,199745,199745,19051,26809799945.5,4936,F1,65,,,,,
2026-09-15,2026-09-15,FO,NSE,IDO,47223,,NIFTY,,2026-09-15,2026-09-15,22050.0,PE,NIFTY2691522050PE,0.65,1.45,0.05,0.15,0.05,1.95,23118.6,23118.6,558870,-162110,64743,92794259795.25,12238,F1,65,,,,,
2026-09-15,2026-09-15,FO,NSE,IDO,47227,,NIFTY,,2026-09-15,2026-09-15,22150.0,PE,NIFTY2691522150PE,1.1,1.1,0.05,0.2,0.05,2.0,23118.6,23118.6,499525,-382005,87183,125523586051.5,16830,F1,65,,,,,
2026-09-15,2026-09-15,FO,NSE,IDO,47237,,NIFTY,,2026-09-15,2026-09-15,22200.0,PE,NIFTY2691522200PE,0.45,0.9,0.05,0.15,0.05,2.15,23118.6,23118.6,2397005,-1980940,270361,390136716755.5,41801,F1,65,,,,,
2026-09-15,2026-09-15,FO,NSE,IDO,51352,,NIFTY,,2026-10-27,2026-10-27,23000.0,CE,NIFTY26OCT23000CE,768.55,780.0,553.75,583.55,582.75,756.2,23118.6,583.55,354380,43030,5658,8689510898.25,4134,F1,65,,,,,
2026-09-15,2026-09-15,FO,NSE,IDO,51310,,NIFTY,,2026-10-27,2026-10-27,22050.0,CE,NIFTY26OCT22050CE,0.0,0.0,0.0,2377.1,0.0,2377.1,23118.6,1328.13,0,0,0,0.0,0,F1,65,,,,,
2026-09-15,2026-09-15,FO,NSE,IDO,44776,,NIFTY,,2026-10-13,2026-10-13,24950.0,CE,NIFTY26O1324950CE,0.0,0.0,0.0,102.7,0.0,102.7,23118.6,23.22,0,0,0,0.0,0,F1,65,,,,,
2026-09-15,2026-09-15,FO,NSE,IDO,47280,,NIFTY,,2026-09-15,2026-09-15,23050.0,PE,NIFTY2691523050PE,2.4,13.1,0.05,3.4,0.05,16.25,23118.6,23118.6,9298900,6085690,8190938,12274393738272.25,1491482,F1,65,,,,,
2026-09-15,2026-09-15,FO,NSE,IDO,47298,,NIFTY,,2026-09-15,2026-09-15,23500.0,PE,NIFTY2691523500PE,19.0,404.95,19.0,343.7,381.05,125.9,23118.6,23118.6,1575535,-2670070,4587888,7042251357950.25,2305325,F1,65,,,,,
2026-09-15,2026-09-15,FO,NSE,IDO,47316,,NIFTY,,2026-09-15,2026-09-15,23900.0,PE,NIFTY2691523900PE,351.1,800.35,345.1,738.0,781.0,456.65,23118.6,23118.6,514800,-599365,22594,35924690707.75,12433,F1,65,,,,,
2026-09-15,2026-09-15,FO,NSE,IDO,47322,,NIFTY,,2026-09-15,2026-09-15,24050.0,PE,NIFTY2691524050PE,525.45,938.65,525.45,886.35,933.3,600.95,23118.6,23118.6,66105,-7475,982,1582502993.5,733,F1,65,,,,,
2026-09-15,2026-09-15,FO,NSE,IDO,47362,,NIFTY,,2026-09-15,2026-09-15,24950.0,PE,NIFTY2691524950PE,0.0,0.0,0.0,689.2,0.0,689.2,23118.6,23118.6,0,0,0,0.0,0,F1,65,,,,,
2026-09-15,2026-09-15,FO,NSE,IDO,47420,,NIFTY,,2026-09-15,2026-09-15,25850.0,PE,NIFTY2691525850PE,0.0,0.0,0.0,1345.95,0.0,1345.95,23118.6,23118.6,0,0,0,0.0,0,F1,65,,,,,
2026-09-15,2026-09-15,FO,NSE,IDO,57252,,NIFTY,,2026-09-22,2026-09-22,24100.0,PE,NIFTY2692224100PE,591.4,950.0,591.3,903.05,904.85,645.15,23118.6,903.05,149565,62270,2477,4003994770.75,1683,F1,65,,,,,
2026-09-15,2026-09-15,FO,NSE,IDO,57388,,NIFTY,,2026-09-22,2026-09-22,24200.0,PE,NIFTY2692224200PE,686.6,1047.7,686.5,1003.05,1002.4,744.0,23118.6,1003.05,191750,96135,2451,3996868859.75,1807,F1,65,,,,,
2026-09-15,2026-09-15,FO,NSE,IDO,57639,,NIFTY,,2026-09-22,2026-09-22,24550.0,PE,NIFTY2692224550PE,1062.75,1364.3,1014.4,1341.45,1344.5,1105.6,23118.6,1341.45,25545,24895,467,781715512.5,295,F1,65,,,,,
2026-09-15,2026-09-15,FO,NSE,IDO,57857,,NIFTY,,2026-09-22,2026-09-22,25150.0,PE,NIFTY2692225150PE,0.0,0.0,0.0,1035.2,0.0,1035.2,23118.6,2003.07,0,0,0,0.0,0,F1,65,,,,,
2026-09-15,2026-09-15,FO,NSE,IDO,44762,,NIFTY,,2026-10-13,2026-10-13,24700.0,CE,NIFTY26O1324700CE,0.0,0.0,0.0,148.1,0.0,148.1,23118.6,38.94,0,0,0,0.0,0,F1,65,,,,,
2026-09-15,2026-09-15,FO,NSE,IDO,44710,,NIFTY,,2026-10-13,2026-10-13,23950.0,CE,NIFTY26O1323950CE,0.0,0.0,0.0,381.6,0.0,381.6,23118.6,148.53,0,0,0,0.0,0,F1,65,,,,,
2026-09-15,2026-09-15,FO,NSE,IDO,44700,,NIFTY,,2026-10-13,2026-10-13,23900.0,CE,NIFTY26O1323900CE,0.0,0.0,0.0,403.35,0.0,403.35,23118.6,161.45,0,0,0,0.0,0,F1,65,,,,,
2026-09-15,2026-09-15,FO,NSE,IDO,44684,,NIFTY,,2026-10-13,2026-10-13,23700.0,CE,NIFTY26O1323700CE,228.25,229.55,138.95,147.15,146.9,229.75,23118.6,147.15,13715,5200,259,402043752.5,187,F1,65,,,,,
2026-09-15,2026-09-15,FO,NSE,IDO,44660,,NIFTY,,2026-10-13,2026-10-13,23400.0,CE,NIFTY26O1323400CE,368.8,394.1,248.5,264.65,259.7,389.3,23118.6,264.65,6695,5005,192,295829423.5,147,F1,65,,,,,
2026-09-15,2026-09-15,FO,NSE,IDO,44632,,NIFTY,,2026-10-13,2026-10-13,23000.0,CE,NIFTY26O1323000CE,571.55,571.55,459.35,497.85,487.0,693.75,23118.6,497.85,1430,1040,66,100826020.75,59,F1,65,,,,,
2026-09-15,2026-09-15,FO,NSE,IDO,44630,,NIFTY,,2026-10-13,2026-10-13,22950.0,CE,NIFTY26O1322950CE,0.0,0.0,0.0,974.15,0.0,974.15,23118.6,554.98,0,0,0,0.0,0,F1,65,,,,,
2026-09-15,2026-09-15,FO,NSE,IDO,65888,,NIFTY,,2026-09-29,2026-09-29,18000.0,PE,NIFTY26SEP18000PE,0.85,1.2,0.7,0.85,0.8,1.35,23118.6,0.85,834015,-16185,2768,3238706233.75,441,F1,65,,,,,
2026-09-15,2026-09-15,FO,NSE,IDO,73924,,NIFTY,,2026-09-29,2026-09-29,23300.0,PE,NIFTY26SEP23300PE,117.15,299.0,113.8,270.25,268.6,157.1,23118.6,270.25,3052140,574925,123136,188197870081.0,78763,F1,65,,,,,
2026-09-15,2026-09-15,FO,NSE,IDO,74055,,NIFTY,,2026-09-29,2026-09-29,23850.0,PE,NIFTY26SEP23850PE,415.0,704.3,394.95,657.15,661.0,444.4,23118.6,657.15,96460,-9945,383,608530240.5,280,F1,65,,,,,
2026-09-15,2026-09-15,FO,NSE,IDO,74113,,NIFTY,,2026-09-29,2026-09-29,24350.0,PE,NIFTY26SEP24350PE,861.0,1161.7,861.0,1120.05,1136.0,882.35,23118.6,1120.05,320060,-1170,130,214175328.25,107,F1,65,,,,,
2026-09-15,2026-09-15,FO,NSE,IDO,74371,,NIFTY,,2026-09-29,2026-09-29,25150.0,PE,NIFTY26SEP25150PE,1622.6,1985.5,1602.9,1917.8,1906.95,1660.05,23118.6,1917.8,1495,390,504,882497060.25,500,F1,65,,,,,
2026-09-15,2026-09-15,FO,NSE,IDO,74390,,NIFTY,,2026-09-29,2026-09-29,25350.0,PE,NIFTY26SEP25350PE,0.0,0.0,0.0,850.0,850.0,850.0,23118.6,2174.73,1040,0,0,0.0,0,F1,65,,,,,
2026-09-15,2026-09-15,FO,NSE,IDO,74490,,NIFTY,,2026-09-29,2026-09-29,26700.0,PE,NIFTY26SEP26700PE,0.0,0.0,0.0,2560.85,0.0,2560.85,23118.6,3521.25,0,0,0,0.0,0,F1,65,,,,,
2026-09-15,2026-09-15,FO,NSE,IDO,40672,,NIFTY,,2026-10-06,2026-10-06,22100.0,PE,NIFTY26O0622100PE,25.8,41.2,25.8,39.65,40.55,29.7,23118.6,39.65,4095,3055,76,109341176.75,45,F1,65,,,,,
2026-09-15,2026-09-15,FO,NSE,IDO,40714,,NIFTY,,2026-10-06,2026-10-06,22750.0,PE,NIFTY26O0622750PE,60.6,121.35,60.6,116.7,118.75,60.6,23118.6,116.7,2925,2925,87,129260085.5,46,F1,65,,,,,
2026-09-15,2026-09-15,FO,NSE,IDO,40742,,NIFTY,,2026-10-06,2026-10-06,23100.0,PE,NIFTY26O0623100PE,100.25,235.7,97.8,215.75,218.2,129.0,23118.6,215.75,11180,4420,655,991031057.25,526,F1,65,,,,,
2026-09-15,2026-09-15,FO,NSE,IDO,40750,,NIFTY,,2026-10-06,2026-10-06,23250.0,PE,NIFTY26O0623250PE,145.05,295.5,145.0,283.05,278.9,165.0,23118.6,283.05,8125,0,431,657766287.75,302,F1,65,,,,,
2026-09-15,2026-09-15,FO,NSE,IDO,40780,,NIFTY,,2026-10-06,2026-10-06,23750.0,PE,NIFTY26O0623750PE,377.3,576.8,362.55,568.95,561.1,381.05,23118.6,568.95,2730,-455,33,51857793.0,29,F1,65,,,,,
2026-09-15,2026-09-15,FO,NSE,IDO,40810,,NIFTY,,2026-10-06,2026-10-06,24150.0,PE,NIFTY26O0624150PE,0.0,0.0,0.0,455.15,0.0,455.15,23118.6,1017.74,0,0,0,0.0,0,F1,65,,,,,
2026-09-15,2026-09-15,FO,NSE,IDO,40826,,NIFTY,,2026-10-06,2026-10-06,24500.0,PE,NIFTY26O0624500PE,955.5,1301.8,955.5,1301.8,1301.8,980.0,23118.6,1301.8,650,195,5,8331661.0,5,F1,65,,,,,
2026-09-15,2026-09-15,FO,NSE,IDO,40864,,NIFTY,,2026-10-06,2026-10-06,24950.0,PE,NIFTY26O0624950PE,0.0,0.0,0.0,949.75,0.0,949.75,23118.6,1757.14,0,0,0,0.0,0,F1,65,,,,,
2026-09-15,2026-09-15,FO,NSE,IDO,40897,,NIFTY,,2026-10-06,2026-10-06,25700.0,PE,NIFTY26O0625700PE,0.0,0.0,0.0,1563.65,0.0,1563.65,23118.6,2495.65,0,0,0,0.0,0,F1,65,,,,,
2026-09-15,2026-09-15,FO,NSE,IDO,44569,,NIFTY,,2026-10-13,2026-10-13,21900.0,PE,NIFTY26O1321900PE,0.0,0.0,0.0,22.75,0.0,22.75,23118.6,42.52,0,0,0,0.0,0,F1,65,,,,,
2026-09-15,2026-09-15,FO,NSE,IDO,44581,,NIFTY,,2026-10-13,2026-10-13,22000.0,PE,NIFTY26O1322000PE,32.7,53.1,23.25,48.8,48.9,32.7,23118.6,48.8,11050,5655,423,605952009.0,255,F1,65,,,,,
2026-09-15,2026-09-15,FO,NSE,IDO,44591,,NIFTY,,2026-10-13,2026-10-13,22150.0,PE,NIFTY26O1322150PE,54.0,60.0,54.0,59.6,59.4,38.9,23118.6,59.6,1625,780,25,36085491.0,7,F1,65,,,,,
2026-09-15,2026-09-15,FO,NSE,IDO,44649,,NIFTY,,2026-10-13,2026-10-13,23150.0,PE,NIFTY26O1323150PE,164.55,276.5,163.7,267.35,275.25,161.95,23118.6,267.35,1755,1625,98,149050703.75,65,F1,65,,,,,
2026-09-15,2026-09-15,FO,NSE,IDO,44715,,NIFTY,,2026-10-13,2026-10-13,24000.0,PE,NIFTY26O1324000PE,650.0,656.1,633.3,656.1,656.1,575.0,23118.6,910.56,650,260,8,12817311.0,4,F1,65,,,,,
2026-09-15,2026-09-15,FO,NSE,IDO,44721,,NIFTY,,2026-10-13,2026-10-13,24100.0,PE,NIFTY26O1324100PE,0.0,0.0,0.0,652.1,0.0,652.1,23118.6,989.46,0,0,0,0.0,0,F1,65,,,,,
2026-09-15,2026-09-15,FO,NSE,IDO,44729,,NIFTY,,2026-10-13,2026-10-13,24200.0,PE,NIFTY26O1324200PE,0.0,0.0,0.0,715.4,0.0,715.4,23118.6,1070.92,0,0,0,0.0,0,F1,65,,,,,
2026-09-15,2026-09-15,FO,NSE,IDO,44745,,NIFTY,,2026-10-13,2026-10-13,24350.0,PE,NIFTY26O1324350PE,0.0,0.0,0.0,816.0,0.0,816.0,23118.6,1197.45,0,0,0,0.0,0,F1,65,,,,,
2026-09-15,2026-09-15,FO,NSE,IDO,44755,,NIFTY,,2026-10-13,2026-10-13,24500.0,PE,NIFTY26O1324500PE,0.0,0.0,0.0,923.15,0.0,923.15,23118.6,1328.53,0,0,0,0.0,0,F1,65,,,,,
2026-09-15,2026-09-15,FO,NSE,IDO,44785,,NIFTY,,2026-10-13,2026-10-13,25150.0,PE,NIFTY26O1325150PE,0.0,0.0,0.0,1450.15,0.0,1450.15,23118.6,1933.18,0,0,0,0.0,0,F1,65,,,,,
2026-09-15,2026-09-15,FO,NSE,IDO,51313,,NIFTY,,2026-10-27,2026-10-27,22100.0,PE,NIFTY26OCT22100PE,45.0,87.9,45.0,85.25,83.6,52.05,23118.6,85.25,25155,4745,834,1201768980.75,544,F1,65,,,,,
2026-09-15,2026-09-15,FO,NSE,IDO,51331,,NIFTY,,2026-10-27,2026-10-27,22500.0,PE,NIFTY26OCT22500PE,80.0,143.65,67.1,138.2,139.1,81.9,23118.6,138.2,1677650,141050,28099,41300481491.75,14843,F1,65,,,,,
2026-09-15,2026-09-15,FO,NSE,IDO,51499,,NIFTY,,2026-10-27,2026-10-27,26200.0,PE,NIFTY26OCT26200PE,0.0,0.0,0.0,2040.5,0.0,2040.5,23118.6,2898.12,0,0,0,0.0,0,F1,65,,,,,
2026-09-15,2026-09-15,FO,NSE,IDO,51505,,NIFTY,,2026-10-27,2026-10-27,26350.0,PE,NIFTY26OCT26350PE,0.0,0.0,0.0,2163.0,0.0,2163.0,23118.6,3045.25,0,0,0,0.0,0,F1,65,,,,,
2026-09-15,2026-09-15,FO,NSE,IDO,51519,,NIFTY,,2026-10-27,2026-10-27,26700.0,PE,NIFTY26OCT26700PE,0.0,0.0,0.0,2458.1,0.0,2458.1,23118.6,3390.07,0,0,0,0.0,0,F1,65,,,,,
2026-09-15,2026-09-15,FO,NSE,IDO,64221,,NIFTY,,2026-11-23,2026-11-23,21700.0,PE,NIFTY26NOV21700PE,55.0,92.2,55.0,89.2,89.5,59.5,23118.6,89.2,20865,11765,469,663858315.25,288,F1,65,,,,,
2026-09-15,2026-09-15,FO,NSE,IDO,44620,,NIFTY,,2026-10-13,2026-10-13,22700.0,CE,NIFTY26O1322700CE,0.0,0.0,0.0,1169.65,0.0,1169.65,23118.6,715.23,0,0,0,0.0,0,F1,65,,,,,
2026-09-15,2026-09-15,FO,NSE,IDO,44618,,NIFTY,,2026-10-13,2026-10-13,22650.0,CE,NIFTY26O1322650CE,0.0,0.0,0.0,1210.6,0.0,1210.6,23118.6,749.98,0,0,0,0.0,0,F1,65,,,,,
2026-09-15,2026-09-15,FO,NSE,IDO,44596,,NIFTY,,2026-10-13,2026-10-13,22250.0,CE,NIFTY26O1322250CE,0.0,0.0,0.0,1556.55,0.0,1556.55,23118.6,1057.0,0,0,0,0.0,0,F1,65,,,,,
2026-09-15,2026-09-15,FO,NSE,IDO,55326,,NIFTY,,2026-12-29,2026-12-29,22500.0,CE,NIFTY26DEC22500CE,1436.0,1460.95,1299.95,1322.25,1317.1,1508.45,23118.6,1322.25,32500,2535,219,339510015.0,172,F1,65,,,,,
2026-09-15,2026-09-15,FO,NSE,IDO,64378,,NIFTY,,2026-11-23,2026-11-23,23600.0,PE,NIFTY26NOV23600PE,397.55,586.55,390.5,558.75,570.9,416.0,23118.6,558.75,30615,2275,463,724872070.0,209,F1,65,,,,,
2026-09-15,2026-09-15,FO,NSE,IDO,64440,,NIFTY,,2026-11-23,2026-11-23,25000.0,PE,NIFTY26NOV25000PE,1334.1,1632.3,1310.0,1584.6,1590.0,1344.65,23118.6,1584.6,103805,10075,366,630077698.25,294,F1,65,,,,,
2026-09-15,2026-09-15,FO,NSE,IDO,64442,,NIFTY,,2026-11-23,2026-11-23,25050.0,PE,NIFTY26NOV25050PE,0.0,0.0,0.0,1014.95,1014.95,1014.95,23118.6,1775.56,0,0,0,0.0,0,F1,65,,,,,
2026-09-15,2026-09-15,FO,NSE,IDO,64492,,NIFTY,,2026-11-23,2026-11-23,25850.0,PE,NIFTY26NOV25850PE,0.0,0.0,0.0,1490.4,0.0,1490.4,23118.6,2480.65,0,0,0,0.0,0,F1,65,,,,,
2026-09-15,2026-09-15,FO,NSE,IDO,64494,,NIFTY,,2026-11-23,2026-11-23,25900.0,PE,NIFTY26NOV25900PE,0.0,0.0,0.0,1526.4,0.0,1526.4,23118.6,2526.67,0,0,0,0.0,0,F1,65,,,,,
2026-09-15,2026-09-15,FO,NSE,IDO,55325,,NIFTY,,2026-12-29,2026-12-29,19500.0,PE,NIFTY26DEC19500PE,34.0,42.0,27.9,41.85,41.65,33.45,23118.6,41.85,167115,6370,485,615888386.75,244,F1,65,,,,,
2026-09-15,2026-09-15,FO,NSE,IDO,71504,,NIFTY,,2026-12-29,2026-12-29,25000.0,PE,NIFTY26DEC25000PE,1245.1,1535.35,1238.8,1489.35,1500.0,1276.2,23118.6,1489.35,2108455,63440,3682,6306992435.25,1744,F1,65,,,,,
2026-09-15,2026-09-15,FO,NSE,IDO,55331,,NIFTY,,2026-12-29,2026-12-29,28500.0,PE,NIFTY26DEC28500PE,0.0,0.0,0.0,3320.25,3320.25,3320.25,23118.6,4876.74,130,0,0,0.0,0,F1,65,,,,,
2026-09-15,2026-09-15,FO,NSE,IDO,80275,,NIFTY,,2027-03-30,2027-03-30,25500.0,PE,NIFTY27MAR25500PE,1490.15,1739.5,1464.05,1696.25,1688.5,1489.45,23118.6,1696.25,247455,195,334,588375537.75,252,F1,65,,,,,
2026-09-15,2026-09-15,FO,NSE,IDO,80310,,NIFTY,,2027-03-30,2027-03-30,30000.0,PE,NIFTY27MAR30000PE,5500.05,5693.9,5500.05,5657.0,5660.0,4575.0,23118.6,5657.0,3120,0,40,92511978.0,40,F1,65,,,,,
2026-09-15,2026-09-15,FO,NSE,IDO,80312,,NIFTY,,2027-03-30,2027-03-30,31500.0,PE,NIFTY27MAR31500PE,0.0,0.0,0.0,7066.15,0.0,7066.15,23118.6,7338.23,0,0,0,0.0,0,F1,65,,,,,
2026-09-15,2026-09-15,FO,NSE,IDO,55381,,NIFTY,,2027-06-29,2027-06-29,31500.0,PE,NIFTY27JUN31500PE,0.0,0.0,0.0,3604.7,0.0,3604.7,23118.6,6900.32,0,0,0,0.0,0,F1,65,,,,,
2026-09-15,2026-09-15,FO,NSE,IDO,53595,,NIFTY,,2027-12-28,2027-12-28,15000.0,PE,NIFTY27DEC15000PE,0.0,0.0,0.0,21.7,21.7,21.7,23118.6,2.1,755,0,0,0.0,0,F1,65,,,,,
2026-09-15,2026-09-15,FO,NSE,IDO,53617,,NIFTY,,2027-12-28,2027-12-28,22000.0,PE,NIFTY27DEC22000PE,390.0,464.9,386.0,460.0,464.9,399.5,23118.6,460.0,67920,5480,252,367396178.5,183,F1,65,,,,,
2026-09-15,2026-09-15,FO,NSE,IDO,86146,,NIFTY,,2028-06-27,2028-06-27,21000.0,PE,NIFTY28JUN21000PE,250.0,250.0,250.0,250.0,250.0,374.95,23118.6,381.2,260,130,2,2762500.0,1,F1,65,,,,,
2026-09-15,2026-09-15,FO,NSE,IDO,67771,,NIFTY,,2028-12-26,2028-12-26,18000.0,PE,NIFTY28DEC18000PE,0.0,0.0,0.0,250.0,250.0,250.0,23118.6,96.41,75,0,0,0.0,0,F1,65,,,,,
2026-09-15,2026-09-15,FO,NSE,IDO,67785,,NIFTY,,2028-12-26,2028-12-26,25000.0,PE,NIFTY28DEC25000PE,1212.0,1212.0,1210.0,1212.0,1212.0,1151.0,23118.6,1482.82,11780,715,12,20444840.0,7,F1,65,,,,,
2026-09-15,2026-09-15,FO,NSE,IDO,47199,,NIFTY,,2028-12-26,2028-12-26,33000.0,PE,NIFTY28DEC33000PE,0.0,0.0,0.0,3315.4,0.0,3315.4,23118.6,6086.85,0,0,0,0.0,0,F1,65,,,,,
2026-09-15,2026-09-15,FO,NSE,IDO,89625,,NIFTY,,2029-06-26,2029-06-26,21000.0,PE,NIFTY29JUN21000PE,0.0,0.0,0.0,320.25,0.0,320.25,23118.6,424.9,0,0,0,0.0,0,F1,65,,,,,
2026-09-15,2026-09-15,FO,NSE,IDO,55567,,NIFTY,,2029-06-26,2029-06-26,31500.0,PE,NIFTY29JUN31500PE,0.0,0.0,0.0,2443.35,0.0,2443.35,23118.6,4585.98,0,0,0,0.0,0,F1,65,,,,,
2026-09-15,2026-09-15,FO,NSE,IDO,55641,,NIFTY,,2030-06-25,2030-06-25,16500.0,PE,NIFTY30JUN16500PE,0.0,0.0,0.0,12.0,0.0,12.0,23118.6,65.21,0,0,0,0.0,0,F1,65,,,,,
2026-09-15,2026-09-15,FO,NSE,IDO,55643,,NIFTY,,2030-06-25,2030-06-25,19500.0,PE,NIFTY30JUN19500PE,0.0,0.0,0.0,64.95,0.0,64.95,23118.6,252.19,0,0,0,0.0,0,F1,65,,,,,
2026-09-15,2026-09-15,FO,NSE,IDO,60945,,NIFTY,,2030-06-25,2030-06-25,33000.0,PE,NIFTY30JUN33000PE,0.0,0.0,0.0,3143.9,0.0,3143.9,23118.6,4661.58,0,0,0,0.0,0,F1,65,,,,,
2026-09-15,2026-09-15,FO,NSE,IDO,40881,,NIFTY,,2026-10-06,2026-10-06,25400.0,CE,NIFTY26O0625400CE,9.4,9.4,5.55,5.7,5.65,7.85,23118.6,5.7,4225,1430,86,142023518.0,23,F1,65,,,,,
2026-09-15,2026-09-15,FO,NSE,IDO,40789,,NIFTY,,2026-10-06,2026-10-06,23900.0,CE,NIFTY26O0623900CE,126.8,126.8,60.75,64.1,61.8,114.7,23118.6,64.1,71175,21255,1406,2191608887.0,1070,F1,65,,,,,
2026-09-15,2026-09-15,FO,NSE,IDO,40751,,NIFTY,,2026-10-06,2026-10-06,23300.0,CE,NIFTY26O0623300CE,406.0,420.8,236.4,258.3,256.6,396.65,23118.6,258.3,40365,27430,1424,2183970210.5,1184,F1,65,,,,,
2026-09-15,2026-09-15,FO,NSE,IDO,40704,,NIFTY,,2026-10-06,2026-10-06,22650.0,CE,NIFTY26O0622650CE,0.0,0.0,0.0,1586.8,0.0,1586.8,23118.6,686.62,0,0,0,0.0,0,F1,65,,,,,
2026-09-15,2026-09-15,FO,NSE,IDO,40677,,NIFTY,,2026-10-06,2026-10-06,22250.0,CE,NIFTY26O0622250CE,0.0,0.0,0.0,1956.3,0.0,1956.3,23118.6,1004.42,0,0,0,0.0,0,F1,65,,,,,
2026-09-15,2026-09-15,FO,NSE,IDO,74501,,NIFTY,,2026-09-29,2026-09-29,27050.0,CE,NIFTY26SEP27050CE,0.0,0.0,0.0,1.85,1.85,1.85,23118.6,0.0,4160,0,0,0.0,0,F1,65,,,,,
2026-09-15,2026-09-15,FO,NSE,IDO,74463,,NIFTY,,2026-09-29,2026-09-29,26150.0,CE,NIFTY26SEP26150CE,1.4,3.45,1.4,2.25,1.6,3.05,23118.6,2.25,12610,1430,169,287283343.75,76,F1,65,,,,,
2026-09-15,2026-09-15,FO,NSE,IDO,74368,,NIFTY,,2026-09-29,2026-09-29,25100.0,CE,NIFTY26SEP25100CE,8.25,8.25,4.2,4.7,4.35,6.85,23118.6,4.7,331305,520,2689,4388054615.75,1485,F1,65,,,,,
2026-09-15,2026-09-15,FO,NSE,IDO,74045,,NIFTY,,2026-09-29,2026-09-29,23800.0,CE,NIFTY26SEP23800CE,110.05,121.45,41.2,45.0,42.8,98.7,23118.6,45.0,3157115,188760,86983,134906755678.5,45117,F1,65,,,,,
2026-09-15,2026-09-15,FO,NSE,IDO,73995,,NIFTY,,2026-09-29,2026-09-29,23550.0,CE,NIFTY26SEP23550CE,215.0,215.0,89.0,98.25,96.0,195.9,23118.6,98.25,234455,51675,11242,17305355229.5,7697,F1,65,,,,,
2026-09-15,2026-09-15,FO,NSE,IDO,73921,,NIFTY,,2026-09-29,2026-09-29,23250.0,CE,NIFTY26SEP23250CE,425.0,432.65,201.05,223.05,219.95,382.75,23118.6,223.05,618605,62400,16115,24610278075.5,10916,F1,65,,,,,
2026-09-15,2026-09-15,FO,NSE,IDO,73881,,NIFTY,,2026-09-29,2026-09-29,22400.0,CE,NIFTY26SEP22400CE,1005.0,1005.0,842.2,842.2,842.2,1100.0,23118.6,819.39,260,-65,3,4548056.5,3,F1,65,,,,,
2026-09-15,2026-09-15,FO,NSE,IDO,73875,,NIFTY,,2026-09-29,2026-09-29,22250.0,CE,NIFTY26SEP22250CE,0.0,0.0,0.0,1257.3,1257.3,1257.3,23118.6,951.04,390,0,0,0.0,0,F1,65,,,,,
2026-09-15,2026-09-15,FO,NSE,IDO,73871,,NIFTY,,2026-09-29,2026-09-29,22150.0,CE,NIFTY26SEP22150CE,1400.0,1400.0,1210.0,1210.0,1210.0,1334.35,23118.6,1042.04,455,0,2,3049150.0,2,F1,65,,,,,
2026-09-15,2026-09-15,FO,NSE,IDO,58023,,NIFTY,,2026-09-22,2026-09-22,25950.0,CE,NIFTY2692225950CE,0.9,1.2,0.85,0.9,0.85,1.05,23118.6,0.9,2470,1365,350,590384141.75,180,F1,65,,,,,
2026-09-15,2026-09-15,FO,NSE,IDO,58012,,NIFTY,,2026-09-22,2026-09-22,25850.0,CE,NIFTY2692225850CE,1.1,1.9,0.85,1.0,0.85,1.15,23118.6,1.0,15275,14365,563,946018609.25,274,F1,65,,,,,
2026-09-15,2026-09-15,FO,NSE,IDO,57916,,NIFTY,,2026-09-22,2026-09-22,25450.0,CE,NIFTY2692225450CE,1.45,1.8,0.9,1.0,0.9,1.5,23118.6,1.0,29640,1625,652,1078625561.0,363,F1,65,,,,,
2026-09-15,2026-09-15,FO,NSE,IDO,57783,,NIFTY,,2026-09-22,2026-09-22,24900.0,CE,NIFTY2692224900CE,2.4,2.65,1.15,1.3,1.2,2.4,23118.6,1.3,2350010,892515,91767,148536900996.25,34495,F1,65,,,,,
2026-09-15,2026-09-15,FO,NSE,IDO,57142,,NIFTY,,2026-09-22,2026-09-22,23950.0,CE,NIFTY2692223950CE,44.95,45.0,6.2,8.05,6.35,27.9,23118.6,8.05,1438450,925535,102341,159395245334.0,49977,F1,65,,,,,
2026-09-15,2026-09-15,FO,NSE,IDO,57082,,NIFTY,,2026-09-22,2026-09-22,23750.0,CE,NIFTY2692223750CE,75.35,78.05,13.75,16.95,14.8,65.2,23118.6,16.95,1172795,776880,160058,247418525984.5,80961,F1,65,,,,,
2026-09-15,2026-09-15,FO,NSE,IDO,56978,,NIFTY,,2026-09-22,2026-09-22,23150.0,CE,NIFTY2692223150CE,416.1,416.1,173.3,196.3,195.15,395.45,23118.6,196.3,564200,529620,35091,53270084120.5,22242,F1,65,,,,,
2026-09-15,2026-09-15,FO,NSE,IDO,56967,,NIFTY,,2026-09-22,2026-09-22,23100.0,CE,NIFTY2692223100CE,462.6,466.35,201.05,226.8,223.55,431.2,23118.6,226.8,797095,577720,45372,68858217434.5,28422,F1,65,,,,,
2026-09-15,2026-09-15,FO,NSE,IDO,56949,,NIFTY,,2026-09-22,2026-09-22,23000.0,CE,NIFTY2692223000CE,570.0,604.85,263.45,293.6,290.0,522.95,23118.6,293.6,633100,430625,39923,60558338584.25,23466,F1,65,,,,,
2026-09-15,2026-09-15,FO,NSE,IDO,56935,,NIFTY,,2026-09-22,2026-09-22,22850.0,CE,NIFTY2692222850CE,629.15,629.15,376.55,408.15,404.2,636.1,23118.6,408.15,11700,10400,690,1043918040.75,524,F1,65,,,,,
2026-09-15,2026-09-15,FO,NSE,IDO,56903,,NIFTY,,2026-09-22,2026-09-22,22650.0,CE,NIFTY2692222650CE,647.75,663.25,538.35,585.9,570.0,1681.55,23118.6,585.9,1755,1755,46,69469760.75,44,F1,65,,,,,
2026-09-15,2026-09-15,FO,NSE,IDO,56865,,NIFTY,,2026-09-22,2026-09-22,22500.0,CE,NIFTY2692222500CE,1015.0,1015.05,678.2,711.45,715.95,981.75,23118.6,711.45,89830,52455,2167,3274827715.25,1353,F1,65,,,,,
2026-09-15,2026-09-15,FO,NSE,IDO,56863,,NIFTY,,2026-09-22,2026-09-22,22450.0,CE,NIFTY2692222450CE,774.2,775.75,753.3,768.4,754.85,1865.4,23118.6,768.4,325,325,10,15091947.0,5,F1,65,,,,,
2026-09-15,2026-09-15,FO,NSE,IDO,56723,,NIFTY,,2026-09-22,2026-09-22,22000.0,CE,NIFTY2692222000CE,1478.0,1478.0,1161.15,1194.45,1190.0,1465.55,23118.6,1194.45,8255,4615,85,128423421.75,65,F1,65,,,,,
2026-09-15,2026-09-15,FO,NSE,IDO,56701,,NIFTY,,2026-09-22,2026-09-22,21800.0,CE,NIFTY2692221800CE,0.0,0.0,0.0,2487.95,0.0,2487.95,23118.6,1343.68,0,0,0,0.0,0,F1,65,,,,,
2026-09-15,2026-09-15,FO,NSE,IDO,47439,,NIFTY,,2026-09-15,2026-09-15,26150.0,CE,NIFTY2691526150CE,0.7,1.05,0.05,0.05,0.05,0.4,23118.6,23118.6,116350,22230,11580,19683321339.5,3898,F1,65,,,,,
2026-09-15,2026-09-15,FO,NSE,IDO,47333,,NIFTY,,2026-09-15,2026-09-15,24350.0,CE,NIFTY2691524350CE,1.35,1.35,0.05,0.25,0.05,1.35,23118.6,23118.6,3181165,2119195,346619,548621572908.5,48632,F1,65,,,,,
2026-09-15,2026-09-15,FO,NSE,IDO,47319,,NIFTY,,2026-09-15,2026-09-15,24000.0,CE,NIFTY2691524000CE,1.55,1.95,0.05,0.25,0.05,3.4,23118.6,23118.6,11228490,-2439970,3212272,5011302307267.75,482345,F1,65,,,,,
2026-09-15,2026-09-15,FO,NSE,IDO,47293,,NIFTY,,2026-09-15,2026-09-15,23400.0,CE,NIFTY2691523400CE,140.25,182.0,0.05,2.7,0.05,127.8,23118.6,23118.6,13265005,7105865,15768430,24011737293141.0,4165155,F1,65,,,,,
2026-09-15,2026-09-15,FO,NSE,IDO,51354,,NIFTY,,2026-10-27,2026-10-27,23050.0,CE,NIFTY26OCT23050CE,596.05,610.9,559.65,559.7,559.7,649.8,23118.6,622.65,910,455,11,16893916.0,11,F1,65,,,,,
2026-09-15,2026-09-15,FO,NSE,IDO,51442,,NIFTY,,2026-10-27,2026-10-27,25050.0,CE,NIFTY26OCT25050CE,31.0,31.0,22.1,25.1,22.1,30.8,23118.6,25.1,28405,325,138,224946848.75,65,F1,65,,,,,
2026-09-15,2026-09-15,FO,NSE,IDO,51446,,NIFTY,,2026-10-27,2026-10-27,25150.0,CE,NIFTY26OCT25150CE,0.0,0.0,0.0,479.95,0.0,479.95,23118.6,45.32,0,0,0,0.0,0,F1,65,,,,,
2026-09-15,2026-09-15,FO,NSE,IDO,51476,,NIFTY,,2026-10-27,2026-10-27,25650.0,CE,NIFTY26OCT25650CE,15.05,15.05,13.5,13.85,13.5,15.05,23118.6,13.85,6825,-1105,21,35032140.0,8,F1,65,,,,,
2026-09-15,2026-09-15,FO,NSE,IDO,51540,,NIFTY,,2026-10-27,2026-10-27,27200.0,CE,NIFTY26OCT27200CE,9.0,9.0,4.25,4.95,4.5,5.15,23118.6,4.95,9880,-1170,140,247567583.25,66,F1,65,,,,,
2026-09-15,2026-09-15,FO,NSE,IDO,64220,,NIFTY,,2026-11-23,2026-11-23,21700.0,CE,NIFTY26NOV21700CE,0.0,0.0,0.0,2999.2,0.0,2999.2,23118.6,1785.59,0,0,0,0.0,0,F1,65,,,,,
2026-09-15,2026-09-15,FO,NSE,IDO,64291,,NIFTY,,2026-11-23,2026-11-23,22700.0,CE,NIFTY26NOV22700CE,0.0,0.0,0.0,2115.1,0.0,2115.1,23118.6,1032.54,0,0,0,0.0,0,F1,65,,,,,
2026-09-15,2026-09-15,FO,NSE,IDO,64347,,NIFTY,,2026-11-23,2026-11-23,23100.0,CE,NIFTY26NOV23100CE,840.0,840.05,659.95,685.4,678.0,838.0,23118.6,685.4,4095,2860,99,153194496.0,63,F1,65,,,,,
2026-09-15,2026-09-15,FO,NSE,IDO,64361,,NIFTY,,2026-11-23,2026-11-23,23400.0,CE,NIFTY26NOV23400CE,640.0,644.5,486.3,510.45,503.9,633.25,23118.6,510.45,14430,5135,299,465314047.25,194,F1,65,,,,,
2026-09-15,2026-09-15,FO,NSE,IDO,64363,,NIFTY,,2026-11-23,2026-11-23,23450.0,CE,NIFTY26NOV23450CE,615.55,616.75,462.35,480.4,475.5,600.5,23118.6,480.4,4485,3380,125,194766360.75,67,F1,65,,,,,
2026-09-15,2026-09-15,FO,NSE,IDO,64377,,NIFTY,,2026-11-23,2026-11-23,23600.0,CE,NIFTY26NOV23600CE,517.25,523.0,390.65,409.3,402.5,517.25,23118.6,409.3,18070,780,311,485915677.0,209,F1,65,,,,,
2026-09-15,2026-09-15,FO,NSE,IDO,64407,,NIFTY,,2026-11-23,2026-11-23,24250.0,CE,NIFTY26NOV24250CE,228.15,228.15,172.55,172.55,172.55,232.8,23118.6,172.55,3510,-65,60,95303620.75,27,F1,65,,,,,
2026-09-15,2026-09-15,FO,NSE,IDO,64421,,NIFTY,,2026-11-23,2026-11-23,24600.0,CE,NIFTY26NOV24600CE,147.15,147.15,105.55,109.6,108.25,140.15,23118.6,109.6,57265,12090,802,1288596458.5,509,F1,65,,,,,
2026-09-15,2026-09-15,FO,NSE,IDO,64470,,NIFTY,,2026-11-23,2026-11-23,25450.0,CE,NIFTY26NOV25450CE,0.0,0.0,0.0,479.65,0.0,479.65,23118.6,91.22,0,0,0,0.0,0,F1,65,,,,,
2026-09-15,2026-09-15,FO,NSE,IDO,64475,,NIFTY,,2026-11-23,2026-11-23,25550.0,CE,NIFTY26NOV25550CE,0.0,0.0,0.0,446.95,0.0,446.95,23118.6,81.25,0,0,0,0.0,0,F1,65,,,,,
2026-09-15,2026-09-15,FO,NSE,IDO,58636,,NIFTY,,2026-12-29,2026-12-29,16000.0,CE,NIFTY26DEC16000CE,0.0,0.0,0.0,8500.0,8500.0,8500.0,23118.6,7407.32,260,0,0,0.0,0,F1,65,,,,,
2026-09-15,2026-09-15,FO,NSE,IDO,55376,,NIFTY,,2027-06-29,2027-06-29,25500.0,CE,NIFTY27JUN25500CE,620.05,620.05,620.05,620.05,620.05,670.0,23118.6,839.2,520,0,1,1697803.25,1,F1,65,,,,,
2026-09-15,2026-09-15,FO,NSE,IDO,44564,,NIFTY,,2026-10-13,2026-10-13,21800.0,CE,NIFTY26O1321800CE,0.0,0.0,0.0,1974.5,0.0,1974.5,23118.6,1450.54,0,0,0,0.0,0,F1,65,,,,,
2026-09-15,2026-09-15,FO,NSE,IDO,64373,,NIFTY,,2026-11-23,2026-11-23,23500.0,CE,NIFTY26NOV23500CE,604.3,605.6,437.1,455.95,452.1,569.6,23118.6,455.95,258830,19240,2974,4638524491.25,1771,F1,65,,,,,
2026-09-15,2026-09-15,FO,NSE,IDO,64387,,NIFTY,,2026-11-23,2026-11-23,23800.0,CE,NIFTY26NOV23800CE,410.0,424.0,309.9,319.45,315.05,409.9,23118.6,319.45,71890,16380,992,1556541197.25,520,F1,65,,,,,
2026-09-15,2026-09-15,FO,NSE,IDO,55332,,NIFTY,,2026-12-29,2026-12-29,31500.0,CE,NIFTY26DEC31500CE,5.3,6.05,4.1,4.2,4.15,5.25,23118.6,4.2,32240,130,18,36860827.25,12,F1,65,,,,,
2026-09-15,2026-09-15,FO,NSE,IDO,80272,,NIFTY,,2027-03-30,2027-03-30,24000.0,CE,NIFTY27MAR24000CE,946.45,946.45,798.25,817.15,814.1,930.0,23118.6,817.15,397605,-25285,4282,6926794416.75,2041,F1,65,,,,,
2026-09-15,2026-09-15,FO,NSE,IDO,47258,,NIFTY,,2026-09-15,2026-09-15,22500.0,PE,NIFTY2691522500PE,1.05,1.35,0.05,0.2,0.05,3.7,23118.6,23118.6,9037015,-439855,1166087,1705434186823.25,173289,F1,65,,,,,
2026-09-15,2026-09-15,FO,NSE,IDO,40665,,NIFTY,,2026-10-06,2026-10-06,21950.0,CE,NIFTY26O0621950CE,0.0,0.0,0.0,2243.55,0.0,2243.55,23118.6,1271.32,0,0,0,0.0,0,F1,65,,,,,
2026-09-15,2026-09-15,FO,NSE,IDO,65906,,NIFTY,,2026-09-29,2026-09-29,27000.0,CE,NIFTY26SEP27000CE,1.5,1.85,1.45,1.7,1.5,1.8,23118.6,1.7,1703390,24895,3123,5481196324.5,1156,F1,65,,,,,
2026-09-15,2026-09-15,FO,NSE,IDO,74442,,NIFTY,,2026-09-29,2026-09-29,26100.0,CE,NIFTY26SEP26100CE,2.85,2.9,1.8,2.45,2.15,2.9,23118.6,2.45,13975,-1105,165,279949312.5,78,F1,65,,,,,
2026-09-15,2026-09-15,FO,NSE,IDO,73899,,NIFTY,,2026-09-29,2026-09-29,22900.0,CE,NIFTY26SEP22900CE,690.05,690.1,414.5,445.7,439.6,650.7,23118.6,445.7,35620,15730,1543,2346387800.25,1146,F1,65,,,,,
2026-09-15,2026-09-15,FO,NSE,IDO,57756,,NIFTY,,2026-09-22,2026-09-22,24850.0,CE,NIFTY2692224850CE,2.7,2.75,1.2,1.35,1.35,2.65,23118.6,1.35,381420,171080,27715,44770531240.5,13430,F1,65,,,,,
2026-09-15,2026-09-15,FO,NSE,IDO,57712,,NIFTY,,2026-09-22,2026-09-22,24700.0,CE,NIFTY2692224700CE,3.4,3.55,1.45,1.75,1.55,3.4,23118.6,1.75,1783925,821600,108358,173986355110.75,31266,F1,65,,,,,
2026-09-15,2026-09-15,FO,NSE,IDO,57379,,NIFTY,,2026-09-22,2026-09-22,24150.0,CE,NIFTY2692224150CE,17.05,17.05,3.8,5.1,4.0,12.7,23118.6,5.1,793845,408655,78872,123841449137.25,29068,F1,65,,,,,
2026-09-15,2026-09-15,FO,NSE,IDO,47385,,NIFTY,,2026-09-15,2026-09-15,25400.0,CE,NIFTY2691525400CE,0.2,0.4,0.05,0.1,0.05,0.35,23118.6,23118.6,354640,-184730,47196,77921279904.0,11145,F1,65,,,,,
2026-09-15,2026-09-15,FO,NSE,IDO,40827,,NIFTY,,2026-10-06,2026-10-06,24550.0,CE,NIFTY26O0624550CE,0.0,0.0,0.0,325.45,0.0,325.45,23118.6,27.75,0,0,0,0.0,0,F1,65,,,,,
2026-09-15,2026-09-15,FO,NSE,IDO,47215,,NIFTY,,2026-09-15,2026-09-15,22000.0,CE,NIFTY2691522000CE,1490.0,1490.0,1162.4,1206.85,1189.95,1445.15,23118.6,23118.6,2210,-130,30,45445309.0,30,F1,65,,,,,
2026-09-15,2026-09-15,FO,NSE,IDO,47294,,NIFTY,,2026-09-15,2026-09-15,23400.0,PE,NIFTY2691523400PE,38.75,306.7,16.35,251.9,282.15,80.7,23118.6,23118.6,2610270,-6379425,9419247,14375496101837.0,3909966,F1,65,,,,,
2026-09-15,2026-09-15,FO,NSE,IDO,64471,,NIFTY,,2026-11-23,2026-11-23,25450.0,PE,NIFTY26NOV25450PE,0.0,0.0,0.0,1217.0,0.0,1217.0,23118.6,2119.89,0,0,0,0.0,0,F1,65,,,,,
2026-09-15,2026-09-15,FO,NSE,IDO,64356,,NIFTY,,2026-11-23,2026-11-23,23250.0,PE,NIFTY26NOV23250PE,275.95,416.0,268.25,407.05,409.15,289.6,23118.6,407.05,4810,-2730,174,266879450.5,96,F1,65,,,,,
2026-09-15,2026-09-15,FO,NSE,IDO,44797,,NIFTY,,2026-10-13,2026-10-13,25350.0,PE,NIFTY26O1325350PE,0.0,0.0,0.0,1628.0,0.0,1628.0,23118.6,2126.74,0,0,0,0.0,0,F1,65,,,,,
2026-09-15,2026-09-15,FO,NSE,IDO,40891,,NIFTY,,2026-10-06,2026-10-06,25600.0,PE,NIFTY26O0625600PE,0.0,0.0,0.0,1475.75,0.0,1475.75,23118.6,2396.4,0,0,0,0.0,0,F1,65,,,,,
2026-09-15,2026-09-15,FO,NSE,IDO,73884,,NIFTY,,2026-09-29,2026-09-29,22450.0,PE,NIFTY26SEP22450PE,24.85,51.4,20.4,47.6,47.7,30.95,23118.6,47.6,79235,37180,2835,4143849817.25,1588,F1,65,,,,,
2026-09-15,2026-09-15,FO,NSE,IDO,56820,,NIFTY,,2026-09-22,2026-09-22,22150.0,PE,NIFTY2692222150PE,9.45,12.1,5.6,10.05,9.5,13.0,23118.6,10.05,202020,110175,18119,26096980214.5,9119,F1,65,,,,,
2026-09-15,2026-09-15,FO,NSE,IDO,40883,,NIFTY,,2026-10-06,2026-10-06,25450.0,CE,NIFTY26O0625450CE,6.1,7.0,4.7,5.8,4.7,6.5,23118.6,5.8,1430,195,59,97623896.5,25,F1,65,,,,,
2026-09-15,2026-09-15,FO,NSE,IDO,40698,,NIFTY,,2026-10-06,2026-10-06,22500.0,PE,NIFTY26O0622500PE,45.15,80.95,33.85,73.65,74.3,45.8,23118.6,73.65,87295,46800,5325,7806519818.5,3160,F1,65,,,,,
2026-09-15,2026-09-15,FO,NSE,IDO,40709,,NIFTY,,2026-10-06,2026-10-06,22650.0,PE,NIFTY26O0622650PE,60.6,101.75,60.6,98.2,98.2,50.2,23118.6,98.2,1495,1495,38,56152746.0,31,F1,65,,,,,
2026-09-15,2026-09-15,FO,NSE,IDO,40716,,NIFTY,,2026-10-06,2026-10-06,22800.0,PE,NIFTY26O0622800PE,65.0,137.75,60.45,127.4,129.0,75.9,23118.6,127.4,15535,7800,912,1357681656.5,597,F1,65,,,,,
2026-09-15,2026-09-15,FO,NSE,IDO,40736,,NIFTY,,2026-10-06,2026-10-06,23050.0,PE,NIFTY26O0623050PE,100.0,212.75,99.8,198.35,200.2,115.2,23118.6,198.35,7540,975,233,351731425.5,179,F1,65,,,,,
2026-09-15,2026-09-15,FO,NSE,IDO,40790,,NIFTY,,2026-10-06,2026-10-06,23900.0,PE,NIFTY26O0623900PE,501.05,718.0,496.9,718.0,718.0,569.25,23118.6,718.0,2015,-65,14,22222586.75,14,F1,65,,,,,
2026-09-15,2026-09-15,FO,NSE,IDO,40822,,NIFTY,,2026-10-06,2026-10-06,24400.0,PE,NIFTY26O0624400PE,0.0,0.0,0.0,588.3,0.0,588.3,23118.6,1238.38,0,0,0,0.0,0,F1,65,,,,,
2026-09-15,2026-09-15,FO,NSE,IDO,74506,,NIFTY,,2026-09-29,2026-09-29,27150.0,PE,NIFTY26SEP27150PE,0.0,0.0,0.0,2959.15,0.0,2959.15,23118.6,3970.24,0,0,0,0.0,0,F1,65,,,,,
2026-09-15,2026-09-15,FO,NSE,IDO,74417,,NIFTY,,2026-09-29,2026-09-29,25700.0,PE,NIFTY26SEP25700PE,2205.65,2440.0,2177.55,2440.0,2440.0,1907.0,23118.6,2523.59,12025,65,5,9080285.5,5,F1,65,,,,,
2026-09-15,2026-09-15,FO,NSE,IDO,40845,,NIFTY,,2026-10-06,2026-10-06,24700.0,PE,NIFTY26O0624700PE,0.0,0.0,0.0,774.45,0.0,774.45,23118.6,1517.19,0,0,0,0.0,0,F1,65,,,,,
2026-09-15,2026-09-15,FO,NSE,IDO,40866,,NIFTY,,2026-10-06,2026-10-06,25000.0,PE,NIFTY26O0625000PE,0.0,0.0,0.0,987.9,0.0,987.9,23118.6,1805.69,0,0,0,0.0,0,F1,65,,,,,
2026-09-15,2026-09-15,FO,NSE,IDO,40868,,NIFTY,,2026-10-06,2026-10-06,25050.0,PE,NIFTY26O0625050PE,0.0,0.0,0.0,1024.75,0.0,1024.75,23118.6,1854.39,0,0,0,0.0,0,F1,65,,,,,
2026-09-15,2026-09-15,FO,NSE,IDO,40903,,NIFTY,,2026-10-06,2026-10-06,25750.0,PE,NIFTY26O0625750PE,0.0,0.0,0.0,1608.15,0.0,1608.15,23118.6,2545.32,0,0,0,0.0,0,F1,65,,,,,
2026-09-15,2026-09-15,FO,NSE,IDO,44599,,NIFTY,,2026-10-13,2026-10-13,22300.0,PE,NIFTY26O1322300PE,44.4,77.95,44.4,74.55,75.55,45.3,23118.6,74.55,5525,2925,106,154088106.25,64,F1,65,,,,,
2026-09-15,2026-09-15,FO,NSE,IDO,40654,,NIFTY,,2026-10-06,2026-10-06,21700.0,CE,NIFTY26O0621700CE,0.0,0.0,0.0,2486.95,0.0,2486.95,23118.6,1505.93,0,0,0,0.0,0,F1,65,,,,,
2026-09-15,2026-09-15,FO,NSE,IDO,74495,,NIFTY,,2026-09-29,2026-09-29,26850.0,CE,NIFTY26SEP26850CE,0.0,0.0,0.0,2.2,2.2,2.2,23118.6,0.0,2665,0,0,0.0,0,F1,65,,,,,
2026-09-15,2026-09-15,FO,NSE,IDO,40669,,NIFTY,,2026-10-06,2026-10-06,22050.0,CE,NIFTY26O0622050CE,0.0,0.0,0.0,2147.1,0.0,2147.1,23118.6,1180.25,0,0,0,0.0,0,F1,65,,,,,
2026-09-15,2026-09-15,FO,NSE,IDO,40745,,NIFTY,,2026-10-06,2026-10-06,23200.0,CE,NIFTY26O0623200CE,472.25,472.25,289.0,312.5,311.55,462.6,23118.6,312.5,73775,72020,2033,3108257269.0,1232,F1,65,,,,,
2026-09-15,2026-09-15,FO,NSE,IDO,40786,,NIFTY,,2026-10-06,2026-10-06,23850.0,CE,NIFTY26O0623850CE,136.2,136.2,68.85,72.35,71.95,132.9,23118.6,72.35,14170,6240,377,586741236.25,251,F1,65,,,,,
2026-09-15,2026-09-15,FO,NSE,IDO,40894,,NIFTY,,2026-10-06,2026-10-06,25700.0,CE,NIFTY26O0625700CE,4.3,6.75,4.3,5.2,5.55,5.55,23118.6,5.2,5200,-910,49,81871062.0,24,F1,65,,,,,
2026-09-15,2026-09-15,FO,NSE,IDO,44568,,NIFTY,,2026-10-13,2026-10-13,21900.0,CE,NIFTY26O1321900CE,0.0,0.0,0.0,1879.7,0.0,1879.7,23118.6,1359.68,0,0,0,0.0,0,F1,65,,,,,
2026-09-15,2026-09-15,FO,NSE,IDO,44586,,NIFTY,,2026-10-13,2026-10-13,22150.0,CE,NIFTY26O1322150CE,0.0,0.0,0.0,1647.3,0.0,1647.3,23118.6,1140.71,0,0,0,0.0,0,F1,65,,,,,
2026-09-15,2026-09-15,FO,NSE,IDO,44608,,NIFTY,,2026-10-13,2026-10-13,22450.0,CE,NIFTY26O1322450CE,0.0,0.0,0.0,1379.8,0.0,1379.8,23118.6,897.52,0,0,0,0.0,0,F1,65,,,,,
2026-09-15,2026-09-15,FO,NSE,IDO,44636,,NIFTY,,2026-10-13,2026-10-13,23050.0,CE,NIFTY26O1323050CE,0.0,0.0,0.0,900.4,0.0,900.4,23118.6,497.44,0,0,0,0.0,0,F1,65,,,,,
2026-09-15,2026-09-15,FO,NSE,IDO,44668,,NIFTY,,2026-10-13,2026-10-13,23500.0,CE,NIFTY26O1323500CE,350.0,350.0,203.4,220.0,218.0,328.7,23118.6,220.0,28925,19565,1110,1714376043.25,752,F1,65,,,,,
2026-09-15,2026-09-15,FO,NSE,IDO,51308,,NIFTY,,2026-10-27,2026-10-27,22000.0,CE,NIFTY26OCT22000CE,1608.0,1629.4,1350.0,1392.1,1380.1,1614.2,23118.6,1392.1,87685,19565,801,1221594799.75,571,F1,65,,,,,
2026-09-15,2026-09-15,FO,NSE,IDO,51318,,NIFTY,,2026-10-27,2026-10-27,22250.0,CE,NIFTY26OCT22250CE,0.0,0.0,0.0,1265.4,1265.4,1265.4,23118.6,1166.19,13130,0,0,0.0,0,F1,65,,,,,
2026-09-15,2026-09-15,FO,NSE,IDO,51328,,NIFTY,,2026-10-27,2026-10-27,22450.0,CE,NIFTY26OCT22450CE,0.0,0.0,0.0,2042.45,0.0,2042.45,23118.6,1014.52,0,0,0,0.0,0,F1,65,,,,,
2026-09-15,2026-09-15,FO,NSE,IDO,51342,,NIFTY,,2026-10-27,2026-10-27,22750.0,CE,NIFTY26OCT22750CE,0.0,0.0,0.0,1805.4,0.0,1805.4,23118.6,804.74,0,0,0,0.0,0,F1,65,,,,,
2026-09-15,2026-09-15,FO,NSE,IDO,74415,,NIFTY,,2026-09-29,2026-09-29,25650.0,PE,NIFTY26SEP25650PE,0.0,0.0,0.0,1016.85,1016.85,1016.85,23118.6,2473.73,65,0,0,0.0,0,F1,65,,,,,
2026-09-15,2026-09-15,FO,NSE,IDO,74386,,NIFTY,,2026-09-29,2026-09-29,25300.0,CE,NIFTY26SEP25300CE,4.75,5.4,3.7,4.1,3.8,5.65,23118.6,4.1,451750,-20215,4457,7330851157.5,2495,F1,65,,,,,
2026-09-15,2026-09-15,FO,NSE,IDO,74384,,NIFTY,,2026-09-29,2026-09-29,25250.0,CE,NIFTY26SEP25250CE,6.1,6.1,3.65,4.3,3.95,6.0,23118.6,4.3,84305,-3640,632,1037473632.0,429,F1,65,,,,,
2026-09-15,2026-09-15,FO,NSE,IDO,74366,,NIFTY,,2026-09-29,2026-09-29,25050.0,CE,NIFTY26SEP25050CE,6.8,6.8,4.3,4.75,4.45,7.15,23118.6,4.75,82940,-11635,1527,2486900412.75,987,F1,65,,,,,
2026-09-15,2026-09-15,FO,NSE,IDO,74097,,NIFTY,,2026-09-29,2026-09-29,24250.0,CE,NIFTY26SEP24250CE,29.7,29.7,11.6,13.35,11.85,27.2,23118.6,13.35,402805,43225,12342,19470047567.75,6234,F1,65,,,,,
2026-09-15,2026-09-15,FO,NSE,IDO,51358,,NIFTY,,2026-10-27,2026-10-27,23150.0,CE,NIFTY26OCT23150CE,564.95,565.0,480.35,487.35,484.65,576.15,23118.6,487.35,1560,1170,36,55321464.25,26,F1,65,,,,,
2026-09-15,2026-09-15,FO,NSE,IDO,44604,,NIFTY,,2026-10-13,2026-10-13,22400.0,PE,NIFTY26O1322400PE,60.45,95.0,58.6,95.0,95.0,63.55,23118.6,95.0,2340,2340,59,86157162.0,32,F1,65,,,,,
2026-09-15,2026-09-15,FO,NSE,IDO,44617,,NIFTY,,2026-10-13,2026-10-13,22600.0,PE,NIFTY26O1322600PE,80.3,122.1,78.1,114.8,116.7,69.8,23118.6,114.8,5330,4485,136,200687789.25,88,F1,65,,,,,
2026-09-15,2026-09-15,FO,NSE,IDO,44621,,NIFTY,,2026-10-13,2026-10-13,22700.0,PE,NIFTY26O1322700PE,72.35,140.0,69.85,134.65,140.0,81.25,23118.6,134.65,4420,2925,100,148295322.5,70,F1,65,,,,,
2026-09-15,2026-09-15,FO,NSE,IDO,44627,,NIFTY,,2026-10-13,2026-10-13,22850.0,PE,NIFTY26O1322850PE,132.85,173.6,132.85,166.6,166.5,138.15,23118.6,166.6,390,390,14,20935882.5,11,F1,65,,,,,
2026-09-15,2026-09-15,FO,NSE,IDO,51420,,NIFTY,,2026-10-27,2026-10-27,24550.0,CE,NIFTY26OCT24550CE,69.95,69.95,48.0,50.15,48.0,70.1,23118.6,50.15,42640,3705,507,810957741.75,317,F1,65,,,,,
2026-09-15,2026-09-15,FO,NSE,IDO,51448,,NIFTY,,2026-10-27,2026-10-27,25200.0,CE,NIFTY26OCT25200CE,20.65,25.2,20.15,21.3,20.8,25.7,23118.6,21.3,173940,5070,1679,2752660033.5,928,F1,65,,,,,
2026-09-15,2026-09-15,FO,NSE,IDO,51500,,NIFTY,,2026-10-27,2026-10-27,26250.0,CE,NIFTY26OCT26250CE,0.0,0.0,0.0,9.95,9.95,9.95,23118.6,6.21,585,0,0,0.0,0,F1,65,,,,,
2026-09-15,2026-09-15,FO,NSE,IDO,51504,,NIFTY,,2026-10-27,2026-10-27,26350.0,CE,NIFTY26OCT26350CE,0.0,0.0,0.0,8.0,8.0,8.0,23118.6,5.08,520,0,0,0.0,0,F1,65,,,,,
2026-09-15,2026-09-15,FO,NSE,IDO,64288,,NIFTY,,2026-11-23,2026-11-23,22650.0,CE,NIFTY26NOV22650CE,0.0,0.0,0.0,2156.8,0.0,2156.8,23118.6,1065.24,0,0,0,0.0,0,F1,65,,,,,
2026-09-15,2026-09-15,FO,NSE,IDO,64335,,NIFTY,,2026-11-23,2026-11-23,23000.0,CE,NIFTY26NOV23000CE,896.45,926.0,714.1,748.35,747.5,903.2,23118.6,748.35,102245,34255,1319,2039233345.5,924,F1,65,,,,,
2026-09-15,2026-09-15,FO,NSE,IDO,44669,,NIFTY,,2026-10-13,2026-10-13,23500.0,PE,NIFTY26O1323500PE,260.8,457.3,255.15,435.65,439.1,287.0,23118.6,435.65,20605,8450,543,841576206.25,488,F1,65,,,,,
2026-09-15,2026-09-15,FO,NSE,IDO,44727,,NIFTY,,2026-10-13,2026-10-13,24150.0,PE,NIFTY26O1324150PE,0.0,0.0,0.0,683.35,0.0,683.35,23118.6,1029.89,0,0,0,0.0,0,F1,65,,,,,
2026-09-15,2026-09-15,FO,NSE,IDO,44763,,NIFTY,,2026-10-13,2026-10-13,24700.0,PE,NIFTY26O1324700PE,0.0,0.0,0.0,1075.5,0.0,1075.5,23118.6,1509.18,0,0,0,0.0,0,F1,65,,,,,
2026-09-15,2026-09-15,FO,NSE,IDO,44769,,NIFTY,,2026-10-13,2026-10-13,24850.0,PE,NIFTY26O1324850PE,0.0,0.0,0.0,1195.85,0.0,1195.85,23118.6,1648.24,0,0,0,0.0,0,F1,65,,,,,
2026-09-15,2026-09-15,FO,NSE,IDO,74005,,NIFTY,,2026-09-29,2026-09-29,23650.0,CE,NIFTY26SEP23650CE,151.75,176.7,65.45,71.45,68.35,151.75,23118.6,71.45,475930,234845,18496,28545665898.75,12575,F1,65,,,,,
2026-09-15,2026-09-15,FO,NSE,IDO,73985,,NIFTY,,2026-09-29,2026-09-29,23500.0,CE,NIFTY26SEP23500CE,231.1,270.8,102.15,114.4,111.95,222.15,23118.6,114.4,4446195,1249560,179177,275466920930.5,100468,F1,65,,,,,
2026-09-15,2026-09-15,FO,NSE,IDO,73964,,NIFTY,,2026-09-29,2026-09-29,23450.0,CE,NIFTY26SEP23450CE,271.1,291.55,118.8,132.95,129.2,252.35,23118.6,132.95,338845,166985,14818,22750227074.25,10323,F1,65,,,,,
2026-09-15,2026-09-15,FO,NSE,IDO,73927,,NIFTY,,2026-09-29,2026-09-29,23400.0,CE,NIFTY26SEP23400CE,289.65,329.3,136.6,151.75,147.3,280.3,23118.6,151.75,2298660,431535,94301,144646065720.0,59077,F1,65,,,,,
2026-09-15,2026-09-15,FO,NSE,IDO,51311,,NIFTY,,2026-10-27,2026-10-27,22050.0,PE,NIFTY26OCT22050PE,52.15,82.9,52.15,80.8,82.9,49.35,23118.6,80.8,4225,-780,102,146587265.5,54,F1,65,,,,,
2026-09-15,2026-09-15,FO,NSE,IDO,51317,,NIFTY,,2026-10-27,2026-10-27,22200.0,PE,NIFTY26OCT22200PE,47.25,100.55,47.25,96.0,94.2,58.65,23118.6,96.0,64935,36400,1672,2421455253.75,1101,F1,65,,,,,
2026-09-15,2026-09-15,FO,NSE,IDO,51357,,NIFTY,,2026-10-27,2026-10-27,23100.0,PE,NIFTY26OCT23100PE,162.0,311.0,161.05,292.2,294.3,188.45,23118.6,292.2,225680,2730,4611,6997047278.0,3309,F1,65,,,,,
2026-09-15,2026-09-15,FO,NSE,IDO,51371,,NIFTY,,2026-10-27,2026-10-27,23450.0,PE,NIFTY26OCT23450PE,279.0,456.15,275.3,437.7,442.3,303.0,23118.6,437.7,54665,-1235,354,547894012.25,299,F1,65,,,,,
2026-09-15,2026-09-15,FO,NSE,IDO,51407,,NIFTY,,2026-10-27,2026-10-27,24300.0,PE,NIFTY26OCT24300PE,782.2,1056.55,776.05,1024.9,1025.65,798.2,23118.6,1024.9,144560,-8645,352,576177023.5,250,F1,65,,,,,
2026-09-15,2026-09-15,FO,NSE,IDO,51431,,NIFTY,,2026-10-27,2026-10-27,24800.0,PE,NIFTY26OCT24800PE,1219.0,1481.85,1219.0,1481.8,1481.8,1219.0,23118.6,1579.38,145080,325,14,23789775.75,13,F1,65,,,,,
2026-09-15,2026-09-15,FO,NSE,IDO,51433,,NIFTY,,2026-10-27,2026-10-27,24850.0,PE,NIFTY26OCT24850PE,0.0,0.0,0.0,1307.75,1307.75,1307.75,23118.6,1623.39,1300,0,0,0.0,0,F1,65,,,,,
2026-09-15,2026-09-15,FO,NSE,IDO,51441,,NIFTY,,2026-10-27,2026-10-27,25000.0,PE,NIFTY26OCT25000PE,1387.2,1715.0,1387.2,1671.6,1684.6,1418.65,23118.6,1671.6,586820,5655,603,1041321489.0,416,F1,65,,,,,
2026-09-15,2026-09-15,FO,NSE,IDO,51449,,NIFTY,,2026-10-27,2026-10-27,25200.0,PE,NIFTY26OCT25200PE,1638.05,1868.0,1633.5,1867.4,1868.0,1647.35,23118.6,1867.4,13130,1105,22,38662828.75,18,F1,65,,,,,
2026-09-15,2026-09-15,FO,NSE,IDO,73910,,NIFTY,,2026-09-29,2026-09-29,23200.0,CE,NIFTY26SEP23200CE,461.9,466.95,226.75,249.95,245.9,418.85,23118.6,249.95,889200,573430,47353,72260592894.75,31661,F1,65,,,,,
2026-09-15,2026-09-15,FO,NSE,IDO,73879,,NIFTY,,2026-09-29,2026-09-29,22350.0,CE,NIFTY26SEP22350CE,0.0,0.0,0.0,1150.0,1150.0,1150.0,23118.6,862.55,130,0,0,0.0,0,F1,65,,,,,
2026-09-15,2026-09-15,FO,NSE,IDO,73877,,NIFTY,,2026-09-29,2026-09-29,22300.0,CE,NIFTY26SEP22300CE,1100.0,1100.0,931.0,957.45,952.0,1140.65,23118.6,957.45,1625,-130,26,39356281.25,24,F1,65,,,,,
2026-09-15,2026-09-15,FO,NSE,IDO,65887,,NIFTY,,2026-09-29,2026-09-29,18000.0,CE,NIFTY26SEP18000CE,5246.0,5246.0,5246.0,5246.0,5246.0,5487.4,23118.6,5159.15,975,-130,2,3021980.0,1,F1,65,,,,,
2026-09-15,2026-09-15,FO,NSE,IDO,65881,,NIFTY,,2026-09-29,2026-09-29,15000.0,CE,NIFTY26SEP15000CE,0.0,0.0,0.0,10499.3,0.0,10499.3,23118.6,8152.39,0,0,0,0.0,0,F1,65,,,,,
2026-09-15,2026-09-15,FO,NSE,IDO,57856,,NIFTY,,2026-09-22,2026-09-22,25150.0,CE,NIFTY2692225150CE,2.0,2.5,0.95,1.05,1.0,2.0,23118.6,1.05,317265,108875,20838,34066930891.5,11380,F1,65,,,,,
2026-09-15,2026-09-15,FO,NSE,IDO,64389,,NIFTY,,2026-11-23,2026-11-23,23850.0,CE,NIFTY26NOV23850CE,346.15,346.15,293.65,301.3,293.65,391.5,23118.6,301.3,2665,65,39,61246250.0,32,F1,65,,,,,
2026-09-15,2026-09-15,FO,NSE,IDO,64437,,NIFTY,,2026-11-23,2026-11-23,24950.0,CE,NIFTY26NOV24950CE,0.0,0.0,0.0,670.25,0.0,670.25,23118.6,158.02,0,0,0,0.0,0,F1,65,,,,,
2026-09-15,2026-09-15,FO,NSE,IDO,64495,,NIFTY,,2026-11-23,2026-11-23,25950.0,CE,NIFTY26NOV25950CE,0.0,0.0,0.0,332.85,0.0,332.85,23118.6,50.14,0,0,0,0.0,0,F1,65,,,,,
2026-09-15,2026-09-15,FO,NSE,IDO,64497,,NIFTY,,2026-11-23,2026-11-23,26000.0,CE,NIFTY26NOV26000CE,28.15,29.8,23.5,24.9,23.5,27.9,23118.6,24.9,306995,6695,1902,3217630718.25,1066,F1,65,,,,,
2026-09-15,2026-09-15,FO,NSE,IDO,57519,,NIFTY,,2026-09-22,2026-09-22,24400.0,CE,NIFTY2692224400CE,6.2,7.15,2.5,3.05,2.6,6.7,23118.6,3.05,1951040,892125,172557,273719986462.0,54496,F1,65,,,,,
2026-09-15,2026-09-15,FO,NSE,IDO,51473,,NIFTY,,2026-10-27,2026-10-27,25600.0,PE,NIFTY26OCT25600PE,0.0,0.0,0.0,1280.0,1280.0,1280.0,23118.6,2316.77,130,0,0,0.0,0,F1,65,,,,,
2026-09-15,2026-09-15,FO,NSE,IDO,56985,,NIFTY,,2026-09-22,2026-09-22,23300.0,CE,NIFTY2692223300CE,335.65,342.0,103.5,119.15,115.7,281.35,23118.6,119.15,3667950,2912715,326307,497466514538.5,175984,F1,65,,,,,
2026-09-15,2026-09-15,FO,NSE,IDO,56685,,NIFTY,,2026-09-22,2026-09-22,21700.0,CE,NIFTY2692221700CE,0.0,0.0,0.0,2585.8,0.0,2585.8,23118.6,1443.31,0,0,0,0.0,0,F1,65,,,,,
2026-09-15,2026-09-15,FO,NSE,IDO,47405,,NIFTY,,2026-09-15,2026-09-15,25700.0,CE,NIFTY2691525700CE,0.25,0.35,0.05,0.1,0.05,0.35,23118.6,23118.6,165230,-111410,17840,29801978563.5,5393,F1,65,,,,,
2026-09-15,2026-09-15,FO,NSE,IDO,47341,,NIFTY,,2026-09-15,2026-09-15,24550.0,CE,NIFTY2691524550CE,1.0,1.0,0.05,0.25,0.05,1.0,23118.6,23118.6,1476605,559130,187506,299217443843.5,29969,F1,65,,,,,
2026-09-15,2026-09-15,FO,NSE,IDO,51491,,NIFTY,,2026-10-27,2026-10-27,26000.0,PE,NIFTY26OCT26000PE,2349.0,2651.25,2349.0,2634.5,2634.8,2371.0,23118.6,2634.5,477880,15340,399,738413221.0,355,F1,65,,,,,
2026-09-15,2026-09-15,FO,NSE,IDO,74364,,NIFTY,,2026-09-29,2026-09-29,24950.0,PE,NIFTY26SEP24950PE,0.0,0.0,0.0,1562.45,1562.45,1562.45,23118.6,1777.42,4940,0,0,0.0,0,F1,65,,,,,
2026-09-15,2026-09-15,FO,NSE,IDO,74356,,NIFTY,,2026-09-29,2026-09-29,24750.0,PE,NIFTY26SEP24750PE,1278.8,1552.0,1278.8,1552.0,1552.0,1278.3,23118.6,1580.3,28600,-910,29,49285369.25,12,F1,65,,,,,
2026-09-15,2026-09-15,FO,NSE,IDO,73928,,NIFTY,,2026-09-29,2026-09-29,23400.0,PE,NIFTY26SEP23400PE,145.6,359.95,142.45,324.75,327.05,192.6,23118.6,324.75,2254850,-42965,79885,122800171780.0,56676,F1,65,,,,,
2026-09-15,2026-09-15,FO,NSE,IDO,73888,,NIFTY,,2026-09-29,2026-09-29,22600.0,PE,NIFTY26SEP22600PE,36.8,71.05,26.6,63.6,64.55,39.85,23118.6,63.6,867815,196625,33678,49578929796.5,17332,F1,65,,,,,
2026-09-15,2026-09-15,FO,NSE,IDO,73886,,NIFTY,,2026-09-29,2026-09-29,22550.0,PE,NIFTY26SEP22550PE,26.85,63.3,24.55,57.75,57.95,36.1,23118.6,57.75,180505,31655,4673,6863078660.75,2993,F1,65,,,,,
2026-09-15,2026-09-15,FO,NSE,IDO,73864,,NIFTY,,2026-09-29,2026-09-29,21950.0,PE,NIFTY26SEP21950PE,17.15,22.95,11.25,21.5,21.25,17.15,23118.6,21.5,177840,72345,2973,4244994773.5,2300,F1,65,,,,,
2026-09-15,2026-09-15,FO,NSE,IDO,65894,,NIFTY,,2026-09-29,2026-09-29,21000.0,PE,NIFTY26SEP21000PE,8.65,9.5,6.15,8.1,7.45,9.8,23118.6,8.1,2530645,119015,24089,32893248989.25,9656,F1,65,,,,,
2026-09-15,2026-09-15,FO,NSE,IDO,58008,,NIFTY,,2026-09-22,2026-09-22,25750.0,PE,NIFTY2692225750PE,0.0,0.0,0.0,1525.75,0.0,1525.75,23118.6,2602.38,0,0,0,0.0,0,F1,65,,,,,
2026-09-15,2026-09-15,FO,NSE,IDO,57867,,NIFTY,,2026-09-22,2026-09-22,25200.0,PE,NIFTY2692225200PE,1563.05,1987.05,1563.05,1980.95,1987.05,1800.0,23118.6,1980.95,4160,3900,62,108713959.25,31,F1,65,,,,,
2026-09-15,2026-09-15,FO,NSE,IDO,51515,,NIFTY,,2026-10-27,2026-10-27,26600.0,PE,NIFTY26OCT26600PE,0.0,0.0,0.0,2372.55,0.0,2372.55,23118.6,3291.38,0,0,0,0.0,0,F1,65,,,,,
2026-09-15,2026-09-15,FO,NSE,IDO,64277,,NIFTY,,2026-11-23,2026-11-23,22450.0,PE,NIFTY26NOV22450PE,166.3,192.4,166.3,182.2,182.2,122.35,23118.6,182.2,1625,260,8,11767024.75,7,F1,65,,,,,
2026-09-15,2026-09-15,FO,NSE,IDO,64334,,NIFTY,,2026-11-23,2026-11-23,22950.0,PE,NIFTY26NOV22950PE,277.25,306.65,277.25,298.6,298.6,214.9,23118.6,298.6,520,-130,7,10574772.0,5,F1,65,,,,,
2026-09-15,2026-09-15,FO,NSE,IDO,64396,,NIFTY,,2026-11-23,2026-11-23,23950.0,PE,NIFTY26NOV23950PE,0.0,0.0,0.0,575.0,572.9,575.0,23118.6,955.87,1625,0,0,0.0,0,F1,65,,,,,
2026-09-15,2026-09-15,FO,NSE,IDO,64402,,NIFTY,,2026-11-23,2026-11-23,24100.0,PE,NIFTY26NOV24100PE,675.9,883.9,660.0,854.35,852.35,659.8,23118.6,854.35,7345,-650,86,139385954.5,57,F1,65,,,,,
2026-09-15,2026-09-15,FO,NSE,IDO,64420,,NIFTY,,2026-11-23,2026-11-23,24550.0,PE,NIFTY26NOV24550PE,0.0,0.0,0.0,951.8,951.8,951.8,23118.6,1377.03,1040,0,0,0.0,0,F1,65,,,,,
2026-09-15,2026-09-15,FO,NSE,IDO,64455,,NIFTY,,2026-11-23,2026-11-23,25250.0,PE,NIFTY26NOV25250PE,0.0,0.0,0.0,1090.7,0.0,1090.7,23118.6,1945.37,0,0,0,0.0,0,F1,65,,,,,
2026-09-15,2026-09-15,FO,NSE,IDO,64502,,NIFTY,,2026-11-23,2026-11-23,26100.0,PE,NIFTY26NOV26100PE,0.0,0.0,0.0,1675.5,0.0,1675.5,23118.6,2712.44,0,0,0,0.0,0,F1,65,,,,,
2026-09-15,2026-09-15,FO,NSE,IDO,58629,,NIFTY,,2026-12-29,2026-12-29,12000.0,PE,NIFTY26DEC12000PE,3.5,3.65,3.5,3.5,3.5,3.4,23118.6,3.5,19970,-260,22,17165024.5,12,F1,65,,,,,
2026-09-15,2026-09-15,FO,NSE,IDO,80314,,NIFTY,,2027-03-30,2027-03-30,33000.0,PE,NIFTY27MAR33000PE,0.0,0.0,0.0,8415.45,0.0,8415.45,23118.6,8781.32,0,0,0,0.0,0,F1,65,,,,,
2026-09-15,2026-09-15,FO,NSE,IDO,47193,,NIFTY,,2027-06-29,2027-06-29,33000.0,PE,NIFTY27JUN33000PE,0.0,0.0,0.0,4691.7,0.0,4691.7,23118.6,8299.57,0,0,0,0.0,0,F1,65,,,,,
2026-09-15,2026-09-15,FO,NSE,IDO,47255,,NIFTY,,2026-09-15,2026-09-15,22450.0,CE,NIFTY2691522450CE,0.0,0.0,0.0,2169.4,0.0,2169.4,23118.6,23118.6,0,0,0,0.0,0,F1,65,,,,,
2026-09-15,2026-09-15,FO,NSE,IDO,47240,,NIFTY,,2026-09-15,2026-09-15,22250.0,CE,NIFTY2691522250CE,0.0,0.0,0.0,2361.8,0.0,2361.8,23118.6,23118.6,0,0,0,0.0,0,F1,65,,,,,
2026-09-15,2026-09-15,FO,NSE,IDO,47147,,NIFTY,,2026-09-15,2026-09-15,21800.0,CE,NIFTY2691521800CE,0.0,0.0,0.0,2801.65,0.0,2801.65,23118.6,23118.6,0,0,0,0.0,0,F1,65,,,,,
2026-09-15,2026-09-15,FO,NSE,IDO,47145,,NIFTY,,2026-09-15,2026-09-15,21750.0,CE,NIFTY2691521750CE,0.0,0.0,0.0,2850.9,0.0,2850.9,23118.6,23118.6,0,0,0,0.0,0,F1,65,,,,,
2026-09-15,2026-09-15,FO,NSE,IDO,55423,,NIFTY,,2027-12-28,2027-12-28,19500.0,PE,NIFTY27DEC19500PE,0.0,0.0,0.0,29.25,0.0,29.25,23118.6,137.22,0,0,0,0.0,0,F1,65,,,,,
2026-09-15,2026-09-15,FO,NSE,IDO,55425,,NIFTY,,2027-12-28,2027-12-28,22500.0,PE,NIFTY27DEC22500PE,0.0,0.0,0.0,186.5,0.0,186.5,23118.6,665.92,0,0,0,0.0,0,F1,65,,,,,
2026-09-15,2026-09-15,FO,NSE,IDO,35347,,NIFTY,,2027-12-28,2027-12-28,30000.0,PE,NIFTY27DEC30000PE,0.0,0.0,0.0,4105.0,4105.0,4105.0,23118.6,4923.72,2600,0,0,0.0,0,F1,65,,,,,
2026-09-15,2026-09-15,FO,NSE,IDO,86140,,NIFTY,,2028-06-27,2028-06-27,18000.0,PE,NIFTY28JUN18000PE,0.0,0.0,0.0,396.75,0.0,396.75,23118.6,73.77,0,0,0,0.0,0,F1,65,,,,,
2026-09-15,2026-09-15,FO,NSE,IDO,86148,,NIFTY,,2028-06-27,2028-06-27,22000.0,PE,NIFTY28JUN22000PE,0.0,0.0,0.0,434.1,434.1,434.1,23118.6,580.54,2080,0,0,0.0,0,F1,65,,,,,
2026-09-15,2026-09-15,FO,NSE,IDO,55477,,NIFTY,,2028-06-27,2028-06-27,25500.0,PE,NIFTY28JUN25500PE,1070.0,1070.0,1070.0,1070.0,1070.0,667.45,23118.6,1778.2,130,130,2,3454100.0,1,F1,65,,,,,
2026-09-15,2026-09-15,FO,NSE,IDO,67777,,NIFTY,,2028-12-26,2028-12-26,21000.0,PE,NIFTY28DEC21000PE,0.0,0.0,0.0,348.0,348.0,348.0,23118.6,410.42,9400,0,0,0.0,0,F1,65,,,,,
2026-09-15,2026-09-15,FO,NSE,IDO,55521,,NIFTY,,2028-12-26,2028-12-26,22500.0,PE,NIFTY28DEC22500PE,0.0,0.0,0.0,218.8,0.0,218.8,23118.6,712.31,0,0,0,0.0,0,F1,65,,,,,
2026-09-15,2026-09-15,FO,NSE,IDO,67795,,NIFTY,,2028-12-26,2028-12-26,30000.0,PE,NIFTY28DEC30000PE,0.0,0.0,0.0,3000.05,3000.05,3000.05,23118.6,4040.14,195,0,0,0.0,0,F1,65,,,,,
2026-09-15,2026-09-15,FO,NSE,IDO,55561,,NIFTY,,2029-06-26,2029-06-26,22500.0,PE,NIFTY29JUN22500PE,0.0,0.0,0.0,224.45,0.0,224.45,23118.6,707.57,0,0,0,0.0,0,F1,65,,,,,
2026-09-15,2026-09-15,FO,NSE,IDO,89635,,NIFTY,,2029-06-26,2029-06-26,26000.0,PE,NIFTY29JUN26000PE,0.0,0.0,0.0,1650.0,1650.0,1650.0,23118.6,1772.96,50,0,0,0.0,0,F1,65,,,,,
2026-09-15,2026-09-15,FO,NSE,IDO,55601,,NIFTY,,2029-12-24,2029-12-24,19500.0,PE,NIFTY29DEC19500PE,0.0,0.0,0.0,61.2,0.0,61.2,23118.6,245.34,0,0,0,0.0,0,F1,65,,,,,
2026-09-15,2026-09-15,FO,NSE,IDO,55759,,NIFTY,,2030-12-31,2030-12-31,27000.0,PE,NIFTY30DEC27000PE,0.0,0.0,0.0,779.5,0.0,779.5,23118.6,1766.25,0,0,0,0.0,0,F1,65,,,,,
2026-09-15,2026-09-15,FO,NSE,IDO,55767,,NIFTY,,2030-12-31,2030-12-31,33000.0,PE,NIFTY30DEC33000PE,0.0,0.0,0.0,2387.3,0.0,2387.3,23118.6,4276.99,0,0,0,0.0,0,F1,65,,,,,
2026-09-15,2026-09-15,FO,NSE,IDO,57380,,NIFTY,,2026-09-22,2026-09-22,24150.0,PE,NIFTY2692224150PE,651.0,971.65,651.0,957.05,956.05,700.0,23118.6,957.05,27040,7995,188,304928757.25,150,F1,65,,,,,
2026-09-15,2026-09-15,FO,NSE,IDO,56934,,NIFTY,,2026-09-22,2026-09-22,22800.0,PE,NIFTY2692222800PE,25.1,62.65,18.85,55.9,55.0,36.1,23118.6,55.9,3049280,1530100,207438,307952509728.5,111898,F1,65,,,,,
2026-09-15,2026-09-15,FO,NSE,IDO,56906,,NIFTY,,2026-09-22,2026-09-22,22700.0,PE,NIFTY2692222700PE,20.6,46.5,14.75,41.8,41.15,29.8,23118.6,41.8,3176615,790205,143771,212417956754.25,80515,F1,65,,,,,
2026-09-15,2026-09-15,FO,NSE,IDO,56836,,NIFTY,,2026-09-22,2026-09-22,22350.0,PE,NIFTY2692222350PE,11.25,18.15,7.4,16.15,15.6,16.4,23118.6,16.15,245505,158015,39653,57638681681.75,18516,F1,65,,,,,
2026-09-15,2026-09-15,FO,NSE,IDO,47404,,NIFTY,,2026-09-15,2026-09-15,25650.0,PE,NIFTY2691525650PE,2450.0,2450.0,2450.0,2450.0,2450.0,1940.0,23118.6,23118.6,520,-65,1,1826500.0,1,F1,65,,,,,
2026-09-15,2026-09-15,FO,NSE,IDO,47366,,NIFTY,,2026-09-15,2026-09-15,25050.0,PE,NIFTY2691525050PE,0.0,0.0,0.0,1730.0,1730.0,1730.0,23118.6,23118.6,65,0,0,0.0,0,F1,65,,,,,
2026-09-15,2026-09-15,FO,NSE,IDO,47302,,NIFTY,,2026-09-15,2026-09-15,23600.0,PE,NIFTY2691523600PE,102.05,504.8,81.8,439.5,480.4,190.0,23118.6,23118.6,537550,-853190,1001299,1548602313914.5,578201,F1,65,,,,,
2026-09-15,2026-09-15,FO,NSE,IDO,47300,,NIFTY,,2026-09-15,2026-09-15,23550.0,PE,NIFTY2691523550PE,55.6,454.1,55.6,389.6,432.65,155.0,23118.6,23118.6,384735,-535600,1259146,1938930290053.25,720338,F1,65,,,,,
2026-09-15,2026-09-15,FO,NSE,IDO,47288,,NIFTY,,2026-09-15,2026-09-15,23250.0,PE,NIFTY2691523250PE,14.15,156.75,4.4,98.3,131.35,41.0,23118.6,23118.6,2500745,-5537870,14245068,21562030150742.25,4189414,F1,65,,,,,
2026-09-15,2026-09-15,FO,NSE,IDO,47284,,NIFTY,,2026-09-15,2026-09-15,23150.0,PE,NIFTY2691523150PE,7.55,63.9,2.25,33.05,31.25,25.5,23118.6,23118.6,7132905,2857790,14240686,21447925782318.75,3832594,F1,65,,,,,
2026-09-15,2026-09-15,FO,NSE,IDO,47266,,NIFTY,,2026-09-15,2026-09-15,22700.0,PE,NIFTY2691522700PE,1.25,1.6,0.05,0.35,0.05,5.2,23118.6,23118.6,5253820,239070,1320573,1948552457975.5,221732,F1,65,,,,,
2026-09-15,2026-09-15,FO,NSE,IDO,74653,,NIFTY,,2031-06-24,2031-06-24,27000.0,CE,NIFTY31JUN27000CE,0.0,0.0,0.0,5699.0,0.0,5699.0,23118.6,4815.65,0,0,0,0.0,0,F1,65,,,,,
2026-09-15,2026-09-15,FO,NSE,IDO,58640,,NIFTY,,2026-12-29,2026-12-29,18000.0,CE,NIFTY26DEC18000CE,5900.0,5900.0,5300.0,5373.65,5387.35,5550.0,23118.6,5373.65,1885,325,8,12189797.75,7,F1,65,,,,,
2026-09-15,2026-09-15,FO,NSE,IDO,55336,,NIFTY,,2026-12-29,2026-12-29,34500.0,CE,NIFTY26DEC34500CE,0.0,0.0,0.0,5.35,5.35,5.35,23118.6,0.0,1365,0,0,0.0,0,F1,65,,,,,
2026-09-15,2026-09-15,FO,NSE,IDO,80270,,NIFTY,,2027-03-30,2027-03-30,22500.0,CE,NIFTY27MAR22500CE,1990.0,1990.0,1750.05,1777.1,1775.0,1952.6,23118.6,1777.1,138320,9555,250,395839346.5,199,F1,65,,,,,
2026-09-15,2026-09-15,FO,NSE,IDO,55516,,NIFTY,,2028-12-26,2028-12-26,16500.0,CE,NIFTY28DEC16500CE,0.0,0.0,0.0,12176.65,0.0,12176.65,23118.6,8874.98,0,0,0,0.0,0,F1,65,,,,,
2026-09-15,2026-09-15,FO,NSE,IDO,89636,,NIFTY,,2029-06-26,2029-06-26,27000.0,CE,NIFTY29JUN27000CE,0.0,0.0,0.0,6570.4,0.0,6570.4,23118.6,2663.27,0,0,0,0.0,0,F1,65,,,,,
2026-09-15,2026-09-15,FO,NSE,IDO,55702,,NIFTY,,2030-12-31,2030-12-31,21000.0,CE,NIFTY30DEC21000CE,0.0,0.0,0.0,10552.5,0.0,10552.5,23118.6,7539.27,0,0,0,0.0,0,F1,65,,,,,
2026-09-15,2026-09-15,FO,NSE,IDO,61932,,NIFTY,,2029-12-24,2029-12-24,30000.0,CE,NIFTY29DEC30000CE,1750.0,1900.0,1750.0,1900.0,1900.0,1900.0,23118.6,2137.45,8535,0,2,4137250.0,2,F1,65,,,,,
2026-09-15,2026-09-15,FO,NSE,IDO,55604,,NIFTY,,2029-12-24,2029-12-24,25500.0,CE,NIFTY29DEC25500CE,0.0,0.0,0.0,6500.6,0.0,6500.6,23118.6,3887.85,0,0,0,0.0,0,F1,65,,,,,
2026-09-15,2026-09-15,FO,NSE,IDO,65930,,NIFTY,,2026-09-29,2026-09-29,33000.0,PE,NIFTY26SEP33000PE,0.0,0.0,0.0,6552.15,0.0,6552.15,23118.6,9807.06,0,0,0,0.0,0,F1,65,,,,,
2026-09-15,2026-09-15,FO,NSE,IDO,40653,,NIFTY,,2026-10-06,2026-10-06,21650.0,PE,NIFTY26O0621650PE,0.0,0.0,0.0,5.1,0.0,5.1,23118.6,12.07,0,0,0,0.0,0,F1,65,,,,,
2026-09-15,2026-09-15,FO,NSE,IDO,40735,,NIFTY,,2026-10-06,2026-10-06,23050.0,CE,NIFTY26O0623050CE,0.0,0.0,0.0,1241.5,0.0,1241.5,23118.6,429.43,0,0,0,0.0,0,F1,65,,,,,
2026-09-15,2026-09-15,FO,NSE,IDO,40658,,NIFTY,,2026-10-06,2026-10-06,21750.0,PE,NIFTY26O0621750PE,0.0,0.0,0.0,6.65,0.0,6.65,23118.6,16.3,0,0,0,0.0,0,F1,65,,,,,
2026-09-15,2026-09-15,FO,NSE,IDO,74480,,NIFTY,,2026-09-29,2026-09-29,26450.0,PE,NIFTY26SEP26450PE,0.0,0.0,0.0,2346.8,0.0,2346.8,23118.6,3271.82,0,0,0,0.0,0,F1,65,,,,,
2026-09-15,2026-09-15,FO,NSE,IDO,74427,,NIFTY,,2026-09-29,2026-09-29,25900.0,PE,NIFTY26SEP25900PE,0.0,0.0,0.0,2485.0,2485.0,2485.0,23118.6,2723.09,4680,0,0,0.0,0,F1,65,,,,,
2026-09-15,2026-09-15,FO,NSE,IDO,74385,,NIFTY,,2026-09-29,2026-09-29,25250.0,PE,NIFTY26SEP25250PE,0.0,0.0,0.0,1829.75,1829.75,1829.75,23118.6,2075.18,1885,0,0,0.0,0,F1,65,,,,,
2026-09-15,2026-09-15,FO,NSE,IDO,74362,,NIFTY,,2026-09-29,2026-09-29,24900.0,PE,NIFTY26SEP24900PE,1425.0,1684.15,1425.0,1675.1,1683.5,1424.7,23118.6,1675.1,71110,-5720,160,275506721.75,83,F1,65,,,,,
2026-09-15,2026-09-15,FO,NSE,IDO,74067,,NIFTY,,2026-09-29,2026-09-29,24150.0,PE,NIFTY26SEP24150PE,657.55,997.6,650.0,938.6,951.75,694.15,23118.6,938.6,160030,-650,156,252803752.5,119,F1,65,,,,,
2026-09-15,2026-09-15,FO,NSE,IDO,74063,,NIFTY,,2026-09-29,2026-09-29,24050.0,PE,NIFTY26SEP24050PE,569.05,898.6,564.9,842.35,839.6,612.95,23118.6,842.35,90285,-7540,234,376562550.0,160,F1,65,,,,,
2026-09-15,2026-09-15,FO,NSE,IDO,73982,,NIFTY,,2026-09-29,2026-09-29,23450.0,PE,NIFTY26SEP23450PE,169.0,389.85,166.35,357.6,358.45,211.5,23118.6,357.6,282230,47385,17048,26303136369.25,11463,F1,65,,,,,
2026-09-15,2026-09-15,FO,NSE,IDO,73911,,NIFTY,,2026-09-29,2026-09-29,23200.0,PE,NIFTY26SEP23200PE,70.05,248.05,70.05,224.4,222.7,127.3,23118.6,224.4,2520895,1073540,86290,131207658136.75,54701,F1,65,,,,,
2026-09-15,2026-09-15,FO,NSE,IDO,73894,,NIFTY,,2026-09-29,2026-09-29,22750.0,PE,NIFTY26SEP22750PE,38.55,97.75,36.8,88.6,87.2,52.15,23118.6,88.6,190580,61425,6415,9515649393.25,3960,F1,65,,,,,
2026-09-15,2026-09-15,FO,NSE,IDO,73880,,NIFTY,,2026-09-29,2026-09-29,22350.0,PE,NIFTY26SEP22350PE,14.65,42.5,14.65,39.1,39.25,26.85,23118.6,39.1,59280,33410,2531,3682079781.25,1393,F1,65,,,,,
2026-09-15,2026-09-15,FO,NSE,IDO,73870,,NIFTY,,2026-09-29,2026-09-29,22100.0,PE,NIFTY26SEP22100PE,14.55,27.9,12.65,26.2,25.9,19.5,23118.6,26.2,190775,99645,7033,10113007300.5,4474,F1,65,,,,,
2026-09-15,2026-09-15,FO,NSE,IDO,73868,,NIFTY,,2026-09-29,2026-09-29,22050.0,PE,NIFTY26SEP22050PE,15.0,25.95,12.25,24.75,23.6,19.0,23118.6,24.75,158470,84825,2644,3792810242.0,2226,F1,65,,,,,
2026-09-15,2026-09-15,FO,NSE,IDO,73832,,NIFTY,,2026-09-29,2026-09-29,21650.0,PE,NIFTY26SEP21650PE,7.65,16.55,7.65,15.45,14.55,13.4,23118.6,15.45,59735,25480,1846,2599321179.0,1209,F1,65,,,,,
2026-09-15,2026-09-15,FO,NSE,IDO,55281,,NIFTY,,2026-09-29,2026-09-29,16500.0,PE,NIFTY26SEP16500PE,0.9,1.0,0.5,0.55,0.5,0.8,23118.6,0.55,132210,-325,69,74005779.25,25,F1,65,,,,,
2026-09-15,2026-09-15,FO,NSE,IDO,58011,,NIFTY,,2026-09-22,2026-09-22,25800.0,PE,NIFTY2692225800PE,2320.0,2500.0,2301.7,2500.0,2500.0,2320.0,23118.6,2652.32,585,520,8,14674988.25,8,F1,65,,,,,
2026-09-15,2026-09-15,FO,NSE,IDO,57784,,NIFTY,,2026-09-22,2026-09-22,24900.0,PE,NIFTY2692224900PE,1479.7,1717.0,1479.7,1696.5,1717.0,1419.7,23118.6,1696.5,14105,1170,42,72456975.5,26,F1,65,,,,,
2026-09-15,2026-09-15,FO,NSE,IDO,57723,,NIFTY,,2026-09-22,2026-09-22,24750.0,PE,NIFTY2692224750PE,0.0,0.0,0.0,752.65,0.0,752.65,23118.6,1603.68,0,0,0,0.0,0,F1,65,,,,,
2026-09-15,2026-09-15,FO,NSE,IDO,57715,,NIFTY,,2026-09-22,2026-09-22,24700.0,PE,NIFTY2692224700PE,1225.0,1520.0,1220.0,1502.5,1494.25,1234.75,23118.6,1502.5,6630,4550,81,137291219.0,52,F1,65,,,,,
2026-09-15,2026-09-15,FO,NSE,IDO,56984,,NIFTY,,2026-09-22,2026-09-22,23250.0,PE,NIFTY2692223250PE,76.95,222.9,67.75,197.55,200.4,105.75,23118.6,197.55,907855,284180,151847,230919952607.5,80949,F1,65,,,,,
2026-09-15,2026-09-15,FO,NSE,IDO,56979,,NIFTY,,2026-09-22,2026-09-22,23150.0,PE,NIFTY2692223150PE,56.25,175.0,51.2,152.15,152.7,81.6,23118.6,152.15,1190150,702130,117932,178388863493.75,74523,F1,65,,,,,
2026-09-15,2026-09-15,FO,NSE,IDO,56938,,NIFTY,,2026-09-22,2026-09-22,22900.0,PE,NIFTY2692222900PE,30.0,84.35,25.4,74.65,74.5,44.85,23118.6,74.65,1904240,748020,155108,231412837214.0,89538,F1,65,,,,,
2026-09-15,2026-09-15,FO,NSE,IDO,56826,,NIFTY,,2026-09-22,2026-09-22,22300.0,PE,NIFTY2692222300PE,11.15,16.3,6.8,14.3,13.6,15.35,23118.6,14.3,1667380,1087970,99015,143594424918.75,38698,F1,65,,,,,
2026-09-15,2026-09-15,FO,NSE,IDO,47394,,NIFTY,,2026-09-15,2026-09-15,25550.0,PE,NIFTY2691525550PE,0.0,0.0,0.0,2140.0,2140.0,2140.0,23118.6,23118.6,520,0,0,0.0,0,F1,65,,,,,
2026-09-15,2026-09-15,FO,NSE,IDO,47386,,NIFTY,,2026-09-15,2026-09-15,25400.0,PE,NIFTY2691525400PE,2050.0,2201.0,2050.0,2201.0,2201.0,2040.0,23118.6,23118.6,1235,-325,15,26794228.5,8,F1,65,,,,,
2026-09-15,2026-09-15,FO,NSE,IDO,47378,,NIFTY,,2026-09-15,2026-09-15,25250.0,PE,NIFTY2691525250PE,0.0,0.0,0.0,1685.0,1685.0,1685.0,23118.6,23118.6,520,0,0,0.0,0,F1,65,,,,,
2026-09-15,2026-09-15,FO,NSE,IDO,47358,,NIFTY,,2026-09-15,2026-09-15,24850.0,PE,NIFTY2691524850PE,0.0,0.0,0.0,629.7,0.0,629.7,23118.6,23118.6,0,0,0,0.0,0,F1,65,,,,,
2026-09-15,2026-09-15,FO,NSE,IDO,47348,,NIFTY,,2026-09-15,2026-09-15,24650.0,PE,NIFTY2691524650PE,1275.15,1539.35,1264.95,1517.65,1534.5,1220.25,23118.6,23118.6,6045,-2730,71,120243217.25,37,F1,65,,,,,
2026-09-15,2026-09-15,FO,NSE,IDO,47308,,NIFTY,,2026-09-15,2026-09-15,23750.0,PE,NIFTY2691523750PE,195.8,652.25,195.8,588.45,633.0,317.6,23118.6,23118.6,146575,-294255,38291,60037530936.5,20835,F1,65,,,,,
2026-09-15,2026-09-15,FO,NSE,IDO,47264,,NIFTY,,2026-09-15,2026-09-15,22650.0,PE,NIFTY2691522650PE,3.4,3.4,0.05,0.3,0.05,4.8,23118.6,23118.6,1417260,103870,519979,765554550257.25,85273,F1,65,,,,,
2026-09-15,2026-09-15,FO,NSE,IDO,47211,,NIFTY,,2026-09-15,2026-09-15,21950.0,PE,NIFTY2691521950PE,0.9,0.9,0.05,0.15,0.05,1.75,23118.6,23118.6,497965,-503295,61726,88068902057.5,11385,F1,65,,,,,
2026-09-15,2026-09-15,FO,NSE,IDO,74638,,NIFTY,,2031-06-24,2031-06-24,16500.0,CE,NIFTY31JUN16500CE,0.0,0.0,0.0,11849.25,0.0,11849.25,23118.6,10998.36,0,0,0,0.0,0,F1,65,,,,,
2026-09-15,2026-09-15,FO,NSE,IDO,55754,,NIFTY,,2030-12-31,2030-12-31,24000.0,CE,NIFTY30DEC24000CE,0.0,0.0,0.0,8563.3,0.0,8563.3,23118.6,5780.41,0,0,0,0.0,0,F1,65,,,,,
2026-09-15,2026-09-15,FO,NSE,IDO,55646,,NIFTY,,2030-06-25,2030-06-25,25500.0,CE,NIFTY30JUN25500CE,0.0,0.0,0.0,7070.45,0.0,7070.45,23118.6,4447.1,0,0,0,0.0,0,F1,65,,,,,
2026-09-15,2026-09-15,FO,NSE,IDO,55600,,NIFTY,,2029-12-24,2029-12-24,19500.0,CE,NIFTY29DEC19500CE,0.0,0.0,0.0,10678.8,0.0,10678.8,23118.6,7516.65,0,0,0,0.0,0,F1,65,,,,,
2026-09-15,2026-09-15,FO,NSE,IDO,55558,,NIFTY,,2029-06-26,2029-06-26,19500.0,CE,NIFTY29JUN19500CE,0.0,0.0,0.0,10206.95,0.0,10206.95,23118.6,6998.88,0,0,0,0.0,0,F1,65,,,,,
2026-09-15,2026-09-15,FO,NSE,IDO,55468,,NIFTY,,2028-06-27,2028-06-27,16500.0,CE,NIFTY28JUN16500CE,0.0,0.0,0.0,11752.8,0.0,11752.8,23118.6,8404.44,0,0,0,0.0,0,F1,65,,,,,
2026-09-15,2026-09-15,FO,NSE,IDO,55430,,NIFTY,,2027-12-28,2027-12-28,31500.0,CE,NIFTY27DEC31500CE,0.0,0.0,0.0,85.05,85.05,85.05,23118.6,230.63,2080,0,0,0.0,0,F1,65,,,,,
2026-09-15,2026-09-15,FO,NSE,IDO,35346,,NIFTY,,2027-12-28,2027-12-28,30000.0,CE,NIFTY27DEC30000CE,160.05,165.0,135.55,140.5,141.0,157.25,23118.6,140.5,212615,8515,367,719317166.75,173,F1,65,,,,,
2026-09-15,2026-09-15,FO,NSE,IDO,53628,,NIFTY,,2027-12-28,2027-12-28,26000.0,CE,NIFTY27DEC26000CE,980.0,986.3,863.95,886.3,866.5,984.15,23118.6,886.3,114635,6825,462,808936761.75,324,F1,65,,,,,
2026-09-15,2026-09-15,FO,NSE,IDO,53626,,NIFTY,,2027-12-28,2027-12-28,25000.0,CE,NIFTY27DEC25000CE,1489.4,1489.4,1311.3,1332.8,1328.15,1482.9,23118.6,1332.8,118960,5850,426,730916917.25,276,F1,65,,,,,
2026-09-15,2026-09-15,FO,NSE,IDO,55378,,NIFTY,,2027-06-29,2027-06-29,28500.0,CE,NIFTY27JUN28500CE,0.0,0.0,0.0,1711.9,0.0,1711.9,23118.6,229.34,0,0,0,0.0,0,F1,65,,,,,
2026-09-15,2026-09-15,FO,NSE,IDO,50547,,NIFTY,,2026-12-29,2026-12-29,28000.0,CE,NIFTY26DEC28000CE,17.85,18.8,16.0,16.75,16.8,17.7,23118.6,16.75,1713905,-26480,2643,4813198198.25,901,F1,65,,,,,
2026-09-15,2026-09-15,FO,NSE,IDO,64453,,NIFTY,,2026-11-23,2026-11-23,25250.0,CE,NIFTY26NOV25250CE,0.0,0.0,0.0,550.35,0.0,550.35,23118.6,114.32,0,0,0,0.0,0,F1,65,,,,,
2026-09-15,2026-09-15,FO,NSE,IDO,64451,,NIFTY,,2026-11-23,2026-11-23,25200.0,CE,NIFTY26NOV25200CE,0.0,0.0,0.0,569.15,0.0,569.15,23118.6,120.8,0,0,0,0.0,0,F1,65,,,,,
2026-09-15,2026-09-15,FO,NSE,IDO,64433,,NIFTY,,2026-11-23,2026-11-23,24850.0,CE,NIFTY26NOV24850CE,0.0,0.0,0.0,714.05,0.0,714.05,23118.6,175.34,0,0,0,0.0,0,F1,65,,,,,
2026-09-15,2026-09-15,FO,NSE,IDO,64351,,NIFTY,,2026-11-23,2026-11-23,23200.0,CE,NIFTY26NOV23200CE,762.85,779.35,596.6,624.4,615.35,754.25,23118.6,624.4,8905,5395,253,392086451.25,147,F1,65,,,,,
2026-09-15,2026-09-15,FO,NSE,IDO,64304,,NIFTY,,2026-11-23,2026-11-23,22800.0,CE,NIFTY26NOV22800CE,1047.4,1047.4,870.15,887.85,888.0,1069.4,23118.6,887.85,1430,130,42,64725537.5,29,F1,65,,,,,
2026-09-15,2026-09-15,FO,NSE,IDO,64278,,NIFTY,,2026-11-23,2026-11-23,22500.0,CE,NIFTY26NOV22500CE,1300.0,1300.0,1084.45,1110.5,1098.05,1297.2,23118.6,1110.5,12285,5070,299,459538976.0,213,F1,65,,,,,
2026-09-15,2026-09-15,FO,NSE,IDO,64266,,NIFTY,,2026-11-23,2026-11-23,22250.0,CE,NIFTY26NOV22250CE,1327.75,1327.75,1327.75,1327.75,1327.75,2500.9,23118.6,1327.75,195,195,3,4597661.25,1,F1,65,,,,,
2026-09-15,2026-09-15,FO,NSE,IDO,64246,,NIFTY,,2026-11-23,2026-11-23,22200.0,CE,NIFTY26NOV22200CE,1369.7,1369.7,1369.7,1369.7,1369.7,2545.1,23118.6,1369.7,195,195,3,4596091.5,1,F1,65,,,,,
2026-09-15,2026-09-15,FO,NSE,IDO,51536,,NIFTY,,2026-10-27,2026-10-27,27100.0,CE,NIFTY26OCT27100CE,5.25,5.25,5.25,5.25,5.25,5.25,23118.6,5.25,5785,-2275,39,68711808.75,21,F1,65,,,,,
2026-09-15,2026-09-15,FO,NSE,IDO,51530,,NIFTY,,2026-10-27,2026-10-27,27000.0,CE,NIFTY26OCT27000CE,6.2,6.9,4.3,4.95,4.8,5.1,23118.6,4.95,455650,25285,1626,2854153393.0,892,F1,65,,,,,
2026-09-15,2026-09-15,FO,NSE,IDO,51524,,NIFTY,,2026-10-27,2026-10-27,26850.0,CE,NIFTY26OCT26850CE,0.0,0.0,0.0,6.1,6.1,6.1,23118.6,1.76,845,0,0,0.0,0,F1,65,,,,,
2026-09-15,2026-09-15,FO,NSE,IDO,51492,,NIFTY,,2026-10-27,2026-10-27,26050.0,CE,NIFTY26OCT26050CE,0.0,0.0,0.0,11.65,11.65,11.65,23118.6,9.2,5200,0,0,0.0,0,F1,65,,,,,
2026-09-15,2026-09-15,FO,NSE,IDO,51456,,NIFTY,,2026-10-27,2026-10-27,25400.0,CE,NIFTY26OCT25400CE,20.1,20.55,17.0,18.2,17.0,20.3,23118.6,18.2,102505,-14560,1141,1885148960.5,587,F1,65,,,,,
2026-09-15,2026-09-15,FO,NSE,IDO,51440,,NIFTY,,2026-10-27,2026-10-27,25000.0,CE,NIFTY26OCT25000CE,36.6,38.0,25.25,26.75,25.75,34.5,23118.6,26.75,1735435,-23855,14750,23996887976.75,6613,F1,65,,,,,
2026-09-15,2026-09-15,FO,NSE,IDO,51436,,NIFTY,,2026-10-27,2026-10-27,24950.0,CE,NIFTY26OCT24950CE,39.0,39.0,25.3,26.85,25.3,35.8,23118.6,26.85,72345,53950,1336,2169341326.75,723,F1,65,,,,,
2026-09-15,2026-09-15,FO,NSE,IDO,51430,,NIFTY,,2026-10-27,2026-10-27,24800.0,CE,NIFTY26OCT24800CE,50.0,50.65,31.55,33.2,31.85,45.4,23118.6,33.2,301600,-58695,4061,6556114695.0,2085,F1,65,,,,,
2026-09-15,2026-09-15,FO,NSE,IDO,51380,,NIFTY,,2026-10-27,2026-10-27,23700.0,CE,NIFTY26OCT23700CE,330.05,330.15,208.9,220.75,216.8,312.95,23118.6,220.75,273715,53040,5655,8803841913.75,3735,F1,65,,,,,
2026-09-15,2026-09-15,FO,NSE,IDO,51368,,NIFTY,,2026-10-27,2026-10-27,23400.0,CE,NIFTY26OCT23400CE,488.2,503.75,333.5,350.05,349.4,480.85,23118.6,350.05,151190,51545,4364,6750301148.5,3208,F1,65,,,,,
2026-09-15,2026-09-15,FO,NSE,IDO,51366,,NIFTY,,2026-10-27,2026-10-27,23350.0,CE,NIFTY26OCT23350CE,506.4,519.0,359.75,375.8,371.1,505.4,23118.6,375.8,10595,-260,464,716783148.25,303,F1,65,,,,,
2026-09-15,2026-09-15,FO,NSE,IDO,51356,,NIFTY,,2026-10-27,2026-10-27,23100.0,CE,NIFTY26OCT23100CE,686.5,700.8,498.0,518.3,515.2,674.95,23118.6,518.3,17420,9555,473,727073480.25,354,F1,65,,,,,
2026-09-15,2026-09-15,FO,NSE,IDO,51312,,NIFTY,,2026-10-27,2026-10-27,22100.0,CE,NIFTY26OCT22100CE,0.0,0.0,0.0,2334.2,0.0,2334.2,23118.6,1286.83,0,0,0,0.0,0,F1,65,,,,,
2026-09-15,2026-09-15,FO,NSE,IDO,44790,,NIFTY,,2026-10-13,2026-10-13,25250.0,CE,NIFTY26O1325250CE,11.0,12.6,8.3,8.65,8.3,64.0,23118.6,8.65,780,780,107,175686283.5,19,F1,65,,,,,
2026-09-15,2026-09-15,FO,NSE,IDO,44728,,NIFTY,,2026-10-13,2026-10-13,24200.0,CE,NIFTY26O1324200CE,97.9,97.9,45.7,47.4,48.35,285.15,23118.6,47.4,9230,9230,286,450990208.5,152,F1,65,,,,,
2026-09-15,2026-09-15,FO,NSE,IDO,44670,,NIFTY,,2026-10-13,2026-10-13,23550.0,CE,NIFTY26O1323550CE,282.25,282.25,188.6,205.45,189.65,299.85,23118.6,205.45,3900,1755,59,91245293.75,37,F1,65,,,,,
2026-09-15,2026-09-15,FO,NSE,IDO,44654,,NIFTY,,2026-10-13,2026-10-13,23250.0,CE,NIFTY26O1323250CE,347.1,350.0,317.55,340.45,335.8,762.3,23118.6,340.45,2275,2275,43,65928414.5,25,F1,65,,,,,
2026-09-15,2026-09-15,FO,NSE,IDO,44572,,NIFTY,,2026-10-13,2026-10-13,22000.0,CE,NIFTY26O1322000CE,0.0,0.0,0.0,1785.9,0.0,1785.9,23118.6,1270.58,0,0,0,0.0,0,F1,65,,,,,
2026-09-15,2026-09-15,FO,NSE,IDO,40769,,NIFTY,,2026-10-06,2026-10-06,23700.0,CE,NIFTY26O0623700CE,199.1,199.1,96.3,104.15,101.15,184.95,23118.6,104.15,38610,-130,1503,2328421000.75,1135,F1,65,,,,,
2026-09-15,2026-09-15,FO,NSE,IDO,40757,,NIFTY,,2026-10-06,2026-10-06,23450.0,CE,NIFTY26O0623450CE,325.85,325.85,176.45,189.3,186.75,309.8,23118.6,189.3,61035,52065,1518,2335799729.25,892,F1,65,,,,,
2026-09-15,2026-09-15,FO,NSE,IDO,40731,,NIFTY,,2026-10-06,2026-10-06,23000.0,CE,NIFTY26O0623000CE,627.0,650.55,416.9,431.75,433.8,622.25,23118.6,431.75,7995,5265,270,412030947.25,230,F1,65,,,,,
2026-09-15,2026-09-15,FO,NSE,IDO,40723,,NIFTY,,2026-10-06,2026-10-06,22950.0,CE,NIFTY26O0622950CE,0.0,0.0,0.0,1324.95,0.0,1324.95,23118.6,487.31,0,0,0,0.0,0,F1,65,,,,,
2026-09-15,2026-09-15,FO,NSE,IDO,40663,,NIFTY,,2026-10-06,2026-10-06,21900.0,CE,NIFTY26O0621900CE,0.0,0.0,0.0,2291.95,0.0,2291.95,23118.6,1317.52,0,0,0,0.0,0,F1,65,,,,,
2026-09-15,2026-09-15,FO,NSE,IDO,74420,,NIFTY,,2026-09-29,2026-09-29,25800.0,CE,NIFTY26SEP25800CE,2.65,4.1,1.6,2.8,2.55,3.7,23118.6,2.8,322075,11375,3720,6239235964.0,1678,F1,65,,,,,
2026-09-15,2026-09-15,FO,NSE,IDO,74241,,NIFTY,,2026-09-29,2026-09-29,24500.0,CE,NIFTY26SEP24500CE,16.5,17.0,7.55,9.1,7.8,15.8,23118.6,9.1,5496335,-406705,81622,130041854455.5,39920,F1,65,,,,,
2026-09-15,2026-09-15,FO,NSE,IDO,74066,,NIFTY,,2026-09-29,2026-09-29,24150.0,CE,NIFTY26SEP24150CE,39.8,39.8,14.6,16.55,15.2,35.05,23118.6,16.55,334295,40300,10349,16260971746.5,6659,F1,65,,,,,
2026-09-15,2026-09-15,FO,NSE,IDO,74010,,NIFTY,,2026-09-29,2026-09-29,23750.0,CE,NIFTY26SEP23750CE,122.0,127.55,48.15,52.1,49.75,115.35,23118.6,52.1,338195,33085,12438,19259339674.25,8466,F1,65,,,,,
2026-09-15,2026-09-15,FO,NSE,IDO,73893,,NIFTY,,2026-09-29,2026-09-29,22750.0,CE,NIFTY26SEP22750CE,684.15,684.15,552.2,566.15,560.6,778.65,23118.6,566.15,975,455,25,37896774.5,25,F1,65,,,,,
2026-09-15,2026-09-15,FO,NSE,IDO,73833,,NIFTY,,2026-09-29,2026-09-29,21700.0,CE,NIFTY26SEP21700CE,0.0,0.0,0.0,1820.0,1820.0,1820.0,23118.6,1472.0,0,0,0,0.0,0,F1,65,,,,,
2026-09-15,2026-09-15,FO,NSE,IDO,57910,,NIFTY,,2026-09-22,2026-09-22,25400.0,CE,NIFTY2692225400CE,1.4,1.9,0.95,1.05,1.05,1.6,23118.6,1.05,279565,88010,12218,20173066897.75,5036,F1,65,,,,,
2026-09-15,2026-09-15,FO,NSE,IDO,57893,,NIFTY,,2026-09-22,2026-09-22,25350.0,CE,NIFTY2692225350CE,1.85,1.95,0.95,1.0,0.95,1.8,23118.6,1.0,12480,-7670,857,1412200890.75,711,F1,65,,,,,
2026-09-15,2026-09-15,FO,NSE,IDO,57866,,NIFTY,,2026-09-22,2026-09-22,25200.0,CE,NIFTY2692225200CE,2.15,2.4,0.95,1.1,0.95,2.0,23118.6,1.1,1117675,13455,101454,166192250744.0,30376,F1,65,,,,,
2026-09-15,2026-09-15,FO,NSE,IDO,57828,,NIFTY,,2026-09-22,2026-09-22,25050.0,CE,NIFTY2692225050CE,2.0,2.35,1.1,1.2,1.1,2.05,23118.6,1.2,338260,8060,10606,17270442302.75,6502,F1,65,,,,,
2026-09-15,2026-09-15,FO,NSE,IDO,57584,,NIFTY,,2026-09-22,2026-09-22,24450.0,CE,NIFTY2692224450CE,6.2,6.25,2.25,2.95,2.25,6.0,23118.6,2.95,367250,122200,45911,72974989236.5,19027,F1,65,,,,,
2026-09-15,2026-09-15,FO,NSE,IDO,57063,,NIFTY,,2026-09-22,2026-09-22,23700.0,CE,NIFTY2692223700CE,99.0,103.55,17.5,20.75,18.5,78.65,23118.6,20.75,3817970,2042625,336019,518388816949.25,158355,F1,65,,,,,
2026-09-15,2026-09-15,FO,NSE,IDO,56909,,NIFTY,,2026-09-22,2026-09-22,22800.0,CE,NIFTY2692222800CE,720.95,721.0,415.45,449.55,445.3,696.95,23118.6,449.55,64155,54925,2610,3951380117.75,1770,F1,65,,,,,
2026-09-15,2026-09-15,FO,NSE,IDO,47371,,NIFTY,,2026-09-15,2026-09-15,25200.0,CE,NIFTY2691525200CE,0.35,0.35,0.05,0.1,0.05,0.4,23118.6,23118.6,632060,-835835,97898,160358449722.25,16384,F1,65,,,,,
2026-09-15,2026-09-15,FO,NSE,IDO,47331,,NIFTY,,2026-09-15,2026-09-15,24300.0,CE,NIFTY2691524300CE,0.75,0.8,0.05,0.2,0.05,1.3,23118.6,23118.6,6207175,2506790,762323,1204114345138.25,113624,F1,65,,,,,
2026-09-15,2026-09-15,FO,NSE,IDO,47305,,NIFTY,,2026-09-15,2026-09-15,23700.0,CE,NIFTY2691523700CE,15.0,20.0,0.05,0.45,0.05,16.9,23118.6,23118.6,7836140,-2203760,4423208,6814626775248.5,739875,F1,65,,,,,
2026-09-15,2026-09-15,FO,NSE,IDO,47273,,NIFTY,,2026-09-15,2026-09-15,22900.0,CE,NIFTY2691522900CE,648.7,655.4,198.0,234.95,218.1,557.2,23118.6,23118.6,152230,56615,49076,73944892008.0,26278,F1,65,,,,,
2026-09-15,2026-09-15,FO,NSE,IDO,47265,,NIFTY,,2026-09-15,2026-09-15,22700.0,CE,NIFTY2691522700CE,800.0,800.0,401.9,487.5,417.85,753.45,23118.6,23118.6,45435,2405,3473,5245419006.75,1714,F1,65,,,,,
2026-09-15,2026-09-15,FO,NSE,IDO,47259,,NIFTY,,2026-09-15,2026-09-15,22550.0,CE,NIFTY2691522550CE,0.0,0.0,0.0,2074.25,0.0,2074.25,23118.6,23118.6,0,0,0,0.0,0,F1,65,,,,,
2026-09-15,2026-09-15,FO,NSE,IDO,44711,,NIFTY,,2026-10-13,2026-10-13,23950.0,PE,NIFTY26O1323950PE,0.0,0.0,0.0,563.2,0.0,563.2,23118.6,872.15,0,0,0,0.0,0,F1,65,,,,,
2026-09-15,2026-09-15,FO,NSE,IDO,44749,,NIFTY,,2026-10-13,2026-10-13,24450.0,PE,NIFTY26O1324450PE,0.0,0.0,0.0,886.75,0.0,886.75,23118.6,1284.37,0,0,0,0.0,0,F1,65,,,,,
2026-09-15,2026-09-15,FO,NSE,IDO,44761,,NIFTY,,2026-10-13,2026-10-13,24650.0,PE,NIFTY26O1324650PE,0.0,0.0,0.0,1036.55,0.0,1036.55,23118.6,1463.46,0,0,0,0.0,0,F1,65,,,,,
2026-09-15,2026-09-15,FO,NSE,IDO,44791,,NIFTY,,2026-10-13,2026-10-13,25250.0,PE,NIFTY26O1325250PE,0.0,0.0,0.0,1538.35,0.0,1538.35,23118.6,2029.68,0,0,0,0.0,0,F1,65,,,,,
2026-09-15,2026-09-15,FO,NSE,IDO,51315,,NIFTY,,2026-10-27,2026-10-27,22150.0,PE,NIFTY26OCT22150PE,56.8,93.65,49.7,90.75,91.4,56.8,23118.6,90.75,12545,-1430,200,288842430.5,142,F1,65,,,,,
2026-09-15,2026-09-15,FO,NSE,IDO,51337,,NIFTY,,2026-10-27,2026-10-27,22600.0,PE,NIFTY26OCT22600PE,82.25,162.8,81.25,155.75,154.3,94.7,23118.6,155.75,198250,15665,5247,7751106398.75,3311,F1,65,,,,,
2026-09-15,2026-09-15,FO,NSE,IDO,51343,,NIFTY,,2026-10-27,2026-10-27,22750.0,PE,NIFTY26OCT22750PE,106.0,196.35,106.0,188.45,187.65,115.4,23118.6,188.45,14950,4680,289,430395403.75,202,F1,65,,,,,
2026-09-15,2026-09-15,FO,NSE,IDO,51353,,NIFTY,,2026-10-27,2026-10-27,23000.0,PE,NIFTY26OCT23000PE,140.05,274.0,137.65,258.0,257.95,165.1,23118.6,258.0,2143115,88010,24877,37542312944.5,14633,F1,65,,,,,
2026-09-15,2026-09-15,FO,NSE,IDO,47151,,NIFTY,,2026-09-15,2026-09-15,21850.0,PE,NIFTY2691521850PE,0.55,0.65,0.05,0.15,0.05,1.6,23118.6,23118.6,201240,-93990,17390,24698472077.5,4533,F1,65,,,,,
2026-09-15,2026-09-15,FO,NSE,IDO,74665,,NIFTY,,2031-06-24,2031-06-24,33000.0,CE,NIFTY31JUN33000CE,0.0,0.0,0.0,3451.55,0.0,3451.55,23118.6,2684.45,0,0,0,0.0,0,F1,65,,,,,
2026-09-15,2026-09-15,FO,NSE,IDO,74645,,NIFTY,,2031-06-24,2031-06-24,21000.0,CE,NIFTY31JUN21000CE,0.0,0.0,0.0,8900.75,0.0,8900.75,23118.6,8008.13,0,0,0,0.0,0,F1,65,,,,,
2026-09-15,2026-09-15,FO,NSE,IDO,55764,,NIFTY,,2030-12-31,2030-12-31,31500.0,CE,NIFTY30DEC31500CE,0.0,0.0,0.0,4554.55,0.0,4554.55,23118.6,2668.06,0,0,0,0.0,0,F1,65,,,,,
2026-09-15,2026-09-15,FO,NSE,IDO,60898,,NIFTY,,2030-06-25,2030-06-25,21000.0,CE,NIFTY30JUN21000CE,0.0,0.0,0.0,10421.65,0.0,10421.65,23118.6,7013.04,0,0,0,0.0,0,F1,65,,,,,
2026-09-15,2026-09-15,FO,NSE,IDO,61390,,NIFTY,,2029-12-24,2029-12-24,18000.0,CE,NIFTY29DEC18000CE,0.0,0.0,0.0,11362.4,0.0,11362.4,23118.6,8616.95,0,0,0,0.0,0,F1,65,,,,,
2026-09-15,2026-09-15,FO,NSE,IDO,55418,,NIFTY,,2027-12-28,2027-12-28,16500.0,CE,NIFTY27DEC16500CE,0.0,0.0,0.0,11316.4,0.0,11316.4,23118.6,7919.29,0,0,0,0.0,0,F1,65,,,,,
2026-09-15,2026-09-15,FO,NSE,IDO,80311,,NIFTY,,2027-03-30,2027-03-30,31500.0,CE,NIFTY27MAR31500CE,0.0,0.0,0.0,10.0,10.0,10.0,23118.6,9.56,455,0,0,0.0,0,F1,65,,,,,
2026-09-15,2026-09-15,FO,NSE,IDO,80276,,NIFTY,,2027-03-30,2027-03-30,27000.0,CE,NIFTY27MAR27000CE,106.5,107.7,98.0,100.5,98.0,106.0,23118.6,100.5,975715,1170,2309,4067491489.75,1147,F1,65,,,,,
2026-09-15,2026-09-15,FO,NSE,IDO,42136,,NIFTY,,2026-12-29,2026-12-29,31000.0,CE,NIFTY26DEC31000CE,7.4,7.7,6.55,7.05,7.0,6.55,23118.6,7.05,140680,-2580,160,322474178.0,37,F1,65,,,,,
2026-09-15,2026-09-15,FO,NSE,IDO,38158,,NIFTY,,2026-12-29,2026-12-29,29000.0,CE,NIFTY26DEC29000CE,11.3,11.4,10.25,10.95,10.3,11.45,23118.6,10.95,475770,-20025,634,1195534661.75,282,F1,65,,,,,
2026-09-15,2026-09-15,FO,NSE,IDO,55330,,NIFTY,,2026-12-29,2026-12-29,28500.0,CE,NIFTY26DEC28500CE,14.6,14.9,13.45,14.55,14.35,14.9,23118.6,14.55,100035,-5720,274,507840268.0,146,F1,65,,,,,
2026-09-15,2026-09-15,FO,NSE,IDO,50978,,NIFTY,,2026-12-29,2026-12-29,27000.0,CE,NIFTY26DEC27000CE,32.25,45.0,30.35,31.1,30.35,32.3,23118.6,31.1,2330325,19520,5363,9423110001.5,2601,F1,65,,,,,
2026-09-15,2026-09-15,FO,NSE,IDO,58648,,NIFTY,,2026-12-29,2026-12-29,22000.0,CE,NIFTY26DEC22000CE,1990.0,1990.0,1691.6,1725.5,1720.0,1939.8,23118.6,1725.5,320970,4030,422,652914382.25,334,F1,65,,,,,
2026-09-15,2026-09-15,FO,NSE,IDO,64417,,NIFTY,,2026-11-23,2026-11-23,24500.0,CE,NIFTY26NOV24500CE,162.0,175.2,121.7,125.15,123.45,161.8,23118.6,125.15,369590,-11440,7082,11341997039.75,3812,F1,65,,,,,
2026-09-15,2026-09-15,FO,NSE,IDO,64403,,NIFTY,,2026-11-23,2026-11-23,24150.0,CE,NIFTY26NOV24150CE,268.5,268.5,194.35,202.2,196.4,262.1,23118.6,202.2,8255,3965,162,256565140.0,87,F1,65,,,,,
2026-09-15,2026-09-15,FO,NSE,IDO,64359,,NIFTY,,2026-11-23,2026-11-23,23350.0,CE,NIFTY26NOV23350CE,590.55,608.0,514.55,529.5,528.35,613.55,23118.6,529.5,3445,780,76,118142290.5,50,F1,65,,,,,
2026-09-15,2026-09-15,FO,NSE,IDO,64274,,NIFTY,,2026-11-23,2026-11-23,22400.0,CE,NIFTY26NOV22400CE,1204.8,1204.8,1204.8,1204.8,1204.8,2369.8,23118.6,1204.8,195,195,3,4602936.0,1,F1,65,,,,,
2026-09-15,2026-09-15,FO,NSE,IDO,64238,,NIFTY,,2026-11-23,2026-11-23,22000.0,CE,NIFTY26NOV22000CE,1773.3,1773.35,1484.4,1519.9,1514.6,1660.0,23118.6,1519.9,2925,1300,28,42886684.75,27,F1,65,,,,,
2026-09-15,2026-09-15,FO,NSE,IDO,51502,,NIFTY,,2026-10-27,2026-10-27,26300.0,CE,NIFTY26OCT26300CE,0.0,0.0,0.0,9.25,9.25,9.25,23118.6,5.62,650,0,0,0.0,0,F1,65,,,,,
2026-09-15,2026-09-15,FO,NSE,IDO,51484,,NIFTY,,2026-10-27,2026-10-27,25850.0,CE,NIFTY26OCT25850CE,0.0,0.0,0.0,13.0,13.0,13.0,23118.6,13.44,650,0,0,0.0,0,F1,65,,,,,
2026-09-15,2026-09-15,FO,NSE,IDO,51480,,NIFTY,,2026-10-27,2026-10-27,25750.0,CE,NIFTY26OCT25750CE,13.45,13.45,12.95,13.0,12.95,14.35,23118.6,13.0,31005,-910,43,72008280.5,18,F1,65,,,,,
2026-09-15,2026-09-15,FO,NSE,IDO,51432,,NIFTY,,2026-10-27,2026-10-27,24850.0,CE,NIFTY26OCT24850CE,40.95,41.0,30.0,31.5,30.0,40.95,23118.6,31.5,19695,-4290,193,312182793.0,122,F1,65,,,,,
2026-09-15,2026-09-15,FO,NSE,IDO,51428,,NIFTY,,2026-10-27,2026-10-27,24750.0,CE,NIFTY26OCT24750CE,48.15,48.2,35.7,36.6,35.7,49.2,23118.6,36.6,16705,-16965,435,700945618.75,256,F1,65,,,,,
2026-09-15,2026-09-15,FO,NSE,IDO,51396,,NIFTY,,2026-10-27,2026-10-27,24050.0,CE,NIFTY26OCT24050CE,175.0,175.5,114.75,120.7,117.95,176.65,23118.6,120.7,19630,5850,455,715600031.25,300,F1,65,,,,,
2026-09-15,2026-09-15,FO,NSE,IDO,51376,,NIFTY,,2026-10-27,2026-10-27,23600.0,CE,NIFTY26OCT23600CE,393.0,393.0,244.85,259.8,255.3,363.25,23118.6,259.8,320775,65000,5192,8063365271.0,3552,F1,65,,,,,
2026-09-15,2026-09-15,FO,NSE,IDO,51370,,NIFTY,,2026-10-27,2026-10-27,23450.0,CE,NIFTY26OCT23450CE,447.15,452.0,310.7,322.65,320.05,448.35,23118.6,322.65,25545,12285,613,948996178.0,449,F1,65,,,,,
2026-09-15,2026-09-15,FO,NSE,IDO,51360,,NIFTY,,2026-10-27,2026-10-27,23200.0,CE,NIFTY26OCT23200CE,644.95,644.95,435.25,461.4,458.55,610.2,23118.6,461.4,72800,31915,1828,2815351399.25,1392,F1,65,,,,,
2026-09-15,2026-09-15,FO,NSE,IDO,51344,,NIFTY,,2026-10-27,2026-10-27,22800.0,CE,NIFTY26OCT22800CE,940.0,952.4,696.05,733.5,716.5,900.1,23118.6,733.5,9685,7930,319,488771939.5,202,F1,65,,,,,
2026-09-15,2026-09-15,FO,NSE,IDO,44758,,NIFTY,,2026-10-13,2026-10-13,24600.0,CE,NIFTY26O1324600CE,0.0,0.0,0.0,170.2,0.0,170.2,23118.6,47.41,0,0,0,0.0,0,F1,65,,,,,
2026-09-15,2026-09-15,FO,NSE,IDO,44750,,NIFTY,,2026-10-13,2026-10-13,24500.0,CE,NIFTY26O1324500CE,43.05,46.05,24.15,27.1,26.8,43.05,23118.6,27.1,28275,12220,2974,4742758091.5,1444,F1,65,,,,,
2026-09-15,2026-09-15,FO,NSE,IDO,44720,,NIFTY,,2026-10-13,2026-10-13,24100.0,CE,NIFTY26O1324100CE,0.0,0.0,0.0,321.35,0.0,321.35,23118.6,116.52,0,0,0,0.0,0,F1,65,,,,,
2026-09-15,2026-09-15,FO,NSE,IDO,44658,,NIFTY,,2026-10-13,2026-10-13,23350.0,CE,NIFTY26O1323350CE,433.0,433.0,268.0,289.4,283.85,422.45,23118.6,289.4,9230,7865,274,422037518.5,172,F1,65,,,,,
2026-09-15,2026-09-15,FO,NSE,IDO,44648,,NIFTY,,2026-10-13,2026-10-13,23150.0,CE,NIFTY26O1323150CE,396.7,398.6,390.3,393.55,392.95,829.85,23118.6,393.55,1885,1885,33,50500856.25,15,F1,65,,,,,
2026-09-15,2026-09-15,FO,NSE,IDO,44616,,NIFTY,,2026-10-13,2026-10-13,22600.0,CE,NIFTY26O1322600CE,0.0,0.0,0.0,1252.1,0.0,1252.1,23118.6,785.59,0,0,0,0.0,0,F1,65,,,,,
2026-09-15,2026-09-15,FO,NSE,IDO,44600,,NIFTY,,2026-10-13,2026-10-13,22350.0,CE,NIFTY26O1322350CE,0.0,0.0,0.0,1467.3,0.0,1467.3,23118.6,975.86,0,0,0,0.0,0,F1,65,,,,,
2026-09-15,2026-09-15,FO,NSE,IDO,44558,,NIFTY,,2026-10-13,2026-10-13,21700.0,CE,NIFTY26O1321700CE,0.0,0.0,0.0,2070.15,0.0,2070.15,23118.6,1542.91,0,0,0,0.0,0,F1,65,,,,,
2026-09-15,2026-09-15,FO,NSE,IDO,40877,,NIFTY,,2026-10-06,2026-10-06,25300.0,CE,NIFTY26O0625300CE,7.45,8.35,5.2,6.15,5.25,8.4,23118.6,6.15,4225,195,110,180944006.75,37,F1,65,,,,,
2026-09-15,2026-09-15,FO,NSE,IDO,40873,,NIFTY,,2026-10-06,2026-10-06,25200.0,CE,NIFTY26O0625200CE,7.85,8.95,6.95,7.0,7.0,9.25,23118.6,7.0,3185,1040,66,108141289.75,21,F1,65,,,,,
2026-09-15,2026-09-15,FO,NSE,IDO,40863,,NIFTY,,2026-10-06,2026-10-06,24950.0,CE,NIFTY26O0624950CE,9.55,13.4,8.05,8.9,8.1,12.1,23118.6,8.9,2015,975,36,58406348.0,18,F1,65,,,,,
2026-09-15,2026-09-15,FO,NSE,IDO,40858,,NIFTY,,2026-10-06,2026-10-06,24850.0,CE,NIFTY26O0624850CE,12.0,12.1,8.55,9.0,8.55,226.85,23118.6,9.0,1430,1430,112,180983663.25,32,F1,65,,,,,
2026-09-15,2026-09-15,FO,NSE,IDO,40835,,NIFTY,,2026-10-06,2026-10-06,24650.0,CE,NIFTY26O0624650CE,12.8,13.3,12.8,13.25,13.25,289.65,23118.6,13.25,1105,1105,24,38474224.75,6,F1,65,,,,,
2026-09-15,2026-09-15,FO,NSE,IDO,40825,,NIFTY,,2026-10-06,2026-10-06,24500.0,CE,NIFTY26O0624500CE,28.0,30.8,14.25,15.6,14.5,28.0,23118.6,15.6,146640,43355,5896,9397506998.75,2914,F1,65,,,,,
2026-09-15,2026-09-15,FO,NSE,IDO,40811,,NIFTY,,2026-10-06,2026-10-06,24200.0,CE,NIFTY26O0624200CE,55.15,58.6,27.7,29.75,27.95,55.15,23118.6,29.75,61620,24635,3207,5053369132.5,2106,F1,65,,,,,
2026-09-15,2026-09-15,FO,NSE,IDO,40803,,NIFTY,,2026-10-06,2026-10-06,24100.0,CE,NIFTY26O0624100CE,68.55,71.85,35.3,37.85,37.0,69.65,23118.6,37.85,66885,26585,1734,2722687253.0,1080,F1,65,,,,,
2026-09-15,2026-09-15,FO,NSE,IDO,40753,,NIFTY,,2026-10-06,2026-10-06,23350.0,CE,NIFTY26O0623350CE,393.4,393.4,210.35,231.65,231.9,368.95,23118.6,231.65,11700,5850,654,1004617779.75,422,F1,65,,,,,
2026-09-15,2026-09-15,FO,NSE,IDO,40741,,NIFTY,,2026-10-06,2026-10-06,23100.0,CE,NIFTY26O0623100CE,450.0,450.0,351.0,367.3,366.55,550.0,23118.6,367.3,6500,6240,158,241029252.75,72,F1,65,,,,,
2026-09-15,2026-09-15,FO,NSE,IDO,40712,,NIFTY,,2026-10-06,2026-10-06,22750.0,CE,NIFTY26O0622750CE,0.0,0.0,0.0,1497.8,0.0,1497.8,23118.6,616.07,0,0,0,0.0,0,F1,65,,,,,
2026-09-15,2026-09-15,FO,NSE,IDO,40675,,NIFTY,,2026-10-06,2026-10-06,22200.0,CE,NIFTY26O0622200CE,0.0,0.0,0.0,2003.7,0.0,2003.7,23118.6,1047.49,0,0,0,0.0,0,F1,65,,,,,
2026-09-15,2026-09-15,FO,NSE,IDO,74503,,NIFTY,,2026-09-29,2026-09-29,27100.0,CE,NIFTY26SEP27100CE,1.2,1.75,1.2,1.75,1.75,1.6,23118.6,0.0,13715,-65,5,8807938.75,4,F1,65,,,,,
2026-09-15,2026-09-15,FO,NSE,IDO,74493,,NIFTY,,2026-09-29,2026-09-29,26800.0,CE,NIFTY26SEP26800CE,1.2,1.85,1.0,1.2,1.2,1.5,23118.6,1.2,2275,-260,20,34841742.0,6,F1,65,,,,,
2026-09-15,2026-09-15,FO,NSE,IDO,74465,,NIFTY,,2026-09-29,2026-09-29,26200.0,CE,NIFTY26SEP26200CE,2.85,4.4,1.55,2.45,1.55,2.65,23118.6,2.45,177320,-3900,564,960579220.25,216,F1,65,,,,,
2026-09-15,2026-09-15,FO,NSE,IDO,74407,,NIFTY,,2026-09-29,2026-09-29,25600.0,CE,NIFTY26SEP25600CE,4.45,5.3,2.7,3.25,2.8,4.4,23118.6,3.25,141765,8320,2067,3439971063.75,1355,F1,65,,,,,
2026-09-15,2026-09-15,FO,NSE,IDO,74372,,NIFTY,,2026-09-29,2026-09-29,25200.0,CE,NIFTY26SEP25200CE,4.9,6.4,3.8,4.25,3.9,6.1,23118.6,4.25,521105,-11700,7031,11519027971.75,3246,F1,65,,,,,
2026-09-15,2026-09-15,FO,NSE,IDO,74007,,NIFTY,,2026-09-29,2026-09-29,23700.0,CE,NIFTY26SEP23700CE,154.3,160.95,55.5,61.1,59.05,131.75,23118.6,61.1,2143960,469235,68632,106099456203.0,39359,F1,65,,,,,
2026-09-15,2026-09-15,FO,NSE,IDO,73903,,NIFTY,,2026-09-29,2026-09-29,23000.0,CE,NIFTY26SEP23000CE,654.95,654.95,344.95,374.55,373.05,571.45,23118.6,374.55,1021280,246350,24774,37714641315.0,15298,F1,65,,,,,
2026-09-15,2026-09-15,FO,NSE,IDO,73895,,NIFTY,,2026-09-29,2026-09-29,22800.0,CE,NIFTY26SEP22800CE,760.3,765.6,486.75,521.2,521.75,745.4,23118.6,521.2,251810,27690,1719,2611953259.5,1174,F1,65,,,,,
2026-09-15,2026-09-15,FO,NSE,IDO,73873,,NIFTY,,2026-09-29,2026-09-29,22200.0,CE,NIFTY26SEP22200CE,1322.95,1330.0,1050.0,1050.0,1050.0,1288.1,23118.6,996.26,1105,455,12,18287165.0,9,F1,65,,,,,
2026-09-15,2026-09-15,FO,NSE,IDO,57679,,NIFTY,,2026-09-22,2026-09-22,24600.0,CE,NIFTY2692224600CE,4.0,4.85,1.8,2.1,1.85,4.4,23118.6,2.1,762580,135655,103438,165417795536.5,31369,F1,65,,,,,
2026-09-15,2026-09-15,FO,NSE,IDO,57427,,NIFTY,,2026-09-22,2026-09-22,24250.0,CE,NIFTY2692224250CE,11.2,11.2,3.05,3.8,3.2,9.35,23118.6,3.8,1007630,769535,84276,132867595802.5,31426,F1,65,,,,,
2026-09-15,2026-09-15,FO,NSE,IDO,57153,,NIFTY,,2026-09-22,2026-09-22,24000.0,CE,NIFTY2692224000CE,30.0,30.0,5.4,6.9,5.75,22.2,23118.6,6.9,6869850,3612115,385183,601135480504.0,142866,F1,65,,,,,
2026-09-15,2026-09-15,FO,NSE,IDO,56827,,NIFTY,,2026-09-22,2026-09-22,22350.0,CE,NIFTY2692222350CE,871.65,871.7,871.65,871.7,871.7,1959.05,23118.6,871.7,390,390,6,9056459.75,2,F1,65,,,,,
2026-09-15,2026-09-15,FO,NSE,IDO,56803,,NIFTY,,2026-09-22,2026-09-22,22150.0,CE,NIFTY2692222150CE,1065.05,1065.1,1065.05,1065.1,1065.1,2149.05,23118.6,1065.1,325,325,5,7544904.25,2,F1,65,,,,,
2026-09-15,2026-09-15,FO,NSE,IDO,56721,,NIFTY,,2026-09-22,2026-09-22,21950.0,CE,NIFTY2692221950CE,0.0,0.0,0.0,2341.9,0.0,2341.9,23118.6,1194.69,0,0,0,0.0,0,F1,65,,,,,
2026-09-15,2026-09-15,FO,NSE,IDO,56703,,NIFTY,,2026-09-22,2026-09-22,21850.0,CE,NIFTY2692221850CE,0.0,0.0,0.0,2439.15,0.0,2439.15,23118.6,1293.94,0,0,0,0.0,0,F1,65,,,,,
2026-09-15,2026-09-15,FO,NSE,IDO,47435,,NIFTY,,2026-09-15,2026-09-15,26050.0,CE,NIFTY2691526050CE,0.35,0.4,0.05,0.05,0.05,0.45,23118.6,23118.6,92430,18460,7814,13231166601.25,3208,F1,65,,,,,
2026-09-15,2026-09-15,FO,NSE,IDO,47413,,NIFTY,,2026-09-15,2026-09-15,25800.0,CE,NIFTY2691525800CE,0.65,0.65,0.05,0.05,0.05,0.35,23118.6,23118.6,762710,-55770,68300,114539952309.25,18770,F1,65,,,,,
2026-09-15,2026-09-15,FO,NSE,IDO,47367,,NIFTY,,2026-09-15,2026-09-15,25100.0,CE,NIFTY2691525100CE,0.3,0.55,0.05,0.1,0.05,0.45,23118.6,23118.6,565825,-88335,92337,150649256686.5,17856,F1,65,,,,,
2026-09-15,2026-09-15,FO,NSE,IDO,47317,,NIFTY,,2026-09-15,2026-09-15,23950.0,CE,NIFTY2691523950CE,1.9,1.9,0.05,0.25,0.05,4.05,23118.6,23118.6,2543125,-487240,1257168,1957165287408.5,257446,F1,65,,,,,
2026-09-15,2026-09-15,FO,NSE,IDO,47291,,NIFTY,,2026-09-15,2026-09-15,23350.0,CE,NIFTY2691523350CE,182.7,241.65,0.05,3.8,0.05,161.9,23118.6,23118.6,12869350,10745670,13971977,21234436169570.0,4149108,F1,65,,,,,
2026-09-15,2026-09-15,FO,NSE,IDO,51359,,NIFTY,,2026-10-27,2026-10-27,23150.0,PE,NIFTY26OCT23150PE,188.5,324.75,187.3,309.05,311.2,202.15,23118.6,309.05,15600,9165,383,582792486.25,281,F1,65,,,,,
2026-09-15,2026-09-15,FO,NSE,IDO,51383,,NIFTY,,2026-10-27,2026-10-27,23750.0,PE,NIFTY26OCT23750PE,433.0,644.95,430.2,611.85,611.75,435.6,23118.6,611.85,9360,-2470,81,127885715.75,64,F1,65,,,,,
2026-09-15,2026-09-15,FO,NSE,IDO,51385,,NIFTY,,2026-10-27,2026-10-27,23800.0,PE,NIFTY26OCT23800PE,504.95,677.2,431.35,648.5,644.1,469.7,23118.6,648.5,472290,-5460,2301,3642512006.25,1647,F1,65,,,,,
2026-09-15,2026-09-15,FO,NSE,IDO,51479,,NIFTY,,2026-10-27,2026-10-27,25700.0,PE,NIFTY26OCT25700PE,0.0,0.0,0.0,1260.0,1260.0,1260.0,23118.6,2412.58,325,0,0,0.0,0,F1,65,,,,,
2026-09-15,2026-09-15,FO,NSE,IDO,51501,,NIFTY,,2026-10-27,2026-10-27,26250.0,PE,NIFTY26OCT26250PE,0.0,0.0,0.0,2081.05,0.0,2081.05,23118.6,2947.11,0,0,0,0.0,0,F1,65,,,,,
2026-09-15,2026-09-15,FO,NSE,IDO,51507,,NIFTY,,2026-10-27,2026-10-27,26400.0,PE,NIFTY26OCT26400PE,0.0,0.0,0.0,2204.4,0.0,2204.4,23118.6,3094.39,0,0,0,0.0,0,F1,65,,,,,
2026-09-15,2026-09-15,FO,NSE,IDO,64237,,NIFTY,,2026-11-23,2026-11-23,21950.0,PE,NIFTY26NOV21950PE,88.6,88.6,88.6,88.6,88.6,74.55,23118.6,150.0,130,65,1,1432509.0,1,F1,65,,,,,
2026-09-15,2026-09-15,FO,NSE,IDO,64241,,NIFTY,,2026-11-23,2026-11-23,22050.0,PE,NIFTY26NOV22050PE,108.0,128.8,105.3,123.3,123.3,67.05,23118.6,169.41,1300,1300,30,43220040.5,19,F1,65,,,,,
2026-09-15,2026-09-15,FO,NSE,IDO,64245,,NIFTY,,2026-11-23,2026-11-23,22150.0,PE,NIFTY26NOV22150PE,91.8,137.7,91.8,137.0,137.0,105.75,23118.6,137.0,2275,910,33,47773495.25,17,F1,65,,,,,
2026-09-15,2026-09-15,FO,NSE,IDO,64305,,NIFTY,,2026-11-23,2026-11-23,22800.0,PE,NIFTY26NOV22800PE,144.8,272.1,144.75,260.7,264.5,180.0,23118.6,260.7,20800,13650,459,686765592.5,257,F1,65,,,,,
2026-09-15,2026-09-15,FO,NSE,IDO,64348,,NIFTY,,2026-11-23,2026-11-23,23100.0,PE,NIFTY26NOV23100PE,276.0,368.2,273.0,348.5,348.95,254.85,23118.6,348.5,4875,2665,158,240688441.5,87,F1,65,,,,,
2026-09-15,2026-09-15,FO,NSE,IDO,64374,,NIFTY,,2026-11-23,2026-11-23,23500.0,PE,NIFTY26NOV23500PE,340.0,539.0,335.4,512.05,511.6,376.8,23118.6,512.05,307060,910,3238,5039943996.75,1990,F1,65,,,,,
2026-09-15,2026-09-15,FO,NSE,IDO,64384,,NIFTY,,2026-11-23,2026-11-23,23700.0,PE,NIFTY26NOV23700PE,438.95,634.0,438.05,609.05,621.6,462.25,23118.6,609.05,27170,3640,560,881578824.75,203,F1,65,,,,,
2026-09-15,2026-09-15,FO,NSE,IDO,64392,,NIFTY,,2026-11-23,2026-11-23,23900.0,PE,NIFTY26NOV23900PE,542.5,759.1,542.5,725.6,735.55,565.0,23118.6,725.6,14560,-1950,165,263416162.75,107,F1,65,,,,,
2026-09-15,2026-09-15,FO,NSE,IDO,64426,,NIFTY,,2026-11-23,2026-11-23,24700.0,PE,NIFTY26NOV24700PE,0.0,0.0,0.0,1015.05,1015.05,1015.05,23118.6,1491.77,2470,0,0,0.0,0,F1,65,,,,,
2026-09-15,2026-09-15,FO,NSE,IDO,64432,,NIFTY,,2026-11-23,2026-11-23,24800.0,PE,NIFTY26NOV24800PE,1360.0,1409.2,1360.0,1409.2,1409.2,1240.0,23118.6,1570.96,5720,65,2,3403998.0,2,F1,65,,,,,
2026-09-15,2026-09-15,FO,NSE,IDO,64476,,NIFTY,,2026-11-23,2026-11-23,25550.0,PE,NIFTY26NOV25550PE,0.0,0.0,0.0,1282.8,0.0,1282.8,23118.6,2208.73,0,0,0,0.0,0,F1,65,,,,,
2026-09-15,2026-09-15,FO,NSE,IDO,71554,,NIFTY,,2027-06-29,2027-06-29,21000.0,PE,NIFTY27JUN21000PE,163.0,204.0,163.0,185.5,182.0,155.0,23118.6,185.5,17775,0,21,28914882.75,21,F1,65,,,,,
2026-09-15,2026-09-15,FO,NSE,IDO,55377,,NIFTY,,2027-06-29,2027-06-29,25500.0,PE,NIFTY27JUN25500PE,0.0,0.0,0.0,667.15,0.0,667.15,23118.6,1982.46,0,0,0,0.0,0,F1,65,,,,,
2026-09-15,2026-09-15,FO,NSE,IDO,53602,,NIFTY,,2027-12-28,2027-12-28,17000.0,PE,NIFTY27DEC17000PE,0.0,0.0,0.0,69.1,69.1,69.1,23118.6,19.22,17775,0,0,0.0,0,F1,65,,,,,
2026-09-15,2026-09-15,FO,NSE,IDO,53615,,NIFTY,,2027-12-28,2027-12-28,21000.0,PE,NIFTY27DEC21000PE,278.0,312.6,270.0,305.55,312.6,276.45,23118.6,305.55,49800,-195,81,112098746.5,66,F1,65,,,,,
2026-09-15,2026-09-15,FO,NSE,IDO,86152,,NIFTY,,2028-06-27,2028-06-27,24000.0,PE,NIFTY28JUN24000PE,0.0,0.0,0.0,680.05,680.05,680.05,23118.6,1163.93,65,0,0,0.0,0,F1,65,,,,,
2026-09-15,2026-09-15,FO,NSE,IDO,55523,,NIFTY,,2028-12-26,2028-12-26,25500.0,PE,NIFTY28DEC25500PE,0.0,0.0,0.0,648.2,0.0,648.2,23118.6,1679.63,0,0,0,0.0,0,F1,65,,,,,
2026-09-15,2026-09-15,FO,NSE,IDO,55565,,NIFTY,,2029-06-26,2029-06-26,28500.0,PE,NIFTY29JUN28500PE,0.0,0.0,0.0,1349.1,0.0,1349.1,23118.6,2894.09,0,0,0,0.0,0,F1,65,,,,,
2026-09-15,2026-09-15,FO,NSE,IDO,89649,,NIFTY,,2029-06-26,2029-06-26,33000.0,PE,NIFTY29JUN33000PE,0.0,0.0,0.0,3022.85,0.0,3022.85,23118.6,5549.86,0,0,0,0.0,0,F1,65,,,,,
2026-09-15,2026-09-15,FO,NSE,IDO,55603,,NIFTY,,2029-12-24,2029-12-24,22500.0,PE,NIFTY29DEC22500PE,0.0,0.0,0.0,225.7,0.0,225.7,23118.6,692.99,0,0,0,0.0,0,F1,65,,,,,
2026-09-15,2026-09-15,FO,NSE,IDO,61795,,NIFTY,,2029-12-24,2029-12-24,27000.0,PE,NIFTY29DEC27000PE,0.0,0.0,0.0,1177.9,0.0,1177.9,23118.6,2036.76,0,0,0,0.0,0,F1,65,,,,,
2026-09-15,2026-09-15,FO,NSE,IDO,55607,,NIFTY,,2029-12-24,2029-12-24,28500.0,PE,NIFTY29DEC28500PE,0.0,0.0,0.0,1255.9,0.0,1255.9,23118.6,2674.19,0,0,0,0.0,0,F1,65,,,,,
2026-09-15,2026-09-15,FO,NSE,IDO,74654,,NIFTY,,2031-06-24,2031-06-24,27000.0,PE,NIFTY31JUN27000PE,0.0,0.0,0.0,1653.15,0.0,1653.15,23118.6,1653.61,0,0,0,0.0,0,F1,65,,,,,
2026-09-15,2026-09-15,FO,NSE,IDO,40668,,NIFTY,,2026-10-06,2026-10-06,22000.0,PE,NIFTY26O0622000PE,20.45,37.5,16.25,35.45,35.5,23.65,23118.6,35.45,62465,15925,1257,1799771044.5,709,F1,65,,,,,
2026-09-15,2026-09-15,FO,NSE,IDO,51351,,NIFTY,,2026-10-27,2026-10-27,22950.0,PE,NIFTY26OCT22950PE,138.4,255.65,137.35,239.95,241.15,153.5,23118.6,239.95,14495,5200,237,356583334.25,200,F1,65,,,,,
2026-09-15,2026-09-15,FO,NSE,IDO,51349,,NIFTY,,2026-10-27,2026-10-27,22900.0,PE,NIFTY26OCT22900PE,136.1,238.95,124.3,227.4,228.55,143.05,23118.6,227.4,119925,28925,2897,4348840869.75,2205,F1,65,,,,,
2026-09-15,2026-09-15,FO,NSE,IDO,51309,,NIFTY,,2026-10-27,2026-10-27,22000.0,PE,NIFTY26OCT22000PE,39.95,78.0,39.95,75.6,74.1,47.05,23118.6,75.6,619190,108420,14712,21095120874.75,7373,F1,65,,,,,
2026-09-15,2026-09-15,FO,NSE,IDO,51307,,NIFTY,,2026-10-27,2026-10-27,21950.0,PE,NIFTY26OCT21950PE,41.95,73.25,41.95,71.75,72.35,45.3,23118.6,71.75,3965,3120,128,183140808.5,64,F1,65,,,,,
2026-09-15,2026-09-15,FO,NSE,IDO,51305,,NIFTY,,2026-10-27,2026-10-27,21900.0,PE,NIFTY26OCT21900PE,39.0,69.75,38.9,67.6,69.75,40.3,23118.6,67.6,23530,5070,700,999089828.75,405,F1,65,,,,,
2026-09-15,2026-09-15,FO,NSE,IDO,44779,,NIFTY,,2026-10-13,2026-10-13,25000.0,PE,NIFTY26O1325000PE,0.0,0.0,0.0,1320.95,0.0,1320.95,23118.6,1789.74,0,0,0,0.0,0,F1,65,,,,,
2026-09-15,2026-09-15,FO,NSE,IDO,44683,,NIFTY,,2026-10-13,2026-10-13,23650.0,PE,NIFTY26O1323650PE,330.6,401.45,330.6,401.45,401.45,344.9,23118.6,657.61,910,0,2,3122083.25,2,F1,65,,,,,
2026-09-15,2026-09-15,FO,NSE,IDO,44659,,NIFTY,,2026-10-13,2026-10-13,23350.0,PE,NIFTY26O1323350PE,216.25,375.0,210.9,351.6,357.45,227.6,23118.6,351.6,3445,2665,201,308955526.75,142,F1,65,,,,,
2026-09-15,2026-09-15,FO,NSE,IDO,44563,,NIFTY,,2026-10-13,2026-10-13,21750.0,PE,NIFTY26O1321750PE,0.0,0.0,0.0,16.1,0.0,16.1,23118.6,30.06,0,0,0,0.0,0,F1,65,,,,,
2026-09-15,2026-09-15,FO,NSE,IDO,40915,,NIFTY,,2026-10-06,2026-10-06,25800.0,PE,NIFTY26O0625800PE,0.0,0.0,0.0,1653.0,0.0,1653.0,23118.6,2595.02,0,0,0,0.0,0,F1,65,,,,,
2026-09-15,2026-09-15,FO,NSE,IDO,40794,,NIFTY,,2026-10-06,2026-10-06,24000.0,PE,NIFTY26O0624000PE,538.0,837.65,538.0,786.85,782.0,570.15,23118.6,786.85,21255,-910,262,420152349.5,209,F1,65,,,,,
2026-09-15,2026-09-15,FO,NSE,IDO,40758,,NIFTY,,2026-10-06,2026-10-06,23450.0,PE,NIFTY26O0623450PE,206.45,393.65,204.2,383.55,384.55,237.2,23118.6,383.55,4095,-6045,288,444169440.0,219,F1,65,,,,,
2026-09-15,2026-09-15,FO,NSE,IDO,40664,,NIFTY,,2026-10-06,2026-10-06,21900.0,PE,NIFTY26O0621900PE,0.0,0.0,0.0,9.7,0.0,9.7,23118.6,24.96,0,0,0,0.0,0,F1,65,,,,,
2026-09-15,2026-09-15,FO,NSE,IDO,71561,,NIFTY,,2027-06-29,2027-06-29,24000.0,PE,NIFTY27JUN24000PE,735.0,850.0,735.0,848.9,850.0,734.25,23118.6,848.9,13910,455,57,91850174.0,47,F1,65,,,,,
2026-09-15,2026-09-15,FO,NSE,IDO,40801,,NIFTY,,2026-10-06,2026-10-06,24050.0,CE,NIFTY26O0624050CE,77.9,79.0,39.05,42.7,40.05,79.7,23118.6,42.7,18395,6435,298,467089616.5,199,F1,65,,,,,
2026-09-15,2026-09-15,FO,NSE,IDO,44614,,NIFTY,,2026-10-13,2026-10-13,22550.0,CE,NIFTY26O1322550CE,0.0,0.0,0.0,1294.15,0.0,1294.15,23118.6,823.07,0,0,0,0.0,0,F1,65,,,,,
2026-09-15,2026-09-15,FO,NSE,IDO,44626,,NIFTY,,2026-10-13,2026-10-13,22850.0,CE,NIFTY26O1322850CE,0.0,0.0,0.0,1050.4,0.0,1050.4,23118.6,616.31,0,0,0,0.0,0,F1,65,,,,,
2026-09-15,2026-09-15,FO,NSE,IDO,44732,,NIFTY,,2026-10-13,2026-10-13,24300.0,CE,NIFTY26O1324300CE,67.85,67.85,38.6,40.35,40.25,64.65,23118.6,40.35,11050,6760,279,441660583.0,203,F1,65,,,,,
2026-09-15,2026-09-15,FO,NSE,IDO,44760,,NIFTY,,2026-10-13,2026-10-13,24650.0,CE,NIFTY26O1324650CE,0.0,0.0,0.0,158.85,0.0,158.85,23118.6,43.0,0,0,0,0.0,0,F1,65,,,,,
2026-09-15,2026-09-15,FO,NSE,IDO,44786,,NIFTY,,2026-10-13,2026-10-13,25200.0,CE,NIFTY26O1325200CE,10.65,13.95,8.55,10.95,10.95,69.45,23118.6,13.37,1625,1625,58,95046848.0,29,F1,65,,,,,
2026-09-15,2026-09-15,FO,NSE,IDO,44794,,NIFTY,,2026-10-13,2026-10-13,25350.0,CE,NIFTY26O1325350CE,9.5,10.0,7.45,8.0,7.6,54.2,23118.6,8.0,1040,1040,80,131867300.5,34,F1,65,,,,,
2026-09-15,2026-09-15,FO,NSE,IDO,44798,,NIFTY,,2026-10-13,2026-10-13,25400.0,CE,NIFTY26O1325400CE,12.0,13.25,7.55,9.0,7.85,10.95,23118.6,9.0,4745,3315,184,303903028.0,100,F1,65,,,,,
2026-09-15,2026-09-15,FO,NSE,IDO,51372,,NIFTY,,2026-10-27,2026-10-27,23500.0,CE,NIFTY26OCT23500CE,460.5,473.0,285.9,302.15,300.0,417.55,23118.6,302.15,971360,262015,18901,29297187894.0,11771,F1,65,,,,,
2026-09-15,2026-09-15,FO,NSE,IDO,51404,,NIFTY,,2026-10-27,2026-10-27,24250.0,CE,NIFTY26OCT24250CE,124.0,124.0,81.0,85.05,82.85,122.65,23118.6,85.05,27235,2795,659,1042975095.5,474,F1,65,,,,,
2026-09-15,2026-09-15,FO,NSE,IDO,51454,,NIFTY,,2026-10-27,2026-10-27,25350.0,CE,NIFTY26OCT25350CE,0.0,0.0,0.0,417.4,0.0,417.4,23118.6,32.59,0,0,0,0.0,0,F1,65,,,,,
2026-09-15,2026-09-15,FO,NSE,IDO,51498,,NIFTY,,2026-10-27,2026-10-27,26200.0,CE,NIFTY26OCT26200CE,10.4,10.4,8.6,8.9,8.9,9.95,23118.6,8.9,6955,3445,77,131176795.75,52,F1,65,,,,,
2026-09-15,2026-09-15,FO,NSE,IDO,51516,,NIFTY,,2026-10-27,2026-10-27,26650.0,CE,NIFTY26OCT26650CE,17.95,17.95,6.25,6.95,6.95,7.0,23118.6,2.72,390,-260,7,12129637.0,4,F1,65,,,,,
2026-09-15,2026-09-15,FO,NSE,IDO,64232,,NIFTY,,2026-11-23,2026-11-23,21850.0,CE,NIFTY26NOV21850CE,0.0,0.0,0.0,2860.95,0.0,2860.95,23118.6,1660.83,0,0,0,0.0,0,F1,65,,,,,
2026-09-15,2026-09-15,FO,NSE,IDO,64294,,NIFTY,,2026-11-23,2026-11-23,22750.0,CE,NIFTY26NOV22750CE,932.0,932.0,932.0,932.0,932.0,2073.75,23118.6,932.0,65,65,1,1539330.0,1,F1,65,,,,,
2026-09-15,2026-09-15,FO,NSE,IDO,64375,,NIFTY,,2026-11-23,2026-11-23,23550.0,CE,NIFTY26NOV23550CE,558.3,558.3,420.0,428.9,428.85,552.75,23118.6,428.9,2795,975,41,64034168.25,29,F1,65,,,,,
2026-09-15,2026-09-15,FO,NSE,IDO,64385,,NIFTY,,2026-11-23,2026-11-23,23750.0,CE,NIFTY26NOV23750CE,428.1,433.6,328.3,342.4,346.2,441.5,23118.6,342.4,3640,910,63,98756385.0,53,F1,65,,,,,
2026-09-15,2026-09-15,FO,NSE,IDO,64393,,NIFTY,,2026-11-23,2026-11-23,23950.0,CE,NIFTY26NOV23950CE,338.3,338.5,252.3,256.65,256.65,349.7,23118.6,409.36,5070,520,64,100836953.75,36,F1,65,,,,,
2026-09-15,2026-09-15,FO,NSE,IDO,64462,,NIFTY,,2026-11-23,2026-11-23,25400.0,CE,NIFTY26NOV25400CE,0.0,0.0,0.0,496.65,0.0,496.65,23118.6,96.59,0,0,0,0.0,0,F1,65,,,,,
2026-09-15,2026-09-15,FO,NSE,IDO,64477,,NIFTY,,2026-11-23,2026-11-23,25600.0,CE,NIFTY26NOV25600CE,0.0,0.0,0.0,431.25,0.0,431.25,23118.6,76.62,0,0,0,0.0,0,F1,65,,,,,
2026-09-15,2026-09-15,FO,NSE,IDO,64479,,NIFTY,,2026-11-23,2026-11-23,25650.0,CE,NIFTY26NOV25650CE,46.05,46.05,31.0,38.55,31.0,415.95,23118.6,38.55,65,65,2,3339508.25,2,F1,65,,,,,
2026-09-15,2026-09-15,FO,NSE,IDO,55322,,NIFTY,,2026-12-29,2026-12-29,16500.0,CE,NIFTY26DEC16500CE,0.0,0.0,0.0,10405.0,0.0,10405.0,23118.6,6916.34,0,0,0,0.0,0,F1,65,,,,,
2026-09-15,2026-09-15,FO,NSE,IDO,58642,,NIFTY,,2026-12-29,2026-12-29,19000.0,CE,NIFTY26DEC19000CE,4707.0,4707.0,4430.0,4447.6,4440.65,4707.55,23118.6,4447.6,71270,5880,155,236947802.0,114,F1,65,,,,,
2026-09-15,2026-09-15,FO,NSE,IDO,80249,,NIFTY,,2027-03-30,2027-03-30,19500.0,CE,NIFTY27MAR19500CE,0.0,0.0,0.0,4365.4,0.0,4365.4,23118.6,4309.91,0,0,0,0.0,0,F1,65,,,,,
2026-09-15,2026-09-15,FO,NSE,IDO,80313,,NIFTY,,2027-03-30,2027-03-30,33000.0,CE,NIFTY27MAR33000CE,15.5,15.5,10.35,10.35,10.35,15.5,23118.6,2.79,5720,0,2,4291680.25,2,F1,65,,,,,
2026-09-15,2026-09-15,FO,NSE,IDO,53603,,NIFTY,,2027-12-28,2027-12-28,18000.0,CE,NIFTY27DEC18000CE,0.0,0.0,0.0,6285.7,0.0,6285.7,23118.6,6570.83,0,0,0,0.0,0,F1,65,,,,,
2026-09-15,2026-09-15,FO,NSE,IDO,86151,,NIFTY,,2028-06-27,2028-06-27,24000.0,CE,NIFTY28JUN24000CE,0.0,0.0,0.0,3918.85,0.0,3918.85,23118.6,2844.76,0,0,0,0.0,0,F1,65,,,,,
2026-09-15,2026-09-15,FO,NSE,IDO,35352,,NIFTY,,2028-06-27,2028-06-27,30000.0,CE,NIFTY28JUN30000CE,0.0,0.0,0.0,2278.45,0.0,2278.45,23118.6,763.4,0,0,0,0.0,0,F1,65,,,,,
2026-09-15,2026-09-15,FO,NSE,IDO,55520,,NIFTY,,2028-12-26,2028-12-26,22500.0,CE,NIFTY28DEC22500CE,0.0,0.0,0.0,7382.9,0.0,7382.9,23118.6,4357.45,0,0,0,0.0,0,F1,65,,,,,
2026-09-15,2026-09-15,FO,NSE,IDO,55526,,NIFTY,,2028-12-26,2028-12-26,31500.0,CE,NIFTY28DEC31500CE,500.0,500.0,500.0,500.0,500.0,530.0,23118.6,500.0,585,0,2,4160000.0,2,F1,65,,,,,
2026-09-15,2026-09-15,FO,NSE,IDO,64358,,NIFTY,,2026-11-23,2026-11-23,23300.0,PE,NIFTY26NOV23300PE,295.05,445.05,290.0,424.55,429.55,305.25,23118.6,424.55,26325,1820,702,1080830630.75,431,F1,65,,,,,
2026-09-15,2026-09-15,FO,NSE,IDO,61748,,NIFTY,,2029-12-24,2029-12-24,24000.0,CE,NIFTY29DEC24000CE,5550.0,5550.0,5200.0,5200.0,5200.0,7729.0,23118.6,5200.0,65,0,2,3818750.0,2,F1,65,,,,,
2026-09-15,2026-09-15,FO,NSE,IDO,62006,,NIFTY,,2029-12-24,2029-12-24,33000.0,CE,NIFTY29DEC33000CE,0.0,0.0,0.0,3816.05,0.0,3816.05,23118.6,1380.18,0,0,0,0.0,0,F1,65,,,,,
2026-09-15,2026-09-15,FO,NSE,IDO,74656,,NIFTY,,2031-06-24,2031-06-24,28500.0,PE,NIFTY31JUN28500PE,0.0,0.0,0.0,2104.2,0.0,2104.2,23118.6,2133.16,0,0,0,0.0,0,F1,65,,,,,
2026-09-15,2026-09-15,FO,NSE,IDO,47148,,NIFTY,,2026-09-15,2026-09-15,21800.0,PE,NIFTY2691521800PE,1.45,1.45,0.05,0.1,0.05,1.45,23118.6,23118.6,924560,-1410630,90935,128856706637.75,14212,F1,65,,,,,
2026-09-15,2026-09-15,FO,NSE,IDO,47243,,NIFTY,,2026-09-15,2026-09-15,22250.0,PE,NIFTY2691522250PE,0.6,0.8,0.05,0.15,0.05,2.2,23118.6,23118.6,790725,-601965,150893,218232632120.75,23940,F1,65,,,,,
2026-09-15,2026-09-15,FO,NSE,IDO,47256,,NIFTY,,2026-09-15,2026-09-15,22450.0,PE,NIFTY2691522450PE,0.75,0.95,0.05,0.2,0.05,3.3,23118.6,23118.6,983125,81120,202201,295066429446.75,32521,F1,65,,,,,
2026-09-15,2026-09-15,FO,NSE,IDO,64352,,NIFTY,,2026-11-23,2026-11-23,23200.0,PE,NIFTY26NOV23200PE,255.8,404.25,255.0,385.15,390.25,275.65,23118.6,385.15,28600,-780,605,926353769.25,361,F1,65,,,,,
2026-09-15,2026-09-15,FO,NSE,IDO,64337,,NIFTY,,2026-11-23,2026-11-23,23000.0,PE,NIFTY26NOV23000PE,206.0,335.05,202.95,317.35,320.0,224.15,23118.6,317.35,425815,-520,4471,6766522460.75,3150,F1,65,,,,,
2026-09-15,2026-09-15,FO,NSE,IDO,64271,,NIFTY,,2026-11-23,2026-11-23,22350.0,PE,NIFTY26NOV22350PE,124.75,174.15,121.4,165.25,166.8,113.15,23118.6,165.25,1885,195,16,23400227.5,14,F1,65,,,,,
2026-09-15,2026-09-15,FO,NSE,IDO,64235,,NIFTY,,2026-11-23,2026-11-23,21900.0,PE,NIFTY26NOV21900PE,111.35,111.35,100.3,100.3,100.3,62.0,23118.6,140.95,845,65,2,2860757.25,2,F1,65,,,,,
2026-09-15,2026-09-15,FO,NSE,IDO,64233,,NIFTY,,2026-11-23,2026-11-23,21850.0,PE,NIFTY26NOV21850PE,0.0,0.0,0.0,51.8,0.0,51.8,23118.6,132.32,0,0,0,0.0,0,F1,65,,,,,
2026-09-15,2026-09-15,FO,NSE,IDO,74652,,NIFTY,,2031-06-24,2031-06-24,25500.0,PE,NIFTY31JUN25500PE,0.0,0.0,0.0,1262.85,0.0,1262.85,23118.6,1243.65,0,0,0,0.0,0,F1,65,,,,,
2026-09-15,2026-09-15,FO,NSE,IDO,51527,,NIFTY,,2026-10-27,2026-10-27,26900.0,PE,NIFTY26OCT26900PE,0.0,0.0,0.0,2631.85,0.0,2631.85,23118.6,3587.76,0,0,0,0.0,0,F1,65,,,,,
2026-09-15,2026-09-15,FO,NSE,IDO,51495,,NIFTY,,2026-10-27,2026-10-27,26100.0,PE,NIFTY26OCT26100PE,0.0,0.0,0.0,1960.3,0.0,1960.3,23118.6,2800.34,0,0,0,0.0,0,F1,65,,,,,
2026-09-15,2026-09-15,FO,NSE,IDO,51451,,NIFTY,,2026-10-27,2026-10-27,25250.0,PE,NIFTY26OCT25250PE,0.0,0.0,0.0,883.6,883.6,883.6,23118.6,1986.65,130,0,0,0.0,0,F1,65,,,,,
2026-09-15,2026-09-15,FO,NSE,IDO,51443,,NIFTY,,2026-10-27,2026-10-27,25050.0,PE,NIFTY26OCT25050PE,0.0,0.0,0.0,1161.25,1161.25,1161.25,23118.6,1802.75,325,0,0,0.0,0,F1,65,,,,,
2026-09-15,2026-09-15,FO,NSE,IDO,51401,,NIFTY,,2026-10-27,2026-10-27,24150.0,PE,NIFTY26OCT24150PE,682.95,905.6,682.9,899.5,905.6,684.7,23118.6,899.5,16510,-195,18,29201308.5,14,F1,65,,,,,
2026-09-15,2026-09-15,FO,NSE,IDO,51399,,NIFTY,,2026-10-27,2026-10-27,24100.0,PE,NIFTY26OCT24100PE,639.95,897.6,639.95,871.1,864.0,650.35,23118.6,871.1,183560,-7410,441,713302593.25,348,F1,65,,,,,
2026-09-15,2026-09-15,FO,NSE,IDO,51327,,NIFTY,,2026-10-27,2026-10-27,22400.0,PE,NIFTY26OCT22400PE,60.0,126.0,60.0,122.05,122.45,73.3,23118.6,122.05,134940,19370,2667,3901378806.0,1773,F1,65,,,,,
2026-09-15,2026-09-15,FO,NSE,IDO,51297,,NIFTY,,2026-10-27,2026-10-27,21750.0,PE,NIFTY26OCT21750PE,35.0,58.6,35.0,58.3,58.15,37.2,23118.6,58.3,29185,25415,649,919418620.25,305,F1,65,,,,,
2026-09-15,2026-09-15,FO,NSE,IDO,44709,,NIFTY,,2026-10-13,2026-10-13,23900.0,PE,NIFTY26O1323900PE,600.0,630.0,600.0,630.0,630.0,517.8,23118.6,835.28,650,0,2,3186950.0,2,F1,65,,,,,
2026-09-15,2026-09-15,FO,NSE,IDO,44691,,NIFTY,,2026-10-13,2026-10-13,23700.0,PE,NIFTY26O1323700PE,358.4,460.0,358.4,460.0,460.0,426.4,23118.6,691.29,260,130,8,12523871.75,8,F1,65,,,,,
2026-09-15,2026-09-15,FO,NSE,IDO,47306,,NIFTY,,2026-09-15,2026-09-15,23700.0,PE,NIFTY2691523700PE,165.75,603.85,152.95,549.25,583.1,269.3,23118.6,23118.6,719290,-781625,196937,307139727537.5,103466,F1,65,,,,,
2026-09-15,2026-09-15,FO,NSE,IDO,47320,,NIFTY,,2026-09-15,2026-09-15,24000.0,PE,NIFTY2691524000PE,458.5,902.6,438.4,842.6,883.8,554.5,23118.6,23118.6,517010,-769730,32729,52416383760.0,17281,F1,65,,,,,
2026-09-15,2026-09-15,FO,NSE,IDO,47328,,NIFTY,,2026-09-15,2026-09-15,24200.0,PE,NIFTY2691524200PE,709.0,1100.0,641.8,1050.05,1084.45,758.55,23118.6,23118.6,300625,-108225,5275,8598892201.25,3257,F1,65,,,,,
2026-09-15,2026-09-15,FO,NSE,IDO,47350,,NIFTY,,2026-09-15,2026-09-15,24700.0,PE,NIFTY2691524700PE,1220.0,1585.0,1217.75,1545.55,1584.35,1249.85,23118.6,23118.6,13780,-11310,306,518571868.75,217,F1,65,,,,,
2026-09-15,2026-09-15,FO,NSE,IDO,47406,,NIFTY,,2026-09-15,2026-09-15,25700.0,PE,NIFTY2691525700PE,0.0,0.0,0.0,1223.4,0.0,1223.4,23118.6,23118.6,0,0,0,0.0,0,F1,65,,,,,
2026-09-15,2026-09-15,FO,NSE,IDO,47414,,NIFTY,,2026-09-15,2026-09-15,25800.0,PE,NIFTY2691525800PE,2520.0,2530.0,2510.0,2530.0,2530.0,2350.0,23118.6,23118.6,455,-65,4,7362550.0,4,F1,65,,,,,
2026-09-15,2026-09-15,FO,NSE,IDO,51423,,NIFTY,,2026-10-27,2026-10-27,24600.0,PE,NIFTY26OCT24600PE,1083.0,1337.45,987.15,1290.15,1289.1,1056.6,23118.6,1290.15,89960,715,259,434286489.0,180,F1,65,,,,,
2026-09-15,2026-09-15,FO,NSE,IDO,51435,,NIFTY,,2026-10-27,2026-10-27,24900.0,PE,NIFTY26OCT24900PE,1382.15,1560.0,1382.15,1560.0,1560.0,1385.05,23118.6,1560.0,78715,455,7,11984527.75,7,F1,65,,,,,
2026-09-15,2026-09-15,FO,NSE,IDO,51445,,NIFTY,,2026-10-27,2026-10-27,25100.0,PE,NIFTY26OCT25100PE,1480.0,1724.05,1480.0,1724.05,1724.05,1554.45,23118.6,1848.34,5525,195,4,6931775.5,4,F1,65,,,,,
2026-09-15,2026-09-15,FO,NSE,IDO,51447,,NIFTY,,2026-10-27,2026-10-27,25150.0,PE,NIFTY26OCT25150PE,0.0,0.0,0.0,974.25,974.25,974.25,23118.6,1894.19,260,0,0,0.0,0,F1,65,,,,,
2026-09-15,2026-09-15,FO,NSE,IDO,51457,,NIFTY,,2026-10-27,2026-10-27,25400.0,PE,NIFTY26OCT25400PE,1898.95,1898.95,1898.95,1898.95,1898.95,1832.95,23118.6,2127.01,845,0,1,1774431.75,1,F1,65,,,,,
2026-09-15,2026-09-15,FO,NSE,IDO,51469,,NIFTY,,2026-10-27,2026-10-27,25500.0,PE,NIFTY26OCT25500PE,1886.0,2190.0,1886.0,2157.3,2166.35,1897.65,23118.6,2157.3,313950,1430,82,146847288.25,72,F1,65,,,,,
2026-09-15,2026-09-15,FO,NSE,IDO,51529,,NIFTY,,2026-10-27,2026-10-27,26950.0,PE,NIFTY26OCT26950PE,0.0,0.0,0.0,2675.85,0.0,2675.85,23118.6,3637.23,0,0,0,0.0,0,F1,65,,,,,
2026-09-15,2026-09-15,FO,NSE,IDO,64228,,NIFTY,,2026-11-23,2026-11-23,21800.0,PE,NIFTY26NOV21800PE,70.0,100.0,61.8,95.0,95.0,48.45,23118.6,95.0,65,65,5,7110788.75,5,F1,65,,,,,
2026-09-15,2026-09-15,FO,NSE,IDO,64275,,NIFTY,,2026-11-23,2026-11-23,22400.0,PE,NIFTY26NOV22400PE,126.35,180.0,126.35,177.1,177.9,116.65,23118.6,177.1,4355,-260,80,117268703.5,47,F1,65,,,,,
2026-09-15,2026-09-15,FO,NSE,IDO,64290,,NIFTY,,2026-11-23,2026-11-23,22650.0,PE,NIFTY26NOV22650PE,214.1,224.05,208.75,222.8,221.9,152.5,23118.6,222.8,2665,260,7,10404813.25,5,F1,65,,,,,
2026-09-15,2026-09-15,FO,NSE,IDO,64376,,NIFTY,,2026-11-23,2026-11-23,23550.0,PE,NIFTY26NOV23550PE,381.95,548.35,380.45,548.35,548.35,395.5,23118.6,548.35,6955,4680,83,129267326.5,22,F1,65,,,,,
2026-09-15,2026-09-15,FO,NSE,IDO,64400,,NIFTY,,2026-11-23,2026-11-23,24050.0,PE,NIFTY26NOV24050PE,0.0,0.0,0.0,530.0,530.0,530.0,23118.6,1020.71,1625,0,0,0.0,0,F1,65,,,,,
2026-09-15,2026-09-15,FO,NSE,IDO,64416,,NIFTY,,2026-11-23,2026-11-23,24450.0,PE,NIFTY26NOV24450PE,0.0,0.0,0.0,878.7,878.7,878.7,23118.6,1301.92,1560,0,0,0.0,0,F1,65,,,,,
2026-09-15,2026-09-15,FO,NSE,IDO,64424,,NIFTY,,2026-11-23,2026-11-23,24650.0,PE,NIFTY26NOV24650PE,1050.0,1050.0,1050.0,1050.0,1050.0,756.75,23118.6,1452.79,910,910,14,23387000.0,6,F1,65,,,,,
2026-09-15,2026-09-15,FO,NSE,IDO,58635,,NIFTY,,2026-12-29,2026-12-29,15000.0,PE,NIFTY26DEC15000PE,8.55,11.0,8.55,10.35,10.25,10.0,23118.6,10.35,122900,1625,72,70247700.25,25,F1,65,,,,,
2026-09-15,2026-09-15,FO,NSE,IDO,58637,,NIFTY,,2026-12-29,2026-12-29,16000.0,PE,NIFTY26DEC16000PE,12.5,13.95,10.8,13.95,13.95,12.45,23118.6,13.95,122520,715,39,40593595.25,27,F1,65,,,,,
2026-09-15,2026-09-15,FO,NSE,IDO,71502,,NIFTY,,2026-12-29,2026-12-29,24000.0,PE,NIFTY26DEC24000PE,610.0,828.0,550.65,796.85,804.0,639.5,23118.6,796.85,2324310,-103025,8079,12985051758.25,5131,F1,65,,,,,
2026-09-15,2026-09-15,FO,NSE,IDO,47191,,NIFTY,,2026-12-29,2026-12-29,33000.0,PE,NIFTY26DEC33000PE,0.0,0.0,0.0,5263.45,0.0,5263.45,23118.6,9285.94,0,0,0,0.0,0,F1,65,,,,,
2026-09-15,2026-09-15,FO,NSE,IDO,55429,,NIFTY,,2027-12-28,2027-12-28,28500.0,PE,NIFTY27DEC28500PE,0.0,0.0,0.0,2979.7,2979.7,2979.7,23118.6,3782.04,260,0,0,0.0,0,F1,65,,,,,
2026-09-15,2026-09-15,FO,NSE,IDO,55431,,NIFTY,,2027-12-28,2027-12-28,31500.0,PE,NIFTY27DEC31500PE,0.0,0.0,0.0,3240.0,0.0,3240.0,23118.6,6151.36,0,0,0,0.0,0,F1,65,,,,,
2026-09-15,2026-09-15,FO,NSE,IDO,47195,,NIFTY,,2027-12-28,2027-12-28,33000.0,PE,NIFTY27DEC33000PE,0.0,0.0,0.0,4155.55,0.0,4155.55,23118.6,7437.7,0,0,0,0.0,0,F1,65,,,,,
2026-09-15,2026-09-15,FO,NSE,IDO,55471,,NIFTY,,2028-06-27,2028-06-27,19500.0,PE,NIFTY28JUN19500PE,0.0,0.0,0.0,40.05,0.0,40.05,23118.6,181.97,0,0,0,0.0,0,F1,65,,,,,
2026-09-15,2026-09-15,FO,NSE,IDO,35353,,NIFTY,,2028-06-27,2028-06-27,30000.0,PE,NIFTY28JUN30000PE,0.0,0.0,0.0,3779.25,0.0,3779.25,23118.6,4442.02,0,0,0,0.0,0,F1,65,,,,,
2026-09-15,2026-09-15,FO,NSE,IDO,55517,,NIFTY,,2028-12-26,2028-12-26,16500.0,PE,NIFTY28DEC16500PE,0.0,0.0,0.0,5.9,0.0,5.9,23118.6,36.92,0,0,0,0.0,0,F1,65,,,,,
2026-09-15,2026-09-15,FO,NSE,IDO,61391,,NIFTY,,2029-12-24,2029-12-24,18000.0,PE,NIFTY29DEC18000PE,0.0,0.0,0.0,96.5,0.0,96.5,23118.6,126.62,0,0,0,0.0,0,F1,65,,,,,
2026-09-15,2026-09-15,FO,NSE,IDO,61747,,NIFTY,,2029-12-24,2029-12-24,23000.0,PE,NIFTY29DEC23000PE,0.0,0.0,0.0,700.0,700.0,700.0,23118.6,800.83,1625,0,0,0.0,0,F1,65,,,,,
2026-09-15,2026-09-15,FO,NSE,IDO,61779,,NIFTY,,2029-12-24,2029-12-24,26000.0,PE,NIFTY29DEC26000PE,0.0,0.0,0.0,1400.0,1400.0,1400.0,23118.6,1663.39,4055,0,0,0.0,0,F1,65,,,,,
2026-09-15,2026-09-15,FO,NSE,IDO,60905,,NIFTY,,2030-06-25,2030-06-25,24000.0,PE,NIFTY30JUN24000PE,0.0,0.0,0.0,698.15,0.0,698.15,23118.6,997.83,0,0,0,0.0,0,F1,65,,,,,
2026-09-15,2026-09-15,FO,NSE,IDO,55757,,NIFTY,,2030-12-31,2030-12-31,25500.0,PE,NIFTY30DEC25500PE,0.0,0.0,0.0,538.25,0.0,538.25,23118.6,1319.18,0,0,0,0.0,0,F1,65,,,,,
2026-09-15,2026-09-15,FO,NSE,IDO,74664,,NIFTY,,2031-06-24,2031-06-24,31500.0,PE,NIFTY31JUN31500PE,0.0,0.0,0.0,3185.85,0.0,3185.85,23118.6,3288.49,0,0,0,0.0,0,F1,65,,,,,
2026-09-15,2026-09-15,FO,NSE,IDO,44699,,NIFTY,,2026-10-13,2026-10-13,23850.0,PE,NIFTY26O1323850PE,0.0,0.0,0.0,508.05,0.0,508.05,23118.6,797.34,0,0,0,0.0,0,F1,65,,,,,
2026-09-15,2026-09-15,FO,NSE,IDO,44697,,NIFTY,,2026-10-13,2026-10-13,23800.0,PE,NIFTY26O1323800PE,0.0,0.0,0.0,440.0,435.0,440.0,23118.6,761.18,130,0,0,0.0,0,F1,65,,,,,
2026-09-15,2026-09-15,FO,NSE,IDO,44631,,NIFTY,,2026-10-13,2026-10-13,22950.0,PE,NIFTY26O1322950PE,187.7,204.05,187.7,197.0,204.05,161.3,23118.6,197.0,260,260,13,19558789.25,9,F1,65,,,,,
2026-09-15,2026-09-15,FO,NSE,IDO,44583,,NIFTY,,2026-10-13,2026-10-13,22050.0,PE,NIFTY26O1322050PE,0.0,0.0,0.0,31.55,0.0,31.55,23118.6,58.92,0,0,0,0.0,0,F1,65,,,,,
2026-09-15,2026-09-15,FO,NSE,IDO,40880,,NIFTY,,2026-10-06,2026-10-06,25350.0,PE,NIFTY26O0625350PE,0.0,0.0,0.0,1263.25,0.0,1263.25,23118.6,2148.96,0,0,0,0.0,0,F1,65,,,,,
2026-09-15,2026-09-15,FO,NSE,IDO,40752,,NIFTY,,2026-10-06,2026-10-06,23300.0,PE,NIFTY26O0623300PE,153.25,327.95,151.0,302.15,305.4,180.55,23118.6,302.15,42185,13130,1461,2235735918.0,1204,F1,65,,,,,
2026-09-15,2026-09-15,FO,NSE,IDO,40681,,NIFTY,,2026-10-06,2026-10-06,22300.0,PE,NIFTY26O0622300PE,25.3,57.5,25.15,54.75,53.95,24.55,23118.6,54.75,7735,7735,317,460381034.75,239,F1,65,,,,,
2026-09-15,2026-09-15,FO,NSE,IDO,40763,,NIFTY,,2026-10-06,2026-10-06,23550.0,CE,NIFTY26O0623550CE,260.05,261.15,142.75,152.8,149.6,257.3,23118.6,152.8,12155,1495,409,631381110.75,293,F1,65,,,,,
2026-09-15,2026-09-15,FO,NSE,IDO,40846,,NIFTY,,2026-10-06,2026-10-06,24750.0,CE,NIFTY26O0624750CE,14.2,14.3,13.75,14.3,14.3,256.8,23118.6,16.93,1885,1885,39,62776925.25,8,F1,65,,,,,
2026-09-15,2026-09-15,FO,NSE,IDO,44556,,NIFTY,,2026-10-13,2026-10-13,21650.0,CE,NIFTY26O1321650CE,0.0,0.0,0.0,2118.25,0.0,2118.25,23118.6,1589.61,0,0,0,0.0,0,F1,65,,,,,
2026-09-15,2026-09-15,FO,NSE,IDO,44566,,NIFTY,,2026-10-13,2026-10-13,21850.0,CE,NIFTY26O1321850CE,0.0,0.0,0.0,1927.0,0.0,1927.0,23118.6,1404.91,0,0,0,0.0,0,F1,65,,,,,
2026-09-15,2026-09-15,FO,NSE,IDO,74507,,NIFTY,,2026-09-29,2026-09-29,27200.0,CE,NIFTY26SEP27200CE,1.65,2.4,1.3,1.75,1.6,1.6,23118.6,1.75,56615,15860,482,852233846.75,88,F1,65,,,,,
2026-09-15,2026-09-15,FO,NSE,IDO,74483,,NIFTY,,2026-09-29,2026-09-29,26550.0,CE,NIFTY26SEP26550CE,0.0,0.0,0.0,2.25,1.9,2.25,23118.6,0.0,4680,0,0,0.0,0,F1,65,,,,,
2026-09-15,2026-09-15,FO,NSE,IDO,74475,,NIFTY,,2026-09-29,2026-09-29,26350.0,CE,NIFTY26SEP26350CE,0.0,0.0,0.0,2.5,2.5,2.5,23118.6,0.0,5525,0,0,0.0,0,F1,65,,,,,
2026-09-15,2026-09-15,FO,NSE,IDO,74467,,NIFTY,,2026-09-29,2026-09-29,26250.0,CE,NIFTY26SEP26250CE,2.1,9.2,1.3,1.45,1.5,2.85,23118.6,1.45,5070,4485,133,226965599.25,41,F1,65,,,,,
2026-09-15,2026-09-15,FO,NSE,IDO,74388,,NIFTY,,2026-09-29,2026-09-29,25350.0,CE,NIFTY26SEP25350CE,5.4,5.45,3.45,4.05,3.45,5.4,23118.6,4.05,24310,-195,304,501005687.0,191,F1,65,,,,,
2026-09-15,2026-09-15,FO,NSE,IDO,74068,,NIFTY,,2026-09-29,2026-09-29,24200.0,CE,NIFTY26SEP24200CE,40.0,40.0,12.7,14.8,13.0,31.15,23118.6,14.8,3686280,196885,60592,95390733148.75,32180,F1,65,,,,,
2026-09-15,2026-09-15,FO,NSE,IDO,74058,,NIFTY,,2026-09-29,2026-09-29,23950.0,CE,NIFTY26SEP23950CE,74.95,75.0,25.6,27.9,26.2,63.75,23118.6,27.9,278005,6955,7517,11722005395.75,4982,F1,65,,,,,
2026-09-15,2026-09-15,FO,NSE,IDO,73901,,NIFTY,,2026-09-29,2026-09-29,22950.0,CE,NIFTY26SEP22950CE,628.2,629.45,379.0,406.7,398.45,617.6,23118.6,406.7,9360,2535,207,314766351.25,155,F1,65,,,,,
2026-09-15,2026-09-15,FO,NSE,IDO,55284,,NIFTY,,2026-09-29,2026-09-29,22500.0,CE,NIFTY26SEP22500CE,1055.05,1055.05,734.05,771.0,772.15,1015.5,23118.6,771.0,630630,60125,3205,4861147115.5,2129,F1,65,,,,,
2026-09-15,2026-09-15,FO,NSE,IDO,73856,,NIFTY,,2026-09-29,2026-09-29,21900.0,CE,NIFTY26SEP21900CE,0.0,0.0,0.0,1970.0,1970.0,1970.0,23118.6,1277.8,585,0,0,0.0,0,F1,65,,,,,
2026-09-15,2026-09-15,FO,NSE,IDO,58014,,NIFTY,,2026-09-22,2026-09-22,25900.0,CE,NIFTY2692225900CE,1.0,1.1,0.8,0.9,0.8,1.0,23118.6,0.9,80210,-6695,5840,9832004013.0,2356,F1,65,,,,,
2026-09-15,2026-09-15,FO,NSE,IDO,58010,,NIFTY,,2026-09-22,2026-09-22,25800.0,CE,NIFTY2692225800CE,1.3,1.45,0.8,0.9,0.8,1.25,23118.6,0.9,830245,810680,24298,40749291674.0,5795,F1,65,,,,,
2026-09-15,2026-09-15,FO,NSE,IDO,44692,,NIFTY,,2026-10-13,2026-10-13,23750.0,CE,NIFTY26O1323750CE,228.95,228.95,130.0,130.0,130.0,207.45,23118.6,201.31,1365,195,25,38853135.75,16,F1,65,,,,,
2026-09-15,2026-09-15,FO,NSE,IDO,44722,,NIFTY,,2026-10-13,2026-10-13,24150.0,CE,NIFTY26O1324150CE,0.0,0.0,0.0,302.85,0.0,302.85,23118.6,107.17,0,0,0,0.0,0,F1,65,,,,,
2026-09-15,2026-09-15,FO,NSE,IDO,44764,,NIFTY,,2026-10-13,2026-10-13,24750.0,CE,NIFTY26O1324750CE,0.0,0.0,0.0,137.9,0.0,137.9,23118.6,35.22,0,0,0,0.0,0,F1,65,,,,,
2026-09-15,2026-09-15,FO,NSE,IDO,44782,,NIFTY,,2026-10-13,2026-10-13,25100.0,CE,NIFTY26O1325100CE,0.0,0.0,0.0,81.45,0.0,81.45,23118.6,16.74,0,0,0,0.0,0,F1,65,,,,,
2026-09-15,2026-09-15,FO,NSE,IDO,51314,,NIFTY,,2026-10-27,2026-10-27,22150.0,CE,NIFTY26OCT22150CE,0.0,0.0,0.0,2291.6,0.0,2291.6,23118.6,1246.06,0,0,0,0.0,0,F1,65,,,,,
2026-09-15,2026-09-15,FO,NSE,IDO,51320,,NIFTY,,2026-10-27,2026-10-27,22300.0,CE,NIFTY26OCT22300CE,0.0,0.0,0.0,1310.3,1310.3,1310.3,23118.6,1127.13,130,0,0,0.0,0,F1,65,,,,,
2026-09-15,2026-09-15,FO,NSE,IDO,51326,,NIFTY,,2026-10-27,2026-10-27,22400.0,CE,NIFTY26OCT22400CE,0.0,0.0,0.0,2083.15,0.0,2083.15,23118.6,1050.84,0,0,0,0.0,0,F1,65,,,,,
2026-09-15,2026-09-15,FO,NSE,IDO,51334,,NIFTY,,2026-10-27,2026-10-27,22600.0,CE,NIFTY26OCT22600CE,1004.35,1004.35,863.0,877.1,863.0,1110.0,23118.6,877.1,325,195,10,15269683.0,10,F1,65,,,,,
2026-09-15,2026-09-15,FO,NSE,IDO,51340,,NIFTY,,2026-10-27,2026-10-27,22700.0,CE,NIFTY26OCT22700CE,911.75,911.75,779.05,792.4,792.4,1740.0,23118.6,792.4,650,390,10,15312547.25,8,F1,65,,,,,
2026-09-15,2026-09-15,FO,NSE,IDO,51346,,NIFTY,,2026-10-27,2026-10-27,22850.0,CE,NIFTY26OCT22850CE,0.0,0.0,0.0,1729.4,0.0,1729.4,23118.6,740.98,0,0,0,0.0,0,F1,65,,,,,
2026-09-15,2026-09-15,FO,NSE,IDO,57996,,NIFTY,,2026-09-22,2026-09-22,25700.0,CE,NIFTY2692225700CE,1.0,1.7,0.9,1.0,0.95,1.35,23118.6,1.0,43290,8255,2827,4722722400.5,1515,F1,65,,,,,
2026-09-15,2026-09-15,FO,NSE,IDO,57960,,NIFTY,,2026-09-22,2026-09-22,25650.0,CE,NIFTY2692225650CE,1.35,1.6,0.9,0.95,0.9,1.25,23118.6,0.95,13975,-10335,1126,1877408653.25,641,F1,65,,,,,
2026-09-15,2026-09-15,FO,NSE,IDO,57951,,NIFTY,,2026-09-22,2026-09-22,25600.0,CE,NIFTY2692225600CE,1.5,1.75,0.9,1.0,0.9,1.5,23118.6,1.0,136370,-650,6330,10533622641.75,3726,F1,65,,,,,
2026-09-15,2026-09-15,FO,NSE,IDO,57873,,NIFTY,,2026-09-22,2026-09-22,25250.0,CE,NIFTY2692225250CE,1.8,2.1,0.9,1.0,0.95,1.75,23118.6,1.0,194155,8125,9355,15354753778.0,4608,F1,65,,,,,
2026-09-15,2026-09-15,FO,NSE,IDO,57441,,NIFTY,,2026-09-22,2026-09-22,24300.0,CE,NIFTY2692224300CE,8.6,8.85,3.0,3.75,3.2,8.0,23118.6,3.75,4768465,3444480,275996,436017930734.75,77997,F1,65,,,,,
2026-09-15,2026-09-15,FO,NSE,IDO,57228,,NIFTY,,2026-09-22,2026-09-22,24050.0,CE,NIFTY2692224050CE,21.2,21.2,4.65,6.1,4.9,18.2,23118.6,6.1,922480,658710,82294,128689277843.75,37442,F1,65,,,,,
2026-09-15,2026-09-15,FO,NSE,IDO,56980,,NIFTY,,2026-09-22,2026-09-22,23200.0,CE,NIFTY2692223200CE,381.0,381.0,147.3,167.4,166.8,352.6,23118.6,167.4,3645070,3232125,225673,343018326833.0,135668,F1,65,,,,,
2026-09-15,2026-09-15,FO,NSE,IDO,56937,,NIFTY,,2026-09-22,2026-09-22,22900.0,CE,NIFTY2692222900CE,624.9,624.9,337.0,367.9,363.15,602.15,23118.6,367.9,54925,39975,3237,4904085413.5,2369,F1,65,,,,,
2026-09-15,2026-09-15,FO,NSE,IDO,47275,,NIFTY,,2026-09-15,2026-09-15,22950.0,CE,NIFTY2691522950CE,556.05,560.05,146.5,183.85,168.2,507.55,23118.6,23118.6,257595,194740,67155,101084867039.0,35861,F1,65,,,,,
2026-09-15,2026-09-15,FO,NSE,IDO,47269,,NIFTY,,2026-09-15,2026-09-15,22800.0,CE,NIFTY2691522800CE,703.0,710.55,295.05,340.3,317.9,657.75,23118.6,23118.6,99515,12350,16219,24447838983.75,9011,F1,65,,,,,
2026-09-15,2026-09-15,FO,NSE,IDO,51392,,NIFTY,,2026-10-27,2026-10-27,24000.0,CE,NIFTY26OCT24000CE,200.2,222.0,126.15,132.45,129.35,193.1,23118.6,132.45,2197650,232245,33495,52585400630.75,17345,F1,65,,,,,
2026-09-15,2026-09-15,FO,NSE,IDO,51410,,NIFTY,,2026-10-27,2026-10-27,24400.0,CE,NIFTY26OCT24400CE,100.0,110.0,61.2,63.9,61.2,92.6,23118.6,63.9,279370,-5850,6716,10684378607.5,3808,F1,65,,,,,
2026-09-15,2026-09-15,FO,NSE,IDO,51412,,NIFTY,,2026-10-27,2026-10-27,24450.0,CE,NIFTY26OCT24450CE,87.45,87.45,56.65,58.7,56.65,84.0,23118.6,58.7,38480,-455,391,623192066.25,295,F1,65,,,,,
2026-09-15,2026-09-15,FO,NSE,IDO,51434,,NIFTY,,2026-10-27,2026-10-27,24900.0,CE,NIFTY26OCT24900CE,38.8,38.8,27.5,29.25,27.85,38.8,23118.6,29.25,186095,52325,3290,5331844358.75,1970,F1,65,,,,,
2026-09-15,2026-09-15,FO,NSE,IDO,51470,,NIFTY,,2026-10-27,2026-10-27,25550.0,CE,NIFTY26OCT25550CE,16.0,16.0,14.85,15.4,15.4,361.35,23118.6,23.11,1560,1560,52,86411123.5,22,F1,65,,,,,
2026-09-15,2026-09-15,FO,NSE,IDO,51478,,NIFTY,,2026-10-27,2026-10-27,25700.0,CE,NIFTY26OCT25700CE,14.6,14.95,13.3,13.8,13.35,14.85,23118.6,13.8,56615,-12610,602,1006182794.5,285,F1,65,,,,,
2026-09-15,2026-09-15,FO,NSE,IDO,51486,,NIFTY,,2026-10-27,2026-10-27,25900.0,CE,NIFTY26OCT25900CE,13.85,13.85,10.65,11.05,11.05,13.2,23118.6,12.24,4160,260,27,45474565.5,13,F1,65,,,,,
2026-09-15,2026-09-15,FO,NSE,IDO,51534,,NIFTY,,2026-10-27,2026-10-27,27050.0,CE,NIFTY26OCT27050CE,3.85,5.1,3.85,5.05,5.05,5.3,23118.6,1.13,5525,-455,24,42205224.75,7,F1,65,,,,,
2026-09-15,2026-09-15,FO,NSE,IDO,51538,,NIFTY,,2026-10-27,2026-10-27,27150.0,CE,NIFTY26OCT27150CE,0.0,0.0,0.0,5.0,5.0,5.0,23118.6,0.9,1950,0,0,0.0,0,F1,65,,,,,
2026-09-15,2026-09-15,FO,NSE,IDO,64218,,NIFTY,,2026-11-23,2026-11-23,21650.0,CE,NIFTY26NOV21650CE,0.0,0.0,0.0,3045.65,0.0,3045.65,23118.6,1827.94,0,0,0,0.0,0,F1,65,,,,,
2026-09-15,2026-09-15,FO,NSE,IDO,64242,,NIFTY,,2026-11-23,2026-11-23,22100.0,CE,NIFTY26NOV22100CE,1454.35,1454.35,1454.35,1454.35,1454.35,2634.25,23118.6,1454.35,195,195,3,4593098.25,1,F1,65,,,,,
2026-09-15,2026-09-15,FO,NSE,IDO,64286,,NIFTY,,2026-11-23,2026-11-23,22600.0,CE,NIFTY26NOV22600CE,0.0,0.0,0.0,2198.8,0.0,2198.8,23118.6,1098.52,0,0,0,0.0,0,F1,65,,,,,
2026-09-15,2026-09-15,FO,NSE,IDO,64353,,NIFTY,,2026-11-23,2026-11-23,23250.0,CE,NIFTY26NOV23250CE,696.0,726.5,586.25,590.8,586.25,676.4,23118.6,590.8,1365,-780,86,133690235.25,48,F1,65,,,,,
2026-09-15,2026-09-15,FO,NSE,IDO,64399,,NIFTY,,2026-11-23,2026-11-23,24050.0,CE,NIFTY26NOV24050CE,248.9,248.9,222.8,231.8,227.0,307.05,23118.6,231.8,2470,390,68,107341789.75,29,F1,65,,,,,
2026-09-15,2026-09-15,FO,NSE,IDO,64411,,NIFTY,,2026-11-23,2026-11-23,24350.0,CE,NIFTY26NOV24350CE,200.95,204.35,147.85,153.2,152.1,202.65,23118.6,153.2,11180,1560,62,98824183.25,37,F1,65,,,,,
2026-09-15,2026-09-15,FO,NSE,IDO,64419,,NIFTY,,2026-11-23,2026-11-23,24550.0,CE,NIFTY26NOV24550CE,145.3,150.75,112.9,114.6,113.7,147.6,23118.6,114.6,11310,195,89,142770579.25,53,F1,65,,,,,
2026-09-15,2026-09-15,FO,NSE,IDO,64443,,NIFTY,,2026-11-23,2026-11-23,25100.0,CE,NIFTY26NOV25100CE,69.15,69.45,53.95,56.45,57.45,67.1,23118.6,56.45,78455,130,246,402341433.0,173,F1,65,,,,,
2026-09-15,2026-09-15,FO,NSE,IDO,64445,,NIFTY,,2026-11-23,2026-11-23,25150.0,CE,NIFTY26NOV25150CE,0.0,0.0,0.0,588.45,0.0,588.45,23118.6,127.59,0,0,0,0.0,0,F1,65,,,,,
2026-09-15,2026-09-15,FO,NSE,IDO,64487,,NIFTY,,2026-11-23,2026-11-23,25750.0,CE,NIFTY26NOV25750CE,0.0,0.0,0.0,386.65,0.0,386.65,23118.6,64.08,0,0,0,0.0,0,F1,65,,,,,
2026-09-15,2026-09-15,FO,NSE,IDO,64489,,NIFTY,,2026-11-23,2026-11-23,25800.0,CE,NIFTY26NOV25800CE,0.0,0.0,0.0,372.6,0.0,372.6,23118.6,60.31,0,0,0,0.0,0,F1,65,,,,,
2026-09-15,2026-09-15,FO,NSE,IDO,64501,,NIFTY,,2026-11-23,2026-11-23,26100.0,CE,NIFTY26NOV26100CE,24.45,24.45,21.0,22.75,21.0,297.8,23118.6,22.75,65,65,2,3395954.25,2,F1,65,,,,,
2026-09-15,2026-09-15,FO,NSE,IDO,71501,,NIFTY,,2026-12-29,2026-12-29,24000.0,CE,NIFTY26DEC24000CE,530.45,549.2,402.5,418.35,412.95,510.8,23118.6,418.35,1883230,117325,9869,15684288503.0,5919,F1,65,,,,,
2026-09-15,2026-09-15,FO,NSE,IDO,35235,,NIFTY,,2026-12-29,2026-12-29,30000.0,CE,NIFTY26DEC30000CE,7.6,9.35,7.5,8.05,7.65,8.7,23118.6,8.05,780605,-25185,1021,1991492880.0,330,F1,65,,,,,
2026-09-15,2026-09-15,FO,NSE,IDO,47257,,NIFTY,,2026-09-15,2026-09-15,22500.0,CE,NIFTY2691522500CE,999.95,1011.0,610.0,638.1,617.45,948.25,23118.6,23118.6,23270,1885,776,1173593570.5,478,F1,65,,,,,
2026-09-15,2026-09-15,FO,NSE,IDO,47230,,NIFTY,,2026-09-15,2026-09-15,22200.0,CE,NIFTY2691522200CE,0.0,0.0,0.0,2410.3,0.0,2410.3,23118.6,23118.6,0,0,0,0.0,0,F1,65,,,,,
2026-09-15,2026-09-15,FO,NSE,IDO,71547,,NIFTY,,2027-06-29,2027-06-29,18000.0,CE,NIFTY27JUN18000CE,0.0,0.0,0.0,4066.45,0.0,4066.45,23118.6,6009.64,0,0,0,0.0,0,F1,65,,,,,
2026-09-15,2026-09-15,FO,NSE,IDO,86145,,NIFTY,,2028-06-27,2028-06-27,21000.0,CE,NIFTY28JUN21000CE,0.0,0.0,0.0,5226.55,0.0,5226.55,23118.6,4741.76,0,0,0,0.0,0,F1,65,,,,,
2026-09-15,2026-09-15,FO,NSE,IDO,55518,,NIFTY,,2028-12-26,2028-12-26,19500.0,CE,NIFTY28DEC19500CE,0.0,0.0,0.0,9716.4,0.0,9716.4,23118.6,6454.28,0,0,0,0.0,0,F1,65,,,,,
2026-09-15,2026-09-15,FO,NSE,IDO,47198,,NIFTY,,2028-12-26,2028-12-26,33000.0,CE,NIFTY28DEC33000CE,0.0,0.0,0.0,2477.5,0.0,2477.5,23118.6,644.37,0,0,0,0.0,0,F1,65,,,,,
2026-09-15,2026-09-15,FO,NSE,IDO,89630,,NIFTY,,2029-06-26,2029-06-26,24000.0,CE,NIFTY29JUN24000CE,0.0,0.0,0.0,8085.35,0.0,8085.35,23118.6,4082.72,0,0,0,0.0,0,F1,65,,,,,
2026-09-15,2026-09-15,FO,NSE,IDO,61794,,NIFTY,,2029-12-24,2029-12-24,27000.0,CE,NIFTY29DEC27000CE,0.0,0.0,0.0,6201.65,0.0,6201.65,23118.6,3212.96,0,0,0,0.0,0,F1,65,,,,,
2026-09-15,2026-09-15,FO,NSE,IDO,55766,,NIFTY,,2030-12-31,2030-12-31,33000.0,CE,NIFTY30DEC33000CE,0.0,0.0,0.0,3948.25,0.0,3948.25,23118.6,2252.63,0,0,0,0.0,0,F1,65,,,,,
2026-09-15,2026-09-15,FO,NSE,IDO,47225,,NIFTY,,2026-09-15,2026-09-15,22100.0,PE,NIFTY2691522100PE,0.6,0.65,0.05,0.15,0.05,1.95,23118.6,23118.6,1335555,-1690065,228048,327595170808.75,40208,F1,65,,,,,
2026-09-15,2026-09-15,FO,NSE,IDO,47276,,NIFTY,,2026-09-15,2026-09-15,22950.0,PE,NIFTY2691522950PE,2.0,4.0,0.05,1.35,0.05,10.7,23118.6,23118.6,4519190,981435,3540643,5282127150361.75,588058,F1,65,,,,,
2026-09-15,2026-09-15,FO,NSE,IDO,47296,,NIFTY,,2026-09-15,2026-09-15,23450.0,PE,NIFTY2691523450PE,43.6,355.8,25.1,298.15,332.2,101.1,23118.6,23118.6,1126125,-2422095,4976758,7614770956757.25,2300273,F1,65,,,,,
2026-09-15,2026-09-15,FO,NSE,IDO,47352,,NIFTY,,2026-09-15,2026-09-15,24750.0,PE,NIFTY2691524750PE,1277.45,1560.0,1277.45,1538.85,1526.45,1320.0,23118.6,23118.6,2795,-1040,19,32243376.75,16,F1,65,,,,,
2026-09-15,2026-09-15,FO,NSE,IDO,47355,,NIFTY,,2026-09-15,2026-09-15,24800.0,PE,NIFTY2691524800PE,1352.55,1686.0,1298.95,1576.75,1682.45,1352.55,23118.6,23118.6,14950,-9945,221,377487467.5,184,F1,65,,,,,
2026-09-15,2026-09-15,FO,NSE,IDO,56702,,NIFTY,,2026-09-22,2026-09-22,21800.0,PE,NIFTY2692221800PE,7.45,7.5,3.5,5.55,5.2,8.75,23118.6,5.55,991965,750360,69487,98484801060.75,19950,F1,65,,,,,
2026-09-15,2026-09-15,FO,NSE,IDO,56822,,NIFTY,,2026-09-22,2026-09-22,22200.0,PE,NIFTY2692222200PE,3.4,13.4,3.4,11.5,10.6,13.55,23118.6,11.5,1830660,684125,85717,123740492196.75,31823,F1,65,,,,,
2026-09-15,2026-09-15,FO,NSE,IDO,56977,,NIFTY,,2026-09-22,2026-09-22,23100.0,PE,NIFTY2692223100PE,55.0,150.65,43.8,132.3,131.45,72.15,23118.6,132.3,2190305,1002235,195571,294954811736.0,115021,F1,65,,,,,
2026-09-15,2026-09-15,FO,NSE,IDO,56981,,NIFTY,,2026-09-22,2026-09-22,23200.0,PE,NIFTY2692223200PE,62.0,196.8,56.4,173.0,172.7,92.0,23118.6,173.0,4552925,2872025,394864,599057653408.5,219584,F1,65,,,,,
2026-09-15,2026-09-15,FO,NSE,IDO,57083,,NIFTY,,2026-09-22,2026-09-22,23750.0,PE,NIFTY2692223750PE,285.0,613.1,284.35,564.7,564.5,346.7,23118.6,564.7,112385,22035,6869,10812656156.25,5735,F1,65,,,,,
2026-09-15,2026-09-15,FO,NSE,IDO,57428,,NIFTY,,2026-09-22,2026-09-22,24250.0,PE,NIFTY2692224250PE,760.0,1067.9,760.0,1038.4,1038.4,792.3,23118.6,1038.4,17355,6760,215,351764257.0,118,F1,65,,,,,
2026-09-15,2026-09-15,FO,NSE,IDO,57894,,NIFTY,,2026-09-22,2026-09-22,25350.0,PE,NIFTY2692225350PE,0.0,0.0,0.0,1190.0,0.0,1190.0,23118.6,2202.83,0,0,0,0.0,0,F1,65,,,,,
2026-09-15,2026-09-15,FO,NSE,IDO,57921,,NIFTY,,2026-09-22,2026-09-22,25500.0,PE,NIFTY2692225500PE,2000.0,2305.0,2000.0,2291.65,2297.65,2028.55,23118.6,2291.65,61750,49010,776,1393040463.75,498,F1,65,,,,,
2026-09-15,2026-09-15,FO,NSE,IDO,73866,,NIFTY,,2026-09-29,2026-09-29,22000.0,PE,NIFTY26SEP22000PE,17.5,24.95,8.3,23.4,22.95,18.2,23118.6,23.4,3641300,241605,82263,117729206084.75,33337,F1,65,,,,,
2026-09-15,2026-09-15,FO,NSE,IDO,73892,,NIFTY,,2026-09-29,2026-09-29,22700.0,PE,NIFTY26SEP22700PE,34.35,87.9,33.1,79.2,78.3,47.65,23118.6,79.2,886665,87165,37473,55431515350.25,20844,F1,65,,,,,
2026-09-15,2026-09-15,FO,NSE,IDO,73907,,NIFTY,,2026-09-29,2026-09-29,23100.0,PE,NIFTY26SEP23100PE,78.0,204.0,58.45,183.65,183.5,104.2,23118.6,183.65,944515,4680,31963,48284309017.75,21568,F1,65,,,,,
2026-09-15,2026-09-15,FO,NSE,IDO,74046,,NIFTY,,2026-09-29,2026-09-29,23800.0,PE,NIFTY26SEP23800PE,380.0,658.65,341.95,614.95,609.6,406.75,23118.6,614.95,1757340,-206830,16446,25981752390.75,9399,F1,65,,,,,
2026-09-15,2026-09-15,FO,NSE,IDO,74369,,NIFTY,,2026-09-29,2026-09-29,25100.0,PE,NIFTY26SEP25100PE,1570.3,1888.75,1467.8,1864.4,1888.75,1624.2,23118.6,1864.4,98410,3835,170,296509372.25,141,F1,65,,,,,
2026-09-15,2026-09-15,FO,NSE,IDO,55287,,NIFTY,,2026-09-29,2026-09-29,25500.0,PE,NIFTY26SEP25500PE,1988.95,2320.0,1978.5,2269.75,2278.45,2014.9,23118.6,2269.75,1479010,-16965,784,1408311515.0,679,F1,65,,,,,
2026-09-15,2026-09-15,FO,NSE,IDO,74443,,NIFTY,,2026-09-29,2026-09-29,26100.0,PE,NIFTY26SEP26100PE,0.0,0.0,0.0,1712.15,1712.15,1712.15,23118.6,2922.61,9360,0,0,0.0,0,F1,65,,,,,
2026-09-15,2026-09-15,FO,NSE,IDO,74468,,NIFTY,,2026-09-29,2026-09-29,26250.0,PE,NIFTY26SEP26250PE,0.0,0.0,0.0,2180.0,0.0,2180.0,23118.6,3072.27,0,0,0,0.0,0,F1,65,,,,,
2026-09-15,2026-09-15,FO,NSE,IDO,74486,,NIFTY,,2026-09-29,2026-09-29,26600.0,PE,NIFTY26SEP26600PE,0.0,0.0,0.0,2474.55,0.0,2474.55,23118.6,3421.48,0,0,0,0.0,0,F1,65,,,,,
2026-09-15,2026-09-15,FO,NSE,IDO,40688,,NIFTY,,2026-10-06,2026-10-06,22400.0,PE,NIFTY26O0622400PE,0.0,0.0,0.0,30.4,0.0,30.4,23118.6,85.06,0,0,0,0.0,0,F1,65,,,,,
2026-09-15,2026-09-15,FO,NSE,IDO,40720,,NIFTY,,2026-10-06,2026-10-06,22850.0,PE,NIFTY26O0622850PE,100.0,147.25,93.45,138.5,139.6,78.1,23118.6,138.5,845,650,46,68727623.25,28,F1,65,,,,,
2026-09-15,2026-09-15,FO,NSE,IDO,40828,,NIFTY,,2026-10-06,2026-10-06,24550.0,PE,NIFTY26O0624550PE,0.0,0.0,0.0,677.9,0.0,677.9,23118.6,1376.24,0,0,0,0.0,0,F1,65,,,,,
2026-09-15,2026-09-15,FO,NSE,IDO,40749,,NIFTY,,2026-10-06,2026-10-06,23250.0,CE,NIFTY26O0623250CE,438.8,446.0,261.5,282.65,281.9,433.35,23118.6,282.65,10595,5005,409,626342180.75,292,F1,65,,,,,
2026-09-15,2026-09-15,FO,NSE,IDO,40834,,NIFTY,,2026-10-06,2026-10-06,24600.0,PE,NIFTY26O0624600PE,0.0,0.0,0.0,709.3,0.0,709.3,23118.6,1422.92,0,0,0,0.0,0,F1,65,,,,,
2026-09-15,2026-09-15,FO,NSE,IDO,40876,,NIFTY,,2026-10-06,2026-10-06,25250.0,PE,NIFTY26O0625250PE,0.0,0.0,0.0,1181.55,0.0,1181.55,23118.6,2050.4,0,0,0,0.0,0,F1,65,,,,,
2026-09-15,2026-09-15,FO,NSE,IDO,44613,,NIFTY,,2026-10-13,2026-10-13,22500.0,PE,NIFTY26O1322500PE,45.65,104.85,45.65,98.75,98.4,58.8,23118.6,98.75,13650,6045,685,1005090524.75,465,F1,65,,,,,
2026-09-15,2026-09-15,FO,NSE,IDO,44615,,NIFTY,,2026-10-13,2026-10-13,22550.0,PE,NIFTY26O1322550PE,0.0,0.0,0.0,83.55,0.0,83.55,23118.6,152.98,0,0,0,0.0,0,F1,65,,,,,
2026-09-15,2026-09-15,FO,NSE,IDO,44731,,NIFTY,,2026-10-13,2026-10-13,24250.0,PE,NIFTY26O1324250PE,0.0,0.0,0.0,748.2,0.0,748.2,23118.6,1112.55,0,0,0,0.0,0,F1,65,,,,,
2026-09-15,2026-09-15,FO,NSE,IDO,51293,,NIFTY,,2026-10-27,2026-10-27,21650.0,PE,NIFTY26OCT21650PE,35.0,59.0,30.15,54.2,56.95,68.9,23118.6,54.2,7475,7475,400,564063149.0,149,F1,65,,,,,
2026-09-15,2026-09-15,FO,NSE,IDO,51299,,NIFTY,,2026-10-27,2026-10-27,21800.0,PE,NIFTY26OCT21800PE,32.1,62.3,32.0,60.25,61.45,40.2,23118.6,60.25,67795,43355,1536,2181651946.5,774,F1,65,,,,,
2026-09-15,2026-09-15,FO,NSE,IDO,51325,,NIFTY,,2026-10-27,2026-10-27,22350.0,PE,NIFTY26OCT22350PE,62.65,118.3,62.65,113.9,113.0,68.6,23118.6,113.9,18590,1755,319,465470193.5,212,F1,65,,,,,
2026-09-15,2026-09-15,FO,NSE,IDO,51329,,NIFTY,,2026-10-27,2026-10-27,22450.0,PE,NIFTY26OCT22450PE,73.85,134.4,73.0,130.1,131.1,77.95,23118.6,130.1,20410,15275,516,756215577.0,234,F1,65,,,,,
2026-09-15,2026-09-15,FO,NSE,IDO,51363,,NIFTY,,2026-10-27,2026-10-27,23250.0,PE,NIFTY26OCT23250PE,207.65,370.0,207.65,349.15,349.55,231.5,23118.6,349.15,21255,-9295,1018,1557993901.75,754,F1,65,,,,,
2026-09-15,2026-09-15,FO,NSE,IDO,51389,,NIFTY,,2026-10-27,2026-10-27,23900.0,PE,NIFTY26OCT23900PE,505.0,753.35,500.3,710.7,710.8,524.65,23118.6,710.7,166205,455,287,457474316.0,269,F1,65,,,,,
2026-09-15,2026-09-15,FO,NSE,IDO,51397,,NIFTY,,2026-10-27,2026-10-27,24050.0,PE,NIFTY26OCT24050PE,678.5,839.25,678.5,820.7,815.0,621.4,23118.6,820.7,6435,390,16,25816423.75,14,F1,65,,,,,
2026-09-15,2026-09-15,FO,NSE,IDO,51405,,NIFTY,,2026-10-27,2026-10-27,24250.0,PE,NIFTY26OCT24250PE,811.0,967.3,811.0,954.0,954.0,772.0,23118.6,954.0,12610,0,4,6541099.5,4,F1,65,,,,,
2026-09-15,2026-09-15,FO,NSE,IDO,51453,,NIFTY,,2026-10-27,2026-10-27,25300.0,PE,NIFTY26OCT25300PE,1800.0,1800.0,1800.0,1800.0,1800.0,1150.0,23118.6,2033.23,650,65,1,1761500.0,1,F1,65,,,,,
2026-09-15,2026-09-15,FO,NSE,IDO,51503,,NIFTY,,2026-10-27,2026-10-27,26300.0,PE,NIFTY26OCT26300PE,0.0,0.0,0.0,2121.9,0.0,2121.9,23118.6,2996.15,0,0,0,0.0,0,F1,65,,,,,
2026-09-15,2026-09-15,FO,NSE,IDO,51531,,NIFTY,,2026-10-27,2026-10-27,27000.0,PE,NIFTY26OCT27000PE,3331.4,3652.95,3331.4,3628.9,3628.9,3349.3,23118.6,3686.71,337285,25480,449,889477277.0,445,F1,65,,,,,
2026-09-15,2026-09-15,FO,NSE,IDO,64247,,NIFTY,,2026-11-23,2026-11-23,22200.0,PE,NIFTY26NOV22200PE,83.9,149.5,83.9,143.7,146.0,95.5,23118.6,143.7,39455,-7865,510,739990553.25,298,F1,65,,,,,
2026-09-15,2026-09-15,FO,NSE,IDO,64285,,NIFTY,,2026-11-23,2026-11-23,22550.0,PE,NIFTY26NOV22550PE,148.05,206.0,148.05,201.4,201.4,136.6,23118.6,201.4,2600,910,15,22182212.0,4,F1,65,,,,,
2026-09-15,2026-09-15,FO,NSE,IDO,64346,,NIFTY,,2026-11-23,2026-11-23,23050.0,PE,NIFTY26NOV23050PE,260.3,331.0,260.3,331.0,331.0,237.95,23118.6,331.0,1755,-130,9,13657309.25,6,F1,65,,,,,
2026-09-15,2026-09-15,FO,NSE,IDO,64350,,NIFTY,,2026-11-23,2026-11-23,23150.0,PE,NIFTY26NOV23150PE,254.45,382.0,252.85,372.75,372.1,265.8,23118.6,372.75,2470,2145,50,76395013.5,29,F1,65,,,,,
2026-09-15,2026-09-15,FO,NSE,IDO,64362,,NIFTY,,2026-11-23,2026-11-23,23400.0,PE,NIFTY26NOV23400PE,327.9,490.7,314.1,465.3,471.9,339.55,23118.6,465.3,66430,-715,720,1114246032.25,447,F1,65,,,,,
2026-09-15,2026-09-15,FO,NSE,IDO,64452,,NIFTY,,2026-11-23,2026-11-23,25200.0,PE,NIFTY26NOV25200PE,0.0,0.0,0.0,1060.25,0.0,1060.25,23118.6,1902.45,0,0,0,0.0,0,F1,65,,,,,
2026-09-15,2026-09-15,FO,NSE,IDO,64469,,NIFTY,,2026-11-23,2026-11-23,25400.0,PE,NIFTY26NOV25400PE,0.0,0.0,0.0,1184.75,0.0,1184.75,23118.6,2075.85,0,0,0,0.0,0,F1,65,,,,,
2026-09-15,2026-09-15,FO,NSE,IDO,64496,,NIFTY,,2026-11-23,2026-11-23,25950.0,PE,NIFTY26NOV25950PE,0.0,0.0,0.0,1562.8,0.0,1562.8,23118.6,2572.86,0,0,0,0.0,0,F1,65,,,,,
2026-09-15,2026-09-15,FO,NSE,IDO,58647,,NIFTY,,2026-12-29,2026-12-29,21000.0,PE,NIFTY26DEC21000PE,56.0,85.65,56.0,83.85,84.5,63.2,23118.6,83.85,1368325,-2635,7329,10038985791.25,4135,F1,65,,,,,
2026-09-15,2026-09-15,FO,NSE,IDO,50548,,NIFTY,,2026-12-29,2026-12-29,28000.0,PE,NIFTY26DEC28000PE,4031.3,4295.75,3994.2,4247.25,4260.5,4010.0,23118.6,4247.25,947090,3510,141,295091319.25,117,F1,65,,,,,
2026-09-15,2026-09-15,FO,NSE,IDO,55333,,NIFTY,,2026-12-29,2026-12-29,31500.0,PE,NIFTY26DEC31500PE,0.0,0.0,0.0,4059.3,0.0,4059.3,23118.6,7813.18,0,0,0,0.0,0,F1,65,,,,,
2026-09-15,2026-09-15,FO,NSE,IDO,80277,,NIFTY,,2027-03-30,2027-03-30,27000.0,PE,NIFTY27MAR27000PE,2678.0,2994.85,2678.0,2960.35,2959.5,2704.05,23118.6,2960.35,52910,910,71,137758968.75,68,F1,65,,,,,
2026-09-15,2026-09-15,FO,NSE,IDO,55421,,NIFTY,,2027-12-28,2027-12-28,16500.0,PE,NIFTY27DEC16500PE,0.0,0.0,0.0,52.05,52.05,52.05,23118.6,11.77,130,0,0,0.0,0,F1,65,,,,,
2026-09-15,2026-09-15,FO,NSE,IDO,53632,,NIFTY,,2027-12-28,2027-12-28,27000.0,PE,NIFTY27DEC27000PE,2092.4,2260.0,2014.95,2249.3,2259.25,2106.55,23118.6,2249.3,50205,-1560,90,170535579.5,62,F1,65,,,,,
2026-09-15,2026-09-15,FO,NSE,IDO,61375,,NIFTY,,2029-12-24,2029-12-24,15000.0,PE,NIFTY29DEC15000PE,0.0,0.0,0.0,29.0,29.0,29.0,23118.6,22.29,65,0,0,0.0,0,F1,65,,,,,
2026-09-15,2026-09-15,FO,NSE,IDO,60893,,NIFTY,,2030-06-25,2030-06-25,18000.0,PE,NIFTY30JUN18000PE,0.0,0.0,0.0,116.65,0.0,116.65,23118.6,135.74,0,0,0,0.0,0,F1,65,,,,,
2026-09-15,2026-09-15,FO,NSE,IDO,55645,,NIFTY,,2030-06-25,2030-06-25,22500.0,PE,NIFTY30JUN22500PE,0.0,0.0,0.0,223.75,0.0,223.75,23118.6,673.27,0,0,0,0.0,0,F1,65,,,,,
2026-09-15,2026-09-15,FO,NSE,IDO,60911,,NIFTY,,2030-06-25,2030-06-25,27000.0,PE,NIFTY30JUN27000PE,0.0,0.0,0.0,1286.05,0.0,1286.05,23118.6,1897.96,0,0,0,0.0,0,F1,65,,,,,
2026-09-15,2026-09-15,FO,NSE,IDO,60939,,NIFTY,,2030-06-25,2030-06-25,30000.0,PE,NIFTY30JUN30000PE,0.0,0.0,0.0,2100.85,0.0,2100.85,23118.6,3132.05,0,0,0,0.0,0,F1,65,,,,,
2026-09-15,2026-09-15,FO,NSE,IDO,55699,,NIFTY,,2030-12-31,2030-12-31,18000.0,PE,NIFTY30DEC18000PE,0.0,0.0,0.0,32.3,0.0,32.3,23118.6,141.91,0,0,0,0.0,0,F1,65,,,,,
2026-09-15,2026-09-15,FO,NSE,IDO,74639,,NIFTY,,2031-06-24,2031-06-24,16500.0,PE,NIFTY31JUN16500PE,0.0,0.0,0.0,95.65,0.0,95.65,23118.6,75.43,0,0,0,0.0,0,F1,65,,,,,
2026-09-15,2026-09-15,FO,NSE,IDO,55292,,NIFTY,,2026-09-29,2026-09-29,34500.0,CE,NIFTY26SEP34500CE,0.0,0.0,0.0,0.6,0.6,0.6,23118.6,0.0,9815,0,0,0.0,0,F1,65,,,,,
2026-09-15,2026-09-15,FO,NSE,IDO,40717,,NIFTY,,2026-10-06,2026-10-06,22850.0,CE,NIFTY26O0622850CE,0.0,0.0,0.0,1410.45,0.0,1410.45,23118.6,549.57,0,0,0,0.0,0,F1,65,,,,,
2026-09-15,2026-09-15,FO,NSE,IDO,40755,,NIFTY,,2026-10-06,2026-10-06,23400.0,CE,NIFTY26O0623400CE,340.0,347.5,197.7,210.15,209.2,339.7,23118.6,210.15,50050,36985,1724,2653715226.5,1326,F1,65,,,,,
2026-09-15,2026-09-15,FO,NSE,IDO,44633,,NIFTY,,2026-10-13,2026-10-13,23000.0,PE,NIFTY26O1323000PE,105.0,228.1,105.0,210.75,211.75,128.5,23118.6,210.75,16315,7670,515,775581469.0,348,F1,65,,,,,
2026-09-15,2026-09-15,FO,NSE,IDO,40768,,NIFTY,,2026-10-06,2026-10-06,23650.0,PE,NIFTY26O0623650PE,308.05,543.95,303.7,523.9,523.9,343.4,23118.6,523.9,975,-845,18,28230049.25,18,F1,65,,,,,
2026-09-15,2026-09-15,FO,NSE,IDO,40814,,NIFTY,,2026-10-06,2026-10-06,24250.0,PE,NIFTY26O0624250PE,0.0,0.0,0.0,505.9,0.0,505.9,23118.6,1104.43,0,0,0,0.0,0,F1,65,,,,,
2026-09-15,2026-09-15,FO,NSE,IDO,44561,,NIFTY,,2026-10-13,2026-10-13,21700.0,PE,NIFTY26O1321700PE,0.0,0.0,0.0,14.3,0.0,14.3,23118.6,26.65,0,0,0,0.0,0,F1,65,,,,,
2026-09-15,2026-09-15,FO,NSE,IDO,74650,,NIFTY,,2031-06-24,2031-06-24,24000.0,PE,NIFTY31JUN24000PE,0.0,0.0,0.0,933.85,933.85,933.85,23118.6,901.47,65,0,0,0.0,0,F1,65,,,,,
2026-09-15,2026-09-15,FO,NSE,IDO,67779,,NIFTY,,2028-12-26,2028-12-26,22000.0,PE,NIFTY28DEC22000PE,0.0,0.0,0.0,490.05,490.05,490.05,23118.6,598.65,8890,0,0,0.0,0,F1,65,,,,,
2026-09-15,2026-09-15,FO,NSE,IDO,55479,,NIFTY,,2028-06-27,2028-06-27,28500.0,PE,NIFTY28JUN28500PE,0.0,0.0,0.0,1560.85,0.0,1560.85,23118.6,3433.41,0,0,0,0.0,0,F1,65,,,,,
2026-09-15,2026-09-15,FO,NSE,IDO,53611,,NIFTY,,2027-12-28,2027-12-28,20000.0,PE,NIFTY27DEC20000PE,182.0,215.0,178.0,204.55,203.6,180.25,23118.6,204.55,69385,130,62,81403890.75,51,F1,65,,,,,
2026-09-15,2026-09-15,FO,NSE,IDO,53606,,NIFTY,,2027-12-28,2027-12-28,19000.0,PE,NIFTY27DEC19000PE,120.0,125.0,118.85,125.0,125.0,106.65,23118.6,97.99,20960,390,6,7456826.0,4,F1,65,,,,,
2026-09-15,2026-09-15,FO,NSE,IDO,53604,,NIFTY,,2027-12-28,2027-12-28,18000.0,PE,NIFTY27DEC18000PE,85.8,100.0,85.8,100.0,100.0,91.85,23118.6,100.0,15105,130,4,4704427.0,4,F1,65,,,,,
2026-09-15,2026-09-15,FO,NSE,IDO,55698,,NIFTY,,2030-12-31,2030-12-31,18000.0,CE,NIFTY30DEC18000CE,0.0,0.0,0.0,12674.15,0.0,12674.15,23118.6,9546.17,0,0,0,0.0,0,F1,65,,,,,
2026-09-15,2026-09-15,FO,NSE,IDO,74660,,NIFTY,,2031-06-24,2031-06-24,30000.0,PE,NIFTY31JUN30000PE,0.0,0.0,0.0,2616.25,0.0,2616.25,23118.6,2679.1,0,0,0,0.0,0,F1,65,,,,,
2026-09-15,2026-09-15,FO,NSE,IDO,55566,,NIFTY,,2029-06-26,2029-06-26,31500.0,CE,NIFTY29JUN31500CE,0.0,0.0,0.0,2878.65,0.0,2878.65,23118.6,1288.8,0,0,0,0.0,0,F1,65,,,,,
2026-09-15,2026-09-15,FO,NSE,IDO,55373,,NIFTY,,2027-06-29,2027-06-29,19500.0,PE,NIFTY27JUN19500PE,0.0,0.0,0.0,17.3,0.0,17.3,23118.6,75.32,0,0,0,0.0,0,F1,65,,,,,
2026-09-15,2026-09-15,FO,NSE,IDO,71550,,NIFTY,,2027-06-29,2027-06-29,19000.0,PE,NIFTY27JUN19000PE,0.0,0.0,0.0,90.0,90.0,90.0,23118.6,47.86,940,0,0,0.0,0,F1,65,,,,,
2026-09-15,2026-09-15,FO,NSE,IDO,80191,,NIFTY,,2027-03-30,2027-03-30,16500.0,PE,NIFTY27MAR16500PE,0.0,0.0,0.0,20.25,20.25,20.25,23118.6,0.45,1560,0,0,0.0,0,F1,65,,,,,
2026-09-15,2026-09-15,FO,NSE,IDO,64498,,NIFTY,,2026-11-23,2026-11-23,26000.0,PE,NIFTY26NOV26000PE,2300.0,2547.4,2300.0,2520.0,2520.0,2280.0,23118.6,2520.0,6825,260,14,25919497.5,13,F1,65,,,,,
2026-09-15,2026-09-15,FO,NSE,IDO,64459,,NIFTY,,2026-11-23,2026-11-23,25350.0,PE,NIFTY26NOV25350PE,0.0,0.0,0.0,1152.95,0.0,1152.95,23118.6,2032.08,0,0,0,0.0,0,F1,65,,,,,
2026-09-15,2026-09-15,FO,NSE,IDO,64444,,NIFTY,,2026-11-23,2026-11-23,25100.0,PE,NIFTY26NOV25100PE,0.0,0.0,0.0,1027.25,1027.25,1027.25,23118.6,1817.54,130,0,0,0.0,0,F1,65,,,,,
2026-09-15,2026-09-15,FO,NSE,IDO,64414,,NIFTY,,2026-11-23,2026-11-23,24400.0,PE,NIFTY26NOV24400PE,0.0,0.0,0.0,863.0,860.55,863.0,23118.6,1264.15,12480,0,0,0.0,0,F1,65,,,,,
2026-09-15,2026-09-15,FO,NSE,IDO,64404,,NIFTY,,2026-11-23,2026-11-23,24150.0,PE,NIFTY26NOV24150PE,680.05,900.0,680.05,900.0,900.0,694.65,23118.6,1087.7,1365,-520,17,27505780.25,8,F1,65,,,,,
2026-09-15,2026-09-15,FO,NSE,IDO,64360,,NIFTY,,2026-11-23,2026-11-23,23350.0,PE,NIFTY26NOV23350PE,298.85,465.6,298.8,448.75,450.35,320.85,23118.6,448.75,5200,1040,97,149654927.5,59,F1,65,,,,,
2026-09-15,2026-09-15,FO,NSE,IDF,68407,,NIFTY,,2026-09-29,2026-09-29,,,NIFTY26SEPFUT,23551.7,23589.2,23180.0,23223.9,23220.0,23485.2,23118.6,23223.9,18039125,106015,58318,88471289510.5,38066,F1,65,,,,,
2026-09-15,2026-09-15,FO,NSE,IDO,47134,,NIFTY,,2026-09-15,2026-09-15,21700.0,CE,NIFTY2691521700CE,0.0,0.0,0.0,2900.2,0.0,2900.2,23118.6,23118.6,0,0,0,0.0,0,F1,65,,,,,
2026-09-15,2026-09-15,FO,NSE,IDO,47299,,NIFTY,,2026-09-15,2026-09-15,23550.0,CE,NIFTY2691523550CE,65.0,71.4,0.05,1.35,0.05,52.45,23118.6,23118.6,5701280,820560,8168552,12509012990357.0,1665516,F1,65,,,,,
2026-09-15,2026-09-15,FO,NSE,IDO,47303,,NIFTY,,2026-09-15,2026-09-15,23650.0,CE,NIFTY2691523650CE,40.0,40.0,0.05,0.75,0.05,25.35,23118.6,23118.6,5136950,163215,5106148,7850545453419.5,824029,F1,65,,,,,
2026-09-15,2026-09-15,FO,NSE,IDO,47307,,NIFTY,,2026-09-15,2026-09-15,23750.0,CE,NIFTY2691523750CE,8.0,11.95,0.05,0.45,0.05,11.45,23118.6,23118.6,4244955,-1158235,2711797,4186638038082.5,494373,F1,65,,,,,
2026-09-15,2026-09-15,FO,NSE,IDO,47309,,NIFTY,,2026-09-15,2026-09-15,23800.0,CE,NIFTY2691523800CE,4.8,5.1,0.05,0.35,0.05,8.05,23118.6,23118.6,7682220,-3911765,3547105,5487672524652.5,611757,F1,65,,,,,
2026-09-15,2026-09-15,FO,NSE,IDO,47335,,NIFTY,,2026-09-15,2026-09-15,24400.0,CE,NIFTY2691524400CE,0.55,1.2,0.05,0.4,0.05,1.2,23118.6,23118.6,5444595,417170,886388,1405837910958.0,106659,F1,65,,,,,
2026-09-15,2026-09-15,FO,NSE,IDO,47349,,NIFTY,,2026-09-15,2026-09-15,24700.0,CE,NIFTY2691524700CE,0.5,0.65,0.05,0.15,0.05,0.8,23118.6,23118.6,1883570,-566150,371103,595813604873.5,56679,F1,65,,,,,
2026-09-15,2026-09-15,FO,NSE,IDO,47379,,NIFTY,,2026-09-15,2026-09-15,25300.0,CE,NIFTY2691525300CE,0.4,0.4,0.05,0.1,0.05,0.4,23118.6,23118.6,410215,-432445,50027,82270147732.5,10376,F1,65,,,,,
2026-09-15,2026-09-15,FO,NSE,IDO,47421,,NIFTY,,2026-09-15,2026-09-15,25900.0,CE,NIFTY2691525900CE,0.55,0.55,0.05,0.05,0.05,0.35,23118.6,23118.6,223535,-72800,15514,26118048944.0,5043,F1,65,,,,,
2026-09-15,2026-09-15,FO,NSE,IDO,47423,,NIFTY,,2026-09-15,2026-09-15,25950.0,CE,NIFTY2691525950CE,0.4,0.8,0.05,0.05,0.05,0.4,23118.6,23118.6,79690,14885,7012,11827588597.5,3060,F1,65,,,,,
2026-09-15,2026-09-15,FO,NSE,IDO,56707,,NIFTY,,2026-09-22,2026-09-22,21900.0,CE,NIFTY2692221900CE,0.0,0.0,0.0,2390.45,0.0,2390.45,23118.6,1244.27,0,0,0,0.0,0,F1,65,,,,,
2026-09-15,2026-09-15,FO,NSE,IDO,56729,,NIFTY,,2026-09-22,2026-09-22,22050.0,CE,NIFTY2692222050CE,1270.0,1270.0,1162.05,1162.8,1163.0,1360.0,23118.6,1162.8,325,195,6,9065618.25,4,F1,65,,,,,
2026-09-15,2026-09-15,FO,NSE,IDO,56877,,NIFTY,,2026-09-22,2026-09-22,22600.0,CE,NIFTY2692222600CE,879.0,879.0,586.55,626.15,616.0,879.0,23118.6,626.15,31005,10920,386,582993528.0,292,F1,65,,,,,
2026-09-15,2026-09-15,FO,NSE,IDO,56907,,NIFTY,,2026-09-22,2026-09-22,22750.0,CE,NIFTY2692222750CE,613.35,626.45,465.0,493.45,493.3,582.8,23118.6,493.45,3640,3445,163,246375194.0,152,F1,65,,,,,
2026-09-15,2026-09-15,FO,NSE,IDO,57031,,NIFTY,,2026-09-22,2026-09-22,23600.0,CE,NIFTY2692223600CE,139.0,149.95,28.6,33.95,30.05,114.75,23118.6,33.95,3821155,2274155,371168,570690407218.75,176123,F1,65,,,,,
2026-09-15,2026-09-15,FO,NSE,IDO,57086,,NIFTY,,2026-09-22,2026-09-22,23850.0,CE,NIFTY2692223850CE,62.2,62.3,9.0,10.85,9.25,42.4,23118.6,10.85,1302795,778895,124021,192411849873.75,62321,F1,65,,,,,
2026-09-15,2026-09-15,FO,NSE,IDO,57617,,NIFTY,,2026-09-22,2026-09-22,24500.0,CE,NIFTY2692224500CE,5.45,5.75,2.2,2.65,2.3,5.5,23118.6,2.65,5620225,3192605,363293,578626875037.25,86303,F1,65,,,,,
2026-09-15,2026-09-15,FO,NSE,IDO,57716,,NIFTY,,2026-09-22,2026-09-22,24750.0,CE,NIFTY2692224750CE,3.3,3.35,1.35,1.55,1.55,3.1,23118.6,1.55,148655,29380,14076,22646994685.25,6164,F1,65,,,,,
2026-09-15,2026-09-15,FO,NSE,IDO,57794,,NIFTY,,2026-09-22,2026-09-22,24950.0,CE,NIFTY2692224950CE,2.5,2.65,1.1,1.3,1.2,2.45,23118.6,1.3,267020,54210,13266,21515828688.25,7765,F1,65,,,,,
2026-09-15,2026-09-15,FO,NSE,IDO,57843,,NIFTY,,2026-09-22,2026-09-22,25100.0,CE,NIFTY2692225100CE,2.1,2.3,1.0,1.1,1.1,2.1,23118.6,1.1,1346150,459550,63342,103349528886.5,26961,F1,65,,,,,
2026-09-15,2026-09-15,FO,NSE,IDO,58040,,NIFTY,,2026-09-22,2026-09-22,26100.0,CE,NIFTY2692226100CE,0.95,1.1,0.75,0.85,0.85,0.95,23118.6,0.85,292825,93405,3246,5507024357.25,745,F1,65,,,,,
2026-09-15,2026-09-15,FO,NSE,IDO,73867,,NIFTY,,2026-09-29,2026-09-29,22050.0,CE,NIFTY26SEP22050CE,0.0,0.0,0.0,1500.0,1500.0,1500.0,23118.6,1135.13,65,0,0,0.0,0,F1,65,,,,,
2026-09-15,2026-09-15,FO,NSE,IDO,73889,,NIFTY,,2026-09-29,2026-09-29,22650.0,CE,NIFTY26SEP22650CE,780.0,780.0,608.05,608.05,608.05,892.4,23118.6,616.8,1040,0,7,10631816.0,6,F1,65,,,,,
2026-09-15,2026-09-15,FO,NSE,IDO,73904,,NIFTY,,2026-09-29,2026-09-29,23050.0,CE,NIFTY26SEP23050CE,515.0,515.0,313.25,337.35,335.1,527.4,23118.6,337.35,15275,7215,514,782049440.25,374,F1,65,,,,,
2026-09-15,2026-09-15,FO,NSE,IDO,73923,,NIFTY,,2026-09-29,2026-09-29,23300.0,CE,NIFTY26SEP23300CE,378.4,394.15,177.5,196.75,192.75,343.3,23118.6,196.75,1943370,1060085,94662,144861149553.25,65294,F1,65,,,,,
2026-09-15,2026-09-15,FO,NSE,IDO,74003,,NIFTY,,2026-09-29,2026-09-29,23600.0,CE,NIFTY26SEP23600CE,203.4,210.4,76.15,84.7,81.95,173.35,23118.6,84.7,1833195,567450,69100,106508921831.0,39919,F1,65,,,,,
2026-09-15,2026-09-15,FO,NSE,IDO,74060,,NIFTY,,2026-09-29,2026-09-29,24050.0,CE,NIFTY26SEP24050CE,51.5,51.5,19.25,21.45,19.85,47.2,23118.6,21.45,259090,12480,9402,14715707851.0,5787,F1,65,,,,,
2026-09-15,2026-09-15,FO,NSE,IDO,74116,,NIFTY,,2026-09-29,2026-09-29,24450.0,CE,NIFTY26SEP24450CE,18.2,18.2,8.2,9.5,8.25,17.2,23118.6,9.5,427635,134550,8012,12738584352.0,6402,F1,65,,,,,
2026-09-15,2026-09-15,FO,NSE,IDO,74370,,NIFTY,,2026-09-29,2026-09-29,25150.0,CE,NIFTY26SEP25150CE,7.0,7.05,4.0,4.7,4.0,6.45,23118.6,4.7,35815,-3315,780,1275380483.0,510,F1,65,,,,,
2026-09-15,2026-09-15,FO,NSE,IDO,74471,,NIFTY,,2026-09-29,2026-09-29,26300.0,CE,NIFTY26SEP26300CE,1.85,2.05,1.25,1.5,1.4,1.85,23118.6,1.5,130650,-1950,672,1148853478.5,563,F1,65,,,,,
2026-09-15,2026-09-15,FO,NSE,IDO,74499,,NIFTY,,2026-09-29,2026-09-29,26950.0,CE,NIFTY26SEP26950CE,1.25,1.5,1.25,1.5,1.5,1.85,23118.6,0.0,2600,-520,12,21022007.5,2,F1,65,,,,,
2026-09-15,2026-09-15,FO,NSE,IDO,65929,,NIFTY,,2026-09-29,2026-09-29,33000.0,CE,NIFTY26SEP33000CE,0.55,1.2,0.5,0.5,0.5,0.5,23118.6,0.5,34710,-130,15,32175715.0,6,F1,65,,,,,
2026-09-15,2026-09-15,FO,NSE,IDO,40659,,NIFTY,,2026-10-06,2026-10-06,21800.0,CE,NIFTY26O0621800CE,0.0,0.0,0.0,2389.25,0.0,2389.25,23118.6,1411.07,0,0,0,0.0,0,F1,65,,,,,
2026-09-15,2026-09-15,FO,NSE,IDO,40661,,NIFTY,,2026-10-06,2026-10-06,21850.0,CE,NIFTY26O0621850CE,0.0,0.0,0.0,2340.55,0.0,2340.55,23118.6,1364.12,0,0,0,0.0,0,F1,65,,,,,
2026-09-15,2026-09-15,FO,NSE,IDO,40701,,NIFTY,,2026-10-06,2026-10-06,22600.0,CE,NIFTY26O0622600CE,0.0,0.0,0.0,1631.85,0.0,1631.85,23118.6,723.5,0,0,0,0.0,0,F1,65,,,,,
2026-09-15,2026-09-15,FO,NSE,IDO,51472,,NIFTY,,2026-10-27,2026-10-27,25600.0,CE,NIFTY26OCT25600CE,14.6,15.6,11.4,14.5,13.6,16.2,23118.6,14.5,55510,-5655,286,476175277.5,122,F1,65,,,,,
2026-09-15,2026-09-15,FO,NSE,IDO,40656,,NIFTY,,2026-10-06,2026-10-06,21700.0,PE,NIFTY26O0621700PE,0.0,0.0,0.0,5.8,0.0,5.8,23118.6,14.05,0,0,0,0.0,0,F1,65,,,,,
2026-09-15,2026-09-15,FO,NSE,IDO,40660,,NIFTY,,2026-10-06,2026-10-06,21800.0,PE,NIFTY26O0621800PE,0.0,0.0,0.0,7.55,0.0,7.55,23118.6,18.84,0,0,0,0.0,0,F1,65,,,,,
2026-09-15,2026-09-15,FO,NSE,IDO,40744,,NIFTY,,2026-10-06,2026-10-06,23150.0,PE,NIFTY26O0623150PE,120.2,256.15,119.0,235.95,239.35,137.6,23118.6,235.95,3445,390,301,456968235.75,219,F1,65,,,,,
2026-09-15,2026-09-15,FO,NSE,IDO,40760,,NIFTY,,2026-10-06,2026-10-06,23500.0,PE,NIFTY26O0623500PE,223.9,444.4,222.65,416.6,413.6,257.05,23118.6,416.6,79235,27560,1731,2680956508.75,1590,F1,65,,,,,
2026-09-15,2026-09-15,FO,NSE,IDO,40862,,NIFTY,,2026-10-06,2026-10-06,24900.0,PE,NIFTY26O0624900PE,0.0,0.0,0.0,913.3,0.0,913.3,23118.6,1708.75,0,0,0,0.0,0,F1,65,,,,,
2026-09-15,2026-09-15,FO,NSE,IDO,44601,,NIFTY,,2026-10-13,2026-10-13,22350.0,PE,NIFTY26O1322350PE,65.95,73.95,65.95,73.95,73.95,57.85,23118.6,106.67,780,780,12,17486914.25,12,F1,65,,,,,
2026-09-15,2026-09-15,FO,NSE,IDO,44611,,NIFTY,,2026-10-13,2026-10-13,22450.0,PE,NIFTY26O1322450PE,66.55,76.0,66.55,76.0,76.0,54.0,23118.6,76.0,910,195,3,4391952.5,3,F1,65,,,,,
2026-09-15,2026-09-15,FO,NSE,IDO,44623,,NIFTY,,2026-10-13,2026-10-13,22750.0,PE,NIFTY26O1322750PE,0.0,0.0,0.0,117.6,0.0,117.6,23118.6,210.37,0,0,0,0.0,0,F1,65,,,,,
2026-09-15,2026-09-15,FO,NSE,IDO,44661,,NIFTY,,2026-10-13,2026-10-13,23400.0,PE,NIFTY26O1323400PE,214.3,388.2,214.25,377.45,382.3,246.25,23118.6,377.45,5265,650,177,272497332.25,124,F1,65,,,,,
2026-09-15,2026-09-15,FO,NSE,IDO,44671,,NIFTY,,2026-10-13,2026-10-13,23550.0,PE,NIFTY26O1323550PE,283.15,481.0,280.7,470.95,470.95,306.0,23118.6,470.95,2600,1235,55,85393025.25,38,F1,65,,,,,
2026-09-15,2026-09-15,FO,NSE,IDO,44719,,NIFTY,,2026-10-13,2026-10-13,24050.0,PE,NIFTY26O1324050PE,0.0,0.0,0.0,621.65,0.0,621.65,23118.6,949.68,0,0,0,0.0,0,F1,65,,,,,
2026-09-15,2026-09-15,FO,NSE,IDO,44739,,NIFTY,,2026-10-13,2026-10-13,24300.0,PE,NIFTY26O1324300PE,773.95,773.95,773.95,773.95,773.95,781.75,23118.6,1154.73,130,130,2,3259613.5,1,F1,65,,,,,
2026-09-15,2026-09-15,FO,NSE,IDO,44747,,NIFTY,,2026-10-13,2026-10-13,24400.0,PE,NIFTY26O1324400PE,0.0,0.0,0.0,851.05,0.0,851.05,23118.6,1240.67,0,0,0,0.0,0,F1,65,,,,,
2026-09-15,2026-09-15,FO,NSE,IDO,44759,,NIFTY,,2026-10-13,2026-10-13,24600.0,PE,NIFTY26O1324600PE,0.0,0.0,0.0,998.2,0.0,998.2,23118.6,1418.1,0,0,0,0.0,0,F1,65,,,,,
2026-09-15,2026-09-15,FO,NSE,IDO,44789,,NIFTY,,2026-10-13,2026-10-13,25200.0,PE,NIFTY26O1325200PE,0.0,0.0,0.0,1494.1,0.0,1494.1,23118.6,1981.35,0,0,0,0.0,0,F1,65,,,,,
2026-09-15,2026-09-15,FO,NSE,IDO,51303,,NIFTY,,2026-10-27,2026-10-27,21850.0,PE,NIFTY26OCT21850PE,56.6,67.2,56.6,63.95,63.3,38.2,23118.6,63.95,3250,1170,48,68367373.75,18,F1,65,,,,,
2026-09-15,2026-09-15,FO,NSE,IDO,51333,,NIFTY,,2026-10-27,2026-10-27,22550.0,PE,NIFTY26OCT22550PE,79.5,152.45,79.5,146.45,148.1,88.55,23118.6,146.45,25025,5135,404,595077697.5,213,F1,65,,,,,
2026-09-15,2026-09-15,FO,NSE,IDO,51341,,NIFTY,,2026-10-27,2026-10-27,22700.0,PE,NIFTY26OCT22700PE,94.9,185.2,94.15,177.1,176.5,107.8,23118.6,177.1,310440,33020,4289,6368710032.75,2729,F1,65,,,,,
2026-09-15,2026-09-15,FO,NSE,IDO,51375,,NIFTY,,2026-10-27,2026-10-27,23550.0,PE,NIFTY26OCT23550PE,338.95,520.65,310.0,494.35,499.9,340.65,23118.6,494.35,14040,2340,298,463822274.5,213,F1,65,,,,,
2026-09-15,2026-09-15,FO,NSE,IDO,51387,,NIFTY,,2026-10-27,2026-10-27,23850.0,PE,NIFTY26OCT23850PE,479.1,701.25,472.5,678.05,680.0,499.6,23118.6,678.05,8190,-845,72,114358426.0,68,F1,65,,,,,
2026-09-15,2026-09-15,FO,NSE,IDO,51409,,NIFTY,,2026-10-27,2026-10-27,24350.0,PE,NIFTY26OCT24350PE,852.0,1087.0,852.0,1087.0,1087.0,854.0,23118.6,1087.0,12155,0,5,8239900.5,5,F1,65,,,,,
2026-09-15,2026-09-15,FO,NSE,IDO,51411,,NIFTY,,2026-10-27,2026-10-27,24400.0,PE,NIFTY26OCT24400PE,860.05,1134.5,860.0,1115.25,1124.75,878.95,23118.6,1115.25,116415,-7475,556,919297895.75,361,F1,65,,,,,
2026-09-15,2026-09-15,FO,NSE,IDO,51419,,NIFTY,,2026-10-27,2026-10-27,24500.0,PE,NIFTY26OCT24500PE,929.95,1250.0,929.95,1205.85,1202.05,964.55,23118.6,1205.85,742365,-19630,1335,2219544717.0,871,F1,65,,,,,
2026-09-15,2026-09-15,FO,NSE,IDO,51471,,NIFTY,,2026-10-27,2026-10-27,25550.0,PE,NIFTY26OCT25550PE,0.0,0.0,0.0,1144.0,1144.0,1144.0,23118.6,2269.09,130,0,0,0.0,0,F1,65,,,,,
2026-09-15,2026-09-15,FO,NSE,IDO,51485,,NIFTY,,2026-10-27,2026-10-27,25850.0,PE,NIFTY26OCT25850PE,0.0,0.0,0.0,1093.8,1093.8,1093.8,23118.6,2557.24,65,0,0,0.0,0,F1,65,,,,,
2026-09-15,2026-09-15,FO,NSE,IDO,51509,,NIFTY,,2026-10-27,2026-10-27,26450.0,PE,NIFTY26OCT26450PE,0.0,0.0,0.0,2246.05,0.0,2246.05,23118.6,3143.58,0,0,0,0.0,0,F1,65,,,,,
2026-09-15,2026-09-15,FO,NSE,IDO,51517,,NIFTY,,2026-10-27,2026-10-27,26650.0,PE,NIFTY26OCT26650PE,0.0,0.0,0.0,2415.2,0.0,2415.2,23118.6,3340.71,0,0,0,0.0,0,F1,65,,,,,
2026-09-15,2026-09-15,FO,NSE,IDO,51523,,NIFTY,,2026-10-27,2026-10-27,26800.0,PE,NIFTY26OCT26800PE,0.0,0.0,0.0,2544.55,0.0,2544.55,23118.6,3488.87,0,0,0,0.0,0,F1,65,,,,,
2026-09-15,2026-09-15,FO,NSE,IDO,51535,,NIFTY,,2026-10-27,2026-10-27,27050.0,PE,NIFTY26OCT27050PE,0.0,0.0,0.0,2764.35,0.0,2764.35,23118.6,3736.22,0,0,0,0.0,0,F1,65,,,,,
2026-09-15,2026-09-15,FO,NSE,IDO,51537,,NIFTY,,2026-10-27,2026-10-27,27100.0,PE,NIFTY26OCT27100PE,0.0,0.0,0.0,2808.9,0.0,2808.9,23118.6,3785.73,0,0,0,0.0,0,F1,65,,,,,
2026-09-15,2026-09-15,FO,NSE,IDO,64243,,NIFTY,,2026-11-23,2026-11-23,22100.0,PE,NIFTY26NOV22100PE,87.2,136.7,70.8,131.35,132.85,90.0,23118.6,131.35,8385,5525,267,385641178.0,217,F1,65,,,,,
2026-09-15,2026-09-15,FO,NSE,IDO,64412,,NIFTY,,2026-11-23,2026-11-23,24350.0,PE,NIFTY26NOV24350PE,0.0,0.0,0.0,836.15,836.15,836.15,23118.6,1227.87,4225,0,0,0.0,0,F1,65,,,,,
2026-09-15,2026-09-15,FO,NSE,IDO,64434,,NIFTY,,2026-11-23,2026-11-23,24850.0,PE,NIFTY26NOV24850PE,0.0,0.0,0.0,860.35,0.0,860.35,23118.6,1611.14,0,0,0,0.0,0,F1,65,,,,,
2026-09-15,2026-09-15,FO,NSE,IDO,57052,,NIFTY,,2026-09-22,2026-09-22,23650.0,CE,NIFTY2692223650CE,124.75,124.75,22.45,26.5,23.85,95.4,23118.6,26.5,1213225,719875,134271,206795700377.5,73237,F1,65,,,,,
2026-09-15,2026-09-15,FO,NSE,IDO,64438,,NIFTY,,2026-11-23,2026-11-23,24950.0,PE,NIFTY26NOV24950PE,0.0,0.0,0.0,915.05,0.0,915.05,23118.6,1692.64,0,0,0,0.0,0,F1,65,,,,,
2026-09-15,2026-09-15,FO,NSE,IDO,64488,,NIFTY,,2026-11-23,2026-11-23,25750.0,PE,NIFTY26NOV25750PE,0.0,0.0,0.0,1419.55,0.0,1419.55,23118.6,2389.18,0,0,0,0.0,0,F1,65,,,,,
2026-09-15,2026-09-15,FO,NSE,IDO,58639,,NIFTY,,2026-12-29,2026-12-29,17000.0,PE,NIFTY26DEC17000PE,17.0,21.0,16.25,20.35,20.3,17.15,23118.6,20.35,199885,1040,395,436947017.0,122,F1,65,,,,,
2026-09-15,2026-09-15,FO,NSE,IDO,55327,,NIFTY,,2026-12-29,2026-12-29,22500.0,PE,NIFTY26DEC22500PE,174.8,264.4,170.7,253.5,254.4,185.95,23118.6,253.5,1044095,22555,6195,9149660880.75,3587,F1,65,,,,,
2026-09-15,2026-09-15,FO,NSE,IDO,50979,,NIFTY,,2026-12-29,2026-12-29,27000.0,PE,NIFTY26DEC27000PE,3055.85,3359.95,3050.45,3302.95,3313.85,3055.85,23118.6,3302.95,1019685,4650,333,653270761.0,294,F1,65,,,,,
2026-09-15,2026-09-15,FO,NSE,IDO,38159,,NIFTY,,2026-12-29,2026-12-29,29000.0,PE,NIFTY26DEC29000PE,5372.5,5372.5,5155.0,5234.1,5237.6,4964.0,23118.6,5234.1,218415,-1430,33,73424178.75,22,F1,65,,,,,
2026-09-15,2026-09-15,FO,NSE,IDO,80189,,NIFTY,,2027-03-30,2027-03-30,15000.0,PE,NIFTY27MAR15000PE,0.0,0.0,0.0,20.0,20.0,20.0,23118.6,0.02,2470,0,0,0.0,0,F1,65,,,,,
2026-09-15,2026-09-15,FO,NSE,IDO,55379,,NIFTY,,2027-06-29,2027-06-29,28500.0,PE,NIFTY27JUN28500PE,0.0,0.0,0.0,1807.05,0.0,1807.05,23118.6,4226.93,0,0,0,0.0,0,F1,65,,,,,
2026-09-15,2026-09-15,FO,NSE,IDO,35263,,NIFTY,,2027-06-29,2027-06-29,30000.0,PE,NIFTY27JUN30000PE,0.0,0.0,0.0,4000.0,4000.0,4000.0,23118.6,5533.25,455,0,0,0.0,0,F1,65,,,,,
2026-09-15,2026-09-15,FO,NSE,IDO,53619,,NIFTY,,2027-12-28,2027-12-28,23000.0,PE,NIFTY27DEC23000PE,580.0,670.0,567.0,660.95,668.0,579.7,23118.6,660.95,91495,9100,308,472999546.5,202,F1,65,,,,,
2026-09-15,2026-09-15,FO,NSE,IDO,55469,,NIFTY,,2028-06-27,2028-06-27,16500.0,PE,NIFTY28JUN16500PE,0.0,0.0,0.0,3.8,0.0,3.8,23118.6,24.31,0,0,0,0.0,0,F1,65,,,,,
2026-09-15,2026-09-15,FO,NSE,IDO,67775,,NIFTY,,2028-12-26,2028-12-26,20000.0,PE,NIFTY28DEC20000PE,0.0,0.0,0.0,271.1,271.1,271.1,23118.6,268.35,4265,0,0,0.0,0,F1,65,,,,,
2026-09-15,2026-09-15,FO,NSE,IDO,55651,,NIFTY,,2030-06-25,2030-06-25,31500.0,PE,NIFTY30JUN31500PE,0.0,0.0,0.0,2056.3,0.0,2056.3,23118.6,3863.15,0,0,0,0.0,0,F1,65,,,,,
2026-09-15,2026-09-15,FO,NSE,IDO,74646,,NIFTY,,2031-06-24,2031-06-24,21000.0,PE,NIFTY31JUN21000PE,0.0,0.0,0.0,450.5,0.0,450.5,23118.6,411.3,0,0,0,0.0,0,F1,65,,,,,
2026-09-15,2026-09-15,FO,NSE,IDO,73897,,NIFTY,,2026-09-29,2026-09-29,22850.0,CE,NIFTY26SEP22850CE,605.9,605.9,469.2,481.3,481.65,705.95,23118.6,481.3,5005,4485,106,160922804.25,73,F1,65,,,,,
2026-09-15,2026-09-15,FO,NSE,IDO,73859,,NIFTY,,2026-09-29,2026-09-29,21950.0,CE,NIFTY26SEP21950CE,0.0,0.0,0.0,1800.0,1800.0,1800.0,23118.6,1229.89,130,0,0,0.0,0,F1,65,,,,,
2026-09-15,2026-09-15,FO,NSE,IDO,73805,,NIFTY,,2026-09-29,2026-09-29,21600.0,CE,NIFTY26SEP21600CE,1800.0,1824.65,1621.25,1621.25,1621.25,1899.0,23118.6,1570.22,51935,4810,99,150647597.75,72,F1,65,,,,,
2026-09-15,2026-09-15,FO,NSE,IDO,65893,,NIFTY,,2026-09-29,2026-09-29,21000.0,CE,NIFTY26SEP21000CE,2525.0,2525.0,2194.7,2218.6,2216.45,2484.25,23118.6,2218.6,516035,3185,849,1289854429.5,641,F1,65,,,,,
2026-09-15,2026-09-15,FO,NSE,IDO,57998,,NIFTY,,2026-09-22,2026-09-22,25750.0,CE,NIFTY2692225750CE,1.25,1.6,0.9,1.0,0.95,1.25,23118.6,1.0,7930,4355,383,641074450.25,191,F1,65,,,,,
2026-09-15,2026-09-15,FO,NSE,IDO,44655,,NIFTY,,2026-10-13,2026-10-13,23250.0,PE,NIFTY26O1323250PE,166.4,321.9,166.4,308.0,310.6,188.95,23118.6,308.0,1885,1040,149,227697197.0,126,F1,65,,,,,
2026-09-15,2026-09-15,FO,NSE,IDO,40722,,NIFTY,,2026-10-06,2026-10-06,22900.0,PE,NIFTY26O0622900PE,70.0,163.0,70.0,154.6,153.4,88.35,23118.6,154.6,26325,11310,745,1115152415.0,533,F1,65,,,,,
2026-09-15,2026-09-15,FO,NSE,IDO,40703,,NIFTY,,2026-10-06,2026-10-06,22600.0,PE,NIFTY26O0622600PE,52.0,97.75,39.8,89.6,91.35,53.75,23118.6,89.6,15990,7865,517,761857924.75,418,F1,65,,,,,
2026-09-15,2026-09-15,FO,NSE,IDO,55291,,NIFTY,,2026-09-29,2026-09-29,31500.0,PE,NIFTY26SEP31500PE,0.0,0.0,0.0,4341.2,0.0,4341.2,23118.6,8310.44,0,0,0,0.0,0,F1,65,,,,,
2026-09-15,2026-09-15,FO,NSE,IDO,65907,,NIFTY,,2026-09-29,2026-09-29,27000.0,PE,NIFTY26SEP27000PE,3480.0,3810.0,3480.0,3765.15,3761.05,3504.8,23118.6,3765.15,1496720,-5525,929,1849523607.75,807,F1,65,,,,,
2026-09-15,2026-09-15,FO,NSE,IDO,74500,,NIFTY,,2026-09-29,2026-09-29,26950.0,PE,NIFTY26SEP26950PE,0.0,0.0,0.0,2780.25,0.0,2780.25,23118.6,3770.69,0,0,0,0.0,0,F1,65,,,,,
2026-09-15,2026-09-15,FO,NSE,IDO,73890,,NIFTY,,2026-09-29,2026-09-29,22650.0,PE,NIFTY26SEP22650PE,31.25,78.8,29.9,71.25,71.85,43.45,23118.6,71.25,132665,325,2893,4269733130.0,1760,F1,65,,,,,
2026-09-15,2026-09-15,FO,NSE,IDO,55285,,NIFTY,,2026-09-29,2026-09-29,22500.0,PE,NIFTY26SEP22500PE,28.15,57.9,21.95,52.4,53.0,34.05,23118.6,52.4,3530865,410865,80845,118445470507.0,40309,F1,65,,,,,
2026-09-15,2026-09-15,FO,NSE,IDO,73858,,NIFTY,,2026-09-29,2026-09-29,21900.0,PE,NIFTY26SEP21900PE,13.25,21.7,10.65,20.1,19.55,16.8,23118.6,20.1,233805,12935,6937,9882360936.5,4483,F1,65,,,,,
2026-09-15,2026-09-15,FO,NSE,IDO,65882,,NIFTY,,2026-09-29,2026-09-29,15000.0,PE,NIFTY26SEP15000PE,1.25,1.45,0.8,1.1,1.05,1.4,23118.6,1.1,92755,-1755,124,120908102.25,26,F1,65,,,,,
2026-09-15,2026-09-15,FO,NSE,IDO,58031,,NIFTY,,2026-09-22,2026-09-22,26000.0,PE,NIFTY2692226000PE,2500.45,2815.25,2499.25,2790.75,2781.6,2517.5,23118.6,2790.75,69875,39780,655,1218241534.25,433,F1,65,,,,,
2026-09-15,2026-09-15,FO,NSE,IDO,58015,,NIFTY,,2026-09-22,2026-09-22,25900.0,PE,NIFTY2692225900PE,0.0,0.0,0.0,1658.45,0.0,1658.45,23118.6,2752.21,0,0,0,0.0,0,F1,65,,,,,
2026-09-15,2026-09-15,FO,NSE,IDO,57446,,NIFTY,,2026-09-22,2026-09-22,24300.0,PE,NIFTY2692224300PE,806.0,1132.05,806.0,1106.45,1101.6,839.0,23118.6,1106.45,107315,52325,1318,2163116049.25,1019,F1,65,,,,,
2026-09-15,2026-09-15,FO,NSE,IDO,57126,,NIFTY,,2026-09-22,2026-09-22,23900.0,PE,NIFTY2692223900PE,444.0,755.1,387.7,708.75,707.8,470.45,23118.6,708.75,490490,278850,9790,15547190971.0,6481,F1,65,,,,,
2026-09-15,2026-09-15,FO,NSE,IDO,57006,,NIFTY,,2026-09-22,2026-09-22,23450.0,PE,NIFTY2692223450PE,110.3,353.75,110.3,320.2,322.3,174.0,23118.6,320.2,826345,46670,88510,136051523240.75,51850,F1,65,,,,,
2026-09-15,2026-09-15,FO,NSE,IDO,56994,,NIFTY,,2026-09-22,2026-09-22,23300.0,PE,NIFTY2692223300PE,88.0,252.2,75.25,223.7,222.85,119.6,23118.6,223.7,2421510,994175,339781,518228029322.25,200822,F1,65,,,,,
2026-09-15,2026-09-15,FO,NSE,IDO,56902,,NIFTY,,2026-09-22,2026-09-22,22600.0,PE,NIFTY2692222600PE,17.55,34.4,11.8,31.2,30.4,24.65,23118.6,31.2,2522845,1633190,148623,218541694293.0,73049,F1,65,,,,,
2026-09-15,2026-09-15,FO,NSE,IDO,56824,,NIFTY,,2026-09-22,2026-09-22,22250.0,PE,NIFTY2692222250PE,13.75,14.45,6.35,12.55,12.15,14.3,23118.6,12.55,278070,162890,20772,30054898510.0,11561,F1,65,,,,,
2026-09-15,2026-09-15,FO,NSE,IDO,47438,,NIFTY,,2026-09-15,2026-09-15,26100.0,PE,NIFTY2691526100PE,0.0,0.0,0.0,1559.2,0.0,1559.2,23118.6,23118.6,0,0,0,0.0,0,F1,65,,,,,
