TradDt,BizDt,Sgmt,Src,FinInstrmTp,FinInstrmId,ISIN,TckrSymb,SctySrs,XpryDt,FininstrmActlXpryDt,StrkPric,OptnTp,FinInstrmNm,OpnPric,HghPric,LwPric,ClsPric,LastPric,PrvsClsgPric,UndrlygPric,SttlmPric,OpnIntrst,ChngInOpnIntrst,TtlTradgVol,TtlTrfVal,TtlNbOfTxsExctd,SsnId,NewBrdLotQty,Rmks,Rsvd1,Rsvd2,Rsvd3,Rsvd4
2026-06-18,2026-06-18,FO,NSE,IDO,62052,,NIFTY,,2026-08-25,2026-08-25,26100.0,PE,NIFTY26AUG26100PE,0.0,0.0,0.0,2042.4,0.0,2042.4,24168.0,1807.8,0,0,0,0.0,0,F1,65,,,,,
2026-06-18,2026-06-18,FO,NSE,IDO,61670,,NIFTY,,2026-08-25,2026-08-25,24200.0,PE,NIFTY26AUG24200PE,468.65,494.1,410.6,416.35,410.65,477.95,24168.0,416.35,24505,8385,388,621599241.25,263,F1,65,,,,,
2026-06-18,2026-06-18,FO,NSE,IDO,61604,,NIFTY,,2026-08-25,2026-08-25,24000.0,PE,NIFTY26AUG24000PE,387.6,417.35,340.25,346.1,342.0,402.05,24168.0,346.1,501735,56420,6110,9681682816.0,5051,F1,65,,,,,
2026-06-18,2026-06-18,FO,NSE,IDO,61500,,NIFTY,,2026-08-25,2026-08-25,23500.0,PE,NIFTY26AUG23500PE,248.9,252.5,206.1,210.55,206.1,249.5,24168.0,210.55,499460,26650,2752,4244460242.75,2064,F1,65,,,,,
2026-06-18,2026-06-18,FO,NSE,IDO,61498,,NIFTY,,2026-08-25,2026-08-25,23450.0,PE,NIFTY26AUG23450PE,214.55,218.9,197.0,197.0,197.0,259.0,24168.0,197.0,3315,-130,6,9227712.0,6,F1,65,,,,,
2026-06-18,2026-06-18,FO,NSE,IDO,61381,,NIFTY,,2026-08-25,2026-08-25,22400.0,PE,NIFTY26AUG22400PE,81.45,81.5,63.25,66.55,63.25,83.4,24168.0,66.55,160680,146640,3418,4992402574.25,1601,F1,65,,,,,
2026-06-18,2026-06-18,FO,NSE,IDO,55286,,NIFTY,,2026-09-29,2026-09-29,25500.0,CE,NIFTY26SEP25500CE,242.25,263.0,234.15,260.25,259.9,241.2,24168.0,260.25,870285,35360,3115,5213640708.25,2312,F1,65,,,,,
2026-06-18,2026-06-18,FO,NSE,IDO,64016,,NIFTY,,2026-07-28,2026-07-28,25800.0,PE,NIFTY26JUL25800PE,0.0,0.0,0.0,1710.0,1710.0,1710.0,24168.0,1558.45,130,0,0,0.0,0,F1,65,,,,,
2026-06-18,2026-06-18,FO,NSE,IDO,64007,,NIFTY,,2026-07-28,2026-07-28,25600.0,PE,NIFTY26JUL25600PE,0.0,0.0,0.0,1561.5,1561.5,1561.5,24168.0,1392.3,260,0,0,0.0,0,F1,65,,,,,
2026-06-18,2026-06-18,FO,NSE,IDO,63966,,NIFTY,,2026-07-28,2026-07-28,24650.0,PE,NIFTY26JUL24650PE,631.1,659.95,608.45,629.2,629.2,644.4,24168.0,716.35,6305,130,15,24649137.5,15,F1,65,,,,,
2026-06-18,2026-06-18,FO,NSE,IDO,63946,,NIFTY,,2026-07-28,2026-07-28,24150.0,PE,NIFTY26JUL24150PE,350.05,394.35,309.8,317.2,309.8,379.45,24168.0,317.2,14820,3120,299,475985077.75,229,F1,65,,,,,
2026-06-18,2026-06-18,FO,NSE,IDO,63930,,NIFTY,,2026-07-28,2026-07-28,23800.0,PE,NIFTY26JUL23800PE,245.0,256.85,192.25,201.9,197.55,250.05,24168.0,201.9,279825,54990,5276,8238561792.5,3672,F1,65,,,,,
2026-06-18,2026-06-18,FO,NSE,IDO,63898,,NIFTY,,2026-07-28,2026-07-28,23050.0,PE,NIFTY26JUL23050PE,87.0,89.4,70.5,71.4,71.0,93.55,24168.0,71.4,16445,-1950,313,470569557.25,253,F1,65,,,,,
2026-06-18,2026-06-18,FO,NSE,IDO,63892,,NIFTY,,2026-07-28,2026-07-28,22900.0,PE,NIFTY26JUL22900PE,77.2,77.2,57.7,59.1,58.8,76.5,24168.0,59.1,129480,10010,2802,4182545994.25,2181,F1,65,,,,,
2026-06-18,2026-06-18,FO,NSE,IDO,63880,,NIFTY,,2026-07-28,2026-07-28,22600.0,PE,NIFTY26JUL22600PE,47.05,52.5,39.4,40.25,39.9,52.7,24168.0,40.25,205335,90935,4983,7334193883.25,3263,F1,65,,,,,
2026-06-18,2026-06-18,FO,NSE,IDO,63868,,NIFTY,,2026-07-28,2026-07-28,22300.0,PE,NIFTY26JUL22300PE,32.05,33.25,27.95,29.0,29.0,35.85,24168.0,29.0,154245,36010,5687,8254523563.0,3477,F1,65,,,,,
2026-06-18,2026-06-18,FO,NSE,IDO,63816,,NIFTY,,2026-07-28,2026-07-28,21200.0,PE,NIFTY26JUL21200PE,13.8,13.8,11.55,12.55,12.8,13.3,24168.0,12.55,30420,-195,106,146151902.0,62,F1,65,,,,,
2026-06-18,2026-06-18,FO,NSE,IDO,57431,,NIFTY,,2026-07-21,2026-07-21,25500.0,PE,NIFTY2672125500PE,0.0,0.0,0.0,1464.3,0.0,1464.3,24168.0,1302.8,0,0,0,0.0,0,F1,65,,,,,
2026-06-18,2026-06-18,FO,NSE,IDO,57412,,NIFTY,,2026-07-21,2026-07-21,25350.0,PE,NIFTY2672125350PE,0.0,0.0,0.0,1338.75,0.0,1338.75,24168.0,1181.5,0,0,0,0.0,0,F1,65,,,,,
2026-06-18,2026-06-18,FO,NSE,IDO,57359,,NIFTY,,2026-07-21,2026-07-21,24450.0,PE,NIFTY2672124450PE,0.0,0.0,0.0,688.9,0.0,688.9,24168.0,569.95,0,0,0,0.0,0,F1,65,,,,,
2026-06-18,2026-06-18,FO,NSE,IDO,57314,,NIFTY,,2026-07-21,2026-07-21,23350.0,PE,NIFTY2672123350PE,109.75,109.75,84.55,84.55,84.55,207.55,24168.0,84.55,390,390,12,18288741.25,12,F1,65,,,,,
2026-06-18,2026-06-18,FO,NSE,IDO,57280,,NIFTY,,2026-07-21,2026-07-21,22500.0,PE,NIFTY2672122500PE,27.65,29.5,25.1,25.35,25.1,33.0,24168.0,25.35,2275,1625,62,90782883.75,26,F1,65,,,,,
2026-06-18,2026-06-18,FO,NSE,IDO,51512,,NIFTY,,2026-07-14,2026-07-14,26300.0,PE,NIFTY2671426300PE,0.0,0.0,0.0,2910.55,0.0,2910.55,24168.0,2035.65,0,0,0,0.0,0,F1,65,,,,,
2026-06-18,2026-06-18,FO,NSE,IDO,51492,,NIFTY,,2026-07-14,2026-07-14,25800.0,PE,NIFTY2671425800PE,0.0,0.0,0.0,2423.65,0.0,2423.65,24168.0,1567.95,0,0,0,0.0,0,F1,65,,,,,
2026-06-18,2026-06-18,FO,NSE,IDO,51470,,NIFTY,,2026-07-14,2026-07-14,25400.0,PE,NIFTY2671425400PE,0.0,0.0,0.0,2042.95,0.0,2042.95,24168.0,1217.35,0,0,0,0.0,0,F1,65,,,,,
2026-06-18,2026-06-18,FO,NSE,IDO,51420,,NIFTY,,2026-07-14,2026-07-14,24950.0,PE,NIFTY2671424950PE,0.0,0.0,0.0,1631.2,0.0,1631.2,24168.0,862.35,0,0,0,0.0,0,F1,65,,,,,
2026-06-18,2026-06-18,FO,NSE,IDO,51398,,NIFTY,,2026-07-14,2026-07-14,24550.0,PE,NIFTY2671424550PE,0.0,0.0,0.0,1288.2,0.0,1288.2,24168.0,594.95,0,0,0,0.0,0,F1,65,,,,,
2026-06-18,2026-06-18,FO,NSE,IDO,51390,,NIFTY,,2026-07-14,2026-07-14,24400.0,PE,NIFTY2671424400PE,470.0,470.0,416.8,419.45,419.45,473.95,24168.0,508.3,2860,1950,32,51647713.0,31,F1,65,,,,,
2026-06-18,2026-06-18,FO,NSE,IDO,51360,,NIFTY,,2026-07-14,2026-07-14,23800.0,PE,NIFTY2671423800PE,181.0,193.0,137.0,141.15,139.15,186.7,24168.0,141.15,11830,2795,365,568423111.75,239,F1,65,,,,,
2026-06-18,2026-06-18,FO,NSE,IDO,51302,,NIFTY,,2026-07-14,2026-07-14,22800.0,PE,NIFTY2671422800PE,32.65,35.15,24.4,25.6,25.1,34.3,24168.0,25.6,8710,325,312,462940309.0,197,F1,65,,,,,
2026-06-18,2026-06-18,FO,NSE,IDO,51280,,NIFTY,,2026-07-14,2026-07-14,22450.0,PE,NIFTY2671422450PE,16.1,17.2,12.1,15.65,15.65,21.85,24168.0,15.65,2340,195,96,140184388.5,32,F1,65,,,,,
2026-06-18,2026-06-18,FO,NSE,IDO,51254,,NIFTY,,2026-07-14,2026-07-14,22100.0,PE,NIFTY2671422100PE,11.3,14.65,10.1,12.35,11.05,15.0,24168.0,12.35,9945,8515,330,474307128.75,189,F1,65,,,,,
2026-06-18,2026-06-18,FO,NSE,IDO,44745,,NIFTY,,2026-07-07,2026-07-07,26250.0,PE,NIFTY2670726250PE,0.0,0.0,0.0,2627.05,0.0,2627.05,24168.0,2005.8,0,0,0,0.0,0,F1,65,,,,,
2026-06-18,2026-06-18,FO,NSE,IDO,44731,,NIFTY,,2026-07-07,2026-07-07,25900.0,PE,NIFTY2670725900PE,0.0,0.0,0.0,2289.95,0.0,2289.95,24168.0,1667.75,0,0,0,0.0,0,F1,65,,,,,
2026-06-18,2026-06-18,FO,NSE,IDO,44729,,NIFTY,,2026-07-07,2026-07-07,25850.0,PE,NIFTY2670725850PE,0.0,0.0,0.0,1770.0,1770.0,1770.0,24168.0,1620.2,65,0,0,0.0,0,F1,65,,,,,
2026-06-18,2026-06-18,FO,NSE,IDO,44705,,NIFTY,,2026-07-07,2026-07-07,25500.0,PE,NIFTY2670725500PE,0.0,0.0,0.0,1442.95,1442.95,1442.95,24168.0,1295.9,65,0,0,0.0,0,F1,65,,,,,
2026-06-18,2026-06-18,FO,NSE,IDO,44699,,NIFTY,,2026-07-07,2026-07-07,25350.0,PE,NIFTY2670725350PE,0.0,0.0,0.0,1777.45,0.0,1777.45,24168.0,1162.75,0,0,0,0.0,0,F1,65,,,,,
2026-06-18,2026-06-18,FO,NSE,IDO,44639,,NIFTY,,2026-07-07,2026-07-07,24150.0,PE,NIFTY2670724150PE,254.75,302.05,207.15,214.95,207.15,282.75,24168.0,214.95,18070,10270,1496,2372787326.0,1115,F1,65,,,,,
2026-06-18,2026-06-18,FO,NSE,IDO,44623,,NIFTY,,2026-07-07,2026-07-07,24050.0,PE,NIFTY2670724050PE,239.6,251.6,169.35,177.45,172.15,237.95,24168.0,177.45,15340,0,611,963616712.5,553,F1,65,,,,,
2026-06-18,2026-06-18,FO,NSE,IDO,44593,,NIFTY,,2026-07-07,2026-07-07,23600.0,PE,NIFTY2670723600PE,91.95,100.5,62.4,65.5,65.2,100.35,24168.0,65.5,86515,44655,3302,5082201705.75,2573,F1,65,,,,,
2026-06-18,2026-06-18,FO,NSE,IDO,44563,,NIFTY,,2026-07-07,2026-07-07,23000.0,PE,NIFTY2670723000PE,28.0,29.5,18.25,19.5,19.95,28.95,24168.0,19.5,210340,-3510,7732,11570065698.75,5108,F1,65,,,,,
2026-06-18,2026-06-18,FO,NSE,IDO,44561,,NIFTY,,2026-07-07,2026-07-07,22950.0,PE,NIFTY2670722950PE,24.25,24.25,18.4,18.45,18.45,27.0,24168.0,18.45,7020,-520,84,125419953.75,47,F1,65,,,,,
2026-06-18,2026-06-18,FO,NSE,IDO,44545,,NIFTY,,2026-07-07,2026-07-07,22700.0,PE,NIFTY2670722700PE,15.2,16.7,11.75,13.05,12.7,17.85,24168.0,13.05,31720,3315,574,847436349.5,202,F1,65,,,,,
2026-06-18,2026-06-18,FO,NSE,IDO,44539,,NIFTY,,2026-07-07,2026-07-07,22550.0,PE,NIFTY2670722550PE,11.0,11.65,10.8,11.65,11.65,14.6,24168.0,11.55,2015,-715,27,39595162.75,9,F1,65,,,,,
2026-06-18,2026-06-18,FO,NSE,IDO,44536,,NIFTY,,2026-07-07,2026-07-07,22500.0,PE,NIFTY2670722500PE,12.5,12.55,9.15,9.6,9.45,13.7,24168.0,9.6,70915,5005,1170,1711914720.75,473,F1,65,,,,,
2026-06-18,2026-06-18,FO,NSE,IDO,80013,,NIFTY,,2026-06-30,2026-06-30,26550.0,PE,NIFTY26JUN26550PE,0.0,0.0,0.0,3048.45,3048.45,3048.45,24168.0,2328.65,325,0,0,0.0,0,F1,65,,,,,
2026-06-18,2026-06-18,FO,NSE,IDO,79851,,NIFTY,,2026-06-30,2026-06-30,25900.0,PE,NIFTY26JUN25900PE,1739.75,1774.55,1712.0,1712.0,1712.0,1925.0,24168.0,1712.0,5460,-65,10,17960094.75,4,F1,65,,,,,
2026-06-18,2026-06-18,FO,NSE,IDO,79845,,NIFTY,,2026-06-30,2026-06-30,25750.0,PE,NIFTY26JUN25750PE,0.0,0.0,0.0,1811.0,1811.0,1811.0,24168.0,1537.05,845,0,0,0.0,0,F1,65,,,,,
2026-06-18,2026-06-18,FO,NSE,IDO,79825,,NIFTY,,2026-06-30,2026-06-30,25350.0,PE,NIFTY26JUN25350PE,0.0,0.0,0.0,1260.0,1260.0,1260.0,24168.0,1155.05,1625,0,0,0.0,0,F1,65,,,,,
2026-06-18,2026-06-18,FO,NSE,IDO,79810,,NIFTY,,2026-06-30,2026-06-30,25200.0,PE,NIFTY26JUN25200PE,1116.3,1150.8,1000.0,1002.45,1000.0,1116.3,24168.0,1002.45,43485,-2145,66,112732152.0,57,F1,65,,,,,
2026-06-18,2026-06-18,FO,NSE,IDO,79804,,NIFTY,,2026-06-30,2026-06-30,25050.0,PE,NIFTY26JUN25050PE,940.0,995.0,876.0,876.0,876.0,968.0,24168.0,876.0,715,-130,7,11824735.0,7,F1,65,,,,,
2026-06-18,2026-06-18,FO,NSE,IDO,79702,,NIFTY,,2026-06-30,2026-06-30,23550.0,PE,NIFTY26JUN23550PE,48.95,53.45,28.2,29.9,30.35,55.7,24168.0,29.9,333125,83655,14207,21782326579.0,9402,F1,65,,,,,
2026-06-18,2026-06-18,FO,NSE,IDO,79517,,NIFTY,,2026-06-30,2026-06-30,22200.0,PE,NIFTY26JUN22200PE,4.85,4.85,4.0,4.45,4.0,5.6,24168.0,4.45,623740,-24180,8551,12341510008.75,3452,F1,65,,,,,
2026-06-18,2026-06-18,FO,NSE,IDO,79463,,NIFTY,,2026-06-30,2026-06-30,21250.0,PE,NIFTY26JUN21250PE,2.5,2.95,2.25,2.8,2.3,3.15,24168.0,2.8,115635,-2080,2313,3195226433.75,1411,F1,65,,,,,
2026-06-18,2026-06-18,FO,NSE,IDO,79382,,NIFTY,,2026-06-30,2026-06-30,20350.0,PE,NIFTY26JUN20350PE,1.85,2.9,1.45,1.75,2.0,1.8,24168.0,1.75,4420,0,2260,2989721036.25,1215,F1,65,,,,,
2026-06-18,2026-06-18,FO,NSE,IDO,56173,,NIFTY,,2026-06-23,2026-06-23,21350.0,CE,NIFTY2662321350CE,0.0,0.0,0.0,2399.55,0.0,2399.55,24168.0,2836.05,0,0,0,0.0,0,F1,65,,,,,
2026-06-18,2026-06-18,FO,NSE,IDO,56186,,NIFTY,,2026-06-23,2026-06-23,21550.0,CE,NIFTY2662321550CE,0.0,0.0,0.0,2207.0,0.0,2207.0,24168.0,2636.2,0,0,0,0.0,0,F1,65,,,,,
2026-06-18,2026-06-18,FO,NSE,IDO,56194,,NIFTY,,2026-06-23,2026-06-23,21700.0,CE,NIFTY2662321700CE,0.0,0.0,0.0,2064.4,0.0,2064.4,24168.0,2486.3,0,0,0,0.0,0,F1,65,,,,,
2026-06-18,2026-06-18,FO,NSE,IDO,56298,,NIFTY,,2026-06-23,2026-06-23,23300.0,CE,NIFTY2662323300CE,804.0,892.8,722.6,859.75,887.0,783.35,24168.0,859.75,347490,-85150,2222,3481185509.75,1565,F1,65,,,,,
2026-06-18,2026-06-18,FO,NSE,IDO,56388,,NIFTY,,2026-06-23,2026-06-23,24350.0,CE,NIFTY2662324350CE,48.0,54.95,30.0,47.4,54.0,52.3,24168.0,47.4,2027155,925535,514216,815215448206.25,240968,F1,65,,,,,
2026-06-18,2026-06-18,FO,NSE,IDO,56438,,NIFTY,,2026-06-23,2026-06-23,25150.0,CE,NIFTY2662325150CE,2.4,2.95,1.4,1.7,1.6,2.8,24168.0,1.7,547495,22165,73403,120005401854.0,16308,F1,65,,,,,
2026-06-18,2026-06-18,FO,NSE,IDO,56476,,NIFTY,,2026-06-23,2026-06-23,25750.0,CE,NIFTY2662325750CE,0.95,1.3,0.7,0.75,0.7,1.0,24168.0,0.75,380575,-37895,13996,23426682981.0,2461,F1,65,,,,,
2026-06-18,2026-06-18,FO,NSE,IDO,79404,,NIFTY,,2026-06-30,2026-06-30,20600.0,CE,NIFTY26JUN20600CE,0.0,0.0,0.0,2656.0,2656.0,2656.0,24168.0,3609.7,520,0,0,0.0,0,F1,65,,,,,
2026-06-18,2026-06-18,FO,NSE,IDO,57398,,NIFTY,,2026-07-21,2026-07-21,25100.0,CE,NIFTY2672125100CE,0.0,0.0,0.0,176.0,0.0,176.0,24168.0,208.0,0,0,0,0.0,0,F1,65,,,,,
2026-06-18,2026-06-18,FO,NSE,IDO,57430,,NIFTY,,2026-07-21,2026-07-21,25500.0,CE,NIFTY2672125500CE,0.0,0.0,0.0,103.65,0.0,103.65,24168.0,123.2,0,0,0,0.0,0,F1,65,,,,,
2026-06-18,2026-06-18,FO,NSE,IDO,57450,,NIFTY,,2026-07-21,2026-07-21,25850.0,CE,NIFTY2672125850CE,0.0,0.0,0.0,62.4,0.0,62.4,24168.0,74.3,0,0,0,0.0,0,F1,65,,,,,
2026-06-18,2026-06-18,FO,NSE,IDO,63883,,NIFTY,,2026-07-28,2026-07-28,22700.0,CE,NIFTY26JUL22700CE,1500.0,1500.0,1500.0,1500.0,1500.0,1500.0,24168.0,1702.5,5655,-520,8,12584000.0,5,F1,65,,,,,
2026-06-18,2026-06-18,FO,NSE,IDO,63899,,NIFTY,,2026-07-28,2026-07-28,23100.0,CE,NIFTY26JUL23100CE,1188.2,1209.5,1169.55,1209.5,1209.5,1165.0,24168.0,1364.35,26780,325,25,39462299.5,19,F1,65,,,,,
2026-06-18,2026-06-18,FO,NSE,IDO,63941,,NIFTY,,2026-07-28,2026-07-28,24050.0,CE,NIFTY26JUL24050CE,481.8,530.5,450.0,518.3,529.85,478.3,24168.0,518.3,19500,-6565,780,1243806889.0,507,F1,65,,,,,
2026-06-18,2026-06-18,FO,NSE,IDO,63951,,NIFTY,,2026-07-28,2026-07-28,24300.0,CE,NIFTY26JUL24300CE,345.0,387.0,322.6,381.05,386.05,344.1,24168.0,381.05,315640,97435,6434,10311715719.5,4452,F1,65,,,,,
2026-06-18,2026-06-18,FO,NSE,IDO,63955,,NIFTY,,2026-07-28,2026-07-28,24400.0,CE,NIFTY26JUL24400CE,301.15,336.6,278.25,331.25,336.0,297.05,24168.0,331.25,168415,18460,2924,4696349788.0,2113,F1,65,,,,,
2026-06-18,2026-06-18,FO,NSE,IDO,63983,,NIFTY,,2026-07-28,2026-07-28,25100.0,CE,NIFTY26JUL25100CE,89.9,106.5,85.4,102.45,106.5,87.05,24168.0,102.45,147810,26000,4912,8043813397.75,3853,F1,65,,,,,
2026-06-18,2026-06-18,FO,NSE,IDO,64015,,NIFTY,,2026-07-28,2026-07-28,25800.0,CE,NIFTY26JUL25800CE,24.95,27.45,22.9,26.1,25.65,23.75,24168.0,26.1,84175,6240,1188,1994194822.75,705,F1,65,,,,,
2026-06-18,2026-06-18,FO,NSE,IDO,64043,,NIFTY,,2026-07-28,2026-07-28,26250.0,CE,NIFTY26JUL26250CE,0.0,0.0,0.0,234.25,0.0,234.25,24168.0,61.65,0,0,0,0.0,0,F1,65,,,,,
2026-06-18,2026-06-18,FO,NSE,IDO,61154,,NIFTY,,2026-08-25,2026-08-25,21250.0,CE,NIFTY26AUG21250CE,0.0,0.0,0.0,3030.3,0.0,3030.3,24168.0,3197.3,0,0,0,0.0,0,F1,65,,,,,
2026-06-18,2026-06-18,FO,NSE,IDO,61175,,NIFTY,,2026-08-25,2026-08-25,21400.0,CE,NIFTY26AUG21400CE,0.0,0.0,0.0,2893.4,0.0,2893.4,24168.0,3054.3,0,0,0,0.0,0,F1,65,,,,,
2026-06-18,2026-06-18,FO,NSE,IDO,61211,,NIFTY,,2026-08-25,2026-08-25,21500.0,CE,NIFTY26AUG21500CE,0.0,0.0,0.0,1900.0,1900.0,1900.0,24168.0,2959.55,130,0,0,0.0,0,F1,65,,,,,
2026-06-18,2026-06-18,FO,NSE,IDO,61354,,NIFTY,,2026-08-25,2026-08-25,22050.0,CE,NIFTY26AUG22050CE,0.0,0.0,0.0,2323.1,0.0,2323.1,24168.0,2450.7,0,0,0,0.0,0,F1,65,,,,,
2026-06-18,2026-06-18,FO,NSE,IDO,61364,,NIFTY,,2026-08-25,2026-08-25,22150.0,CE,NIFTY26AUG22150CE,0.0,0.0,0.0,1664.95,1664.95,1664.95,24168.0,2360.95,65,0,0,0.0,0,F1,65,,,,,
2026-06-18,2026-06-18,FO,NSE,IDO,61376,,NIFTY,,2026-08-25,2026-08-25,22300.0,CE,NIFTY26AUG22300CE,0.0,0.0,0.0,1755.0,1755.0,1755.0,24168.0,2228.2,65,0,0,0.0,0,F1,65,,,,,
2026-06-18,2026-06-18,FO,NSE,IDO,61532,,NIFTY,,2026-08-25,2026-08-25,23750.0,CE,NIFTY26AUG23750CE,0.0,0.0,0.0,820.55,820.55,820.55,24168.0,1114.9,650,0,0,0.0,0,F1,65,,,,,
2026-06-18,2026-06-18,FO,NSE,IDO,61534,,NIFTY,,2026-08-25,2026-08-25,23800.0,CE,NIFTY26AUG23800CE,774.25,893.4,774.25,877.05,883.4,818.5,24168.0,877.05,21905,65,81,129679686.5,53,F1,65,,,,,
2026-06-18,2026-06-18,FO,NSE,IDO,55280,,NIFTY,,2026-09-29,2026-09-29,16500.0,CE,NIFTY26SEP16500CE,0.0,0.0,0.0,10168.85,0.0,10168.85,24168.0,7973.85,0,0,0,0.0,0,F1,65,,,,,
2026-06-18,2026-06-18,FO,NSE,IDO,62066,,NIFTY,,2026-08-25,2026-08-25,26300.0,CE,NIFTY26AUG26300CE,87.45,87.45,53.0,70.25,53.0,206.75,24168.0,70.25,65,65,2,3428129.25,2,F1,65,,,,,
2026-06-18,2026-06-18,FO,NSE,IDO,62045,,NIFTY,,2026-08-25,2026-08-25,26100.0,CE,NIFTY26AUG26100CE,0.0,0.0,0.0,241.7,0.0,241.7,24168.0,196.15,0,0,0,0.0,0,F1,65,,,,,
2026-06-18,2026-06-18,FO,NSE,IDO,62043,,NIFTY,,2026-08-25,2026-08-25,26050.0,CE,NIFTY26AUG26050CE,0.0,0.0,0.0,251.15,0.0,251.15,24168.0,205.3,0,0,0,0.0,0,F1,65,,,,,
2026-06-18,2026-06-18,FO,NSE,IDO,62036,,NIFTY,,2026-08-25,2026-08-25,25950.0,CE,NIFTY26AUG25950CE,0.0,0.0,0.0,270.95,0.0,270.95,24168.0,224.65,0,0,0,0.0,0,F1,65,,,,,
2026-06-18,2026-06-18,FO,NSE,IDO,61979,,NIFTY,,2026-08-25,2026-08-25,25600.0,CE,NIFTY26AUG25600CE,98.8,111.9,96.65,108.35,109.45,97.15,24168.0,108.35,279305,7995,623,1040821596.75,356,F1,65,,,,,
2026-06-18,2026-06-18,FO,NSE,IDO,61402,,NIFTY,,2026-08-25,2026-08-25,22600.0,PE,NIFTY26AUG22600PE,96.05,98.65,81.0,83.3,82.0,101.1,24168.0,83.3,66235,49920,1955,2883178070.5,1155,F1,65,,,,,
2026-06-18,2026-06-18,FO,NSE,IDO,61400,,NIFTY,,2026-08-25,2026-08-25,22550.0,PE,NIFTY26AUG22550PE,92.2,97.3,76.4,77.65,76.4,94.7,24168.0,77.65,6110,650,73,107398229.25,54,F1,65,,,,,
2026-06-18,2026-06-18,FO,NSE,IDO,64026,,NIFTY,,2026-07-28,2026-07-28,26000.0,PE,NIFTY26JUL26000PE,1793.25,1839.7,1676.85,1687.2,1683.0,1796.55,24168.0,1687.2,386815,61230,1140,2056306752.5,960,F1,65,,,,,
2026-06-18,2026-06-18,FO,NSE,IDO,64011,,NIFTY,,2026-07-28,2026-07-28,25700.0,PE,NIFTY26JUL25700PE,0.0,0.0,0.0,2100.0,2100.0,2100.0,24168.0,1474.55,65,0,0,0.0,0,F1,65,,,,,
2026-06-18,2026-06-18,FO,NSE,IDO,63994,,NIFTY,,2026-07-28,2026-07-28,25300.0,PE,NIFTY26JUL25300PE,1145.0,1170.0,1145.0,1170.0,1170.0,1176.3,24168.0,1157.75,2860,0,3,5158400.0,2,F1,65,,,,,
2026-06-18,2026-06-18,FO,NSE,IDO,63952,,NIFTY,,2026-07-28,2026-07-28,24300.0,PE,NIFTY26JUL24300PE,422.2,470.05,375.2,384.1,376.3,446.85,24168.0,384.1,105170,30615,2008,3225540776.25,1497,F1,65,,,,,
2026-06-18,2026-06-18,FO,NSE,IDO,63942,,NIFTY,,2026-07-28,2026-07-28,24050.0,PE,NIFTY26JUL24050PE,323.7,350.85,271.25,278.45,271.25,334.6,24168.0,278.45,21385,2275,527,834474855.5,406,F1,65,,,,,
2026-06-18,2026-06-18,FO,NSE,IDO,63830,,NIFTY,,2026-07-28,2026-07-28,21450.0,PE,NIFTY26JUL21450PE,12.2,14.7,12.2,14.3,14.65,17.95,24168.0,14.3,2600,-1040,32,44645731.0,16,F1,65,,,,,
2026-06-18,2026-06-18,FO,NSE,IDO,63812,,NIFTY,,2026-07-28,2026-07-28,21100.0,PE,NIFTY26JUL21100PE,13.05,13.05,11.5,12.35,12.8,13.0,24168.0,12.35,527735,23985,2740,3760068529.75,1370,F1,65,,,,,
2026-06-18,2026-06-18,FO,NSE,IDO,57435,,NIFTY,,2026-07-21,2026-07-21,25600.0,PE,NIFTY2672125600PE,0.0,0.0,0.0,1550.1,0.0,1550.1,24168.0,1386.15,0,0,0,0.0,0,F1,65,,,,,
2026-06-18,2026-06-18,FO,NSE,IDO,57433,,NIFTY,,2026-07-21,2026-07-21,25550.0,PE,NIFTY2672125550PE,0.0,0.0,0.0,1507.0,0.0,1507.0,24168.0,1344.25,0,0,0,0.0,0,F1,65,,,,,
2026-06-18,2026-06-18,FO,NSE,IDO,57397,,NIFTY,,2026-07-21,2026-07-21,25050.0,PE,NIFTY2672125050PE,0.0,0.0,0.0,1100.65,0.0,1100.65,24168.0,953.5,0,0,0,0.0,0,F1,65,,,,,
2026-06-18,2026-06-18,FO,NSE,IDO,57351,,NIFTY,,2026-07-21,2026-07-21,24250.0,PE,NIFTY2672124250PE,384.0,395.45,351.05,351.05,351.05,574.1,24168.0,466.3,1430,1430,38,60813220.0,15,F1,65,,,,,
2026-06-18,2026-06-18,FO,NSE,IDO,57320,,NIFTY,,2026-07-21,2026-07-21,23500.0,PE,NIFTY2672123500PE,0.0,0.0,0.0,252.1,0.0,252.1,24168.0,188.85,0,0,0,0.0,0,F1,65,,,,,
2026-06-18,2026-06-18,FO,NSE,IDO,55603,,NIFTY,,2029-12-24,2029-12-24,22500.0,PE,NIFTY29DEC22500PE,0.0,0.0,0.0,225.7,0.0,225.7,24168.0,612.55,0,0,0,0.0,0,F1,65,,,,,
2026-06-18,2026-06-18,FO,NSE,IDO,61795,,NIFTY,,2029-12-24,2029-12-24,27000.0,PE,NIFTY29DEC27000PE,0.0,0.0,0.0,1177.9,0.0,1177.9,24168.0,1726.5,0,0,0,0.0,0,F1,65,,,,,
2026-06-18,2026-06-18,FO,NSE,IDO,55607,,NIFTY,,2029-12-24,2029-12-24,28500.0,PE,NIFTY29DEC28500PE,0.0,0.0,0.0,1255.9,0.0,1255.9,24168.0,2256.8,0,0,0,0.0,0,F1,65,,,,,
2026-06-18,2026-06-18,FO,NSE,IDO,57274,,NIFTY,,2026-07-21,2026-07-21,22350.0,PE,NIFTY2672122350PE,23.3,23.3,20.8,21.0,21.15,42.2,24168.0,21.0,325,325,5,7270913.0,5,F1,65,,,,,
2026-06-18,2026-06-18,FO,NSE,IDO,51496,,NIFTY,,2026-07-14,2026-07-14,25900.0,PE,NIFTY2671425900PE,0.0,0.0,0.0,2520.3,0.0,2520.3,24168.0,1659.35,0,0,0,0.0,0,F1,65,,,,,
2026-06-18,2026-06-18,FO,NSE,IDO,51480,,NIFTY,,2026-07-14,2026-07-14,25600.0,PE,NIFTY2671425600PE,0.0,0.0,0.0,2232.0,0.0,2232.0,24168.0,1389.3,0,0,0,0.0,0,F1,65,,,,,
2026-06-18,2026-06-18,FO,NSE,IDO,51404,,NIFTY,,2026-07-14,2026-07-14,24650.0,PE,NIFTY2671424650PE,0.0,0.0,0.0,1371.4,0.0,1371.4,24168.0,657.0,0,0,0,0.0,0,F1,65,,,,,
2026-06-18,2026-06-18,FO,NSE,IDO,51392,,NIFTY,,2026-07-14,2026-07-14,24450.0,PE,NIFTY2671424450PE,0.0,0.0,0.0,1206.95,0.0,1206.95,24168.0,536.3,0,0,0,0.0,0,F1,65,,,,,
2026-06-18,2026-06-18,FO,NSE,IDO,51352,,NIFTY,,2026-07-14,2026-07-14,23600.0,PE,NIFTY2671423600PE,129.95,136.35,96.85,104.95,97.75,135.1,24168.0,104.95,25935,17810,598,921748607.0,258,F1,65,,,,,
2026-06-18,2026-06-18,FO,NSE,IDO,51338,,NIFTY,,2026-07-14,2026-07-14,23250.0,PE,NIFTY2671423250PE,60.0,63.1,51.55,54.4,52.55,74.35,24168.0,54.4,2210,-520,44,66654467.75,30,F1,65,,,,,
2026-06-18,2026-06-18,FO,NSE,IDO,51258,,NIFTY,,2026-07-14,2026-07-14,22150.0,PE,NIFTY2671422150PE,11.5,12.1,11.0,11.3,11.0,15.4,24168.0,11.3,2210,390,31,44655074.75,15,F1,65,,,,,
2026-06-18,2026-06-18,FO,NSE,IDO,51240,,NIFTY,,2026-07-14,2026-07-14,21950.0,PE,NIFTY2671421950PE,9.95,10.1,9.95,10.05,10.1,12.9,24168.0,10.05,650,130,5,7137013.0,5,F1,65,,,,,
2026-06-18,2026-06-18,FO,NSE,IDO,51230,,NIFTY,,2026-07-14,2026-07-14,21700.0,PE,NIFTY2671421700PE,8.45,9.2,7.8,7.8,7.8,10.2,24168.0,7.8,1105,-260,6,8466448.25,4,F1,65,,,,,
2026-06-18,2026-06-18,FO,NSE,IDO,44697,,NIFTY,,2026-07-07,2026-07-07,25300.0,PE,NIFTY2670725300PE,0.0,0.0,0.0,1732.35,0.0,1732.35,24168.0,1119.35,0,0,0,0.0,0,F1,65,,,,,
2026-06-18,2026-06-18,FO,NSE,IDO,44646,,NIFTY,,2026-07-07,2026-07-07,24300.0,PE,NIFTY2670724300PE,360.0,385.25,280.0,289.0,280.5,363.35,24168.0,289.0,10790,5265,667,1067865058.0,554,F1,65,,,,,
2026-06-18,2026-06-18,FO,NSE,IDO,44585,,NIFTY,,2026-07-07,2026-07-07,23400.0,PE,NIFTY2670723400PE,55.0,65.0,40.95,42.85,42.95,65.5,24168.0,42.85,114335,22945,4540,6920462740.75,3158,F1,65,,,,,
2026-06-18,2026-06-18,FO,NSE,IDO,44567,,NIFTY,,2026-07-07,2026-07-07,23100.0,PE,NIFTY2670723100PE,31.05,35.0,22.4,23.15,23.9,35.75,24168.0,23.15,88270,40365,3299,4958988017.75,1637,F1,65,,,,,
2026-06-18,2026-06-18,FO,NSE,IDO,44519,,NIFTY,,2026-07-07,2026-07-07,22300.0,PE,NIFTY2670722300PE,8.5,8.75,7.35,8.2,8.5,10.35,24168.0,8.2,11830,-2275,131,189954878.75,47,F1,65,,,,,
2026-06-18,2026-06-18,FO,NSE,IDO,79855,,NIFTY,,2026-06-30,2026-06-30,26050.0,PE,NIFTY26JUN26050PE,0.0,0.0,0.0,2068.4,2068.4,2068.4,24168.0,1831.85,1300,0,0,0.0,0,F1,65,,,,,
2026-06-18,2026-06-18,FO,NSE,IDO,79847,,NIFTY,,2026-06-30,2026-06-30,25800.0,PE,NIFTY26JUN25800PE,1700.0,1700.0,1653.45,1653.45,1653.45,1685.25,24168.0,1585.85,21775,-975,23,41063779.25,19,F1,65,,,,,
2026-06-18,2026-06-18,FO,NSE,IDO,79747,,NIFTY,,2026-06-30,2026-06-30,24400.0,PE,NIFTY26JUN24400PE,395.0,433.75,297.6,308.15,303.0,399.65,24168.0,308.15,149565,7735,3854,6201390266.5,2936,F1,65,,,,,
2026-06-18,2026-06-18,FO,NSE,IDO,79527,,NIFTY,,2026-06-30,2026-06-30,22450.0,PE,NIFTY26JUN22450PE,7.0,7.0,4.8,5.4,5.05,7.2,24168.0,5.4,64935,23790,1451,2117888877.0,870,F1,65,,,,,
2026-06-18,2026-06-18,FO,NSE,IDO,61859,,NIFTY,,2026-08-25,2026-08-25,24900.0,PE,NIFTY26AUG24900PE,874.0,874.0,820.0,820.0,820.0,1579.25,24168.0,953.8,1170,910,15,25091937.0,15,F1,65,,,,,
2026-06-18,2026-06-18,FO,NSE,IDO,61467,,NIFTY,,2026-08-25,2026-08-25,23350.0,PE,NIFTY26AUG23350PE,200.0,210.3,177.75,178.5,177.75,214.7,24168.0,178.5,1755,-390,20,30613784.5,17,F1,65,,,,,
2026-06-18,2026-06-18,FO,NSE,IDO,61518,,NIFTY,,2026-08-25,2026-08-25,23600.0,PE,NIFTY26AUG23600PE,271.6,276.6,227.7,231.65,227.7,274.95,24168.0,231.65,21710,-2015,260,403097493.5,172,F1,65,,,,,
2026-06-18,2026-06-18,FO,NSE,IDO,61703,,NIFTY,,2026-08-25,2026-08-25,24300.0,PE,NIFTY26AUG24300PE,515.9,542.35,452.0,458.7,452.0,522.5,24168.0,458.7,15860,2730,292,470808260.0,236,F1,65,,,,,
2026-06-18,2026-06-18,FO,NSE,IDO,61976,,NIFTY,,2026-08-25,2026-08-25,25500.0,PE,NIFTY26AUG25500PE,1290.0,1333.95,1190.05,1190.05,1190.05,1295.0,24168.0,1190.05,10465,4485,98,170500388.5,78,F1,65,,,,,
2026-06-18,2026-06-18,FO,NSE,IDO,62039,,NIFTY,,2026-08-25,2026-08-25,26000.0,PE,NIFTY26AUG26000PE,1715.5,1749.95,1611.55,1642.7,1611.55,1730.55,24168.0,1642.7,10595,4615,107,192529870.0,82,F1,65,,,,,
2026-06-18,2026-06-18,FO,NSE,IDO,62044,,NIFTY,,2026-08-25,2026-08-25,26050.0,PE,NIFTY26AUG26050PE,0.0,0.0,0.0,2002.6,0.0,2002.6,24168.0,1767.55,0,0,0,0.0,0,F1,65,,,,,
2026-06-18,2026-06-18,FO,NSE,IDO,65905,,NIFTY,,2026-09-29,2026-09-29,26000.0,PE,NIFTY26SEP26000PE,1650.0,1687.15,1530.65,1547.15,1538.95,1643.6,24168.0,1547.15,434860,-15340,685,1229521650.5,425,F1,65,,,,,
2026-06-18,2026-06-18,FO,NSE,IDO,55293,,NIFTY,,2026-09-29,2026-09-29,34500.0,PE,NIFTY26SEP34500PE,0.0,0.0,0.0,7064.95,0.0,7064.95,24168.0,9692.6,0,0,0,0.0,0,F1,65,,,,,
2026-06-18,2026-06-18,FO,NSE,IDO,71554,,NIFTY,,2027-06-29,2027-06-29,21000.0,PE,NIFTY27JUN21000PE,227.3,227.3,222.0,222.0,222.0,269.95,24168.0,213.85,5510,2360,45,62081773.0,40,F1,65,,,,,
2026-06-18,2026-06-18,FO,NSE,IDO,55377,,NIFTY,,2027-06-29,2027-06-29,25500.0,PE,NIFTY27JUN25500PE,0.0,0.0,0.0,667.15,0.0,667.15,24168.0,1496.0,0,0,0,0.0,0,F1,65,,,,,
2026-06-18,2026-06-18,FO,NSE,IDO,53602,,NIFTY,,2027-12-28,2027-12-28,17000.0,PE,NIFTY27DEC17000PE,0.0,0.0,0.0,132.4,132.4,132.4,24168.0,24.05,16840,0,0,0.0,0,F1,65,,,,,
2026-06-18,2026-06-18,FO,NSE,IDO,53615,,NIFTY,,2027-12-28,2027-12-28,21000.0,PE,NIFTY27DEC21000PE,391.95,395.0,380.8,380.8,380.8,386.75,24168.0,380.8,10115,0,24,33373626.0,20,F1,65,,,,,
2026-06-18,2026-06-18,FO,NSE,IDO,86152,,NIFTY,,2028-06-27,2028-06-27,24000.0,PE,NIFTY28JUN24000PE,0.0,0.0,0.0,1692.75,0.0,1692.75,24168.0,959.05,0,0,0,0.0,0,F1,65,,,,,
2026-06-18,2026-06-18,FO,NSE,IDO,67765,,NIFTY,,2028-12-26,2028-12-26,15000.0,PE,NIFTY28DEC15000PE,0.0,0.0,0.0,22.25,0.0,22.25,24168.0,14.55,0,0,0,0.0,0,F1,65,,,,,
2026-06-18,2026-06-18,FO,NSE,IDO,56447,,NIFTY,,2026-06-23,2026-06-23,25300.0,PE,NIFTY2662325300PE,1195.0,1260.2,1116.0,1117.6,1123.15,1362.05,24168.0,1117.6,1105,-845,27,46491461.25,17,F1,65,,,,,
2026-06-18,2026-06-18,FO,NSE,IDO,56383,,NIFTY,,2026-06-23,2026-06-23,24200.0,PE,NIFTY2662324200PE,205.0,245.85,117.25,126.0,122.75,218.85,24168.0,126.0,3221140,2275390,836278,1324942935442.75,484045,F1,65,,,,,
2026-06-18,2026-06-18,FO,NSE,IDO,56219,,NIFTY,,2026-06-23,2026-06-23,22050.0,PE,NIFTY2662322050PE,1.55,2.0,1.0,1.15,1.1,1.8,24168.0,1.15,44135,-21840,3749,5373599526.75,1538,F1,65,,,,,
2026-06-18,2026-06-18,FO,NSE,IDO,56179,,NIFTY,,2026-06-23,2026-06-23,21400.0,PE,NIFTY2662321400PE,1.55,1.6,0.7,0.8,0.75,1.4,24168.0,0.8,90675,-38935,8117,11291257900.0,2787,F1,65,,,,,
2026-06-18,2026-06-18,FO,NSE,IDO,60936,,NIFTY,,2030-06-25,2030-06-25,30000.0,CE,NIFTY30JUN30000CE,0.0,0.0,0.0,5580.35,0.0,5580.35,24168.0,3851.4,0,0,0,0.0,0,F1,65,,,,,
2026-06-18,2026-06-18,FO,NSE,IDO,55648,,NIFTY,,2030-06-25,2030-06-25,28500.0,CE,NIFTY30JUN28500CE,0.0,0.0,0.0,5382.85,0.0,5382.85,24168.0,4448.05,0,0,0,0.0,0,F1,65,,,,,
2026-06-18,2026-06-18,FO,NSE,IDO,55560,,NIFTY,,2029-06-26,2029-06-26,22500.0,CE,NIFTY29JUN22500CE,0.0,0.0,0.0,7946.5,0.0,7946.5,24168.0,6373.45,0,0,0,0.0,0,F1,65,,,,,
2026-06-18,2026-06-18,FO,NSE,IDO,67788,,NIFTY,,2028-12-26,2028-12-26,27000.0,CE,NIFTY28DEC27000CE,0.0,0.0,0.0,2635.0,2635.0,2635.0,24168.0,3271.0,715,0,0,0.0,0,F1,65,,,,,
2026-06-18,2026-06-18,FO,NSE,IDO,55478,,NIFTY,,2028-06-27,2028-06-27,28500.0,CE,NIFTY28JUN28500CE,0.0,0.0,0.0,2990.0,0.0,2990.0,24168.0,2032.3,0,0,0,0.0,0,F1,65,,,,,
2026-06-18,2026-06-18,FO,NSE,IDF,61093,,NIFTY,,2026-07-28,2026-07-28,,,NIFTY26JULFUT,24221.9,24305.2,24138.1,24278.6,24302.9,24182.3,24168.0,24278.6,2043210,59150,7198,11334127194.0,5161,F1,65,,,,,
2026-06-18,2026-06-18,FO,NSE,IDO,61647,,NIFTY,,2026-08-25,2026-08-25,24200.0,CE,NIFTY26AUG24200CE,576.15,628.45,550.75,621.45,626.1,576.1,24168.0,621.45,29315,-8255,423,681642871.0,240,F1,65,,,,,
2026-06-18,2026-06-18,FO,NSE,IDO,79452,,NIFTY,,2026-06-30,2026-06-30,21050.0,CE,NIFTY26JUN21050CE,0.0,0.0,0.0,1832.45,0.0,1832.45,24168.0,3160.6,0,0,0,0.0,0,F1,65,,,,,
2026-06-18,2026-06-18,FO,NSE,IDO,79534,,NIFTY,,2026-06-30,2026-06-30,22700.0,CE,NIFTY26JUN22700CE,1415.0,1415.0,1415.0,1415.0,1415.0,1399.6,24168.0,1519.0,8450,0,1,1567475.0,1,F1,65,,,,,
2026-06-18,2026-06-18,FO,NSE,IDO,61734,,NIFTY,,2026-08-25,2026-08-25,24500.0,CE,NIFTY26AUG24500CE,430.75,469.55,401.4,459.65,469.55,425.65,24168.0,459.65,413270,5720,2742,4443623265.25,2327,F1,65,,,,,
2026-06-18,2026-06-18,FO,NSE,IDO,61857,,NIFTY,,2026-08-25,2026-08-25,24900.0,CE,NIFTY26AUG24900CE,273.0,292.0,256.95,290.15,291.95,263.75,24168.0,290.15,22880,-325,73,119433622.75,55,F1,65,,,,,
2026-06-18,2026-06-18,FO,NSE,IDO,61865,,NIFTY,,2026-08-25,2026-08-25,24950.0,CE,NIFTY26AUG24950CE,0.0,0.0,0.0,223.55,223.55,223.55,24168.0,508.35,2015,0,0,0.0,0,F1,65,,,,,
2026-06-18,2026-06-18,FO,NSE,IDO,61909,,NIFTY,,2026-08-25,2026-08-25,25050.0,CE,NIFTY26AUG25050CE,0.0,0.0,0.0,511.35,0.0,511.35,24168.0,471.65,0,0,0,0.0,0,F1,65,,,,,
2026-06-18,2026-06-18,FO,NSE,IDO,79481,,NIFTY,,2026-06-30,2026-06-30,21700.0,PE,NIFTY26JUN21700PE,3.9,3.95,3.05,3.7,3.25,4.4,24168.0,3.7,161655,-10465,1670,2355929862.0,915,F1,65,,,,,
2026-06-18,2026-06-18,FO,NSE,IDO,79477,,NIFTY,,2026-06-30,2026-06-30,21600.0,PE,NIFTY26JUN21600PE,4.8,4.8,3.0,3.55,3.3,4.1,24168.0,3.55,208910,105560,3642,5114191046.25,1357,F1,65,,,,,
2026-06-18,2026-06-18,FO,NSE,IDO,79467,,NIFTY,,2026-06-30,2026-06-30,21350.0,PE,NIFTY26JUN21350PE,2.95,3.75,2.3,3.2,3.4,3.65,24168.0,3.2,15730,715,245,340049193.25,137,F1,65,,,,,
2026-06-18,2026-06-18,FO,NSE,IDO,79445,,NIFTY,,2026-06-30,2026-06-30,20850.0,PE,NIFTY26JUN20850PE,2.7,3.35,1.65,2.1,2.0,2.5,24168.0,2.1,37505,-260,485,657363697.25,355,F1,65,,,,,
2026-06-18,2026-06-18,FO,NSE,IDO,79424,,NIFTY,,2026-06-30,2026-06-30,20750.0,PE,NIFTY26JUN20750PE,2.3,3.2,2.2,2.5,3.0,2.75,24168.0,2.5,4420,650,78,105215919.25,56,F1,65,,,,,
2026-06-18,2026-06-18,FO,NSE,IDO,56483,,NIFTY,,2026-06-23,2026-06-23,25850.0,PE,NIFTY2662325850PE,0.0,0.0,0.0,1910.0,1910.0,1910.0,24168.0,1660.3,260,0,0,0.0,0,F1,65,,,,,
2026-06-18,2026-06-18,FO,NSE,IDO,56477,,NIFTY,,2026-06-23,2026-06-23,25750.0,PE,NIFTY2662325750PE,0.0,0.0,0.0,2026.3,0.0,2026.3,24168.0,1560.45,0,0,0,0.0,0,F1,65,,,,,
2026-06-18,2026-06-18,FO,NSE,IDO,56475,,NIFTY,,2026-06-23,2026-06-23,25700.0,PE,NIFTY2662325700PE,0.0,0.0,0.0,1760.0,1760.0,1760.0,24168.0,1510.5,195,0,0,0.0,0,F1,65,,,,,
2026-06-18,2026-06-18,FO,NSE,IDO,56429,,NIFTY,,2026-06-23,2026-06-23,24900.0,PE,NIFTY2662324900PE,849.0,883.2,714.0,730.15,714.0,827.35,24168.0,730.15,15145,1430,179,299118576.25,148,F1,65,,,,,
2026-06-18,2026-06-18,FO,NSE,IDO,56387,,NIFTY,,2026-06-23,2026-06-23,24300.0,PE,NIFTY2662324300PE,269.05,322.0,176.0,186.85,181.65,286.0,24168.0,186.85,750945,269750,209034,333493260945.0,127166,F1,65,,,,,
2026-06-18,2026-06-18,FO,NSE,IDO,56293,,NIFTY,,2026-06-23,2026-06-23,23150.0,PE,NIFTY2662323150PE,5.6,5.6,2.6,3.0,2.75,6.0,24168.0,3.0,974935,324870,139424,209827732136.75,36575,F1,65,,,,,
2026-06-18,2026-06-18,FO,NSE,IDO,56247,,NIFTY,,2026-06-23,2026-06-23,22450.0,PE,NIFTY2662322450PE,2.35,2.35,1.2,1.5,1.25,2.3,24168.0,1.5,146445,-21255,17485,25516806516.5,4594,F1,65,,,,,
2026-06-18,2026-06-18,FO,NSE,IDO,56213,,NIFTY,,2026-06-23,2026-06-23,21900.0,PE,NIFTY2662321900PE,1.6,1.85,0.95,1.1,1.0,1.75,24168.0,1.1,317135,-66365,20752,29542188835.25,4464,F1,65,,,,,
2026-06-18,2026-06-18,FO,NSE,IDO,56211,,NIFTY,,2026-06-23,2026-06-23,21850.0,PE,NIFTY2662321850PE,1.5,1.7,0.8,1.1,0.95,1.65,24168.0,1.1,72930,14300,3184,4522325122.25,1490,F1,65,,,,,
2026-06-18,2026-06-18,FO,NSE,IDO,56207,,NIFTY,,2026-06-23,2026-06-23,21800.0,PE,NIFTY2662321800PE,2.2,2.2,0.9,1.05,1.0,1.75,24168.0,1.05,927095,-5655,35318,50048461739.25,8165,F1,65,,,,,
2026-06-18,2026-06-18,FO,NSE,IDO,56187,,NIFTY,,2026-06-23,2026-06-23,21550.0,PE,NIFTY2662321550PE,1.2,1.85,0.7,0.9,0.85,1.5,24168.0,0.9,30680,12350,1706,2389794641.0,706,F1,65,,,,,
2026-06-18,2026-06-18,FO,NSE,IDO,55764,,NIFTY,,2030-12-31,2030-12-31,31500.0,CE,NIFTY30DEC31500CE,0.0,0.0,0.0,4554.55,0.0,4554.55,24168.0,3889.7,0,0,0,0.0,0,F1,65,,,,,
2026-06-18,2026-06-18,FO,NSE,IDO,60898,,NIFTY,,2030-06-25,2030-06-25,21000.0,CE,NIFTY30JUN21000CE,0.0,0.0,0.0,10421.65,0.0,10421.65,24168.0,8475.5,0,0,0,0.0,0,F1,65,,,,,
2026-06-18,2026-06-18,FO,NSE,IDO,61390,,NIFTY,,2029-12-24,2029-12-24,18000.0,CE,NIFTY29DEC18000CE,0.0,0.0,0.0,11362.4,0.0,11362.4,24168.0,10041.15,0,0,0,0.0,0,F1,65,,,,,
2026-06-18,2026-06-18,FO,NSE,IDO,55568,,NIFTY,,2029-06-26,2029-06-26,34500.0,CE,NIFTY29JUN34500CE,0.0,0.0,0.0,1895.7,0.0,1895.7,24168.0,1486.95,0,0,0,0.0,0,F1,65,,,,,
2026-06-18,2026-06-18,FO,NSE,IDO,55418,,NIFTY,,2027-12-28,2027-12-28,16500.0,CE,NIFTY27DEC16500CE,0.0,0.0,0.0,11316.4,0.0,11316.4,24168.0,9274.3,0,0,0,0.0,0,F1,65,,,,,
2026-06-18,2026-06-18,FO,NSE,IDO,80311,,NIFTY,,2027-03-30,2027-03-30,31500.0,CE,NIFTY27MAR31500CE,0.0,0.0,0.0,94.65,0.0,94.65,24168.0,148.2,0,0,0,0.0,0,F1,65,,,,,
2026-06-18,2026-06-18,FO,NSE,IDO,80276,,NIFTY,,2027-03-30,2027-03-30,27000.0,CE,NIFTY27MAR27000CE,435.0,455.7,434.0,455.7,455.7,433.0,24168.0,455.7,14105,2535,54,96336318.0,53,F1,65,,,,,
2026-06-18,2026-06-18,FO,NSE,IDO,42136,,NIFTY,,2026-12-29,2026-12-29,31000.0,CE,NIFTY26DEC31000CE,17.0,18.0,16.45,17.2,17.05,17.6,24168.0,17.2,151180,-2425,295,594752076.75,195,F1,65,,,,,
2026-06-18,2026-06-18,FO,NSE,IDO,38158,,NIFTY,,2026-12-29,2026-12-29,29000.0,CE,NIFTY26DEC29000CE,44.0,46.85,43.1,46.15,44.3,44.9,24168.0,46.15,437680,-1585,572,1079908631.75,342,F1,65,,,,,
2026-06-18,2026-06-18,FO,NSE,IDO,55330,,NIFTY,,2026-12-29,2026-12-29,28500.0,CE,NIFTY26DEC28500CE,60.6,66.45,57.6,62.5,63.45,62.15,24168.0,62.5,68185,-2535,163,302605033.25,129,F1,65,,,,,
2026-06-18,2026-06-18,FO,NSE,IDO,50978,,NIFTY,,2026-12-29,2026-12-29,27000.0,CE,NIFTY26DEC27000CE,194.2,206.0,188.15,201.8,204.0,192.7,24168.0,201.8,1285005,-8700,3097,5475103146.5,2597,F1,65,,,,,
2026-06-18,2026-06-18,FO,NSE,IDO,58648,,NIFTY,,2026-12-29,2026-12-29,22000.0,CE,NIFTY26DEC22000CE,2940.0,3049.1,2938.8,3024.25,3042.55,2965.15,24168.0,3024.25,185680,8710,314,509832436.75,249,F1,65,,,,,
2026-06-18,2026-06-18,FO,NSE,IDO,61921,,NIFTY,,2026-08-25,2026-08-25,25150.0,CE,NIFTY26AUG25150CE,189.65,210.85,184.6,207.65,208.7,189.15,24168.0,207.65,4290,780,37,60971950.0,29,F1,65,,,,,
2026-06-18,2026-06-18,FO,NSE,IDO,61778,,NIFTY,,2026-08-25,2026-08-25,24650.0,CE,NIFTY26AUG24650CE,394.55,394.55,394.55,394.55,394.55,328.1,24168.0,394.55,1105,0,1,1627895.75,1,F1,65,,,,,
2026-06-18,2026-06-18,FO,NSE,IDO,61685,,NIFTY,,2026-08-25,2026-08-25,24300.0,CE,NIFTY26AUG24300CE,525.95,570.55,499.1,560.8,570.55,521.2,24168.0,560.8,21840,1885,322,519860724.5,196,F1,65,,,,,
2026-06-18,2026-06-18,FO,NSE,IDO,61671,,NIFTY,,2026-08-25,2026-08-25,24250.0,CE,NIFTY26AUG24250CE,545.85,570.0,524.35,548.25,548.25,546.65,24168.0,824.35,3770,-65,27,43516424.25,14,F1,65,,,,,
2026-06-18,2026-06-18,FO,NSE,IDO,61517,,NIFTY,,2026-08-25,2026-08-25,23600.0,CE,NIFTY26AUG23600CE,972.0,1044.1,939.55,1017.05,1025.1,958.5,24168.0,1017.05,14105,-715,13,20777880.5,13,F1,65,,,,,
2026-06-18,2026-06-18,FO,NSE,IDO,61468,,NIFTY,,2026-08-25,2026-08-25,23400.0,CE,NIFTY26AUG23400CE,1048.25,1121.9,1048.25,1121.0,1121.0,1106.3,24168.0,1349.55,8190,-130,5,7964690.5,5,F1,65,,,,,
2026-06-18,2026-06-18,FO,NSE,IDO,61445,,NIFTY,,2026-08-25,2026-08-25,23200.0,CE,NIFTY26AUG23200CE,1335.0,1335.0,1320.05,1327.55,1320.05,1265.75,24168.0,1327.55,6825,-65,2,3188578.25,2,F1,65,,,,,
2026-06-18,2026-06-18,FO,NSE,IDO,61409,,NIFTY,,2026-08-25,2026-08-25,22700.0,CE,NIFTY26AUG22700CE,0.0,0.0,0.0,1569.0,1569.0,1569.0,24168.0,1887.45,1170,0,0,0.0,0,F1,65,,,,,
2026-06-18,2026-06-18,FO,NSE,IDO,61399,,NIFTY,,2026-08-25,2026-08-25,22550.0,CE,NIFTY26AUG22550CE,0.0,0.0,0.0,1548.9,1548.9,1548.9,24168.0,2012.8,65,0,0,0.0,0,F1,65,,,,,
2026-06-18,2026-06-18,FO,NSE,IDO,61356,,NIFTY,,2026-08-25,2026-08-25,22100.0,CE,NIFTY26AUG22100CE,0.0,0.0,0.0,2281.05,0.0,2281.05,24168.0,2405.7,0,0,0,0.0,0,F1,65,,,,,
2026-06-18,2026-06-18,FO,NSE,IDO,64031,,NIFTY,,2026-07-28,2026-07-28,26150.0,CE,NIFTY26JUL26150CE,0.0,0.0,0.0,252.8,0.0,252.8,24168.0,70.9,0,0,0,0.0,0,F1,65,,,,,
2026-06-18,2026-06-18,FO,NSE,IDO,64029,,NIFTY,,2026-07-28,2026-07-28,26100.0,CE,NIFTY26JUL26100CE,16.0,16.65,14.15,15.65,16.15,14.7,24168.0,15.65,118820,14105,1205,2045493310.25,686,F1,65,,,,,
2026-06-18,2026-06-18,FO,NSE,IDO,63993,,NIFTY,,2026-07-28,2026-07-28,25300.0,CE,NIFTY26JUL25300CE,57.7,70.85,57.7,68.6,70.65,57.75,24168.0,68.6,141960,21710,2091,3447232087.0,1633,F1,65,,,,,
2026-06-18,2026-06-18,FO,NSE,IDO,63945,,NIFTY,,2026-07-28,2026-07-28,24150.0,CE,NIFTY26JUL24150CE,431.85,474.55,395.4,459.4,474.55,421.85,24168.0,459.4,20345,1560,618,987882538.5,420,F1,65,,,,,
2026-06-18,2026-06-18,FO,NSE,IDO,63943,,NIFTY,,2026-07-28,2026-07-28,24100.0,CE,NIFTY26JUL24100CE,455.6,506.0,421.8,493.1,506.0,449.5,24168.0,493.1,181675,29640,5099,8141604233.75,3663,F1,65,,,,,
2026-06-18,2026-06-18,FO,NSE,IDO,63911,,NIFTY,,2026-07-28,2026-07-28,23400.0,CE,NIFTY26JUL23400CE,960.95,1013.6,897.55,1000.8,1010.0,929.5,24168.0,1000.8,40040,1235,252,398828836.25,179,F1,65,,,,,
2026-06-18,2026-06-18,FO,NSE,IDO,63847,,NIFTY,,2026-07-28,2026-07-28,21800.0,CE,NIFTY26JUL21800CE,0.0,0.0,0.0,1822.55,1822.55,1822.55,24168.0,2538.75,130,0,0,0.0,0,F1,65,,,,,
2026-06-18,2026-06-18,FO,NSE,IDO,57413,,NIFTY,,2026-07-21,2026-07-21,25400.0,CE,NIFTY2672125400CE,0.0,0.0,0.0,118.9,0.0,118.9,24168.0,141.25,0,0,0,0.0,0,F1,65,,,,,
2026-06-18,2026-06-18,FO,NSE,IDO,57392,,NIFTY,,2026-07-21,2026-07-21,24950.0,CE,NIFTY2672124950CE,0.0,0.0,0.0,211.5,0.0,211.5,24168.0,249.65,0,0,0,0.0,0,F1,65,,,,,
2026-06-18,2026-06-18,FO,NSE,IDO,57363,,NIFTY,,2026-07-21,2026-07-21,24550.0,CE,NIFTY2672124550CE,0.0,0.0,0.0,334.45,0.0,334.45,24168.0,391.25,0,0,0,0.0,0,F1,65,,,,,
2026-06-18,2026-06-18,FO,NSE,IDO,57358,,NIFTY,,2026-07-21,2026-07-21,24450.0,CE,NIFTY2672124450CE,0.0,0.0,0.0,372.05,0.0,372.05,24168.0,434.05,0,0,0,0.0,0,F1,65,,,,,
2026-06-18,2026-06-18,FO,NSE,IDO,57319,,NIFTY,,2026-07-21,2026-07-21,23500.0,CE,NIFTY2672123500CE,0.0,0.0,0.0,879.65,0.0,879.65,24168.0,997.3,0,0,0,0.0,0,F1,65,,,,,
2026-06-18,2026-06-18,FO,NSE,IDO,51511,,NIFTY,,2026-07-14,2026-07-14,26300.0,CE,NIFTY2671426300CE,6.3,7.95,6.3,6.65,6.7,6.45,24168.0,6.65,1820,1300,34,58138473.25,23,F1,65,,,,,
2026-06-18,2026-06-18,FO,NSE,IDO,51505,,NIFTY,,2026-07-14,2026-07-14,26150.0,CE,NIFTY2671426150CE,6.5,6.65,6.5,6.5,6.5,7.65,24168.0,6.5,650,0,4,6800703.0,4,F1,65,,,,,
2026-06-18,2026-06-18,FO,NSE,IDO,51473,,NIFTY,,2026-07-14,2026-07-14,25500.0,CE,NIFTY2671425500CE,18.55,20.75,17.2,19.9,20.5,18.05,24168.0,19.9,30225,6565,332,550696367.0,238,F1,65,,,,,
2026-06-18,2026-06-18,FO,NSE,IDO,51419,,NIFTY,,2026-07-14,2026-07-14,24950.0,CE,NIFTY2671424950CE,61.05,69.5,55.7,67.85,68.65,57.6,24168.0,67.85,9230,1300,99,160949964.5,66,F1,65,,,,,
2026-06-18,2026-06-18,FO,NSE,IDO,51417,,NIFTY,,2026-07-14,2026-07-14,24900.0,CE,NIFTY2671424900CE,0.0,0.0,0.0,74.5,0.0,74.5,24168.0,203.25,0,0,0,0.0,0,F1,65,,,,,
2026-06-18,2026-06-18,FO,NSE,IDO,51305,,NIFTY,,2026-07-14,2026-07-14,22900.0,CE,NIFTY2671422900CE,0.0,0.0,0.0,763.45,0.0,763.45,24168.0,1420.45,0,0,0,0.0,0,F1,65,,,,,
2026-06-18,2026-06-18,FO,NSE,IDO,51291,,NIFTY,,2026-07-14,2026-07-14,22650.0,CE,NIFTY2671422650CE,0.0,0.0,0.0,932.05,0.0,932.05,24168.0,1647.9,0,0,0,0.0,0,F1,65,,,,,
2026-06-18,2026-06-18,FO,NSE,IDO,51287,,NIFTY,,2026-07-14,2026-07-14,22550.0,CE,NIFTY2671422550CE,0.0,0.0,0.0,1005.6,0.0,1005.6,24168.0,1741.2,0,0,0,0.0,0,F1,65,,,,,
2026-06-18,2026-06-18,FO,NSE,IDO,51225,,NIFTY,,2026-07-14,2026-07-14,21650.0,CE,NIFTY2671421650CE,0.0,0.0,0.0,1758.65,0.0,1758.65,24168.0,2614.95,0,0,0,0.0,0,F1,65,,,,,
2026-06-18,2026-06-18,FO,NSE,IDO,44726,,NIFTY,,2026-07-07,2026-07-07,25800.0,CE,NIFTY2670725800CE,7.65,7.65,6.0,6.55,6.35,7.65,24168.0,6.55,15470,845,56,93936644.75,32,F1,65,,,,,
2026-06-18,2026-06-18,FO,NSE,IDO,44720,,NIFTY,,2026-07-07,2026-07-07,25700.0,CE,NIFTY2670725700CE,9.6,9.6,6.65,7.3,7.45,8.65,24168.0,7.3,4160,650,93,155401935.0,78,F1,65,,,,,
2026-06-18,2026-06-18,FO,NSE,IDO,44708,,NIFTY,,2026-07-07,2026-07-07,25600.0,CE,NIFTY2670725600CE,9.8,9.8,7.95,8.85,8.85,9.95,24168.0,8.85,9165,4420,159,264665219.0,70,F1,65,,,,,
2026-06-18,2026-06-18,FO,NSE,IDO,44682,,NIFTY,,2026-07-07,2026-07-07,24950.0,CE,NIFTY2670724950CE,35.5,40.25,31.75,38.75,40.15,36.95,24168.0,38.75,9750,2795,323,524556191.25,259,F1,65,,,,,
2026-06-18,2026-06-18,FO,NSE,IDO,44560,,NIFTY,,2026-07-07,2026-07-07,22950.0,CE,NIFTY2670722950CE,1203.25,1203.25,1200.0,1200.0,1200.0,1141.0,24168.0,1325.3,195,-130,2,3139711.25,2,F1,65,,,,,
2026-06-18,2026-06-18,FO,NSE,IDO,44472,,NIFTY,,2026-07-07,2026-07-07,21750.0,CE,NIFTY2670721750CE,0.0,0.0,0.0,1892.15,0.0,1892.15,24168.0,2488.4,0,0,0,0.0,0,F1,65,,,,,
2026-06-18,2026-06-18,FO,NSE,IDO,44458,,NIFTY,,2026-07-07,2026-07-07,21450.0,CE,NIFTY2670721450CE,0.0,0.0,0.0,2175.1,0.0,2175.1,24168.0,2786.9,0,0,0,0.0,0,F1,65,,,,,
2026-06-18,2026-06-18,FO,NSE,IDO,55220,,NIFTY,,2026-06-30,2026-06-30,31500.0,CE,NIFTY26JUN31500CE,0.45,0.45,0.35,0.45,0.35,0.6,24168.0,0.45,17095,0,10,20475273.0,2,F1,65,,,,,
2026-06-18,2026-06-18,FO,NSE,IDO,38154,,NIFTY,,2026-06-30,2026-06-30,29000.0,CE,NIFTY26JUN29000CE,0.7,0.7,0.6,0.65,0.7,0.75,24168.0,0.65,327995,-14235,1005,1894465540.5,232,F1,65,,,,,
2026-06-18,2026-06-18,FO,NSE,IDO,55190,,NIFTY,,2026-06-30,2026-06-30,28500.0,CE,NIFTY26JUN28500CE,1.0,1.45,0.55,1.05,1.0,0.95,24168.0,1.05,66885,6045,407,753997530.0,153,F1,65,,,,,
2026-06-18,2026-06-18,FO,NSE,IDO,79846,,NIFTY,,2026-06-30,2026-06-30,25800.0,CE,NIFTY26JUN25800CE,3.95,3.95,2.7,2.9,3.25,3.95,24168.0,2.9,283855,-6890,5527,9269877035.25,2787,F1,65,,,,,
2026-06-18,2026-06-18,FO,NSE,IDO,79811,,NIFTY,,2026-06-30,2026-06-30,25250.0,CE,NIFTY26JUN25250CE,8.4,9.25,6.7,7.75,7.6,9.4,24168.0,7.75,126555,30160,2891,4746297312.25,1955,F1,65,,,,,
2026-06-18,2026-06-18,FO,NSE,IDO,79809,,NIFTY,,2026-06-30,2026-06-30,25200.0,CE,NIFTY26JUN25200CE,8.75,9.35,7.2,8.45,8.5,10.45,24168.0,8.45,831090,169520,19936,32665932815.75,10840,F1,65,,,,,
2026-06-18,2026-06-18,FO,NSE,IDO,79766,,NIFTY,,2026-06-30,2026-06-30,24800.0,CE,NIFTY26JUN24800CE,23.75,28.55,19.5,25.6,27.65,27.6,24168.0,25.6,1233960,139360,46658,75282511141.5,28207,F1,65,,,,,
2026-06-18,2026-06-18,FO,NSE,IDO,79701,,NIFTY,,2026-06-30,2026-06-30,23550.0,CE,NIFTY26JUN23550CE,614.55,685.5,549.55,656.95,679.85,598.4,24168.0,656.95,79690,-8710,337,529392509.75,249,F1,65,,,,,
2026-06-18,2026-06-18,FO,NSE,IDO,79695,,NIFTY,,2026-06-30,2026-06-30,23400.0,CE,NIFTY26JUN23400CE,741.95,825.05,671.35,804.7,815.95,729.8,24168.0,804.7,599430,-72995,2467,3872623235.0,1750,F1,65,,,,,
2026-06-18,2026-06-18,FO,NSE,IDO,79652,,NIFTY,,2026-06-30,2026-06-30,23300.0,CE,NIFTY26JUN23300CE,824.95,921.15,771.35,892.9,916.3,824.1,24168.0,892.9,646490,-55835,1727,2711860105.5,1369,F1,65,,,,,
2026-06-18,2026-06-18,FO,NSE,IDO,79544,,NIFTY,,2026-06-30,2026-06-30,22950.0,CE,NIFTY26JUN22950CE,1163.25,1171.3,1163.25,1171.3,1171.3,1150.7,24168.0,1277.1,5525,-130,2,3135245.75,2,F1,65,,,,,
2026-06-18,2026-06-18,FO,NSE,IDO,79516,,NIFTY,,2026-06-30,2026-06-30,22200.0,CE,NIFTY26JUN22200CE,1901.15,1901.2,1901.15,1901.2,1901.2,1880.25,24168.0,2013.5,2600,-195,3,4699730.75,2,F1,65,,,,,
2026-06-18,2026-06-18,FO,NSE,IDO,79472,,NIFTY,,2026-06-30,2026-06-30,21500.0,CE,NIFTY26JUN21500CE,2614.0,2631.45,2539.95,2607.0,2607.0,2607.6,24168.0,2711.55,163345,455,35,54826063.5,20,F1,65,,,,,
2026-06-18,2026-06-18,FO,NSE,IDO,79460,,NIFTY,,2026-06-30,2026-06-30,21200.0,CE,NIFTY26JUN21200CE,0.0,0.0,0.0,2330.0,2330.0,2330.0,24168.0,3010.9,130,0,0,0.0,0,F1,65,,,,,
2026-06-18,2026-06-18,FO,NSE,IDO,39989,,NIFTY,,2026-06-30,2026-06-30,19000.0,CE,NIFTY26JUN19000CE,5080.0,5199.45,5040.3,5189.3,5195.0,5088.55,24168.0,5189.3,569320,-3055,123,192643941.75,90,F1,65,,,,,
2026-06-18,2026-06-18,FO,NSE,IDO,56510,,NIFTY,,2026-06-23,2026-06-23,26300.0,CE,NIFTY2662326300CE,0.75,1.0,0.5,0.6,0.55,0.75,24168.0,0.6,1078935,490750,62016,106019110405.0,8125,F1,65,,,,,
2026-06-18,2026-06-18,FO,NSE,IDO,56482,,NIFTY,,2026-06-23,2026-06-23,25850.0,CE,NIFTY2662325850CE,1.1,1.2,0.7,0.8,0.75,1.0,24168.0,0.8,98735,16120,5597,9404700119.75,1494,F1,65,,,,,
2026-06-18,2026-06-18,FO,NSE,IDO,56462,,NIFTY,,2026-06-23,2026-06-23,25550.0,CE,NIFTY2662325550CE,1.3,1.55,0.8,0.9,0.9,1.3,24168.0,0.9,585780,-8580,27946,46413399480.5,5030,F1,65,,,,,
2026-06-18,2026-06-18,FO,NSE,IDO,56458,,NIFTY,,2026-06-23,2026-06-23,25450.0,CE,NIFTY2662325450CE,1.5,1.85,0.95,1.05,1.0,1.65,24168.0,1.05,785395,176930,30190,49944520044.25,8048,F1,65,,,,,
2026-06-18,2026-06-18,FO,NSE,IDO,56432,,NIFTY,,2026-06-23,2026-06-23,25000.0,CE,NIFTY2662325000CE,3.55,3.9,2.15,2.5,2.7,4.25,24168.0,2.5,9583405,1902225,849165,1380054566439.25,131594,F1,65,,,,,
2026-06-18,2026-06-18,FO,NSE,IDO,56348,,NIFTY,,2026-06-23,2026-06-23,23750.0,CE,NIFTY2662323750CE,376.9,452.75,308.4,428.65,449.7,369.85,24168.0,428.65,101660,-39260,16911,26509340780.0,12930,F1,65,,,,,
2026-06-18,2026-06-18,FO,NSE,IDO,56336,,NIFTY,,2026-06-23,2026-06-23,23700.0,CE,NIFTY2662323700CE,423.0,499.75,348.85,486.15,496.1,410.75,24168.0,486.15,481650,-203970,34970,54815369011.0,21308,F1,65,,,,,
2026-06-18,2026-06-18,FO,NSE,IDO,56294,,NIFTY,,2026-06-23,2026-06-23,23200.0,CE,NIFTY2662323200CE,888.0,992.85,823.25,981.55,990.8,880.6,24168.0,981.55,415480,-17875,814,1277198841.75,552,F1,65,,,,,
2026-06-18,2026-06-18,FO,NSE,IDO,56276,,NIFTY,,2026-06-23,2026-06-23,23000.0,CE,NIFTY2662323000CE,1111.0,1191.4,1020.0,1178.35,1190.65,1082.6,24168.0,1178.35,408720,-34645,1485,2328046867.25,913,F1,65,,,,,
2026-06-18,2026-06-18,FO,NSE,IDO,56246,,NIFTY,,2026-06-23,2026-06-23,22450.0,CE,NIFTY2662322450CE,0.0,0.0,0.0,963.35,963.35,963.35,24168.0,1736.95,260,0,0,0.0,0,F1,65,,,,,
2026-06-18,2026-06-18,FO,NSE,IDO,56242,,NIFTY,,2026-06-23,2026-06-23,22350.0,CE,NIFTY2662322350CE,0.0,0.0,0.0,1062.45,1062.45,1062.45,24168.0,1836.9,260,0,0,0.0,0,F1,65,,,,,
2026-06-18,2026-06-18,FO,NSE,IDO,56240,,NIFTY,,2026-06-23,2026-06-23,22300.0,CE,NIFTY2662322300CE,1888.0,1888.0,1876.2,1878.7,1876.2,1720.0,24168.0,1878.7,780,130,5,7858067.75,5,F1,65,,,,,
2026-06-18,2026-06-18,FO,NSE,IDO,56210,,NIFTY,,2026-06-23,2026-06-23,21850.0,CE,NIFTY2662321850CE,0.0,0.0,0.0,1483.0,1483.0,1483.0,24168.0,2336.45,195,0,0,0.0,0,F1,65,,,,,
2026-06-18,2026-06-18,FO,NSE,IDO,56188,,NIFTY,,2026-06-23,2026-06-23,21600.0,CE,NIFTY2662321600CE,0.0,0.0,0.0,2159.3,0.0,2159.3,24168.0,2586.25,0,0,0,0.0,0,F1,65,,,,,
2026-06-18,2026-06-18,FO,NSE,IDO,89649,,NIFTY,,2029-06-26,2029-06-26,33000.0,PE,NIFTY29JUN33000PE,0.0,0.0,0.0,3022.85,0.0,3022.85,24168.0,4659.95,0,0,0,0.0,0,F1,65,,,,,
2026-06-18,2026-06-18,FO,NSE,IDO,55565,,NIFTY,,2029-06-26,2029-06-26,28500.0,PE,NIFTY29JUN28500PE,0.0,0.0,0.0,1349.1,0.0,1349.1,24168.0,2414.8,0,0,0,0.0,0,F1,65,,,,,
2026-06-18,2026-06-18,FO,NSE,IDO,55523,,NIFTY,,2028-12-26,2028-12-26,25500.0,PE,NIFTY28DEC25500PE,0.0,0.0,0.0,648.2,0.0,648.2,24168.0,1393.1,0,0,0,0.0,0,F1,65,,,,,
2026-06-18,2026-06-18,FO,NSE,IDO,51229,,NIFTY,,2026-07-14,2026-07-14,21700.0,CE,NIFTY2671421700CE,0.0,0.0,0.0,1713.0,0.0,1713.0,24168.0,2565.5,0,0,0,0.0,0,F1,65,,,,,
2026-06-18,2026-06-18,FO,NSE,IDO,51213,,NIFTY,,2026-07-14,2026-07-14,21500.0,CE,NIFTY2671421500CE,0.0,0.0,0.0,1897.35,0.0,1897.35,24168.0,2763.45,0,0,0,0.0,0,F1,65,,,,,
2026-06-18,2026-06-18,FO,NSE,IDO,44732,,NIFTY,,2026-07-07,2026-07-07,25950.0,CE,NIFTY2670725950CE,5.8,6.95,4.85,5.2,5.05,5.8,24168.0,5.2,1170,780,18,30367870.0,15,F1,65,,,,,
2026-06-18,2026-06-18,FO,NSE,IDO,44645,,NIFTY,,2026-07-07,2026-07-07,24300.0,CE,NIFTY2670724300CE,195.6,215.0,159.2,202.05,215.0,185.45,24168.0,202.05,166010,20215,3238,5154186622.0,2504,F1,65,,,,,
2026-06-18,2026-06-18,FO,NSE,IDO,44566,,NIFTY,,2026-07-07,2026-07-07,23100.0,CE,NIFTY2670723100CE,1144.0,1144.0,1144.0,1144.0,1144.0,1021.0,24168.0,1144.0,20670,0,1,1575860.0,1,F1,65,,,,,
2026-06-18,2026-06-18,FO,NSE,IDO,44476,,NIFTY,,2026-07-07,2026-07-07,21850.0,CE,NIFTY2670721850CE,0.0,0.0,0.0,1799.85,0.0,1799.85,24168.0,2389.1,0,0,0,0.0,0,F1,65,,,,,
2026-06-18,2026-06-18,FO,NSE,IDO,44456,,NIFTY,,2026-07-07,2026-07-07,21400.0,CE,NIFTY2670721400CE,0.0,0.0,0.0,2223.0,0.0,2223.0,24168.0,2836.7,0,0,0,0.0,0,F1,65,,,,,
2026-06-18,2026-06-18,FO,NSE,IDO,47188,,NIFTY,,2026-06-30,2026-06-30,33000.0,CE,NIFTY26JUN33000CE,0.35,0.8,0.35,0.65,0.7,0.35,24168.0,0.65,45305,390,99,212359140.5,15,F1,65,,,,,
2026-06-18,2026-06-18,FO,NSE,IDO,56214,,NIFTY,,2026-06-23,2026-06-23,21950.0,CE,NIFTY2662321950CE,0.0,0.0,0.0,1646.45,1646.45,1646.45,24168.0,2236.55,390,0,0,0.0,0,F1,65,,,,,
2026-06-18,2026-06-18,FO,NSE,IDO,56270,,NIFTY,,2026-06-23,2026-06-23,22850.0,CE,NIFTY2662322850CE,1231.05,1334.0,1183.0,1313.7,1334.0,1160.25,24168.0,1313.7,6175,-650,24,37566785.75,21,F1,65,,,,,
2026-06-18,2026-06-18,FO,NSE,IDO,56272,,NIFTY,,2026-06-23,2026-06-23,22900.0,CE,NIFTY2662322900CE,1200.0,1289.0,1131.95,1287.0,1285.0,1147.5,24168.0,1287.0,43810,-8125,171,268490696.5,70,F1,65,,,,,
2026-06-18,2026-06-18,FO,NSE,IDO,56370,,NIFTY,,2026-06-23,2026-06-23,23950.0,CE,NIFTY2662323950CE,216.0,275.0,169.05,253.95,271.6,222.35,24168.0,253.95,600665,-202865,258342,405709410590.25,175177,F1,65,,,,,
2026-06-18,2026-06-18,FO,NSE,IDO,56374,,NIFTY,,2026-06-23,2026-06-23,24050.0,CE,NIFTY2662324050CE,150.55,198.95,117.1,180.8,197.35,164.3,24168.0,180.8,1552785,-1427855,1322342,2079830342638.75,832031,F1,65,,,,,
2026-06-18,2026-06-18,FO,NSE,IDO,56430,,NIFTY,,2026-06-23,2026-06-23,24950.0,CE,NIFTY2662324950CE,3.9,4.4,2.3,2.7,2.95,4.9,24168.0,2.7,803595,-50830,276119,447853280728.75,50260,F1,65,,,,,
2026-06-18,2026-06-18,FO,NSE,IDO,56446,,NIFTY,,2026-06-23,2026-06-23,25300.0,CE,NIFTY2662325300CE,1.5,2.35,1.15,1.35,1.3,1.9,24168.0,1.35,3234010,979485,190250,312886178504.25,39245,F1,65,,,,,
2026-06-18,2026-06-18,FO,NSE,IDO,58624,,NIFTY,,2026-06-30,2026-06-30,12000.0,CE,NIFTY26JUN12000CE,0.0,0.0,0.0,8690.0,8690.0,8690.0,24168.0,12192.3,50,0,0,0.0,0,F1,65,,,,,
2026-06-18,2026-06-18,FO,NSE,IDO,79373,,NIFTY,,2026-06-30,2026-06-30,20150.0,CE,NIFTY26JUN20150CE,0.0,0.0,0.0,2601.2,0.0,2601.2,24168.0,4058.8,0,0,0,0.0,0,F1,65,,,,,
2026-06-18,2026-06-18,FO,NSE,IDO,79381,,NIFTY,,2026-06-30,2026-06-30,20350.0,CE,NIFTY26JUN20350CE,0.0,0.0,0.0,2422.5,0.0,2422.5,24168.0,3859.2,0,0,0,0.0,0,F1,65,,,,,
2026-06-18,2026-06-18,FO,NSE,IDO,79387,,NIFTY,,2026-06-30,2026-06-30,20500.0,CE,NIFTY26JUN20500CE,3530.0,3636.8,3530.0,3632.15,3636.8,3582.55,24168.0,3632.15,50765,65,10,15673901.75,9,F1,65,,,,,
2026-06-18,2026-06-18,FO,NSE,IDO,79510,,NIFTY,,2026-06-30,2026-06-30,22050.0,CE,NIFTY26JUN22050CE,0.0,0.0,0.0,1471.9,1471.9,1471.9,24168.0,2162.9,390,0,0,0.0,0,F1,65,,,,,
2026-06-18,2026-06-18,FO,NSE,IDO,79546,,NIFTY,,2026-06-30,2026-06-30,23050.0,CE,NIFTY26JUN23050CE,1077.45,1168.25,1030.1,1164.0,1162.05,1058.75,24168.0,1164.0,13520,-520,21,32954597.0,21,F1,65,,,,,
2026-06-18,2026-06-18,FO,NSE,IDO,79730,,NIFTY,,2026-06-30,2026-06-30,24050.0,CE,NIFTY26JUN24050CE,238.9,282.0,195.05,264.4,279.1,238.9,24168.0,264.4,290160,30810,23978,37845281084.0,16270,F1,65,,,,,
2026-06-18,2026-06-18,FO,NSE,IDO,79734,,NIFTY,,2026-06-30,2026-06-30,24150.0,CE,NIFTY26JUN24150CE,185.45,219.95,150.2,207.55,218.9,186.8,24168.0,207.55,402285,214175,29266,46297745347.75,20929,F1,65,,,,,
2026-06-18,2026-06-18,FO,NSE,IDO,79838,,NIFTY,,2026-06-30,2026-06-30,25600.0,CE,NIFTY26JUN25600CE,4.4,5.2,3.6,4.1,3.75,5.3,24168.0,4.1,323895,-10205,7606,12658438581.75,4262,F1,65,,,,,
2026-06-18,2026-06-18,FO,NSE,IDO,71476,,NIFTY,,2026-06-30,2026-06-30,26000.0,CE,NIFTY26JUN26000CE,3.4,3.45,2.25,2.5,2.25,3.35,24168.0,2.5,6238590,-229025,27021,45670165258.25,8264,F1,65,,,,,
2026-06-18,2026-06-18,FO,NSE,IDO,79862,,NIFTY,,2026-06-30,2026-06-30,26250.0,CE,NIFTY26JUN26250CE,2.95,3.0,1.9,2.2,2.5,2.5,24168.0,2.2,8385,975,132,225244292.0,113,F1,65,,,,,
2026-06-18,2026-06-18,FO,NSE,IDO,80010,,NIFTY,,2026-06-30,2026-06-30,26500.0,CE,NIFTY26JUN26500CE,1.75,1.8,1.25,1.4,1.35,1.65,24168.0,1.4,1315665,269815,11634,20040695246.0,2863,F1,65,,,,,
2026-06-18,2026-06-18,FO,NSE,IDO,50973,,NIFTY,,2026-06-30,2026-06-30,27000.0,CE,NIFTY26JUN27000CE,1.3,1.5,1.15,1.3,1.2,1.45,24168.0,1.3,3471300,-34710,6747,11841578453.25,2010,F1,65,,,,,
2026-06-18,2026-06-18,FO,NSE,IDO,35229,,NIFTY,,2026-06-30,2026-06-30,30000.0,CE,NIFTY26JUN30000CE,0.7,0.8,0.6,0.65,0.65,0.7,24168.0,0.65,316315,-2160,370,721517329.0,108,F1,65,,,,,
2026-06-18,2026-06-18,FO,NSE,IDO,55651,,NIFTY,,2030-06-25,2030-06-25,31500.0,PE,NIFTY30JUN31500PE,0.0,0.0,0.0,2056.3,0.0,2056.3,24168.0,3280.35,0,0,0,0.0,0,F1,65,,,,,
2026-06-18,2026-06-18,FO,NSE,IDO,67775,,NIFTY,,2028-12-26,2028-12-26,20000.0,PE,NIFTY28DEC20000PE,0.0,0.0,0.0,429.9,429.9,429.9,24168.0,246.65,1880,0,0,0.0,0,F1,65,,,,,
2026-06-18,2026-06-18,FO,NSE,IDO,55469,,NIFTY,,2028-06-27,2028-06-27,16500.0,PE,NIFTY28JUN16500PE,0.0,0.0,0.0,3.8,0.0,3.8,24168.0,28.65,0,0,0,0.0,0,F1,65,,,,,
2026-06-18,2026-06-18,FO,NSE,IDO,53619,,NIFTY,,2027-12-28,2027-12-28,23000.0,PE,NIFTY27DEC23000PE,682.5,683.35,641.0,652.95,641.0,694.05,24168.0,652.95,33895,845,40,61535136.0,38,F1,65,,,,,
2026-06-18,2026-06-18,FO,NSE,IDO,35263,,NIFTY,,2027-06-29,2027-06-29,30000.0,PE,NIFTY27JUN30000PE,0.0,0.0,0.0,4562.55,0.0,4562.55,24168.0,4351.25,0,0,0,0.0,0,F1,65,,,,,
2026-06-18,2026-06-18,FO,NSE,IDO,55379,,NIFTY,,2027-06-29,2027-06-29,28500.0,PE,NIFTY27JUN28500PE,0.0,0.0,0.0,1807.05,0.0,1807.05,24168.0,3251.5,0,0,0,0.0,0,F1,65,,,,,
2026-06-18,2026-06-18,FO,NSE,IDO,80189,,NIFTY,,2027-03-30,2027-03-30,15000.0,PE,NIFTY27MAR15000PE,0.0,0.0,0.0,20.55,20.55,20.55,24168.0,0.2,195,0,0,0.0,0,F1,65,,,,,
2026-06-18,2026-06-18,FO,NSE,IDO,38159,,NIFTY,,2026-12-29,2026-12-29,29000.0,PE,NIFTY26DEC29000PE,3929.55,3975.0,3830.05,3837.3,3835.1,3936.7,24168.0,3837.3,213770,3250,93,198856476.0,61,F1,65,,,,,
2026-06-18,2026-06-18,FO,NSE,IDO,50979,,NIFTY,,2026-12-29,2026-12-29,27000.0,PE,NIFTY26DEC27000PE,2192.35,2221.25,2075.25,2099.35,2075.7,2192.4,24168.0,2099.35,772215,1955,183,346788308.75,154,F1,65,,,,,
2026-06-18,2026-06-18,FO,NSE,IDO,55327,,NIFTY,,2026-12-29,2026-12-29,22500.0,PE,NIFTY26DEC22500PE,263.1,268.3,228.05,233.4,228.1,268.15,24168.0,233.4,652080,40560,2254,3332929931.5,1562,F1,65,,,,,
2026-06-18,2026-06-18,FO,NSE,IDO,58639,,NIFTY,,2026-12-29,2026-12-29,17000.0,PE,NIFTY26DEC17000PE,41.0,44.15,39.15,39.55,40.0,41.8,24168.0,39.55,188575,-325,449,497359820.75,260,F1,65,,,,,
2026-06-18,2026-06-18,FO,NSE,IDO,65899,,NIFTY,,2026-09-29,2026-09-29,23000.0,PE,NIFTY26SEP23000PE,210.0,224.1,185.1,189.65,185.5,222.45,24168.0,189.65,907030,22490,3555,5361887706.5,2284,F1,65,,,,,
2026-06-18,2026-06-18,FO,NSE,IDO,61954,,NIFTY,,2026-08-25,2026-08-25,25350.0,PE,NIFTY26AUG25350PE,0.0,0.0,0.0,1270.0,1270.0,1270.0,24168.0,1244.05,130,0,0,0.0,0,F1,65,,,,,
2026-06-18,2026-06-18,FO,NSE,IDO,61930,,NIFTY,,2026-08-25,2026-08-25,25200.0,PE,NIFTY26AUG25200PE,0.0,0.0,0.0,1075.0,1075.0,1075.0,24168.0,1142.95,455,0,0,0.0,0,F1,65,,,,,
2026-06-18,2026-06-18,FO,NSE,IDO,61898,,NIFTY,,2026-08-25,2026-08-25,25000.0,PE,NIFTY26AUG25000PE,911.0,956.8,823.85,831.4,824.0,922.7,24168.0,831.4,206180,42900,1466,2467535950.75,1271,F1,65,,,,,
2026-06-18,2026-06-18,FO,NSE,IDO,61719,,NIFTY,,2026-08-25,2026-08-25,24350.0,PE,NIFTY26AUG24350PE,538.5,556.9,510.75,510.75,510.75,554.65,24168.0,655.85,1040,520,34,55013198.5,27,F1,65,,,,,
2026-06-18,2026-06-18,FO,NSE,IDO,61408,,NIFTY,,2026-08-25,2026-08-25,22650.0,PE,NIFTY26AUG22650PE,94.25,103.0,83.0,84.9,85.25,111.0,24168.0,84.9,15405,11310,260,384228032.5,110,F1,65,,,,,
2026-06-18,2026-06-18,FO,NSE,IDO,61367,,NIFTY,,2026-08-25,2026-08-25,22200.0,PE,NIFTY26AUG22200PE,65.6,67.6,53.65,56.35,55.9,69.35,24168.0,56.35,41535,-3055,425,614946972.25,242,F1,65,,,,,
2026-06-18,2026-06-18,FO,NSE,IDO,61357,,NIFTY,,2026-08-25,2026-08-25,22100.0,PE,NIFTY26AUG22100PE,60.05,63.75,50.75,51.5,50.75,65.65,24168.0,51.5,2340,-2730,77,110896730.75,42,F1,65,,,,,
2026-06-18,2026-06-18,FO,NSE,IDO,61174,,NIFTY,,2026-08-25,2026-08-25,21350.0,PE,NIFTY26AUG21350PE,31.35,31.35,27.0,27.0,27.0,33.2,24168.0,21.75,195,-65,3,4168970.0,3,F1,65,,,,,
2026-06-18,2026-06-18,FO,NSE,IDO,61153,,NIFTY,,2026-08-25,2026-08-25,21200.0,PE,NIFTY26AUG21200PE,26.95,29.3,25.35,25.85,25.5,29.45,24168.0,25.85,101985,520,132,182134644.25,64,F1,65,,,,,
2026-06-18,2026-06-18,FO,NSE,IDO,64032,,NIFTY,,2026-07-28,2026-07-28,26150.0,PE,NIFTY26JUL26150PE,0.0,0.0,0.0,2031.7,0.0,2031.7,24168.0,1863.6,0,0,0,0.0,0,F1,65,,,,,
2026-06-18,2026-06-18,FO,NSE,IDO,64022,,NIFTY,,2026-07-28,2026-07-28,25900.0,PE,NIFTY26JUL25900PE,0.0,0.0,0.0,1772.1,1772.1,1772.1,24168.0,1643.9,260,0,0,0.0,0,F1,65,,,,,
2026-06-18,2026-06-18,FO,NSE,IDO,63986,,NIFTY,,2026-07-28,2026-07-28,25150.0,PE,NIFTY26JUL25150PE,1000.0,1000.0,1000.0,1000.0,1000.0,1020.75,24168.0,1045.9,390,65,1,1699750.0,1,F1,65,,,,,
2026-06-18,2026-06-18,FO,NSE,IDO,63976,,NIFTY,,2026-07-28,2026-07-28,24900.0,PE,NIFTY26JUL24900PE,830.05,850.0,729.2,747.4,740.4,822.5,24168.0,747.4,3445,1300,58,96798789.75,51,F1,65,,,,,
2026-06-18,2026-06-18,FO,NSE,IDO,63974,,NIFTY,,2026-07-28,2026-07-28,24850.0,PE,NIFTY26JUL24850PE,0.0,0.0,0.0,1426.5,1426.5,1426.5,24168.0,840.45,260,0,0,0.0,0,F1,65,,,,,
2026-06-18,2026-06-18,FO,NSE,IDO,63970,,NIFTY,,2026-07-28,2026-07-28,24750.0,PE,NIFTY26JUL24750PE,683.75,715.0,621.45,649.9,629.6,718.1,24168.0,649.9,4485,845,45,74378954.0,43,F1,65,,,,,
2026-06-18,2026-06-18,FO,NSE,IDO,63962,,NIFTY,,2026-07-28,2026-07-28,24550.0,PE,NIFTY26JUL24550PE,571.85,603.1,504.05,510.0,505.65,582.65,24168.0,510.0,4680,455,47,76718216.25,36,F1,65,,,,,
2026-06-18,2026-06-18,FO,NSE,IDO,63841,,NIFTY,,2026-07-28,2026-07-28,21650.0,PE,NIFTY26JUL21650PE,19.15,19.15,14.9,17.0,17.15,18.1,24168.0,17.0,2600,-455,14,19717109.75,14,F1,65,,,,,
2026-06-18,2026-06-18,FO,NSE,IDO,63839,,NIFTY,,2026-07-28,2026-07-28,21600.0,PE,NIFTY26JUL21600PE,17.9,17.9,15.1,16.75,17.25,17.9,24168.0,16.75,35230,-6955,275,386391596.5,156,F1,65,,,,,
2026-06-18,2026-06-18,FO,NSE,IDO,63824,,NIFTY,,2026-07-28,2026-07-28,21350.0,PE,NIFTY26JUL21350PE,12.7,15.4,11.35,13.75,15.4,15.65,24168.0,13.75,3445,-2405,47,65265138.25,41,F1,65,,,,,
2026-06-18,2026-06-18,FO,NSE,IDO,57451,,NIFTY,,2026-07-21,2026-07-21,25850.0,PE,NIFTY2672125850PE,0.0,0.0,0.0,1771.0,0.0,1771.0,24168.0,1601.85,0,0,0,0.0,0,F1,65,,,,,
2026-06-18,2026-06-18,FO,NSE,IDO,57403,,NIFTY,,2026-07-21,2026-07-21,25150.0,PE,NIFTY2672125150PE,0.0,0.0,0.0,1177.95,0.0,1177.95,24168.0,1028.15,0,0,0,0.0,0,F1,65,,,,,
2026-06-18,2026-06-18,FO,NSE,IDO,57395,,NIFTY,,2026-07-21,2026-07-21,25000.0,PE,NIFTY2672125000PE,0.0,0.0,0.0,1063.75,0.0,1063.75,24168.0,917.7,0,0,0,0.0,0,F1,65,,,,,
2026-06-18,2026-06-18,FO,NSE,IDO,57347,,NIFTY,,2026-07-21,2026-07-21,24150.0,PE,NIFTY2672124150PE,338.45,348.55,278.6,286.35,281.6,521.25,24168.0,286.35,1820,1820,50,79537386.5,31,F1,65,,,,,
2026-06-18,2026-06-18,FO,NSE,IDO,57337,,NIFTY,,2026-07-21,2026-07-21,23900.0,PE,NIFTY2672123900PE,0.0,0.0,0.0,402.6,0.0,402.6,24168.0,315.05,0,0,0,0.0,0,F1,65,,,,,
2026-06-18,2026-06-18,FO,NSE,IDO,57322,,NIFTY,,2026-07-21,2026-07-21,23550.0,PE,NIFTY2672123550PE,0.0,0.0,0.0,268.35,0.0,268.35,24168.0,201.2,0,0,0,0.0,0,F1,65,,,,,
2026-06-18,2026-06-18,FO,NSE,IDO,57316,,NIFTY,,2026-07-21,2026-07-21,23400.0,PE,NIFTY2672123400PE,0.0,0.0,0.0,221.7,0.0,221.7,24168.0,163.15,0,0,0,0.0,0,F1,65,,,,,
2026-06-18,2026-06-18,FO,NSE,IDO,57294,,NIFTY,,2026-07-21,2026-07-21,22850.0,PE,NIFTY2672122850PE,0.0,0.0,0.0,100.35,0.0,100.35,24168.0,67.8,0,0,0,0.0,0,F1,65,,,,,
2026-06-18,2026-06-18,FO,NSE,IDO,57292,,NIFTY,,2026-07-21,2026-07-21,22800.0,PE,NIFTY2672122800PE,0.0,0.0,0.0,92.6,0.0,92.6,24168.0,62.05,0,0,0,0.0,0,F1,65,,,,,
2026-06-18,2026-06-18,FO,NSE,IDO,57290,,NIFTY,,2026-07-21,2026-07-21,22750.0,PE,NIFTY2672122750PE,43.2,43.45,35.4,35.75,36.1,85.35,24168.0,35.75,1235,1235,24,35555734.5,13,F1,65,,,,,
2026-06-18,2026-06-18,FO,NSE,IDO,57272,,NIFTY,,2026-07-21,2026-07-21,22300.0,PE,NIFTY2672122300PE,20.5,21.8,20.5,21.8,21.8,38.35,24168.0,23.4,195,195,3,4352650.25,3,F1,65,,,,,
2026-06-18,2026-06-18,FO,NSE,IDO,51486,,NIFTY,,2026-07-14,2026-07-14,25750.0,PE,NIFTY2671425750PE,0.0,0.0,0.0,2375.55,0.0,2375.55,24168.0,1522.75,0,0,0,0.0,0,F1,65,,,,,
2026-06-18,2026-06-18,FO,NSE,IDO,51446,,NIFTY,,2026-07-14,2026-07-14,25300.0,PE,NIFTY2671425300PE,0.0,0.0,0.0,1949.6,0.0,1949.6,24168.0,1134.35,0,0,0,0.0,0,F1,65,,,,,
2026-06-18,2026-06-18,FO,NSE,IDO,51442,,NIFTY,,2026-07-14,2026-07-14,25200.0,PE,NIFTY2671425200PE,0.0,0.0,0.0,1857.25,0.0,1857.25,24168.0,1053.55,0,0,0,0.0,0,F1,65,,,,,
2026-06-18,2026-06-18,FO,NSE,IDO,51418,,NIFTY,,2026-07-14,2026-07-14,24900.0,PE,NIFTY2671424900PE,0.0,0.0,0.0,1586.95,0.0,1586.95,24168.0,826.25,0,0,0,0.0,0,F1,65,,,,,
2026-06-18,2026-06-18,FO,NSE,IDO,51363,,NIFTY,,2026-07-14,2026-07-14,23850.0,PE,NIFTY2671423850PE,170.65,179.7,146.45,146.45,146.45,203.15,24168.0,146.45,585,195,8,12491108.5,8,F1,65,,,,,
2026-06-18,2026-06-18,FO,NSE,IDO,51306,,NIFTY,,2026-07-14,2026-07-14,22900.0,PE,NIFTY2671422900PE,36.1,36.3,29.15,29.65,30.25,40.85,24168.0,29.65,9750,0,90,134154153.25,62,F1,65,,,,,
2026-06-18,2026-06-18,FO,NSE,IDO,51283,,NIFTY,,2026-07-14,2026-07-14,22500.0,PE,NIFTY2671422500PE,22.9,25.15,15.1,16.7,16.9,22.35,24168.0,16.7,19435,3770,260,380550426.75,119,F1,65,,,,,
2026-06-18,2026-06-18,FO,NSE,IDO,44741,,NIFTY,,2026-07-07,2026-07-07,26150.0,PE,NIFTY2670726150PE,0.0,0.0,0.0,2530.1,0.0,2530.1,24168.0,1908.4,0,0,0,0.0,0,F1,65,,,,,
2026-06-18,2026-06-18,FO,NSE,IDO,44739,,NIFTY,,2026-07-07,2026-07-07,26100.0,PE,NIFTY2670726100PE,0.0,0.0,0.0,2481.85,0.0,2481.85,24168.0,1859.9,0,0,0,0.0,0,F1,65,,,,,
2026-06-18,2026-06-18,FO,NSE,IDO,44733,,NIFTY,,2026-07-07,2026-07-07,25950.0,PE,NIFTY2670725950PE,0.0,0.0,0.0,2337.7,0.0,2337.7,24168.0,1715.5,0,0,0,0.0,0,F1,65,,,,,
2026-06-18,2026-06-18,FO,NSE,IDO,44608,,NIFTY,,2026-07-07,2026-07-07,23750.0,PE,NIFTY2670723750PE,123.0,134.3,87.25,90.05,90.05,134.95,24168.0,90.05,7410,1300,230,356667168.0,210,F1,65,,,,,
2026-06-18,2026-06-18,FO,NSE,IDO,44595,,NIFTY,,2026-07-07,2026-07-07,23650.0,PE,NIFTY2670723650PE,110.3,111.0,69.9,72.7,71.45,110.8,24168.0,72.7,12090,5395,333,513755836.75,270,F1,65,,,,,
2026-06-18,2026-06-18,FO,NSE,IDO,44591,,NIFTY,,2026-07-07,2026-07-07,23550.0,PE,NIFTY2670723550PE,91.0,91.0,56.8,59.0,58.5,90.8,24168.0,59.0,27950,8255,698,1071892591.25,483,F1,65,,,,,
2026-06-18,2026-06-18,FO,NSE,IDO,44551,,NIFTY,,2026-07-07,2026-07-07,22850.0,PE,NIFTY2670722850PE,18.85,19.75,14.45,15.3,14.45,25.3,24168.0,15.3,3575,-1105,80,118912046.5,36,F1,65,,,,,
2026-06-18,2026-06-18,FO,NSE,IDO,44543,,NIFTY,,2026-07-07,2026-07-07,22650.0,PE,NIFTY2670722650PE,14.1,14.1,11.8,11.8,11.8,17.8,24168.0,11.8,1495,-390,23,33880265.25,11,F1,65,,,,,
2026-06-18,2026-06-18,FO,NSE,IDO,44483,,NIFTY,,2026-07-07,2026-07-07,21900.0,PE,NIFTY2670721900PE,6.35,6.8,5.1,6.2,6.2,7.4,24168.0,6.2,6890,715,45,64075755.25,16,F1,65,,,,,
2026-06-18,2026-06-18,FO,NSE,IDO,44471,,NIFTY,,2026-07-07,2026-07-07,21700.0,PE,NIFTY2670721700PE,5.9,5.95,4.45,5.5,4.45,6.25,24168.0,5.5,12935,-780,98,138262182.5,49,F1,65,,,,,
2026-06-18,2026-06-18,FO,NSE,IDO,44459,,NIFTY,,2026-07-07,2026-07-07,21450.0,PE,NIFTY2670721450PE,5.1,5.45,5.1,5.45,5.45,5.95,24168.0,0.25,910,325,5,6972953.0,5,F1,65,,,,,
2026-06-18,2026-06-18,FO,NSE,IDO,79865,,NIFTY,,2026-06-30,2026-06-30,26250.0,PE,NIFTY26JUN26250PE,0.0,0.0,0.0,2175.75,2175.75,2175.75,24168.0,2030.1,65,0,0,0.0,0,F1,65,,,,,
2026-06-18,2026-06-18,FO,NSE,IDO,79849,,NIFTY,,2026-06-30,2026-06-30,25850.0,PE,NIFTY26JUN25850PE,0.0,0.0,0.0,2112.45,2112.45,2112.45,24168.0,1634.85,1365,0,0,0.0,0,F1,65,,,,,
2026-06-18,2026-06-18,FO,NSE,IDO,79812,,NIFTY,,2026-06-30,2026-06-30,25250.0,PE,NIFTY26JUN25250PE,0.0,0.0,0.0,1290.0,1290.0,1290.0,24168.0,1063.05,455,0,0,0.0,0,F1,65,,,,,
2026-06-18,2026-06-18,FO,NSE,IDO,79769,,NIFTY,,2026-06-30,2026-06-30,24850.0,PE,NIFTY26JUN24850PE,747.35,796.95,723.65,755.55,755.55,811.85,24168.0,718.95,5915,65,30,49946572.0,19,F1,65,,,,,
2026-06-18,2026-06-18,FO,NSE,IDO,79741,,NIFTY,,2026-06-30,2026-06-30,24300.0,PE,NIFTY26JUN24300PE,319.3,360.0,236.1,242.65,240.75,329.0,24168.0,242.65,501540,195845,16022,25597692250.0,10562,F1,65,,,,,
2026-06-18,2026-06-18,FO,NSE,IDO,79739,,NIFTY,,2026-06-30,2026-06-30,24250.0,PE,NIFTY26JUN24250PE,271.2,324.45,209.0,215.35,211.85,297.4,24168.0,215.35,56095,19045,3835,6109246302.25,2710,F1,65,,,,,
2026-06-18,2026-06-18,FO,NSE,IDO,79712,,NIFTY,,2026-06-30,2026-06-30,23800.0,PE,NIFTY26JUN23800PE,109.6,109.65,56.85,60.6,60.5,106.05,24168.0,60.6,2402010,335140,67602,104931810405.5,38015,F1,65,,,,,
2026-06-18,2026-06-18,FO,NSE,IDO,79523,,NIFTY,,2026-06-30,2026-06-30,22350.0,PE,NIFTY26JUN22350PE,6.8,6.8,4.3,5.05,5.25,6.65,24168.0,5.05,73970,5655,697,1012796931.25,483,F1,65,,,,,
2026-06-18,2026-06-18,FO,NSE,IDO,58627,,NIFTY,,2026-06-30,2026-06-30,22000.0,PE,NIFTY26JUN22000PE,4.8,4.8,3.7,4.2,3.95,5.1,24168.0,4.2,2670395,-62870,22145,31673240995.5,7803,F1,65,,,,,
2026-06-18,2026-06-18,FO,NSE,IDO,79508,,NIFTY,,2026-06-30,2026-06-30,21950.0,PE,NIFTY26JUN21950PE,3.95,4.3,3.5,4.05,4.0,4.75,24168.0,4.05,65455,14495,1320,1883651409.25,686,F1,65,,,,,
2026-06-18,2026-06-18,FO,NSE,IDO,79465,,NIFTY,,2026-06-30,2026-06-30,21300.0,PE,NIFTY26JUN21300PE,3.15,3.9,2.6,3.1,2.7,3.5,24168.0,3.1,82615,-1105,643,890362541.25,407,F1,65,,,,,
2026-06-18,2026-06-18,FO,NSE,IDO,79265,,NIFTY,,2026-06-30,2026-06-30,20100.0,PE,NIFTY26JUN20100PE,2.3,2.5,1.7,1.75,1.7,2.25,24168.0,1.75,44265,585,94,122824159.25,53,F1,65,,,,,
2026-06-18,2026-06-18,FO,NSE,IDO,56473,,NIFTY,,2026-06-23,2026-06-23,25650.0,PE,NIFTY2662325650PE,0.0,0.0,0.0,1722.0,1722.0,1722.0,24168.0,1460.65,520,0,0,0.0,0,F1,65,,,,,
2026-06-18,2026-06-18,FO,NSE,IDO,56433,,NIFTY,,2026-06-23,2026-06-23,25000.0,PE,NIFTY2662325000PE,881.05,982.0,811.25,824.4,813.8,925.15,24168.0,824.4,278200,-11570,1232,2073845101.25,967,F1,65,,,,,
2026-06-18,2026-06-18,FO,NSE,IDO,56355,,NIFTY,,2026-06-23,2026-06-23,23800.0,PE,NIFTY2662323800PE,48.7,53.2,15.8,18.2,16.6,52.55,24168.0,18.2,5602610,1708915,968598,1500416160889.75,348605,F1,65,,,,,
2026-06-18,2026-06-18,FO,NSE,IDO,56267,,NIFTY,,2026-06-23,2026-06-23,22750.0,PE,NIFTY2662322750PE,2.75,3.0,1.5,1.75,1.65,3.35,24168.0,1.75,455845,58240,56925,84185310618.5,19211,F1,65,,,,,
2026-06-18,2026-06-18,FO,NSE,IDO,55756,,NIFTY,,2030-12-31,2030-12-31,25500.0,CE,NIFTY30DEC25500CE,0.0,0.0,0.0,7639.65,0.0,7639.65,24168.0,6448.9,0,0,0,0.0,0,F1,65,,,,,
2026-06-18,2026-06-18,FO,NSE,IDO,55700,,NIFTY,,2030-12-31,2030-12-31,19500.0,CE,NIFTY30DEC19500CE,0.0,0.0,0.0,11601.15,0.0,11601.15,24168.0,9979.75,0,0,0,0.0,0,F1,65,,,,,
2026-06-18,2026-06-18,FO,NSE,IDO,61659,,NIFTY,,2029-12-24,2029-12-24,21000.0,CE,NIFTY29DEC21000CE,0.0,0.0,0.0,9463.95,0.0,9463.95,24168.0,7930.1,0,0,0,0.0,0,F1,65,,,,,
2026-06-18,2026-06-18,FO,NSE,IDO,55562,,NIFTY,,2029-06-26,2029-06-26,25500.0,CE,NIFTY29JUN25500CE,0.0,0.0,0.0,5917.35,0.0,5917.35,24168.0,4637.3,0,0,0,0.0,0,F1,65,,,,,
2026-06-18,2026-06-18,FO,NSE,IDO,86163,,NIFTY,,2028-06-27,2028-06-27,27000.0,CE,NIFTY28JUN27000CE,0.0,0.0,0.0,2885.15,0.0,2885.15,24168.0,2616.55,0,0,0,0.0,0,F1,65,,,,,
2026-06-18,2026-06-18,FO,NSE,IDO,55438,,NIFTY,,2027-12-28,2027-12-28,34500.0,CE,NIFTY27DEC34500CE,0.0,0.0,0.0,152.0,152.0,152.0,24168.0,327.35,0,0,0,0.0,0,F1,65,,,,,
2026-06-18,2026-06-18,FO,NSE,IDO,53613,,NIFTY,,2027-12-28,2027-12-28,21000.0,CE,NIFTY27DEC21000CE,0.0,0.0,0.0,4902.4,0.0,4902.4,24168.0,5480.55,0,0,0,0.0,0,F1,65,,,,,
2026-06-18,2026-06-18,FO,NSE,IDO,55372,,NIFTY,,2027-06-29,2027-06-29,19500.0,CE,NIFTY27JUN19500CE,0.0,0.0,0.0,8143.4,0.0,8143.4,24168.0,6035.9,0,0,0,0.0,0,F1,65,,,,,
2026-06-18,2026-06-18,FO,NSE,IDO,55368,,NIFTY,,2027-06-29,2027-06-29,16500.0,CE,NIFTY27JUN16500CE,0.0,0.0,0.0,10867.2,0.0,10867.2,24168.0,8762.55,0,0,0,0.0,0,F1,65,,,,,
2026-06-18,2026-06-18,FO,NSE,IDO,71540,,NIFTY,,2027-06-29,2027-06-29,15000.0,CE,NIFTY27JUN15000CE,0.0,0.0,0.0,5367.85,0.0,5367.85,24168.0,10159.05,0,0,0,0.0,0,F1,65,,,,,
2026-06-18,2026-06-18,FO,NSE,IDO,80307,,NIFTY,,2027-03-30,2027-03-30,30000.0,CE,NIFTY27MAR30000CE,95.05,99.0,93.8,95.15,96.8,99.0,24168.0,95.15,28470,1690,60,117375254.75,49,F1,65,,,,,
2026-06-18,2026-06-18,FO,NSE,IDO,80268,,NIFTY,,2027-03-30,2027-03-30,21000.0,CE,NIFTY27MAR21000CE,0.0,0.0,0.0,3217.45,0.0,3217.45,24168.0,4390.3,0,0,0,0.0,0,F1,65,,,,,
2026-06-18,2026-06-18,FO,NSE,IDO,80188,,NIFTY,,2027-03-30,2027-03-30,15000.0,CE,NIFTY27MAR15000CE,0.0,0.0,0.0,8379.85,0.0,8379.85,24168.0,9924.95,0,0,0,0.0,0,F1,65,,,,,
2026-06-18,2026-06-18,FO,NSE,IDO,55328,,NIFTY,,2026-12-29,2026-12-29,25500.0,CE,NIFTY26DEC25500CE,615.8,640.25,587.45,626.7,640.25,605.6,24168.0,626.7,788645,-1820,1141,1936849404.75,863,F1,65,,,,,
2026-06-18,2026-06-18,FO,NSE,IDO,55324,,NIFTY,,2026-12-29,2026-12-29,19500.0,CE,NIFTY26DEC19500CE,0.0,0.0,0.0,7586.85,0.0,7586.85,24168.0,5366.2,0,0,0,0.0,0,F1,65,,,,,
2026-06-18,2026-06-18,FO,NSE,IDO,65893,,NIFTY,,2026-09-29,2026-09-29,21000.0,CE,NIFTY26SEP21000CE,3421.0,3522.2,3394.9,3507.4,3519.05,3420.05,24168.0,3507.4,79690,5785,167,265250443.25,109,F1,65,,,,,
2026-06-18,2026-06-18,FO,NSE,IDO,61977,,NIFTY,,2026-08-25,2026-08-25,25550.0,CE,NIFTY26AUG25550CE,0.0,0.0,0.0,362.9,0.0,362.9,24168.0,316.9,0,0,0,0.0,0,F1,65,,,,,
2026-06-18,2026-06-18,FO,NSE,IDO,61943,,NIFTY,,2026-08-25,2026-08-25,25300.0,CE,NIFTY26AUG25300CE,0.0,0.0,0.0,432.25,0.0,432.25,24168.0,388.45,0,0,0,0.0,0,F1,65,,,,,
2026-06-18,2026-06-18,FO,NSE,IDO,61845,,NIFTY,,2026-08-25,2026-08-25,24800.0,CE,NIFTY26AUG24800CE,298.0,329.0,288.0,326.5,326.8,298.0,24168.0,326.5,41860,-2405,257,419376269.0,146,F1,65,,,,,
2026-06-18,2026-06-18,FO,NSE,IDO,61720,,NIFTY,,2026-08-25,2026-08-25,24400.0,CE,NIFTY26AUG24400CE,467.05,518.5,450.0,509.25,517.35,469.95,24168.0,509.25,19110,325,117,189196679.75,82,F1,65,,,,,
2026-06-18,2026-06-18,FO,NSE,IDO,61605,,NIFTY,,2026-08-25,2026-08-25,24050.0,CE,NIFTY26AUG24050CE,651.3,651.3,641.55,641.75,641.75,651.3,24168.0,934.1,1625,260,4,6420449.75,3,F1,65,,,,,
2026-06-18,2026-06-18,FO,NSE,IDO,61536,,NIFTY,,2026-08-25,2026-08-25,23850.0,CE,NIFTY26AUG23850CE,782.35,833.9,782.35,833.9,833.9,736.95,24168.0,833.9,780,-130,7,11217781.25,6,F1,65,,,,,
2026-06-18,2026-06-18,FO,NSE,IDO,61519,,NIFTY,,2026-08-25,2026-08-25,23650.0,CE,NIFTY26AUG23650CE,940.0,940.0,940.0,940.0,940.0,880.55,24168.0,1179.4,845,0,1,1598350.0,1,F1,65,,,,,
2026-06-18,2026-06-18,FO,NSE,IDO,61430,,NIFTY,,2026-08-25,2026-08-25,23050.0,CE,NIFTY26AUG23050CE,0.0,0.0,0.0,1353.35,1353.35,1353.35,24168.0,1608.15,130,0,0,0.0,0,F1,65,,,,,
2026-06-18,2026-06-18,FO,NSE,IDO,61342,,NIFTY,,2026-08-25,2026-08-25,21800.0,CE,NIFTY26AUG21800CE,0.0,0.0,0.0,2537.5,0.0,2537.5,24168.0,2679.15,0,0,0,0.0,0,F1,65,,,,,
2026-06-18,2026-06-18,FO,NSE,IDO,61148,,NIFTY,,2026-08-25,2026-08-25,21200.0,CE,NIFTY26AUG21200CE,0.0,0.0,0.0,3076.3,0.0,3076.3,24168.0,3245.2,0,0,0,0.0,0,F1,65,,,,,
2026-06-18,2026-06-18,FO,NSE,IDO,64002,,NIFTY,,2026-07-28,2026-07-28,25500.0,CE,NIFTY26JUL25500CE,40.2,48.4,39.6,46.35,48.4,40.7,24168.0,46.35,1181245,261040,18861,31315031556.25,10061,F1,65,,,,,
2026-06-18,2026-06-18,FO,NSE,IDO,63967,,NIFTY,,2026-07-28,2026-07-28,24700.0,CE,NIFTY26JUL24700CE,187.85,212.95,174.95,206.25,210.0,181.95,24168.0,206.25,240110,15405,3507,5674103714.5,2822,F1,65,,,,,
2026-06-18,2026-06-18,FO,NSE,IDO,63961,,NIFTY,,2026-07-28,2026-07-28,24550.0,CE,NIFTY26JUL24550CE,235.05,267.45,224.3,262.9,267.0,235.55,24168.0,262.9,19955,585,244,393190694.0,202,F1,65,,,,,
2026-06-18,2026-06-18,FO,NSE,IDO,63939,,NIFTY,,2026-07-28,2026-07-28,24000.0,CE,NIFTY26JUL24000CE,511.65,565.0,475.0,555.3,563.0,508.6,24168.0,555.3,1828515,267475,25864,41220562399.25,15762,F1,65,,,,,
2026-06-18,2026-06-18,FO,NSE,IDO,63937,,NIFTY,,2026-07-28,2026-07-28,23950.0,CE,NIFTY26JUL23950CE,539.0,596.2,514.4,583.85,595.15,540.3,24168.0,583.85,13845,455,301,479417068.0,177,F1,65,,,,,
2026-06-18,2026-06-18,FO,NSE,IDO,63927,,NIFTY,,2026-07-28,2026-07-28,23750.0,CE,NIFTY26JUL23750CE,670.0,755.05,638.0,719.7,755.05,678.9,24168.0,719.7,9880,390,47,74633055.25,39,F1,65,,,,,
2026-06-18,2026-06-18,FO,NSE,IDO,63907,,NIFTY,,2026-07-28,2026-07-28,23300.0,CE,NIFTY26JUL23300CE,1023.95,1091.0,966.0,1088.5,1091.0,1009.55,24168.0,1088.5,49465,-2275,71,112316776.0,55,F1,65,,,,,
2026-06-18,2026-06-18,FO,NSE,IDO,63889,,NIFTY,,2026-07-28,2026-07-28,22850.0,CE,NIFTY26JUL22850CE,0.0,0.0,0.0,958.55,958.55,958.55,24168.0,1572.45,650,0,0,0.0,0,F1,65,,,,,
2026-06-18,2026-06-18,FO,NSE,IDO,63877,,NIFTY,,2026-07-28,2026-07-28,22550.0,CE,NIFTY26JUL22550CE,0.0,0.0,0.0,1180.85,1180.85,1180.85,24168.0,1835.9,260,0,0,0.0,0,F1,65,,,,,
2026-06-18,2026-06-18,FO,NSE,IDO,63867,,NIFTY,,2026-07-28,2026-07-28,22300.0,CE,NIFTY26JUL22300CE,0.0,0.0,0.0,1745.25,1745.25,1745.25,24168.0,2064.5,455,0,0,0.0,0,F1,65,,,,,
2026-06-18,2026-06-18,FO,NSE,IDO,63861,,NIFTY,,2026-07-28,2026-07-28,22150.0,CE,NIFTY26JUL22150CE,0.0,0.0,0.0,1874.45,1874.45,1874.45,24168.0,2204.75,65,0,0,0.0,0,F1,65,,,,,
2026-06-18,2026-06-18,FO,NSE,IDO,63853,,NIFTY,,2026-07-28,2026-07-28,21950.0,CE,NIFTY26JUL21950CE,0.0,0.0,0.0,1968.9,1968.9,1968.9,24168.0,2394.65,130,0,0,0.0,0,F1,65,,,,,
2026-06-18,2026-06-18,FO,NSE,IDO,63831,,NIFTY,,2026-07-28,2026-07-28,21500.0,CE,NIFTY26JUL21500CE,2675.0,2675.0,2625.0,2672.0,2672.0,2662.0,24168.0,2830.25,10075,1365,27,42368342.25,24,F1,65,,,,,
2026-06-18,2026-06-18,FO,NSE,IDO,63829,,NIFTY,,2026-07-28,2026-07-28,21450.0,CE,NIFTY26JUL21450CE,0.0,0.0,0.0,2918.5,0.0,2918.5,24168.0,2879.15,0,0,0,0.0,0,F1,65,,,,,
2026-06-18,2026-06-18,FO,NSE,IDO,63825,,NIFTY,,2026-07-28,2026-07-28,21400.0,CE,NIFTY26JUL21400CE,0.0,0.0,0.0,2963.9,0.0,2963.9,24168.0,2928.15,0,0,0,0.0,0,F1,65,,,,,
2026-06-18,2026-06-18,FO,NSE,IDO,57369,,NIFTY,,2026-07-21,2026-07-21,24650.0,CE,NIFTY2672124650CE,0.0,0.0,0.0,299.7,0.0,299.7,24168.0,351.45,0,0,0,0.0,0,F1,65,,,,,
2026-06-18,2026-06-18,FO,NSE,IDO,57342,,NIFTY,,2026-07-21,2026-07-21,24050.0,CE,NIFTY2672124050CE,0.0,0.0,0.0,552.35,0.0,552.35,24168.0,636.9,0,0,0,0.0,0,F1,65,,,,,
2026-06-18,2026-06-18,FO,NSE,IDO,57334,,NIFTY,,2026-07-21,2026-07-21,23850.0,CE,NIFTY2672123850CE,0.0,0.0,0.0,660.8,0.0,660.8,24168.0,757.1,0,0,0,0.0,0,F1,65,,,,,
2026-06-18,2026-06-18,FO,NSE,IDO,57323,,NIFTY,,2026-07-21,2026-07-21,23600.0,CE,NIFTY2672123600CE,0.0,0.0,0.0,813.45,0.0,813.45,24168.0,924.35,0,0,0,0.0,0,F1,65,,,,,
2026-06-18,2026-06-18,FO,NSE,IDO,57291,,NIFTY,,2026-07-21,2026-07-21,22800.0,CE,NIFTY2672122800CE,0.0,0.0,0.0,1416.05,0.0,1416.05,24168.0,1566.3,0,0,0,0.0,0,F1,65,,,,,
2026-06-18,2026-06-18,FO,NSE,IDO,51509,,NIFTY,,2026-07-14,2026-07-14,26250.0,CE,NIFTY2671426250CE,5.9,7.2,5.9,7.2,7.2,8.15,24168.0,20.8,910,130,4,6826654.25,4,F1,65,,,,,
2026-06-18,2026-06-18,FO,NSE,IDO,51447,,NIFTY,,2026-07-14,2026-07-14,25350.0,CE,NIFTY2671425350CE,0.0,0.0,0.0,36.35,0.0,36.35,24168.0,104.55,0,0,0,0.0,0,F1,65,,,,,
2026-06-18,2026-06-18,FO,NSE,IDO,51421,,NIFTY,,2026-07-14,2026-07-14,25000.0,CE,NIFTY2671425000CE,57.35,63.0,48.7,59.7,60.55,55.95,24168.0,59.7,101465,15925,2207,3594340087.0,1265,F1,65,,,,,
2026-06-18,2026-06-18,FO,NSE,IDO,51411,,NIFTY,,2026-07-14,2026-07-14,24850.0,CE,NIFTY2671424850CE,0.0,0.0,0.0,80.3,0.0,80.3,24168.0,217.65,0,0,0,0.0,0,F1,65,,,,,
2026-06-18,2026-06-18,FO,NSE,IDO,51364,,NIFTY,,2026-07-14,2026-07-14,23900.0,CE,NIFTY2671423900CE,474.15,518.0,425.0,500.85,518.0,461.65,24168.0,500.85,8580,-585,105,166360831.0,82,F1,65,,,,,
2026-06-18,2026-06-18,FO,NSE,IDO,51309,,NIFTY,,2026-07-14,2026-07-14,23000.0,CE,NIFTY2671423000CE,1230.0,1230.0,1200.0,1200.0,1200.0,1150.75,24168.0,1332.35,650,-130,2,3147950.0,2,F1,65,,,,,
2026-06-18,2026-06-18,FO,NSE,IDO,51269,,NIFTY,,2026-07-14,2026-07-14,22400.0,CE,NIFTY2671422400CE,0.0,0.0,0.0,1118.35,0.0,1118.35,24168.0,1883.25,0,0,0,0.0,0,F1,65,,,,,
2026-06-18,2026-06-18,FO,NSE,IDO,64008,,NIFTY,,2026-07-28,2026-07-28,25650.0,CE,NIFTY26JUL25650CE,28.95,35.9,28.95,33.95,34.65,30.45,24168.0,33.95,8840,-585,177,295473350.25,106,F1,65,,,,,
2026-06-18,2026-06-18,FO,NSE,IDO,63979,,NIFTY,,2026-07-28,2026-07-28,25000.0,CE,NIFTY26JUL25000CE,108.0,129.85,104.95,124.95,129.8,105.85,24168.0,124.95,3453125,1410370,66418,108426516974.75,34869,F1,65,,,,,
2026-06-18,2026-06-18,FO,NSE,IDO,63875,,NIFTY,,2026-07-28,2026-07-28,22500.0,CE,NIFTY26JUL22500CE,1725.0,1814.0,1675.0,1814.0,1814.0,1709.85,24168.0,1814.0,59735,650,88,138638321.25,85,F1,65,,,,,
2026-06-18,2026-06-18,FO,NSE,IDO,63865,,NIFTY,,2026-07-28,2026-07-28,22250.0,CE,NIFTY26JUL22250CE,0.0,0.0,0.0,1482.4,1482.4,1482.4,24168.0,2111.05,455,0,0,0.0,0,F1,65,,,,,
2026-06-18,2026-06-18,FO,NSE,IDO,63844,,NIFTY,,2026-07-28,2026-07-28,21750.0,CE,NIFTY26JUL21750CE,0.0,0.0,0.0,2140.0,2140.0,2140.0,24168.0,2587.1,65,0,0,0.0,0,F1,65,,,,,
2026-06-18,2026-06-18,FO,NSE,IDO,57400,,NIFTY,,2026-07-21,2026-07-21,25150.0,CE,NIFTY2672125150CE,0.0,0.0,0.0,165.2,0.0,165.2,24168.0,196.45,0,0,0,0.0,0,F1,65,,,,,
2026-06-18,2026-06-18,FO,NSE,IDO,57329,,NIFTY,,2026-07-21,2026-07-21,23750.0,CE,NIFTY2672123750CE,0.0,0.0,0.0,719.6,0.0,719.6,24168.0,821.8,0,0,0,0.0,0,F1,65,,,,,
2026-06-18,2026-06-18,FO,NSE,IDO,57327,,NIFTY,,2026-07-21,2026-07-21,23700.0,CE,NIFTY2672123700CE,0.0,0.0,0.0,750.15,0.0,750.15,24168.0,855.25,0,0,0,0.0,0,F1,65,,,,,
2026-06-18,2026-06-18,FO,NSE,IDO,57325,,NIFTY,,2026-07-21,2026-07-21,23650.0,CE,NIFTY2672123650CE,0.0,0.0,0.0,781.4,0.0,781.4,24168.0,889.45,0,0,0,0.0,0,F1,65,,,,,
2026-06-18,2026-06-18,FO,NSE,IDO,57311,,NIFTY,,2026-07-21,2026-07-21,23300.0,CE,NIFTY2672123300CE,0.0,0.0,0.0,1021.5,0.0,1021.5,24168.0,1148.1,0,0,0,0.0,0,F1,65,,,,,
2026-06-18,2026-06-18,FO,NSE,IDO,57271,,NIFTY,,2026-07-21,2026-07-21,22300.0,CE,NIFTY2672122300CE,0.0,0.0,0.0,1858.85,0.0,1858.85,24168.0,2024.65,0,0,0,0.0,0,F1,65,,,,,
2026-06-18,2026-06-18,FO,NSE,IDO,51471,,NIFTY,,2026-07-14,2026-07-14,25450.0,CE,NIFTY2671425450CE,20.95,22.55,17.75,21.1,21.5,21.6,24168.0,21.1,2405,-260,95,157275989.0,71,F1,65,,,,,
2026-06-18,2026-06-18,FO,NSE,IDO,51443,,NIFTY,,2026-07-14,2026-07-14,25250.0,CE,NIFTY2671425250CE,0.0,0.0,0.0,42.9,0.0,42.9,24168.0,122.2,0,0,0,0.0,0,F1,65,,,,,
2026-06-18,2026-06-18,FO,NSE,IDO,51391,,NIFTY,,2026-07-14,2026-07-14,24450.0,CE,NIFTY2671424450CE,180.0,207.65,171.45,204.6,207.65,184.55,24168.0,204.6,8255,1040,58,92880515.0,54,F1,65,,,,,
2026-06-18,2026-06-18,FO,NSE,IDO,51355,,NIFTY,,2026-07-14,2026-07-14,23700.0,CE,NIFTY2671423700CE,585.0,625.0,585.0,604.0,604.0,589.65,24168.0,780.75,1625,-65,8,12634583.0,6,F1,65,,,,,
2026-06-18,2026-06-18,FO,NSE,IDO,51237,,NIFTY,,2026-07-14,2026-07-14,21900.0,CE,NIFTY2671421900CE,0.0,0.0,0.0,1534.05,0.0,1534.05,24168.0,2368.45,0,0,0,0.0,0,F1,65,,,,,
2026-06-18,2026-06-18,FO,NSE,IDO,51203,,NIFTY,,2026-07-14,2026-07-14,21400.0,CE,NIFTY2671421400CE,0.0,0.0,0.0,1991.15,0.0,1991.15,24168.0,2862.65,0,0,0,0.0,0,F1,65,,,,,
2026-06-18,2026-06-18,FO,NSE,IDO,55757,,NIFTY,,2030-12-31,2030-12-31,25500.0,PE,NIFTY30DEC25500PE,0.0,0.0,0.0,538.25,0.0,538.25,24168.0,1153.2,0,0,0,0.0,0,F1,65,,,,,
2026-06-18,2026-06-18,FO,NSE,IDO,55653,,NIFTY,,2030-06-25,2030-06-25,34500.0,PE,NIFTY30JUN34500PE,0.0,0.0,0.0,3237.2,0.0,3237.2,24168.0,4700.65,0,0,0,0.0,0,F1,65,,,,,
2026-06-18,2026-06-18,FO,NSE,IDO,60905,,NIFTY,,2030-06-25,2030-06-25,24000.0,PE,NIFTY30JUN24000PE,0.0,0.0,0.0,698.15,0.0,698.15,24168.0,875.15,0,0,0,0.0,0,F1,65,,,,,
2026-06-18,2026-06-18,FO,NSE,IDO,61779,,NIFTY,,2029-12-24,2029-12-24,26000.0,PE,NIFTY29DEC26000PE,0.0,0.0,0.0,2150.0,2150.0,2150.0,24168.0,1417.15,3665,0,0,0.0,0,F1,65,,,,,
2026-06-18,2026-06-18,FO,NSE,IDO,61747,,NIFTY,,2029-12-24,2029-12-24,23000.0,PE,NIFTY29DEC23000PE,0.0,0.0,0.0,831.25,865.05,831.25,24168.0,702.15,1690,0,0,0.0,0,F1,65,,,,,
2026-06-18,2026-06-18,FO,NSE,IDO,61391,,NIFTY,,2029-12-24,2029-12-24,18000.0,PE,NIFTY29DEC18000PE,0.0,0.0,0.0,96.5,0.0,96.5,24168.0,126.05,0,0,0,0.0,0,F1,65,,,,,
2026-06-18,2026-06-18,FO,NSE,IDO,89607,,NIFTY,,2029-06-26,2029-06-26,15000.0,PE,NIFTY29JUN15000PE,0.0,0.0,0.0,30.9,0.0,30.9,24168.0,20.55,0,0,0,0.0,0,F1,65,,,,,
2026-06-18,2026-06-18,FO,NSE,IDO,55517,,NIFTY,,2028-12-26,2028-12-26,16500.0,PE,NIFTY28DEC16500PE,0.0,0.0,0.0,5.9,0.0,5.9,24168.0,41.1,0,0,0,0.0,0,F1,65,,,,,
2026-06-18,2026-06-18,FO,NSE,IDO,35353,,NIFTY,,2028-06-27,2028-06-27,30000.0,PE,NIFTY28JUN30000PE,0.0,0.0,0.0,3779.25,0.0,3779.25,24168.0,3615.8,0,0,0,0.0,0,F1,65,,,,,
2026-06-18,2026-06-18,FO,NSE,IDO,55471,,NIFTY,,2028-06-27,2028-06-27,19500.0,PE,NIFTY28JUN19500PE,0.0,0.0,0.0,40.05,0.0,40.05,24168.0,170.95,0,0,0,0.0,0,F1,65,,,,,
2026-06-18,2026-06-18,FO,NSE,IDO,47195,,NIFTY,,2027-12-28,2027-12-28,33000.0,PE,NIFTY27DEC33000PE,0.0,0.0,0.0,4155.55,0.0,4155.55,24168.0,6134.75,0,0,0,0.0,0,F1,65,,,,,
2026-06-18,2026-06-18,FO,NSE,IDO,55431,,NIFTY,,2027-12-28,2027-12-28,31500.0,PE,NIFTY27DEC31500PE,0.0,0.0,0.0,3240.0,0.0,3240.0,24168.0,4999.15,0,0,0,0.0,0,F1,65,,,,,
2026-06-18,2026-06-18,FO,NSE,IDO,55429,,NIFTY,,2027-12-28,2027-12-28,28500.0,PE,NIFTY27DEC28500PE,0.0,0.0,0.0,2601.0,2601.0,2601.0,24168.0,2995.8,260,0,0,0.0,0,F1,65,,,,,
2026-06-18,2026-06-18,FO,NSE,IDO,47191,,NIFTY,,2026-12-29,2026-12-29,33000.0,PE,NIFTY26DEC33000PE,0.0,0.0,0.0,5263.45,0.0,5263.45,24168.0,7706.1,0,0,0,0.0,0,F1,65,,,,,
2026-06-18,2026-06-18,FO,NSE,IDO,71502,,NIFTY,,2026-12-29,2026-12-29,24000.0,PE,NIFTY26DEC24000PE,569.5,578.0,500.0,509.6,500.0,568.75,24168.0,509.6,1529620,31460,4632,7387717197.25,3266,F1,65,,,,,
2026-06-18,2026-06-18,FO,NSE,IDO,58637,,NIFTY,,2026-12-29,2026-12-29,16000.0,PE,NIFTY26DEC16000PE,35.5,35.6,33.4,33.6,33.95,36.1,24168.0,33.6,112250,-1235,125,130279370.0,77,F1,65,,,,,
2026-06-18,2026-06-18,FO,NSE,IDO,58635,,NIFTY,,2026-12-29,2026-12-29,15000.0,PE,NIFTY26DEC15000PE,25.5,27.35,22.5,25.25,25.7,25.5,24168.0,25.25,116140,520,91,88870587.0,62,F1,65,,,,,
2026-06-18,2026-06-18,FO,NSE,IDO,55281,,NIFTY,,2026-09-29,2026-09-29,16500.0,PE,NIFTY26SEP16500PE,0.0,0.0,0.0,10.4,14.9,10.4,24168.0,0.0,4745,0,0,0.0,0,F1,65,,,,,
2026-06-18,2026-06-18,FO,NSE,IDO,62054,,NIFTY,,2026-08-25,2026-08-25,26150.0,PE,NIFTY26AUG26150PE,0.0,0.0,0.0,2082.5,0.0,2082.5,24168.0,1848.35,0,0,0,0.0,0,F1,65,,,,,
2026-06-18,2026-06-18,FO,NSE,IDO,62003,,NIFTY,,2026-08-25,2026-08-25,25850.0,PE,NIFTY26AUG25850PE,0.0,0.0,0.0,1846.45,0.0,1846.45,24168.0,1610.1,0,0,0,0.0,0,F1,65,,,,,
2026-06-18,2026-06-18,FO,NSE,IDO,61995,,NIFTY,,2026-08-25,2026-08-25,25750.0,PE,NIFTY26AUG25750PE,0.0,0.0,0.0,1771.2,0.0,1771.2,24168.0,1534.6,0,0,0,0.0,0,F1,65,,,,,
2026-06-18,2026-06-18,FO,NSE,IDO,61974,,NIFTY,,2026-08-25,2026-08-25,25450.0,PE,NIFTY26AUG25450PE,0.0,0.0,0.0,1549.85,0.0,1549.85,24168.0,1313.75,0,0,0,0.0,0,F1,65,,,,,
2026-06-18,2026-06-18,FO,NSE,IDO,61856,,NIFTY,,2026-08-25,2026-08-25,24850.0,PE,NIFTY26AUG24850PE,0.0,0.0,0.0,950.55,950.55,950.55,24168.0,924.1,65,0,0,0.0,0,F1,65,,,,,
2026-06-18,2026-06-18,FO,NSE,IDO,61846,,NIFTY,,2026-08-25,2026-08-25,24800.0,PE,NIFTY26AUG24800PE,802.05,817.35,802.05,817.35,817.35,908.0,24168.0,894.85,1885,65,2,3329261.0,2,F1,65,,,,,
2026-06-18,2026-06-18,FO,NSE,IDO,61796,,NIFTY,,2026-08-25,2026-08-25,24700.0,PE,NIFTY26AUG24700PE,740.05,740.05,651.0,668.7,651.0,761.55,24168.0,668.7,845,-585,25,41287190.75,14,F1,65,,,,,
2026-06-18,2026-06-18,FO,NSE,IDO,61684,,NIFTY,,2026-08-25,2026-08-25,24250.0,PE,NIFTY26AUG24250PE,433.75,433.75,430.4,433.25,430.4,529.7,24168.0,433.25,3770,-455,10,16044096.25,10,F1,65,,,,,
2026-06-18,2026-06-18,FO,NSE,IDO,61550,,NIFTY,,2026-08-25,2026-08-25,23850.0,PE,NIFTY26AUG23850PE,321.7,354.75,298.0,298.35,298.7,349.7,24168.0,298.35,4290,-195,17,26707905.25,12,F1,65,,,,,
2026-06-18,2026-06-18,FO,NSE,IDO,61531,,NIFTY,,2026-08-25,2026-08-25,23700.0,PE,NIFTY26AUG23700PE,298.15,310.05,252.65,256.75,254.4,304.45,24168.0,256.75,18655,-1755,354,551703704.5,218,F1,65,,,,,
2026-06-18,2026-06-18,FO,NSE,IDO,61425,,NIFTY,,2026-08-25,2026-08-25,22900.0,PE,NIFTY26AUG22900PE,132.65,134.95,110.25,111.35,110.95,136.25,24168.0,111.35,26715,2795,288,430991808.0,220,F1,65,,,,,
2026-06-18,2026-06-18,FO,NSE,IDO,61347,,NIFTY,,2026-08-25,2026-08-25,21900.0,PE,NIFTY26AUG21900PE,48.6,49.7,42.75,45.05,42.75,55.5,24168.0,45.05,2275,-260,19,27104200.5,15,F1,65,,,,,
2026-06-18,2026-06-18,FO,NSE,IDO,61341,,NIFTY,,2026-08-25,2026-08-25,21750.0,PE,NIFTY26AUG21750PE,0.0,0.0,0.0,51.75,51.75,51.75,24168.0,40.5,260,0,0,0.0,0,F1,65,,,,,
2026-06-18,2026-06-18,FO,NSE,IDO,61339,,NIFTY,,2026-08-25,2026-08-25,21700.0,PE,NIFTY26AUG21700PE,41.6,41.6,37.15,37.15,37.15,45.0,24168.0,37.55,1690,-65,3,4239313.0,3,F1,65,,,,,
2026-06-18,2026-06-18,FO,NSE,IDO,61335,,NIFTY,,2026-08-25,2026-08-25,21600.0,PE,NIFTY26AUG21600PE,40.25,40.25,31.05,33.2,32.05,39.15,24168.0,33.2,22555,12805,240,337492931.75,125,F1,65,,,,,
2026-06-18,2026-06-18,FO,NSE,IDO,64042,,NIFTY,,2026-07-28,2026-07-28,26200.0,PE,NIFTY26JUL26200PE,1960.0,2034.85,1847.2,1847.2,1847.2,2003.7,24168.0,1847.2,1820,0,8,14648793.25,8,F1,65,,,,,
2026-06-18,2026-06-18,FO,NSE,IDO,64009,,NIFTY,,2026-07-28,2026-07-28,25650.0,PE,NIFTY26JUL25650PE,0.0,0.0,0.0,1618.05,1618.05,1618.05,24168.0,1433.25,65,0,0,0.0,0,F1,65,,,,,
2026-06-18,2026-06-18,FO,NSE,IDO,63972,,NIFTY,,2026-07-28,2026-07-28,24800.0,PE,NIFTY26JUL24800PE,709.55,779.55,659.4,669.5,659.4,750.4,24168.0,669.5,66755,6565,417,691507157.25,332,F1,65,,,,,
2026-06-18,2026-06-18,FO,NSE,IDO,63958,,NIFTY,,2026-07-28,2026-07-28,24450.0,PE,NIFTY26JUL24450PE,512.95,537.95,450.4,454.2,450.4,524.05,24168.0,454.2,8190,4355,106,171897365.25,94,F1,65,,,,,
2026-06-18,2026-06-18,FO,NSE,IDO,63916,,NIFTY,,2026-07-28,2026-07-28,23500.0,PE,NIFTY26JUL23500PE,167.7,173.85,131.4,134.1,133.0,172.95,24168.0,134.1,2264015,136305,22711,34912560198.75,12996,F1,65,,,,,
2026-06-18,2026-06-18,FO,NSE,IDO,63884,,NIFTY,,2026-07-28,2026-07-28,22700.0,PE,NIFTY26JUL22700PE,55.0,58.4,44.05,44.85,44.35,59.8,24168.0,44.85,193830,43550,4003,5919185766.0,2764,F1,65,,,,,
2026-06-18,2026-06-18,FO,NSE,IDO,63854,,NIFTY,,2026-07-28,2026-07-28,21950.0,PE,NIFTY26JUL21950PE,21.4,21.9,20.15,21.9,21.9,26.65,24168.0,17.75,11310,-650,59,84258440.5,47,F1,65,,,,,
2026-06-18,2026-06-18,FO,NSE,IDO,63850,,NIFTY,,2026-07-28,2026-07-28,21850.0,PE,NIFTY26JUL21850PE,19.1,19.1,18.95,19.05,19.05,22.5,24168.0,14.4,10140,-65,47,66809866.5,42,F1,65,,,,,
2026-06-18,2026-06-18,FO,NSE,IDO,63837,,NIFTY,,2026-07-28,2026-07-28,21550.0,PE,NIFTY26JUL21550PE,15.2,16.05,15.2,15.95,16.05,16.7,24168.0,15.95,3770,-910,16,22427996.5,7,F1,65,,,,,
2026-06-18,2026-06-18,FO,NSE,IDO,57306,,NIFTY,,2026-07-21,2026-07-21,23150.0,PE,NIFTY2672123150PE,82.15,82.15,62.85,63.2,62.85,157.7,24168.0,63.2,390,390,9,13586420.25,9,F1,65,,,,,
2026-06-18,2026-06-18,FO,NSE,IDO,57296,,NIFTY,,2026-07-21,2026-07-21,22900.0,PE,NIFTY2672122900PE,0.0,0.0,0.0,108.55,0.0,108.55,24168.0,73.95,0,0,0,0.0,0,F1,65,,,,,
2026-06-18,2026-06-18,FO,NSE,IDO,57288,,NIFTY,,2026-07-21,2026-07-21,22700.0,PE,NIFTY2672122700PE,33.25,33.25,33.25,33.25,33.25,78.55,24168.0,33.25,65,65,1,1477661.25,1,F1,65,,,,,
2026-06-18,2026-06-18,FO,NSE,IDO,57286,,NIFTY,,2026-07-21,2026-07-21,22650.0,PE,NIFTY2672122650PE,31.15,31.15,31.15,31.15,31.15,72.2,24168.0,31.15,65,65,1,1474274.75,1,F1,65,,,,,
2026-06-18,2026-06-18,FO,NSE,IDO,57284,,NIFTY,,2026-07-21,2026-07-21,22600.0,PE,NIFTY2672122600PE,32.7,33.75,28.3,28.5,28.6,66.25,24168.0,28.5,325,325,5,7354876.75,4,F1,65,,,,,
2026-06-18,2026-06-18,FO,NSE,IDO,51508,,NIFTY,,2026-07-14,2026-07-14,26200.0,PE,NIFTY2671426200PE,0.0,0.0,0.0,2812.55,0.0,2812.55,24168.0,1940.25,0,0,0,0.0,0,F1,65,,,,,
2026-06-18,2026-06-18,FO,NSE,IDO,51412,,NIFTY,,2026-07-14,2026-07-14,24850.0,PE,NIFTY2671424850PE,0.0,0.0,0.0,1543.05,0.0,1543.05,24168.0,790.85,0,0,0,0.0,0,F1,65,,,,,
2026-06-18,2026-06-18,FO,NSE,IDO,51346,,NIFTY,,2026-07-14,2026-07-14,23450.0,PE,NIFTY2671423450PE,83.75,89.55,73.95,80.95,74.6,100.9,24168.0,80.95,1365,-1105,71,108604756.0,43,F1,65,,,,,
2026-06-18,2026-06-18,FO,NSE,IDF,58072,,NIFTY,,2026-08-25,2026-08-25,,,NIFTY26AUGFUT,24290.0,24400.0,24240.7,24382.4,24400.0,24285.6,24168.0,24382.4,670410,16250,2507,3964235054.0,1850,F1,65,,,,,
2026-06-18,2026-06-18,FO,NSE,IDO,56184,,NIFTY,,2026-06-23,2026-06-23,21500.0,CE,NIFTY2662321500CE,0.0,0.0,0.0,2254.9,0.0,2254.9,24168.0,2686.15,0,0,0,0.0,0,F1,65,,,,,
2026-06-18,2026-06-18,FO,NSE,IDO,56196,,NIFTY,,2026-06-23,2026-06-23,21750.0,CE,NIFTY2662321750CE,0.0,0.0,0.0,2017.3,0.0,2017.3,24168.0,2436.35,0,0,0,0.0,0,F1,65,,,,,
2026-06-18,2026-06-18,FO,NSE,IDO,56218,,NIFTY,,2026-06-23,2026-06-23,22050.0,CE,NIFTY2662322050CE,0.0,0.0,0.0,1937.05,1937.05,1937.05,24168.0,2136.6,130,0,0,0.0,0,F1,65,,,,,
2026-06-18,2026-06-18,FO,NSE,IDO,56222,,NIFTY,,2026-06-23,2026-06-23,22100.0,CE,NIFTY2662322100CE,0.0,0.0,0.0,1830.75,1830.75,1830.75,24168.0,2086.65,325,0,0,0.0,0,F1,65,,,,,
2026-06-18,2026-06-18,FO,NSE,IDO,56230,,NIFTY,,2026-06-23,2026-06-23,22150.0,CE,NIFTY2662322150CE,0.0,0.0,0.0,1543.55,1543.55,1543.55,24168.0,2036.7,260,0,0,0.0,0,F1,65,,,,,
2026-06-18,2026-06-18,FO,NSE,IDO,56244,,NIFTY,,2026-06-23,2026-06-23,22400.0,CE,NIFTY2662322400CE,1789.0,1789.0,1789.0,1789.0,1789.0,1664.8,24168.0,1789.0,390,-65,1,1572285.0,1,F1,65,,,,,
2026-06-18,2026-06-18,FO,NSE,IDO,56252,,NIFTY,,2026-06-23,2026-06-23,22550.0,CE,NIFTY2662322550CE,1500.9,1500.9,1500.9,1500.9,1500.9,1357.85,24168.0,1637.05,1040,0,1,1563308.5,1,F1,65,,,,,
2026-06-18,2026-06-18,FO,NSE,IDO,56268,,NIFTY,,2026-06-23,2026-06-23,22800.0,CE,NIFTY2662322800CE,1280.0,1320.1,1234.0,1313.35,1313.35,1279.1,24168.0,1387.45,14820,-520,16,25057643.0,13,F1,65,,,,,
2026-06-18,2026-06-18,FO,NSE,IDO,56318,,NIFTY,,2026-06-23,2026-06-23,23450.0,CE,NIFTY2662323450CE,625.0,741.9,575.7,725.25,740.0,639.2,24168.0,725.25,55185,-2275,298,466653577.0,237,F1,65,,,,,
2026-06-18,2026-06-18,FO,NSE,IDO,56320,,NIFTY,,2026-06-23,2026-06-23,23500.0,CE,NIFTY2662323500CE,615.3,695.6,528.0,679.3,693.55,591.7,24168.0,679.3,719680,-132470,16041,25140224547.75,9944,F1,65,,,,,
2026-06-18,2026-06-18,FO,NSE,IDO,56376,,NIFTY,,2026-06-23,2026-06-23,24100.0,CE,NIFTY2662324100CE,140.0,165.95,96.0,149.65,165.0,138.85,24168.0,149.65,4166305,-1433965,3318824,5225855018614.75,1768255,F1,65,,,,,
2026-06-18,2026-06-18,FO,NSE,IDO,56380,,NIFTY,,2026-06-23,2026-06-23,24150.0,CE,NIFTY2662324150CE,114.0,137.7,77.4,123.3,135.8,116.2,24168.0,123.3,2988635,1297205,1632770,2574025237761.25,920840,F1,65,,,,,
2026-06-18,2026-06-18,FO,NSE,IDO,51342,,NIFTY,,2026-07-14,2026-07-14,23350.0,PE,NIFTY2671423350PE,80.0,80.0,60.85,67.3,62.6,85.5,24168.0,67.3,780,-1885,44,66984336.25,28,F1,65,,,,,
2026-06-18,2026-06-18,FO,NSE,IDO,51328,,NIFTY,,2026-07-14,2026-07-14,23150.0,PE,NIFTY2671423150PE,59.0,59.0,43.9,45.05,43.9,67.7,24168.0,45.05,2275,585,38,57306492.75,27,F1,65,,,,,
2026-06-18,2026-06-18,FO,NSE,IDO,51310,,NIFTY,,2026-07-14,2026-07-14,23000.0,PE,NIFTY2671423000PE,42.05,45.75,33.0,34.9,34.6,47.15,24168.0,34.9,48620,8385,912,1365733859.75,520,F1,65,,,,,
2026-06-18,2026-06-18,FO,NSE,IDO,51222,,NIFTY,,2026-07-14,2026-07-14,21550.0,PE,NIFTY2671421550PE,0.0,0.0,0.0,9.35,9.35,9.35,24168.0,1.55,195,0,0,0.0,0,F1,65,,,,,
2026-06-18,2026-06-18,FO,NSE,IDO,56384,,NIFTY,,2026-06-23,2026-06-23,24250.0,CE,NIFTY2662324250CE,79.2,89.0,49.1,79.3,88.55,79.2,24168.0,79.3,2469285,402740,787870,1245236252643.5,406945,F1,65,,,,,
2026-06-18,2026-06-18,FO,NSE,IDO,44717,,NIFTY,,2026-07-07,2026-07-07,25600.0,PE,NIFTY2670725600PE,1525.0,1525.0,1525.0,1525.0,1525.0,1525.0,24168.0,1386.85,260,65,2,3526250.0,1,F1,65,,,,,
2026-06-18,2026-06-18,FO,NSE,IDO,44655,,NIFTY,,2026-07-07,2026-07-07,24400.0,PE,NIFTY2670724400PE,426.05,442.8,331.05,345.0,331.05,426.0,24168.0,345.0,8710,7020,230,370530670.25,194,F1,65,,,,,
2026-06-18,2026-06-18,FO,NSE,IDO,44651,,NIFTY,,2026-07-07,2026-07-07,24350.0,PE,NIFTY2670724350PE,332.0,336.45,305.75,319.75,310.9,953.4,24168.0,319.75,4225,4225,69,110643819.0,65,F1,65,,,,,
2026-06-18,2026-06-18,FO,NSE,IDO,44619,,NIFTY,,2026-07-07,2026-07-07,23950.0,PE,NIFTY2670723950PE,189.05,207.35,136.15,140.7,136.15,197.9,24168.0,140.7,10530,-1625,503,788566756.25,467,F1,65,,,,,
2026-06-18,2026-06-18,FO,NSE,IDO,44523,,NIFTY,,2026-07-07,2026-07-07,22400.0,PE,NIFTY2670722400PE,9.1,9.25,7.95,8.65,9.0,11.4,24168.0,8.65,11960,-585,45,65545610.0,16,F1,65,,,,,
2026-06-18,2026-06-18,FO,NSE,IDO,44485,,NIFTY,,2026-07-07,2026-07-07,21950.0,PE,NIFTY2670721950PE,6.0,7.0,6.0,6.8,7.0,7.7,24168.0,6.8,4485,195,13,18553470.0,2,F1,65,,,,,
2026-06-18,2026-06-18,FO,NSE,IDO,55225,,NIFTY,,2026-06-30,2026-06-30,34500.0,PE,NIFTY26JUN34500PE,0.0,0.0,0.0,11000.0,11000.0,11000.0,24168.0,10262.2,130,0,0,0.0,0,F1,65,,,,,
2026-06-18,2026-06-18,FO,NSE,IDO,47189,,NIFTY,,2026-06-30,2026-06-30,33000.0,PE,NIFTY26JUN33000PE,0.0,0.0,0.0,9050.0,9050.0,9050.0,24168.0,8765.25,845,0,0,0.0,0,F1,65,,,,,
2026-06-18,2026-06-18,FO,NSE,IDO,79859,,NIFTY,,2026-06-30,2026-06-30,26150.0,PE,NIFTY26JUN26150PE,0.0,0.0,0.0,2626.4,2626.4,2626.4,24168.0,1930.85,65,0,0,0.0,0,F1,65,,,,,
2026-06-18,2026-06-18,FO,NSE,IDO,79828,,NIFTY,,2026-06-30,2026-06-30,25400.0,PE,NIFTY26JUN25400PE,1299.45,1299.45,1299.45,1299.45,1299.45,1399.15,24168.0,1201.7,15730,0,1,1735464.25,1,F1,65,,,,,
2026-06-18,2026-06-18,FO,NSE,IDO,79735,,NIFTY,,2026-06-30,2026-06-30,24150.0,PE,NIFTY26JUN24150PE,253.1,263.1,159.55,167.4,164.25,241.05,24168.0,167.4,315705,251225,20822,32958284183.5,15098,F1,65,,,,,
2026-06-18,2026-06-18,FO,NSE,IDO,71473,,NIFTY,,2026-06-30,2026-06-30,24000.0,PE,NIFTY26JUN24000PE,167.8,185.95,104.75,111.0,108.5,172.1,24168.0,111.0,6459990,456710,172085,270056771796.5,110995,F1,65,,,,,
2026-06-18,2026-06-18,FO,NSE,IDO,79525,,NIFTY,,2026-06-30,2026-06-30,22400.0,PE,NIFTY26JUN22400PE,5.55,5.8,4.75,5.15,5.05,6.9,24168.0,5.15,368420,-20475,5281,7690909359.25,2900,F1,65,,,,,
2026-06-18,2026-06-18,FO,NSE,IDO,79405,,NIFTY,,2026-06-30,2026-06-30,20600.0,PE,NIFTY26JUN20600PE,3.6,3.6,1.75,1.9,1.8,2.8,24168.0,1.9,7215,-2015,195,261135852.25,118,F1,65,,,,,
2026-06-18,2026-06-18,FO,NSE,IDO,79376,,NIFTY,,2026-06-30,2026-06-30,20200.0,PE,NIFTY26JUN20200PE,2.1,2.8,1.4,1.55,1.4,2.1,24168.0,1.55,16120,-3705,815,1070197082.5,464,F1,65,,,,,
2026-06-18,2026-06-18,FO,NSE,IDO,55182,,NIFTY,,2026-06-30,2026-06-30,16500.0,PE,NIFTY26JUN16500PE,0.9,0.9,0.9,0.9,0.9,0.95,24168.0,0.0,11180,0,16,17160936.0,1,F1,65,,,,,
2026-06-18,2026-06-18,FO,NSE,IDO,56497,,NIFTY,,2026-06-23,2026-06-23,26000.0,PE,NIFTY2662326000PE,1875.0,1927.95,1804.95,1809.75,1807.8,1918.0,24168.0,1809.75,27820,-975,147,266210106.5,57,F1,65,,,,,
2026-06-18,2026-06-18,FO,NSE,IDO,56489,,NIFTY,,2026-06-23,2026-06-23,25900.0,PE,NIFTY2662325900PE,0.0,0.0,0.0,2166.85,0.0,2166.85,24168.0,1710.2,0,0,0,0.0,0,F1,65,,,,,
2026-06-18,2026-06-18,FO,NSE,IDO,56451,,NIFTY,,2026-06-23,2026-06-23,25400.0,PE,NIFTY2662325400PE,0.0,0.0,0.0,1420.0,1420.0,1420.0,24168.0,1211.85,1755,0,0,0.0,0,F1,65,,,,,
2026-06-18,2026-06-18,FO,NSE,IDO,56375,,NIFTY,,2026-06-23,2026-06-23,24050.0,PE,NIFTY2662324050PE,135.0,152.6,56.4,64.6,60.3,136.35,24168.0,64.6,4226105,1347515,1445359,2269497094562.75,845488,F1,65,,,,,
2026-06-18,2026-06-18,FO,NSE,IDO,56371,,NIFTY,,2026-06-23,2026-06-23,23950.0,PE,NIFTY2662323950PE,89.55,103.1,33.8,38.6,36.3,95.25,24168.0,38.6,2751450,532545,728121,1136661045412.75,371114,F1,65,,,,,
2026-06-18,2026-06-18,FO,NSE,IDO,56335,,NIFTY,,2026-06-23,2026-06-23,23650.0,PE,NIFTY2662323650PE,28.6,28.6,8.45,9.5,8.65,28.2,24168.0,9.5,1618305,140660,358774,551886201152.0,119302,F1,65,,,,,
2026-06-18,2026-06-18,FO,NSE,IDO,56295,,NIFTY,,2026-06-23,2026-06-23,23200.0,PE,NIFTY2662323200PE,5.0,5.4,2.7,3.15,2.75,6.5,24168.0,3.15,4404790,923000,469093,707496637750.5,101642,F1,65,,,,,
2026-06-18,2026-06-18,FO,NSE,IDO,56281,,NIFTY,,2026-06-23,2026-06-23,23100.0,PE,NIFTY2662323100PE,4.25,4.45,2.4,2.8,2.55,5.45,24168.0,2.8,2094495,-1690,322253,483926371662.5,62086,F1,65,,,,,
2026-06-18,2026-06-18,FO,NSE,IDO,56271,,NIFTY,,2026-06-23,2026-06-23,22850.0,PE,NIFTY2662322850PE,3.15,3.4,1.6,2.0,1.9,3.8,24168.0,2.0,665275,-14950,66236,98386333129.5,18891,F1,65,,,,,
2026-06-18,2026-06-18,FO,NSE,IDO,56269,,NIFTY,,2026-06-23,2026-06-23,22800.0,PE,NIFTY2662322800PE,2.8,3.1,1.55,1.9,1.65,3.6,24168.0,1.9,3016520,717600,267585,396596967273.0,45887,F1,65,,,,,
2026-06-18,2026-06-18,FO,NSE,IDO,56231,,NIFTY,,2026-06-23,2026-06-23,22150.0,PE,NIFTY2662322150PE,1.85,2.05,1.05,1.25,1.2,1.9,24168.0,1.25,37765,-9815,6577,9469857341.75,1600,F1,65,,,,,
2026-06-18,2026-06-18,FO,NSE,IDO,55754,,NIFTY,,2030-12-31,2030-12-31,24000.0,CE,NIFTY30DEC24000CE,0.0,0.0,0.0,8563.3,0.0,8563.3,24168.0,7245.65,0,0,0,0.0,0,F1,65,,,,,
2026-06-18,2026-06-18,FO,NSE,IDO,55646,,NIFTY,,2030-06-25,2030-06-25,25500.0,CE,NIFTY30JUN25500CE,0.0,0.0,0.0,7070.45,0.0,7070.45,24168.0,5852.4,0,0,0,0.0,0,F1,65,,,,,
2026-06-18,2026-06-18,FO,NSE,IDO,56402,,NIFTY,,2026-06-23,2026-06-23,24550.0,CE,NIFTY2662324550CE,19.8,20.7,11.15,15.75,18.45,21.85,24168.0,15.75,1895790,923130,302321,482712960453.75,112598,F1,65,,,,,
2026-06-18,2026-06-18,FO,NSE,IDO,56406,,NIFTY,,2026-06-23,2026-06-23,24650.0,CE,NIFTY2662324650CE,14.9,14.9,7.3,9.2,10.6,14.2,24168.0,9.2,1552720,322335,233570,374376632071.0,69075,F1,65,,,,,
2026-06-18,2026-06-18,FO,NSE,IDO,56420,,NIFTY,,2026-06-23,2026-06-23,24750.0,CE,NIFTY2662324750CE,9.4,9.4,4.95,5.6,6.0,9.4,24168.0,5.6,1419665,350155,180545,290523005509.75,53922,F1,65,,,,,
2026-06-18,2026-06-18,FO,NSE,IDO,56424,,NIFTY,,2026-06-23,2026-06-23,24800.0,CE,NIFTY2662324800CE,6.8,7.1,3.85,4.4,4.8,7.75,24168.0,4.4,4065490,1235260,419359,676141648104.0,99041,F1,65,,,,,
2026-06-18,2026-06-18,FO,NSE,IDO,56478,,NIFTY,,2026-06-23,2026-06-23,25800.0,CE,NIFTY2662325800CE,0.9,1.15,0.65,0.75,0.7,0.95,24168.0,0.75,2071550,48685,73855,123859020057.5,9107,F1,65,,,,,
2026-06-18,2026-06-18,FO,NSE,IDO,56484,,NIFTY,,2026-06-23,2026-06-23,25900.0,CE,NIFTY2662325900CE,0.95,1.15,0.65,0.7,0.65,0.9,24168.0,0.7,206245,-15535,12816,21576461049.0,3276,F1,65,,,,,
2026-06-18,2026-06-18,FO,NSE,IDO,50447,,NIFTY,,2026-06-30,2026-06-30,15000.0,CE,NIFTY26JUN15000CE,0.0,0.0,0.0,5184.4,0.0,5184.4,24168.0,9198.35,0,0,0,0.0,0,F1,65,,,,,
2026-06-18,2026-06-18,FO,NSE,IDO,55183,,NIFTY,,2026-06-30,2026-06-30,19500.0,CE,NIFTY26JUN19500CE,0.0,0.0,0.0,3986.5,3984.4,3986.5,24168.0,4707.45,28405,0,0,0.0,0,F1,65,,,,,
2026-06-18,2026-06-18,FO,NSE,IDO,79397,,NIFTY,,2026-06-30,2026-06-30,20550.0,CE,NIFTY26JUN20550CE,0.0,0.0,0.0,2247.8,0.0,2247.8,24168.0,3659.6,0,0,0,0.0,0,F1,65,,,,,
2026-06-18,2026-06-18,FO,NSE,IDO,79413,,NIFTY,,2026-06-30,2026-06-30,20700.0,CE,NIFTY26JUN20700CE,0.0,0.0,0.0,2805.1,2801.1,2805.1,24168.0,3509.9,65,0,0,0.0,0,F1,65,,,,,
2026-06-18,2026-06-18,FO,NSE,IDO,79478,,NIFTY,,2026-06-30,2026-06-30,21650.0,CE,NIFTY26JUN21650CE,0.0,0.0,0.0,2002.95,2002.95,2002.95,24168.0,2561.85,195,0,0,0.0,0,F1,65,,,,,
2026-06-18,2026-06-18,FO,NSE,IDO,79480,,NIFTY,,2026-06-30,2026-06-30,21700.0,CE,NIFTY26JUN21700CE,0.0,0.0,0.0,1700.0,1700.0,1700.0,24168.0,2511.95,715,0,0,0.0,0,F1,65,,,,,
2026-06-18,2026-06-18,FO,NSE,IDO,79484,,NIFTY,,2026-06-30,2026-06-30,21800.0,CE,NIFTY26JUN21800CE,0.0,0.0,0.0,1435.0,1435.0,1435.0,24168.0,2412.2,845,0,0,0.0,0,F1,65,,,,,
2026-06-18,2026-06-18,FO,NSE,IDO,79728,,NIFTY,,2026-06-30,2026-06-30,23950.0,CE,NIFTY26JUN23950CE,298.5,349.0,250.05,336.25,349.0,298.25,24168.0,336.25,188825,-63115,6964,10976956763.5,5282,F1,65,,,,,
2026-06-18,2026-06-18,FO,NSE,IDO,79756,,NIFTY,,2026-06-30,2026-06-30,24600.0,CE,NIFTY26JUN24600CE,51.5,56.85,37.0,51.65,56.6,50.45,24168.0,51.65,1360320,113880,60696,97232093777.0,38451,F1,65,,,,,
2026-06-18,2026-06-18,FO,NSE,IDO,79827,,NIFTY,,2026-06-30,2026-06-30,25400.0,CE,NIFTY26JUN25400CE,7.85,7.85,5.05,5.6,5.55,7.3,24168.0,5.6,333385,83590,8726,14409880325.75,5262,F1,65,,,,,
2026-06-18,2026-06-18,FO,NSE,IDO,79844,,NIFTY,,2026-06-30,2026-06-30,25750.0,CE,NIFTY26JUN25750CE,4.45,4.45,2.55,3.2,2.55,4.45,24168.0,3.2,71630,5850,1169,1956871410.0,706,F1,65,,,,,
2026-06-18,2026-06-18,FO,NSE,IDO,79850,,NIFTY,,2026-06-30,2026-06-30,25900.0,CE,NIFTY26JUN25900CE,3.5,3.5,2.3,2.7,2.3,3.65,24168.0,2.7,99710,26455,3786,6374439506.5,2228,F1,65,,,,,
2026-06-18,2026-06-18,FO,NSE,IDO,79852,,NIFTY,,2026-06-30,2026-06-30,25950.0,CE,NIFTY26JUN25950CE,3.9,3.9,2.05,2.65,2.05,3.35,24168.0,2.65,44070,11440,506,853584264.0,285,F1,65,,,,,
2026-06-18,2026-06-18,FO,NSE,IDO,79860,,NIFTY,,2026-06-30,2026-06-30,26200.0,CE,NIFTY26JUN26200CE,1.9,2.5,1.85,2.0,1.9,2.55,24168.0,2.0,113360,17160,808,1376132407.0,408,F1,65,,,,,
2026-06-18,2026-06-18,FO,NSE,IDO,79868,,NIFTY,,2026-06-30,2026-06-30,26350.0,CE,NIFTY26JUN26350CE,1.85,2.85,1.55,1.9,2.1,2.3,24168.0,1.9,22100,2080,67,114762566.75,36,F1,65,,,,,
2026-06-18,2026-06-18,FO,NSE,IDO,55600,,NIFTY,,2029-12-24,2029-12-24,19500.0,CE,NIFTY29DEC19500CE,0.0,0.0,0.0,10678.8,0.0,10678.8,24168.0,8959.15,0,0,0,0.0,0,F1,65,,,,,
2026-06-18,2026-06-18,FO,NSE,IDO,55558,,NIFTY,,2029-06-26,2029-06-26,19500.0,CE,NIFTY29JUN19500CE,0.0,0.0,0.0,10206.95,0.0,10206.95,24168.0,8430.15,0,0,0,0.0,0,F1,65,,,,,
2026-06-18,2026-06-18,FO,NSE,IDO,55468,,NIFTY,,2028-06-27,2028-06-27,16500.0,CE,NIFTY28JUN16500CE,0.0,0.0,0.0,11752.8,0.0,11752.8,24168.0,9771.9,0,0,0,0.0,0,F1,65,,,,,
2026-06-18,2026-06-18,FO,NSE,IDO,55430,,NIFTY,,2027-12-28,2027-12-28,31500.0,CE,NIFTY27DEC31500CE,325.0,330.0,310.0,330.0,330.0,345.0,24168.0,330.0,2210,-260,5,10341825.0,4,F1,65,,,,,
2026-06-18,2026-06-18,FO,NSE,IDO,35346,,NIFTY,,2027-12-28,2027-12-28,30000.0,CE,NIFTY27DEC30000CE,527.8,540.05,518.05,536.4,540.05,520.0,24168.0,536.4,67340,-260,45,89295524.5,42,F1,65,,,,,
2026-06-18,2026-06-18,FO,NSE,IDO,53628,,NIFTY,,2027-12-28,2027-12-28,26000.0,CE,NIFTY27DEC26000CE,1948.2,1977.0,1938.85,1938.9,1938.9,1948.95,24168.0,2369.45,15835,130,5,9084741.25,5,F1,65,,,,,
2026-06-18,2026-06-18,FO,NSE,IDO,53626,,NIFTY,,2027-12-28,2027-12-28,25000.0,CE,NIFTY27DEC25000CE,2500.0,2573.75,2500.0,2573.75,2573.75,2513.6,24168.0,2573.75,23215,195,7,12527853.0,7,F1,65,,,,,
2026-06-18,2026-06-18,FO,NSE,IDO,55378,,NIFTY,,2027-06-29,2027-06-29,28500.0,CE,NIFTY27JUN28500CE,0.0,0.0,0.0,1711.9,0.0,1711.9,24168.0,801.0,0,0,0,0.0,0,F1,65,,,,,
2026-06-18,2026-06-18,FO,NSE,IDO,50547,,NIFTY,,2026-12-29,2026-12-29,28000.0,CE,NIFTY26DEC28000CE,84.0,89.8,82.05,88.25,89.05,85.2,24168.0,88.25,1382625,8840,1262,2303949466.0,816,F1,65,,,,,
2026-06-18,2026-06-18,FO,NSE,IDO,62053,,NIFTY,,2026-08-25,2026-08-25,26150.0,CE,NIFTY26AUG26150CE,0.0,0.0,0.0,232.55,0.0,232.55,24168.0,187.35,0,0,0,0.0,0,F1,65,,,,,
2026-06-18,2026-06-18,FO,NSE,IDO,61378,,NIFTY,,2026-08-25,2026-08-25,22350.0,CE,NIFTY26AUG22350CE,0.0,0.0,0.0,1713.35,1713.35,1713.35,24168.0,2184.5,65,0,0,0.0,0,F1,65,,,,,
2026-06-18,2026-06-18,FO,NSE,IDO,61334,,NIFTY,,2026-08-25,2026-08-25,21600.0,CE,NIFTY26AUG21600CE,0.0,0.0,0.0,2713.65,0.0,2713.65,24168.0,2865.45,0,0,0,0.0,0,F1,65,,,,,
2026-06-18,2026-06-18,FO,NSE,IDO,64017,,NIFTY,,2026-07-28,2026-07-28,25850.0,CE,NIFTY26JUL25850CE,21.45,27.1,19.7,24.45,24.6,22.05,24168.0,24.45,5265,-715,92,154728463.5,50,F1,65,,,,,
2026-06-18,2026-06-18,FO,NSE,IDO,80012,,NIFTY,,2026-06-30,2026-06-30,26550.0,CE,NIFTY26JUN26550CE,1.4,1.8,1.4,1.6,1.8,1.7,24168.0,1.6,55055,-975,35,60404873.75,15,F1,65,,,,,
2026-06-18,2026-06-18,FO,NSE,IDO,44500,,NIFTY,,2026-07-07,2026-07-07,22050.0,CE,NIFTY2670722050CE,0.0,0.0,0.0,1619.05,0.0,1619.05,24168.0,2190.9,0,0,0,0.0,0,F1,65,,,,,
2026-06-18,2026-06-18,FO,NSE,IDO,44548,,NIFTY,,2026-07-07,2026-07-07,22800.0,CE,NIFTY2670722800CE,0.0,0.0,0.0,1210.7,1210.7,1210.7,24168.0,1464.05,65,0,0,0.0,0,F1,65,,,,,
2026-06-18,2026-06-18,FO,NSE,IDO,44594,,NIFTY,,2026-07-07,2026-07-07,23650.0,CE,NIFTY2670723650CE,569.4,637.05,567.1,637.05,637.05,582.75,24168.0,637.05,780,0,7,11028452.5,7,F1,65,,,,,
2026-06-18,2026-06-18,FO,NSE,IDO,44607,,NIFTY,,2026-07-07,2026-07-07,23750.0,CE,NIFTY2670723750CE,496.0,570.75,478.75,567.3,570.75,511.85,24168.0,567.3,2470,-260,21,33140740.75,19,F1,65,,,,,
2026-06-18,2026-06-18,FO,NSE,IDO,44620,,NIFTY,,2026-07-07,2026-07-07,24000.0,CE,NIFTY2670724000CE,339.85,386.0,300.0,373.45,384.0,337.5,24168.0,373.45,183495,8515,7017,11102622605.75,5232,F1,65,,,,,
2026-06-18,2026-06-18,FO,NSE,IDO,44700,,NIFTY,,2026-07-07,2026-07-07,25400.0,CE,NIFTY2670725400CE,12.6,13.75,10.85,12.55,13.3,12.85,24168.0,12.55,18590,8970,486,802765840.5,309,F1,65,,,,,
2026-06-18,2026-06-18,FO,NSE,IDO,61910,,NIFTY,,2026-08-25,2026-08-25,25050.0,PE,NIFTY26AUG25050PE,963.75,963.75,963.75,963.75,963.75,1533.05,24168.0,1046.15,195,130,2,3381787.5,2,F1,65,,,,,
2026-06-18,2026-06-18,FO,NSE,IDO,44573,,NIFTY,,2026-07-07,2026-07-07,23250.0,PE,NIFTY2670723250PE,44.95,44.95,30.5,31.5,30.9,48.75,24168.0,31.5,11180,3705,518,784069302.25,325,F1,65,,,,,
2026-06-18,2026-06-18,FO,NSE,IDO,79936,,NIFTY,,2026-06-30,2026-06-30,26350.0,PE,NIFTY26JUN26350PE,0.0,0.0,0.0,2825.65,2825.65,2825.65,24168.0,2129.5,65,0,0,0.0,0,F1,65,,,,,
2026-06-18,2026-06-18,FO,NSE,IDO,79867,,NIFTY,,2026-06-30,2026-06-30,26300.0,PE,NIFTY26JUN26300PE,0.0,0.0,0.0,2866.4,2866.4,2866.4,24168.0,2079.8,18330,0,0,0.0,0,F1,65,,,,,
2026-06-18,2026-06-18,FO,NSE,IDO,79857,,NIFTY,,2026-06-30,2026-06-30,26100.0,PE,NIFTY26JUN26100PE,0.0,0.0,0.0,2615.0,2615.0,2615.0,24168.0,1881.3,9035,0,0,0.0,0,F1,65,,,,,
2026-06-18,2026-06-18,FO,NSE,IDO,79723,,NIFTY,,2026-06-30,2026-06-30,23900.0,PE,NIFTY26JUN23900PE,144.3,145.0,78.2,82.05,81.15,136.5,24168.0,82.05,1585220,262665,64933,101330565501.75,46208,F1,65,,,,,
2026-06-18,2026-06-18,FO,NSE,IDO,79710,,NIFTY,,2026-06-30,2026-06-30,23750.0,PE,NIFTY26JUN23750PE,93.3,95.5,49.6,53.2,52.8,93.3,24168.0,53.2,368160,188955,18522,28674926962.5,12010,F1,65,,,,,
2026-06-18,2026-06-18,FO,NSE,IDO,79380,,NIFTY,,2026-06-30,2026-06-30,20300.0,PE,NIFTY26JUN20300PE,1.6,3.0,1.55,1.8,2.0,2.2,24168.0,1.8,7605,-65,364,480347601.5,227,F1,65,,,,,
2026-06-18,2026-06-18,FO,NSE,IDO,80272,,NIFTY,,2027-03-30,2027-03-30,24000.0,CE,NIFTY27MAR24000CE,1831.0,1900.0,1831.0,1900.0,1900.0,1830.0,24168.0,1900.0,1755,260,7,11766950.0,7,F1,65,,,,,
2026-06-18,2026-06-18,FO,NSE,IDO,55332,,NIFTY,,2026-12-29,2026-12-29,31500.0,CE,NIFTY26DEC31500CE,17.7,17.75,16.35,16.7,16.7,17.45,24168.0,16.7,25220,-65,21,43020432.0,21,F1,65,,,,,
2026-06-18,2026-06-18,FO,NSE,IDO,65906,,NIFTY,,2026-09-29,2026-09-29,27000.0,CE,NIFTY26SEP27000CE,42.05,45.0,40.4,43.9,45.0,42.75,24168.0,43.9,1041300,66365,3412,5997461986.75,2166,F1,65,,,,,
2026-06-18,2026-06-18,FO,NSE,IDO,61428,,NIFTY,,2026-08-25,2026-08-25,23000.0,CE,NIFTY26AUG23000CE,1409.05,1509.25,1382.0,1494.9,1509.25,1418.15,24168.0,1494.9,74880,1690,119,189084681.5,92,F1,65,,,,,
2026-06-18,2026-06-18,FO,NSE,IDO,64021,,NIFTY,,2026-07-28,2026-07-28,25900.0,CE,NIFTY26JUL25900CE,20.0,23.0,19.45,22.15,22.45,20.1,24168.0,22.15,46150,-3445,428,721126887.0,225,F1,65,,,,,
2026-06-18,2026-06-18,FO,NSE,IDO,63969,,NIFTY,,2026-07-28,2026-07-28,24750.0,CE,NIFTY26JUL24750CE,166.8,192.8,162.85,184.7,192.25,166.8,24168.0,184.7,26650,-975,367,594553251.5,283,F1,65,,,,,
2026-06-18,2026-06-18,FO,NSE,IDO,63855,,NIFTY,,2026-07-28,2026-07-28,22000.0,CE,NIFTY26JUL22000CE,2214.95,2315.0,2150.45,2299.0,2300.0,2192.6,24168.0,2299.0,95030,-390,192,302556289.75,160,F1,65,,,,,
2026-06-18,2026-06-18,FO,NSE,IDO,63840,,NIFTY,,2026-07-28,2026-07-28,21650.0,CE,NIFTY26JUL21650CE,0.0,0.0,0.0,1938.2,1938.2,1938.2,24168.0,2684.05,65,0,0,0.0,0,F1,65,,,,,
2026-06-18,2026-06-18,FO,NSE,IDO,57321,,NIFTY,,2026-07-21,2026-07-21,23550.0,CE,NIFTY2672123550CE,0.0,0.0,0.0,846.2,0.0,846.2,24168.0,959.95,0,0,0,0.0,0,F1,65,,,,,
2026-06-18,2026-06-18,FO,NSE,IDO,57273,,NIFTY,,2026-07-21,2026-07-21,22350.0,CE,NIFTY2672122350CE,0.0,0.0,0.0,1812.95,0.0,1812.95,24168.0,1977.55,0,0,0,0.0,0,F1,65,,,,,
2026-06-18,2026-06-18,FO,NSE,IDO,51501,,NIFTY,,2026-07-14,2026-07-14,26050.0,CE,NIFTY2671426050CE,0.0,0.0,0.0,10.3,0.0,10.3,24168.0,30.75,0,0,0,0.0,0,F1,65,,,,,
2026-06-18,2026-06-18,FO,NSE,IDO,51493,,NIFTY,,2026-07-14,2026-07-14,25850.0,CE,NIFTY2671425850CE,0.0,0.0,0.0,15.05,0.0,15.05,24168.0,44.7,0,0,0,0.0,0,F1,65,,,,,
2026-06-18,2026-06-18,FO,NSE,IDO,57330,,NIFTY,,2026-07-21,2026-07-21,23750.0,PE,NIFTY2672123750PE,0.0,0.0,0.0,202.0,202.0,202.0,24168.0,261.85,130,0,0,0.0,0,F1,65,,,,,
2026-06-18,2026-06-18,FO,NSE,IDO,44721,,NIFTY,,2026-07-07,2026-07-07,25700.0,PE,NIFTY2670725700PE,1555.75,1560.0,1555.75,1560.0,1560.0,2100.6,24168.0,1479.25,65,65,2,3543523.75,2,F1,65,,,,,
2026-06-18,2026-06-18,FO,NSE,IDO,51262,,NIFTY,,2026-07-14,2026-07-14,22250.0,PE,NIFTY2671422250PE,12.95,13.0,10.3,12.4,12.65,17.6,24168.0,12.4,3445,2730,88,127335273.0,22,F1,65,,,,,
2026-06-18,2026-06-18,FO,NSE,IDO,51431,,NIFTY,,2026-07-14,2026-07-14,25100.0,CE,NIFTY2671425100CE,0.0,0.0,0.0,54.65,0.0,54.65,24168.0,153.1,0,0,0,0.0,0,F1,65,,,,,
2026-06-18,2026-06-18,FO,NSE,IDO,51324,,NIFTY,,2026-07-14,2026-07-14,23100.0,CE,NIFTY2671423100CE,0.0,0.0,0.0,642.15,0.0,642.15,24168.0,1246.2,0,0,0,0.0,0,F1,65,,,,,
2026-06-18,2026-06-18,FO,NSE,IDO,51255,,NIFTY,,2026-07-14,2026-07-14,22150.0,CE,NIFTY2671422150CE,0.0,0.0,0.0,1319.75,0.0,1319.75,24168.0,2124.05,0,0,0,0.0,0,F1,65,,,,,
2026-06-18,2026-06-18,FO,NSE,IDO,79464,,NIFTY,,2026-06-30,2026-06-30,21300.0,CE,NIFTY26JUN21300CE,0.0,0.0,0.0,1959.85,1959.85,1959.85,24168.0,2911.1,130,0,0,0.0,0,F1,65,,,,,
2026-06-18,2026-06-18,FO,NSE,IDO,56434,,NIFTY,,2026-06-23,2026-06-23,25050.0,CE,NIFTY2662325050CE,3.7,4.0,1.85,2.2,2.35,3.7,24168.0,2.2,1090765,69615,218318,355514044863.25,40339,F1,65,,,,,
2026-06-18,2026-06-18,FO,NSE,IDO,86145,,NIFTY,,2028-06-27,2028-06-27,21000.0,CE,NIFTY28JUN21000CE,0.0,0.0,0.0,5226.55,0.0,5226.55,24168.0,6145.2,0,0,0,0.0,0,F1,65,,,,,
2026-06-18,2026-06-18,FO,NSE,IDO,71547,,NIFTY,,2027-06-29,2027-06-29,18000.0,CE,NIFTY27JUN18000CE,0.0,0.0,0.0,4066.45,0.0,4066.45,24168.0,7380.2,0,0,0,0.0,0,F1,65,,,,,
2026-06-18,2026-06-18,FO,NSE,IDO,35235,,NIFTY,,2026-12-29,2026-12-29,30000.0,CE,NIFTY26DEC30000CE,30.85,31.3,30.2,30.65,31.3,30.7,24168.0,30.65,688830,10910,528,1030658050.5,300,F1,65,,,,,
2026-06-18,2026-06-18,FO,NSE,IDO,71501,,NIFTY,,2026-12-29,2026-12-29,24000.0,CE,NIFTY26DEC24000CE,1404.95,1474.0,1386.75,1462.4,1474.0,1415.1,24168.0,1462.4,726830,-7215,814,1345531476.25,674,F1,65,,,,,
2026-06-18,2026-06-18,FO,NSE,IDO,58634,,NIFTY,,2026-12-29,2026-12-29,15000.0,CE,NIFTY26DEC15000CE,0.0,0.0,0.0,5977.65,0.0,5977.65,24168.0,9687.4,0,0,0,0.0,0,F1,65,,,,,
2026-06-18,2026-06-18,FO,NSE,IDO,55292,,NIFTY,,2026-09-29,2026-09-29,34500.0,CE,NIFTY26SEP34500CE,0.0,0.0,0.0,3.95,3.95,3.95,24168.0,0.1,260,0,0,0.0,0,F1,65,,,,,
2026-06-18,2026-06-18,FO,NSE,IDO,55284,,NIFTY,,2026-09-29,2026-09-29,22500.0,CE,NIFTY26SEP22500CE,2044.65,2133.0,2019.45,2124.95,2131.0,2050.4,24168.0,2124.95,120510,5720,289,461779431.75,284,F1,65,,,,,
2026-06-18,2026-06-18,FO,NSE,IDO,61983,,NIFTY,,2026-08-25,2026-08-25,25700.0,CE,NIFTY26AUG25700CE,0.0,0.0,0.0,326.9,0.0,326.9,24168.0,280.35,0,0,0,0.0,0,F1,65,,,,,
2026-06-18,2026-06-18,FO,NSE,IDO,61981,,NIFTY,,2026-08-25,2026-08-25,25650.0,CE,NIFTY26AUG25650CE,90.0,104.0,89.95,101.55,101.25,89.5,24168.0,101.55,11635,0,153,256038204.5,106,F1,65,,,,,
2026-06-18,2026-06-18,FO,NSE,IDO,61717,,NIFTY,,2026-08-25,2026-08-25,24350.0,CE,NIFTY26AUG24350CE,485.75,544.0,485.75,536.85,544.0,431.85,24168.0,536.85,1365,260,21,33956399.75,15,F1,65,,,,,
2026-06-18,2026-06-18,FO,NSE,IDO,61623,,NIFTY,,2026-08-25,2026-08-25,24150.0,CE,NIFTY26AUG24150CE,0.0,0.0,0.0,578.0,578.0,578.0,24168.0,878.1,4225,0,0,0.0,0,F1,65,,,,,
2026-06-18,2026-06-18,FO,NSE,IDO,61455,,NIFTY,,2026-08-25,2026-08-25,23300.0,CE,NIFTY26AUG23300CE,1151.05,1151.05,1151.0,1151.0,1151.0,1150.9,24168.0,1422.15,7150,0,2,3178633.25,2,F1,65,,,,,
2026-06-18,2026-06-18,FO,NSE,IDO,61403,,NIFTY,,2026-08-25,2026-08-25,22650.0,CE,NIFTY26AUG22650CE,0.0,0.0,0.0,1075.0,1075.0,1075.0,24168.0,1928.9,65,0,0,0.0,0,F1,65,,,,,
2026-06-18,2026-06-18,FO,NSE,IDO,61271,,NIFTY,,2026-08-25,2026-08-25,21550.0,CE,NIFTY26AUG21550CE,0.0,0.0,0.0,2758.3,0.0,2758.3,24168.0,2912.45,0,0,0,0.0,0,F1,65,,,,,
2026-06-18,2026-06-18,FO,NSE,IDO,61177,,NIFTY,,2026-08-25,2026-08-25,21450.0,CE,NIFTY26AUG21450CE,0.0,0.0,0.0,2848.15,0.0,2848.15,24168.0,3006.85,0,0,0,0.0,0,F1,65,,,,,
2026-06-18,2026-06-18,FO,NSE,IDO,63965,,NIFTY,,2026-07-28,2026-07-28,24650.0,CE,NIFTY26JUL24650CE,203.4,230.55,191.9,220.5,230.55,198.45,24168.0,220.5,18070,-195,192,310194563.25,158,F1,65,,,,,
2026-06-18,2026-06-18,FO,NSE,IDO,63963,,NIFTY,,2026-07-28,2026-07-28,24600.0,CE,NIFTY26JUL24600CE,210.0,250.0,205.35,242.85,250.0,216.35,24168.0,242.85,168025,1950,1962,3166185967.75,1428,F1,65,,,,,
2026-06-18,2026-06-18,FO,NSE,IDO,89630,,NIFTY,,2029-06-26,2029-06-26,24000.0,CE,NIFTY29JUN24000CE,0.0,0.0,0.0,8085.35,0.0,8085.35,24168.0,5462.4,0,0,0,0.0,0,F1,65,,,,,
2026-06-18,2026-06-18,FO,NSE,IDO,61794,,NIFTY,,2029-12-24,2029-12-24,27000.0,CE,NIFTY29DEC27000CE,0.0,0.0,0.0,6201.65,0.0,6201.65,24168.0,4515.2,0,0,0,0.0,0,F1,65,,,,,
2026-06-18,2026-06-18,FO,NSE,IDO,55610,,NIFTY,,2029-12-24,2029-12-24,34500.0,CE,NIFTY29DEC34500CE,0.0,0.0,0.0,2377.55,0.0,2377.55,24168.0,1952.35,0,0,0,0.0,0,F1,65,,,,,
2026-06-18,2026-06-18,FO,NSE,IDO,55766,,NIFTY,,2030-12-31,2030-12-31,33000.0,CE,NIFTY30DEC33000CE,0.0,0.0,0.0,3948.25,0.0,3948.25,24168.0,3400.1,0,0,0,0.0,0,F1,65,,,,,
2026-06-18,2026-06-18,FO,NSE,IDO,55770,,NIFTY,,2030-12-31,2030-12-31,34500.0,CE,NIFTY30DEC34500CE,0.0,0.0,0.0,3406.35,0.0,3406.35,24168.0,2964.3,0,0,0,0.0,0,F1,65,,,,,
2026-06-18,2026-06-18,FO,NSE,IDO,56170,,NIFTY,,2026-06-23,2026-06-23,21250.0,PE,NIFTY2662321250PE,1.3,1.5,0.65,0.75,0.65,1.35,24168.0,0.75,118625,30095,6980,9641556356.25,2362,F1,65,,,,,
2026-06-18,2026-06-18,FO,NSE,IDO,56172,,NIFTY,,2026-06-23,2026-06-23,21300.0,PE,NIFTY2662321300PE,1.55,1.8,0.65,0.8,0.75,1.35,24168.0,0.8,429065,-41925,16939,23453118159.25,4678,F1,65,,,,,
2026-06-18,2026-06-18,FO,NSE,IDO,56183,,NIFTY,,2026-06-23,2026-06-23,21450.0,PE,NIFTY2662321450PE,1.7,1.7,0.7,0.8,0.8,1.5,24168.0,0.8,57265,-4615,3289,4585916315.5,1564,F1,65,,,,,
2026-06-18,2026-06-18,FO,NSE,IDO,56243,,NIFTY,,2026-06-23,2026-06-23,22350.0,PE,NIFTY2662322350PE,2.2,2.2,1.15,1.35,1.15,2.2,24168.0,1.35,221845,-8255,19126,27787230753.75,4004,F1,65,,,,,
2026-06-18,2026-06-18,FO,NSE,IDO,56279,,NIFTY,,2026-06-23,2026-06-23,23050.0,PE,NIFTY2662323050PE,4.8,4.8,2.25,2.7,2.35,5.1,24168.0,2.7,497705,-244595,144424,216410539839.0,33285,F1,65,,,,,
2026-06-18,2026-06-18,FO,NSE,IDO,56333,,NIFTY,,2026-06-23,2026-06-23,23600.0,PE,NIFTY2662323600PE,19.95,21.2,6.85,7.75,7.05,23.0,24168.0,7.75,4856410,1611805,617827,948221718691.0,167693,F1,65,,,,,
2026-06-18,2026-06-18,FO,NSE,IDO,56435,,NIFTY,,2026-06-23,2026-06-23,25050.0,PE,NIFTY2662325050PE,951.0,1004.0,865.0,865.0,865.0,977.5,24168.0,865.0,260,-130,4,6757400.0,4,F1,65,,,,,
2026-06-18,2026-06-18,FO,NSE,IDO,56443,,NIFTY,,2026-06-23,2026-06-23,25200.0,PE,NIFTY2662325200PE,1120.0,1120.2,1016.35,1018.8,1016.35,1115.0,24168.0,1018.8,7280,65,11,18792572.5,9,F1,65,,,,,
2026-06-18,2026-06-18,FO,NSE,IDO,56509,,NIFTY,,2026-06-23,2026-06-23,26250.0,PE,NIFTY2662326250PE,0.0,0.0,0.0,2500.85,0.0,2500.85,24168.0,2059.9,0,0,0,0.0,0,F1,65,,,,,
2026-06-18,2026-06-18,FO,NSE,IDO,79519,,NIFTY,,2026-06-30,2026-06-30,22250.0,PE,NIFTY26JUN22250PE,4.55,4.95,4.15,4.5,4.6,5.85,24168.0,4.5,115115,-1105,172,248805287.25,101,F1,65,,,,,
2026-06-18,2026-06-18,FO,NSE,IDO,79521,,NIFTY,,2026-06-30,2026-06-30,22300.0,PE,NIFTY26JUN22300PE,5.8,6.8,4.45,4.75,5.2,6.15,24168.0,4.75,382200,-22555,5755,8343649177.5,2441,F1,65,,,,,
2026-06-18,2026-06-18,FO,NSE,IDO,79543,,NIFTY,,2026-06-30,2026-06-30,22900.0,PE,NIFTY26JUN22900PE,10.65,11.65,7.5,8.35,8.1,13.3,24168.0,8.35,724230,112970,18989,28276216016.75,10038,F1,65,,,,,
2026-06-18,2026-06-18,FO,NSE,IDO,79547,,NIFTY,,2026-06-30,2026-06-30,23050.0,PE,NIFTY26JUN23050PE,15.0,15.85,9.4,10.2,10.2,17.55,24168.0,10.2,188175,-24635,5895,8836675396.25,4175,F1,65,,,,,
2026-06-18,2026-06-18,FO,NSE,IDO,79743,,NIFTY,,2026-06-30,2026-06-30,24350.0,PE,NIFTY26JUN24350PE,335.55,395.45,265.1,274.6,271.6,361.4,24168.0,274.6,34060,8255,752,1205237842.25,644,F1,65,,,,,
2026-06-18,2026-06-18,FO,NSE,IDO,79749,,NIFTY,,2026-06-30,2026-06-30,24450.0,PE,NIFTY26JUN24450PE,406.5,474.05,335.0,339.95,335.65,434.75,24168.0,339.95,25870,-65,329,531289359.25,297,F1,65,,,,,
2026-06-18,2026-06-18,FO,NSE,IDO,63909,,NIFTY,,2026-07-28,2026-07-28,23350.0,CE,NIFTY26JUL23350CE,970.0,1040.0,930.1,1040.0,1040.0,968.25,24168.0,1040.0,44265,65,9,14237564.25,7,F1,65,,,,,
2026-06-18,2026-06-18,FO,NSE,IDO,63903,,NIFTY,,2026-07-28,2026-07-28,23200.0,CE,NIFTY26JUL23200CE,1113.0,1190.3,1060.0,1182.5,1180.15,1101.55,24168.0,1182.5,41145,2275,104,164478395.25,49,F1,65,,,,,
2026-06-18,2026-06-18,FO,NSE,IDO,63895,,NIFTY,,2026-07-28,2026-07-28,23000.0,CE,NIFTY26JUL23000CE,1252.4,1365.0,1223.4,1341.95,1355.25,1265.05,24168.0,1341.95,266890,2925,1699,2683591716.0,664,F1,65,,,,,
2026-06-18,2026-06-18,FO,NSE,IDO,63893,,NIFTY,,2026-07-28,2026-07-28,22950.0,CE,NIFTY26JUL22950CE,0.0,0.0,0.0,1301.25,1301.25,1301.25,24168.0,1487.8,845,0,0,0.0,0,F1,65,,,,,
2026-06-18,2026-06-18,FO,NSE,IDO,63891,,NIFTY,,2026-07-28,2026-07-28,22900.0,CE,NIFTY26JUL22900CE,0.0,0.0,0.0,1288.7,1288.7,1288.7,24168.0,1529.9,5005,0,0,0.0,0,F1,65,,,,,
2026-06-18,2026-06-18,FO,NSE,IDO,63863,,NIFTY,,2026-07-28,2026-07-28,22200.0,CE,NIFTY26JUL22200CE,1995.0,2025.0,1995.0,2025.0,2025.0,2033.5,24168.0,2157.8,260,-65,2,3147300.0,2,F1,65,,,,,
2026-06-18,2026-06-18,FO,NSE,IDO,63835,,NIFTY,,2026-07-28,2026-07-28,21550.0,CE,NIFTY26JUL21550CE,0.0,0.0,0.0,2828.2,0.0,2828.2,24168.0,2781.45,0,0,0,0.0,0,F1,65,,,,,
2026-06-18,2026-06-18,FO,NSE,IDO,57448,,NIFTY,,2026-07-21,2026-07-21,25800.0,CE,NIFTY2672125800CE,0.0,0.0,0.0,67.25,0.0,67.25,24168.0,80.1,0,0,0,0.0,0,F1,65,,,,,
2026-06-18,2026-06-18,FO,NSE,IDO,57411,,NIFTY,,2026-07-21,2026-07-21,25350.0,CE,NIFTY2672125350CE,0.0,0.0,0.0,127.2,0.0,127.2,24168.0,151.0,0,0,0,0.0,0,F1,65,,,,,
2026-06-18,2026-06-18,FO,NSE,IDO,57407,,NIFTY,,2026-07-21,2026-07-21,25250.0,CE,NIFTY2672125250CE,0.0,0.0,0.0,145.2,0.0,145.2,24168.0,172.15,0,0,0,0.0,0,F1,65,,,,,
2026-06-18,2026-06-18,FO,NSE,IDO,79751,,NIFTY,,2026-06-30,2026-06-30,24500.0,PE,NIFTY26JUN24500PE,455.05,514.65,367.95,378.75,374.0,472.35,24168.0,378.75,1783535,69225,11908,19292225488.25,8002,F1,65,,,,,
2026-06-18,2026-06-18,FO,NSE,IDO,79806,,NIFTY,,2026-06-30,2026-06-30,25100.0,PE,NIFTY26JUN25100PE,995.0,1014.35,899.6,904.75,901.7,1012.85,24168.0,904.75,65000,-2275,84,142344806.5,72,F1,65,,,,,
2026-06-18,2026-06-18,FO,NSE,IDO,79957,,NIFTY,,2026-06-30,2026-06-30,26400.0,PE,NIFTY26JUN26400PE,0.0,0.0,0.0,2295.0,2295.0,2295.0,24168.0,2179.25,9880,0,0,0.0,0,F1,65,,,,,
2026-06-18,2026-06-18,FO,NSE,IDO,57365,,NIFTY,,2026-07-21,2026-07-21,24600.0,CE,NIFTY2672124600CE,0.0,0.0,0.0,316.75,0.0,316.75,24168.0,370.95,0,0,0,0.0,0,F1,65,,,,,
2026-06-18,2026-06-18,FO,NSE,IDO,57356,,NIFTY,,2026-07-21,2026-07-21,24400.0,CE,NIFTY2672124400CE,0.0,0.0,0.0,391.95,0.0,391.95,24168.0,456.65,0,0,0,0.0,0,F1,65,,,,,
2026-06-18,2026-06-18,FO,NSE,IDO,57352,,NIFTY,,2026-07-21,2026-07-21,24300.0,CE,NIFTY2672124300CE,292.6,336.3,273.45,331.3,335.95,297.0,24168.0,331.3,3900,2080,72,115181095.25,50,F1,65,,,,,
2026-06-18,2026-06-18,FO,NSE,IDO,57275,,NIFTY,,2026-07-21,2026-07-21,22400.0,CE,NIFTY2672122400CE,0.0,0.0,0.0,1767.4,0.0,1767.4,24168.0,1930.7,0,0,0,0.0,0,F1,65,,,,,
2026-06-18,2026-06-18,FO,NSE,IDO,57269,,NIFTY,,2026-07-21,2026-07-21,22250.0,CE,NIFTY2672122250CE,0.0,0.0,0.0,1905.0,0.0,1905.0,24168.0,2072.0,0,0,0,0.0,0,F1,65,,,,,
2026-06-18,2026-06-18,FO,NSE,IDO,51499,,NIFTY,,2026-07-14,2026-07-14,26000.0,CE,NIFTY2671426000CE,9.75,10.75,8.15,8.95,8.95,10.0,24168.0,8.95,26260,12155,428,723577055.5,188,F1,65,,,,,
2026-06-18,2026-06-18,FO,NSE,IDO,51487,,NIFTY,,2026-07-14,2026-07-14,25800.0,CE,NIFTY2671425800CE,11.65,11.75,9.6,10.85,10.75,11.75,24168.0,10.85,7215,3770,107,179514845.25,46,F1,65,,,,,
2026-06-18,2026-06-18,FO,NSE,IDO,51439,,NIFTY,,2026-07-14,2026-07-14,25150.0,CE,NIFTY2671425150CE,0.0,0.0,0.0,50.45,0.0,50.45,24168.0,142.15,0,0,0,0.0,0,F1,65,,,,,
2026-06-18,2026-06-18,FO,NSE,IDO,51393,,NIFTY,,2026-07-14,2026-07-14,24500.0,CE,NIFTY2671424500CE,171.55,190.7,148.65,182.95,190.7,165.0,24168.0,182.95,65195,8060,1569,2515898528.0,961,F1,65,,,,,
2026-06-18,2026-06-18,FO,NSE,IDO,51377,,NIFTY,,2026-07-14,2026-07-14,24150.0,CE,NIFTY2671424150CE,323.95,357.4,290.0,347.45,357.4,320.15,24168.0,347.45,5265,650,124,197256189.0,107,F1,65,,,,,
2026-06-18,2026-06-18,FO,NSE,IDO,51370,,NIFTY,,2026-07-14,2026-07-14,24000.0,CE,NIFTY2671424000CE,398.85,455.15,370.0,443.4,452.0,403.2,24168.0,443.4,54210,10660,1348,2139171170.5,982,F1,65,,,,,
2026-06-18,2026-06-18,FO,NSE,IDO,51349,,NIFTY,,2026-07-14,2026-07-14,23550.0,CE,NIFTY2671423550CE,0.0,0.0,0.0,623.25,623.25,623.25,24168.0,888.6,715,0,0,0.0,0,F1,65,,,,,
2026-06-18,2026-06-18,FO,NSE,IDO,51345,,NIFTY,,2026-07-14,2026-07-14,23450.0,CE,NIFTY2671423450CE,0.0,0.0,0.0,458.0,458.0,458.0,24168.0,962.75,65,0,0,0.0,0,F1,65,,,,,
2026-06-18,2026-06-18,FO,NSE,IDO,51341,,NIFTY,,2026-07-14,2026-07-14,23350.0,CE,NIFTY2671423350CE,0.0,0.0,0.0,632.45,619.15,632.45,24168.0,1040.55,455,0,0,0.0,0,F1,65,,,,,
2026-06-18,2026-06-18,FO,NSE,IDO,51243,,NIFTY,,2026-07-14,2026-07-14,22050.0,CE,NIFTY2671422050CE,0.0,0.0,0.0,1404.1,0.0,1404.1,24168.0,2221.5,0,0,0,0.0,0,F1,65,,,,,
2026-06-18,2026-06-18,FO,NSE,IDO,44664,,NIFTY,,2026-07-07,2026-07-07,24550.0,CE,NIFTY2670724550CE,0.0,0.0,0.0,178.0,0.0,178.0,24168.0,247.45,0,0,0,0.0,0,F1,65,,,,,
2026-06-18,2026-06-18,FO,NSE,IDO,44622,,NIFTY,,2026-07-07,2026-07-07,24050.0,CE,NIFTY2670724050CE,315.0,356.3,271.3,336.9,349.35,310.15,24168.0,336.9,12805,-6565,1582,2505053528.25,1255,F1,65,,,,,
2026-06-18,2026-06-18,FO,NSE,IDO,44612,,NIFTY,,2026-07-07,2026-07-07,23800.0,CE,NIFTY2670723800CE,462.95,543.3,422.5,518.85,536.5,470.5,24168.0,518.85,35685,-910,391,617080620.0,338,F1,65,,,,,
2026-06-18,2026-06-18,FO,NSE,IDO,44576,,NIFTY,,2026-07-07,2026-07-07,23350.0,CE,NIFTY2670723350CE,837.0,914.65,826.95,914.65,914.65,709.45,24168.0,914.65,845,-780,14,22030544.25,14,F1,65,,,,,
2026-06-18,2026-06-18,FO,NSE,IDO,44558,,NIFTY,,2026-07-07,2026-07-07,22900.0,CE,NIFTY2670722900CE,1252.0,1280.0,1252.0,1280.0,1280.0,1230.0,24168.0,1371.15,260,-130,4,6284980.0,3,F1,65,,,,,
2026-06-18,2026-06-18,FO,NSE,IDO,44524,,NIFTY,,2026-07-07,2026-07-07,22450.0,CE,NIFTY2670722450CE,0.0,0.0,0.0,1277.05,0.0,1277.05,24168.0,1798.45,0,0,0,0.0,0,F1,65,,,,,
2026-06-18,2026-06-18,FO,NSE,IDO,44474,,NIFTY,,2026-07-07,2026-07-07,21800.0,CE,NIFTY2670721800CE,0.0,0.0,0.0,1845.85,0.0,1845.85,24168.0,2438.7,0,0,0,0.0,0,F1,65,,,,,
2026-06-18,2026-06-18,FO,NSE,IDO,44462,,NIFTY,,2026-07-07,2026-07-07,21550.0,CE,NIFTY2670721550CE,0.0,0.0,0.0,2079.9,0.0,2079.9,24168.0,2687.35,0,0,0,0.0,0,F1,65,,,,,
2026-06-18,2026-06-18,FO,NSE,IDO,55188,,NIFTY,,2026-06-30,2026-06-30,25500.0,CE,NIFTY26JUN25500CE,6.15,6.45,0.05,4.8,4.7,6.45,24168.0,4.8,2313285,-153010,35157,58283478409.0,14546,F1,65,,,,,
2026-06-18,2026-06-18,FO,NSE,IDO,79770,,NIFTY,,2026-06-30,2026-06-30,24900.0,CE,NIFTY26JUN24900CE,18.8,20.8,14.5,18.85,19.75,20.65,24168.0,18.85,815295,212745,41052,66487913024.0,23672,F1,65,,,,,
2026-06-18,2026-06-18,FO,NSE,IDO,79748,,NIFTY,,2026-06-30,2026-06-30,24450.0,CE,NIFTY26JUN24450CE,80.0,95.0,60.85,85.0,91.0,80.8,24168.0,85.0,180050,17615,11551,18413249114.0,8352,F1,65,,,,,
2026-06-18,2026-06-18,FO,NSE,IDO,79713,,NIFTY,,2026-06-30,2026-06-30,23850.0,CE,NIFTY26JUN23850CE,375.85,424.2,315.0,411.15,424.2,364.15,24168.0,411.15,163085,-14040,2429,3824817187.75,1905,F1,65,,,,,
2026-06-18,2026-06-18,FO,NSE,IDO,79699,,NIFTY,,2026-06-30,2026-06-30,23500.0,CE,NIFTY26JUN23500CE,651.35,729.95,580.05,714.05,723.3,641.6,24168.0,714.05,3474445,-133185,10499,16485708144.75,7607,F1,65,,,,,
2026-06-18,2026-06-18,FO,NSE,IDO,79540,,NIFTY,,2026-06-30,2026-06-30,22850.0,CE,NIFTY26JUN22850CE,1231.85,1261.65,1220.0,1261.65,1261.65,1181.35,24168.0,1373.1,5785,-130,3,4697127.5,3,F1,65,,,,,
2026-06-18,2026-06-18,FO,NSE,IDO,79530,,NIFTY,,2026-06-30,2026-06-30,22600.0,CE,NIFTY26JUN22600CE,1610.0,1610.0,1610.0,1610.0,1610.0,1496.0,24168.0,1610.0,7150,0,1,1573650.0,1,F1,65,,,,,
2026-06-18,2026-06-18,FO,NSE,IDO,79482,,NIFTY,,2026-06-30,2026-06-30,21750.0,CE,NIFTY26JUN21750CE,2339.75,2339.75,2339.75,2339.75,2339.75,1420.0,24168.0,2462.05,910,-65,1,1565833.75,1,F1,65,,,,,
2026-06-18,2026-06-18,FO,NSE,IDO,79468,,NIFTY,,2026-06-30,2026-06-30,21400.0,CE,NIFTY26JUN21400CE,0.0,0.0,0.0,1563.55,0.0,1563.55,24168.0,2811.3,0,0,0,0.0,0,F1,65,,,,,
2026-06-18,2026-06-18,FO,NSE,IDO,79446,,NIFTY,,2026-06-30,2026-06-30,20900.0,CE,NIFTY26JUN20900CE,0.0,0.0,0.0,2292.7,2292.7,2292.7,24168.0,3310.3,130,0,0,0.0,0,F1,65,,,,,
2026-06-18,2026-06-18,FO,NSE,IDO,79377,,NIFTY,,2026-06-30,2026-06-30,20250.0,CE,NIFTY26JUN20250CE,0.0,0.0,0.0,2511.35,0.0,2511.35,24168.0,3959.0,0,0,0,0.0,0,F1,65,,,,,
2026-06-18,2026-06-18,FO,NSE,IDO,50556,,NIFTY,,2026-06-30,2026-06-30,18000.0,CE,NIFTY26JUN18000CE,6195.2,6195.2,6195.2,6195.2,6195.2,5964.4,24168.0,6195.2,14085,-65,1,1572688.0,1,F1,65,,,,,
2026-06-18,2026-06-18,FO,NSE,IDO,56472,,NIFTY,,2026-06-23,2026-06-23,25650.0,CE,NIFTY2662325650CE,1.25,1.4,0.75,0.85,0.8,1.25,24168.0,0.85,381875,-85735,11704,19514327423.5,2375,F1,65,,,,,
2026-06-18,2026-06-18,FO,NSE,IDO,56464,,NIFTY,,2026-06-23,2026-06-23,25600.0,CE,NIFTY2662325600CE,1.25,1.4,0.75,0.85,0.85,1.3,24168.0,0.85,1237860,164645,42734,71112487602.0,7960,F1,65,,,,,
2026-06-18,2026-06-18,FO,NSE,IDO,56450,,NIFTY,,2026-06-23,2026-06-23,25400.0,CE,NIFTY2662325400CE,1.3,1.9,0.9,1.0,1.0,1.6,24168.0,1.0,2654405,731965,139862,230924064325.5,27842,F1,65,,,,,
2026-06-18,2026-06-18,FO,NSE,IDO,56356,,NIFTY,,2026-06-23,2026-06-23,23850.0,CE,NIFTY2662323850CE,286.7,361.2,233.05,337.9,356.0,291.05,24168.0,337.9,196625,-88205,56484,88602850865.75,39244,F1,65,,,,,
2026-06-18,2026-06-18,FO,NSE,IDO,56334,,NIFTY,,2026-06-23,2026-06-23,23650.0,CE,NIFTY2662323650CE,471.45,547.0,390.85,528.55,543.9,453.85,24168.0,528.55,85150,-11180,4611,7226035505.0,3792,F1,65,,,,,
2026-06-18,2026-06-18,FO,NSE,IDO,56301,,NIFTY,,2026-06-23,2026-06-23,23350.0,CE,NIFTY2662323350CE,731.15,841.0,685.0,822.75,837.25,736.5,24168.0,822.75,86645,-1560,264,413259294.5,186,F1,65,,,,,
2026-06-18,2026-06-18,FO,NSE,IDO,56232,,NIFTY,,2026-06-23,2026-06-23,22200.0,CE,NIFTY2662322200CE,0.0,0.0,0.0,1222.0,1222.0,1222.0,24168.0,1986.75,65,0,0,0.0,0,F1,65,,,,,
2026-06-18,2026-06-18,FO,NSE,IDO,56206,,NIFTY,,2026-06-23,2026-06-23,21800.0,CE,NIFTY2662321800CE,0.0,0.0,0.0,1796.4,1796.4,1796.4,24168.0,2386.4,260,0,0,0.0,0,F1,65,,,,,
2026-06-18,2026-06-18,FO,NSE,IDO,80009,,NIFTY,,2026-06-30,2026-06-30,26450.0,PE,NIFTY26JUN26450PE,0.0,0.0,0.0,2519.75,2519.75,2519.75,24168.0,2229.05,195,0,0,0.0,0,F1,65,,,,,
2026-06-18,2026-06-18,FO,NSE,IDO,38157,,NIFTY,,2026-06-30,2026-06-30,29000.0,PE,NIFTY26JUN29000PE,4900.0,4940.0,4776.0,4786.55,4778.65,4895.0,24168.0,4786.55,255080,-975,105,231098214.75,97,F1,65,,,,,
2026-06-18,2026-06-18,FO,NSE,IDO,44461,,NIFTY,,2026-07-07,2026-07-07,21500.0,PE,NIFTY2670721500PE,5.1,7.7,4.65,5.2,4.7,5.8,24168.0,5.2,24570,5720,310,433338958.0,160,F1,65,,,,,
2026-06-18,2026-06-18,FO,NSE,IDO,44473,,NIFTY,,2026-07-07,2026-07-07,21750.0,PE,NIFTY2670721750PE,5.0,5.25,5.0,5.25,5.25,7.1,24168.0,5.25,1365,195,4,5656348.75,3,F1,65,,,,,
2026-06-18,2026-06-18,FO,NSE,IDO,63968,,NIFTY,,2026-07-28,2026-07-28,24700.0,PE,NIFTY26JUL24700PE,667.9,705.7,592.0,599.7,592.0,681.9,24168.0,599.7,91130,13195,608,1001883064.0,514,F1,65,,,,,
2026-06-18,2026-06-18,FO,NSE,IDO,64001,,NIFTY,,2026-07-28,2026-07-28,25450.0,PE,NIFTY26JUL25450PE,0.0,0.0,0.0,1723.1,1723.1,1723.1,24168.0,1272.35,65,0,0,0.0,0,F1,65,,,,,
2026-06-18,2026-06-18,FO,NSE,IDO,64018,,NIFTY,,2026-07-28,2026-07-28,25850.0,PE,NIFTY26JUL25850PE,0.0,0.0,0.0,1465.85,1465.85,1465.85,24168.0,1601.0,65,0,0,0.0,0,F1,65,,,,,
2026-06-18,2026-06-18,FO,NSE,IDO,64028,,NIFTY,,2026-07-28,2026-07-28,26050.0,PE,NIFTY26JUL26050PE,0.0,0.0,0.0,1803.0,1803.0,1803.0,24168.0,1774.75,65,0,0,0.0,0,F1,65,,,,,
2026-06-18,2026-06-18,FO,NSE,IDO,61155,,NIFTY,,2026-08-25,2026-08-25,21250.0,PE,NIFTY26AUG21250PE,0.0,0.0,0.0,29.65,29.65,29.65,24168.0,18.45,260,0,0,0.0,0,F1,65,,,,,
2026-06-18,2026-06-18,FO,NSE,IDO,61458,,NIFTY,,2026-08-25,2026-08-25,23300.0,PE,NIFTY26AUG23300PE,204.0,206.0,167.3,170.6,167.55,204.85,24168.0,170.6,21840,585,382,583144389.75,218,F1,65,,,,,
2026-06-18,2026-06-18,FO,NSE,IDO,61586,,NIFTY,,2026-08-25,2026-08-25,23900.0,PE,NIFTY26AUG23900PE,365.95,372.2,307.1,310.95,309.35,367.4,24168.0,310.95,44395,18655,731,1151731070.75,636,F1,65,,,,,
2026-06-18,2026-06-18,FO,NSE,IDO,61588,,NIFTY,,2026-08-25,2026-08-25,23950.0,PE,NIFTY26AUG23950PE,380.0,393.0,321.0,333.05,321.0,389.25,24168.0,333.05,4940,-520,28,44250586.25,24,F1,65,,,,,
2026-06-18,2026-06-18,FO,NSE,IDO,61622,,NIFTY,,2026-08-25,2026-08-25,24100.0,PE,NIFTY26AUG24100PE,430.4,450.7,375.95,382.85,377.4,438.15,24168.0,382.85,43030,13845,514,819128222.25,356,F1,65,,,,,
2026-06-18,2026-06-18,FO,NSE,IDO,61786,,NIFTY,,2026-08-25,2026-08-25,24650.0,PE,NIFTY26AUG24650PE,0.0,0.0,0.0,1315.3,1315.3,1315.3,24168.0,810.3,195,0,0,0.0,0,F1,65,,,,,
2026-06-18,2026-06-18,FO,NSE,IDO,61982,,NIFTY,,2026-08-25,2026-08-25,25650.0,PE,NIFTY26AUG25650PE,0.0,0.0,0.0,1696.2,0.0,1696.2,24168.0,1459.55,0,0,0,0.0,0,F1,65,,,,,
2026-06-18,2026-06-18,FO,NSE,IDO,44525,,NIFTY,,2026-07-07,2026-07-07,22450.0,PE,NIFTY2670722450PE,9.85,10.0,9.0,9.35,9.4,16.7,24168.0,9.35,1885,-650,17,24817721.5,8,F1,65,,,,,
2026-06-18,2026-06-18,FO,NSE,IDO,62023,,NIFTY,,2026-08-25,2026-08-25,25900.0,PE,NIFTY26AUG25900PE,0.0,0.0,0.0,1885.0,0.0,1885.0,24168.0,1648.95,0,0,0,0.0,0,F1,65,,,,,
2026-06-18,2026-06-18,FO,NSE,IDO,62068,,NIFTY,,2026-08-25,2026-08-25,26300.0,PE,NIFTY26AUG26300PE,0.0,0.0,0.0,2204.5,0.0,2204.5,24168.0,1972.0,0,0,0,0.0,0,F1,65,,,,,
2026-06-18,2026-06-18,FO,NSE,IDO,55287,,NIFTY,,2026-09-29,2026-09-29,25500.0,PE,NIFTY26SEP25500PE,1261.45,1263.0,1162.4,1172.4,1163.4,1256.15,24168.0,1172.4,158990,36140,726,1260401798.5,682,F1,65,,,,,
2026-06-18,2026-06-18,FO,NSE,IDO,58647,,NIFTY,,2026-12-29,2026-12-29,21000.0,PE,NIFTY26DEC21000PE,130.15,132.0,110.2,113.2,110.95,132.6,24168.0,113.2,814040,4355,3526,4840934319.0,2092,F1,65,,,,,
2026-06-18,2026-06-18,FO,NSE,IDO,50548,,NIFTY,,2026-12-29,2026-12-29,28000.0,PE,NIFTY26DEC28000PE,2980.45,3077.0,2925.5,2962.15,2930.0,3020.95,24168.0,2962.15,764390,6445,216,435425815.5,137,F1,65,,,,,
2026-06-18,2026-06-18,FO,NSE,IDO,55333,,NIFTY,,2026-12-29,2026-12-29,31500.0,PE,NIFTY26DEC31500PE,0.0,0.0,0.0,4059.3,0.0,4059.3,24168.0,6285.8,0,0,0,0.0,0,F1,65,,,,,
2026-06-18,2026-06-18,FO,NSE,IDO,80277,,NIFTY,,2027-03-30,2027-03-30,27000.0,PE,NIFTY27MAR27000PE,0.0,0.0,0.0,3350.65,0.0,3350.65,24168.0,2353.15,0,0,0,0.0,0,F1,65,,,,,
2026-06-18,2026-06-18,FO,NSE,IDO,55421,,NIFTY,,2027-12-28,2027-12-28,16500.0,PE,NIFTY27DEC16500PE,0.0,0.0,0.0,52.05,52.05,52.05,24168.0,15.9,130,0,0,0.0,0,F1,65,,,,,
2026-06-18,2026-06-18,FO,NSE,IDO,53632,,NIFTY,,2027-12-28,2027-12-28,27000.0,PE,NIFTY27DEC27000PE,1880.0,1900.0,1801.0,1825.35,1801.0,1882.35,24168.0,1825.35,29395,380,20,37499478.25,20,F1,65,,,,,
2026-06-18,2026-06-18,FO,NSE,IDO,55439,,NIFTY,,2027-12-28,2027-12-28,34500.0,PE,NIFTY27DEC34500PE,0.0,0.0,0.0,5258.65,0.0,5258.65,24168.0,7333.9,0,0,0,0.0,0,F1,65,,,,,
2026-06-18,2026-06-18,FO,NSE,IDO,55483,,NIFTY,,2028-06-27,2028-06-27,34500.0,PE,NIFTY28JUN34500PE,0.0,0.0,0.0,4734.1,0.0,4734.1,24168.0,6646.7,0,0,0,0.0,0,F1,65,,,,,
2026-06-18,2026-06-18,FO,NSE,IDO,61375,,NIFTY,,2029-12-24,2029-12-24,15000.0,PE,NIFTY29DEC15000PE,0.0,0.0,0.0,49.0,49.0,49.0,24168.0,26.15,130,0,0,0.0,0,F1,65,,,,,
2026-06-18,2026-06-18,FO,NSE,IDO,60887,,NIFTY,,2030-06-25,2030-06-25,15000.0,PE,NIFTY30JUN15000PE,0.0,0.0,0.0,29.65,0.0,29.65,24168.0,31.25,0,0,0,0.0,0,F1,65,,,,,
2026-06-18,2026-06-18,FO,NSE,IDO,60893,,NIFTY,,2030-06-25,2030-06-25,18000.0,PE,NIFTY30JUN18000PE,0.0,0.0,0.0,116.65,0.0,116.65,24168.0,135.15,0,0,0,0.0,0,F1,65,,,,,
2026-06-18,2026-06-18,FO,NSE,IDO,44513,,NIFTY,,2026-07-07,2026-07-07,22150.0,PE,NIFTY2670722150PE,8.1,8.1,7.3,7.5,7.5,10.45,24168.0,7.5,2080,-65,6,8641512.75,5,F1,65,,,,,
2026-06-18,2026-06-18,FO,NSE,IDO,44517,,NIFTY,,2026-07-07,2026-07-07,22250.0,PE,NIFTY2670722250PE,8.9,8.9,8.9,8.9,8.9,10.8,24168.0,4.55,2145,0,2,2893657.0,1,F1,65,,,,,
2026-06-18,2026-06-18,FO,NSE,IDO,44541,,NIFTY,,2026-07-07,2026-07-07,22600.0,PE,NIFTY2670722600PE,13.25,13.75,9.55,10.8,10.55,15.4,24168.0,10.8,16835,5525,346,508527266.0,129,F1,65,,,,,
2026-06-18,2026-06-18,FO,NSE,IDO,44565,,NIFTY,,2026-07-07,2026-07-07,23050.0,PE,NIFTY2670723050PE,29.85,29.85,20.35,21.5,21.7,33.9,24168.0,21.5,5525,-195,134,200978222.25,76,F1,65,,,,,
2026-06-18,2026-06-18,FO,NSE,IDO,44571,,NIFTY,,2026-07-07,2026-07-07,23200.0,PE,NIFTY2670723200PE,41.65,42.1,27.25,28.1,27.85,43.7,24168.0,28.1,122135,32760,3399,5132794767.75,2503,F1,65,,,,,
2026-06-18,2026-06-18,FO,NSE,IDO,44575,,NIFTY,,2026-07-07,2026-07-07,23300.0,PE,NIFTY2670723300PE,50.7,52.25,33.05,35.0,34.8,53.55,24168.0,35.0,111995,24895,4205,6379739639.0,3026,F1,65,,,,,
2026-06-18,2026-06-18,FO,NSE,IDO,44606,,NIFTY,,2026-07-07,2026-07-07,23700.0,PE,NIFTY2670723700PE,120.0,123.45,78.05,81.4,79.75,122.25,24168.0,81.4,114465,76375,4098,6339763124.5,3074,F1,65,,,,,
2026-06-18,2026-06-18,FO,NSE,IDO,44663,,NIFTY,,2026-07-07,2026-07-07,24500.0,PE,NIFTY2670724500PE,477.95,517.55,398.0,407.5,398.95,489.3,24168.0,407.5,34450,4420,496,804485041.75,395,F1,65,,,,,
2026-06-18,2026-06-18,FO,NSE,IDO,44675,,NIFTY,,2026-07-07,2026-07-07,24800.0,PE,NIFTY2670724800PE,701.0,701.0,618.55,622.25,624.55,1301.15,24168.0,622.25,455,455,8,13240721.0,7,F1,65,,,,,
2026-06-18,2026-06-18,FO,NSE,IDO,44693,,NIFTY,,2026-07-07,2026-07-07,25200.0,PE,NIFTY2670725200PE,1085.35,1100.0,1085.35,1100.0,1100.0,1125.0,24168.0,1034.15,65,65,2,3418047.75,2,F1,65,,,,,
2026-06-18,2026-06-18,FO,NSE,IDO,44723,,NIFTY,,2026-07-07,2026-07-07,25750.0,PE,NIFTY2670725750PE,0.0,0.0,0.0,2147.65,0.0,2147.65,24168.0,1525.95,0,0,0,0.0,0,F1,65,,,,,
2026-06-18,2026-06-18,FO,NSE,IDO,51242,,NIFTY,,2026-07-14,2026-07-14,22000.0,PE,NIFTY2671422000PE,10.9,10.9,8.75,9.7,9.4,12.6,24168.0,9.7,32760,14560,392,560804247.25,186,F1,65,,,,,
2026-06-18,2026-06-18,FO,NSE,IDO,51294,,NIFTY,,2026-07-14,2026-07-14,22700.0,PE,NIFTY2671422700PE,27.0,27.8,22.0,22.3,22.75,28.45,24168.0,22.3,7475,1105,104,153618656.75,65,F1,65,,,,,
2026-06-18,2026-06-18,FO,NSE,IDO,51340,,NIFTY,,2026-07-14,2026-07-14,23300.0,PE,NIFTY2671423300PE,80.0,80.0,55.75,57.5,56.0,80.2,24168.0,57.5,12220,2925,289,438904791.0,170,F1,65,,,,,
2026-06-18,2026-06-18,FO,NSE,IDO,51378,,NIFTY,,2026-07-14,2026-07-14,24150.0,PE,NIFTY2671424150PE,318.15,333.8,248.4,258.75,249.2,317.7,24168.0,258.75,5850,2925,208,330415988.5,164,F1,65,,,,,
2026-06-18,2026-06-18,FO,NSE,IDO,51430,,NIFTY,,2026-07-14,2026-07-14,25050.0,PE,NIFTY2671425050PE,0.0,0.0,0.0,1720.7,0.0,1720.7,24168.0,936.95,0,0,0,0.0,0,F1,65,,,,,
2026-06-18,2026-06-18,FO,NSE,IDO,51506,,NIFTY,,2026-07-14,2026-07-14,26150.0,PE,NIFTY2671426150PE,0.0,0.0,0.0,2763.6,0.0,2763.6,24168.0,1892.85,0,0,0,0.0,0,F1,65,,,,,
2026-06-18,2026-06-18,FO,NSE,IDO,57276,,NIFTY,,2026-07-21,2026-07-21,22400.0,PE,NIFTY2672122400PE,25.25,25.25,22.3,22.85,22.3,46.3,24168.0,22.85,260,260,4,5830119.75,4,F1,65,,,,,
2026-06-18,2026-06-18,FO,NSE,IDO,57393,,NIFTY,,2026-07-21,2026-07-21,24950.0,PE,NIFTY2672124950PE,0.0,0.0,0.0,1025.45,0.0,1025.45,24168.0,882.55,0,0,0,0.0,0,F1,65,,,,,
2026-06-18,2026-06-18,FO,NSE,IDO,57447,,NIFTY,,2026-07-21,2026-07-21,25750.0,PE,NIFTY2672125750PE,0.0,0.0,0.0,1681.65,0.0,1681.65,24168.0,1514.35,0,0,0,0.0,0,F1,65,,,,,
2026-06-18,2026-06-18,FO,NSE,IDO,63820,,NIFTY,,2026-07-28,2026-07-28,21300.0,PE,NIFTY26JUL21300PE,13.0,17.25,11.2,13.3,14.85,13.65,24168.0,13.3,14950,-8710,337,466872458.0,157,F1,65,,,,,
2026-06-18,2026-06-18,FO,NSE,IDO,63826,,NIFTY,,2026-07-28,2026-07-28,21400.0,PE,NIFTY26JUL21400PE,14.05,15.4,12.7,14.65,15.4,15.1,24168.0,14.65,23530,-2925,107,148931669.25,63,F1,65,,,,,
2026-06-18,2026-06-18,FO,NSE,IDO,63843,,NIFTY,,2026-07-28,2026-07-28,21700.0,PE,NIFTY26JUL21700PE,18.2,18.2,16.0,17.2,17.4,19.4,24168.0,17.2,45305,-4355,257,362782465.5,133,F1,65,,,,,
2026-06-18,2026-06-18,FO,NSE,IDO,63882,,NIFTY,,2026-07-28,2026-07-28,22650.0,PE,NIFTY26JUL22650PE,49.85,51.5,41.85,42.75,43.4,55.45,24168.0,42.75,19305,4615,598,882162336.25,260,F1,65,,,,,
2026-06-18,2026-06-18,FO,NSE,IDO,63896,,NIFTY,,2026-07-28,2026-07-28,23000.0,PE,NIFTY26JUL23000PE,85.0,87.15,65.85,67.4,66.65,87.75,24168.0,67.4,2307760,-17225,22160,33236225912.5,13919,F1,65,,,,,
2026-06-18,2026-06-18,FO,NSE,IDO,63908,,NIFTY,,2026-07-28,2026-07-28,23300.0,PE,NIFTY26JUL23300PE,120.05,130.95,99.1,101.15,99.5,129.85,24168.0,101.15,304005,26260,6270,9542369879.25,4087,F1,65,,,,,
2026-06-18,2026-06-18,FO,NSE,IDO,63910,,NIFTY,,2026-07-28,2026-07-28,23350.0,PE,NIFTY26JUL23350PE,137.05,137.55,105.55,107.15,106.5,140.3,24168.0,107.15,34645,195,194,295959891.5,148,F1,65,,,,,
2026-06-18,2026-06-18,FO,NSE,IDO,63926,,NIFTY,,2026-07-28,2026-07-28,23700.0,PE,NIFTY26JUL23700PE,202.65,225.0,171.0,176.3,171.85,220.5,24168.0,176.3,218920,54730,4288,6659599557.0,2889,F1,65,,,,,
2026-06-18,2026-06-18,FO,NSE,IDO,63928,,NIFTY,,2026-07-28,2026-07-28,23750.0,PE,NIFTY26JUL23750PE,232.95,235.25,183.0,186.2,185.05,234.65,24168.0,186.2,12610,3315,246,383056927.5,201,F1,65,,,,,
2026-06-18,2026-06-18,FO,NSE,IDO,63940,,NIFTY,,2026-07-28,2026-07-28,24000.0,PE,NIFTY26JUL24000PE,315.0,333.25,257.6,264.85,260.0,316.85,24168.0,264.85,1637675,113425,26554,41933535484.75,18453,F1,65,,,,,
2026-06-18,2026-06-18,FO,NSE,IDO,63956,,NIFTY,,2026-07-28,2026-07-28,24400.0,PE,NIFTY26JUL24400PE,466.35,527.55,422.15,430.5,423.95,497.8,24168.0,430.5,111280,12805,622,1005202763.5,492,F1,65,,,,,
2026-06-18,2026-06-18,FO,NSE,IDO,55699,,NIFTY,,2030-12-31,2030-12-31,18000.0,PE,NIFTY30DEC18000PE,0.0,0.0,0.0,32.3,0.0,32.3,24168.0,141.65,0,0,0,0.0,0,F1,65,,,,,
2026-06-18,2026-06-18,FO,NSE,IDO,60939,,NIFTY,,2030-06-25,2030-06-25,30000.0,PE,NIFTY30JUN30000PE,0.0,0.0,0.0,2100.85,0.0,2100.85,24168.0,2661.6,0,0,0,0.0,0,F1,65,,,,,
2026-06-18,2026-06-18,FO,NSE,IDO,60911,,NIFTY,,2030-06-25,2030-06-25,27000.0,PE,NIFTY30JUN27000PE,0.0,0.0,0.0,1286.05,0.0,1286.05,24168.0,1626.4,0,0,0,0.0,0,F1,65,,,,,
2026-06-18,2026-06-18,FO,NSE,IDO,55645,,NIFTY,,2030-06-25,2030-06-25,22500.0,PE,NIFTY30JUN22500PE,0.0,0.0,0.0,223.75,0.0,223.75,24168.0,601.6,0,0,0,0.0,0,F1,65,,,,,
2026-06-18,2026-06-18,FO,NSE,IDO,47198,,NIFTY,,2028-12-26,2028-12-26,33000.0,CE,NIFTY28DEC33000CE,0.0,0.0,0.0,2477.5,0.0,2477.5,24168.0,1337.0,0,0,0,0.0,0,F1,65,,,,,
2026-06-18,2026-06-18,FO,NSE,IDO,55518,,NIFTY,,2028-12-26,2028-12-26,19500.0,CE,NIFTY28DEC19500CE,0.0,0.0,0.0,9716.4,0.0,9716.4,24168.0,7874.2,0,0,0,0.0,0,F1,65,,,,,
2026-06-18,2026-06-18,FO,NSE,IDO,61897,,NIFTY,,2026-08-25,2026-08-25,25000.0,CE,NIFTY26AUG25000CE,231.95,259.8,223.0,254.3,259.0,232.55,24168.0,254.3,529035,-31135,4719,7742513668.5,3432,F1,65,,,,,
2026-06-18,2026-06-18,FO,NSE,IDO,61994,,NIFTY,,2026-08-25,2026-08-25,25750.0,CE,NIFTY26AUG25750CE,0.0,0.0,0.0,315.3,0.0,315.3,24168.0,268.7,0,0,0,0.0,0,F1,65,,,,,
2026-06-18,2026-06-18,FO,NSE,IDO,58636,,NIFTY,,2026-12-29,2026-12-29,16000.0,CE,NIFTY26DEC16000CE,0.0,0.0,0.0,6200.0,6200.0,6200.0,24168.0,8722.15,50,0,0,0.0,0,F1,65,,,,,
2026-06-18,2026-06-18,FO,NSE,IDO,55326,,NIFTY,,2026-12-29,2026-12-29,22500.0,CE,NIFTY26DEC22500CE,2560.0,2670.55,2540.0,2643.35,2636.8,2554.15,24168.0,2643.35,8905,-455,27,44109026.0,14,F1,65,,,,,
2026-06-18,2026-06-18,FO,NSE,IDO,55376,,NIFTY,,2027-06-29,2027-06-29,25500.0,CE,NIFTY27JUN25500CE,0.0,0.0,0.0,3312.45,0.0,3312.45,24168.0,1847.45,0,0,0,0.0,0,F1,65,,,,,
2026-06-18,2026-06-18,FO,NSE,IDO,47192,,NIFTY,,2027-06-29,2027-06-29,33000.0,CE,NIFTY27JUN33000CE,0.0,0.0,0.0,1122.75,0.0,1122.75,24168.0,176.4,0,0,0,0.0,0,F1,65,,,,,
2026-06-18,2026-06-18,FO,NSE,IDO,47194,,NIFTY,,2027-12-28,2027-12-28,33000.0,CE,NIFTY27DEC33000CE,0.0,0.0,0.0,250.0,250.0,250.0,24168.0,483.6,1625,0,0,0.0,0,F1,65,,,,,
2026-06-18,2026-06-18,FO,NSE,IDO,55470,,NIFTY,,2028-06-27,2028-06-27,19500.0,CE,NIFTY28JUN19500CE,0.0,0.0,0.0,9209.1,0.0,9209.1,24168.0,7291.55,0,0,0,0.0,0,F1,65,,,,,
2026-06-18,2026-06-18,FO,NSE,IDO,55528,,NIFTY,,2028-12-26,2028-12-26,34500.0,CE,NIFTY28DEC34500CE,0.0,0.0,0.0,1432.8,0.0,1432.8,24168.0,1048.5,0,0,0,0.0,0,F1,65,,,,,
2026-06-18,2026-06-18,FO,NSE,IDO,89612,,NIFTY,,2029-06-26,2029-06-26,18000.0,CE,NIFTY29JUN18000CE,0.0,0.0,0.0,11678.65,0.0,11678.65,24168.0,9552.3,0,0,0,0.0,0,F1,65,,,,,
2026-06-18,2026-06-18,FO,NSE,IDO,89624,,NIFTY,,2029-06-26,2029-06-26,21000.0,CE,NIFTY29JUN21000CE,0.0,0.0,0.0,9799.75,0.0,9799.75,24168.0,7366.25,0,0,0,0.0,0,F1,65,,,,,
2026-06-18,2026-06-18,FO,NSE,IDO,89648,,NIFTY,,2029-06-26,2029-06-26,33000.0,CE,NIFTY29JUN33000CE,0.0,0.0,0.0,4179.45,0.0,4179.45,24168.0,1824.3,0,0,0,0.0,0,F1,65,,,,,
2026-06-18,2026-06-18,FO,NSE,IDO,55598,,NIFTY,,2029-12-24,2029-12-24,16500.0,CE,NIFTY29DEC16500CE,0.0,0.0,0.0,12984.85,0.0,12984.85,24168.0,11164.35,0,0,0,0.0,0,F1,65,,,,,
2026-06-18,2026-06-18,FO,NSE,IDO,55606,,NIFTY,,2029-12-24,2029-12-24,28500.0,CE,NIFTY29DEC28500CE,0.0,0.0,0.0,4802.1,0.0,4802.1,24168.0,3857.7,0,0,0,0.0,0,F1,65,,,,,
2026-06-18,2026-06-18,FO,NSE,IDO,60886,,NIFTY,,2030-06-25,2030-06-25,15000.0,CE,NIFTY30JUN15000CE,0.0,0.0,0.0,14543.9,0.0,14543.9,24168.0,12710.15,0,0,0,0.0,0,F1,65,,,,,
2026-06-18,2026-06-18,FO,NSE,IDO,60892,,NIFTY,,2030-06-25,2030-06-25,18000.0,CE,NIFTY30JUN18000CE,0.0,0.0,0.0,12423.9,0.0,12423.9,24168.0,10516.3,0,0,0,0.0,0,F1,65,,,,,
2026-06-18,2026-06-18,FO,NSE,IDO,55650,,NIFTY,,2030-06-25,2030-06-25,31500.0,CE,NIFTY30JUN31500CE,0.0,0.0,0.0,3984.8,0.0,3984.8,24168.0,3321.3,0,0,0,0.0,0,F1,65,,,,,
2026-06-18,2026-06-18,FO,NSE,IDO,55694,,NIFTY,,2030-12-31,2030-12-31,15000.0,CE,NIFTY30DEC15000CE,0.0,0.0,0.0,14862.95,0.0,14862.95,24168.0,13102.4,0,0,0,0.0,0,F1,65,,,,,
2026-06-18,2026-06-18,FO,NSE,IDO,55696,,NIFTY,,2030-12-31,2030-12-31,16500.0,CE,NIFTY30DEC16500CE,0.0,0.0,0.0,13763.55,0.0,13763.55,24168.0,12031.8,0,0,0,0.0,0,F1,65,,,,,
2026-06-18,2026-06-18,FO,NSE,IDO,55760,,NIFTY,,2030-12-31,2030-12-31,28500.0,CE,NIFTY30DEC28500CE,0.0,0.0,0.0,5968.3,0.0,5968.3,24168.0,5044.1,0,0,0,0.0,0,F1,65,,,,,
2026-06-18,2026-06-18,FO,NSE,IDO,56191,,NIFTY,,2026-06-23,2026-06-23,21650.0,PE,NIFTY2662321650PE,1.7,1.8,0.75,0.95,0.85,1.55,24168.0,0.95,32305,3770,1895,2666884168.0,990,F1,65,,,,,
2026-06-18,2026-06-18,FO,NSE,IDO,56195,,NIFTY,,2026-06-23,2026-06-23,21700.0,PE,NIFTY2662321700PE,1.5,5.0,0.85,1.0,0.85,1.6,24168.0,1.0,282880,23140,16430,23175759919.0,4467,F1,65,,,,,
2026-06-18,2026-06-18,FO,NSE,IDO,56241,,NIFTY,,2026-06-23,2026-06-23,22300.0,PE,NIFTY2662322300PE,2.15,2.2,1.1,1.3,1.25,2.0,24168.0,1.3,468390,-244920,37192,53913226471.0,11239,F1,65,,,,,
2026-06-18,2026-06-18,FO,NSE,IDO,56253,,NIFTY,,2026-06-23,2026-06-23,22550.0,PE,NIFTY2662322550PE,2.15,2.55,1.35,1.55,1.35,2.7,24168.0,1.55,403715,-68575,29915,43851200006.25,6266,F1,65,,,,,
2026-06-18,2026-06-18,FO,NSE,IDO,56304,,NIFTY,,2026-06-23,2026-06-23,23400.0,PE,NIFTY2662323400PE,8.8,10.1,4.2,4.7,4.3,11.2,24168.0,4.7,6567535,2706470,475868,723968482500.25,102022,F1,65,,,,,
2026-06-18,2026-06-18,FO,NSE,IDO,56321,,NIFTY,,2026-06-23,2026-06-23,23500.0,PE,NIFTY2662323500PE,16.4,16.4,5.05,5.65,5.1,15.65,24168.0,5.65,7701720,2319590,746115,1140067442930.0,160514,F1,65,,,,,
2026-06-18,2026-06-18,FO,NSE,IDO,56381,,NIFTY,,2026-06-23,2026-06-23,24150.0,PE,NIFTY2662324150PE,187.6,211.6,93.05,102.7,98.05,188.7,24168.0,102.7,2512510,1935440,926786,1463613863572.25,599086,F1,65,,,,,
2026-06-18,2026-06-18,FO,NSE,IDO,56507,,NIFTY,,2026-06-23,2026-06-23,26200.0,PE,NIFTY2662326200PE,0.0,0.0,0.0,2452.7,0.0,2452.7,24168.0,2009.9,0,0,0,0.0,0,F1,65,,,,,
2026-06-18,2026-06-18,FO,NSE,IDO,56511,,NIFTY,,2026-06-23,2026-06-23,26300.0,PE,NIFTY2662326300PE,2180.0,2185.0,2060.45,2100.35,2103.2,2315.0,24168.0,2100.35,2210,1495,23,42527426.5,14,F1,65,,,,,
2026-06-18,2026-06-18,FO,NSE,IDO,79384,,NIFTY,,2026-06-30,2026-06-30,20400.0,PE,NIFTY26JUN20400PE,2.7,2.7,1.65,1.95,1.8,2.3,24168.0,1.95,13000,-1105,135,179028148.0,105,F1,65,,,,,
2026-06-18,2026-06-18,FO,NSE,IDO,79414,,NIFTY,,2026-06-30,2026-06-30,20700.0,PE,NIFTY26JUN20700PE,2.05,3.25,1.8,2.1,1.8,2.45,24168.0,2.1,10140,-325,254,341795574.25,174,F1,65,,,,,
2026-06-18,2026-06-18,FO,NSE,IDO,79442,,NIFTY,,2026-06-30,2026-06-30,20800.0,PE,NIFTY26JUN20800PE,3.1,3.3,1.75,2.3,1.75,2.8,24168.0,2.3,56485,-650,393,531400717.25,280,F1,65,,,,,
2026-06-18,2026-06-18,FO,NSE,IDO,51455,,NIFTY,,2026-06-30,2026-06-30,21000.0,PE,NIFTY26JUN21000PE,3.25,3.4,2.55,2.8,2.55,3.25,24168.0,2.8,2494505,15600,13380,18266211788.5,4347,F1,65,,,,,
2026-06-18,2026-06-18,FO,NSE,IDO,79471,,NIFTY,,2026-06-30,2026-06-30,21450.0,PE,NIFTY26JUN21450PE,3.1,4.65,2.6,3.25,2.7,3.9,24168.0,3.25,12675,-2795,232,323513879.0,166,F1,65,,,,,
2026-06-18,2026-06-18,FO,NSE,IDO,79485,,NIFTY,,2026-06-30,2026-06-30,21800.0,PE,NIFTY26JUN21800PE,3.75,5.4,3.15,3.9,3.55,4.5,24168.0,3.9,345605,17095,6664,9444508628.75,2816,F1,65,,,,,
2026-06-18,2026-06-18,FO,NSE,IDO,79531,,NIFTY,,2026-06-30,2026-06-30,22600.0,PE,NIFTY26JUN22600PE,8.95,8.95,5.55,6.1,6.0,8.5,24168.0,6.1,331760,-65000,10924,16051729619.25,5510,F1,65,,,,,
2026-06-18,2026-06-18,FO,NSE,IDO,79539,,NIFTY,,2026-06-30,2026-06-30,22800.0,PE,NIFTY26JUN22800PE,10.0,10.05,6.5,7.35,7.2,11.35,24168.0,7.35,817440,-270465,30381,45039696224.25,13416,F1,65,,,,,
2026-06-18,2026-06-18,FO,NSE,IDO,79564,,NIFTY,,2026-06-30,2026-06-30,23150.0,PE,NIFTY26JUN23150PE,17.7,19.0,11.1,12.1,12.4,21.1,24168.0,12.1,162760,16250,5276,7943963105.0,3774,F1,65,,,,,
2026-06-18,2026-06-18,FO,NSE,IDO,79566,,NIFTY,,2026-06-30,2026-06-30,23200.0,PE,NIFTY26JUN23200PE,24.0,24.6,12.1,13.1,13.05,22.95,24168.0,13.1,2124395,280540,57132,86210257198.0,29694,F1,65,,,,,
2026-06-18,2026-06-18,FO,NSE,IDO,79704,,NIFTY,,2026-06-30,2026-06-30,23600.0,PE,NIFTY26JUN23600PE,65.6,65.6,32.6,34.4,33.95,63.7,24168.0,34.4,2476890,115700,59500,91445787878.25,36821,F1,65,,,,,
2026-06-18,2026-06-18,FO,NSE,IDO,79755,,NIFTY,,2026-06-30,2026-06-30,24550.0,PE,NIFTY26JUN24550PE,493.0,543.0,409.9,414.9,410.65,510.75,24168.0,414.9,13195,2860,82,133223213.5,73,F1,65,,,,,
2026-06-18,2026-06-18,FO,NSE,IDO,50976,,NIFTY,,2026-06-30,2026-06-30,27000.0,PE,NIFTY26JUN27000PE,2900.0,2953.65,2799.0,2809.55,2799.3,2900.0,24168.0,2809.55,3125400,-8255,808,1569372346.75,764,F1,65,,,,,
2026-06-18,2026-06-18,FO,NSE,IDO,44549,,NIFTY,,2026-07-07,2026-07-07,22800.0,PE,NIFTY2670722800PE,19.45,19.45,12.75,13.75,14.2,20.8,24168.0,13.75,66560,-9750,1423,2110282934.5,967,F1,65,,,,,
2026-06-18,2026-06-18,FO,NSE,IDO,44703,,NIFTY,,2026-07-07,2026-07-07,25450.0,PE,NIFTY2670725450PE,0.0,0.0,0.0,1868.5,0.0,1868.5,24168.0,1251.05,0,0,0,0.0,0,F1,65,,,,,
2026-06-18,2026-06-18,FO,NSE,IDO,44719,,NIFTY,,2026-07-07,2026-07-07,25650.0,PE,NIFTY2670725650PE,0.0,0.0,0.0,2053.75,0.0,2053.75,24168.0,1432.9,0,0,0,0.0,0,F1,65,,,,,
2026-06-18,2026-06-18,FO,NSE,IDO,51226,,NIFTY,,2026-07-14,2026-07-14,21650.0,PE,NIFTY2671421650PE,0.0,0.0,0.0,10.0,10.0,10.0,24168.0,2.15,65,0,0,0.0,0,F1,65,,,,,
2026-06-18,2026-06-18,FO,NSE,IDO,51247,,NIFTY,,2026-07-14,2026-07-14,22050.0,PE,NIFTY2671422050PE,11.8,11.8,11.25,11.25,11.25,14.45,24168.0,11.25,910,130,2,2867998.25,2,F1,65,,,,,
2026-06-18,2026-06-18,FO,NSE,IDO,51278,,NIFTY,,2026-07-14,2026-07-14,22400.0,PE,NIFTY2671422400PE,18.05,18.05,15.55,15.55,15.55,18.95,24168.0,15.55,1365,-585,19,27685505.25,12,F1,65,,,,,
2026-06-18,2026-06-18,FO,NSE,IDO,51350,,NIFTY,,2026-07-14,2026-07-14,23550.0,PE,NIFTY2671423550PE,119.55,119.55,86.2,86.2,86.2,196.5,24168.0,86.2,780,0,7,10763626.25,7,F1,65,,,,,
2026-06-18,2026-06-18,FO,NSE,IDO,51482,,NIFTY,,2026-07-14,2026-07-14,25650.0,PE,NIFTY2671425650PE,0.0,0.0,0.0,2279.7,0.0,2279.7,24168.0,1433.4,0,0,0,0.0,0,F1,65,,,,,
2026-06-18,2026-06-18,FO,NSE,IDO,57326,,NIFTY,,2026-07-21,2026-07-21,23650.0,PE,NIFTY2672123650PE,0.0,0.0,0.0,302.95,0.0,302.95,24168.0,230.1,0,0,0,0.0,0,F1,65,,,,,
2026-06-18,2026-06-18,FO,NSE,IDO,57357,,NIFTY,,2026-07-21,2026-07-21,24400.0,PE,NIFTY2672124400PE,0.0,0.0,0.0,659.1,0.0,659.1,24168.0,542.85,0,0,0,0.0,0,F1,65,,,,,
2026-06-18,2026-06-18,FO,NSE,IDO,57362,,NIFTY,,2026-07-21,2026-07-21,24500.0,PE,NIFTY2672124500PE,488.95,499.0,466.55,470.35,466.6,719.45,24168.0,470.35,130,130,6,9743028.75,6,F1,65,,,,,
2026-06-18,2026-06-18,FO,NSE,IDO,57364,,NIFTY,,2026-07-21,2026-07-21,24550.0,PE,NIFTY2672124550PE,0.0,0.0,0.0,750.75,0.0,750.75,24168.0,626.5,0,0,0,0.0,0,F1,65,,,,,
2026-06-18,2026-06-18,FO,NSE,IDO,57374,,NIFTY,,2026-07-21,2026-07-21,24750.0,PE,NIFTY2672124750PE,0.0,0.0,0.0,882.8,0.0,882.8,24168.0,748.75,0,0,0,0.0,0,F1,65,,,,,
2026-06-18,2026-06-18,FO,NSE,IDO,57399,,NIFTY,,2026-07-21,2026-07-21,25100.0,PE,NIFTY2672125100PE,0.0,0.0,0.0,1139.0,0.0,1139.0,24168.0,989.95,0,0,0,0.0,0,F1,65,,,,,
2026-06-18,2026-06-18,FO,NSE,IDO,57408,,NIFTY,,2026-07-21,2026-07-21,25250.0,PE,NIFTY2672125250PE,0.0,0.0,0.0,1257.35,0.0,1257.35,24168.0,1103.25,0,0,0,0.0,0,F1,65,,,,,
2026-06-18,2026-06-18,FO,NSE,IDO,57410,,NIFTY,,2026-07-21,2026-07-21,25300.0,PE,NIFTY2672125300PE,0.0,0.0,0.0,1297.8,0.0,1297.8,24168.0,1142.1,0,0,0,0.0,0,F1,65,,,,,
2026-06-18,2026-06-18,FO,NSE,IDO,63866,,NIFTY,,2026-07-28,2026-07-28,22250.0,PE,NIFTY26JUL22250PE,28.4,30.9,26.35,27.45,28.0,33.3,24168.0,27.45,10855,-520,54,78197808.0,34,F1,65,,,,,
2026-06-18,2026-06-18,FO,NSE,IDO,63876,,NIFTY,,2026-07-28,2026-07-28,22500.0,PE,NIFTY26JUL22500PE,43.0,44.35,33.5,34.7,34.05,45.3,24168.0,34.7,1364155,424320,23223,34020569823.5,13686,F1,65,,,,,
2026-06-18,2026-06-18,FO,NSE,IDO,63914,,NIFTY,,2026-07-28,2026-07-28,23450.0,PE,NIFTY26JUL23450PE,158.3,161.25,122.3,124.05,122.3,159.65,24168.0,124.05,12675,2145,163,249923453.0,126,F1,65,,,,,
2026-06-18,2026-06-18,FO,NSE,IDO,63936,,NIFTY,,2026-07-28,2026-07-28,23900.0,PE,NIFTY26JUL23900PE,265.9,291.65,224.8,229.25,225.6,281.35,24168.0,229.25,158145,-12610,3498,5491214261.0,2612,F1,65,,,,,
2026-06-18,2026-06-18,FO,NSE,IDO,63944,,NIFTY,,2026-07-28,2026-07-28,24100.0,PE,NIFTY26JUL24100PE,358.0,375.0,292.4,297.45,294.1,356.85,24168.0,297.45,158015,69810,5256,8344401997.75,3655,F1,65,,,,,
2026-06-18,2026-06-18,FO,NSE,IDO,63992,,NIFTY,,2026-07-28,2026-07-28,25250.0,PE,NIFTY26JUL25250PE,0.0,0.0,0.0,1350.35,1350.35,1350.35,24168.0,1120.15,65,0,0,0.0,0,F1,65,,,,,
2026-06-18,2026-06-18,FO,NSE,IDO,63999,,NIFTY,,2026-07-28,2026-07-28,25400.0,PE,NIFTY26JUL25400PE,0.0,0.0,0.0,1322.0,1322.0,1322.0,24168.0,1233.35,845,0,0,0.0,0,F1,65,,,,,
2026-06-18,2026-06-18,FO,NSE,IDO,64044,,NIFTY,,2026-07-28,2026-07-28,26250.0,PE,NIFTY26JUL26250PE,0.0,0.0,0.0,2111.7,0.0,2111.7,24168.0,1953.6,0,0,0,0.0,0,F1,65,,,,,
2026-06-18,2026-06-18,FO,NSE,IDO,61208,,NIFTY,,2026-08-25,2026-08-25,21450.0,PE,NIFTY26AUG21450PE,30.95,30.95,30.95,30.95,30.95,35.0,24168.0,25.55,260,-65,1,1396261.75,1,F1,65,,,,,
2026-06-18,2026-06-18,FO,NSE,IDO,61343,,NIFTY,,2026-08-25,2026-08-25,21800.0,PE,NIFTY26AUG21800PE,48.0,48.0,41.35,43.2,43.4,48.0,24168.0,43.2,3445,-260,15,21298621.5,14,F1,65,,,,,
2026-06-18,2026-06-18,FO,NSE,IDO,61365,,NIFTY,,2026-08-25,2026-08-25,22150.0,PE,NIFTY26AUG22150PE,62.9,66.0,53.45,54.15,53.5,69.85,24168.0,54.15,11505,-5460,131,189089985.5,67,F1,65,,,,,
2026-06-18,2026-06-18,FO,NSE,IDO,61446,,NIFTY,,2026-08-25,2026-08-25,23200.0,PE,NIFTY26AUG23200PE,184.95,185.0,152.0,157.15,152.15,185.85,24168.0,157.15,49920,20865,759,1152796599.5,545,F1,65,,,,,
2026-06-18,2026-06-18,FO,NSE,IDO,61492,,NIFTY,,2026-08-25,2026-08-25,23400.0,PE,NIFTY26AUG23400PE,220.0,229.0,186.0,189.15,186.45,226.2,24168.0,189.15,14040,2340,263,403483226.25,213,F1,65,,,,,
2026-06-18,2026-06-18,FO,NSE,IDO,61514,,NIFTY,,2026-08-25,2026-08-25,23550.0,PE,NIFTY26AUG23550PE,243.6,262.75,239.5,239.5,239.5,262.75,24168.0,338.85,5460,-260,11,17014981.75,9,F1,65,,,,,
2026-06-18,2026-06-18,FO,NSE,IDO,61733,,NIFTY,,2026-08-25,2026-08-25,24450.0,PE,NIFTY26AUG24450PE,0.0,0.0,0.0,720.15,720.15,720.15,24168.0,705.1,195,0,0,0.0,0,F1,65,,,,,
2026-06-18,2026-06-18,FO,NSE,IDO,61914,,NIFTY,,2026-08-25,2026-08-25,25100.0,PE,NIFTY26AUG25100PE,1012.1,1012.1,1012.1,1012.1,1012.1,1079.7,24168.0,1077.9,260,65,1,1697286.5,1,F1,65,,,,,
2026-06-18,2026-06-18,FO,NSE,IDO,62056,,NIFTY,,2026-08-25,2026-08-25,26200.0,PE,NIFTY26AUG26200PE,0.0,0.0,0.0,2122.9,0.0,2122.9,24168.0,1889.25,0,0,0,0.0,0,F1,65,,,,,
2026-06-18,2026-06-18,FO,NSE,IDO,65888,,NIFTY,,2026-09-29,2026-09-29,18000.0,PE,NIFTY26SEP18000PE,21.0,21.6,18.3,19.25,19.8,21.05,24168.0,19.25,494195,9555,835,978026513.75,314,F1,65,,,,,
2026-06-18,2026-06-18,FO,NSE,IDO,55325,,NIFTY,,2026-12-29,2026-12-29,19500.0,PE,NIFTY26DEC19500PE,74.5,77.0,66.5,68.95,68.45,76.4,24168.0,68.95,64610,2080,370,470675780.25,284,F1,65,,,,,
2026-06-18,2026-06-18,FO,NSE,IDO,71504,,NIFTY,,2026-12-29,2026-12-29,25000.0,PE,NIFTY26DEC25000PE,935.75,962.75,851.0,860.65,855.0,935.8,24168.0,860.65,1587000,68320,3368,5670756666.25,2741,F1,65,,,,,
2026-06-18,2026-06-18,FO,NSE,IDO,55331,,NIFTY,,2026-12-29,2026-12-29,28500.0,PE,NIFTY26DEC28500PE,0.0,0.0,0.0,1948.15,0.0,1948.15,24168.0,3596.7,0,0,0,0.0,0,F1,65,,,,,
2026-06-18,2026-06-18,FO,NSE,IDO,80275,,NIFTY,,2027-03-30,2027-03-30,25500.0,PE,NIFTY27MAR25500PE,0.0,0.0,0.0,2330.2,0.0,2330.2,24168.0,1485.7,0,0,0,0.0,0,F1,65,,,,,
2026-06-18,2026-06-18,FO,NSE,IDO,80310,,NIFTY,,2027-03-30,2027-03-30,30000.0,PE,NIFTY27MAR30000PE,0.0,0.0,0.0,5754.5,0.0,5754.5,24168.0,4600.9,0,0,0,0.0,0,F1,65,,,,,
2026-06-18,2026-06-18,FO,NSE,IDO,80312,,NIFTY,,2027-03-30,2027-03-30,31500.0,PE,NIFTY27MAR31500PE,0.0,0.0,0.0,7066.15,0.0,7066.15,24168.0,5891.0,0,0,0,0.0,0,F1,65,,,,,
2026-06-18,2026-06-18,FO,NSE,IDO,71541,,NIFTY,,2027-06-29,2027-06-29,15000.0,PE,NIFTY27JUN15000PE,0.0,0.0,0.0,1173.2,0.0,1173.2,24168.0,0.8,0,0,0,0.0,0,F1,65,,,,,
2026-06-18,2026-06-18,FO,NSE,IDO,71561,,NIFTY,,2027-06-29,2027-06-29,24000.0,PE,NIFTY27JUN24000PE,0.0,0.0,0.0,5056.2,0.0,5056.2,24168.0,889.2,0,0,0,0.0,0,F1,65,,,,,
2026-06-18,2026-06-18,FO,NSE,IDO,55381,,NIFTY,,2027-06-29,2027-06-29,31500.0,PE,NIFTY27JUN31500PE,0.0,0.0,0.0,3604.7,0.0,3604.7,24168.0,5553.9,0,0,0,0.0,0,F1,65,,,,,
2026-06-18,2026-06-18,FO,NSE,IDO,53595,,NIFTY,,2027-12-28,2027-12-28,15000.0,PE,NIFTY27DEC15000PE,0.0,0.0,0.0,39.0,39.0,39.0,24168.0,3.8,625,0,0,0.0,0,F1,65,,,,,
2026-06-18,2026-06-18,FO,NSE,IDO,53617,,NIFTY,,2027-12-28,2027-12-28,22000.0,PE,NIFTY27DEC22000PE,497.0,501.75,485.0,485.05,485.0,497.2,24168.0,485.05,23275,110,22,32166806.75,19,F1,65,,,,,
2026-06-18,2026-06-18,FO,NSE,IDO,86146,,NIFTY,,2028-06-27,2028-06-27,21000.0,PE,NIFTY28JUN21000PE,0.0,0.0,0.0,907.2,0.0,907.2,24168.0,335.95,0,0,0,0.0,0,F1,65,,,,,
2026-06-18,2026-06-18,FO,NSE,IDO,67785,,NIFTY,,2028-12-26,2028-12-26,25000.0,PE,NIFTY28DEC25000PE,0.0,0.0,0.0,1170.0,1170.0,1170.0,24168.0,1234.2,5685,0,0,0.0,0,F1,65,,,,,
2026-06-18,2026-06-18,FO,NSE,IDO,47199,,NIFTY,,2028-12-26,2028-12-26,33000.0,PE,NIFTY28DEC33000PE,0.0,0.0,0.0,3315.4,0.0,3315.4,24168.0,5080.3,0,0,0,0.0,0,F1,65,,,,,
2026-06-18,2026-06-18,FO,NSE,IDO,89625,,NIFTY,,2029-06-26,2029-06-26,21000.0,PE,NIFTY29JUN21000PE,0.0,0.0,0.0,320.25,0.0,320.25,24168.0,382.4,0,0,0,0.0,0,F1,65,,,,,
2026-06-18,2026-06-18,FO,NSE,IDO,55567,,NIFTY,,2029-06-26,2029-06-26,31500.0,PE,NIFTY29JUN31500PE,0.0,0.0,0.0,2443.35,0.0,2443.35,24168.0,3836.15,0,0,0,0.0,0,F1,65,,,,,
2026-06-18,2026-06-18,FO,NSE,IDO,55641,,NIFTY,,2030-06-25,2030-06-25,16500.0,PE,NIFTY30JUN16500PE,0.0,0.0,0.0,12.0,0.0,12.0,24168.0,69.1,0,0,0,0.0,0,F1,65,,,,,
2026-06-18,2026-06-18,FO,NSE,IDO,55643,,NIFTY,,2030-06-25,2030-06-25,19500.0,PE,NIFTY30JUN19500PE,0.0,0.0,0.0,64.95,0.0,64.95,24168.0,239.6,0,0,0,0.0,0,F1,65,,,,,
2026-06-18,2026-06-18,FO,NSE,IDO,60945,,NIFTY,,2030-06-25,2030-06-25,33000.0,PE,NIFTY30JUN33000PE,0.0,0.0,0.0,3143.9,0.0,3143.9,24168.0,3961.6,0,0,0,0.0,0,F1,65,,,,,
2026-06-18,2026-06-18,FO,NSE,IDO,61772,,NIFTY,,2026-08-25,2026-08-25,24550.0,CE,NIFTY26AUG24550CE,412.05,412.05,400.0,404.7,404.7,366.0,24168.0,676.0,1235,-130,5,8111073.75,5,F1,65,,,,,
2026-06-18,2026-06-18,FO,NSE,IDO,61593,,NIFTY,,2026-08-25,2026-08-25,24000.0,CE,NIFTY26AUG24000CE,699.95,752.4,657.05,738.25,748.0,694.5,24168.0,738.25,425490,12350,2639,4237654177.25,2193,F1,65,,,,,
2026-06-18,2026-06-18,FO,NSE,IDO,61530,,NIFTY,,2026-08-25,2026-08-25,23700.0,CE,NIFTY26AUG23700CE,879.95,947.75,860.05,947.75,947.75,888.0,24168.0,947.75,7020,-325,15,23978425.25,12,F1,65,,,,,
2026-06-18,2026-06-18,FO,NSE,IDO,61501,,NIFTY,,2026-08-25,2026-08-25,23550.0,CE,NIFTY26AUG23550CE,994.6,994.6,994.6,994.6,994.6,970.65,24168.0,1245.95,1040,0,1,1595399.0,1,F1,65,,,,,
2026-06-18,2026-06-18,FO,NSE,IDO,61459,,NIFTY,,2026-08-25,2026-08-25,23350.0,CE,NIFTY26AUG23350CE,0.0,0.0,0.0,1035.0,1035.0,1035.0,24168.0,1386.05,1300,0,0,0.0,0,F1,65,,,,,
2026-06-18,2026-06-18,FO,NSE,IDO,61450,,NIFTY,,2026-08-25,2026-08-25,23250.0,CE,NIFTY26AUG23250CE,0.0,0.0,0.0,967.95,967.95,967.95,24168.0,1458.7,1300,0,0,0.0,0,F1,65,,,,,
2026-06-18,2026-06-18,FO,NSE,IDO,61436,,NIFTY,,2026-08-25,2026-08-25,23100.0,CE,NIFTY26AUG23100CE,1345.0,1345.0,1345.0,1345.0,1345.0,1345.0,24168.0,1569.9,2145,0,1,1588925.0,1,F1,65,,,,,
2026-06-18,2026-06-18,FO,NSE,IDO,61411,,NIFTY,,2026-08-25,2026-08-25,22750.0,CE,NIFTY26AUG22750CE,0.0,0.0,0.0,1400.4,1400.4,1400.4,24168.0,1846.4,65,0,0,0.0,0,F1,65,,,,,
2026-06-18,2026-06-18,FO,NSE,IDO,61350,,NIFTY,,2026-08-25,2026-08-25,21950.0,CE,NIFTY26AUG21950CE,0.0,0.0,0.0,2408.05,0.0,2408.05,24168.0,2541.45,0,0,0,0.0,0,F1,65,,,,,
2026-06-18,2026-06-18,FO,NSE,IDO,61344,,NIFTY,,2026-08-25,2026-08-25,21850.0,CE,NIFTY26AUG21850CE,0.0,0.0,0.0,2494.1,0.0,2494.1,24168.0,2633.05,0,0,0,0.0,0,F1,65,,,,,
2026-06-18,2026-06-18,FO,NSE,IDO,64027,,NIFTY,,2026-07-28,2026-07-28,26050.0,CE,NIFTY26JUL26050CE,17.0,18.2,14.7,17.55,17.65,15.25,24168.0,17.55,18005,6500,212,359196974.5,98,F1,65,,,,,
2026-06-18,2026-06-18,FO,NSE,IDO,64025,,NIFTY,,2026-07-28,2026-07-28,26000.0,CE,NIFTY26JUL26000CE,18.0,19.4,16.5,18.1,18.7,17.1,24168.0,18.1,1520935,125255,8978,15183076434.5,4709,F1,65,,,,,
2026-06-18,2026-06-18,FO,NSE,IDO,64013,,NIFTY,,2026-07-28,2026-07-28,25750.0,CE,NIFTY26JUL25750CE,27.15,29.9,23.4,28.55,29.45,25.9,24168.0,28.55,25415,-4810,650,1089107685.25,348,F1,65,,,,,
2026-06-18,2026-06-18,FO,NSE,IDO,63957,,NIFTY,,2026-07-28,2026-07-28,24450.0,CE,NIFTY26JUL24450CE,275.4,312.65,260.0,307.2,312.0,275.4,24168.0,307.2,15080,455,197,316733888.25,150,F1,65,,,,,
2026-06-18,2026-06-18,FO,NSE,IDO,63901,,NIFTY,,2026-07-28,2026-07-28,23150.0,CE,NIFTY26JUL23150CE,1150.0,1150.0,1120.3,1120.3,1120.3,1097.9,24168.0,1324.15,3380,-325,5,7895569.5,2,F1,65,,,,,
2026-06-18,2026-06-18,FO,NSE,IDO,63897,,NIFTY,,2026-07-28,2026-07-28,23050.0,CE,NIFTY26JUL23050CE,0.0,0.0,0.0,1220.0,1220.0,1220.0,24168.0,1405.0,1105,0,0,0.0,0,F1,65,,,,,
2026-06-18,2026-06-18,FO,NSE,IDO,63869,,NIFTY,,2026-07-28,2026-07-28,22350.0,CE,NIFTY26JUL22350CE,0.0,0.0,0.0,1421.75,1421.75,1421.75,24168.0,2018.25,195,0,0,0.0,0,F1,65,,,,,
2026-06-18,2026-06-18,FO,NSE,IDO,63838,,NIFTY,,2026-07-28,2026-07-28,21600.0,CE,NIFTY26JUL21600CE,0.0,0.0,0.0,2783.4,0.0,2783.4,24168.0,2732.7,0,0,0,0.0,0,F1,65,,,,,
2026-06-18,2026-06-18,FO,NSE,IDO,57443,,NIFTY,,2026-07-21,2026-07-21,25750.0,CE,NIFTY2672125750CE,0.0,0.0,0.0,72.45,0.0,72.45,24168.0,86.25,0,0,0,0.0,0,F1,65,,,,,
2026-06-18,2026-06-18,FO,NSE,IDO,57440,,NIFTY,,2026-07-21,2026-07-21,25700.0,CE,NIFTY2672125700CE,0.0,0.0,0.0,77.95,0.0,77.95,24168.0,92.8,0,0,0,0.0,0,F1,65,,,,,
2026-06-18,2026-06-18,FO,NSE,IDO,57331,,NIFTY,,2026-07-21,2026-07-21,23800.0,CE,NIFTY2672123800CE,567.0,610.0,567.0,600.2,600.2,689.8,24168.0,789.1,65,65,4,6342973.0,4,F1,65,,,,,
2026-06-18,2026-06-18,FO,NSE,IDO,57295,,NIFTY,,2026-07-21,2026-07-21,22900.0,CE,NIFTY2672122900CE,0.0,0.0,0.0,1332.6,0.0,1332.6,24168.0,1478.8,0,0,0,0.0,0,F1,65,,,,,
2026-06-18,2026-06-18,FO,NSE,IDO,51507,,NIFTY,,2026-07-14,2026-07-14,26200.0,CE,NIFTY2671426200CE,7.75,8.65,6.4,6.95,6.5,8.35,24168.0,6.95,6630,520,77,131168228.75,37,F1,65,,,,,
2026-06-18,2026-06-18,FO,NSE,IDO,51495,,NIFTY,,2026-07-14,2026-07-14,25900.0,CE,NIFTY2671425900CE,0.0,0.0,0.0,13.7,0.0,13.7,24168.0,40.75,0,0,0,0.0,0,F1,65,,,,,
2026-06-18,2026-06-18,FO,NSE,IDO,51483,,NIFTY,,2026-07-14,2026-07-14,25700.0,CE,NIFTY2671425700CE,13.25,13.8,12.0,13.4,13.35,13.95,24168.0,13.4,2470,1365,42,70196223.5,27,F1,65,,,,,
2026-06-18,2026-06-18,FO,NSE,IDO,51445,,NIFTY,,2026-07-14,2026-07-14,25300.0,CE,NIFTY2671425300CE,0.0,0.0,0.0,39.5,0.0,39.5,24168.0,113.1,0,0,0,0.0,0,F1,65,,,,,
2026-06-18,2026-06-18,FO,NSE,IDO,51441,,NIFTY,,2026-07-14,2026-07-14,25200.0,CE,NIFTY2671425200CE,0.0,0.0,0.0,46.55,0.0,46.55,24168.0,131.9,0,0,0,0.0,0,F1,65,,,,,
2026-06-18,2026-06-18,FO,NSE,IDO,51343,,NIFTY,,2026-07-14,2026-07-14,23400.0,CE,NIFTY2671423400CE,846.7,901.6,846.7,886.4,901.6,792.9,24168.0,886.4,520,-65,7,11047718.5,7,F1,65,,,,,
2026-06-18,2026-06-18,FO,NSE,IDO,51337,,NIFTY,,2026-07-14,2026-07-14,23250.0,CE,NIFTY2671423250CE,0.0,0.0,0.0,918.9,918.9,918.9,24168.0,1121.0,390,0,0,0.0,0,F1,65,,,,,
2026-06-18,2026-06-18,FO,NSE,IDO,51307,,NIFTY,,2026-07-14,2026-07-14,22950.0,CE,NIFTY2671422950CE,0.0,0.0,0.0,691.7,691.7,691.7,24168.0,1376.2,0,0,0,0.0,0,F1,65,,,,,
2026-06-18,2026-06-18,FO,NSE,IDO,51295,,NIFTY,,2026-07-14,2026-07-14,22750.0,CE,NIFTY2671422750CE,0.0,0.0,0.0,862.4,0.0,862.4,24168.0,1555.8,0,0,0,0.0,0,F1,65,,,,,
2026-06-18,2026-06-18,FO,NSE,IDO,51241,,NIFTY,,2026-07-14,2026-07-14,22000.0,CE,NIFTY2671422000CE,0.0,0.0,0.0,1446.95,0.0,1446.95,24168.0,2270.35,0,0,0,0.0,0,F1,65,,,,,
2026-06-18,2026-06-18,FO,NSE,IDO,44722,,NIFTY,,2026-07-07,2026-07-07,25750.0,CE,NIFTY2670725750CE,7.8,7.8,6.4,6.9,6.9,8.0,24168.0,6.9,1430,845,20,33483843.25,9,F1,65,,,,,
2026-06-18,2026-06-18,FO,NSE,IDO,44698,,NIFTY,,2026-07-07,2026-07-07,25350.0,CE,NIFTY2670725350CE,13.1,14.9,12.2,14.0,14.9,14.55,24168.0,14.0,2405,-130,48,79133658.5,30,F1,65,,,,,
2026-06-18,2026-06-18,FO,NSE,IDO,44696,,NIFTY,,2026-07-07,2026-07-07,25300.0,CE,NIFTY2670725300CE,16.0,17.3,13.3,16.35,17.1,16.2,24168.0,16.35,23530,2925,468,770088150.0,254,F1,65,,,,,
2026-06-18,2026-06-18,FO,NSE,IDO,44670,,NIFTY,,2026-07-07,2026-07-07,24700.0,CE,NIFTY2670724700CE,76.1,82.7,59.55,78.2,82.7,70.45,24168.0,78.2,96525,35295,3377,5437087493.5,2698,F1,65,,,,,
2026-06-18,2026-06-18,FO,NSE,IDO,44614,,NIFTY,,2026-07-07,2026-07-07,23850.0,CE,NIFTY2670723850CE,440.0,487.3,391.0,484.45,486.05,440.5,24168.0,484.45,6370,-3900,156,246189635.25,140,F1,65,,,,,
2026-06-18,2026-06-18,FO,NSE,IDO,44535,,NIFTY,,2026-07-07,2026-07-07,22500.0,CE,NIFTY2670722500CE,0.0,0.0,0.0,1503.25,1503.25,1503.25,24168.0,1750.0,65,0,0,0.0,0,F1,65,,,,,
2026-06-18,2026-06-18,FO,NSE,IDO,44520,,NIFTY,,2026-07-07,2026-07-07,22350.0,CE,NIFTY2670722350CE,0.0,0.0,0.0,1359.7,0.0,1359.7,24168.0,1895.85,0,0,0,0.0,0,F1,65,,,,,
2026-06-18,2026-06-18,FO,NSE,IDO,79842,,NIFTY,,2026-06-30,2026-06-30,25700.0,CE,NIFTY26JUN25700CE,4.1,5.05,3.1,3.35,3.45,4.65,24168.0,3.35,294385,16575,5878,9820574962.25,2992,F1,65,,,,,
2026-06-18,2026-06-18,FO,NSE,IDO,79813,,NIFTY,,2026-06-30,2026-06-30,25300.0,CE,NIFTY26JUN25300CE,9.4,9.4,5.85,6.8,7.4,8.7,24168.0,6.8,549250,202215,17355,28547904141.25,9579,F1,65,,,,,
2026-06-18,2026-06-18,FO,NSE,IDO,79807,,NIFTY,,2026-06-30,2026-06-30,25150.0,CE,NIFTY26JUN25150CE,10.35,10.9,7.9,9.55,10.0,11.4,24168.0,9.55,83070,12090,2341,3828374121.0,1480,F1,65,,,,,
2026-06-18,2026-06-18,FO,NSE,IDO,79768,,NIFTY,,2026-06-30,2026-06-30,24850.0,CE,NIFTY26JUN24850CE,24.6,24.6,16.4,21.6,23.0,24.0,24168.0,21.6,215540,111085,10910,17636375191.5,7361,F1,65,,,,,
2026-06-18,2026-06-18,FO,NSE,IDO,79754,,NIFTY,,2026-06-30,2026-06-30,24550.0,CE,NIFTY26JUN24550CE,57.65,66.1,43.7,60.65,66.1,59.5,24168.0,60.65,250835,37700,17556,28076560508.75,11448,F1,65,,,,,
2026-06-18,2026-06-18,FO,NSE,IDO,79746,,NIFTY,,2026-06-30,2026-06-30,24400.0,CE,NIFTY26JUN24400CE,90.05,109.5,71.3,101.7,106.9,93.85,24168.0,101.7,1252680,299715,48342,76952118906.0,31606,F1,65,,,,,
2026-06-18,2026-06-18,FO,NSE,IDO,79722,,NIFTY,,2026-06-30,2026-06-30,23900.0,CE,NIFTY26JUN23900CE,345.4,386.95,278.95,368.0,386.95,330.65,24168.0,368.0,863980,-244595,28131,44300955793.25,19686,F1,65,,,,,
2026-06-18,2026-06-18,FO,NSE,IDO,79709,,NIFTY,,2026-06-30,2026-06-30,23750.0,CE,NIFTY26JUN23750CE,424.15,503.45,387.25,495.65,499.95,435.75,24168.0,495.65,118105,-3835,715,1124406894.0,563,F1,65,,,,,
2026-06-18,2026-06-18,FO,NSE,IDO,79707,,NIFTY,,2026-06-30,2026-06-30,23700.0,CE,NIFTY26JUN23700CE,499.1,551.0,418.15,534.15,551.0,474.7,24168.0,534.15,641680,-33475,4429,6960783784.5,3247,F1,65,,,,,
2026-06-18,2026-06-18,FO,NSE,IDO,79532,,NIFTY,,2026-06-30,2026-06-30,22650.0,CE,NIFTY26JUN22650CE,0.0,0.0,0.0,1366.0,1366.0,1366.0,24168.0,1568.0,1365,0,0,0.0,0,F1,65,,,,,
2026-06-18,2026-06-18,FO,NSE,IDO,79486,,NIFTY,,2026-06-30,2026-06-30,21850.0,CE,NIFTY26JUN21850CE,0.0,0.0,0.0,1650.0,1650.0,1650.0,24168.0,2362.3,455,0,0,0.0,0,F1,65,,,,,
2026-06-18,2026-06-18,FO,NSE,IDO,79456,,NIFTY,,2026-06-30,2026-06-30,21150.0,CE,NIFTY26JUN21150CE,0.0,0.0,0.0,1919.45,1919.45,1919.45,24168.0,3060.8,65,0,0,0.0,0,F1,65,,,,,
2026-06-18,2026-06-18,FO,NSE,IDO,51453,,NIFTY,,2026-06-30,2026-06-30,21000.0,CE,NIFTY26JUN21000CE,3090.0,3200.0,3050.95,3177.75,3193.45,3087.35,24168.0,3177.75,656890,-13065,326,511286405.5,277,F1,65,,,,,
2026-06-18,2026-06-18,FO,NSE,IDO,79417,,NIFTY,,2026-06-30,2026-06-30,20750.0,CE,NIFTY26JUN20750CE,0.0,0.0,0.0,2077.7,0.0,2077.7,24168.0,3460.0,0,0,0,0.0,0,F1,65,,,,,
2026-06-18,2026-06-18,FO,NSE,IDO,79375,,NIFTY,,2026-06-30,2026-06-30,20200.0,CE,NIFTY26JUN20200CE,0.0,0.0,0.0,3089.25,3089.25,3089.25,24168.0,4008.9,130,0,0,0.0,0,F1,65,,,,,
2026-06-18,2026-06-18,FO,NSE,IDO,55181,,NIFTY,,2026-06-30,2026-06-30,16500.0,CE,NIFTY26JUN16500CE,0.0,0.0,0.0,9929.2,0.0,9929.2,24168.0,7701.4,0,0,0,0.0,0,F1,65,,,,,
2026-06-18,2026-06-18,FO,NSE,IDO,67771,,NIFTY,,2028-12-26,2028-12-26,18000.0,PE,NIFTY28DEC18000PE,0.0,0.0,0.0,250.0,250.0,250.0,24168.0,97.05,75,0,0,0.0,0,F1,65,,,,,
2026-06-18,2026-06-18,FO,NSE,IDO,56492,,NIFTY,,2026-06-23,2026-06-23,26000.0,CE,NIFTY2662326000CE,0.8,1.15,0.65,0.75,0.65,0.9,24168.0,0.75,2459665,97565,117625,198792414021.5,14474,F1,65,,,,,
2026-06-18,2026-06-18,FO,NSE,IDO,56444,,NIFTY,,2026-06-23,2026-06-23,25250.0,CE,NIFTY2662325250CE,1.85,2.55,1.25,1.45,1.35,2.2,24168.0,1.45,590135,32240,87238,143189902657.75,18574,F1,65,,,,,
2026-06-18,2026-06-18,FO,NSE,IDO,56392,,NIFTY,,2026-06-23,2026-06-23,24450.0,CE,NIFTY2662324450CE,31.8,33.4,18.1,27.3,31.9,33.85,24168.0,27.3,1621620,673270,422797,672582335168.25,152777,F1,65,,,,,
2026-06-18,2026-06-18,FO,NSE,IDO,56390,,NIFTY,,2026-06-23,2026-06-23,24400.0,CE,NIFTY2662324400CE,41.45,42.0,23.2,36.15,41.7,41.95,24168.0,36.15,5194280,2379390,755196,1199258314400.25,275156,F1,65,,,,,
2026-06-18,2026-06-18,FO,NSE,IDO,56382,,NIFTY,,2026-06-23,2026-06-23,24200.0,CE,NIFTY2662324200CE,96.0,111.95,62.15,100.9,110.7,96.35,24168.0,100.9,6082960,2104960,1905664,3008029918042.5,901341,F1,65,,,,,
2026-06-18,2026-06-18,FO,NSE,IDO,56296,,NIFTY,,2026-06-23,2026-06-23,23250.0,CE,NIFTY2662323250CE,838.2,940.0,780.05,926.6,938.5,832.75,24168.0,926.6,67275,-3445,120,188057512.5,99,F1,65,,,,,
2026-06-18,2026-06-18,FO,NSE,IDO,61775,,NIFTY,,2026-08-25,2026-08-25,24600.0,CE,NIFTY26AUG24600CE,375.05,416.6,361.9,410.35,411.8,376.0,24168.0,410.35,23075,-975,107,173786320.5,75,F1,65,,,,,
2026-06-18,2026-06-18,FO,NSE,IDO,61797,,NIFTY,,2026-08-25,2026-08-25,24750.0,CE,NIFTY26AUG24750CE,307.9,334.8,307.9,330.3,330.3,306.7,24168.0,330.3,4160,0,5,8150054.25,4,F1,65,,,,,
2026-06-18,2026-06-18,FO,NSE,IDO,57318,,NIFTY,,2026-07-21,2026-07-21,23450.0,PE,NIFTY2672123450PE,0.0,0.0,0.0,236.55,0.0,236.55,24168.0,175.25,0,0,0,0.0,0,F1,65,,,,,
2026-06-18,2026-06-18,FO,NSE,IDO,57341,,NIFTY,,2026-07-21,2026-07-21,24000.0,PE,NIFTY2672124000PE,273.9,285.25,224.7,228.6,227.35,282.55,24168.0,228.6,4420,1300,114,179755270.5,89,F1,65,,,,,
2026-06-18,2026-06-18,FO,NSE,IDO,57367,,NIFTY,,2026-07-21,2026-07-21,24600.0,PE,NIFTY2672124600PE,0.0,0.0,0.0,782.7,0.0,782.7,24168.0,655.95,0,0,0,0.0,0,F1,65,,,,,
2026-06-18,2026-06-18,FO,NSE,IDO,63852,,NIFTY,,2026-07-28,2026-07-28,21900.0,PE,NIFTY26JUL21900PE,19.0,21.05,18.4,19.5,19.0,22.7,24168.0,19.5,151775,-2990,500,712389661.75,318,F1,65,,,,,
2026-06-18,2026-06-18,FO,NSE,IDO,63870,,NIFTY,,2026-07-28,2026-07-28,22350.0,PE,NIFTY26JUL22350PE,32.0,35.4,28.65,29.65,30.2,37.5,24168.0,29.65,6045,-715,143,208046338.5,77,F1,65,,,,,
2026-06-18,2026-06-18,FO,NSE,IDO,63888,,NIFTY,,2026-07-28,2026-07-28,22800.0,PE,NIFTY26JUL22800PE,63.0,66.5,51.0,51.95,51.7,67.7,24168.0,51.95,372125,46215,5214,7746383076.25,3664,F1,65,,,,,
2026-06-18,2026-06-18,FO,NSE,IDO,63924,,NIFTY,,2026-07-28,2026-07-28,23650.0,PE,NIFTY26JUL23650PE,181.4,205.95,160.95,166.25,160.95,207.0,24168.0,166.25,18590,0,170,263315549.25,137,F1,65,,,,,
2026-06-18,2026-06-18,FO,NSE,IDO,63934,,NIFTY,,2026-07-28,2026-07-28,23850.0,PE,NIFTY26JUL23850PE,257.75,267.6,210.25,215.85,210.4,264.65,24168.0,215.85,12480,845,209,327182157.25,165,F1,65,,,,,
2026-06-18,2026-06-18,FO,NSE,IDO,63938,,NIFTY,,2026-07-28,2026-07-28,23950.0,PE,NIFTY26JUL23950PE,283.85,307.05,240.0,245.25,242.3,298.5,24168.0,245.25,20215,1300,336,529005386.0,241,F1,65,,,,,
2026-06-18,2026-06-18,FO,NSE,IDO,64003,,NIFTY,,2026-07-28,2026-07-28,25500.0,PE,NIFTY26JUL25500PE,1337.2,1370.0,1217.75,1235.5,1217.75,1324.3,24168.0,1235.5,283790,40235,824,1434060384.25,638,F1,65,,,,,
2026-06-18,2026-06-18,FO,NSE,IDO,61351,,NIFTY,,2026-08-25,2026-08-25,21950.0,PE,NIFTY26AUG21950PE,50.0,50.0,48.05,48.05,48.05,56.0,24168.0,54.0,260,-65,2,2859873.25,2,F1,65,,,,,
2026-06-18,2026-06-18,FO,NSE,IDO,61429,,NIFTY,,2026-08-25,2026-08-25,23000.0,PE,NIFTY26AUG23000PE,153.7,155.1,123.6,126.45,123.6,153.7,24168.0,126.45,508755,75465,5272,7929684974.25,3674,F1,65,,,,,
2026-06-18,2026-06-18,FO,NSE,IDO,61529,,NIFTY,,2026-08-25,2026-08-25,23650.0,PE,NIFTY26AUG23650PE,286.55,286.55,267.1,273.75,273.75,294.95,24168.0,371.05,4030,-195,8,12439472.5,7,F1,65,,,,,
2026-06-18,2026-06-18,FO,NSE,IDO,61646,,NIFTY,,2026-08-25,2026-08-25,24150.0,PE,NIFTY26AUG24150PE,450.85,460.05,391.9,396.55,392.05,485.0,24168.0,396.55,3120,195,42,67111239.0,33,F1,65,,,,,
2026-06-18,2026-06-18,FO,NSE,IDO,61774,,NIFTY,,2026-08-25,2026-08-25,24550.0,PE,NIFTY26AUG24550PE,0.0,0.0,0.0,704.0,704.0,704.0,24168.0,756.65,325,0,0,0.0,0,F1,65,,,,,
2026-06-18,2026-06-18,FO,NSE,IDO,61922,,NIFTY,,2026-08-25,2026-08-25,25150.0,PE,NIFTY26AUG25150PE,0.0,0.0,0.0,1546.45,1546.45,1546.45,24168.0,1110.15,65,0,0,0.0,0,F1,65,,,,,
2026-06-18,2026-06-18,FO,NSE,IDO,62000,,NIFTY,,2026-08-25,2026-08-25,25800.0,PE,NIFTY26AUG25800PE,0.0,0.0,0.0,1809.15,0.0,1809.15,24168.0,1571.7,0,0,0,0.0,0,F1,65,,,,,
2026-06-18,2026-06-18,FO,NSE,IDO,58631,,NIFTY,,2026-12-29,2026-12-29,13000.0,PE,NIFTY26DEC13000PE,15.3,16.0,10.0,10.0,10.0,12.3,24168.0,10.0,12660,-260,46,38915353.75,9,F1,65,,,,,
2026-06-18,2026-06-18,FO,NSE,IDO,71506,,NIFTY,,2026-12-29,2026-12-29,26000.0,PE,NIFTY26DEC26000PE,1451.05,1502.55,1365.3,1385.35,1373.5,1480.65,24168.0,1385.35,1043865,58995,1808,3224754848.25,1076,F1,65,,,,,
2026-06-18,2026-06-18,FO,NSE,IDO,80267,,NIFTY,,2027-03-30,2027-03-30,19500.0,PE,NIFTY27MAR19500PE,0.0,0.0,0.0,173.9,0.0,173.9,24168.0,51.35,0,0,0,0.0,0,F1,65,,,,,
2026-06-18,2026-06-18,FO,NSE,IDO,67789,,NIFTY,,2028-12-26,2028-12-26,27000.0,PE,NIFTY28DEC27000PE,1800.0,1800.0,1800.0,1800.0,1800.0,1802.0,24168.0,1939.55,11995,0,1,1872000.0,1,F1,65,,,,,
2026-06-18,2026-06-18,FO,NSE,IDO,55525,,NIFTY,,2028-12-26,2028-12-26,28500.0,PE,NIFTY28DEC28500PE,0.0,0.0,0.0,1451.15,0.0,1451.15,24168.0,2588.3,0,0,0,0.0,0,F1,65,,,,,
2026-06-18,2026-06-18,FO,NSE,IDO,89631,,NIFTY,,2029-06-26,2029-06-26,24000.0,PE,NIFTY29JUN24000PE,0.0,0.0,0.0,825.0,825.0,825.0,24168.0,933.4,155,0,0,0.0,0,F1,65,,,,,
2026-06-18,2026-06-18,FO,NSE,IDO,55605,,NIFTY,,2029-12-24,2029-12-24,25500.0,PE,NIFTY29DEC25500PE,0.0,0.0,0.0,597.3,0.0,597.3,24168.0,1277.05,0,0,0,0.0,0,F1,65,,,,,
2026-06-18,2026-06-18,FO,NSE,IDO,55609,,NIFTY,,2029-12-24,2029-12-24,31500.0,PE,NIFTY29DEC31500PE,0.0,0.0,0.0,2240.25,0.0,2240.25,24168.0,3544.55,0,0,0,0.0,0,F1,65,,,,,
2026-06-18,2026-06-18,FO,NSE,IDO,60899,,NIFTY,,2030-06-25,2030-06-25,21000.0,PE,NIFTY30JUN21000PE,0.0,0.0,0.0,220.0,220.0,220.0,24168.0,392.2,65,0,0,0.0,0,F1,65,,,,,
2026-06-18,2026-06-18,FO,NSE,IDO,55647,,NIFTY,,2030-06-25,2030-06-25,25500.0,PE,NIFTY30JUN25500PE,0.0,0.0,0.0,568.55,0.0,568.55,24168.0,1215.85,0,0,0,0.0,0,F1,65,,,,,
2026-06-18,2026-06-18,FO,NSE,IDO,55703,,NIFTY,,2030-12-31,2030-12-31,21000.0,PE,NIFTY30DEC21000PE,0.0,0.0,0.0,555.0,555.0,555.0,24168.0,389.2,715,0,0,0.0,0,F1,65,,,,,
2026-06-18,2026-06-18,FO,NSE,IDO,51504,,NIFTY,,2026-07-14,2026-07-14,26100.0,PE,NIFTY2671426100PE,0.0,0.0,0.0,2714.8,0.0,2714.8,24168.0,1845.65,0,0,0,0.0,0,F1,65,,,,,
2026-06-18,2026-06-18,FO,NSE,IDO,51478,,NIFTY,,2026-07-14,2026-07-14,25550.0,PE,NIFTY2671425550PE,0.0,0.0,0.0,2184.45,0.0,2184.45,24168.0,1345.6,0,0,0,0.0,0,F1,65,,,,,
2026-06-18,2026-06-18,FO,NSE,IDO,51432,,NIFTY,,2026-07-14,2026-07-14,25100.0,PE,NIFTY2671425100PE,0.0,0.0,0.0,1765.9,0.0,1765.9,24168.0,975.2,0,0,0,0.0,0,F1,65,,,,,
2026-06-18,2026-06-18,FO,NSE,IDO,51304,,NIFTY,,2026-07-14,2026-07-14,22850.0,PE,NIFTY2671422850PE,30.75,34.15,29.4,29.4,29.4,37.7,24168.0,47.15,2925,-130,17,25284629.5,10,F1,65,,,,,
2026-06-18,2026-06-18,FO,NSE,IDO,51292,,NIFTY,,2026-07-14,2026-07-14,22650.0,PE,NIFTY2671422650PE,22.0,22.0,21.75,21.75,21.75,31.0,24168.0,30.7,2535,0,3,4421010.75,3,F1,65,,,,,
2026-06-18,2026-06-18,FO,NSE,IDO,51234,,NIFTY,,2026-07-14,2026-07-14,21800.0,PE,NIFTY2671421800PE,9.1,10.8,8.4,8.55,8.7,10.65,24168.0,8.55,1170,-1170,35,49618201.75,10,F1,65,,,,,
2026-06-18,2026-06-18,FO,NSE,IDO,51212,,NIFTY,,2026-07-14,2026-07-14,21450.0,PE,NIFTY2671421450PE,6.45,6.45,6.45,6.45,6.45,8.6,24168.0,6.45,585,65,1,1394669.25,1,F1,65,,,,,
2026-06-18,2026-06-18,FO,NSE,IDO,51204,,NIFTY,,2026-07-14,2026-07-14,21400.0,PE,NIFTY2671421400PE,7.9,7.9,6.3,7.8,7.8,9.05,24168.0,0.95,1820,260,6,8348899.0,6,F1,65,,,,,
2026-06-18,2026-06-18,FO,NSE,IDO,44747,,NIFTY,,2026-07-07,2026-07-07,26300.0,PE,NIFTY2670726300PE,0.0,0.0,0.0,2675.65,0.0,2675.65,24168.0,2054.65,0,0,0,0.0,0,F1,65,,,,,
2026-06-18,2026-06-18,FO,NSE,IDO,44665,,NIFTY,,2026-07-07,2026-07-07,24550.0,PE,NIFTY2670724550PE,0.0,0.0,0.0,1102.45,0.0,1102.45,24168.0,550.85,0,0,0,0.0,0,F1,65,,,,,
2026-06-18,2026-06-18,FO,NSE,IDO,44589,,NIFTY,,2026-07-07,2026-07-07,23500.0,PE,NIFTY2670723500PE,71.55,80.5,50.45,52.8,53.05,81.05,24168.0,52.8,218790,93665,8805,13486070630.5,6231,F1,65,,,,,
2026-06-18,2026-06-18,FO,NSE,IDO,44559,,NIFTY,,2026-07-07,2026-07-07,22900.0,PE,NIFTY2670722900PE,21.75,22.25,14.75,16.15,16.2,24.0,24168.0,16.15,33280,-6370,768,1144058002.75,419,F1,65,,,,,
2026-06-18,2026-06-18,FO,NSE,IDO,56297,,NIFTY,,2026-06-23,2026-06-23,23250.0,PE,NIFTY2662323250PE,7.35,7.35,3.0,3.4,3.15,7.4,24168.0,3.4,1021345,-289445,156849,237077713642.25,41894,F1,65,,,,,
2026-06-18,2026-06-18,FO,NSE,IDO,44467,,NIFTY,,2026-07-07,2026-07-07,21600.0,PE,NIFTY2670721600PE,5.5,5.85,5.15,5.55,5.55,6.45,24168.0,5.55,2340,-65,12,16852332.25,8,F1,65,,,,,
2026-06-18,2026-06-18,FO,NSE,IDO,44455,,NIFTY,,2026-07-07,2026-07-07,21350.0,PE,NIFTY2670721350PE,5.5,6.0,5.05,5.9,5.9,6.0,24168.0,0.15,15860,2210,68,94391505.0,35,F1,65,,,,,
2026-06-18,2026-06-18,FO,NSE,IDO,35231,,NIFTY,,2026-06-30,2026-06-30,30000.0,PE,NIFTY26JUN30000PE,5869.0,5964.05,5789.4,5803.85,5807.0,5900.6,24168.0,5803.85,189540,-390,54,125930909.0,45,F1,65,,,,,
2026-06-18,2026-06-18,FO,NSE,IDO,79861,,NIFTY,,2026-06-30,2026-06-30,26200.0,PE,NIFTY26JUN26200PE,2077.8,2077.8,2077.8,2077.8,2077.8,2101.95,24168.0,1980.45,29705,-65,1,1838057.0,1,F1,65,,,,,
2026-06-18,2026-06-18,FO,NSE,IDO,79843,,NIFTY,,2026-06-30,2026-06-30,25700.0,PE,NIFTY26JUN25700PE,1575.0,1575.0,1559.85,1573.0,1573.0,1594.75,24168.0,1488.45,24180,0,8,14179662.25,5,F1,65,,,,,
2026-06-18,2026-06-18,FO,NSE,IDO,79830,,NIFTY,,2026-06-30,2026-06-30,25450.0,PE,NIFTY26JUN25450PE,0.0,0.0,0.0,1877.4,1877.4,1877.4,24168.0,1248.75,65,0,0,0.0,0,F1,65,,,,,
2026-06-18,2026-06-18,FO,NSE,IDO,79767,,NIFTY,,2026-06-30,2026-06-30,24800.0,PE,NIFTY26JUN24800PE,697.85,772.25,618.6,625.05,618.9,724.6,24168.0,625.05,315770,195,283,468836858.75,224,F1,65,,,,,
2026-06-18,2026-06-18,FO,NSE,IDO,79729,,NIFTY,,2026-06-30,2026-06-30,23950.0,PE,NIFTY26JUN23950PE,154.4,163.45,90.55,95.2,94.8,153.15,24168.0,95.2,376740,138320,14697,23000905551.0,10574,F1,65,,,,,
2026-06-18,2026-06-18,FO,NSE,IDO,79696,,NIFTY,,2026-06-30,2026-06-30,23400.0,PE,NIFTY26JUN23400PE,32.0,35.1,18.8,20.2,19.75,37.35,24168.0,20.2,1841255,229905,62822,95653982781.5,37353,F1,65,,,,,
2026-06-18,2026-06-18,FO,NSE,IDO,79549,,NIFTY,,2026-06-30,2026-06-30,23100.0,PE,NIFTY26JUN23100PE,18.9,18.9,10.05,10.95,10.7,19.05,24168.0,10.95,1002170,144560,35125,52768458122.25,20439,F1,65,,,,,
2026-06-18,2026-06-18,FO,NSE,IDO,79533,,NIFTY,,2026-06-30,2026-06-30,22650.0,PE,NIFTY26JUN22650PE,9.2,9.2,5.8,6.4,6.75,9.2,24168.0,6.4,89505,16510,1646,2424036660.5,1163,F1,65,,,,,
2026-06-18,2026-06-18,FO,NSE,IDO,38380,,NIFTY,,2026-06-30,2026-06-30,20000.0,PE,NIFTY26JUN20000PE,1.85,2.55,1.55,1.7,1.55,2.35,24168.0,1.7,1821635,-8055,2839,3691059430.5,1126,F1,65,,,,,
2026-06-18,2026-06-18,FO,NSE,IDO,56499,,NIFTY,,2026-06-23,2026-06-23,26050.0,PE,NIFTY2662326050PE,2035.2,2035.2,1928.1,1928.1,1928.1,2309.05,24168.0,1860.05,0,0,2,3644114.5,2,F1,65,,,,,
2026-06-18,2026-06-18,FO,NSE,IDO,56461,,NIFTY,,2026-06-23,2026-06-23,25500.0,PE,NIFTY2662325500PE,1427.6,1450.0,1310.0,1319.55,1311.6,1419.75,24168.0,1319.55,39195,1885,44,76891571.25,44,F1,65,,,,,
2026-06-18,2026-06-18,FO,NSE,IDO,56449,,NIFTY,,2026-06-23,2026-06-23,25350.0,PE,NIFTY2662325350PE,0.0,0.0,0.0,1411.35,1411.35,1411.35,24168.0,1162.3,845,0,0,0.0,0,F1,65,,,,,
2026-06-18,2026-06-18,FO,NSE,IDO,56359,,NIFTY,,2026-06-23,2026-06-23,23900.0,PE,NIFTY2662323900PE,77.5,83.5,26.45,30.3,28.2,78.3,24168.0,30.3,5766865,498420,1220617,1900359714948.5,492799,F1,65,,,,,
2026-06-18,2026-06-18,FO,NSE,IDO,56319,,NIFTY,,2026-06-23,2026-06-23,23450.0,PE,NIFTY2662323450PE,10.0,11.0,4.6,5.05,4.6,13.1,24168.0,5.05,2071030,876265,241819,368693547482.0,68587,F1,65,,,,,
2026-06-18,2026-06-18,FO,NSE,IDO,56302,,NIFTY,,2026-06-23,2026-06-23,23350.0,PE,NIFTY2662323350PE,8.1,8.1,3.65,4.1,3.75,9.4,24168.0,4.1,1559740,-35750,199895,303452472365.25,52896,F1,65,,,,,
2026-06-18,2026-06-18,FO,NSE,IDO,56300,,NIFTY,,2026-06-23,2026-06-23,23300.0,PE,NIFTY2662323300PE,7.5,7.5,3.25,3.7,3.3,8.4,24168.0,3.7,5306470,-111930,545941,826980326526.25,107428,F1,65,,,,,
2026-06-18,2026-06-18,FO,NSE,IDO,56245,,NIFTY,,2026-06-23,2026-06-23,22400.0,PE,NIFTY2662322400PE,2.3,2.3,1.1,1.4,1.25,2.2,24168.0,1.4,728780,-91780,41002,59702930114.75,9408,F1,65,,,,,
2026-06-18,2026-06-18,FO,NSE,IDO,56215,,NIFTY,,2026-06-23,2026-06-23,21950.0,PE,NIFTY2662321950PE,1.7,1.85,0.9,1.1,1.0,1.75,24168.0,1.1,86645,5460,10682,15241440470.75,2820,F1,65,,,,,
2026-06-18,2026-06-18,FO,NSE,IDO,55652,,NIFTY,,2030-06-25,2030-06-25,34500.0,CE,NIFTY30JUN34500CE,0.0,0.0,0.0,2879.05,0.0,2879.05,24168.0,2443.75,0,0,0,0.0,0,F1,65,,,,,
2026-06-18,2026-06-18,FO,NSE,IDO,55642,,NIFTY,,2030-06-25,2030-06-25,19500.0,CE,NIFTY30JUN19500CE,0.0,0.0,0.0,11140.25,0.0,11140.25,24168.0,9471.8,0,0,0,0.0,0,F1,65,,,,,
2026-06-18,2026-06-18,FO,NSE,IDO,55640,,NIFTY,,2030-06-25,2030-06-25,16500.0,CE,NIFTY30JUN16500CE,0.0,0.0,0.0,13374.05,0.0,13374.05,24168.0,11599.15,0,0,0,0.0,0,F1,65,,,,,
2026-06-18,2026-06-18,FO,NSE,IDO,55602,,NIFTY,,2029-12-24,2029-12-24,22500.0,CE,NIFTY29DEC22500CE,0.0,0.0,0.0,8486.15,0.0,8486.15,24168.0,6964.45,0,0,0,0.0,0,F1,65,,,,,
2026-06-18,2026-06-18,FO,NSE,IDO,89606,,NIFTY,,2029-06-26,2029-06-26,15000.0,CE,NIFTY29JUN15000CE,0.0,0.0,0.0,13671.85,0.0,13671.85,24168.0,11914.15,0,0,0,0.0,0,F1,65,,,,,
2026-06-18,2026-06-18,FO,NSE,IDO,67776,,NIFTY,,2028-12-26,2028-12-26,21000.0,CE,NIFTY28DEC21000CE,0.0,0.0,0.0,7512.5,0.0,7512.5,24168.0,6771.7,0,0,0,0.0,0,F1,65,,,,,
2026-06-18,2026-06-18,FO,NSE,IDO,67764,,NIFTY,,2028-12-26,2028-12-26,15000.0,CE,NIFTY28DEC15000CE,0.0,0.0,0.0,11381.75,0.0,11381.75,24168.0,11495.6,0,0,0,0.0,0,F1,65,,,,,
2026-06-18,2026-06-18,FO,NSE,IDO,55480,,NIFTY,,2028-06-27,2028-06-27,31500.0,CE,NIFTY28JUN31500CE,0.0,0.0,0.0,1784.8,0.0,1784.8,24168.0,1178.1,0,0,0,0.0,0,F1,65,,,,,
2026-06-18,2026-06-18,FO,NSE,IDO,55476,,NIFTY,,2028-06-27,2028-06-27,25500.0,CE,NIFTY28JUN25500CE,0.0,0.0,0.0,4676.6,0.0,4676.6,24168.0,3319.3,0,0,0,0.0,0,F1,65,,,,,
2026-06-18,2026-06-18,FO,NSE,IDO,55428,,NIFTY,,2027-12-28,2027-12-28,28500.0,CE,NIFTY27DEC28500CE,0.0,0.0,0.0,851.55,851.55,851.55,24168.0,1410.9,4420,0,0,0.0,0,F1,65,,,,,
2026-06-18,2026-06-18,FO,NSE,IDO,55426,,NIFTY,,2027-12-28,2027-12-28,25500.0,CE,NIFTY27DEC25500CE,0.0,0.0,0.0,4013.5,0.0,4013.5,24168.0,2608.45,0,0,0,0.0,0,F1,65,,,,,
2026-06-18,2026-06-18,FO,NSE,IDO,55424,,NIFTY,,2027-12-28,2027-12-28,22500.0,CE,NIFTY27DEC22500CE,0.0,0.0,0.0,6183.0,0.0,6183.0,24168.0,4387.5,0,0,0,0.0,0,F1,65,,,,,
2026-06-18,2026-06-18,FO,NSE,IDO,50981,,NIFTY,,2027-06-29,2027-06-29,27000.0,CE,NIFTY27JUN27000CE,0.0,0.0,0.0,1932.5,0.0,1932.5,24168.0,1240.35,0,0,0,0.0,0,F1,65,,,,,
2026-06-18,2026-06-18,FO,NSE,IDO,71560,,NIFTY,,2027-06-29,2027-06-29,24000.0,CE,NIFTY27JUN24000CE,0.0,0.0,0.0,2111.75,2111.75,2111.75,24168.0,2641.6,670,0,0,0.0,0,F1,65,,,,,
2026-06-18,2026-06-18,FO,NSE,IDO,71553,,NIFTY,,2027-06-29,2027-06-29,21000.0,CE,NIFTY27JUN21000CE,0.0,0.0,0.0,3061.8,0.0,3061.8,24168.0,4768.25,0,0,0,0.0,0,F1,65,,,,,
2026-06-18,2026-06-18,FO,NSE,IDO,80192,,NIFTY,,2027-03-30,2027-03-30,18000.0,CE,NIFTY27MAR18000CE,0.0,0.0,0.0,5643.55,0.0,5643.55,24168.0,7088.05,0,0,0,0.0,0,F1,65,,,,,
2026-06-18,2026-06-18,FO,NSE,IDO,58646,,NIFTY,,2026-12-29,2026-12-29,21000.0,CE,NIFTY26DEC21000CE,3827.45,3950.0,3821.6,3950.0,3950.0,3853.15,24168.0,3950.0,124495,-3640,306,494837889.0,276,F1,65,,,,,
2026-06-18,2026-06-18,FO,NSE,IDO,55282,,NIFTY,,2026-09-29,2026-09-29,19500.0,CE,NIFTY26SEP19500CE,0.0,0.0,0.0,4759.15,4759.15,4759.15,24168.0,5032.75,910,0,0,0.0,0,F1,65,,,,,
2026-06-18,2026-06-18,FO,NSE,IDO,62058,,NIFTY,,2026-08-25,2026-08-25,26250.0,CE,NIFTY26AUG26250CE,0.0,0.0,0.0,215.05,0.0,215.05,24168.0,170.7,0,0,0,0.0,0,F1,65,,,,,
2026-06-18,2026-06-18,FO,NSE,IDO,62022,,NIFTY,,2026-08-25,2026-08-25,25900.0,CE,NIFTY26AUG25900CE,0.0,0.0,0.0,281.35,0.0,281.35,24168.0,234.85,0,0,0,0.0,0,F1,65,,,,,
2026-06-18,2026-06-18,FO,NSE,IDO,62002,,NIFTY,,2026-08-25,2026-08-25,25850.0,CE,NIFTY26AUG25850CE,0.0,0.0,0.0,292.05,0.0,292.05,24168.0,245.45,0,0,0,0.0,0,F1,65,,,,,
2026-06-18,2026-06-18,FO,NSE,IDO,61727,,NIFTY,,2026-08-25,2026-08-25,24450.0,CE,NIFTY26AUG24450CE,435.15,458.55,435.15,450.3,450.3,409.2,24168.0,723.25,520,-260,5,8092288.75,5,F1,65,,,,,
2026-06-18,2026-06-18,FO,NSE,IDO,61397,,NIFTY,,2026-08-25,2026-08-25,22500.0,CE,NIFTY26AUG22500CE,1856.0,1890.0,1838.35,1882.6,1882.6,1855.2,24168.0,2055.25,6760,-130,23,36439416.0,21,F1,65,,,,,
2026-06-18,2026-06-18,FO,NSE,IDO,61338,,NIFTY,,2026-08-25,2026-08-25,21700.0,CE,NIFTY26AUG21700CE,0.0,0.0,0.0,2625.1,0.0,2625.1,24168.0,2771.95,0,0,0,0.0,0,F1,65,,,,,
2026-06-18,2026-06-18,FO,NSE,IDO,61336,,NIFTY,,2026-08-25,2026-08-25,21650.0,CE,NIFTY26AUG21650CE,0.0,0.0,0.0,2669.3,0.0,2669.3,24168.0,2818.6,0,0,0,0.0,0,F1,65,,,,,
2026-06-18,2026-06-18,FO,NSE,IDO,61156,,NIFTY,,2026-08-25,2026-08-25,21300.0,CE,NIFTY26AUG21300CE,0.0,0.0,0.0,2320.0,2320.0,2320.0,24168.0,3149.5,65,0,0,0.0,0,F1,65,,,,,
2026-06-18,2026-06-18,FO,NSE,IDO,64045,,NIFTY,,2026-07-28,2026-07-28,26300.0,CE,NIFTY26JUL26300CE,0.0,0.0,0.0,225.4,0.0,225.4,24168.0,57.4,0,0,0,0.0,0,F1,65,,,,,
2026-06-18,2026-06-18,FO,NSE,IDO,64010,,NIFTY,,2026-07-28,2026-07-28,25700.0,CE,NIFTY26JUL25700CE,28.55,33.0,27.15,31.65,32.65,27.85,24168.0,31.65,72150,1365,847,1416544080.25,527,F1,65,,,,,
2026-06-18,2026-06-18,FO,NSE,IDO,64004,,NIFTY,,2026-07-28,2026-07-28,25550.0,CE,NIFTY26JUL25550CE,37.55,44.2,36.6,42.65,41.95,36.45,24168.0,42.65,5525,-2015,134,222892338.5,102,F1,65,,,,,
2026-06-18,2026-06-18,FO,NSE,IDO,63905,,NIFTY,,2026-07-28,2026-07-28,23250.0,CE,NIFTY26JUL23250CE,1145.0,1150.6,1145.0,1148.1,1150.6,1058.45,24168.0,1148.1,3575,-455,8,12687015.25,6,F1,65,,,,,
2026-06-18,2026-06-18,FO,NSE,IDO,63879,,NIFTY,,2026-07-28,2026-07-28,22600.0,CE,NIFTY26JUL22600CE,0.0,0.0,0.0,1572.85,1572.85,1572.85,24168.0,1791.1,2080,0,0,0.0,0,F1,65,,,,,
2026-06-18,2026-06-18,FO,NSE,IDO,63859,,NIFTY,,2026-07-28,2026-07-28,22100.0,CE,NIFTY26JUL22100CE,0.0,0.0,0.0,1855.35,1855.35,1855.35,24168.0,2251.95,130,0,0,0.0,0,F1,65,,,,,
2026-06-18,2026-06-18,FO,NSE,IDO,63811,,NIFTY,,2026-07-28,2026-07-28,21100.0,CE,NIFTY26JUL21100CE,3090.0,3090.0,3090.0,3090.0,3090.0,3040.0,24168.0,3223.2,6955,390,6,9434100.0,5,F1,65,,,,,
2026-06-18,2026-06-18,FO,NSE,IDO,57434,,NIFTY,,2026-07-21,2026-07-21,25600.0,CE,NIFTY2672125600CE,0.0,0.0,0.0,90.05,0.0,90.05,24168.0,107.15,0,0,0,0.0,0,F1,65,,,,,
2026-06-18,2026-06-18,FO,NSE,IDO,57417,,NIFTY,,2026-07-21,2026-07-21,25450.0,CE,NIFTY2672125450CE,0.0,0.0,0.0,111.05,0.0,111.05,24168.0,132.0,0,0,0,0.0,0,F1,65,,,,,
2026-06-18,2026-06-18,FO,NSE,IDO,57396,,NIFTY,,2026-07-21,2026-07-21,25050.0,CE,NIFTY2672125050CE,0.0,0.0,0.0,187.35,0.0,187.35,24168.0,221.2,0,0,0,0.0,0,F1,65,,,,,
2026-06-18,2026-06-18,FO,NSE,IDO,57390,,NIFTY,,2026-07-21,2026-07-21,24900.0,CE,NIFTY2672124900CE,0.0,0.0,0.0,224.6,0.0,224.6,24168.0,264.85,0,0,0,0.0,0,F1,65,,,,,
2026-06-18,2026-06-18,FO,NSE,IDO,57346,,NIFTY,,2026-07-21,2026-07-21,24150.0,CE,NIFTY2672124150CE,365.8,377.35,349.85,374.3,374.3,502.6,24168.0,581.45,1365,1365,25,39831892.75,12,F1,65,,,,,
2026-06-18,2026-06-18,FO,NSE,IDO,57309,,NIFTY,,2026-07-21,2026-07-21,23250.0,CE,NIFTY2672123250CE,0.0,0.0,0.0,1057.55,0.0,1057.55,24168.0,1187.55,0,0,0,0.0,0,F1,65,,,,,
2026-06-18,2026-06-18,FO,NSE,IDO,57307,,NIFTY,,2026-07-21,2026-07-21,23200.0,CE,NIFTY2672123200CE,0.0,0.0,0.0,1095.05,0.0,1095.05,24168.0,1227.55,0,0,0,0.0,0,F1,65,,,,,
2026-06-18,2026-06-18,FO,NSE,IDO,57305,,NIFTY,,2026-07-21,2026-07-21,23150.0,CE,NIFTY2672123150CE,0.0,0.0,0.0,1133.2,0.0,1133.2,24168.0,1268.15,0,0,0,0.0,0,F1,65,,,,,
2026-06-18,2026-06-18,FO,NSE,IDO,51405,,NIFTY,,2026-07-14,2026-07-14,24700.0,CE,NIFTY2671424700CE,108.5,128.4,98.65,121.85,124.0,110.05,24168.0,121.85,16770,8060,324,522573762.75,201,F1,65,,,,,
2026-06-18,2026-06-18,FO,NSE,IDO,51399,,NIFTY,,2026-07-14,2026-07-14,24600.0,CE,NIFTY2671424600CE,0.0,0.0,0.0,115.4,0.0,115.4,24168.0,301.25,0,0,0,0.0,0,F1,65,,,,,
2026-06-18,2026-06-18,FO,NSE,IDO,51357,,NIFTY,,2026-07-14,2026-07-14,23750.0,CE,NIFTY2671423750CE,0.0,0.0,0.0,573.35,573.35,573.35,24168.0,746.75,325,0,0,0.0,0,F1,65,,,,,
2026-06-18,2026-06-18,FO,NSE,IDO,51347,,NIFTY,,2026-07-14,2026-07-14,23500.0,CE,NIFTY2671423500CE,761.3,835.8,697.3,832.65,835.0,761.3,24168.0,832.65,5460,-845,41,64704623.75,22,F1,65,,,,,
2026-06-18,2026-06-18,FO,NSE,IDO,51289,,NIFTY,,2026-07-14,2026-07-14,22600.0,CE,NIFTY2671422600CE,0.0,0.0,0.0,967.95,0.0,967.95,24168.0,1694.4,0,0,0,0.0,0,F1,65,,,,,
2026-06-18,2026-06-18,FO,NSE,IDO,51261,,NIFTY,,2026-07-14,2026-07-14,22250.0,CE,NIFTY2671422250CE,0.0,0.0,0.0,1237.5,0.0,1237.5,24168.0,2027.2,0,0,0,0.0,0,F1,65,,,,,
2026-06-18,2026-06-18,FO,NSE,IDO,51223,,NIFTY,,2026-07-14,2026-07-14,21600.0,CE,NIFTY2671421600CE,0.0,0.0,0.0,1804.6,0.0,1804.6,24168.0,2664.4,0,0,0,0.0,0,F1,65,,,,,
2026-06-18,2026-06-18,FO,NSE,IDO,44662,,NIFTY,,2026-07-07,2026-07-07,24500.0,CE,NIFTY2670724500CE,114.95,138.55,100.35,130.15,136.3,118.8,24168.0,130.15,360685,33865,14759,23615141920.5,8664,F1,65,,,,,
2026-06-18,2026-06-18,FO,NSE,IDO,44654,,NIFTY,,2026-07-07,2026-07-07,24400.0,CE,NIFTY2670724400CE,163.35,173.5,127.0,163.4,170.8,148.5,24168.0,163.4,150475,27105,2952,4710300634.0,2391,F1,65,,,,,
2026-06-18,2026-06-18,FO,NSE,IDO,44618,,NIFTY,,2026-07-07,2026-07-07,23950.0,CE,NIFTY2670723950CE,390.0,420.0,326.05,405.95,420.0,368.25,24168.0,405.95,7410,-3640,249,393740616.75,220,F1,65,,,,,
2026-06-18,2026-06-18,FO,NSE,IDO,44570,,NIFTY,,2026-07-07,2026-07-07,23200.0,CE,NIFTY2670723200CE,906.0,1054.05,906.0,1054.05,1054.05,958.0,24168.0,1054.05,34385,260,7,11002387.5,6,F1,65,,,,,
2026-06-18,2026-06-18,FO,NSE,IDO,44538,,NIFTY,,2026-07-07,2026-07-07,22550.0,CE,NIFTY2670722550CE,0.0,0.0,0.0,1196.5,0.0,1196.5,24168.0,1701.75,0,0,0,0.0,0,F1,65,,,,,
2026-06-18,2026-06-18,FO,NSE,IDO,44468,,NIFTY,,2026-07-07,2026-07-07,21650.0,CE,NIFTY2670721650CE,0.0,0.0,0.0,1985.55,0.0,1985.55,24168.0,2587.85,0,0,0,0.0,0,F1,65,,,,,
2026-06-18,2026-06-18,FO,NSE,IDO,44454,,NIFTY,,2026-07-07,2026-07-07,21350.0,CE,NIFTY2670721350CE,0.0,0.0,0.0,2271.05,0.0,2271.05,24168.0,2886.5,0,0,0,0.0,0,F1,65,,,,,
2026-06-18,2026-06-18,FO,NSE,IDO,56396,,NIFTY,,2026-06-23,2026-06-23,24500.0,CE,NIFTY2662324500CE,23.25,25.8,14.4,21.25,24.8,27.35,24168.0,21.25,9636900,3127150,1008625,1607478617689.75,295546,F1,65,,,,,
2026-06-18,2026-06-18,FO,NSE,IDO,56418,,NIFTY,,2026-06-23,2026-06-23,24700.0,CE,NIFTY2662324700CE,9.65,10.1,5.95,6.95,7.9,11.3,24168.0,6.95,5127655,1043445,455943,732232940744.5,118263,F1,65,,,,,
2026-06-18,2026-06-18,FO,NSE,IDO,56426,,NIFTY,,2026-06-23,2026-06-23,24850.0,CE,NIFTY2662324850CE,5.6,6.2,3.25,3.75,3.95,6.55,24168.0,3.75,937235,270790,149573,241639551234.25,37272,F1,65,,,,,
2026-06-18,2026-06-18,FO,NSE,IDO,56448,,NIFTY,,2026-06-23,2026-06-23,25350.0,CE,NIFTY2662325350CE,1.65,2.2,1.05,1.15,1.1,1.75,24168.0,1.15,833105,441220,65821,108463029558.0,14353,F1,65,,,,,
2026-06-18,2026-06-18,FO,NSE,IDO,56474,,NIFTY,,2026-06-23,2026-06-23,25700.0,CE,NIFTY2662325700CE,1.0,1.25,0.7,0.75,0.7,1.05,24168.0,0.75,1250665,2015,37302,62315322130.75,6428,F1,65,,,,,
2026-06-18,2026-06-18,FO,NSE,IDO,56502,,NIFTY,,2026-06-23,2026-06-23,26150.0,CE,NIFTY2662326150CE,1.0,1.1,0.55,0.65,0.6,0.85,24168.0,0.65,60320,-22945,5473,9303023122.25,1475,F1,65,,,,,
2026-06-18,2026-06-18,FO,NSE,IDO,79858,,NIFTY,,2026-06-30,2026-06-30,26150.0,CE,NIFTY26JUN26150CE,2.8,2.8,1.8,2.15,1.9,2.8,24168.0,2.15,42965,7735,246,418172946.75,100,F1,65,,,,,
2026-06-18,2026-06-18,FO,NSE,IDO,79854,,NIFTY,,2026-06-30,2026-06-30,26050.0,CE,NIFTY26JUN26050CE,3.15,3.2,1.95,2.25,2.5,3.0,24168.0,2.25,64415,13260,480,812836397.75,299,F1,65,,,,,
2026-06-18,2026-06-18,FO,NSE,IDO,79829,,NIFTY,,2026-06-30,2026-06-30,25450.0,CE,NIFTY26JUN25450CE,6.75,6.85,4.9,5.25,5.05,6.7,24168.0,5.25,49790,3575,1322,2187383705.0,787,F1,65,,,,,
2026-06-18,2026-06-18,FO,NSE,IDO,79817,,NIFTY,,2026-06-30,2026-06-30,25350.0,CE,NIFTY26JUN25350CE,8.3,8.3,5.1,6.35,6.45,8.1,24168.0,6.35,90415,27820,2315,3815485404.25,1399,F1,65,,,,,
2026-06-18,2026-06-18,FO,NSE,IDO,79805,,NIFTY,,2026-06-30,2026-06-30,25100.0,CE,NIFTY26JUN25100CE,11.8,12.8,8.9,11.1,12.05,12.9,24168.0,11.1,803985,246285,26205,42771172821.0,17139,F1,65,,,,,
2026-06-18,2026-06-18,FO,NSE,IDO,79774,,NIFTY,,2026-06-30,2026-06-30,24950.0,CE,NIFTY26JUN24950CE,18.1,18.4,12.9,16.65,18.0,18.3,24168.0,16.65,164060,53300,6553,10633818451.75,4868,F1,65,,,,,
2026-06-18,2026-06-18,FO,NSE,IDO,79762,,NIFTY,,2026-06-30,2026-06-30,24750.0,CE,NIFTY26JUN24750CE,40.0,40.0,22.65,30.6,32.55,31.7,24168.0,30.6,365560,168870,15754,25371183795.75,10945,F1,65,,,,,
2026-06-18,2026-06-18,FO,NSE,IDO,79738,,NIFTY,,2026-06-30,2026-06-30,24250.0,CE,NIFTY26JUN24250CE,141.65,169.5,113.0,157.3,169.15,143.6,24168.0,157.3,293995,21190,15453,24500041676.5,10781,F1,65,,,,,
2026-06-18,2026-06-18,FO,NSE,IDO,79732,,NIFTY,,2026-06-30,2026-06-30,24100.0,CE,NIFTY26JUN24100CE,196.0,250.0,170.65,236.0,249.55,212.8,24168.0,236.0,2106650,507260,144922,228984896185.5,91858,F1,65,,,,,
2026-06-18,2026-06-18,FO,NSE,IDO,79536,,NIFTY,,2026-06-30,2026-06-30,22750.0,CE,NIFTY26JUN22750CE,1300.0,1300.0,1300.0,1300.0,1300.0,1308.75,24168.0,1470.15,3250,-65,1,1563250.0,1,F1,65,,,,,
2026-06-18,2026-06-18,FO,NSE,IDO,79522,,NIFTY,,2026-06-30,2026-06-30,22350.0,CE,NIFTY26JUN22350CE,0.0,0.0,0.0,920.0,920.0,920.0,24168.0,1864.4,780,0,0,0.0,0,F1,65,,,,,
2026-06-18,2026-06-18,FO,NSE,IDO,79509,,NIFTY,,2026-06-30,2026-06-30,22000.0,CE,NIFTY26JUN22000CE,2116.05,2203.95,2030.4,2196.85,2203.9,2088.35,24168.0,2196.85,843700,-22100,555,870659829.0,440,F1,65,,,,,
2026-06-18,2026-06-18,FO,NSE,IDO,79462,,NIFTY,,2026-06-30,2026-06-30,21250.0,CE,NIFTY26JUN21250CE,0.0,0.0,0.0,2028.75,2028.75,2028.75,24168.0,2961.0,65,0,0,0.0,0,F1,65,,,,,
2026-06-18,2026-06-18,FO,NSE,IDO,79406,,NIFTY,,2026-06-30,2026-06-30,20650.0,CE,NIFTY26JUN20650CE,0.0,0.0,0.0,2162.15,0.0,2162.15,24168.0,3559.8,0,0,0,0.0,0,F1,65,,,,,
2026-06-18,2026-06-18,FO,NSE,IDO,57282,,NIFTY,,2026-07-21,2026-07-21,22550.0,PE,NIFTY2672122550PE,28.15,29.0,26.5,26.7,26.85,60.75,24168.0,26.7,260,260,4,5870182.5,4,F1,65,,,,,
2026-06-18,2026-06-18,FO,NSE,IDO,57298,,NIFTY,,2026-07-21,2026-07-21,22950.0,PE,NIFTY2672122950PE,0.0,0.0,0.0,117.3,0.0,117.3,24168.0,80.55,0,0,0,0.0,0,F1,65,,,,,
2026-06-18,2026-06-18,FO,NSE,IDO,57304,,NIFTY,,2026-07-21,2026-07-21,23100.0,PE,NIFTY2672123100PE,0.0,0.0,0.0,146.75,0.0,146.75,24168.0,103.25,0,0,0,0.0,0,F1,65,,,,,
2026-06-18,2026-06-18,FO,NSE,IDO,57308,,NIFTY,,2026-07-21,2026-07-21,23200.0,PE,NIFTY2672123200PE,0.0,0.0,0.0,169.3,0.0,169.3,24168.0,120.9,0,0,0,0.0,0,F1,65,,,,,
2026-06-18,2026-06-18,FO,NSE,IDO,79535,,NIFTY,,2026-06-30,2026-06-30,22700.0,PE,NIFTY26JUN22700PE,9.0,9.0,6.1,6.7,6.65,9.85,24168.0,6.7,645515,63245,12918,19066343354.5,6068,F1,65,,,,,
2026-06-18,2026-06-18,FO,NSE,IDO,79537,,NIFTY,,2026-06-30,2026-06-30,22750.0,PE,NIFTY26JUN22750PE,9.35,9.35,6.6,7.2,7.0,10.5,24168.0,7.2,154765,-11050,1713,2533928293.0,1079,F1,65,,,,,
2026-06-18,2026-06-18,FO,NSE,IDO,79634,,NIFTY,,2026-06-30,2026-06-30,23250.0,PE,NIFTY26JUN23250PE,21.55,23.7,13.2,14.1,14.2,25.85,24168.0,14.1,534950,44460,9506,14376516316.5,6738,F1,65,,,,,
2026-06-18,2026-06-18,FO,NSE,IDO,79731,,NIFTY,,2026-06-30,2026-06-30,24050.0,PE,NIFTY26JUN24050PE,190.0,208.9,120.85,126.7,125.7,193.3,24168.0,126.7,373945,94575,26226,41285425116.0,19962,F1,65,,,,,
2026-06-18,2026-06-18,FO,NSE,IDO,79763,,NIFTY,,2026-06-30,2026-06-30,24750.0,PE,NIFTY26JUN24750PE,650.05,721.65,574.4,576.2,577.0,686.2,24168.0,576.2,7150,-2080,85,140197934.5,38,F1,65,,,,,
2026-06-18,2026-06-18,FO,NSE,IDO,44464,,NIFTY,,2026-07-07,2026-07-07,21550.0,PE,NIFTY2670721550PE,5.4,5.75,5.4,5.75,5.75,6.6,24168.0,0.35,975,325,5,7005550.5,5,F1,65,,,,,
2026-06-18,2026-06-18,FO,NSE,IDO,44477,,NIFTY,,2026-07-07,2026-07-07,21850.0,PE,NIFTY2670721850PE,6.25,7.45,5.0,5.15,5.15,7.75,24168.0,5.15,715,0,27,38356903.0,11,F1,65,,,,,
2026-06-18,2026-06-18,FO,NSE,IDO,44499,,NIFTY,,2026-07-07,2026-07-07,22000.0,PE,NIFTY2670722000PE,8.35,8.35,6.0,6.75,6.75,8.35,24168.0,6.75,55445,5525,381,544992756.75,202,F1,65,,,,,
2026-06-18,2026-06-18,FO,NSE,IDO,44547,,NIFTY,,2026-07-07,2026-07-07,22750.0,PE,NIFTY2670722750PE,15.05,16.15,12.5,12.5,12.5,18.95,24168.0,12.5,9490,325,44,65106427.75,20,F1,65,,,,,
2026-06-18,2026-06-18,FO,NSE,IDO,44641,,NIFTY,,2026-07-07,2026-07-07,24200.0,PE,NIFTY2670724200PE,315.0,330.95,229.2,235.45,232.8,307.65,24168.0,235.45,35555,17420,1949,3098979055.25,1575,F1,65,,,,,
2026-06-18,2026-06-18,FO,NSE,IDO,44643,,NIFTY,,2026-07-07,2026-07-07,24250.0,PE,NIFTY2670724250PE,320.9,351.0,252.45,258.6,255.6,337.05,24168.0,258.6,8775,4875,307,489707728.25,283,F1,65,,,,,
2026-06-18,2026-06-18,FO,NSE,IDO,44671,,NIFTY,,2026-07-07,2026-07-07,24700.0,PE,NIFTY2670724700PE,0.0,0.0,0.0,1220.1,0.0,1220.1,24168.0,649.7,0,0,0,0.0,0,F1,65,,,,,
2026-06-18,2026-06-18,FO,NSE,IDO,44673,,NIFTY,,2026-07-07,2026-07-07,24750.0,PE,NIFTY2670724750PE,0.0,0.0,0.0,1260.4,0.0,1260.4,24168.0,684.5,0,0,0,0.0,0,F1,65,,,,,
2026-06-18,2026-06-18,FO,NSE,IDO,44707,,NIFTY,,2026-07-07,2026-07-07,25550.0,PE,NIFTY2670725550PE,0.0,0.0,0.0,1960.65,0.0,1960.65,24168.0,1341.2,0,0,0,0.0,0,F1,65,,,,,
2026-06-18,2026-06-18,FO,NSE,IDO,44743,,NIFTY,,2026-07-07,2026-07-07,26200.0,PE,NIFTY2670726200PE,0.0,0.0,0.0,2578.55,0.0,2578.55,24168.0,1957.0,0,0,0,0.0,0,F1,65,,,,,
2026-06-18,2026-06-18,FO,NSE,IDO,51224,,NIFTY,,2026-07-14,2026-07-14,21600.0,PE,NIFTY2671421600PE,8.2,8.2,7.45,7.45,7.45,9.5,24168.0,7.45,585,-130,3,4213537.25,3,F1,65,,,,,
2026-06-18,2026-06-18,FO,NSE,IDO,51266,,NIFTY,,2026-07-14,2026-07-14,22300.0,PE,NIFTY2671422300PE,14.0,14.05,13.05,13.55,14.05,18.3,24168.0,13.55,1235,-455,17,24656836.75,6,F1,65,,,,,
2026-06-18,2026-06-18,FO,NSE,IDO,51318,,NIFTY,,2026-07-14,2026-07-14,23050.0,PE,NIFTY2671423050PE,43.8,48.3,38.1,38.75,40.3,53.25,24168.0,38.75,2665,1235,49,73549144.5,28,F1,65,,,,,
2026-06-18,2026-06-18,FO,NSE,IDO,51348,,NIFTY,,2026-07-14,2026-07-14,23500.0,PE,NIFTY2671423500PE,114.0,114.0,79.75,81.45,81.3,113.3,24168.0,81.45,32695,10790,624,956939490.0,392,F1,65,,,,,
2026-06-18,2026-06-18,FO,NSE,IDO,51406,,NIFTY,,2026-07-14,2026-07-14,24700.0,PE,NIFTY2671424700PE,0.0,0.0,0.0,1413.7,0.0,1413.7,24168.0,689.25,0,0,0,0.0,0,F1,65,,,,,
2026-06-18,2026-06-18,FO,NSE,IDO,56437,,NIFTY,,2026-06-23,2026-06-23,25100.0,PE,NIFTY2662325100PE,999.0,1071.2,908.25,921.4,914.0,1020.2,24168.0,921.4,1560,0,43,72828756.0,32,F1,65,,,,,
2026-06-18,2026-06-18,FO,NSE,IDO,56431,,NIFTY,,2026-06-23,2026-06-23,24950.0,PE,NIFTY2662324950PE,881.2,921.6,791.45,791.45,791.45,879.35,24168.0,791.45,520,65,11,18466181.5,11,F1,65,,,,,
2026-06-18,2026-06-18,FO,NSE,IDO,56421,,NIFTY,,2026-06-23,2026-06-23,24750.0,PE,NIFTY2662324750PE,701.5,726.7,566.35,572.3,572.1,677.9,24168.0,572.3,3445,2470,151,249264639.0,126,F1,65,,,,,
2026-06-18,2026-06-18,FO,NSE,IDO,56397,,NIFTY,,2026-06-23,2026-06-23,24500.0,PE,NIFTY2662324500PE,429.0,497.6,331.85,347.8,334.85,449.7,24168.0,347.8,523640,176150,38312,62028702502.0,25821,F1,65,,,,,
2026-06-18,2026-06-18,FO,NSE,IDO,56263,,NIFTY,,2026-06-23,2026-06-23,22650.0,PE,NIFTY2662322650PE,3.1,3.1,1.3,1.6,1.35,3.05,24168.0,1.6,612170,166465,46391,68304795279.5,10515,F1,65,,,,,
2026-06-18,2026-06-18,FO,NSE,IDO,56261,,NIFTY,,2026-06-23,2026-06-23,22600.0,PE,NIFTY2662322600PE,2.75,2.75,1.25,1.55,1.4,2.8,24168.0,1.55,1273675,-137995,90724,133283708811.5,20684,F1,65,,,,,
2026-06-18,2026-06-18,FO,NSE,IDO,56233,,NIFTY,,2026-06-23,2026-06-23,22200.0,PE,NIFTY2662322200PE,2.0,3.35,1.1,1.3,1.2,2.0,24168.0,1.3,742950,-333970,58234,84037119734.75,10477,F1,65,,,,,
2026-06-18,2026-06-18,FO,NSE,IDO,56223,,NIFTY,,2026-06-23,2026-06-23,22100.0,PE,NIFTY2662322100PE,1.5,2.05,1.0,1.2,1.05,1.8,24168.0,1.2,562185,40105,37727,54198042554.5,7687,F1,65,,,,,
2026-06-18,2026-06-18,FO,NSE,IDO,56168,,NIFTY,,2026-06-23,2026-06-23,21200.0,PE,NIFTY2662321200PE,1.2,1.35,0.55,0.65,0.6,1.3,24168.0,0.65,3446170,-531375,70629,97330540937.5,10216,F1,65,,,,,
2026-06-18,2026-06-18,FO,NSE,IDO,55698,,NIFTY,,2030-12-31,2030-12-31,18000.0,CE,NIFTY30DEC18000CE,0.0,0.0,0.0,12674.15,0.0,12674.15,24168.0,10988.0,0,0,0,0.0,0,F1,65,,,,,
2026-06-18,2026-06-18,FO,NSE,IDO,62006,,NIFTY,,2029-12-24,2029-12-24,33000.0,CE,NIFTY29DEC33000CE,0.0,0.0,0.0,3816.05,0.0,3816.05,24168.0,2330.35,0,0,0,0.0,0,F1,65,,,,,
2026-06-18,2026-06-18,FO,NSE,IDO,61748,,NIFTY,,2029-12-24,2029-12-24,24000.0,CE,NIFTY29DEC24000CE,0.0,0.0,0.0,7730.0,0.0,7730.0,24168.0,6070.95,0,0,0,0.0,0,F1,65,,,,,
2026-06-18,2026-06-18,FO,NSE,IDO,55566,,NIFTY,,2029-06-26,2029-06-26,31500.0,CE,NIFTY29JUN31500CE,0.0,0.0,0.0,2878.65,0.0,2878.65,24168.0,2227.95,0,0,0,0.0,0,F1,65,,,,,
2026-06-18,2026-06-18,FO,NSE,IDO,55526,,NIFTY,,2028-12-26,2028-12-26,31500.0,CE,NIFTY28DEC31500CE,0.0,0.0,0.0,2327.6,0.0,2327.6,24168.0,1692.8,0,0,0,0.0,0,F1,65,,,,,
2026-06-18,2026-06-18,FO,NSE,IDO,55520,,NIFTY,,2028-12-26,2028-12-26,22500.0,CE,NIFTY28DEC22500CE,0.0,0.0,0.0,7382.9,0.0,7382.9,24168.0,5749.7,0,0,0,0.0,0,F1,65,,,,,
2026-06-18,2026-06-18,FO,NSE,IDO,35352,,NIFTY,,2028-06-27,2028-06-27,30000.0,CE,NIFTY28JUN30000CE,0.0,0.0,0.0,2278.45,0.0,2278.45,24168.0,1557.05,0,0,0,0.0,0,F1,65,,,,,
2026-06-18,2026-06-18,FO,NSE,IDO,86151,,NIFTY,,2028-06-27,2028-06-27,24000.0,CE,NIFTY28JUN24000CE,0.0,0.0,0.0,3918.85,0.0,3918.85,24168.0,4145.65,0,0,0,0.0,0,F1,65,,,,,
2026-06-18,2026-06-18,FO,NSE,IDO,53603,,NIFTY,,2027-12-28,2027-12-28,18000.0,CE,NIFTY27DEC18000CE,0.0,0.0,0.0,6285.7,0.0,6285.7,24168.0,7953.95,0,0,0,0.0,0,F1,65,,,,,
2026-06-18,2026-06-18,FO,NSE,IDO,80249,,NIFTY,,2027-03-30,2027-03-30,19500.0,CE,NIFTY27MAR19500CE,0.0,0.0,0.0,4365.4,0.0,4365.4,24168.0,5703.15,0,0,0,0.0,0,F1,65,,,,,
2026-06-18,2026-06-18,FO,NSE,IDO,58642,,NIFTY,,2026-12-29,2026-12-29,19000.0,CE,NIFTY26DEC19000CE,5645.0,5717.0,5645.0,5675.0,5675.0,5528.1,24168.0,5838.7,33605,195,9,14444735.5,9,F1,65,,,,,
2026-06-18,2026-06-18,FO,NSE,IDO,55322,,NIFTY,,2026-12-29,2026-12-29,16500.0,CE,NIFTY26DEC16500CE,0.0,0.0,0.0,10405.0,0.0,10405.0,24168.0,8239.6,0,0,0,0.0,0,F1,65,,,,,
2026-06-18,2026-06-18,FO,NSE,IDO,65929,,NIFTY,,2026-09-29,2026-09-29,33000.0,CE,NIFTY26SEP33000CE,5.25,5.25,4.4,5.0,5.0,5.0,24168.0,5.0,33280,0,18,38615427.5,9,F1,65,,,,,
2026-06-18,2026-06-18,FO,NSE,IDO,61913,,NIFTY,,2026-08-25,2026-08-25,25100.0,CE,NIFTY26AUG25100CE,200.4,226.0,197.75,223.75,224.1,202.3,24168.0,223.75,40170,-3185,362,595561658.25,254,F1,65,,,,,
2026-06-18,2026-06-18,FO,NSE,IDO,61855,,NIFTY,,2026-08-25,2026-08-25,24850.0,CE,NIFTY26AUG24850CE,0.0,0.0,0.0,266.3,266.3,266.3,24168.0,547.15,4355,0,0,0.0,0,F1,65,,,,,
2026-06-18,2026-06-18,FO,NSE,IDO,61610,,NIFTY,,2026-08-25,2026-08-25,24100.0,CE,NIFTY26AUG24100CE,628.0,689.0,610.05,680.95,689.0,633.15,24168.0,680.95,33150,6370,243,390905388.25,156,F1,65,,,,,
2026-06-18,2026-06-18,FO,NSE,IDO,61499,,NIFTY,,2026-08-25,2026-08-25,23500.0,CE,NIFTY26AUG23500CE,1030.0,1100.0,988.0,1084.9,1095.2,1028.25,24168.0,1084.9,117650,-325,268,427749916.75,165,F1,65,,,,,
2026-06-18,2026-06-18,FO,NSE,IDO,61493,,NIFTY,,2026-08-25,2026-08-25,23450.0,CE,NIFTY26AUG23450CE,0.0,0.0,0.0,1013.0,1013.0,1013.0,24168.0,1314.5,455,0,0,0.0,0,F1,65,,,,,
2026-06-18,2026-06-18,FO,NSE,IDO,61422,,NIFTY,,2026-08-25,2026-08-25,22850.0,CE,NIFTY26AUG22850CE,0.0,0.0,0.0,1016.6,1016.6,1016.6,24168.0,1765.4,130,0,0,0.0,0,F1,65,,,,,
2026-06-18,2026-06-18,FO,NSE,IDO,61416,,NIFTY,,2026-08-25,2026-08-25,22800.0,CE,NIFTY26AUG22800CE,1569.6,1569.6,1569.55,1569.55,1569.55,1539.85,24168.0,1805.7,2015,-65,5,7920107.0,3,F1,65,,,,,
2026-06-18,2026-06-18,FO,NSE,IDO,61380,,NIFTY,,2026-08-25,2026-08-25,22400.0,CE,NIFTY26AUG22400CE,0.0,0.0,0.0,1672.0,1672.0,1672.0,24168.0,2141.1,65,0,0,0.0,0,F1,65,,,,,
2026-06-18,2026-06-18,FO,NSE,IDO,61372,,NIFTY,,2026-08-25,2026-08-25,22250.0,CE,NIFTY26AUG22250CE,0.0,0.0,0.0,1585.4,1585.4,1585.4,24168.0,2272.15,65,0,0,0.0,0,F1,65,,,,,
2026-06-18,2026-06-18,FO,NSE,IDO,61366,,NIFTY,,2026-08-25,2026-08-25,22200.0,CE,NIFTY26AUG22200CE,0.0,0.0,0.0,1486.1,1486.1,1486.1,24168.0,2316.4,65,0,0,0.0,0,F1,65,,,,,
2026-06-18,2026-06-18,FO,NSE,IDO,61352,,NIFTY,,2026-08-25,2026-08-25,22000.0,CE,NIFTY26AUG22000CE,2328.0,2425.0,2250.0,2422.2,2420.0,2290.0,24168.0,2422.2,25675,3640,65,103116968.5,42,F1,65,,,,,
2026-06-18,2026-06-18,FO,NSE,IDO,64006,,NIFTY,,2026-07-28,2026-07-28,25600.0,CE,NIFTY26JUL25600CE,33.75,40.15,33.15,38.3,40.15,33.45,24168.0,38.3,70785,4485,1701,2834431063.75,1427,F1,65,,,,,
2026-06-18,2026-06-18,FO,NSE,IDO,63973,,NIFTY,,2026-07-28,2026-07-28,24850.0,CE,NIFTY26JUL24850CE,136.0,164.3,135.95,157.8,163.7,138.8,24168.0,157.8,21580,195,356,578452052.75,269,F1,65,,,,,
2026-06-18,2026-06-18,FO,NSE,IDO,63949,,NIFTY,,2026-07-28,2026-07-28,24250.0,CE,NIFTY26JUL24250CE,366.75,412.9,352.2,406.9,411.0,367.65,24168.0,406.9,23010,-520,388,621275453.5,242,F1,65,,,,,
2026-06-18,2026-06-18,FO,NSE,IDO,63923,,NIFTY,,2026-07-28,2026-07-28,23650.0,CE,NIFTY26JUL23650CE,747.55,800.75,710.0,800.75,800.75,740.75,24168.0,800.75,4030,-390,25,39644884.5,22,F1,65,,,,,
2026-06-18,2026-06-18,FO,NSE,IDO,63857,,NIFTY,,2026-07-28,2026-07-28,22050.0,CE,NIFTY26JUL22050CE,0.0,0.0,0.0,1838.9,1838.9,1838.9,24168.0,2299.35,65,0,0,0.0,0,F1,65,,,,,
2026-06-18,2026-06-18,FO,NSE,IDO,63842,,NIFTY,,2026-07-28,2026-07-28,21700.0,CE,NIFTY26JUL21700CE,0.0,0.0,0.0,2130.0,2130.0,2130.0,24168.0,2635.5,130,0,0,0.0,0,F1,65,,,,,
2026-06-18,2026-06-18,FO,NSE,IDO,63819,,NIFTY,,2026-07-28,2026-07-28,21300.0,CE,NIFTY26JUL21300CE,0.0,0.0,0.0,3055.35,0.0,3055.35,24168.0,3026.3,0,0,0,0.0,0,F1,65,,,,,
2026-06-18,2026-06-18,FO,NSE,IDO,63813,,NIFTY,,2026-07-28,2026-07-28,21150.0,CE,NIFTY26JUL21150CE,0.0,0.0,0.0,2502.7,2502.7,2502.7,24168.0,3173.9,130,0,0,0.0,0,F1,65,,,,,
2026-06-18,2026-06-18,FO,NSE,IDO,57432,,NIFTY,,2026-07-21,2026-07-21,25550.0,CE,NIFTY2672125550CE,0.0,0.0,0.0,96.65,0.0,96.65,24168.0,114.95,0,0,0,0.0,0,F1,65,,,,,
2026-06-18,2026-06-18,FO,NSE,IDO,57404,,NIFTY,,2026-07-21,2026-07-21,25200.0,CE,NIFTY2672125200CE,0.0,0.0,0.0,154.95,0.0,154.95,24168.0,183.55,0,0,0,0.0,0,F1,65,,,,,
2026-06-18,2026-06-18,FO,NSE,IDO,57386,,NIFTY,,2026-07-21,2026-07-21,24850.0,CE,NIFTY2672124850CE,0.0,0.0,0.0,238.35,0.0,238.35,24168.0,280.75,0,0,0,0.0,0,F1,65,,,,,
2026-06-18,2026-06-18,FO,NSE,IDO,57375,,NIFTY,,2026-07-21,2026-07-21,24800.0,CE,NIFTY2672124800CE,0.0,0.0,0.0,252.7,0.0,252.7,24168.0,297.35,0,0,0,0.0,0,F1,65,,,,,
2026-06-18,2026-06-18,FO,NSE,IDO,57317,,NIFTY,,2026-07-21,2026-07-21,23450.0,CE,NIFTY2672123450CE,0.0,0.0,0.0,913.8,0.0,913.8,24168.0,1033.4,0,0,0,0.0,0,F1,65,,,,,
2026-06-18,2026-06-18,FO,NSE,IDO,57315,,NIFTY,,2026-07-21,2026-07-21,23400.0,CE,NIFTY2672123400CE,0.0,0.0,0.0,948.7,0.0,948.7,24168.0,1071.0,0,0,0,0.0,0,F1,65,,,,,
2026-06-18,2026-06-18,FO,NSE,IDO,57277,,NIFTY,,2026-07-21,2026-07-21,22450.0,CE,NIFTY2672122450CE,0.0,0.0,0.0,1722.15,0.0,1722.15,24168.0,1884.05,0,0,0,0.0,0,F1,65,,,,,
2026-06-18,2026-06-18,FO,NSE,IDO,51479,,NIFTY,,2026-07-14,2026-07-14,25600.0,CE,NIFTY2671425600CE,0.0,0.0,0.0,23.65,0.0,23.65,24168.0,69.35,0,0,0,0.0,0,F1,65,,,,,
2026-06-18,2026-06-18,FO,NSE,IDO,51477,,NIFTY,,2026-07-14,2026-07-14,25550.0,CE,NIFTY2671425550CE,0.0,0.0,0.0,25.8,0.0,25.8,24168.0,75.5,0,0,0,0.0,0,F1,65,,,,,
2026-06-18,2026-06-18,FO,NSE,IDO,51440,,NIFTY,,2026-07-14,2026-07-14,25150.0,PE,NIFTY2671425150PE,0.0,0.0,0.0,1811.45,0.0,1811.45,24168.0,1014.05,0,0,0,0.0,0,F1,65,,,,,
2026-06-18,2026-06-18,FO,NSE,IDO,51476,,NIFTY,,2026-07-14,2026-07-14,25500.0,PE,NIFTY2671425500PE,0.0,0.0,0.0,2137.1,0.0,2137.1,24168.0,1302.4,0,0,0,0.0,0,F1,65,,,,,
2026-06-18,2026-06-18,FO,NSE,IDO,51494,,NIFTY,,2026-07-14,2026-07-14,25850.0,PE,NIFTY2671425850PE,0.0,0.0,0.0,2471.9,0.0,2471.9,24168.0,1613.5,0,0,0,0.0,0,F1,65,,,,,
2026-06-18,2026-06-18,FO,NSE,IDO,57339,,NIFTY,,2026-07-21,2026-07-21,23950.0,PE,NIFTY2672123950PE,256.65,260.8,238.45,241.95,241.95,424.8,24168.0,334.35,390,390,24,37758230.25,13,F1,65,,,,,
2026-06-18,2026-06-18,FO,NSE,IDO,57343,,NIFTY,,2026-07-21,2026-07-21,24050.0,PE,NIFTY2672124050PE,294.4,311.4,274.15,290.55,290.55,471.55,24168.0,375.15,1170,1170,44,69626436.75,28,F1,65,,,,,
2026-06-18,2026-06-18,FO,NSE,IDO,57349,,NIFTY,,2026-07-21,2026-07-21,24200.0,PE,NIFTY2672124200PE,361.45,381.05,297.75,305.0,305.75,547.3,24168.0,305.0,1755,1755,70,111756186.75,49,F1,65,,,,,
2026-06-18,2026-06-18,FO,NSE,IDO,57391,,NIFTY,,2026-07-21,2026-07-21,24900.0,PE,NIFTY2672124900PE,0.0,0.0,0.0,988.85,0.0,988.85,24168.0,848.05,0,0,0,0.0,0,F1,65,,,,,
2026-06-18,2026-06-18,FO,NSE,IDO,57449,,NIFTY,,2026-07-21,2026-07-21,25800.0,PE,NIFTY2672125800PE,0.0,0.0,0.0,1726.15,0.0,1726.15,24168.0,1557.9,0,0,0,0.0,0,F1,65,,,,,
2026-06-18,2026-06-18,FO,NSE,IDO,63814,,NIFTY,,2026-07-28,2026-07-28,21150.0,PE,NIFTY26JUL21150PE,12.5,14.0,10.65,12.15,12.15,12.3,24168.0,12.15,9685,-7865,255,350766533.0,79,F1,65,,,,,
2026-06-18,2026-06-18,FO,NSE,IDO,63856,,NIFTY,,2026-07-28,2026-07-28,22000.0,PE,NIFTY26JUL22000PE,26.45,26.45,21.05,22.35,23.25,25.75,24168.0,22.35,1546090,54080,16637,23815372464.0,8740,F1,65,,,,,
2026-06-18,2026-06-18,FO,NSE,IDO,63862,,NIFTY,,2026-07-28,2026-07-28,22150.0,PE,NIFTY26JUL22150PE,26.6,27.8,24.05,24.6,25.15,30.4,24168.0,24.6,10010,-1300,91,131169158.25,46,F1,65,,,,,
2026-06-18,2026-06-18,FO,NSE,IDO,63890,,NIFTY,,2026-07-28,2026-07-28,22850.0,PE,NIFTY26JUL22850PE,66.0,66.95,54.2,55.25,55.55,71.4,24168.0,55.25,11830,3120,283,421465456.75,228,F1,65,,,,,
2026-06-18,2026-06-18,FO,NSE,IDO,63900,,NIFTY,,2026-07-28,2026-07-28,23100.0,PE,NIFTY26JUL23100PE,90.05,99.6,75.9,77.8,76.1,100.1,24168.0,77.8,235365,45045,5087,7666374579.5,3898,F1,65,,,,,
2026-06-18,2026-06-18,FO,NSE,IDO,63904,,NIFTY,,2026-07-28,2026-07-28,23200.0,PE,NIFTY26JUL23200PE,105.0,113.5,86.3,87.9,87.95,114.6,24168.0,87.9,338390,77090,7152,10830425274.5,5274,F1,65,,,,,
2026-06-18,2026-06-18,FO,NSE,IDO,63948,,NIFTY,,2026-07-28,2026-07-28,24200.0,PE,NIFTY26JUL24200PE,379.8,421.85,331.0,338.25,333.75,399.4,24168.0,338.25,180570,85735,4240,6771289619.25,3175,F1,65,,,,,
2026-06-18,2026-06-18,FO,NSE,IDO,63997,,NIFTY,,2026-07-28,2026-07-28,25350.0,PE,NIFTY26JUL25350PE,0.0,0.0,0.0,1415.05,1415.05,1415.05,24168.0,1194.8,65,0,0,0.0,0,F1,65,,,,,
2026-06-18,2026-06-18,FO,NSE,IDO,61410,,NIFTY,,2026-08-25,2026-08-25,22700.0,PE,NIFTY26AUG22700PE,105.7,108.95,89.45,90.65,89.75,112.0,24168.0,90.65,33540,2665,430,637204980.75,302,F1,65,,,,,
2026-06-18,2026-06-18,FO,NSE,IDO,61423,,NIFTY,,2026-08-25,2026-08-25,22850.0,PE,NIFTY26AUG22850PE,115.25,120.35,104.9,107.7,105.5,135.05,24168.0,107.7,7085,1690,40,59698499.25,23,F1,65,,,,,
2026-06-18,2026-06-18,FO,NSE,IDO,61866,,NIFTY,,2026-08-25,2026-08-25,24950.0,PE,NIFTY26AUG24950PE,0.0,0.0,0.0,1354.25,1354.25,1354.25,24168.0,984.1,0,0,0,0.0,0,F1,65,,,,,
2026-06-18,2026-06-18,FO,NSE,IDO,61934,,NIFTY,,2026-08-25,2026-08-25,25250.0,PE,NIFTY26AUG25250PE,0.0,0.0,0.0,1736.2,1736.2,1736.2,24168.0,1176.15,65,0,0,0.0,0,F1,65,,,,,
2026-06-18,2026-06-18,FO,NSE,IDO,61980,,NIFTY,,2026-08-25,2026-08-25,25600.0,PE,NIFTY26AUG25600PE,0.0,0.0,0.0,1658.25,0.0,1658.25,24168.0,1421.65,0,0,0,0.0,0,F1,65,,,,,
2026-06-18,2026-06-18,FO,NSE,IDO,65882,,NIFTY,,2026-09-29,2026-09-29,15000.0,PE,NIFTY26SEP15000PE,7.05,7.3,5.5,5.5,5.5,7.4,24168.0,0.0,12285,1105,58,56574583.0,15,F1,65,,,,,
2026-06-18,2026-06-18,FO,NSE,IDO,55285,,NIFTY,,2026-09-29,2026-09-29,22500.0,PE,NIFTY26SEP22500PE,149.45,150.05,123.1,127.05,124.05,150.0,24168.0,127.05,921570,-26325,4514,6641441072.5,2543,F1,65,,,,,
2026-06-18,2026-06-18,FO,NSE,IDO,65907,,NIFTY,,2026-09-29,2026-09-29,27000.0,PE,NIFTY26SEP27000PE,2470.3,2549.7,2385.05,2397.05,2390.15,2494.95,24168.0,2397.05,609730,83785,1496,2864992607.75,1420,F1,65,,,,,
2026-06-18,2026-06-18,FO,NSE,IDO,55291,,NIFTY,,2026-09-29,2026-09-29,31500.0,PE,NIFTY26SEP31500PE,0.0,0.0,0.0,4341.2,0.0,4341.2,24168.0,6750.8,0,0,0,0.0,0,F1,65,,,,,
2026-06-18,2026-06-18,FO,NSE,IDO,80191,,NIFTY,,2027-03-30,2027-03-30,16500.0,PE,NIFTY27MAR16500PE,0.0,0.0,0.0,13.6,0.0,13.6,24168.0,1.9,0,0,0,0.0,0,F1,65,,,,,
2026-06-18,2026-06-18,FO,NSE,IDO,71550,,NIFTY,,2027-06-29,2027-06-29,19000.0,PE,NIFTY27JUN19000PE,0.0,0.0,0.0,195.0,195.0,195.0,24168.0,55.3,1135,0,0,0.0,0,F1,65,,,,,
2026-06-18,2026-06-18,FO,NSE,IDO,55373,,NIFTY,,2027-06-29,2027-06-29,19500.0,PE,NIFTY27JUN19500PE,0.0,0.0,0.0,17.3,0.0,17.3,24168.0,80.55,0,0,0,0.0,0,F1,65,,,,,
2026-06-18,2026-06-18,FO,NSE,IDO,53604,,NIFTY,,2027-12-28,2027-12-28,18000.0,PE,NIFTY27DEC18000PE,0.0,0.0,0.0,181.05,195.0,181.05,24168.0,50.95,11915,0,0,0.0,0,F1,65,,,,,
2026-06-18,2026-06-18,FO,NSE,IDO,53606,,NIFTY,,2027-12-28,2027-12-28,19000.0,PE,NIFTY27DEC19000PE,0.0,0.0,0.0,228.45,228.05,228.45,24168.0,98.05,1910,0,0,0.0,0,F1,65,,,,,
2026-06-18,2026-06-18,FO,NSE,IDO,53611,,NIFTY,,2027-12-28,2027-12-28,20000.0,PE,NIFTY27DEC20000PE,310.0,310.0,288.0,289.6,288.0,307.0,24168.0,289.6,19660,-520,81,106903069.0,70,F1,65,,,,,
2026-06-18,2026-06-18,FO,NSE,IDO,55479,,NIFTY,,2028-06-27,2028-06-27,28500.0,PE,NIFTY28JUN28500PE,0.0,0.0,0.0,1560.85,0.0,1560.85,24168.0,2779.75,0,0,0,0.0,0,F1,65,,,,,
2026-06-18,2026-06-18,FO,NSE,IDO,67779,,NIFTY,,2028-12-26,2028-12-26,22000.0,PE,NIFTY28DEC22000PE,0.0,0.0,0.0,662.0,662.0,662.0,24168.0,520.1,7980,0,0,0.0,0,F1,65,,,,,
2026-06-18,2026-06-18,FO,NSE,IDO,55763,,NIFTY,,2030-12-31,2030-12-31,30000.0,PE,NIFTY30DEC30000PE,0.0,0.0,0.0,1450.1,0.0,1450.1,24168.0,2471.45,0,0,0,0.0,0,F1,65,,,,,
2026-06-18,2026-06-18,FO,NSE,IDO,51409,,NIFTY,,2026-07-14,2026-07-14,24800.0,CE,NIFTY2671424800CE,0.0,0.0,0.0,86.5,0.0,86.5,24168.0,232.8,0,0,0,0.0,0,F1,65,,,,,
2026-06-18,2026-06-18,FO,NSE,IDO,51403,,NIFTY,,2026-07-14,2026-07-14,24650.0,CE,NIFTY2671424650CE,0.0,0.0,0.0,107.5,0.0,107.5,24168.0,282.9,0,0,0,0.0,0,F1,65,,,,,
2026-06-18,2026-06-18,FO,NSE,IDO,51397,,NIFTY,,2026-07-14,2026-07-14,24550.0,CE,NIFTY2671424550CE,0.0,0.0,0.0,123.7,0.0,123.7,24168.0,320.45,0,0,0,0.0,0,F1,65,,,,,
2026-06-18,2026-06-18,FO,NSE,IDO,51389,,NIFTY,,2026-07-14,2026-07-14,24400.0,CE,NIFTY2671424400CE,215.05,229.15,174.6,214.2,228.55,202.65,24168.0,214.2,8775,3965,350,559639707.25,251,F1,65,,,,,
2026-06-18,2026-06-18,FO,NSE,IDO,51339,,NIFTY,,2026-07-14,2026-07-14,23300.0,CE,NIFTY2671423300CE,0.0,0.0,0.0,800.0,800.0,800.0,24168.0,1080.45,520,0,0,0.0,0,F1,65,,,,,
2026-06-18,2026-06-18,FO,NSE,IDO,51327,,NIFTY,,2026-07-14,2026-07-14,23150.0,CE,NIFTY2671423150CE,0.0,0.0,0.0,996.55,996.55,996.55,24168.0,1203.9,585,0,0,0.0,0,F1,65,,,,,
2026-06-18,2026-06-18,FO,NSE,IDO,51293,,NIFTY,,2026-07-14,2026-07-14,22700.0,CE,NIFTY2671422700CE,0.0,0.0,0.0,896.9,0.0,896.9,24168.0,1601.65,0,0,0,0.0,0,F1,65,,,,,
2026-06-18,2026-06-18,FO,NSE,IDO,51259,,NIFTY,,2026-07-14,2026-07-14,22200.0,CE,NIFTY2671422200CE,0.0,0.0,0.0,1278.4,0.0,1278.4,24168.0,2075.55,0,0,0,0.0,0,F1,65,,,,,
2026-06-18,2026-06-18,FO,NSE,IDO,51235,,NIFTY,,2026-07-14,2026-07-14,21850.0,CE,NIFTY2671421850CE,0.0,0.0,0.0,1578.2,0.0,1578.2,24168.0,2417.6,0,0,0,0.0,0,F1,65,,,,,
2026-06-18,2026-06-18,FO,NSE,IDO,44734,,NIFTY,,2026-07-07,2026-07-07,26000.0,CE,NIFTY2670726000CE,6.0,6.6,4.5,5.05,5.6,5.95,24168.0,5.05,41470,19955,734,1240727179.25,374,F1,65,,,,,
2026-06-18,2026-06-18,FO,NSE,IDO,44730,,NIFTY,,2026-07-07,2026-07-07,25900.0,CE,NIFTY2670725900CE,5.85,6.0,4.8,5.45,5.0,5.9,24168.0,5.45,2015,975,38,63986737.75,25,F1,65,,,,,
2026-06-18,2026-06-18,FO,NSE,IDO,44702,,NIFTY,,2026-07-07,2026-07-07,25450.0,CE,NIFTY2670725450CE,12.5,12.5,10.05,10.95,11.55,12.95,24168.0,10.95,5655,130,35,57925166.0,13,F1,65,,,,,
2026-06-18,2026-06-18,FO,NSE,IDO,44676,,NIFTY,,2026-07-07,2026-07-07,24850.0,CE,NIFTY2670724850CE,47.85,53.85,39.9,50.8,53.85,47.45,24168.0,50.8,13195,4615,472,763794859.75,355,F1,65,,,,,
2026-06-18,2026-06-18,FO,NSE,IDO,44674,,NIFTY,,2026-07-07,2026-07-07,24800.0,CE,NIFTY2670724800CE,53.85,62.0,45.25,58.85,62.0,53.8,24168.0,58.85,96980,29315,3444,5563541145.5,2528,F1,65,,,,,
2026-06-18,2026-06-18,FO,NSE,IDO,44668,,NIFTY,,2026-07-07,2026-07-07,24650.0,CE,NIFTY2670724650CE,78.15,93.25,68.85,86.4,92.55,103.1,24168.0,86.4,6110,5980,404,649424603.75,343,F1,65,,,,,
2026-06-18,2026-06-18,FO,NSE,IDO,44666,,NIFTY,,2026-07-07,2026-07-07,24600.0,CE,NIFTY2670724600CE,89.3,105.65,77.8,100.65,104.7,91.85,24168.0,100.65,47840,-7410,3247,5211082685.25,2553,F1,65,,,,,
2026-06-18,2026-06-18,FO,NSE,IDO,44642,,NIFTY,,2026-07-07,2026-07-07,24250.0,CE,NIFTY2670724250CE,204.0,240.4,179.65,228.75,240.3,208.7,24168.0,228.75,20540,7540,1304,2073739726.5,996,F1,65,,,,,
2026-06-18,2026-06-18,FO,NSE,IDO,44633,,NIFTY,,2026-07-07,2026-07-07,24100.0,CE,NIFTY2670724100CE,279.5,325.0,245.75,308.35,325.0,282.3,24168.0,308.35,54925,10465,5197,8236202887.25,4036,F1,65,,,,,
2026-06-18,2026-06-18,FO,NSE,IDO,44592,,NIFTY,,2026-07-07,2026-07-07,23600.0,CE,NIFTY2670723600CE,625.85,698.3,581.95,672.55,698.3,622.55,24168.0,672.55,10205,-5785,206,324587506.75,190,F1,65,,,,,
2026-06-18,2026-06-18,FO,NSE,IDO,44574,,NIFTY,,2026-07-07,2026-07-07,23300.0,CE,NIFTY2670723300CE,820.4,961.0,820.35,945.65,961.0,865.75,24168.0,945.65,42640,130,117,183580036.25,81,F1,65,,,,,
2026-06-18,2026-06-18,FO,NSE,IDO,44550,,NIFTY,,2026-07-07,2026-07-07,22850.0,CE,NIFTY2670722850CE,1297.2,1297.2,1297.2,1297.2,1297.2,1155.9,24168.0,1417.45,325,-65,1,1569568.0,1,F1,65,,,,,
2026-06-18,2026-06-18,FO,NSE,IDO,44544,,NIFTY,,2026-07-07,2026-07-07,22700.0,CE,NIFTY2670722700CE,0.0,0.0,0.0,1080.05,0.0,1080.05,24168.0,1558.3,0,0,0,0.0,0,F1,65,,,,,
2026-06-18,2026-06-18,FO,NSE,IDO,44522,,NIFTY,,2026-07-07,2026-07-07,22400.0,CE,NIFTY2670722400CE,0.0,0.0,0.0,1318.1,0.0,1318.1,24168.0,1847.05,0,0,0,0.0,0,F1,65,,,,,
2026-06-18,2026-06-18,FO,NSE,IDO,44512,,NIFTY,,2026-07-07,2026-07-07,22150.0,CE,NIFTY2670722150CE,0.0,0.0,0.0,1530.9,0.0,1530.9,24168.0,2092.2,0,0,0,0.0,0,F1,65,,,,,
2026-06-18,2026-06-18,FO,NSE,IDO,44510,,NIFTY,,2026-07-07,2026-07-07,22100.0,CE,NIFTY2670722100CE,0.0,0.0,0.0,1574.8,0.0,1574.8,24168.0,2141.5,0,0,0,0.0,0,F1,65,,,,,
2026-06-18,2026-06-18,FO,NSE,IDO,44479,,NIFTY,,2026-07-07,2026-07-07,21900.0,CE,NIFTY2670721900CE,0.0,0.0,0.0,1754.15,0.0,1754.15,24168.0,2339.45,0,0,0,0.0,0,F1,65,,,,,
2026-06-18,2026-06-18,FO,NSE,IDO,50545,,NIFTY,,2026-06-30,2026-06-30,28000.0,CE,NIFTY26JUN28000CE,1.2,1.3,0.9,1.05,0.9,1.1,24168.0,1.05,1358635,21870,2427,4417313296.5,868,F1,65,,,,,
2026-06-18,2026-06-18,FO,NSE,IDO,79958,,NIFTY,,2026-06-30,2026-06-30,26450.0,CE,NIFTY26JUN26450CE,1.7,2.1,1.6,1.8,2.1,1.95,24168.0,1.8,21385,1820,52,89406954.0,24,F1,65,,,,,
2026-06-18,2026-06-18,FO,NSE,IDO,79848,,NIFTY,,2026-06-30,2026-06-30,25850.0,CE,NIFTY26JUN25850CE,3.55,3.75,2.3,2.8,2.5,3.95,24168.0,2.8,41015,15665,637,1070451632.25,438,F1,65,,,,,
2026-06-18,2026-06-18,FO,NSE,IDO,79840,,NIFTY,,2026-06-30,2026-06-30,25650.0,CE,NIFTY26JUN25650CE,4.35,4.85,3.05,3.8,3.05,5.15,24168.0,3.8,48165,4290,1500,2501267223.0,869,F1,65,,,,,
2026-06-18,2026-06-18,FO,NSE,IDO,79760,,NIFTY,,2026-06-30,2026-06-30,24700.0,CE,NIFTY26JUN24700CE,36.5,40.05,26.2,36.0,39.9,36.8,24168.0,36.0,1633905,389220,46671,75026665164.75,31103,F1,65,,,,,
2026-06-18,2026-06-18,FO,NSE,IDO,79742,,NIFTY,,2026-06-30,2026-06-30,24350.0,CE,NIFTY26JUN24350CE,108.35,131.2,83.85,116.9,125.3,108.35,24168.0,116.9,271180,104000,17595,27968084397.5,13191,F1,65,,,,,
2026-06-18,2026-06-18,FO,NSE,IDO,79450,,NIFTY,,2026-06-30,2026-06-30,20950.0,CE,NIFTY26JUN20950CE,0.0,0.0,0.0,2290.0,2290.0,2290.0,24168.0,3260.4,65,0,0,0.0,0,F1,65,,,,,
2026-06-18,2026-06-18,FO,NSE,IDO,79425,,NIFTY,,2026-06-30,2026-06-30,20800.0,CE,NIFTY26JUN20800CE,0.0,0.0,0.0,2706.9,2703.35,2706.9,24168.0,3410.1,65,0,0,0.0,0,F1,65,,,,,
2026-06-18,2026-06-18,FO,NSE,IDO,56436,,NIFTY,,2026-06-23,2026-06-23,25100.0,CE,NIFTY2662325100CE,2.55,3.15,1.5,1.8,1.9,3.15,24168.0,1.8,3351725,459550,374228,610606744764.25,63454,F1,65,,,,,
2026-06-18,2026-06-18,FO,NSE,IDO,56404,,NIFTY,,2026-06-23,2026-06-23,24600.0,CE,NIFTY2662324600CE,14.25,15.6,8.9,11.9,13.8,17.3,24168.0,11.9,3842540,1168180,458521,733512517835.5,133244,F1,65,,,,,
2026-06-18,2026-06-18,FO,NSE,IDO,56386,,NIFTY,,2026-06-23,2026-06-23,24300.0,CE,NIFTY2662324300CE,57.8,70.0,38.7,61.75,69.55,64.4,24168.0,61.75,5129345,1621880,1231245,1948845797284.75,499484,F1,65,,,,,
2026-06-18,2026-06-18,FO,NSE,IDO,56372,,NIFTY,,2026-06-23,2026-06-23,24000.0,CE,NIFTY2662324000CE,180.3,235.0,142.0,217.15,232.75,191.55,24168.0,217.15,4635995,-1794195,1541041,2421999134282.0,901575,F1,65,,,,,
2026-06-18,2026-06-18,FO,NSE,IDO,56332,,NIFTY,,2026-06-23,2026-06-23,23600.0,CE,NIFTY2662323600CE,518.5,595.2,434.75,579.2,592.35,498.5,24168.0,579.2,837265,-129285,22359,35024405741.0,11286,F1,65,,,,,
2026-06-18,2026-06-18,FO,NSE,IDO,56303,,NIFTY,,2026-06-23,2026-06-23,23400.0,CE,NIFTY2662323400CE,719.25,796.5,625.0,776.05,787.6,686.95,24168.0,776.05,765830,-100490,3191,4999332029.25,2129,F1,65,,,,,
2026-06-18,2026-06-18,FO,NSE,IDO,56283,,NIFTY,,2026-06-23,2026-06-23,23150.0,CE,NIFTY2662323150CE,926.0,1047.0,881.95,1037.7,1040.8,934.05,24168.0,1037.7,46865,-3250,65,101796249.75,54,F1,65,,,,,
2026-06-18,2026-06-18,FO,NSE,IDO,56266,,NIFTY,,2026-06-23,2026-06-23,22750.0,CE,NIFTY2662322750CE,1350.35,1353.1,1309.8,1341.55,1341.55,1311.1,24168.0,1437.35,1950,-390,6,9395759.75,6,F1,65,,,,,
2026-06-18,2026-06-18,FO,NSE,IDO,56254,,NIFTY,,2026-06-23,2026-06-23,22600.0,CE,NIFTY2662322600CE,1510.0,1510.0,1467.0,1510.0,1510.0,1469.7,24168.0,1587.15,2990,-390,34,53212555.5,18,F1,65,,,,,
2026-06-18,2026-06-18,FO,NSE,IDO,56171,,NIFTY,,2026-06-23,2026-06-23,21300.0,CE,NIFTY2662321300CE,0.0,0.0,0.0,2448.05,0.0,2448.05,24168.0,2886.0,0,0,0,0.0,0,F1,65,,,,,
2026-06-18,2026-06-18,FO,NSE,IDO,56167,,NIFTY,,2026-06-23,2026-06-23,21200.0,CE,NIFTY2662321200CE,0.0,0.0,0.0,2545.4,0.0,2545.4,24168.0,2985.9,0,0,0,0.0,0,F1,65,,,,,
2026-06-18,2026-06-18,FO,NSE,IDF,62329,,NIFTY,,2026-06-30,2026-06-30,,,NIFTY26JUNFUT,24105.5,24210.0,24032.7,24192.5,24209.0,24094.0,24168.0,24192.5,16511170,-295945,44358,69572871933.5,28698,F1,65,,,,,
2026-06-18,2026-06-18,FO,NSE,IDO,79473,,NIFTY,,2026-06-30,2026-06-30,21500.0,PE,NIFTY26JUN21500PE,3.55,3.6,2.9,3.4,3.3,3.75,24168.0,3.4,1722305,346840,16927,23659158903.25,4251,F1,65,,,,,
2026-06-18,2026-06-18,FO,NSE,IDO,79455,,NIFTY,,2026-06-30,2026-06-30,21100.0,PE,NIFTY26JUN21100PE,3.35,3.35,2.5,3.05,3.0,3.35,24168.0,3.05,54665,1755,570,781859458.25,439,F1,65,,,,,
2026-06-18,2026-06-18,FO,NSE,IDO,79398,,NIFTY,,2026-06-30,2026-06-30,20550.0,PE,NIFTY26JUN20550PE,1.75,2.85,1.65,1.9,1.65,2.55,24168.0,1.9,4290,-780,95,126910589.0,60,F1,65,,,,,
2026-06-18,2026-06-18,FO,NSE,IDO,79388,,NIFTY,,2026-06-30,2026-06-30,20500.0,PE,NIFTY26JUN20500PE,3.05,3.05,1.6,2.05,1.75,2.55,24168.0,2.05,662805,-29705,4426,5898369629.75,2084,F1,65,,,,,
2026-06-18,2026-06-18,FO,NSE,IDO,79386,,NIFTY,,2026-06-30,2026-06-30,20450.0,PE,NIFTY26JUN20450PE,1.55,2.85,1.55,2.5,2.7,2.55,24168.0,2.5,6045,-2730,121,160854739.5,59,F1,65,,,,,
2026-06-18,2026-06-18,FO,NSE,IDO,39990,,NIFTY,,2026-06-30,2026-06-30,19000.0,PE,NIFTY26JUN19000PE,2.15,2.15,0.8,1.1,1.0,1.75,24168.0,1.1,1290780,-55575,2270,2803636195.75,547,F1,65,,,,,
2026-06-18,2026-06-18,FO,NSE,IDO,50448,,NIFTY,,2026-06-30,2026-06-30,15000.0,PE,NIFTY26JUN15000PE,0.9,1.3,0.6,0.75,0.65,0.9,24168.0,0.75,157230,4550,551,537257178.25,102,F1,65,,,,,
2026-06-18,2026-06-18,FO,NSE,IDO,56503,,NIFTY,,2026-06-23,2026-06-23,26150.0,PE,NIFTY2662326150PE,0.0,0.0,0.0,2404.65,0.0,2404.65,24168.0,1959.95,0,0,0,0.0,0,F1,65,,,,,
2026-06-18,2026-06-18,FO,NSE,IDO,56463,,NIFTY,,2026-06-23,2026-06-23,25550.0,PE,NIFTY2662325550PE,0.0,0.0,0.0,1440.5,1440.5,1440.5,24168.0,1360.95,585,0,0,0.0,0,F1,65,,,,,
2026-06-18,2026-06-18,FO,NSE,IDO,55422,,NIFTY,,2027-12-28,2027-12-28,19500.0,CE,NIFTY27DEC19500CE,0.0,0.0,0.0,8684.7,0.0,8684.7,24168.0,6679.5,0,0,0,0.0,0,F1,65,,,,,
2026-06-18,2026-06-18,FO,NSE,IDO,56326,,NIFTY,,2026-06-23,2026-06-23,23550.0,CE,NIFTY2662323550CE,574.95,645.95,482.8,628.25,642.45,545.2,24168.0,628.25,57525,-21320,2660,4167449754.0,1583,F1,65,,,,,
2026-06-18,2026-06-18,FO,NSE,IDO,37810,,NIFTY,,2026-12-29,2026-12-29,23000.0,PE,NIFTY26DEC23000PE,347.65,349.5,297.0,302.6,298.75,347.7,24168.0,302.6,1818940,-199960,9054,13728079810.25,3413,F1,65,,,,,
2026-06-18,2026-06-18,FO,NSE,IDO,55283,,NIFTY,,2026-09-29,2026-09-29,19500.0,PE,NIFTY26SEP19500PE,29.0,29.85,27.15,27.6,27.6,30.55,24168.0,27.6,217750,8190,608,771744749.75,315,F1,65,,,,,
2026-06-18,2026-06-18,FO,NSE,IDO,61776,,NIFTY,,2026-08-25,2026-08-25,24600.0,PE,NIFTY26AUG24600PE,677.95,692.05,583.1,599.15,594.25,676.0,24168.0,599.15,1560,650,23,37705934.5,20,F1,65,,,,,
2026-06-18,2026-06-18,FO,NSE,IDO,61726,,NIFTY,,2026-08-25,2026-08-25,24400.0,PE,NIFTY26AUG24400PE,561.8,591.95,494.25,503.55,494.25,590.0,24168.0,503.55,2340,455,163,264250099.75,129,F1,65,,,,,
2026-06-18,2026-06-18,FO,NSE,IDO,61444,,NIFTY,,2026-08-25,2026-08-25,23150.0,PE,NIFTY26AUG23150PE,168.3,173.95,144.65,152.95,144.65,178.0,24168.0,152.95,2600,1105,26,39393552.25,15,F1,65,,,,,
2026-06-18,2026-06-18,FO,NSE,IDO,61431,,NIFTY,,2026-08-25,2026-08-25,23050.0,PE,NIFTY26AUG23050PE,143.55,158.35,130.35,130.65,130.95,159.85,24168.0,130.65,2470,1235,22,33172798.75,21,F1,65,,,,,
2026-06-18,2026-06-18,FO,NSE,IDO,61373,,NIFTY,,2026-08-25,2026-08-25,22250.0,PE,NIFTY26AUG22250PE,70.15,70.15,62.9,66.4,66.4,73.3,24168.0,81.05,1690,455,9,13054190.5,6,F1,65,,,,,
2026-06-18,2026-06-18,FO,NSE,IDO,61345,,NIFTY,,2026-08-25,2026-08-25,21850.0,PE,NIFTY26AUG21850PE,49.35,49.35,44.5,44.5,44.5,52.0,24168.0,46.85,195,-65,3,4269775.25,3,F1,65,,,,,
2026-06-18,2026-06-18,FO,NSE,IDO,63918,,NIFTY,,2026-07-28,2026-07-28,23550.0,PE,NIFTY26JUL23550PE,177.6,182.8,140.45,142.85,140.45,181.3,24168.0,142.85,16510,3770,303,466903264.75,240,F1,65,,,,,
2026-06-18,2026-06-18,FO,NSE,IDO,63902,,NIFTY,,2026-07-28,2026-07-28,23150.0,PE,NIFTY26JUL23150PE,104.9,104.95,80.4,81.5,80.6,107.45,24168.0,81.5,24245,12415,685,1034847502.0,402,F1,65,,,,,
2026-06-18,2026-06-18,FO,NSE,IDO,63886,,NIFTY,,2026-07-28,2026-07-28,22750.0,PE,NIFTY26JUL22750PE,61.0,61.05,46.9,48.55,49.15,63.3,24168.0,48.55,15210,5265,320,474301044.75,218,F1,65,,,,,
2026-06-18,2026-06-18,FO,NSE,IDO,63878,,NIFTY,,2026-07-28,2026-07-28,22550.0,PE,NIFTY26JUL22550PE,45.95,45.95,36.75,37.5,38.25,49.2,24168.0,37.5,21645,-910,124,182085367.75,75,F1,65,,,,,
2026-06-18,2026-06-18,FO,NSE,IDO,63860,,NIFTY,,2026-07-28,2026-07-28,22100.0,PE,NIFTY26JUL22100PE,24.8,26.25,22.65,24.3,25.45,28.1,24168.0,24.3,64350,-6045,1473,2118331335.25,1071,F1,65,,,,,
2026-06-18,2026-06-18,FO,NSE,IDO,63846,,NIFTY,,2026-07-28,2026-07-28,21750.0,PE,NIFTY26JUL21750PE,21.5,21.5,15.0,17.8,18.15,19.65,24168.0,17.8,20540,130,47,66499199.0,40,F1,65,,,,,
2026-06-18,2026-06-18,FO,NSE,IDO,57389,,NIFTY,,2026-07-21,2026-07-21,24850.0,PE,NIFTY2672124850PE,0.0,0.0,0.0,952.85,0.0,952.85,24168.0,814.25,0,0,0,0.0,0,F1,65,,,,,
2026-06-18,2026-06-18,FO,NSE,IDO,57355,,NIFTY,,2026-07-21,2026-07-21,24350.0,PE,NIFTY2672124350PE,0.0,0.0,0.0,630.0,0.0,630.0,24168.0,516.5,0,0,0,0.0,0,F1,65,,,,,
2026-06-18,2026-06-18,FO,NSE,IDO,57300,,NIFTY,,2026-07-21,2026-07-21,23000.0,PE,NIFTY2672123000PE,65.6,65.6,49.9,50.85,50.25,66.3,24168.0,50.85,10140,5785,220,329696779.75,151,F1,65,,,,,
2026-06-18,2026-06-18,FO,NSE,IDO,51510,,NIFTY,,2026-07-14,2026-07-14,26250.0,PE,NIFTY2671426250PE,0.0,0.0,0.0,2861.5,0.0,2861.5,24168.0,1987.85,0,0,0,0.0,0,F1,65,,,,,
2026-06-18,2026-06-18,FO,NSE,IDO,51444,,NIFTY,,2026-07-14,2026-07-14,25250.0,PE,NIFTY2671425250PE,0.0,0.0,0.0,1903.3,0.0,1903.3,24168.0,1093.65,0,0,0,0.0,0,F1,65,,,,,
2026-06-18,2026-06-18,FO,NSE,IDO,51422,,NIFTY,,2026-07-14,2026-07-14,25000.0,PE,NIFTY2671425000PE,868.35,923.4,825.1,825.15,825.1,903.8,24168.0,825.15,325,260,20,33642622.0,20,F1,65,,,,,
2026-06-18,2026-06-18,FO,NSE,IDO,51384,,NIFTY,,2026-07-14,2026-07-14,24250.0,PE,NIFTY2671424250PE,367.8,391.4,290.3,296.15,292.15,367.3,24168.0,296.15,5005,3510,107,170955294.25,79,F1,65,,,,,
2026-06-18,2026-06-18,FO,NSE,IDO,51365,,NIFTY,,2026-07-14,2026-07-14,23900.0,PE,NIFTY2671423900PE,226.1,226.2,163.4,169.45,164.25,219.9,24168.0,169.45,9815,2405,206,322554726.0,170,F1,65,,,,,
2026-06-18,2026-06-18,FO,NSE,IDO,51358,,NIFTY,,2026-07-14,2026-07-14,23750.0,PE,NIFTY2671423750PE,152.35,152.35,125.45,125.75,125.45,168.0,24168.0,125.75,455,195,6,9317405.5,6,F1,65,,,,,
2026-06-18,2026-06-18,FO,NSE,IDO,51308,,NIFTY,,2026-07-14,2026-07-14,22950.0,PE,NIFTY2671422950PE,39.2,39.25,30.65,31.05,30.7,44.55,24168.0,31.05,2730,1170,56,83659452.5,30,F1,65,,,,,
2026-06-18,2026-06-18,FO,NSE,IDO,51232,,NIFTY,,2026-07-14,2026-07-14,21750.0,PE,NIFTY2671421750PE,0.0,0.0,0.0,10.8,10.8,10.8,24168.0,2.9,130,0,0,0.0,0,F1,65,,,,,
2026-06-18,2026-06-18,FO,NSE,IDO,44737,,NIFTY,,2026-07-07,2026-07-07,26050.0,PE,NIFTY2670726050PE,0.0,0.0,0.0,2433.65,0.0,2433.65,24168.0,1811.6,0,0,0,0.0,0,F1,65,,,,,
2026-06-18,2026-06-18,FO,NSE,IDO,44735,,NIFTY,,2026-07-07,2026-07-07,26000.0,PE,NIFTY2670726000PE,1760.0,1760.0,1760.0,1760.0,1760.0,2385.6,24168.0,1760.0,65,65,1,1804400.0,1,F1,65,,,,,
2026-06-18,2026-06-18,FO,NSE,IDO,44695,,NIFTY,,2026-07-07,2026-07-07,25250.0,PE,NIFTY2670725250PE,0.0,0.0,0.0,1687.55,0.0,1687.55,24168.0,1076.45,0,0,0,0.0,0,F1,65,,,,,
2026-06-18,2026-06-18,FO,NSE,IDO,56358,,NIFTY,,2026-06-23,2026-06-23,23900.0,CE,NIFTY2662323900CE,250.35,317.1,199.8,295.6,314.9,255.2,24168.0,295.6,1548365,-688025,337005,528930988358.5,213015,F1,65,,,,,
2026-06-18,2026-06-18,FO,NSE,IDO,56460,,NIFTY,,2026-06-23,2026-06-23,25500.0,CE,NIFTY2662325500CE,1.45,1.7,0.9,1.0,0.95,1.45,24168.0,1.0,5919290,1463410,344690,571351170032.5,40437,F1,65,,,,,
2026-06-18,2026-06-18,FO,NSE,IDO,56500,,NIFTY,,2026-06-23,2026-06-23,26100.0,CE,NIFTY2662326100CE,0.8,1.35,0.55,0.65,0.6,0.8,24168.0,0.65,221845,-13845,25374,43048248187.75,5148,F1,65,,,,,
2026-06-18,2026-06-18,FO,NSE,IDO,55556,,NIFTY,,2029-06-26,2029-06-26,16500.0,CE,NIFTY29JUN16500CE,0.0,0.0,0.0,12587.95,0.0,12587.95,24168.0,10718.35,0,0,0,0.0,0,F1,65,,,,,
2026-06-18,2026-06-18,FO,NSE,IDO,44661,,NIFTY,,2026-07-07,2026-07-07,24450.0,PE,NIFTY2670724450PE,377.45,380.75,367.45,378.6,367.45,1027.6,24168.0,378.6,4225,4225,67,108128400.25,67,F1,65,,,,,
2026-06-18,2026-06-18,FO,NSE,IDO,44634,,NIFTY,,2026-07-07,2026-07-07,24100.0,PE,NIFTY2670724100PE,250.0,276.9,186.55,193.0,186.55,259.1,24168.0,193.0,55055,22165,3695,5843407131.25,2781,F1,65,,,,,
2026-06-18,2026-06-18,FO,NSE,IDO,44617,,NIFTY,,2026-07-07,2026-07-07,23900.0,PE,NIFTY2670723900PE,173.15,187.65,122.15,125.95,124.45,180.35,24168.0,125.95,85865,46540,2525,3947239962.25,2064,F1,65,,,,,
2026-06-18,2026-06-18,FO,NSE,IDO,44615,,NIFTY,,2026-07-07,2026-07-07,23850.0,PE,NIFTY2670723850PE,150.0,170.0,108.35,113.3,110.85,163.7,24168.0,113.3,27885,14170,573,893228960.0,454,F1,65,,,,,
2026-06-18,2026-06-18,FO,NSE,IDO,44569,,NIFTY,,2026-07-07,2026-07-07,23150.0,PE,NIFTY2670723150PE,36.5,36.5,24.45,25.65,25.7,39.7,24168.0,25.65,7150,-2080,151,227508895.25,97,F1,65,,,,,
2026-06-18,2026-06-18,FO,NSE,IDO,44521,,NIFTY,,2026-07-07,2026-07-07,22350.0,PE,NIFTY2670722350PE,9.15,10.25,6.55,7.85,7.65,11.15,24168.0,7.85,3120,-260,25,36332214.75,15,F1,65,,,,,
2026-06-18,2026-06-18,FO,NSE,IDO,44475,,NIFTY,,2026-07-07,2026-07-07,21800.0,PE,NIFTY2670721800PE,6.0,6.85,5.3,5.95,5.95,6.4,24168.0,5.95,6825,910,43,60946817.75,25,F1,65,,,,,
2026-06-18,2026-06-18,FO,NSE,IDO,50546,,NIFTY,,2026-06-30,2026-06-30,28000.0,PE,NIFTY26JUN28000PE,3900.0,3961.15,3797.0,3819.4,3797.0,3898.8,24168.0,3819.4,1158690,-5810,278,576152102.5,185,F1,65,,,,,
2026-06-18,2026-06-18,FO,NSE,IDO,79853,,NIFTY,,2026-06-30,2026-06-30,25950.0,PE,NIFTY26JUN25950PE,0.0,0.0,0.0,1899.9,1899.9,1899.9,24168.0,1733.15,1365,0,0,0.0,0,F1,65,,,,,
2026-06-18,2026-06-18,FO,NSE,IDO,79839,,NIFTY,,2026-06-30,2026-06-30,25600.0,PE,NIFTY26JUN25600PE,1470.0,1493.2,1470.0,1493.2,1493.2,1505.15,24168.0,1391.75,14040,-130,2,3520608.0,2,F1,65,,,,,
2026-06-18,2026-06-18,FO,NSE,IDO,55189,,NIFTY,,2026-06-30,2026-06-30,25500.0,PE,NIFTY26JUN25500PE,1410.0,1465.7,1296.1,1312.95,1296.1,1406.65,24168.0,1312.95,1617915,-15340,1064,1858143989.0,906,F1,65,,,,,
2026-06-18,2026-06-18,FO,NSE,IDO,79808,,NIFTY,,2026-06-30,2026-06-30,25150.0,PE,NIFTY26JUN25150PE,0.0,0.0,0.0,1901.6,1901.6,1901.6,24168.0,973.05,1235,0,0,0.0,0,F1,65,,,,,
2026-06-18,2026-06-18,FO,NSE,IDO,71475,,NIFTY,,2026-06-30,2026-06-30,25000.0,PE,NIFTY26JUN25000PE,909.85,972.55,806.55,822.7,809.15,917.35,24168.0,822.7,4356715,-72050,4456,7495643372.75,3628,F1,65,,,,,
2026-06-18,2026-06-18,FO,NSE,IDO,79802,,NIFTY,,2026-06-30,2026-06-30,24950.0,PE,NIFTY26JUN24950PE,0.0,0.0,0.0,1713.15,1713.15,1713.15,24168.0,800.6,845,0,0,0.0,0,F1,65,,,,,
2026-06-18,2026-06-18,FO,NSE,IDO,79773,,NIFTY,,2026-06-30,2026-06-30,24900.0,PE,NIFTY26JUN24900PE,816.5,860.0,714.35,727.3,717.2,818.8,24168.0,727.3,111475,2275,494,824581491.5,357,F1,65,,,,,
2026-06-18,2026-06-18,FO,NSE,IDO,79733,,NIFTY,,2026-06-30,2026-06-30,24100.0,PE,NIFTY26JUN24100PE,194.95,236.95,138.5,145.3,144.05,216.4,24168.0,145.3,1918345,1123655,112592,177728131633.0,76381,F1,65,,,,,
2026-06-18,2026-06-18,FO,NSE,IDO,79706,,NIFTY,,2026-06-30,2026-06-30,23650.0,PE,NIFTY26JUN23650PE,65.0,72.0,37.1,39.0,39.3,72.0,24168.0,39.0,262730,45370,16337,25169717348.75,10286,F1,65,,,,,
2026-06-18,2026-06-18,FO,NSE,IDO,79513,,NIFTY,,2026-06-30,2026-06-30,22100.0,PE,NIFTY26JUN22100PE,5.7,5.7,3.65,4.2,3.7,5.3,24168.0,4.2,171925,780,3681,5288779437.5,1876,F1,65,,,,,
2026-06-18,2026-06-18,FO,NSE,IDO,79504,,NIFTY,,2026-06-30,2026-06-30,21850.0,PE,NIFTY26JUN21850PE,4.1,4.35,3.15,3.8,3.2,4.5,24168.0,3.8,21710,-5460,450,639224641.25,200,F1,65,,,,,
2026-06-18,2026-06-18,FO,NSE,IDO,79469,,NIFTY,,2026-06-30,2026-06-30,21400.0,PE,NIFTY26JUN21400PE,3.0,3.9,2.45,3.35,2.6,3.7,24168.0,3.35,121550,20540,1293,1798840514.25,618,F1,65,,,,,
2026-06-18,2026-06-18,FO,NSE,IDO,56273,,NIFTY,,2026-06-23,2026-06-23,22900.0,PE,NIFTY2662322900PE,3.15,3.6,1.85,2.2,2.05,4.1,24168.0,2.2,3049670,919360,350521,521805542251.5,57474,F1,65,,,,,
2026-06-18,2026-06-18,FO,NSE,IDO,56275,,NIFTY,,2026-06-23,2026-06-23,22950.0,PE,NIFTY2662322950PE,3.9,3.9,2.0,2.4,2.15,4.35,24168.0,2.4,568620,-68575,114972,171528643533.0,26243,F1,65,,,,,
2026-06-18,2026-06-18,FO,NSE,IDO,56277,,NIFTY,,2026-06-23,2026-06-23,23000.0,PE,NIFTY2662323000PE,3.75,4.15,2.2,2.55,2.25,4.85,24168.0,2.55,7990710,183430,833929,1246873947998.25,129860,F1,65,,,,,
2026-06-18,2026-06-18,FO,NSE,IDO,56391,,NIFTY,,2026-06-23,2026-06-23,24400.0,PE,NIFTY2662324400PE,329.4,407.4,248.4,261.65,252.85,364.05,24168.0,261.65,350025,128050,60180,96722411851.0,40316,F1,65,,,,,
2026-06-18,2026-06-18,FO,NSE,IDO,56393,,NIFTY,,2026-06-23,2026-06-23,24450.0,PE,NIFTY2662324450PE,375.85,452.0,286.2,303.4,293.0,405.4,24168.0,303.4,50050,22945,8362,13488033971.75,6810,F1,65,,,,,
2026-06-18,2026-06-18,FO,NSE,IDO,56419,,NIFTY,,2026-06-23,2026-06-23,24700.0,PE,NIFTY2662324700PE,634.0,690.4,516.25,531.75,520.6,635.2,24168.0,531.75,39065,9685,1491,2451415941.0,1036,F1,65,,,,,
2026-06-18,2026-06-18,FO,NSE,IDO,56481,,NIFTY,,2026-06-23,2026-06-23,25800.0,PE,NIFTY2662325800PE,0.0,0.0,0.0,1850.0,1850.0,1850.0,24168.0,1610.35,585,0,0,0.0,0,F1,65,,,,,
2026-06-18,2026-06-18,FO,NSE,IDO,50557,,NIFTY,,2026-06-30,2026-06-30,18000.0,PE,NIFTY26JUN18000PE,0.75,0.75,0.6,0.65,0.6,0.75,24168.0,0.65,765570,-715,2475,2895857061.5,494,F1,65,,,,,
2026-06-18,2026-06-18,FO,NSE,IDO,79379,,NIFTY,,2026-06-30,2026-06-30,20300.0,CE,NIFTY26JUN20300CE,0.0,0.0,0.0,3650.0,3650.0,3650.0,24168.0,3909.1,910,0,0,0.0,0,F1,65,,,,,
2026-06-18,2026-06-18,FO,NSE,IDO,79466,,NIFTY,,2026-06-30,2026-06-30,21350.0,CE,NIFTY26JUN21350CE,0.0,0.0,0.0,2500.0,2500.0,2500.0,24168.0,2861.2,65,0,0,0.0,0,F1,65,,,,,
2026-06-18,2026-06-18,FO,NSE,IDO,79474,,NIFTY,,2026-06-30,2026-06-30,21550.0,CE,NIFTY26JUN21550CE,0.0,0.0,0.0,1727.6,1727.6,1727.6,24168.0,2661.65,130,0,0,0.0,0,F1,65,,,,,
2026-06-18,2026-06-18,FO,NSE,IDO,79507,,NIFTY,,2026-06-30,2026-06-30,21950.0,CE,NIFTY26JUN21950CE,0.0,0.0,0.0,1426.85,1426.85,1426.85,24168.0,2262.6,715,0,0,0.0,0,F1,65,,,,,
2026-06-18,2026-06-18,FO,NSE,IDO,79693,,NIFTY,,2026-06-30,2026-06-30,23350.0,CE,NIFTY26JUN23350CE,769.95,870.5,731.25,856.5,869.75,775.9,24168.0,856.5,82550,-2015,128,200868781.75,106,F1,65,,,,,
2026-06-18,2026-06-18,FO,NSE,IDO,79705,,NIFTY,,2026-06-30,2026-06-30,23650.0,CE,NIFTY26JUN23650CE,535.0,592.6,459.8,574.3,591.4,513.85,24168.0,574.3,95485,-3055,284,446182272.25,250,F1,65,,,,,
2026-06-18,2026-06-18,FO,NSE,IDO,55755,,NIFTY,,2030-12-31,2030-12-31,24000.0,PE,NIFTY30DEC24000PE,0.0,0.0,0.0,1050.05,1050.05,1050.05,24168.0,839.8,260,0,0,0.0,0,F1,65,,,,,
2026-06-18,2026-06-18,FO,NSE,IDO,55184,,NIFTY,,2026-06-30,2026-06-30,19500.0,PE,NIFTY26JUN19500PE,1.6,1.8,1.15,1.25,1.15,2.0,24168.0,1.25,81315,-2145,326,413236466.5,235,F1,65,,,,,
2026-06-18,2026-06-18,FO,NSE,IDO,79407,,NIFTY,,2026-06-30,2026-06-30,20650.0,PE,NIFTY26JUN20650PE,2.0,3.15,1.7,2.35,2.85,2.75,24168.0,2.35,8970,260,113,151691553.0,63,F1,65,,,,,
2026-06-18,2026-06-18,FO,NSE,IDO,79449,,NIFTY,,2026-06-30,2026-06-30,20900.0,PE,NIFTY26JUN20900PE,2.2,3.0,2.0,2.25,2.05,2.85,24168.0,2.25,16380,-1170,162,220102649.0,112,F1,65,,,,,
2026-06-18,2026-06-18,FO,NSE,IDO,79711,,NIFTY,,2026-06-30,2026-06-30,23800.0,CE,NIFTY26JUN23800CE,400.0,465.0,345.0,448.45,461.25,400.2,24168.0,448.45,1611870,-30680,18652,29342592214.0,12714,F1,65,,,,,
2026-06-18,2026-06-18,FO,NSE,IDO,79736,,NIFTY,,2026-06-30,2026-06-30,24200.0,CE,NIFTY26JUN24200CE,151.0,194.5,130.0,181.65,193.7,163.8,24168.0,181.65,2814760,312520,108183,171322099825.5,62116,F1,65,,,,,
2026-06-18,2026-06-18,FO,NSE,IDO,79740,,NIFTY,,2026-06-30,2026-06-30,24300.0,CE,NIFTY26JUN24300CE,125.0,147.9,96.9,137.15,145.5,125.05,24168.0,137.15,1609465,200005,62523,99251853372.75,41592,F1,65,,,,,
2026-06-18,2026-06-18,FO,NSE,IDO,71474,,NIFTY,,2026-06-30,2026-06-30,25000.0,CE,NIFTY26JUN25000CE,15.75,16.45,11.5,14.75,15.95,16.5,24168.0,14.75,10010260,985035,106594,173308038939.75,44809,F1,65,,,,,
2026-06-18,2026-06-18,FO,NSE,IDO,79831,,NIFTY,,2026-06-30,2026-06-30,25550.0,CE,NIFTY26JUN25550CE,5.2,5.45,4.0,4.5,4.0,5.9,24168.0,4.5,121485,4745,1694,2813829931.25,1125,F1,65,,,,,
2026-06-18,2026-06-18,FO,NSE,IDO,79937,,NIFTY,,2026-06-30,2026-06-30,26400.0,CE,NIFTY26JUN26400CE,2.05,2.25,1.6,1.7,1.65,2.15,24168.0,1.7,56355,5135,500,858058048.25,250,F1,65,,,,,
2026-06-18,2026-06-18,FO,NSE,IDO,42133,,NIFTY,,2026-06-30,2026-06-30,31000.0,CE,NIFTY26JUN31000CE,0.7,0.75,0.6,0.7,0.7,0.6,24168.0,0.7,113940,-1625,153,308301974.5,24,F1,65,,,,,
2026-06-18,2026-06-18,FO,NSE,IDO,44470,,NIFTY,,2026-07-07,2026-07-07,21700.0,CE,NIFTY2670721700CE,0.0,0.0,0.0,1938.75,0.0,1938.75,24168.0,2538.1,0,0,0,0.0,0,F1,65,,,,,
2026-06-18,2026-06-18,FO,NSE,IDO,44572,,NIFTY,,2026-07-07,2026-07-07,23250.0,CE,NIFTY2670723250CE,1007.25,1007.4,996.85,1004.7,996.85,890.5,24168.0,1004.7,2015,-195,4,6306218.75,4,F1,65,,,,,
2026-06-18,2026-06-18,FO,NSE,IDO,44584,,NIFTY,,2026-07-07,2026-07-07,23400.0,CE,NIFTY2670723400CE,770.85,864.55,725.0,839.65,864.55,790.0,24168.0,839.65,33410,65,193,303163003.0,167,F1,65,,,,,
2026-06-18,2026-06-18,FO,NSE,IDO,44586,,NIFTY,,2026-07-07,2026-07-07,23450.0,CE,NIFTY2670723450CE,756.75,756.75,744.15,745.9,745.9,753.8,24168.0,895.4,1495,-130,3,4718792.0,3,F1,65,,,,,
2026-06-18,2026-06-18,FO,NSE,IDO,44605,,NIFTY,,2026-07-07,2026-07-07,23700.0,CE,NIFTY2670723700CE,553.1,612.05,486.6,600.95,612.05,544.1,24168.0,600.95,21840,-3055,234,368605948.75,191,F1,65,,,,,
2026-06-18,2026-06-18,FO,NSE,IDO,55649,,NIFTY,,2030-06-25,2030-06-25,28500.0,PE,NIFTY30JUN28500PE,0.0,0.0,0.0,1167.6,0.0,1167.6,24168.0,2109.3,0,0,0,0.0,0,F1,65,,,,,
2026-06-18,2026-06-18,FO,NSE,IDO,55611,,NIFTY,,2029-12-24,2029-12-24,34500.0,PE,NIFTY29DEC34500PE,0.0,0.0,0.0,3545.6,0.0,3545.6,24168.0,5102.35,0,0,0,0.0,0,F1,65,,,,,
2026-06-18,2026-06-18,FO,NSE,IDO,62007,,NIFTY,,2029-12-24,2029-12-24,33000.0,PE,NIFTY29DEC33000PE,0.0,0.0,0.0,2953.7,0.0,2953.7,24168.0,4292.65,0,0,0,0.0,0,F1,65,,,,,
2026-06-18,2026-06-18,FO,NSE,IDO,61749,,NIFTY,,2029-12-24,2029-12-24,24000.0,PE,NIFTY29DEC24000PE,0.0,0.0,0.0,1000.0,1000.0,1000.0,24168.0,906.8,65,0,0,0.0,0,F1,65,,,,,
2026-06-18,2026-06-18,FO,NSE,IDO,89643,,NIFTY,,2029-06-26,2029-06-26,30000.0,PE,NIFTY29JUN30000PE,0.0,0.0,0.0,2031.05,0.0,2031.05,24168.0,3085.35,0,0,0,0.0,0,F1,65,,,,,
2026-06-18,2026-06-18,FO,NSE,IDO,89637,,NIFTY,,2029-06-26,2029-06-26,27000.0,PE,NIFTY29JUN27000PE,0.0,0.0,0.0,1252.35,0.0,1252.35,24168.0,1830.4,0,0,0,0.0,0,F1,65,,,,,
2026-06-18,2026-06-18,FO,NSE,IDO,55563,,NIFTY,,2029-06-26,2029-06-26,25500.0,PE,NIFTY29JUN25500PE,0.0,0.0,0.0,624.25,0.0,624.25,24168.0,1335.75,0,0,0,0.0,0,F1,65,,,,,
2026-06-18,2026-06-18,FO,NSE,IDO,55529,,NIFTY,,2028-12-26,2028-12-26,34500.0,PE,NIFTY28DEC34500PE,0.0,0.0,0.0,4281.85,0.0,4281.85,24168.0,6060.5,0,0,0,0.0,0,F1,65,,,,,
2026-06-18,2026-06-18,FO,NSE,IDO,67787,,NIFTY,,2028-12-26,2028-12-26,26000.0,PE,NIFTY28DEC26000PE,0.0,0.0,0.0,1900.0,1900.0,1900.0,24168.0,1563.65,6745,0,0,0.0,0,F1,65,,,,,
2026-06-18,2026-06-18,FO,NSE,IDO,67781,,NIFTY,,2028-12-26,2028-12-26,23000.0,PE,NIFTY28DEC23000PE,0.0,0.0,0.0,879.35,879.35,879.35,24168.0,715.4,700,0,0,0.0,0,F1,65,,,,,
2026-06-18,2026-06-18,FO,NSE,IDO,47197,,NIFTY,,2028-06-27,2028-06-27,33000.0,PE,NIFTY28JUN33000PE,0.0,0.0,0.0,3707.8,0.0,3707.8,24168.0,5564.7,0,0,0,0.0,0,F1,65,,,,,
2026-06-18,2026-06-18,FO,NSE,IDO,53630,,NIFTY,,2027-12-28,2027-12-28,26000.0,PE,NIFTY27DEC26000PE,1461.5,1461.5,1385.0,1412.35,1388.15,1503.0,24168.0,1412.35,25125,1235,30,53461255.25,26,F1,65,,,,,
2026-06-18,2026-06-18,FO,NSE,IDO,53627,,NIFTY,,2027-12-28,2027-12-28,25000.0,PE,NIFTY27DEC25000PE,1156.35,1163.0,1081.05,1089.55,1085.0,1162.2,24168.0,1089.55,28730,-130,16,27152921.25,16,F1,65,,,,,
2026-06-18,2026-06-18,FO,NSE,IDO,55375,,NIFTY,,2027-06-29,2027-06-29,22500.0,PE,NIFTY27JUN22500PE,0.0,0.0,0.0,670.0,670.0,670.0,24168.0,470.0,325,0,0,0.0,0,F1,65,,,,,
2026-06-18,2026-06-18,FO,NSE,IDO,80273,,NIFTY,,2027-03-30,2027-03-30,24000.0,PE,NIFTY27MAR24000PE,600.0,615.0,585.0,585.0,585.0,615.0,24168.0,585.0,2340,520,9,14392829.75,9,F1,65,,,,,
2026-06-18,2026-06-18,FO,NSE,IDO,35237,,NIFTY,,2026-12-29,2026-12-29,30000.0,PE,NIFTY26DEC30000PE,4859.85,4881.7,4748.9,4795.0,4790.0,4873.05,24168.0,4795.0,234690,5330,186,421072200.25,83,F1,65,,,,,
2026-06-18,2026-06-18,FO,NSE,IDO,44616,,NIFTY,,2026-07-07,2026-07-07,23900.0,CE,NIFTY2670723900CE,401.9,455.0,356.7,441.9,455.0,401.85,24168.0,441.9,26455,-4290,644,1017555275.75,540,F1,65,,,,,
2026-06-18,2026-06-18,FO,NSE,IDO,44678,,NIFTY,,2026-07-07,2026-07-07,24900.0,CE,NIFTY2670724900CE,41.85,46.75,34.15,44.25,46.0,40.65,24168.0,44.25,116090,39520,2906,4711023534.75,2389,F1,65,,,,,
2026-06-18,2026-06-18,FO,NSE,IDO,44690,,NIFTY,,2026-07-07,2026-07-07,25150.0,CE,NIFTY2670725150CE,22.55,24.4,19.4,22.7,24.4,23.0,24168.0,22.7,3835,780,57,93258967.75,36,F1,65,,,,,
2026-06-18,2026-06-18,FO,NSE,IDO,79451,,NIFTY,,2026-06-30,2026-06-30,20950.0,PE,NIFTY26JUN20950PE,2.25,3.25,2.2,2.55,3.25,2.8,24168.0,2.55,10335,-390,179,243781986.5,119,F1,65,,,,,
2026-06-18,2026-06-18,FO,NSE,IDO,44704,,NIFTY,,2026-07-07,2026-07-07,25500.0,CE,NIFTY2670725500CE,11.55,11.55,9.0,10.75,10.5,11.3,24168.0,10.75,55705,8385,1312,2175526746.25,757,F1,65,,,,,
2026-06-18,2026-06-18,FO,NSE,IDO,44706,,NIFTY,,2026-07-07,2026-07-07,25550.0,CE,NIFTY2670725550CE,9.8,11.0,8.3,9.45,9.6,10.5,24168.0,9.45,3705,1950,347,576493290.75,107,F1,65,,,,,
2026-06-18,2026-06-18,FO,NSE,IDO,44718,,NIFTY,,2026-07-07,2026-07-07,25650.0,CE,NIFTY2670725650CE,0.0,0.0,0.0,13.0,13.0,13.0,24168.0,33.0,0,0,0,0.0,0,F1,65,,,,,
2026-06-18,2026-06-18,FO,NSE,IDO,51303,,NIFTY,,2026-07-14,2026-07-14,22850.0,CE,NIFTY2671422850CE,0.0,0.0,0.0,620.0,620.0,620.0,24168.0,1465.2,0,0,0,0.0,0,F1,65,,,,,
2026-06-18,2026-06-18,FO,NSE,IDO,51329,,NIFTY,,2026-07-14,2026-07-14,23200.0,CE,NIFTY2671423200CE,0.0,0.0,0.0,936.0,936.0,936.0,24168.0,1162.15,975,0,0,0.0,0,F1,65,,,,,
2026-06-18,2026-06-18,FO,NSE,IDO,51407,,NIFTY,,2026-07-14,2026-07-14,24750.0,CE,NIFTY2671424750CE,0.0,0.0,0.0,93.1,0.0,93.1,24168.0,248.7,0,0,0,0.0,0,F1,65,,,,,
2026-06-18,2026-06-18,FO,NSE,IDO,57301,,NIFTY,,2026-07-21,2026-07-21,23050.0,CE,NIFTY2672123050CE,0.0,0.0,0.0,1211.25,0.0,1211.25,24168.0,1350.95,0,0,0,0.0,0,F1,65,,,,,
2026-06-18,2026-06-18,FO,NSE,IDO,57336,,NIFTY,,2026-07-21,2026-07-21,23900.0,CE,NIFTY2672123900CE,0.0,0.0,0.0,632.5,0.0,632.5,24168.0,725.9,0,0,0,0.0,0,F1,65,,,,,
2026-06-18,2026-06-18,FO,NSE,IDO,57394,,NIFTY,,2026-07-21,2026-07-21,25000.0,CE,NIFTY2672125000CE,80.0,93.5,75.0,90.0,90.8,80.8,24168.0,90.0,12675,8970,388,632643781.25,288,F1,65,,,,,
2026-06-18,2026-06-18,FO,NSE,IDO,63815,,NIFTY,,2026-07-28,2026-07-28,21200.0,CE,NIFTY26JUL21200CE,0.0,0.0,0.0,2030.4,2030.4,2030.4,24168.0,3124.65,195,0,0,0.0,0,F1,65,,,,,
2026-06-18,2026-06-18,FO,NSE,IDO,63873,,NIFTY,,2026-07-28,2026-07-28,22450.0,CE,NIFTY26JUL22450CE,0.0,0.0,0.0,1135.45,1135.45,1135.45,24168.0,1926.5,455,0,0,0.0,0,F1,65,,,,,
2026-06-18,2026-06-18,FO,NSE,IDO,63887,,NIFTY,,2026-07-28,2026-07-28,22800.0,CE,NIFTY26JUL22800CE,0.0,0.0,0.0,1410.5,1410.5,1410.5,24168.0,1615.4,6955,0,0,0.0,0,F1,65,,,,,
2026-06-18,2026-06-18,FO,NSE,IDO,47196,,NIFTY,,2028-06-27,2028-06-27,33000.0,CE,NIFTY28JUN33000CE,0.0,0.0,0.0,2004.15,0.0,2004.15,24168.0,883.25,0,0,0,0.0,0,F1,65,,,,,
2026-06-18,2026-06-18,FO,NSE,IDO,53631,,NIFTY,,2027-12-28,2027-12-28,27000.0,CE,NIFTY27DEC27000CE,1419.9,1469.15,1400.0,1451.7,1458.9,1415.15,24168.0,1451.7,28430,520,19,35124807.25,15,F1,65,,,,,
2026-06-18,2026-06-18,FO,NSE,IDO,63959,,NIFTY,,2026-07-28,2026-07-28,24500.0,CE,NIFTY26JUL24500CE,259.9,295.35,242.0,285.95,294.7,255.4,24168.0,285.95,1142960,108875,19936,32093682494.25,11775,F1,65,,,,,
2026-06-18,2026-06-18,FO,NSE,IDO,63991,,NIFTY,,2026-07-28,2026-07-28,25250.0,CE,NIFTY26JUL25250CE,67.35,78.45,65.25,77.1,78.3,65.35,24168.0,77.1,12610,-1495,248,408174045.5,186,F1,65,,,,,
2026-06-18,2026-06-18,FO,NSE,IDO,64000,,NIFTY,,2026-07-28,2026-07-28,25450.0,CE,NIFTY26JUL25450CE,44.4,52.75,44.15,50.7,51.25,43.6,24168.0,50.7,8515,-1300,92,152477802.75,67,F1,65,,,,,
2026-06-18,2026-06-18,FO,NSE,IDO,64039,,NIFTY,,2026-07-28,2026-07-28,26200.0,CE,NIFTY26JUL26200CE,0.0,0.0,0.0,243.4,0.0,243.4,24168.0,66.15,0,0,0,0.0,0,F1,65,,,,,
2026-06-18,2026-06-18,FO,NSE,IDO,61173,,NIFTY,,2026-08-25,2026-08-25,21350.0,CE,NIFTY26AUG21350CE,0.0,0.0,0.0,2938.85,0.0,2938.85,24168.0,3101.8,0,0,0,0.0,0,F1,65,,,,,
2026-06-18,2026-06-18,FO,NSE,IDO,61340,,NIFTY,,2026-08-25,2026-08-25,21750.0,CE,NIFTY26AUG21750CE,0.0,0.0,0.0,2581.2,0.0,2581.2,24168.0,2725.45,0,0,0,0.0,0,F1,65,,,,,
2026-06-18,2026-06-18,FO,NSE,IDO,61401,,NIFTY,,2026-08-25,2026-08-25,22600.0,CE,NIFTY26AUG22600CE,1805.5,1834.45,1805.5,1834.45,1834.45,1686.55,24168.0,1970.65,1560,0,7,11114444.25,5,F1,65,,,,,
2026-06-18,2026-06-18,FO,NSE,IDO,61424,,NIFTY,,2026-08-25,2026-08-25,22900.0,CE,NIFTY26AUG22900CE,0.0,0.0,0.0,1191.55,1191.55,1191.55,24168.0,1725.5,845,0,0,0.0,0,F1,65,,,,,
2026-06-18,2026-06-18,FO,NSE,IDO,61440,,NIFTY,,2026-08-25,2026-08-25,23150.0,CE,NIFTY26AUG23150CE,0.0,0.0,0.0,933.2,933.2,933.2,24168.0,1532.1,390,0,0,0.0,0,F1,65,,,,,
2026-06-18,2026-06-18,FO,NSE,IDO,61953,,NIFTY,,2026-08-25,2026-08-25,25350.0,CE,NIFTY26AUG25350CE,0.0,0.0,0.0,417.6,0.0,417.6,24168.0,373.25,0,0,0,0.0,0,F1,65,,,,,
2026-06-18,2026-06-18,FO,NSE,IDO,55288,,NIFTY,,2026-09-29,2026-09-29,28500.0,CE,NIFTY26SEP28500CE,14.4,15.0,13.8,14.75,14.35,14.8,24168.0,14.75,277420,1235,449,832193518.0,224,F1,65,,,,,
2026-06-18,2026-06-18,FO,NSE,IDO,55290,,NIFTY,,2026-09-29,2026-09-29,31500.0,CE,NIFTY26SEP31500CE,7.0,8.65,7.0,8.3,8.65,8.05,24168.0,8.3,15535,-260,69,141312297.75,55,F1,65,,,,,
2026-06-18,2026-06-18,FO,NSE,IDO,47190,,NIFTY,,2026-12-29,2026-12-29,33000.0,CE,NIFTY26DEC33000CE,14.75,15.05,13.15,14.15,14.65,14.1,24168.0,14.15,95095,130,93,199569246.5,46,F1,65,,,,,
2026-06-18,2026-06-18,FO,NSE,IDO,60910,,NIFTY,,2030-06-25,2030-06-25,27000.0,CE,NIFTY30JUN27000CE,0.0,0.0,0.0,6972.5,0.0,6972.5,24168.0,5114.05,0,0,0,0.0,0,F1,65,,,,,
2026-06-18,2026-06-18,FO,NSE,IDO,56190,,NIFTY,,2026-06-23,2026-06-23,21650.0,CE,NIFTY2662321650CE,0.0,0.0,0.0,2111.75,0.0,2111.75,24168.0,2536.3,0,0,0,0.0,0,F1,65,,,,,
2026-06-18,2026-06-18,FO,NSE,IDO,56262,,NIFTY,,2026-06-23,2026-06-23,22650.0,CE,NIFTY2662322650CE,0.0,0.0,0.0,1310.0,1310.0,1310.0,24168.0,1537.2,390,0,0,0.0,0,F1,65,,,,,
2026-06-18,2026-06-18,FO,NSE,IDO,56264,,NIFTY,,2026-06-23,2026-06-23,22700.0,CE,NIFTY2662322700CE,1410.0,1482.1,1393.5,1481.65,1482.1,1381.25,24168.0,1481.65,10855,-65,13,20385573.0,10,F1,65,,,,,
2026-06-18,2026-06-18,FO,NSE,IDO,56274,,NIFTY,,2026-06-23,2026-06-23,22950.0,CE,NIFTY2662322950CE,1155.0,1233.9,1082.1,1207.85,1233.9,1116.1,24168.0,1207.85,4810,-455,15,23480990.0,15,F1,65,,,,,
2026-06-18,2026-06-18,FO,NSE,IDO,80274,,NIFTY,,2027-03-30,2027-03-30,25500.0,CE,NIFTY27MAR25500CE,0.0,0.0,0.0,940.2,0.0,940.2,24168.0,1440.2,0,0,0,0.0,0,F1,65,,,,,
2026-06-18,2026-06-18,FO,NSE,IDO,55374,,NIFTY,,2027-06-29,2027-06-29,22500.0,CE,NIFTY27JUN22500CE,0.0,0.0,0.0,5539.6,0.0,5539.6,24168.0,3623.4,0,0,0,0.0,0,F1,65,,,,,
2026-06-18,2026-06-18,FO,NSE,IDO,53591,,NIFTY,,2027-12-28,2027-12-28,15000.0,CE,NIFTY27DEC15000CE,0.0,0.0,0.0,7931.05,0.0,7931.05,24168.0,10617.65,0,0,0,0.0,0,F1,65,,,,,
2026-06-18,2026-06-18,FO,NSE,IDO,55519,,NIFTY,,2028-12-26,2028-12-26,19500.0,PE,NIFTY28DEC19500PE,0.0,0.0,0.0,49.0,0.0,49.0,24168.0,199.25,0,0,0,0.0,0,F1,65,,,,,
2026-06-18,2026-06-18,FO,NSE,IDO,55481,,NIFTY,,2028-06-27,2028-06-27,31500.0,PE,NIFTY28JUN31500PE,0.0,0.0,0.0,2935.6,0.0,2935.6,24168.0,4548.2,0,0,0,0.0,0,F1,65,,,,,
2026-06-18,2026-06-18,FO,NSE,IDO,55475,,NIFTY,,2028-06-27,2028-06-27,22500.0,PE,NIFTY28JUN22500PE,0.0,0.0,0.0,206.95,0.0,206.95,24168.0,592.8,0,0,0,0.0,0,F1,65,,,,,
2026-06-18,2026-06-18,FO,NSE,IDO,55427,,NIFTY,,2027-12-28,2027-12-28,25500.0,PE,NIFTY27DEC25500PE,0.0,0.0,0.0,676.05,0.0,676.05,24168.0,1482.5,0,0,0,0.0,0,F1,65,,,,,
2026-06-18,2026-06-18,FO,NSE,IDO,55385,,NIFTY,,2027-06-29,2027-06-29,34500.0,PE,NIFTY27JUN34500PE,0.0,0.0,0.0,5880.15,0.0,5880.15,24168.0,8154.8,0,0,0,0.0,0,F1,65,,,,,
2026-06-18,2026-06-18,FO,NSE,IDO,55371,,NIFTY,,2027-06-29,2027-06-29,16500.0,PE,NIFTY27JUN16500PE,0.0,0.0,0.0,0.65,0.0,0.65,24168.0,5.25,0,0,0,0.0,0,F1,65,,,,,
2026-06-18,2026-06-18,FO,NSE,IDO,80306,,NIFTY,,2027-03-30,2027-03-30,28500.0,PE,NIFTY27MAR28500PE,0.0,0.0,0.0,4504.7,0.0,4504.7,24168.0,3407.0,0,0,0,0.0,0,F1,65,,,,,
2026-06-18,2026-06-18,FO,NSE,IDO,80269,,NIFTY,,2027-03-30,2027-03-30,21000.0,PE,NIFTY27MAR21000PE,202.0,210.0,155.0,189.0,189.0,203.4,24168.0,162.8,7345,3120,88,121193712.25,75,F1,65,,,,,
2026-06-18,2026-06-18,FO,NSE,IDO,55329,,NIFTY,,2026-12-29,2026-12-29,25500.0,PE,NIFTY26DEC25500PE,1155.0,1201.05,1078.7,1094.4,1078.7,1177.9,24168.0,1094.4,126165,13260,450,779613744.0,324,F1,65,,,,,
2026-06-18,2026-06-18,FO,NSE,IDO,65924,,NIFTY,,2026-09-29,2026-09-29,30000.0,PE,NIFTY26SEP30000PE,5348.5,5369.65,5270.0,5295.0,5270.0,5348.5,24168.0,5295.0,7670,1495,25,57391750.0,25,F1,65,,,,,
2026-06-18,2026-06-18,FO,NSE,IDO,61984,,NIFTY,,2026-08-25,2026-08-25,25700.0,PE,NIFTY26AUG25700PE,0.0,0.0,0.0,1733.55,0.0,1733.55,24168.0,1496.85,0,0,0,0.0,0,F1,65,,,,,
2026-06-18,2026-06-18,FO,NSE,IDO,61535,,NIFTY,,2026-08-25,2026-08-25,23800.0,PE,NIFTY26AUG23800PE,322.4,344.3,272.15,282.45,272.15,332.9,24168.0,282.45,45955,1235,747,1170658898.5,448,F1,65,,,,,
2026-06-18,2026-06-18,FO,NSE,IDO,61454,,NIFTY,,2026-08-25,2026-08-25,23250.0,PE,NIFTY26AUG23250PE,189.6,192.75,160.0,161.4,161.8,196.1,24168.0,161.4,2080,65,21,31973168.5,16,F1,65,,,,,
2026-06-18,2026-06-18,FO,NSE,IDO,61437,,NIFTY,,2026-08-25,2026-08-25,23100.0,PE,NIFTY26AUG23100PE,161.85,168.1,136.5,139.2,136.5,168.25,24168.0,139.2,17420,4095,356,538109507.0,255,F1,65,,,,,
2026-06-18,2026-06-18,FO,NSE,IDO,61412,,NIFTY,,2026-08-25,2026-08-25,22750.0,PE,NIFTY26AUG22750PE,112.5,112.5,94.6,95.1,94.6,119.15,24168.0,95.1,5265,975,44,65356079.75,27,F1,65,,,,,
2026-06-18,2026-06-18,FO,NSE,IDO,61396,,NIFTY,,2026-08-25,2026-08-25,22450.0,PE,NIFTY26AUG22450PE,80.05,81.5,69.45,70.35,70.5,86.45,24168.0,70.35,3510,195,45,65885404.0,29,F1,65,,,,,
2026-06-18,2026-06-18,FO,NSE,IDO,61353,,NIFTY,,2026-08-25,2026-08-25,22000.0,PE,NIFTY26AUG22000PE,50.4,56.55,46.1,47.2,46.95,56.95,24168.0,47.2,230165,-167115,5638,8082062521.0,2821,F1,65,,,,,
2026-06-18,2026-06-18,FO,NSE,IDO,61333,,NIFTY,,2026-08-25,2026-08-25,21550.0,PE,NIFTY26AUG21550PE,0.0,0.0,0.0,50.7,50.7,50.7,24168.0,29.9,130,0,0,0.0,0,F1,65,,,,,
2026-06-18,2026-06-18,FO,NSE,IDO,61212,,NIFTY,,2026-08-25,2026-08-25,21500.0,PE,NIFTY26AUG21500PE,32.3,36.65,31.0,31.7,31.0,37.1,24168.0,31.7,173940,-715,1237,1731376868.0,858,F1,65,,,,,
2026-06-18,2026-06-18,FO,NSE,IDO,64014,,NIFTY,,2026-07-28,2026-07-28,25750.0,PE,NIFTY26JUL25750PE,0.0,0.0,0.0,1650.0,1650.0,1650.0,24168.0,1516.3,325,0,0,0.0,0,F1,65,,,,,
2026-06-18,2026-06-18,FO,NSE,IDO,64005,,NIFTY,,2026-07-28,2026-07-28,25550.0,PE,NIFTY26JUL25550PE,0.0,0.0,0.0,1547.7,1547.7,1547.7,24168.0,1351.85,65,0,0,0.0,0,F1,65,,,,,
2026-06-18,2026-06-18,FO,NSE,IDO,63982,,NIFTY,,2026-07-28,2026-07-28,25050.0,PE,NIFTY26JUL25050PE,905.25,905.25,883.2,884.75,883.4,945.3,24168.0,884.75,910,650,11,18545289.75,11,F1,65,,,,,
2026-06-18,2026-06-18,FO,NSE,IDO,63950,,NIFTY,,2026-07-28,2026-07-28,24250.0,PE,NIFTY26JUL24250PE,393.05,435.95,353.05,358.25,353.05,421.65,24168.0,358.25,16900,10400,323,517297238.25,235,F1,65,,,,,
2026-06-18,2026-06-18,FO,NSE,IDO,63921,,NIFTY,,2026-07-28,2026-07-28,23600.0,PE,NIFTY26JUL23600PE,185.0,196.0,150.1,154.4,150.1,194.45,24168.0,154.4,249925,29120,3777,5835645000.25,2912,F1,65,,,,,
2026-06-18,2026-06-18,FO,NSE,IDO,63906,,NIFTY,,2026-07-28,2026-07-28,23250.0,PE,NIFTY26JUL23250PE,113.35,119.35,92.65,94.15,92.85,122.25,24168.0,94.15,16185,4225,351,532842677.25,250,F1,65,,,,,
2026-06-18,2026-06-18,FO,NSE,IDO,63874,,NIFTY,,2026-07-28,2026-07-28,22450.0,PE,NIFTY26JUL22450PE,38.05,38.6,32.4,33.55,33.75,41.8,24168.0,33.55,26065,325,188,274780077.0,104,F1,65,,,,,
2026-06-18,2026-06-18,FO,NSE,IDO,57442,,NIFTY,,2026-07-21,2026-07-21,25700.0,PE,NIFTY2672125700PE,0.0,0.0,0.0,1637.45,0.0,1637.45,24168.0,1471.2,0,0,0,0.0,0,F1,65,,,,,
2026-06-18,2026-06-18,FO,NSE,IDO,57437,,NIFTY,,2026-07-21,2026-07-21,25650.0,PE,NIFTY2672125650PE,0.0,0.0,0.0,1593.6,0.0,1593.6,24168.0,1428.45,0,0,0,0.0,0,F1,65,,,,,
2026-06-18,2026-06-18,FO,NSE,IDO,57429,,NIFTY,,2026-07-21,2026-07-21,25450.0,PE,NIFTY2672125450PE,0.0,0.0,0.0,1422.0,0.0,1422.0,24168.0,1261.9,0,0,0,0.0,0,F1,65,,,,,
2026-06-18,2026-06-18,FO,NSE,IDO,56169,,NIFTY,,2026-06-23,2026-06-23,21250.0,CE,NIFTY2662321250CE,0.0,0.0,0.0,2496.65,0.0,2496.65,24168.0,2935.95,0,0,0,0.0,0,F1,65,,,,,
2026-06-18,2026-06-18,FO,NSE,IDO,56177,,NIFTY,,2026-06-23,2026-06-23,21400.0,CE,NIFTY2662321400CE,0.0,0.0,0.0,2351.2,0.0,2351.2,24168.0,2786.05,0,0,0,0.0,0,F1,65,,,,,
2026-06-18,2026-06-18,FO,NSE,IDO,56212,,NIFTY,,2026-06-23,2026-06-23,21900.0,CE,NIFTY2662321900CE,0.0,0.0,0.0,1697.45,1697.45,1697.45,24168.0,2286.5,325,0,0,0.0,0,F1,65,,,,,
2026-06-18,2026-06-18,FO,NSE,IDO,56216,,NIFTY,,2026-06-23,2026-06-23,22000.0,CE,NIFTY2662322000CE,2090.0,2189.6,2090.0,2177.65,2180.0,2067.45,24168.0,2177.65,8190,1625,44,68977600.25,33,F1,65,,,,,
2026-06-18,2026-06-18,FO,NSE,IDO,56248,,NIFTY,,2026-06-23,2026-06-23,22500.0,CE,NIFTY2662322500CE,1605.0,1688.5,1532.95,1679.2,1688.5,1573.8,24168.0,1679.2,76245,-39845,1140,1786484284.0,652,F1,65,,,,,
2026-06-18,2026-06-18,FO,NSE,IDO,56278,,NIFTY,,2026-06-23,2026-06-23,23050.0,CE,NIFTY2662323050CE,1028.3,1141.85,982.7,1137.5,1141.75,1031.05,24168.0,1137.5,14625,-390,26,40747833.75,26,F1,65,,,,,
2026-06-18,2026-06-18,FO,NSE,IDO,56442,,NIFTY,,2026-06-23,2026-06-23,25200.0,CE,NIFTY2662325200CE,2.0,2.7,1.3,1.6,1.45,2.3,24168.0,1.6,3260660,480025,289737,474625516768.0,52356,F1,65,,,,,
2026-06-18,2026-06-18,FO,NSE,IDO,79264,,NIFTY,,2026-06-30,2026-06-30,20100.0,CE,NIFTY26JUN20100CE,0.0,0.0,0.0,2646.45,0.0,2646.45,24168.0,4108.7,0,0,0,0.0,0,F1,65,,,,,
2026-06-18,2026-06-18,FO,NSE,IDO,79383,,NIFTY,,2026-06-30,2026-06-30,20400.0,CE,NIFTY26JUN20400CE,0.0,0.0,0.0,2378.4,0.0,2378.4,24168.0,3809.3,0,0,0,0.0,0,F1,65,,,,,
2026-06-18,2026-06-18,FO,NSE,IDO,79476,,NIFTY,,2026-06-30,2026-06-30,21600.0,CE,NIFTY26JUN21600CE,0.0,0.0,0.0,1688.35,1688.35,1688.35,24168.0,2611.75,195,0,0,0.0,0,F1,65,,,,,
2026-06-18,2026-06-18,FO,NSE,IDO,79505,,NIFTY,,2026-06-30,2026-06-30,21900.0,CE,NIFTY26JUN21900CE,0.0,0.0,0.0,1644.45,1647.65,1644.45,24168.0,2312.45,455,0,0,0.0,0,F1,65,,,,,
2026-06-18,2026-06-18,FO,NSE,IDO,79512,,NIFTY,,2026-06-30,2026-06-30,22100.0,CE,NIFTY26JUN22100CE,0.0,0.0,0.0,1985.0,1985.0,1985.0,24168.0,2113.05,1300,0,0,0.0,0,F1,65,,,,,
2026-06-18,2026-06-18,FO,NSE,IDO,79703,,NIFTY,,2026-06-30,2026-06-30,23600.0,CE,NIFTY26JUN23600CE,571.0,639.4,497.85,625.9,639.1,556.9,24168.0,625.9,1071525,-65455,7431,11670157154.5,4919,F1,65,,,,,
2026-06-18,2026-06-18,FO,NSE,IDO,51484,,NIFTY,,2026-07-14,2026-07-14,25700.0,PE,NIFTY2671425700PE,0.0,0.0,0.0,2327.55,0.0,2327.55,24168.0,1477.85,0,0,0,0.0,0,F1,65,,,,,
2026-06-18,2026-06-18,FO,NSE,IDO,51468,,NIFTY,,2026-07-14,2026-07-14,25350.0,PE,NIFTY2671425350PE,0.0,0.0,0.0,1996.15,0.0,1996.15,24168.0,1175.55,0,0,0,0.0,0,F1,65,,,,,
2026-06-18,2026-06-18,FO,NSE,IDO,51400,,NIFTY,,2026-07-14,2026-07-14,24600.0,PE,NIFTY2671424600PE,0.0,0.0,0.0,1329.6,0.0,1329.6,24168.0,625.55,0,0,0,0.0,0,F1,65,,,,,
2026-06-18,2026-06-18,FO,NSE,IDO,51386,,NIFTY,,2026-07-14,2026-07-14,24300.0,PE,NIFTY2671424300PE,354.2,375.35,315.8,317.05,315.8,1095.4,24168.0,317.05,2405,2405,40,64110202.0,37,F1,65,,,,,
2026-06-18,2026-06-18,FO,NSE,IDO,51380,,NIFTY,,2026-07-14,2026-07-14,24200.0,PE,NIFTY2671424200PE,342.05,366.55,266.45,275.45,270.95,343.25,24168.0,275.45,10400,5980,289,460501808.0,233,F1,65,,,,,
2026-06-18,2026-06-18,FO,NSE,IDO,51367,,NIFTY,,2026-07-14,2026-07-14,23950.0,PE,NIFTY2671423950PE,245.2,245.2,174.65,180.2,181.9,243.0,24168.0,180.2,2535,-1560,75,117755170.0,66,F1,65,,,,,
2026-06-18,2026-06-18,FO,NSE,IDO,51356,,NIFTY,,2026-07-14,2026-07-14,23700.0,PE,NIFTY2671423700PE,154.35,161.7,114.3,119.1,115.5,160.4,24168.0,119.1,22035,585,201,311395633.25,150,F1,65,,,,,
2026-06-18,2026-06-18,FO,NSE,IDO,51344,,NIFTY,,2026-07-14,2026-07-14,23400.0,PE,NIFTY2671423400PE,95.8,95.8,66.75,70.05,67.75,95.8,24168.0,70.05,6825,-1430,273,416622196.25,183,F1,65,,,,,
2026-06-18,2026-06-18,FO,NSE,IDO,51290,,NIFTY,,2026-07-14,2026-07-14,22600.0,PE,NIFTY2671422600PE,23.2,23.25,18.85,19.0,19.1,25.15,24168.0,19.0,3965,130,18,26465517.0,15,F1,65,,,,,
2026-06-18,2026-06-18,FO,NSE,IDO,51288,,NIFTY,,2026-07-14,2026-07-14,22550.0,PE,NIFTY2671422550PE,21.65,21.65,18.0,18.0,18.0,24.25,24168.0,18.0,4225,-325,18,26407293.25,8,F1,65,,,,,
2026-06-18,2026-06-18,FO,NSE,IDO,51268,,NIFTY,,2026-07-14,2026-07-14,22350.0,PE,NIFTY2671422350PE,14.9,16.0,13.3,13.75,13.55,19.55,24168.0,13.75,520,-390,13,18898369.75,9,F1,65,,,,,
2026-06-18,2026-06-18,FO,NSE,IDO,51260,,NIFTY,,2026-07-14,2026-07-14,22200.0,PE,NIFTY2671422200PE,12.7,12.7,10.9,12.1,12.6,15.1,24168.0,12.1,8385,585,48,69301557.0,47,F1,65,,,,,
2026-06-18,2026-06-18,FO,NSE,IDO,51238,,NIFTY,,2026-07-14,2026-07-14,21900.0,PE,NIFTY2671421900PE,10.0,10.8,7.75,9.05,9.05,11.5,24168.0,9.05,1300,130,18,25633562.5,18,F1,65,,,,,
2026-06-18,2026-06-18,FO,NSE,IDO,51236,,NIFTY,,2026-07-14,2026-07-14,21850.0,PE,NIFTY2671421850PE,0.0,0.0,0.0,11.8,11.8,11.8,24168.0,3.95,65,0,0,0.0,0,F1,65,,,,,
2026-06-18,2026-06-18,FO,NSE,IDO,44727,,NIFTY,,2026-07-07,2026-07-07,25800.0,PE,NIFTY2670725800PE,0.0,0.0,0.0,2194.95,0.0,2194.95,24168.0,1572.95,0,0,0,0.0,0,F1,65,,,,,
2026-06-18,2026-06-18,FO,NSE,IDO,44701,,NIFTY,,2026-07-07,2026-07-07,25400.0,PE,NIFTY2670725400PE,0.0,0.0,0.0,1822.85,0.0,1822.85,24168.0,1206.65,0,0,0,0.0,0,F1,65,,,,,
2026-06-18,2026-06-18,FO,NSE,IDO,79856,,NIFTY,,2026-06-30,2026-06-30,26100.0,CE,NIFTY26JUN26100CE,3.25,3.25,1.85,2.15,1.85,2.9,24168.0,2.15,133965,49270,1637,2777407415.25,608,F1,65,,,,,
2026-06-18,2026-06-18,FO,NSE,IDO,44465,,NIFTY,,2026-07-07,2026-07-07,21600.0,CE,NIFTY2670721600CE,0.0,0.0,0.0,2032.65,0.0,2032.65,24168.0,2637.6,0,0,0,0.0,0,F1,65,,,,,
2026-06-18,2026-06-18,FO,NSE,IDO,44498,,NIFTY,,2026-07-07,2026-07-07,22000.0,CE,NIFTY2670722000CE,0.0,0.0,0.0,2000.0,2000.0,2000.0,24168.0,2240.4,65,0,0,0.0,0,F1,65,,,,,
2026-06-18,2026-06-18,FO,NSE,IDO,44514,,NIFTY,,2026-07-07,2026-07-07,22200.0,CE,NIFTY2670722200CE,0.0,0.0,0.0,1487.4,0.0,1487.4,24168.0,2042.95,0,0,0,0.0,0,F1,65,,,,,
2026-06-18,2026-06-18,FO,NSE,IDO,44516,,NIFTY,,2026-07-07,2026-07-07,22250.0,CE,NIFTY2670722250CE,0.0,0.0,0.0,1444.4,0.0,1444.4,24168.0,1993.8,0,0,0,0.0,0,F1,65,,,,,
2026-06-18,2026-06-18,FO,NSE,IDO,44590,,NIFTY,,2026-07-07,2026-07-07,23550.0,CE,NIFTY2670723550CE,650.0,668.0,643.8,660.15,660.15,635.4,24168.0,817.5,1430,-130,5,7866647.75,5,F1,65,,,,,
2026-06-18,2026-06-18,FO,NSE,IDO,44649,,NIFTY,,2026-07-07,2026-07-07,24350.0,CE,NIFTY2670724350CE,164.4,192.5,143.25,186.55,192.5,167.35,24168.0,186.55,10985,2795,501,798370696.5,412,F1,65,,,,,
2026-06-18,2026-06-18,FO,NSE,IDO,44684,,NIFTY,,2026-07-07,2026-07-07,25000.0,CE,NIFTY2670725000CE,33.55,36.5,27.2,34.5,36.5,32.85,24168.0,34.5,311545,68055,8965,14586655651.75,5942,F1,65,,,,,
2026-06-18,2026-06-18,FO,NSE,IDO,44738,,NIFTY,,2026-07-07,2026-07-07,26100.0,CE,NIFTY2670726100CE,5.15,6.3,4.2,4.6,4.6,5.0,24168.0,11.45,1105,585,21,35633146.25,18,F1,65,,,,,
2026-06-18,2026-06-18,FO,NSE,IDO,51205,,NIFTY,,2026-07-14,2026-07-14,21450.0,CE,NIFTY2671421450CE,0.0,0.0,0.0,1944.15,0.0,1944.15,24168.0,2813.05,0,0,0,0.0,0,F1,65,,,,,
2026-06-18,2026-06-18,FO,NSE,IDO,51231,,NIFTY,,2026-07-14,2026-07-14,21750.0,CE,NIFTY2671421750CE,0.0,0.0,0.0,1667.7,0.0,1667.7,24168.0,2516.15,0,0,0,0.0,0,F1,65,,,,,
2026-06-18,2026-06-18,FO,NSE,IDO,51264,,NIFTY,,2026-07-14,2026-07-14,22300.0,CE,NIFTY2671422300CE,0.0,0.0,0.0,1197.2,0.0,1197.2,24168.0,1979.05,0,0,0,0.0,0,F1,65,,,,,
2026-06-18,2026-06-18,FO,NSE,IDO,51299,,NIFTY,,2026-07-14,2026-07-14,22800.0,CE,NIFTY2671422800CE,0.0,0.0,0.0,828.65,0.0,828.65,24168.0,1510.3,0,0,0,0.0,0,F1,65,,,,,
2026-06-18,2026-06-18,FO,NSE,IDO,51351,,NIFTY,,2026-07-14,2026-07-14,23600.0,CE,NIFTY2671423600CE,682.05,746.7,650.0,742.35,737.6,681.85,24168.0,742.35,780,-325,36,56855659.25,35,F1,65,,,,,
2026-06-18,2026-06-18,FO,NSE,IDO,51353,,NIFTY,,2026-07-14,2026-07-14,23650.0,CE,NIFTY2671423650CE,630.0,675.0,630.0,675.0,675.0,624.35,24168.0,675.0,845,130,45,71060791.75,21,F1,65,,,,,
2026-06-18,2026-06-18,FO,NSE,IDO,51366,,NIFTY,,2026-07-14,2026-07-14,23950.0,CE,NIFTY2671423950CE,453.0,486.3,407.0,458.7,484.0,434.6,24168.0,458.7,2600,-1300,60,95107236.25,59,F1,65,,,,,
2026-06-18,2026-06-18,FO,NSE,IDO,51481,,NIFTY,,2026-07-14,2026-07-14,25650.0,CE,NIFTY2671425650CE,0.0,0.0,0.0,21.65,0.0,21.65,24168.0,63.7,0,0,0,0.0,0,F1,65,,,,,
2026-06-18,2026-06-18,FO,NSE,IDO,51497,,NIFTY,,2026-07-14,2026-07-14,25950.0,CE,NIFTY2671425950CE,0.0,0.0,0.0,12.45,0.0,12.45,24168.0,37.15,0,0,0,0.0,0,F1,65,,,,,
2026-06-18,2026-06-18,FO,NSE,IDO,57285,,NIFTY,,2026-07-21,2026-07-21,22650.0,CE,NIFTY2672122650CE,0.0,0.0,0.0,1544.75,0.0,1544.75,24168.0,1700.45,0,0,0,0.0,0,F1,65,,,,,
2026-06-18,2026-06-18,FO,NSE,IDO,57293,,NIFTY,,2026-07-21,2026-07-21,22850.0,CE,NIFTY2672122850CE,0.0,0.0,0.0,1374.05,0.0,1374.05,24168.0,1522.35,0,0,0,0.0,0,F1,65,,,,,
2026-06-18,2026-06-18,FO,NSE,IDO,57338,,NIFTY,,2026-07-21,2026-07-21,23950.0,CE,NIFTY2672123950CE,0.0,0.0,0.0,605.0,0.0,605.0,24168.0,695.45,0,0,0,0.0,0,F1,65,,,,,
2026-06-18,2026-06-18,FO,NSE,IDO,44689,,NIFTY,,2026-07-07,2026-07-07,25100.0,PE,NIFTY2670725100PE,0.0,0.0,0.0,1555.25,0.0,1555.25,24168.0,951.45,0,0,0,0.0,0,F1,65,,,,,
2026-06-18,2026-06-18,FO,NSE,IDO,44687,,NIFTY,,2026-07-07,2026-07-07,25050.0,PE,NIFTY2670725050PE,0.0,0.0,0.0,1511.85,0.0,1511.85,24168.0,911.05,0,0,0,0.0,0,F1,65,,,,,
2026-06-18,2026-06-18,FO,NSE,IDO,44685,,NIFTY,,2026-07-07,2026-07-07,25000.0,PE,NIFTY2670725000PE,878.05,932.1,800.0,800.0,800.0,904.15,24168.0,800.0,3055,0,13,21854257.75,13,F1,65,,,,,
2026-06-18,2026-06-18,FO,NSE,IDO,44679,,NIFTY,,2026-07-07,2026-07-07,24900.0,PE,NIFTY2670724900PE,820.0,820.0,820.0,820.0,820.0,820.0,24168.0,795.25,195,65,2,3343600.0,1,F1,65,,,,,
2026-06-18,2026-06-18,FO,NSE,IDO,44587,,NIFTY,,2026-07-07,2026-07-07,23450.0,PE,NIFTY2670723450PE,71.15,72.05,45.9,47.1,46.7,72.6,24168.0,47.1,21190,15080,612,935090611.0,384,F1,65,,,,,
2026-06-18,2026-06-18,FO,NSE,IDO,71477,,NIFTY,,2026-06-30,2026-06-30,26000.0,PE,NIFTY26JUN26000PE,1909.3,1957.9,1792.0,1809.3,1792.0,1905.05,24168.0,1809.3,3760905,-74245,2006,3634114240.25,1511,F1,65,,,,,
2026-06-18,2026-06-18,FO,NSE,IDO,79841,,NIFTY,,2026-06-30,2026-06-30,25650.0,PE,NIFTY26JUN25650PE,1436.9,1436.9,1436.9,1436.9,1436.9,1707.5,24168.0,1436.9,715,65,5,8803242.5,3,F1,65,,,,,
2026-06-18,2026-06-18,FO,NSE,IDO,79814,,NIFTY,,2026-06-30,2026-06-30,25300.0,PE,NIFTY26JUN25300PE,1175.0,1233.3,1175.0,1181.6,1181.6,1223.65,24168.0,1108.8,20280,325,15,25820554.5,8,F1,65,,,,,
2026-06-18,2026-06-18,FO,NSE,IDO,79759,,NIFTY,,2026-06-30,2026-06-30,24650.0,PE,NIFTY26JUN24650PE,592.0,609.15,489.95,518.65,489.95,592.5,24168.0,518.65,6045,1170,41,67208394.5,33,F1,65,,,,,
2026-06-18,2026-06-18,FO,NSE,IDO,57350,,NIFTY,,2026-07-21,2026-07-21,24250.0,CE,NIFTY2672124250CE,0.0,0.0,0.0,456.1,0.0,456.1,24168.0,529.2,0,0,0,0.0,0,F1,65,,,,,
2026-06-18,2026-06-18,FO,NSE,IDO,57409,,NIFTY,,2026-07-21,2026-07-21,25300.0,CE,NIFTY2672125300CE,0.0,0.0,0.0,135.95,0.0,135.95,24168.0,161.3,0,0,0,0.0,0,F1,65,,,,,
2026-06-18,2026-06-18,FO,NSE,IDO,63851,,NIFTY,,2026-07-28,2026-07-28,21900.0,CE,NIFTY26JUL21900CE,0.0,0.0,0.0,1962.4,1962.4,1962.4,24168.0,2442.55,65,0,0,0.0,0,F1,65,,,,,
2026-06-18,2026-06-18,FO,NSE,IDO,63913,,NIFTY,,2026-07-28,2026-07-28,23450.0,CE,NIFTY26JUL23450CE,902.9,972.7,865.0,958.9,960.7,894.25,24168.0,958.9,11440,-780,41,64970850.75,29,F1,65,,,,,
2026-06-18,2026-06-18,FO,NSE,IDO,63917,,NIFTY,,2026-07-28,2026-07-28,23550.0,CE,NIFTY26JUL23550CE,803.1,884.25,803.1,872.65,884.25,788.25,24168.0,872.65,11635,-130,8,12683749.0,8,F1,65,,,,,
2026-06-18,2026-06-18,FO,NSE,IDO,63929,,NIFTY,,2026-07-28,2026-07-28,23800.0,CE,NIFTY26JUL23800CE,658.3,699.9,600.0,690.0,699.0,636.0,24168.0,690.0,101205,-6630,1301,2067477291.75,1008,F1,65,,,,,
2026-06-18,2026-06-18,FO,NSE,IDO,63933,,NIFTY,,2026-07-28,2026-07-28,23850.0,CE,NIFTY26JUL23850CE,594.0,664.9,567.45,658.8,663.1,609.2,24168.0,658.8,7215,-1365,94,149470360.0,70,F1,65,,,,,
2026-06-18,2026-06-18,FO,NSE,IDO,63953,,NIFTY,,2026-07-28,2026-07-28,24350.0,CE,NIFTY26JUL24350CE,328.05,360.65,302.2,353.05,358.6,319.3,24168.0,353.05,22945,585,233,373803436.5,185,F1,65,,,,,
2026-06-18,2026-06-18,FO,NSE,IDO,63987,,NIFTY,,2026-07-28,2026-07-28,25200.0,CE,NIFTY26JUL25200CE,78.5,87.1,70.1,84.6,87.0,71.35,24168.0,84.6,227175,48880,5822,9565927133.75,4241,F1,65,,,,,
2026-06-18,2026-06-18,FO,NSE,IDO,63995,,NIFTY,,2026-07-28,2026-07-28,25350.0,CE,NIFTY26JUL25350CE,55.4,64.5,54.1,63.2,63.8,52.9,24168.0,63.2,12415,-4095,378,624287709.5,262,F1,65,,,,,
2026-06-18,2026-06-18,FO,NSE,IDO,79757,,NIFTY,,2026-06-30,2026-06-30,24600.0,PE,NIFTY26JUN24600PE,565.0,590.0,440.8,458.0,440.8,554.05,24168.0,458.0,270725,19760,1322,2158090135.5,959,F1,65,,,,,
2026-06-18,2026-06-18,FO,NSE,IDO,79737,,NIFTY,,2026-06-30,2026-06-30,24200.0,PE,NIFTY26JUN24200PE,260.0,293.5,182.45,188.85,189.35,268.9,24168.0,188.85,1198145,470665,50755,80592827883.75,33019,F1,65,,,,,
2026-06-18,2026-06-18,FO,NSE,IDO,79714,,NIFTY,,2026-06-30,2026-06-30,23850.0,PE,NIFTY26JUN23850PE,122.9,125.15,67.25,70.6,70.55,119.95,24168.0,70.6,262535,18200,14781,23006395252.75,10027,F1,65,,,,,
2026-06-18,2026-06-18,FO,NSE,IDO,79708,,NIFTY,,2026-06-30,2026-06-30,23700.0,PE,NIFTY26JUN23700PE,76.4,82.85,42.8,45.75,45.0,82.35,24168.0,45.75,2092935,670475,67251,103856645974.25,39955,F1,65,,,,,
2026-06-18,2026-06-18,FO,NSE,IDO,37805,,NIFTY,,2026-06-30,2026-06-30,23000.0,PE,NIFTY26JUN23000PE,15.0,15.2,8.95,9.75,9.6,16.05,24168.0,9.75,4531600,-25375,90234,134962843453.75,36183,F1,65,,,,,
2026-06-18,2026-06-18,FO,NSE,IDO,79541,,NIFTY,,2026-06-30,2026-06-30,22850.0,PE,NIFTY26JUN22850PE,12.4,13.35,7.2,8.0,7.75,12.35,24168.0,8.0,81640,-43420,4230,6284892185.0,2581,F1,65,,,,,
2026-06-18,2026-06-18,FO,NSE,IDO,79511,,NIFTY,,2026-06-30,2026-06-30,22050.0,PE,NIFTY26JUN22050PE,5.95,5.95,3.75,4.15,4.0,5.1,24168.0,4.15,52325,1105,460,659417174.0,272,F1,65,,,,,
2026-06-18,2026-06-18,FO,NSE,IDO,79483,,NIFTY,,2026-06-30,2026-06-30,21750.0,PE,NIFTY26JUN21750PE,3.2,4.1,3.2,3.7,3.35,4.4,24168.0,3.7,17095,-4030,227,320975772.0,115,F1,65,,,,,
2026-06-18,2026-06-18,FO,NSE,IDO,79475,,NIFTY,,2026-06-30,2026-06-30,21550.0,PE,NIFTY26JUN21550PE,4.1,4.1,2.85,3.35,3.0,4.1,24168.0,3.35,11960,-585,77,107874776.75,53,F1,65,,,,,
2026-06-18,2026-06-18,FO,NSE,IDO,79378,,NIFTY,,2026-06-30,2026-06-30,20250.0,PE,NIFTY26JUN20250PE,2.4,3.1,1.4,1.55,1.4,2.2,24168.0,1.55,7215,130,3445,4534962214.25,1956,F1,65,,,,,
2026-06-18,2026-06-18,FO,NSE,IDO,56405,,NIFTY,,2026-06-23,2026-06-23,24600.0,PE,NIFTY2662324600PE,538.0,592.2,421.15,436.15,423.8,539.85,24168.0,436.15,64155,24050,5347,8725967510.0,4283,F1,65,,,,,
2026-06-18,2026-06-18,FO,NSE,IDO,56385,,NIFTY,,2026-06-23,2026-06-23,24250.0,PE,NIFTY2662324250PE,264.6,283.0,144.45,155.35,149.9,251.3,24168.0,155.35,550095,329420,166339,264438572459.75,114670,F1,65,,,,,
2026-06-18,2026-06-18,FO,NSE,IDO,56377,,NIFTY,,2026-06-23,2026-06-23,24100.0,PE,NIFTY2662324100PE,152.9,180.0,72.8,82.35,77.8,161.3,24168.0,82.35,6765200,3482375,2703286,4256804210522.5,1521002,F1,65,,,,,
2026-06-18,2026-06-18,FO,NSE,IDO,56373,,NIFTY,,2026-06-23,2026-06-23,24000.0,PE,NIFTY2662324000PE,108.25,125.6,43.85,49.7,47.0,114.55,24168.0,49.7,9708205,1571635,2190561,3429356569681.25,1069274,F1,65,,,,,
2026-06-18,2026-06-18,FO,NSE,IDO,56327,,NIFTY,,2026-06-23,2026-06-23,23550.0,PE,NIFTY2662323550PE,18.9,18.9,6.0,6.65,6.0,18.85,24168.0,6.65,1661530,682760,265750,406963657711.0,75980,F1,65,,,,,
2026-06-18,2026-06-18,FO,NSE,IDO,56251,,NIFTY,,2026-06-23,2026-06-23,22500.0,PE,NIFTY2662322500PE,1.95,2.4,1.2,1.55,1.3,2.4,24168.0,1.55,4363970,418795,251302,367555325098.0,39513,F1,65,,,,,
2026-06-18,2026-06-18,FO,NSE,IDO,56189,,NIFTY,,2026-06-23,2026-06-23,21600.0,PE,NIFTY2662321600PE,1.55,1.6,0.75,0.95,0.75,1.6,24168.0,0.95,329290,-4160,16159,22688440333.0,4387,F1,65,,,,,
2026-06-18,2026-06-18,FO,NSE,IDO,56174,,NIFTY,,2026-06-23,2026-06-23,21350.0,PE,NIFTY2662321350PE,1.65,1.7,0.7,0.8,0.7,1.4,24168.0,0.8,20670,-5785,1345,1866614145.5,713,F1,65,,,,,
2026-06-18,2026-06-18,FO,NSE,IDO,55762,,NIFTY,,2030-12-31,2030-12-31,30000.0,CE,NIFTY30DEC30000CE,0.0,0.0,0.0,5227.2,0.0,5227.2,24168.0,4436.75,0,0,0,0.0,0,F1,65,,,,,
2026-06-18,2026-06-18,FO,NSE,IDO,55644,,NIFTY,,2030-06-25,2030-06-25,22500.0,CE,NIFTY30JUN22500CE,0.0,0.0,0.0,9012.4,0.0,9012.4,24168.0,7536.0,0,0,0,0.0,0,F1,65,,,,,
2026-06-18,2026-06-18,FO,NSE,IDO,55608,,NIFTY,,2029-12-24,2029-12-24,31500.0,CE,NIFTY29DEC31500CE,0.0,0.0,0.0,3429.3,0.0,3429.3,24168.0,2770.0,0,0,0,0.0,0,F1,65,,,,,
2026-06-18,2026-06-18,FO,NSE,IDO,61374,,NIFTY,,2029-12-24,2029-12-24,15000.0,CE,NIFTY29DEC15000CE,0.0,0.0,0.0,13369.45,0.0,13369.45,24168.0,12316.75,0,0,0,0.0,0,F1,65,,,,,
2026-06-18,2026-06-18,FO,NSE,IDO,89642,,NIFTY,,2029-06-26,2029-06-26,30000.0,CE,NIFTY29JUN30000CE,0.0,0.0,0.0,5268.4,0.0,5268.4,24168.0,2704.6,0,0,0,0.0,0,F1,65,,,,,
2026-06-18,2026-06-18,FO,NSE,IDO,55564,,NIFTY,,2029-06-26,2029-06-26,28500.0,CE,NIFTY29JUN28500CE,0.0,0.0,0.0,4213.3,0.0,4213.3,24168.0,3261.45,0,0,0,0.0,0,F1,65,,,,,
2026-06-18,2026-06-18,FO,NSE,IDO,86139,,NIFTY,,2028-06-27,2028-06-27,18000.0,CE,NIFTY28JUN18000CE,0.0,0.0,0.0,6809.35,0.0,6809.35,24168.0,8508.05,0,0,0,0.0,0,F1,65,,,,,
2026-06-18,2026-06-18,FO,NSE,IDO,55384,,NIFTY,,2027-06-29,2027-06-29,34500.0,CE,NIFTY27JUN34500CE,0.0,0.0,0.0,304.2,0.0,304.2,24168.0,100.4,0,0,0,0.0,0,F1,65,,,,,
2026-06-18,2026-06-18,FO,NSE,IDO,55380,,NIFTY,,2027-06-29,2027-06-29,31500.0,CE,NIFTY27JUN31500CE,0.0,0.0,0.0,769.15,0.0,769.15,24168.0,301.45,0,0,0,0.0,0,F1,65,,,,,
2026-06-18,2026-06-18,FO,NSE,IDO,71549,,NIFTY,,2027-06-29,2027-06-29,19000.0,CE,NIFTY27JUN19000CE,0.0,0.0,0.0,7800.0,7800.0,7800.0,24168.0,6477.65,75,0,0,0.0,0,F1,65,,,,,
2026-06-18,2026-06-18,FO,NSE,IDO,37806,,NIFTY,,2026-12-29,2026-12-29,23000.0,CE,NIFTY26DEC23000CE,2124.95,2214.9,2110.0,2194.4,2210.0,2137.45,24168.0,2194.4,332490,-200,251,410505384.25,192,F1,65,,,,,
2026-06-18,2026-06-18,FO,NSE,IDO,65900,,NIFTY,,2026-09-29,2026-09-29,24000.0,CE,NIFTY26SEP24000CE,909.65,953.75,875.0,945.45,952.1,909.65,24168.0,945.45,803270,7020,1500,2429838947.25,1253,F1,65,,,,,
2026-06-18,2026-06-18,FO,NSE,IDO,62055,,NIFTY,,2026-08-25,2026-08-25,26200.0,CE,NIFTY26AUG26200CE,0.0,0.0,0.0,223.65,0.0,223.65,24168.0,178.85,0,0,0,0.0,0,F1,65,,,,,
2026-06-18,2026-06-18,FO,NSE,IDO,64023,,NIFTY,,2026-07-28,2026-07-28,25950.0,CE,NIFTY26JUL25950CE,19.25,21.65,18.05,20.25,21.0,19.25,24168.0,20.25,26585,-3770,97,163740934.5,48,F1,65,,,,,
2026-06-18,2026-06-18,FO,NSE,IDO,61973,,NIFTY,,2026-08-25,2026-08-25,25450.0,CE,NIFTY26AUG25450CE,123.55,130.95,121.75,130.0,130.0,119.65,24168.0,130.0,2600,65,7,11637297.75,7,F1,65,,,,,
2026-06-18,2026-06-18,FO,NSE,IDO,61426,,NIFTY,,2026-08-25,2026-08-25,22950.0,CE,NIFTY26AUG22950CE,0.0,0.0,0.0,882.45,880.9,882.45,24168.0,1685.95,520,0,0,0.0,0,F1,65,,,,,
2026-06-18,2026-06-18,FO,NSE,IDO,61346,,NIFTY,,2026-08-25,2026-08-25,21900.0,CE,NIFTY26AUG21900CE,0.0,0.0,0.0,2450.95,0.0,2450.95,24168.0,2587.15,0,0,0,0.0,0,F1,65,,,,,
2026-06-18,2026-06-18,FO,NSE,IDO,55765,,NIFTY,,2030-12-31,2030-12-31,31500.0,PE,NIFTY30DEC31500PE,0.0,0.0,0.0,1885.5,0.0,1885.5,24168.0,3034.5,0,0,0,0.0,0,F1,65,,,,,
2026-06-18,2026-06-18,FO,NSE,IDO,55761,,NIFTY,,2030-12-31,2030-12-31,28500.0,PE,NIFTY30DEC28500PE,0.0,0.0,0.0,1083.1,0.0,1083.1,24168.0,1968.65,0,0,0,0.0,0,F1,65,,,,,
2026-06-18,2026-06-18,FO,NSE,IDO,55705,,NIFTY,,2030-12-31,2030-12-31,22500.0,PE,NIFTY30DEC22500PE,0.0,0.0,0.0,219.35,0.0,219.35,24168.0,585.8,0,0,0,0.0,0,F1,65,,,,,
2026-06-18,2026-06-18,FO,NSE,IDO,89636,,NIFTY,,2029-06-26,2029-06-26,27000.0,CE,NIFTY29JUN27000CE,0.0,0.0,0.0,6570.4,0.0,6570.4,24168.0,3904.5,0,0,0,0.0,0,F1,65,,,,,
2026-06-18,2026-06-18,FO,NSE,IDO,55516,,NIFTY,,2028-12-26,2028-12-26,16500.0,CE,NIFTY28DEC16500CE,0.0,0.0,0.0,12176.65,0.0,12176.65,24168.0,10253.45,0,0,0,0.0,0,F1,65,,,,,
2026-06-18,2026-06-18,FO,NSE,IDO,55482,,NIFTY,,2028-06-27,2028-06-27,34500.0,CE,NIFTY28JUN34500CE,0.0,0.0,0.0,1003.35,0.0,1003.35,24168.0,653.9,0,0,0,0.0,0,F1,65,,,,,
2026-06-18,2026-06-18,FO,NSE,IDO,80270,,NIFTY,,2027-03-30,2027-03-30,22500.0,CE,NIFTY27MAR22500CE,0.0,0.0,0.0,2250.35,0.0,2250.35,24168.0,3208.6,0,0,0,0.0,0,F1,65,,,,,
2026-06-18,2026-06-18,FO,NSE,IDO,55336,,NIFTY,,2026-12-29,2026-12-29,34500.0,CE,NIFTY26DEC34500CE,0.0,0.0,0.0,17.85,17.85,17.85,24168.0,5.9,585,0,0,0.0,0,F1,65,,,,,
2026-06-18,2026-06-18,FO,NSE,IDO,58640,,NIFTY,,2026-12-29,2026-12-29,18000.0,CE,NIFTY26DEC18000CE,0.0,0.0,0.0,5700.0,5700.0,5700.0,24168.0,6794.65,1495,0,0,0.0,0,F1,65,,,,,
2026-06-18,2026-06-18,FO,NSE,IDO,65887,,NIFTY,,2026-09-29,2026-09-29,18000.0,CE,NIFTY26SEP18000CE,0.0,0.0,0.0,5731.6,5731.6,5731.6,24168.0,6501.8,1040,0,0,0.0,0,F1,65,,,,,
2026-06-18,2026-06-18,FO,NSE,IDO,65881,,NIFTY,,2026-09-29,2026-09-29,15000.0,CE,NIFTY26SEP15000CE,0.0,0.0,0.0,10499.3,0.0,10499.3,24168.0,9446.05,0,0,0,0.0,0,F1,65,,,,,
2026-06-18,2026-06-18,FO,NSE,IDO,61997,,NIFTY,,2026-08-25,2026-08-25,25800.0,CE,NIFTY26AUG25800CE,0.0,0.0,0.0,304.05,0.0,304.05,24168.0,256.4,0,0,0,0.0,0,F1,65,,,,,
2026-06-18,2026-06-18,FO,NSE,IDO,61975,,NIFTY,,2026-08-25,2026-08-25,25500.0,CE,NIFTY26AUG25500CE,114.05,131.9,112.0,128.5,129.05,114.3,24168.0,128.5,418210,33150,3326,5539265537.0,2274,F1,65,,,,,
2026-06-18,2026-06-18,FO,NSE,IDO,61955,,NIFTY,,2026-08-25,2026-08-25,25400.0,CE,NIFTY26AUG25400CE,0.0,0.0,0.0,403.4,0.0,403.4,24168.0,358.5,0,0,0,0.0,0,F1,65,,,,,
2026-06-18,2026-06-18,FO,NSE,IDO,61557,,NIFTY,,2026-08-25,2026-08-25,23900.0,CE,NIFTY26AUG23900CE,760.0,813.6,718.05,808.0,813.6,754.85,24168.0,808.0,14170,-2405,180,288703918.75,156,F1,65,,,,,
2026-06-18,2026-06-18,FO,NSE,IDO,63998,,NIFTY,,2026-07-28,2026-07-28,25400.0,CE,NIFTY26JUL25400CE,47.85,57.9,47.45,56.25,57.9,47.75,24168.0,56.25,131885,40950,3049,5044272103.0,2479,F1,65,,,,,
2026-06-18,2026-06-18,FO,NSE,IDO,63981,,NIFTY,,2026-07-28,2026-07-28,25050.0,CE,NIFTY26JUL25050CE,98.95,115.35,96.05,112.45,115.35,96.05,24168.0,112.45,29315,4420,792,1295033168.0,663,F1,65,,,,,
2026-06-18,2026-06-18,FO,NSE,IDO,63975,,NIFTY,,2026-07-28,2026-07-28,24900.0,CE,NIFTY26JUL24900CE,129.0,151.1,125.05,147.25,150.55,127.5,24168.0,147.25,137605,24700,3303,5374995349.75,2511,F1,65,,,,,
2026-06-18,2026-06-18,FO,NSE,IDO,63971,,NIFTY,,2026-07-28,2026-07-28,24800.0,CE,NIFTY26JUL24800CE,152.0,183.0,148.1,174.65,183.0,152.65,24168.0,174.65,346905,14625,5548,9001969252.25,4313,F1,65,,,,,
2026-06-18,2026-06-18,FO,NSE,IDO,63925,,NIFTY,,2026-07-28,2026-07-28,23700.0,CE,NIFTY26JUL23700CE,728.35,776.2,669.0,765.35,771.0,709.5,24168.0,765.35,100035,-6045,531,843297906.75,364,F1,65,,,,,
2026-06-18,2026-06-18,FO,NSE,IDO,63919,,NIFTY,,2026-07-28,2026-07-28,23600.0,CE,NIFTY26JUL23600CE,806.45,853.35,746.0,835.55,853.35,784.5,24168.0,835.55,137345,-54405,2355,3733004297.75,1603,F1,65,,,,,
2026-06-18,2026-06-18,FO,NSE,IDO,61932,,NIFTY,,2029-12-24,2029-12-24,30000.0,CE,NIFTY29DEC30000CE,0.0,0.0,0.0,2863.2,2863.2,2863.2,24168.0,3277.3,8145,0,0,0.0,0,F1,65,,,,,
2026-06-18,2026-06-18,FO,NSE,IDO,55702,,NIFTY,,2030-12-31,2030-12-31,21000.0,CE,NIFTY30DEC21000CE,0.0,0.0,0.0,10552.5,0.0,10552.5,24168.0,9015.3,0,0,0,0.0,0,F1,65,,,,,
2026-06-18,2026-06-18,FO,NSE,IDO,56185,,NIFTY,,2026-06-23,2026-06-23,21500.0,PE,NIFTY2662321500PE,1.5,1.65,0.75,0.95,0.85,1.55,24168.0,0.95,1955655,-236990,38058,53188625938.5,8010,F1,65,,,,,
2026-06-18,2026-06-18,FO,NSE,IDO,56197,,NIFTY,,2026-06-23,2026-06-23,21750.0,PE,NIFTY2662321750PE,1.75,1.75,0.7,1.0,0.85,1.6,24168.0,1.0,36270,11505,1757,2484088558.25,874,F1,65,,,,,
2026-06-18,2026-06-18,FO,NSE,IDO,56217,,NIFTY,,2026-06-23,2026-06-23,22000.0,PE,NIFTY2662322000PE,2.15,2.4,1.05,1.2,1.1,1.8,24168.0,1.2,4055610,-264550,152505,218095382531.0,21125,F1,65,,,,,
2026-06-18,2026-06-18,FO,NSE,IDO,56239,,NIFTY,,2026-06-23,2026-06-23,22250.0,PE,NIFTY2662322250PE,1.8,2.05,1.05,1.35,1.3,1.95,24168.0,1.35,91910,-223405,23029,33307802489.0,5279,F1,65,,,,,
2026-06-18,2026-06-18,FO,NSE,IDO,56265,,NIFTY,,2026-06-23,2026-06-23,22700.0,PE,NIFTY2662322700PE,2.35,2.85,1.35,1.65,1.5,3.15,24168.0,1.65,1231555,-138710,144984,213942009908.25,27591,F1,65,,,,,
2026-06-18,2026-06-18,FO,NSE,IDO,56337,,NIFTY,,2026-06-23,2026-06-23,23700.0,PE,NIFTY2662323700PE,35.05,35.05,10.15,11.5,10.45,34.75,24168.0,11.5,4797845,1200940,798108,1230498705146.75,237320,F1,65,,,,,
2026-06-18,2026-06-18,FO,NSE,IDO,56403,,NIFTY,,2026-06-23,2026-06-23,24550.0,PE,NIFTY2662324550PE,452.8,545.0,377.15,388.45,380.0,494.1,24168.0,388.45,28470,8320,3297,5360197651.25,2454,F1,65,,,,,
2026-06-18,2026-06-18,FO,NSE,IDO,56427,,NIFTY,,2026-06-23,2026-06-23,24850.0,PE,NIFTY2662324850PE,753.9,822.5,692.65,700.15,692.65,780.35,24168.0,700.15,1040,585,27,44936950.5,19,F1,65,,,,,
2026-06-18,2026-06-18,FO,NSE,IDO,37802,,NIFTY,,2026-06-30,2026-06-30,13000.0,PE,NIFTY26JUN13000PE,1.1,1.1,0.5,0.5,0.5,0.85,24168.0,0.5,14890,-3445,160,135206864.0,19,F1,65,,,,,
2026-06-18,2026-06-18,FO,NSE,IDO,50444,,NIFTY,,2026-06-30,2026-06-30,14000.0,PE,NIFTY26JUN14000PE,0.95,1.1,0.55,0.6,0.55,1.05,24168.0,0.6,58485,1300,118,107385521.75,23,F1,65,,,,,
2026-06-18,2026-06-18,FO,NSE,IDO,79479,,NIFTY,,2026-06-30,2026-06-30,21650.0,PE,NIFTY26JUN21650PE,3.2,3.95,3.2,3.55,3.2,4.05,24168.0,3.55,31655,-3770,226,318090077.5,160,F1,65,,,,,
2026-06-18,2026-06-18,FO,NSE,IDO,79506,,NIFTY,,2026-06-30,2026-06-30,21900.0,PE,NIFTY26JUN21900PE,3.85,4.95,3.5,3.95,3.65,4.8,24168.0,3.95,142545,20995,2922,4160207759.5,1313,F1,65,,,,,
2026-06-18,2026-06-18,FO,NSE,IDO,79515,,NIFTY,,2026-06-30,2026-06-30,22150.0,PE,NIFTY26JUN22150PE,6.4,6.45,3.8,4.3,3.9,5.55,24168.0,4.3,50635,-1300,517,744495238.5,301,F1,65,,,,,
2026-06-18,2026-06-18,FO,NSE,IDO,79545,,NIFTY,,2026-06-30,2026-06-30,22950.0,PE,NIFTY26JUN22950PE,12.5,12.9,7.85,8.85,9.35,14.5,24168.0,8.85,188305,-9360,3963,5914347614.5,2411,F1,65,,,,,
2026-06-18,2026-06-18,FO,NSE,IDO,79653,,NIFTY,,2026-06-30,2026-06-30,23300.0,PE,NIFTY26JUN23300PE,26.0,26.8,14.3,15.5,15.9,28.8,24168.0,15.5,3452345,333320,73122,110831443580.0,39169,F1,65,,,,,
2026-06-18,2026-06-18,FO,NSE,IDO,63915,,NIFTY,,2026-07-28,2026-07-28,23500.0,CE,NIFTY26JUL23500CE,873.7,929.55,812.1,918.85,928.0,854.15,24168.0,918.85,785915,10985,2142,3393310843.0,1764,F1,65,,,,,
2026-06-18,2026-06-18,FO,NSE,IDO,63871,,NIFTY,,2026-07-28,2026-07-28,22400.0,CE,NIFTY26JUL22400CE,0.0,0.0,0.0,1755.25,1755.25,1755.25,24168.0,1972.2,780,0,0,0.0,0,F1,65,,,,,
2026-06-18,2026-06-18,FO,NSE,IDO,63849,,NIFTY,,2026-07-28,2026-07-28,21850.0,CE,NIFTY26JUL21850CE,0.0,0.0,0.0,2031.2,2031.2,2031.2,24168.0,2490.6,65,0,0,0.0,0,F1,65,,,,,
2026-06-18,2026-06-18,FO,NSE,IDO,57436,,NIFTY,,2026-07-21,2026-07-21,25650.0,CE,NIFTY2672125650CE,0.0,0.0,0.0,83.8,0.0,83.8,24168.0,99.75,0,0,0,0.0,0,F1,65,,,,,
2026-06-18,2026-06-18,FO,NSE,IDO,57371,,NIFTY,,2026-07-21,2026-07-21,24700.0,CE,NIFTY2672124700CE,0.0,0.0,0.0,283.35,0.0,283.35,24168.0,332.7,0,0,0,0.0,0,F1,65,,,,,
2026-06-18,2026-06-18,FO,NSE,IDO,57354,,NIFTY,,2026-07-21,2026-07-21,24350.0,CE,NIFTY2672124350CE,274.5,304.6,255.95,300.6,304.6,273.25,24168.0,300.6,1885,-1105,53,84855689.75,50,F1,65,,,,,
2026-06-18,2026-06-18,FO,NSE,IDO,57287,,NIFTY,,2026-07-21,2026-07-21,22700.0,CE,NIFTY2672122700CE,0.0,0.0,0.0,1501.4,0.0,1501.4,24168.0,1655.35,0,0,0,0.0,0,F1,65,,,,,
2026-06-18,2026-06-18,FO,NSE,IDO,57283,,NIFTY,,2026-07-21,2026-07-21,22600.0,CE,NIFTY2672122600CE,0.0,0.0,0.0,1588.5,0.0,1588.5,24168.0,1745.9,0,0,0,0.0,0,F1,65,,,,,
2026-06-18,2026-06-18,FO,NSE,IDO,57281,,NIFTY,,2026-07-21,2026-07-21,22550.0,CE,NIFTY2672122550CE,0.0,0.0,0.0,1632.7,0.0,1632.7,24168.0,1791.65,0,0,0,0.0,0,F1,65,,,,,
2026-06-18,2026-06-18,FO,NSE,IDO,51387,,NIFTY,,2026-07-14,2026-07-14,24350.0,CE,NIFTY2671424350CE,225.5,247.35,198.0,236.65,246.6,225.25,24168.0,236.65,4290,1235,60,95826061.5,41,F1,65,,,,,
2026-06-18,2026-06-18,FO,NSE,IDO,51385,,NIFTY,,2026-07-14,2026-07-14,24300.0,CE,NIFTY2671424300CE,257.55,277.0,219.9,271.3,277.0,244.95,24168.0,271.3,37765,-5460,471,751654020.0,349,F1,65,,,,,
2026-06-18,2026-06-18,FO,NSE,IDO,51362,,NIFTY,,2026-07-14,2026-07-14,23850.0,CE,NIFTY2671423850CE,550.0,550.0,550.0,550.0,550.0,467.65,24168.0,550.0,130,-65,1,1586000.0,1,F1,65,,,,,
2026-06-18,2026-06-18,FO,NSE,IDO,51311,,NIFTY,,2026-07-14,2026-07-14,23050.0,CE,NIFTY2671423050CE,0.0,0.0,0.0,637.4,637.4,637.4,24168.0,1289.05,195,0,0,0.0,0,F1,65,,,,,
2026-06-18,2026-06-18,FO,NSE,IDO,51282,,NIFTY,,2026-07-14,2026-07-14,22500.0,CE,NIFTY2671422500CE,0.0,0.0,0.0,1041.95,0.0,1041.95,24168.0,1788.3,0,0,0,0.0,0,F1,65,,,,,
2026-06-18,2026-06-18,FO,NSE,IDO,51267,,NIFTY,,2026-07-14,2026-07-14,22350.0,CE,NIFTY2671422350CE,0.0,0.0,0.0,1157.5,0.0,1157.5,24168.0,1931.05,0,0,0,0.0,0,F1,65,,,,,
2026-06-18,2026-06-18,FO,NSE,IDO,51250,,NIFTY,,2026-07-14,2026-07-14,22100.0,CE,NIFTY2671422100CE,0.0,0.0,0.0,1361.7,0.0,1361.7,24168.0,2172.7,0,0,0,0.0,0,F1,65,,,,,
2026-06-18,2026-06-18,FO,NSE,IDO,51239,,NIFTY,,2026-07-14,2026-07-14,21950.0,CE,NIFTY2671421950CE,0.0,0.0,0.0,1490.3,0.0,1490.3,24168.0,2319.35,0,0,0,0.0,0,F1,65,,,,,
2026-06-18,2026-06-18,FO,NSE,IDO,51215,,NIFTY,,2026-07-14,2026-07-14,21550.0,CE,NIFTY2671421550CE,0.0,0.0,0.0,1850.85,0.0,1850.85,24168.0,2713.9,0,0,0,0.0,0,F1,65,,,,,
2026-06-18,2026-06-18,FO,NSE,IDO,44692,,NIFTY,,2026-07-07,2026-07-07,25200.0,CE,NIFTY2670725200CE,18.75,22.0,16.85,20.85,20.8,20.5,24168.0,20.85,95030,18590,1415,2319531789.25,810,F1,65,,,,,
2026-06-18,2026-06-18,FO,NSE,IDO,44688,,NIFTY,,2026-07-07,2026-07-07,25100.0,CE,NIFTY2670725100CE,24.35,27.5,20.75,26.35,26.25,25.6,24168.0,26.35,40885,19890,1227,2003797243.5,609,F1,65,,,,,
2026-06-18,2026-06-18,FO,NSE,IDO,79698,,NIFTY,,2026-06-30,2026-06-30,23450.0,PE,NIFTY26JUN23450PE,42.75,42.75,21.55,22.65,22.25,42.75,24168.0,22.65,249990,29575,12585,19206320246.75,8848,F1,65,,,,,
2026-06-18,2026-06-18,FO,NSE,IDO,79832,,NIFTY,,2026-06-30,2026-06-30,25550.0,PE,NIFTY26JUN25550PE,0.0,0.0,0.0,1590.2,1590.2,1590.2,24168.0,1343.8,1625,0,0,0.0,0,F1,65,,,,,
2026-06-18,2026-06-18,FO,NSE,IDO,55191,,NIFTY,,2026-06-30,2026-06-30,28500.0,PE,NIFTY26JUN28500PE,0.0,0.0,0.0,4440.0,4440.0,4440.0,24168.0,4274.35,10465,0,0,0.0,0,F1,65,,,,,
2026-06-18,2026-06-18,FO,NSE,IDO,55221,,NIFTY,,2026-06-30,2026-06-30,31500.0,PE,NIFTY26JUN31500PE,0.0,0.0,0.0,4679.25,0.0,4679.25,24168.0,7268.3,0,0,0,0.0,0,F1,65,,,,,
2026-06-18,2026-06-18,FO,NSE,IDO,44469,,NIFTY,,2026-07-07,2026-07-07,21650.0,PE,NIFTY2670721650PE,4.85,4.85,4.55,4.55,4.55,6.75,24168.0,4.55,715,0,2,2815111.0,2,F1,65,,,,,
2026-06-18,2026-06-18,FO,NSE,IDO,44511,,NIFTY,,2026-07-07,2026-07-07,22100.0,PE,NIFTY2670722100PE,8.0,8.0,6.25,6.45,6.3,8.65,24168.0,6.45,4615,0,28,40234571.0,10,F1,65,,,,,
2026-06-18,2026-06-18,FO,NSE,IDO,44515,,NIFTY,,2026-07-07,2026-07-07,22200.0,PE,NIFTY2670722200PE,8.75,8.75,6.45,6.95,7.35,9.7,24168.0,6.95,10985,1560,79,114033614.5,52,F1,65,,,,,
2026-06-18,2026-06-18,FO,NSE,IDO,44581,,NIFTY,,2026-07-07,2026-07-07,23350.0,PE,NIFTY2670723350PE,55.95,57.0,36.6,38.4,38.25,58.85,24168.0,38.4,15860,8125,656,997537950.5,394,F1,65,,,,,
2026-06-18,2026-06-18,FO,NSE,IDO,44621,,NIFTY,,2026-07-07,2026-07-07,24000.0,PE,NIFTY2670724000PE,217.0,229.3,151.0,155.65,154.0,217.0,24168.0,155.65,235950,70460,8163,12836027028.5,6034,F1,65,,,,,
2026-06-18,2026-06-18,FO,NSE,IDO,44672,,NIFTY,,2026-07-07,2026-07-07,24750.0,CE,NIFTY2670724750CE,0.0,0.0,0.0,137.1,0.0,137.1,24168.0,181.75,0,0,0,0.0,0,F1,65,,,,,
2026-06-18,2026-06-18,FO,NSE,IDO,44660,,NIFTY,,2026-07-07,2026-07-07,24450.0,CE,NIFTY2670724450CE,162.45,162.45,149.45,151.0,150.4,202.6,24168.0,151.0,715,715,12,19188773.5,12,F1,65,,,,,
2026-06-18,2026-06-18,FO,NSE,IDO,44635,,NIFTY,,2026-07-07,2026-07-07,24150.0,CE,NIFTY2670724150CE,255.75,295.0,222.05,286.0,295.0,255.75,24168.0,286.0,19370,6175,1667,2645554385.5,1415,F1,65,,,,,
2026-06-18,2026-06-18,FO,NSE,IDO,44564,,NIFTY,,2026-07-07,2026-07-07,23050.0,CE,NIFTY2670723050CE,1104.65,1197.65,1092.75,1196.35,1195.65,1008.25,24168.0,1196.35,715,-845,13,20431060.0,13,F1,65,,,,,
2026-06-18,2026-06-18,FO,NSE,IDO,44546,,NIFTY,,2026-07-07,2026-07-07,22750.0,CE,NIFTY2670722750CE,0.0,0.0,0.0,1042.5,0.0,1042.5,24168.0,1511.05,0,0,0,0.0,0,F1,65,,,,,
2026-06-18,2026-06-18,FO,NSE,IDO,44540,,NIFTY,,2026-07-07,2026-07-07,22600.0,CE,NIFTY2670722600CE,0.0,0.0,0.0,1157.1,0.0,1157.1,24168.0,1653.7,0,0,0,0.0,0,F1,65,,,,,
2026-06-18,2026-06-18,FO,NSE,IDO,44484,,NIFTY,,2026-07-07,2026-07-07,21950.0,CE,NIFTY2670721950CE,0.0,0.0,0.0,1708.8,0.0,1708.8,24168.0,2289.9,0,0,0,0.0,0,F1,65,,,,,
2026-06-18,2026-06-18,FO,NSE,IDO,71472,,NIFTY,,2026-06-30,2026-06-30,24000.0,CE,NIFTY26JUN24000CE,244.0,313.9,221.6,298.65,309.0,267.65,24168.0,298.65,7154280,-142460,167050,263462486183.0,106548,F1,65,,,,,
2026-06-18,2026-06-18,FO,NSE,IDO,79565,,NIFTY,,2026-06-30,2026-06-30,23200.0,CE,NIFTY26JUN23200CE,925.0,1015.4,851.95,998.9,1011.5,915.1,24168.0,998.9,664560,-38805,1361,2134000368.5,970,F1,65,,,,,
2026-06-18,2026-06-18,FO,NSE,IDO,79526,,NIFTY,,2026-06-30,2026-06-30,22450.0,CE,NIFTY26JUN22450CE,0.0,0.0,0.0,1599.9,1599.9,1599.9,24168.0,1765.25,1690,0,0,0.0,0,F1,65,,,,,
2026-06-18,2026-06-18,FO,NSE,IDO,79514,,NIFTY,,2026-06-30,2026-06-30,22150.0,CE,NIFTY26JUN22150CE,0.0,0.0,0.0,1927.35,1927.35,1927.35,24168.0,2063.25,2340,0,0,0.0,0,F1,65,,,,,
2026-06-18,2026-06-18,FO,NSE,IDO,56508,,NIFTY,,2026-06-23,2026-06-23,26250.0,CE,NIFTY2662326250CE,1.0,1.85,0.55,0.6,0.55,0.8,24168.0,0.6,102050,16900,8040,13718654670.5,1680,F1,65,,,,,
2026-06-18,2026-06-18,FO,NSE,IDO,56498,,NIFTY,,2026-06-23,2026-06-23,26050.0,CE,NIFTY2662326050CE,1.1,1.2,0.6,0.7,0.65,0.95,24168.0,0.7,57460,-5980,6137,10391820354.5,1426,F1,65,,,,,
2026-06-18,2026-06-18,FO,NSE,IDO,56280,,NIFTY,,2026-06-23,2026-06-23,23100.0,CE,NIFTY2662323100CE,978.45,1092.0,930.0,1071.5,1084.5,978.45,24168.0,1071.5,106730,-9035,283,443288248.0,183,F1,65,,,,,
2026-06-18,2026-06-18,FO,NSE,IDO,44667,,NIFTY,,2026-07-07,2026-07-07,24600.0,PE,NIFTY2670724600PE,537.15,599.0,461.2,470.4,461.2,1141.1,24168.0,470.4,585,585,28,45715757.75,27,F1,65,,,,,
2026-06-18,2026-06-18,FO,NSE,IDO,44669,,NIFTY,,2026-07-07,2026-07-07,24650.0,PE,NIFTY2670724650PE,568.75,585.0,568.75,585.0,585.0,1180.35,24168.0,615.8,0,0,2,3279493.75,2,F1,65,,,,,
2026-06-18,2026-06-18,FO,NSE,IDO,44677,,NIFTY,,2026-07-07,2026-07-07,24850.0,PE,NIFTY2670724850PE,0.0,0.0,0.0,1342.4,0.0,1342.4,24168.0,756.7,0,0,0,0.0,0,F1,65,,,,,
2026-06-18,2026-06-18,FO,NSE,IDO,44691,,NIFTY,,2026-07-07,2026-07-07,25150.0,PE,NIFTY2670725150PE,0.0,0.0,0.0,1599.0,0.0,1599.0,24168.0,992.5,0,0,0,0.0,0,F1,65,,,,,
2026-06-18,2026-06-18,FO,NSE,IDO,51214,,NIFTY,,2026-07-14,2026-07-14,21500.0,PE,NIFTY2671421500PE,8.8,8.8,6.6,7.15,7.4,9.45,24168.0,7.15,18005,2600,158,220883013.0,77,F1,65,,,,,
2026-06-18,2026-06-18,FO,NSE,IDO,51325,,NIFTY,,2026-07-14,2026-07-14,23100.0,PE,NIFTY2671423100PE,51.0,53.0,38.7,39.8,40.25,57.75,24168.0,39.8,12675,9230,290,436237701.25,161,F1,65,,,,,
2026-06-18,2026-06-18,FO,NSE,IDO,51354,,NIFTY,,2026-07-14,2026-07-14,23650.0,PE,NIFTY2671423650PE,140.35,142.8,117.5,129.1,129.1,149.95,24168.0,194.05,3120,-845,48,74181133.0,35,F1,65,,,,,
2026-06-18,2026-06-18,FO,NSE,IDO,51371,,NIFTY,,2026-07-14,2026-07-14,24000.0,PE,NIFTY2671424000PE,250.0,266.6,190.75,195.0,191.15,254.95,24168.0,195.0,37375,16055,906,1426464474.5,585,F1,65,,,,,
2026-06-18,2026-06-18,FO,NSE,IDO,51374,,NIFTY,,2026-07-14,2026-07-14,24050.0,PE,NIFTY2671424050PE,273.9,288.25,208.75,220.6,213.15,277.95,24168.0,220.6,2340,-2600,109,172167329.75,99,F1,65,,,,,
2026-06-18,2026-06-18,FO,NSE,IDO,51388,,NIFTY,,2026-07-14,2026-07-14,24350.0,PE,NIFTY2671424350PE,386.3,397.75,385.0,390.45,390.45,1184.1,24168.0,481.15,1950,1885,31,49854382.5,31,F1,65,,,,,
2026-06-18,2026-06-18,FO,NSE,IDO,51396,,NIFTY,,2026-07-14,2026-07-14,24500.0,PE,NIFTY2671424500PE,480.0,547.65,425.8,432.05,428.85,512.85,24168.0,432.05,4225,4095,114,185023150.0,100,F1,65,,,,,
2026-06-18,2026-06-18,FO,NSE,IDO,57278,,NIFTY,,2026-07-21,2026-07-21,22450.0,PE,NIFTY2672122450PE,24.65,25.5,23.65,24.35,23.65,50.75,24168.0,24.35,260,260,4,5843422.0,4,F1,65,,,,,
2026-06-18,2026-06-18,FO,NSE,IDO,57312,,NIFTY,,2026-07-21,2026-07-21,23300.0,PE,NIFTY2672123300PE,95.1,99.9,77.65,78.5,77.65,106.6,24168.0,78.5,4095,2665,105,159604708.25,74,F1,65,,,,,
2026-06-18,2026-06-18,FO,NSE,IDO,57324,,NIFTY,,2026-07-21,2026-07-21,23600.0,PE,NIFTY2672123600PE,0.0,0.0,0.0,285.3,0.0,285.3,24168.0,215.3,0,0,0,0.0,0,F1,65,,,,,
2026-06-18,2026-06-18,FO,NSE,IDO,57335,,NIFTY,,2026-07-21,2026-07-21,23850.0,PE,NIFTY2672123850PE,0.0,0.0,0.0,381.15,0.0,381.15,24168.0,296.6,0,0,0,0.0,0,F1,65,,,,,
2026-06-18,2026-06-18,FO,NSE,IDO,57372,,NIFTY,,2026-07-21,2026-07-21,24700.0,PE,NIFTY2672124700PE,0.0,0.0,0.0,848.75,0.0,848.75,24168.0,717.05,0,0,0,0.0,0,F1,65,,,,,
2026-06-18,2026-06-18,FO,NSE,IDO,57406,,NIFTY,,2026-07-21,2026-07-21,25200.0,PE,NIFTY2672125200PE,0.0,0.0,0.0,1217.4,0.0,1217.4,24168.0,1064.95,0,0,0,0.0,0,F1,65,,,,,
2026-06-18,2026-06-18,FO,NSE,IDO,63818,,NIFTY,,2026-07-28,2026-07-28,21250.0,PE,NIFTY26JUL21250PE,12.15,14.75,11.0,11.95,12.9,14.35,24168.0,11.95,7020,-1300,41,56663587.5,23,F1,65,,,,,
2026-06-18,2026-06-18,FO,NSE,IDO,63848,,NIFTY,,2026-07-28,2026-07-28,21800.0,PE,NIFTY26JUL21800PE,18.7,20.25,17.0,18.8,18.3,21.3,24168.0,18.8,126490,-49530,3433,4868681197.25,2075,F1,65,,,,,
2026-06-18,2026-06-18,FO,NSE,IDO,63864,,NIFTY,,2026-07-28,2026-07-28,22200.0,PE,NIFTY26JUL22200PE,29.15,29.9,24.65,27.0,27.45,30.9,24168.0,27.0,288535,-417235,14244,20579505540.75,7689,F1,65,,,,,
2026-06-18,2026-06-18,FO,NSE,IDO,63954,,NIFTY,,2026-07-28,2026-07-28,24350.0,PE,NIFTY26JUL24350PE,441.05,484.75,399.25,403.0,399.25,472.05,24168.0,403.0,12870,5070,156,251306230.5,99,F1,65,,,,,
2026-06-18,2026-06-18,FO,NSE,IDO,63980,,NIFTY,,2026-07-28,2026-07-28,25000.0,PE,NIFTY26JUL25000PE,896.8,944.9,803.7,813.0,805.0,896.8,24168.0,813.0,806520,45045,3481,5852171334.75,2962,F1,65,,,,,
2026-06-18,2026-06-18,FO,NSE,IDO,63984,,NIFTY,,2026-07-28,2026-07-28,25100.0,PE,NIFTY26JUL25100PE,970.05,976.65,875.75,885.95,877.55,1019.8,24168.0,885.95,3055,2015,40,67645610.5,35,F1,65,,,,,
2026-06-18,2026-06-18,FO,NSE,IDO,63988,,NIFTY,,2026-07-28,2026-07-28,25200.0,PE,NIFTY26JUL25200PE,1046.8,1068.6,953.95,968.5,965.0,1181.4,24168.0,968.5,5005,455,30,51099386.0,20,F1,65,,,,,
2026-06-18,2026-06-18,FO,NSE,IDO,64024,,NIFTY,,2026-07-28,2026-07-28,25950.0,PE,NIFTY26JUL25950PE,0.0,0.0,0.0,1539.2,1539.2,1539.2,24168.0,1687.2,65,0,0,0.0,0,F1,65,,,,,
2026-06-18,2026-06-18,FO,NSE,IDO,64047,,NIFTY,,2026-07-28,2026-07-28,26300.0,PE,NIFTY26JUL26300PE,2115.0,2127.0,2000.0,2001.25,2002.45,2152.15,24168.0,2001.25,910,910,16,29538525.25,12,F1,65,,,,,
2026-06-18,2026-06-18,FO,NSE,IDO,61337,,NIFTY,,2026-08-25,2026-08-25,21650.0,PE,NIFTY26AUG21650PE,42.35,42.35,42.35,42.35,42.35,40.05,24168.0,34.85,715,-65,2,2820005.5,2,F1,65,,,,,
2026-06-18,2026-06-18,FO,NSE,IDO,61377,,NIFTY,,2026-08-25,2026-08-25,22300.0,PE,NIFTY26AUG22300PE,71.55,73.0,59.95,61.1,60.0,75.0,24168.0,61.1,86125,58565,1840,2674896045.25,892,F1,65,,,,,
2026-06-18,2026-06-18,FO,NSE,IDO,61427,,NIFTY,,2026-08-25,2026-08-25,22950.0,PE,NIFTY26AUG22950PE,129.1,142.45,115.35,117.35,115.4,145.2,24168.0,117.35,5655,3380,80,119988277.5,59,F1,65,,,,,
2026-06-18,2026-06-18,FO,NSE,IDO,61533,,NIFTY,,2026-08-25,2026-08-25,23750.0,PE,NIFTY26AUG23750PE,340.0,340.0,291.7,302.1,302.1,399.2,24168.0,405.35,2730,-65,19,29712137.0,11,F1,65,,,,,
2026-06-18,2026-06-18,FO,NSE,IDO,61609,,NIFTY,,2026-08-25,2026-08-25,24050.0,PE,NIFTY26AUG24050PE,412.0,427.65,394.25,394.25,394.25,421.25,24168.0,520.85,1755,-585,21,33405632.0,13,F1,65,,,,,
2026-06-18,2026-06-18,FO,NSE,IDO,61771,,NIFTY,,2026-08-25,2026-08-25,24500.0,PE,NIFTY26AUG24500PE,621.15,645.0,540.0,548.9,540.0,621.2,24168.0,548.9,165880,22295,1911,3116594666.25,1530,F1,65,,,,,
2026-06-18,2026-06-18,FO,NSE,IDO,61956,,NIFTY,,2026-08-25,2026-08-25,25400.0,PE,NIFTY26AUG25400PE,1201.5,1201.5,1201.5,1201.5,1201.5,1243.0,24168.0,1278.65,325,0,1,1729097.5,1,F1,65,,,,,
2026-06-18,2026-06-18,FO,NSE,IDO,62037,,NIFTY,,2026-08-25,2026-08-25,25950.0,PE,NIFTY26AUG25950PE,0.0,0.0,0.0,1923.9,0.0,1923.9,24168.0,1688.1,0,0,0,0.0,0,F1,65,,,,,
2026-06-18,2026-06-18,FO,NSE,IDO,65894,,NIFTY,,2026-09-29,2026-09-29,21000.0,PE,NIFTY26SEP21000PE,52.1,53.7,47.1,48.05,47.1,54.2,24168.0,48.05,1093690,3705,2238,3062224031.75,1288,F1,65,,,,,
2026-06-18,2026-06-18,FO,NSE,IDO,65930,,NIFTY,,2026-09-29,2026-09-29,33000.0,PE,NIFTY26SEP33000PE,0.0,0.0,0.0,6552.15,0.0,6552.15,24168.0,8220.8,0,0,0,0.0,0,F1,65,,,,,
2026-06-18,2026-06-18,FO,NSE,IDO,58629,,NIFTY,,2026-12-29,2026-12-29,12000.0,PE,NIFTY26DEC12000PE,0.0,0.0,0.0,10.0,10.0,10.0,24168.0,0.0,30630,0,0,0.0,0,F1,65,,,,,
2026-06-18,2026-06-18,FO,NSE,IDO,55337,,NIFTY,,2026-12-29,2026-12-29,34500.0,PE,NIFTY26DEC34500PE,0.0,0.0,0.0,6630.4,0.0,6630.4,24168.0,9143.3,0,0,0,0.0,0,F1,65,,,,,
2026-06-18,2026-06-18,FO,NSE,IDO,47193,,NIFTY,,2027-06-29,2027-06-29,33000.0,PE,NIFTY27JUN33000PE,0.0,0.0,0.0,4691.7,0.0,4691.7,24168.0,6829.8,0,0,0,0.0,0,F1,65,,,,,
2026-06-18,2026-06-18,FO,NSE,IDO,55423,,NIFTY,,2027-12-28,2027-12-28,19500.0,PE,NIFTY27DEC19500PE,0.0,0.0,0.0,29.25,0.0,29.25,24168.0,131.9,0,0,0,0.0,0,F1,65,,,,,
2026-06-18,2026-06-18,FO,NSE,IDO,55425,,NIFTY,,2027-12-28,2027-12-28,22500.0,PE,NIFTY27DEC22500PE,0.0,0.0,0.0,186.5,0.0,186.5,24168.0,550.75,0,0,0,0.0,0,F1,65,,,,,
2026-06-18,2026-06-18,FO,NSE,IDO,35347,,NIFTY,,2027-12-28,2027-12-28,30000.0,PE,NIFTY27DEC30000PE,0.0,0.0,0.0,4140.9,0.0,4140.9,24168.0,3945.3,0,0,0,0.0,0,F1,65,,,,,
2026-06-18,2026-06-18,FO,NSE,IDO,86140,,NIFTY,,2028-06-27,2028-06-27,18000.0,PE,NIFTY28JUN18000PE,0.0,0.0,0.0,396.75,0.0,396.75,24168.0,76.1,0,0,0,0.0,0,F1,65,,,,,
2026-06-18,2026-06-18,FO,NSE,IDO,86148,,NIFTY,,2028-06-27,2028-06-27,22000.0,PE,NIFTY28JUN22000PE,0.0,0.0,0.0,654.0,654.0,654.0,24168.0,495.8,975,0,0,0.0,0,F1,65,,,,,
2026-06-18,2026-06-18,FO,NSE,IDO,55477,,NIFTY,,2028-06-27,2028-06-27,25500.0,PE,NIFTY28JUN25500PE,0.0,0.0,0.0,667.45,0.0,667.45,24168.0,1444.05,0,0,0,0.0,0,F1,65,,,,,
2026-06-18,2026-06-18,FO,NSE,IDO,67777,,NIFTY,,2028-12-26,2028-12-26,21000.0,PE,NIFTY28DEC21000PE,0.0,0.0,0.0,569.9,569.9,569.9,24168.0,365.45,6735,0,0,0.0,0,F1,65,,,,,
2026-06-18,2026-06-18,FO,NSE,IDO,55521,,NIFTY,,2028-12-26,2028-12-26,22500.0,PE,NIFTY28DEC22500PE,0.0,0.0,0.0,218.8,0.0,218.8,24168.0,612.15,0,0,0,0.0,0,F1,65,,,,,
2026-06-18,2026-06-18,FO,NSE,IDO,67795,,NIFTY,,2028-12-26,2028-12-26,30000.0,PE,NIFTY28DEC30000PE,0.0,0.0,0.0,2352.75,0.0,2352.75,24168.0,3333.8,0,0,0,0.0,0,F1,65,,,,,
2026-06-18,2026-06-18,FO,NSE,IDO,55561,,NIFTY,,2029-06-26,2029-06-26,22500.0,PE,NIFTY29JUN22500PE,0.0,0.0,0.0,224.45,0.0,224.45,24168.0,617.05,0,0,0,0.0,0,F1,65,,,,,
2026-06-18,2026-06-18,FO,NSE,IDO,89635,,NIFTY,,2029-06-26,2029-06-26,26000.0,PE,NIFTY29JUN26000PE,0.0,0.0,0.0,1650.0,1650.0,1650.0,24168.0,1490.55,50,0,0,0.0,0,F1,65,,,,,
2026-06-18,2026-06-18,FO,NSE,IDO,55601,,NIFTY,,2029-12-24,2029-12-24,19500.0,PE,NIFTY29DEC19500PE,0.0,0.0,0.0,61.2,0.0,61.2,24168.0,231.75,0,0,0,0.0,0,F1,65,,,,,
2026-06-18,2026-06-18,FO,NSE,IDO,55759,,NIFTY,,2030-12-31,2030-12-31,27000.0,PE,NIFTY30DEC27000PE,0.0,0.0,0.0,779.5,0.0,779.5,24168.0,1529.5,0,0,0,0.0,0,F1,65,,,,,
2026-06-18,2026-06-18,FO,NSE,IDO,55767,,NIFTY,,2030-12-31,2030-12-31,33000.0,PE,NIFTY30DEC33000PE,0.0,0.0,0.0,2387.3,0.0,2387.3,24168.0,3655.05,0,0,0,0.0,0,F1,65,,,,,
2026-06-18,2026-06-18,FO,NSE,IDO,55604,,NIFTY,,2029-12-24,2029-12-24,25500.0,CE,NIFTY29DEC25500CE,0.0,0.0,0.0,6500.6,0.0,6500.6,24168.0,5253.45,0,0,0,0.0,0,F1,65,,,,,
2026-06-18,2026-06-18,FO,NSE,IDO,57353,,NIFTY,,2026-07-21,2026-07-21,24300.0,PE,NIFTY2672124300PE,408.8,427.2,344.55,353.65,348.8,435.0,24168.0,353.65,260,195,45,72248822.75,34,F1,65,,,,,
2026-06-18,2026-06-18,FO,NSE,IDO,57370,,NIFTY,,2026-07-21,2026-07-21,24650.0,PE,NIFTY2672124650PE,0.0,0.0,0.0,815.4,0.0,815.4,24168.0,686.15,0,0,0,0.0,0,F1,65,,,,,
2026-06-18,2026-06-18,FO,NSE,IDO,57376,,NIFTY,,2026-07-21,2026-07-21,24800.0,PE,NIFTY2672124800PE,0.0,0.0,0.0,917.5,0.0,917.5,24168.0,781.15,0,0,0,0.0,0,F1,65,,,,,
2026-06-18,2026-06-18,FO,NSE,IDO,57416,,NIFTY,,2026-07-21,2026-07-21,25400.0,PE,NIFTY2672125400PE,0.0,0.0,0.0,1380.15,0.0,1380.15,24168.0,1221.45,0,0,0,0.0,0,F1,65,,,,,
2026-06-18,2026-06-18,FO,NSE,IDO,63832,,NIFTY,,2026-07-28,2026-07-28,21500.0,PE,NIFTY26JUL21500PE,16.0,16.7,13.1,15.0,15.45,16.15,24168.0,15.0,513630,-26520,3240,4530982462.5,1977,F1,65,,,,,
2026-06-18,2026-06-18,FO,NSE,IDO,63858,,NIFTY,,2026-07-28,2026-07-28,22050.0,PE,NIFTY26JUL22050PE,24.15,24.3,22.6,23.75,23.75,28.05,24168.0,21.7,8905,-4875,95,136304301.25,82,F1,65,,,,,
2026-06-18,2026-06-18,FO,NSE,IDO,63872,,NIFTY,,2026-07-28,2026-07-28,22400.0,PE,NIFTY26JUL22400PE,38.3,39.35,30.55,31.85,31.95,40.4,24168.0,31.85,140855,34840,3996,5826980552.25,3187,F1,65,,,,,
2026-06-18,2026-06-18,FO,NSE,IDO,63894,,NIFTY,,2026-07-28,2026-07-28,22950.0,PE,NIFTY26JUL22950PE,75.0,77.35,61.9,62.85,61.9,82.1,24168.0,62.85,9230,-3380,271,405490774.0,220,F1,65,,,,,
2026-06-18,2026-06-18,FO,NSE,IDO,63912,,NIFTY,,2026-07-28,2026-07-28,23400.0,PE,NIFTY26JUL23400PE,136.9,150.75,115.1,117.4,115.8,151.2,24168.0,117.4,237510,30940,4259,6513798447.0,3081,F1,65,,,,,
2026-06-18,2026-06-18,FO,NSE,IDO,63960,,NIFTY,,2026-07-28,2026-07-28,24500.0,PE,NIFTY26JUL24500PE,548.0,589.3,475.6,486.65,477.0,556.75,24168.0,486.65,566735,28665,6300,10244875816.5,4126,F1,65,,,,,
2026-06-18,2026-06-18,FO,NSE,IDO,63964,,NIFTY,,2026-07-28,2026-07-28,24600.0,PE,NIFTY26JUL24600PE,600.0,642.0,529.85,536.4,543.9,616.95,24168.0,536.4,70655,6565,475,777409587.5,380,F1,65,,,,,
2026-06-18,2026-06-18,FO,NSE,IDO,63978,,NIFTY,,2026-07-28,2026-07-28,24950.0,PE,NIFTY26JUL24950PE,848.05,882.0,798.15,799.9,798.15,939.8,24168.0,799.9,715,260,13,21782247.5,12,F1,65,,,,,
2026-06-18,2026-06-18,FO,NSE,IDO,64030,,NIFTY,,2026-07-28,2026-07-28,26100.0,PE,NIFTY26JUL26100PE,1833.0,1833.0,1833.0,1833.0,1833.0,1870.45,24168.0,1833.0,2015,-65,1,1815645.0,1,F1,65,,,,,
2026-06-18,2026-06-18,FO,NSE,IDO,61172,,NIFTY,,2026-08-25,2026-08-25,21300.0,PE,NIFTY26AUG21300PE,29.0,38.3,26.6,30.0,30.0,33.0,24168.0,30.0,1365,-780,24,33275905.0,11,F1,65,,,,,
2026-06-18,2026-06-18,FO,NSE,IDO,61176,,NIFTY,,2026-08-25,2026-08-25,21400.0,PE,NIFTY26AUG21400PE,34.5,34.5,29.75,32.35,32.35,33.1,24168.0,23.55,1430,-520,39,54329002.0,28,F1,65,,,,,
2026-06-18,2026-06-18,FO,NSE,IDO,61355,,NIFTY,,2026-08-25,2026-08-25,22050.0,PE,NIFTY26AUG22050PE,54.0,54.0,51.65,51.65,51.65,60.45,24168.0,62.05,130,-65,9,12930274.5,7,F1,65,,,,,
2026-06-18,2026-06-18,FO,NSE,IDO,61379,,NIFTY,,2026-08-25,2026-08-25,22350.0,PE,NIFTY26AUG22350PE,69.45,71.5,63.75,64.25,63.75,79.3,24168.0,64.25,3120,65,13,18942020.5,13,F1,65,,,,,
2026-06-18,2026-06-18,FO,NSE,IDO,61398,,NIFTY,,2026-08-25,2026-08-25,22500.0,PE,NIFTY26AUG22500PE,90.95,91.45,74.05,75.4,74.5,93.2,24168.0,75.4,529360,24765,6743,9898677652.5,3585,F1,65,,,,,
2026-06-18,2026-06-18,FO,NSE,IDO,61417,,NIFTY,,2026-08-25,2026-08-25,22800.0,PE,NIFTY26AUG22800PE,119.0,123.05,98.1,100.15,98.1,123.85,24168.0,100.15,37700,9555,499,743047402.5,347,F1,65,,,,,
2026-06-18,2026-06-18,FO,NSE,IDO,61798,,NIFTY,,2026-08-25,2026-08-25,24750.0,PE,NIFTY26AUG24750PE,0.0,0.0,0.0,890.0,890.0,890.0,24168.0,866.15,130,0,0,0.0,0,F1,65,,,,,
2026-06-18,2026-06-18,FO,NSE,IDO,61944,,NIFTY,,2026-08-25,2026-08-25,25300.0,PE,NIFTY26AUG25300PE,0.0,0.0,0.0,1160.0,1160.0,1160.0,24168.0,1209.85,260,0,0,0.0,0,F1,65,,,,,
2026-06-18,2026-06-18,FO,NSE,IDO,61978,,NIFTY,,2026-08-25,2026-08-25,25550.0,PE,NIFTY26AUG25550PE,0.0,0.0,0.0,1621.75,0.0,1621.75,24168.0,1385.25,0,0,0,0.0,0,F1,65,,,,,
2026-06-18,2026-06-18,FO,NSE,IDO,62059,,NIFTY,,2026-08-25,2026-08-25,26250.0,PE,NIFTY26AUG26250PE,0.0,0.0,0.0,2163.55,0.0,2163.55,24168.0,1930.45,0,0,0,0.0,0,F1,65,,,,,
2026-06-18,2026-06-18,FO,NSE,IDO,65901,,NIFTY,,2026-09-29,2026-09-29,24000.0,PE,NIFTY26SEP24000PE,470.75,483.05,396.25,401.7,399.7,470.75,24168.0,401.7,1013130,293735,8126,12901519410.0,5171,F1,65,,,,,
2026-06-18,2026-06-18,FO,NSE,IDO,58643,,NIFTY,,2026-12-29,2026-12-29,19000.0,PE,NIFTY26DEC19000PE,65.4,67.55,58.25,59.0,59.45,66.9,24168.0,59.0,413145,-4605,2653,3287166467.0,1425,F1,65,,,,,
2026-06-18,2026-06-18,FO,NSE,IDO,58649,,NIFTY,,2026-12-29,2026-12-29,22000.0,PE,NIFTY26DEC22000PE,208.4,214.9,176.75,181.6,176.75,213.7,24168.0,181.6,1187115,-103775,7216,10410721691.5,4525,F1,65,,,,,
2026-06-18,2026-06-18,FO,NSE,IDO,80248,,NIFTY,,2027-03-30,2027-03-30,18000.0,PE,NIFTY27MAR18000PE,0.0,0.0,0.0,37.3,37.3,37.3,24168.0,11.9,65,0,0,0.0,0,F1,65,,,,,
2026-06-18,2026-06-18,FO,NSE,IDO,71548,,NIFTY,,2027-06-29,2027-06-29,18000.0,PE,NIFTY27JUN18000PE,0.0,0.0,0.0,220.0,220.0,220.0,24168.0,23.9,230,0,0,0.0,0,F1,65,,,,,
2026-06-18,2026-06-18,FO,NSE,IDO,50984,,NIFTY,,2027-06-29,2027-06-29,27000.0,PE,NIFTY27JUN27000PE,0.0,0.0,0.0,6273.45,0.0,6273.45,24168.0,2289.85,0,0,0,0.0,0,F1,65,,,,,
2026-06-18,2026-06-18,FO,NSE,IDO,86134,,NIFTY,,2028-06-27,2028-06-27,15000.0,PE,NIFTY28JUN15000PE,0.0,0.0,0.0,127.2,0.0,127.2,24168.0,8.7,0,0,0,0.0,0,F1,65,,,,,
2026-06-18,2026-06-18,FO,NSE,IDO,86164,,NIFTY,,2028-06-27,2028-06-27,27000.0,PE,NIFTY28JUN27000PE,0.0,0.0,0.0,2752.35,0.0,2752.35,24168.0,2052.65,0,0,0,0.0,0,F1,65,,,,,
2026-06-18,2026-06-18,FO,NSE,IDO,67783,,NIFTY,,2028-12-26,2028-12-26,24000.0,PE,NIFTY28DEC24000PE,0.0,0.0,0.0,1001.0,1001.0,1001.0,24168.0,952.6,3510,0,0,0.0,0,F1,65,,,,,
2026-06-18,2026-06-18,FO,NSE,IDO,55527,,NIFTY,,2028-12-26,2028-12-26,31500.0,PE,NIFTY28DEC31500PE,0.0,0.0,0.0,2673.4,0.0,2673.4,24168.0,4167.4,0,0,0,0.0,0,F1,65,,,,,
2026-06-18,2026-06-18,FO,NSE,IDO,55557,,NIFTY,,2029-06-26,2029-06-26,16500.0,PE,NIFTY29JUN16500PE,0.0,0.0,0.0,8.1,0.0,8.1,24168.0,52.2,0,0,0,0.0,0,F1,65,,,,,
2026-06-18,2026-06-18,FO,NSE,IDO,89613,,NIFTY,,2029-06-26,2029-06-26,18000.0,PE,NIFTY29JUN18000PE,0.0,0.0,0.0,118.45,0.0,118.45,24168.0,113.6,0,0,0,0.0,0,F1,65,,,,,
2026-06-18,2026-06-18,FO,NSE,IDO,55559,,NIFTY,,2029-06-26,2029-06-26,19500.0,PE,NIFTY29JUN19500PE,0.0,0.0,0.0,56.0,0.0,56.0,24168.0,218.85,0,0,0,0.0,0,F1,65,,,,,
2026-06-18,2026-06-18,FO,NSE,IDO,55569,,NIFTY,,2029-06-26,2029-06-26,34500.0,PE,NIFTY29JUN34500PE,0.0,0.0,0.0,3889.3,0.0,3889.3,24168.0,5550.05,0,0,0,0.0,0,F1,65,,,,,
2026-06-18,2026-06-18,FO,NSE,IDO,61773,,NIFTY,,2029-12-24,2029-12-24,25000.0,PE,NIFTY29DEC25000PE,0.0,0.0,0.0,709.7,709.7,709.7,24168.0,1144.85,290,0,0,0.0,0,F1,65,,,,,
2026-06-18,2026-06-18,FO,NSE,IDO,55695,,NIFTY,,2030-12-31,2030-12-31,15000.0,PE,NIFTY30DEC15000PE,0.0,0.0,0.0,4.95,0.0,4.95,24168.0,35.7,0,0,0,0.0,0,F1,65,,,,,
2026-06-18,2026-06-18,FO,NSE,IDO,55771,,NIFTY,,2030-12-31,2030-12-31,34500.0,PE,NIFTY30DEC34500PE,0.0,0.0,0.0,2953.45,0.0,2953.45,24168.0,4329.4,0,0,0,0.0,0,F1,65,,,,,
2026-06-18,2026-06-18,FO,NSE,IDO,51498,,NIFTY,,2026-07-14,2026-07-14,25950.0,PE,NIFTY2671425950PE,0.0,0.0,0.0,2568.75,0.0,2568.75,24168.0,1705.55,0,0,0,0.0,0,F1,65,,,,,
2026-06-18,2026-06-18,FO,NSE,IDO,51472,,NIFTY,,2026-07-14,2026-07-14,25450.0,PE,NIFTY2671425450PE,0.0,0.0,0.0,2089.9,0.0,2089.9,24168.0,1259.6,0,0,0,0.0,0,F1,65,,,,,
2026-06-18,2026-06-18,FO,NSE,IDO,51410,,NIFTY,,2026-07-14,2026-07-14,24800.0,PE,NIFTY2671424800PE,0.0,0.0,0.0,1509.8,1509.8,1509.8,24168.0,756.2,0,0,0,0.0,0,F1,65,,,,,
2026-06-18,2026-06-18,FO,NSE,IDO,51408,,NIFTY,,2026-07-14,2026-07-14,24750.0,PE,NIFTY2671424750PE,0.0,0.0,0.0,1456.4,0.0,1456.4,24168.0,722.35,0,0,0,0.0,0,F1,65,,,,,
2026-06-18,2026-06-18,FO,NSE,IDO,51376,,NIFTY,,2026-07-14,2026-07-14,24100.0,PE,NIFTY2671424100PE,293.1,310.0,224.75,233.5,228.0,296.55,24168.0,233.5,10270,3965,377,597089853.75,283,F1,65,,,,,
2026-06-18,2026-06-18,FO,NSE,IDO,51330,,NIFTY,,2026-07-14,2026-07-14,23200.0,PE,NIFTY2671423200PE,61.0,64.15,46.55,47.95,47.95,66.55,24168.0,47.95,15405,6110,369,557757954.0,232,F1,65,,,,,
2026-06-18,2026-06-18,FO,NSE,IDO,51298,,NIFTY,,2026-07-14,2026-07-14,22750.0,PE,NIFTY2671422750PE,27.0,27.65,21.7,22.4,22.65,31.5,24168.0,22.4,31525,2015,231,341956634.5,116,F1,65,,,,,
2026-06-18,2026-06-18,FO,NSE,IDO,44683,,NIFTY,,2026-07-07,2026-07-07,24950.0,PE,NIFTY2670724950PE,0.0,0.0,0.0,1426.3,0.0,1426.3,24168.0,832.45,0,0,0,0.0,0,F1,65,,,,,
2026-06-18,2026-06-18,FO,NSE,IDO,44613,,NIFTY,,2026-07-07,2026-07-07,23800.0,PE,NIFTY2670723800PE,132.35,152.45,97.2,102.0,100.5,148.95,24168.0,102.0,91780,29315,3053,4747062638.5,2270,F1,65,,,,,
2026-06-18,2026-06-18,FO,NSE,IDO,44501,,NIFTY,,2026-07-07,2026-07-07,22050.0,PE,NIFTY2670722050PE,7.5,7.5,7.5,7.5,7.5,8.65,24168.0,2.3,1690,0,2,2867475.0,1,F1,65,,,,,
2026-06-18,2026-06-18,FO,NSE,IDO,44457,,NIFTY,,2026-07-07,2026-07-07,21400.0,PE,NIFTY2670721400PE,4.1,5.45,4.1,4.95,4.95,5.55,24168.0,4.95,5070,0,24,33391601.75,15,F1,65,,,,,
2026-06-18,2026-06-18,FO,NSE,IDO,80011,,NIFTY,,2026-06-30,2026-06-30,26500.0,PE,NIFTY26JUN26500PE,2411.45,2464.2,2291.15,2303.0,2291.15,2405.05,24168.0,2303.0,466960,-13455,575,1079220366.25,558,F1,65,,,,,
2026-06-18,2026-06-18,FO,NSE,IDO,79761,,NIFTY,,2026-06-30,2026-06-30,24700.0,PE,NIFTY26JUN24700PE,610.95,676.4,529.85,537.7,534.4,639.1,24168.0,537.7,235040,1105,382,627953475.5,268,F1,65,,,,,
2026-06-18,2026-06-18,FO,NSE,IDO,79700,,NIFTY,,2026-06-30,2026-06-30,23500.0,PE,NIFTY26JUN23500PE,46.45,46.55,25.25,26.7,26.5,48.45,24168.0,26.7,5668325,176345,129543,198157779885.0,71279,F1,65,,,,,
2026-06-18,2026-06-18,FO,NSE,IDO,79694,,NIFTY,,2026-06-30,2026-06-30,23350.0,PE,NIFTY26JUN23350PE,30.1,31.15,16.7,18.0,17.7,33.0,24168.0,18.0,236275,-11180,11116,16887642333.25,7047,F1,65,,,,,
2026-06-18,2026-06-18,FO,NSE,IDO,79529,,NIFTY,,2026-06-30,2026-06-30,22550.0,PE,NIFTY26JUN22550PE,7.0,7.0,5.1,5.8,5.1,8.0,24168.0,5.8,51155,-3120,881,1291665020.75,574,F1,65,,,,,
2026-06-18,2026-06-18,FO,NSE,IDO,55186,,NIFTY,,2026-06-30,2026-06-30,22500.0,PE,NIFTY26JUN22500PE,7.4,7.4,5.1,5.6,5.25,7.55,24168.0,5.6,1966120,45240,24983,36546730675.0,9326,F1,65,,,,,
2026-06-18,2026-06-18,FO,NSE,IDO,79461,,NIFTY,,2026-06-30,2026-06-30,21200.0,PE,NIFTY26JUN21200PE,3.05,3.35,2.55,3.1,3.05,3.35,24168.0,3.1,194415,76505,2259,3113343616.5,717,F1,65,,,,,
2026-06-18,2026-06-18,FO,NSE,IDO,79459,,NIFTY,,2026-06-30,2026-06-30,21150.0,PE,NIFTY26JUN21150PE,3.15,3.3,2.3,3.05,3.1,3.25,24168.0,3.05,20085,4680,666,915713574.75,451,F1,65,,,,,
2026-06-18,2026-06-18,FO,NSE,IDO,79453,,NIFTY,,2026-06-30,2026-06-30,21050.0,PE,NIFTY26JUN21050PE,3.0,3.65,2.15,2.65,3.65,3.05,24168.0,2.65,14235,-195,188,257263883.5,145,F1,65,,,,,
2026-06-18,2026-06-18,FO,NSE,IDO,79374,,NIFTY,,2026-06-30,2026-06-30,20150.0,PE,NIFTY26JUN20150PE,1.55,2.7,1.55,1.65,1.55,2.05,24168.0,1.65,5070,-195,699,915616702.0,431,F1,65,,,,,
2026-06-18,2026-06-18,FO,NSE,IDO,58625,,NIFTY,,2026-06-30,2026-06-30,12000.0,PE,NIFTY26JUN12000PE,0.75,1.1,0.55,0.6,0.6,0.8,24168.0,0.6,74675,-1885,186,145089574.5,47,F1,65,,,,,
2026-06-18,2026-06-18,FO,NSE,IDO,56491,,NIFTY,,2026-06-23,2026-06-23,25950.0,PE,NIFTY2662325950PE,0.0,0.0,0.0,2214.05,0.0,2214.05,24168.0,1760.15,0,0,0,0.0,0,F1,65,,,,,
2026-06-18,2026-06-18,FO,NSE,IDO,56465,,NIFTY,,2026-06-23,2026-06-23,25600.0,PE,NIFTY2662325600PE,0.0,0.0,0.0,1693.1,1693.1,1693.1,24168.0,1410.8,1690,0,0,0.0,0,F1,65,,,,,
2026-06-18,2026-06-18,FO,NSE,IDO,56459,,NIFTY,,2026-06-23,2026-06-23,25450.0,PE,NIFTY2662325450PE,1325.0,1325.0,1325.0,1325.0,1325.0,2175.0,24168.0,1325.0,65,0,1,1740375.0,1,F1,65,,,,,
2026-06-18,2026-06-18,FO,NSE,IDO,56445,,NIFTY,,2026-06-23,2026-06-23,25250.0,PE,NIFTY2662325250PE,0.0,0.0,0.0,1574.55,0.0,1574.55,24168.0,1063.6,0,0,0,0.0,0,F1,65,,,,,
2026-06-18,2026-06-18,FO,NSE,IDO,56439,,NIFTY,,2026-06-23,2026-06-23,25150.0,PE,NIFTY2662325150PE,0.0,0.0,0.0,1155.0,1155.0,1155.0,24168.0,965.75,130,0,0,0.0,0,F1,65,,,,,
2026-06-18,2026-06-18,FO,NSE,IDO,56425,,NIFTY,,2026-06-23,2026-06-23,24800.0,PE,NIFTY2662324800PE,685.0,776.1,614.0,623.8,617.55,730.95,24168.0,623.8,24765,6435,639,1058256429.75,470,F1,65,,,,,
2026-06-18,2026-06-18,FO,NSE,IDO,56407,,NIFTY,,2026-06-23,2026-06-23,24650.0,PE,NIFTY2662324650PE,566.4,628.6,468.5,482.4,470.95,587.2,24168.0,482.4,8905,4420,374,612811533.75,328,F1,65,,,,,
2026-06-18,2026-06-18,FO,NSE,IDO,56389,,NIFTY,,2026-06-23,2026-06-23,24350.0,PE,NIFTY2662324350PE,298.45,363.8,210.0,221.65,216.75,325.05,24168.0,221.65,182975,120965,38627,61843346142.5,28522,F1,65,,,,,
2026-06-18,2026-06-18,FO,NSE,IDO,56357,,NIFTY,,2026-06-23,2026-06-23,23850.0,PE,NIFTY2662323850PE,63.4,67.0,20.3,23.7,21.45,64.25,24168.0,23.7,2070315,369785,570332,885691853159.75,247652,F1,65,,,,,
2026-06-18,2026-06-18,FO,NSE,IDO,56349,,NIFTY,,2026-06-23,2026-06-23,23750.0,PE,NIFTY2662323750PE,43.0,43.0,12.6,14.5,13.1,42.75,24168.0,14.5,2043925,528710,459092,709467694715.0,169710,F1,65,,,,,
2026-06-18,2026-06-18,FO,NSE,IDO,55758,,NIFTY,,2030-12-31,2030-12-31,27000.0,CE,NIFTY30DEC27000CE,0.0,0.0,0.0,6772.8,0.0,6772.8,24168.0,5715.05,0,0,0,0.0,0,F1,65,,,,,
2026-06-18,2026-06-18,FO,NSE,IDO,55704,,NIFTY,,2030-12-31,2030-12-31,22500.0,CE,NIFTY30DEC22500CE,0.0,0.0,0.0,9536.95,0.0,9536.95,24168.0,8101.8,0,0,0,0.0,0,F1,65,,,,,
2026-06-18,2026-06-18,FO,NSE,IDO,60944,,NIFTY,,2030-06-25,2030-06-25,33000.0,CE,NIFTY30JUN33000CE,0.0,0.0,0.0,4416.45,0.0,4416.45,24168.0,2853.65,0,0,0,0.0,0,F1,65,,,,,
2026-06-18,2026-06-18,FO,NSE,IDO,60904,,NIFTY,,2030-06-25,2030-06-25,24000.0,CE,NIFTY30JUN24000CE,0.0,0.0,0.0,8591.55,0.0,8591.55,24168.0,6660.65,0,0,0,0.0,0,F1,65,,,,,
2026-06-18,2026-06-18,FO,NSE,IDO,67794,,NIFTY,,2028-12-26,2028-12-26,30000.0,CE,NIFTY28DEC30000CE,0.0,0.0,0.0,1490.0,1490.0,1490.0,24168.0,2127.85,10255,0,0,0.0,0,F1,65,,,,,
2026-06-18,2026-06-18,FO,NSE,IDO,55524,,NIFTY,,2028-12-26,2028-12-26,28500.0,CE,NIFTY28DEC28500CE,0.0,0.0,0.0,3608.65,0.0,3608.65,24168.0,2651.1,0,0,0,0.0,0,F1,65,,,,,
2026-06-18,2026-06-18,FO,NSE,IDO,67790,,NIFTY,,2028-12-26,2028-12-26,28000.0,CE,NIFTY28DEC28000CE,2300.0,2300.0,2300.0,2300.0,2300.0,2200.0,24168.0,2846.6,6120,0,1,1969500.0,1,F1,65,,,,,
2026-06-18,2026-06-18,FO,NSE,IDO,55522,,NIFTY,,2028-12-26,2028-12-26,25500.0,CE,NIFTY28DEC25500CE,0.0,0.0,0.0,5309.05,0.0,5309.05,24168.0,3993.3,0,0,0,0.0,0,F1,65,,,,,
2026-06-18,2026-06-18,FO,NSE,IDO,67782,,NIFTY,,2028-12-26,2028-12-26,24000.0,CE,NIFTY28DEC24000CE,0.0,0.0,0.0,4976.5,4976.5,4976.5,24168.0,4821.45,195,0,0,0.0,0,F1,65,,,,,
2026-06-18,2026-06-18,FO,NSE,IDO,67770,,NIFTY,,2028-12-26,2028-12-26,18000.0,CE,NIFTY28DEC18000CE,0.0,0.0,0.0,9380.3,0.0,9380.3,24168.0,9040.7,0,0,0,0.0,0,F1,65,,,,,
2026-06-18,2026-06-18,FO,NSE,IDO,86133,,NIFTY,,2028-06-27,2028-06-27,15000.0,CE,NIFTY28JUN15000CE,0.0,0.0,0.0,8633.05,0.0,8633.05,24168.0,11063.3,0,0,0,0.0,0,F1,65,,,,,
2026-06-18,2026-06-18,FO,NSE,IDO,53624,,NIFTY,,2027-12-28,2027-12-28,24000.0,CE,NIFTY27DEC24000CE,3205.0,3221.95,3140.0,3202.5,3221.95,3180.5,24168.0,3202.5,26260,-910,29,51235583.75,23,F1,65,,,,,
2026-06-18,2026-06-18,FO,NSE,IDO,35262,,NIFTY,,2027-06-29,2027-06-29,30000.0,CE,NIFTY27JUN30000CE,0.0,0.0,0.0,1478.4,0.0,1478.4,24168.0,499.8,0,0,0,0.0,0,F1,65,,,,,
2026-06-18,2026-06-18,FO,NSE,IDO,71505,,NIFTY,,2026-12-29,2026-12-29,26000.0,CE,NIFTY26DEC26000CE,433.95,446.65,408.15,441.15,446.65,426.45,24168.0,441.15,1476960,48105,5017,8618480975.0,2799,F1,65,,,,,
2026-06-18,2026-06-18,FO,NSE,IDO,71503,,NIFTY,,2026-12-29,2026-12-29,25000.0,CE,NIFTY26DEC25000CE,830.05,867.0,806.6,855.85,867.0,829.5,24168.0,855.85,1874365,6910,3373,5664481706.0,2558,F1,65,,,,,
2026-06-18,2026-06-18,FO,NSE,IDO,65923,,NIFTY,,2026-09-29,2026-09-29,30000.0,CE,NIFTY26SEP30000CE,8.95,10.45,8.4,9.2,9.55,8.6,24168.0,9.2,250100,-195,278,542267420.5,152,F1,65,,,,,
2026-06-18,2026-06-18,FO,NSE,IDO,62038,,NIFTY,,2026-08-25,2026-08-25,26000.0,CE,NIFTY26AUG26000CE,57.25,64.0,54.75,62.25,63.5,56.15,24168.0,62.25,118430,33150,2000,3387664832.5,1507,F1,65,,,,,
2026-06-18,2026-06-18,FO,NSE,IDO,61931,,NIFTY,,2026-08-25,2026-08-25,25250.0,CE,NIFTY26AUG25250CE,0.0,0.0,0.0,447.25,0.0,447.25,24168.0,404.1,0,0,0,0.0,0,F1,65,,,,,
2026-06-18,2026-06-18,FO,NSE,IDO,61929,,NIFTY,,2026-08-25,2026-08-25,25200.0,CE,NIFTY26AUG25200CE,0.0,0.0,0.0,462.65,0.0,462.65,24168.0,420.3,0,0,0,0.0,0,F1,65,,,,,
2026-06-18,2026-06-18,FO,NSE,IDO,61793,,NIFTY,,2026-08-25,2026-08-25,24700.0,CE,NIFTY26AUG24700CE,339.95,372.3,320.0,367.9,371.0,336.3,24168.0,367.9,21970,-1560,188,306062168.75,112,F1,65,,,,,
2026-06-18,2026-06-18,FO,NSE,IDO,61587,,NIFTY,,2026-08-25,2026-08-25,23950.0,CE,NIFTY26AUG23950CE,704.15,730.65,704.15,730.65,730.65,706.6,24168.0,992.2,4095,-130,5,8019404.25,5,F1,65,,,,,
2026-06-18,2026-06-18,FO,NSE,IDO,61389,,NIFTY,,2026-08-25,2026-08-25,22450.0,CE,NIFTY26AUG22450CE,0.0,0.0,0.0,1630.9,1630.9,1630.9,24168.0,2098.0,65,0,0,0.0,0,F1,65,,,,,
2026-06-18,2026-06-18,FO,NSE,IDO,63985,,NIFTY,,2026-07-28,2026-07-28,25150.0,CE,NIFTY26JUL25150CE,80.0,95.45,80.0,93.55,95.45,80.05,24168.0,93.55,10595,-3185,252,413375053.0,174,F1,65,,,,,
2026-06-18,2026-06-18,FO,NSE,IDO,63977,,NIFTY,,2026-07-28,2026-07-28,24950.0,CE,NIFTY26JUL24950CE,119.05,138.95,115.0,132.1,138.15,116.4,24168.0,132.1,27170,-11115,970,1580833572.5,710,F1,65,,,,,
2026-06-18,2026-06-18,FO,NSE,IDO,63947,,NIFTY,,2026-07-28,2026-07-28,24200.0,CE,NIFTY26JUL24200CE,402.05,445.85,369.5,434.65,440.9,394.05,24168.0,434.65,249080,29835,5343,8546827802.5,4063,F1,65,,,,,
2026-06-18,2026-06-18,FO,NSE,IDO,63935,,NIFTY,,2026-07-28,2026-07-28,23900.0,CE,NIFTY26JUL23900CE,593.0,633.75,536.0,623.35,630.75,571.3,24168.0,623.35,83785,-5330,1279,2035919340.0,946,F1,65,,,,,
2026-06-18,2026-06-18,FO,NSE,IDO,63885,,NIFTY,,2026-07-28,2026-07-28,22750.0,CE,NIFTY26JUL22750CE,0.0,0.0,0.0,1090.0,1090.0,1090.0,24168.0,1658.75,4225,0,0,0.0,0,F1,65,,,,,
2026-06-18,2026-06-18,FO,NSE,IDO,63881,,NIFTY,,2026-07-28,2026-07-28,22650.0,CE,NIFTY26JUL22650CE,0.0,0.0,0.0,1433.6,1433.6,1433.6,24168.0,1746.6,260,0,0,0.0,0,F1,65,,,,,
2026-06-18,2026-06-18,FO,NSE,IDO,63823,,NIFTY,,2026-07-28,2026-07-28,21350.0,CE,NIFTY26JUL21350CE,0.0,0.0,0.0,3009.55,0.0,3009.55,24168.0,2977.2,0,0,0,0.0,0,F1,65,,,,,
2026-06-18,2026-06-18,FO,NSE,IDO,63817,,NIFTY,,2026-07-28,2026-07-28,21250.0,CE,NIFTY26JUL21250CE,0.0,0.0,0.0,3101.3,0.0,3101.3,24168.0,3075.45,0,0,0,0.0,0,F1,65,,,,,
2026-06-18,2026-06-18,FO,NSE,IDO,57344,,NIFTY,,2026-07-21,2026-07-21,24100.0,CE,NIFTY2672124100CE,395.4,438.85,369.6,424.85,438.85,404.55,24168.0,424.85,1105,975,24,38213581.25,18,F1,65,,,,,
2026-06-18,2026-06-18,FO,NSE,IDO,57340,,NIFTY,,2026-07-21,2026-07-21,24000.0,CE,NIFTY2672124000CE,460.0,508.85,428.8,505.45,506.95,578.3,24168.0,505.45,975,975,38,60448791.0,29,F1,65,,,,,
2026-06-18,2026-06-18,FO,NSE,IDO,57289,,NIFTY,,2026-07-21,2026-07-21,22750.0,CE,NIFTY2672122750CE,0.0,0.0,0.0,1458.5,0.0,1458.5,24168.0,1610.65,0,0,0,0.0,0,F1,65,,,,,
2026-06-18,2026-06-18,FO,NSE,IDO,57279,,NIFTY,,2026-07-21,2026-07-21,22500.0,CE,NIFTY2672122500CE,0.0,0.0,0.0,1677.25,0.0,1677.25,24168.0,1837.7,0,0,0,0.0,0,F1,65,,,,,
2026-06-18,2026-06-18,FO,NSE,IDO,51485,,NIFTY,,2026-07-14,2026-07-14,25750.0,CE,NIFTY2671425750CE,0.0,0.0,0.0,18.05,0.0,18.05,24168.0,53.45,0,0,0,0.0,0,F1,65,,,,,
2026-06-18,2026-06-18,FO,NSE,IDO,51469,,NIFTY,,2026-07-14,2026-07-14,25400.0,CE,NIFTY2671425400CE,0.0,0.0,0.0,33.4,0.0,33.4,24168.0,96.55,0,0,0,0.0,0,F1,65,,,,,
2026-06-18,2026-06-18,FO,NSE,IDO,51379,,NIFTY,,2026-07-14,2026-07-14,24200.0,CE,NIFTY2671424200CE,299.3,333.0,265.8,326.8,333.0,292.0,24168.0,326.8,16705,7865,476,758013405.5,341,F1,65,,,,,
2026-06-18,2026-06-18,FO,NSE,IDO,51373,,NIFTY,,2026-07-14,2026-07-14,24050.0,CE,NIFTY2671424050CE,382.65,416.0,346.7,414.3,412.55,374.15,24168.0,414.3,2665,-2275,66,104785895.5,53,F1,65,,,,,
2026-06-18,2026-06-18,FO,NSE,IDO,51359,,NIFTY,,2026-07-14,2026-07-14,23800.0,CE,NIFTY2671423800CE,504.55,586.25,504.55,581.45,585.0,538.15,24168.0,581.45,1560,0,14,22176215.75,11,F1,65,,,,,
2026-06-18,2026-06-18,FO,NSE,IDO,44746,,NIFTY,,2026-07-07,2026-07-07,26300.0,CE,NIFTY2670726300CE,4.0,4.0,3.2,3.2,3.2,3.95,24168.0,3.2,1105,260,8,13677820.0,6,F1,65,,,,,
2026-06-18,2026-06-18,FO,NSE,IDO,44736,,NIFTY,,2026-07-07,2026-07-07,26050.0,CE,NIFTY2670726050CE,5.05,6.05,4.35,4.45,4.45,5.3,24168.0,4.45,1040,260,38,64355902.0,16,F1,65,,,,,
2026-06-18,2026-06-18,FO,NSE,IDO,44694,,NIFTY,,2026-07-07,2026-07-07,25250.0,CE,NIFTY2670725250CE,16.85,18.95,15.05,18.4,18.5,18.6,24168.0,18.4,38870,7215,346,568245522.0,172,F1,65,,,,,
2026-06-18,2026-06-18,FO,NSE,IDO,44686,,NIFTY,,2026-07-07,2026-07-07,25050.0,CE,NIFTY2670725050CE,28.0,30.75,24.25,30.3,30.7,28.95,24168.0,30.3,5135,1430,80,130401843.0,54,F1,65,,,,,
2026-06-18,2026-06-18,FO,NSE,IDO,44640,,NIFTY,,2026-07-07,2026-07-07,24200.0,CE,NIFTY2670724200CE,248.6,267.0,201.15,255.85,265.1,233.15,24168.0,255.85,112385,28340,6154,9775138564.75,4477,F1,65,,,,,
2026-06-18,2026-06-18,FO,NSE,IDO,44588,,NIFTY,,2026-07-07,2026-07-07,23500.0,CE,NIFTY2670723500CE,701.95,776.2,650.0,762.7,776.0,699.9,24168.0,762.7,39455,-1755,327,514646314.0,275,F1,65,,,,,
2026-06-18,2026-06-18,FO,NSE,IDO,44562,,NIFTY,,2026-07-07,2026-07-07,23000.0,CE,NIFTY2670723000CE,1140.0,1231.05,1125.0,1212.8,1231.05,1146.05,24168.0,1212.8,16770,0,27,42400215.0,19,F1,65,,,,,
2026-06-18,2026-06-18,FO,NSE,IDO,44542,,NIFTY,,2026-07-07,2026-07-07,22650.0,CE,NIFTY2670722650CE,0.0,0.0,0.0,692.0,692.0,692.0,24168.0,1605.85,65,0,0,0.0,0,F1,65,,,,,
2026-06-18,2026-06-18,FO,NSE,IDO,44518,,NIFTY,,2026-07-07,2026-07-07,22300.0,CE,NIFTY2670722300CE,0.0,0.0,0.0,1401.8,0.0,1401.8,24168.0,1944.75,0,0,0,0.0,0,F1,65,,,,,
2026-06-18,2026-06-18,FO,NSE,IDO,55224,,NIFTY,,2026-06-30,2026-06-30,34500.0,CE,NIFTY26JUN34500CE,0.65,0.65,0.4,0.45,0.4,0.6,24168.0,0.45,18980,-3185,139,311712271.0,56,F1,65,,,,,
2026-06-18,2026-06-18,FO,NSE,IDO,79866,,NIFTY,,2026-06-30,2026-06-30,26300.0,CE,NIFTY26JUN26300CE,2.15,2.55,1.6,1.8,1.8,2.15,24168.0,1.8,90675,18395,1066,1822463145.75,425,F1,65,,,,,
2026-06-18,2026-06-18,FO,NSE,IDO,79803,,NIFTY,,2026-06-30,2026-06-30,25050.0,CE,NIFTY26JUN25050CE,14.5,15.5,9.85,12.6,13.7,13.95,24168.0,12.6,204425,-25025,9289,15132056095.0,6240,F1,65,,,,,
2026-06-18,2026-06-18,FO,NSE,IDO,79758,,NIFTY,,2026-06-30,2026-06-30,24650.0,CE,NIFTY26JUN24650CE,43.15,47.9,31.25,43.4,46.6,43.15,24168.0,43.4,202280,45760,10954,17578101960.25,8035,F1,65,,,,,
2026-06-18,2026-06-18,FO,NSE,IDO,79750,,NIFTY,,2026-06-30,2026-06-30,24500.0,CE,NIFTY26JUN24500CE,72.1,79.0,52.3,73.15,78.95,70.0,24168.0,73.15,6152120,266045,190193,303683094780.0,99814,F1,65,,,,,
2026-06-18,2026-06-18,FO,NSE,IDO,79697,,NIFTY,,2026-06-30,2026-06-30,23450.0,CE,NIFTY26JUN23450CE,700.3,774.85,630.75,757.05,770.6,685.75,24168.0,757.05,57200,-5915,273,428621436.75,169,F1,65,,,,,
2026-06-18,2026-06-18,FO,NSE,IDO,79548,,NIFTY,,2026-06-30,2026-06-30,23100.0,CE,NIFTY26JUN23100CE,1017.15,1111.65,958.0,1096.8,1106.05,1009.0,24168.0,1096.8,145665,-7020,279,437352555.25,202,F1,65,,,,,
2026-06-18,2026-06-18,FO,NSE,IDO,79528,,NIFTY,,2026-06-30,2026-06-30,22550.0,CE,NIFTY26JUN22550CE,1547.95,1547.95,1520.6,1520.6,1520.6,1504.35,24168.0,1666.4,2665,-65,2,3130955.75,2,F1,65,,,,,
2026-06-18,2026-06-18,FO,NSE,IDO,55185,,NIFTY,,2026-06-30,2026-06-30,22500.0,CE,NIFTY26JUN22500CE,1583.0,1708.55,1534.6,1694.25,1708.55,1599.85,24168.0,1694.25,383240,-4030,580,909338413.75,446,F1,65,,,,,
2026-06-18,2026-06-18,FO,NSE,IDO,79524,,NIFTY,,2026-06-30,2026-06-30,22400.0,CE,NIFTY26JUN22400CE,1690.0,1690.0,1690.0,1690.0,1690.0,1695.0,24168.0,1814.75,2015,-65,1,1565850.0,1,F1,65,,,,,
2026-06-18,2026-06-18,FO,NSE,IDO,79520,,NIFTY,,2026-06-30,2026-06-30,22300.0,CE,NIFTY26JUN22300CE,1890.0,1890.0,1890.0,1890.0,1890.0,1790.0,24168.0,1890.0,2535,0,1,1572350.0,1,F1,65,,,,,
2026-06-18,2026-06-18,FO,NSE,IDO,79518,,NIFTY,,2026-06-30,2026-06-30,22250.0,CE,NIFTY26JUN22250CE,0.0,0.0,0.0,1058.4,1058.4,1058.4,24168.0,1963.75,715,0,0,0.0,0,F1,65,,,,,
2026-06-18,2026-06-18,FO,NSE,IDO,79470,,NIFTY,,2026-06-30,2026-06-30,21450.0,CE,NIFTY26JUN21450CE,0.0,0.0,0.0,2068.6,2068.6,2068.6,24168.0,2761.4,65,0,0,0.0,0,F1,65,,,,,
2026-06-18,2026-06-18,FO,NSE,IDO,79454,,NIFTY,,2026-06-30,2026-06-30,21100.0,CE,NIFTY26JUN21100CE,0.0,0.0,0.0,2941.7,2941.7,2941.7,24168.0,3110.7,4680,0,0,0.0,0,F1,65,,,,,
2026-06-18,2026-06-18,FO,NSE,IDO,79444,,NIFTY,,2026-06-30,2026-06-30,20850.0,CE,NIFTY26JUN20850CE,0.0,0.0,0.0,1994.55,0.0,1994.55,24168.0,3360.2,0,0,0,0.0,0,F1,65,,,,,
2026-06-18,2026-06-18,FO,NSE,IDO,79385,,NIFTY,,2026-06-30,2026-06-30,20450.0,CE,NIFTY26JUN20450CE,0.0,0.0,0.0,3095.8,3095.8,3095.8,24168.0,3759.4,65,0,0,0.0,0,F1,65,,,,,
2026-06-18,2026-06-18,FO,NSE,IDO,56504,,NIFTY,,2026-06-23,2026-06-23,26200.0,CE,NIFTY2662326200CE,1.0,1.25,0.55,0.6,0.55,0.8,24168.0,0.6,218010,36530,21077,35895213373.5,3090,F1,65,,,,,
2026-06-18,2026-06-18,FO,NSE,IDO,56490,,NIFTY,,2026-06-23,2026-06-23,25950.0,CE,NIFTY2662325950CE,0.9,1.2,0.65,0.75,0.65,0.95,24168.0,0.75,125580,8450,9878,16662303173.75,2417,F1,65,,,,,
2026-06-18,2026-06-18,FO,NSE,IDO,56428,,NIFTY,,2026-06-23,2026-06-23,24900.0,CE,NIFTY2662324900CE,5.0,5.05,2.65,3.15,3.5,5.6,24168.0,3.15,2653495,481975,485742,786292450752.25,84557,F1,65,,,,,
2026-06-18,2026-06-18,FO,NSE,IDO,56354,,NIFTY,,2026-06-23,2026-06-23,23800.0,CE,NIFTY2662323800CE,331.55,405.6,269.7,383.35,403.2,328.6,24168.0,383.35,790985,-289770,134689,211193450081.25,80133,F1,65,,,,,
2026-06-18,2026-06-18,FO,NSE,IDO,56238,,NIFTY,,2026-06-23,2026-06-23,22250.0,CE,NIFTY2662322250CE,0.0,0.0,0.0,1701.6,1701.6,1701.6,24168.0,1936.8,195,0,0,0.0,0,F1,65,,,,,
2026-06-18,2026-06-18,FO,NSE,IDO,56182,,NIFTY,,2026-06-23,2026-06-23,21450.0,CE,NIFTY2662321450CE,0.0,0.0,0.0,2303.0,0.0,2303.0,24168.0,2736.1,0,0,0,0.0,0,F1,65,,,,,
2026-06-18,2026-06-18,FO,NSE,IDO,51500,,NIFTY,,2026-07-14,2026-07-14,26000.0,PE,NIFTY2671426000PE,0.0,0.0,0.0,2617.35,0.0,2617.35,24168.0,1752.0,0,0,0,0.0,0,F1,65,,,,,
2026-06-18,2026-06-18,FO,NSE,IDO,51502,,NIFTY,,2026-07-14,2026-07-14,26050.0,PE,NIFTY2671426050PE,0.0,0.0,0.0,2666.0,0.0,2666.0,24168.0,1798.7,0,0,0,0.0,0,F1,65,,,,,
2026-06-18,2026-06-18,FO,NSE,IDO,57270,,NIFTY,,2026-07-21,2026-07-21,22250.0,PE,NIFTY2672122250PE,19.55,20.35,19.5,20.35,20.35,34.85,24168.0,21.0,195,195,3,4342611.0,3,F1,65,,,,,
2026-06-18,2026-06-18,FO,NSE,IDO,57302,,NIFTY,,2026-07-21,2026-07-21,23050.0,PE,NIFTY2672123050PE,0.0,0.0,0.0,136.35,0.0,136.35,24168.0,95.2,0,0,0,0.0,0,F1,65,,,,,
2026-06-18,2026-06-18,FO,NSE,IDO,57310,,NIFTY,,2026-07-21,2026-07-21,23250.0,PE,NIFTY2672123250PE,93.65,93.65,73.85,73.85,73.85,181.45,24168.0,73.85,130,130,2,3033387.5,2,F1,65,,,,,
2026-06-18,2026-06-18,FO,NSE,IDO,57328,,NIFTY,,2026-07-21,2026-07-21,23700.0,PE,NIFTY2672123700PE,0.0,0.0,0.0,321.4,0.0,321.4,24168.0,245.6,0,0,0,0.0,0,F1,65,,,,,
2026-06-18,2026-06-18,FO,NSE,IDO,57333,,NIFTY,,2026-07-21,2026-07-21,23800.0,PE,NIFTY2672123800PE,199.95,200.0,167.45,170.0,172.8,214.8,24168.0,170.0,195,65,8,12472323.5,8,F1,65,,,,,
2026-06-18,2026-06-18,FO,NSE,IDO,57345,,NIFTY,,2026-07-21,2026-07-21,24100.0,PE,NIFTY2672124100PE,314.9,335.3,263.1,265.35,265.05,324.2,24168.0,265.35,2080,1690,67,106326434.5,44,F1,65,,,,,
2026-06-18,2026-06-18,FO,NSE,IDO,56501,,NIFTY,,2026-06-23,2026-06-23,26100.0,PE,NIFTY2662326100PE,0.0,0.0,0.0,2093.05,2093.05,2093.05,24168.0,1910.0,65,0,0,0.0,0,F1,65,,,,,
2026-06-18,2026-06-18,FO,NSE,IDO,50462,,NIFTY,,2026-06-30,2026-06-30,16000.0,PE,NIFTY26JUN16000PE,0.6,1.05,0.45,0.7,0.45,0.8,24168.0,0.7,175515,-4420,143,148726256.25,38,F1,65,,,,,
2026-06-18,2026-06-18,FO,NSE,IDO,55472,,NIFTY,,2028-06-27,2028-06-27,22500.0,CE,NIFTY28JUN22500CE,0.0,0.0,0.0,6796.05,0.0,6796.05,24168.0,5090.7,0,0,0,0.0,0,F1,65,,,,,
2026-06-18,2026-06-18,FO,NSE,IDO,80278,,NIFTY,,2027-03-30,2027-03-30,28500.0,CE,NIFTY27MAR28500CE,0.0,0.0,0.0,269.75,269.75,269.75,24168.0,512.85,65,0,0,0.0,0,F1,65,,,,,
2026-06-18,2026-06-18,FO,NSE,IDO,80190,,NIFTY,,2027-03-30,2027-03-30,16500.0,CE,NIFTY27MAR16500CE,0.0,0.0,0.0,6995.9,0.0,6995.9,24168.0,8502.3,0,0,0,0.0,0,F1,65,,,,,
2026-06-18,2026-06-18,FO,NSE,IDO,79538,,NIFTY,,2026-06-30,2026-06-30,22800.0,CE,NIFTY26JUN22800CE,1276.95,1409.0,1276.95,1406.95,1409.0,1303.0,24168.0,1406.95,40235,-1040,24,37684825.75,19,F1,65,,,,,
2026-06-18,2026-06-18,FO,NSE,IDO,79542,,NIFTY,,2026-06-30,2026-06-30,22900.0,CE,NIFTY26JUN22900CE,1205.0,1306.25,1204.1,1293.45,1306.0,1205.0,24168.0,1293.45,17550,-1495,25,39230275.5,25,F1,65,,,,,
2026-06-18,2026-06-18,FO,NSE,IDO,37799,,NIFTY,,2026-06-30,2026-06-30,23000.0,CE,NIFTY26JUN23000CE,1104.2,1215.0,1050.0,1200.6,1210.0,1107.0,24168.0,1200.6,1333185,6425,3398,5331916603.0,2350,F1,65,,,,,
2026-06-18,2026-06-18,FO,NSE,IDO,79552,,NIFTY,,2026-06-30,2026-06-30,23150.0,CE,NIFTY26JUN23150CE,999.45,1063.4,915.0,1055.1,1063.4,928.5,24168.0,1055.1,33540,-1235,63,98896804.5,54,F1,65,,,,,
2026-06-18,2026-06-18,FO,NSE,IDO,79567,,NIFTY,,2026-06-30,2026-06-30,23250.0,CE,NIFTY26JUN23250CE,885.4,970.85,840.0,965.15,965.4,871.65,24168.0,965.15,170950,-2470,64,100469115.5,59,F1,65,,,,,
2026-06-18,2026-06-18,FO,NSE,IDO,44460,,NIFTY,,2026-07-07,2026-07-07,21500.0,CE,NIFTY2670721500CE,0.0,0.0,0.0,2127.4,0.0,2127.4,24168.0,2737.1,0,0,0,0.0,0,F1,65,,,,,
2026-06-18,2026-06-18,FO,NSE,IDO,44568,,NIFTY,,2026-07-07,2026-07-07,23150.0,CE,NIFTY2670723150CE,1023.7,1101.4,988.5,1101.35,1101.4,979.05,24168.0,1101.35,2080,-1300,24,37727530.75,24,F1,65,,,,,
2026-06-18,2026-06-18,FO,NSE,IDO,44728,,NIFTY,,2026-07-07,2026-07-07,25850.0,CE,NIFTY2670725850CE,7.0,7.35,5.7,6.1,7.35,6.95,24168.0,6.1,1430,1105,26,43696961.75,22,F1,65,,,,,
2026-06-18,2026-06-18,FO,NSE,IDO,44740,,NIFTY,,2026-07-07,2026-07-07,26150.0,CE,NIFTY2670726150CE,4.2,6.4,3.55,3.8,3.9,5.05,24168.0,3.8,1300,585,120,204005412.0,46,F1,65,,,,,
2026-06-18,2026-06-18,FO,NSE,IDO,44742,,NIFTY,,2026-07-07,2026-07-07,26200.0,CE,NIFTY2670726200CE,4.4,4.8,3.4,3.65,3.65,4.4,24168.0,3.65,780,325,12,20439123.25,9,F1,65,,,,,
2026-06-18,2026-06-18,FO,NSE,IDO,44744,,NIFTY,,2026-07-07,2026-07-07,26250.0,CE,NIFTY2670726250CE,3.8,3.8,3.65,3.65,3.65,4.1,24168.0,3.65,910,260,4,6825958.75,2,F1,65,,,,,
2026-06-18,2026-06-18,FO,NSE,IDO,51233,,NIFTY,,2026-07-14,2026-07-14,21800.0,CE,NIFTY2671421800CE,0.0,0.0,0.0,1622.8,0.0,1622.8,24168.0,2466.85,0,0,0,0.0,0,F1,65,,,,,
2026-06-18,2026-06-18,FO,NSE,IDO,51279,,NIFTY,,2026-07-14,2026-07-14,22450.0,CE,NIFTY2671422450CE,0.0,0.0,0.0,1079.85,0.0,1079.85,24168.0,1835.65,0,0,0,0.0,0,F1,65,,,,,
2026-06-18,2026-06-18,FO,NSE,IDO,51375,,NIFTY,,2026-07-14,2026-07-14,24100.0,CE,NIFTY2671424100CE,341.4,387.0,309.95,375.4,386.0,344.75,24168.0,375.4,9425,1885,468,743810271.75,367,F1,65,,,,,
2026-06-18,2026-06-18,FO,NSE,IDO,51381,,NIFTY,,2026-07-14,2026-07-14,24250.0,CE,NIFTY2671424250CE,263.5,307.5,245.0,299.75,307.5,270.25,24168.0,299.75,7150,650,61,97229522.0,53,F1,65,,,,,
2026-06-18,2026-06-18,FO,NSE,IDO,51423,,NIFTY,,2026-07-14,2026-07-14,25050.0,CE,NIFTY2671425050CE,0.0,0.0,0.0,59.15,0.0,59.15,24168.0,164.65,0,0,0,0.0,0,F1,65,,,,,
2026-06-18,2026-06-18,FO,NSE,IDO,51503,,NIFTY,,2026-07-14,2026-07-14,26100.0,CE,NIFTY2671426100CE,7.35,7.5,6.35,7.1,6.6,8.0,24168.0,7.1,1300,715,18,30545316.75,14,F1,65,,,,,
2026-06-18,2026-06-18,FO,NSE,IDO,58644,,NIFTY,,2026-12-29,2026-12-29,20000.0,CE,NIFTY26DEC20000CE,4779.95,4904.3,4718.65,4882.1,4904.3,4767.2,24168.0,4882.1,341080,-715,136,219555050.0,102,F1,65,,,,,
2026-06-18,2026-06-18,FO,NSE,IDO,57297,,NIFTY,,2026-07-21,2026-07-21,22950.0,CE,NIFTY2672122950CE,0.0,0.0,0.0,1291.6,0.0,1291.6,24168.0,1435.7,0,0,0,0.0,0,F1,65,,,,,
2026-06-18,2026-06-18,FO,NSE,IDO,57299,,NIFTY,,2026-07-21,2026-07-21,23000.0,CE,NIFTY2672123000CE,0.0,0.0,0.0,1251.15,0.0,1251.15,24168.0,1393.1,0,0,0,0.0,0,F1,65,,,,,
2026-06-18,2026-06-18,FO,NSE,IDO,57303,,NIFTY,,2026-07-21,2026-07-21,23100.0,CE,NIFTY2672123100CE,0.0,0.0,0.0,1171.95,0.0,1171.95,24168.0,1309.3,0,0,0,0.0,0,F1,65,,,,,
2026-06-18,2026-06-18,FO,NSE,IDO,57313,,NIFTY,,2026-07-21,2026-07-21,23350.0,CE,NIFTY2672123350CE,0.0,0.0,0.0,984.25,0.0,984.25,24168.0,1109.25,0,0,0,0.0,0,F1,65,,,,,
2026-06-18,2026-06-18,FO,NSE,IDO,57348,,NIFTY,,2026-07-21,2026-07-21,24200.0,CE,NIFTY2672124200CE,339.6,391.5,326.0,386.25,391.5,478.95,24168.0,386.25,3965,3965,86,137299425.25,48,F1,65,,,,,
2026-06-18,2026-06-18,FO,NSE,IDO,57360,,NIFTY,,2026-07-21,2026-07-21,24500.0,CE,NIFTY2672124500CE,0.0,0.0,0.0,352.9,0.0,352.9,24168.0,412.25,0,0,0,0.0,0,F1,65,,,,,
2026-06-18,2026-06-18,FO,NSE,IDO,57373,,NIFTY,,2026-07-21,2026-07-21,24750.0,CE,NIFTY2672124750CE,0.0,0.0,0.0,267.7,0.0,267.7,24168.0,314.65,0,0,0,0.0,0,F1,65,,,,,
2026-06-18,2026-06-18,FO,NSE,IDO,55701,,NIFTY,,2030-12-31,2030-12-31,19500.0,PE,NIFTY30DEC19500PE,0.0,0.0,0.0,67.4,0.0,67.4,24168.0,243.5,0,0,0,0.0,0,F1,65,,,,,
2026-06-18,2026-06-18,FO,NSE,IDO,55697,,NIFTY,,2030-12-31,2030-12-31,16500.0,PE,NIFTY30DEC16500PE,0.0,0.0,0.0,13.65,0.0,13.65,24168.0,75.25,0,0,0,0.0,0,F1,65,,,,,
2026-06-18,2026-06-18,FO,NSE,IDO,61933,,NIFTY,,2029-12-24,2029-12-24,30000.0,PE,NIFTY29DEC30000PE,0.0,0.0,0.0,1953.5,0.0,1953.5,24168.0,2864.1,0,0,0,0.0,0,F1,65,,,,,
2026-06-18,2026-06-18,FO,NSE,IDO,61660,,NIFTY,,2029-12-24,2029-12-24,21000.0,PE,NIFTY29DEC21000PE,0.0,0.0,0.0,525.1,525.1,525.1,24168.0,390.45,650,0,0,0.0,0,F1,65,,,,,
2026-06-18,2026-06-18,FO,NSE,IDO,55599,,NIFTY,,2029-12-24,2029-12-24,16500.0,PE,NIFTY29DEC16500PE,0.0,0.0,0.0,10.15,0.0,10.15,24168.0,61.5,0,0,0,0.0,0,F1,65,,,,,
2026-06-18,2026-06-18,FO,NSE,IDO,65904,,NIFTY,,2026-09-29,2026-09-29,26000.0,CE,NIFTY26SEP26000CE,134.45,149.0,134.35,147.2,148.75,137.25,24168.0,147.2,1257180,7965,2106,3578587983.75,1391,F1,65,,,,,
2026-06-18,2026-06-18,FO,NSE,IDO,53625,,NIFTY,,2027-12-28,2027-12-28,24000.0,PE,NIFTY27DEC24000PE,900.0,900.0,826.0,844.85,826.0,885.0,24168.0,844.85,36610,130,33,53335392.5,27,F1,65,,,,,
2026-06-18,2026-06-18,FO,NSE,IDO,80271,,NIFTY,,2027-03-30,2027-03-30,22500.0,PE,NIFTY27MAR22500PE,315.0,315.0,315.0,315.0,315.0,343.95,24168.0,405.4,520,65,1,1482975.0,1,F1,65,,,,,
2026-06-18,2026-06-18,FO,NSE,IDO,58645,,NIFTY,,2026-12-29,2026-12-29,20000.0,PE,NIFTY26DEC20000PE,88.05,89.75,75.5,76.8,75.5,88.6,24168.0,76.8,893930,-26325,2969,3875560364.0,1648,F1,65,,,,,
2026-06-18,2026-06-18,FO,NSE,IDO,58641,,NIFTY,,2026-12-29,2026-12-29,18000.0,PE,NIFTY26DEC18000PE,51.35,55.5,45.65,46.7,47.0,51.35,24168.0,46.7,338655,-1885,2823,3312102605.5,1424,F1,65,,,,,
2026-06-18,2026-06-18,FO,NSE,IDO,55323,,NIFTY,,2026-12-29,2026-12-29,16500.0,PE,NIFTY26DEC16500PE,0.0,0.0,0.0,21.2,21.2,21.2,24168.0,0.3,130,0,0,0.0,0,F1,65,,,,,
2026-06-18,2026-06-18,FO,NSE,IDO,58633,,NIFTY,,2026-12-29,2026-12-29,14000.0,PE,NIFTY26DEC14000PE,16.05,16.05,12.55,12.55,12.55,18.2,24168.0,0.0,7465,520,11,10019958.0,3,F1,65,,,,,
2026-06-18,2026-06-18,FO,NSE,IDO,55289,,NIFTY,,2026-09-29,2026-09-29,28500.0,PE,NIFTY26SEP28500PE,0.0,0.0,0.0,3991.4,3991.4,3991.4,24168.0,3858.75,845,0,0,0.0,0,F1,65,,,,,
2026-06-18,2026-06-18,FO,NSE,IDO,65903,,NIFTY,,2026-09-29,2026-09-29,25000.0,PE,NIFTY26SEP25000PE,925.0,950.05,831.15,840.75,835.0,926.6,24168.0,840.75,429725,11700,934,1571490839.75,584,F1,65,,,,,
