TradDt,BizDt,Sgmt,Src,FinInstrmTp,FinInstrmId,ISIN,TckrSymb,SctySrs,XpryDt,FininstrmActlXpryDt,StrkPric,OptnTp,FinInstrmNm,OpnPric,HghPric,LwPric,ClsPric,LastPric,PrvsClsgPric,UndrlygPric,SttlmPric,OpnIntrst,ChngInOpnIntrst,TtlTradgVol,TtlTrfVal,TtlNbOfTxsExctd,SsnId,NewBrdLotQty,Rmks,Rsvd1,Rsvd2,Rsvd3,Rsvd4
2026-08-27,2026-08-27,FO,NSE,IDO,47300,,NIFTY,,2026-09-15,2026-09-15,23550.0,PE,NIFTY2691523550PE,0.0,0.0,0.0,133.0,0.0,133.0,24090.85,125.87,0,0,0,0.0,0,F1,65,,,,,
2026-08-27,2026-08-27,FO,NSE,IDO,47288,,NIFTY,,2026-09-15,2026-09-15,23250.0,PE,NIFTY2691523250PE,0.0,0.0,0.0,82.5,0.0,82.5,24090.85,66.76,0,0,0,0.0,0,F1,65,,,,,
2026-08-27,2026-08-27,FO,NSE,IDO,47284,,NIFTY,,2026-09-15,2026-09-15,23150.0,PE,NIFTY2691523150PE,10.15,14.15,9.55,11.65,13.5,10.0,24090.85,11.65,23010,-325,182,273996706.75,83,F1,65,,,,,
2026-08-27,2026-08-27,FO,NSE,IDO,47266,,NIFTY,,2026-09-15,2026-09-15,22700.0,PE,NIFTY2691522700PE,7.0,7.95,5.15,6.3,7.2,6.0,24090.85,6.3,23205,-260,82,121022590.0,31,F1,65,,,,,
2026-08-27,2026-08-27,FO,NSE,IDO,42706,,NIFTY,,2026-09-08,2026-09-08,25350.0,PE,NIFTY2690825350PE,0.0,0.0,0.0,965.0,965.0,965.0,24090.85,1223.13,65,0,0,0.0,0,F1,65,,,,,
2026-08-27,2026-08-27,FO,NSE,IDO,42698,,NIFTY,,2026-09-08,2026-09-08,25200.0,PE,NIFTY2690825200PE,935.5,998.65,935.5,993.8,993.0,798.4,24090.85,993.8,975,455,16,27237723.5,13,F1,65,,,,,
2026-08-27,2026-08-27,FO,NSE,IDO,42695,,NIFTY,,2026-09-08,2026-09-08,25150.0,PE,NIFTY2690825150PE,0.0,0.0,0.0,731.9,0.0,731.9,24090.85,1035.85,0,0,0,0.0,0,F1,65,,,,,
2026-08-27,2026-08-27,FO,NSE,IDO,42684,,NIFTY,,2026-09-08,2026-09-08,25000.0,PE,NIFTY2690825000PE,694.0,802.1,680.05,781.75,801.75,634.15,24090.85,781.75,44330,7085,294,491914800.0,229,F1,65,,,,,
2026-08-27,2026-08-27,FO,NSE,IDO,42614,,NIFTY,,2026-09-08,2026-09-08,23500.0,PE,NIFTY2690823500PE,10.05,17.55,9.2,16.15,16.55,10.05,24090.85,16.15,1285375,236080,34579,52849165495.75,18867,F1,65,,,,,
2026-08-27,2026-08-27,FO,NSE,IDO,42598,,NIFTY,,2026-09-08,2026-09-08,23150.0,PE,NIFTY2690823150PE,5.6,7.65,4.95,7.05,7.4,5.6,24090.85,7.05,26195,910,724,1089731357.0,443,F1,65,,,,,
2026-08-27,2026-08-27,FO,NSE,IDO,47095,,NIFTY,,2026-09-01,2026-09-01,26650.0,PE,NIFTY2690126650PE,0.0,0.0,0.0,2313.1,0.0,2313.1,24090.85,2537.04,0,0,0,0.0,0,F1,65,,,,,
2026-08-27,2026-08-27,FO,NSE,IDO,47076,,NIFTY,,2026-09-01,2026-09-01,26250.0,PE,NIFTY2690126250PE,0.0,0.0,0.0,1944.45,0.0,1944.45,24090.85,2137.37,0,0,0,0.0,0,F1,65,,,,,
2026-08-27,2026-08-27,FO,NSE,IDO,47072,,NIFTY,,2026-09-01,2026-09-01,26150.0,PE,NIFTY2690126150PE,0.0,0.0,0.0,1854.75,0.0,1854.75,24090.85,2037.45,0,0,0,0.0,0,F1,65,,,,,
2026-08-27,2026-08-27,FO,NSE,IDO,47062,,NIFTY,,2026-09-01,2026-09-01,25900.0,PE,NIFTY2690125900PE,0.0,0.0,0.0,1500.0,1500.0,1500.0,24090.85,1787.67,260,0,0,0.0,0,F1,65,,,,,
2026-08-27,2026-08-27,FO,NSE,IDO,47056,,NIFTY,,2026-09-01,2026-09-01,25750.0,PE,NIFTY2690125750PE,0.0,0.0,0.0,1508.85,0.0,1508.85,24090.85,1637.81,0,0,0,0.0,0,F1,65,,,,,
2026-08-27,2026-08-27,FO,NSE,IDO,47038,,NIFTY,,2026-09-01,2026-09-01,25300.0,PE,NIFTY2690125300PE,1008.35,1124.5,1008.35,1109.9,1124.5,941.25,24090.85,1109.9,20540,1430,370,633525340.5,252,F1,65,,,,,
2026-08-27,2026-08-27,FO,NSE,IDO,46998,,NIFTY,,2026-09-01,2026-09-01,24300.0,PE,NIFTY2690124300PE,86.65,185.0,80.1,162.35,175.35,85.85,24090.85,162.35,4942600,-854230,1783737,2832887866711.5,968545,F1,65,,,,,
2026-08-27,2026-08-27,FO,NSE,IDO,46988,,NIFTY,,2026-09-01,2026-09-01,24050.0,PE,NIFTY2690124050PE,18.95,57.25,17.4,46.65,52.45,22.9,24090.85,46.65,2401490,918450,918664,1438456794056.75,373165,F1,65,,,,,
2026-08-27,2026-08-27,FO,NSE,IDO,46944,,NIFTY,,2026-09-01,2026-09-01,22950.0,PE,NIFTY2690122950PE,1.55,2.25,1.15,1.45,1.5,1.8,24090.85,1.45,135265,66430,20080,29956339598.25,6706,F1,65,,,,,
2026-08-27,2026-08-27,FO,NSE,IDO,46920,,NIFTY,,2026-09-01,2026-09-01,22350.0,PE,NIFTY2690122350PE,1.15,1.4,0.75,1.05,1.1,1.15,24090.85,1.05,42965,13065,2417,3511463868.25,1316,F1,65,,,,,
2026-08-27,2026-08-27,FO,NSE,IDO,74653,,NIFTY,,2031-06-24,2031-06-24,27000.0,CE,NIFTY31JUN27000CE,0.0,0.0,0.0,5699.0,0.0,5699.0,24090.85,5782.62,0,0,0,0.0,0,F1,65,,,,,
2026-08-27,2026-08-27,FO,NSE,IDO,55702,,NIFTY,,2030-12-31,2030-12-31,21000.0,CE,NIFTY30DEC21000CE,0.0,0.0,0.0,10552.5,0.0,10552.5,24090.85,8632.72,0,0,0,0.0,0,F1,65,,,,,
2026-08-27,2026-08-27,FO,NSE,IDO,64387,,NIFTY,,2026-11-23,2026-11-23,23800.0,CE,NIFTY26NOV23800CE,1059.7,1059.7,960.0,960.0,960.0,1067.85,24090.85,1132.02,260,195,5,8058215.75,5,F1,65,,,,,
2026-08-27,2026-08-27,FO,NSE,IDO,55332,,NIFTY,,2026-12-29,2026-12-29,31500.0,CE,NIFTY26DEC31500CE,6.45,6.45,5.8,6.05,6.05,6.15,24090.85,6.05,31070,65,13,26622709.75,9,F1,65,,,,,
2026-08-27,2026-08-27,FO,NSE,IDO,80272,,NIFTY,,2027-03-30,2027-03-30,24000.0,CE,NIFTY27MAR24000CE,1545.0,1553.85,1475.0,1483.35,1476.1,1568.55,24090.85,1483.35,390390,4225,463,767734058.0,311,F1,65,,,,,
2026-08-27,2026-08-27,FO,NSE,IDO,47034,,NIFTY,,2026-09-01,2026-09-01,25200.0,PE,NIFTY2690125200PE,927.65,1025.0,922.3,1018.65,1016.4,867.15,24090.85,1018.65,40105,390,114,194137365.5,101,F1,65,,,,,
2026-08-27,2026-08-27,FO,NSE,IDO,47107,,NIFTY,,2026-09-01,2026-09-01,26900.0,PE,NIFTY2690126900PE,0.0,0.0,0.0,2549.75,0.0,2549.75,24090.85,2786.83,0,0,0,0.0,0,F1,65,,,,,
2026-08-27,2026-08-27,FO,NSE,IDO,42588,,NIFTY,,2026-09-08,2026-09-08,22900.0,PE,NIFTY2690822900PE,4.15,5.65,3.7,4.95,5.4,4.55,24090.85,4.95,119925,23270,4117,6129393773.75,2135,F1,65,,,,,
2026-08-27,2026-08-27,FO,NSE,IDO,42636,,NIFTY,,2026-09-08,2026-09-08,23900.0,PE,NIFTY2690823900PE,33.05,64.75,29.95,57.95,61.15,31.8,24090.85,57.95,1262105,23335,39478,61450918737.0,24726,F1,65,,,,,
2026-08-27,2026-08-27,FO,NSE,IDO,47258,,NIFTY,,2026-09-15,2026-09-15,22500.0,PE,NIFTY2691522500PE,4.85,6.8,4.25,5.85,6.05,5.15,24090.85,5.85,68900,28990,1198,1752514263.5,462,F1,65,,,,,
2026-08-27,2026-08-27,FO,NSE,IDO,47294,,NIFTY,,2026-09-15,2026-09-15,23400.0,PE,NIFTY2691523400PE,15.0,27.9,14.25,22.45,22.0,15.65,24090.85,22.45,70265,6175,736,1120389738.0,346,F1,65,,,,,
2026-08-27,2026-08-27,FO,NSE,IDO,73884,,NIFTY,,2026-09-29,2026-09-29,22450.0,PE,NIFTY26SEP22450PE,12.55,15.5,12.1,14.45,15.5,12.5,24090.85,14.45,26195,3250,174,254056582.0,88,F1,65,,,,,
2026-08-27,2026-08-27,FO,NSE,IDO,64356,,NIFTY,,2026-11-23,2026-11-23,23250.0,PE,NIFTY26NOV23250PE,0.0,0.0,0.0,249.65,0.0,249.65,24090.85,293.37,0,0,0,0.0,0,F1,65,,,,,
2026-08-27,2026-08-27,FO,NSE,IDO,64471,,NIFTY,,2026-11-23,2026-11-23,25450.0,PE,NIFTY26NOV25450PE,0.0,0.0,0.0,1217.0,0.0,1217.0,24090.85,1351.49,0,0,0,0.0,0,F1,65,,,,,
2026-08-27,2026-08-27,FO,NSE,IDO,47117,,NIFTY,,2026-09-01,2026-09-01,27150.0,CE,NIFTY2690127150CE,0.6,0.85,0.4,0.5,0.45,0.55,24090.85,0.5,53755,21190,2362,4168429177.25,768,F1,65,,,,,
2026-08-27,2026-08-27,FO,NSE,IDO,42579,,NIFTY,,2026-09-08,2026-09-08,22700.0,CE,NIFTY2690822700CE,0.0,0.0,0.0,2071.05,0.0,2071.05,24090.85,1440.59,0,0,0,0.0,0,F1,65,,,,,
2026-08-27,2026-08-27,FO,NSE,IDO,47041,,NIFTY,,2026-09-01,2026-09-01,25400.0,CE,NIFTY2690125400CE,1.15,2.25,1.0,1.25,1.15,1.25,24090.85,1.25,3088930,1135485,237862,392732849483.0,62357,F1,65,,,,,
2026-08-27,2026-08-27,FO,NSE,IDO,64475,,NIFTY,,2026-11-23,2026-11-23,25550.0,CE,NIFTY26NOV25550CE,0.0,0.0,0.0,446.95,0.0,446.95,24090.85,363.21,0,0,0,0.0,0,F1,65,,,,,
2026-08-27,2026-08-27,FO,NSE,IDO,64470,,NIFTY,,2026-11-23,2026-11-23,25450.0,CE,NIFTY26NOV25450CE,0.0,0.0,0.0,479.65,0.0,479.65,24090.85,391.68,0,0,0,0.0,0,F1,65,,,,,
2026-08-27,2026-08-27,FO,NSE,IDO,64421,,NIFTY,,2026-11-23,2026-11-23,24600.0,CE,NIFTY26NOV24600CE,465.0,465.0,448.95,448.95,448.95,832.15,24090.85,706.2,65,65,2,3257406.75,2,F1,65,,,,,
2026-08-27,2026-08-27,FO,NSE,IDO,64407,,NIFTY,,2026-11-23,2026-11-23,24250.0,CE,NIFTY26NOV24250CE,0.0,0.0,0.0,1018.2,0.0,1018.2,24090.85,876.63,0,0,0,0.0,0,F1,65,,,,,
2026-08-27,2026-08-27,FO,NSE,IDO,64377,,NIFTY,,2026-11-23,2026-11-23,23600.0,CE,NIFTY26NOV23600CE,0.0,0.0,0.0,1427.05,0.0,1427.05,24090.85,1258.46,0,0,0,0.0,0,F1,65,,,,,
2026-08-27,2026-08-27,FO,NSE,IDO,64363,,NIFTY,,2026-11-23,2026-11-23,23450.0,CE,NIFTY26NOV23450CE,0.0,0.0,0.0,1533.6,0.0,1533.6,24090.85,1358.34,0,0,0,0.0,0,F1,65,,,,,
2026-08-27,2026-08-27,FO,NSE,IDO,64361,,NIFTY,,2026-11-23,2026-11-23,23400.0,CE,NIFTY26NOV23400CE,0.0,0.0,0.0,1569.75,0.0,1569.75,24090.85,1392.56,0,0,0,0.0,0,F1,65,,,,,
2026-08-27,2026-08-27,FO,NSE,IDO,64347,,NIFTY,,2026-11-23,2026-11-23,23100.0,CE,NIFTY26NOV23100CE,0.0,0.0,0.0,1793.9,0.0,1793.9,24090.85,1607.72,0,0,0,0.0,0,F1,65,,,,,
2026-08-27,2026-08-27,FO,NSE,IDO,64291,,NIFTY,,2026-11-23,2026-11-23,22700.0,CE,NIFTY26NOV22700CE,0.0,0.0,0.0,2115.1,0.0,2115.1,24090.85,1917.49,0,0,0,0.0,0,F1,65,,,,,
2026-08-27,2026-08-27,FO,NSE,IDO,51540,,NIFTY,,2026-10-27,2026-10-27,27200.0,CE,NIFTY26OCT27200CE,0.0,0.0,0.0,92.4,0.0,92.4,24090.85,33.5,0,0,0,0.0,0,F1,65,,,,,
2026-08-27,2026-08-27,FO,NSE,IDO,51476,,NIFTY,,2026-10-27,2026-10-27,25650.0,CE,NIFTY26OCT25650CE,49.95,50.3,43.9,44.1,43.95,54.05,24090.85,44.1,8905,-845,57,95210102.0,37,F1,65,,,,,
2026-08-27,2026-08-27,FO,NSE,IDO,51446,,NIFTY,,2026-10-27,2026-10-27,25150.0,CE,NIFTY26OCT25150CE,0.0,0.0,0.0,479.95,0.0,479.95,24090.85,328.54,0,0,0,0.0,0,F1,65,,,,,
2026-08-27,2026-08-27,FO,NSE,IDO,51442,,NIFTY,,2026-10-27,2026-10-27,25050.0,CE,NIFTY26OCT25050CE,0.0,0.0,0.0,424.0,424.0,424.0,24090.85,359.5,1365,0,0,0.0,0,F1,65,,,,,
2026-08-27,2026-08-27,FO,NSE,IDO,51354,,NIFTY,,2026-10-27,2026-10-27,23050.0,CE,NIFTY26OCT23050CE,0.0,0.0,0.0,1446.75,1446.75,1446.75,24090.85,1468.6,65,0,0,0.0,0,F1,65,,,,,
2026-08-27,2026-08-27,FO,NSE,IDO,51352,,NIFTY,,2026-10-27,2026-10-27,23000.0,CE,NIFTY26OCT23000CE,1508.0,1536.65,1440.0,1452.55,1440.0,1599.45,24090.85,1452.55,39130,8645,193,306968613.25,153,F1,65,,,,,
2026-08-27,2026-08-27,FO,NSE,IDO,74501,,NIFTY,,2026-09-29,2026-09-29,27050.0,CE,NIFTY26SEP27050CE,3.2,3.2,3.0,3.0,3.0,2.95,24090.85,5.17,3965,-260,7,12309154.0,7,F1,65,,,,,
2026-08-27,2026-08-27,FO,NSE,IDO,74463,,NIFTY,,2026-09-29,2026-09-29,26150.0,CE,NIFTY26SEP26150CE,0.0,0.0,0.0,215.05,0.0,215.05,24090.85,31.1,0,0,0,0.0,0,F1,65,,,,,
2026-08-27,2026-08-27,FO,NSE,IDO,74368,,NIFTY,,2026-09-29,2026-09-29,25100.0,CE,NIFTY26SEP25100CE,49.0,52.4,35.15,38.25,35.8,53.9,24090.85,38.25,784355,60710,17655,28851850755.0,10233,F1,65,,,,,
2026-08-27,2026-08-27,FO,NSE,IDO,74045,,NIFTY,,2026-09-29,2026-09-29,23800.0,CE,NIFTY26SEP23800CE,687.15,691.25,585.0,602.1,589.0,720.45,24090.85,602.1,94250,20150,1049,1665829587.5,743,F1,65,,,,,
2026-08-27,2026-08-27,FO,NSE,IDO,73995,,NIFTY,,2026-09-29,2026-09-29,23550.0,CE,NIFTY26SEP23550CE,900.0,900.0,900.0,900.0,900.0,944.65,24090.85,879.14,1235,195,6,9535500.0,2,F1,65,,,,,
2026-08-27,2026-08-27,FO,NSE,IDO,73921,,NIFTY,,2026-09-29,2026-09-29,23250.0,CE,NIFTY26SEP23250CE,1052.8,1052.8,1052.8,1052.8,1052.8,1306.9,24090.85,1052.8,325,0,2,3159364.0,2,F1,65,,,,,
2026-08-27,2026-08-27,FO,NSE,IDO,73881,,NIFTY,,2026-09-29,2026-09-29,22400.0,CE,NIFTY26SEP22400CE,0.0,0.0,0.0,1741.4,1738.55,1741.4,24090.85,1848.71,195,0,0,0.0,0,F1,65,,,,,
2026-08-27,2026-08-27,FO,NSE,IDO,73875,,NIFTY,,2026-09-29,2026-09-29,22250.0,CE,NIFTY26SEP22250CE,0.0,0.0,0.0,2117.8,0.0,2117.8,24090.85,1990.55,0,0,0,0.0,0,F1,65,,,,,
2026-08-27,2026-08-27,FO,NSE,IDO,73871,,NIFTY,,2026-09-29,2026-09-29,22150.0,CE,NIFTY26SEP22150CE,0.0,0.0,0.0,2200.35,0.0,2200.35,24090.85,2086.16,0,0,0,0.0,0,F1,65,,,,,
2026-08-27,2026-08-27,FO,NSE,IDO,58023,,NIFTY,,2026-09-22,2026-09-22,25950.0,CE,NIFTY2692225950CE,0.0,0.0,0.0,58.4,0.0,58.4,24090.85,24.03,0,0,0,0.0,0,F1,65,,,,,
2026-08-27,2026-08-27,FO,NSE,IDO,58012,,NIFTY,,2026-09-22,2026-09-22,25850.0,CE,NIFTY2692225850CE,0.0,0.0,0.0,68.3,0.0,68.3,24090.85,29.55,0,0,0,0.0,0,F1,65,,,,,
2026-08-27,2026-08-27,FO,NSE,IDO,57916,,NIFTY,,2026-09-22,2026-09-22,25450.0,CE,NIFTY2692225450CE,0.0,0.0,0.0,123.25,0.0,123.25,24090.85,63.94,0,0,0,0.0,0,F1,65,,,,,
2026-08-27,2026-08-27,FO,NSE,IDO,57783,,NIFTY,,2026-09-22,2026-09-22,24900.0,CE,NIFTY2692224900CE,57.85,62.35,40.4,44.35,40.4,66.25,24090.85,44.35,8190,2275,245,397286929.0,174,F1,65,,,,,
2026-08-27,2026-08-27,FO,NSE,IDO,57142,,NIFTY,,2026-09-22,2026-09-22,23950.0,CE,NIFTY2692223950CE,502.8,502.8,469.75,491.6,491.6,590.15,24090.85,546.85,390,0,3,4765419.75,3,F1,65,,,,,
2026-08-27,2026-08-27,FO,NSE,IDO,57082,,NIFTY,,2026-09-22,2026-09-22,23750.0,CE,NIFTY2692223750CE,670.5,686.25,670.5,686.25,686.25,625.55,24090.85,670.67,260,0,2,3175688.75,2,F1,65,,,,,
2026-08-27,2026-08-27,FO,NSE,IDO,56978,,NIFTY,,2026-09-22,2026-09-22,23150.0,CE,NIFTY2692223150CE,0.0,0.0,0.0,1248.7,0.0,1248.7,24090.85,1122.3,0,0,0,0.0,0,F1,65,,,,,
2026-08-27,2026-08-27,FO,NSE,IDO,56967,,NIFTY,,2026-09-22,2026-09-22,23100.0,CE,NIFTY2692223100CE,0.0,0.0,0.0,1289.85,0.0,1289.85,24090.85,1164.47,0,0,0,0.0,0,F1,65,,,,,
2026-08-27,2026-08-27,FO,NSE,IDO,56949,,NIFTY,,2026-09-22,2026-09-22,23000.0,CE,NIFTY2692223000CE,0.0,0.0,0.0,1373.75,0.0,1373.75,24090.85,1250.5,0,0,0,0.0,0,F1,65,,,,,
2026-08-27,2026-08-27,FO,NSE,IDO,56935,,NIFTY,,2026-09-22,2026-09-22,22850.0,CE,NIFTY2692222850CE,0.0,0.0,0.0,1503.15,0.0,1503.15,24090.85,1383.33,0,0,0,0.0,0,F1,65,,,,,
2026-08-27,2026-08-27,FO,NSE,IDO,56903,,NIFTY,,2026-09-22,2026-09-22,22650.0,CE,NIFTY2692222650CE,0.0,0.0,0.0,1681.55,0.0,1681.55,24090.85,1566.35,0,0,0,0.0,0,F1,65,,,,,
2026-08-27,2026-08-27,FO,NSE,IDO,56865,,NIFTY,,2026-09-22,2026-09-22,22500.0,CE,NIFTY2692222500CE,0.0,0.0,0.0,1819.0,0.0,1819.0,24090.85,1707.15,0,0,0,0.0,0,F1,65,,,,,
2026-08-27,2026-08-27,FO,NSE,IDO,56863,,NIFTY,,2026-09-22,2026-09-22,22450.0,CE,NIFTY2692222450CE,0.0,0.0,0.0,1865.4,0.0,1865.4,24090.85,1754.63,0,0,0,0.0,0,F1,65,,,,,
2026-08-27,2026-08-27,FO,NSE,IDO,47439,,NIFTY,,2026-09-15,2026-09-15,26150.0,CE,NIFTY2691526150CE,0.0,0.0,0.0,3.25,3.25,3.25,24090.85,5.48,1560,0,0,0.0,0,F1,65,,,,,
2026-08-27,2026-08-27,FO,NSE,IDO,47333,,NIFTY,,2026-09-15,2026-09-15,24350.0,CE,NIFTY2691524350CE,211.5,214.55,145.05,153.25,147.0,222.0,24090.85,153.25,42510,10790,971,1547674128.0,683,F1,65,,,,,
2026-08-27,2026-08-27,FO,NSE,IDO,55288,,NIFTY,,2026-09-29,2026-09-29,28500.0,CE,NIFTY26SEP28500CE,1.45,1.45,1.15,1.35,1.15,1.4,24090.85,1.35,571545,-130,52,96334329.0,33,F1,65,,,,,
2026-08-27,2026-08-27,FO,NSE,IDO,55290,,NIFTY,,2026-09-29,2026-09-29,31500.0,CE,NIFTY26SEP31500CE,1.3,1.3,1.3,1.3,1.3,1.5,24090.85,1.3,17225,0,2,4095169.0,1,F1,65,,,,,
2026-08-27,2026-08-27,FO,NSE,IDO,51374,,NIFTY,,2026-10-27,2026-10-27,23550.0,CE,NIFTY26OCT23550CE,0.0,0.0,0.0,1244.0,0.0,1244.0,24090.85,1103.83,0,0,0,0.0,0,F1,65,,,,,
2026-08-27,2026-08-27,FO,NSE,IDO,51400,,NIFTY,,2026-10-27,2026-10-27,24150.0,CE,NIFTY26OCT24150CE,573.05,574.3,530.6,540.4,530.6,636.05,24090.85,540.4,1300,260,26,41752795.5,24,F1,65,,,,,
2026-08-27,2026-08-27,FO,NSE,IDO,51406,,NIFTY,,2026-10-27,2026-10-27,24300.0,CE,NIFTY26OCT24300CE,533.2,540.0,434.15,446.5,437.0,533.2,24090.85,446.5,112645,16445,1346,2166538851.75,1165,F1,65,,,,,
2026-08-27,2026-08-27,FO,NSE,IDO,51426,,NIFTY,,2026-10-27,2026-10-27,24700.0,CE,NIFTY26OCT24700CE,297.75,297.75,242.4,252.25,242.95,313.1,24090.85,252.25,191945,8385,831,1348617309.0,508,F1,65,,,,,
2026-08-27,2026-08-27,FO,NSE,IDO,51506,,NIFTY,,2026-10-27,2026-10-27,26400.0,CE,NIFTY26OCT26400CE,0.0,0.0,0.0,186.25,0.0,186.25,24090.85,90.31,0,0,0,0.0,0,F1,65,,,,,
2026-08-27,2026-08-27,FO,NSE,IDO,51526,,NIFTY,,2026-10-27,2026-10-27,26900.0,CE,NIFTY26OCT26900CE,9.0,9.0,7.45,8.5,8.65,8.55,24090.85,8.5,17745,585,41,71710704.0,25,F1,65,,,,,
2026-08-27,2026-08-27,FO,NSE,IDO,64342,,NIFTY,,2026-11-23,2026-11-23,23050.0,CE,NIFTY26NOV23050CE,0.0,0.0,0.0,1832.8,0.0,1832.8,24090.85,1645.05,0,0,0,0.0,0,F1,65,,,,,
2026-08-27,2026-08-27,FO,NSE,IDO,64441,,NIFTY,,2026-11-23,2026-11-23,25050.0,CE,NIFTY26NOV25050CE,0.0,0.0,0.0,628.4,0.0,628.4,24090.85,522.9,0,0,0,0.0,0,F1,65,,,,,
2026-08-27,2026-08-27,FO,NSE,IDO,47190,,NIFTY,,2026-12-29,2026-12-29,33000.0,CE,NIFTY26DEC33000CE,4.15,4.3,4.1,4.1,4.1,4.15,24090.85,0.71,105950,520,31,66503329.75,8,F1,65,,,,,
2026-08-27,2026-08-27,FO,NSE,IDO,80274,,NIFTY,,2027-03-30,2027-03-30,25500.0,CE,NIFTY27MAR25500CE,685.0,691.1,632.6,641.4,637.0,690.15,24090.85,641.4,595920,13715,1597,2715022524.5,999,F1,65,,,,,
2026-08-27,2026-08-27,FO,NSE,IDO,55374,,NIFTY,,2027-06-29,2027-06-29,22500.0,CE,NIFTY27JUN22500CE,0.0,0.0,0.0,5539.6,0.0,5539.6,24090.85,3177.02,0,0,0,0.0,0,F1,65,,,,,
2026-08-27,2026-08-27,FO,NSE,IDO,55422,,NIFTY,,2027-12-28,2027-12-28,19500.0,CE,NIFTY27DEC19500CE,0.0,0.0,0.0,8684.7,0.0,8684.7,24090.85,6319.37,0,0,0,0.0,0,F1,65,,,,,
2026-08-27,2026-08-27,FO,NSE,IDO,53631,,NIFTY,,2027-12-28,2027-12-28,27000.0,CE,NIFTY27DEC27000CE,1129.8,1131.0,1100.0,1102.75,1103.0,1144.2,24090.85,1102.75,43760,1170,84,153496804.5,78,F1,65,,,,,
2026-08-27,2026-08-27,FO,NSE,IDO,47196,,NIFTY,,2028-06-27,2028-06-27,33000.0,CE,NIFTY28JUN33000CE,0.0,0.0,0.0,2004.15,0.0,2004.15,24090.85,600.38,0,0,0,0.0,0,F1,65,,,,,
2026-08-27,2026-08-27,FO,NSE,IDO,55556,,NIFTY,,2029-06-26,2029-06-26,16500.0,CE,NIFTY29JUN16500CE,0.0,0.0,0.0,12587.95,0.0,12587.95,24090.85,10423.85,0,0,0,0.0,0,F1,65,,,,,
2026-08-27,2026-08-27,FO,NSE,IDO,60910,,NIFTY,,2030-06-25,2030-06-25,27000.0,CE,NIFTY30JUN27000CE,0.0,0.0,0.0,6972.5,0.0,6972.5,24090.85,4643.98,0,0,0,0.0,0,F1,65,,,,,
2026-08-27,2026-08-27,FO,NSE,IDO,74643,,NIFTY,,2031-06-24,2031-06-24,19500.0,CE,NIFTY31JUN19500CE,0.0,0.0,0.0,9840.6,0.0,9840.6,24090.85,10082.67,0,0,0,0.0,0,F1,65,,,,,
2026-08-27,2026-08-27,FO,NSE,IDO,74651,,NIFTY,,2031-06-24,2031-06-24,25500.0,CE,NIFTY31JUN25500CE,0.0,0.0,0.0,6409.8,0.0,6409.8,24090.85,6527.41,0,0,0,0.0,0,F1,65,,,,,
2026-08-27,2026-08-27,FO,NSE,IDO,46924,,NIFTY,,2026-09-01,2026-09-01,22450.0,PE,NIFTY2690122450PE,1.15,1.5,0.8,1.05,0.95,1.2,24090.85,1.05,81185,-18200,11080,16169283971.75,4084,F1,65,,,,,
2026-08-27,2026-08-27,FO,NSE,IDO,46968,,NIFTY,,2026-09-01,2026-09-01,23550.0,PE,NIFTY2690123550PE,3.1,5.35,2.45,3.75,3.95,3.2,24090.85,3.75,632710,116935,167129,255872045884.0,34385,F1,65,,,,,
2026-08-27,2026-08-27,FO,NSE,IDO,46996,,NIFTY,,2026-09-01,2026-09-01,24250.0,PE,NIFTY2690124250PE,65.8,150.0,62.05,128.85,143.1,67.85,24090.85,128.85,2634450,-177580,1550580,2454808886055.5,861205,F1,65,,,,,
2026-08-27,2026-08-27,FO,NSE,IDO,47054,,NIFTY,,2026-09-01,2026-09-01,25700.0,PE,NIFTY2690125700PE,0.0,0.0,0.0,1213.95,1213.95,1213.95,24090.85,1587.87,130,0,0,0.0,0,F1,65,,,,,
2026-08-27,2026-08-27,FO,NSE,IDO,47060,,NIFTY,,2026-09-01,2026-09-01,25850.0,PE,NIFTY2690125850PE,0.0,0.0,0.0,1593.2,0.0,1593.2,24090.85,1737.71,0,0,0,0.0,0,F1,65,,,,,
2026-08-27,2026-08-27,FO,NSE,IDO,47084,,NIFTY,,2026-09-01,2026-09-01,26450.0,PE,NIFTY2690126450PE,0.0,0.0,0.0,2127.0,0.0,2127.0,24090.85,2337.2,0,0,0,0.0,0,F1,65,,,,,
2026-08-27,2026-08-27,FO,NSE,IDO,47086,,NIFTY,,2026-09-01,2026-09-01,26500.0,PE,NIFTY2690126500PE,2223.0,2223.0,2223.0,2223.0,2223.0,2153.0,24090.85,2387.16,325,0,1,1866995.0,1,F1,65,,,,,
2026-08-27,2026-08-27,FO,NSE,IDO,47120,,NIFTY,,2026-09-01,2026-09-01,27200.0,PE,NIFTY2690127200PE,3000.0,3000.0,3000.0,3000.0,3000.0,2801.5,24090.85,3000.0,2275,195,3,5889000.0,2,F1,65,,,,,
2026-08-27,2026-08-27,FO,NSE,IDO,42566,,NIFTY,,2026-09-08,2026-09-08,22350.0,PE,NIFTY2690822350PE,3.25,3.95,3.0,3.3,3.0,3.45,24090.85,3.3,425945,145340,6374,9261255435.25,1979,F1,65,,,,,
2026-08-27,2026-08-27,FO,NSE,IDO,42582,,NIFTY,,2026-09-08,2026-09-08,22750.0,PE,NIFTY2690822750PE,3.5,5.5,3.5,4.5,4.15,3.9,24090.85,4.5,28730,21840,630,931779663.75,455,F1,65,,,,,
2026-08-27,2026-08-27,FO,NSE,IDO,42602,,NIFTY,,2026-09-08,2026-09-08,23250.0,PE,NIFTY2690823250PE,6.25,9.3,5.7,8.65,8.9,6.25,24090.85,8.65,47580,24115,1541,2329617576.0,948,F1,65,,,,,
2026-08-27,2026-08-27,FO,NSE,IDO,42624,,NIFTY,,2026-09-08,2026-09-08,23600.0,PE,NIFTY2690823600PE,12.0,23.1,11.0,20.7,22.5,12.3,24090.85,20.7,1463085,189605,40389,62001123596.75,22348,F1,65,,,,,
2026-08-27,2026-08-27,FO,NSE,IDO,42640,,NIFTY,,2026-09-08,2026-09-08,24000.0,PE,NIFTY2690824000PE,45.05,88.55,42.05,80.05,85.5,44.25,24090.85,80.05,1076855,96460,65552,102548095887.25,38663,F1,65,,,,,
2026-08-27,2026-08-27,FO,NSE,IDO,42650,,NIFTY,,2026-09-08,2026-09-08,24250.0,PE,NIFTY2690824250PE,108.5,191.0,106.95,175.6,186.85,109.6,24090.85,175.6,240890,13325,23996,38057261316.75,18389,F1,65,,,,,
2026-08-27,2026-08-27,FO,NSE,IDO,42654,,NIFTY,,2026-09-08,2026-09-08,24350.0,PE,NIFTY2690824350PE,151.85,249.35,150.0,232.0,244.05,149.95,24090.85,232.0,94510,-34775,7327,11692537948.0,5657,F1,65,,,,,
2026-08-27,2026-08-27,FO,NSE,IDO,42724,,NIFTY,,2026-09-08,2026-09-08,25600.0,PE,NIFTY2690825600PE,0.0,0.0,0.0,1041.75,0.0,1041.75,24090.85,1464.4,0,0,0,0.0,0,F1,65,,,,,
2026-08-27,2026-08-27,FO,NSE,IDO,42732,,NIFTY,,2026-09-08,2026-09-08,25750.0,PE,NIFTY2690825750PE,0.0,0.0,0.0,1155.15,0.0,1155.15,24090.85,1611.49,0,0,0,0.0,0,F1,65,,,,,
2026-08-27,2026-08-27,FO,NSE,IDO,47254,,NIFTY,,2026-09-15,2026-09-15,22400.0,PE,NIFTY2691522400PE,4.0,6.0,3.2,5.0,5.0,4.15,24090.85,5.0,7345,260,46,66991661.75,20,F1,65,,,,,
2026-08-27,2026-08-27,FO,NSE,IDO,47290,,NIFTY,,2026-09-15,2026-09-15,23300.0,PE,NIFTY2691523300PE,0.0,0.0,0.0,89.65,0.0,89.65,24090.85,74.69,0,0,0,0.0,0,F1,65,,,,,
2026-08-27,2026-08-27,FO,NSE,IDO,47336,,NIFTY,,2026-09-15,2026-09-15,24400.0,PE,NIFTY2691524400PE,204.95,295.2,199.75,279.35,294.9,197.85,24090.85,279.35,132665,14755,1617,2590962955.75,1133,F1,65,,,,,
2026-08-27,2026-08-27,FO,NSE,IDO,47380,,NIFTY,,2026-09-15,2026-09-15,25300.0,PE,NIFTY2691525300PE,0.0,0.0,0.0,920.35,0.0,920.35,24090.85,1176.72,0,0,0,0.0,0,F1,65,,,,,
2026-08-27,2026-08-27,FO,NSE,IDO,56908,,NIFTY,,2026-09-22,2026-09-22,22750.0,PE,NIFTY2692222750PE,0.0,0.0,0.0,55.05,0.0,55.05,24090.85,35.24,0,0,0,0.0,0,F1,65,,,,,
2026-08-27,2026-08-27,FO,NSE,IDO,57049,,NIFTY,,2026-09-22,2026-09-22,23600.0,PE,NIFTY2692223600PE,0.0,0.0,0.0,213.7,0.0,213.7,24090.85,180.41,0,0,0,0.0,0,F1,65,,,,,
2026-08-27,2026-08-27,FO,NSE,IDO,57085,,NIFTY,,2026-09-22,2026-09-22,23800.0,PE,NIFTY2692223800PE,60.4,91.3,56.6,88.15,88.5,59.35,24090.85,88.15,29770,12155,623,966933477.25,407,F1,65,,,,,
2026-08-27,2026-08-27,FO,NSE,IDO,57087,,NIFTY,,2026-09-22,2026-09-22,23850.0,PE,NIFTY2692223850PE,0.0,0.0,0.0,295.55,0.0,295.55,24090.85,263.34,0,0,0,0.0,0,F1,65,,,,,
2026-08-27,2026-08-27,FO,NSE,IDO,55283,,NIFTY,,2026-09-29,2026-09-29,19500.0,PE,NIFTY26SEP19500PE,4.35,4.9,3.6,4.05,4.2,4.1,24090.85,4.05,886015,-5005,2802,3552310232.25,739,F1,65,,,,,
2026-08-27,2026-08-27,FO,NSE,IDO,73851,,NIFTY,,2026-09-29,2026-09-29,21750.0,PE,NIFTY26SEP21750PE,8.35,8.7,8.35,8.7,8.7,8.15,24090.85,8.7,6890,-390,6,8485847.5,2,F1,65,,,,,
2026-08-27,2026-08-27,FO,NSE,IDO,74083,,NIFTY,,2026-09-29,2026-09-29,24200.0,PE,NIFTY26SEP24200PE,172.85,248.1,164.2,233.65,242.0,172.45,24090.85,233.65,2719145,293735,42198,66970322913.0,27671,F1,65,,,,,
2026-08-27,2026-08-27,FO,NSE,IDO,74108,,NIFTY,,2026-09-29,2026-09-29,24300.0,PE,NIFTY26SEP24300PE,214.9,293.05,207.15,277.8,288.15,206.5,24090.85,277.8,3923140,516035,44216,70579932046.0,30815,F1,65,,,,,
2026-08-27,2026-08-27,FO,NSE,IDO,74242,,NIFTY,,2026-09-29,2026-09-29,24500.0,PE,NIFTY26SEP24500PE,309.9,402.5,296.3,384.8,391.7,293.45,24090.85,384.8,4770805,219440,31498,50893073894.0,20762,F1,65,,,,,
2026-08-27,2026-08-27,FO,NSE,IDO,74352,,NIFTY,,2026-09-29,2026-09-29,24650.0,PE,NIFTY26SEP24650PE,390.2,495.6,379.05,491.35,495.6,376.8,24090.85,491.35,44135,1950,73,119111986.5,68,F1,65,,,,,
2026-08-27,2026-08-27,FO,NSE,IDO,74373,,NIFTY,,2026-09-29,2026-09-29,25200.0,PE,NIFTY26SEP25200PE,796.2,946.0,796.2,921.1,946.0,788.85,24090.85,921.1,87750,6110,345,585043507.75,297,F1,65,,,,,
2026-08-27,2026-08-27,FO,NSE,IDO,74394,,NIFTY,,2026-09-29,2026-09-29,25400.0,PE,NIFTY26SEP25400PE,981.9,1089.55,981.9,1069.6,1069.6,986.2,24090.85,1266.21,26520,520,13,22366168.5,12,F1,65,,,,,
2026-08-27,2026-08-27,FO,NSE,IDO,74396,,NIFTY,,2026-09-29,2026-09-29,25450.0,PE,NIFTY26SEP25450PE,0.0,0.0,0.0,946.5,946.5,946.5,24090.85,1308.13,715,0,0,0.0,0,F1,65,,,,,
2026-08-27,2026-08-27,FO,NSE,IDO,74433,,NIFTY,,2026-09-29,2026-09-29,25950.0,PE,NIFTY26SEP25950PE,0.0,0.0,0.0,1299.0,1299.0,1299.0,24090.85,1749.96,65,0,0,0.0,0,F1,65,,,,,
2026-08-27,2026-08-27,FO,NSE,IDO,51369,,NIFTY,,2026-10-27,2026-10-27,23400.0,PE,NIFTY26OCT23400PE,149.0,149.0,92.0,99.75,98.9,403.8,24090.85,99.75,3770,3770,71,108452743.75,28,F1,65,,,,,
2026-08-27,2026-08-27,FO,NSE,IDO,51377,,NIFTY,,2026-10-27,2026-10-27,23600.0,PE,NIFTY26OCT23600PE,103.45,132.0,102.2,128.85,130.9,100.45,24090.85,128.85,117260,-4290,2134,3289228036.25,841,F1,65,,,,,
2026-08-27,2026-08-27,FO,NSE,IDO,51379,,NIFTY,,2026-10-27,2026-10-27,23650.0,PE,NIFTY26OCT23650PE,0.0,0.0,0.0,491.35,0.0,491.35,24090.85,338.73,0,0,0,0.0,0,F1,65,,,,,
2026-08-27,2026-08-27,FO,NSE,IDO,51403,,NIFTY,,2026-10-27,2026-10-27,24200.0,PE,NIFTY26OCT24200PE,235.0,301.0,235.0,293.7,299.85,233.0,24090.85,293.7,221325,10140,1108,1762478432.0,901,F1,65,,,,,
2026-08-27,2026-08-27,FO,NSE,IDO,51425,,NIFTY,,2026-10-27,2026-10-27,24650.0,PE,NIFTY26OCT24650PE,434.25,489.35,434.25,465.0,465.0,400.0,24090.85,795.79,6500,-65,5,8162485.5,5,F1,65,,,,,
2026-08-27,2026-08-27,FO,NSE,IDO,51427,,NIFTY,,2026-10-27,2026-10-27,24700.0,PE,NIFTY26OCT24700PE,465.0,542.3,456.0,519.85,542.3,430.15,24090.85,519.85,142610,-2080,268,438802409.5,165,F1,65,,,,,
2026-08-27,2026-08-27,FO,NSE,IDO,51513,,NIFTY,,2026-10-27,2026-10-27,26550.0,PE,NIFTY26OCT26550PE,0.0,0.0,0.0,2330.1,0.0,2330.1,24090.85,2245.39,0,0,0,0.0,0,F1,65,,,,,
2026-08-27,2026-08-27,FO,NSE,IDO,51525,,NIFTY,,2026-10-27,2026-10-27,26850.0,PE,NIFTY26OCT26850PE,0.0,0.0,0.0,2588.1,0.0,2588.1,24090.85,2518.91,0,0,0,0.0,0,F1,65,,,,,
2026-08-27,2026-08-27,FO,NSE,IDO,51539,,NIFTY,,2026-10-27,2026-10-27,27150.0,PE,NIFTY26OCT27150PE,0.0,0.0,0.0,2853.65,0.0,2853.65,24090.85,2798.9,0,0,0,0.0,0,F1,65,,,,,
2026-08-27,2026-08-27,FO,NSE,IDO,51541,,NIFTY,,2026-10-27,2026-10-27,27200.0,PE,NIFTY26OCT27200PE,0.0,0.0,0.0,2898.55,0.0,2898.55,24090.85,2846.08,0,0,0,0.0,0,F1,65,,,,,
2026-08-27,2026-08-27,FO,NSE,IDO,64388,,NIFTY,,2026-11-23,2026-11-23,23800.0,PE,NIFTY26NOV23800PE,460.0,460.0,276.0,276.0,276.0,404.6,24090.85,467.72,130,130,2,3141840.0,2,F1,65,,,,,
2026-08-27,2026-08-27,FO,NSE,IDO,64398,,NIFTY,,2026-11-23,2026-11-23,24000.0,PE,NIFTY26NOV24000PE,242.45,281.45,230.0,269.35,279.2,260.4,24090.85,269.35,88075,86905,2269,3578143045.75,1827,F1,65,,,,,
2026-08-27,2026-08-27,FO,NSE,IDO,64418,,NIFTY,,2026-11-23,2026-11-23,24500.0,PE,NIFTY26NOV24500PE,404.4,466.65,399.0,455.4,464.15,409.0,24090.85,455.4,42705,42445,989,1603095968.5,836,F1,65,,,,,
2026-08-27,2026-08-27,FO,NSE,IDO,64422,,NIFTY,,2026-11-23,2026-11-23,24600.0,PE,NIFTY26NOV24600PE,0.0,0.0,0.0,732.15,0.0,732.15,24090.85,829.34,0,0,0,0.0,0,F1,65,,,,,
2026-08-27,2026-08-27,FO,NSE,IDO,64436,,NIFTY,,2026-11-23,2026-11-23,24900.0,PE,NIFTY26NOV24900PE,0.0,0.0,0.0,887.45,0.0,887.45,24090.85,998.08,0,0,0,0.0,0,F1,65,,,,,
2026-08-27,2026-08-27,FO,NSE,IDO,64457,,NIFTY,,2026-11-23,2026-11-23,25300.0,PE,NIFTY26NOV25300PE,0.0,0.0,0.0,1121.6,0.0,1121.6,24090.85,1249.72,0,0,0,0.0,0,F1,65,,,,,
2026-08-27,2026-08-27,FO,NSE,IDO,37810,,NIFTY,,2026-12-29,2026-12-29,23000.0,PE,NIFTY26DEC23000PE,124.35,147.0,124.35,141.45,141.55,126.95,24090.85,141.45,2830945,47235,6536,9829466812.75,3225,F1,65,,,,,
2026-08-27,2026-08-27,FO,NSE,IDO,35237,,NIFTY,,2026-12-29,2026-12-29,30000.0,PE,NIFTY26DEC30000PE,5020.05,5145.0,5020.05,5145.0,5144.95,4983.35,24090.85,5145.0,381690,65,39,88968350.25,26,F1,65,,,,,
2026-08-27,2026-08-27,FO,NSE,IDO,80273,,NIFTY,,2027-03-30,2027-03-30,24000.0,PE,NIFTY27MAR24000PE,398.0,435.0,398.0,429.0,434.0,393.95,24090.85,429.0,866580,9165,1199,1903226594.75,855,F1,65,,,,,
2026-08-27,2026-08-27,FO,NSE,IDO,55375,,NIFTY,,2027-06-29,2027-06-29,22500.0,PE,NIFTY27JUN22500PE,0.0,0.0,0.0,236.45,236.45,236.45,24090.85,382.16,845,0,0,0.0,0,F1,65,,,,,
2026-08-27,2026-08-27,FO,NSE,IDO,53627,,NIFTY,,2027-12-28,2027-12-28,25000.0,PE,NIFTY27DEC25000PE,937.9,963.45,932.0,940.1,963.45,900.0,24090.85,940.1,85380,5460,140,236063646.0,134,F1,65,,,,,
2026-08-27,2026-08-27,FO,NSE,IDO,53630,,NIFTY,,2027-12-28,2027-12-28,26000.0,PE,NIFTY27DEC26000PE,1290.1,1327.95,1285.0,1319.75,1314.0,1241.0,24090.85,1319.75,64280,650,31,55005398.5,28,F1,65,,,,,
2026-08-27,2026-08-27,FO,NSE,IDO,47197,,NIFTY,,2028-06-27,2028-06-27,33000.0,PE,NIFTY28JUN33000PE,0.0,0.0,0.0,3707.8,0.0,3707.8,24090.85,5765.72,0,0,0,0.0,0,F1,65,,,,,
2026-08-27,2026-08-27,FO,NSE,IDO,67781,,NIFTY,,2028-12-26,2028-12-26,23000.0,PE,NIFTY28DEC23000PE,0.0,0.0,0.0,590.0,590.0,590.0,24090.85,640.22,1740,0,0,0.0,0,F1,65,,,,,
2026-08-27,2026-08-27,FO,NSE,IDO,67787,,NIFTY,,2028-12-26,2028-12-26,26000.0,PE,NIFTY28DEC26000PE,0.0,0.0,0.0,1220.1,1220.1,1220.1,24090.85,1502.48,6810,0,0,0.0,0,F1,65,,,,,
2026-08-27,2026-08-27,FO,NSE,IDO,55563,,NIFTY,,2029-06-26,2029-06-26,25500.0,PE,NIFTY29JUN25500PE,0.0,0.0,0.0,624.25,0.0,624.25,24090.85,1264.21,0,0,0,0.0,0,F1,65,,,,,
2026-08-27,2026-08-27,FO,NSE,IDO,89637,,NIFTY,,2029-06-26,2029-06-26,27000.0,PE,NIFTY29JUN27000PE,0.0,0.0,0.0,1252.35,0.0,1252.35,24090.85,1773.48,0,0,0,0.0,0,F1,65,,,,,
2026-08-27,2026-08-27,FO,NSE,IDO,89643,,NIFTY,,2029-06-26,2029-06-26,30000.0,PE,NIFTY29JUN30000PE,0.0,0.0,0.0,2031.05,0.0,2031.05,24090.85,3087.59,0,0,0,0.0,0,F1,65,,,,,
2026-08-27,2026-08-27,FO,NSE,IDO,61749,,NIFTY,,2029-12-24,2029-12-24,24000.0,PE,NIFTY29DEC24000PE,0.0,0.0,0.0,809.8,809.8,809.8,24090.85,830.12,520,0,0,0.0,0,F1,65,,,,,
2026-08-27,2026-08-27,FO,NSE,IDO,62007,,NIFTY,,2029-12-24,2029-12-24,33000.0,PE,NIFTY29DEC33000PE,0.0,0.0,0.0,2953.7,0.0,2953.7,24090.85,4346.31,0,0,0,0.0,0,F1,65,,,,,
2026-08-27,2026-08-27,FO,NSE,IDO,55649,,NIFTY,,2030-06-25,2030-06-25,28500.0,PE,NIFTY30JUN28500PE,0.0,0.0,0.0,1167.6,0.0,1167.6,24090.85,2050.65,0,0,0,0.0,0,F1,65,,,,,
2026-08-27,2026-08-27,FO,NSE,IDO,55755,,NIFTY,,2030-12-31,2030-12-31,24000.0,PE,NIFTY30DEC24000PE,0.0,0.0,0.0,1000.0,1000.0,1000.0,24090.85,761.72,520,0,0,0.0,0,F1,65,,,,,
2026-08-27,2026-08-27,FO,NSE,IDO,74644,,NIFTY,,2031-06-24,2031-06-24,19500.0,PE,NIFTY31JUN19500PE,0.0,0.0,0.0,289.2,0.0,289.2,24090.85,198.85,0,0,0,0.0,0,F1,65,,,,,
2026-08-27,2026-08-27,FO,NSE,IDO,51439,,NIFTY,,2026-10-27,2026-10-27,24950.0,PE,NIFTY26OCT24950PE,0.0,0.0,0.0,577.6,577.6,577.6,24090.85,979.72,4030,0,0,0.0,0,F1,65,,,,,
2026-08-27,2026-08-27,FO,NSE,IDO,47413,,NIFTY,,2026-09-15,2026-09-15,25800.0,CE,NIFTY2691525800CE,4.2,4.2,3.0,3.55,3.15,4.05,24090.85,3.55,7605,-10790,372,623940099.25,130,F1,65,,,,,
2026-08-27,2026-08-27,FO,NSE,IDO,47435,,NIFTY,,2026-09-15,2026-09-15,26050.0,CE,NIFTY2691526050CE,3.9,3.9,2.9,3.45,3.45,3.25,24090.85,3.45,2015,-390,61,103302023.5,16,F1,65,,,,,
2026-08-27,2026-08-27,FO,NSE,IDO,56827,,NIFTY,,2026-09-22,2026-09-22,22350.0,CE,NIFTY2692222350CE,0.0,0.0,0.0,1959.05,0.0,1959.05,24090.85,1850.28,0,0,0,0.0,0,F1,65,,,,,
2026-08-27,2026-08-27,FO,NSE,IDO,57153,,NIFTY,,2026-09-22,2026-09-22,24000.0,CE,NIFTY2692224000CE,475.0,475.0,399.2,414.15,404.6,510.35,24090.85,414.15,14560,6565,305,484277693.25,217,F1,65,,,,,
2026-08-27,2026-08-27,FO,NSE,IDO,57427,,NIFTY,,2026-09-22,2026-09-22,24250.0,CE,NIFTY2692224250CE,300.0,300.0,243.1,252.8,243.1,335.3,24090.85,252.8,5070,3640,207,329850599.0,114,F1,65,,,,,
2026-08-27,2026-08-27,FO,NSE,IDO,57679,,NIFTY,,2026-09-22,2026-09-22,24600.0,CE,NIFTY2692224600CE,142.85,145.4,98.4,106.0,98.4,151.7,24090.85,106.0,56550,41925,1270,2040093539.25,807,F1,65,,,,,
2026-08-27,2026-08-27,FO,NSE,IDO,73873,,NIFTY,,2026-09-29,2026-09-29,22200.0,CE,NIFTY26SEP22200CE,0.0,0.0,0.0,2313.6,2313.6,2313.6,24090.85,2038.26,130,0,0,0.0,0,F1,65,,,,,
2026-08-27,2026-08-27,FO,NSE,IDO,73895,,NIFTY,,2026-09-29,2026-09-29,22800.0,CE,NIFTY26SEP22800CE,0.0,0.0,0.0,1646.3,1646.3,1646.3,24090.85,1483.21,2795,0,0,0.0,0,F1,65,,,,,
2026-08-27,2026-08-27,FO,NSE,IDO,73903,,NIFTY,,2026-09-29,2026-09-29,23000.0,CE,NIFTY26SEP23000CE,1424.05,1435.0,1284.75,1308.3,1290.0,1458.7,24090.85,1308.3,430170,5850,657,1040033023.25,511,F1,65,,,,,
2026-08-27,2026-08-27,FO,NSE,IDO,74007,,NIFTY,,2026-09-29,2026-09-29,23700.0,CE,NIFTY26SEP23700CE,762.0,762.0,665.0,678.25,670.8,805.45,24090.85,678.25,35750,6890,272,431669797.0,202,F1,65,,,,,
2026-08-27,2026-08-27,FO,NSE,IDO,74372,,NIFTY,,2026-09-29,2026-09-29,25200.0,CE,NIFTY26SEP25200CE,35.5,39.55,27.0,29.4,27.25,40.95,24090.85,29.4,1130415,-54080,21389,35079541113.5,12975,F1,65,,,,,
2026-08-27,2026-08-27,FO,NSE,IDO,74407,,NIFTY,,2026-09-29,2026-09-29,25600.0,CE,NIFTY26SEP25600CE,13.4,13.6,11.05,11.95,11.35,14.2,24090.85,11.95,437580,3705,4703,7829447730.0,2266,F1,65,,,,,
2026-08-27,2026-08-27,FO,NSE,IDO,74465,,NIFTY,,2026-09-29,2026-09-29,26200.0,CE,NIFTY26SEP26200CE,4.8,5.55,4.5,5.0,4.95,5.0,24090.85,5.0,189150,11960,1934,3294227417.0,804,F1,65,,,,,
2026-08-27,2026-08-27,FO,NSE,IDO,74493,,NIFTY,,2026-09-29,2026-09-29,26800.0,CE,NIFTY26SEP26800CE,0.0,0.0,0.0,3.1,3.1,3.1,24090.85,8.8,5265,0,0,0.0,0,F1,65,,,,,
2026-08-27,2026-08-27,FO,NSE,IDO,74503,,NIFTY,,2026-09-29,2026-09-29,27100.0,CE,NIFTY26SEP27100CE,2.7,3.05,2.6,2.7,2.6,2.6,24090.85,2.7,17940,1625,94,165597757.0,57,F1,65,,,,,
2026-08-27,2026-08-27,FO,NSE,IDO,51344,,NIFTY,,2026-10-27,2026-10-27,22800.0,CE,NIFTY26OCT22800CE,0.0,0.0,0.0,1767.2,0.0,1767.2,24090.85,1669.07,0,0,0,0.0,0,F1,65,,,,,
2026-08-27,2026-08-27,FO,NSE,IDO,51360,,NIFTY,,2026-10-27,2026-10-27,23200.0,CE,NIFTY26OCT23200CE,1306.0,1306.0,1304.0,1304.0,1304.0,1475.8,24090.85,1353.84,390,390,6,9556950.0,6,F1,65,,,,,
2026-08-27,2026-08-27,FO,NSE,IDO,51370,,NIFTY,,2026-10-27,2026-10-27,23450.0,CE,NIFTY26OCT23450CE,0.0,0.0,0.0,1307.95,0.0,1307.95,24090.85,1172.48,0,0,0,0.0,0,F1,65,,,,,
2026-08-27,2026-08-27,FO,NSE,IDO,51376,,NIFTY,,2026-10-27,2026-10-27,23600.0,CE,NIFTY26OCT23600CE,949.95,949.95,932.35,941.15,932.35,1028.05,24090.85,941.15,65,0,2,3190349.5,2,F1,65,,,,,
2026-08-27,2026-08-27,FO,NSE,IDO,51396,,NIFTY,,2026-10-27,2026-10-27,24050.0,CE,NIFTY26OCT24050CE,618.0,646.45,587.4,587.4,587.4,673.05,24090.85,587.4,910,-65,13,20857440.5,12,F1,65,,,,,
2026-08-27,2026-08-27,FO,NSE,IDO,51428,,NIFTY,,2026-10-27,2026-10-27,24750.0,CE,NIFTY26OCT24750CE,264.45,264.45,229.4,230.35,229.45,282.15,24090.85,230.35,3705,975,64,103970311.25,46,F1,65,,,,,
2026-08-27,2026-08-27,FO,NSE,IDO,51432,,NIFTY,,2026-10-27,2026-10-27,24850.0,CE,NIFTY26OCT24850CE,223.0,223.0,192.8,194.65,192.8,248.5,24090.85,194.65,6825,1430,55,89571215.5,42,F1,65,,,,,
2026-08-27,2026-08-27,FO,NSE,IDO,51480,,NIFTY,,2026-10-27,2026-10-27,25750.0,CE,NIFTY26OCT25750CE,40.1,43.25,34.4,36.15,34.4,44.0,24090.85,36.15,128700,8580,728,1220337287.0,499,F1,65,,,,,
2026-08-27,2026-08-27,FO,NSE,IDO,51484,,NIFTY,,2026-10-27,2026-10-27,25850.0,CE,NIFTY26OCT25850CE,0.0,0.0,0.0,288.85,0.0,288.85,24090.85,165.73,0,0,0,0.0,0,F1,65,,,,,
2026-08-27,2026-08-27,FO,NSE,IDO,51502,,NIFTY,,2026-10-27,2026-10-27,26300.0,CE,NIFTY26OCT26300CE,0.0,0.0,0.0,202.25,0.0,202.25,24090.85,101.31,0,0,0,0.0,0,F1,65,,,,,
2026-08-27,2026-08-27,FO,NSE,IDO,64359,,NIFTY,,2026-11-23,2026-11-23,23350.0,CE,NIFTY26NOV23350CE,0.0,0.0,0.0,1606.3,0.0,1606.3,24090.85,1427.25,0,0,0,0.0,0,F1,65,,,,,
2026-08-27,2026-08-27,FO,NSE,IDO,64403,,NIFTY,,2026-11-23,2026-11-23,24150.0,CE,NIFTY26NOV24150CE,0.0,0.0,0.0,1075.8,0.0,1075.8,24090.85,929.85,0,0,0,0.0,0,F1,65,,,,,
2026-08-27,2026-08-27,FO,NSE,IDO,64417,,NIFTY,,2026-11-23,2026-11-23,24500.0,CE,NIFTY26NOV24500CE,555.0,555.0,485.95,496.1,485.95,579.15,24090.85,496.1,41535,30485,870,1414446189.0,781,F1,65,,,,,
2026-08-27,2026-08-27,FO,NSE,IDO,58648,,NIFTY,,2026-12-29,2026-12-29,22000.0,CE,NIFTY26DEC22000CE,2820.0,2820.0,2666.05,2677.95,2666.35,2817.1,24090.85,2677.95,267345,-195,110,176766382.0,85,F1,65,,,,,
2026-08-27,2026-08-27,FO,NSE,IDO,50978,,NIFTY,,2026-12-29,2026-12-29,27000.0,CE,NIFTY26DEC27000CE,59.55,61.8,50.05,52.3,50.05,59.55,24090.85,52.3,2590850,37475,7234,12720892525.25,3409,F1,65,,,,,
2026-08-27,2026-08-27,FO,NSE,IDO,55330,,NIFTY,,2026-12-29,2026-12-29,28500.0,CE,NIFTY26DEC28500CE,19.15,21.0,18.0,18.65,18.35,19.3,24090.85,18.65,116350,-3445,276,511626995.75,155,F1,65,,,,,
2026-08-27,2026-08-27,FO,NSE,IDO,38158,,NIFTY,,2026-12-29,2026-12-29,29000.0,CE,NIFTY26DEC29000CE,13.5,14.65,12.75,13.35,13.15,13.65,24090.85,13.35,554135,3810,364,686463375.0,247,F1,65,,,,,
2026-08-27,2026-08-27,FO,NSE,IDO,42136,,NIFTY,,2026-12-29,2026-12-29,31000.0,CE,NIFTY26DEC31000CE,8.1,9.0,8.0,8.6,8.85,8.05,24090.85,8.6,160635,1060,60,120933016.75,28,F1,65,,,,,
2026-08-27,2026-08-27,FO,NSE,IDO,80276,,NIFTY,,2027-03-30,2027-03-30,27000.0,CE,NIFTY27MAR27000CE,222.2,223.9,200.5,202.85,200.5,228.6,24090.85,202.85,717925,14560,2072,3664679947.5,1230,F1,65,,,,,
2026-08-27,2026-08-27,FO,NSE,IDO,80311,,NIFTY,,2027-03-30,2027-03-30,31500.0,CE,NIFTY27MAR31500CE,0.0,0.0,0.0,94.65,0.0,94.65,24090.85,42.82,0,0,0,0.0,0,F1,65,,,,,
2026-08-27,2026-08-27,FO,NSE,IDO,55418,,NIFTY,,2027-12-28,2027-12-28,16500.0,CE,NIFTY27DEC16500CE,0.0,0.0,0.0,11316.4,0.0,11316.4,24090.85,8983.78,0,0,0,0.0,0,F1,65,,,,,
2026-08-27,2026-08-27,FO,NSE,IDO,61390,,NIFTY,,2029-12-24,2029-12-24,18000.0,CE,NIFTY29DEC18000CE,0.0,0.0,0.0,11362.4,0.0,11362.4,24090.85,9716.52,0,0,0,0.0,0,F1,65,,,,,
2026-08-27,2026-08-27,FO,NSE,IDO,60898,,NIFTY,,2030-06-25,2030-06-25,21000.0,CE,NIFTY30JUN21000CE,0.0,0.0,0.0,10421.65,0.0,10421.65,24090.85,8089.61,0,0,0,0.0,0,F1,65,,,,,
2026-08-27,2026-08-27,FO,NSE,IDO,55764,,NIFTY,,2030-12-31,2030-12-31,31500.0,CE,NIFTY30DEC31500CE,0.0,0.0,0.0,4554.55,0.0,4554.55,24090.85,3411.66,0,0,0,0.0,0,F1,65,,,,,
2026-08-27,2026-08-27,FO,NSE,IDO,74645,,NIFTY,,2031-06-24,2031-06-24,21000.0,CE,NIFTY31JUN21000CE,0.0,0.0,0.0,8900.75,0.0,8900.75,24090.85,9116.29,0,0,0,0.0,0,F1,65,,,,,
2026-08-27,2026-08-27,FO,NSE,IDO,74665,,NIFTY,,2031-06-24,2031-06-24,33000.0,CE,NIFTY31JUN33000CE,0.0,0.0,0.0,3451.55,0.0,3451.55,24090.85,3423.56,0,0,0,0.0,0,F1,65,,,,,
2026-08-27,2026-08-27,FO,NSE,IDO,46922,,NIFTY,,2026-09-01,2026-09-01,22400.0,PE,NIFTY2690122400PE,1.1,1.5,0.85,1.1,1.15,1.1,24090.85,1.1,254475,41795,17086,24878436810.5,7134,F1,65,,,,,
2026-08-27,2026-08-27,FO,NSE,IDO,46928,,NIFTY,,2026-09-01,2026-09-01,22550.0,PE,NIFTY2690122550PE,1.3,1.65,0.85,1.1,1.15,1.35,24090.85,1.1,99255,59735,12835,18813867816.25,4176,F1,65,,,,,
2026-08-27,2026-08-27,FO,NSE,IDO,46930,,NIFTY,,2026-09-01,2026-09-01,22600.0,PE,NIFTY2690122600PE,1.3,1.7,0.85,1.1,1.25,1.35,24090.85,1.1,377520,154180,29211,42913172831.75,8451,F1,65,,,,,
2026-08-27,2026-08-27,FO,NSE,IDO,46946,,NIFTY,,2026-09-01,2026-09-01,23000.0,PE,NIFTY2690123000PE,1.4,2.35,1.2,1.45,1.65,1.85,24090.85,1.45,6202040,1652950,356835,533505719922.5,54941,F1,65,,,,,
2026-08-27,2026-08-27,FO,NSE,IDO,46954,,NIFTY,,2026-09-01,2026-09-01,23200.0,PE,NIFTY2690123200PE,1.6,2.6,1.35,1.55,1.75,2.1,24090.85,1.55,2139670,495170,212398,320320761397.0,38165,F1,65,,,,,
2026-08-27,2026-08-27,FO,NSE,IDO,46992,,NIFTY,,2026-09-01,2026-09-01,24150.0,PE,NIFTY2690124150PE,39.75,95.0,33.4,78.95,88.7,40.5,24090.85,78.95,3526250,1200680,2380385,3747326829051.0,1005659,F1,65,,,,,
2026-08-27,2026-08-27,FO,NSE,IDO,47000,,NIFTY,,2026-09-01,2026-09-01,24350.0,PE,NIFTY2690124350PE,129.95,220.9,105.25,195.0,212.2,108.7,24090.85,195.0,1660100,-924170,495662,789740017615.25,298136,F1,65,,,,,
2026-08-27,2026-08-27,FO,NSE,IDO,47006,,NIFTY,,2026-09-01,2026-09-01,24500.0,PE,NIFTY2690124500PE,211.0,349.0,201.15,317.5,339.95,199.6,24090.85,317.5,2054195,-111280,180228,290280892222.75,112198,F1,65,,,,,
2026-08-27,2026-08-27,FO,NSE,IDO,47058,,NIFTY,,2026-09-01,2026-09-01,25800.0,PE,NIFTY2690125800PE,0.0,0.0,0.0,1530.0,1530.0,1530.0,24090.85,1687.76,650,0,0,0.0,0,F1,65,,,,,
2026-08-27,2026-08-27,FO,NSE,IDO,47074,,NIFTY,,2026-09-01,2026-09-01,26200.0,PE,NIFTY2690126200PE,0.0,0.0,0.0,1950.0,1950.0,1950.0,24090.85,2087.41,65,0,0,0.0,0,F1,65,,,,,
2026-08-27,2026-08-27,FO,NSE,IDO,47105,,NIFTY,,2026-09-01,2026-09-01,26850.0,PE,NIFTY2690126850PE,0.0,0.0,0.0,2502.1,0.0,2502.1,24090.85,2736.87,0,0,0,0.0,0,F1,65,,,,,
2026-08-27,2026-08-27,FO,NSE,IDO,42634,,NIFTY,,2026-09-08,2026-09-08,23850.0,PE,NIFTY2690823850PE,27.65,52.85,25.15,47.7,50.95,27.65,24090.85,47.7,195130,-6305,9468,14703423575.75,6960,F1,65,,,,,
2026-08-27,2026-08-27,FO,NSE,IDO,42638,,NIFTY,,2026-09-08,2026-09-08,23950.0,PE,NIFTY2690823950PE,40.75,75.2,35.95,66.95,71.9,37.75,24090.85,66.95,363415,94445,17161,26777641861.75,12115,F1,65,,,,,
2026-08-27,2026-08-27,FO,NSE,IDO,42750,,NIFTY,,2026-09-08,2026-09-08,26050.0,PE,NIFTY2690826050PE,0.0,0.0,0.0,1397.8,0.0,1397.8,24090.85,1908.4,0,0,0,0.0,0,F1,65,,,,,
2026-08-27,2026-08-27,FO,NSE,IDO,42760,,NIFTY,,2026-09-08,2026-09-08,26150.0,PE,NIFTY2690826150PE,0.0,0.0,0.0,1482.45,0.0,1482.45,24090.85,2007.82,0,0,0,0.0,0,F1,65,,,,,
2026-08-27,2026-08-27,FO,NSE,IDO,42762,,NIFTY,,2026-09-08,2026-09-08,26200.0,PE,NIFTY2690826200PE,0.0,0.0,0.0,1525.35,0.0,1525.35,24090.85,2057.59,0,0,0,0.0,0,F1,65,,,,,
2026-08-27,2026-08-27,FO,NSE,IDO,42770,,NIFTY,,2026-09-08,2026-09-08,26400.0,PE,NIFTY2690826400PE,0.0,0.0,0.0,1700.8,0.0,1700.8,24090.85,2256.84,0,0,0,0.0,0,F1,65,,,,,
2026-08-27,2026-08-27,FO,NSE,IDO,47252,,NIFTY,,2026-09-15,2026-09-15,22350.0,PE,NIFTY2691522350PE,4.15,5.2,3.7,4.3,4.8,4.15,24090.85,4.3,16705,455,76,110430375.25,26,F1,65,,,,,
2026-08-27,2026-08-27,FO,NSE,IDO,47270,,NIFTY,,2026-09-15,2026-09-15,22800.0,PE,NIFTY2691522800PE,6.55,8.35,6.15,7.25,7.2,6.75,24090.85,7.25,22555,1885,269,398782085.0,120,F1,65,,,,,
2026-08-27,2026-08-27,FO,NSE,IDO,47326,,NIFTY,,2026-09-15,2026-09-15,24150.0,PE,NIFTY2691524150PE,105.15,167.65,102.95,159.0,167.45,105.15,24090.85,159.0,23790,-5980,1270,2005409263.0,883,F1,65,,,,,
2026-08-27,2026-08-27,FO,NSE,IDO,47338,,NIFTY,,2026-09-15,2026-09-15,24450.0,PE,NIFTY2691524450PE,236.7,329.7,236.7,316.3,329.7,215.95,24090.85,316.3,4680,-975,135,217086772.5,126,F1,65,,,,,
2026-08-27,2026-08-27,FO,NSE,IDO,47340,,NIFTY,,2026-09-15,2026-09-15,24500.0,PE,NIFTY2691524500PE,240.0,364.15,240.0,342.4,360.0,248.2,24090.85,342.4,223600,39715,2616,4220191644.5,2388,F1,65,,,,,
2026-08-27,2026-08-27,FO,NSE,IDO,47384,,NIFTY,,2026-09-15,2026-09-15,25350.0,PE,NIFTY2691525350PE,0.0,0.0,0.0,956.1,0.0,956.1,24090.85,1221.59,0,0,0,0.0,0,F1,65,,,,,
2026-08-27,2026-08-27,FO,NSE,IDO,47432,,NIFTY,,2026-09-15,2026-09-15,26000.0,PE,NIFTY2691526000PE,0.0,0.0,0.0,1555.85,1555.85,1555.85,24090.85,1835.62,130,0,0,0.0,0,F1,65,,,,,
2026-08-27,2026-08-27,FO,NSE,IDO,47442,,NIFTY,,2026-09-15,2026-09-15,26200.0,PE,NIFTY2691526200PE,0.0,0.0,0.0,1647.25,0.0,1647.25,24090.85,2031.38,0,0,0,0.0,0,F1,65,,,,,
2026-08-27,2026-08-27,FO,NSE,IDO,56966,,NIFTY,,2026-09-22,2026-09-22,23050.0,PE,NIFTY2692223050PE,0.0,0.0,0.0,93.3,0.0,93.3,24090.85,67.08,0,0,0,0.0,0,F1,65,,,,,
2026-08-27,2026-08-27,FO,NSE,IDO,57154,,NIFTY,,2026-09-22,2026-09-22,24000.0,PE,NIFTY2692224000PE,91.25,145.4,91.25,139.85,143.4,90.5,24090.85,139.85,30745,7280,592,928390830.25,401,F1,65,,,,,
2026-08-27,2026-08-27,FO,NSE,IDO,57229,,NIFTY,,2026-09-22,2026-09-22,24050.0,PE,NIFTY2692224050PE,0.0,0.0,0.0,374.9,0.0,374.9,24090.85,346.07,0,0,0,0.0,0,F1,65,,,,,
2026-08-27,2026-08-27,FO,NSE,IDO,73882,,NIFTY,,2026-09-29,2026-09-29,22400.0,PE,NIFTY26SEP22400PE,12.15,14.2,11.9,13.75,14.0,12.55,24090.85,13.75,87620,13975,730,1063484149.0,437,F1,65,,,,,
2026-08-27,2026-08-27,FO,NSE,IDO,73905,,NIFTY,,2026-09-29,2026-09-29,23050.0,PE,NIFTY26SEP23050PE,20.35,29.6,20.35,28.65,28.4,22.0,24090.85,28.65,37895,-130,335,502437793.0,253,F1,65,,,,,
2026-08-27,2026-08-27,FO,NSE,IDO,74360,,NIFTY,,2026-09-29,2026-09-29,24850.0,PE,NIFTY26SEP24850PE,0.0,0.0,0.0,482.05,482.05,482.05,24090.85,841.69,15015,0,0,0.0,0,F1,65,,,,,
2026-08-27,2026-08-27,FO,NSE,IDO,74367,,NIFTY,,2026-09-29,2026-09-29,25050.0,PE,NIFTY26SEP25050PE,730.0,791.2,726.65,791.2,791.2,675.4,24090.85,791.2,3900,-2665,105,176073751.75,64,F1,65,,,,,
2026-08-27,2026-08-27,FO,NSE,IDO,74387,,NIFTY,,2026-09-29,2026-09-29,25300.0,PE,NIFTY26SEP25300PE,921.45,1022.0,921.45,983.85,983.85,884.6,24090.85,1183.85,30290,585,38,64910995.5,31,F1,65,,,,,
2026-08-27,2026-08-27,FO,NSE,IDO,74406,,NIFTY,,2026-09-29,2026-09-29,25550.0,PE,NIFTY26SEP25550PE,0.0,0.0,0.0,1082.2,1082.2,1082.2,24090.85,1393.37,845,0,0,0.0,0,F1,65,,,,,
2026-08-27,2026-08-27,FO,NSE,IDO,65905,,NIFTY,,2026-09-29,2026-09-29,26000.0,PE,NIFTY26SEP26000PE,1587.0,1719.95,1587.0,1696.8,1711.45,1535.55,24090.85,1696.8,2279860,12480,776,1394899801.75,648,F1,65,,,,,
2026-08-27,2026-08-27,FO,NSE,IDO,74439,,NIFTY,,2026-09-29,2026-09-29,26050.0,PE,NIFTY26SEP26050PE,0.0,0.0,0.0,1710.0,1710.0,1710.0,24090.85,1842.29,260,0,0,0.0,0,F1,65,,,,,
2026-08-27,2026-08-27,FO,NSE,IDO,55293,,NIFTY,,2026-09-29,2026-09-29,34500.0,PE,NIFTY26SEP34500PE,0.0,0.0,0.0,7064.95,0.0,7064.95,24090.85,10205.14,0,0,0,0.0,0,F1,65,,,,,
2026-08-27,2026-08-27,FO,NSE,IDO,51349,,NIFTY,,2026-10-27,2026-10-27,22900.0,PE,NIFTY26OCT22900PE,0.0,0.0,0.0,262.65,0.0,262.65,24090.85,147.03,0,0,0,0.0,0,F1,65,,,,,
2026-08-27,2026-08-27,FO,NSE,IDO,51351,,NIFTY,,2026-10-27,2026-10-27,22950.0,PE,NIFTY26OCT22950PE,0.0,0.0,0.0,274.9,0.0,274.9,24090.85,156.38,0,0,0,0.0,0,F1,65,,,,,
2026-08-27,2026-08-27,FO,NSE,IDO,51359,,NIFTY,,2026-10-27,2026-10-27,23150.0,PE,NIFTY26OCT23150PE,0.0,0.0,0.0,327.65,0.0,327.65,24090.85,198.34,0,0,0,0.0,0,F1,65,,,,,
2026-08-27,2026-08-27,FO,NSE,IDO,51383,,NIFTY,,2026-10-27,2026-10-27,23750.0,PE,NIFTY26OCT23750PE,0.0,0.0,0.0,529.65,0.0,529.65,24090.85,373.56,0,0,0,0.0,0,F1,65,,,,,
2026-08-27,2026-08-27,FO,NSE,IDO,51385,,NIFTY,,2026-10-27,2026-10-27,23800.0,PE,NIFTY26OCT23800PE,132.6,175.0,132.55,171.85,173.15,131.65,24090.85,171.85,248820,32435,1551,2415291170.5,923,F1,65,,,,,
2026-08-27,2026-08-27,FO,NSE,IDO,51479,,NIFTY,,2026-10-27,2026-10-27,25700.0,PE,NIFTY26OCT25700PE,0.0,0.0,0.0,1260.0,1260.0,1260.0,24090.85,1522.45,325,0,0,0.0,0,F1,65,,,,,
2026-08-27,2026-08-27,FO,NSE,IDO,51501,,NIFTY,,2026-10-27,2026-10-27,26250.0,PE,NIFTY26OCT26250PE,0.0,0.0,0.0,2081.05,0.0,2081.05,24090.85,1980.16,0,0,0,0.0,0,F1,65,,,,,
2026-08-27,2026-08-27,FO,NSE,IDO,51507,,NIFTY,,2026-10-27,2026-10-27,26400.0,PE,NIFTY26OCT26400PE,0.0,0.0,0.0,2204.4,0.0,2204.4,24090.85,2111.61,0,0,0,0.0,0,F1,65,,,,,
2026-08-27,2026-08-27,FO,NSE,IDO,47319,,NIFTY,,2026-09-15,2026-09-15,24000.0,CE,NIFTY2691524000CE,459.7,459.7,337.5,350.9,345.4,459.7,24090.85,350.9,47320,14235,2255,3574377352.0,1325,F1,65,,,,,
2026-08-27,2026-08-27,FO,NSE,IDO,47293,,NIFTY,,2026-09-15,2026-09-15,23400.0,CE,NIFTY2691523400CE,0.0,0.0,0.0,1312.7,0.0,1312.7,24090.85,857.29,0,0,0,0.0,0,F1,65,,,,,
2026-08-27,2026-08-27,FO,NSE,IDO,42767,,NIFTY,,2026-09-08,2026-09-08,26350.0,CE,NIFTY2690826350CE,1.15,1.75,0.95,1.2,1.0,1.4,24090.85,1.2,9750,3315,188,322012369.25,94,F1,65,,,,,
2026-08-27,2026-08-27,FO,NSE,IDO,42711,,NIFTY,,2026-09-08,2026-09-08,25500.0,CE,NIFTY2690825500CE,3.45,3.9,2.15,3.1,2.5,3.1,24090.85,3.1,822380,518765,20735,34372607067.5,8958,F1,65,,,,,
2026-08-27,2026-08-27,FO,NSE,IDO,42663,,NIFTY,,2026-09-08,2026-09-08,24550.0,CE,NIFTY2690824550CE,88.0,88.05,42.25,46.45,42.6,84.75,24090.85,46.45,222430,106275,17354,27752801755.25,12505,F1,65,,,,,
2026-08-27,2026-08-27,FO,NSE,IDO,42595,,NIFTY,,2026-09-08,2026-09-08,23100.0,CE,NIFTY2690823100CE,0.0,0.0,0.0,1701.65,0.0,1701.65,24090.85,1057.33,0,0,0,0.0,0,F1,65,,,,,
2026-08-27,2026-08-27,FO,NSE,IDO,47114,,NIFTY,,2026-09-01,2026-09-01,27100.0,CE,NIFTY2690127100CE,0.6,0.9,0.35,0.45,0.4,0.55,24090.85,0.45,151580,104650,5429,9563364902.0,1873,F1,65,,,,,
2026-08-27,2026-08-27,FO,NSE,IDO,47083,,NIFTY,,2026-09-01,2026-09-01,26450.0,CE,NIFTY2690126450CE,0.75,1.0,0.55,0.65,0.55,0.65,24090.85,0.65,40625,19890,1893,3254634474.0,663,F1,65,,,,,
2026-08-27,2026-08-27,FO,NSE,IDO,47067,,NIFTY,,2026-09-01,2026-09-01,26050.0,CE,NIFTY2690126050CE,0.85,1.25,0.6,0.75,0.75,0.7,24090.85,0.75,55315,16445,3123,5288189546.25,1566,F1,65,,,,,
2026-08-27,2026-08-27,FO,NSE,IDO,47035,,NIFTY,,2026-09-01,2026-09-01,25250.0,CE,NIFTY2690125250CE,1.95,2.7,1.25,1.5,1.35,1.75,24090.85,1.5,1144520,213980,224927,369188943519.5,39667,F1,65,,,,,
2026-08-27,2026-08-27,FO,NSE,IDO,47007,,NIFTY,,2026-09-01,2026-09-01,24550.0,CE,NIFTY2690124550CE,32.25,34.95,10.25,12.7,10.65,34.95,24090.85,12.7,4179500,1624935,490735,783633769356.75,157699,F1,65,,,,,
2026-08-27,2026-08-27,FO,NSE,IDO,46979,,NIFTY,,2026-09-01,2026-09-01,23850.0,CE,NIFTY2690123850CE,478.4,491.05,334.95,355.25,341.4,503.4,24090.85,355.25,63635,8450,5058,7969716452.75,3990,F1,65,,,,,
2026-08-27,2026-08-27,FO,NSE,IDO,46935,,NIFTY,,2026-09-01,2026-09-01,22750.0,CE,NIFTY2690122750CE,0.0,0.0,0.0,1672.8,0.0,1672.8,24090.85,1359.86,0,0,0,0.0,0,F1,65,,,,,
2026-08-27,2026-08-27,FO,NSE,IDO,46925,,NIFTY,,2026-09-01,2026-09-01,22500.0,CE,NIFTY2690122500CE,0.0,0.0,0.0,1875.4,1875.4,1875.4,24090.85,1609.53,11895,0,0,0.0,0,F1,65,,,,,
2026-08-27,2026-08-27,FO,NSE,IDO,55376,,NIFTY,,2027-06-29,2027-06-29,25500.0,CE,NIFTY27JUN25500CE,969.0,969.0,911.75,932.4,932.4,970.0,24090.85,932.4,650,585,9,15471839.5,5,F1,65,,,,,
2026-08-27,2026-08-27,FO,NSE,IDO,47192,,NIFTY,,2027-06-29,2027-06-29,33000.0,CE,NIFTY27JUN33000CE,0.0,0.0,0.0,1122.75,0.0,1122.75,24090.85,65.87,0,0,0,0.0,0,F1,65,,,,,
2026-08-27,2026-08-27,FO,NSE,IDO,47194,,NIFTY,,2027-12-28,2027-12-28,33000.0,CE,NIFTY27DEC33000CE,0.0,0.0,0.0,120.0,120.0,120.0,24090.85,276.94,3510,0,0,0.0,0,F1,65,,,,,
2026-08-27,2026-08-27,FO,NSE,IDO,55470,,NIFTY,,2028-06-27,2028-06-27,19500.0,CE,NIFTY28JUN19500CE,0.0,0.0,0.0,9209.1,0.0,9209.1,24090.85,6930.87,0,0,0,0.0,0,F1,65,,,,,
2026-08-27,2026-08-27,FO,NSE,IDO,89612,,NIFTY,,2029-06-26,2029-06-26,18000.0,CE,NIFTY29JUN18000CE,0.0,0.0,0.0,11678.65,0.0,11678.65,24090.85,9226.88,0,0,0,0.0,0,F1,65,,,,,
2026-08-27,2026-08-27,FO,NSE,IDO,89624,,NIFTY,,2029-06-26,2029-06-26,21000.0,CE,NIFTY29JUN21000CE,0.0,0.0,0.0,9799.75,0.0,9799.75,24090.85,6974.54,0,0,0,0.0,0,F1,65,,,,,
2026-08-27,2026-08-27,FO,NSE,IDO,89648,,NIFTY,,2029-06-26,2029-06-26,33000.0,CE,NIFTY29JUN33000CE,0.0,0.0,0.0,4179.45,0.0,4179.45,24090.85,1439.3,0,0,0,0.0,0,F1,65,,,,,
2026-08-27,2026-08-27,FO,NSE,IDO,55598,,NIFTY,,2029-12-24,2029-12-24,16500.0,CE,NIFTY29DEC16500CE,0.0,0.0,0.0,12984.85,0.0,12984.85,24090.85,10870.08,0,0,0,0.0,0,F1,65,,,,,
2026-08-27,2026-08-27,FO,NSE,IDO,55606,,NIFTY,,2029-12-24,2029-12-24,28500.0,CE,NIFTY29DEC28500CE,0.0,0.0,0.0,4802.1,0.0,4802.1,24090.85,3391.38,0,0,0,0.0,0,F1,65,,,,,
2026-08-27,2026-08-27,FO,NSE,IDO,60892,,NIFTY,,2030-06-25,2030-06-25,18000.0,CE,NIFTY30JUN18000CE,0.0,0.0,0.0,12423.9,0.0,12423.9,24090.85,10193.02,0,0,0,0.0,0,F1,65,,,,,
2026-08-27,2026-08-27,FO,NSE,IDO,55650,,NIFTY,,2030-06-25,2030-06-25,31500.0,CE,NIFTY30JUN31500CE,0.0,0.0,0.0,3984.8,0.0,3984.8,24090.85,2859.2,0,0,0,0.0,0,F1,65,,,,,
2026-08-27,2026-08-27,FO,NSE,IDO,55696,,NIFTY,,2030-12-31,2030-12-31,16500.0,CE,NIFTY30DEC16500CE,0.0,0.0,0.0,13763.55,0.0,13763.55,24090.85,11739.53,0,0,0,0.0,0,F1,65,,,,,
2026-08-27,2026-08-27,FO,NSE,IDO,55760,,NIFTY,,2030-12-31,2030-12-31,28500.0,CE,NIFTY30DEC28500CE,0.0,0.0,0.0,5968.3,0.0,5968.3,24090.85,4563.99,0,0,0,0.0,0,F1,65,,,,,
2026-08-27,2026-08-27,FO,NSE,IDO,74661,,NIFTY,,2031-06-24,2031-06-24,31500.0,CE,NIFTY31JUN31500CE,0.0,0.0,0.0,3928.35,0.0,3928.35,24090.85,3923.24,0,0,0,0.0,0,F1,65,,,,,
2026-08-27,2026-08-27,FO,NSE,IDO,46908,,NIFTY,,2026-09-01,2026-09-01,22050.0,PE,NIFTY2690122050PE,0.95,1.25,0.65,0.95,0.8,0.85,24090.85,0.95,54860,23270,2631,3771032369.0,1503,F1,65,,,,,
2026-08-27,2026-08-27,FO,NSE,IDO,46910,,NIFTY,,2026-09-01,2026-09-01,22100.0,PE,NIFTY2690122100PE,0.8,1.2,0.65,0.85,0.75,0.9,24090.85,0.85,1331655,3250,25631,36820312698.0,8103,F1,65,,,,,
2026-08-27,2026-08-27,FO,NSE,IDO,46912,,NIFTY,,2026-09-01,2026-09-01,22150.0,PE,NIFTY2690122150PE,1.2,1.3,0.75,1.0,0.8,1.0,24090.85,1.0,95355,51935,4528,6519472674.0,2181,F1,65,,,,,
2026-08-27,2026-08-27,FO,NSE,IDO,46956,,NIFTY,,2026-09-01,2026-09-01,23250.0,PE,NIFTY2690123250PE,2.1,2.8,1.45,1.7,1.9,2.2,24090.85,1.7,399230,155350,82208,124247489639.0,16742,F1,65,,,,,
2026-08-27,2026-08-27,FO,NSE,IDO,46958,,NIFTY,,2026-09-01,2026-09-01,23300.0,PE,NIFTY2690123300PE,2.0,3.0,1.6,1.85,1.85,2.3,24090.85,1.85,2085980,6305,219890,333053457087.0,43451,F1,65,,,,,
2026-08-27,2026-08-27,FO,NSE,IDO,46960,,NIFTY,,2026-09-01,2026-09-01,23350.0,PE,NIFTY2690123350PE,2.25,3.2,1.75,2.05,2.25,2.4,24090.85,2.05,1534195,755430,137363,208502516706.25,25930,F1,65,,,,,
2026-08-27,2026-08-27,FO,NSE,IDO,46986,,NIFTY,,2026-09-01,2026-09-01,24000.0,PE,NIFTY2690124000PE,19.9,43.85,11.55,35.1,40.1,17.55,24090.85,35.1,7105670,1470755,1698841,2653425365997.25,553305,F1,65,,,,,
2026-08-27,2026-08-27,FO,NSE,IDO,47004,,NIFTY,,2026-09-01,2026-09-01,24450.0,PE,NIFTY2690124450PE,176.1,302.4,166.45,274.65,296.4,161.2,24090.85,274.65,582270,-259610,111326,178622896426.0,73942,F1,65,,,,,
2026-08-27,2026-08-27,FO,NSE,IDO,47028,,NIFTY,,2026-09-01,2026-09-01,25050.0,PE,NIFTY2690125050PE,732.65,857.0,732.65,844.9,857.0,713.4,24090.85,844.9,8190,3185,63,105934354.5,61,F1,65,,,,,
2026-08-27,2026-08-27,FO,NSE,IDO,47066,,NIFTY,,2026-09-01,2026-09-01,26000.0,PE,NIFTY2690126000PE,1757.0,1807.75,1730.0,1796.15,1807.75,1656.05,24090.85,1796.15,163410,325,24,43326942.75,23,F1,65,,,,,
2026-08-27,2026-08-27,FO,NSE,IDO,47082,,NIFTY,,2026-09-01,2026-09-01,26400.0,PE,NIFTY2690126400PE,0.0,0.0,0.0,2081.0,0.0,2081.0,24090.85,2287.24,0,0,0,0.0,0,F1,65,,,,,
2026-08-27,2026-08-27,FO,NSE,IDO,47118,,NIFTY,,2026-09-01,2026-09-01,27150.0,PE,NIFTY2690127150PE,0.0,0.0,0.0,2789.8,0.0,2789.8,24090.85,3036.62,0,0,0,0.0,0,F1,65,,,,,
2026-08-27,2026-08-27,FO,NSE,IDO,42568,,NIFTY,,2026-09-08,2026-09-08,22400.0,PE,NIFTY2690822400PE,3.25,4.0,3.05,3.4,3.05,3.6,24090.85,3.4,1075815,328120,16258,23675262825.5,4861,F1,65,,,,,
2026-08-27,2026-08-27,FO,NSE,IDO,42570,,NIFTY,,2026-09-08,2026-09-08,22450.0,PE,NIFTY2690822450PE,3.9,4.0,3.05,3.6,3.05,3.6,24090.85,3.6,4745,780,78,113839521.25,76,F1,65,,,,,
2026-08-27,2026-08-27,FO,NSE,IDO,42580,,NIFTY,,2026-09-08,2026-09-08,22700.0,PE,NIFTY2690822700PE,3.6,4.8,3.15,4.2,4.2,4.0,24090.85,4.2,121680,38805,2865,4228070395.25,1839,F1,65,,,,,
2026-08-27,2026-08-27,FO,NSE,IDO,42590,,NIFTY,,2026-09-08,2026-09-08,22950.0,PE,NIFTY2690822950PE,5.6,5.95,4.55,4.9,5.0,4.7,24090.85,4.9,11180,4745,183,273049744.5,131,F1,65,,,,,
2026-08-27,2026-08-27,FO,NSE,IDO,42626,,NIFTY,,2026-09-08,2026-09-08,23650.0,PE,NIFTY2690823650PE,12.0,27.0,12.0,24.75,26.85,14.4,24090.85,24.75,147355,38350,6079,9353033550.25,4403,F1,65,,,,,
2026-08-27,2026-08-27,FO,NSE,IDO,42726,,NIFTY,,2026-09-08,2026-09-08,25650.0,PE,NIFTY2690825650PE,0.0,0.0,0.0,1079.4,0.0,1079.4,24090.85,1513.28,0,0,0,0.0,0,F1,65,,,,,
2026-08-27,2026-08-27,FO,NSE,IDO,47280,,NIFTY,,2026-09-15,2026-09-15,23050.0,PE,NIFTY2691523050PE,0.0,0.0,0.0,58.25,0.0,58.25,24090.85,41.46,0,0,0,0.0,0,F1,65,,,,,
2026-08-27,2026-08-27,FO,NSE,IDO,47298,,NIFTY,,2026-09-15,2026-09-15,23500.0,PE,NIFTY2691523500PE,18.6,31.3,16.65,29.15,30.8,19.05,24090.85,29.15,299585,61035,6308,9645458884.75,3106,F1,65,,,,,
2026-08-27,2026-08-27,FO,NSE,IDO,47316,,NIFTY,,2026-09-15,2026-09-15,23900.0,PE,NIFTY2691523900PE,50.0,89.3,50.0,84.45,89.0,52.7,24090.85,84.45,383760,8775,2956,4606521907.0,1956,F1,65,,,,,
2026-08-27,2026-08-27,FO,NSE,IDO,47322,,NIFTY,,2026-09-15,2026-09-15,24050.0,PE,NIFTY2691524050PE,89.35,130.75,85.3,125.6,130.0,82.7,24090.85,125.6,21125,520,635,997257134.25,355,F1,65,,,,,
2026-08-27,2026-08-27,FO,NSE,IDO,47362,,NIFTY,,2026-09-15,2026-09-15,24950.0,PE,NIFTY2691524950PE,0.0,0.0,0.0,689.2,0.0,689.2,24090.85,877.98,0,0,0,0.0,0,F1,65,,,,,
2026-08-27,2026-08-27,FO,NSE,IDO,47420,,NIFTY,,2026-09-15,2026-09-15,25850.0,PE,NIFTY2691525850PE,0.0,0.0,0.0,1345.95,0.0,1345.95,24090.85,1690.24,0,0,0,0.0,0,F1,65,,,,,
2026-08-27,2026-08-27,FO,NSE,IDO,57252,,NIFTY,,2026-09-22,2026-09-22,24100.0,PE,NIFTY2692224100PE,126.5,176.55,123.15,171.15,173.3,119.45,24090.85,171.15,23790,5720,614,967919702.75,379,F1,65,,,,,
2026-08-27,2026-08-27,FO,NSE,IDO,57388,,NIFTY,,2026-09-22,2026-09-22,24200.0,PE,NIFTY2692224200PE,151.0,217.2,150.0,212.35,214.4,150.8,24090.85,212.35,30355,-13000,1021,1619139684.5,600,F1,65,,,,,
2026-08-27,2026-08-27,FO,NSE,IDO,57639,,NIFTY,,2026-09-22,2026-09-22,24550.0,PE,NIFTY2692224550PE,0.0,0.0,0.0,629.0,0.0,629.0,24090.85,618.71,0,0,0,0.0,0,F1,65,,,,,
2026-08-27,2026-08-27,FO,NSE,IDO,57857,,NIFTY,,2026-09-22,2026-09-22,25150.0,PE,NIFTY2692225150PE,0.0,0.0,0.0,1035.2,0.0,1035.2,24090.85,1058.57,0,0,0,0.0,0,F1,65,,,,,
2026-08-27,2026-08-27,FO,NSE,IDO,65888,,NIFTY,,2026-09-29,2026-09-29,18000.0,PE,NIFTY26SEP18000PE,2.25,2.3,1.65,2.0,1.95,1.6,24090.85,2.0,987740,-3120,305,356889910.0,73,F1,65,,,,,
2026-08-27,2026-08-27,FO,NSE,IDO,73924,,NIFTY,,2026-09-29,2026-09-29,23300.0,PE,NIFTY26SEP23300PE,35.05,45.45,30.15,43.85,44.5,31.15,24090.85,43.85,799110,45760,8696,13192383464.0,5777,F1,65,,,,,
2026-08-27,2026-08-27,FO,NSE,IDO,74055,,NIFTY,,2026-09-29,2026-09-29,23850.0,PE,NIFTY26SEP23850PE,89.95,130.6,84.95,123.8,129.75,87.75,24090.85,123.8,109265,10790,1145,1783096458.0,792,F1,65,,,,,
2026-08-27,2026-08-27,FO,NSE,IDO,74113,,NIFTY,,2026-09-29,2026-09-29,24350.0,PE,NIFTY26SEP24350PE,233.45,317.25,227.8,302.6,312.35,228.2,24090.85,302.6,439790,19565,4842,7750530742.5,3530,F1,65,,,,,
2026-08-27,2026-08-27,FO,NSE,IDO,74371,,NIFTY,,2026-09-29,2026-09-29,25150.0,PE,NIFTY26SEP25150PE,872.3,882.5,870.9,882.5,882.5,872.35,24090.85,1064.34,1560,65,5,8457826.0,5,F1,65,,,,,
2026-08-27,2026-08-27,FO,NSE,IDO,74390,,NIFTY,,2026-09-29,2026-09-29,25350.0,PE,NIFTY26SEP25350PE,0.0,0.0,0.0,850.0,850.0,850.0,24090.85,1224.77,1040,0,0,0.0,0,F1,65,,,,,
2026-08-27,2026-08-27,FO,NSE,IDO,74490,,NIFTY,,2026-09-29,2026-09-29,26700.0,PE,NIFTY26SEP26700PE,0.0,0.0,0.0,2560.85,0.0,2560.85,24090.85,2462.07,0,0,0,0.0,0,F1,65,,,,,
2026-08-27,2026-08-27,FO,NSE,IDO,51331,,NIFTY,,2026-10-27,2026-10-27,22500.0,PE,NIFTY26OCT22500PE,26.75,33.75,26.6,31.65,33.1,28.15,24090.85,31.65,698555,245830,9232,13519413810.5,6596,F1,65,,,,,
2026-08-27,2026-08-27,FO,NSE,IDO,51499,,NIFTY,,2026-10-27,2026-10-27,26200.0,PE,NIFTY26OCT26200PE,0.0,0.0,0.0,2040.5,0.0,2040.5,24090.85,1936.9,0,0,0,0.0,0,F1,65,,,,,
2026-08-27,2026-08-27,FO,NSE,IDO,51505,,NIFTY,,2026-10-27,2026-10-27,26350.0,PE,NIFTY26OCT26350PE,0.0,0.0,0.0,2163.0,0.0,2163.0,24090.85,2067.52,0,0,0,0.0,0,F1,65,,,,,
2026-08-27,2026-08-27,FO,NSE,IDO,51519,,NIFTY,,2026-10-27,2026-10-27,26700.0,PE,NIFTY26OCT26700PE,0.0,0.0,0.0,2458.1,0.0,2458.1,24090.85,2381.23,0,0,0,0.0,0,F1,65,,,,,
2026-08-27,2026-08-27,FO,NSE,IDO,64378,,NIFTY,,2026-11-23,2026-11-23,23600.0,PE,NIFTY26NOV23600PE,221.6,221.6,221.6,221.6,221.6,341.9,24090.85,397.29,65,65,1,1548404.0,1,F1,65,,,,,
2026-08-27,2026-08-27,FO,NSE,IDO,64440,,NIFTY,,2026-11-23,2026-11-23,25000.0,PE,NIFTY26NOV25000PE,680.9,735.95,639.05,716.5,735.55,625.75,24090.85,716.5,8840,7930,220,367470093.25,212,F1,65,,,,,
2026-08-27,2026-08-27,FO,NSE,IDO,64442,,NIFTY,,2026-11-23,2026-11-23,25050.0,PE,NIFTY26NOV25050PE,0.0,0.0,0.0,971.7,0.0,971.7,24090.85,1088.98,0,0,0,0.0,0,F1,65,,,,,
2026-08-27,2026-08-27,FO,NSE,IDO,64492,,NIFTY,,2026-11-23,2026-11-23,25850.0,PE,NIFTY26NOV25850PE,0.0,0.0,0.0,1490.4,0.0,1490.4,24090.85,1642.19,0,0,0,0.0,0,F1,65,,,,,
2026-08-27,2026-08-27,FO,NSE,IDO,64494,,NIFTY,,2026-11-23,2026-11-23,25900.0,PE,NIFTY26NOV25900PE,0.0,0.0,0.0,1526.4,0.0,1526.4,24090.85,1679.17,0,0,0,0.0,0,F1,65,,,,,
2026-08-27,2026-08-27,FO,NSE,IDO,55325,,NIFTY,,2026-12-29,2026-12-29,19500.0,PE,NIFTY26DEC19500PE,24.95,26.85,23.95,24.85,25.1,25.15,24090.85,24.85,142675,2275,187,237326342.5,128,F1,65,,,,,
2026-08-27,2026-08-27,FO,NSE,IDO,71504,,NIFTY,,2026-12-29,2026-12-29,25000.0,PE,NIFTY26DEC25000PE,674.45,754.95,665.0,743.3,747.65,661.55,24090.85,743.3,2081135,23190,3190,5332189967.0,2409,F1,65,,,,,
2026-08-27,2026-08-27,FO,NSE,IDO,55331,,NIFTY,,2026-12-29,2026-12-29,28500.0,PE,NIFTY26DEC28500PE,0.0,0.0,0.0,3320.25,3320.25,3320.25,24090.85,3846.07,130,0,0,0.0,0,F1,65,,,,,
2026-08-27,2026-08-27,FO,NSE,IDO,80275,,NIFTY,,2027-03-30,2027-03-30,25500.0,PE,NIFTY27MAR25500PE,929.9,1001.2,928.65,986.7,989.55,917.1,24090.85,986.7,205075,5395,297,511086800.25,203,F1,65,,,,,
2026-08-27,2026-08-27,FO,NSE,IDO,80310,,NIFTY,,2027-03-30,2027-03-30,30000.0,PE,NIFTY27MAR30000PE,0.0,0.0,0.0,4575.0,4575.0,4575.0,24090.85,4879.04,3120,0,0,0.0,0,F1,65,,,,,
2026-08-27,2026-08-27,FO,NSE,IDO,80312,,NIFTY,,2027-03-30,2027-03-30,31500.0,PE,NIFTY27MAR31500PE,0.0,0.0,0.0,7066.15,0.0,7066.15,24090.85,6257.99,0,0,0,0.0,0,F1,65,,,,,
2026-08-27,2026-08-27,FO,NSE,IDO,71561,,NIFTY,,2027-06-29,2027-06-29,24000.0,PE,NIFTY27JUN24000PE,520.0,530.0,482.6,511.55,527.85,488.75,24090.85,511.55,20670,585,24,38246754.0,24,F1,65,,,,,
2026-08-27,2026-08-27,FO,NSE,IDO,55381,,NIFTY,,2027-06-29,2027-06-29,31500.0,PE,NIFTY27JUN31500PE,0.0,0.0,0.0,3604.7,0.0,3604.7,24090.85,5858.11,0,0,0,0.0,0,F1,65,,,,,
2026-08-27,2026-08-27,FO,NSE,IDO,53595,,NIFTY,,2027-12-28,2027-12-28,15000.0,PE,NIFTY27DEC15000PE,0.0,0.0,0.0,21.7,21.7,21.7,24090.85,1.31,755,0,0,0.0,0,F1,65,,,,,
2026-08-27,2026-08-27,FO,NSE,IDO,53617,,NIFTY,,2027-12-28,2027-12-28,22000.0,PE,NIFTY27DEC22000PE,320.0,331.0,310.0,329.7,331.0,319.1,24090.85,329.7,47340,910,51,74004667.75,38,F1,65,,,,,
2026-08-27,2026-08-27,FO,NSE,IDO,86146,,NIFTY,,2028-06-27,2028-06-27,21000.0,PE,NIFTY28JUN21000PE,0.0,0.0,0.0,907.2,0.0,907.2,24090.85,274.67,0,0,0,0.0,0,F1,65,,,,,
2026-08-27,2026-08-27,FO,NSE,IDO,67771,,NIFTY,,2028-12-26,2028-12-26,18000.0,PE,NIFTY28DEC18000PE,0.0,0.0,0.0,250.0,250.0,250.0,24090.85,68.73,75,0,0,0.0,0,F1,65,,,,,
2026-08-27,2026-08-27,FO,NSE,IDO,67785,,NIFTY,,2028-12-26,2028-12-26,25000.0,PE,NIFTY28DEC25000PE,1005.0,1010.0,980.0,980.0,980.0,1005.0,24090.85,980.0,6465,390,9,15203825.0,5,F1,65,,,,,
2026-08-27,2026-08-27,FO,NSE,IDO,47199,,NIFTY,,2028-12-26,2028-12-26,33000.0,PE,NIFTY28DEC33000PE,0.0,0.0,0.0,3315.4,0.0,3315.4,24090.85,5221.1,0,0,0,0.0,0,F1,65,,,,,
2026-08-27,2026-08-27,FO,NSE,IDO,89625,,NIFTY,,2029-06-26,2029-06-26,21000.0,PE,NIFTY29JUN21000PE,0.0,0.0,0.0,320.25,0.0,320.25,24090.85,322.28,0,0,0,0.0,0,F1,65,,,,,
2026-08-27,2026-08-27,FO,NSE,IDO,55567,,NIFTY,,2029-06-26,2029-06-26,31500.0,PE,NIFTY29JUN31500PE,0.0,0.0,0.0,2443.35,0.0,2443.35,24090.85,3880.38,0,0,0,0.0,0,F1,65,,,,,
2026-08-27,2026-08-27,FO,NSE,IDO,55641,,NIFTY,,2030-06-25,2030-06-25,16500.0,PE,NIFTY30JUN16500PE,0.0,0.0,0.0,12.0,0.0,12.0,24090.85,48.86,0,0,0,0.0,0,F1,65,,,,,
2026-08-27,2026-08-27,FO,NSE,IDO,55643,,NIFTY,,2030-06-25,2030-06-25,19500.0,PE,NIFTY30JUN19500PE,0.0,0.0,0.0,64.95,0.0,64.95,24090.85,193.81,0,0,0,0.0,0,F1,65,,,,,
2026-08-27,2026-08-27,FO,NSE,IDO,60945,,NIFTY,,2030-06-25,2030-06-25,33000.0,PE,NIFTY30JUN33000PE,0.0,0.0,0.0,3143.9,0.0,3143.9,24090.85,3984.23,0,0,0,0.0,0,F1,65,,,,,
2026-08-27,2026-08-27,FO,NSE,IDO,55326,,NIFTY,,2026-12-29,2026-12-29,22500.0,CE,NIFTY26DEC22500CE,2220.0,2220.0,2220.0,2220.0,2220.0,2388.0,24090.85,2220.0,16510,0,2,3213600.0,1,F1,65,,,,,
2026-08-27,2026-08-27,FO,NSE,IDO,58636,,NIFTY,,2026-12-29,2026-12-29,16000.0,CE,NIFTY26DEC16000CE,0.0,0.0,0.0,8178.15,8178.15,8178.15,24090.85,8443.48,245,0,0,0.0,0,F1,65,,,,,
2026-08-27,2026-08-27,FO,NSE,IDO,42697,,NIFTY,,2026-09-08,2026-09-08,25200.0,CE,NIFTY2690825200CE,8.0,8.0,4.0,5.05,4.6,6.1,24090.85,5.05,266630,137865,16698,27356955626.0,8984,F1,65,,,,,
2026-08-27,2026-08-27,FO,NSE,IDO,42681,,NIFTY,,2026-09-08,2026-09-08,24950.0,CE,NIFTY2690824950CE,15.0,15.1,8.0,9.35,8.1,15.8,24090.85,9.35,692705,536965,27628,44823626939.0,13956,F1,65,,,,,
2026-08-27,2026-08-27,FO,NSE,IDO,42677,,NIFTY,,2026-09-08,2026-09-08,24900.0,CE,NIFTY2690824900CE,16.4,18.65,9.0,10.95,9.55,20.35,24090.85,10.95,579410,70590,38722,62703147936.0,20859,F1,65,,,,,
2026-08-27,2026-08-27,FO,NSE,IDO,42733,,NIFTY,,2026-09-08,2026-09-08,25800.0,CE,NIFTY2690825800CE,1.7,2.55,1.5,1.9,1.5,2.1,24090.85,1.9,87750,11440,3106,5209171071.0,1747,F1,65,,,,,
2026-08-27,2026-08-27,FO,NSE,IDO,47299,,NIFTY,,2026-09-15,2026-09-15,23550.0,CE,NIFTY2691523550CE,0.0,0.0,0.0,1191.15,0.0,1191.15,24090.85,740.9,0,0,0,0.0,0,F1,65,,,,,
2026-08-27,2026-08-27,FO,NSE,IDO,47303,,NIFTY,,2026-09-15,2026-09-15,23650.0,CE,NIFTY2691523650CE,0.0,0.0,0.0,1113.0,0.0,1113.0,24090.85,667.62,0,0,0,0.0,0,F1,65,,,,,
2026-08-27,2026-08-27,FO,NSE,IDO,47307,,NIFTY,,2026-09-15,2026-09-15,23750.0,CE,NIFTY2691523750CE,0.0,0.0,0.0,1037.3,0.0,1037.3,24090.85,598.37,0,0,0,0.0,0,F1,65,,,,,
2026-08-27,2026-08-27,FO,NSE,IDO,47309,,NIFTY,,2026-09-15,2026-09-15,23800.0,CE,NIFTY2691523800CE,557.85,572.3,498.6,520.95,498.6,622.8,24090.85,520.95,3640,1235,35,55364091.25,33,F1,65,,,,,
2026-08-27,2026-08-27,FO,NSE,IDO,47335,,NIFTY,,2026-09-15,2026-09-15,24400.0,CE,NIFTY2691524400CE,194.5,194.5,124.55,133.25,125.65,194.15,24090.85,133.25,233805,58435,5406,8626026542.25,3455,F1,65,,,,,
2026-08-27,2026-08-27,FO,NSE,IDO,47349,,NIFTY,,2026-09-15,2026-09-15,24700.0,CE,NIFTY2691524700CE,79.55,79.55,45.95,50.1,45.95,79.55,24090.85,50.1,204035,93860,5220,8399451927.75,3630,F1,65,,,,,
2026-08-27,2026-08-27,FO,NSE,IDO,42673,,NIFTY,,2026-09-08,2026-09-08,24800.0,CE,NIFTY2690824800CE,35.0,35.0,14.05,16.0,14.5,31.2,24090.85,16.0,1946555,522795,58169,93839713834.75,32914,F1,65,,,,,
2026-08-27,2026-08-27,FO,NSE,IDO,47379,,NIFTY,,2026-09-15,2026-09-15,25300.0,CE,NIFTY2691525300CE,11.45,12.25,6.85,7.8,7.0,10.45,24090.85,7.8,313170,247260,8190,13472834365.25,2830,F1,65,,,,,
2026-08-27,2026-08-27,FO,NSE,IDO,47421,,NIFTY,,2026-09-15,2026-09-15,25900.0,CE,NIFTY2691525900CE,4.1,4.8,2.7,4.35,4.45,4.1,24090.85,4.35,4485,455,32,53880570.25,22,F1,65,,,,,
2026-08-27,2026-08-27,FO,NSE,IDO,47423,,NIFTY,,2026-09-15,2026-09-15,25950.0,CE,NIFTY2691525950CE,3.05,3.05,3.05,3.05,3.05,2.95,24090.85,9.58,975,-65,4,6747793.0,3,F1,65,,,,,
2026-08-27,2026-08-27,FO,NSE,IDO,56877,,NIFTY,,2026-09-22,2026-09-22,22600.0,CE,NIFTY2692222600CE,0.0,0.0,0.0,1727.05,0.0,1727.05,24090.85,1612.99,0,0,0,0.0,0,F1,65,,,,,
2026-08-27,2026-08-27,FO,NSE,IDO,56907,,NIFTY,,2026-09-22,2026-09-22,22750.0,CE,NIFTY2692222750CE,0.0,0.0,0.0,1591.55,0.0,1591.55,24090.85,1474.09,0,0,0,0.0,0,F1,65,,,,,
2026-08-27,2026-08-27,FO,NSE,IDO,57031,,NIFTY,,2026-09-22,2026-09-22,23600.0,CE,NIFTY2692223600CE,905.1,905.1,762.0,762.0,762.0,905.1,24090.85,772.91,130,130,3,4759907.75,3,F1,65,,,,,
2026-08-27,2026-08-27,FO,NSE,IDO,57086,,NIFTY,,2026-09-22,2026-09-22,23850.0,CE,NIFTY2692223850CE,0.0,0.0,0.0,738.45,0.0,738.45,24090.85,606.92,0,0,0,0.0,0,F1,65,,,,,
2026-08-27,2026-08-27,FO,NSE,IDO,57617,,NIFTY,,2026-09-22,2026-09-22,24500.0,CE,NIFTY2692224500CE,184.0,189.55,132.05,139.4,132.5,194.45,24090.85,139.4,76180,4680,1476,2365086304.75,956,F1,65,,,,,
2026-08-27,2026-08-27,FO,NSE,IDO,57716,,NIFTY,,2026-09-22,2026-09-22,24750.0,CE,NIFTY2692224750CE,0.0,0.0,0.0,300.7,0.0,300.7,24090.85,200.45,0,0,0,0.0,0,F1,65,,,,,
2026-08-27,2026-08-27,FO,NSE,IDO,57794,,NIFTY,,2026-09-22,2026-09-22,24950.0,CE,NIFTY2692224950CE,0.0,0.0,0.0,237.2,0.0,237.2,24090.85,148.56,0,0,0,0.0,0,F1,65,,,,,
2026-08-27,2026-08-27,FO,NSE,IDO,57843,,NIFTY,,2026-09-22,2026-09-22,25100.0,CE,NIFTY2692225100CE,30.15,30.4,23.85,25.2,23.9,36.15,24090.85,25.2,28925,-5980,301,491602874.75,165,F1,65,,,,,
2026-08-27,2026-08-27,FO,NSE,IDO,58040,,NIFTY,,2026-09-22,2026-09-22,26100.0,CE,NIFTY2692226100CE,0.0,0.0,0.0,45.8,0.0,45.8,24090.85,17.44,0,0,0,0.0,0,F1,65,,,,,
2026-08-27,2026-08-27,FO,NSE,IDO,73867,,NIFTY,,2026-09-29,2026-09-29,22050.0,CE,NIFTY26SEP22050CE,0.0,0.0,0.0,2284.2,0.0,2284.2,24090.85,2182.48,0,0,0,0.0,0,F1,65,,,,,
2026-08-27,2026-08-27,FO,NSE,IDO,73889,,NIFTY,,2026-09-29,2026-09-29,22650.0,CE,NIFTY26SEP22650CE,1675.4,1675.4,1675.4,1675.4,1675.4,1410.05,24090.85,1617.71,260,-65,1,1581151.0,1,F1,65,,,,,
2026-08-27,2026-08-27,FO,NSE,IDO,73904,,NIFTY,,2026-09-29,2026-09-29,23050.0,CE,NIFTY26SEP23050CE,1231.25,1236.05,1231.25,1234.45,1236.05,1234.0,24090.85,1234.45,325,-195,3,4735467.75,2,F1,65,,,,,
2026-08-27,2026-08-27,FO,NSE,IDO,73923,,NIFTY,,2026-09-29,2026-09-29,23300.0,CE,NIFTY26SEP23300CE,1140.75,1140.75,1015.0,1045.0,1015.0,1185.15,24090.85,1045.0,9620,-65,45,71258222.75,40,F1,65,,,,,
2026-08-27,2026-08-27,FO,NSE,IDO,74003,,NIFTY,,2026-09-29,2026-09-29,23600.0,CE,NIFTY26SEP23600CE,820.0,820.0,741.75,757.9,743.2,889.0,24090.85,757.9,17810,1040,146,231266958.0,121,F1,65,,,,,
2026-08-27,2026-08-27,FO,NSE,IDO,74060,,NIFTY,,2026-09-29,2026-09-29,24050.0,CE,NIFTY26SEP24050CE,506.4,510.05,409.0,426.1,409.05,527.55,24090.85,426.1,25155,3705,909,1447554160.0,858,F1,65,,,,,
2026-08-27,2026-08-27,FO,NSE,IDO,74116,,NIFTY,,2026-09-29,2026-09-29,24450.0,CE,NIFTY26SEP24450CE,252.4,260.5,192.2,200.45,194.8,263.85,24090.85,200.45,124475,1365,2559,4103524347.0,1927,F1,65,,,,,
2026-08-27,2026-08-27,FO,NSE,IDO,74370,,NIFTY,,2026-09-29,2026-09-29,25150.0,CE,NIFTY26SEP25150CE,40.0,45.45,32.05,34.2,32.8,46.45,24090.85,34.2,121030,13975,2033,3328373174.75,1130,F1,65,,,,,
2026-08-27,2026-08-27,FO,NSE,IDO,74471,,NIFTY,,2026-09-29,2026-09-29,26300.0,CE,NIFTY26SEP26300CE,3.25,5.05,3.25,4.6,4.3,4.05,24090.85,4.6,162435,4875,701,1198560421.5,420,F1,65,,,,,
2026-08-27,2026-08-27,FO,NSE,IDO,74499,,NIFTY,,2026-09-29,2026-09-29,26950.0,CE,NIFTY26SEP26950CE,2.85,2.85,2.85,2.85,2.85,2.8,24090.85,6.42,2925,-650,10,17519352.5,2,F1,65,,,,,
2026-08-27,2026-08-27,FO,NSE,IDO,65929,,NIFTY,,2026-09-29,2026-09-29,33000.0,CE,NIFTY26SEP33000CE,1.2,1.35,1.15,1.35,1.35,1.25,24090.85,1.35,39260,1950,88,188767026.5,9,F1,65,,,,,
2026-08-27,2026-08-27,FO,NSE,IDO,51372,,NIFTY,,2026-10-27,2026-10-27,23500.0,CE,NIFTY26OCT23500CE,1090.0,1090.0,1002.75,1008.55,1003.95,1132.0,24090.85,1008.55,50830,4160,133,212161277.25,99,F1,65,,,,,
2026-08-27,2026-08-27,FO,NSE,IDO,51404,,NIFTY,,2026-10-27,2026-10-27,24250.0,CE,NIFTY26OCT24250CE,540.0,540.0,467.75,479.7,472.55,556.1,24090.85,479.7,9100,4225,144,231575204.25,101,F1,65,,,,,
2026-08-27,2026-08-27,FO,NSE,IDO,51454,,NIFTY,,2026-10-27,2026-10-27,25350.0,CE,NIFTY26OCT25350CE,0.0,0.0,0.0,417.4,0.0,417.4,24090.85,272.75,0,0,0,0.0,0,F1,65,,,,,
2026-08-27,2026-08-27,FO,NSE,IDO,51498,,NIFTY,,2026-10-27,2026-10-27,26200.0,CE,NIFTY26OCT26200CE,0.0,0.0,0.0,219.35,0.0,219.35,24090.85,113.42,0,0,0,0.0,0,F1,65,,,,,
2026-08-27,2026-08-27,FO,NSE,IDO,51516,,NIFTY,,2026-10-27,2026-10-27,26650.0,CE,NIFTY26OCT26650CE,0.0,0.0,0.0,150.8,0.0,150.8,24090.85,67.16,0,0,0,0.0,0,F1,65,,,,,
2026-08-27,2026-08-27,FO,NSE,IDO,64294,,NIFTY,,2026-11-23,2026-11-23,22750.0,CE,NIFTY26NOV22750CE,0.0,0.0,0.0,2073.75,0.0,2073.75,24090.85,1877.43,0,0,0,0.0,0,F1,65,,,,,
2026-08-27,2026-08-27,FO,NSE,IDO,64375,,NIFTY,,2026-11-23,2026-11-23,23550.0,CE,NIFTY26NOV23550CE,0.0,0.0,0.0,1461.75,0.0,1461.75,24090.85,1291.28,0,0,0,0.0,0,F1,65,,,,,
2026-08-27,2026-08-27,FO,NSE,IDO,64385,,NIFTY,,2026-11-23,2026-11-23,23750.0,CE,NIFTY26NOV23750CE,0.0,0.0,0.0,1325.6,0.0,1325.6,24090.85,1162.9,0,0,0,0.0,0,F1,65,,,,,
2026-08-27,2026-08-27,FO,NSE,IDO,64393,,NIFTY,,2026-11-23,2026-11-23,23950.0,CE,NIFTY26NOV23950CE,0.0,0.0,0.0,1196.85,0.0,1196.85,24090.85,1042.37,0,0,0,0.0,0,F1,65,,,,,
2026-08-27,2026-08-27,FO,NSE,IDO,64462,,NIFTY,,2026-11-23,2026-11-23,25400.0,CE,NIFTY26NOV25400CE,0.0,0.0,0.0,496.65,0.0,496.65,24090.85,406.55,0,0,0,0.0,0,F1,65,,,,,
2026-08-27,2026-08-27,FO,NSE,IDO,64477,,NIFTY,,2026-11-23,2026-11-23,25600.0,CE,NIFTY26NOV25600CE,0.0,0.0,0.0,431.25,0.0,431.25,24090.85,349.59,0,0,0,0.0,0,F1,65,,,,,
2026-08-27,2026-08-27,FO,NSE,IDO,64479,,NIFTY,,2026-11-23,2026-11-23,25650.0,CE,NIFTY26NOV25650CE,0.0,0.0,0.0,415.95,0.0,415.95,24090.85,336.38,0,0,0,0.0,0,F1,65,,,,,
2026-08-27,2026-08-27,FO,NSE,IDO,55322,,NIFTY,,2026-12-29,2026-12-29,16500.0,CE,NIFTY26DEC16500CE,0.0,0.0,0.0,10405.0,0.0,10405.0,24090.85,7954.51,0,0,0,0.0,0,F1,65,,,,,
2026-08-27,2026-08-27,FO,NSE,IDO,58642,,NIFTY,,2026-12-29,2026-12-29,19000.0,CE,NIFTY26DEC19000CE,5550.0,5550.0,5550.0,5550.0,5550.0,5670.1,24090.85,5511.4,54210,65,1,1595750.0,1,F1,65,,,,,
2026-08-27,2026-08-27,FO,NSE,IDO,80249,,NIFTY,,2027-03-30,2027-03-30,19500.0,CE,NIFTY27MAR19500CE,0.0,0.0,0.0,4365.4,0.0,4365.4,24090.85,5351.84,0,0,0,0.0,0,F1,65,,,,,
2026-08-27,2026-08-27,FO,NSE,IDO,80313,,NIFTY,,2027-03-30,2027-03-30,33000.0,CE,NIFTY27MAR33000CE,0.0,0.0,0.0,15.9,15.9,15.9,24090.85,15.91,3705,0,0,0.0,0,F1,65,,,,,
2026-08-27,2026-08-27,FO,NSE,IDO,53603,,NIFTY,,2027-12-28,2027-12-28,18000.0,CE,NIFTY27DEC18000CE,0.0,0.0,0.0,6285.7,0.0,6285.7,24090.85,7632.06,0,0,0,0.0,0,F1,65,,,,,
2026-08-27,2026-08-27,FO,NSE,IDO,86151,,NIFTY,,2028-06-27,2028-06-27,24000.0,CE,NIFTY28JUN24000CE,0.0,0.0,0.0,3918.85,0.0,3918.85,24090.85,3697.57,0,0,0,0.0,0,F1,65,,,,,
2026-08-27,2026-08-27,FO,NSE,IDO,35352,,NIFTY,,2028-06-27,2028-06-27,30000.0,CE,NIFTY28JUN30000CE,0.0,0.0,0.0,2278.45,0.0,2278.45,24090.85,1182.02,0,0,0,0.0,0,F1,65,,,,,
2026-08-27,2026-08-27,FO,NSE,IDO,55520,,NIFTY,,2028-12-26,2028-12-26,22500.0,CE,NIFTY28DEC22500CE,0.0,0.0,0.0,7382.9,0.0,7382.9,24090.85,5325.29,0,0,0,0.0,0,F1,65,,,,,
2026-08-27,2026-08-27,FO,NSE,IDO,42671,,NIFTY,,2026-09-08,2026-09-08,24750.0,CE,NIFTY2690824750CE,30.45,35.55,17.2,19.6,17.25,38.05,24090.85,19.6,387985,-38545,22099,35583908265.75,14464,F1,65,,,,,
2026-08-27,2026-08-27,FO,NSE,IDO,42635,,NIFTY,,2026-09-08,2026-09-08,23900.0,CE,NIFTY2690823900CE,470.05,484.15,358.0,371.5,362.0,492.05,24090.85,371.5,55510,44070,1788,2824082459.25,1262,F1,65,,,,,
2026-08-27,2026-08-27,FO,NSE,IDO,42631,,NIFTY,,2026-09-08,2026-09-08,23800.0,CE,NIFTY2690823800CE,552.2,572.9,440.15,461.55,446.8,570.0,24090.85,461.55,101205,83785,2258,3564155318.75,1541,F1,65,,,,,
2026-08-27,2026-08-27,FO,NSE,IDO,47108,,NIFTY,,2026-09-01,2026-09-01,26950.0,CE,NIFTY2690126950CE,0.7,0.9,0.45,0.5,0.45,0.6,24090.85,0.5,99775,39325,4249,7443361224.0,1446,F1,65,,,,,
2026-08-27,2026-08-27,FO,NSE,IDO,47063,,NIFTY,,2026-09-01,2026-09-01,25950.0,CE,NIFTY2690125950CE,0.8,1.25,0.6,0.7,0.6,0.7,24090.85,0.7,153530,28015,9146,15427509457.75,2413,F1,65,,,,,
2026-08-27,2026-08-27,FO,NSE,IDO,55526,,NIFTY,,2028-12-26,2028-12-26,31500.0,CE,NIFTY28DEC31500CE,0.0,0.0,0.0,2327.6,0.0,2327.6,24090.85,1314.2,0,0,0,0.0,0,F1,65,,,,,
2026-08-27,2026-08-27,FO,NSE,IDO,55566,,NIFTY,,2029-06-26,2029-06-26,31500.0,CE,NIFTY29JUN31500CE,0.0,0.0,0.0,2878.65,0.0,2878.65,24090.85,1813.34,0,0,0,0.0,0,F1,65,,,,,
2026-08-27,2026-08-27,FO,NSE,IDO,61748,,NIFTY,,2029-12-24,2029-12-24,24000.0,CE,NIFTY29DEC24000CE,0.0,0.0,0.0,7729.0,7729.0,7729.0,24090.85,5629.05,65,0,0,0.0,0,F1,65,,,,,
2026-08-27,2026-08-27,FO,NSE,IDO,62006,,NIFTY,,2029-12-24,2029-12-24,33000.0,CE,NIFTY29DEC33000CE,0.0,0.0,0.0,3816.05,0.0,3816.05,24090.85,1910.76,0,0,0,0.0,0,F1,65,,,,,
2026-08-27,2026-08-27,FO,NSE,IDO,55698,,NIFTY,,2030-12-31,2030-12-31,18000.0,CE,NIFTY30DEC18000CE,0.0,0.0,0.0,12674.15,0.0,12674.15,24090.85,10666.59,0,0,0,0.0,0,F1,65,,,,,
2026-08-27,2026-08-27,FO,NSE,IDO,46934,,NIFTY,,2026-09-01,2026-09-01,22700.0,PE,NIFTY2690122700PE,1.35,1.8,0.95,1.25,1.4,1.45,24090.85,1.25,609960,201305,30622,45185324847.0,10085,F1,65,,,,,
2026-08-27,2026-08-27,FO,NSE,IDO,46964,,NIFTY,,2026-09-01,2026-09-01,23450.0,PE,NIFTY2690123450PE,2.7,4.1,2.15,2.8,2.9,2.75,24090.85,2.8,1237990,555100,130624,199128257292.25,29456,F1,65,,,,,
2026-08-27,2026-08-27,FO,NSE,IDO,46966,,NIFTY,,2026-09-01,2026-09-01,23500.0,PE,NIFTY2690123500PE,2.7,4.7,2.4,3.3,3.3,3.05,24090.85,3.3,6960980,1582035,467606,714368110127.75,83579,F1,65,,,,,
2026-08-27,2026-08-27,FO,NSE,IDO,46970,,NIFTY,,2026-09-01,2026-09-01,23600.0,PE,NIFTY2690123600PE,2.8,6.25,2.65,4.45,4.9,3.5,24090.85,4.45,3338400,455975,368967,566095930952.5,76026,F1,65,,,,,
2026-08-27,2026-08-27,FO,NSE,IDO,47014,,NIFTY,,2026-09-01,2026-09-01,24700.0,PE,NIFTY2690124700PE,376.45,540.0,366.65,513.4,530.05,376.45,24090.85,513.4,268450,-31785,10444,17079574356.0,7041,F1,65,,,,,
2026-08-27,2026-08-27,FO,NSE,IDO,47040,,NIFTY,,2026-09-01,2026-09-01,25350.0,PE,NIFTY2690125350PE,1072.9,1144.0,1066.9,1084.5,1084.5,997.0,24090.85,1238.71,2925,455,43,73954338.25,43,F1,65,,,,,
2026-08-27,2026-08-27,FO,NSE,IDO,47052,,NIFTY,,2026-09-01,2026-09-01,25650.0,PE,NIFTY2690125650PE,0.0,0.0,0.0,1315.0,1315.0,1315.0,24090.85,1537.93,1040,0,0,0.0,0,F1,65,,,,,
2026-08-27,2026-08-27,FO,NSE,IDO,47088,,NIFTY,,2026-09-01,2026-09-01,26550.0,PE,NIFTY2690126550PE,0.0,0.0,0.0,2219.65,0.0,2219.65,24090.85,2437.12,0,0,0,0.0,0,F1,65,,,,,
2026-08-27,2026-08-27,FO,NSE,IDO,47115,,NIFTY,,2026-09-01,2026-09-01,27100.0,PE,NIFTY2690127100PE,0.0,0.0,0.0,2741.55,0.0,2741.55,24090.85,2986.66,0,0,0,0.0,0,F1,65,,,,,
2026-08-27,2026-08-27,FO,NSE,IDO,42594,,NIFTY,,2026-09-08,2026-09-08,23050.0,PE,NIFTY2690823050PE,4.6,6.65,4.55,6.05,5.65,5.1,24090.85,6.05,41925,4550,432,647399002.25,284,F1,65,,,,,
2026-08-27,2026-08-27,FO,NSE,IDO,42611,,NIFTY,,2026-09-08,2026-09-08,23450.0,PE,NIFTY2690823450PE,8.9,16.1,8.35,13.65,14.6,8.9,24090.85,13.65,111410,28015,7165,10926462127.75,4340,F1,65,,,,,
2026-08-27,2026-08-27,FO,NSE,IDO,42621,,NIFTY,,2026-09-08,2026-09-08,23550.0,PE,NIFTY2690823550PE,12.2,19.7,10.25,18.0,18.65,11.3,24090.85,18.0,85215,24245,5585,8554733833.75,4106,F1,65,,,,,
2026-08-27,2026-08-27,FO,NSE,IDO,42642,,NIFTY,,2026-09-08,2026-09-08,24050.0,PE,NIFTY2690824050PE,49.75,103.7,49.75,93.0,100.25,52.85,24090.85,93.0,165100,16055,12412,19468253606.75,9345,F1,65,,,,,
2026-08-27,2026-08-27,FO,NSE,IDO,42660,,NIFTY,,2026-09-08,2026-09-08,24450.0,PE,NIFTY2690824450PE,206.5,320.5,201.6,297.45,315.55,197.6,24090.85,297.45,129935,-263835,11481,18445128682.5,8447,F1,65,,,,,
2026-08-27,2026-08-27,FO,NSE,IDO,42688,,NIFTY,,2026-09-08,2026-09-08,25050.0,PE,NIFTY2690825050PE,0.0,0.0,0.0,670.9,0.0,670.9,24090.85,945.01,0,0,0,0.0,0,F1,65,,,,,
2026-08-27,2026-08-27,FO,NSE,IDO,42712,,NIFTY,,2026-09-08,2026-09-08,25500.0,PE,NIFTY2690825500PE,1241.0,1289.3,1241.0,1280.65,1289.3,1124.05,24090.85,1280.65,3640,2210,59,102631431.5,55,F1,65,,,,,
2026-08-27,2026-08-27,FO,NSE,IDO,42754,,NIFTY,,2026-09-08,2026-09-08,26100.0,PE,NIFTY2690826100PE,0.0,0.0,0.0,1439.9,0.0,1439.9,24090.85,1958.09,0,0,0,0.0,0,F1,65,,,,,
2026-08-27,2026-08-27,FO,NSE,IDO,47256,,NIFTY,,2026-09-15,2026-09-15,22450.0,PE,NIFTY2691522450PE,0.0,0.0,0.0,17.6,0.0,17.6,24090.85,7.45,0,0,0,0.0,0,F1,65,,,,,
2026-08-27,2026-08-27,FO,NSE,IDO,47306,,NIFTY,,2026-09-15,2026-09-15,23700.0,PE,NIFTY2691523700PE,31.15,51.95,29.45,48.65,51.2,29.75,24090.85,48.65,98995,13260,2309,3563433409.25,1823,F1,65,,,,,
2026-08-27,2026-08-27,FO,NSE,IDO,47320,,NIFTY,,2026-09-15,2026-09-15,24000.0,PE,NIFTY2691524000PE,68.1,115.95,68.1,108.85,113.8,69.0,24090.85,108.85,322270,53560,5208,8156458352.25,3679,F1,65,,,,,
2026-08-27,2026-08-27,FO,NSE,IDO,64305,,NIFTY,,2026-11-23,2026-11-23,22800.0,PE,NIFTY26NOV22800PE,0.0,0.0,0.0,159.45,0.0,159.45,24090.85,189.12,0,0,0,0.0,0,F1,65,,,,,
2026-08-27,2026-08-27,FO,NSE,IDO,64348,,NIFTY,,2026-11-23,2026-11-23,23100.0,PE,NIFTY26NOV23100PE,0.0,0.0,0.0,216.2,0.0,216.2,24090.85,254.4,0,0,0,0.0,0,F1,65,,,,,
2026-08-27,2026-08-27,FO,NSE,IDO,64374,,NIFTY,,2026-11-23,2026-11-23,23500.0,PE,NIFTY26NOV23500PE,190.0,190.0,173.3,173.3,173.3,313.3,24090.85,173.3,1365,1365,21,32315140.0,3,F1,65,,,,,
2026-08-27,2026-08-27,FO,NSE,IDO,64384,,NIFTY,,2026-11-23,2026-11-23,23700.0,PE,NIFTY26NOV23700PE,0.0,0.0,0.0,372.35,0.0,372.35,24090.85,431.53,0,0,0,0.0,0,F1,65,,,,,
2026-08-27,2026-08-27,FO,NSE,IDO,64392,,NIFTY,,2026-11-23,2026-11-23,23900.0,PE,NIFTY26NOV23900PE,0.0,0.0,0.0,438.75,0.0,438.75,24090.85,505.88,0,0,0,0.0,0,F1,65,,,,,
2026-08-27,2026-08-27,FO,NSE,IDO,64426,,NIFTY,,2026-11-23,2026-11-23,24700.0,PE,NIFTY26NOV24700PE,0.0,0.0,0.0,781.9,0.0,781.9,24090.85,883.62,0,0,0,0.0,0,F1,65,,,,,
2026-08-27,2026-08-27,FO,NSE,IDO,64432,,NIFTY,,2026-11-23,2026-11-23,24800.0,PE,NIFTY26NOV24800PE,629.7,629.7,569.75,569.75,569.75,833.7,24090.85,939.88,260,260,8,13210086.5,8,F1,65,,,,,
2026-08-27,2026-08-27,FO,NSE,IDO,64476,,NIFTY,,2026-11-23,2026-11-23,25550.0,PE,NIFTY26NOV25550PE,0.0,0.0,0.0,1282.8,0.0,1282.8,24090.85,1421.45,0,0,0,0.0,0,F1,65,,,,,
2026-08-27,2026-08-27,FO,NSE,IDO,71554,,NIFTY,,2027-06-29,2027-06-29,21000.0,PE,NIFTY27JUN21000PE,144.25,144.45,129.9,138.15,138.15,149.05,24090.85,149.19,7960,845,13,17865588.0,13,F1,65,,,,,
2026-08-27,2026-08-27,FO,NSE,IDO,55377,,NIFTY,,2027-06-29,2027-06-29,25500.0,PE,NIFTY27JUN25500PE,0.0,0.0,0.0,667.15,0.0,667.15,24090.85,1448.01,0,0,0,0.0,0,F1,65,,,,,
2026-08-27,2026-08-27,FO,NSE,IDO,53602,,NIFTY,,2027-12-28,2027-12-28,17000.0,PE,NIFTY27DEC17000PE,0.0,0.0,0.0,54.0,54.0,54.0,24090.85,12.2,17750,0,0,0.0,0,F1,65,,,,,
2026-08-27,2026-08-27,FO,NSE,IDO,53615,,NIFTY,,2027-12-28,2027-12-28,21000.0,PE,NIFTY27DEC21000PE,245.25,248.0,235.0,238.35,238.0,234.5,24090.85,238.35,35360,130,31,42800771.0,21,F1,65,,,,,
2026-08-27,2026-08-27,FO,NSE,IDO,86152,,NIFTY,,2028-06-27,2028-06-27,24000.0,PE,NIFTY28JUN24000PE,0.0,0.0,0.0,1692.75,0.0,1692.75,24090.85,883.95,0,0,0,0.0,0,F1,65,,,,,
2026-08-27,2026-08-27,FO,NSE,IDO,55523,,NIFTY,,2028-12-26,2028-12-26,25500.0,PE,NIFTY28DEC25500PE,0.0,0.0,0.0,648.2,0.0,648.2,24090.85,1326.3,0,0,0,0.0,0,F1,65,,,,,
2026-08-27,2026-08-27,FO,NSE,IDO,55565,,NIFTY,,2029-06-26,2029-06-26,28500.0,PE,NIFTY29JUN28500PE,0.0,0.0,0.0,1349.1,0.0,1349.1,24090.85,2382.77,0,0,0,0.0,0,F1,65,,,,,
2026-08-27,2026-08-27,FO,NSE,IDO,89649,,NIFTY,,2029-06-26,2029-06-26,33000.0,PE,NIFTY29JUN33000PE,0.0,0.0,0.0,3022.85,0.0,3022.85,24090.85,4751.96,0,0,0,0.0,0,F1,65,,,,,
2026-08-27,2026-08-27,FO,NSE,IDO,55603,,NIFTY,,2029-12-24,2029-12-24,22500.0,PE,NIFTY29DEC22500PE,0.0,0.0,0.0,225.7,0.0,225.7,24090.85,541.71,0,0,0,0.0,0,F1,65,,,,,
2026-08-27,2026-08-27,FO,NSE,IDO,61795,,NIFTY,,2029-12-24,2029-12-24,27000.0,PE,NIFTY29DEC27000PE,0.0,0.0,0.0,1177.9,0.0,1177.9,24090.85,1660.99,0,0,0,0.0,0,F1,65,,,,,
2026-08-27,2026-08-27,FO,NSE,IDO,55607,,NIFTY,,2029-12-24,2029-12-24,28500.0,PE,NIFTY29DEC28500PE,0.0,0.0,0.0,1255.9,0.0,1255.9,24090.85,2209.69,0,0,0,0.0,0,F1,65,,,,,
2026-08-27,2026-08-27,FO,NSE,IDO,74654,,NIFTY,,2031-06-24,2031-06-24,27000.0,PE,NIFTY31JUN27000PE,0.0,0.0,0.0,1653.15,0.0,1653.15,24090.85,1363.04,0,0,0,0.0,0,F1,65,,,,,
2026-08-27,2026-08-27,FO,NSE,IDO,46909,,NIFTY,,2026-09-01,2026-09-01,22100.0,CE,NIFTY2690122100CE,0.0,0.0,0.0,2024.5,2024.5,2024.5,24090.85,2009.19,65,0,0,0.0,0,F1,65,,,,,
2026-08-27,2026-08-27,FO,NSE,IDO,46911,,NIFTY,,2026-09-01,2026-09-01,22150.0,CE,NIFTY2690122150CE,0.0,0.0,0.0,2218.8,0.0,2218.8,24090.85,1959.23,0,0,0,0.0,0,F1,65,,,,,
2026-08-27,2026-08-27,FO,NSE,IDO,46989,,NIFTY,,2026-09-01,2026-09-01,24100.0,CE,NIFTY2690124100CE,255.4,264.85,138.75,155.25,145.25,274.35,24090.85,155.25,3021525,1785355,796473,1257011070594.5,447520,F1,65,,,,,
2026-08-27,2026-08-27,FO,NSE,IDO,47110,,NIFTY,,2026-09-01,2026-09-01,27000.0,CE,NIFTY2690127000CE,0.55,0.95,0.4,0.45,0.4,0.55,24090.85,0.45,313040,6175,19156,33619507116.0,5748,F1,65,,,,,
2026-08-27,2026-08-27,FO,NSE,IDO,42569,,NIFTY,,2026-09-08,2026-09-08,22450.0,CE,NIFTY2690822450CE,0.0,0.0,0.0,2309.55,0.0,2309.55,24090.85,1687.05,0,0,0,0.0,0,F1,65,,,,,
2026-08-27,2026-08-27,FO,NSE,IDO,42571,,NIFTY,,2026-09-08,2026-09-08,22500.0,CE,NIFTY2690822500CE,0.0,0.0,0.0,2261.5,0.0,2261.5,24090.85,1637.54,0,0,0,0.0,0,F1,65,,,,,
2026-08-27,2026-08-27,FO,NSE,IDO,42637,,NIFTY,,2026-09-08,2026-09-08,23950.0,CE,NIFTY2690823950CE,391.7,401.55,321.35,333.9,325.1,455.85,24090.85,333.9,15340,8320,599,946342345.0,490,F1,65,,,,,
2026-08-27,2026-08-27,FO,NSE,IDO,42647,,NIFTY,,2026-09-08,2026-09-08,24200.0,CE,NIFTY2690824200CE,243.0,253.3,159.9,172.25,163.0,259.55,24090.85,172.25,1655225,1055860,76046,120566719494.0,53682,F1,65,,,,,
2026-08-27,2026-08-27,FO,NSE,IDO,42661,,NIFTY,,2026-09-08,2026-09-08,24500.0,CE,NIFTY2690824500CE,96.55,96.55,52.0,57.45,52.15,100.45,24090.85,57.45,2304185,693550,95122,151899914000.25,52683,F1,65,,,,,
2026-08-27,2026-08-27,FO,NSE,IDO,42675,,NIFTY,,2026-09-08,2026-09-08,24850.0,CE,NIFTY2690824850CE,25.3,25.3,11.6,13.15,12.05,24.35,24090.85,13.15,242190,-140400,16455,26595901933.25,10471,F1,65,,,,,
2026-08-27,2026-08-27,FO,NSE,IDO,42699,,NIFTY,,2026-09-08,2026-09-08,25250.0,CE,NIFTY2690825250CE,0.0,0.0,0.0,307.5,0.0,307.5,24090.85,19.78,0,0,0,0.0,0,F1,65,,,,,
2026-08-27,2026-08-27,FO,NSE,IDO,42705,,NIFTY,,2026-09-08,2026-09-08,25350.0,CE,NIFTY2690825350CE,2.7,4.5,1.65,2.8,2.8,274.75,24090.85,2.8,17030,17030,491,809135726.75,91,F1,65,,,,,
2026-08-27,2026-08-27,FO,NSE,IDO,42745,,NIFTY,,2026-09-08,2026-09-08,26000.0,CE,NIFTY2690826000CE,1.55,1.85,1.25,1.4,1.3,1.55,24090.85,1.4,438035,74295,7448,12587822419.25,2721,F1,65,,,,,
2026-08-27,2026-08-27,FO,NSE,IDO,42763,,NIFTY,,2026-09-08,2026-09-08,26250.0,CE,NIFTY2690826250CE,1.5,1.6,1.3,1.45,1.45,1.45,24090.85,1.45,4095,2405,47,80198348.75,13,F1,65,,,,,
2026-08-27,2026-08-27,FO,NSE,IDO,47291,,NIFTY,,2026-09-15,2026-09-15,23350.0,CE,NIFTY2691523350CE,0.0,0.0,0.0,1354.25,0.0,1354.25,24090.85,897.73,0,0,0,0.0,0,F1,65,,,,,
2026-08-27,2026-08-27,FO,NSE,IDO,47317,,NIFTY,,2026-09-15,2026-09-15,23950.0,CE,NIFTY2691523950CE,468.05,468.05,398.75,424.95,424.95,520.0,24090.85,472.31,845,780,26,41193928.75,25,F1,65,,,,,
2026-08-27,2026-08-27,FO,NSE,IDO,47367,,NIFTY,,2026-09-15,2026-09-15,25100.0,CE,NIFTY2691525100CE,0.0,0.0,0.0,301.2,0.0,301.2,24090.85,72.26,0,0,0,0.0,0,F1,65,,,,,
2026-08-27,2026-08-27,FO,NSE,IDO,47424,,NIFTY,,2026-09-15,2026-09-15,25950.0,PE,NIFTY2691525950PE,0.0,0.0,0.0,1430.0,0.0,1430.0,24090.85,1786.99,0,0,0,0.0,0,F1,65,,,,,
2026-08-27,2026-08-27,FO,NSE,IDO,57064,,NIFTY,,2026-09-22,2026-09-22,23700.0,PE,NIFTY2692223700PE,0.0,0.0,0.0,244.2,0.0,244.2,24090.85,210.95,0,0,0,0.0,0,F1,65,,,,,
2026-08-27,2026-08-27,FO,NSE,IDO,57502,,NIFTY,,2026-09-22,2026-09-22,24350.0,PE,NIFTY2692224350PE,214.2,270.1,214.15,265.5,269.4,201.95,24090.85,265.5,2145,585,67,107102651.5,45,F1,65,,,,,
2026-08-27,2026-08-27,FO,NSE,IDO,57618,,NIFTY,,2026-09-22,2026-09-22,24500.0,PE,NIFTY2692224500PE,275.0,379.0,275.0,363.4,377.6,274.6,24090.85,363.4,24440,3835,422,681231645.25,342,F1,65,,,,,
2026-08-27,2026-08-27,FO,NSE,IDO,51408,,NIFTY,,2026-10-27,2026-10-27,24350.0,CE,NIFTY26OCT24350CE,482.85,482.85,411.95,419.8,416.35,502.0,24090.85,419.8,5070,2275,120,193311836.25,93,F1,65,,,,,
2026-08-27,2026-08-27,FO,NSE,IDO,74666,,NIFTY,,2031-06-24,2031-06-24,33000.0,PE,NIFTY31JUN33000PE,0.0,0.0,0.0,3810.15,0.0,3810.15,24090.85,3375.38,0,0,0,0.0,0,F1,65,,,,,
2026-08-27,2026-08-27,FO,NSE,IDO,74648,,NIFTY,,2031-06-24,2031-06-24,22500.0,PE,NIFTY31JUN22500PE,0.0,0.0,0.0,663.6,0.0,663.6,24090.85,499.52,0,0,0,0.0,0,F1,65,,,,,
2026-08-27,2026-08-27,FO,NSE,IDO,55765,,NIFTY,,2030-12-31,2030-12-31,31500.0,PE,NIFTY30DEC31500PE,0.0,0.0,0.0,1885.5,0.0,1885.5,24090.85,3003.92,0,0,0,0.0,0,F1,65,,,,,
2026-08-27,2026-08-27,FO,NSE,IDO,55761,,NIFTY,,2030-12-31,2030-12-31,28500.0,PE,NIFTY30DEC28500PE,0.0,0.0,0.0,1083.1,0.0,1083.1,24090.85,1900.72,0,0,0,0.0,0,F1,65,,,,,
2026-08-27,2026-08-27,FO,NSE,IDO,55705,,NIFTY,,2030-12-31,2030-12-31,22500.0,PE,NIFTY30DEC22500PE,0.0,0.0,0.0,219.35,0.0,219.35,24090.85,516.14,0,0,0,0.0,0,F1,65,,,,,
2026-08-27,2026-08-27,FO,NSE,IDO,55519,,NIFTY,,2028-12-26,2028-12-26,19500.0,PE,NIFTY28DEC19500PE,0.0,0.0,0.0,49.0,0.0,49.0,24090.85,154.68,0,0,0,0.0,0,F1,65,,,,,
2026-08-27,2026-08-27,FO,NSE,IDO,55481,,NIFTY,,2028-06-27,2028-06-27,31500.0,PE,NIFTY28JUN31500PE,0.0,0.0,0.0,2935.6,0.0,2935.6,24090.85,4685.36,0,0,0,0.0,0,F1,65,,,,,
2026-08-27,2026-08-27,FO,NSE,IDO,55475,,NIFTY,,2028-06-27,2028-06-27,22500.0,PE,NIFTY28JUN22500PE,0.0,0.0,0.0,206.95,0.0,206.95,24090.85,518.93,0,0,0,0.0,0,F1,65,,,,,
2026-08-27,2026-08-27,FO,NSE,IDO,55427,,NIFTY,,2027-12-28,2027-12-28,25500.0,PE,NIFTY27DEC25500PE,0.0,0.0,0.0,676.05,0.0,676.05,24090.85,1428.22,0,0,0,0.0,0,F1,65,,,,,
2026-08-27,2026-08-27,FO,NSE,IDO,55371,,NIFTY,,2027-06-29,2027-06-29,16500.0,PE,NIFTY27JUN16500PE,0.0,0.0,0.0,21.55,21.55,21.55,24090.85,1.44,780,0,0,0.0,0,F1,65,,,,,
2026-08-27,2026-08-27,FO,NSE,IDO,80306,,NIFTY,,2027-03-30,2027-03-30,28500.0,PE,NIFTY27MAR28500PE,0.0,0.0,0.0,2937.15,2937.15,2937.15,24090.85,3575.32,65,0,0,0.0,0,F1,65,,,,,
2026-08-27,2026-08-27,FO,NSE,IDO,80269,,NIFTY,,2027-03-30,2027-03-30,21000.0,PE,NIFTY27MAR21000PE,69.85,74.75,69.55,72.9,71.8,69.85,24090.85,72.9,448175,3705,287,393102381.75,195,F1,65,,,,,
2026-08-27,2026-08-27,FO,NSE,IDO,55329,,NIFTY,,2026-12-29,2026-12-29,25500.0,PE,NIFTY26DEC25500PE,959.95,1045.0,940.0,1032.85,1036.85,929.2,24090.85,1032.85,440505,42640,916,1576699601.75,593,F1,65,,,,,
2026-08-27,2026-08-27,FO,NSE,IDO,64500,,NIFTY,,2026-11-23,2026-11-23,26050.0,PE,NIFTY26NOV26050PE,0.0,0.0,0.0,1637.9,0.0,1637.9,24090.85,1795.03,0,0,0,0.0,0,F1,65,,,,,
2026-08-27,2026-08-27,FO,NSE,IDO,64490,,NIFTY,,2026-11-23,2026-11-23,25800.0,PE,NIFTY26NOV25800PE,0.0,0.0,0.0,1454.8,0.0,1454.8,24090.85,1604.56,0,0,0,0.0,0,F1,65,,,,,
2026-08-27,2026-08-27,FO,NSE,IDO,64428,,NIFTY,,2026-11-23,2026-11-23,24750.0,PE,NIFTY26NOV24750PE,0.0,0.0,0.0,807.55,0.0,807.55,24090.85,911.51,0,0,0,0.0,0,F1,65,,,,,
2026-08-27,2026-08-27,FO,NSE,IDO,64410,,NIFTY,,2026-11-23,2026-11-23,24300.0,PE,NIFTY26NOV24300PE,392.2,392.2,378.75,378.75,378.75,594.6,24090.85,678.63,715,715,11,17647844.5,7,F1,65,,,,,
2026-08-27,2026-08-27,FO,NSE,IDO,64386,,NIFTY,,2026-11-23,2026-11-23,23750.0,PE,NIFTY26NOV23750PE,0.0,0.0,0.0,388.25,0.0,388.25,24090.85,449.38,0,0,0,0.0,0,F1,65,,,,,
2026-08-27,2026-08-27,FO,NSE,IDO,47312,,NIFTY,,2026-09-15,2026-09-15,23850.0,PE,NIFTY2691523850PE,0.0,0.0,0.0,204.05,0.0,204.05,24090.85,217.25,0,0,0,0.0,0,F1,65,,,,,
2026-08-27,2026-08-27,FO,NSE,IDO,64326,,NIFTY,,2026-11-23,2026-11-23,22900.0,PE,NIFTY26NOV22900PE,0.0,0.0,0.0,176.95,0.0,176.95,24090.85,209.29,0,0,0,0.0,0,F1,65,,,,,
2026-08-27,2026-08-27,FO,NSE,IDO,64324,,NIFTY,,2026-11-23,2026-11-23,22850.0,PE,NIFTY26NOV22850PE,0.0,0.0,0.0,168.05,0.0,168.05,24090.85,199.01,0,0,0,0.0,0,F1,65,,,,,
2026-08-27,2026-08-27,FO,NSE,IDO,51493,,NIFTY,,2026-10-27,2026-10-27,26050.0,PE,NIFTY26OCT26050PE,0.0,0.0,0.0,1920.65,0.0,1920.65,24090.85,1808.96,0,0,0,0.0,0,F1,65,,,,,
2026-08-27,2026-08-27,FO,NSE,IDO,51483,,NIFTY,,2026-10-27,2026-10-27,25800.0,PE,NIFTY26OCT25800PE,1375.5,1375.5,1375.5,1375.5,1375.5,1156.35,24090.85,1602.45,325,-65,3,5299222.5,2,F1,65,,,,,
2026-08-27,2026-08-27,FO,NSE,IDO,51417,,NIFTY,,2026-10-27,2026-10-27,24450.0,PE,NIFTY26OCT24450PE,371.0,410.95,361.0,400.35,406.05,312.0,24090.85,400.35,11505,1105,97,156581363.25,85,F1,65,,,,,
2026-08-27,2026-08-27,FO,NSE,IDO,51381,,NIFTY,,2026-10-27,2026-10-27,23700.0,PE,NIFTY26OCT23700PE,115.65,152.25,107.0,148.85,151.25,115.65,24090.85,148.85,180375,16380,1367,2118022796.5,940,F1,65,,,,,
2026-08-27,2026-08-27,FO,NSE,IDO,51361,,NIFTY,,2026-10-27,2026-10-27,23200.0,PE,NIFTY26OCT23200PE,0.0,0.0,0.0,342.0,0.0,342.0,24090.85,210.03,0,0,0,0.0,0,F1,65,,,,,
2026-08-27,2026-08-27,FO,NSE,IDO,65924,,NIFTY,,2026-09-29,2026-09-29,30000.0,PE,NIFTY26SEP30000PE,5530.0,5610.0,5530.0,5608.9,5608.9,5460.0,24090.85,5731.75,147810,520,38,87840671.75,25,F1,65,,,,,
2026-08-27,2026-08-27,FO,NSE,IDO,74504,,NIFTY,,2026-09-29,2026-09-29,27100.0,PE,NIFTY26SEP27100PE,0.0,0.0,0.0,2914.15,0.0,2914.15,24090.85,2853.53,0,0,0,0.0,0,F1,65,,,,,
2026-08-27,2026-08-27,FO,NSE,IDO,74494,,NIFTY,,2026-09-29,2026-09-29,26800.0,PE,NIFTY26SEP26800PE,0.0,0.0,0.0,2222.1,2222.1,2222.1,24090.85,2559.47,1365,0,0,0.0,0,F1,65,,,,,
2026-08-27,2026-08-27,FO,NSE,IDO,74488,,NIFTY,,2026-09-29,2026-09-29,26650.0,PE,NIFTY26SEP26650PE,0.0,0.0,0.0,2517.6,0.0,2517.6,24090.85,2413.52,0,0,0,0.0,0,F1,65,,,,,
2026-08-27,2026-08-27,FO,NSE,IDO,74421,,NIFTY,,2026-09-29,2026-09-29,25800.0,PE,NIFTY26SEP25800PE,1440.0,1440.0,1440.0,1440.0,1440.0,1324.85,24090.85,1613.64,21255,65,1,1770600.0,1,F1,65,,,,,
2026-08-27,2026-08-27,FO,NSE,IDO,74354,,NIFTY,,2026-09-29,2026-09-29,24700.0,PE,NIFTY26SEP24700PE,426.25,531.9,412.15,517.85,525.25,409.65,24090.85,517.85,379340,-5720,1187,1942373598.75,861,F1,65,,,,,
2026-08-27,2026-08-27,FO,NSE,IDO,73902,,NIFTY,,2026-09-29,2026-09-29,22950.0,PE,NIFTY26SEP22950PE,20.2,25.45,19.75,24.7,24.8,20.05,24090.85,24.7,31200,-3120,303,452447336.25,184,F1,65,,,,,
2026-08-27,2026-08-27,FO,NSE,IDO,73896,,NIFTY,,2026-09-29,2026-09-29,22800.0,PE,NIFTY26SEP22800PE,16.0,20.95,15.25,19.55,20.2,16.2,24090.85,19.55,604240,1040,3784,5612354023.25,1954,F1,65,,,,,
2026-08-27,2026-08-27,FO,NSE,IDO,73872,,NIFTY,,2026-09-29,2026-09-29,22150.0,PE,NIFTY26SEP22150PE,14.0,14.0,10.95,11.45,11.35,10.5,24090.85,11.45,25090,-130,75,108036682.0,34,F1,65,,,,,
2026-08-27,2026-08-27,FO,NSE,IDO,73855,,NIFTY,,2026-09-29,2026-09-29,21850.0,PE,NIFTY26SEP21850PE,9.7,9.9,8.7,9.2,8.7,9.7,24090.85,9.2,2860,-650,11,15629354.0,4,F1,65,,,,,
2026-08-27,2026-08-27,FO,NSE,IDO,46963,,NIFTY,,2026-09-01,2026-09-01,23450.0,CE,NIFTY2690123450CE,807.1,807.1,738.45,804.8,804.8,909.0,24090.85,674.67,1950,0,12,18898503.0,11,F1,65,,,,,
2026-08-27,2026-08-27,FO,NSE,IDO,46991,,NIFTY,,2026-09-01,2026-09-01,24150.0,CE,NIFTY2690124150CE,213.4,225.3,110.2,126.85,115.3,235.9,24090.85,126.85,3915405,3165110,1207168,1906494321072.25,681949,F1,65,,,,,
2026-08-27,2026-08-27,FO,NSE,IDO,47039,,NIFTY,,2026-09-01,2026-09-01,25350.0,CE,NIFTY2690125350CE,1.4,2.4,1.05,1.4,1.35,1.4,24090.85,1.4,868205,167830,73324,120827164295.5,18184,F1,65,,,,,
2026-08-27,2026-08-27,FO,NSE,IDO,47043,,NIFTY,,2026-09-01,2026-09-01,25450.0,CE,NIFTY2690125450CE,1.05,2.2,0.95,1.15,1.15,1.15,24090.85,1.15,649415,216385,36489,60365361735.25,10941,F1,65,,,,,
2026-08-27,2026-08-27,FO,NSE,IDO,47053,,NIFTY,,2026-09-01,2026-09-01,25700.0,CE,NIFTY2690125700CE,0.7,1.6,0.65,0.85,0.8,0.75,24090.85,0.85,2524600,487370,137423,229573845666.75,31723,F1,65,,,,,
2026-08-27,2026-08-27,FO,NSE,IDO,47079,,NIFTY,,2026-09-01,2026-09-01,26350.0,CE,NIFTY2690126350CE,0.75,1.05,0.55,0.7,0.6,0.65,24090.85,0.7,18785,10075,894,1531244000.0,502,F1,65,,,,,
2026-08-27,2026-08-27,FO,NSE,IDO,47106,,NIFTY,,2026-09-01,2026-09-01,26900.0,CE,NIFTY2690126900CE,0.85,0.95,0.45,0.5,0.45,0.6,24090.85,0.5,94640,66885,4261,7450518816.0,1196,F1,65,,,,,
2026-08-27,2026-08-27,FO,NSE,IDO,47112,,NIFTY,,2026-09-01,2026-09-01,27050.0,CE,NIFTY2690127050CE,0.6,1.35,0.4,0.45,0.4,0.55,24090.85,0.45,45630,25025,1519,2670836853.75,541,F1,65,,,,,
2026-08-27,2026-08-27,FO,NSE,IDO,42567,,NIFTY,,2026-09-08,2026-09-08,22400.0,CE,NIFTY2690822400CE,0.0,0.0,0.0,2357.75,0.0,2357.75,24090.85,1736.63,0,0,0,0.0,0,F1,65,,,,,
2026-08-27,2026-08-27,FO,NSE,IDO,42581,,NIFTY,,2026-09-08,2026-09-08,22750.0,CE,NIFTY2690822750CE,0.0,0.0,0.0,2023.95,0.0,2023.95,24090.85,1391.73,0,0,0,0.0,0,F1,65,,,,,
2026-08-27,2026-08-27,FO,NSE,IDO,42591,,NIFTY,,2026-09-08,2026-09-08,23000.0,CE,NIFTY2690823000CE,1296.7,1296.7,1210.0,1210.0,1210.0,1371.55,24090.85,1210.0,1495,1365,27,42589355.25,21,F1,65,,,,,
2026-08-27,2026-08-27,FO,NSE,IDO,42605,,NIFTY,,2026-09-08,2026-09-08,23350.0,CE,NIFTY2690823350CE,0.0,0.0,0.0,1481.65,0.0,1481.65,24090.85,832.38,0,0,0,0.0,0,F1,65,,,,,
2026-08-27,2026-08-27,FO,NSE,IDO,42612,,NIFTY,,2026-09-08,2026-09-08,23500.0,CE,NIFTY2690823500CE,834.25,834.25,714.8,737.2,715.0,854.2,24090.85,737.2,21840,2795,265,418006494.75,190,F1,65,,,,,
2026-08-27,2026-08-27,FO,NSE,IDO,42649,,NIFTY,,2026-09-08,2026-09-08,24250.0,CE,NIFTY2690824250CE,227.7,227.7,136.15,145.35,137.7,227.7,24090.85,145.35,498940,332540,24937,39578786552.5,17388,F1,65,,,,,
2026-08-27,2026-08-27,FO,NSE,IDO,42653,,NIFTY,,2026-09-08,2026-09-08,24350.0,CE,NIFTY2690824350CE,168.95,168.95,95.1,104.25,96.15,168.95,24090.85,104.25,352625,110760,19024,30255687341.75,13459,F1,65,,,,,
2026-08-27,2026-08-27,FO,NSE,IDO,47311,,NIFTY,,2026-09-15,2026-09-15,23850.0,CE,NIFTY2691523850CE,465.0,465.0,465.0,465.0,465.0,963.95,24090.85,465.0,65,65,1,1580475.0,1,F1,65,,,,,
2026-08-27,2026-08-27,FO,NSE,IDO,47327,,NIFTY,,2026-09-15,2026-09-15,24200.0,CE,NIFTY2691524200CE,293.4,308.4,217.1,226.8,218.35,309.6,24090.85,226.8,213265,112710,7595,12070188871.0,5115,F1,65,,,,,
2026-08-27,2026-08-27,FO,NSE,IDO,47329,,NIFTY,,2026-09-15,2026-09-15,24250.0,CE,NIFTY2691524250CE,282.0,282.0,191.55,200.9,193.7,281.2,24090.85,200.9,48750,27560,1776,2824976141.0,1106,F1,65,,,,,
2026-08-27,2026-08-27,FO,NSE,IDO,47337,,NIFTY,,2026-09-15,2026-09-15,24450.0,CE,NIFTY2691524450CE,146.5,155.0,107.0,113.2,108.0,168.1,24090.85,113.2,35230,14235,1122,1792362097.5,812,F1,65,,,,,
2026-08-27,2026-08-27,FO,NSE,IDO,47328,,NIFTY,,2026-09-15,2026-09-15,24200.0,PE,NIFTY2691524200PE,127.3,190.75,117.8,180.45,187.95,117.95,24090.85,180.45,163280,-41145,6734,10662782214.5,4572,F1,65,,,,,
2026-08-27,2026-08-27,FO,NSE,IDO,47350,,NIFTY,,2026-09-15,2026-09-15,24700.0,PE,NIFTY2691524700PE,430.25,515.0,392.25,505.55,515.0,390.0,24090.85,505.55,8125,5330,149,243663800.25,125,F1,65,,,,,
2026-08-27,2026-08-27,FO,NSE,IDO,47406,,NIFTY,,2026-09-15,2026-09-15,25700.0,PE,NIFTY2691525700PE,0.0,0.0,0.0,1223.4,0.0,1223.4,24090.85,1546.61,0,0,0,0.0,0,F1,65,,,,,
2026-08-27,2026-08-27,FO,NSE,IDO,47414,,NIFTY,,2026-09-15,2026-09-15,25800.0,PE,NIFTY2691525800PE,0.0,0.0,0.0,1304.65,0.0,1304.65,24090.85,1642.15,0,0,0,0.0,0,F1,65,,,,,
2026-08-27,2026-08-27,FO,NSE,IDO,47422,,NIFTY,,2026-09-15,2026-09-15,25900.0,PE,NIFTY2691525900PE,0.0,0.0,0.0,1387.75,0.0,1387.75,24090.85,1738.53,0,0,0,0.0,0,F1,65,,,,,
2026-08-27,2026-08-27,FO,NSE,IDO,47438,,NIFTY,,2026-09-15,2026-09-15,26100.0,PE,NIFTY2691526100PE,0.0,0.0,0.0,1559.2,0.0,1559.2,24090.85,1933.27,0,0,0,0.0,0,F1,65,,,,,
2026-08-27,2026-08-27,FO,NSE,IDO,56902,,NIFTY,,2026-09-22,2026-09-22,22600.0,PE,NIFTY2692222600PE,0.0,0.0,0.0,41.4,0.0,41.4,24090.85,24.79,0,0,0,0.0,0,F1,65,,,,,
2026-08-27,2026-08-27,FO,NSE,IDO,56994,,NIFTY,,2026-09-22,2026-09-22,23300.0,PE,NIFTY2692223300PE,0.0,0.0,0.0,138.95,0.0,138.95,24090.85,108.29,0,0,0,0.0,0,F1,65,,,,,
2026-08-27,2026-08-27,FO,NSE,IDO,57006,,NIFTY,,2026-09-22,2026-09-22,23450.0,PE,NIFTY2692223450PE,0.0,0.0,0.0,173.4,0.0,173.4,24090.85,140.99,0,0,0,0.0,0,F1,65,,,,,
2026-08-27,2026-08-27,FO,NSE,IDO,57126,,NIFTY,,2026-09-22,2026-09-22,23900.0,PE,NIFTY2692223900PE,134.35,134.35,84.25,111.45,113.1,314.25,24090.85,111.45,2340,2340,123,191903348.0,89,F1,65,,,,,
2026-08-27,2026-08-27,FO,NSE,IDO,57446,,NIFTY,,2026-09-22,2026-09-22,24300.0,PE,NIFTY2692224300PE,187.8,265.0,182.75,255.8,261.05,182.6,24090.85,255.8,21515,2275,776,1237089415.25,512,F1,65,,,,,
2026-08-27,2026-08-27,FO,NSE,IDO,58015,,NIFTY,,2026-09-22,2026-09-22,25900.0,PE,NIFTY2692225900PE,0.0,0.0,0.0,1658.45,0.0,1658.45,24090.85,1724.25,0,0,0,0.0,0,F1,65,,,,,
2026-08-27,2026-08-27,FO,NSE,IDO,58031,,NIFTY,,2026-09-22,2026-09-22,26000.0,PE,NIFTY2692226000PE,0.0,0.0,0.0,1748.6,0.0,1748.6,24090.85,1818.78,0,0,0,0.0,0,F1,65,,,,,
2026-08-27,2026-08-27,FO,NSE,IDO,65882,,NIFTY,,2026-09-29,2026-09-29,15000.0,PE,NIFTY26SEP15000PE,1.3,1.35,0.65,1.35,1.35,1.3,24090.85,1.35,47385,-65,15,14626176.5,11,F1,65,,,,,
2026-08-27,2026-08-27,FO,NSE,IDO,73858,,NIFTY,,2026-09-29,2026-09-29,21900.0,PE,NIFTY26SEP21900PE,8.2,14.35,7.1,9.65,9.05,10.1,24090.85,9.65,148330,-455,456,649409198.75,305,F1,65,,,,,
2026-08-27,2026-08-27,FO,NSE,IDO,55285,,NIFTY,,2026-09-29,2026-09-29,22500.0,PE,NIFTY26SEP22500PE,13.95,15.0,12.25,14.35,14.2,13.2,24090.85,14.35,2075970,47515,9264,13556709656.75,5036,F1,65,,,,,
2026-08-27,2026-08-27,FO,NSE,IDO,73890,,NIFTY,,2026-09-29,2026-09-29,22650.0,PE,NIFTY26SEP22650PE,16.8,16.95,14.8,15.5,15.5,14.55,24090.85,42.92,21775,455,82,120809832.0,43,F1,65,,,,,
2026-08-27,2026-08-27,FO,NSE,IDO,74500,,NIFTY,,2026-09-29,2026-09-29,26950.0,PE,NIFTY26SEP26950PE,0.0,0.0,0.0,2780.25,0.0,2780.25,24090.85,2706.2,0,0,0,0.0,0,F1,65,,,,,
2026-08-27,2026-08-27,FO,NSE,IDO,65907,,NIFTY,,2026-09-29,2026-09-29,27000.0,PE,NIFTY26SEP27000PE,2580.0,2696.95,2580.0,2684.55,2696.95,2531.05,24090.85,2684.55,1590255,3640,158,304488340.0,112,F1,65,,,,,
2026-08-27,2026-08-27,FO,NSE,IDO,55291,,NIFTY,,2026-09-29,2026-09-29,31500.0,PE,NIFTY26SEP31500PE,0.0,0.0,0.0,4341.2,0.0,4341.2,24090.85,7222.88,0,0,0,0.0,0,F1,65,,,,,
2026-08-27,2026-08-27,FO,NSE,IDO,51327,,NIFTY,,2026-10-27,2026-10-27,22400.0,PE,NIFTY26OCT22400PE,26.5,29.85,23.3,28.7,28.2,26.25,24090.85,28.7,38220,0,88,128281546.25,25,F1,65,,,,,
2026-08-27,2026-08-27,FO,NSE,IDO,51399,,NIFTY,,2026-10-27,2026-10-27,24100.0,PE,NIFTY26OCT24100PE,209.65,265.6,201.75,260.2,262.75,204.25,24090.85,260.2,75205,20995,1013,1602691350.0,748,F1,65,,,,,
2026-08-27,2026-08-27,FO,NSE,IDO,51401,,NIFTY,,2026-10-27,2026-10-27,24150.0,PE,NIFTY26OCT24150PE,224.55,280.0,218.95,275.5,280.0,213.75,24090.85,275.5,23595,7085,190,301298708.75,113,F1,65,,,,,
2026-08-27,2026-08-27,FO,NSE,IDO,51443,,NIFTY,,2026-10-27,2026-10-27,25050.0,PE,NIFTY26OCT25050PE,0.0,0.0,0.0,540.05,540.05,540.05,24090.85,1045.52,325,0,0,0.0,0,F1,65,,,,,
2026-08-27,2026-08-27,FO,NSE,IDO,51451,,NIFTY,,2026-10-27,2026-10-27,25250.0,PE,NIFTY26OCT25250PE,0.0,0.0,0.0,883.6,883.6,883.6,24090.85,1183.48,130,0,0,0.0,0,F1,65,,,,,
2026-08-27,2026-08-27,FO,NSE,IDO,51495,,NIFTY,,2026-10-27,2026-10-27,26100.0,PE,NIFTY26OCT26100PE,0.0,0.0,0.0,1960.3,0.0,1960.3,24090.85,1851.29,0,0,0,0.0,0,F1,65,,,,,
2026-08-27,2026-08-27,FO,NSE,IDO,51527,,NIFTY,,2026-10-27,2026-10-27,26900.0,PE,NIFTY26OCT26900PE,0.0,0.0,0.0,2631.85,0.0,2631.85,24090.85,2565.17,0,0,0,0.0,0,F1,65,,,,,
2026-08-27,2026-08-27,FO,NSE,IDO,64337,,NIFTY,,2026-11-23,2026-11-23,23000.0,PE,NIFTY26NOV23000PE,110.0,110.0,85.15,93.0,93.15,195.85,24090.85,93.0,17485,17485,530,795462528.25,492,F1,65,,,,,
2026-08-27,2026-08-27,FO,NSE,IDO,64352,,NIFTY,,2026-11-23,2026-11-23,23200.0,PE,NIFTY26NOV23200PE,0.0,0.0,0.0,238.1,0.0,238.1,24090.85,280.28,0,0,0,0.0,0,F1,65,,,,,
2026-08-27,2026-08-27,FO,NSE,IDO,64358,,NIFTY,,2026-11-23,2026-11-23,23300.0,PE,NIFTY26NOV23300PE,0.0,0.0,0.0,261.6,0.0,261.6,24090.85,305.93,0,0,0,0.0,0,F1,65,,,,,
2026-08-27,2026-08-27,FO,NSE,IDO,64360,,NIFTY,,2026-11-23,2026-11-23,23350.0,PE,NIFTY26NOV23350PE,0.0,0.0,0.0,274.9,0.0,274.9,24090.85,320.01,0,0,0,0.0,0,F1,65,,,,,
2026-08-27,2026-08-27,FO,NSE,IDO,64404,,NIFTY,,2026-11-23,2026-11-23,24150.0,PE,NIFTY26NOV24150PE,361.45,361.45,331.4,331.4,331.4,532.5,24090.85,610.05,130,130,2,3184535.25,2,F1,65,,,,,
2026-08-27,2026-08-27,FO,NSE,IDO,64414,,NIFTY,,2026-11-23,2026-11-23,24400.0,PE,NIFTY26NOV24400PE,0.0,0.0,0.0,638.45,0.0,638.45,24090.85,726.78,0,0,0,0.0,0,F1,65,,,,,
2026-08-27,2026-08-27,FO,NSE,IDO,64444,,NIFTY,,2026-11-23,2026-11-23,25100.0,PE,NIFTY26NOV25100PE,0.0,0.0,0.0,1000.75,0.0,1000.75,24090.85,1120.21,0,0,0,0.0,0,F1,65,,,,,
2026-08-27,2026-08-27,FO,NSE,IDO,64459,,NIFTY,,2026-11-23,2026-11-23,25350.0,PE,NIFTY26NOV25350PE,0.0,0.0,0.0,1152.95,0.0,1152.95,24090.85,1283.21,0,0,0,0.0,0,F1,65,,,,,
2026-08-27,2026-08-27,FO,NSE,IDO,64498,,NIFTY,,2026-11-23,2026-11-23,26000.0,PE,NIFTY26NOV26000PE,1336.85,1430.0,1336.85,1430.0,1430.0,1600.7,24090.85,1756.06,195,195,3,5340734.75,3,F1,65,,,,,
2026-08-27,2026-08-27,FO,NSE,IDO,80191,,NIFTY,,2027-03-30,2027-03-30,16500.0,PE,NIFTY27MAR16500PE,0.0,0.0,0.0,20.25,20.25,20.25,24090.85,0.25,1560,0,0,0.0,0,F1,65,,,,,
2026-08-27,2026-08-27,FO,NSE,IDO,71550,,NIFTY,,2027-06-29,2027-06-29,19000.0,PE,NIFTY27JUN19000PE,0.0,0.0,0.0,195.0,195.0,195.0,24090.85,28.39,1135,0,0,0.0,0,F1,65,,,,,
2026-08-27,2026-08-27,FO,NSE,IDO,47061,,NIFTY,,2026-09-01,2026-09-01,25900.0,CE,NIFTY2690125900CE,0.95,1.3,0.6,0.7,0.6,0.7,24090.85,0.7,1045525,304785,52054,87635670447.0,10566,F1,65,,,,,
2026-08-27,2026-08-27,FO,NSE,IDO,47057,,NIFTY,,2026-09-01,2026-09-01,25800.0,CE,NIFTY2690125800CE,0.65,1.4,0.65,0.75,0.7,0.75,24090.85,0.75,1784705,2080,68861,115483650291.75,16313,F1,65,,,,,
2026-08-27,2026-08-27,FO,NSE,IDO,47025,,NIFTY,,2026-09-01,2026-09-01,25000.0,CE,NIFTY2690125000CE,3.0,4.1,2.0,2.55,2.15,3.55,24090.85,2.55,11331125,2429245,853574,1387226539500.75,151776,F1,65,,,,,
2026-08-27,2026-08-27,FO,NSE,IDO,47001,,NIFTY,,2026-09-01,2026-09-01,24400.0,CE,NIFTY2690124400CE,80.0,80.0,26.85,31.8,27.25,83.1,24090.85,31.8,12233845,3536585,1402679,2228608703750.0,526612,F1,65,,,,,
2026-08-27,2026-08-27,FO,NSE,IDO,46999,,NIFTY,,2026-09-01,2026-09-01,24350.0,CE,NIFTY2690124350CE,97.8,97.95,37.1,43.55,37.6,107.1,24090.85,43.55,8015475,2313545,1013530,1607975195859.5,440777,F1,65,,,,,
2026-08-27,2026-08-27,FO,NSE,IDO,46995,,NIFTY,,2026-09-01,2026-09-01,24250.0,CE,NIFTY2690124250CE,145.4,162.0,66.3,76.9,68.85,164.3,24090.85,76.9,5785780,3583125,1389597,2199198315977.0,729220,F1,65,,,,,
2026-08-27,2026-08-27,FO,NSE,IDO,46985,,NIFTY,,2026-09-01,2026-09-01,24000.0,CE,NIFTY2690124000CE,339.4,351.85,208.05,227.75,214.15,357.4,24090.85,227.75,1693705,741325,269691,425267153285.0,156093,F1,65,,,,,
2026-08-27,2026-08-27,FO,NSE,IDO,46959,,NIFTY,,2026-09-01,2026-09-01,23350.0,CE,NIFTY2690123350CE,0.0,0.0,0.0,960.1,960.1,960.1,24090.85,768.69,65,0,0,0.0,0,F1,65,,,,,
2026-08-27,2026-08-27,FO,NSE,IDF,68407,,NIFTY,,2026-09-29,2026-09-29,,,NIFTY26SEPFUT,24399.5,24430.0,24260.0,24281.9,24266.0,24429.1,24090.85,24281.9,15011035,775645,39359,62241828597.0,28389,F1,65,,,,,
2026-08-27,2026-08-27,FO,NSE,IDO,55373,,NIFTY,,2027-06-29,2027-06-29,19500.0,PE,NIFTY27JUN19500PE,0.0,0.0,0.0,17.3,0.0,17.3,24090.85,45.23,0,0,0,0.0,0,F1,65,,,,,
2026-08-27,2026-08-27,FO,NSE,IDO,53604,,NIFTY,,2027-12-28,2027-12-28,18000.0,PE,NIFTY27DEC18000PE,0.0,0.0,0.0,181.05,195.0,181.05,24090.85,29.74,11915,0,0,0.0,0,F1,65,,,,,
2026-08-27,2026-08-27,FO,NSE,IDO,53606,,NIFTY,,2027-12-28,2027-12-28,19000.0,PE,NIFTY27DEC19000PE,0.0,0.0,0.0,123.05,125.0,123.05,24090.85,64.39,4900,0,0,0.0,0,F1,65,,,,,
2026-08-27,2026-08-27,FO,NSE,IDO,53611,,NIFTY,,2027-12-28,2027-12-28,20000.0,PE,NIFTY27DEC20000PE,169.9,174.5,169.0,169.0,169.0,170.05,24090.85,169.0,54955,325,8,10488985.0,8,F1,65,,,,,
2026-08-27,2026-08-27,FO,NSE,IDO,55479,,NIFTY,,2028-06-27,2028-06-27,28500.0,PE,NIFTY28JUN28500PE,0.0,0.0,0.0,1560.85,0.0,1560.85,24090.85,2794.89,0,0,0,0.0,0,F1,65,,,,,
2026-08-27,2026-08-27,FO,NSE,IDO,67779,,NIFTY,,2028-12-26,2028-12-26,22000.0,PE,NIFTY28DEC22000PE,0.0,0.0,0.0,475.0,475.0,475.0,24090.85,450.97,8670,0,0,0.0,0,F1,65,,,,,
2026-08-27,2026-08-27,FO,NSE,IDO,55763,,NIFTY,,2030-12-31,2030-12-31,30000.0,PE,NIFTY30DEC30000PE,0.0,0.0,0.0,1450.1,0.0,1450.1,24090.85,2419.13,0,0,0,0.0,0,F1,65,,,,,
2026-08-27,2026-08-27,FO,NSE,IDO,74650,,NIFTY,,2031-06-24,2031-06-24,24000.0,PE,NIFTY31JUN24000PE,0.0,0.0,0.0,933.85,933.85,933.85,24090.85,727.71,65,0,0,0.0,0,F1,65,,,,,
2026-08-27,2026-08-27,FO,NSE,IDO,74652,,NIFTY,,2031-06-24,2031-06-24,25500.0,PE,NIFTY31JUN25500PE,0.0,0.0,0.0,1262.85,0.0,1262.85,24090.85,1014.99,0,0,0,0.0,0,F1,65,,,,,
2026-08-27,2026-08-27,FO,NSE,IDO,74656,,NIFTY,,2031-06-24,2031-06-24,28500.0,PE,NIFTY31JUN28500PE,0.0,0.0,0.0,2104.2,0.0,2104.2,24090.85,1773.28,0,0,0,0.0,0,F1,65,,,,,
2026-08-27,2026-08-27,FO,NSE,IDO,74660,,NIFTY,,2031-06-24,2031-06-24,30000.0,PE,NIFTY31JUN30000PE,0.0,0.0,0.0,2616.25,0.0,2616.25,24090.85,2247.35,0,0,0,0.0,0,F1,65,,,,,
2026-08-27,2026-08-27,FO,NSE,IDO,42725,,NIFTY,,2026-09-08,2026-09-08,25650.0,CE,NIFTY2690825650CE,2.9,3.05,2.15,2.3,2.5,2.55,24090.85,2.3,14820,3640,234,390173862.0,154,F1,65,,,,,
2026-08-27,2026-08-27,FO,NSE,IDO,42701,,NIFTY,,2026-09-08,2026-09-08,25300.0,CE,NIFTY2690825300CE,4.85,5.4,3.7,4.2,3.85,4.95,24090.85,4.2,413465,-51285,17193,28278710079.75,8678,F1,65,,,,,
2026-08-27,2026-08-27,FO,NSE,IDO,57960,,NIFTY,,2026-09-22,2026-09-22,25650.0,CE,NIFTY2692225650CE,0.0,0.0,0.0,92.45,0.0,92.45,24090.85,43.94,0,0,0,0.0,0,F1,65,,,,,
2026-08-27,2026-08-27,FO,NSE,IDO,65906,,NIFTY,,2026-09-29,2026-09-29,27000.0,CE,NIFTY26SEP27000CE,2.95,3.2,2.75,3.0,2.75,2.9,24090.85,3.0,1910090,-6435,2602,4567016486.5,872,F1,65,,,,,
2026-08-27,2026-08-27,FO,NSE,IDO,74442,,NIFTY,,2026-09-29,2026-09-29,26100.0,CE,NIFTY26SEP26100CE,0.0,0.0,0.0,223.8,0.0,223.8,24090.85,34.02,0,0,0,0.0,0,F1,65,,,,,
2026-08-27,2026-08-27,FO,NSE,IDO,73899,,NIFTY,,2026-09-29,2026-09-29,22900.0,CE,NIFTY26SEP22900CE,0.0,0.0,0.0,1540.0,1540.0,1540.0,24090.85,1395.6,4030,0,0,0.0,0,F1,65,,,,,
2026-08-27,2026-08-27,FO,NSE,IDO,57756,,NIFTY,,2026-09-22,2026-09-22,24850.0,CE,NIFTY2692224850CE,63.85,65.0,46.65,51.1,46.65,74.5,24090.85,51.1,10465,1885,130,210445833.0,110,F1,65,,,,,
2026-08-27,2026-08-27,FO,NSE,IDO,57712,,NIFTY,,2026-09-22,2026-09-22,24700.0,CE,NIFTY2692224700CE,108.0,111.65,74.05,80.1,76.5,115.6,24090.85,80.1,6565,3705,314,505893735.75,238,F1,65,,,,,
2026-08-27,2026-08-27,FO,NSE,IDO,57379,,NIFTY,,2026-09-22,2026-09-22,24150.0,CE,NIFTY2692224150CE,341.25,354.15,300.0,314.2,300.0,395.3,24090.85,314.2,8580,7930,230,365927584.75,157,F1,65,,,,,
2026-08-27,2026-08-27,FO,NSE,IDO,47385,,NIFTY,,2026-09-15,2026-09-15,25400.0,CE,NIFTY2691525400CE,0.0,0.0,0.0,211.35,0.0,211.35,24090.85,37.77,0,0,0,0.0,0,F1,65,,,,,
2026-08-27,2026-08-27,FO,NSE,IDO,42735,,NIFTY,,2026-09-08,2026-09-08,25850.0,CE,NIFTY2690825850CE,2.0,2.45,1.5,1.7,1.5,2.1,24090.85,1.7,6890,1365,98,164677594.25,58,F1,65,,,,,
2026-08-27,2026-08-27,FO,NSE,IDO,42687,,NIFTY,,2026-09-08,2026-09-08,25050.0,CE,NIFTY2690825050CE,10.0,10.15,6.15,7.35,6.4,10.45,24090.85,7.35,129480,43225,9763,15901502357.0,5782,F1,65,,,,,
2026-08-27,2026-08-27,FO,NSE,IDO,46927,,NIFTY,,2026-09-01,2026-09-01,22550.0,CE,NIFTY2690122550CE,0.0,0.0,0.0,1849.95,0.0,1849.95,24090.85,1559.58,0,0,0,0.0,0,F1,65,,,,,
2026-08-27,2026-08-27,FO,NSE,IDO,46965,,NIFTY,,2026-09-01,2026-09-01,23500.0,CE,NIFTY2690123500CE,822.1,839.05,671.0,689.4,677.05,839.05,24090.85,689.4,137475,-3640,2574,4055913478.5,1423,F1,65,,,,,
2026-08-27,2026-08-27,FO,NSE,IDO,65923,,NIFTY,,2026-09-29,2026-09-29,30000.0,CE,NIFTY26SEP30000CE,1.35,1.45,1.0,1.45,1.45,1.05,24090.85,1.45,309685,-2730,84,163807611.5,27,F1,65,,,,,
2026-08-27,2026-08-27,FO,NSE,IDO,74491,,NIFTY,,2026-09-29,2026-09-29,26750.0,CE,NIFTY26SEP26750CE,4.0,4.5,3.15,4.5,4.5,3.05,24090.85,4.5,7020,585,29,50430744.0,15,F1,65,,,,,
2026-08-27,2026-08-27,FO,NSE,IDO,74479,,NIFTY,,2026-09-29,2026-09-29,26450.0,CE,NIFTY26SEP26450CE,3.3,4.05,3.3,4.05,4.05,168.3,24090.85,17.75,585,585,18,30950799.75,4,F1,65,,,,,
2026-08-27,2026-08-27,FO,NSE,IDO,74438,,NIFTY,,2026-09-29,2026-09-29,26050.0,CE,NIFTY26SEP26050CE,0.0,0.0,0.0,232.8,0.0,232.8,24090.85,37.18,0,0,0,0.0,0,F1,65,,,,,
2026-08-27,2026-08-27,FO,NSE,IDO,74426,,NIFTY,,2026-09-29,2026-09-29,25900.0,CE,NIFTY26SEP25900CE,0.0,0.0,0.0,261.75,0.0,261.75,24090.85,48.22,0,0,0,0.0,0,F1,65,,,,,
2026-08-27,2026-08-27,FO,NSE,IDO,74416,,NIFTY,,2026-09-29,2026-09-29,25700.0,CE,NIFTY26SEP25700CE,10.05,10.7,9.1,9.8,10.0,11.1,24090.85,9.8,350350,4810,3105,5188893502.0,1428,F1,65,,,,,
2026-08-27,2026-08-27,FO,NSE,IDO,74397,,NIFTY,,2026-09-29,2026-09-29,25550.0,CE,NIFTY26SEP25550CE,14.4,15.15,11.95,12.6,12.35,15.5,24090.85,12.6,57265,16055,703,1168142062.75,331,F1,65,,,,,
2026-08-27,2026-08-27,FO,NSE,IDO,74395,,NIFTY,,2026-09-29,2026-09-29,25450.0,CE,NIFTY26SEP25450CE,20.65,20.65,15.3,16.15,15.3,20.15,24090.85,16.15,51805,-845,613,1014733668.0,321,F1,65,,,,,
2026-08-27,2026-08-27,FO,NSE,IDO,74365,,NIFTY,,2026-09-29,2026-09-29,25000.0,CE,NIFTY26SEP25000CE,68.0,70.6,47.0,51.35,49.45,71.55,24090.85,51.35,5797350,325390,66134,107709432707.5,33988,F1,65,,,,,
2026-08-27,2026-08-27,FO,NSE,IDO,74355,,NIFTY,,2026-09-29,2026-09-29,24750.0,CE,NIFTY26SEP24750CE,128.6,133.85,93.0,98.4,94.45,137.15,24090.85,98.4,140920,8580,2510,4055841234.25,1796,F1,65,,,,,
2026-08-27,2026-08-27,FO,NSE,IDO,74351,,NIFTY,,2026-09-29,2026-09-29,24650.0,CE,NIFTY26SEP24650CE,162.4,166.7,121.1,127.45,122.6,170.15,24090.85,127.45,123500,-36140,3533,5694865562.75,2882,F1,65,,,,,
2026-08-27,2026-08-27,FO,NSE,IDO,74289,,NIFTY,,2026-09-29,2026-09-29,24600.0,CE,NIFTY26SEP24600CE,185.4,189.85,136.35,141.9,137.5,195.25,24090.85,141.9,1124175,109720,16884,27168847524.0,11253,F1,65,,,,,
2026-08-27,2026-08-27,FO,NSE,IDO,74112,,NIFTY,,2026-09-29,2026-09-29,24350.0,CE,NIFTY26SEP24350CE,305.4,325.0,237.15,244.9,240.2,317.95,24090.85,244.9,386685,8255,4092,6547413801.5,2601,F1,65,,,,,
2026-08-27,2026-08-27,FO,NSE,IDO,73908,,NIFTY,,2026-09-29,2026-09-29,23150.0,CE,NIFTY26SEP23150CE,0.0,0.0,0.0,1373.85,1373.85,1373.85,24090.85,1185.09,390,0,0,0.0,0,F1,65,,,,,
2026-08-27,2026-08-27,FO,NSE,IDO,73891,,NIFTY,,2026-09-29,2026-09-29,22700.0,CE,NIFTY26SEP22700CE,1650.0,1650.0,1650.0,1650.0,1650.0,1750.0,24090.85,1572.49,1040,-65,1,1582750.0,1,F1,65,,,,,
2026-08-27,2026-08-27,FO,NSE,IDO,73885,,NIFTY,,2026-09-29,2026-09-29,22550.0,CE,NIFTY26SEP22550CE,0.0,0.0,0.0,1749.2,1749.2,1749.2,24090.85,1709.19,130,0,0,0.0,0,F1,65,,,,,
2026-08-27,2026-08-27,FO,NSE,IDO,73883,,NIFTY,,2026-09-29,2026-09-29,22450.0,CE,NIFTY26SEP22450CE,0.0,0.0,0.0,1843.95,1843.95,1843.95,24090.85,1801.92,65,0,0,0.0,0,F1,65,,,,,
2026-08-27,2026-08-27,FO,NSE,IDO,73865,,NIFTY,,2026-09-29,2026-09-29,22000.0,CE,NIFTY26SEP22000CE,2350.0,2376.0,2255.7,2271.2,2255.8,2441.0,24090.85,2271.2,774475,7605,209,330444764.0,169,F1,65,,,,,
2026-08-27,2026-08-27,FO,NSE,IDO,73854,,NIFTY,,2026-09-29,2026-09-29,21850.0,CE,NIFTY26SEP21850CE,2400.0,2400.0,2400.0,2400.0,2400.0,2455.3,24090.85,2400.0,65,65,1,1576250.0,1,F1,65,,,,,
2026-08-27,2026-08-27,FO,NSE,IDO,57927,,NIFTY,,2026-09-22,2026-09-22,25550.0,CE,NIFTY2692225550CE,0.0,0.0,0.0,60.5,60.5,60.5,24090.85,53.15,65,0,0,0.0,0,F1,65,,,,,
2026-08-27,2026-08-27,FO,NSE,IDO,57920,,NIFTY,,2026-09-22,2026-09-22,25500.0,CE,NIFTY2692225500CE,9.9,11.0,8.45,9.5,9.05,10.85,24090.85,9.5,30225,12935,638,1057888175.5,332,F1,65,,,,,
2026-08-27,2026-08-27,FO,NSE,IDO,57007,,NIFTY,,2026-09-22,2026-09-22,23500.0,CE,NIFTY2692223500CE,850.0,875.0,806.4,806.4,806.4,990.1,24090.85,806.4,325,130,7,11077586.0,7,F1,65,,,,,
2026-08-27,2026-08-27,FO,NSE,IDO,47429,,NIFTY,,2026-09-15,2026-09-15,26000.0,CE,NIFTY2691526000CE,3.25,3.5,2.7,3.1,3.15,3.2,24090.85,3.1,39195,4615,365,616923443.5,185,F1,65,,,,,
2026-08-27,2026-08-27,FO,NSE,IDO,47393,,NIFTY,,2026-09-15,2026-09-15,25550.0,CE,NIFTY2691525550CE,0.0,0.0,0.0,175.2,0.0,175.2,24090.85,26.6,0,0,0,0.0,0,F1,65,,,,,
2026-08-27,2026-08-27,FO,NSE,IDO,47369,,NIFTY,,2026-09-15,2026-09-15,25150.0,CE,NIFTY2691525150CE,0.0,0.0,0.0,284.5,0.0,284.5,24090.85,65.17,0,0,0,0.0,0,F1,65,,,,,
2026-08-27,2026-08-27,FO,NSE,IDO,47359,,NIFTY,,2026-09-15,2026-09-15,24900.0,CE,NIFTY2691524900CE,0.0,0.0,0.0,375.05,0.0,375.05,24090.85,107.21,0,0,0,0.0,0,F1,65,,,,,
2026-08-27,2026-08-27,FO,NSE,IDO,47347,,NIFTY,,2026-09-15,2026-09-15,24650.0,CE,NIFTY2691524650CE,73.0,86.95,55.0,59.3,55.0,92.2,24090.85,59.3,30290,5720,711,1142252449.0,431,F1,65,,,,,
2026-08-27,2026-08-27,FO,NSE,IDO,47345,,NIFTY,,2026-09-15,2026-09-15,24600.0,CE,NIFTY2691524600CE,128.0,128.0,65.05,70.4,66.0,107.45,24090.85,70.4,174720,48880,3910,6272085972.75,2775,F1,65,,,,,
2026-08-27,2026-08-27,FO,NSE,IDO,47321,,NIFTY,,2026-09-15,2026-09-15,24050.0,CE,NIFTY2691524050CE,336.0,370.9,310.9,318.4,315.75,434.15,24090.85,318.4,5070,2860,113,179090990.0,92,F1,65,,,,,
2026-08-27,2026-08-27,FO,NSE,IDO,47281,,NIFTY,,2026-09-15,2026-09-15,23100.0,CE,NIFTY2691523100CE,0.0,0.0,0.0,1569.25,0.0,1569.25,24090.85,1110.51,0,0,0,0.0,0,F1,65,,,,,
2026-08-27,2026-08-27,FO,NSE,IDO,47261,,NIFTY,,2026-09-15,2026-09-15,22600.0,CE,NIFTY2691522600CE,0.0,0.0,0.0,2026.95,0.0,2026.95,24090.85,1573.98,0,0,0,0.0,0,F1,65,,,,,
2026-08-27,2026-08-27,FO,NSE,IDO,42759,,NIFTY,,2026-09-08,2026-09-08,26150.0,CE,NIFTY2690826150CE,0.0,0.0,0.0,1.45,1.45,1.45,24090.85,0.72,585,0,0,0.0,0,F1,65,,,,,
2026-08-27,2026-08-27,FO,NSE,IDO,42707,,NIFTY,,2026-09-08,2026-09-08,25400.0,CE,NIFTY2690825400CE,4.2,4.95,2.65,3.5,3.35,3.85,24090.85,3.5,187915,27560,8246,13616105204.0,3736,F1,65,,,,,
2026-08-27,2026-08-27,FO,NSE,IDO,74642,,NIFTY,,2031-06-24,2031-06-24,18000.0,PE,NIFTY31JUN18000PE,0.0,0.0,0.0,173.45,0.0,173.45,24090.85,112.49,0,0,0,0.0,0,F1,65,,,,,
2026-08-27,2026-08-27,FO,NSE,IDO,61773,,NIFTY,,2029-12-24,2029-12-24,25000.0,PE,NIFTY29DEC25000PE,0.0,0.0,0.0,1000.0,1000.0,1000.0,24090.85,1068.14,1135,0,0,0.0,0,F1,65,,,,,
2026-08-27,2026-08-27,FO,NSE,IDO,55559,,NIFTY,,2029-06-26,2029-06-26,19500.0,PE,NIFTY29JUN19500PE,0.0,0.0,0.0,56.0,0.0,56.0,24090.85,173.56,0,0,0,0.0,0,F1,65,,,,,
2026-08-27,2026-08-27,FO,NSE,IDO,51444,,NIFTY,,2026-10-27,2026-10-27,25100.0,CE,NIFTY26OCT25100CE,147.95,154.35,121.65,127.8,122.0,160.9,24090.85,127.8,121680,7410,1172,1922428797.25,837,F1,65,,,,,
2026-08-27,2026-08-27,FO,NSE,IDO,51452,,NIFTY,,2026-10-27,2026-10-27,25300.0,CE,NIFTY26OCT25300CE,0.0,0.0,0.0,432.4,0.0,432.4,24090.85,285.95,0,0,0,0.0,0,F1,65,,,,,
2026-08-27,2026-08-27,FO,NSE,IDO,42641,,NIFTY,,2026-09-08,2026-09-08,24050.0,CE,NIFTY2690824050CE,375.0,375.0,249.45,262.0,255.3,374.5,24090.85,262.0,54015,41665,2504,3960631990.25,1868,F1,65,,,,,
2026-08-27,2026-08-27,FO,NSE,IDO,42593,,NIFTY,,2026-09-08,2026-09-08,23050.0,CE,NIFTY2690823050CE,0.0,0.0,0.0,1746.8,0.0,1746.8,24090.85,1104.01,0,0,0,0.0,0,F1,65,,,,,
2026-08-27,2026-08-27,FO,NSE,IDO,89613,,NIFTY,,2029-06-26,2029-06-26,18000.0,PE,NIFTY29JUN18000PE,0.0,0.0,0.0,118.45,0.0,118.45,24090.85,83.4,0,0,0,0.0,0,F1,65,,,,,
2026-08-27,2026-08-27,FO,NSE,IDO,55557,,NIFTY,,2029-06-26,2029-06-26,16500.0,PE,NIFTY29JUN16500PE,0.0,0.0,0.0,8.1,0.0,8.1,24090.85,34.75,0,0,0,0.0,0,F1,65,,,,,
2026-08-27,2026-08-27,FO,NSE,IDO,55527,,NIFTY,,2028-12-26,2028-12-26,31500.0,PE,NIFTY28DEC31500PE,0.0,0.0,0.0,2673.4,0.0,2673.4,24090.85,4251.01,0,0,0,0.0,0,F1,65,,,,,
2026-08-27,2026-08-27,FO,NSE,IDO,67783,,NIFTY,,2028-12-26,2028-12-26,24000.0,PE,NIFTY28DEC24000PE,0.0,0.0,0.0,663.1,663.1,663.1,24090.85,877.27,4680,0,0,0.0,0,F1,65,,,,,
2026-08-27,2026-08-27,FO,NSE,IDO,86164,,NIFTY,,2028-06-27,2028-06-27,27000.0,PE,NIFTY28JUN27000PE,0.0,0.0,0.0,2752.35,0.0,2752.35,24090.85,2022.35,0,0,0,0.0,0,F1,65,,,,,
2026-08-27,2026-08-27,FO,NSE,IDO,50984,,NIFTY,,2027-06-29,2027-06-29,27000.0,PE,NIFTY27JUN27000PE,0.0,0.0,0.0,1780.0,1780.0,1780.0,24090.85,2314.1,130,0,0,0.0,0,F1,65,,,,,
2026-08-27,2026-08-27,FO,NSE,IDO,71548,,NIFTY,,2027-06-29,2027-06-29,18000.0,PE,NIFTY27JUN18000PE,0.0,0.0,0.0,220.0,220.0,220.0,24090.85,9.93,230,0,0,0.0,0,F1,65,,,,,
2026-08-27,2026-08-27,FO,NSE,IDO,80248,,NIFTY,,2027-03-30,2027-03-30,18000.0,PE,NIFTY27MAR18000PE,0.0,0.0,0.0,37.3,37.3,37.3,24090.85,3.12,65,0,0,0.0,0,F1,65,,,,,
2026-08-27,2026-08-27,FO,NSE,IDO,58649,,NIFTY,,2026-12-29,2026-12-29,22000.0,PE,NIFTY26DEC22000PE,59.4,66.7,59.2,62.8,62.65,59.7,24090.85,62.8,1744570,29020,5417,7768293877.5,2804,F1,65,,,,,
2026-08-27,2026-08-27,FO,NSE,IDO,58643,,NIFTY,,2026-12-29,2026-12-29,19000.0,PE,NIFTY26DEC19000PE,23.65,24.35,21.15,22.6,22.3,23.65,24090.85,22.6,615980,2015,1053,1302007557.5,671,F1,65,,,,,
2026-08-27,2026-08-27,FO,NSE,IDO,64482,,NIFTY,,2026-11-23,2026-11-23,25700.0,PE,NIFTY26NOV25700PE,0.0,0.0,0.0,1384.75,0.0,1384.75,24090.85,1529.43,0,0,0,0.0,0,F1,65,,,,,
2026-08-27,2026-08-27,FO,NSE,IDO,64380,,NIFTY,,2026-11-23,2026-11-23,23650.0,PE,NIFTY26NOV23650PE,0.0,0.0,0.0,356.9,0.0,356.9,24090.85,414.17,0,0,0,0.0,0,F1,65,,,,,
2026-08-27,2026-08-27,FO,NSE,IDO,64372,,NIFTY,,2026-11-23,2026-11-23,23450.0,PE,NIFTY26NOV23450PE,0.0,0.0,0.0,300.7,0.0,300.7,24090.85,349.52,0,0,0,0.0,0,F1,65,,,,,
2026-08-27,2026-08-27,FO,NSE,IDO,64293,,NIFTY,,2026-11-23,2026-11-23,22700.0,PE,NIFTY26NOV22700PE,68.0,68.0,60.0,65.0,65.0,100.0,24090.85,170.44,520,455,10,14795690.0,6,F1,65,,,,,
2026-08-27,2026-08-27,FO,NSE,IDO,51489,,NIFTY,,2026-10-27,2026-10-27,25950.0,PE,NIFTY26OCT25950PE,0.0,0.0,0.0,1842.3,0.0,1842.3,24090.85,1725.29,0,0,0,0.0,0,F1,65,,,,,
2026-08-27,2026-08-27,FO,NSE,IDO,51455,,NIFTY,,2026-10-27,2026-10-27,25350.0,PE,NIFTY26OCT25350PE,0.0,0.0,0.0,865.7,865.7,865.7,24090.85,1255.5,260,0,0,0.0,0,F1,65,,,,,
2026-08-27,2026-08-27,FO,NSE,IDO,51373,,NIFTY,,2026-10-27,2026-10-27,23500.0,PE,NIFTY26OCT23500PE,90.0,117.75,86.5,114.0,116.1,87.35,24090.85,114.0,811135,110825,5826,8938649073.25,3697,F1,65,,,,,
2026-08-27,2026-08-27,FO,NSE,IDO,51321,,NIFTY,,2026-10-27,2026-10-27,22300.0,PE,NIFTY26OCT22300PE,23.6,27.05,22.15,25.85,25.45,22.9,24090.85,25.85,60775,-4030,387,561572973.0,168,F1,65,,,,,
2026-08-27,2026-08-27,FO,NSE,IDO,74484,,NIFTY,,2026-09-29,2026-09-29,26550.0,PE,NIFTY26SEP26550PE,0.0,0.0,0.0,2431.75,0.0,2431.75,24090.85,2316.75,0,0,0,0.0,0,F1,65,,,,,
2026-08-27,2026-08-27,FO,NSE,IDO,74478,,NIFTY,,2026-09-29,2026-09-29,26400.0,PE,NIFTY26SEP26400PE,0.0,0.0,0.0,1887.6,1887.6,1887.6,24090.85,2172.58,3770,0,0,0.0,0,F1,65,,,,,
2026-08-27,2026-08-27,FO,NSE,IDO,74476,,NIFTY,,2026-09-29,2026-09-29,26350.0,PE,NIFTY26SEP26350PE,0.0,0.0,0.0,2262.9,0.0,2262.9,24090.85,2124.82,0,0,0,0.0,0,F1,65,,,,,
2026-08-27,2026-08-27,FO,NSE,IDO,74464,,NIFTY,,2026-09-29,2026-09-29,26150.0,PE,NIFTY26SEP26150PE,0.0,0.0,0.0,1720.0,1720.0,1720.0,24090.85,1935.61,65,0,0,0.0,0,F1,65,,,,,
2026-08-27,2026-08-27,FO,NSE,IDO,74288,,NIFTY,,2026-09-29,2026-09-29,24550.0,PE,NIFTY26SEP24550PE,334.05,428.25,325.25,420.5,428.25,322.9,24090.85,420.5,66690,-2665,672,1089350252.25,592,F1,65,,,,,
2026-08-27,2026-08-27,FO,NSE,IDO,65901,,NIFTY,,2026-09-29,2026-09-29,24000.0,PE,NIFTY26SEP24000PE,122.9,173.75,116.85,165.8,171.0,118.45,24090.85,165.8,5611350,84630,45058,70729153540.5,28482,F1,65,,,,,
2026-08-27,2026-08-27,FO,NSE,IDO,74002,,NIFTY,,2026-09-29,2026-09-29,23550.0,PE,NIFTY26SEP23550PE,49.35,73.05,47.5,70.15,71.8,49.35,24090.85,70.15,65780,-1625,884,1356867902.0,567,F1,65,,,,,
2026-08-27,2026-08-27,FO,NSE,IDO,73994,,NIFTY,,2026-09-29,2026-09-29,23500.0,PE,NIFTY26SEP23500PE,47.55,66.75,42.1,63.1,66.4,43.7,24090.85,63.1,3845985,95615,35242,53960605731.5,20484,F1,65,,,,,
2026-08-27,2026-08-27,FO,NSE,IDO,58024,,NIFTY,,2026-09-22,2026-09-22,25950.0,PE,NIFTY2692225950PE,0.0,0.0,0.0,1703.35,0.0,1703.35,24090.85,1771.4,0,0,0,0.0,0,F1,65,,,,,
2026-08-27,2026-08-27,FO,NSE,IDO,57997,,NIFTY,,2026-09-22,2026-09-22,25700.0,PE,NIFTY2692225700PE,0.0,0.0,0.0,1482.25,0.0,1482.25,24090.85,1538.32,0,0,0,0.0,0,F1,65,,,,,
2026-08-27,2026-08-27,FO,NSE,IDO,57962,,NIFTY,,2026-09-22,2026-09-22,25650.0,PE,NIFTY2692225650PE,0.0,0.0,0.0,1439.15,0.0,1439.15,24090.85,1492.61,0,0,0,0.0,0,F1,65,,,,,
2026-08-27,2026-08-27,FO,NSE,IDO,57757,,NIFTY,,2026-09-22,2026-09-22,24850.0,PE,NIFTY2692224850PE,0.0,0.0,0.0,818.9,0.0,818.9,24090.85,825.01,0,0,0,0.0,0,F1,65,,,,,
2026-08-27,2026-08-27,FO,NSE,IDO,57702,,NIFTY,,2026-09-22,2026-09-22,24650.0,PE,NIFTY2692224650PE,0.0,0.0,0.0,689.35,0.0,689.35,24090.85,684.17,0,0,0,0.0,0,F1,65,,,,,
2026-08-27,2026-08-27,FO,NSE,IDO,47351,,NIFTY,,2026-09-15,2026-09-15,24750.0,CE,NIFTY2691524750CE,0.0,0.0,0.0,438.3,0.0,438.3,24090.85,142.17,0,0,0,0.0,0,F1,65,,,,,
2026-08-27,2026-08-27,FO,NSE,IDO,47361,,NIFTY,,2026-09-15,2026-09-15,24950.0,CE,NIFTY2691524950CE,0.0,0.0,0.0,355.5,0.0,355.5,24090.85,97.41,0,0,0,0.0,0,F1,65,,,,,
2026-08-27,2026-08-27,FO,NSE,IDO,47381,,NIFTY,,2026-09-15,2026-09-15,25350.0,CE,NIFTY2691525350CE,0.0,0.0,0.0,224.65,0.0,224.65,24090.85,42.28,0,0,0,0.0,0,F1,65,,,,,
2026-08-27,2026-08-27,FO,NSE,IDO,56957,,NIFTY,,2026-09-22,2026-09-22,23050.0,CE,NIFTY2692223050CE,0.0,0.0,0.0,1331.55,0.0,1331.55,24090.85,1207.22,0,0,0,0.0,0,F1,65,,,,,
2026-08-27,2026-08-27,FO,NSE,IDO,56995,,NIFTY,,2026-09-22,2026-09-22,23350.0,CE,NIFTY2692223350CE,0.0,0.0,0.0,1089.75,0.0,1089.75,24090.85,959.9,0,0,0,0.0,0,F1,65,,,,,
2026-08-27,2026-08-27,FO,NSE,IDO,56999,,NIFTY,,2026-09-22,2026-09-22,23400.0,CE,NIFTY2692223400CE,0.0,0.0,0.0,1051.55,0.0,1051.55,24090.85,921.0,0,0,0,0.0,0,F1,65,,,,,
2026-08-27,2026-08-27,FO,NSE,IDO,57003,,NIFTY,,2026-09-22,2026-09-22,23450.0,CE,NIFTY2692223450CE,0.0,0.0,0.0,1013.95,0.0,1013.95,24090.85,882.85,0,0,0,0.0,0,F1,65,,,,,
2026-08-27,2026-08-27,FO,NSE,IDO,57387,,NIFTY,,2026-09-22,2026-09-22,24200.0,CE,NIFTY2692224200CE,355.3,359.6,269.55,283.05,273.0,366.25,24090.85,283.05,29575,15470,791,1259870199.25,551,F1,65,,,,,
2026-08-27,2026-08-27,FO,NSE,IDO,57701,,NIFTY,,2026-09-22,2026-09-22,24650.0,CE,NIFTY2692224650CE,0.0,0.0,0.0,336.8,0.0,336.8,24090.85,231.2,0,0,0,0.0,0,F1,65,,,,,
2026-08-27,2026-08-27,FO,NSE,IDO,58032,,NIFTY,,2026-09-22,2026-09-22,26050.0,CE,NIFTY2692226050CE,0.0,0.0,0.0,49.7,0.0,49.7,24090.85,19.43,0,0,0,0.0,0,F1,65,,,,,
2026-08-27,2026-08-27,FO,NSE,IDO,57954,,NIFTY,,2026-09-22,2026-09-22,25600.0,PE,NIFTY2692225600PE,0.0,0.0,0.0,1396.5,0.0,1396.5,24090.85,1447.24,0,0,0,0.0,0,F1,65,,,,,
2026-08-27,2026-08-27,FO,NSE,IDO,57889,,NIFTY,,2026-09-22,2026-09-22,25300.0,PE,NIFTY2692225300PE,0.0,0.0,0.0,1150.25,0.0,1150.25,24090.85,1183.68,0,0,0,0.0,0,F1,65,,,,,
2026-08-27,2026-08-27,FO,NSE,IDO,57847,,NIFTY,,2026-09-22,2026-09-22,25100.0,PE,NIFTY2692225100PE,0.0,0.0,0.0,997.6,0.0,997.6,24090.85,1018.02,0,0,0,0.0,0,F1,65,,,,,
2026-08-27,2026-08-27,FO,NSE,IDO,74056,,NIFTY,,2026-09-29,2026-09-29,23900.0,CE,NIFTY26SEP23900CE,598.05,608.7,507.55,519.35,516.75,634.15,24090.85,519.35,59085,585,684,1087092308.25,484,F1,65,,,,,
2026-08-27,2026-08-27,FO,NSE,IDO,65900,,NIFTY,,2026-09-29,2026-09-29,24000.0,CE,NIFTY26SEP24000CE,542.4,555.0,442.0,455.6,445.0,560.3,24090.85,455.6,2939950,139620,17456,27779222058.25,11525,F1,65,,,,,
2026-08-27,2026-08-27,FO,NSE,IDO,74064,,NIFTY,,2026-09-29,2026-09-29,24100.0,CE,NIFTY26SEP24100CE,468.4,477.05,374.25,388.9,382.85,481.4,24090.85,388.9,521170,163865,13171,20983015072.5,9054,F1,65,,,,,
2026-08-27,2026-08-27,FO,NSE,IDO,74359,,NIFTY,,2026-09-29,2026-09-29,24850.0,CE,NIFTY26SEP24850CE,99.6,116.0,71.7,75.55,72.4,108.05,24090.85,75.55,140010,12870,1780,2884748012.25,1175,F1,65,,,,,
2026-08-27,2026-08-27,FO,NSE,IDO,74414,,NIFTY,,2026-09-29,2026-09-29,25650.0,CE,NIFTY26SEP25650CE,11.5,11.55,9.9,10.6,10.0,12.3,24090.85,10.6,27755,3315,225,375288943.25,153,F1,65,,,,,
2026-08-27,2026-08-27,FO,NSE,IDO,74489,,NIFTY,,2026-09-29,2026-09-29,26700.0,CE,NIFTY26SEP26700CE,0.0,0.0,0.0,3.35,3.35,3.35,24090.85,10.81,2535,0,0,0.0,0,F1,65,,,,,
2026-08-27,2026-08-27,FO,NSE,IDO,74497,,NIFTY,,2026-09-29,2026-09-29,26900.0,CE,NIFTY26SEP26900CE,3.5,4.4,3.0,3.5,4.4,2.95,24090.85,3.5,5590,1690,100,174870540.0,84,F1,65,,,,,
2026-08-27,2026-08-27,FO,NSE,IDO,51348,,NIFTY,,2026-10-27,2026-10-27,22900.0,CE,NIFTY26OCT22900CE,0.0,0.0,0.0,1691.95,0.0,1691.95,24090.85,1587.57,0,0,0,0.0,0,F1,65,,,,,
2026-08-27,2026-08-27,FO,NSE,IDO,51364,,NIFTY,,2026-10-27,2026-10-27,23300.0,CE,NIFTY26OCT23300CE,1160.0,1160.0,1160.0,1160.0,1160.0,1221.3,24090.85,1280.67,2015,65,1,1589900.0,1,F1,65,,,,,
2026-08-27,2026-08-27,FO,NSE,IDO,57797,,NIFTY,,2026-09-22,2026-09-22,25000.0,PE,NIFTY2692225000PE,0.0,0.0,0.0,680.0,680.0,680.0,24090.85,938.83,0,0,0,0.0,0,F1,65,,,,,
2026-08-27,2026-08-27,FO,NSE,IDO,51496,,NIFTY,,2026-10-27,2026-10-27,26150.0,CE,NIFTY26OCT26150CE,0.0,0.0,0.0,228.35,0.0,228.35,24090.85,119.91,0,0,0,0.0,0,F1,65,,,,,
2026-08-27,2026-08-27,FO,NSE,IDO,51512,,NIFTY,,2026-10-27,2026-10-27,26550.0,CE,NIFTY26OCT26550CE,0.0,0.0,0.0,164.25,0.0,164.25,24090.85,75.72,0,0,0,0.0,0,F1,65,,,,,
2026-08-27,2026-08-27,FO,NSE,IDO,51522,,NIFTY,,2026-10-27,2026-10-27,26800.0,CE,NIFTY26OCT26800CE,0.0,0.0,0.0,132.4,0.0,132.4,24090.85,55.89,0,0,0,0.0,0,F1,65,,,,,
2026-08-27,2026-08-27,FO,NSE,IDO,51528,,NIFTY,,2026-10-27,2026-10-27,26950.0,CE,NIFTY26OCT26950CE,0.0,0.0,0.0,115.95,0.0,115.95,24090.85,46.3,0,0,0,0.0,0,F1,65,,,,,
2026-08-27,2026-08-27,FO,NSE,IDO,64284,,NIFTY,,2026-11-23,2026-11-23,22550.0,CE,NIFTY26NOV22550CE,0.0,0.0,0.0,2241.1,0.0,2241.1,24090.85,2039.79,0,0,0,0.0,0,F1,65,,,,,
2026-08-27,2026-08-27,FO,NSE,IDO,64325,,NIFTY,,2026-11-23,2026-11-23,22900.0,CE,NIFTY26NOV22900CE,0.0,0.0,0.0,1951.7,0.0,1951.7,24090.85,1759.48,0,0,0,0.0,0,F1,65,,,,,
2026-08-27,2026-08-27,FO,NSE,IDO,64413,,NIFTY,,2026-11-23,2026-11-23,24400.0,CE,NIFTY26NOV24400CE,0.0,0.0,0.0,935.5,0.0,935.5,24090.85,800.5,0,0,0,0.0,0,F1,65,,,,,
2026-08-27,2026-08-27,FO,NSE,IDO,64425,,NIFTY,,2026-11-23,2026-11-23,24700.0,CE,NIFTY26NOV24700CE,446.6,446.6,385.25,390.2,385.25,477.4,24090.85,390.2,1885,975,24,39171993.25,22,F1,65,,,,,
2026-08-27,2026-08-27,FO,NSE,IDO,64439,,NIFTY,,2026-11-23,2026-11-23,25000.0,CE,NIFTY26NOV25000CE,304.95,314.85,264.15,269.8,264.55,323.45,24090.85,269.8,93405,62530,1830,3007660399.25,1514,F1,65,,,,,
2026-08-27,2026-08-27,FO,NSE,IDO,64458,,NIFTY,,2026-11-23,2026-11-23,25350.0,CE,NIFTY26NOV25350CE,0.0,0.0,0.0,514.1,0.0,514.1,24090.85,421.84,0,0,0,0.0,0,F1,65,,,,,
2026-08-27,2026-08-27,FO,NSE,IDO,64499,,NIFTY,,2026-11-23,2026-11-23,26050.0,CE,NIFTY26NOV26050CE,0.0,0.0,0.0,309.45,0.0,309.45,24090.85,244.64,0,0,0,0.0,0,F1,65,,,,,
2026-08-27,2026-08-27,FO,NSE,IDO,37806,,NIFTY,,2026-12-29,2026-12-29,23000.0,CE,NIFTY26DEC23000CE,1860.6,1890.0,1780.0,1798.05,1792.8,1925.25,24090.85,1798.05,328655,4810,369,595706962.5,252,F1,65,,,,,
2026-08-27,2026-08-27,FO,NSE,IDO,71549,,NIFTY,,2027-06-29,2027-06-29,19000.0,CE,NIFTY27JUN19000CE,0.0,0.0,0.0,7800.0,7800.0,7800.0,24090.85,6135.96,75,0,0,0.0,0,F1,65,,,,,
2026-08-27,2026-08-27,FO,NSE,IDO,55380,,NIFTY,,2027-06-29,2027-06-29,31500.0,CE,NIFTY27JUN31500CE,0.0,0.0,0.0,769.15,0.0,769.15,24090.85,134.56,0,0,0,0.0,0,F1,65,,,,,
2026-08-27,2026-08-27,FO,NSE,IDO,86139,,NIFTY,,2028-06-27,2028-06-27,18000.0,CE,NIFTY28JUN18000CE,0.0,0.0,0.0,6809.35,0.0,6809.35,24090.85,8183.49,0,0,0,0.0,0,F1,65,,,,,
2026-08-27,2026-08-27,FO,NSE,IDO,55564,,NIFTY,,2029-06-26,2029-06-26,28500.0,CE,NIFTY29JUN28500CE,0.0,0.0,0.0,4213.3,0.0,4213.3,24090.85,2806.96,0,0,0,0.0,0,F1,65,,,,,
2026-08-27,2026-08-27,FO,NSE,IDO,89642,,NIFTY,,2029-06-26,2029-06-26,30000.0,CE,NIFTY29JUN30000CE,0.0,0.0,0.0,5268.4,0.0,5268.4,24090.85,2266.16,0,0,0,0.0,0,F1,65,,,,,
2026-08-27,2026-08-27,FO,NSE,IDO,55608,,NIFTY,,2029-12-24,2029-12-24,31500.0,CE,NIFTY29DEC31500CE,0.0,0.0,0.0,3429.3,0.0,3429.3,24090.85,2328.4,0,0,0,0.0,0,F1,65,,,,,
2026-08-27,2026-08-27,FO,NSE,IDO,55644,,NIFTY,,2030-06-25,2030-06-25,22500.0,CE,NIFTY30JUN22500CE,0.0,0.0,0.0,9012.4,0.0,9012.4,24090.85,7121.16,0,0,0,0.0,0,F1,65,,,,,
2026-08-27,2026-08-27,FO,NSE,IDO,55762,,NIFTY,,2030-12-31,2030-12-31,30000.0,CE,NIFTY30DEC30000CE,0.0,0.0,0.0,5227.2,0.0,5227.2,24090.85,3954.63,0,0,0,0.0,0,F1,65,,,,,
2026-08-27,2026-08-27,FO,NSE,IDO,74649,,NIFTY,,2031-06-24,2031-06-24,24000.0,CE,NIFTY31JUN24000CE,0.0,0.0,0.0,7181.9,0.0,7181.9,24090.85,7332.98,0,0,0,0.0,0,F1,65,,,,,
2026-08-27,2026-08-27,FO,NSE,IDO,46984,,NIFTY,,2026-09-01,2026-09-01,23950.0,PE,NIFTY2690123950PE,12.0,33.4,9.7,25.55,29.95,13.2,24090.85,25.55,2068170,479635,673237,1049010787431.75,235773,F1,65,,,,,
2026-08-27,2026-08-27,FO,NSE,IDO,47012,,NIFTY,,2026-09-01,2026-09-01,24650.0,PE,NIFTY2690124650PE,345.95,496.25,284.75,463.15,483.1,331.95,24090.85,463.15,132145,-22490,6931,11289928975.0,4858,F1,65,,,,,
2026-08-27,2026-08-27,FO,NSE,IDO,47024,,NIFTY,,2026-09-01,2026-09-01,24950.0,PE,NIFTY2690124950PE,631.25,782.45,631.2,744.5,782.45,599.5,24090.85,744.5,21645,1495,259,432171509.25,239,F1,65,,,,,
2026-08-27,2026-08-27,FO,NSE,IDO,47036,,NIFTY,,2026-09-01,2026-09-01,25250.0,PE,NIFTY2690125250PE,1014.8,1067.45,983.5,989.5,989.5,822.3,24090.85,1139.35,1430,260,21,35834051.5,20,F1,65,,,,,
2026-08-27,2026-08-27,FO,NSE,IDO,47042,,NIFTY,,2026-09-01,2026-09-01,25400.0,PE,NIFTY2690125400PE,1157.95,1232.05,1157.95,1219.0,1224.7,1042.75,24090.85,1219.0,36400,-780,129,223005412.5,115,F1,65,,,,,
2026-08-27,2026-08-27,FO,NSE,IDO,47070,,NIFTY,,2026-09-01,2026-09-01,26100.0,PE,NIFTY2690126100PE,0.0,0.0,0.0,1870.0,1870.0,1870.0,24090.85,1987.49,130,0,0,0.0,0,F1,65,,,,,
2026-08-27,2026-08-27,FO,NSE,IDO,47090,,NIFTY,,2026-09-01,2026-09-01,26600.0,PE,NIFTY2690126600PE,0.0,0.0,0.0,2266.3,0.0,2266.3,24090.85,2487.08,0,0,0,0.0,0,F1,65,,,,,
2026-08-27,2026-08-27,FO,NSE,IDO,42604,,NIFTY,,2026-09-08,2026-09-08,23300.0,PE,NIFTY2690823300PE,6.2,10.3,6.1,9.7,9.85,6.7,24090.85,9.7,330005,53625,12831,19439567420.0,6104,F1,65,,,,,
2026-08-27,2026-08-27,FO,NSE,IDO,42658,,NIFTY,,2026-09-08,2026-09-08,24400.0,PE,NIFTY2690824400PE,187.4,284.75,176.05,265.3,273.3,172.85,24090.85,265.3,786695,154180,23498,37626389580.0,17443,F1,65,,,,,
2026-08-27,2026-08-27,FO,NSE,IDO,42662,,NIFTY,,2026-09-08,2026-09-08,24500.0,PE,NIFTY2690824500PE,239.4,357.9,233.85,332.9,345.5,231.35,24090.85,332.9,686400,23660,15571,25105138870.5,11186,F1,65,,,,,
2026-08-27,2026-08-27,FO,NSE,IDO,42692,,NIFTY,,2026-09-08,2026-09-08,25100.0,PE,NIFTY2690825100PE,837.0,837.0,837.0,837.0,837.0,821.65,24090.85,990.16,130,65,1,1685905.0,1,F1,65,,,,,
2026-08-27,2026-08-27,FO,NSE,IDO,42728,,NIFTY,,2026-09-08,2026-09-08,25700.0,PE,NIFTY2690825700PE,0.0,0.0,0.0,1116.5,0.0,1116.5,24090.85,1562.32,0,0,0,0.0,0,F1,65,,,,,
2026-08-27,2026-08-27,FO,NSE,IDO,42768,,NIFTY,,2026-09-08,2026-09-08,26350.0,PE,NIFTY2690826350PE,0.0,0.0,0.0,1656.4,0.0,1656.4,24090.85,2207.0,0,0,0,0.0,0,F1,65,,,,,
2026-08-27,2026-08-27,FO,NSE,IDO,47310,,NIFTY,,2026-09-15,2026-09-15,23800.0,PE,NIFTY2691523800PE,37.8,68.0,37.8,62.5,67.45,38.95,24090.85,62.5,220545,35295,2998,4648857349.5,2116,F1,65,,,,,
2026-08-27,2026-08-27,FO,NSE,IDO,47324,,NIFTY,,2026-09-15,2026-09-15,24100.0,PE,NIFTY2691524100PE,92.85,149.85,89.85,141.7,148.3,92.85,24090.85,141.7,144885,12740,3465,5456053999.5,2466,F1,65,,,,,
2026-08-27,2026-08-27,FO,NSE,IDO,55421,,NIFTY,,2027-12-28,2027-12-28,16500.0,PE,NIFTY27DEC16500PE,0.0,0.0,0.0,52.05,52.05,52.05,24090.85,7.42,130,0,0,0.0,0,F1,65,,,,,
2026-08-27,2026-08-27,FO,NSE,IDO,80277,,NIFTY,,2027-03-30,2027-03-30,27000.0,PE,NIFTY27MAR27000PE,1908.0,1987.65,1900.0,1981.75,1987.65,1856.25,24090.85,1981.75,53560,585,36,67715102.0,28,F1,65,,,,,
2026-08-27,2026-08-27,FO,NSE,IDO,55333,,NIFTY,,2026-12-29,2026-12-29,31500.0,PE,NIFTY26DEC31500PE,0.0,0.0,0.0,4059.3,0.0,4059.3,24090.85,6718.63,0,0,0,0.0,0,F1,65,,,,,
2026-08-27,2026-08-27,FO,NSE,IDO,50548,,NIFTY,,2026-12-29,2026-12-29,28000.0,PE,NIFTY26DEC28000PE,3117.0,3225.0,3117.0,3203.75,3225.0,3070.9,24090.85,3203.75,912440,195,65,131673587.5,62,F1,65,,,,,
2026-08-27,2026-08-27,FO,NSE,IDO,58647,,NIFTY,,2026-12-29,2026-12-29,21000.0,PE,NIFTY26DEC21000PE,38.05,39.4,36.05,37.55,38.05,38.0,24090.85,37.55,1056510,-12155,1786,2442248230.5,1245,F1,65,,,,,
2026-08-27,2026-08-27,FO,NSE,IDO,64496,,NIFTY,,2026-11-23,2026-11-23,25950.0,PE,NIFTY26NOV25950PE,0.0,0.0,0.0,1562.8,0.0,1562.8,24090.85,1717.44,0,0,0,0.0,0,F1,65,,,,,
2026-08-27,2026-08-27,FO,NSE,IDO,64469,,NIFTY,,2026-11-23,2026-11-23,25400.0,PE,NIFTY26NOV25400PE,0.0,0.0,0.0,1184.75,0.0,1184.75,24090.85,1317.14,0,0,0,0.0,0,F1,65,,,,,
2026-08-27,2026-08-27,FO,NSE,IDO,64452,,NIFTY,,2026-11-23,2026-11-23,25200.0,PE,NIFTY26NOV25200PE,0.0,0.0,0.0,1060.25,0.0,1060.25,24090.85,1184.07,0,0,0,0.0,0,F1,65,,,,,
2026-08-27,2026-08-27,FO,NSE,IDO,64362,,NIFTY,,2026-11-23,2026-11-23,23400.0,PE,NIFTY26NOV23400PE,0.0,0.0,0.0,287.6,0.0,287.6,24090.85,334.53,0,0,0,0.0,0,F1,65,,,,,
2026-08-27,2026-08-27,FO,NSE,IDO,64350,,NIFTY,,2026-11-23,2026-11-23,23150.0,PE,NIFTY26NOV23150PE,0.0,0.0,0.0,226.95,0.0,226.95,24090.85,267.63,0,0,0,0.0,0,F1,65,,,,,
2026-08-27,2026-08-27,FO,NSE,IDO,64346,,NIFTY,,2026-11-23,2026-11-23,23050.0,PE,NIFTY26NOV23050PE,0.0,0.0,0.0,205.8,0.0,205.8,24090.85,242.51,0,0,0,0.0,0,F1,65,,,,,
2026-08-27,2026-08-27,FO,NSE,IDO,64285,,NIFTY,,2026-11-23,2026-11-23,22550.0,PE,NIFTY26NOV22550PE,0.0,0.0,0.0,121.55,0.0,121.55,24090.85,145.1,0,0,0,0.0,0,F1,65,,,,,
2026-08-27,2026-08-27,FO,NSE,IDO,51531,,NIFTY,,2026-10-27,2026-10-27,27000.0,PE,NIFTY26OCT27000PE,0.0,0.0,0.0,2386.7,2420.0,2386.7,24090.85,2658.2,27430,0,0,0.0,0,F1,65,,,,,
2026-08-27,2026-08-27,FO,NSE,IDO,51503,,NIFTY,,2026-10-27,2026-10-27,26300.0,PE,NIFTY26OCT26300PE,0.0,0.0,0.0,2121.9,0.0,2121.9,24090.85,2023.7,0,0,0,0.0,0,F1,65,,,,,
2026-08-27,2026-08-27,FO,NSE,IDO,51453,,NIFTY,,2026-10-27,2026-10-27,25300.0,PE,NIFTY26OCT25300PE,896.45,915.0,896.4,915.0,915.0,849.0,24090.85,1219.24,715,0,3,5109510.25,3,F1,65,,,,,
2026-08-27,2026-08-27,FO,NSE,IDO,51405,,NIFTY,,2026-10-27,2026-10-27,24250.0,PE,NIFTY26OCT24250PE,262.85,316.1,262.85,308.75,316.1,256.6,24090.85,308.75,18460,1170,79,125997790.75,66,F1,65,,,,,
2026-08-27,2026-08-27,FO,NSE,IDO,51397,,NIFTY,,2026-10-27,2026-10-27,24050.0,PE,NIFTY26OCT24050PE,203.35,245.3,201.15,242.1,243.5,186.1,24090.85,242.1,3835,1040,33,52053946.75,27,F1,65,,,,,
2026-08-27,2026-08-27,FO,NSE,IDO,51389,,NIFTY,,2026-10-27,2026-10-27,23900.0,PE,NIFTY26OCT23900PE,165.0,201.15,161.0,197.75,199.25,151.55,24090.85,197.75,104065,2535,530,829760330.75,387,F1,65,,,,,
2026-08-27,2026-08-27,FO,NSE,IDO,51363,,NIFTY,,2026-10-27,2026-10-27,23250.0,PE,NIFTY26OCT23250PE,0.0,0.0,0.0,356.75,0.0,356.75,24090.85,222.22,0,0,0,0.0,0,F1,65,,,,,
2026-08-27,2026-08-27,FO,NSE,IDO,51329,,NIFTY,,2026-10-27,2026-10-27,22450.0,PE,NIFTY26OCT22450PE,0.0,0.0,0.0,43.05,43.05,43.05,24090.85,80.93,845,0,0,0.0,0,F1,65,,,,,
2026-08-27,2026-08-27,FO,NSE,IDO,51325,,NIFTY,,2026-10-27,2026-10-27,22350.0,PE,NIFTY26OCT22350PE,0.0,0.0,0.0,31.95,31.95,31.95,24090.85,70.11,2145,0,0,0.0,0,F1,65,,,,,
2026-08-27,2026-08-27,FO,NSE,IDO,74486,,NIFTY,,2026-09-29,2026-09-29,26600.0,PE,NIFTY26SEP26600PE,0.0,0.0,0.0,2474.55,0.0,2474.55,24090.85,2365.08,0,0,0,0.0,0,F1,65,,,,,
2026-08-27,2026-08-27,FO,NSE,IDO,74468,,NIFTY,,2026-09-29,2026-09-29,26250.0,PE,NIFTY26SEP26250PE,0.0,0.0,0.0,2180.0,0.0,2180.0,24090.85,2029.83,0,0,0,0.0,0,F1,65,,,,,
2026-08-27,2026-08-27,FO,NSE,IDO,74443,,NIFTY,,2026-09-29,2026-09-29,26100.0,PE,NIFTY26SEP26100PE,0.0,0.0,0.0,1621.6,1621.6,1621.6,24090.85,1888.83,9295,0,0,0.0,0,F1,65,,,,,
2026-08-27,2026-08-27,FO,NSE,IDO,55287,,NIFTY,,2026-09-29,2026-09-29,25500.0,PE,NIFTY26SEP25500PE,1064.9,1233.0,1064.9,1212.75,1225.05,1065.95,24090.85,1212.75,1594645,-1170,507,878919112.5,435,F1,65,,,,,
2026-08-27,2026-08-27,FO,NSE,IDO,74369,,NIFTY,,2026-09-29,2026-09-29,25100.0,PE,NIFTY26SEP25100PE,717.6,852.05,709.4,822.3,846.5,684.9,24090.85,822.3,79235,-455,189,318046199.25,148,F1,65,,,,,
2026-08-27,2026-08-27,FO,NSE,IDO,74046,,NIFTY,,2026-09-29,2026-09-29,23800.0,PE,NIFTY26SEP23800PE,78.5,119.1,73.95,114.0,116.0,78.55,24090.85,114.0,1374750,161200,15985,24834201031.25,10396,F1,65,,,,,
2026-08-27,2026-08-27,FO,NSE,IDO,73907,,NIFTY,,2026-09-29,2026-09-29,23100.0,PE,NIFTY26SEP23100PE,22.2,32.3,22.2,31.3,31.55,23.25,24090.85,31.3,523315,-6890,3415,5133628194.5,2108,F1,65,,,,,
2026-08-27,2026-08-27,FO,NSE,IDO,73892,,NIFTY,,2026-09-29,2026-09-29,22700.0,PE,NIFTY26SEP22700PE,15.2,18.55,13.65,17.75,17.6,15.2,24090.85,17.75,344955,-6110,1352,1996335172.0,838,F1,65,,,,,
2026-08-27,2026-08-27,FO,NSE,IDO,73866,,NIFTY,,2026-09-29,2026-09-29,22000.0,PE,NIFTY26SEP22000PE,10.7,12.05,9.55,10.55,10.15,10.45,24090.85,10.55,2279420,147810,9617,13758705779.0,3938,F1,65,,,,,
2026-08-27,2026-08-27,FO,NSE,IDO,57921,,NIFTY,,2026-09-22,2026-09-22,25500.0,PE,NIFTY2692225500PE,0.0,0.0,0.0,1312.45,0.0,1312.45,24090.85,1357.65,0,0,0,0.0,0,F1,65,,,,,
2026-08-27,2026-08-27,FO,NSE,IDO,57894,,NIFTY,,2026-09-22,2026-09-22,25350.0,PE,NIFTY2692225350PE,0.0,0.0,0.0,1190.0,0.0,1190.0,24090.85,1226.46,0,0,0,0.0,0,F1,65,,,,,
2026-08-27,2026-08-27,FO,NSE,IDO,57428,,NIFTY,,2026-09-22,2026-09-22,24250.0,PE,NIFTY2692224250PE,195.0,239.45,192.1,233.3,238.45,162.0,24090.85,233.3,1300,-2795,107,170069893.5,54,F1,65,,,,,
2026-08-27,2026-08-27,FO,NSE,IDO,57083,,NIFTY,,2026-09-22,2026-09-22,23750.0,PE,NIFTY2692223750PE,0.0,0.0,0.0,260.6,0.0,260.6,24090.85,227.52,0,0,0,0.0,0,F1,65,,,,,
2026-08-27,2026-08-27,FO,NSE,IDO,56981,,NIFTY,,2026-09-22,2026-09-22,23200.0,PE,NIFTY2692223200PE,0.0,0.0,0.0,119.0,0.0,119.0,24090.85,89.95,0,0,0,0.0,0,F1,65,,,,,
2026-08-27,2026-08-27,FO,NSE,IDO,56977,,NIFTY,,2026-09-22,2026-09-22,23100.0,PE,NIFTY2692223100PE,0.0,0.0,0.0,101.35,0.0,101.35,24090.85,74.12,0,0,0,0.0,0,F1,65,,,,,
2026-08-27,2026-08-27,FO,NSE,IDO,47355,,NIFTY,,2026-09-15,2026-09-15,24800.0,PE,NIFTY2691524800PE,502.95,550.1,502.95,541.25,541.25,430.0,24090.85,760.16,195,65,5,8232818.75,5,F1,65,,,,,
2026-08-27,2026-08-27,FO,NSE,IDO,47352,,NIFTY,,2026-09-15,2026-09-15,24750.0,PE,NIFTY2691524750PE,459.0,523.35,459.0,506.45,506.45,392.45,24090.85,723.37,2600,-325,10,16407966.25,10,F1,65,,,,,
2026-08-27,2026-08-27,FO,NSE,IDO,47296,,NIFTY,,2026-09-15,2026-09-15,23450.0,PE,NIFTY2691523450PE,0.0,0.0,0.0,114.05,0.0,114.05,24090.85,102.94,0,0,0,0.0,0,F1,65,,,,,
2026-08-27,2026-08-27,FO,NSE,IDO,47276,,NIFTY,,2026-09-15,2026-09-15,22950.0,PE,NIFTY2691522950PE,7.2,10.05,7.2,9.7,9.15,9.0,24090.85,9.7,6240,-65,26,38800264.75,17,F1,65,,,,,
2026-08-27,2026-08-27,FO,NSE,IDO,42746,,NIFTY,,2026-09-08,2026-09-08,26000.0,PE,NIFTY2690826000PE,1733.0,1742.0,1710.0,1710.0,1710.0,1615.0,24090.85,1858.75,520,390,6,10814440.0,6,F1,65,,,,,
2026-08-27,2026-08-27,FO,NSE,IDO,42736,,NIFTY,,2026-09-08,2026-09-08,25850.0,PE,NIFTY2690825850PE,0.0,0.0,0.0,1234.05,0.0,1234.05,24090.85,1710.15,0,0,0,0.0,0,F1,65,,,,,
2026-08-27,2026-08-27,FO,NSE,IDO,42715,,NIFTY,,2026-09-08,2026-09-08,25550.0,PE,NIFTY2690825550PE,0.0,0.0,0.0,1003.8,0.0,1003.8,24090.85,1415.69,0,0,0,0.0,0,F1,65,,,,,
2026-08-27,2026-08-27,FO,NSE,IDO,42676,,NIFTY,,2026-09-08,2026-09-08,24850.0,PE,NIFTY2690824850PE,0.0,0.0,0.0,504.4,507.0,504.4,24090.85,770.97,1625,0,0,0.0,0,F1,65,,,,,
2026-08-27,2026-08-27,FO,NSE,IDO,42648,,NIFTY,,2026-09-08,2026-09-08,24200.0,PE,NIFTY2690824200PE,85.6,166.15,85.6,150.2,159.75,92.25,24090.85,150.2,1476995,608140,91169,144202984376.75,64224,F1,65,,,,,
2026-08-27,2026-08-27,FO,NSE,IDO,42644,,NIFTY,,2026-09-08,2026-09-08,24100.0,PE,NIFTY2690824100PE,63.9,121.85,58.8,108.9,117.25,63.85,24090.85,108.9,1063335,91585,48197,75801028995.25,33938,F1,65,,,,,
2026-08-27,2026-08-27,FO,NSE,IDO,42630,,NIFTY,,2026-09-08,2026-09-08,23750.0,PE,NIFTY2690823750PE,20.15,37.9,17.9,33.7,37.0,19.5,24090.85,33.7,152620,7280,9608,14850126648.5,6419,F1,65,,,,,
2026-08-27,2026-08-27,FO,NSE,IDO,42592,,NIFTY,,2026-09-08,2026-09-08,23000.0,PE,NIFTY2690823000PE,4.6,6.4,4.1,5.75,5.5,4.85,24090.85,5.75,606710,164840,15030,22475075158.25,7332,F1,65,,,,,
2026-08-27,2026-08-27,FO,NSE,IDO,42584,,NIFTY,,2026-09-08,2026-09-08,22800.0,PE,NIFTY2690822800PE,3.35,5.3,3.25,4.65,4.65,4.2,24090.85,4.65,273000,179400,8993,13330240004.25,5526,F1,65,,,,,
2026-08-27,2026-08-27,FO,NSE,IDO,42576,,NIFTY,,2026-09-08,2026-09-08,22600.0,PE,NIFTY2690822600PE,3.5,4.65,3.15,3.8,3.55,3.9,24090.85,3.8,70980,-390,1470,2159800373.25,919,F1,65,,,,,
2026-08-27,2026-08-27,FO,NSE,IDO,47068,,NIFTY,,2026-09-01,2026-09-01,26050.0,PE,NIFTY2690126050PE,0.0,0.0,0.0,1800.0,1800.0,1800.0,24090.85,1937.54,65,0,0,0.0,0,F1,65,,,,,
2026-08-27,2026-08-27,FO,NSE,IDO,47010,,NIFTY,,2026-09-01,2026-09-01,24600.0,PE,NIFTY2690124600PE,293.2,440.6,283.5,410.9,430.15,281.3,24090.85,410.9,562575,-41600,34322,55690445313.75,21612,F1,65,,,,,
2026-08-27,2026-08-27,FO,NSE,IDO,46972,,NIFTY,,2026-09-01,2026-09-01,23650.0,PE,NIFTY2690123650PE,3.65,7.6,2.95,5.4,5.5,3.95,24090.85,5.4,1435525,439270,261161,401555602542.25,62518,F1,65,,,,,
2026-08-27,2026-08-27,FO,NSE,IDO,46952,,NIFTY,,2026-09-01,2026-09-01,23150.0,PE,NIFTY2690123150PE,1.7,2.5,1.3,1.45,1.6,2.0,24090.85,1.45,356395,142025,52226,78593050175.25,13234,F1,65,,,,,
2026-08-27,2026-08-27,FO,NSE,IDO,46942,,NIFTY,,2026-09-01,2026-09-01,22900.0,PE,NIFTY2690122900PE,1.45,2.15,1.1,1.35,1.55,1.7,24090.85,1.35,927810,397020,50908,75781474291.25,14357,F1,65,,,,,
2026-08-27,2026-08-27,FO,NSE,IDO,46918,,NIFTY,,2026-09-01,2026-09-01,22300.0,PE,NIFTY2690122300PE,1.4,1.4,0.75,1.0,0.9,1.15,24090.85,1.0,417625,133185,16278,23596031595.5,6774,F1,65,,,,,
2026-08-27,2026-08-27,FO,NSE,IDO,55766,,NIFTY,,2030-12-31,2030-12-31,33000.0,CE,NIFTY30DEC33000CE,0.0,0.0,0.0,3948.25,0.0,3948.25,24090.85,2931.69,0,0,0,0.0,0,F1,65,,,,,
2026-08-27,2026-08-27,FO,NSE,IDO,61794,,NIFTY,,2029-12-24,2029-12-24,27000.0,CE,NIFTY29DEC27000CE,0.0,0.0,0.0,6201.65,0.0,6201.65,24090.85,4048.42,0,0,0,0.0,0,F1,65,,,,,
2026-08-27,2026-08-27,FO,NSE,IDO,89630,,NIFTY,,2029-06-26,2029-06-26,24000.0,CE,NIFTY29JUN24000CE,0.0,0.0,0.0,8085.35,0.0,8085.35,24090.85,5018.48,0,0,0,0.0,0,F1,65,,,,,
2026-08-27,2026-08-27,FO,NSE,IDO,47198,,NIFTY,,2028-12-26,2028-12-26,33000.0,CE,NIFTY28DEC33000CE,0.0,0.0,0.0,2477.5,0.0,2477.5,24090.85,997.25,0,0,0,0.0,0,F1,65,,,,,
2026-08-27,2026-08-27,FO,NSE,IDO,55518,,NIFTY,,2028-12-26,2028-12-26,19500.0,CE,NIFTY28DEC19500CE,0.0,0.0,0.0,9716.4,0.0,9716.4,24090.85,7514.12,0,0,0,0.0,0,F1,65,,,,,
2026-08-27,2026-08-27,FO,NSE,IDO,86145,,NIFTY,,2028-06-27,2028-06-27,21000.0,CE,NIFTY28JUN21000CE,0.0,0.0,0.0,5226.55,0.0,5226.55,24090.85,5747.94,0,0,0,0.0,0,F1,65,,,,,
2026-08-27,2026-08-27,FO,NSE,IDO,71547,,NIFTY,,2027-06-29,2027-06-29,18000.0,CE,NIFTY27JUN18000CE,0.0,0.0,0.0,4066.45,0.0,4066.45,24090.85,7063.98,0,0,0,0.0,0,F1,65,,,,,
2026-08-27,2026-08-27,FO,NSE,IDO,35235,,NIFTY,,2026-12-29,2026-12-29,30000.0,CE,NIFTY26DEC30000CE,9.7,11.0,9.5,10.05,9.6,10.0,24090.85,10.05,807340,-525,308,600802891.0,224,F1,65,,,,,
2026-08-27,2026-08-27,FO,NSE,IDO,57680,,NIFTY,,2026-09-22,2026-09-22,24600.0,PE,NIFTY2692224600PE,0.0,0.0,0.0,658.8,0.0,658.8,24090.85,651.01,0,0,0,0.0,0,F1,65,,,,,
2026-08-27,2026-08-27,FO,NSE,IDO,57587,,NIFTY,,2026-09-22,2026-09-22,24450.0,PE,NIFTY2692224450PE,0.0,0.0,0.0,250.55,254.0,250.55,24090.85,556.76,1105,0,0,0.0,0,F1,65,,,,,
2026-08-27,2026-08-27,FO,NSE,IDO,57520,,NIFTY,,2026-09-22,2026-09-22,24400.0,PE,NIFTY2692224400PE,249.05,314.45,232.4,309.1,311.95,216.2,24090.85,309.1,8710,-1235,325,521266635.5,219,F1,65,,,,,
2026-08-27,2026-08-27,FO,NSE,IDO,57147,,NIFTY,,2026-09-22,2026-09-22,23950.0,PE,NIFTY2692223950PE,0.0,0.0,0.0,333.65,0.0,333.65,24090.85,302.83,0,0,0,0.0,0,F1,65,,,,,
2026-08-27,2026-08-27,FO,NSE,IDO,56996,,NIFTY,,2026-09-22,2026-09-22,23350.0,PE,NIFTY2692223350PE,0.0,0.0,0.0,149.8,0.0,149.8,24090.85,118.47,0,0,0,0.0,0,F1,65,,,,,
2026-08-27,2026-08-27,FO,NSE,IDO,56876,,NIFTY,,2026-09-22,2026-09-22,22550.0,PE,NIFTY2692222550PE,0.0,0.0,0.0,10.75,10.75,10.75,24090.85,21.95,0,0,0,0.0,0,F1,65,,,,,
2026-08-27,2026-08-27,FO,NSE,IDO,56874,,NIFTY,,2026-09-22,2026-09-22,22500.0,PE,NIFTY2692222500PE,8.0,11.2,7.8,9.05,9.1,8.2,24090.85,9.05,18590,2210,79,115582873.25,45,F1,65,,,,,
2026-08-27,2026-08-27,FO,NSE,IDO,47412,,NIFTY,,2026-09-15,2026-09-15,25750.0,PE,NIFTY2691525750PE,0.0,0.0,0.0,1263.75,0.0,1263.75,24090.85,1594.26,0,0,0,0.0,0,F1,65,,,,,
2026-08-27,2026-08-27,FO,NSE,IDO,47396,,NIFTY,,2026-09-15,2026-09-15,25600.0,PE,NIFTY2691525600PE,0.0,0.0,0.0,1144.25,0.0,1144.25,24090.85,1452.09,0,0,0,0.0,0,F1,65,,,,,
2026-08-27,2026-08-27,FO,NSE,IDO,47388,,NIFTY,,2026-09-15,2026-09-15,25450.0,PE,NIFTY2691525450PE,0.0,0.0,0.0,1030.55,0.0,1030.55,24090.85,1312.66,0,0,0,0.0,0,F1,65,,,,,
2026-08-27,2026-08-27,FO,NSE,IDO,47364,,NIFTY,,2026-09-15,2026-09-15,25000.0,PE,NIFTY2691525000PE,644.05,775.0,644.0,769.7,775.0,655.25,24090.85,769.7,845,-130,25,41802143.5,17,F1,65,,,,,
2026-08-27,2026-08-27,FO,NSE,IDO,47343,,NIFTY,,2026-09-15,2026-09-15,24550.0,PE,NIFTY2691524550PE,288.9,389.0,284.35,388.95,388.9,275.1,24090.85,388.95,4160,-1495,40,64735869.25,40,F1,65,,,,,
2026-08-27,2026-08-27,FO,NSE,IDO,47330,,NIFTY,,2026-09-15,2026-09-15,24250.0,PE,NIFTY2691524250PE,144.9,213.6,136.1,205.05,211.85,133.95,24090.85,205.05,10530,-8060,1346,2137101157.75,867,F1,65,,,,,
2026-08-27,2026-08-27,FO,NSE,IDO,47286,,NIFTY,,2026-09-15,2026-09-15,23200.0,PE,NIFTY2691523200PE,0.0,0.0,0.0,75.8,0.0,75.8,24090.85,59.52,0,0,0,0.0,0,F1,65,,,,,
2026-08-27,2026-08-27,FO,NSE,IDO,47262,,NIFTY,,2026-09-15,2026-09-15,22600.0,PE,NIFTY2691522600PE,6.1,6.3,5.75,6.05,6.05,6.85,24090.85,6.05,1495,585,36,52898046.5,17,F1,65,,,,,
2026-08-27,2026-08-27,FO,NSE,IDO,42734,,NIFTY,,2026-09-08,2026-09-08,25800.0,PE,NIFTY2690825800PE,0.0,0.0,0.0,1194.35,0.0,1194.35,24090.85,1660.77,0,0,0,0.0,0,F1,65,,,,,
2026-08-27,2026-08-27,FO,NSE,IDO,42674,,NIFTY,,2026-09-08,2026-09-08,24800.0,PE,NIFTY2690824800PE,493.65,614.0,465.75,598.95,614.0,440.4,24090.85,598.95,21060,3900,196,322952100.25,149,F1,65,,,,,
2026-08-27,2026-08-27,FO,NSE,IDO,42666,,NIFTY,,2026-09-08,2026-09-08,24600.0,PE,NIFTY2690824600PE,325.45,436.3,305.05,410.1,434.3,305.35,24090.85,410.1,89115,-42185,2410,3911651454.75,1791,F1,65,,,,,
2026-08-27,2026-08-27,FO,NSE,IDO,42652,,NIFTY,,2026-09-08,2026-09-08,24300.0,PE,NIFTY2690824300PE,139.9,219.5,128.5,201.35,214.85,128.65,24090.85,201.35,1520480,224770,62825,99954231640.25,47219,F1,65,,,,,
2026-08-27,2026-08-27,FO,NSE,IDO,42596,,NIFTY,,2026-09-08,2026-09-08,23100.0,PE,NIFTY2690823100PE,5.45,7.1,4.6,6.6,6.9,5.3,24090.85,6.6,194025,32890,7615,11436904661.0,4888,F1,65,,,,,
2026-08-27,2026-08-27,FO,NSE,IDO,42578,,NIFTY,,2026-09-08,2026-09-08,22650.0,PE,NIFTY2690822650PE,3.9,4.6,2.5,3.8,3.25,4.0,24090.85,3.8,10595,6435,390,574266572.75,225,F1,65,,,,,
2026-08-27,2026-08-27,FO,NSE,IDO,47109,,NIFTY,,2026-09-01,2026-09-01,26950.0,PE,NIFTY2690126950PE,0.0,0.0,0.0,2597.5,0.0,2597.5,24090.85,2836.79,0,0,0,0.0,0,F1,65,,,,,
2026-08-27,2026-08-27,FO,NSE,IDO,47064,,NIFTY,,2026-09-01,2026-09-01,25950.0,PE,NIFTY2690125950PE,0.0,0.0,0.0,1679.0,0.0,1679.0,24090.85,1837.62,0,0,0,0.0,0,F1,65,,,,,
2026-08-27,2026-08-27,FO,NSE,IDO,47016,,NIFTY,,2026-09-01,2026-09-01,24750.0,PE,NIFTY2690124750PE,450.3,585.15,421.8,556.2,579.15,420.15,24090.85,556.2,80405,1040,1485,2438229511.25,1126,F1,65,,,,,
2026-08-27,2026-08-27,FO,NSE,IDO,46978,,NIFTY,,2026-09-01,2026-09-01,23800.0,PE,NIFTY2690123800PE,5.5,14.85,4.8,11.1,12.35,6.5,24090.85,11.1,6344585,1787890,706345,1093145661448.75,173183,F1,65,,,,,
2026-08-27,2026-08-27,FO,NSE,IDO,46962,,NIFTY,,2026-09-01,2026-09-01,23400.0,PE,NIFTY2690123400PE,2.35,3.7,2.05,2.45,2.75,2.65,24090.85,2.45,2556255,600340,234961,357415220422.0,48931,F1,65,,,,,
2026-08-27,2026-08-27,FO,NSE,IDO,46950,,NIFTY,,2026-09-01,2026-09-01,23100.0,PE,NIFTY2690123100PE,1.6,2.4,1.2,1.45,1.6,2.0,24090.85,1.45,825305,-592410,175963,264227504570.25,30854,F1,65,,,,,
2026-08-27,2026-08-27,FO,NSE,IDO,46936,,NIFTY,,2026-09-01,2026-09-01,22750.0,PE,NIFTY2690122750PE,1.35,1.8,1.0,1.25,1.3,1.5,24090.85,1.25,73645,3250,11358,16796634689.25,4536,F1,65,,,,,
2026-08-27,2026-08-27,FO,NSE,IDO,46916,,NIFTY,,2026-09-01,2026-09-01,22250.0,PE,NIFTY2690122250PE,1.05,1.35,0.75,1.0,1.0,1.05,24090.85,1.0,45565,18525,3111,4499487934.5,1481,F1,65,,,,,
2026-08-27,2026-08-27,FO,NSE,IDO,55758,,NIFTY,,2030-12-31,2030-12-31,27000.0,CE,NIFTY30DEC27000CE,0.0,0.0,0.0,6772.8,0.0,6772.8,24090.85,5243.26,0,0,0,0.0,0,F1,65,,,,,
2026-08-27,2026-08-27,FO,NSE,IDO,55704,,NIFTY,,2030-12-31,2030-12-31,22500.0,CE,NIFTY30DEC22500CE,0.0,0.0,0.0,9536.95,0.0,9536.95,24090.85,7690.48,0,0,0,0.0,0,F1,65,,,,,
2026-08-27,2026-08-27,FO,NSE,IDO,60944,,NIFTY,,2030-06-25,2030-06-25,33000.0,CE,NIFTY30JUN33000CE,0.0,0.0,0.0,4416.45,0.0,4416.45,24090.85,2406.94,0,0,0,0.0,0,F1,65,,,,,
2026-08-27,2026-08-27,FO,NSE,IDO,60904,,NIFTY,,2030-06-25,2030-06-25,24000.0,CE,NIFTY30JUN24000CE,0.0,0.0,0.0,8591.55,0.0,8591.55,24090.85,6221.22,0,0,0,0.0,0,F1,65,,,,,
2026-08-27,2026-08-27,FO,NSE,IDO,67794,,NIFTY,,2028-12-26,2028-12-26,30000.0,CE,NIFTY28DEC30000CE,1190.0,1190.0,1190.0,1190.0,1190.0,1200.0,24090.85,1715.86,11750,0,1,2027350.0,1,F1,65,,,,,
2026-08-27,2026-08-27,FO,NSE,IDO,55524,,NIFTY,,2028-12-26,2028-12-26,28500.0,CE,NIFTY28DEC28500CE,0.0,0.0,0.0,3608.65,0.0,3608.65,24090.85,2213.45,0,0,0,0.0,0,F1,65,,,,,
2026-08-27,2026-08-27,FO,NSE,IDO,67790,,NIFTY,,2028-12-26,2028-12-26,28000.0,CE,NIFTY28DEC28000CE,0.0,0.0,0.0,2129.45,2129.45,2129.45,24090.85,2402.64,8460,0,0,0.0,0,F1,65,,,,,
2026-08-27,2026-08-27,FO,NSE,IDO,55522,,NIFTY,,2028-12-26,2028-12-26,25500.0,CE,NIFTY28DEC25500CE,0.0,0.0,0.0,3800.0,3800.0,3800.0,24090.85,3537.61,0,0,0,0.0,0,F1,65,,,,,
2026-08-27,2026-08-27,FO,NSE,IDO,67782,,NIFTY,,2028-12-26,2028-12-26,24000.0,CE,NIFTY28DEC24000CE,0.0,0.0,0.0,4700.0,4700.0,4700.0,24090.85,4375.61,1235,0,0,0.0,0,F1,65,,,,,
2026-08-27,2026-08-27,FO,NSE,IDO,67770,,NIFTY,,2028-12-26,2028-12-26,18000.0,CE,NIFTY28DEC18000CE,0.0,0.0,0.0,9380.3,0.0,9380.3,24090.85,8715.2,0,0,0,0.0,0,F1,65,,,,,
2026-08-27,2026-08-27,FO,NSE,IDO,53624,,NIFTY,,2027-12-28,2027-12-28,24000.0,CE,NIFTY27DEC24000CE,2830.0,2850.2,2779.25,2806.45,2820.0,2934.7,24090.85,2806.45,36270,-65,15,26140078.25,14,F1,65,,,,,
2026-08-27,2026-08-27,FO,NSE,IDO,35262,,NIFTY,,2027-06-29,2027-06-29,30000.0,CE,NIFTY27JUN30000CE,0.0,0.0,0.0,1478.4,0.0,1478.4,24090.85,262.26,0,0,0,0.0,0,F1,65,,,,,
2026-08-27,2026-08-27,FO,NSE,IDO,71505,,NIFTY,,2026-12-29,2026-12-29,26000.0,CE,NIFTY26DEC26000CE,177.95,179.85,150.7,155.05,150.7,180.6,24090.85,155.05,3406105,75540,12168,20690952678.5,4878,F1,65,,,,,
2026-08-27,2026-08-27,FO,NSE,IDO,71503,,NIFTY,,2026-12-29,2026-12-29,25000.0,CE,NIFTY26DEC25000CE,501.2,520.0,449.0,459.95,449.15,515.7,24090.85,459.95,2346685,20145,6780,11228526013.25,3983,F1,65,,,,,
2026-08-27,2026-08-27,FO,NSE,IDO,64473,,NIFTY,,2026-11-23,2026-11-23,25500.0,CE,NIFTY26NOV25500CE,0.0,0.0,0.0,463.05,0.0,463.05,24090.85,377.24,0,0,0,0.0,0,F1,65,,,,,
2026-08-27,2026-08-27,FO,NSE,IDO,64435,,NIFTY,,2026-11-23,2026-11-23,24900.0,CE,NIFTY26NOV24900CE,0.0,0.0,0.0,691.9,0.0,691.9,24090.85,579.65,0,0,0,0.0,0,F1,65,,,,,
2026-08-27,2026-08-27,FO,NSE,IDO,64423,,NIFTY,,2026-11-23,2026-11-23,24650.0,CE,NIFTY26NOV24650CE,0.0,0.0,0.0,807.5,0.0,807.5,24090.85,683.88,0,0,0,0.0,0,F1,65,,,,,
2026-08-27,2026-08-27,FO,NSE,IDO,42583,,NIFTY,,2026-09-08,2026-09-08,22800.0,CE,NIFTY2690822800CE,0.0,0.0,0.0,1977.1,0.0,1977.1,24090.85,1343.07,0,0,0,0.0,0,F1,65,,,,,
2026-08-27,2026-08-27,FO,NSE,IDO,47094,,NIFTY,,2026-09-01,2026-09-01,26650.0,CE,NIFTY2690126650CE,0.55,1.0,0.5,0.55,0.5,0.65,24090.85,0.55,15990,9230,1292,2238124200.0,445,F1,65,,,,,
2026-08-27,2026-08-27,FO,NSE,IDO,47065,,NIFTY,,2026-09-01,2026-09-01,26000.0,CE,NIFTY2690126000CE,0.7,1.2,0.6,0.75,0.7,0.7,24090.85,0.75,4017325,-110760,141301,238805877911.25,22245,F1,65,,,,,
2026-08-27,2026-08-27,FO,NSE,IDO,47059,,NIFTY,,2026-09-01,2026-09-01,25850.0,CE,NIFTY2690125850CE,0.8,1.4,0.65,0.75,0.65,0.7,24090.85,0.75,226395,27755,11248,18900125692.5,2693,F1,65,,,,,
2026-08-27,2026-08-27,FO,NSE,IDO,47045,,NIFTY,,2026-09-01,2026-09-01,25500.0,CE,NIFTY2690125500CE,5.0,5.0,1.0,1.2,1.1,1.15,24090.85,1.2,11946480,5524025,495866,821942718320.75,90128,F1,65,,,,,
2026-08-27,2026-08-27,FO,NSE,IDO,47033,,NIFTY,,2026-09-01,2026-09-01,25200.0,CE,NIFTY2690125200CE,2.0,2.85,1.3,1.65,1.4,2.0,24090.85,1.65,5483400,2451020,617472,1011499741265.0,98663,F1,65,,,,,
2026-08-27,2026-08-27,FO,NSE,IDO,71501,,NIFTY,,2026-12-29,2026-12-29,24000.0,CE,NIFTY26DEC24000CE,1120.0,1120.0,1005.05,1017.7,1011.55,1117.6,24090.85,1017.7,1274260,31980,2046,3331475569.5,1494,F1,65,,,,,
2026-08-27,2026-08-27,FO,NSE,IDO,64501,,NIFTY,,2026-11-23,2026-11-23,26100.0,CE,NIFTY26NOV26100CE,0.0,0.0,0.0,297.8,0.0,297.8,24090.85,234.73,0,0,0,0.0,0,F1,65,,,,,
2026-08-27,2026-08-27,FO,NSE,IDO,64489,,NIFTY,,2026-11-23,2026-11-23,25800.0,CE,NIFTY26NOV25800CE,0.0,0.0,0.0,372.6,0.0,372.6,24090.85,300.25,0,0,0,0.0,0,F1,65,,,,,
2026-08-27,2026-08-27,FO,NSE,IDO,64487,,NIFTY,,2026-11-23,2026-11-23,25750.0,CE,NIFTY26NOV25750CE,0.0,0.0,0.0,386.65,0.0,386.65,24090.85,312.21,0,0,0,0.0,0,F1,65,,,,,
2026-08-27,2026-08-27,FO,NSE,IDO,64445,,NIFTY,,2026-11-23,2026-11-23,25150.0,CE,NIFTY26NOV25150CE,0.0,0.0,0.0,588.45,0.0,588.45,24090.85,487.4,0,0,0,0.0,0,F1,65,,,,,
2026-08-27,2026-08-27,FO,NSE,IDO,64443,,NIFTY,,2026-11-23,2026-11-23,25100.0,CE,NIFTY26NOV25100CE,312.6,312.6,225.0,225.0,225.0,608.15,24090.85,225.0,130,130,2,3297944.0,2,F1,65,,,,,
2026-08-27,2026-08-27,FO,NSE,IDO,64419,,NIFTY,,2026-11-23,2026-11-23,24550.0,CE,NIFTY26NOV24550CE,0.0,0.0,0.0,857.25,0.0,857.25,24090.85,729.02,0,0,0,0.0,0,F1,65,,,,,
2026-08-27,2026-08-27,FO,NSE,IDO,64411,,NIFTY,,2026-11-23,2026-11-23,24350.0,CE,NIFTY26NOV24350CE,0.0,0.0,0.0,962.55,0.0,962.55,24090.85,825.44,0,0,0,0.0,0,F1,65,,,,,
2026-08-27,2026-08-27,FO,NSE,IDO,64399,,NIFTY,,2026-11-23,2026-11-23,24050.0,CE,NIFTY26NOV24050CE,0.0,0.0,0.0,1135.35,0.0,1135.35,24090.85,985.1,0,0,0,0.0,0,F1,65,,,,,
2026-08-27,2026-08-27,FO,NSE,IDO,64353,,NIFTY,,2026-11-23,2026-11-23,23250.0,CE,NIFTY26NOV23250CE,0.0,0.0,0.0,1679.6,0.0,1679.6,24090.85,1499.05,0,0,0,0.0,0,F1,65,,,,,
2026-08-27,2026-08-27,FO,NSE,IDO,64286,,NIFTY,,2026-11-23,2026-11-23,22600.0,CE,NIFTY26NOV22600CE,0.0,0.0,0.0,2198.8,0.0,2198.8,24090.85,1998.68,0,0,0,0.0,0,F1,65,,,,,
2026-08-27,2026-08-27,FO,NSE,IDO,51538,,NIFTY,,2026-10-27,2026-10-27,27150.0,CE,NIFTY26OCT27150CE,0.0,0.0,0.0,96.75,0.0,96.75,24090.85,35.77,0,0,0,0.0,0,F1,65,,,,,
2026-08-27,2026-08-27,FO,NSE,IDO,51534,,NIFTY,,2026-10-27,2026-10-27,27050.0,CE,NIFTY26OCT27050CE,0.0,0.0,0.0,106.0,0.0,106.0,24090.85,40.74,0,0,0,0.0,0,F1,65,,,,,
2026-08-27,2026-08-27,FO,NSE,IDO,51486,,NIFTY,,2026-10-27,2026-10-27,25900.0,CE,NIFTY26OCT25900CE,0.0,0.0,0.0,277.95,0.0,277.95,24090.85,157.23,0,0,0,0.0,0,F1,65,,,,,
2026-08-27,2026-08-27,FO,NSE,IDO,51478,,NIFTY,,2026-10-27,2026-10-27,25700.0,CE,NIFTY26OCT25700CE,49.9,49.9,38.05,40.0,38.05,50.7,24090.85,40.0,190320,-8840,2002,3349858489.25,1310,F1,65,,,,,
2026-08-27,2026-08-27,FO,NSE,IDO,51470,,NIFTY,,2026-10-27,2026-10-27,25550.0,CE,NIFTY26OCT25550CE,0.0,0.0,0.0,361.35,0.0,361.35,24090.85,224.94,0,0,0,0.0,0,F1,65,,,,,
2026-08-27,2026-08-27,FO,NSE,IDO,51434,,NIFTY,,2026-10-27,2026-10-27,24900.0,CE,NIFTY26OCT24900CE,215.45,224.25,173.6,178.0,174.6,224.7,24090.85,178.0,111150,23595,1559,2542546191.25,1036,F1,65,,,,,
2026-08-27,2026-08-27,FO,NSE,IDO,51412,,NIFTY,,2026-10-27,2026-10-27,24450.0,CE,NIFTY26OCT24450CE,404.95,404.95,353.95,363.45,353.95,441.7,24090.85,363.45,13910,5915,254,409956189.5,178,F1,65,,,,,
2026-08-27,2026-08-27,FO,NSE,IDO,51410,,NIFTY,,2026-10-27,2026-10-27,24400.0,CE,NIFTY26OCT24400CE,458.1,464.6,380.15,389.75,381.45,468.85,24090.85,389.75,90350,15795,1368,2205949642.0,1132,F1,65,,,,,
2026-08-27,2026-08-27,FO,NSE,IDO,51392,,NIFTY,,2026-10-27,2026-10-27,24000.0,CE,NIFTY26OCT24000CE,720.0,723.05,620.0,635.25,626.25,739.95,24090.85,635.25,329420,-15210,3287,5268977415.0,2508,F1,65,,,,,
2026-08-27,2026-08-27,FO,NSE,IDO,51346,,NIFTY,,2026-10-27,2026-10-27,22850.0,CE,NIFTY26OCT22850CE,0.0,0.0,0.0,1729.4,0.0,1729.4,24090.85,1628.11,0,0,0,0.0,0,F1,65,,,,,
2026-08-27,2026-08-27,FO,NSE,IDO,51340,,NIFTY,,2026-10-27,2026-10-27,22700.0,CE,NIFTY26OCT22700CE,0.0,0.0,0.0,1740.0,1740.0,1740.0,24090.85,1752.2,260,0,0,0.0,0,F1,65,,,,,
2026-08-27,2026-08-27,FO,NSE,IDO,51334,,NIFTY,,2026-10-27,2026-10-27,22600.0,CE,NIFTY26OCT22600CE,0.0,0.0,0.0,1922.3,0.0,1922.3,24090.85,1836.88,0,0,0,0.0,0,F1,65,,,,,
2026-08-27,2026-08-27,FO,NSE,IDO,51326,,NIFTY,,2026-10-27,2026-10-27,22400.0,CE,NIFTY26OCT22400CE,0.0,0.0,0.0,2083.15,0.0,2083.15,24090.85,2010.45,0,0,0,0.0,0,F1,65,,,,,
2026-08-27,2026-08-27,FO,NSE,IDO,51320,,NIFTY,,2026-10-27,2026-10-27,22300.0,CE,NIFTY26OCT22300CE,0.0,0.0,0.0,2165.6,0.0,2165.6,24090.85,2099.15,0,0,0,0.0,0,F1,65,,,,,
2026-08-27,2026-08-27,FO,NSE,IDO,55292,,NIFTY,,2026-09-29,2026-09-29,34500.0,CE,NIFTY26SEP34500CE,0.0,0.0,0.0,0.65,0.65,0.65,24090.85,0.0,9880,0,0,0.0,0,F1,65,,,,,
2026-08-27,2026-08-27,FO,NSE,IDO,74507,,NIFTY,,2026-09-29,2026-09-29,27200.0,CE,NIFTY26SEP27200CE,2.8,3.05,2.3,2.5,2.4,2.75,24090.85,2.5,37895,-520,63,111394601.5,36,F1,65,,,,,
2026-08-27,2026-08-27,FO,NSE,IDO,74483,,NIFTY,,2026-09-29,2026-09-29,26550.0,CE,NIFTY26SEP26550CE,2.9,3.85,2.9,3.7,3.7,154.75,24090.85,3.7,5135,5135,115,198488345.25,52,F1,65,,,,,
2026-08-27,2026-08-27,FO,NSE,IDO,74475,,NIFTY,,2026-09-29,2026-09-29,26350.0,CE,NIFTY26SEP26350CE,0.0,0.0,0.0,182.8,0.0,182.8,24090.85,21.49,0,0,0,0.0,0,F1,65,,,,,
2026-08-27,2026-08-27,FO,NSE,IDO,74467,,NIFTY,,2026-09-29,2026-09-29,26250.0,CE,NIFTY26SEP26250CE,0.0,0.0,0.0,198.4,0.0,198.4,24090.85,25.9,0,0,0,0.0,0,F1,65,,,,,
2026-08-27,2026-08-27,FO,NSE,IDO,74388,,NIFTY,,2026-09-29,2026-09-29,25350.0,CE,NIFTY26SEP25350CE,25.0,25.25,18.65,19.9,18.65,26.0,24090.85,19.9,45630,1170,648,1068641834.0,346,F1,65,,,,,
2026-08-27,2026-08-27,FO,NSE,IDO,74068,,NIFTY,,2026-09-29,2026-09-29,24200.0,CE,NIFTY26SEP24200CE,399.4,416.85,316.05,330.85,320.0,416.85,24090.85,330.85,2605785,615095,44164,70477655030.25,26992,F1,65,,,,,
2026-08-27,2026-08-27,FO,NSE,IDO,74058,,NIFTY,,2026-09-29,2026-09-29,23950.0,CE,NIFTY26SEP23950CE,566.9,567.0,476.5,490.4,497.3,625.0,24090.85,490.4,14625,7280,350,556602283.25,325,F1,65,,,,,
2026-08-27,2026-08-27,FO,NSE,IDO,73901,,NIFTY,,2026-09-29,2026-09-29,22950.0,CE,NIFTY26SEP22950CE,0.0,0.0,0.0,1529.05,1529.05,1529.05,24090.85,1352.48,260,0,0,0.0,0,F1,65,,,,,
2026-08-27,2026-08-27,FO,NSE,IDO,55284,,NIFTY,,2026-09-29,2026-09-29,22500.0,CE,NIFTY26SEP22500CE,1870.0,1870.0,1766.85,1787.15,1768.55,1941.95,24090.85,1787.15,537940,3055,150,237138853.25,129,F1,65,,,,,
2026-08-27,2026-08-27,FO,NSE,IDO,73856,,NIFTY,,2026-09-29,2026-09-29,21900.0,CE,NIFTY26SEP21900CE,2400.0,2400.0,2400.0,2400.0,2400.0,2500.0,24090.85,2328.04,585,-130,2,3159000.0,2,F1,65,,,,,
2026-08-27,2026-08-27,FO,NSE,IDO,58014,,NIFTY,,2026-09-22,2026-09-22,25900.0,CE,NIFTY2692225900CE,5.85,5.85,4.6,5.35,5.45,5.05,24090.85,5.35,16445,-4615,228,383913621.0,140,F1,65,,,,,
2026-08-27,2026-08-27,FO,NSE,IDO,58010,,NIFTY,,2026-09-22,2026-09-22,25800.0,CE,NIFTY2692225800CE,0.0,0.0,0.0,73.8,0.0,73.8,24090.85,32.69,0,0,0,0.0,0,F1,65,,,,,
2026-08-27,2026-08-27,FO,NSE,IDO,57996,,NIFTY,,2026-09-22,2026-09-22,25700.0,CE,NIFTY2692225700CE,0.0,0.0,0.0,85.85,0.0,85.85,24090.85,39.87,0,0,0,0.0,0,F1,65,,,,,
2026-08-27,2026-08-27,FO,NSE,IDO,47323,,NIFTY,,2026-09-15,2026-09-15,24100.0,CE,NIFTY2691524100CE,364.1,375.0,276.05,287.4,279.4,393.6,24090.85,287.4,63830,49790,2705,4291268029.75,1950,F1,65,,,,,
2026-08-27,2026-08-27,FO,NSE,IDO,57951,,NIFTY,,2026-09-22,2026-09-22,25600.0,CE,NIFTY2692225600CE,9.9,11.95,7.55,8.4,8.15,8.7,24090.85,8.4,9035,5720,209,347894001.0,99,F1,65,,,,,
2026-08-27,2026-08-27,FO,NSE,IDO,57873,,NIFTY,,2026-09-22,2026-09-22,25250.0,CE,NIFTY2692225250CE,0.0,0.0,0.0,100.25,100.25,100.25,24090.85,91.03,65,0,0,0.0,0,F1,65,,,,,
2026-08-27,2026-08-27,FO,NSE,IDO,57441,,NIFTY,,2026-09-22,2026-09-22,24300.0,CE,NIFTY2692224300CE,303.7,303.7,216.35,227.3,220.0,303.7,24090.85,227.3,33800,11245,704,1123435261.0,497,F1,65,,,,,
2026-08-27,2026-08-27,FO,NSE,IDO,57228,,NIFTY,,2026-09-22,2026-09-22,24050.0,CE,NIFTY2692224050CE,418.0,418.0,364.05,376.55,364.05,618.9,24090.85,376.55,585,585,12,19069033.75,10,F1,65,,,,,
2026-08-27,2026-08-27,FO,NSE,IDO,56980,,NIFTY,,2026-09-22,2026-09-22,23200.0,CE,NIFTY2692223200CE,0.0,0.0,0.0,1208.1,0.0,1208.1,24090.85,1080.73,0,0,0,0.0,0,F1,65,,,,,
2026-08-27,2026-08-27,FO,NSE,IDO,56937,,NIFTY,,2026-09-22,2026-09-22,22900.0,CE,NIFTY2692222900CE,0.0,0.0,0.0,1459.55,0.0,1459.55,24090.85,1338.59,0,0,0,0.0,0,F1,65,,,,,
2026-08-27,2026-08-27,FO,NSE,IDO,47275,,NIFTY,,2026-09-15,2026-09-15,22950.0,CE,NIFTY2691522950CE,0.0,0.0,0.0,1703.2,0.0,1703.2,24090.85,1245.25,0,0,0,0.0,0,F1,65,,,,,
2026-08-27,2026-08-27,FO,NSE,IDO,47269,,NIFTY,,2026-09-15,2026-09-15,22800.0,CE,NIFTY2691522800CE,0.0,0.0,0.0,1840.25,0.0,1840.25,24090.85,1384.08,0,0,0,0.0,0,F1,65,,,,,
2026-08-27,2026-08-27,FO,NSE,IDO,47257,,NIFTY,,2026-09-15,2026-09-15,22500.0,CE,NIFTY2691522500CE,0.0,0.0,0.0,2121.7,0.0,2121.7,24090.85,1670.47,0,0,0,0.0,0,F1,65,,,,,
2026-08-27,2026-08-27,FO,NSE,IDO,42747,,NIFTY,,2026-09-08,2026-09-08,26050.0,CE,NIFTY2690826050CE,1.6,1.9,1.25,1.45,1.4,1.7,24090.85,1.45,38740,5200,458,775556239.25,197,F1,65,,,,,
2026-08-27,2026-08-27,FO,NSE,IDO,42729,,NIFTY,,2026-09-08,2026-09-08,25750.0,CE,NIFTY2690825750CE,2.25,2.7,1.7,2.15,1.7,2.3,24090.85,2.15,12805,1885,190,318041265.75,127,F1,65,,,,,
2026-08-27,2026-08-27,FO,NSE,IDO,42608,,NIFTY,,2026-09-08,2026-09-08,23400.0,CE,NIFTY2690823400CE,931.75,931.75,807.65,826.55,807.65,1438.9,24090.85,826.55,715,715,33,51992447.0,26,F1,65,,,,,
2026-08-27,2026-08-27,FO,NSE,IDO,47100,,NIFTY,,2026-09-01,2026-09-01,26750.0,CE,NIFTY2690126750CE,0.65,0.95,0.5,0.6,0.55,0.7,24090.85,0.6,14495,6955,857,1490146391.5,575,F1,65,,,,,
2026-08-27,2026-08-27,FO,NSE,IDO,47077,,NIFTY,,2026-09-01,2026-09-01,26300.0,CE,NIFTY2690126300CE,0.85,1.05,0.55,0.7,0.55,0.7,24090.85,0.7,157885,-14495,16768,28665667754.75,3862,F1,65,,,,,
2026-08-27,2026-08-27,FO,NSE,IDO,47055,,NIFTY,,2026-09-01,2026-09-01,25750.0,CE,NIFTY2690125750CE,0.75,1.5,0.65,0.8,0.7,0.75,24090.85,0.8,448370,90415,23188,38812357723.75,5515,F1,65,,,,,
2026-08-27,2026-08-27,FO,NSE,IDO,46997,,NIFTY,,2026-09-01,2026-09-01,24300.0,CE,NIFTY2690124300CE,124.4,124.4,49.45,57.95,51.45,133.65,24090.85,57.95,13216450,4370665,2217212,3513086703184.5,944064,F1,65,,,,,
2026-08-27,2026-08-27,FO,NSE,IDO,46993,,NIFTY,,2026-09-01,2026-09-01,24200.0,CE,NIFTY2690124200CE,179.4,190.9,86.0,98.75,89.4,197.7,24090.85,98.75,9989720,6338865,2385908,3771840787045.5,1223289,F1,65,,,,,
2026-08-27,2026-08-27,FO,NSE,IDO,46987,,NIFTY,,2026-09-01,2026-09-01,24050.0,CE,NIFTY2690124050CE,297.6,307.0,171.7,191.3,179.2,316.85,24090.85,191.3,677495,453830,150343,237144800607.0,98262,F1,65,,,,,
2026-08-27,2026-08-27,FO,NSE,IDO,46973,,NIFTY,,2026-09-01,2026-09-01,23700.0,CE,NIFTY2690123700CE,633.15,633.15,475.0,502.3,479.85,642.75,24090.85,502.3,180960,-1495,3575,5631775191.25,2740,F1,65,,,,,
2026-08-27,2026-08-27,FO,NSE,IDO,74639,,NIFTY,,2031-06-24,2031-06-24,16500.0,PE,NIFTY31JUN16500PE,0.0,0.0,0.0,95.65,0.0,95.65,24090.85,57.84,0,0,0,0.0,0,F1,65,,,,,
2026-08-27,2026-08-27,FO,NSE,IDO,55699,,NIFTY,,2030-12-31,2030-12-31,18000.0,PE,NIFTY30DEC18000PE,0.0,0.0,0.0,32.3,0.0,32.3,24090.85,108.94,0,0,0,0.0,0,F1,65,,,,,
2026-08-27,2026-08-27,FO,NSE,IDO,60939,,NIFTY,,2030-06-25,2030-06-25,30000.0,PE,NIFTY30JUN30000PE,0.0,0.0,0.0,2100.85,0.0,2100.85,24090.85,2623.57,0,0,0,0.0,0,F1,65,,,,,
2026-08-27,2026-08-27,FO,NSE,IDO,60911,,NIFTY,,2030-06-25,2030-06-25,27000.0,PE,NIFTY30JUN27000PE,0.0,0.0,0.0,1286.05,0.0,1286.05,24090.85,1554.33,0,0,0,0.0,0,F1,65,,,,,
2026-08-27,2026-08-27,FO,NSE,IDO,55645,,NIFTY,,2030-06-25,2030-06-25,22500.0,PE,NIFTY30JUN22500PE,0.0,0.0,0.0,223.75,0.0,223.75,24090.85,531.31,0,0,0,0.0,0,F1,65,,,,,
2026-08-27,2026-08-27,FO,NSE,IDO,60893,,NIFTY,,2030-06-25,2030-06-25,18000.0,PE,NIFTY30JUN18000PE,0.0,0.0,0.0,116.65,0.0,116.65,24090.85,102.97,0,0,0,0.0,0,F1,65,,,,,
2026-08-27,2026-08-27,FO,NSE,IDO,61375,,NIFTY,,2029-12-24,2029-12-24,15000.0,PE,NIFTY29DEC15000PE,0.0,0.0,0.0,29.0,29.0,29.0,24090.85,16.24,65,0,0,0.0,0,F1,65,,,,,
2026-08-27,2026-08-27,FO,NSE,IDO,53632,,NIFTY,,2027-12-28,2027-12-28,27000.0,PE,NIFTY27DEC27000PE,1700.15,1751.35,1700.15,1748.8,1751.0,1683.0,24090.85,1748.8,47995,465,25,46684423.5,24,F1,65,,,,,
2026-08-27,2026-08-27,FO,NSE,IDO,42633,,NIFTY,,2026-09-08,2026-09-08,23850.0,CE,NIFTY2690823850CE,477.0,477.0,400.95,420.75,400.95,518.25,24090.85,420.75,3315,2730,70,110462150.5,60,F1,65,,,,,
2026-08-27,2026-08-27,FO,NSE,IDO,42643,,NIFTY,,2026-09-08,2026-09-08,24100.0,CE,NIFTY2690824100CE,336.4,336.4,215.65,229.2,221.75,337.9,24090.85,229.2,437385,203970,21970,34775850651.75,15850,F1,65,,,,,
2026-08-27,2026-08-27,FO,NSE,IDO,42709,,NIFTY,,2026-09-08,2026-09-08,25450.0,CE,NIFTY2690825450CE,2.8,3.85,1.65,2.6,2.7,244.7,24090.85,2.6,15405,15405,612,1012515543.0,277,F1,65,,,,,
2026-08-27,2026-08-27,FO,NSE,IDO,42714,,NIFTY,,2026-09-08,2026-09-08,25550.0,CE,NIFTY2690825550CE,3.05,3.5,1.55,2.2,2.1,3.1,24090.85,2.2,34450,17940,856,1421741067.5,400,F1,65,,,,,
2026-08-27,2026-08-27,FO,NSE,IDO,42723,,NIFTY,,2026-09-08,2026-09-08,25600.0,CE,NIFTY2690825600CE,2.95,3.2,2.1,2.5,2.9,2.9,24090.85,2.5,224835,-308620,16596,27618558522.75,5849,F1,65,,,,,
2026-08-27,2026-08-27,FO,NSE,IDO,42741,,NIFTY,,2026-09-08,2026-09-08,25900.0,CE,NIFTY2690825900CE,2.0,3.7,1.5,1.65,1.5,1.95,24090.85,1.65,51610,23335,1521,2560784850.0,1087,F1,65,,,,,
2026-08-27,2026-08-27,FO,NSE,IDO,42753,,NIFTY,,2026-09-08,2026-09-08,26100.0,CE,NIFTY2690826100CE,1.5,1.7,1.05,1.35,1.05,1.5,24090.85,1.35,17355,8125,337,571753533.0,201,F1,65,,,,,
2026-08-27,2026-08-27,FO,NSE,IDO,42761,,NIFTY,,2026-09-08,2026-09-08,26200.0,CE,NIFTY2690826200CE,1.25,1.65,1.05,1.1,1.05,1.45,24090.85,1.1,10140,5070,222,378084794.75,115,F1,65,,,,,
2026-08-27,2026-08-27,FO,NSE,IDO,47295,,NIFTY,,2026-09-15,2026-09-15,23450.0,CE,NIFTY2691523450CE,0.0,0.0,0.0,1271.65,0.0,1271.65,24090.85,817.65,0,0,0,0.0,0,F1,65,,,,,
2026-08-27,2026-08-27,FO,NSE,IDO,47363,,NIFTY,,2026-09-15,2026-09-15,25000.0,CE,NIFTY2691525000CE,28.0,28.7,16.55,19.3,17.95,28.6,24090.85,19.3,671580,200265,13492,21943375671.75,7662,F1,65,,,,,
2026-08-27,2026-08-27,FO,NSE,IDO,56837,,NIFTY,,2026-09-22,2026-09-22,22400.0,CE,NIFTY2692222400CE,0.0,0.0,0.0,1912.1,0.0,1912.1,24090.85,1802.34,0,0,0,0.0,0,F1,65,,,,,
2026-08-27,2026-08-27,FO,NSE,IDO,57125,,NIFTY,,2026-09-22,2026-09-22,23900.0,CE,NIFTY2692223900CE,497.15,497.15,484.45,487.7,484.45,613.15,24090.85,487.7,780,130,8,12683290.75,8,F1,65,,,,,
2026-08-27,2026-08-27,FO,NSE,IDO,57638,,NIFTY,,2026-09-22,2026-09-22,24550.0,CE,NIFTY2692224550CE,135.0,142.8,124.7,129.35,126.55,181.75,24090.85,129.35,3250,1625,41,65777227.75,26,F1,65,,,,,
2026-08-27,2026-08-27,FO,NSE,IDO,58030,,NIFTY,,2026-09-22,2026-09-22,26000.0,CE,NIFTY2692226000CE,0.0,0.0,0.0,53.9,0.0,53.9,24090.85,21.62,0,0,0,0.0,0,F1,65,,,,,
2026-08-27,2026-08-27,FO,NSE,IDO,55280,,NIFTY,,2026-09-29,2026-09-29,16500.0,CE,NIFTY26SEP16500CE,0.0,0.0,0.0,10168.85,0.0,10168.85,24090.85,7688.42,0,0,0,0.0,0,F1,65,,,,,
2026-08-27,2026-08-27,FO,NSE,IDO,73831,,NIFTY,,2026-09-29,2026-09-29,21650.0,CE,NIFTY26SEP21650CE,2600.0,2600.0,2600.0,2600.0,2600.0,2630.65,24090.85,2600.0,65,65,1,1576250.0,1,F1,65,,,,,
2026-08-27,2026-08-27,FO,NSE,IDO,73925,,NIFTY,,2026-09-29,2026-09-29,23350.0,CE,NIFTY26SEP23350CE,0.0,0.0,0.0,1028.25,1036.75,1028.25,24090.85,1026.92,455,0,0,0.0,0,F1,65,,,,,
2026-08-27,2026-08-27,FO,NSE,IDO,74243,,NIFTY,,2026-09-29,2026-09-29,24550.0,CE,NIFTY26SEP24550CE,204.6,210.6,153.45,162.4,153.85,211.95,24090.85,162.4,131170,-28340,2761,4437680630.5,1877,F1,65,,,,,
2026-08-27,2026-08-27,FO,NSE,IDO,55286,,NIFTY,,2026-09-29,2026-09-29,25500.0,CE,NIFTY26SEP25500CE,19.5,19.5,13.3,14.55,14.0,18.45,24090.85,14.55,3482765,156000,21512,35677311969.0,10166,F1,65,,,,,
2026-08-27,2026-08-27,FO,NSE,IDO,74418,,NIFTY,,2026-09-29,2026-09-29,25750.0,CE,NIFTY26SEP25750CE,0.0,0.0,0.0,293.5,0.0,293.5,24090.85,61.96,0,0,0,0.0,0,F1,65,,,,,
2026-08-27,2026-08-27,FO,NSE,IDO,74422,,NIFTY,,2026-09-29,2026-09-29,25850.0,CE,NIFTY26SEP25850CE,0.0,0.0,0.0,117.25,117.25,117.25,24090.85,52.48,65,0,0,0.0,0,F1,65,,,,,
2026-08-27,2026-08-27,FO,NSE,IDO,65904,,NIFTY,,2026-09-29,2026-09-29,26000.0,CE,NIFTY26SEP26000CE,6.9,7.0,6.05,6.8,6.6,6.75,24090.85,6.8,3963430,87100,14374,24298215480.5,6532,F1,65,,,,,
2026-08-27,2026-08-27,FO,NSE,IDO,74485,,NIFTY,,2026-09-29,2026-09-29,26600.0,CE,NIFTY26SEP26600CE,4.15,4.15,3.05,3.55,3.6,3.45,24090.85,3.55,73775,1365,162,280133789.0,74,F1,65,,,,,
2026-08-27,2026-08-27,FO,NSE,IDO,74505,,NIFTY,,2026-09-29,2026-09-29,27150.0,CE,NIFTY26SEP27150CE,0.0,0.0,0.0,2.5,2.5,2.5,24090.85,4.15,6630,0,0,0.0,0,F1,65,,,,,
2026-08-27,2026-08-27,FO,NSE,IDO,51330,,NIFTY,,2026-10-27,2026-10-27,22500.0,CE,NIFTY26OCT22500CE,2025.0,2025.0,1930.0,1930.0,1930.0,2056.4,24090.85,1922.99,9490,195,9,14306444.75,8,F1,65,,,,,
2026-08-27,2026-08-27,FO,NSE,IDO,51382,,NIFTY,,2026-10-27,2026-10-27,23750.0,CE,NIFTY26OCT23750CE,0.0,0.0,0.0,944.05,944.05,944.05,24090.85,973.37,0,0,0,0.0,0,F1,65,,,,,
2026-08-27,2026-08-27,FO,NSE,IDO,51384,,NIFTY,,2026-10-27,2026-10-27,23800.0,CE,NIFTY26OCT23800CE,865.5,865.5,768.5,773.05,768.5,881.7,24090.85,773.05,5135,455,75,119942706.0,63,F1,65,,,,,
2026-08-27,2026-08-27,FO,NSE,IDO,51386,,NIFTY,,2026-10-27,2026-10-27,23850.0,CE,NIFTY26OCT23850CE,0.0,0.0,0.0,1063.45,0.0,1063.45,24090.85,911.66,0,0,0,0.0,0,F1,65,,,,,
2026-08-27,2026-08-27,FO,NSE,IDO,51424,,NIFTY,,2026-10-27,2026-10-27,24650.0,CE,NIFTY26OCT24650CE,310.9,317.0,263.35,269.85,263.35,335.25,24090.85,269.85,5980,650,48,77812692.75,35,F1,65,,,,,
2026-08-27,2026-08-27,FO,NSE,IDO,51450,,NIFTY,,2026-10-27,2026-10-27,25250.0,CE,NIFTY26OCT25250CE,0.0,0.0,0.0,447.85,0.0,447.85,24090.85,299.64,0,0,0,0.0,0,F1,65,,,,,
2026-08-27,2026-08-27,FO,NSE,IDO,51488,,NIFTY,,2026-10-27,2026-10-27,25950.0,CE,NIFTY26OCT25950CE,0.0,0.0,0.0,267.4,0.0,267.4,24090.85,149.08,0,0,0,0.0,0,F1,65,,,,,
2026-08-27,2026-08-27,FO,NSE,IDO,51510,,NIFTY,,2026-10-27,2026-10-27,26500.0,CE,NIFTY26OCT26500CE,13.2,13.75,12.25,12.85,12.6,13.55,24090.85,12.85,219375,34320,1980,3412213483.25,933,F1,65,,,,,
2026-08-27,2026-08-27,FO,NSE,IDO,64306,,NIFTY,,2026-11-23,2026-11-23,22850.0,CE,NIFTY26NOV22850CE,0.0,0.0,0.0,1992.05,0.0,1992.05,24090.85,1798.41,0,0,0,0.0,0,F1,65,,,,,
2026-08-27,2026-08-27,FO,NSE,IDO,64349,,NIFTY,,2026-11-23,2026-11-23,23150.0,CE,NIFTY26NOV23150CE,0.0,0.0,0.0,1755.4,0.0,1755.4,24090.85,1571.74,0,0,0,0.0,0,F1,65,,,,,
2026-08-27,2026-08-27,FO,NSE,IDO,64379,,NIFTY,,2026-11-23,2026-11-23,23650.0,CE,NIFTY26NOV23650CE,0.0,0.0,0.0,1392.8,0.0,1392.8,24090.85,1226.12,0,0,0,0.0,0,F1,65,,,,,
2026-08-27,2026-08-27,FO,NSE,IDO,64405,,NIFTY,,2026-11-23,2026-11-23,24200.0,CE,NIFTY26NOV24200CE,705.0,705.0,680.0,697.0,697.0,1046.75,24090.85,902.99,390,390,8,12945627.5,7,F1,65,,,,,
2026-08-27,2026-08-27,FO,NSE,IDO,64481,,NIFTY,,2026-11-23,2026-11-23,25700.0,CE,NIFTY26NOV25700CE,0.0,0.0,0.0,401.1,0.0,401.1,24090.85,323.55,0,0,0,0.0,0,F1,65,,,,,
2026-08-27,2026-08-27,FO,NSE,IDO,58644,,NIFTY,,2026-12-29,2026-12-29,20000.0,CE,NIFTY26DEC20000CE,4700.0,4700.0,4538.4,4553.75,4555.0,4696.55,24090.85,4553.75,593475,-650,78,124749280.5,61,F1,65,,,,,
2026-08-27,2026-08-27,FO,NSE,IDO,80190,,NIFTY,,2027-03-30,2027-03-30,16500.0,CE,NIFTY27MAR16500CE,0.0,0.0,0.0,6995.9,0.0,6995.9,24090.85,8216.52,0,0,0,0.0,0,F1,65,,,,,
2026-08-27,2026-08-27,FO,NSE,IDO,80278,,NIFTY,,2027-03-30,2027-03-30,28500.0,CE,NIFTY27MAR28500CE,70.35,70.55,65.75,67.3,66.3,71.45,24090.85,67.3,177255,7735,452,839321973.75,197,F1,65,,,,,
2026-08-27,2026-08-27,FO,NSE,IDO,55472,,NIFTY,,2028-06-27,2028-06-27,22500.0,CE,NIFTY28JUN22500CE,0.0,0.0,0.0,6796.05,0.0,6796.05,24090.85,4662.38,0,0,0,0.0,0,F1,65,,,,,
2026-08-27,2026-08-27,FO,NSE,IDO,55478,,NIFTY,,2028-06-27,2028-06-27,28500.0,CE,NIFTY28JUN28500CE,0.0,0.0,0.0,2990.0,0.0,2990.0,24090.85,1619.03,0,0,0,0.0,0,F1,65,,,,,
2026-08-27,2026-08-27,FO,NSE,IDO,67788,,NIFTY,,2028-12-26,2028-12-26,27000.0,CE,NIFTY28DEC27000CE,0.0,0.0,0.0,2700.0,2700.0,2700.0,24090.85,2818.21,845,0,0,0.0,0,F1,65,,,,,
2026-08-27,2026-08-27,FO,NSE,IDO,55560,,NIFTY,,2029-06-26,2029-06-26,22500.0,CE,NIFTY29JUN22500CE,0.0,0.0,0.0,7946.5,0.0,7946.5,24090.85,5952.32,0,0,0,0.0,0,F1,65,,,,,
2026-08-27,2026-08-27,FO,NSE,IDO,55648,,NIFTY,,2030-06-25,2030-06-25,28500.0,CE,NIFTY30JUN28500CE,0.0,0.0,0.0,5382.85,0.0,5382.85,24090.85,3973.56,0,0,0,0.0,0,F1,65,,,,,
2026-08-27,2026-08-27,FO,NSE,IDO,60936,,NIFTY,,2030-06-25,2030-06-25,30000.0,CE,NIFTY30JUN30000CE,0.0,0.0,0.0,5580.35,0.0,5580.35,24090.85,3379.75,0,0,0,0.0,0,F1,65,,,,,
2026-08-27,2026-08-27,FO,NSE,IDO,74647,,NIFTY,,2031-06-24,2031-06-24,22500.0,CE,NIFTY31JUN22500CE,0.0,0.0,0.0,8012.75,0.0,8012.75,24090.85,8197.64,0,0,0,0.0,0,F1,65,,,,,
2026-08-27,2026-08-27,FO,NSE,IDO,46926,,NIFTY,,2026-09-01,2026-09-01,22500.0,PE,NIFTY2690122500PE,1.3,1.65,0.95,1.25,1.2,1.4,24090.85,1.25,6035510,1749280,155846,227937113875.25,35248,F1,65,,,,,
2026-08-27,2026-08-27,FO,NSE,IDO,46940,,NIFTY,,2026-09-01,2026-09-01,22850.0,PE,NIFTY2690122850PE,1.45,2.05,1.1,1.35,1.45,1.65,24090.85,1.35,141245,97500,11048,16410072916.25,5127,F1,65,,,,,
2026-08-27,2026-08-27,FO,NSE,IDO,46974,,NIFTY,,2026-09-01,2026-09-01,23700.0,PE,NIFTY2690123700PE,4.8,9.4,3.5,6.75,7.6,4.7,24090.85,6.75,5109260,796250,569620,877725216871.75,115548,F1,65,,,,,
2026-08-27,2026-08-27,FO,NSE,IDO,46976,,NIFTY,,2026-09-01,2026-09-01,23750.0,PE,NIFTY2690123750PE,5.35,12.4,3.6,8.6,9.65,5.35,24090.85,8.6,2016885,843830,372758,575626995004.75,94365,F1,65,,,,,
2026-08-27,2026-08-27,FO,NSE,IDO,46990,,NIFTY,,2026-09-01,2026-09-01,24100.0,PE,NIFTY2690124100PE,29.8,74.6,22.0,62.15,69.45,31.05,24090.85,62.15,5471895,1380275,2057128,3229572360326.0,810639,F1,65,,,,,
2026-08-27,2026-08-27,FO,NSE,IDO,47018,,NIFTY,,2026-09-01,2026-09-01,24800.0,PE,NIFTY2690124800PE,476.15,635.85,468.1,609.0,627.7,459.25,24090.85,609.0,139490,-12935,2833,4668565681.0,2179,F1,65,,,,,
2026-08-27,2026-08-27,FO,NSE,IDO,47022,,NIFTY,,2026-09-01,2026-09-01,24900.0,PE,NIFTY2690124900PE,602.85,730.0,602.85,705.4,728.9,555.1,24090.85,705.4,51285,4745,517,859198827.5,424,F1,65,,,,,
2026-08-27,2026-08-27,FO,NSE,IDO,47032,,NIFTY,,2026-09-01,2026-09-01,25150.0,PE,NIFTY2690125150PE,887.15,953.6,885.75,945.4,953.6,806.4,24090.85,945.4,4810,1625,45,76269599.25,40,F1,65,,,,,
2026-08-27,2026-08-27,FO,NSE,IDO,47050,,NIFTY,,2026-09-01,2026-09-01,25600.0,PE,NIFTY2690125600PE,0.0,0.0,0.0,1363.55,1363.55,1363.55,24090.85,1488.01,1105,0,0,0.0,0,F1,65,,,,,
2026-08-27,2026-08-27,FO,NSE,IDO,47103,,NIFTY,,2026-09-01,2026-09-01,26800.0,PE,NIFTY2690126800PE,0.0,0.0,0.0,2454.6,0.0,2454.6,24090.85,2686.91,0,0,0,0.0,0,F1,65,,,,,
2026-08-27,2026-08-27,FO,NSE,IDO,42646,,NIFTY,,2026-09-08,2026-09-08,24150.0,PE,NIFTY2690824150PE,80.9,142.7,75.95,129.0,138.4,76.2,24090.85,129.0,324480,-23075,29026,45780271270.5,20756,F1,65,,,,,
2026-08-27,2026-08-27,FO,NSE,IDO,42668,,NIFTY,,2026-09-08,2026-09-08,24650.0,PE,NIFTY2690824650PE,364.45,473.85,343.4,458.9,473.85,331.45,24090.85,458.9,7930,-2795,213,346929293.75,172,F1,65,,,,,
2026-08-27,2026-08-27,FO,NSE,IDO,42700,,NIFTY,,2026-09-08,2026-09-08,25250.0,PE,NIFTY2690825250PE,0.0,0.0,0.0,795.8,0.0,795.8,24090.85,1128.68,0,0,0,0.0,0,F1,65,,,,,
2026-08-27,2026-08-27,FO,NSE,IDO,42702,,NIFTY,,2026-09-08,2026-09-08,25300.0,PE,NIFTY2690825300PE,1033.9,1033.9,1010.65,1010.65,1010.65,1025.0,24090.85,1175.72,650,65,4,6842576.0,4,F1,65,,,,,
2026-08-27,2026-08-27,FO,NSE,IDO,42742,,NIFTY,,2026-09-08,2026-09-08,25900.0,PE,NIFTY2690825900PE,0.0,0.0,0.0,1274.25,0.0,1274.25,24090.85,1759.62,0,0,0,0.0,0,F1,65,,,,,
2026-08-27,2026-08-27,FO,NSE,IDO,42766,,NIFTY,,2026-09-08,2026-09-08,26300.0,PE,NIFTY2690826300PE,0.0,0.0,0.0,1612.35,0.0,1612.35,24090.85,2157.18,0,0,0,0.0,0,F1,65,,,,,
2026-08-27,2026-08-27,FO,NSE,IDO,47274,,NIFTY,,2026-09-15,2026-09-15,22900.0,PE,NIFTY2691522900PE,7.15,10.0,7.0,9.75,9.95,7.15,24090.85,9.75,9880,-325,28,41692540.5,16,F1,65,,,,,
2026-08-27,2026-08-27,FO,NSE,IDO,47304,,NIFTY,,2026-09-15,2026-09-15,23650.0,PE,NIFTY2691523650PE,28.1,45.2,28.05,42.35,45.1,25.5,24090.85,42.35,17810,4940,431,663547417.0,277,F1,65,,,,,
2026-08-27,2026-08-27,FO,NSE,IDO,47334,,NIFTY,,2026-09-15,2026-09-15,24350.0,PE,NIFTY2691524350PE,174.6,266.75,174.55,254.2,265.65,174.55,24090.85,254.2,14690,2145,401,640610854.0,247,F1,65,,,,,
2026-08-27,2026-08-27,FO,NSE,IDO,47360,,NIFTY,,2026-09-15,2026-09-15,24900.0,PE,NIFTY2691524900PE,574.85,628.7,574.85,628.7,628.7,464.35,24090.85,837.93,260,0,2,3315230.75,2,F1,65,,,,,
2026-08-27,2026-08-27,FO,NSE,IDO,47368,,NIFTY,,2026-09-15,2026-09-15,25100.0,PE,NIFTY2691525100PE,0.0,0.0,0.0,635.05,635.05,635.05,24090.85,1002.36,130,0,0,0.0,0,F1,65,,,,,
2026-08-27,2026-08-27,FO,NSE,IDO,47370,,NIFTY,,2026-09-15,2026-09-15,25150.0,PE,NIFTY2691525150PE,0.0,0.0,0.0,817.1,0.0,817.1,24090.85,1045.11,0,0,0,0.0,0,F1,65,,,,,
2026-08-27,2026-08-27,FO,NSE,IDO,56956,,NIFTY,,2026-09-22,2026-09-22,23000.0,PE,NIFTY2692223000PE,14.45,19.05,12.5,17.85,18.85,14.45,24090.85,17.85,7150,5720,272,406918066.75,165,F1,65,,,,,
2026-08-27,2026-08-27,FO,NSE,IDO,57735,,NIFTY,,2026-09-22,2026-09-22,24800.0,PE,NIFTY2692224800PE,0.0,0.0,0.0,785.4,0.0,785.4,24090.85,788.61,0,0,0,0.0,0,F1,65,,,,,
2026-08-27,2026-08-27,FO,NSE,IDO,57795,,NIFTY,,2026-09-22,2026-09-22,24950.0,PE,NIFTY2692224950PE,0.0,0.0,0.0,887.95,0.0,887.95,24090.85,900.24,0,0,0,0.0,0,F1,65,,,,,
2026-08-27,2026-08-27,FO,NSE,IDO,57829,,NIFTY,,2026-09-22,2026-09-22,25050.0,PE,NIFTY2692225050PE,0.0,0.0,0.0,959.7,0.0,959.7,24090.85,978.1,0,0,0,0.0,0,F1,65,,,,,
2026-08-27,2026-08-27,FO,NSE,IDO,47017,,NIFTY,,2026-09-01,2026-09-01,24800.0,CE,NIFTY2690124800CE,5.8,6.75,3.1,4.1,3.4,7.5,24090.85,4.1,7335445,-53560,536554,865091990668.75,123982,F1,65,,,,,
2026-08-27,2026-08-27,FO,NSE,IDO,47013,,NIFTY,,2026-09-01,2026-09-01,24700.0,CE,NIFTY2690124700CE,10.8,12.15,4.65,5.8,5.0,13.45,24090.85,5.8,6540105,1139385,535613,860185649765.0,141725,F1,65,,,,,
2026-08-27,2026-08-27,FO,NSE,IDO,46981,,NIFTY,,2026-09-01,2026-09-01,23900.0,CE,NIFTY2690123900CE,436.4,442.5,290.25,313.75,297.9,446.55,24090.85,313.75,234000,18785,31658,49889719005.75,20386,F1,65,,,,,
2026-08-27,2026-08-27,FO,NSE,IDO,46969,,NIFTY,,2026-09-01,2026-09-01,23600.0,CE,NIFTY2690123600CE,702.0,702.0,572.15,592.1,579.95,752.2,24090.85,592.1,45240,1820,850,1337957959.0,617,F1,65,,,,,
2026-08-27,2026-08-27,FO,NSE,IDO,46919,,NIFTY,,2026-09-01,2026-09-01,22350.0,CE,NIFTY2690122350CE,0.0,0.0,0.0,2032.25,0.0,2032.25,24090.85,1759.4,0,0,0,0.0,0,F1,65,,,,,
2026-08-27,2026-08-27,FO,NSE,IDO,46907,,NIFTY,,2026-09-01,2026-09-01,22050.0,CE,NIFTY2690122050CE,0.0,0.0,0.0,2313.35,0.0,2313.35,24090.85,2059.15,0,0,0,0.0,0,F1,65,,,,,
2026-08-27,2026-08-27,FO,NSE,IDO,57874,,NIFTY,,2026-09-22,2026-09-22,25250.0,PE,NIFTY2692225250PE,0.0,0.0,0.0,1111.0,0.0,1111.0,24090.85,1141.42,0,0,0,0.0,0,F1,65,,,,,
2026-08-27,2026-08-27,FO,NSE,IDO,57911,,NIFTY,,2026-09-22,2026-09-22,25400.0,PE,NIFTY2692225400PE,0.0,0.0,0.0,1230.35,0.0,1230.35,24090.85,1269.73,0,0,0,0.0,0,F1,65,,,,,
2026-08-27,2026-08-27,FO,NSE,IDO,57919,,NIFTY,,2026-09-22,2026-09-22,25450.0,PE,NIFTY2692225450PE,0.0,0.0,0.0,1271.15,0.0,1271.15,24090.85,1313.46,0,0,0,0.0,0,F1,65,,,,,
2026-08-27,2026-08-27,FO,NSE,IDO,58013,,NIFTY,,2026-09-22,2026-09-22,25850.0,PE,NIFTY2692225850PE,0.0,0.0,0.0,1613.85,0.0,1613.85,24090.85,1677.35,0,0,0,0.0,0,F1,65,,,,,
2026-08-27,2026-08-27,FO,NSE,IDO,58041,,NIFTY,,2026-09-22,2026-09-22,26100.0,PE,NIFTY2692226100PE,0.0,0.0,0.0,1839.95,0.0,1839.95,24090.85,1914.17,0,0,0,0.0,0,F1,65,,,,,
2026-08-27,2026-08-27,FO,NSE,IDO,73806,,NIFTY,,2026-09-29,2026-09-29,21600.0,PE,NIFTY26SEP21600PE,8.1,9.65,8.0,8.55,9.0,8.8,24090.85,8.55,164645,4615,436,612385205.25,214,F1,65,,,,,
2026-08-27,2026-08-27,FO,NSE,IDO,73853,,NIFTY,,2026-09-29,2026-09-29,21800.0,PE,NIFTY26SEP21800PE,9.4,9.75,8.45,9.0,9.4,9.45,24090.85,9.0,86710,-3055,130,184287990.25,98,F1,65,,,,,
2026-08-27,2026-08-27,FO,NSE,IDO,73878,,NIFTY,,2026-09-29,2026-09-29,22300.0,PE,NIFTY26SEP22300PE,12.0,12.8,11.1,12.3,12.75,11.7,24090.85,12.3,173940,9295,563,816505998.75,341,F1,65,,,,,
2026-08-27,2026-08-27,FO,NSE,IDO,73898,,NIFTY,,2026-09-29,2026-09-29,22850.0,PE,NIFTY26SEP22850PE,17.0,21.65,17.0,21.35,21.65,17.2,24090.85,21.35,41600,-1625,601,893387976.0,399,F1,65,,,,,
2026-08-27,2026-08-27,FO,NSE,IDO,73922,,NIFTY,,2026-09-29,2026-09-29,23250.0,PE,NIFTY26SEP23250PE,29.0,41.35,27.55,40.15,40.25,29.0,24090.85,40.15,83395,17875,939,1421277237.25,516,F1,65,,,,,
2026-08-27,2026-08-27,FO,NSE,IDO,73926,,NIFTY,,2026-09-29,2026-09-29,23350.0,PE,NIFTY26SEP23350PE,34.75,49.55,33.6,47.75,49.0,34.75,24090.85,47.75,77415,2665,1596,2426883953.0,975,F1,65,,,,,
2026-08-27,2026-08-27,FO,NSE,IDO,74057,,NIFTY,,2026-09-29,2026-09-29,23900.0,PE,NIFTY26SEP23900PE,99.95,144.55,94.45,136.8,143.05,95.95,24090.85,136.8,679705,-975,7884,12310626958.5,5546,F1,65,,,,,
2026-08-27,2026-08-27,FO,NSE,IDO,65903,,NIFTY,,2026-09-29,2026-09-29,25000.0,PE,NIFTY26SEP25000PE,633.0,771.45,628.95,747.9,759.15,622.65,24090.85,747.9,2225880,-24960,4206,7028340562.75,3169,F1,65,,,,,
2026-08-27,2026-08-27,FO,NSE,IDO,74413,,NIFTY,,2026-09-29,2026-09-29,25600.0,PE,NIFTY26SEP25600PE,1198.0,1198.0,1198.0,1198.0,1198.0,1193.1,24090.85,1436.65,32240,0,1,1741870.0,1,F1,65,,,,,
2026-08-27,2026-08-27,FO,NSE,IDO,74492,,NIFTY,,2026-09-29,2026-09-29,26750.0,PE,NIFTY26SEP26750PE,0.0,0.0,0.0,2201.15,2201.15,2201.15,24090.85,2510.73,65,0,0,0.0,0,F1,65,,,,,
2026-08-27,2026-08-27,FO,NSE,IDO,74496,,NIFTY,,2026-09-29,2026-09-29,26850.0,PE,NIFTY26SEP26850PE,0.0,0.0,0.0,2691.9,0.0,2691.9,24090.85,2608.3,0,0,0,0.0,0,F1,65,,,,,
2026-08-27,2026-08-27,FO,NSE,IDO,74498,,NIFTY,,2026-09-29,2026-09-29,26900.0,PE,NIFTY26SEP26900PE,0.0,0.0,0.0,2127.9,2127.9,2127.9,24090.85,2657.22,65,0,0,0.0,0,F1,65,,,,,
2026-08-27,2026-08-27,FO,NSE,IDO,55289,,NIFTY,,2026-09-29,2026-09-29,28500.0,PE,NIFTY26SEP28500PE,4050.0,4170.0,4040.25,4170.0,4170.0,3987.8,24090.85,4170.0,434135,390,12,25418055.0,9,F1,65,,,,,
2026-08-27,2026-08-27,FO,NSE,IDO,51355,,NIFTY,,2026-10-27,2026-10-27,23050.0,PE,NIFTY26OCT23050PE,0.0,0.0,0.0,301.35,0.0,301.35,24090.85,176.43,0,0,0,0.0,0,F1,65,,,,,
2026-08-27,2026-08-27,FO,NSE,IDO,51365,,NIFTY,,2026-10-27,2026-10-27,23300.0,PE,NIFTY26OCT23300PE,66.25,88.55,65.35,86.15,86.0,64.7,24090.85,86.15,210405,20085,2121,3223000813.5,1472,F1,65,,,,,
2026-08-27,2026-08-27,FO,NSE,IDO,51367,,NIFTY,,2026-10-27,2026-10-27,23350.0,PE,NIFTY26OCT23350PE,0.0,0.0,0.0,387.65,0.0,387.65,24090.85,248.89,0,0,0,0.0,0,F1,65,,,,,
2026-08-27,2026-08-27,FO,NSE,IDO,51391,,NIFTY,,2026-10-27,2026-10-27,23950.0,PE,NIFTY26OCT23950PE,0.0,0.0,0.0,612.05,0.0,612.05,24090.85,450.36,0,0,0,0.0,0,F1,65,,,,,
2026-08-27,2026-08-27,FO,NSE,IDO,51393,,NIFTY,,2026-10-27,2026-10-27,24000.0,PE,NIFTY26OCT24000PE,178.35,232.3,178.35,224.9,230.65,178.45,24090.85,224.9,963430,60775,6244,9825807650.75,4628,F1,65,,,,,
2026-08-27,2026-08-27,FO,NSE,IDO,51421,,NIFTY,,2026-10-27,2026-10-27,24550.0,PE,NIFTY26OCT24550PE,383.1,439.4,383.0,427.55,427.55,373.15,24090.85,739.14,10205,-65,49,79492452.0,24,F1,65,,,,,
2026-08-27,2026-08-27,FO,NSE,IDO,51429,,NIFTY,,2026-10-27,2026-10-27,24750.0,PE,NIFTY26OCT24750PE,0.0,0.0,0.0,557.75,557.75,557.75,24090.85,854.8,1235,0,0,0.0,0,F1,65,,,,,
2026-08-27,2026-08-27,FO,NSE,IDO,51459,,NIFTY,,2026-10-27,2026-10-27,25450.0,PE,NIFTY26OCT25450PE,0.0,0.0,0.0,1058.8,1058.8,1058.8,24090.85,1330.59,130,0,0,0.0,0,F1,65,,,,,
2026-08-27,2026-08-27,FO,NSE,IDO,51477,,NIFTY,,2026-10-27,2026-10-27,25650.0,PE,NIFTY26OCT25650PE,0.0,0.0,0.0,1057.4,1057.4,1057.4,24090.85,1483.05,130,0,0,0.0,0,F1,65,,,,,
2026-08-27,2026-08-27,FO,NSE,IDO,51511,,NIFTY,,2026-10-27,2026-10-27,26500.0,PE,NIFTY26OCT26500PE,2016.0,2049.0,2016.0,2049.0,2049.0,1910.0,24090.85,2200.55,6370,0,5,9273839.25,5,F1,65,,,,,
2026-08-27,2026-08-27,FO,NSE,IDO,51521,,NIFTY,,2026-10-27,2026-10-27,26750.0,PE,NIFTY26OCT26750PE,0.0,0.0,0.0,2501.2,0.0,2501.2,24090.85,2426.93,0,0,0,0.0,0,F1,65,,,,,
2026-08-27,2026-08-27,FO,NSE,IDO,64279,,NIFTY,,2026-11-23,2026-11-23,22500.0,PE,NIFTY26NOV22500PE,71.55,71.55,51.0,53.3,57.95,114.9,24090.85,53.3,4940,4940,138,202304888.5,108,F1,65,,,,,
2026-08-27,2026-08-27,FO,NSE,IDO,64287,,NIFTY,,2026-11-23,2026-11-23,22600.0,PE,NIFTY26NOV22600PE,0.0,0.0,0.0,128.5,0.0,128.5,24090.85,153.2,0,0,0,0.0,0,F1,65,,,,,
2026-08-27,2026-08-27,FO,NSE,IDO,64478,,NIFTY,,2026-11-23,2026-11-23,25600.0,PE,NIFTY26NOV25600PE,0.0,0.0,0.0,1316.4,0.0,1316.4,24090.85,1457.04,0,0,0,0.0,0,F1,65,,,,,
2026-08-27,2026-08-27,FO,NSE,IDO,64480,,NIFTY,,2026-11-23,2026-11-23,25650.0,PE,NIFTY26NOV25650PE,0.0,0.0,0.0,1350.35,0.0,1350.35,24090.85,1493.04,0,0,0,0.0,0,F1,65,,,,,
2026-08-27,2026-08-27,FO,NSE,IDO,58633,,NIFTY,,2026-12-29,2026-12-29,14000.0,PE,NIFTY26DEC14000PE,7.05,7.05,7.05,7.05,7.05,7.65,24090.85,0.0,9415,0,4,3641833.0,1,F1,65,,,,,
2026-08-27,2026-08-27,FO,NSE,IDO,55323,,NIFTY,,2026-12-29,2026-12-29,16500.0,PE,NIFTY26DEC16500PE,0.0,0.0,0.0,10.5,10.5,10.5,24090.85,0.0,3380,0,0,0.0,0,F1,65,,,,,
2026-08-27,2026-08-27,FO,NSE,IDO,58641,,NIFTY,,2026-12-29,2026-12-29,18000.0,PE,NIFTY26DEC18000PE,17.55,18.1,16.6,16.95,17.3,18.1,24090.85,16.95,518055,3770,393,460253069.25,144,F1,65,,,,,
2026-08-27,2026-08-27,FO,NSE,IDO,58645,,NIFTY,,2026-12-29,2026-12-29,20000.0,PE,NIFTY26DEC20000PE,29.0,29.95,27.9,28.6,28.45,29.05,24090.85,28.6,1135300,-1040,1843,2399355205.0,1372,F1,65,,,,,
2026-08-27,2026-08-27,FO,NSE,IDO,80271,,NIFTY,,2027-03-30,2027-03-30,22500.0,PE,NIFTY27MAR22500PE,158.0,169.0,155.3,167.6,169.0,156.25,24090.85,167.6,570960,34190,1378,2029959750.0,651,F1,65,,,,,
2026-08-27,2026-08-27,FO,NSE,IDO,53625,,NIFTY,,2027-12-28,2027-12-28,24000.0,PE,NIFTY27DEC24000PE,640.0,668.0,632.4,658.25,653.2,629.15,24090.85,658.25,154165,2470,153,245211616.0,104,F1,65,,,,,
2026-08-27,2026-08-27,FO,NSE,IDO,55599,,NIFTY,,2029-12-24,2029-12-24,16500.0,PE,NIFTY29DEC16500PE,0.0,0.0,0.0,10.15,0.0,10.15,24090.85,42.43,0,0,0,0.0,0,F1,65,,,,,
2026-08-27,2026-08-27,FO,NSE,IDO,61660,,NIFTY,,2029-12-24,2029-12-24,21000.0,PE,NIFTY29DEC21000PE,0.0,0.0,0.0,350.05,350.05,350.05,24090.85,330.76,715,0,0,0.0,0,F1,65,,,,,
2026-08-27,2026-08-27,FO,NSE,IDO,61933,,NIFTY,,2029-12-24,2029-12-24,30000.0,PE,NIFTY29DEC30000PE,0.0,0.0,0.0,1953.5,0.0,1953.5,24090.85,2843.74,0,0,0,0.0,0,F1,65,,,,,
2026-08-27,2026-08-27,FO,NSE,IDO,55697,,NIFTY,,2030-12-31,2030-12-31,16500.0,PE,NIFTY30DEC16500PE,0.0,0.0,0.0,13.65,0.0,13.65,24090.85,54.12,0,0,0,0.0,0,F1,65,,,,,
2026-08-27,2026-08-27,FO,NSE,IDO,55701,,NIFTY,,2030-12-31,2030-12-31,19500.0,PE,NIFTY30DEC19500PE,0.0,0.0,0.0,67.4,0.0,67.4,24090.85,197.84,0,0,0,0.0,0,F1,65,,,,,
2026-08-27,2026-08-27,FO,NSE,IDO,47019,,NIFTY,,2026-09-01,2026-09-01,24850.0,CE,NIFTY2690124850CE,5.0,5.45,2.75,3.55,2.8,6.0,24090.85,3.55,2372565,543010,238179,384784125934.0,61368,F1,65,,,,,
2026-08-27,2026-08-27,FO,NSE,IDO,47069,,NIFTY,,2026-09-01,2026-09-01,26100.0,CE,NIFTY2690126100CE,0.75,1.2,0.6,0.7,0.7,0.7,24090.85,0.7,164255,36725,7303,12389935863.5,2873,F1,65,,,,,
2026-08-27,2026-08-27,FO,NSE,IDO,47119,,NIFTY,,2026-09-01,2026-09-01,27200.0,CE,NIFTY2690127200CE,0.5,0.75,0.4,0.45,0.4,0.55,24090.85,0.45,287105,-62660,22247,39333453493.75,4381,F1,65,,,,,
2026-08-27,2026-08-27,FO,NSE,IDO,42589,,NIFTY,,2026-09-08,2026-09-08,22950.0,CE,NIFTY2690822950CE,0.0,0.0,0.0,1838.05,0.0,1838.05,24090.85,1198.63,0,0,0,0.0,0,F1,65,,,,,
2026-08-27,2026-08-27,FO,NSE,IDO,42625,,NIFTY,,2026-09-08,2026-09-08,23650.0,CE,NIFTY2690823650CE,689.35,693.25,674.25,683.75,683.75,690.0,24090.85,588.75,195,130,6,9490721.5,6,F1,65,,,,,
2026-08-27,2026-08-27,FO,NSE,IDO,51350,,NIFTY,,2026-10-27,2026-10-27,22950.0,CE,NIFTY26OCT22950CE,0.0,0.0,0.0,1654.95,0.0,1654.95,24090.85,1547.47,0,0,0,0.0,0,F1,65,,,,,
2026-08-27,2026-08-27,FO,NSE,IDO,51388,,NIFTY,,2026-10-27,2026-10-27,23900.0,CE,NIFTY26OCT23900CE,762.0,762.0,694.4,701.4,694.4,805.0,24090.85,701.4,2015,195,13,20802850.25,13,F1,65,,,,,
2026-08-27,2026-08-27,FO,NSE,IDO,51402,,NIFTY,,2026-10-27,2026-10-27,24200.0,CE,NIFTY26OCT24200CE,567.45,573.0,496.0,507.35,496.25,602.05,24090.85,507.35,122980,16770,854,1372816809.0,687,F1,65,,,,,
2026-08-27,2026-08-27,FO,NSE,IDO,51418,,NIFTY,,2026-10-27,2026-10-27,24500.0,CE,NIFTY26OCT24500CE,400.0,406.65,329.6,345.0,330.45,407.3,24090.85,345.0,659360,57915,6607,10676917358.25,4393,F1,65,,,,,
2026-08-27,2026-08-27,FO,NSE,IDO,42670,,NIFTY,,2026-09-08,2026-09-08,24700.0,PE,NIFTY2690824700PE,398.6,520.0,381.45,503.75,515.65,372.75,24090.85,503.75,45305,2470,715,1169619090.25,534,F1,65,,,,,
2026-08-27,2026-08-27,FO,NSE,IDO,42628,,NIFTY,,2026-09-08,2026-09-08,23700.0,PE,NIFTY2690823700PE,18.1,31.45,15.2,28.85,30.3,16.75,24090.85,28.85,1007630,353080,38404,59218894445.75,23040,F1,65,,,,,
2026-08-27,2026-08-27,FO,NSE,IDO,42600,,NIFTY,,2026-09-08,2026-09-08,23200.0,PE,NIFTY2690823200PE,5.9,8.35,5.35,7.65,7.95,5.9,24090.85,7.65,347815,102895,10466,15787465469.75,5626,F1,65,,,,,
2026-08-27,2026-08-27,FO,NSE,IDO,47111,,NIFTY,,2026-09-01,2026-09-01,27000.0,PE,NIFTY2690127000PE,0.0,0.0,0.0,2610.5,2610.5,2610.5,24090.85,2886.75,65,0,0,0.0,0,F1,65,,,,,
2026-08-27,2026-08-27,FO,NSE,IDO,47346,,NIFTY,,2026-09-15,2026-09-15,24600.0,PE,NIFTY2691524600PE,347.1,431.45,335.55,421.8,426.6,318.9,24090.85,421.8,14495,1625,115,186862078.0,95,F1,65,,,,,
2026-08-27,2026-08-27,FO,NSE,IDO,47372,,NIFTY,,2026-09-15,2026-09-15,25200.0,PE,NIFTY2691525200PE,0.0,0.0,0.0,850.0,850.0,850.0,24090.85,1088.44,130,0,0,0.0,0,F1,65,,,,,
2026-08-27,2026-08-27,FO,NSE,IDO,47436,,NIFTY,,2026-09-15,2026-09-15,26050.0,PE,NIFTY2691526050PE,0.0,0.0,0.0,1515.75,0.0,1515.75,24090.85,1884.38,0,0,0,0.0,0,F1,65,,,,,
2026-08-27,2026-08-27,FO,NSE,IDO,56864,,NIFTY,,2026-09-22,2026-09-22,22450.0,PE,NIFTY2692222450PE,15.3,15.3,7.95,12.95,12.95,30.65,24090.85,17.08,130,130,3,4380103.0,3,F1,65,,,,,
2026-08-27,2026-08-27,FO,NSE,IDO,56936,,NIFTY,,2026-09-22,2026-09-22,22850.0,PE,NIFTY2692222850PE,0.0,0.0,0.0,66.05,0.0,66.05,24090.85,44.06,0,0,0,0.0,0,F1,65,,,,,
2026-08-27,2026-08-27,FO,NSE,IDO,56948,,NIFTY,,2026-09-22,2026-09-22,22950.0,PE,NIFTY2692222950PE,0.0,0.0,0.0,78.75,0.0,78.75,24090.85,54.6,0,0,0,0.0,0,F1,65,,,,,
2026-08-27,2026-08-27,FO,NSE,IDO,57928,,NIFTY,,2026-09-22,2026-09-22,25550.0,PE,NIFTY2692225550PE,0.0,0.0,0.0,1354.25,0.0,1354.25,24090.85,1402.25,0,0,0,0.0,0,F1,65,,,,,
2026-08-27,2026-08-27,FO,NSE,IDO,73848,,NIFTY,,2026-09-29,2026-09-29,21700.0,PE,NIFTY26SEP21700PE,9.0,9.7,7.65,8.35,9.7,8.95,24090.85,8.35,63115,3185,179,252579275.0,113,F1,65,,,,,
2026-08-27,2026-08-27,FO,NSE,IDO,73874,,NIFTY,,2026-09-29,2026-09-29,22200.0,PE,NIFTY26SEP22200PE,11.3,12.5,10.65,11.75,12.5,11.4,24090.85,11.75,125060,2730,572,825812234.0,351,F1,65,,,,,
2026-08-27,2026-08-27,FO,NSE,IDO,73876,,NIFTY,,2026-09-29,2026-09-29,22250.0,PE,NIFTY26SEP22250PE,11.75,11.95,9.7,11.8,11.45,11.75,24090.85,11.8,17615,-260,12,17364025.25,7,F1,65,,,,,
2026-08-27,2026-08-27,FO,NSE,IDO,47099,,NIFTY,,2026-09-01,2026-09-01,26700.0,PE,NIFTY2690126700PE,0.0,0.0,0.0,2360.1,0.0,2360.1,24090.85,2586.99,0,0,0,0.0,0,F1,65,,,,,
2026-08-27,2026-08-27,FO,NSE,IDO,47078,,NIFTY,,2026-09-01,2026-09-01,26300.0,PE,NIFTY2690126300PE,0.0,0.0,0.0,1841.35,1841.35,1841.35,24090.85,2187.33,2210,0,0,0.0,0,F1,65,,,,,
2026-08-27,2026-08-27,FO,NSE,IDO,47048,,NIFTY,,2026-09-01,2026-09-01,25550.0,PE,NIFTY2690125550PE,0.0,0.0,0.0,1310.0,1310.0,1310.0,24090.85,1438.1,585,0,0,0.0,0,F1,65,,,,,
2026-08-27,2026-08-27,FO,NSE,IDO,73909,,NIFTY,,2026-09-29,2026-09-29,23150.0,PE,NIFTY26SEP23150PE,23.65,34.8,23.65,33.9,34.65,24.95,24090.85,33.9,45045,10140,306,461073993.25,176,F1,65,,,,,
2026-08-27,2026-08-27,FO,NSE,IDO,74009,,NIFTY,,2026-09-29,2026-09-29,23700.0,PE,NIFTY26SEP23700PE,65.6,97.95,63.2,92.8,96.7,63.75,24090.85,92.8,1137760,101075,10937,16907622033.25,7454,F1,65,,,,,
2026-08-27,2026-08-27,FO,NSE,IDO,74011,,NIFTY,,2026-09-29,2026-09-29,23750.0,PE,NIFTY26SEP23750PE,75.0,107.65,69.5,102.0,104.85,69.2,24090.85,102.0,240435,13715,1380,2138448770.25,996,F1,65,,,,,
2026-08-27,2026-08-27,FO,NSE,IDO,74059,,NIFTY,,2026-09-29,2026-09-29,23950.0,PE,NIFTY26SEP23950PE,107.75,157.65,104.1,152.95,155.6,105.65,24090.85,152.95,120965,-2795,1426,2232690219.5,983,F1,65,,,,,
2026-08-27,2026-08-27,FO,NSE,IDO,74065,,NIFTY,,2026-09-29,2026-09-29,24100.0,PE,NIFTY26SEP24100PE,147.0,206.6,136.25,196.05,204.65,142.2,24090.85,196.05,712075,88075,13418,21178368627.0,9861,F1,65,,,,,
2026-08-27,2026-08-27,FO,NSE,IDO,74098,,NIFTY,,2026-09-29,2026-09-29,24250.0,PE,NIFTY26SEP24250PE,189.05,268.35,188.9,261.5,266.3,186.1,24090.85,261.5,294840,42185,3946,6279755062.75,2484,F1,65,,,,,
2026-08-27,2026-08-27,FO,NSE,IDO,74115,,NIFTY,,2026-09-29,2026-09-29,24400.0,PE,NIFTY26SEP24400PE,250.45,342.0,248.5,326.65,336.7,250.5,24090.85,326.65,2510885,253435,21710,34855739642.75,15273,F1,65,,,,,
2026-08-27,2026-08-27,FO,NSE,IDO,74350,,NIFTY,,2026-09-29,2026-09-29,24600.0,PE,NIFTY26SEP24600PE,346.85,463.85,346.85,453.15,457.7,346.9,24090.85,453.15,606840,11830,3094,5029819730.0,2278,F1,65,,,,,
2026-08-27,2026-08-27,FO,NSE,IDO,47046,,NIFTY,,2026-09-01,2026-09-01,25500.0,PE,NIFTY2690125500PE,1152.05,1323.4,1152.05,1316.25,1323.0,1163.7,24090.85,1316.25,321425,4160,515,896495041.0,371,F1,65,,,,,
2026-08-27,2026-08-27,FO,NSE,IDO,47030,,NIFTY,,2026-09-01,2026-09-01,25100.0,PE,NIFTY2690125100PE,800.0,919.85,797.3,897.7,919.85,770.85,24090.85,897.7,47840,-195,219,369550876.5,195,F1,65,,,,,
2026-08-27,2026-08-27,FO,NSE,IDO,47020,,NIFTY,,2026-09-01,2026-09-01,24850.0,PE,NIFTY2690124850PE,541.8,684.7,527.15,661.55,683.1,508.75,24090.85,661.55,35750,5265,460,761404348.25,391,F1,65,,,,,
2026-08-27,2026-08-27,FO,NSE,IDO,47002,,NIFTY,,2026-09-01,2026-09-01,24400.0,PE,NIFTY2690124400PE,145.2,261.2,134.1,234.65,251.0,135.2,24090.85,234.65,2262195,-563225,503398,804855005129.5,313740,F1,65,,,,,
2026-08-27,2026-08-27,FO,NSE,IDO,46994,,NIFTY,,2026-09-01,2026-09-01,24200.0,PE,NIFTY2690124200PE,45.0,122.1,45.0,102.8,114.65,52.95,24090.85,102.8,6576570,378625,3431628,5417245688390.25,1515888,F1,65,,,,,
2026-08-27,2026-08-27,FO,NSE,IDO,46948,,NIFTY,,2026-09-01,2026-09-01,23050.0,PE,NIFTY2690123050PE,1.85,2.3,1.1,1.35,1.45,1.85,24090.85,1.35,329095,227045,36867,55239760686.5,9798,F1,65,,,,,
2026-08-27,2026-08-27,FO,NSE,IDO,46938,,NIFTY,,2026-09-01,2026-09-01,22800.0,PE,NIFTY2690122800PE,1.2,1.95,1.0,1.25,1.3,1.55,24090.85,1.25,1260740,289120,74986,111135848057.0,17955,F1,65,,,,,
2026-08-27,2026-08-27,FO,NSE,IDO,74655,,NIFTY,,2031-06-24,2031-06-24,28500.0,CE,NIFTY31JUN28500CE,0.0,0.0,0.0,5048.95,0.0,5048.95,24090.85,5100.0,0,0,0,0.0,0,F1,65,,,,,
2026-08-27,2026-08-27,FO,NSE,IDO,55642,,NIFTY,,2030-06-25,2030-06-25,19500.0,CE,NIFTY30JUN19500CE,0.0,0.0,0.0,11140.25,0.0,11140.25,24090.85,9117.12,0,0,0,0.0,0,F1,65,,,,,
2026-08-27,2026-08-27,FO,NSE,IDO,55640,,NIFTY,,2030-06-25,2030-06-25,16500.0,CE,NIFTY30JUN16500CE,0.0,0.0,0.0,13374.05,0.0,13374.05,24090.85,11305.64,0,0,0,0.0,0,F1,65,,,,,
2026-08-27,2026-08-27,FO,NSE,IDO,74419,,NIFTY,,2026-09-29,2026-09-29,25750.0,PE,NIFTY26SEP25750PE,0.0,0.0,0.0,1170.0,1170.0,1170.0,24090.85,1568.84,455,0,0,0.0,0,F1,65,,,,,
2026-08-27,2026-08-27,FO,NSE,IDO,74472,,NIFTY,,2026-09-29,2026-09-29,26300.0,PE,NIFTY26SEP26300PE,1887.95,1994.0,1887.95,1992.3,1991.4,1836.75,24090.85,1992.3,80795,455,9,16522538.5,7,F1,65,,,,,
2026-08-27,2026-08-27,FO,NSE,IDO,74508,,NIFTY,,2026-09-29,2026-09-29,27200.0,PE,NIFTY26SEP27200PE,0.0,0.0,0.0,3004.3,0.0,3004.3,24090.85,2952.02,0,0,0,0.0,0,F1,65,,,,,
2026-08-27,2026-08-27,FO,NSE,IDO,51319,,NIFTY,,2026-10-27,2026-10-27,22250.0,PE,NIFTY26OCT22250PE,21.85,25.25,19.1,24.55,25.25,21.85,24090.85,24.55,188890,4225,423,612392131.0,209,F1,65,,,,,
2026-08-27,2026-08-27,FO,NSE,IDO,55602,,NIFTY,,2029-12-24,2029-12-24,22500.0,CE,NIFTY29DEC22500CE,0.0,0.0,0.0,8486.15,0.0,8486.15,24090.85,6546.38,0,0,0,0.0,0,F1,65,,,,,
2026-08-27,2026-08-27,FO,NSE,IDO,67776,,NIFTY,,2028-12-26,2028-12-26,21000.0,CE,NIFTY28DEC21000CE,0.0,0.0,0.0,7512.5,0.0,7512.5,24090.85,6377.26,0,0,0,0.0,0,F1,65,,,,,
2026-08-27,2026-08-27,FO,NSE,IDO,55480,,NIFTY,,2028-06-27,2028-06-27,31500.0,CE,NIFTY28JUN31500CE,0.0,0.0,0.0,1784.8,0.0,1784.8,24090.85,849.85,0,0,0,0.0,0,F1,65,,,,,
2026-08-27,2026-08-27,FO,NSE,IDO,47332,,NIFTY,,2026-09-15,2026-09-15,24300.0,PE,NIFTY2691524300PE,164.35,240.1,154.45,227.65,236.7,155.55,24090.85,227.65,179010,52455,6118,9743276315.5,4249,F1,65,,,,,
2026-08-27,2026-08-27,FO,NSE,IDO,47318,,NIFTY,,2026-09-15,2026-09-15,23950.0,PE,NIFTY2691523950PE,62.0,101.55,62.0,93.25,99.85,55.75,24090.85,93.25,14755,-7150,869,1357425650.75,428,F1,65,,,,,
2026-08-27,2026-08-27,FO,NSE,IDO,47292,,NIFTY,,2026-09-15,2026-09-15,23350.0,PE,NIFTY2691523350PE,0.0,0.0,0.0,97.3,0.0,97.3,24090.85,83.34,0,0,0,0.0,0,F1,65,,,,,
2026-08-27,2026-08-27,FO,NSE,IDF,61471,,NIFTY,,2026-11-23,2026-11-23,,,NIFTY26NOVFUT,24650.0,24680.0,24501.0,24525.2,24507.1,24682.7,24090.85,24525.2,204555,138840,2496,3985081516.0,1639,F1,65,,,,,
2026-08-27,2026-08-27,FO,NSE,IDO,46905,,NIFTY,,2026-09-01,2026-09-01,22000.0,CE,NIFTY2690122000CE,2325.0,2325.0,2136.25,2187.1,2136.25,2355.0,24090.85,2187.1,4875,-325,36,56823399.75,24,F1,65,,,,,
2026-08-27,2026-08-27,FO,NSE,IDO,46913,,NIFTY,,2026-09-01,2026-09-01,22200.0,CE,NIFTY2690122200CE,0.0,0.0,0.0,2171.8,0.0,2171.8,24090.85,1909.27,0,0,0,0.0,0,F1,65,,,,,
2026-08-27,2026-08-27,FO,NSE,IDO,47003,,NIFTY,,2026-09-01,2026-09-01,24450.0,CE,NIFTY2690124450CE,57.4,57.5,19.6,23.45,19.65,63.6,24090.85,23.45,5271565,971620,644519,1025666897505.25,258988,F1,65,,,,,
2026-08-27,2026-08-27,FO,NSE,IDO,71553,,NIFTY,,2027-06-29,2027-06-29,21000.0,CE,NIFTY27JUN21000CE,0.0,0.0,0.0,3061.8,0.0,3061.8,24090.85,4363.78,0,0,0,0.0,0,F1,65,,,,,
2026-08-27,2026-08-27,FO,NSE,IDO,80192,,NIFTY,,2027-03-30,2027-03-30,18000.0,CE,NIFTY27MAR18000CE,0.0,0.0,0.0,5643.55,0.0,5643.55,24090.85,6776.25,0,0,0,0.0,0,F1,65,,,,,
2026-08-27,2026-08-27,FO,NSE,IDO,51339,,NIFTY,,2026-10-27,2026-10-27,22650.0,PE,NIFTY26OCT22650PE,31.2,40.95,31.2,36.75,36.75,50.8,24090.85,106.54,910,-65,8,11797334.25,7,F1,65,,,,,
2026-08-27,2026-08-27,FO,NSE,IDO,51345,,NIFTY,,2026-10-27,2026-10-27,22800.0,PE,NIFTY26OCT22800PE,0.0,0.0,0.0,239.4,0.0,239.4,24090.85,129.62,0,0,0,0.0,0,F1,65,,,,,
2026-08-27,2026-08-27,FO,NSE,IDO,51347,,NIFTY,,2026-10-27,2026-10-27,22850.0,PE,NIFTY26OCT22850PE,0.0,0.0,0.0,250.85,0.0,250.85,24090.85,138.12,0,0,0,0.0,0,F1,65,,,,,
2026-08-27,2026-08-27,FO,NSE,IDO,51481,,NIFTY,,2026-10-27,2026-10-27,25750.0,PE,NIFTY26OCT25750PE,0.0,0.0,0.0,1149.95,1149.95,1149.95,24090.85,1562.25,260,0,0,0.0,0,F1,65,,,,,
2026-08-27,2026-08-27,FO,NSE,IDO,51487,,NIFTY,,2026-10-27,2026-10-27,25900.0,PE,NIFTY26OCT25900PE,0.0,0.0,0.0,1231.5,1231.5,1231.5,24090.85,1683.98,65,0,0,0.0,0,F1,65,,,,,
2026-08-27,2026-08-27,FO,NSE,IDO,51497,,NIFTY,,2026-10-27,2026-10-27,26150.0,PE,NIFTY26OCT26150PE,0.0,0.0,0.0,1657.0,1657.0,1657.0,24090.85,1893.94,130,0,0,0.0,0,F1,65,,,,,
2026-08-27,2026-08-27,FO,NSE,IDO,64295,,NIFTY,,2026-11-23,2026-11-23,22750.0,PE,NIFTY26NOV22750PE,0.0,0.0,0.0,151.25,0.0,151.25,24090.85,179.59,0,0,0,0.0,0,F1,65,,,,,
2026-08-27,2026-08-27,FO,NSE,IDO,64390,,NIFTY,,2026-11-23,2026-11-23,23850.0,PE,NIFTY26NOV23850PE,0.0,0.0,0.0,421.45,0.0,421.45,24090.85,486.55,0,0,0,0.0,0,F1,65,,,,,
2026-08-27,2026-08-27,FO,NSE,IDO,64406,,NIFTY,,2026-11-23,2026-11-23,24200.0,PE,NIFTY26NOV24200PE,0.0,0.0,0.0,552.7,0.0,552.7,24090.85,632.4,0,0,0,0.0,0,F1,65,,,,,
2026-08-27,2026-08-27,FO,NSE,IDO,64408,,NIFTY,,2026-11-23,2026-11-23,24250.0,PE,NIFTY26NOV24250PE,373.4,373.4,363.5,363.75,363.5,573.4,24090.85,363.75,260,260,4,6400186.0,4,F1,65,,,,,
2026-08-27,2026-08-27,FO,NSE,IDO,64450,,NIFTY,,2026-11-23,2026-11-23,25150.0,PE,NIFTY26NOV25150PE,0.0,0.0,0.0,1030.25,0.0,1030.25,24090.85,1151.91,0,0,0,0.0,0,F1,65,,,,,
2026-08-27,2026-08-27,FO,NSE,IDO,64474,,NIFTY,,2026-11-23,2026-11-23,25500.0,PE,NIFTY26NOV25500PE,1025.0,1025.0,1025.0,1025.0,1025.0,1249.7,24090.85,1386.26,65,65,1,1724125.0,1,F1,65,,,,,
2026-08-27,2026-08-27,FO,NSE,IDO,58631,,NIFTY,,2026-12-29,2026-12-29,13000.0,PE,NIFTY26DEC13000PE,5.15,5.15,5.15,5.15,5.15,10.0,24090.85,0.0,7680,-910,16,13525356.0,3,F1,65,,,,,
2026-08-27,2026-08-27,FO,NSE,IDO,71506,,NIFTY,,2026-12-29,2026-12-29,26000.0,PE,NIFTY26DEC26000PE,1287.05,1420.0,1287.05,1400.0,1420.0,1277.05,24090.85,1400.0,1443805,8270,744,1323679496.75,559,F1,65,,,,,
2026-08-27,2026-08-27,FO,NSE,IDO,80267,,NIFTY,,2027-03-30,2027-03-30,19500.0,PE,NIFTY27MAR19500PE,44.9,46.0,42.65,44.2,44.4,45.65,24090.85,44.2,98475,910,47,59708106.25,39,F1,65,,,,,
2026-08-27,2026-08-27,FO,NSE,IDO,67789,,NIFTY,,2028-12-26,2028-12-26,27000.0,PE,NIFTY28DEC27000PE,1600.0,1600.0,1600.0,1600.0,1600.0,1600.0,24090.85,1893.93,13295,130,2,3718000.0,2,F1,65,,,,,
2026-08-27,2026-08-27,FO,NSE,IDO,55525,,NIFTY,,2028-12-26,2028-12-26,28500.0,PE,NIFTY28DEC28500PE,0.0,0.0,0.0,1451.15,0.0,1451.15,24090.85,2576.2,0,0,0,0.0,0,F1,65,,,,,
2026-08-27,2026-08-27,FO,NSE,IDO,89631,,NIFTY,,2029-06-26,2029-06-26,24000.0,PE,NIFTY29JUN24000PE,0.0,0.0,0.0,825.0,825.0,825.0,24090.85,857.45,155,0,0,0.0,0,F1,65,,,,,
2026-08-27,2026-08-27,FO,NSE,IDO,55605,,NIFTY,,2029-12-24,2029-12-24,25500.0,PE,NIFTY29DEC25500PE,0.0,0.0,0.0,597.3,0.0,597.3,24090.85,1201.67,0,0,0,0.0,0,F1,65,,,,,
2026-08-27,2026-08-27,FO,NSE,IDO,55609,,NIFTY,,2029-12-24,2029-12-24,31500.0,PE,NIFTY29DEC31500PE,0.0,0.0,0.0,2240.25,0.0,2240.25,24090.85,3558.2,0,0,0,0.0,0,F1,65,,,,,
2026-08-27,2026-08-27,FO,NSE,IDO,60899,,NIFTY,,2030-06-25,2030-06-25,21000.0,PE,NIFTY30JUN21000PE,0.0,0.0,0.0,220.0,220.0,220.0,24090.85,333.03,65,0,0,0.0,0,F1,65,,,,,
2026-08-27,2026-08-27,FO,NSE,IDO,74477,,NIFTY,,2026-09-29,2026-09-29,26400.0,CE,NIFTY26SEP26400CE,4.1,4.7,3.75,4.4,3.85,3.9,24090.85,4.4,28730,12155,325,557788127.0,196,F1,65,,,,,
2026-08-27,2026-08-27,FO,NSE,IDO,55647,,NIFTY,,2030-06-25,2030-06-25,25500.0,PE,NIFTY30JUN25500PE,0.0,0.0,0.0,568.55,0.0,568.55,24090.85,1137.76,0,0,0,0.0,0,F1,65,,,,,
2026-08-27,2026-08-27,FO,NSE,IDO,55703,,NIFTY,,2030-12-31,2030-12-31,21000.0,PE,NIFTY30DEC21000PE,0.0,0.0,0.0,450.0,450.0,450.0,24090.85,330.61,845,0,0,0.0,0,F1,65,,,,,
2026-08-27,2026-08-27,FO,NSE,IDO,58646,,NIFTY,,2026-12-29,2026-12-29,21000.0,CE,NIFTY26DEC21000CE,3786.0,3786.0,3589.8,3594.25,3589.8,3786.0,24090.85,3594.25,200770,455,29,46498120.5,22,F1,65,,,,,
2026-08-27,2026-08-27,FO,NSE,IDO,64491,,NIFTY,,2026-11-23,2026-11-23,25850.0,CE,NIFTY26NOV25850CE,0.0,0.0,0.0,358.95,0.0,358.95,24090.85,288.67,0,0,0,0.0,0,F1,65,,,,,
2026-08-27,2026-08-27,FO,NSE,IDO,64427,,NIFTY,,2026-11-23,2026-11-23,24750.0,CE,NIFTY26NOV24750CE,0.0,0.0,0.0,759.8,0.0,759.8,24090.85,640.72,0,0,0,0.0,0,F1,65,,,,,
2026-08-27,2026-08-27,FO,NSE,IDO,64401,,NIFTY,,2026-11-23,2026-11-23,24100.0,CE,NIFTY26NOV24100CE,765.75,765.75,744.7,744.7,744.7,1105.35,24090.85,744.7,65,65,2,3231179.25,2,F1,65,,,,,
2026-08-27,2026-08-27,FO,NSE,IDO,64397,,NIFTY,,2026-11-23,2026-11-23,24000.0,CE,NIFTY26NOV24000CE,894.5,894.5,783.85,806.4,793.15,908.7,24090.85,806.4,126425,78000,1769,2854446754.25,1482,F1,65,,,,,
2026-08-27,2026-08-27,FO,NSE,IDO,64357,,NIFTY,,2026-11-23,2026-11-23,23300.0,CE,NIFTY26NOV23300CE,0.0,0.0,0.0,1642.3,0.0,1642.3,24090.85,1462.39,0,0,0,0.0,0,F1,65,,,,,
2026-08-27,2026-08-27,FO,NSE,IDO,64327,,NIFTY,,2026-11-23,2026-11-23,22950.0,CE,NIFTY26NOV22950CE,0.0,0.0,0.0,1911.7,0.0,1911.7,24090.85,1720.93,0,0,0,0.0,0,F1,65,,,,,
2026-08-27,2026-08-27,FO,NSE,IDO,51520,,NIFTY,,2026-10-27,2026-10-27,26750.0,CE,NIFTY26OCT26750CE,0.0,0.0,0.0,138.3,0.0,138.3,24090.85,59.45,0,0,0,0.0,0,F1,65,,,,,
2026-08-27,2026-08-27,FO,NSE,IDO,51514,,NIFTY,,2026-10-27,2026-10-27,26600.0,CE,NIFTY26OCT26600CE,0.0,0.0,0.0,157.4,0.0,157.4,24090.85,71.33,0,0,0,0.0,0,F1,65,,,,,
2026-08-27,2026-08-27,FO,NSE,IDO,47009,,NIFTY,,2026-09-01,2026-09-01,24600.0,CE,NIFTY2690124600CE,23.35,26.7,7.55,9.45,8.15,25.45,24090.85,9.45,8013720,1970540,800694,1280977869177.5,218620,F1,65,,,,,
2026-08-27,2026-08-27,FO,NSE,IDO,51490,,NIFTY,,2026-10-27,2026-10-27,26000.0,CE,NIFTY26OCT26000CE,29.65,31.0,24.0,25.25,24.65,29.85,24090.85,25.25,1212315,17680,8200,13871934384.75,4175,F1,65,,,,,
2026-08-27,2026-08-27,FO,NSE,IDO,51458,,NIFTY,,2026-10-27,2026-10-27,25450.0,CE,NIFTY26OCT25450CE,0.0,0.0,0.0,388.6,0.0,388.6,24090.85,248.93,0,0,0,0.0,0,F1,65,,,,,
2026-08-27,2026-08-27,FO,NSE,IDO,47075,,NIFTY,,2026-09-01,2026-09-01,26250.0,CE,NIFTY2690126250CE,0.75,1.05,0.55,0.7,0.75,0.65,24090.85,0.7,33930,-3640,1144,1952009208.5,540,F1,65,,,,,
2026-08-27,2026-08-27,FO,NSE,IDO,47081,,NIFTY,,2026-09-01,2026-09-01,26400.0,CE,NIFTY2690126400CE,0.75,1.1,0.5,0.6,0.55,0.65,24090.85,0.6,153920,76050,8384,14387359119.25,2205,F1,65,,,,,
2026-08-27,2026-08-27,FO,NSE,IDO,47102,,NIFTY,,2026-09-01,2026-09-01,26800.0,CE,NIFTY2690126800CE,0.85,1.05,0.5,0.6,0.55,0.65,24090.85,0.6,99775,75465,4838,8428007763.5,2013,F1,65,,,,,
2026-08-27,2026-08-27,FO,NSE,IDO,47104,,NIFTY,,2026-09-01,2026-09-01,26850.0,CE,NIFTY2690126850CE,0.65,0.95,0.45,0.5,0.45,0.55,24090.85,0.5,28730,10530,1306,2279347089.5,431,F1,65,,,,,
2026-08-27,2026-08-27,FO,NSE,IDO,47282,,NIFTY,,2026-09-15,2026-09-15,23100.0,PE,NIFTY2691523100PE,8.5,14.15,8.5,11.95,11.65,8.45,24090.85,11.95,11245,1495,67,100646802.75,39,F1,65,,,,,
2026-08-27,2026-08-27,FO,NSE,IDO,47260,,NIFTY,,2026-09-15,2026-09-15,22550.0,PE,NIFTY2691522550PE,5.65,5.65,5.65,5.65,5.65,12.0,24090.85,10.24,845,780,13,19059524.25,7,F1,65,,,,,
2026-08-27,2026-08-27,FO,NSE,IDO,42587,,NIFTY,,2026-09-08,2026-09-08,22900.0,CE,NIFTY2690822900CE,0.0,0.0,0.0,1884.1,0.0,1884.1,24090.85,1246.48,0,0,0,0.0,0,F1,65,,,,,
2026-08-27,2026-08-27,FO,NSE,IDO,42597,,NIFTY,,2026-09-08,2026-09-08,23150.0,CE,NIFTY2690823150CE,0.0,0.0,0.0,1656.9,0.0,1656.9,24090.85,1011.14,0,0,0,0.0,0,F1,65,,,,,
2026-08-27,2026-08-27,FO,NSE,IDO,42601,,NIFTY,,2026-09-08,2026-09-08,23250.0,CE,NIFTY2690823250CE,0.0,0.0,0.0,1568.45,0.0,1568.45,24090.85,920.44,0,0,0,0.0,0,F1,65,,,,,
2026-08-27,2026-08-27,FO,NSE,IDO,42669,,NIFTY,,2026-09-08,2026-09-08,24700.0,CE,NIFTY2690824700CE,47.45,47.45,22.0,24.55,22.4,46.3,24090.85,24.55,1359345,448045,46242,74328750869.75,27881,F1,65,,,,,
2026-08-27,2026-08-27,FO,NSE,IDO,42683,,NIFTY,,2026-09-08,2026-09-08,25000.0,CE,NIFTY2690825000CE,10.65,13.55,7.15,8.45,7.4,12.45,24090.85,8.45,1907360,230035,67568,109838714453.0,25636,F1,65,,,,,
2026-08-27,2026-08-27,FO,NSE,IDO,42769,,NIFTY,,2026-09-08,2026-09-08,26400.0,CE,NIFTY2690826400CE,1.05,1.35,0.9,1.0,0.9,1.15,24090.85,1.0,155545,126165,5621,9646012710.75,1012,F1,65,,,,,
2026-08-27,2026-08-27,FO,NSE,IDO,47251,,NIFTY,,2026-09-15,2026-09-15,22350.0,CE,NIFTY2691522350CE,0.0,0.0,0.0,2265.3,0.0,2265.3,24090.85,1816.59,0,0,0,0.0,0,F1,65,,,,,
2026-08-27,2026-08-27,FO,NSE,IDO,47263,,NIFTY,,2026-09-15,2026-09-15,22650.0,CE,NIFTY2691522650CE,0.0,0.0,0.0,1979.9,0.0,1979.9,24090.85,1526.08,0,0,0,0.0,0,F1,65,,,,,
2026-08-27,2026-08-27,FO,NSE,IDO,55476,,NIFTY,,2028-06-27,2028-06-27,25500.0,CE,NIFTY28JUN25500CE,0.0,0.0,0.0,4676.6,0.0,4676.6,24090.85,2866.93,0,0,0,0.0,0,F1,65,,,,,
2026-08-27,2026-08-27,FO,NSE,IDO,55428,,NIFTY,,2027-12-28,2027-12-28,28500.0,CE,NIFTY27DEC28500CE,593.15,593.15,581.0,587.25,587.3,607.75,24090.85,587.25,12675,-585,21,39703257.75,17,F1,65,,,,,
2026-08-27,2026-08-27,FO,NSE,IDO,55426,,NIFTY,,2027-12-28,2027-12-28,25500.0,CE,NIFTY27DEC25500CE,0.0,0.0,0.0,2400.0,2400.0,2400.0,24090.85,2160.3,0,0,0,0.0,0,F1,65,,,,,
2026-08-27,2026-08-27,FO,NSE,IDO,55424,,NIFTY,,2027-12-28,2027-12-28,22500.0,CE,NIFTY27DEC22500CE,0.0,0.0,0.0,6183.0,0.0,6183.0,24090.85,3953.09,0,0,0,0.0,0,F1,65,,,,,
2026-08-27,2026-08-27,FO,NSE,IDO,50981,,NIFTY,,2027-06-29,2027-06-29,27000.0,CE,NIFTY27JUN27000CE,0.0,0.0,0.0,500.0,500.0,500.0,24090.85,849.76,520,0,0,0.0,0,F1,65,,,,,
2026-08-27,2026-08-27,FO,NSE,IDO,71560,,NIFTY,,2027-06-29,2027-06-29,24000.0,CE,NIFTY27JUN24000CE,1930.45,1990.0,1930.45,1990.0,1990.0,2000.0,24090.85,2178.25,1385,65,2,3374829.25,2,F1,65,,,,,
2026-08-27,2026-08-27,FO,NSE,IDO,47277,,NIFTY,,2026-09-15,2026-09-15,23000.0,CE,NIFTY2691523000CE,0.0,0.0,0.0,1460.75,1460.75,1460.75,24090.85,1199.84,65,0,0,0.0,0,F1,65,,,,,
2026-08-27,2026-08-27,FO,NSE,IDO,47279,,NIFTY,,2026-09-15,2026-09-15,23050.0,CE,NIFTY2691523050CE,0.0,0.0,0.0,1613.5,0.0,1613.5,24090.85,1154.91,0,0,0,0.0,0,F1,65,,,,,
2026-08-27,2026-08-27,FO,NSE,IDO,47283,,NIFTY,,2026-09-15,2026-09-15,23150.0,CE,NIFTY2691523150CE,0.0,0.0,0.0,1525.35,0.0,1525.35,24090.85,1066.67,0,0,0,0.0,0,F1,65,,,,,
2026-08-27,2026-08-27,FO,NSE,IDO,47287,,NIFTY,,2026-09-15,2026-09-15,23250.0,CE,NIFTY2691523250CE,0.0,0.0,0.0,1438.9,0.0,1438.9,24090.85,980.84,0,0,0,0.0,0,F1,65,,,,,
2026-08-27,2026-08-27,FO,NSE,IDO,47297,,NIFTY,,2026-09-15,2026-09-15,23500.0,CE,NIFTY2691523500CE,914.85,914.85,781.6,806.05,806.05,1231.15,24090.85,778.84,520,520,11,17382972.75,7,F1,65,,,,,
2026-08-27,2026-08-27,FO,NSE,IDO,64373,,NIFTY,,2026-11-23,2026-11-23,23500.0,CE,NIFTY26NOV23500CE,1215.0,1215.0,1215.0,1215.0,1215.0,1496.95,24090.85,1324.57,65,65,2,3212950.0,2,F1,65,,,,,
2026-08-27,2026-08-27,FO,NSE,IDO,47356,,NIFTY,,2026-09-15,2026-09-15,24850.0,CE,NIFTY2691524850CE,0.0,0.0,0.0,395.35,0.0,395.35,24090.85,117.76,0,0,0,0.0,0,F1,65,,,,,
2026-08-27,2026-08-27,FO,NSE,IDO,47365,,NIFTY,,2026-09-15,2026-09-15,25050.0,CE,NIFTY2691525050CE,0.0,0.0,0.0,318.55,0.0,318.55,24090.85,79.98,0,0,0,0.0,0,F1,65,,,,,
2026-08-27,2026-08-27,FO,NSE,IDO,47373,,NIFTY,,2026-09-15,2026-09-15,25250.0,CE,NIFTY2691525250CE,0.0,0.0,0.0,253.25,0.0,253.25,24090.85,52.7,0,0,0,0.0,0,F1,65,,,,,
2026-08-27,2026-08-27,FO,NSE,IDO,47397,,NIFTY,,2026-09-15,2026-09-15,25650.0,CE,NIFTY2691525650CE,0.0,0.0,0.0,153.9,0.0,153.9,24090.85,20.85,0,0,0,0.0,0,F1,65,,,,,
2026-08-27,2026-08-27,FO,NSE,IDO,47407,,NIFTY,,2026-09-15,2026-09-15,25750.0,CE,NIFTY2691525750CE,3.1,4.0,3.1,4.0,4.0,134.65,24090.85,4.0,910,910,23,38501719.75,12,F1,65,,,,,
2026-08-27,2026-08-27,FO,NSE,IDO,47415,,NIFTY,,2026-09-15,2026-09-15,25850.0,CE,NIFTY2691525850CE,3.05,4.8,2.7,3.5,3.5,3.8,24090.85,12.51,1235,-1430,32,53774617.0,9,F1,65,,,,,
2026-08-27,2026-08-27,FO,NSE,IDO,47437,,NIFTY,,2026-09-15,2026-09-15,26100.0,CE,NIFTY2691526100CE,2.25,3.6,2.1,2.5,2.9,1.95,24090.85,2.5,1300,0,5,8483400.25,5,F1,65,,,,,
2026-08-27,2026-08-27,FO,NSE,IDO,47441,,NIFTY,,2026-09-15,2026-09-15,26200.0,CE,NIFTY2691526200CE,2.5,3.4,1.1,2.6,2.7,2.5,24090.85,2.6,10595,4225,105,178834740.5,38,F1,65,,,,,
2026-08-27,2026-08-27,FO,NSE,IDO,57886,,NIFTY,,2026-09-22,2026-09-22,25300.0,CE,NIFTY2692225300CE,0.0,0.0,0.0,151.5,0.0,151.5,24090.85,83.51,0,0,0,0.0,0,F1,65,,,,,
2026-08-27,2026-08-27,FO,NSE,IDO,55282,,NIFTY,,2026-09-29,2026-09-29,19500.0,CE,NIFTY26SEP19500CE,4820.0,4830.0,4780.0,4780.0,4780.0,4945.0,24090.85,4780.0,140465,0,28,44252903.5,12,F1,65,,,,,
2026-08-27,2026-08-27,FO,NSE,IDO,73849,,NIFTY,,2026-09-29,2026-09-29,21750.0,CE,NIFTY26SEP21750CE,2550.0,2550.0,2550.0,2550.0,2550.0,2542.45,24090.85,2474.62,65,65,1,1579500.0,1,F1,65,,,,,
2026-08-27,2026-08-27,FO,NSE,IDO,73852,,NIFTY,,2026-09-29,2026-09-29,21800.0,CE,NIFTY26SEP21800CE,2550.0,2550.0,2480.0,2480.0,2480.0,2500.0,24090.85,2425.67,390,130,2,3160950.0,2,F1,65,,,,,
2026-08-27,2026-08-27,FO,NSE,IDO,73869,,NIFTY,,2026-09-29,2026-09-29,22100.0,CE,NIFTY26SEP22100CE,2265.0,2265.0,2265.0,2265.0,2265.0,2448.2,24090.85,2134.24,65,0,1,1583725.0,1,F1,65,,,,,
2026-08-27,2026-08-27,FO,NSE,IDO,74114,,NIFTY,,2026-09-29,2026-09-29,24400.0,CE,NIFTY26SEP24400CE,279.4,292.3,214.05,224.8,217.35,290.65,24090.85,224.8,2800915,346645,26639,42669694876.25,16545,F1,65,,,,,
2026-08-27,2026-08-27,FO,NSE,IDO,74353,,NIFTY,,2026-09-29,2026-09-29,24700.0,CE,NIFTY26SEP24700CE,145.6,150.95,106.2,111.7,106.2,155.25,24090.85,111.7,1057550,83720,15304,24693342196.25,10798,F1,65,,,,,
2026-08-27,2026-08-27,FO,NSE,IDO,74357,,NIFTY,,2026-09-29,2026-09-29,24800.0,CE,NIFTY26SEP24800CE,111.05,118.2,81.45,86.1,81.45,120.35,24090.85,86.1,1481090,305890,24301,39321761485.5,15021,F1,65,,,,,
2026-08-27,2026-08-27,FO,NSE,IDO,74361,,NIFTY,,2026-09-29,2026-09-29,24900.0,CE,NIFTY26SEP24900CE,83.0,91.95,62.3,66.55,62.3,91.8,24090.85,66.55,1043835,50310,18504,30035755418.5,11278,F1,65,,,,,
2026-08-27,2026-08-27,FO,NSE,IDO,51324,,NIFTY,,2026-10-27,2026-10-27,22350.0,CE,NIFTY26OCT22350CE,0.0,0.0,0.0,2124.25,0.0,2124.25,24090.85,2054.65,0,0,0,0.0,0,F1,65,,,,,
2026-08-27,2026-08-27,FO,NSE,IDO,57022,,NIFTY,,2026-09-22,2026-09-22,23500.0,PE,NIFTY2692223500PE,0.0,0.0,0.0,187.05,0.0,187.05,24090.85,154.31,0,0,0,0.0,0,F1,65,,,,,
2026-08-27,2026-08-27,FO,NSE,IDO,57030,,NIFTY,,2026-09-22,2026-09-22,23550.0,PE,NIFTY2692223550PE,0.0,0.0,0.0,199.5,0.0,199.5,24090.85,166.4,0,0,0,0.0,0,F1,65,,,,,
2026-08-27,2026-08-27,FO,NSE,IDO,57053,,NIFTY,,2026-09-22,2026-09-22,23650.0,PE,NIFTY2692223650PE,0.0,0.0,0.0,228.6,0.0,228.6,24090.85,195.25,0,0,0,0.0,0,F1,65,,,,,
2026-08-27,2026-08-27,FO,NSE,IDO,58033,,NIFTY,,2026-09-22,2026-09-22,26050.0,PE,NIFTY2692226050PE,0.0,0.0,0.0,1794.15,0.0,1794.15,24090.85,1866.37,0,0,0,0.0,0,F1,65,,,,,
2026-08-27,2026-08-27,FO,NSE,IDO,73900,,NIFTY,,2026-09-29,2026-09-29,22900.0,PE,NIFTY26SEP22900PE,18.5,23.8,18.2,23.0,23.45,18.35,24090.85,23.0,344565,13260,1946,2899236463.5,1091,F1,65,,,,,
2026-08-27,2026-08-27,FO,NSE,IDO,65899,,NIFTY,,2026-09-29,2026-09-29,23000.0,PE,NIFTY26SEP23000PE,19.85,28.0,18.5,26.9,27.95,20.4,24090.85,26.9,4529460,362895,32725,48974135892.5,21668,F1,65,,,,,
2026-08-27,2026-08-27,FO,NSE,IDO,74004,,NIFTY,,2026-09-29,2026-09-29,23600.0,PE,NIFTY26SEP23600PE,62.05,80.3,51.75,77.0,78.0,53.35,24090.85,77.0,788190,56810,6779,10428704932.75,4908,F1,65,,,,,
2026-08-27,2026-08-27,FO,NSE,IDO,74006,,NIFTY,,2026-09-29,2026-09-29,23650.0,PE,NIFTY26SEP23650PE,57.7,87.2,55.85,84.65,86.5,59.1,24090.85,84.65,95160,7085,821,1266000567.0,579,F1,65,,,,,
2026-08-27,2026-08-27,FO,NSE,IDO,74240,,NIFTY,,2026-09-29,2026-09-29,24450.0,PE,NIFTY26SEP24450PE,280.0,370.1,273.2,359.0,370.1,268.7,24090.85,359.0,94185,-41990,2008,3231432756.5,1698,F1,65,,,,,
2026-08-27,2026-08-27,FO,NSE,IDO,74358,,NIFTY,,2026-09-29,2026-09-29,24800.0,PE,NIFTY26SEP24800PE,489.85,606.2,485.0,594.45,595.45,462.55,24090.85,594.45,378755,3250,1335,2200399539.0,1094,F1,65,,,,,
2026-08-27,2026-08-27,FO,NSE,IDO,74423,,NIFTY,,2026-09-29,2026-09-29,25850.0,PE,NIFTY26SEP25850PE,0.0,0.0,0.0,1859.75,0.0,1859.75,24090.85,1658.77,0,0,0,0.0,0,F1,65,,,,,
2026-08-27,2026-08-27,FO,NSE,IDO,74466,,NIFTY,,2026-09-29,2026-09-29,26200.0,PE,NIFTY26SEP26200PE,1780.0,1800.0,1780.0,1800.0,1800.0,1726.0,24090.85,1982.62,37895,130,2,3638700.0,2,F1,65,,,,,
2026-08-27,2026-08-27,FO,NSE,IDO,74482,,NIFTY,,2026-09-29,2026-09-29,26500.0,PE,NIFTY26SEP26500PE,2099.0,2205.0,2098.3,2195.0,2202.45,2045.35,24090.85,2195.0,849160,6825,163,303532216.0,161,F1,65,,,,,
2026-08-27,2026-08-27,FO,NSE,IDO,74502,,NIFTY,,2026-09-29,2026-09-29,27050.0,PE,NIFTY26SEP27050PE,0.0,0.0,0.0,2869.35,0.0,2869.35,24090.85,2804.36,0,0,0,0.0,0,F1,65,,,,,
2026-08-27,2026-08-27,FO,NSE,IDO,51333,,NIFTY,,2026-10-27,2026-10-27,22550.0,PE,NIFTY26OCT22550PE,27.05,27.05,27.05,27.05,27.05,27.05,24090.85,93.04,650,-65,1,1467508.25,1,F1,65,,,,,
2026-08-27,2026-08-27,FO,NSE,IDO,51341,,NIFTY,,2026-10-27,2026-10-27,22700.0,PE,NIFTY26OCT22700PE,33.3,40.5,29.9,39.35,40.0,32.15,24090.85,39.35,63830,4355,372,549763714.5,258,F1,65,,,,,
2026-08-27,2026-08-27,FO,NSE,IDO,51375,,NIFTY,,2026-10-27,2026-10-27,23550.0,PE,NIFTY26OCT23550PE,0.0,0.0,0.0,454.95,0.0,454.95,24090.85,306.2,0,0,0,0.0,0,F1,65,,,,,
2026-08-27,2026-08-27,FO,NSE,IDO,51387,,NIFTY,,2026-10-27,2026-10-27,23850.0,PE,NIFTY26OCT23850PE,0.0,0.0,0.0,569.9,0.0,569.9,24090.85,410.76,0,0,0,0.0,0,F1,65,,,,,
2026-08-27,2026-08-27,FO,NSE,IDO,51409,,NIFTY,,2026-10-27,2026-10-27,24350.0,PE,NIFTY26OCT24350PE,308.0,363.25,308.0,360.65,359.0,280.3,24090.85,360.65,10400,0,70,112328268.0,49,F1,65,,,,,
2026-08-27,2026-08-27,FO,NSE,IDO,51411,,NIFTY,,2026-10-27,2026-10-27,24400.0,PE,NIFTY26OCT24400PE,310.8,385.4,305.05,375.9,383.15,299.7,24090.85,375.9,134680,4680,882,1419033840.25,660,F1,65,,,,,
2026-08-27,2026-08-27,FO,NSE,IDO,51419,,NIFTY,,2026-10-27,2026-10-27,24500.0,PE,NIFTY26OCT24500PE,349.95,436.05,349.95,423.8,431.25,343.45,24090.85,423.8,582725,11895,3465,5607572373.0,2576,F1,65,,,,,
2026-08-27,2026-08-27,FO,NSE,IDO,42574,,NIFTY,,2026-09-08,2026-09-08,22550.0,PE,NIFTY2690822550PE,3.9,5.8,2.85,3.75,2.85,3.6,24090.85,3.75,3575,585,36,52775667.75,30,F1,65,,,,,
2026-08-27,2026-08-27,FO,NSE,IDO,51471,,NIFTY,,2026-10-27,2026-10-27,25550.0,PE,NIFTY26OCT25550PE,0.0,0.0,0.0,1144.0,1144.0,1144.0,24090.85,1405.51,130,0,0,0.0,0,F1,65,,,,,
2026-08-27,2026-08-27,FO,NSE,IDO,51485,,NIFTY,,2026-10-27,2026-10-27,25850.0,PE,NIFTY26OCT25850PE,0.0,0.0,0.0,1093.8,1093.8,1093.8,24090.85,1643.03,65,0,0,0.0,0,F1,65,,,,,
2026-08-27,2026-08-27,FO,NSE,IDO,51509,,NIFTY,,2026-10-27,2026-10-27,26450.0,PE,NIFTY26OCT26450PE,0.0,0.0,0.0,2246.05,0.0,2246.05,24090.85,2155.96,0,0,0,0.0,0,F1,65,,,,,
2026-08-27,2026-08-27,FO,NSE,IDO,51517,,NIFTY,,2026-10-27,2026-10-27,26650.0,PE,NIFTY26OCT26650PE,0.0,0.0,0.0,2415.2,0.0,2415.2,24090.85,2335.74,0,0,0,0.0,0,F1,65,,,,,
2026-08-27,2026-08-27,FO,NSE,IDO,51523,,NIFTY,,2026-10-27,2026-10-27,26800.0,PE,NIFTY26OCT26800PE,0.0,0.0,0.0,2544.55,0.0,2544.55,24090.85,2472.83,0,0,0,0.0,0,F1,65,,,,,
2026-08-27,2026-08-27,FO,NSE,IDO,51535,,NIFTY,,2026-10-27,2026-10-27,27050.0,PE,NIFTY26OCT27050PE,0.0,0.0,0.0,2764.35,0.0,2764.35,24090.85,2704.95,0,0,0,0.0,0,F1,65,,,,,
2026-08-27,2026-08-27,FO,NSE,IDO,42572,,NIFTY,,2026-09-08,2026-09-08,22500.0,PE,NIFTY2690822500PE,3.65,4.3,2.65,3.5,2.65,3.75,24090.85,3.5,712335,145145,10311,15082264908.75,3077,F1,65,,,,,
2026-08-27,2026-08-27,FO,NSE,IDO,47026,,NIFTY,,2026-09-01,2026-09-01,25000.0,PE,NIFTY2690125000PE,672.5,833.0,661.6,817.15,826.0,642.85,24090.85,817.15,361595,22230,2422,4055828754.25,1574,F1,65,,,,,
2026-08-27,2026-08-27,FO,NSE,IDO,46982,,NIFTY,,2026-09-01,2026-09-01,23900.0,PE,NIFTY2690123900PE,9.35,25.4,7.4,19.25,22.3,10.1,24090.85,19.25,4418895,-185445,887093,1379037702815.5,275397,F1,65,,,,,
2026-08-27,2026-08-27,FO,NSE,IDO,46906,,NIFTY,,2026-09-01,2026-09-01,22000.0,PE,NIFTY2690122000PE,0.85,1.2,0.6,0.8,0.8,0.85,24090.85,0.8,3499860,-550420,64558,92321199405.5,15020,F1,65,,,,,
2026-08-27,2026-08-27,FO,NSE,IDO,51537,,NIFTY,,2026-10-27,2026-10-27,27100.0,PE,NIFTY26OCT27100PE,0.0,0.0,0.0,2808.9,0.0,2808.9,24090.85,2751.85,0,0,0,0.0,0,F1,65,,,,,
2026-08-27,2026-08-27,FO,NSE,IDO,64412,,NIFTY,,2026-11-23,2026-11-23,24350.0,PE,NIFTY26NOV24350PE,0.0,0.0,0.0,616.3,0.0,616.3,24090.85,702.5,0,0,0,0.0,0,F1,65,,,,,
2026-08-27,2026-08-27,FO,NSE,IDO,64434,,NIFTY,,2026-11-23,2026-11-23,24850.0,PE,NIFTY26NOV24850PE,0.0,0.0,0.0,860.35,0.0,860.35,24090.85,968.74,0,0,0,0.0,0,F1,65,,,,,
2026-08-27,2026-08-27,FO,NSE,IDO,64438,,NIFTY,,2026-11-23,2026-11-23,24950.0,PE,NIFTY26NOV24950PE,0.0,0.0,0.0,915.05,0.0,915.05,24090.85,1027.91,0,0,0,0.0,0,F1,65,,,,,
2026-08-27,2026-08-27,FO,NSE,IDO,64488,,NIFTY,,2026-11-23,2026-11-23,25750.0,PE,NIFTY26NOV25750PE,0.0,0.0,0.0,1419.55,0.0,1419.55,24090.85,1567.31,0,0,0,0.0,0,F1,65,,,,,
2026-08-27,2026-08-27,FO,NSE,IDO,58639,,NIFTY,,2026-12-29,2026-12-29,17000.0,PE,NIFTY26DEC17000PE,13.25,13.35,12.05,12.2,12.5,12.2,24090.85,12.2,188120,650,63,69666749.75,25,F1,65,,,,,
2026-08-27,2026-08-27,FO,NSE,IDO,55327,,NIFTY,,2026-12-29,2026-12-29,22500.0,PE,NIFTY26DEC22500PE,84.1,95.65,83.15,89.05,91.75,83.55,24090.85,89.05,1042665,201370,5526,8113296480.25,2880,F1,65,,,,,
2026-08-27,2026-08-27,FO,NSE,IDO,50979,,NIFTY,,2026-12-29,2026-12-29,27000.0,PE,NIFTY26DEC27000PE,2218.0,2291.5,2205.4,2284.45,2276.0,2118.4,24090.85,2284.45,947835,2665,116,220437961.25,92,F1,65,,,,,
2026-08-27,2026-08-27,FO,NSE,IDO,38159,,NIFTY,,2026-12-29,2026-12-29,29000.0,PE,NIFTY26DEC29000PE,4075.0,4167.8,4070.0,4164.75,4165.05,3996.25,24090.85,4164.75,218480,-65,26,55967483.0,26,F1,65,,,,,
2026-08-27,2026-08-27,FO,NSE,IDO,80189,,NIFTY,,2027-03-30,2027-03-30,15000.0,PE,NIFTY27MAR15000PE,0.0,0.0,0.0,20.0,20.0,20.0,24090.85,0.01,1300,0,0,0.0,0,F1,65,,,,,
2026-08-27,2026-08-27,FO,NSE,IDO,55379,,NIFTY,,2027-06-29,2027-06-29,28500.0,PE,NIFTY27JUN28500PE,0.0,0.0,0.0,1807.05,0.0,1807.05,24090.85,3369.55,0,0,0,0.0,0,F1,65,,,,,
2026-08-27,2026-08-27,FO,NSE,IDO,35263,,NIFTY,,2027-06-29,2027-06-29,30000.0,PE,NIFTY27JUN30000PE,0.0,0.0,0.0,4000.0,4000.0,4000.0,24090.85,4566.08,455,0,0,0.0,0,F1,65,,,,,
2026-08-27,2026-08-27,FO,NSE,IDO,53619,,NIFTY,,2027-12-28,2027-12-28,23000.0,PE,NIFTY27DEC23000PE,440.0,455.0,440.0,455.0,455.0,440.0,24090.85,455.0,52690,910,51,77734023.25,42,F1,65,,,,,
2026-08-27,2026-08-27,FO,NSE,IDO,55469,,NIFTY,,2028-06-27,2028-06-27,16500.0,PE,NIFTY28JUN16500PE,0.0,0.0,0.0,3.8,0.0,3.8,24090.85,16.32,0,0,0,0.0,0,F1,65,,,,,
2026-08-27,2026-08-27,FO,NSE,IDO,67775,,NIFTY,,2028-12-26,2028-12-26,20000.0,PE,NIFTY28DEC20000PE,275.0,275.0,275.0,275.0,275.0,279.45,24090.85,196.54,3745,0,3,3953625.0,3,F1,65,,,,,
2026-08-27,2026-08-27,FO,NSE,IDO,55651,,NIFTY,,2030-06-25,2030-06-25,31500.0,PE,NIFTY30JUN31500PE,0.0,0.0,0.0,2056.3,0.0,2056.3,24090.85,3269.76,0,0,0,0.0,0,F1,65,,,,,
2026-08-27,2026-08-27,FO,NSE,IDO,74646,,NIFTY,,2031-06-24,2031-06-24,21000.0,PE,NIFTY31JUN21000PE,0.0,0.0,0.0,450.5,0.0,450.5,24090.85,325.32,0,0,0,0.0,0,F1,65,,,,,
2026-08-27,2026-08-27,FO,NSE,IDO,74657,,NIFTY,,2031-06-24,2031-06-24,30000.0,CE,NIFTY31JUN30000CE,0.0,0.0,0.0,4459.9,0.0,4459.9,24090.85,4481.23,0,0,0,0.0,0,F1,65,,,,,
2026-08-27,2026-08-27,FO,NSE,IDO,74641,,NIFTY,,2031-06-24,2031-06-24,18000.0,CE,NIFTY31JUN18000CE,0.0,0.0,0.0,10825.95,0.0,10825.95,24090.85,11089.16,0,0,0,0.0,0,F1,65,,,,,
2026-08-27,2026-08-27,FO,NSE,IDO,55756,,NIFTY,,2030-12-31,2030-12-31,25500.0,CE,NIFTY30DEC25500CE,0.0,0.0,0.0,7639.65,0.0,7639.65,24090.85,5991.84,0,0,0,0.0,0,F1,65,,,,,
2026-08-27,2026-08-27,FO,NSE,IDO,55700,,NIFTY,,2030-12-31,2030-12-31,19500.0,CE,NIFTY30DEC19500CE,0.0,0.0,0.0,11601.15,0.0,11601.15,24090.85,9627.72,0,0,0,0.0,0,F1,65,,,,,
2026-08-27,2026-08-27,FO,NSE,IDO,61659,,NIFTY,,2029-12-24,2029-12-24,21000.0,CE,NIFTY29DEC21000CE,0.0,0.0,0.0,9463.95,0.0,9463.95,24090.85,7541.18,0,0,0,0.0,0,F1,65,,,,,
2026-08-27,2026-08-27,FO,NSE,IDO,55562,,NIFTY,,2029-06-26,2029-06-26,25500.0,CE,NIFTY29JUN25500CE,0.0,0.0,0.0,5917.35,0.0,5917.35,24090.85,4179.63,0,0,0,0.0,0,F1,65,,,,,
2026-08-27,2026-08-27,FO,NSE,IDO,86163,,NIFTY,,2028-06-27,2028-06-27,27000.0,CE,NIFTY28JUN27000CE,0.0,0.0,0.0,1935.0,1935.0,1935.0,24090.85,2176.31,0,0,0,0.0,0,F1,65,,,,,
2026-08-27,2026-08-27,FO,NSE,IDO,53613,,NIFTY,,2027-12-28,2027-12-28,21000.0,CE,NIFTY27DEC21000CE,0.0,0.0,0.0,4902.4,0.0,4902.4,24090.85,5079.97,0,0,0,0.0,0,F1,65,,,,,
2026-08-27,2026-08-27,FO,NSE,IDO,55372,,NIFTY,,2027-06-29,2027-06-29,19500.0,CE,NIFTY27JUN19500CE,0.0,0.0,0.0,8143.4,0.0,8143.4,24090.85,5679.55,0,0,0,0.0,0,F1,65,,,,,
2026-08-27,2026-08-27,FO,NSE,IDO,55368,,NIFTY,,2027-06-29,2027-06-29,16500.0,CE,NIFTY27JUN16500CE,0.0,0.0,0.0,10867.2,0.0,10867.2,24090.85,8475.23,0,0,0,0.0,0,F1,65,,,,,
2026-08-27,2026-08-27,FO,NSE,IDO,80307,,NIFTY,,2027-03-30,2027-03-30,30000.0,CE,NIFTY27MAR30000CE,35.0,38.5,31.2,32.2,32.35,34.0,24090.85,32.2,111540,6955,397,775002887.75,134,F1,65,,,,,
2026-08-27,2026-08-27,FO,NSE,IDO,80268,,NIFTY,,2027-03-30,2027-03-30,21000.0,CE,NIFTY27MAR21000CE,0.0,0.0,0.0,4053.0,4053.0,4053.0,24090.85,3984.39,975,0,0,0.0,0,F1,65,,,,,
2026-08-27,2026-08-27,FO,NSE,IDO,55328,,NIFTY,,2026-12-29,2026-12-29,25500.0,CE,NIFTY26DEC25500CE,300.0,310.35,265.25,270.9,267.0,311.9,24090.85,270.9,992810,20865,3471,5816741115.25,2095,F1,65,,,,,
2026-08-27,2026-08-27,FO,NSE,IDO,55324,,NIFTY,,2026-12-29,2026-12-29,19500.0,CE,NIFTY26DEC19500CE,0.0,0.0,0.0,7586.85,0.0,7586.85,24090.85,5025.02,0,0,0,0.0,0,F1,65,,,,,
2026-08-27,2026-08-27,FO,NSE,IDO,64493,,NIFTY,,2026-11-23,2026-11-23,25900.0,CE,NIFTY26NOV25900CE,0.0,0.0,0.0,345.7,0.0,345.7,24090.85,276.43,0,0,0,0.0,0,F1,65,,,,,
2026-08-27,2026-08-27,FO,NSE,IDO,64456,,NIFTY,,2026-11-23,2026-11-23,25300.0,CE,NIFTY26NOV25300CE,0.0,0.0,0.0,532.0,0.0,532.0,24090.85,437.57,0,0,0,0.0,0,F1,65,,,,,
2026-08-27,2026-08-27,FO,NSE,IDO,64429,,NIFTY,,2026-11-23,2026-11-23,24800.0,CE,NIFTY26NOV24800CE,405.3,405.3,346.45,348.2,347.35,736.65,24090.85,348.2,5200,5200,93,152200363.25,93,F1,65,,,,,
2026-08-27,2026-08-27,FO,NSE,IDO,64409,,NIFTY,,2026-11-23,2026-11-23,24300.0,CE,NIFTY26NOV24300CE,674.6,674.6,597.5,599.8,597.5,707.1,24090.85,599.8,1690,650,51,82640788.75,39,F1,65,,,,,
2026-08-27,2026-08-27,FO,NSE,IDO,51508,,NIFTY,,2026-10-27,2026-10-27,26450.0,CE,NIFTY26OCT26450CE,0.0,0.0,0.0,178.65,0.0,178.65,24090.85,85.2,0,0,0,0.0,0,F1,65,,,,,
2026-08-27,2026-08-27,FO,NSE,IDO,51422,,NIFTY,,2026-10-27,2026-10-27,24600.0,CE,NIFTY26OCT24600CE,339.05,340.95,284.3,293.65,286.4,356.2,24090.85,293.65,77870,15340,1146,1855570239.25,766,F1,65,,,,,
2026-08-27,2026-08-27,FO,NSE,IDO,51398,,NIFTY,,2026-10-27,2026-10-27,24100.0,CE,NIFTY26OCT24100CE,642.5,642.75,555.0,567.7,555.0,661.15,24090.85,567.7,26650,3900,239,383607032.25,189,F1,65,,,,,
2026-08-27,2026-08-27,FO,NSE,IDO,51378,,NIFTY,,2026-10-27,2026-10-27,23650.0,CE,NIFTY26OCT23650CE,0.0,0.0,0.0,1181.9,0.0,1181.9,24090.85,1037.44,0,0,0,0.0,0,F1,65,,,,,
2026-08-27,2026-08-27,FO,NSE,IDO,51362,,NIFTY,,2026-10-27,2026-10-27,23250.0,CE,NIFTY26OCT23250CE,0.0,0.0,0.0,1441.3,0.0,1441.3,24090.85,1316.57,0,0,0,0.0,0,F1,65,,,,,
2026-08-27,2026-08-27,FO,NSE,IDO,51338,,NIFTY,,2026-10-27,2026-10-27,22650.0,CE,NIFTY26OCT22650CE,0.0,0.0,0.0,1882.95,0.0,1882.95,24090.85,1794.35,0,0,0,0.0,0,F1,65,,,,,
2026-08-27,2026-08-27,FO,NSE,IDO,74432,,NIFTY,,2026-09-29,2026-09-29,25950.0,CE,NIFTY26SEP25950CE,6.5,7.0,6.15,6.8,6.85,6.8,24090.85,6.8,21190,-650,207,349246176.5,113,F1,65,,,,,
2026-08-27,2026-08-27,FO,NSE,IDO,74107,,NIFTY,,2026-09-29,2026-09-29,24300.0,CE,NIFTY26SEP24300CE,339.4,346.65,260.0,273.85,263.0,353.25,24090.85,273.85,4048200,646685,47579,76060643740.25,31351,F1,65,,,,,
2026-08-27,2026-08-27,FO,NSE,IDO,73906,,NIFTY,,2026-09-29,2026-09-29,23100.0,CE,NIFTY26SEP23100CE,1285.0,1287.55,1285.0,1287.55,1287.55,1358.25,24090.85,1226.13,4225,-65,3,4755403.25,3,F1,65,,,,,
2026-08-27,2026-08-27,FO,NSE,IDO,73897,,NIFTY,,2026-09-29,2026-09-29,22850.0,CE,NIFTY26SEP22850CE,0.0,0.0,0.0,1575.95,1575.95,1575.95,24090.85,1439.18,325,0,0,0.0,0,F1,65,,,,,
2026-08-27,2026-08-27,FO,NSE,IDO,73859,,NIFTY,,2026-09-29,2026-09-29,21950.0,CE,NIFTY26SEP21950CE,0.0,0.0,0.0,2542.65,2542.65,2542.65,24090.85,2279.39,65,0,0,0.0,0,F1,65,,,,,
2026-08-27,2026-08-27,FO,NSE,IDO,73805,,NIFTY,,2026-09-29,2026-09-29,21600.0,CE,NIFTY26SEP21600CE,2680.0,2680.0,2680.0,2680.0,2680.0,2707.4,24090.85,2621.97,45175,65,1,1578200.0,1,F1,65,,,,,
2026-08-27,2026-08-27,FO,NSE,IDO,65893,,NIFTY,,2026-09-29,2026-09-29,21000.0,CE,NIFTY26SEP21000CE,3413.45,3413.45,3257.0,3257.0,3257.0,3413.45,24090.85,3257.0,501930,260,68,107511296.75,51,F1,65,,,,,
2026-08-27,2026-08-27,FO,NSE,IDO,57998,,NIFTY,,2026-09-22,2026-09-22,25750.0,CE,NIFTY2692225750CE,0.0,0.0,0.0,79.6,0.0,79.6,24090.85,36.13,0,0,0,0.0,0,F1,65,,,,,
2026-08-27,2026-08-27,FO,NSE,IDO,57796,,NIFTY,,2026-09-22,2026-09-22,25000.0,CE,NIFTY2692225000CE,0.0,0.0,0.0,223.05,0.0,223.05,24090.85,137.37,0,0,0,0.0,0,F1,65,,,,,
2026-08-27,2026-08-27,FO,NSE,IDO,57734,,NIFTY,,2026-09-22,2026-09-22,24800.0,CE,NIFTY2692224800CE,80.05,80.15,54.75,59.8,58.15,88.85,24090.85,59.8,11830,6825,753,1217100972.75,426,F1,65,,,,,
2026-08-27,2026-08-27,FO,NSE,IDO,57251,,NIFTY,,2026-09-22,2026-09-22,24100.0,CE,NIFTY2692224100CE,419.85,419.9,324.8,346.3,336.2,434.6,24090.85,346.3,14235,3575,286,454727923.0,204,F1,65,,,,,
2026-08-27,2026-08-27,FO,NSE,IDO,57084,,NIFTY,,2026-09-22,2026-09-22,23800.0,CE,NIFTY2692223800CE,640.0,640.0,561.8,563.4,565.0,697.9,24090.85,563.4,520,130,8,12688399.75,8,F1,65,,,,,
2026-08-27,2026-08-27,FO,NSE,IDO,57052,,NIFTY,,2026-09-22,2026-09-22,23650.0,CE,NIFTY2692223650CE,0.0,0.0,0.0,870.3,0.0,870.3,24090.85,737.97,0,0,0,0.0,0,F1,65,,,,,
2026-08-27,2026-08-27,FO,NSE,IDO,56983,,NIFTY,,2026-09-22,2026-09-22,23250.0,CE,NIFTY2692223250CE,1160.0,1160.0,1160.0,1160.0,1160.0,1168.05,24090.85,1039.79,65,65,1,1586650.0,1,F1,65,,,,,
2026-08-27,2026-08-27,FO,NSE,IDO,56939,,NIFTY,,2026-09-22,2026-09-22,22950.0,CE,NIFTY2692222950CE,0.0,0.0,0.0,1416.4,0.0,1416.4,24090.85,1294.3,0,0,0,0.0,0,F1,65,,,,,
2026-08-27,2026-08-27,FO,NSE,IDO,47395,,NIFTY,,2026-09-15,2026-09-15,25600.0,CE,NIFTY2691525600CE,0.0,0.0,0.0,164.3,0.0,164.3,24090.85,23.57,0,0,0,0.0,0,F1,65,,,,,
2026-08-27,2026-08-27,FO,NSE,IDO,56904,,NIFTY,,2026-09-22,2026-09-22,22650.0,PE,NIFTY2692222650PE,0.0,0.0,0.0,45.6,0.0,45.6,24090.85,27.94,0,0,0,0.0,0,F1,65,,,,,
2026-08-27,2026-08-27,FO,NSE,IDO,47339,,NIFTY,,2026-09-15,2026-09-15,24500.0,CE,NIFTY2691524500CE,131.0,143.5,90.0,97.25,90.0,148.7,24090.85,97.25,512395,87555,12090,19339425095.25,7626,F1,65,,,,,
2026-08-27,2026-08-27,FO,NSE,IDO,47315,,NIFTY,,2026-09-15,2026-09-15,23900.0,CE,NIFTY2691523900CE,493.3,493.3,414.7,430.15,414.7,579.65,24090.85,430.15,4290,3315,113,178884878.25,108,F1,65,,,,,
2026-08-27,2026-08-27,FO,NSE,IDO,47301,,NIFTY,,2026-09-15,2026-09-15,23600.0,CE,NIFTY2691523600CE,805.0,805.0,714.15,714.15,714.15,784.9,24090.85,714.15,390,195,5,7911150.0,5,F1,65,,,,,
2026-08-27,2026-08-27,FO,NSE,IDO,47285,,NIFTY,,2026-09-15,2026-09-15,23200.0,CE,NIFTY2691523200CE,0.0,0.0,0.0,1481.9,0.0,1481.9,24090.85,1023.44,0,0,0,0.0,0,F1,65,,,,,
2026-08-27,2026-08-27,FO,NSE,IDO,42765,,NIFTY,,2026-09-08,2026-09-08,26300.0,CE,NIFTY2690826300CE,1.2,1.6,1.0,1.05,1.0,1.25,24090.85,1.05,36335,8385,326,557323617.5,120,F1,65,,,,,
2026-08-27,2026-08-27,FO,NSE,IDO,42691,,NIFTY,,2026-09-08,2026-09-08,25100.0,CE,NIFTY2690825100CE,7.8,9.15,5.55,6.35,5.9,8.25,24090.85,6.35,604435,-565045,47285,77165646798.5,20176,F1,65,,,,,
2026-08-27,2026-08-27,FO,NSE,IDO,42659,,NIFTY,,2026-09-08,2026-09-08,24450.0,CE,NIFTY2690824450CE,111.3,114.45,64.8,70.8,64.8,121.0,24090.85,70.8,282750,-340600,27370,43641744851.25,18031,F1,65,,,,,
2026-08-27,2026-08-27,FO,NSE,IDO,42639,,NIFTY,,2026-09-08,2026-09-08,24000.0,CE,NIFTY2690824000CE,386.0,400.85,282.5,297.85,287.0,414.7,24090.85,297.85,461760,223210,16078,25419030217.75,10860,F1,65,,,,,
2026-08-27,2026-08-27,FO,NSE,IDO,42573,,NIFTY,,2026-09-08,2026-09-08,22550.0,CE,NIFTY2690822550CE,0.0,0.0,0.0,2213.6,0.0,2213.6,24090.85,1588.12,0,0,0,0.0,0,F1,65,,,,,
2026-08-27,2026-08-27,FO,NSE,IDO,47085,,NIFTY,,2026-09-01,2026-09-01,26500.0,CE,NIFTY2690126500CE,0.65,1.0,0.55,0.6,0.6,0.65,24090.85,0.6,201240,61815,10299,17740511785.75,3145,F1,65,,,,,
2026-08-27,2026-08-27,FO,NSE,IDO,47047,,NIFTY,,2026-09-01,2026-09-01,25550.0,CE,NIFTY2690125550CE,1.35,2.0,0.9,1.05,0.9,1.0,24090.85,1.05,722605,97825,36062,59892981066.75,8887,F1,65,,,,,
2026-08-27,2026-08-27,FO,NSE,IDO,47027,,NIFTY,,2026-09-01,2026-09-01,25050.0,CE,NIFTY2690125050CE,2.15,3.7,1.75,2.25,1.85,3.0,24090.85,2.25,2164760,715975,319807,520781874538.25,54177,F1,65,,,,,
2026-08-27,2026-08-27,FO,NSE,IDO,47015,,NIFTY,,2026-09-01,2026-09-01,24750.0,CE,NIFTY2690124750CE,9.45,9.45,3.85,4.85,3.95,9.95,24090.85,4.85,2948075,-603720,294315,473593453583.25,93329,F1,65,,,,,
2026-08-27,2026-08-27,FO,NSE,IDO,47005,,NIFTY,,2026-09-01,2026-09-01,24500.0,CE,NIFTY2690124500CE,45.0,45.0,14.2,17.65,14.65,47.05,24090.85,17.65,12538045,2146105,1311554,2090670500308.0,391035,F1,65,,,,,
2026-08-27,2026-08-27,FO,NSE,IDO,46975,,NIFTY,,2026-09-01,2026-09-01,23750.0,CE,NIFTY2690123750CE,574.95,591.5,424.05,453.7,434.8,605.3,24090.85,453.7,35750,-9880,2484,3912805523.25,1776,F1,65,,,,,
2026-08-27,2026-08-27,FO,NSE,IDO,46951,,NIFTY,,2026-09-01,2026-09-01,23150.0,CE,NIFTY2690123150CE,0.0,0.0,0.0,1180.0,1180.0,1180.0,24090.85,962.64,325,0,0,0.0,0,F1,65,,,,,
2026-08-27,2026-08-27,FO,NSE,IDO,46945,,NIFTY,,2026-09-01,2026-09-01,23000.0,CE,NIFTY2690123000CE,1309.75,1309.75,1164.7,1190.2,1176.35,1324.0,24090.85,1190.2,47645,1625,350,551308121.0,206,F1,65,,,,,
2026-08-27,2026-08-27,FO,NSE,IDO,46933,,NIFTY,,2026-09-01,2026-09-01,22700.0,CE,NIFTY2690122700CE,0.0,0.0,0.0,1716.55,0.0,1716.55,24090.85,1409.78,0,0,0,0.0,0,F1,65,,,,,
2026-08-27,2026-08-27,FO,NSE,IDO,46921,,NIFTY,,2026-09-01,2026-09-01,22400.0,CE,NIFTY2690122400CE,0.0,0.0,0.0,1986.25,0.0,1986.25,24090.85,1709.44,0,0,0,0.0,0,F1,65,,,,,
2026-08-27,2026-08-27,FO,NSE,IDF,48704,,NIFTY,,2026-10-27,2026-10-27,,,NIFTY26OCTFUT,24598.9,24598.9,24388.0,24404.5,24393.0,24562.0,24090.85,24404.5,1218100,48685,2883,4581473234.0,2178,F1,65,,,,,
2026-08-27,2026-08-27,FO,NSE,IDO,47278,,NIFTY,,2026-09-15,2026-09-15,23000.0,PE,NIFTY2691523000PE,8.75,11.65,7.1,10.75,10.9,8.75,24090.85,10.75,166855,10075,1495,2235960847.25,704,F1,65,,,,,
2026-08-27,2026-08-27,FO,NSE,IDO,47272,,NIFTY,,2026-09-15,2026-09-15,22850.0,PE,NIFTY2691522850PE,0.0,0.0,0.0,11.2,8.0,11.2,24090.85,24.59,1105,0,0,0.0,0,F1,65,,,,,
2026-08-27,2026-08-27,FO,NSE,IDO,47268,,NIFTY,,2026-09-15,2026-09-15,22750.0,PE,NIFTY2691522750PE,7.0,9.75,7.0,9.75,9.75,9.25,24090.85,18.6,1690,130,3,4437940.0,3,F1,65,,,,,
2026-08-27,2026-08-27,FO,NSE,IDO,42764,,NIFTY,,2026-09-08,2026-09-08,26250.0,PE,NIFTY2690826250PE,0.0,0.0,0.0,1568.65,0.0,1568.65,24090.85,2107.37,0,0,0,0.0,0,F1,65,,,,,
2026-08-27,2026-08-27,FO,NSE,IDO,42744,,NIFTY,,2026-09-08,2026-09-08,25950.0,PE,NIFTY2690825950PE,0.0,0.0,0.0,1315.0,0.0,1315.0,24090.85,1809.15,0,0,0,0.0,0,F1,65,,,,,
2026-08-27,2026-08-27,FO,NSE,IDO,42710,,NIFTY,,2026-09-08,2026-09-08,25450.0,PE,NIFTY2690825450PE,1170.0,1202.0,1170.0,1202.0,1202.0,931.85,24090.85,1202.0,0,0,2,3462680.0,2,F1,65,,,,,
2026-08-27,2026-08-27,FO,NSE,IDO,42682,,NIFTY,,2026-09-08,2026-09-08,24950.0,PE,NIFTY2690824950PE,636.3,637.8,636.3,637.8,637.8,777.25,24090.85,856.57,65,0,2,3326316.5,2,F1,65,,,,,
2026-08-27,2026-08-27,FO,NSE,IDO,47392,,NIFTY,,2026-09-15,2026-09-15,25500.0,PE,NIFTY2691525500PE,0.0,0.0,0.0,1068.3,0.0,1068.3,24090.85,1358.79,0,0,0,0.0,0,F1,65,,,,,
2026-08-27,2026-08-27,FO,NSE,IDO,47440,,NIFTY,,2026-09-15,2026-09-15,26150.0,PE,NIFTY2691526150PE,0.0,0.0,0.0,1603.05,0.0,1603.05,24090.85,1982.27,0,0,0,0.0,0,F1,65,,,,,
2026-08-27,2026-08-27,FO,NSE,IDO,56862,,NIFTY,,2026-09-22,2026-09-22,22400.0,PE,NIFTY2692222400PE,8.0,8.0,8.0,8.0,8.0,7.95,24090.85,15.01,6760,845,15,21847800.0,8,F1,65,,,,,
2026-08-27,2026-08-27,FO,NSE,IDO,57002,,NIFTY,,2026-09-22,2026-09-22,23400.0,PE,NIFTY2692223400PE,0.0,0.0,0.0,161.3,0.0,161.3,24090.85,129.36,0,0,0,0.0,0,F1,65,,,,,
2026-08-27,2026-08-27,FO,NSE,IDO,42586,,NIFTY,,2026-09-08,2026-09-08,22850.0,PE,NIFTY2690822850PE,4.0,5.5,4.0,4.65,4.5,4.2,24090.85,4.65,13650,7150,330,490233747.25,261,F1,65,,,,,
2026-08-27,2026-08-27,FO,NSE,IDO,42607,,NIFTY,,2026-09-08,2026-09-08,23350.0,PE,NIFTY2690823350PE,7.25,11.55,6.8,10.6,10.95,7.35,24090.85,10.6,68380,33800,2674,4060065483.5,1715,F1,65,,,,,
2026-08-27,2026-08-27,FO,NSE,IDO,42609,,NIFTY,,2026-09-08,2026-09-08,23400.0,PE,NIFTY2690823400PE,7.95,13.5,7.35,12.15,12.5,8.05,24090.85,12.15,391755,157625,19815,30151678644.75,11673,F1,65,,,,,
2026-08-27,2026-08-27,FO,NSE,IDO,42632,,NIFTY,,2026-09-08,2026-09-08,23800.0,PE,NIFTY2690823800PE,22.05,44.5,21.2,40.7,42.75,22.75,24090.85,40.7,1018615,246415,40530,62786138441.0,25423,F1,65,,,,,
2026-08-27,2026-08-27,FO,NSE,IDO,42664,,NIFTY,,2026-09-08,2026-09-08,24550.0,PE,NIFTY2690824550PE,288.0,394.4,273.5,372.7,390.2,258.3,24090.85,372.7,15730,-1235,633,1024077847.0,505,F1,65,,,,,
2026-08-27,2026-08-27,FO,NSE,IDO,42672,,NIFTY,,2026-09-08,2026-09-08,24750.0,PE,NIFTY2690824750PE,429.3,570.8,429.3,556.65,570.8,415.3,24090.85,556.65,4875,-195,18,29519509.5,18,F1,65,,,,,
2026-08-27,2026-08-27,FO,NSE,IDO,42680,,NIFTY,,2026-09-08,2026-09-08,24900.0,PE,NIFTY2690824900PE,565.0,700.0,565.0,686.6,699.0,523.9,24090.85,686.6,16055,-65,47,78054174.25,39,F1,65,,,,,
2026-08-27,2026-08-27,FO,NSE,IDO,42708,,NIFTY,,2026-09-08,2026-09-08,25400.0,PE,NIFTY2690825400PE,0.0,0.0,0.0,896.85,0.0,896.85,24090.85,1270.87,0,0,0,0.0,0,F1,65,,,,,
2026-08-27,2026-08-27,FO,NSE,IDO,47264,,NIFTY,,2026-09-15,2026-09-15,22650.0,PE,NIFTY2691522650PE,0.0,0.0,0.0,6.2,6.2,6.2,24090.85,13.89,65,0,0,0.0,0,F1,65,,,,,
2026-08-27,2026-08-27,FO,NSE,IDO,47308,,NIFTY,,2026-09-15,2026-09-15,23750.0,PE,NIFTY2691523750PE,0.0,0.0,0.0,105.2,105.2,105.2,24090.85,182.72,1040,0,0,0.0,0,F1,65,,,,,
2026-08-27,2026-08-27,FO,NSE,IDO,47348,,NIFTY,,2026-09-15,2026-09-15,24650.0,PE,NIFTY2691524650PE,422.85,465.35,422.85,465.35,465.35,353.75,24090.85,465.35,3510,-520,12,19577762.75,12,F1,65,,,,,
2026-08-27,2026-08-27,FO,NSE,IDO,47358,,NIFTY,,2026-09-15,2026-09-15,24850.0,PE,NIFTY2691524850PE,0.0,0.0,0.0,629.7,0.0,629.7,24090.85,798.65,0,0,0,0.0,0,F1,65,,,,,
2026-08-27,2026-08-27,FO,NSE,IDO,47378,,NIFTY,,2026-09-15,2026-09-15,25250.0,PE,NIFTY2691525250PE,0.0,0.0,0.0,885.25,0.0,885.25,24090.85,1132.32,0,0,0,0.0,0,F1,65,,,,,
2026-08-27,2026-08-27,FO,NSE,IDO,47386,,NIFTY,,2026-09-15,2026-09-15,25400.0,PE,NIFTY2691525400PE,0.0,0.0,0.0,992.45,0.0,992.45,24090.85,1266.92,0,0,0,0.0,0,F1,65,,,,,
2026-08-27,2026-08-27,FO,NSE,IDO,47394,,NIFTY,,2026-09-15,2026-09-15,25550.0,PE,NIFTY2691525550PE,0.0,0.0,0.0,1105.5,0.0,1105.5,24090.85,1405.27,0,0,0,0.0,0,F1,65,,,,,
2026-08-27,2026-08-27,FO,NSE,IDO,56938,,NIFTY,,2026-09-22,2026-09-22,22900.0,PE,NIFTY2692222900PE,0.0,0.0,0.0,72.2,0.0,72.2,24090.85,49.1,0,0,0,0.0,0,F1,65,,,,,
2026-08-27,2026-08-27,FO,NSE,IDO,56979,,NIFTY,,2026-09-22,2026-09-22,23150.0,PE,NIFTY2692223150PE,0.0,0.0,0.0,109.9,0.0,109.9,24090.85,81.73,0,0,0,0.0,0,F1,65,,,,,
2026-08-27,2026-08-27,FO,NSE,IDO,56984,,NIFTY,,2026-09-22,2026-09-22,23250.0,PE,NIFTY2692223250PE,21.05,34.75,12.55,28.05,28.8,21.2,24090.85,28.05,23010,10920,357,540070544.0,179,F1,65,,,,,
2026-08-27,2026-08-27,FO,NSE,IDO,57715,,NIFTY,,2026-09-22,2026-09-22,24700.0,PE,NIFTY2692224700PE,422.95,436.9,422.95,436.85,436.85,387.8,24090.85,718.17,1755,0,5,8167464.5,5,F1,65,,,,,
2026-08-27,2026-08-27,FO,NSE,IDO,57723,,NIFTY,,2026-09-22,2026-09-22,24750.0,PE,NIFTY2692224750PE,0.0,0.0,0.0,752.65,0.0,752.65,24090.85,752.99,0,0,0,0.0,0,F1,65,,,,,
2026-08-27,2026-08-27,FO,NSE,IDO,57784,,NIFTY,,2026-09-22,2026-09-22,24900.0,PE,NIFTY2692224900PE,0.0,0.0,0.0,853.1,0.0,853.1,24090.85,863.26,0,0,0,0.0,0,F1,65,,,,,
2026-08-27,2026-08-27,FO,NSE,IDO,58011,,NIFTY,,2026-09-22,2026-09-22,25800.0,PE,NIFTY2692225800PE,0.0,0.0,0.0,1569.65,0.0,1569.65,24090.85,1630.71,0,0,0,0.0,0,F1,65,,,,,
2026-08-27,2026-08-27,FO,NSE,IDO,55281,,NIFTY,,2026-09-29,2026-09-29,16500.0,PE,NIFTY26SEP16500PE,0.85,0.85,0.75,0.75,0.75,0.85,24090.85,0.75,133250,-65,27,28958965.75,15,F1,65,,,,,
2026-08-27,2026-08-27,FO,NSE,IDO,73832,,NIFTY,,2026-09-29,2026-09-29,21650.0,PE,NIFTY26SEP21650PE,0.0,0.0,0.0,8.7,8.7,8.7,24090.85,3.91,6500,0,0,0.0,0,F1,65,,,,,
2026-08-27,2026-08-27,FO,NSE,IDO,73868,,NIFTY,,2026-09-29,2026-09-29,22050.0,PE,NIFTY26SEP22050PE,9.5,11.6,9.5,10.85,10.9,10.55,24090.85,10.85,4355,-845,49,70262845.25,23,F1,65,,,,,
2026-08-27,2026-08-27,FO,NSE,IDO,73870,,NIFTY,,2026-09-29,2026-09-29,22100.0,PE,NIFTY26SEP22100PE,10.75,11.45,10.1,10.95,10.95,10.75,24090.85,10.95,72410,17550,792,1138252488.75,458,F1,65,,,,,
2026-08-27,2026-08-27,FO,NSE,IDO,73880,,NIFTY,,2026-09-29,2026-09-29,22350.0,PE,NIFTY26SEP22350PE,0.0,0.0,0.0,11.4,11.4,11.4,24090.85,22.74,12415,0,0,0.0,0,F1,65,,,,,
2026-08-27,2026-08-27,FO,NSE,IDO,73894,,NIFTY,,2026-09-29,2026-09-29,22750.0,PE,NIFTY26SEP22750PE,16.0,19.3,15.5,19.05,19.0,16.25,24090.85,19.05,39195,-130,361,534216455.5,253,F1,65,,,,,
2026-08-27,2026-08-27,FO,NSE,IDO,73911,,NIFTY,,2026-09-29,2026-09-29,23200.0,PE,NIFTY26SEP23200PE,26.65,37.55,26.05,36.05,36.85,26.25,24090.85,36.05,899535,150540,9426,14234045107.75,4404,F1,65,,,,,
2026-08-27,2026-08-27,FO,NSE,IDO,73982,,NIFTY,,2026-09-29,2026-09-29,23450.0,PE,NIFTY26SEP23450PE,43.5,60.0,39.55,56.15,59.85,40.1,24090.85,56.15,153920,5070,871,1330507005.75,602,F1,65,,,,,
2026-08-27,2026-08-27,FO,NSE,IDO,74063,,NIFTY,,2026-09-29,2026-09-29,24050.0,PE,NIFTY26SEP24050PE,133.95,188.85,130.45,182.35,185.85,131.6,24090.85,182.35,65715,5720,1237,1946940251.75,985,F1,65,,,,,
2026-08-27,2026-08-27,FO,NSE,IDO,74067,,NIFTY,,2026-09-29,2026-09-29,24150.0,PE,NIFTY26SEP24150PE,160.2,227.55,157.7,209.05,224.15,157.05,24090.85,209.05,267150,172380,8549,13531880696.75,5421,F1,65,,,,,
2026-08-27,2026-08-27,FO,NSE,IDO,74362,,NIFTY,,2026-09-29,2026-09-29,24900.0,PE,NIFTY26SEP24900PE,571.95,683.0,569.7,669.7,683.0,533.7,24090.85,669.7,89375,-845,272,451519792.75,222,F1,65,,,,,
2026-08-27,2026-08-27,FO,NSE,IDO,74385,,NIFTY,,2026-09-29,2026-09-29,25250.0,PE,NIFTY26SEP25250PE,864.0,890.95,864.0,888.0,888.0,829.0,24090.85,1143.45,1950,65,4,6792955.0,4,F1,65,,,,,
2026-08-27,2026-08-27,FO,NSE,IDO,74427,,NIFTY,,2026-09-29,2026-09-29,25900.0,PE,NIFTY26SEP25900PE,0.0,0.0,0.0,1550.0,1550.0,1550.0,24090.85,1704.22,4875,0,0,0.0,0,F1,65,,,,,
2026-08-27,2026-08-27,FO,NSE,IDO,74480,,NIFTY,,2026-09-29,2026-09-29,26450.0,PE,NIFTY26SEP26450PE,0.0,0.0,0.0,2346.8,0.0,2346.8,24090.85,2220.49,0,0,0,0.0,0,F1,65,,,,,
2026-08-27,2026-08-27,FO,NSE,IDO,51337,,NIFTY,,2026-10-27,2026-10-27,22600.0,PE,NIFTY26OCT22600PE,31.0,37.0,28.8,35.05,34.5,26.95,24090.85,35.05,17160,1885,60,88265781.5,38,F1,65,,,,,
2026-08-27,2026-08-27,FO,NSE,IDO,51343,,NIFTY,,2026-10-27,2026-10-27,22750.0,PE,NIFTY26OCT22750PE,0.0,0.0,0.0,228.35,0.0,228.35,24090.85,121.54,0,0,0,0.0,0,F1,65,,,,,
2026-08-27,2026-08-27,FO,NSE,IDO,51353,,NIFTY,,2026-10-27,2026-10-27,23000.0,PE,NIFTY26OCT23000PE,47.9,60.0,45.0,58.55,58.0,45.8,24090.85,58.55,938145,31200,14722,22060445797.0,8242,F1,65,,,,,
2026-08-27,2026-08-27,FO,NSE,IDO,51423,,NIFTY,,2026-10-27,2026-10-27,24600.0,PE,NIFTY26OCT24600PE,404.05,483.05,404.05,478.6,481.9,384.3,24090.85,478.6,98605,0,404,657700556.5,238,F1,65,,,,,
2026-08-27,2026-08-27,FO,NSE,IDO,51435,,NIFTY,,2026-10-27,2026-10-27,24900.0,PE,NIFTY26OCT24900PE,572.0,665.15,572.0,665.15,665.15,551.7,24090.85,665.15,76765,-195,10,16583053.5,10,F1,65,,,,,
2026-08-27,2026-08-27,FO,NSE,IDO,51445,,NIFTY,,2026-10-27,2026-10-27,25100.0,PE,NIFTY26OCT25100PE,731.0,796.0,731.0,760.5,760.5,664.85,24090.85,1079.23,5655,-325,15,25228619.0,13,F1,65,,,,,
2026-08-27,2026-08-27,FO,NSE,IDO,51447,,NIFTY,,2026-10-27,2026-10-27,25150.0,PE,NIFTY26OCT25150PE,0.0,0.0,0.0,791.15,791.15,791.15,24090.85,1113.47,325,0,0,0.0,0,F1,65,,,,,
2026-08-27,2026-08-27,FO,NSE,IDO,51457,,NIFTY,,2026-10-27,2026-10-27,25400.0,PE,NIFTY26OCT25400PE,970.1,987.7,970.1,985.0,985.0,906.8,24090.85,1293.27,845,0,4,6859303.75,4,F1,65,,,,,
2026-08-27,2026-08-27,FO,NSE,IDO,51469,,NIFTY,,2026-10-27,2026-10-27,25500.0,PE,NIFTY26OCT25500PE,1025.0,1136.8,1025.0,1132.25,1136.8,991.4,24090.85,1132.25,193180,6110,208,359143122.0,190,F1,65,,,,,
2026-08-27,2026-08-27,FO,NSE,IDO,51529,,NIFTY,,2026-10-27,2026-10-27,26950.0,PE,NIFTY26OCT26950PE,0.0,0.0,0.0,2675.85,0.0,2675.85,24090.85,2611.6,0,0,0,0.0,0,F1,65,,,,,
2026-08-27,2026-08-27,FO,NSE,IDO,64290,,NIFTY,,2026-11-23,2026-11-23,22650.0,PE,NIFTY26NOV22650PE,0.0,0.0,0.0,135.8,0.0,135.8,24090.85,161.65,0,0,0,0.0,0,F1,65,,,,,
2026-08-27,2026-08-27,FO,NSE,IDO,64376,,NIFTY,,2026-11-23,2026-11-23,23550.0,PE,NIFTY26NOV23550PE,0.0,0.0,0.0,327.35,0.0,327.35,24090.85,380.9,0,0,0,0.0,0,F1,65,,,,,
2026-08-27,2026-08-27,FO,NSE,IDO,64400,,NIFTY,,2026-11-23,2026-11-23,24050.0,PE,NIFTY26NOV24050PE,0.0,0.0,0.0,493.55,0.0,493.55,24090.85,566.87,0,0,0,0.0,0,F1,65,,,,,
2026-08-27,2026-08-27,FO,NSE,IDO,64416,,NIFTY,,2026-11-23,2026-11-23,24450.0,PE,NIFTY26NOV24450PE,0.0,0.0,0.0,661.15,0.0,661.15,24090.85,751.67,0,0,0,0.0,0,F1,65,,,,,
2026-08-27,2026-08-27,FO,NSE,IDO,64424,,NIFTY,,2026-11-23,2026-11-23,24650.0,PE,NIFTY26NOV24650PE,0.0,0.0,0.0,756.75,0.0,756.75,24090.85,856.23,0,0,0,0.0,0,F1,65,,,,,
2026-08-27,2026-08-27,FO,NSE,IDO,58635,,NIFTY,,2026-12-29,2026-12-29,15000.0,PE,NIFTY26DEC15000PE,8.05,10.0,8.05,8.05,8.05,8.55,24090.85,8.05,116985,-1560,33,32196196.5,4,F1,65,,,,,
2026-08-27,2026-08-27,FO,NSE,IDO,58637,,NIFTY,,2026-12-29,2026-12-29,16000.0,PE,NIFTY26DEC16000PE,10.75,11.5,10.2,10.5,11.4,10.6,24090.85,10.5,115175,0,75,78051879.75,18,F1,65,,,,,
2026-08-27,2026-08-27,FO,NSE,IDO,71502,,NIFTY,,2026-12-29,2026-12-29,24000.0,PE,NIFTY26DEC24000PE,286.2,339.05,286.2,333.25,339.0,290.9,24090.85,333.25,2400860,-17290,5542,8761500978.75,3603,F1,65,,,,,
2026-08-27,2026-08-27,FO,NSE,IDO,47191,,NIFTY,,2026-12-29,2026-12-29,33000.0,PE,NIFTY26DEC33000PE,0.0,0.0,0.0,5263.45,0.0,5263.45,24090.85,8182.56,0,0,0,0.0,0,F1,65,,,,,
2026-08-27,2026-08-27,FO,NSE,IDO,55429,,NIFTY,,2027-12-28,2027-12-28,28500.0,PE,NIFTY27DEC28500PE,0.0,0.0,0.0,2979.7,2979.7,2979.7,24090.85,3049.97,260,0,0,0.0,0,F1,65,,,,,
2026-08-27,2026-08-27,FO,NSE,IDO,55431,,NIFTY,,2027-12-28,2027-12-28,31500.0,PE,NIFTY27DEC31500PE,0.0,0.0,0.0,3240.0,0.0,3240.0,24090.85,5204.89,0,0,0,0.0,0,F1,65,,,,,
2026-08-27,2026-08-27,FO,NSE,IDO,47195,,NIFTY,,2027-12-28,2027-12-28,33000.0,PE,NIFTY27DEC33000PE,0.0,0.0,0.0,4155.55,0.0,4155.55,24090.85,6415.08,0,0,0,0.0,0,F1,65,,,,,
2026-08-27,2026-08-27,FO,NSE,IDO,55471,,NIFTY,,2028-06-27,2028-06-27,19500.0,PE,NIFTY28JUN19500PE,0.0,0.0,0.0,40.05,0.0,40.05,24090.85,127.76,0,0,0,0.0,0,F1,65,,,,,
2026-08-27,2026-08-27,FO,NSE,IDO,35353,,NIFTY,,2028-06-27,2028-06-27,30000.0,PE,NIFTY28JUN30000PE,0.0,0.0,0.0,3779.25,0.0,3779.25,24090.85,3687.7,0,0,0,0.0,0,F1,65,,,,,
2026-08-27,2026-08-27,FO,NSE,IDO,55517,,NIFTY,,2028-12-26,2028-12-26,16500.0,PE,NIFTY28DEC16500PE,0.0,0.0,0.0,5.9,0.0,5.9,24090.85,25.85,0,0,0,0.0,0,F1,65,,,,,
2026-08-27,2026-08-27,FO,NSE,IDO,61391,,NIFTY,,2029-12-24,2029-12-24,18000.0,PE,NIFTY29DEC18000PE,0.0,0.0,0.0,96.5,0.0,96.5,24090.85,94.62,0,0,0,0.0,0,F1,65,,,,,
2026-08-27,2026-08-27,FO,NSE,IDO,61747,,NIFTY,,2029-12-24,2029-12-24,23000.0,PE,NIFTY29DEC23000PE,0.0,0.0,0.0,725.0,725.0,725.0,24090.85,628.67,1560,0,0,0.0,0,F1,65,,,,,
2026-08-27,2026-08-27,FO,NSE,IDO,61779,,NIFTY,,2029-12-24,2029-12-24,26000.0,PE,NIFTY29DEC26000PE,1350.0,1350.0,1350.0,1350.0,1350.0,1400.0,24090.85,1350.0,3860,65,1,1777750.0,1,F1,65,,,,,
2026-08-27,2026-08-27,FO,NSE,IDO,60905,,NIFTY,,2030-06-25,2030-06-25,24000.0,PE,NIFTY30JUN24000PE,0.0,0.0,0.0,698.15,0.0,698.15,24090.85,798.11,0,0,0,0.0,0,F1,65,,,,,
2026-08-27,2026-08-27,FO,NSE,IDO,55757,,NIFTY,,2030-12-31,2030-12-31,25500.0,PE,NIFTY30DEC25500PE,0.0,0.0,0.0,538.25,0.0,538.25,24090.85,1073.04,0,0,0,0.0,0,F1,65,,,,,
2026-08-27,2026-08-27,FO,NSE,IDO,74664,,NIFTY,,2031-06-24,2031-06-24,31500.0,PE,NIFTY31JUN31500PE,0.0,0.0,0.0,3185.85,0.0,3185.85,24090.85,2782.22,0,0,0,0.0,0,F1,65,,,,,
2026-08-27,2026-08-27,FO,NSE,IDO,46932,,NIFTY,,2026-09-01,2026-09-01,22650.0,PE,NIFTY2690122650PE,1.35,1.7,0.9,1.2,1.2,1.4,24090.85,1.2,88075,31395,10876,16013033478.0,4655,F1,65,,,,,
2026-08-27,2026-08-27,FO,NSE,IDO,46914,,NIFTY,,2026-09-01,2026-09-01,22200.0,PE,NIFTY2690122200PE,1.1,1.3,0.7,1.0,0.85,1.05,24090.85,1.0,619840,31655,19912,28734220723.0,6707,F1,65,,,,,
2026-08-27,2026-08-27,FO,NSE,IDO,74638,,NIFTY,,2031-06-24,2031-06-24,16500.0,CE,NIFTY31JUN16500CE,0.0,0.0,0.0,11849.25,0.0,11849.25,24090.85,12127.36,0,0,0,0.0,0,F1,65,,,,,
2026-08-27,2026-08-27,FO,NSE,IDO,55754,,NIFTY,,2030-12-31,2030-12-31,24000.0,CE,NIFTY30DEC24000CE,0.0,0.0,0.0,8563.3,0.0,8563.3,24090.85,6808.29,0,0,0,0.0,0,F1,65,,,,,
2026-08-27,2026-08-27,FO,NSE,IDO,55646,,NIFTY,,2030-06-25,2030-06-25,25500.0,CE,NIFTY30JUN25500CE,0.0,0.0,0.0,7070.45,0.0,7070.45,24090.85,5394.13,0,0,0,0.0,0,F1,65,,,,,
2026-08-27,2026-08-27,FO,NSE,IDO,55600,,NIFTY,,2029-12-24,2029-12-24,19500.0,CE,NIFTY29DEC19500CE,0.0,0.0,0.0,10678.8,0.0,10678.8,24090.85,8602.22,0,0,0,0.0,0,F1,65,,,,,
2026-08-27,2026-08-27,FO,NSE,IDO,55558,,NIFTY,,2029-06-26,2029-06-26,19500.0,CE,NIFTY29JUN19500CE,0.0,0.0,0.0,10206.95,0.0,10206.95,24090.85,8071.44,0,0,0,0.0,0,F1,65,,,,,
2026-08-27,2026-08-27,FO,NSE,IDO,55468,,NIFTY,,2028-06-27,2028-06-27,16500.0,CE,NIFTY28JUN16500CE,0.0,0.0,0.0,11752.8,0.0,11752.8,24090.85,9479.08,0,0,0,0.0,0,F1,65,,,,,
2026-08-27,2026-08-27,FO,NSE,IDO,55430,,NIFTY,,2027-12-28,2027-12-28,31500.0,CE,NIFTY27DEC31500CE,0.0,0.0,0.0,210.0,210.0,210.0,24090.85,440.8,1950,0,0,0.0,0,F1,65,,,,,
2026-08-27,2026-08-27,FO,NSE,IDO,35346,,NIFTY,,2027-12-28,2027-12-28,30000.0,CE,NIFTY27DEC30000CE,365.0,375.0,345.5,347.3,346.1,370.55,24090.85,347.3,144040,5720,200,394657409.25,159,F1,65,,,,,
2026-08-27,2026-08-27,FO,NSE,IDO,53628,,NIFTY,,2027-12-28,2027-12-28,26000.0,CE,NIFTY27DEC26000CE,1611.5,1644.0,1602.0,1619.3,1610.0,1650.0,24090.85,1619.3,71280,585,60,107720333.5,55,F1,65,,,,,
2026-08-27,2026-08-27,FO,NSE,IDO,53626,,NIFTY,,2027-12-28,2027-12-28,25000.0,CE,NIFTY27DEC25000CE,2193.15,2196.45,2168.0,2171.95,2170.2,2221.55,24090.85,2171.95,40310,-195,21,37095737.25,15,F1,65,,,,,
2026-08-27,2026-08-27,FO,NSE,IDO,55378,,NIFTY,,2027-06-29,2027-06-29,28500.0,CE,NIFTY27JUN28500CE,0.0,0.0,0.0,1711.9,0.0,1711.9,24090.85,485.47,0,0,0,0.0,0,F1,65,,,,,
2026-08-27,2026-08-27,FO,NSE,IDO,50547,,NIFTY,,2026-12-29,2026-12-29,28000.0,CE,NIFTY26DEC28000CE,27.05,27.45,23.1,25.6,24.5,26.7,24090.85,25.6,1643050,3200,5668,10325345865.25,2308,F1,65,,,,,
2026-08-27,2026-08-27,FO,NSE,IDO,64453,,NIFTY,,2026-11-23,2026-11-23,25250.0,CE,NIFTY26NOV25250CE,0.0,0.0,0.0,550.35,0.0,550.35,24090.85,453.73,0,0,0,0.0,0,F1,65,,,,,
2026-08-27,2026-08-27,FO,NSE,IDO,64451,,NIFTY,,2026-11-23,2026-11-23,25200.0,CE,NIFTY26NOV25200CE,0.0,0.0,0.0,569.15,0.0,569.15,24090.85,470.34,0,0,0,0.0,0,F1,65,,,,,
2026-08-27,2026-08-27,FO,NSE,IDO,47101,,NIFTY,,2026-09-01,2026-09-01,26750.0,PE,NIFTY2690126750PE,0.0,0.0,0.0,2407.3,0.0,2407.3,24090.85,2636.95,0,0,0,0.0,0,F1,65,,,,,
2026-08-27,2026-08-27,FO,NSE,IDO,64433,,NIFTY,,2026-11-23,2026-11-23,24850.0,CE,NIFTY26NOV24850CE,0.0,0.0,0.0,714.05,0.0,714.05,24090.85,599.52,0,0,0,0.0,0,F1,65,,,,,
2026-08-27,2026-08-27,FO,NSE,IDO,64351,,NIFTY,,2026-11-23,2026-11-23,23200.0,CE,NIFTY26NOV23200CE,0.0,0.0,0.0,1717.3,0.0,1717.3,24090.85,1535.18,0,0,0,0.0,0,F1,65,,,,,
2026-08-27,2026-08-27,FO,NSE,IDO,64304,,NIFTY,,2026-11-23,2026-11-23,22800.0,CE,NIFTY26NOV22800CE,0.0,0.0,0.0,2032.75,0.0,2032.75,24090.85,1837.73,0,0,0,0.0,0,F1,65,,,,,
2026-08-27,2026-08-27,FO,NSE,IDO,64278,,NIFTY,,2026-11-23,2026-11-23,22500.0,CE,NIFTY26NOV22500CE,0.0,0.0,0.0,2283.7,0.0,2283.7,24090.85,2081.24,0,0,0,0.0,0,F1,65,,,,,
2026-08-27,2026-08-27,FO,NSE,IDO,51536,,NIFTY,,2026-10-27,2026-10-27,27100.0,CE,NIFTY26OCT27100CE,0.0,0.0,0.0,101.3,0.0,101.3,24090.85,38.19,0,0,0,0.0,0,F1,65,,,,,
2026-08-27,2026-08-27,FO,NSE,IDO,51530,,NIFTY,,2026-10-27,2026-10-27,27000.0,CE,NIFTY26OCT27000CE,7.7,7.75,6.1,7.2,6.8,6.7,24090.85,7.2,231920,10790,1544,2710402773.0,577,F1,65,,,,,
2026-08-27,2026-08-27,FO,NSE,IDO,51524,,NIFTY,,2026-10-27,2026-10-27,26850.0,CE,NIFTY26OCT26850CE,0.0,0.0,0.0,126.7,0.0,126.7,24090.85,52.52,0,0,0,0.0,0,F1,65,,,,,
2026-08-27,2026-08-27,FO,NSE,IDO,51492,,NIFTY,,2026-10-27,2026-10-27,26050.0,CE,NIFTY26OCT26050CE,0.0,0.0,0.0,247.25,0.0,247.25,24090.85,133.84,0,0,0,0.0,0,F1,65,,,,,
2026-08-27,2026-08-27,FO,NSE,IDO,51456,,NIFTY,,2026-10-27,2026-10-27,25400.0,CE,NIFTY26OCT25400CE,86.95,87.4,66.95,70.9,67.95,90.55,24090.85,70.9,253110,-43745,4854,8038469689.25,2254,F1,65,,,,,
2026-08-27,2026-08-27,FO,NSE,IDO,51440,,NIFTY,,2026-10-27,2026-10-27,25000.0,CE,NIFTY26OCT25000CE,189.2,189.2,146.25,153.2,147.75,189.2,24090.85,153.2,1023425,69615,10614,17359157448.75,5793,F1,65,,,,,
2026-08-27,2026-08-27,FO,NSE,IDO,51436,,NIFTY,,2026-10-27,2026-10-27,24950.0,CE,NIFTY26OCT24950CE,181.55,186.0,159.6,166.85,159.6,205.6,24090.85,166.85,13910,130,110,179617538.75,65,F1,65,,,,,
2026-08-27,2026-08-27,FO,NSE,IDO,51430,,NIFTY,,2026-10-27,2026-10-27,24800.0,CE,NIFTY26OCT24800CE,271.0,271.0,205.7,212.35,207.8,265.55,24090.85,212.35,117390,-1170,1700,2765459791.25,1323,F1,65,,,,,
2026-08-27,2026-08-27,FO,NSE,IDO,51380,,NIFTY,,2026-10-27,2026-10-27,23700.0,CE,NIFTY26OCT23700CE,939.6,939.6,881.1,906.5,906.5,963.35,24090.85,1005.11,3250,585,10,15996964.75,7,F1,65,,,,,
2026-08-27,2026-08-27,FO,NSE,IDO,51368,,NIFTY,,2026-10-27,2026-10-27,23400.0,CE,NIFTY26OCT23400CE,1145.15,1169.55,1100.0,1112.15,1112.15,1225.0,24090.85,1207.63,325,-65,4,6378245.25,4,F1,65,,,,,
2026-08-27,2026-08-27,FO,NSE,IDO,51366,,NIFTY,,2026-10-27,2026-10-27,23350.0,CE,NIFTY26OCT23350CE,0.0,0.0,0.0,1240.0,1240.0,1240.0,24090.85,1244.33,65,0,0,0.0,0,F1,65,,,,,
2026-08-27,2026-08-27,FO,NSE,IDO,51356,,NIFTY,,2026-10-27,2026-10-27,23100.0,CE,NIFTY26OCT23100CE,0.0,0.0,0.0,1547.05,0.0,1547.05,24090.85,1429.86,0,0,0,0.0,0,F1,65,,,,,
2026-08-27,2026-08-27,FO,NSE,IDO,74420,,NIFTY,,2026-09-29,2026-09-29,25800.0,CE,NIFTY26SEP25800CE,8.55,9.45,7.55,8.25,7.8,9.15,24090.85,8.25,459745,-1690,3808,6388078349.25,1752,F1,65,,,,,
2026-08-27,2026-08-27,FO,NSE,IDO,74241,,NIFTY,,2026-09-29,2026-09-29,24500.0,CE,NIFTY26SEP24500CE,229.4,245.0,173.0,180.75,174.1,240.75,24090.85,180.75,5578105,475020,53835,86420304178.0,32817,F1,65,,,,,
2026-08-27,2026-08-27,FO,NSE,IDO,74066,,NIFTY,,2026-09-29,2026-09-29,24150.0,CE,NIFTY26SEP24150CE,434.6,441.95,344.2,358.05,349.95,459.6,24090.85,358.05,134030,83265,5255,8379323624.75,4389,F1,65,,,,,
2026-08-27,2026-08-27,FO,NSE,IDO,74010,,NIFTY,,2026-09-29,2026-09-29,23750.0,CE,NIFTY26SEP23750CE,720.75,720.75,640.5,640.65,640.65,785.5,24090.85,640.65,4290,520,33,52360717.5,32,F1,65,,,,,
2026-08-27,2026-08-27,FO,NSE,IDO,73893,,NIFTY,,2026-09-29,2026-09-29,22750.0,CE,NIFTY26SEP22750CE,0.0,0.0,0.0,1386.55,1386.55,1386.55,24090.85,1527.65,260,0,0,0.0,0,F1,65,,,,,
2026-08-27,2026-08-27,FO,NSE,IDO,42577,,NIFTY,,2026-09-08,2026-09-08,22650.0,CE,NIFTY2690822650CE,0.0,0.0,0.0,2118.35,0.0,2118.35,24090.85,1489.63,0,0,0,0.0,0,F1,65,,,,,
2026-08-27,2026-08-27,FO,NSE,IDO,47087,,NIFTY,,2026-09-01,2026-09-01,26550.0,CE,NIFTY2690126550CE,0.85,1.05,0.5,0.6,0.6,0.6,24090.85,0.6,23530,17810,1597,2756100194.25,744,F1,65,,,,,
2026-08-27,2026-08-27,FO,NSE,IDO,47051,,NIFTY,,2026-09-01,2026-09-01,25650.0,CE,NIFTY2690125650CE,1.0,1.75,0.75,0.85,0.85,0.85,24090.85,0.85,410280,67015,24012,40035732155.25,6943,F1,65,,,,,
2026-08-27,2026-08-27,FO,NSE,IDO,47023,,NIFTY,,2026-09-01,2026-09-01,24950.0,CE,NIFTY2690124950CE,3.95,4.35,2.15,2.75,2.35,4.0,24090.85,2.75,2240680,1042145,259490,420883035023.75,54922,F1,65,,,,,
2026-08-27,2026-08-27,FO,NSE,IDO,47021,,NIFTY,,2026-09-01,2026-09-01,24900.0,CE,NIFTY2690124900CE,3.9,4.75,2.45,3.1,2.55,4.85,24090.85,3.1,5753930,2139410,469225,759553300957.75,96763,F1,65,,,,,
2026-08-27,2026-08-27,FO,NSE,IDO,46983,,NIFTY,,2026-09-01,2026-09-01,23950.0,CE,NIFTY2690123950CE,385.6,395.0,247.15,269.25,255.5,404.85,24090.85,269.25,141375,81510,23599,37199432588.5,17510,F1,65,,,,,
2026-08-27,2026-08-27,FO,NSE,IDO,46961,,NIFTY,,2026-09-01,2026-09-01,23400.0,CE,NIFTY2690123400CE,873.0,873.0,775.0,796.75,777.0,959.3,24090.85,796.75,14820,455,118,185709387.5,88,F1,65,,,,,
2026-08-27,2026-08-27,FO,NSE,IDO,46957,,NIFTY,,2026-09-01,2026-09-01,23300.0,CE,NIFTY2690123300CE,1018.45,1018.45,870.0,882.7,872.65,1058.25,24090.85,882.7,15860,10725,269,423067547.5,137,F1,65,,,,,
2026-08-27,2026-08-27,FO,NSE,IDO,46967,,NIFTY,,2026-09-01,2026-09-01,23550.0,CE,NIFTY2690123550CE,783.35,783.35,622.9,649.3,622.9,817.55,24090.85,649.3,17225,715,89,140192698.75,76,F1,65,,,,,
2026-08-27,2026-08-27,FO,NSE,IDO,46955,,NIFTY,,2026-09-01,2026-09-01,23250.0,CE,NIFTY2690123250CE,0.0,0.0,0.0,1259.15,0.0,1259.15,24090.85,864.92,0,0,0,0.0,0,F1,65,,,,,
2026-08-27,2026-08-27,FO,NSE,IDO,46947,,NIFTY,,2026-09-01,2026-09-01,23050.0,CE,NIFTY2690123050CE,0.0,0.0,0.0,1182.0,1182.0,1182.0,24090.85,1061.3,65,0,0,0.0,0,F1,65,,,,,
2026-08-27,2026-08-27,FO,NSE,IDO,64415,,NIFTY,,2026-11-23,2026-11-23,24450.0,CE,NIFTY26NOV24450CE,0.0,0.0,0.0,908.9,0.0,908.9,24090.85,776.17,0,0,0,0.0,0,F1,65,,,,,
2026-08-27,2026-08-27,FO,NSE,IDO,64391,,NIFTY,,2026-11-23,2026-11-23,23900.0,CE,NIFTY26NOV23900CE,908.45,908.45,908.45,908.45,908.45,1228.35,24090.85,1071.76,65,65,1,1612549.25,1,F1,65,,,,,
2026-08-27,2026-08-27,FO,NSE,IDO,64381,,NIFTY,,2026-11-23,2026-11-23,23700.0,CE,NIFTY26NOV23700CE,0.0,0.0,0.0,1358.95,0.0,1358.95,24090.85,1194.27,0,0,0,0.0,0,F1,65,,,,,
2026-08-27,2026-08-27,FO,NSE,IDO,64276,,NIFTY,,2026-11-23,2026-11-23,22450.0,CE,NIFTY26NOV22450CE,0.0,0.0,0.0,2326.6,0.0,2326.6,24090.85,2123.01,0,0,0,0.0,0,F1,65,,,,,
2026-08-27,2026-08-27,FO,NSE,IDO,51518,,NIFTY,,2026-10-27,2026-10-27,26700.0,CE,NIFTY26OCT26700CE,0.0,0.0,0.0,85.6,85.6,85.6,24090.85,63.2,65,0,0,0.0,0,F1,65,,,,,
2026-08-27,2026-08-27,FO,NSE,IDO,51494,,NIFTY,,2026-10-27,2026-10-27,26100.0,CE,NIFTY26OCT26100CE,0.0,0.0,0.0,237.65,0.0,237.65,24090.85,126.72,0,0,0,0.0,0,F1,65,,,,,
2026-08-27,2026-08-27,FO,NSE,IDO,51482,,NIFTY,,2026-10-27,2026-10-27,25800.0,CE,NIFTY26OCT25800CE,109.8,109.8,109.8,109.8,109.8,301.05,24090.85,174.6,65,65,1,1684137.0,1,F1,65,,,,,
2026-08-27,2026-08-27,FO,NSE,IDO,51472,,NIFTY,,2026-10-27,2026-10-27,25600.0,CE,NIFTY26OCT25600CE,57.55,57.55,46.05,48.05,46.05,60.2,24090.85,48.05,123630,-87295,3725,6211238501.0,1703,F1,65,,,,,
2026-08-27,2026-08-27,FO,NSE,IDO,51468,,NIFTY,,2026-10-27,2026-10-27,25500.0,CE,NIFTY26OCT25500CE,71.0,73.05,55.7,58.35,55.7,74.0,24090.85,58.35,937300,-38740,10213,16969537731.25,5408,F1,65,,,,,
2026-08-27,2026-08-27,FO,NSE,IDO,51332,,NIFTY,,2026-10-27,2026-10-27,22550.0,CE,NIFTY26OCT22550CE,0.0,0.0,0.0,1962.0,0.0,1962.0,24090.85,1879.76,0,0,0,0.0,0,F1,65,,,,,
2026-08-27,2026-08-27,FO,NSE,IDO,51390,,NIFTY,,2026-10-27,2026-10-27,23950.0,CE,NIFTY26OCT23950CE,0.0,0.0,0.0,1007.1,0.0,1007.1,24090.85,852.35,0,0,0,0.0,0,F1,65,,,,,
2026-08-27,2026-08-27,FO,NSE,IDO,47113,,NIFTY,,2026-09-01,2026-09-01,27050.0,PE,NIFTY2690127050PE,0.0,0.0,0.0,2693.45,0.0,2693.45,24090.85,2936.7,0,0,0,0.0,0,F1,65,,,,,
2026-08-27,2026-08-27,FO,NSE,IDO,47080,,NIFTY,,2026-09-01,2026-09-01,26350.0,PE,NIFTY2690126350PE,0.0,0.0,0.0,2035.25,0.0,2035.25,24090.85,2237.29,0,0,0,0.0,0,F1,65,,,,,
2026-08-27,2026-08-27,FO,NSE,IDO,47044,,NIFTY,,2026-09-01,2026-09-01,25450.0,PE,NIFTY2690125450PE,0.0,0.0,0.0,1130.0,1130.0,1130.0,24090.85,1338.33,780,0,0,0.0,0,F1,65,,,,,
2026-08-27,2026-08-27,FO,NSE,IDO,47008,,NIFTY,,2026-09-01,2026-09-01,24550.0,PE,NIFTY2690124550PE,252.05,394.0,242.0,363.8,385.1,237.65,24090.85,363.8,193505,-47320,21007,33958339382.5,15156,F1,65,,,,,
2026-08-27,2026-08-27,FO,NSE,IDO,46980,,NIFTY,,2026-09-01,2026-09-01,23850.0,PE,NIFTY2690123850PE,8.4,19.45,5.2,14.3,16.8,8.1,24090.85,14.3,1870960,685165,464875,721047815159.75,148126,F1,65,,,,,
2026-08-27,2026-08-27,FO,NSE,IDO,42627,,NIFTY,,2026-09-08,2026-09-08,23700.0,CE,NIFTY2690823700CE,639.3,653.95,526.35,540.1,527.9,670.75,24090.85,540.1,14365,10855,331,522332261.75,279,F1,65,,,,,
2026-08-27,2026-08-27,FO,NSE,IDO,42657,,NIFTY,,2026-09-08,2026-09-08,24400.0,CE,NIFTY2690824400CE,134.9,137.25,78.65,85.25,80.05,142.95,24090.85,85.25,1219335,428805,52141,83030287470.0,35768,F1,65,,,,,
2026-08-27,2026-08-27,FO,NSE,IDO,42667,,NIFTY,,2026-09-08,2026-09-08,24650.0,CE,NIFTY2690824650CE,55.1,55.1,27.05,30.6,27.65,57.4,24090.85,30.6,292435,81185,16126,25874766238.75,11550,F1,65,,,,,
2026-08-27,2026-08-27,FO,NSE,IDO,42727,,NIFTY,,2026-09-08,2026-09-08,25700.0,CE,NIFTY2690825700CE,2.05,2.85,1.85,2.15,1.85,2.45,24090.85,2.15,98670,46410,2801,4679491989.25,1751,F1,65,,,,,
2026-08-27,2026-08-27,FO,NSE,IDO,47259,,NIFTY,,2026-09-15,2026-09-15,22550.0,CE,NIFTY2691522550CE,0.0,0.0,0.0,2074.25,0.0,2074.25,24090.85,1622.11,0,0,0,0.0,0,F1,65,,,,,
2026-08-27,2026-08-27,FO,NSE,IDO,47265,,NIFTY,,2026-09-15,2026-09-15,22700.0,CE,NIFTY2691522700CE,0.0,0.0,0.0,1933.1,0.0,1933.1,24090.85,1478.44,0,0,0,0.0,0,F1,65,,,,,
2026-08-27,2026-08-27,FO,NSE,IDO,47273,,NIFTY,,2026-09-15,2026-09-15,22900.0,CE,NIFTY2691522900CE,0.0,0.0,0.0,1748.55,0.0,1748.55,24090.85,1291.12,0,0,0,0.0,0,F1,65,,,,,
2026-08-27,2026-08-27,FO,NSE,IDO,47305,,NIFTY,,2026-09-15,2026-09-15,23700.0,CE,NIFTY2691523700CE,630.4,633.9,584.2,593.0,584.2,719.0,24090.85,593.0,1755,-650,67,105893014.5,35,F1,65,,,,,
2026-08-27,2026-08-27,FO,NSE,IDO,47331,,NIFTY,,2026-09-15,2026-09-15,24300.0,CE,NIFTY2691524300CE,231.7,247.2,166.3,176.35,168.5,251.85,24090.85,176.35,281515,114855,7268,11571671462.0,5045,F1,65,,,,,
2026-08-27,2026-08-27,FO,NSE,IDO,47371,,NIFTY,,2026-09-15,2026-09-15,25200.0,CE,NIFTY2691525200CE,0.0,0.0,0.0,268.55,0.0,268.55,24090.85,58.66,0,0,0,0.0,0,F1,65,,,,,
2026-08-27,2026-08-27,FO,NSE,IDO,56909,,NIFTY,,2026-09-22,2026-09-22,22800.0,CE,NIFTY2692222800CE,0.0,0.0,0.0,1547.15,0.0,1547.15,24090.85,1428.51,0,0,0,0.0,0,F1,65,,,,,
2026-08-27,2026-08-27,FO,NSE,IDO,57063,,NIFTY,,2026-09-22,2026-09-22,23700.0,CE,NIFTY2692223700CE,725.35,725.35,666.25,666.25,666.25,785.75,24090.85,703.88,325,65,3,4758887.25,3,F1,65,,,,,
2026-08-27,2026-08-27,FO,NSE,IDO,57584,,NIFTY,,2026-09-22,2026-09-22,24450.0,CE,NIFTY2692224450CE,199.75,201.85,150.35,159.35,150.35,226.7,24090.85,159.35,6240,2730,96,153634705.25,50,F1,65,,,,,
2026-08-27,2026-08-27,FO,NSE,IDO,57828,,NIFTY,,2026-09-22,2026-09-22,25050.0,CE,NIFTY2692225050CE,0.0,0.0,0.0,209.5,0.0,209.5,24090.85,126.85,0,0,0,0.0,0,F1,65,,,,,
2026-08-27,2026-08-27,FO,NSE,IDO,57866,,NIFTY,,2026-09-22,2026-09-22,25200.0,CE,NIFTY2692225200CE,23.0,23.0,18.4,19.05,18.45,25.6,24090.85,19.05,15210,520,139,227861091.25,75,F1,65,,,,,
2026-08-27,2026-08-27,FO,NSE,IDO,57893,,NIFTY,,2026-09-22,2026-09-22,25350.0,CE,NIFTY2692225350CE,0.0,0.0,0.0,141.55,0.0,141.55,24090.85,76.5,0,0,0,0.0,0,F1,65,,,,,
2026-08-27,2026-08-27,FO,NSE,IDO,57910,,NIFTY,,2026-09-22,2026-09-22,25400.0,CE,NIFTY2692225400CE,0.0,0.0,0.0,132.15,0.0,132.15,24090.85,69.98,0,0,0,0.0,0,F1,65,,,,,
2026-08-27,2026-08-27,FO,NSE,IDO,73833,,NIFTY,,2026-09-29,2026-09-29,21700.0,CE,NIFTY26SEP21700CE,2580.0,2580.0,2580.0,2580.0,2580.0,2730.0,24090.85,2580.0,65,-65,1,1578200.0,1,F1,65,,,,,
2026-08-27,2026-08-27,FO,NSE,IDO,46915,,NIFTY,,2026-09-01,2026-09-01,22250.0,CE,NIFTY2690122250CE,0.0,0.0,0.0,2125.05,0.0,2125.05,24090.85,1859.31,0,0,0,0.0,0,F1,65,,,,,
2026-08-27,2026-08-27,FO,NSE,IDO,46923,,NIFTY,,2026-09-01,2026-09-01,22450.0,CE,NIFTY2690122450CE,0.0,0.0,0.0,1940.55,0.0,1940.55,24090.85,1659.49,0,0,0,0.0,0,F1,65,,,,,
2026-08-27,2026-08-27,FO,NSE,IDO,46931,,NIFTY,,2026-09-01,2026-09-01,22650.0,CE,NIFTY2690122650CE,0.0,0.0,0.0,1760.65,0.0,1760.65,24090.85,1459.7,0,0,0,0.0,0,F1,65,,,,,
2026-08-27,2026-08-27,FO,NSE,IDO,46941,,NIFTY,,2026-09-01,2026-09-01,22900.0,CE,NIFTY2690122900CE,0.0,0.0,0.0,1543.9,0.0,1543.9,24090.85,1210.3,0,0,0,0.0,0,F1,65,,,,,
2026-08-27,2026-08-27,FO,NSE,IDO,46949,,NIFTY,,2026-09-01,2026-09-01,23100.0,CE,NIFTY2690123100CE,1170.45,1170.45,1116.95,1116.95,1116.95,1141.95,24090.85,1011.88,390,130,2,3151681.0,2,F1,65,,,,,
2026-08-27,2026-08-27,FO,NSE,IDO,86140,,NIFTY,,2028-06-27,2028-06-27,18000.0,PE,NIFTY28JUN18000PE,0.0,0.0,0.0,396.75,0.0,396.75,24090.85,50.56,0,0,0,0.0,0,F1,65,,,,,
2026-08-27,2026-08-27,FO,NSE,IDO,86148,,NIFTY,,2028-06-27,2028-06-27,22000.0,PE,NIFTY28JUN22000PE,365.05,369.95,365.05,369.95,369.95,360.3,24090.85,425.12,1495,65,3,4361503.25,3,F1,65,,,,,
2026-08-27,2026-08-27,FO,NSE,IDO,55477,,NIFTY,,2028-06-27,2028-06-27,25500.0,PE,NIFTY28JUN25500PE,0.0,0.0,0.0,667.45,0.0,667.45,24090.85,1383.14,0,0,0,0.0,0,F1,65,,,,,
2026-08-27,2026-08-27,FO,NSE,IDO,67777,,NIFTY,,2028-12-26,2028-12-26,21000.0,PE,NIFTY28DEC21000PE,360.0,360.0,360.0,360.0,360.0,363.0,24090.85,304.85,7190,-130,2,2776800.0,2,F1,65,,,,,
2026-08-27,2026-08-27,FO,NSE,IDO,55521,,NIFTY,,2028-12-26,2028-12-26,22500.0,PE,NIFTY28DEC22500PE,0.0,0.0,0.0,218.8,0.0,218.8,24090.85,539.91,0,0,0,0.0,0,F1,65,,,,,
2026-08-27,2026-08-27,FO,NSE,IDO,67795,,NIFTY,,2028-12-26,2028-12-26,30000.0,PE,NIFTY28DEC30000PE,0.0,0.0,0.0,2352.75,0.0,2352.75,24090.85,3365.64,0,0,0,0.0,0,F1,65,,,,,
2026-08-27,2026-08-27,FO,NSE,IDO,55561,,NIFTY,,2029-06-26,2029-06-26,22500.0,PE,NIFTY29JUN22500PE,0.0,0.0,0.0,224.45,0.0,224.45,24090.85,545.68,0,0,0,0.0,0,F1,65,,,,,
2026-08-27,2026-08-27,FO,NSE,IDO,89635,,NIFTY,,2029-06-26,2029-06-26,26000.0,PE,NIFTY29JUN26000PE,0.0,0.0,0.0,1650.0,1650.0,1650.0,24090.85,1422.71,50,0,0,0.0,0,F1,65,,,,,
2026-08-27,2026-08-27,FO,NSE,IDO,55601,,NIFTY,,2029-12-24,2029-12-24,19500.0,PE,NIFTY29DEC19500PE,0.0,0.0,0.0,61.2,0.0,61.2,24090.85,186.06,0,0,0,0.0,0,F1,65,,,,,
2026-08-27,2026-08-27,FO,NSE,IDO,55759,,NIFTY,,2030-12-31,2030-12-31,27000.0,PE,NIFTY30DEC27000PE,0.0,0.0,0.0,779.5,0.0,779.5,24090.85,1452.22,0,0,0,0.0,0,F1,65,,,,,
2026-08-27,2026-08-27,FO,NSE,IDO,55767,,NIFTY,,2030-12-31,2030-12-31,33000.0,PE,NIFTY30DEC33000PE,0.0,0.0,0.0,2387.3,0.0,2387.3,24090.85,3651.72,0,0,0,0.0,0,F1,65,,,,,
2026-08-27,2026-08-27,FO,NSE,IDO,64389,,NIFTY,,2026-11-23,2026-11-23,23850.0,CE,NIFTY26NOV23850CE,0.0,0.0,0.0,1260.3,0.0,1260.3,24090.85,1101.64,0,0,0,0.0,0,F1,65,,,,,
2026-08-27,2026-08-27,FO,NSE,IDO,64335,,NIFTY,,2026-11-23,2026-11-23,23000.0,CE,NIFTY26NOV23000CE,1700.0,1700.0,1566.05,1620.65,1615.55,1872.05,24090.85,1620.65,910,910,19,30454495.5,18,F1,65,,,,,
2026-08-27,2026-08-27,FO,NSE,IDO,64288,,NIFTY,,2026-11-23,2026-11-23,22650.0,CE,NIFTY26NOV22650CE,0.0,0.0,0.0,2156.8,0.0,2156.8,24090.85,1957.91,0,0,0,0.0,0,F1,65,,,,,
2026-08-27,2026-08-27,FO,NSE,IDO,51504,,NIFTY,,2026-10-27,2026-10-27,26350.0,CE,NIFTY26OCT26350CE,0.0,0.0,0.0,194.1,0.0,194.1,24090.85,95.68,0,0,0,0.0,0,F1,65,,,,,
2026-08-27,2026-08-27,FO,NSE,IDO,51500,,NIFTY,,2026-10-27,2026-10-27,26250.0,CE,NIFTY26OCT26250CE,0.0,0.0,0.0,210.65,0.0,210.65,24090.85,107.22,0,0,0,0.0,0,F1,65,,,,,
2026-08-27,2026-08-27,FO,NSE,IDO,51448,,NIFTY,,2026-10-27,2026-10-27,25200.0,CE,NIFTY26OCT25200CE,135.35,135.35,97.75,103.0,99.1,133.25,24090.85,103.0,270595,64480,3516,5784601488.25,2262,F1,65,,,,,
2026-08-27,2026-08-27,FO,NSE,IDO,51420,,NIFTY,,2026-10-27,2026-10-27,24550.0,CE,NIFTY26OCT24550CE,367.95,367.95,313.85,315.75,316.95,374.0,24090.85,315.75,8710,260,52,84112093.0,36,F1,65,,,,,
2026-08-27,2026-08-27,FO,NSE,IDO,51358,,NIFTY,,2026-10-27,2026-10-27,23150.0,CE,NIFTY26OCT23150CE,0.0,0.0,0.0,1510.7,0.0,1510.7,24090.85,1391.61,0,0,0,0.0,0,F1,65,,,,,
2026-08-27,2026-08-27,FO,NSE,IDO,51342,,NIFTY,,2026-10-27,2026-10-27,22750.0,CE,NIFTY26OCT22750CE,0.0,0.0,0.0,1805.4,0.0,1805.4,24090.85,1710.44,0,0,0,0.0,0,F1,65,,,,,
2026-08-27,2026-08-27,FO,NSE,IDO,51328,,NIFTY,,2026-10-27,2026-10-27,22450.0,CE,NIFTY26OCT22450CE,0.0,0.0,0.0,2042.45,0.0,2042.45,24090.85,1966.56,0,0,0,0.0,0,F1,65,,,,,
2026-08-27,2026-08-27,FO,NSE,IDO,51318,,NIFTY,,2026-10-27,2026-10-27,22250.0,CE,NIFTY26OCT22250CE,2220.0,2225.0,2195.0,2195.0,2195.0,2405.0,24090.85,2143.94,9295,1560,24,38170600.0,9,F1,65,,,,,
2026-08-27,2026-08-27,FO,NSE,IDO,74495,,NIFTY,,2026-09-29,2026-09-29,26850.0,CE,NIFTY26SEP26850CE,0.0,0.0,0.0,3.35,3.35,3.35,24090.85,7.93,3575,0,0,0.0,0,F1,65,,,,,
2026-08-27,2026-08-27,FO,NSE,IDO,74386,,NIFTY,,2026-09-29,2026-09-29,25300.0,CE,NIFTY26SEP25300CE,27.5,30.05,21.65,23.1,21.8,31.2,24090.85,23.1,842205,-86710,12230,20131675102.5,6551,F1,65,,,,,
2026-08-27,2026-08-27,FO,NSE,IDO,74384,,NIFTY,,2026-09-29,2026-09-29,25250.0,CE,NIFTY26SEP25250CE,36.0,36.0,24.25,26.2,24.25,35.25,24090.85,26.2,117650,24310,3056,5021339947.0,2042,F1,65,,,,,
2026-08-27,2026-08-27,FO,NSE,IDO,74366,,NIFTY,,2026-09-29,2026-09-29,25050.0,CE,NIFTY26SEP25050CE,56.2,60.85,42.05,44.6,42.05,63.1,24090.85,44.6,197210,12545,3409,5561393246.5,1943,F1,65,,,,,
2026-08-27,2026-08-27,FO,NSE,IDO,74097,,NIFTY,,2026-09-29,2026-09-29,24250.0,CE,NIFTY26SEP24250CE,366.6,375.85,287.9,295.9,289.75,389.1,24090.85,295.9,292955,50700,5286,8441912752.0,3446,F1,65,,,,,
2026-08-27,2026-08-27,FO,NSE,IDO,74005,,NIFTY,,2026-09-29,2026-09-29,23650.0,CE,NIFTY26SEP23650CE,733.25,733.25,716.1,724.7,716.1,876.5,24090.85,724.7,2210,0,2,3168707.75,2,F1,65,,,,,
2026-08-27,2026-08-27,FO,NSE,IDO,73985,,NIFTY,,2026-09-29,2026-09-29,23500.0,CE,NIFTY26SEP23500CE,970.0,970.0,828.8,843.2,837.75,975.85,24090.85,843.2,530660,39390,3177,5035056711.75,2366,F1,65,,,,,
2026-08-27,2026-08-27,FO,NSE,IDO,73964,,NIFTY,,2026-09-29,2026-09-29,23450.0,CE,NIFTY26SEP23450CE,906.15,906.15,906.15,906.15,906.15,1123.3,24090.85,952.63,455,65,1,1583149.75,1,F1,65,,,,,
2026-08-27,2026-08-27,FO,NSE,IDO,73927,,NIFTY,,2026-09-29,2026-09-29,23400.0,CE,NIFTY26SEP23400CE,1013.85,1029.5,922.0,926.8,923.0,1103.55,24090.85,926.8,33345,1885,117,185181038.25,86,F1,65,,,,,
2026-08-27,2026-08-27,FO,NSE,IDO,55604,,NIFTY,,2029-12-24,2029-12-24,25500.0,CE,NIFTY29DEC25500CE,0.0,0.0,0.0,6500.6,0.0,6500.6,24090.85,4794.85,0,0,0,0.0,0,F1,65,,,,,
2026-08-27,2026-08-27,FO,NSE,IDO,73910,,NIFTY,,2026-09-29,2026-09-29,23200.0,CE,NIFTY26SEP23200CE,1209.45,1209.45,1100.3,1111.9,1100.3,1248.35,24090.85,1111.9,21320,-2535,197,312169383.5,145,F1,65,,,,,
2026-08-27,2026-08-27,FO,NSE,IDO,73879,,NIFTY,,2026-09-29,2026-09-29,22350.0,CE,NIFTY26SEP22350CE,0.0,0.0,0.0,1788.15,1785.9,1788.15,24090.85,1895.75,195,0,0,0.0,0,F1,65,,,,,
2026-08-27,2026-08-27,FO,NSE,IDO,73877,,NIFTY,,2026-09-29,2026-09-29,22300.0,CE,NIFTY26SEP22300CE,0.0,0.0,0.0,2015.3,2015.3,2015.3,24090.85,1943.04,1755,0,0,0.0,0,F1,65,,,,,
2026-08-27,2026-08-27,FO,NSE,IDO,65887,,NIFTY,,2026-09-29,2026-09-29,18000.0,CE,NIFTY26SEP18000CE,0.0,0.0,0.0,6340.0,6340.0,6340.0,24090.85,6197.29,1365,0,0,0.0,0,F1,65,,,,,
2026-08-27,2026-08-27,FO,NSE,IDO,65881,,NIFTY,,2026-09-29,2026-09-29,15000.0,CE,NIFTY26SEP15000CE,0.0,0.0,0.0,10499.3,0.0,10499.3,24090.85,9179.55,0,0,0,0.0,0,F1,65,,,,,
2026-08-27,2026-08-27,FO,NSE,IDO,57856,,NIFTY,,2026-09-22,2026-09-22,25150.0,CE,NIFTY2692225150CE,0.0,0.0,0.0,185.6,0.0,185.6,24090.85,107.75,0,0,0,0.0,0,F1,65,,,,,
2026-08-27,2026-08-27,FO,NSE,IDO,57519,,NIFTY,,2026-09-22,2026-09-22,24400.0,CE,NIFTY2692224400CE,232.05,233.0,172.0,178.8,172.0,241.65,24090.85,178.8,24830,5980,492,786574665.5,366,F1,65,,,,,
2026-08-27,2026-08-27,FO,NSE,IDO,56985,,NIFTY,,2026-09-22,2026-09-22,23300.0,CE,NIFTY2692223300CE,0.0,0.0,0.0,1128.6,0.0,1128.6,24090.85,999.5,0,0,0,0.0,0,F1,65,,,,,
2026-08-27,2026-08-27,FO,NSE,IDO,47405,,NIFTY,,2026-09-15,2026-09-15,25700.0,CE,NIFTY2691525700CE,0.0,0.0,0.0,144.0,0.0,144.0,24090.85,18.4,0,0,0,0.0,0,F1,65,,,,,
2026-08-27,2026-08-27,FO,NSE,IDO,47341,,NIFTY,,2026-09-15,2026-09-15,24550.0,CE,NIFTY2691524550CE,111.05,120.3,78.0,83.5,78.0,127.4,24090.85,83.5,48620,12545,975,1561790594.0,622,F1,65,,,,,
2026-08-27,2026-08-27,FO,NSE,IDO,47255,,NIFTY,,2026-09-15,2026-09-15,22450.0,CE,NIFTY2691522450CE,0.0,0.0,0.0,2169.4,0.0,2169.4,24090.85,1719.01,0,0,0,0.0,0,F1,65,,,,,
2026-08-27,2026-08-27,FO,NSE,IDO,42743,,NIFTY,,2026-09-08,2026-09-08,25950.0,CE,NIFTY2690825950CE,1.9,2.15,1.15,1.65,1.95,1.9,24090.85,1.65,14690,9945,459,774275638.5,258,F1,65,,,,,
2026-08-27,2026-08-27,FO,NSE,IDO,42694,,NIFTY,,2026-09-08,2026-09-08,25150.0,CE,NIFTY2690825150CE,4.95,6.5,4.6,5.85,4.6,6.95,24090.85,5.85,55640,-3445,3878,6341027277.0,2244,F1,65,,,,,
2026-08-27,2026-08-27,FO,NSE,IDO,42665,,NIFTY,,2026-09-08,2026-09-08,24600.0,CE,NIFTY2690824600CE,64.75,65.0,33.55,37.05,34.0,68.9,24090.85,37.05,1008800,-3900,53681,85987789400.5,34113,F1,65,,,,,
2026-08-27,2026-08-27,FO,NSE,IDO,42623,,NIFTY,,2026-09-08,2026-09-08,23600.0,CE,NIFTY2690823600CE,730.0,730.0,619.0,632.4,621.55,806.8,24090.85,632.4,3835,845,81,127657559.25,54,F1,65,,,,,
2026-08-27,2026-08-27,FO,NSE,IDO,42610,,NIFTY,,2026-09-08,2026-09-08,23450.0,CE,NIFTY2690823450CE,874.1,874.1,781.95,781.95,781.95,887.9,24090.85,781.95,130,65,4,6306595.75,4,F1,65,,,,,
2026-08-27,2026-08-27,FO,NSE,IDO,42599,,NIFTY,,2026-09-08,2026-09-08,23200.0,CE,NIFTY2690823200CE,1123.3,1123.3,996.15,1040.8,996.15,1205.5,24090.85,1040.8,11505,10270,186,293080092.5,161,F1,65,,,,,
2026-08-27,2026-08-27,FO,NSE,IDO,42565,,NIFTY,,2026-09-08,2026-09-08,22350.0,CE,NIFTY2690822350CE,0.0,0.0,0.0,2406.1,0.0,2406.1,24090.85,1786.27,0,0,0,0.0,0,F1,65,,,,,
2026-08-27,2026-08-27,FO,NSE,IDO,47097,,NIFTY,,2026-09-01,2026-09-01,26700.0,CE,NIFTY2690126700CE,0.55,1.1,0.5,0.55,0.5,0.6,24090.85,0.55,56810,520,3622,6286153532.75,1462,F1,65,,,,,
2026-08-27,2026-08-27,FO,NSE,IDO,47073,,NIFTY,,2026-09-01,2026-09-01,26200.0,CE,NIFTY2690126200CE,0.7,1.15,0.6,0.7,0.7,0.65,24090.85,0.7,160095,-1885,7891,13438783787.0,2915,F1,65,,,,,
2026-08-27,2026-08-27,FO,NSE,IDO,47071,,NIFTY,,2026-09-01,2026-09-01,26150.0,CE,NIFTY2690126150CE,0.75,1.1,0.6,0.75,0.65,0.7,24090.85,0.75,54470,24635,2520,4283507390.5,1114,F1,65,,,,,
2026-08-27,2026-08-27,FO,NSE,IDO,47049,,NIFTY,,2026-09-01,2026-09-01,25600.0,CE,NIFTY2690125600CE,0.95,1.9,0.75,0.9,0.8,0.9,24090.85,0.9,3175770,1029795,158904,264428447721.75,39732,F1,65,,,,,
2026-08-27,2026-08-27,FO,NSE,IDO,47037,,NIFTY,,2026-09-01,2026-09-01,25300.0,CE,NIFTY2690125300CE,1.75,2.6,1.2,1.45,1.4,1.6,24090.85,1.45,4920110,2568345,483504,795177428529.25,90000,F1,65,,,,,
2026-08-27,2026-08-27,FO,NSE,IDO,47029,,NIFTY,,2026-09-01,2026-09-01,25100.0,CE,NIFTY2690125100CE,1.95,3.35,1.5,1.95,1.65,2.65,24090.85,1.95,5507580,1147900,640283,1044720410165.25,102411,F1,65,,,,,
2026-08-27,2026-08-27,FO,NSE,IDO,47011,,NIFTY,,2026-09-01,2026-09-01,24650.0,CE,NIFTY2690124650CE,16.75,17.0,5.9,7.45,6.15,18.25,24090.85,7.45,2847975,446940,331144,530787562106.75,100241,F1,65,,,,,
2026-08-27,2026-08-27,FO,NSE,IDO,46943,,NIFTY,,2026-09-01,2026-09-01,22950.0,CE,NIFTY2690122950CE,0.0,0.0,0.0,1501.8,0.0,1501.8,24090.85,1160.55,0,0,0,0.0,0,F1,65,,,,,
2026-08-27,2026-08-27,FO,NSE,IDO,46937,,NIFTY,,2026-09-01,2026-09-01,22800.0,CE,NIFTY2690122800CE,0.0,0.0,0.0,1629.4,0.0,1629.4,24090.85,1309.97,0,0,0,0.0,0,F1,65,,,,,
2026-08-27,2026-08-27,FO,NSE,IDO,46917,,NIFTY,,2026-09-01,2026-09-01,22300.0,CE,NIFTY2690122300CE,0.0,0.0,0.0,2078.55,0.0,2078.55,24090.85,1809.36,0,0,0,0.0,0,F1,65,,,,,
2026-08-27,2026-08-27,FO,NSE,IDO,55516,,NIFTY,,2028-12-26,2028-12-26,16500.0,CE,NIFTY28DEC16500CE,0.0,0.0,0.0,12176.65,0.0,12176.65,24090.85,9959.35,0,0,0,0.0,0,F1,65,,,,,
2026-08-27,2026-08-27,FO,NSE,IDO,80270,,NIFTY,,2027-03-30,2027-03-30,22500.0,CE,NIFTY27MAR22500CE,2729.95,2730.0,2655.05,2658.2,2655.05,2831.85,24090.85,2658.2,12285,3445,132,216051540.25,82,F1,65,,,,,
2026-08-27,2026-08-27,FO,NSE,IDO,55336,,NIFTY,,2026-12-29,2026-12-29,34500.0,CE,NIFTY26DEC34500CE,0.0,0.0,0.0,4.9,4.9,4.9,24090.85,0.12,975,0,0,0.0,0,F1,65,,,,,
2026-08-27,2026-08-27,FO,NSE,IDO,58640,,NIFTY,,2026-12-29,2026-12-29,18000.0,CE,NIFTY26DEC18000CE,0.0,0.0,0.0,6570.45,6570.45,6570.45,24090.85,6487.79,1690,0,0,0.0,0,F1,65,,,,,
2026-08-27,2026-08-27,FO,NSE,IDO,64497,,NIFTY,,2026-11-23,2026-11-23,26000.0,CE,NIFTY26NOV26000CE,171.4,171.4,61.65,66.6,63.25,321.45,24090.85,66.6,17550,17550,301,510103431.5,169,F1,65,,,,,
2026-08-27,2026-08-27,FO,NSE,IDO,64495,,NIFTY,,2026-11-23,2026-11-23,25950.0,CE,NIFTY26NOV25950CE,0.0,0.0,0.0,332.85,0.0,332.85,24090.85,265.49,0,0,0,0.0,0,F1,65,,,,,
2026-08-27,2026-08-27,FO,NSE,IDO,64437,,NIFTY,,2026-11-23,2026-11-23,24950.0,CE,NIFTY26NOV24950CE,0.0,0.0,0.0,670.25,0.0,670.25,24090.85,560.26,0,0,0,0.0,0,F1,65,,,,,
2026-08-27,2026-08-27,FO,NSE,IDO,89636,,NIFTY,,2029-06-26,2029-06-26,27000.0,CE,NIFTY29JUN27000CE,0.0,0.0,0.0,6570.4,0.0,6570.4,24090.85,3443.28,0,0,0,0.0,0,F1,65,,,,,
2026-08-27,2026-08-27,FO,NSE,IDO,61932,,NIFTY,,2029-12-24,2029-12-24,30000.0,CE,NIFTY29DEC30000CE,0.0,0.0,0.0,2863.2,2863.2,2863.2,24090.85,2819.68,8145,0,0,0.0,0,F1,65,,,,,
2026-08-27,2026-08-27,FO,NSE,IDO,46929,,NIFTY,,2026-09-01,2026-09-01,22600.0,CE,NIFTY2690122600CE,0.0,0.0,0.0,1805.15,0.0,1805.15,24090.85,1509.64,0,0,0,0.0,0,F1,65,,,,,
2026-08-27,2026-08-27,FO,NSE,IDO,46939,,NIFTY,,2026-09-01,2026-09-01,22850.0,CE,NIFTY2690122850CE,0.0,0.0,0.0,1586.45,0.0,1586.45,24090.85,1260.12,0,0,0,0.0,0,F1,65,,,,,
2026-08-27,2026-08-27,FO,NSE,IDO,46953,,NIFTY,,2026-09-01,2026-09-01,23200.0,CE,NIFTY2690123200CE,1046.65,1046.65,977.95,1024.9,979.5,1171.25,24090.85,1024.9,6110,-8515,171,269253754.25,128,F1,65,,,,,
2026-08-27,2026-08-27,FO,NSE,IDO,46971,,NIFTY,,2026-09-01,2026-09-01,23650.0,CE,NIFTY2690123650CE,631.75,631.75,518.75,542.35,572.85,710.75,24090.85,542.35,19890,-6760,433,681545543.25,378,F1,65,,,,,
2026-08-27,2026-08-27,FO,NSE,IDO,46977,,NIFTY,,2026-09-01,2026-09-01,23800.0,CE,NIFTY2690123800CE,526.4,544.25,380.0,402.4,387.1,560.95,24090.85,402.4,189150,24895,16512,26018282959.5,10064,F1,65,,,,,
2026-08-27,2026-08-27,FO,NSE,IDO,47031,,NIFTY,,2026-09-01,2026-09-01,25150.0,CE,NIFTY2690125150CE,1.1,3.1,1.1,1.8,1.6,2.25,24090.85,1.8,1369420,500955,313571,512656010850.75,48873,F1,65,,,,,
2026-08-27,2026-08-27,FO,NSE,IDO,47089,,NIFTY,,2026-09-01,2026-09-01,26600.0,CE,NIFTY2690126600CE,0.7,0.95,0.5,0.6,0.6,0.65,24090.85,0.6,45175,-2015,1645,2844277985.25,868,F1,65,,,,,
2026-08-27,2026-08-27,FO,NSE,IDO,42575,,NIFTY,,2026-09-08,2026-09-08,22600.0,CE,NIFTY2690822600CE,0.0,0.0,0.0,2165.9,0.0,2165.9,24090.85,1538.81,0,0,0,0.0,0,F1,65,,,,,
2026-08-27,2026-08-27,FO,NSE,IDO,42585,,NIFTY,,2026-09-08,2026-09-08,22850.0,CE,NIFTY2690822850CE,0.0,0.0,0.0,1930.45,0.0,1930.45,24090.85,1294.64,0,0,0,0.0,0,F1,65,,,,,
2026-08-27,2026-08-27,FO,NSE,IDO,42603,,NIFTY,,2026-09-08,2026-09-08,23300.0,CE,NIFTY2690823300CE,0.0,0.0,0.0,1524.85,0.0,1524.85,24090.85,876.05,0,0,0,0.0,0,F1,65,,,,,
2026-08-27,2026-08-27,FO,NSE,IDO,42615,,NIFTY,,2026-09-08,2026-09-08,23550.0,CE,NIFTY2690823550CE,719.55,753.45,708.8,753.45,753.45,1313.5,24090.85,666.04,195,195,4,6313294.0,4,F1,65,,,,,
2026-08-27,2026-08-27,FO,NSE,IDO,42629,,NIFTY,,2026-09-08,2026-09-08,23750.0,CE,NIFTY2690823750CE,606.6,606.95,486.0,497.2,490.5,621.15,24090.85,497.2,2470,1105,59,93193470.5,35,F1,65,,,,,
2026-08-27,2026-08-27,FO,NSE,IDO,42645,,NIFTY,,2026-09-08,2026-09-08,24150.0,CE,NIFTY2690824150CE,290.7,290.7,187.25,201.0,189.1,292.0,24090.85,201.0,224900,128895,17113,27106594615.75,11955,F1,65,,,,,
2026-08-27,2026-08-27,FO,NSE,IDO,42651,,NIFTY,,2026-09-08,2026-09-08,24300.0,CE,NIFTY2690824300CE,190.55,190.8,114.0,123.4,116.0,196.8,24090.85,123.4,1806350,908765,70921,112671759889.0,48311,F1,65,,,,,
2026-08-27,2026-08-27,FO,NSE,IDO,47253,,NIFTY,,2026-09-15,2026-09-15,22400.0,CE,NIFTY2691522400CE,0.0,0.0,0.0,2217.25,0.0,2217.25,24090.85,1767.73,0,0,0,0.0,0,F1,65,,,,,
2026-08-27,2026-08-27,FO,NSE,IDO,47267,,NIFTY,,2026-09-15,2026-09-15,22750.0,CE,NIFTY2691522750CE,0.0,0.0,0.0,1886.5,0.0,1886.5,24090.85,1431.1,0,0,0,0.0,0,F1,65,,,,,
2026-08-27,2026-08-27,FO,NSE,IDO,47271,,NIFTY,,2026-09-15,2026-09-15,22850.0,CE,NIFTY2691522850CE,0.0,0.0,0.0,1794.25,0.0,1794.25,24090.85,1337.41,0,0,0,0.0,0,F1,65,,,,,
2026-08-27,2026-08-27,FO,NSE,IDO,47289,,NIFTY,,2026-09-15,2026-09-15,23300.0,CE,NIFTY2691523300CE,0.0,0.0,0.0,1396.35,0.0,1396.35,24090.85,938.93,0,0,0,0.0,0,F1,65,,,,,
2026-08-27,2026-08-27,FO,NSE,IDO,47325,,NIFTY,,2026-09-15,2026-09-15,24150.0,CE,NIFTY2691524150CE,317.05,323.65,241.55,254.0,248.35,347.9,24090.85,254.0,32435,25675,1736,2756357249.75,1301,F1,65,,,,,
2026-08-27,2026-08-27,FO,NSE,IDO,47353,,NIFTY,,2026-09-15,2026-09-15,24800.0,CE,NIFTY2691524800CE,0.0,0.0,0.0,416.45,0.0,416.45,24090.85,129.12,0,0,0,0.0,0,F1,65,,,,,
2026-08-27,2026-08-27,FO,NSE,IDO,47387,,NIFTY,,2026-09-15,2026-09-15,25450.0,CE,NIFTY2691525450CE,22.8,22.8,6.2,6.2,6.2,199.7,24090.85,33.67,2730,2730,102,168809667.0,12,F1,65,,,,,
2026-08-27,2026-08-27,FO,NSE,IDO,47389,,NIFTY,,2026-09-15,2026-09-15,25500.0,CE,NIFTY2691525500CE,18.35,18.35,5.15,5.45,5.15,187.75,24090.85,5.45,2210,2210,57,94499544.75,19,F1,65,,,,,
2026-08-27,2026-08-27,FO,NSE,IDO,56875,,NIFTY,,2026-09-22,2026-09-22,22550.0,CE,NIFTY2692222550CE,0.0,0.0,0.0,1772.85,0.0,1772.85,24090.85,1659.93,0,0,0,0.0,0,F1,65,,,,,
2026-08-27,2026-08-27,FO,NSE,IDO,56905,,NIFTY,,2026-09-22,2026-09-22,22700.0,CE,NIFTY2692222700CE,0.0,0.0,0.0,1636.35,0.0,1636.35,24090.85,1520.04,0,0,0,0.0,0,F1,65,,,,,
2026-08-27,2026-08-27,FO,NSE,IDO,57023,,NIFTY,,2026-09-22,2026-09-22,23550.0,CE,NIFTY2692223550CE,0.0,0.0,0.0,931.8,931.8,931.8,24090.85,808.69,65,0,0,0.0,0,F1,65,,,,,
2026-08-27,2026-08-27,FO,NSE,IDO,57501,,NIFTY,,2026-09-22,2026-09-22,24350.0,CE,NIFTY2692224350CE,264.9,264.9,195.7,202.75,196.25,275.4,24090.85,202.75,9490,4810,252,402459648.5,164,F1,65,,,,,
2026-08-27,2026-08-27,FO,NSE,IDO,73887,,NIFTY,,2026-09-29,2026-09-29,22600.0,CE,NIFTY26SEP22600CE,0.0,0.0,0.0,1900.0,1900.0,1900.0,24090.85,1663.28,910,0,0,0.0,0,F1,65,,,,,
2026-08-27,2026-08-27,FO,NSE,IDO,74048,,NIFTY,,2026-09-29,2026-09-29,23850.0,CE,NIFTY26SEP23850CE,638.85,641.6,563.95,574.25,574.25,676.95,24090.85,574.25,4030,455,92,146142688.25,75,F1,65,,,,,
2026-08-27,2026-08-27,FO,NSE,IDO,74363,,NIFTY,,2026-09-29,2026-09-29,24950.0,CE,NIFTY26SEP24950CE,75.6,79.95,54.4,57.35,54.5,81.25,24090.85,57.35,185640,41015,2776,4513267151.25,1716,F1,65,,,,,
2026-08-27,2026-08-27,FO,NSE,IDO,74391,,NIFTY,,2026-09-29,2026-09-29,25400.0,CE,NIFTY26SEP25400CE,23.45,23.45,16.8,18.0,16.95,23.45,24090.85,18.0,479440,-35815,5909,9763079404.0,3254,F1,65,,,,,
2026-08-27,2026-08-27,FO,NSE,IDO,74481,,NIFTY,,2026-09-29,2026-09-29,26500.0,CE,NIFTY26SEP26500CE,3.25,3.85,3.05,3.55,3.3,3.2,24090.85,3.55,948480,8580,3140,5409343992.0,1471,F1,65,,,,,
2026-08-27,2026-08-27,FO,NSE,IDO,74487,,NIFTY,,2026-09-29,2026-09-29,26650.0,CE,NIFTY26SEP26650CE,0.0,0.0,0.0,3.1,3.3,3.1,24090.85,11.96,715,0,0,0.0,0,F1,65,,,,,
2026-08-27,2026-08-27,FO,NSE,IDO,35347,,NIFTY,,2027-12-28,2027-12-28,30000.0,PE,NIFTY27DEC30000PE,3950.0,3950.0,3800.0,3800.0,3800.0,3339.0,24090.85,4075.28,455,260,4,8797750.0,2,F1,65,,,,,
2026-08-27,2026-08-27,FO,NSE,IDO,55425,,NIFTY,,2027-12-28,2027-12-28,22500.0,PE,NIFTY27DEC22500PE,0.0,0.0,0.0,186.5,0.0,186.5,24090.85,472.91,0,0,0,0.0,0,F1,65,,,,,
2026-08-27,2026-08-27,FO,NSE,IDO,55423,,NIFTY,,2027-12-28,2027-12-28,19500.0,PE,NIFTY27DEC19500PE,0.0,0.0,0.0,29.25,0.0,29.25,24090.85,91.1,0,0,0,0.0,0,F1,65,,,,,
2026-08-27,2026-08-27,FO,NSE,IDO,47193,,NIFTY,,2027-06-29,2027-06-29,33000.0,PE,NIFTY27JUN33000PE,0.0,0.0,0.0,4691.7,0.0,4691.7,24090.85,7209.15,0,0,0,0.0,0,F1,65,,,,,
2026-08-27,2026-08-27,FO,NSE,IDO,80314,,NIFTY,,2027-03-30,2027-03-30,33000.0,PE,NIFTY27MAR33000PE,0.0,0.0,0.0,8415.45,0.0,8415.45,24090.85,7674.23,0,0,0,0.0,0,F1,65,,,,,
2026-08-27,2026-08-27,FO,NSE,IDO,58629,,NIFTY,,2026-12-29,2026-12-29,12000.0,PE,NIFTY26DEC12000PE,0.0,0.0,0.0,8.7,8.7,8.7,24090.85,0.0,18215,0,0,0.0,0,F1,65,,,,,
2026-08-27,2026-08-27,FO,NSE,IDO,64502,,NIFTY,,2026-11-23,2026-11-23,26100.0,PE,NIFTY26NOV26100PE,0.0,0.0,0.0,1675.5,0.0,1675.5,24090.85,1834.33,0,0,0,0.0,0,F1,65,,,,,
2026-08-27,2026-08-27,FO,NSE,IDO,64455,,NIFTY,,2026-11-23,2026-11-23,25250.0,PE,NIFTY26NOV25250PE,0.0,0.0,0.0,1090.7,0.0,1090.7,24090.85,1216.67,0,0,0,0.0,0,F1,65,,,,,
2026-08-27,2026-08-27,FO,NSE,IDO,64420,,NIFTY,,2026-11-23,2026-11-23,24550.0,PE,NIFTY26NOV24550PE,0.0,0.0,0.0,708.0,0.0,708.0,24090.85,802.95,0,0,0,0.0,0,F1,65,,,,,
2026-08-27,2026-08-27,FO,NSE,IDO,64402,,NIFTY,,2026-11-23,2026-11-23,24100.0,PE,NIFTY26NOV24100PE,0.0,0.0,0.0,512.75,0.0,512.75,24090.85,588.21,0,0,0,0.0,0,F1,65,,,,,
2026-08-27,2026-08-27,FO,NSE,IDO,64396,,NIFTY,,2026-11-23,2026-11-23,23950.0,PE,NIFTY26NOV23950PE,0.0,0.0,0.0,456.55,0.0,456.55,24090.85,525.71,0,0,0,0.0,0,F1,65,,,,,
2026-08-27,2026-08-27,FO,NSE,IDO,64334,,NIFTY,,2026-11-23,2026-11-23,22950.0,PE,NIFTY26NOV22950PE,0.0,0.0,0.0,186.2,0.0,186.2,24090.85,219.96,0,0,0,0.0,0,F1,65,,,,,
2026-08-27,2026-08-27,FO,NSE,IDO,64277,,NIFTY,,2026-11-23,2026-11-23,22450.0,PE,NIFTY26NOV22450PE,0.0,0.0,0.0,108.55,0.0,108.55,24090.85,129.89,0,0,0,0.0,0,F1,65,,,,,
2026-08-27,2026-08-27,FO,NSE,IDO,51515,,NIFTY,,2026-10-27,2026-10-27,26600.0,PE,NIFTY26OCT26600PE,0.0,0.0,0.0,2372.55,0.0,2372.55,24090.85,2290.45,0,0,0,0.0,0,F1,65,,,,,
2026-08-27,2026-08-27,FO,NSE,IDO,51491,,NIFTY,,2026-10-27,2026-10-27,26000.0,PE,NIFTY26OCT26000PE,1458.1,1590.2,1458.1,1573.35,1590.2,1424.05,24090.85,1573.35,102700,14430,314,562144144.25,302,F1,65,,,,,
2026-08-27,2026-08-27,FO,NSE,IDO,51473,,NIFTY,,2026-10-27,2026-10-27,25600.0,PE,NIFTY26OCT25600PE,0.0,0.0,0.0,1015.2,1015.2,1015.2,24090.85,1444.06,130,0,0,0.0,0,F1,65,,,,,
2026-08-27,2026-08-27,FO,NSE,IDO,51449,,NIFTY,,2026-10-27,2026-10-27,25200.0,PE,NIFTY26OCT25200PE,792.05,862.0,792.05,838.6,838.6,786.35,24090.85,1148.22,9750,455,18,30454125.0,17,F1,65,,,,,
2026-08-27,2026-08-27,FO,NSE,IDO,51441,,NIFTY,,2026-10-27,2026-10-27,25000.0,PE,NIFTY26OCT25000PE,607.65,740.45,607.65,727.65,740.35,607.65,24090.85,727.65,530855,4095,908,1516003482.5,754,F1,65,,,,,
2026-08-27,2026-08-27,FO,NSE,IDO,51433,,NIFTY,,2026-10-27,2026-10-27,24850.0,PE,NIFTY26OCT24850PE,0.0,0.0,0.0,499.25,499.25,499.25,24090.85,916.13,1755,0,0,0.0,0,F1,65,,,,,
2026-08-27,2026-08-27,FO,NSE,IDO,51431,,NIFTY,,2026-10-27,2026-10-27,24800.0,PE,NIFTY26OCT24800PE,522.0,600.0,520.05,600.0,600.0,485.3,24090.85,600.0,142480,1170,87,143350350.0,63,F1,65,,,,,
2026-08-27,2026-08-27,FO,NSE,IDO,51407,,NIFTY,,2026-10-27,2026-10-27,24300.0,PE,NIFTY26OCT24300PE,274.6,341.75,271.55,330.75,339.7,269.35,24090.85,330.75,117650,6955,876,1401014881.5,679,F1,65,,,,,
2026-08-27,2026-08-27,FO,NSE,IDO,51371,,NIFTY,,2026-10-27,2026-10-27,23450.0,PE,NIFTY26OCT23450PE,86.7,107.0,85.8,104.85,106.2,78.55,24090.85,104.85,64675,5070,304,465254630.75,194,F1,65,,,,,
2026-08-27,2026-08-27,FO,NSE,IDO,51357,,NIFTY,,2026-10-27,2026-10-27,23100.0,PE,NIFTY26OCT23100PE,51.55,67.2,50.35,65.7,65.5,49.15,24090.85,65.7,103350,30095,1831,2756027517.75,1085,F1,65,,,,,
2026-08-27,2026-08-27,FO,NSE,IDO,65930,,NIFTY,,2026-09-29,2026-09-29,33000.0,PE,NIFTY26SEP33000PE,0.0,0.0,0.0,6552.15,0.0,6552.15,24090.85,8714.01,0,0,0,0.0,0,F1,65,,,,,
2026-08-27,2026-08-27,FO,NSE,IDO,74506,,NIFTY,,2026-09-29,2026-09-29,27150.0,PE,NIFTY26SEP27150PE,0.0,0.0,0.0,2959.15,0.0,2959.15,24090.85,2902.75,0,0,0,0.0,0,F1,65,,,,,
2026-08-27,2026-08-27,FO,NSE,IDO,74417,,NIFTY,,2026-09-29,2026-09-29,25700.0,PE,NIFTY26SEP25700PE,0.0,0.0,0.0,1218.85,1218.85,1218.85,24090.85,1524.4,12025,0,0,0.0,0,F1,65,,,,,
2026-08-27,2026-08-27,FO,NSE,IDO,74415,,NIFTY,,2026-09-29,2026-09-29,25650.0,PE,NIFTY26SEP25650PE,0.0,0.0,0.0,1016.85,1016.85,1016.85,24090.85,1480.33,65,0,0,0.0,0,F1,65,,,,,
2026-08-27,2026-08-27,FO,NSE,IDO,74364,,NIFTY,,2026-09-29,2026-09-29,24950.0,PE,NIFTY26SEP24950PE,671.0,720.6,666.0,703.0,720.6,594.45,24090.85,703.0,6435,-975,20,33316656.75,20,F1,65,,,,,
2026-08-27,2026-08-27,FO,NSE,IDO,74356,,NIFTY,,2026-09-29,2026-09-29,24750.0,PE,NIFTY26SEP24750PE,469.8,569.45,468.65,569.45,569.45,440.8,24090.85,569.45,36205,-130,23,37778575.25,15,F1,65,,,,,
2026-08-27,2026-08-27,FO,NSE,IDO,73928,,NIFTY,,2026-09-29,2026-09-29,23400.0,PE,NIFTY26SEP23400PE,37.4,54.5,35.55,51.8,53.5,37.1,24090.85,51.8,850460,87945,12100,18441081038.25,7294,F1,65,,,,,
2026-08-27,2026-08-27,FO,NSE,IDO,73888,,NIFTY,,2026-09-29,2026-09-29,22600.0,PE,NIFTY26SEP22600PE,13.5,16.35,13.4,15.9,16.35,14.2,24090.85,15.9,358475,36790,2680,3939572695.5,1489,F1,65,,,,,
2026-08-27,2026-08-27,FO,NSE,IDO,73886,,NIFTY,,2026-09-29,2026-09-29,22550.0,PE,NIFTY26SEP22550PE,13.25,15.7,12.5,15.2,15.45,13.2,24090.85,15.2,19435,260,63,92400792.25,34,F1,65,,,,,
2026-08-27,2026-08-27,FO,NSE,IDO,73864,,NIFTY,,2026-09-29,2026-09-29,21950.0,PE,NIFTY26SEP21950PE,9.55,10.05,9.4,10.05,10.05,10.25,24090.85,10.05,10335,-260,18,25692719.0,8,F1,65,,,,,
2026-08-27,2026-08-27,FO,NSE,IDO,65894,,NIFTY,,2026-09-29,2026-09-29,21000.0,PE,NIFTY26SEP21000PE,6.85,7.45,5.85,6.6,6.75,6.7,24090.85,6.6,1493830,9165,3503,4783087192.0,1066,F1,65,,,,,
2026-08-27,2026-08-27,FO,NSE,IDO,58008,,NIFTY,,2026-09-22,2026-09-22,25750.0,PE,NIFTY2692225750PE,0.0,0.0,0.0,1525.75,0.0,1525.75,24090.85,1584.36,0,0,0,0.0,0,F1,65,,,,,
2026-08-27,2026-08-27,FO,NSE,IDO,57867,,NIFTY,,2026-09-22,2026-09-22,25200.0,PE,NIFTY2692225200PE,0.0,0.0,0.0,1072.35,0.0,1072.35,24090.85,1099.71,0,0,0,0.0,0,F1,65,,,,,
2026-08-27,2026-08-27,FO,NSE,IDO,57380,,NIFTY,,2026-09-22,2026-09-22,24150.0,PE,NIFTY2692224150PE,0.0,0.0,0.0,419.35,0.0,419.35,24090.85,393.1,0,0,0,0.0,0,F1,65,,,,,
2026-08-27,2026-08-27,FO,NSE,IDO,56934,,NIFTY,,2026-09-22,2026-09-22,22800.0,PE,NIFTY2692222800PE,14.0,14.0,13.2,13.65,13.4,13.65,24090.85,13.65,1950,65,16,23726183.0,3,F1,65,,,,,
2026-08-27,2026-08-27,FO,NSE,IDO,56906,,NIFTY,,2026-09-22,2026-09-22,22700.0,PE,NIFTY2692222700PE,0.0,0.0,0.0,50.15,0.0,50.15,24090.85,31.42,0,0,0,0.0,0,F1,65,,,,,
2026-08-27,2026-08-27,FO,NSE,IDO,56836,,NIFTY,,2026-09-22,2026-09-22,22350.0,PE,NIFTY2692222350PE,7.0,8.45,6.35,7.85,8.4,7.15,24090.85,7.85,24895,17485,303,440325330.25,108,F1,65,,,,,
2026-08-27,2026-08-27,FO,NSE,IDO,47404,,NIFTY,,2026-09-15,2026-09-15,25650.0,PE,NIFTY2691525650PE,0.0,0.0,0.0,1183.55,0.0,1183.55,24090.85,1499.21,0,0,0,0.0,0,F1,65,,,,,
2026-08-27,2026-08-27,FO,NSE,IDO,47366,,NIFTY,,2026-09-15,2026-09-15,25050.0,PE,NIFTY2691525050PE,0.0,0.0,0.0,751.7,0.0,751.7,24090.85,960.23,0,0,0,0.0,0,F1,65,,,,,
2026-08-27,2026-08-27,FO,NSE,IDO,47302,,NIFTY,,2026-09-15,2026-09-15,23600.0,PE,NIFTY2691523600PE,0.0,0.0,0.0,143.35,0.0,143.35,24090.85,138.53,0,0,0,0.0,0,F1,65,,,,,
