sess,expiry,year,spot,settle,vix,type,buy_k,sell_k,buy_fill,sell_fill,debit_pts,lot,capital_req,gross_pts,gross,costs,net,is_win,cum_net,candidate_id,candidate_name,in_primary_5y
2019-03-28,2019-04-04,2019,11570.0,11598.0,17.05,BULL_CALL,11550.0,11750.0,120.0,36.7,83.3,75,6247.5,-35.3,-2647.5,62.77,-2710.27,0,-2710.27,Candidate A,10D Breakout ATM Debit Spread (W200),0
2019-05-24,2019-05-30,2019,11844.1,11945.9,19.41,BULL_CALL,11850.0,12050.0,95.7,26.8,68.9,75,5167.5,27.0,2025.0,67.35,1957.65,1,-752.6199999999999,Candidate A,10D Breakout ATM Debit Spread (W200),0
2019-05-30,2019-06-06,2019,11945.9,11843.75,16.41,BULL_CALL,11950.0,12150.0,83.95,20.85,63.1,75,4732.5,-63.1,-4732.5,53.01,-4785.51,0,-5538.13,Candidate A,10D Breakout ATM Debit Spread (W200),0
2019-06-14,2019-06-20,2019,11823.3,11831.75,13.66,BEAR_PUT,11800.0,11600.0,52.7,9.95,42.75,75,3206.25,-42.75,-3206.25,50.56,-3256.81,0,-8794.94,Candidate A,10D Breakout ATM Debit Spread (W200),0
2019-07-01,2019-07-04,2019,11865.6,11946.75,14.95,BULL_CALL,11850.0,12050.0,72.15,6.95,65.2,75,4890.0,31.55,2366.25,64.56,2301.69,1,-6493.25,Candidate A,10D Breakout ATM Debit Spread (W200),0
2019-07-08,2019-07-11,2019,11558.6,11582.9,13.07,BEAR_PUT,11550.0,11350.0,55.75,9.25,46.5,75,3487.5,-46.5,-3487.5,50.64,-3538.14,0,-10031.39,Candidate A,10D Breakout ATM Debit Spread (W200),0
2019-07-19,2019-07-25,2019,11419.25,11252.15,11.75,BEAR_PUT,11400.0,11200.0,58.25,14.0,44.25,75,3318.75,103.6,7770.0,71.61,7698.39,1,-2332.999999999999,Candidate A,10D Breakout ATM Debit Spread (W200),0
2019-07-29,2019-08-01,2019,11189.2,10980.0,12.13,BEAR_PUT,11200.0,11000.0,57.05,8.55,48.5,75,3637.5,151.5,11362.5,81.9,11280.6,1,8947.600000000002,Candidate A,10D Breakout ATM Debit Spread (W200),0
2019-08-01,2019-08-08,2019,10980.0,11032.45,13.59,BEAR_PUT,11000.0,10800.0,79.55,28.55,51.0,75,3825.0,-51.0,-3825.0,53.51,-3878.51,0,5069.090000000002,Candidate A,10D Breakout ATM Debit Spread (W200),0
2019-08-22,2019-08-29,2019,10741.35,10948.3,17.02,BEAR_PUT,10750.0,10550.0,105.8,37.75,68.05,75,5103.75,-68.05,-5103.75,55.57,-5159.32,0,-90.22999999999774,Candidate A,10D Breakout ATM Debit Spread (W200),0
2019-09-13,2019-09-19,2019,11075.9,10704.8,14.9,BULL_CALL,11100.0,11300.0,62.55,6.1,56.45,75,4233.75,-56.45,-4233.75,50.67,-4284.42,0,-4374.649999999998,Candidate A,10D Breakout ATM Debit Spread (W200),0
2019-09-19,2019-09-26,2019,10704.8,11571.2,15.35,BEAR_PUT,10700.0,10500.0,84.25,24.65,59.6,75,4470.0,-59.6,-4470.0,53.37,-4523.37,0,-8898.019999999997,Candidate A,10D Breakout ATM Debit Spread (W200),0
2019-10-07,2019-10-10,2019,11126.4,11234.55,17.58,BEAR_PUT,11150.0,10950.0,68.65,13.7,54.95,75,4121.25,-54.95,-4121.25,51.65,-4172.9,0,-13070.919999999996,Candidate A,10D Breakout ATM Debit Spread (W200),0
2019-10-17,2019-10-24,2019,11586.35,11582.6,16.36,BULL_CALL,11600.0,11800.0,79.25,17.55,61.7,75,4627.5,-61.7,-4627.5,52.49,-4679.99,0,-17750.909999999996,Candidate A,10D Breakout ATM Debit Spread (W200),0
2019-10-29,2019-10-31,2019,11786.85,11877.45,15.32,BULL_CALL,11800.0,12000.0,50.6,6.05,44.55,75,3341.25,32.9,2467.5,60.8,2406.7,1,-15344.209999999995,Candidate A,10D Breakout ATM Debit Spread (W200),0
2019-11-25,2019-11-28,2019,12073.75,12151.15,14.87,BULL_CALL,12050.0,12250.0,84.7,9.95,74.75,75,5606.25,26.4,1980.0,66.02,1913.98,1,-13430.229999999996,Candidate A,10D Breakout ATM Debit Spread (W200),0
2019-12-10,2019-12-12,2019,11856.8,11971.8,14.6,BEAR_PUT,11850.0,11650.0,34.9,2.5,32.4,75,2430.0,-32.4,-2430.0,49.05,-2479.05,0,-15909.279999999995,Candidate A,10D Breakout ATM Debit Spread (W200),0
2019-12-13,2019-12-19,2019,12086.7,12259.7,13.35,BULL_CALL,12100.0,12300.0,81.5,15.65,65.85,75,4938.75,93.85,7038.75,74.48,6964.27,1,-8945.009999999995,Candidate A,10D Breakout ATM Debit Spread (W200),0
2020-01-02,2020-01-09,2020,12282.2,12215.9,11.6,BULL_CALL,12300.0,12500.0,59.85,6.1,53.75,75,4031.25,-53.75,-4031.25,50.54,-4081.79,0,-13026.799999999996,Candidate A,10D Breakout ATM Debit Spread (W200),0
2020-01-13,2020-01-16,2020,12329.55,12355.5,14.08,BULL_CALL,12350.0,12550.0,47.15,2.85,44.3,75,3322.5,-38.8,-2910.0,50.42,-2960.42,0,-15987.219999999996,Candidate A,10D Breakout ATM Debit Spread (W200),0
2020-01-28,2020-01-30,2020,12055.8,12035.8,17.18,BEAR_PUT,12050.0,11850.0,45.0,5.9,39.1,75,2932.5,-24.9,-1867.5,51.8,-1919.3,0,-17906.519999999997,Candidate A,10D Breakout ATM Debit Spread (W200),0
2020-01-30,2020-02-06,2020,12035.8,12137.95,16.5,BEAR_PUT,12050.0,11850.0,153.4,73.3,80.1,75,6007.5,-80.1,-6007.5,61.03,-6068.53,0,-23975.049999999996,Candidate A,10D Breakout ATM Debit Spread (W200),0
2020-02-24,2020-02-27,2020,11829.4,11633.3,13.7,BEAR_PUT,11850.0,11650.0,98.7,31.6,67.1,75,5032.5,132.9,9967.5,85.34,9882.16,1,-14092.889999999996,Candidate A,10D Breakout ATM Debit Spread (W200),0
2020-03-06,2020-03-12,2020,10989.45,9590.15,23.25,BEAR_PUT,11000.0,10800.0,170.4,96.2,74.2,75,5565.0,125.8,9435.0,312.24,9122.76,1,-4970.129999999996,Candidate A,10D Breakout ATM Debit Spread (W200),0
2020-08-11,2020-08-13,2020,11322.5,11300.45,22.51,BULL_CALL,11300.0,11500.0,84.55,11.25,73.3,75,5497.5,-72.85,-5463.75,52.23,-5515.98,0,-10486.109999999995,Candidate A,10D Breakout ATM Debit Spread (W200),0
2020-08-18,2020-08-20,2020,11385.35,11312.2,21.31,BULL_CALL,11400.0,11600.0,57.3,4.65,52.65,75,3948.75,-52.65,-3948.75,50.29,-3999.04,0,-14485.149999999994,Candidate A,10D Breakout ATM Debit Spread (W200),0
2020-08-24,2020-08-27,2020,11466.45,11559.25,19.94,BULL_CALL,11450.0,11650.0,85.4,11.25,74.15,75,5561.25,35.1,2632.5,67.29,2565.21,1,-11919.939999999995,Candidate A,10D Breakout ATM Debit Spread (W200),0
2020-09-04,2020-09-10,2020,11333.85,11449.25,20.5,BEAR_PUT,11350.0,11150.0,118.55,52.4,66.15,75,4961.25,-66.15,-4961.25,57.5,-5018.75,0,-16938.689999999995,Candidate A,10D Breakout ATM Debit Spread (W200),0
2020-09-21,2020-09-24,2020,11250.55,10805.55,20.05,BEAR_PUT,11250.0,11050.0,95.7,35.7,60.0,75,4500.0,140.0,10500.0,127.13,10372.87,1,-6565.819999999994,Candidate A,10D Breakout ATM Debit Spread (W200),0
2020-10-06,2020-10-08,2020,11662.4,11834.6,19.71,BULL_CALL,11650.0,11850.0,65.5,5.75,59.75,75,4481.25,124.85,9363.75,76.27,9287.48,1,2721.6600000000053,Candidate A,10D Breakout ATM Debit Spread (W200),0
2020-10-29,2020-11-05,2020,11670.8,12120.3,23.28,BEAR_PUT,11650.0,11450.0,165.75,91.4,74.35,75,5576.25,-74.35,-5576.25,63.26,-5639.51,0,-2917.849999999995,Candidate A,10D Breakout ATM Debit Spread (W200),0
2020-11-05,2020-11-12,2020,12120.3,12690.8,23.2,BULL_CALL,12100.0,12300.0,144.6,55.25,89.35,75,6701.25,110.65,8298.75,157.89,8140.86,1,5223.010000000005,Candidate A,10D Breakout ATM Debit Spread (W200),0
2020-11-17,2020-11-19,2020,12874.2,12771.7,19.7,BULL_CALL,12850.0,13050.0,78.35,11.45,66.9,75,5017.5,-66.9,-5017.5,51.89,-5069.39,0,153.62000000000444,Candidate A,10D Breakout ATM Debit Spread (W200),0
2020-11-24,2020-11-26,2020,13055.15,12987.0,20.8,BULL_CALL,13050.0,13250.0,80.8,12.6,68.2,75,5115.0,-68.2,-5115.0,52.11,-5167.11,0,-5013.489999999995,Candidate A,10D Breakout ATM Debit Spread (W200),0
2020-12-01,2020-12-03,2020,13109.05,13133.9,19.82,BULL_CALL,13100.0,13300.0,95.85,18.85,77.0,75,5775.0,-43.1,-3232.5,58.07,-3290.57,0,-8304.059999999996,Candidate A,10D Breakout ATM Debit Spread (W200),0
2020-12-14,2020-12-17,2020,13558.15,13740.7,18.79,BULL_CALL,13550.0,13750.0,96.05,23.35,72.7,75,5452.5,118.0,8850.0,80.14,8769.86,1,465.80000000000473,Candidate A,10D Breakout ATM Debit Spread (W200),0
2020-12-21,2020-12-24,2020,13328.4,13749.25,18.62,BEAR_PUT,13350.0,13150.0,144.15,74.8,69.35,75,5201.25,-69.35,-5201.25,60.74,-5261.99,0,-4796.189999999995,Candidate A,10D Breakout ATM Debit Spread (W200),0
2020-12-28,2020-12-31,2020,13873.2,13981.75,19.97,BULL_CALL,13850.0,14050.0,112.25,26.1,86.15,75,6461.25,45.6,3420.0,73.0,3347.0,1,-1449.189999999995,Candidate A,10D Breakout ATM Debit Spread (W200),0
2021-01-01,2021-01-07,2021,14018.5,14137.35,21.1,BULL_CALL,14000.0,14200.0,123.65,36.15,87.5,75,6562.5,49.85,3738.75,75.22,3663.53,1,2214.340000000005,Candidate A,10D Breakout ATM Debit Spread (W200),0
2021-01-08,2021-01-14,2021,14347.25,14595.6,20.62,BULL_CALL,14350.0,14550.0,104.45,26.75,77.7,75,5827.5,122.3,9172.5,90.44,9082.06,1,11296.400000000005,Candidate A,10D Breakout ATM Debit Spread (W200),0
2021-01-25,2021-01-28,2021,14238.9,13817.55,22.42,BEAR_PUT,14250.0,14050.0,97.5,36.25,61.25,75,4593.75,138.75,10406.25,125.07,10281.18,1,21577.580000000005,Candidate A,10D Breakout ATM Debit Spread (W200),0
2021-02-02,2021-02-04,2021,14647.85,14895.65,23.32,BULL_CALL,14650.0,14850.0,103.6,33.65,69.95,75,5246.25,130.05,9753.75,91.04,9662.71,1,31240.290000000005,Candidate A,10D Breakout ATM Debit Spread (W200),0
2021-02-11,2021-02-18,2021,15173.3,15118.95,23.95,BULL_CALL,15150.0,15350.0,160.4,68.35,92.05,75,6903.75,-92.05,-6903.75,60.91,-6964.66,0,24275.630000000005,Candidate A,10D Breakout ATM Debit Spread (W200),0
2021-02-22,2021-02-25,2021,14675.7,15097.35,22.25,BEAR_PUT,14700.0,14500.0,131.85,62.0,69.85,75,5238.75,-69.85,-5238.75,59.0,-5297.75,0,18977.880000000005,Candidate A,10D Breakout ATM Debit Spread (W200),0
2021-02-26,2021-03-04,2021,14529.15,15080.75,22.89,BEAR_PUT,14550.0,14350.0,203.25,123.35,79.9,75,5992.5,-79.9,-5992.5,67.92,-6060.42,0,12917.460000000005,Candidate A,10D Breakout ATM Debit Spread (W200),0
2021-04-08,2021-04-15,2021,14873.8,14581.45,20.25,BULL_CALL,14850.0,15050.0,175.8,77.1,98.7,75,7402.5,-98.7,-7402.5,62.42,-7464.92,0,5452.5400000000045,Candidate A,10D Breakout ATM Debit Spread (W200),0
2021-05-10,2021-05-12,2021,14942.35,14696.5,20.82,BULL_CALL,14950.0,15150.0,88.4,15.9,72.5,75,5437.5,-72.5,-5437.5,52.77,-5490.27,0,-37.729999999995925,Candidate A,10D Breakout ATM Debit Spread (W200),0
2021-05-18,2021-05-20,2021,15108.1,14906.05,19.61,BULL_CALL,15100.0,15300.0,91.8,17.9,73.9,75,5542.5,-73.9,-5542.5,53.11,-5595.61,0,-5633.339999999996,Candidate A,10D Breakout ATM Debit Spread (W200),0
2021-05-21,2021-05-27,2021,15175.3,15337.85,19.65,BULL_CALL,15200.0,15400.0,119.2,40.05,79.15,75,5936.25,58.7,4402.5,75.44,4327.06,1,-1306.2799999999952,Candidate A,10D Breakout ATM Debit Spread (W200),0
2021-06-03,2021-06-10,2021,15690.35,15737.75,17.21,BULL_CALL,15700.0,15900.0,105.6,33.1,72.5,75,5437.5,-34.75,-2606.25,60.35,-2666.6,0,-3972.879999999995,Candidate A,10D Breakout ATM Debit Spread (W200),0
2021-06-11,2021-06-17,2021,15799.35,15691.4,15.0,BULL_CALL,15800.0,16000.0,90.8,18.85,71.95,75,5396.25,-71.95,-5396.25,53.15,-5449.4,0,-9422.279999999995,Candidate A,10D Breakout ATM Debit Spread (W200),0
2021-07-01,2021-07-08,2021,15680.0,15727.9,13.05,BEAR_PUT,15700.0,15500.0,97.7,29.7,68.0,50,3400.0,-68.0,-3400.0,52.04,-3452.04,0,-12874.319999999996,Candidate A,10D Breakout ATM Debit Spread (W200),0
2021-07-15,2021-07-22,2021,15924.2,15824.05,12.59,BULL_CALL,15900.0,16100.0,105.55,24.05,81.5,50,4075.0,-81.5,-4075.0,51.94,-4126.94,0,-17001.259999999995,Candidate A,10D Breakout ATM Debit Spread (W200),0
2021-08-03,2021-08-05,2021,16130.75,16294.6,12.81,BULL_CALL,16150.0,16350.0,50.9,6.35,44.55,50,2227.5,100.05,5002.5,62.48,4940.02,1,-12061.239999999994,Candidate A,10D Breakout ATM Debit Spread (W200),0
2021-08-12,2021-08-18,2021,16364.4,16568.85,12.71,BULL_CALL,16350.0,16550.0,86.15,18.3,67.85,50,3392.5,132.15,6607.5,71.69,6535.81,1,-5525.429999999994,Candidate A,10D Breakout ATM Debit Spread (W200),0
2021-08-24,2021-08-26,2021,16624.6,16636.9,13.69,BULL_CALL,16600.0,16800.0,68.95,4.95,64.0,50,3200.0,-27.1,-1355.0,53.04,-1408.04,0,-6933.469999999994,Candidate A,10D Breakout ATM Debit Spread (W200),0
2021-09-02,2021-09-09,2021,17234.15,17369.25,14.19,BULL_CALL,17250.0,17450.0,104.15,36.65,67.5,50,3375.0,51.75,2587.5,63.64,2523.86,1,-4409.609999999993,Candidate A,10D Breakout ATM Debit Spread (W200),0
2021-09-14,2021-09-16,2021,17380.0,17629.5,14.03,BULL_CALL,17400.0,17600.0,52.05,3.95,48.1,50,2405.0,151.9,7595.0,71.06,7523.94,1,3114.3300000000063,Candidate A,10D Breakout ATM Debit Spread (W200),0
2021-09-23,2021-09-30,2021,17822.95,17618.15,16.49,BULL_CALL,17800.0,18000.0,153.8,68.25,85.55,50,4277.5,-85.55,-4277.5,56.13,-4333.63,0,-1219.2999999999938,Candidate A,10D Breakout ATM Debit Spread (W200),1
2021-10-08,2021-10-14,2021,17895.2,18338.55,16.16,BULL_CALL,17900.0,18100.0,109.2,32.95,76.25,50,3812.5,123.75,6187.5,100.02,6087.48,1,4868.180000000006,Candidate A,10D Breakout ATM Debit Spread (W200),1
2021-10-28,2021-11-03,2021,17857.25,17829.2,16.83,BEAR_PUT,17850.0,17650.0,137.55,66.8,70.75,50,3537.5,-49.95,-2497.5,57.45,-2554.95,0,2313.230000000006,Candidate A,10D Breakout ATM Debit Spread (W200),1
2021-11-12,2021-11-18,2021,18102.75,17764.8,16.35,BULL_CALL,18100.0,18300.0,122.15,37.65,84.5,50,4225.0,-84.5,-4225.0,53.28,-4278.28,0,-1965.0499999999938,Candidate A,10D Breakout ATM Debit Spread (W200),1
2021-11-18,2021-11-25,2021,17764.8,17536.25,14.98,BEAR_PUT,17750.0,17550.0,104.0,41.4,62.6,50,3130.0,137.4,6870.0,73.03,6796.97,1,4831.920000000006,Candidate A,10D Breakout ATM Debit Spread (W200),1
2021-11-26,2021-12-02,2021,17026.45,17401.65,16.66,BEAR_PUT,17050.0,16850.0,168.75,98.7,70.05,50,3502.5,-70.05,-3502.5,58.44,-3560.94,0,1270.9800000000064,Candidate A,10D Breakout ATM Debit Spread (W200),1
2021-12-06,2021-12-09,2021,16912.25,17516.85,18.46,BEAR_PUT,16900.0,16700.0,116.25,52.15,64.1,50,3205.0,-64.1,-3205.0,53.98,-3258.98,0,-1987.9999999999936,Candidate A,10D Breakout ATM Debit Spread (W200),1
2021-12-20,2021-12-23,2021,16614.2,17072.6,16.34,BEAR_PUT,16600.0,16400.0,125.9,66.65,59.25,50,2962.5,-59.25,-2962.5,55.16,-3017.66,0,-5005.6599999999935,Candidate A,10D Breakout ATM Debit Spread (W200),1
2021-12-31,2022-01-06,2021,17354.05,17745.9,16.57,BULL_CALL,17350.0,17550.0,129.8,43.7,86.1,50,4305.0,113.9,5695.0,96.13,5598.87,1,593.2100000000064,Candidate A,10D Breakout ATM Debit Spread (W200),1
2022-01-10,2022-01-13,2022,18003.3,18257.8,17.6,BULL_CALL,18000.0,18200.0,117.6,38.85,78.75,50,3937.5,121.25,6062.5,78.66,5983.84,1,6577.050000000007,Candidate A,10D Breakout ATM Debit Spread (W200),1
2022-01-17,2022-01-20,2022,18308.1,17757.0,16.56,BULL_CALL,18300.0,18500.0,113.7,33.5,80.2,50,4010.0,-80.2,-4010.0,52.77,-4062.77,0,2514.2800000000066,Candidate A,10D Breakout ATM Debit Spread (W200),1
2022-01-21,2022-01-27,2022,17617.15,17110.15,17.79,BEAR_PUT,17600.0,17400.0,137.1,72.0,65.1,50,3255.0,134.9,6745.0,109.5,6635.5,1,9149.780000000006,Candidate A,10D Breakout ATM Debit Spread (W200),1
2022-01-27,2022-02-03,2022,17110.15,17560.2,21.36,BEAR_PUT,17100.0,16900.0,243.95,163.9,80.05,50,4002.5,-80.05,-4002.5,64.74,-4067.24,0,5082.540000000006,Candidate A,10D Breakout ATM Debit Spread (W200),1
2022-02-14,2022-02-17,2022,16842.8,17304.6,18.68,BEAR_PUT,16850.0,16650.0,176.8,105.6,71.2,50,3560.0,-71.2,-3560.0,59.11,-3619.11,0,1463.4300000000062,Candidate A,10D Breakout ATM Debit Spread (W200),1
2022-03-29,2022-03-31,2022,17325.3,17464.75,22.61,BULL_CALL,17350.0,17550.0,98.45,25.1,73.35,50,3667.5,41.4,2070.0,62.35,2007.65,1,3471.0800000000063,Candidate A,10D Breakout ATM Debit Spread (W200),1
2022-04-01,2022-04-07,2022,17670.45,17639.55,20.56,BULL_CALL,17650.0,17850.0,147.3,58.05,89.25,50,4462.5,-89.25,-4462.5,55.3,-4517.8,0,-1046.719999999994,Candidate A,10D Breakout ATM Debit Spread (W200),1
2022-04-18,2022-04-21,2022,17173.65,17392.6,17.79,BEAR_PUT,17150.0,16950.0,107.8,45.8,62.0,50,3100.0,-62.0,-3100.0,53.33,-3153.33,0,-4200.049999999994,Candidate A,10D Breakout ATM Debit Spread (W200),1
2022-04-25,2022-04-28,2022,16953.95,17245.05,18.35,BEAR_PUT,16950.0,16750.0,138.1,68.1,70.0,50,3500.0,-70.0,-3500.0,55.63,-3555.63,0,-7755.679999999994,Candidate A,10D Breakout ATM Debit Spread (W200),1
2022-05-06,2022-05-12,2022,16411.25,15808.0,20.29,BEAR_PUT,16400.0,16200.0,174.9,102.5,72.4,50,3620.0,127.6,6380.0,124.95,6255.05,1,-1500.6299999999937,Candidate A,10D Breakout ATM Debit Spread (W200),1
2022-05-27,2022-06-02,2022,16352.45,16628.0,22.72,BULL_CALL,16350.0,16550.0,153.2,68.35,84.85,50,4242.5,115.15,5757.5,84.01,5673.49,1,4172.860000000006,Candidate A,10D Breakout ATM Debit Spread (W200),1
2022-06-10,2022-06-16,2022,16201.8,15360.6,19.14,BEAR_PUT,16200.0,16000.0,144.75,71.8,72.95,50,3647.5,127.05,6352.5,152.24,6200.26,1,10373.120000000006,Candidate A,10D Breakout ATM Debit Spread (W200),1
2022-06-27,2022-06-30,2022,15832.05,15780.25,20.55,BULL_CALL,15850.0,16050.0,117.7,43.7,74.0,50,3700.0,-74.0,-3700.0,53.51,-3753.51,0,6619.610000000006,Candidate A,10D Breakout ATM Debit Spread (W200),1
2022-07-18,2022-07-21,2022,16278.5,16605.25,17.6,BULL_CALL,16300.0,16500.0,87.55,20.25,67.3,50,3365.0,132.7,6635.0,82.36,6552.64,1,13172.250000000007,Candidate A,10D Breakout ATM Debit Spread (W200),1
2022-07-28,2022-08-04,2022,16929.6,17382.0,18.13,BULL_CALL,16950.0,17150.0,133.0,57.45,75.55,50,3777.5,124.45,6222.5,101.45,6121.05,1,19293.300000000007,Candidate A,10D Breakout ATM Debit Spread (W200),1
2022-08-05,2022-08-11,2022,17397.5,17659.0,19.26,BULL_CALL,17400.0,17600.0,138.7,54.9,83.8,50,4190.0,116.2,5810.0,80.43,5729.57,1,25022.870000000006,Candidate A,10D Breakout ATM Debit Spread (W200),1
2022-08-29,2022-09-01,2022,17312.9,17542.8,18.22,BEAR_PUT,17300.0,17100.0,113.95,48.15,65.8,50,3290.0,-65.8,-3290.0,53.67,-3343.67,0,21679.200000000004,Candidate A,10D Breakout ATM Debit Spread (W200),1
2022-09-08,2022-09-15,2022,17798.75,17877.4,19.37,BULL_CALL,17800.0,18000.0,157.85,72.05,85.8,50,4290.0,-8.4,-420.0,63.61,-483.61,0,21195.590000000004,Candidate A,10D Breakout ATM Debit Spread (W200),1
2022-09-16,2022-09-22,2022,17530.85,17629.8,18.39,BEAR_PUT,17550.0,17350.0,164.85,86.75,78.1,50,3905.0,-78.1,-3905.0,57.6,-3962.6,0,17232.990000000005,Candidate A,10D Breakout ATM Debit Spread (W200),1
2022-09-23,2022-09-29,2022,17327.35,16818.1,18.82,BEAR_PUT,17350.0,17150.0,187.25,105.6,81.65,50,4082.5,118.35,5917.5,118.21,5799.29,1,23032.280000000006,Candidate A,10D Breakout ATM Debit Spread (W200),1
2022-10-18,2022-10-20,2022,17486.95,17563.95,18.42,BULL_CALL,17500.0,17700.0,85.55,16.4,69.15,50,3457.5,-5.2,-260.0,56.74,-316.74,0,22715.540000000005,Candidate A,10D Breakout ATM Debit Spread (W200),1
2022-10-27,2022-11-03,2022,17736.95,18052.7,16.88,BULL_CALL,17750.0,17950.0,139.95,56.9,83.05,50,4152.5,116.95,5847.5,85.91,5761.59,1,28477.130000000005,Candidate A,10D Breakout ATM Debit Spread (W200),1
2022-11-07,2022-11-10,2022,18202.8,18028.2,15.66,BULL_CALL,18200.0,18400.0,91.05,18.9,72.15,50,3607.5,-72.15,-3607.5,51.18,-3658.68,0,24818.450000000004,Candidate A,10D Breakout ATM Debit Spread (W200),1
2022-11-11,2022-11-17,2022,18349.7,18343.9,15.57,BULL_CALL,18350.0,18550.0,121.2,37.25,83.95,50,4197.5,-83.95,-4197.5,53.23,-4250.73,0,20567.720000000005,Candidate A,10D Breakout ATM Debit Spread (W200),1
2022-11-24,2022-12-01,2022,18484.1,18812.5,14.04,BULL_CALL,18500.0,18700.0,111.45,31.85,79.6,50,3980.0,120.4,6020.0,84.69,5935.31,1,26503.030000000006,Candidate A,10D Breakout ATM Debit Spread (W200),1
2022-12-09,2022-12-15,2022,18496.6,18414.9,13.4,BEAR_PUT,18500.0,18300.0,87.6,27.4,60.2,50,3010.0,24.9,1245.0,59.42,1185.58,1,27688.610000000008,Candidate A,10D Breakout ATM Debit Spread (W200),1
2022-12-15,2022-12-22,2022,18414.9,18127.35,12.89,BEAR_PUT,18400.0,18200.0,101.7,40.75,60.95,50,3047.5,139.05,6952.5,80.08,6872.42,1,34561.030000000006,Candidate A,10D Breakout ATM Debit Spread (W200),1
2023-01-12,2023-01-19,2023,17858.2,18107.85,15.44,BEAR_PUT,17850.0,17650.0,123.95,56.75,67.2,50,3360.0,-67.2,-3360.0,54.5,-3414.5,0,31146.530000000006,Candidate A,10D Breakout ATM Debit Spread (W200),1
2023-01-27,2023-02-02,2023,17604.35,17610.4,14.66,BEAR_PUT,17600.0,17400.0,169.5,95.7,73.8,50,3690.0,-73.8,-3690.0,58.28,-3748.28,0,27398.250000000007,Candidate A,10D Breakout ATM Debit Spread (W200),1
2023-02-09,2023-02-16,2023,17893.45,18035.85,13.6,BULL_CALL,17900.0,18100.0,121.95,39.8,82.15,50,4107.5,53.7,2685.0,65.91,2619.09,1,30017.340000000007,Candidate A,10D Breakout ATM Debit Spread (W200),1
2023-03-13,2023-03-16,2023,17154.3,16985.6,13.41,BEAR_PUT,17150.0,16950.0,108.6,44.9,63.7,50,3185.0,100.7,5035.0,68.44,4966.56,1,34983.90000000001,Candidate A,10D Breakout ATM Debit Spread (W200),1
2023-03-24,2023-03-29,2023,16945.05,17080.7,14.49,BEAR_PUT,16950.0,16750.0,106.45,42.95,63.5,50,3175.0,-63.5,-3175.0,53.12,-3228.12,0,31755.78000000001,Candidate A,10D Breakout ATM Debit Spread (W200),1
2023-03-31,2023-04-06,2023,17359.75,17599.15,13.63,BULL_CALL,17350.0,17550.0,105.2,25.55,79.65,50,3982.5,120.35,6017.5,76.41,5941.09,1,37696.87000000001,Candidate A,10D Breakout ATM Debit Spread (W200),1
2023-04-27,2023-05-04,2023,17915.05,18255.8,11.65,BULL_CALL,17900.0,18100.0,105.4,24.1,81.3,50,4065.0,118.7,5935.0,89.3,5845.7,1,43542.57000000001,Candidate A,10D Breakout ATM Debit Spread (W200),1
2023-05-04,2023-05-11,2023,18255.8,18297.0,11.84,BULL_CALL,18250.0,18450.0,96.7,24.65,72.05,50,3602.5,-25.05,-1252.5,56.03,-1308.53,0,42234.04000000001,Candidate A,10D Breakout ATM Debit Spread (W200),1
2023-05-15,2023-05-18,2023,18398.85,18129.95,12.85,BULL_CALL,18400.0,18600.0,75.05,9.65,65.4,50,3270.0,-65.4,-3270.0,50.12,-3320.12,0,38913.920000000006,Candidate A,10D Breakout ATM Debit Spread (W200),1
2023-05-26,2023-06-01,2023,18499.35,18487.75,12.52,BULL_CALL,18500.0,18700.0,90.65,17.45,73.2,50,3660.0,-73.2,-3660.0,51.08,-3711.08,0,35202.840000000004,Candidate A,10D Breakout ATM Debit Spread (W200),1
2023-06-16,2023-06-22,2023,18826.0,18771.25,11.08,BULL_CALL,18850.0,19050.0,85.0,14.05,70.95,50,3547.5,-70.95,-3547.5,50.69,-3598.19,0,31604.650000000005,Candidate A,10D Breakout ATM Debit Spread (W200),1
2023-07-14,2023-07-20,2023,19564.5,19979.15,10.94,BULL_CALL,19550.0,19750.0,91.1,18.35,72.75,50,3637.5,127.25,6362.5,97.43,6265.07,1,37869.72,Candidate A,10D Breakout ATM Debit Spread (W200),1
2023-08-17,2023-08-24,2023,19365.25,19386.7,12.13,BEAR_PUT,19350.0,19150.0,86.4,28.4,58.0,50,2900.0,-58.0,-2900.0,51.61,-2951.61,0,34918.11,Candidate A,10D Breakout ATM Debit Spread (W200),1
2023-08-25,2023-08-31,2023,19265.8,19253.8,11.7,BEAR_PUT,19250.0,19050.0,89.85,28.1,61.75,50,3087.5,-61.75,-3087.5,51.7,-3139.2,0,31778.91,Candidate A,10D Breakout ATM Debit Spread (W200),1
2023-08-31,2023-09-07,2023,19253.8,19727.05,11.8,BEAR_PUT,19250.0,19050.0,63.55,23.9,39.65,50,1982.5,-39.65,-1982.5,50.63,-2033.13,0,29745.78,Candidate A,10D Breakout ATM Debit Spread (W200),1
2023-09-22,2023-09-28,2023,19674.25,19523.55,10.82,BEAR_PUT,19650.0,19450.0,66.7,20.3,46.4,50,2320.0,80.05,4002.5,62.15,3940.35,1,33686.13,Candidate A,10D Breakout ATM Debit Spread (W200),1
2023-09-28,2023-10-05,2023,19523.55,19545.75,11.59,BEAR_PUT,19500.0,19300.0,84.0,35.3,48.7,50,2435.0,-48.7,-2435.0,51.96,-2486.96,0,31199.17,Candidate A,10D Breakout ATM Debit Spread (W200),1
2023-10-17,2023-10-19,2023,19811.5,19624.7,11.07,BULL_CALL,19800.0,20000.0,73.65,9.0,64.65,50,3232.5,-64.65,-3232.5,50.03,-3282.53,0,27916.64,Candidate A,10D Breakout ATM Debit Spread (W200),1
2023-10-23,2023-10-26,2023,19281.75,18857.25,10.82,BEAR_PUT,19300.0,19100.0,101.4,29.4,72.0,50,3600.0,128.0,6400.0,100.07,6299.93,1,34216.57,Candidate A,10D Breakout ATM Debit Spread (W200),1
2023-11-13,2023-11-16,2023,19443.55,19765.2,11.11,BULL_CALL,19450.0,19650.0,64.9,7.9,57.0,50,2850.0,143.0,7150.0,82.12,7067.88,1,41284.45,Candidate A,10D Breakout ATM Debit Spread (W200),1
2023-11-21,2023-11-23,2023,19783.4,19802.0,12.15,BULL_CALL,19800.0,20000.0,65.1,9.5,55.6,50,2780.0,-53.6,-2680.0,49.98,-2729.98,0,38554.469999999994,Candidate A,10D Breakout ATM Debit Spread (W200),1
2023-11-28,2023-11-30,2023,19889.7,20133.15,11.33,BULL_CALL,19900.0,20100.0,80.35,7.5,72.85,50,3642.5,127.15,6357.5,72.6,6284.9,1,44839.369999999995,Candidate A,10D Breakout ATM Debit Spread (W200),1
2023-12-08,2023-12-14,2023,20969.4,21182.7,12.67,BULL_CALL,20950.0,21150.0,138.0,51.7,86.3,50,4315.0,113.7,5685.0,77.02,5607.98,1,50447.34999999999,Candidate A,10D Breakout ATM Debit Spread (W200),1
2023-12-14,2023-12-21,2023,21182.7,21255.05,12.07,BULL_CALL,21200.0,21400.0,162.2,67.05,95.15,50,4757.5,-40.1,-2005.0,61.38,-2066.38,0,48380.969999999994,Candidate A,10D Breakout ATM Debit Spread (W200),1
2024-01-12,2024-01-18,2024,21894.55,21462.25,12.77,BULL_CALL,21900.0,22100.0,144.25,55.5,88.75,50,4437.5,-88.75,-4437.5,55.06,-4492.56,0,43888.409999999996,Candidate A,10D Breakout ATM Debit Spread (W200),1
2024-01-18,2024-01-25,2024,21462.25,21352.6,15.08,BEAR_PUT,21450.0,21250.0,130.15,66.3,63.85,50,3192.5,33.55,1677.5,64.24,1613.26,1,45501.67,Candidate A,10D Breakout ATM Debit Spread (W200),1
2024-02-02,2024-02-08,2024,21853.8,21717.95,14.46,BULL_CALL,21850.0,22050.0,173.5,83.45,90.05,50,4502.5,-90.05,-4502.5,57.66,-4560.16,0,40941.509999999995,Candidate A,10D Breakout ATM Debit Spread (W200),1
2024-02-16,2024-02-22,2024,22040.7,22217.45,15.23,BULL_CALL,22050.0,22250.0,154.9,68.4,86.5,50,4325.0,80.95,4047.5,71.59,3975.91,1,44917.42,Candidate A,10D Breakout ATM Debit Spread (W200),1
2024-02-22,2024-02-29,2024,22217.45,21982.8,15.93,BULL_CALL,22200.0,22400.0,187.3,93.6,93.7,50,4685.0,-93.7,-4685.0,58.71,-4743.71,0,40173.71,Candidate A,10D Breakout ATM Debit Spread (W200),1
2024-03-01,2024-03-07,2024,22338.75,22493.55,15.57,BULL_CALL,22350.0,22550.0,161.65,70.35,91.3,50,4565.0,52.25,2612.5,69.71,2542.79,1,42716.5,Candidate A,10D Breakout ATM Debit Spread (W200),1
2024-03-19,2024-03-21,2024,21817.45,22011.95,13.9,BEAR_PUT,21800.0,21600.0,91.7,28.9,62.8,50,3140.0,-62.8,-3140.0,51.81,-3191.81,0,39524.69,Candidate A,10D Breakout ATM Debit Spread (W200),1
2024-03-28,2024-04-04,2024,22326.9,22514.65,12.7,BULL_CALL,22350.0,22550.0,153.7,63.55,90.15,50,4507.5,74.5,3725.0,71.0,3654.0,1,43178.69,Candidate A,10D Breakout ATM Debit Spread (W200),1
2024-04-04,2024-04-10,2024,22514.65,22753.8,11.37,BULL_CALL,22500.0,22700.0,154.5,61.9,92.6,50,4630.0,107.4,5370.0,80.72,5289.28,1,48467.97,Candidate A,10D Breakout ATM Debit Spread (W200),1
2024-04-10,2024-04-18,2024,22753.8,21995.85,11.36,BULL_CALL,22750.0,22950.0,141.45,55.05,86.4,50,4320.0,-86.4,-4320.0,54.94,-4374.94,0,44093.03,Candidate A,10D Breakout ATM Debit Spread (W200),1
2024-04-29,2024-05-02,2024,22643.4,22648.2,10.93,BULL_CALL,22650.0,22850.0,111.1,24.85,86.25,25,2156.25,-86.25,-2156.25,49.68,-2205.93,0,41887.1,Candidate A,10D Breakout ATM Debit Spread (W200),1
2024-05-02,2024-05-09,2024,22648.2,21957.5,12.87,BULL_CALL,22650.0,22850.0,182.1,80.45,101.65,25,2541.25,-101.65,-2541.25,52.47,-2593.72,0,39293.38,Candidate A,10D Breakout ATM Debit Spread (W200),1
2024-05-09,2024-05-16,2024,21957.5,22403.85,17.08,BEAR_PUT,21950.0,21750.0,141.2,76.55,64.65,25,1616.25,-64.65,-1616.25,51.72,-1667.97,0,37625.409999999996,Candidate A,10D Breakout ATM Debit Spread (W200),1
2024-05-21,2024-05-23,2024,22529.05,22967.65,19.8,BULL_CALL,22550.0,22750.0,94.55,23.65,70.9,25,1772.5,129.1,3227.5,71.83,3155.67,1,40781.079999999994,Candidate A,10D Breakout ATM Debit Spread (W200),1
2024-06-04,2024-06-06,2024,21884.5,22821.4,20.94,BEAR_PUT,21900.0,21700.0,347.95,264.0,83.95,25,2098.75,-83.95,-2098.75,60.63,-2159.38,0,38621.7,Candidate A,10D Breakout ATM Debit Spread (W200),1
2024-06-07,2024-06-13,2024,23290.15,23398.9,16.8,BULL_CALL,23300.0,23500.0,209.7,116.4,93.3,25,2332.5,5.6,140.0,58.55,81.45,1,38703.149999999994,Candidate A,10D Breakout ATM Debit Spread (W200),1
2024-06-20,2024-06-27,2024,23567.0,24044.5,13.71,BULL_CALL,23550.0,23750.0,160.3,68.05,92.25,25,2306.25,107.75,2693.75,78.87,2614.88,1,41318.02999999999,Candidate A,10D Breakout ATM Debit Spread (W200),1
2024-07-01,2024-07-04,2024,24141.95,24302.15,13.8,BULL_CALL,24150.0,24350.0,123.55,42.35,81.2,25,2030.0,70.95,1773.75,57.41,1716.34,1,43034.36999999999,Candidate A,10D Breakout ATM Debit Spread (W200),1
2024-07-09,2024-07-11,2024,24433.2,24315.95,13.6,BULL_CALL,24450.0,24650.0,82.35,14.45,67.9,25,1697.5,-67.9,-1697.5,48.92,-1746.42,0,41287.94999999999,Candidate A,10D Breakout ATM Debit Spread (W200),1
2024-07-12,2024-07-18,2024,24502.15,24800.85,14.0,BULL_CALL,24500.0,24700.0,128.65,43.75,84.9,25,2122.5,115.1,2877.5,65.87,2811.63,1,44099.57999999999,Candidate A,10D Breakout ATM Debit Spread (W200),1
2024-07-26,2024-08-01,2024,24834.85,25010.9,12.62,BULL_CALL,24850.0,25050.0,146.1,56.9,89.2,25,2230.0,71.7,1792.5,58.61,1733.89,1,45833.46999999999,Candidate A,10D Breakout ATM Debit Spread (W200),1
2024-08-05,2024-08-08,2024,24055.6,24117.0,14.32,BEAR_PUT,24050.0,23850.0,198.05,139.45,58.6,25,1465.0,-58.6,-1465.0,54.52,-1519.52,0,44313.94999999999,Candidate A,10D Breakout ATM Debit Spread (W200),1
2024-08-20,2024-08-22,2024,24698.85,24811.5,14.32,BULL_CALL,24700.0,24900.0,80.65,15.75,64.9,25,1622.5,46.6,1165.0,54.06,1110.94,1,45424.88999999999,Candidate A,10D Breakout ATM Debit Spread (W200),1
2024-09-12,2024-09-19,2024,25388.9,25415.8,13.63,BULL_CALL,25400.0,25600.0,119.0,49.3,69.7,25,1742.5,-53.9,-1347.5,51.27,-1398.77,0,44026.119999999995,Candidate A,10D Breakout ATM Debit Spread (W200),1
2024-09-20,2024-09-26,2024,25790.95,26216.05,12.47,BULL_CALL,25800.0,26000.0,115.7,40.65,75.05,25,1876.25,124.95,3123.75,72.58,3051.17,1,47077.28999999999,Candidate A,10D Breakout ATM Debit Spread (W200),1
2024-10-03,2024-10-10,2024,25250.1,24998.45,11.99,BEAR_PUT,25250.0,25050.0,140.85,83.65,57.2,25,1430.0,142.8,3570.0,65.06,3504.94,1,50582.229999999996,Candidate A,10D Breakout ATM Debit Spread (W200),1
2024-10-17,2024-10-24,2024,24749.85,24399.4,13.05,BEAR_PUT,24750.0,24550.0,137.1,74.85,62.25,25,1556.25,137.75,3443.75,70.67,3373.08,1,53955.31,Candidate A,10D Breakout ATM Debit Spread (W200),1
2024-11-04,2024-11-07,2024,23995.35,24199.35,15.9,BEAR_PUT,24000.0,23800.0,194.2,115.75,78.45,25,1961.25,-78.45,-1961.25,54.82,-2016.07,0,51939.24,Candidate A,10D Breakout ATM Debit Spread (W200),1
2024-11-12,2024-11-14,2024,23883.45,23532.7,14.27,BEAR_PUT,23900.0,23700.0,105.35,36.25,69.1,25,1727.5,130.9,3272.5,69.66,3202.84,1,55142.08,Candidate A,10D Breakout ATM Debit Spread (W200),1
2024-11-21,2024-11-28,2024,23349.9,23914.15,15.66,BEAR_PUT,23350.0,23150.0,192.85,116.85,76.0,25,1900.0,-76.0,-1900.0,54.84,-1954.84,0,53187.240000000005,Candidate A,10D Breakout ATM Debit Spread (W200),1
2024-12-02,2024-12-05,2024,24276.05,24708.4,14.43,BULL_CALL,24300.0,24500.0,157.7,66.55,91.15,25,2278.75,108.85,2721.25,74.17,2647.08,1,55834.32000000001,Candidate A,10D Breakout ATM Debit Spread (W200),1
2024-12-13,2024-12-19,2024,24768.3,23951.7,13.19,BULL_CALL,24750.0,24950.0,152.9,68.3,84.6,25,2115.0,-84.6,-2115.0,52.29,-2167.29,0,53667.030000000006,Candidate A,10D Breakout ATM Debit Spread (W200),1
2025-01-09,2025-01-16,2025,23526.5,23311.8,14.47,BEAR_PUT,23550.0,23350.0,160.2,89.25,70.95,75,5321.25,129.05,9678.75,99.9,9578.85,1,63245.880000000005,Candidate A,10D Breakout ATM Debit Spread (W200),1
2025-01-21,2025-01-23,2025,23024.65,23205.35,16.42,BEAR_PUT,23000.0,22800.0,89.7,37.05,52.65,75,3948.75,-52.65,-3948.75,55.8,-4004.55,0,59241.33,Candidate A,10D Breakout ATM Debit Spread (W200),1
2025-01-27,2025-01-30,2025,22829.15,23249.5,16.75,BEAR_PUT,22850.0,22650.0,155.05,77.95,77.1,25,1927.5,-77.1,-1927.5,52.71,-1980.21,0,57261.12,Candidate A,10D Breakout ATM Debit Spread (W200),1
2025-01-31,2025-02-06,2025,23508.4,23603.35,17.39,BULL_CALL,23500.0,23700.0,281.55,176.5,105.05,75,7878.75,-1.7,-127.5,95.65,-223.15,0,57037.97,Candidate A,10D Breakout ATM Debit Spread (W200),1
2025-02-20,2025-02-27,2025,22913.15,22545.05,15.42,BEAR_PUT,22900.0,22700.0,143.3,74.0,69.3,75,5197.5,130.7,9802.5,118.59,9683.91,1,66721.88,Candidate A,10D Breakout ATM Debit Spread (W200),1
2025-03-18,2025-03-20,2025,22834.3,23190.65,13.42,BULL_CALL,22850.0,23050.0,91.1,17.55,73.55,75,5516.25,126.45,9483.75,106.81,9376.94,1,76098.82,Candidate A,10D Breakout ATM Debit Spread (W200),1
2025-04-04,2025-04-09,2025,22904.45,22399.15,13.6,BEAR_PUT,22900.0,22700.0,128.95,54.6,74.35,75,5576.25,125.65,9423.75,142.22,9281.53,1,85380.35,Candidate A,10D Breakout ATM Debit Spread (W200),1
2025-04-17,2025-04-24,2025,23851.65,24246.7,15.87,BULL_CALL,23850.0,24050.0,190.25,101.45,88.8,75,6660.0,111.2,8340.0,131.67,8208.33,1,93588.68000000001,Candidate A,10D Breakout ATM Debit Spread (W200),1
2025-05-02,2025-05-08,2025,24346.7,24273.8,18.22,BULL_CALL,24350.0,24550.0,159.9,75.45,84.45,75,6333.75,-84.45,-6333.75,63.65,-6397.4,0,87191.28000000001,Candidate A,10D Breakout ATM Debit Spread (W200),1
2025-05-09,2025-05-15,2025,24008.0,25062.1,21.01,BEAR_PUT,24000.0,23800.0,239.05,172.75,66.3,75,4972.5,-66.3,-4972.5,78.95,-5051.45,0,82139.83000000002,Candidate A,10D Breakout ATM Debit Spread (W200),1
2025-05-15,2025-05-22,2025,25062.1,24609.7,17.23,BULL_CALL,25050.0,25250.0,194.0,105.25,88.75,75,6656.25,-88.75,-6656.25,68.8,-6725.05,0,75414.78000000001,Candidate A,10D Breakout ATM Debit Spread (W200),1
2025-06-03,2025-06-05,2025,24542.5,24750.9,17.16,BEAR_PUT,24550.0,24350.0,121.45,51.7,69.75,75,5231.25,-69.75,-5231.25,59.03,-5290.28,0,70124.50000000001,Candidate A,10D Breakout ATM Debit Spread (W200),1
2025-06-06,2025-06-12,2025,25003.05,24888.2,15.08,BULL_CALL,25000.0,25200.0,182.5,92.8,89.7,75,6727.5,-89.7,-6727.5,66.78,-6794.28,0,63330.220000000016,Candidate A,10D Breakout ATM Debit Spread (W200),1
2025-07-10,2025-07-17,2025,25355.25,25111.45,11.94,BEAR_PUT,25350.0,25150.0,122.15,55.75,66.4,75,4980.0,133.6,10020.0,94.19,9925.81,1,73256.03000000001,Candidate A,10D Breakout ATM Debit Spread (W200),1
2025-07-18,2025-07-24,2025,24968.4,25062.1,11.24,BEAR_PUT,24950.0,24750.0,96.3,41.5,54.8,75,4110.0,-54.8,-4110.0,56.64,-4166.64,0,69089.39000000001,Candidate A,10D Breakout ATM Debit Spread (W200),1
2025-07-25,2025-07-31,2025,24837.0,24768.35,10.72,BEAR_PUT,24850.0,24650.0,119.4,49.15,70.25,75,5268.75,11.4,855.0,69.9,785.1,1,69874.49000000002,Candidate A,10D Breakout ATM Debit Spread (W200),1
2025-08-01,2025-08-07,2025,24565.35,24596.15,11.54,BEAR_PUT,24550.0,24350.0,138.9,69.4,69.5,75,5212.5,-69.5,-5212.5,61.95,-5274.45,0,64600.04000000002,Candidate A,10D Breakout ATM Debit Spread (W200),1
2025-08-08,2025-08-14,2025,24363.3,24631.3,11.69,BEAR_PUT,24350.0,24150.0,106.7,48.35,58.35,75,4376.25,-58.35,-4376.25,57.94,-4434.19,0,60165.85000000002,Candidate A,10D Breakout ATM Debit Spread (W200),1
2025-08-18,2025-08-21,2025,24876.95,25083.75,12.36,BULL_CALL,24900.0,25100.0,128.75,46.3,82.45,75,6183.75,101.3,7597.5,84.1,7513.4,1,67679.25000000001,Candidate A,10D Breakout ATM Debit Spread (W200),1
2025-08-29,2025-09-02,2025,24426.85,24579.6,12.18,BEAR_PUT,24450.0,24250.0,79.85,23.65,56.2,75,4215.0,-56.2,-4215.0,53.74,-4268.74,0,63410.51000000002,Candidate A,10D Breakout ATM Debit Spread (W200),1
2025-09-10,2025-09-16,2025,24973.1,25239.1,10.69,BULL_CALL,24950.0,25150.0,146.9,54.3,92.6,75,6945.0,107.4,8055.0,104.4,7950.6,1,71361.11000000002,Candidate A,10D Breakout ATM Debit Spread (W200),1
2025-09-16,2025-09-23,2025,25239.1,25169.5,10.4,BULL_CALL,25250.0,25450.0,149.05,60.15,88.9,75,6667.5,-88.9,-6667.5,61.32,-6728.82,0,64632.290000000015,Candidate A,10D Breakout ATM Debit Spread (W200),1
2025-09-25,2025-09-30,2025,24890.85,24611.1,10.52,BEAR_PUT,24900.0,24700.0,66.95,21.35,45.6,75,3420.0,154.4,11580.0,96.7,11483.3,1,76115.59000000001,Candidate A,10D Breakout ATM Debit Spread (W200),1
2025-10-09,2025-10-14,2025,25181.8,25145.5,10.31,BULL_CALL,25200.0,25400.0,91.15,21.45,69.7,75,5227.5,-69.7,-5227.5,54.01,-5281.51,0,70834.08000000002,Candidate A,10D Breakout ATM Debit Spread (W200),1
2025-10-15,2025-10-20,2025,25323.55,25843.15,11.16,BULL_CALL,25300.0,25500.0,153.7,50.05,103.65,75,7773.75,96.35,7226.25,150.55,7075.7,1,77909.78000000001,Candidate A,10D Breakout ATM Debit Spread (W200),1
2025-10-29,2025-11-04,2025,26053.9,25597.65,11.95,BULL_CALL,26050.0,26250.0,189.9,91.15,98.75,75,7406.25,-98.75,-7406.25,66.92,-7473.17,0,70436.61000000002,Candidate A,10D Breakout ATM Debit Spread (W200),1
2025-11-04,2025-11-11,2025,25597.65,25694.95,12.67,BEAR_PUT,25600.0,25400.0,125.9,58.35,67.55,75,5066.25,-67.55,-5066.25,60.03,-5126.28,0,65310.330000000016,Candidate A,10D Breakout ATM Debit Spread (W200),1
2025-11-14,2025-11-18,2025,25910.05,25910.05,12.16,BULL_CALL,25900.0,26100.0,112.05,40.8,71.25,75,5343.75,-61.2,-4590.0,58.68,-4648.68,0,60661.650000000016,Candidate A,10D Breakout ATM Debit Spread (W200),1
2025-11-19,2025-11-25,2025,26052.65,25884.8,12.1,BULL_CALL,26050.0,26250.0,154.55,67.8,86.75,75,6506.25,-86.75,-6506.25,62.49,-6568.74,0,54092.91000000002,Candidate A,10D Breakout ATM Debit Spread (W200),1
2025-11-26,2025-12-02,2025,26205.3,26032.2,12.24,BULL_CALL,26200.0,26400.0,146.5,58.6,87.9,75,6592.5,-87.9,-6592.5,61.02,-6653.52,0,47439.390000000014,Candidate A,10D Breakout ATM Debit Spread (W200),1
2025-12-09,2025-12-16,2025,25839.65,25860.1,11.13,BEAR_PUT,25850.0,25650.0,118.55,50.65,67.9,75,5092.5,-67.9,-5092.5,58.77,-5151.27,0,42288.12000000001,Candidate A,10D Breakout ATM Debit Spread (W200),1
2026-01-02,2026-01-06,2026,26328.55,26178.7,9.19,BULL_CALL,26350.0,26550.0,54.9,7.2,47.7,65,3100.5,-47.7,-3100.5,50.16,-3150.66,0,39137.46000000001,Candidate A,10D Breakout ATM Debit Spread (W200),1
2026-01-08,2026-01-13,2026,25876.85,25732.3,9.95,BEAR_PUT,25900.0,25700.0,86.7,27.45,59.25,65,3851.25,108.45,7049.25,73.61,6975.64,1,46113.100000000006,Candidate A,10D Breakout ATM Debit Spread (W200),1
2026-01-14,2026-01-20,2026,25665.6,25232.5,11.2,BEAR_PUT,25650.0,25450.0,107.85,45.05,62.8,65,4082.0,137.2,8918.0,114.54,8803.46,1,54916.560000000005,Candidate A,10D Breakout ATM Debit Spread (W200),1
2026-02-03,2026-02-10,2026,25727.55,25935.15,13.87,BULL_CALL,25750.0,25950.0,194.45,111.05,83.4,65,5421.0,101.75,6613.75,88.69,6525.06,1,61441.62,Candidate A,10D Breakout ATM Debit Spread (W200),1
2026-02-19,2026-02-24,2026,25454.35,25424.65,12.22,BEAR_PUT,25450.0,25250.0,138.55,73.2,65.35,65,4247.75,-40.0,-2600.0,63.4,-2663.4,0,58778.22,Candidate A,10D Breakout ATM Debit Spread (W200),1
2026-02-24,2026-03-02,2026,25424.65,24865.7,14.17,BEAR_PUT,25400.0,25200.0,149.6,84.55,65.05,65,4228.25,134.95,8771.75,138.77,8632.98,1,67411.2,Candidate A,10D Breakout ATM Debit Spread (W200),1
2026-03-06,2026-03-10,2026,24450.45,24261.6,17.86,BEAR_PUT,24450.0,24250.0,228.45,153.05,75.4,65,4901.0,113.0,7345.0,94.8,7250.2,1,74661.4,Candidate A,10D Breakout ATM Debit Spread (W200),1
2026-03-11,2026-03-17,2026,23866.85,23581.15,18.91,BEAR_PUT,23850.0,23650.0,275.65,200.35,75.3,65,4894.5,124.7,8105.5,113.87,7991.63,1,82653.03,Candidate A,10D Breakout ATM Debit Spread (W200),1
2026-03-19,2026-03-24,2026,23002.15,22912.4,18.72,BEAR_PUT,23000.0,22800.0,254.2,179.6,74.6,65,4849.0,13.0,845.0,86.52,758.48,1,83411.51,Candidate A,10D Breakout ATM Debit Spread (W200),1
2026-04-15,2026-04-21,2026,24231.3,24576.6,20.5,BULL_CALL,24250.0,24450.0,210.25,118.25,92.0,65,5980.0,108.0,7020.0,111.87,6908.13,1,90319.64,Candidate A,10D Breakout ATM Debit Spread (W200),1
2026-05-29,2026-06-02,2026,23547.75,23483.55,14.98,BEAR_PUT,23550.0,23350.0,76.3,30.55,45.75,65,2973.75,20.7,1345.5,61.39,1284.11,1,91603.75,Candidate A,10D Breakout ATM Debit Spread (W200),1
2026-06-05,2026-06-09,2026,23366.7,23242.1,15.89,BEAR_PUT,23350.0,23150.0,107.1,42.6,64.5,65,4192.5,43.4,2821.0,68.84,2752.16,1,94355.91,Candidate A,10D Breakout ATM Debit Spread (W200),1
2026-06-12,2026-06-16,2026,23622.9,23989.15,15.61,BULL_CALL,23600.0,23800.0,166.6,76.75,89.85,65,5840.25,110.15,7159.75,115.71,7044.04,1,101399.95,Candidate A,10D Breakout ATM Debit Spread (W200),1
2026-07-02,2026-07-07,2026,24175.7,24398.7,13.24,BULL_CALL,24200.0,24400.0,108.25,32.3,75.95,65,4936.75,122.75,7978.75,78.69,7900.06,1,109300.01,Candidate A,10D Breakout ATM Debit Spread (W200),1
2026-07-23,2026-07-28,2026,23869.6,23985.35,13.29,BEAR_PUT,23850.0,23650.0,116.05,48.85,67.2,65,4368.0,-67.2,-4368.0,56.94,-4424.94,0,104875.06999999999,Candidate A,10D Breakout ATM Debit Spread (W200),1
2026-07-31,2026-08-04,2026,24383.6,24614.9,12.16,BULL_CALL,24400.0,24600.0,77.85,14.8,63.05,65,4098.25,136.95,8901.75,78.17,8823.58,1,113698.65,Candidate A,10D Breakout ATM Debit Spread (W200),1
2026-08-14,2026-08-18,2026,24366.0,24154.9,11.42,BEAR_PUT,24350.0,24150.0,51.65,12.3,39.35,65,2557.75,155.75,10123.75,73.91,10049.84,1,123748.48999999999,Candidate A,10D Breakout ATM Debit Spread (W200),1
2026-09-01,2026-09-08,2026,24055.8,23635.1,11.19,BEAR_PUT,24050.0,23850.0,154.4,70.45,83.95,65,5456.75,116.05,7543.25,118.63,7424.62,1,131173.11,Candidate A,10D Breakout ATM Debit Spread (W200),1
2019-03-28,2019-04-04,2019,11570.0,11598.0,17.05,BULL_CALL,11600.0,11850.0,93.3,14.45,78.85,75,5913.75,-78.85,-5913.75,52.86,-5966.61,0,-5966.61,Candidate B,"10D Breakout Convex OTM Debit Spread (W250, Off50)",0
2019-05-24,2019-05-30,2019,11844.1,11945.9,19.41,BULL_CALL,11900.0,12150.0,71.85,13.05,58.8,75,4410.0,-12.9,-967.5,58.08,-1025.58,0,-6992.19,Candidate B,"10D Breakout Convex OTM Debit Spread (W250, Off50)",0
2019-05-30,2019-06-06,2019,11945.9,11843.75,16.41,BULL_CALL,12000.0,12250.0,63.1,8.75,54.35,75,4076.25,-54.35,-4076.25,50.94,-4127.19,0,-11119.38,Candidate B,"10D Breakout Convex OTM Debit Spread (W250, Off50)",0
2019-06-14,2019-06-20,2019,11823.3,11831.75,13.66,BEAR_PUT,11750.0,11500.0,35.25,5.5,29.75,75,2231.25,-29.75,-2231.25,49.34,-2280.59,0,-13399.97,Candidate B,"10D Breakout Convex OTM Debit Spread (W250, Off50)",0
2019-07-01,2019-07-04,2019,11865.6,11946.75,14.95,BULL_CALL,11900.0,12150.0,47.8,1.5,46.3,75,3472.5,0.45,33.75,56.02,-22.27,0,-13422.24,Candidate B,"10D Breakout Convex OTM Debit Spread (W250, Off50)",0
2019-07-08,2019-07-11,2019,11558.6,11582.9,13.07,BEAR_PUT,11500.0,11250.0,36.7,5.2,31.5,75,2362.5,-31.5,-2362.5,49.38,-2411.88,0,-15834.119999999999,Candidate B,"10D Breakout Convex OTM Debit Spread (W250, Off50)",0
2019-07-19,2019-07-25,2019,11419.25,11252.15,11.75,BEAR_PUT,11350.0,11100.0,40.15,7.7,32.45,75,2433.75,65.4,4905.0,63.28,4841.72,1,-10992.399999999998,Candidate B,"10D Breakout Convex OTM Debit Spread (W250, Off50)",0
2019-07-29,2019-08-01,2019,11189.2,10980.0,12.13,BEAR_PUT,11150.0,10900.0,35.0,3.4,31.6,75,2370.0,138.4,10380.0,72.62,10307.38,1,-685.0199999999986,Candidate B,"10D Breakout Convex OTM Debit Spread (W250, Off50)",0
2019-08-01,2019-08-08,2019,10980.0,11032.45,13.59,BEAR_PUT,10950.0,10700.0,59.5,16.75,42.75,75,3206.25,-42.75,-3206.25,51.5,-3257.75,0,-3942.7699999999986,Candidate B,"10D Breakout Convex OTM Debit Spread (W250, Off50)",0
2019-08-22,2019-08-29,2019,10741.35,10948.3,17.02,BEAR_PUT,10700.0,10450.0,84.65,20.55,64.1,75,4807.5,-64.1,-4807.5,53.02,-4860.52,0,-8803.289999999999,Candidate B,"10D Breakout Convex OTM Debit Spread (W250, Off50)",0
2019-09-13,2019-09-19,2019,11075.9,10704.8,14.9,BULL_CALL,11150.0,11400.0,40.1,1.2,38.9,75,2917.5,-38.9,-2917.5,49.18,-2966.68,0,-11769.97,Candidate B,"10D Breakout Convex OTM Debit Spread (W250, Off50)",0
2019-09-19,2019-09-26,2019,10704.8,11571.2,15.35,BEAR_PUT,10650.0,10400.0,63.4,12.35,51.05,75,3828.75,-51.05,-3828.75,51.28,-3880.03,0,-15650.0,Candidate B,"10D Breakout Convex OTM Debit Spread (W250, Off50)",0
2019-10-07,2019-10-10,2019,11126.4,11234.55,17.58,BEAR_PUT,11100.0,10850.0,47.05,6.0,41.05,75,3078.75,-41.05,-3078.75,49.94,-3128.69,0,-18778.69,Candidate B,"10D Breakout Convex OTM Debit Spread (W250, Off50)",0
2019-10-17,2019-10-24,2019,11586.35,11582.6,16.36,BULL_CALL,11650.0,11900.0,57.1,7.65,49.45,75,3708.75,-49.45,-3708.75,50.56,-3759.31,0,-22538.0,Candidate B,"10D Breakout Convex OTM Debit Spread (W250, Off50)",0
2019-10-29,2019-10-31,2019,11786.85,11877.45,15.32,BULL_CALL,11850.0,12100.0,30.3,2.1,28.2,75,2115.0,-0.75,-56.25,52.59,-108.84,0,-22646.84,Candidate B,"10D Breakout Convex OTM Debit Spread (W250, Off50)",0
2019-11-25,2019-11-28,2019,12073.75,12151.15,14.87,BULL_CALL,12100.0,12350.0,56.4,3.15,53.25,75,3993.75,-2.1,-157.5,57.18,-214.68,0,-22861.52,Candidate B,"10D Breakout Convex OTM Debit Spread (W250, Off50)",0
2019-12-10,2019-12-12,2019,11856.8,11971.8,14.6,BEAR_PUT,11800.0,11550.0,18.35,1.55,16.8,75,1260.0,-16.8,-1260.0,48.2,-1308.2,0,-24169.72,Candidate B,"10D Breakout Convex OTM Debit Spread (W250, Off50)",0
2019-12-13,2019-12-19,2019,12086.7,12259.7,13.35,BULL_CALL,12150.0,12400.0,56.7,7.15,49.55,75,3716.25,60.15,4511.25,65.64,4445.61,1,-19724.11,Candidate B,"10D Breakout Convex OTM Debit Spread (W250, Off50)",0
2020-01-02,2020-01-09,2020,12282.2,12215.9,11.6,BULL_CALL,12350.0,12600.0,37.5,1.95,35.55,75,2666.25,-35.55,-2666.25,49.12,-2715.37,0,-22439.48,Candidate B,"10D Breakout Convex OTM Debit Spread (W250, Off50)",0
2020-01-13,2020-01-16,2020,12329.55,12355.5,14.08,BULL_CALL,12400.0,12650.0,27.65,1.15,26.5,75,1987.5,-26.5,-1987.5,48.59,-2036.09,0,-24475.57,Candidate B,"10D Breakout Convex OTM Debit Spread (W250, Off50)",0
2020-01-28,2020-01-30,2020,12055.8,12035.8,17.18,BEAR_PUT,12000.0,11750.0,28.5,3.1,25.4,75,1905.0,-25.4,-1905.0,48.81,-1953.81,0,-26429.38,Candidate B,"10D Breakout Convex OTM Debit Spread (W250, Off50)",0
2020-01-30,2020-02-06,2020,12035.8,12137.95,16.5,BEAR_PUT,12000.0,11750.0,132.2,46.1,86.1,75,6457.5,-86.1,-6457.5,57.56,-6515.06,0,-32944.44,Candidate B,"10D Breakout Convex OTM Debit Spread (W250, Off50)",0
2020-02-24,2020-02-27,2020,11829.4,11633.3,13.7,BEAR_PUT,11800.0,11550.0,76.25,19.2,57.05,75,4278.75,109.65,8223.75,75.52,8148.23,1,-24796.210000000003,Candidate B,"10D Breakout Convex OTM Debit Spread (W250, Off50)",0
2020-03-06,2020-03-12,2020,10989.45,9590.15,23.25,BEAR_PUT,10950.0,10700.0,148.75,69.85,78.9,75,5917.5,171.1,12832.5,297.49,12535.01,1,-12261.200000000003,Candidate B,"10D Breakout Convex OTM Debit Spread (W250, Off50)",0
2020-08-11,2020-08-13,2020,11322.5,11300.45,22.51,BULL_CALL,11350.0,11600.0,56.3,3.55,52.75,75,3956.25,-52.75,-3956.25,50.15,-4006.4,0,-16267.600000000002,Candidate B,"10D Breakout Convex OTM Debit Spread (W250, Off50)",0
2020-08-18,2020-08-20,2020,11385.35,11312.2,21.31,BULL_CALL,11450.0,11700.0,34.85,1.85,33.0,75,2475.0,-33.0,-2475.0,48.99,-2523.99,0,-18791.590000000004,Candidate B,"10D Breakout Convex OTM Debit Spread (W250, Off50)",0
2020-08-24,2020-08-27,2020,11466.45,11559.25,19.94,BULL_CALL,11500.0,11750.0,58.25,3.05,55.2,75,4140.0,4.05,303.75,58.37,245.38,1,-18546.210000000003,Candidate B,"10D Breakout Convex OTM Debit Spread (W250, Off50)",0
2020-09-04,2020-09-10,2020,11333.85,11449.25,20.5,BEAR_PUT,11300.0,11050.0,98.9,35.7,63.2,75,4740.0,-63.2,-4740.0,55.06,-4795.06,0,-23341.270000000004,Candidate B,"10D Breakout Convex OTM Debit Spread (W250, Off50)",0
2020-09-21,2020-09-24,2020,11250.55,10805.55,20.05,BEAR_PUT,11200.0,10950.0,75.8,22.2,53.6,75,4020.0,196.4,14730.0,113.63,14616.37,1,-8724.900000000003,Candidate B,"10D Breakout Convex OTM Debit Spread (W250, Off50)",0
2020-10-06,2020-10-08,2020,11662.4,11834.6,19.71,BULL_CALL,11700.0,11950.0,41.25,1.8,39.45,75,2958.75,95.15,7136.25,67.87,7068.38,1,-1656.5200000000032,Candidate B,"10D Breakout Convex OTM Debit Spread (W250, Off50)",0
2020-10-29,2020-11-05,2020,11670.8,12120.3,23.28,BEAR_PUT,11600.0,11350.0,142.9,64.95,77.95,75,5846.25,-77.95,-5846.25,59.78,-5906.03,0,-7562.550000000003,Candidate B,"10D Breakout Convex OTM Debit Spread (W250, Off50)",0
2020-11-05,2020-11-12,2020,12120.3,12690.8,23.2,BULL_CALL,12150.0,12400.0,118.65,29.7,88.95,75,6671.25,161.05,12078.75,143.01,11935.74,1,4373.189999999997,Candidate B,"10D Breakout Convex OTM Debit Spread (W250, Off50)",0
2020-11-17,2020-11-19,2020,12874.2,12771.7,19.7,BULL_CALL,12900.0,13150.0,52.55,3.3,49.25,75,3693.75,-49.25,-3693.75,49.95,-3743.7,0,629.489999999997,Candidate B,"10D Breakout Convex OTM Debit Spread (W250, Off50)",0
2020-11-24,2020-11-26,2020,13055.15,12987.0,20.8,BULL_CALL,13100.0,13350.0,55.95,3.75,52.2,75,3915.0,-52.2,-3915.0,50.15,-3965.15,0,-3335.660000000003,Candidate B,"10D Breakout Convex OTM Debit Spread (W250, Off50)",0
2020-12-01,2020-12-03,2020,13109.05,13133.9,19.82,BULL_CALL,13150.0,13400.0,69.75,5.9,63.85,75,4788.75,-63.85,-4788.75,50.99,-4839.74,0,-8175.400000000003,Candidate B,"10D Breakout Convex OTM Debit Spread (W250, Off50)",0
2020-12-14,2020-12-17,2020,13558.15,13740.7,18.79,BULL_CALL,13600.0,13850.0,71.05,9.3,61.75,75,4631.25,78.95,5921.25,70.79,5850.46,1,-2324.9400000000032,Candidate B,"10D Breakout Convex OTM Debit Spread (W250, Off50)",0
2020-12-21,2020-12-24,2020,13328.4,13749.25,18.62,BEAR_PUT,13300.0,13050.0,123.55,54.4,69.15,75,5186.25,-69.15,-5186.25,57.92,-5244.17,0,-7569.110000000003,Candidate B,"10D Breakout Convex OTM Debit Spread (W250, Off50)",0
2020-12-28,2020-12-31,2020,13873.2,13981.75,19.97,BULL_CALL,13900.0,14150.0,83.75,9.5,74.25,75,5568.75,7.5,562.5,63.26,499.24,1,-7069.8700000000035,Candidate B,"10D Breakout Convex OTM Debit Spread (W250, Off50)",0
2021-01-01,2021-01-07,2021,14018.5,14137.35,21.1,BULL_CALL,14050.0,14300.0,96.3,15.65,80.65,75,6048.75,6.7,502.5,65.18,437.32,1,-6632.550000000004,Candidate B,"10D Breakout Convex OTM Debit Spread (W250, Off50)",0
2021-01-08,2021-01-14,2021,14347.25,14595.6,20.62,BULL_CALL,14400.0,14650.0,79.5,10.45,69.05,75,5178.75,126.55,9491.25,78.87,9412.38,1,2779.8299999999954,Candidate B,"10D Breakout Convex OTM Debit Spread (W250, Off50)",0
2021-01-25,2021-01-28,2021,14238.9,13817.55,22.42,BEAR_PUT,14200.0,13950.0,77.3,21.05,56.25,75,4218.75,193.75,14531.25,111.41,14419.84,1,17199.669999999995,Candidate B,"10D Breakout Convex OTM Debit Spread (W250, Off50)",0
2021-02-02,2021-02-04,2021,14647.85,14895.65,23.32,BULL_CALL,14700.0,14950.0,80.2,17.85,62.35,75,4676.25,133.3,9997.5,79.58,9917.92,1,27117.589999999997,Candidate B,"10D Breakout Convex OTM Debit Spread (W250, Off50)",0
2021-02-11,2021-02-18,2021,15173.3,15118.95,23.95,BULL_CALL,15200.0,15450.0,132.85,39.85,93.0,75,6975.0,-93.0,-6975.0,57.02,-7032.02,0,20085.569999999996,Candidate B,"10D Breakout Convex OTM Debit Spread (W250, Off50)",0
2021-02-22,2021-02-25,2021,14675.7,15097.35,22.25,BEAR_PUT,14650.0,14400.0,109.3,41.75,67.55,75,5066.25,-67.55,-5066.25,56.1,-5122.35,0,14963.219999999996,Candidate B,"10D Breakout Convex OTM Debit Spread (W250, Off50)",0
2021-02-26,2021-03-04,2021,14529.15,15080.75,22.89,BEAR_PUT,14500.0,14250.0,184.85,95.15,89.7,75,6727.5,-89.7,-6727.5,64.49,-6791.99,0,8171.229999999996,Candidate B,"10D Breakout Convex OTM Debit Spread (W250, Off50)",0
2021-04-08,2021-04-15,2021,14873.8,14581.45,20.25,BULL_CALL,14900.0,15150.0,145.85,46.45,99.4,75,7455.0,-99.4,-7455.0,58.23,-7513.23,0,657.9999999999964,Candidate B,"10D Breakout Convex OTM Debit Spread (W250, Off50)",0
2021-05-10,2021-05-12,2021,14942.35,14696.5,20.82,BULL_CALL,15000.0,15250.0,63.25,4.7,58.55,75,4391.25,-58.55,-4391.25,50.58,-4441.83,0,-3783.8300000000036,Candidate B,"10D Breakout Convex OTM Debit Spread (W250, Off50)",0
2021-05-18,2021-05-20,2021,15108.1,14906.05,19.61,BULL_CALL,15150.0,15400.0,65.75,7.0,58.75,75,4406.25,-58.75,-4406.25,50.9,-4457.15,0,-8240.980000000003,Candidate B,"10D Breakout Convex OTM Debit Spread (W250, Off50)",0
2021-05-21,2021-05-27,2021,15175.3,15337.85,19.65,BULL_CALL,15250.0,15500.0,93.2,21.25,71.95,75,5396.25,15.9,1192.5,65.61,1126.89,1,-7114.090000000003,Candidate B,"10D Breakout Convex OTM Debit Spread (W250, Off50)",0
2021-06-03,2021-06-10,2021,15690.35,15737.75,17.21,BULL_CALL,15750.0,16000.0,81.65,17.35,64.3,75,4822.5,-64.3,-4822.5,52.59,-4875.09,0,-11989.180000000004,Candidate B,"10D Breakout Convex OTM Debit Spread (W250, Off50)",0
2021-06-11,2021-06-17,2021,15799.35,15691.4,15.0,BULL_CALL,15850.0,16100.0,65.65,7.1,58.55,75,4391.25,-58.55,-4391.25,50.91,-4442.16,0,-16431.340000000004,Candidate B,"10D Breakout Convex OTM Debit Spread (W250, Off50)",0
2021-07-01,2021-07-08,2021,15680.0,15727.9,13.05,BEAR_PUT,15650.0,15400.0,73.6,15.45,58.15,50,2907.5,-58.15,-2907.5,50.43,-2957.93,0,-19389.270000000004,Candidate B,"10D Breakout Convex OTM Debit Spread (W250, Off50)",0
2021-07-15,2021-07-22,2021,15924.2,15824.05,12.59,BULL_CALL,15950.0,16200.0,77.85,9.25,68.6,50,3430.0,-68.6,-3430.0,50.18,-3480.18,0,-22869.450000000004,Candidate B,"10D Breakout Convex OTM Debit Spread (W250, Off50)",0
2021-08-03,2021-08-05,2021,16130.75,16294.6,12.81,BULL_CALL,16200.0,16450.0,31.5,3.15,28.35,50,1417.5,66.25,3312.5,57.08,3255.42,1,-19614.030000000006,Candidate B,"10D Breakout Convex OTM Debit Spread (W250, Off50)",0
2021-08-12,2021-08-18,2021,16364.4,16568.85,12.71,BULL_CALL,16400.0,16650.0,62.5,6.95,55.55,50,2777.5,113.3,5665.0,65.11,5599.89,1,-14014.140000000007,Candidate B,"10D Breakout Convex OTM Debit Spread (W250, Off50)",0
2021-08-24,2021-08-26,2021,16624.6,16636.9,13.69,BULL_CALL,16650.0,16900.0,41.95,2.1,39.85,50,1992.5,-39.85,-1992.5,48.63,-2041.13,0,-16055.270000000008,Candidate B,"10D Breakout Convex OTM Debit Spread (W250, Off50)",0
2021-09-02,2021-09-09,2021,17234.15,17369.25,14.19,BULL_CALL,17300.0,17550.0,81.6,21.45,60.15,50,3007.5,9.1,455.0,57.41,397.59,1,-15657.680000000008,Candidate B,"10D Breakout Convex OTM Debit Spread (W250, Off50)",0
2021-09-14,2021-09-16,2021,17380.0,17629.5,14.03,BULL_CALL,17450.0,17700.0,30.45,1.95,28.5,50,1425.0,151.0,7550.0,64.79,7485.21,1,-8172.4700000000075,Candidate B,"10D Breakout Convex OTM Debit Spread (W250, Off50)",0
2021-09-23,2021-09-30,2021,17822.95,17618.15,16.49,BULL_CALL,17850.0,18100.0,127.35,41.5,85.85,50,4292.5,-85.85,-4292.5,53.68,-4346.18,0,-12518.650000000009,Candidate B,"10D Breakout Convex OTM Debit Spread (W250, Off50)",1
2021-10-08,2021-10-14,2021,17895.2,18338.55,16.16,BULL_CALL,17950.0,18200.0,84.4,15.85,68.55,50,3427.5,181.45,9072.5,90.65,8981.85,1,-3536.8000000000084,Candidate B,"10D Breakout Convex OTM Debit Spread (W250, Off50)",1
2021-10-28,2021-11-03,2021,17857.25,17829.2,16.83,BEAR_PUT,17800.0,17550.0,116.85,50.3,66.55,50,3327.5,-66.55,-3327.5,53.89,-3381.39,0,-6918.190000000008,Candidate B,"10D Breakout Convex OTM Debit Spread (W250, Off50)",1
2021-11-12,2021-11-18,2021,18102.75,17764.8,16.35,BULL_CALL,18150.0,18400.0,95.95,17.95,78.0,50,3900.0,-78.0,-3900.0,51.27,-3951.27,0,-10869.460000000008,Candidate B,"10D Breakout Convex OTM Debit Spread (W250, Off50)",1
2021-11-18,2021-11-25,2021,17764.8,17536.25,14.98,BEAR_PUT,17700.0,17450.0,81.25,24.75,56.5,50,2825.0,107.25,5362.5,66.3,5296.2,1,-5573.260000000008,Candidate B,"10D Breakout Convex OTM Debit Spread (W250, Off50)",1
2021-11-26,2021-12-02,2021,17026.45,17401.65,16.66,BEAR_PUT,17000.0,16750.0,150.6,75.15,75.45,50,3772.5,-75.45,-3772.5,56.45,-3828.95,0,-9402.210000000008,Candidate B,"10D Breakout Convex OTM Debit Spread (W250, Off50)",1
2021-12-06,2021-12-09,2021,16912.25,17516.85,18.46,BEAR_PUT,16850.0,16600.0,96.1,34.5,61.6,50,3080.0,-61.6,-3080.0,52.28,-3132.28,0,-12534.490000000009,Candidate B,"10D Breakout Convex OTM Debit Spread (W250, Off50)",1
2021-12-20,2021-12-23,2021,16614.2,17072.6,16.34,BEAR_PUT,16550.0,16300.0,107.5,49.8,57.7,50,2885.0,-57.7,-2885.0,53.57,-2938.57,0,-15473.060000000009,Candidate B,"10D Breakout Convex OTM Debit Spread (W250, Off50)",1
2021-12-31,2022-01-06,2021,17354.05,17745.9,16.57,BULL_CALL,17400.0,17650.0,102.6,21.5,81.1,50,4055.0,168.9,8445.0,86.37,8358.63,1,-7114.430000000009,Candidate B,"10D Breakout Convex OTM Debit Spread (W250, Off50)",1
2022-01-10,2022-01-13,2022,18003.3,18257.8,17.6,BULL_CALL,18050.0,18300.0,92.5,19.45,73.05,50,3652.5,134.75,6737.5,70.39,6667.11,1,-447.3200000000097,Candidate B,"10D Breakout Convex OTM Debit Spread (W250, Off50)",1
2022-01-17,2022-01-20,2022,18308.1,17757.0,16.56,BULL_CALL,18350.0,18600.0,87.6,15.1,72.5,50,3625.0,-72.5,-3625.0,50.84,-3675.84,0,-4123.16000000001,Candidate B,"10D Breakout Convex OTM Debit Spread (W250, Off50)",1
2022-01-21,2022-01-27,2022,17617.15,17110.15,17.79,BEAR_PUT,17550.0,17300.0,119.8,50.25,69.55,50,3477.5,180.45,9022.5,100.08,8922.42,1,4799.25999999999,Candidate B,"10D Breakout Convex OTM Debit Spread (W250, Off50)",1
2022-01-27,2022-02-03,2022,17110.15,17560.2,21.36,BEAR_PUT,17050.0,16800.0,225.25,130.9,94.35,50,4717.5,-94.35,-4717.5,62.16,-4779.66,0,19.59999999999036,Candidate B,"10D Breakout Convex OTM Debit Spread (W250, Off50)",1
2022-02-14,2022-02-17,2022,16842.8,17304.6,18.68,BEAR_PUT,16800.0,16550.0,156.65,82.3,74.35,50,3717.5,-74.35,-3717.5,57.07,-3774.57,0,-3754.97000000001,Candidate B,"10D Breakout Convex OTM Debit Spread (W250, Off50)",1
2022-03-29,2022-03-31,2022,17325.3,17464.75,22.61,BULL_CALL,17400.0,17650.0,73.2,11.2,62.0,50,3100.0,2.75,137.5,56.12,81.38,1,-3673.5900000000097,Candidate B,"10D Breakout Convex OTM Debit Spread (W250, Off50)",1
2022-04-01,2022-04-07,2022,17670.45,17639.55,20.56,BULL_CALL,17700.0,17950.0,122.9,32.15,90.75,50,4537.5,-90.75,-4537.5,52.97,-4590.47,0,-8264.06000000001,Candidate B,"10D Breakout Convex OTM Debit Spread (W250, Off50)",1
2022-04-18,2022-04-21,2022,17173.65,17392.6,17.79,BEAR_PUT,17100.0,16850.0,87.2,28.25,58.95,50,2947.5,-58.95,-2947.5,51.63,-2999.13,0,-11263.19000000001,Candidate B,"10D Breakout Convex OTM Debit Spread (W250, Off50)",1
2022-04-25,2022-04-28,2022,16953.95,17245.05,18.35,BEAR_PUT,16900.0,16650.0,117.15,46.0,71.15,50,3557.5,-71.15,-3557.5,53.64,-3611.14,0,-14874.330000000009,Candidate B,"10D Breakout Convex OTM Debit Spread (W250, Off50)",1
2022-05-06,2022-05-12,2022,16411.25,15808.0,20.29,BEAR_PUT,16350.0,16100.0,153.45,77.5,75.95,50,3797.5,174.05,8702.5,115.21,8587.29,1,-6287.040000000008,Candidate B,"10D Breakout Convex OTM Debit Spread (W250, Off50)",1
2022-05-27,2022-06-02,2022,16352.45,16628.0,22.72,BULL_CALL,16400.0,16650.0,127.8,42.2,85.6,50,4280.0,142.4,7120.0,74.72,7045.28,1,758.2399999999916,Candidate B,"10D Breakout Convex OTM Debit Spread (W250, Off50)",1
2022-06-10,2022-06-16,2022,16201.8,15360.6,19.14,BEAR_PUT,16150.0,15900.0,123.6,49.0,74.6,50,3730.0,175.4,8770.0,142.63,8627.37,1,9385.609999999993,Candidate B,"10D Breakout Convex OTM Debit Spread (W250, Off50)",1
2022-06-27,2022-06-30,2022,15832.05,15780.25,20.55,BULL_CALL,15900.0,16150.0,94.4,23.4,71.0,50,3550.0,-71.0,-3550.0,51.55,-3601.55,0,5784.059999999993,Candidate B,"10D Breakout Convex OTM Debit Spread (W250, Off50)",1
2022-07-18,2022-07-21,2022,16278.5,16605.25,17.6,BULL_CALL,16350.0,16600.0,64.6,7.4,57.2,50,2860.0,192.8,9640.0,73.31,9566.69,1,15350.749999999993,Candidate B,"10D Breakout Convex OTM Debit Spread (W250, Off50)",1
2022-07-28,2022-08-04,2022,16929.6,17382.0,18.13,BULL_CALL,17000.0,17250.0,109.7,33.1,76.6,50,3830.0,173.4,8670.0,91.69,8578.31,1,23929.05999999999,Candidate B,"10D Breakout Convex OTM Debit Spread (W250, Off50)",1
2022-08-05,2022-08-11,2022,17397.5,17659.0,19.26,BULL_CALL,17450.0,17700.0,114.05,31.1,82.95,50,4147.5,126.05,6302.5,71.87,6230.63,1,30159.68999999999,Candidate B,"10D Breakout Convex OTM Debit Spread (W250, Off50)",1
2022-08-29,2022-09-01,2022,17312.9,17542.8,18.22,BEAR_PUT,17250.0,17000.0,93.5,30.3,63.2,50,3160.0,-63.2,-3160.0,51.95,-3211.95,0,26947.73999999999,Candidate B,"10D Breakout Convex OTM Debit Spread (W250, Off50)",1
2022-09-08,2022-09-15,2022,17798.75,17877.4,19.37,BULL_CALL,17850.0,18100.0,133.3,43.8,89.5,50,4475.0,-62.1,-3105.0,56.53,-3161.53,0,23786.209999999992,Candidate B,"10D Breakout Convex OTM Debit Spread (W250, Off50)",1
2022-09-16,2022-09-22,2022,17530.85,17629.8,18.39,BEAR_PUT,17500.0,17250.0,142.45,60.9,81.55,50,4077.5,-81.55,-4077.5,55.33,-4132.83,0,19653.37999999999,Candidate B,"10D Breakout Convex OTM Debit Spread (W250, Off50)",1
2022-09-23,2022-09-29,2022,17327.35,16818.1,18.82,BEAR_PUT,17300.0,17050.0,164.0,76.35,87.65,50,4382.5,162.35,8117.5,108.15,8009.35,1,27662.72999999999,Candidate B,"10D Breakout Convex OTM Debit Spread (W250, Off50)",1
2022-10-18,2022-10-20,2022,17486.95,17563.95,18.42,BULL_CALL,17550.0,17800.0,61.1,5.75,55.35,50,2767.5,-41.4,-2070.0,50.73,-2120.73,0,25541.99999999999,Candidate B,"10D Breakout Convex OTM Debit Spread (W250, Off50)",1
2022-10-27,2022-11-03,2022,17736.95,18052.7,16.88,BULL_CALL,17800.0,18050.0,114.9,32.15,82.75,50,4137.5,167.25,8362.5,76.07,8286.43,1,33828.42999999999,Candidate B,"10D Breakout Convex OTM Debit Spread (W250, Off50)",1
2022-11-07,2022-11-10,2022,18202.8,18028.2,15.66,BULL_CALL,18250.0,18500.0,66.35,7.3,59.05,50,2952.5,-59.05,-2952.5,49.7,-3002.2,0,30826.229999999992,Candidate B,"10D Breakout Convex OTM Debit Spread (W250, Off50)",1
2022-11-11,2022-11-17,2022,18349.7,18343.9,15.57,BULL_CALL,18400.0,18650.0,94.45,16.95,77.5,50,3875.0,-77.5,-3875.0,51.16,-3926.16,0,26900.069999999992,Candidate B,"10D Breakout Convex OTM Debit Spread (W250, Off50)",1
2022-11-24,2022-12-01,2022,18484.1,18812.5,14.04,BULL_CALL,18550.0,18800.0,85.25,15.05,70.2,50,3510.0,179.8,8990.0,75.3,8914.7,1,35814.76999999999,Candidate B,"10D Breakout Convex OTM Debit Spread (W250, Off50)",1
2022-12-09,2022-12-15,2022,18496.6,18414.9,13.4,BEAR_PUT,18450.0,18200.0,67.25,14.8,52.45,50,2622.5,-17.35,-867.5,53.42,-920.92,0,34893.84999999999,Candidate B,"10D Breakout Convex OTM Debit Spread (W250, Off50)",1
2022-12-15,2022-12-22,2022,18414.9,18127.35,12.89,BEAR_PUT,18350.0,18100.0,82.25,25.05,57.2,50,2860.0,165.45,8272.5,71.77,8200.73,1,43094.57999999999,Candidate B,"10D Breakout Convex OTM Debit Spread (W250, Off50)",1
2023-01-12,2023-01-19,2023,17858.2,18107.85,15.44,BEAR_PUT,17800.0,17550.0,103.35,36.75,66.6,50,3330.0,-66.6,-3330.0,52.64,-3382.64,0,39711.93999999999,Candidate B,"10D Breakout Convex OTM Debit Spread (W250, Off50)",1
2023-01-27,2023-02-02,2023,17604.35,17610.4,14.66,BEAR_PUT,17550.0,17300.0,149.75,72.35,77.4,50,3870.0,-77.4,-3870.0,56.25,-3926.25,0,35785.68999999999,Candidate B,"10D Breakout Convex OTM Debit Spread (W250, Off50)",1
2023-02-09,2023-02-16,2023,17893.45,18035.85,13.6,BULL_CALL,17950.0,18200.0,96.4,19.45,76.95,50,3847.5,8.9,445.0,59.28,385.72,1,36171.40999999999,Candidate B,"10D Breakout Convex OTM Debit Spread (W250, Off50)",1
2023-03-13,2023-03-16,2023,17154.3,16985.6,13.41,BEAR_PUT,17100.0,16850.0,88.95,27.7,61.25,50,3062.5,53.15,2657.5,62.18,2595.32,1,38766.72999999999,Candidate B,"10D Breakout Convex OTM Debit Spread (W250, Off50)",1
2023-03-24,2023-03-29,2023,16945.05,17080.7,14.49,BEAR_PUT,16900.0,16650.0,86.8,26.9,59.9,50,2995.0,-59.9,-2995.0,51.53,-3046.53,0,35720.19999999999,Candidate B,"10D Breakout Convex OTM Debit Spread (W250, Off50)",1
2023-03-31,2023-04-06,2023,17359.75,17599.15,13.63,BULL_CALL,17400.0,17650.0,78.85,9.5,69.35,50,3467.5,129.8,6490.0,68.56,6421.44,1,42141.63999999999,Candidate B,"10D Breakout Convex OTM Debit Spread (W250, Off50)",1
2023-04-27,2023-05-04,2023,17915.05,18255.8,11.65,BULL_CALL,17950.0,18200.0,78.6,9.05,69.55,50,3477.5,180.45,9022.5,79.99,8942.51,1,51084.149999999994,Candidate B,"10D Breakout Convex OTM Debit Spread (W250, Off50)",1
2023-05-04,2023-05-11,2023,18255.8,18297.0,11.84,BULL_CALL,18300.0,18550.0,72.55,10.6,61.95,50,3097.5,-61.95,-3097.5,50.1,-3147.6,0,47936.549999999996,Candidate B,"10D Breakout Convex OTM Debit Spread (W250, Off50)",1
2023-05-15,2023-05-18,2023,18398.85,18129.95,12.85,BULL_CALL,18450.0,18700.0,50.75,2.8,47.95,50,2397.5,-47.95,-2397.5,48.95,-2446.45,0,45490.1,Candidate B,"10D Breakout Convex OTM Debit Spread (W250, Off50)",1
2023-05-26,2023-06-01,2023,18499.35,18487.75,12.52,BULL_CALL,18550.0,18800.0,64.95,6.2,58.75,50,2937.5,-58.75,-2937.5,49.59,-2987.09,0,42503.009999999995,Candidate B,"10D Breakout Convex OTM Debit Spread (W250, Off50)",1
2023-06-16,2023-06-22,2023,18826.0,18771.25,11.08,BULL_CALL,18900.0,19150.0,58.8,5.15,53.65,50,2682.5,-53.65,-2682.5,49.34,-2731.84,0,39771.17,Candidate B,"10D Breakout Convex OTM Debit Spread (W250, Off50)",1
2023-07-14,2023-07-20,2023,19564.5,19979.15,10.94,BULL_CALL,19600.0,19850.0,67.55,7.0,60.55,50,3027.5,189.45,9472.5,88.45,9384.05,1,49155.22,Candidate B,"10D Breakout Convex OTM Debit Spread (W250, Off50)",1
2023-08-17,2023-08-24,2023,19365.25,19386.7,12.13,BEAR_PUT,19300.0,19050.0,66.6,16.0,50.6,50,2530.0,-50.6,-2530.0,50.24,-2580.24,0,46574.98,Candidate B,"10D Breakout Convex OTM Debit Spread (W250, Off50)",1
2023-08-25,2023-08-31,2023,19265.8,19253.8,11.7,BEAR_PUT,19200.0,18950.0,69.25,14.9,54.35,50,2717.5,-54.35,-2717.5,50.26,-2767.76,0,43807.22,Candidate B,"10D Breakout Convex OTM Debit Spread (W250, Off50)",1
2023-08-31,2023-09-07,2023,19253.8,19727.05,11.8,BEAR_PUT,19200.0,18950.0,50.9,14.8,36.1,50,1805.0,-36.1,-1805.0,49.68,-1854.68,0,41952.54,Candidate B,"10D Breakout Convex OTM Debit Spread (W250, Off50)",1
2023-09-22,2023-09-28,2023,19674.25,19523.55,10.82,BEAR_PUT,19600.0,19350.0,50.45,11.7,38.75,50,1937.5,37.7,1885.0,56.52,1828.48,1,43781.020000000004,Candidate B,"10D Breakout Convex OTM Debit Spread (W250, Off50)",1
2023-09-28,2023-10-05,2023,19523.55,19545.75,11.59,BEAR_PUT,19450.0,19200.0,67.4,23.35,44.05,50,2202.5,-44.05,-2202.5,50.71,-2253.21,0,41527.810000000005,Candidate B,"10D Breakout Convex OTM Debit Spread (W250, Off50)",1
2023-10-17,2023-10-19,2023,19811.5,19624.7,11.07,BULL_CALL,19850.0,20100.0,48.95,2.95,46.0,50,2300.0,-46.0,-2300.0,48.9,-2348.9,0,39178.91,Candidate B,"10D Breakout Convex OTM Debit Spread (W250, Off50)",1
2023-10-23,2023-10-26,2023,19281.75,18857.25,10.82,BEAR_PUT,19250.0,19000.0,77.7,14.3,63.4,50,3170.0,186.6,9330.0,90.86,9239.14,1,48418.05,Candidate B,"10D Breakout Convex OTM Debit Spread (W250, Off50)",1
2023-11-13,2023-11-16,2023,19443.55,19765.2,11.11,BULL_CALL,19500.0,19750.0,41.45,3.1,38.35,50,1917.5,211.65,10582.5,73.54,10508.96,1,58927.01,Candidate B,"10D Breakout Convex OTM Debit Spread (W250, Off50)",1
2023-11-21,2023-11-23,2023,19783.4,19802.0,12.15,BULL_CALL,19850.0,20100.0,42.85,3.45,39.4,50,1970.0,-39.4,-1970.0,48.74,-2018.74,0,56908.270000000004,Candidate B,"10D Breakout Convex OTM Debit Spread (W250, Off50)",1
2023-11-28,2023-11-30,2023,19889.7,20133.15,11.33,BULL_CALL,19950.0,20200.0,51.85,1.65,50.2,50,2510.0,132.95,6647.5,65.77,6581.73,1,63490.0,Candidate B,"10D Breakout Convex OTM Debit Spread (W250, Off50)",1
2023-12-08,2023-12-14,2023,20969.4,21182.7,12.67,BULL_CALL,21000.0,21250.0,110.5,29.25,81.25,50,4062.5,101.45,5072.5,69.23,5003.27,1,68493.27,Candidate B,"10D Breakout Convex OTM Debit Spread (W250, Off50)",1
2023-12-14,2023-12-21,2023,21182.7,21255.05,12.07,BULL_CALL,21250.0,21500.0,133.75,41.0,92.75,50,4637.5,-87.7,-4385.0,54.31,-4439.31,0,64053.96000000001,Candidate B,"10D Breakout Convex OTM Debit Spread (W250, Off50)",1
2024-01-12,2024-01-18,2024,21894.55,21462.25,12.77,BULL_CALL,21950.0,22200.0,116.9,31.05,85.85,50,4292.5,-85.85,-4292.5,52.72,-4345.22,0,59708.740000000005,Candidate B,"10D Breakout Convex OTM Debit Spread (W250, Off50)",1
2024-01-18,2024-01-25,2024,21462.25,21352.6,15.08,BEAR_PUT,21400.0,21150.0,110.2,46.2,64.0,50,3200.0,-16.6,-830.0,57.8,-887.8,0,58820.94,Candidate B,"10D Breakout Convex OTM Debit Spread (W250, Off50)",1
2024-02-02,2024-02-08,2024,21853.8,21717.95,14.46,BULL_CALL,21900.0,22150.0,146.85,54.0,92.85,50,4642.5,-92.85,-4642.5,55.04,-4697.54,0,54123.4,Candidate B,"10D Breakout Convex OTM Debit Spread (W250, Off50)",1
2024-02-16,2024-02-22,2024,22040.7,22217.45,15.23,BULL_CALL,22100.0,22350.0,129.5,41.95,87.55,50,4377.5,29.9,1495.0,64.59,1430.41,1,55553.810000000005,Candidate B,"10D Breakout Convex OTM Debit Spread (W250, Off50)",1
2024-02-22,2024-02-29,2024,22217.45,21982.8,15.93,BULL_CALL,22250.0,22500.0,162.8,60.85,101.95,50,5097.5,-101.95,-5097.5,55.96,-5153.46,0,50400.350000000006,Candidate B,"10D Breakout Convex OTM Debit Spread (W250, Off50)",1
2024-03-01,2024-03-07,2024,22338.75,22493.55,15.57,BULL_CALL,22400.0,22650.0,134.8,41.5,93.3,50,4665.0,0.25,12.5,62.52,-50.02,0,50350.33000000001,Candidate B,"10D Breakout Convex OTM Debit Spread (W250, Off50)",1
2024-03-19,2024-03-21,2024,21817.45,22011.95,13.9,BEAR_PUT,21750.0,21500.0,70.5,14.9,55.6,50,2780.0,-55.6,-2780.0,50.3,-2830.3,0,47520.030000000006,Candidate B,"10D Breakout Convex OTM Debit Spread (W250, Off50)",1
2024-03-28,2024-04-04,2024,22326.9,22514.65,12.7,BULL_CALL,22400.0,22650.0,127.85,35.4,92.45,50,4622.5,22.2,1110.0,63.88,1046.12,1,48566.15000000001,Candidate B,"10D Breakout Convex OTM Debit Spread (W250, Off50)",1
2024-04-04,2024-04-10,2024,22514.65,22753.8,11.37,BULL_CALL,22550.0,22800.0,127.1,34.75,92.35,50,4617.5,111.45,5572.5,72.02,5500.48,1,54066.630000000005,Candidate B,"10D Breakout Convex OTM Debit Spread (W250, Off50)",1
2024-04-10,2024-04-18,2024,22753.8,21995.85,11.36,BULL_CALL,22800.0,23050.0,114.75,30.15,84.6,50,4230.0,-84.6,-4230.0,52.6,-4282.6,0,49784.030000000006,Candidate B,"10D Breakout Convex OTM Debit Spread (W250, Off50)",1
2024-04-29,2024-05-02,2024,22643.4,22648.2,10.93,BULL_CALL,22700.0,22950.0,82.65,9.95,72.7,25,1817.5,-72.7,-1817.5,48.79,-1866.29,0,47917.740000000005,Candidate B,"10D Breakout Convex OTM Debit Spread (W250, Off50)",1
2024-05-02,2024-05-09,2024,22648.2,21957.5,12.87,BULL_CALL,22700.0,22950.0,152.25,47.7,104.55,25,2613.75,-104.55,-2613.75,51.01,-2664.76,0,45252.98,Candidate B,"10D Breakout Convex OTM Debit Spread (W250, Off50)",1
2024-05-09,2024-05-16,2024,21957.5,22403.85,17.08,BEAR_PUT,21900.0,21650.0,123.4,55.95,67.45,25,1686.25,-67.45,-1686.25,50.82,-1737.07,0,43515.91,Candidate B,"10D Breakout Convex OTM Debit Spread (W250, Off50)",1
2024-05-21,2024-05-23,2024,22529.05,22967.65,19.8,BULL_CALL,22600.0,22850.0,70.05,9.8,60.25,25,1506.25,189.75,4743.75,67.25,4676.5,1,48192.41,Candidate B,"10D Breakout Convex OTM Debit Spread (W250, Off50)",1
2024-06-04,2024-06-06,2024,21884.5,22821.4,20.94,BEAR_PUT,21850.0,21600.0,323.15,213.5,109.65,25,2741.25,-109.65,-2741.25,58.71,-2799.96,0,45392.450000000004,Candidate B,"10D Breakout Convex OTM Debit Spread (W250, Off50)",1
2024-06-07,2024-06-13,2024,23290.15,23398.9,16.8,BULL_CALL,23350.0,23600.0,183.65,82.85,100.8,25,2520.0,-51.9,-1297.5,54.82,-1352.32,0,44040.130000000005,Candidate B,"10D Breakout Convex OTM Debit Spread (W250, Off50)",1
2024-06-20,2024-06-27,2024,23567.0,24044.5,13.71,BULL_CALL,23600.0,23850.0,133.05,40.0,93.05,25,2326.25,156.95,3923.75,73.82,3849.93,1,47890.060000000005,Candidate B,"10D Breakout Convex OTM Debit Spread (W250, Off50)",1
2024-07-01,2024-07-04,2024,24141.95,24302.15,13.8,BULL_CALL,24200.0,24450.0,98.0,22.1,75.9,25,1897.5,26.25,656.25,54.1,602.15,1,48492.21000000001,Candidate B,"10D Breakout Convex OTM Debit Spread (W250, Off50)",1
2024-07-09,2024-07-11,2024,24433.2,24315.95,13.6,BULL_CALL,24500.0,24750.0,57.3,4.7,52.6,25,1315.0,-52.6,-1315.0,48.23,-1363.23,0,47128.98,Candidate B,"10D Breakout Convex OTM Debit Spread (W250, Off50)",1
2024-07-12,2024-07-18,2024,24502.15,24800.85,14.0,BULL_CALL,24550.0,24800.0,102.6,22.15,80.45,25,2011.25,169.55,4238.75,61.03,4177.72,1,51306.700000000004,Candidate B,"10D Breakout Convex OTM Debit Spread (W250, Off50)",1
2024-07-26,2024-08-01,2024,24834.85,25010.9,12.62,BULL_CALL,24900.0,25150.0,119.05,30.7,88.35,25,2208.75,22.55,563.75,55.09,508.66,1,51815.36000000001,Candidate B,"10D Breakout Convex OTM Debit Spread (W250, Off50)",1
2024-08-05,2024-08-08,2024,24055.6,24117.0,14.32,BEAR_PUT,24000.0,23750.0,180.3,118.65,61.65,25,1541.25,-61.65,-1541.25,53.61,-1594.86,0,50220.50000000001,Candidate B,"10D Breakout Convex OTM Debit Spread (W250, Off50)",1
2024-08-20,2024-08-22,2024,24698.85,24811.5,14.32,BULL_CALL,24750.0,25000.0,57.8,5.95,51.85,25,1296.25,9.65,241.25,51.11,190.14,1,50410.64000000001,Candidate B,"10D Breakout Convex OTM Debit Spread (W250, Off50)",1
2024-09-12,2024-09-19,2024,25388.9,25415.8,13.63,BULL_CALL,25450.0,25700.0,94.6,30.7,63.9,25,1597.5,-63.9,-1597.5,49.6,-1647.1,0,48763.54000000001,Candidate B,"10D Breakout Convex OTM Debit Spread (W250, Off50)",1
2024-09-20,2024-09-26,2024,25790.95,26216.05,12.47,BULL_CALL,25850.0,26100.0,91.4,21.45,69.95,25,1748.75,180.05,4501.25,67.84,4433.41,1,53196.95000000001,Candidate B,"10D Breakout Convex OTM Debit Spread (W250, Off50)",1
2024-10-03,2024-10-10,2024,25250.1,24998.45,11.99,BEAR_PUT,25200.0,24950.0,123.45,64.05,59.4,25,1485.0,142.15,3553.75,60.94,3492.81,1,56689.76000000001,Candidate B,"10D Breakout Convex OTM Debit Spread (W250, Off50)",1
2024-10-17,2024-10-24,2024,24749.85,24399.4,13.05,BEAR_PUT,24700.0,24450.0,118.95,54.7,64.25,25,1606.25,185.75,4643.75,65.81,4577.94,1,61267.70000000001,Candidate B,"10D Breakout Convex OTM Debit Spread (W250, Off50)",1
2024-11-04,2024-11-07,2024,23995.35,24199.35,15.9,BEAR_PUT,23950.0,23700.0,172.65,87.3,85.35,25,2133.75,-85.35,-2133.75,53.35,-2187.1,0,59080.60000000001,Candidate B,"10D Breakout Convex OTM Debit Spread (W250, Off50)",1
2024-11-12,2024-11-14,2024,23883.45,23532.7,14.27,BEAR_PUT,23850.0,23600.0,84.9,20.2,64.7,25,1617.5,185.3,4632.5,64.92,4567.58,1,63648.180000000015,Candidate B,"10D Breakout Convex OTM Debit Spread (W250, Off50)",1
2024-11-21,2024-11-28,2024,23349.9,23914.15,15.66,BEAR_PUT,23300.0,23050.0,171.0,90.8,80.2,25,2005.0,-80.2,-2005.0,53.47,-2058.47,0,61589.710000000014,Candidate B,"10D Breakout Convex OTM Debit Spread (W250, Off50)",1
2024-12-02,2024-12-05,2024,24276.05,24708.4,14.43,BULL_CALL,24350.0,24600.0,130.85,38.25,92.6,25,2315.0,157.4,3935.0,68.85,3866.15,1,65455.860000000015,Candidate B,"10D Breakout Convex OTM Debit Spread (W250, Off50)",1
2024-12-13,2024-12-19,2024,24768.3,23951.7,13.19,BULL_CALL,24800.0,25050.0,128.9,41.65,87.25,25,2181.25,-87.25,-2181.25,50.86,-2232.11,0,63223.750000000015,Candidate B,"10D Breakout Convex OTM Debit Spread (W250, Off50)",1
2025-01-09,2025-01-16,2025,23526.5,23311.8,14.47,BEAR_PUT,23500.0,23250.0,140.0,64.85,75.15,75,5636.25,113.05,8478.75,87.45,8391.3,1,71615.05000000002,Candidate B,"10D Breakout Convex OTM Debit Spread (W250, Off50)",1
2025-01-21,2025-01-23,2025,23024.65,23205.35,16.42,BEAR_PUT,22950.0,22700.0,72.8,22.9,49.9,75,3742.5,-49.9,-3742.5,53.32,-3795.82,0,67819.23000000001,Candidate B,"10D Breakout Convex OTM Debit Spread (W250, Off50)",1
2025-01-27,2025-01-30,2025,22829.15,23249.5,16.75,BEAR_PUT,22800.0,22550.0,131.8,53.25,78.55,25,1963.75,-78.55,-1963.75,51.37,-2015.12,0,65804.11000000002,Candidate B,"10D Breakout Convex OTM Debit Spread (W250, Off50)",1
2025-01-31,2025-02-06,2025,23508.4,23603.35,17.39,BULL_CALL,23550.0,23800.0,253.45,134.8,118.65,75,8898.75,-65.3,-4897.5,82.46,-4979.96,0,60824.150000000016,Candidate B,"10D Breakout Convex OTM Debit Spread (W250, Off50)",1
2025-02-20,2025-02-27,2025,22913.15,22545.05,15.42,BEAR_PUT,22850.0,22600.0,122.7,51.05,71.65,75,5373.75,178.35,13376.25,103.56,13272.69,1,74096.84000000001,Candidate B,"10D Breakout Convex OTM Debit Spread (W250, Off50)",1
2025-03-18,2025-03-20,2025,22834.3,23190.65,13.42,BULL_CALL,22900.0,23150.0,65.75,6.6,59.15,75,4436.25,190.85,14313.75,92.99,14220.76,1,88317.6,Candidate B,"10D Breakout Convex OTM Debit Spread (W250, Off50)",1
2025-04-04,2025-04-09,2025,22904.45,22399.15,13.6,BEAR_PUT,22850.0,22600.0,105.65,34.85,70.8,75,5310.0,179.2,13440.0,127.44,13312.56,1,101630.16,Candidate B,"10D Breakout Convex OTM Debit Spread (W250, Off50)",1
2025-04-17,2025-04-24,2025,23851.65,24246.7,15.87,BULL_CALL,23900.0,24150.0,164.6,71.05,93.55,75,7016.25,156.45,11733.75,115.51,11618.24,1,113248.40000000001,Candidate B,"10D Breakout Convex OTM Debit Spread (W250, Off50)",1
2025-05-02,2025-05-08,2025,24346.7,24273.8,18.22,BULL_CALL,24400.0,24650.0,135.2,49.65,85.55,75,6416.25,-85.55,-6416.25,59.42,-6475.67,0,106772.73000000001,Candidate B,"10D Breakout Convex OTM Debit Spread (W250, Off50)",1
2025-05-09,2025-05-15,2025,24008.0,25062.1,21.01,BEAR_PUT,23950.0,23700.0,220.7,148.6,72.1,75,5407.5,-72.1,-5407.5,75.22,-5482.72,0,101290.01000000001,Candidate B,"10D Breakout Convex OTM Debit Spread (W250, Off50)",1
2025-05-15,2025-05-22,2025,25062.1,24609.7,17.23,BULL_CALL,25100.0,25350.0,168.5,74.35,94.15,75,7061.25,-94.15,-7061.25,63.92,-7125.17,0,94164.84000000001,Candidate B,"10D Breakout Convex OTM Debit Spread (W250, Off50)",1
2025-06-03,2025-06-05,2025,24542.5,24750.9,17.16,BEAR_PUT,24500.0,24250.0,99.75,32.5,67.25,75,5043.75,-67.25,-5043.75,55.73,-5099.48,0,89065.36000000002,Candidate B,"10D Breakout Convex OTM Debit Spread (W250, Off50)",1
2025-06-06,2025-06-12,2025,25003.05,24888.2,15.08,BULL_CALL,25050.0,25300.0,156.95,61.75,95.2,75,7140.0,-95.2,-7140.0,61.88,-7201.88,0,81863.48000000001,Candidate B,"10D Breakout Convex OTM Debit Spread (W250, Off50)",1
2025-07-10,2025-07-17,2025,25355.25,25111.45,11.94,BEAR_PUT,25300.0,25050.0,101.05,36.9,64.15,75,4811.25,124.4,9330.0,82.35,9247.65,1,91111.13,Candidate B,"10D Breakout Convex OTM Debit Spread (W250, Off50)",1
2025-07-18,2025-07-24,2025,24968.4,25062.1,11.24,BEAR_PUT,24900.0,24650.0,78.1,27.5,50.6,75,3795.0,-50.6,-3795.0,54.12,-3849.12,0,87262.01000000001,Candidate B,"10D Breakout Convex OTM Debit Spread (W250, Off50)",1
2025-07-25,2025-07-31,2025,24837.0,24768.35,10.72,BEAR_PUT,24800.0,24550.0,96.65,31.5,65.15,75,4886.25,-33.5,-2512.5,59.83,-2572.33,0,84689.68000000001,Candidate B,"10D Breakout Convex OTM Debit Spread (W250, Off50)",1
2025-08-01,2025-08-07,2025,24565.35,24596.15,11.54,BEAR_PUT,24500.0,24250.0,117.1,49.0,68.1,75,5107.5,-68.1,-5107.5,58.5,-5166.0,0,79523.68000000001,Candidate B,"10D Breakout Convex OTM Debit Spread (W250, Off50)",1
2025-08-08,2025-08-14,2025,24363.3,24631.3,11.69,BEAR_PUT,24300.0,24050.0,88.65,32.0,56.65,75,4248.75,-56.65,-4248.75,55.15,-4303.9,0,75219.78000000001,Candidate B,"10D Breakout Convex OTM Debit Spread (W250, Off50)",1
2025-08-18,2025-08-21,2025,24876.95,25083.75,12.36,BULL_CALL,24950.0,25200.0,102.6,25.95,76.65,75,5748.75,57.1,4282.5,73.55,4208.95,1,79428.73000000001,Candidate B,"10D Breakout Convex OTM Debit Spread (W250, Off50)",1
2025-08-29,2025-09-02,2025,24426.85,24579.6,12.18,BEAR_PUT,24400.0,24150.0,60.2,12.85,47.35,75,3551.25,-47.35,-3551.25,51.54,-3602.79,0,75825.94000000002,Candidate B,"10D Breakout Convex OTM Debit Spread (W250, Off50)",1
2025-09-10,2025-09-16,2025,24973.1,25239.1,10.69,BULL_CALL,25000.0,25250.0,118.25,30.15,88.1,75,6607.5,151.0,11325.0,89.32,11235.68,1,87061.62000000002,Candidate B,"10D Breakout Convex OTM Debit Spread (W250, Off50)",1
2025-09-16,2025-09-23,2025,25239.1,25169.5,10.4,BULL_CALL,25300.0,25550.0,120.65,34.7,85.95,75,6446.25,-85.95,-6446.25,56.96,-6503.21,0,80558.41000000002,Candidate B,"10D Breakout Convex OTM Debit Spread (W250, Off50)",1
2025-09-25,2025-09-30,2025,24890.85,24611.1,10.52,BEAR_PUT,24850.0,24600.0,50.85,12.5,38.35,75,2876.25,200.55,15041.25,84.05,14957.2,1,95515.61000000002,Candidate B,"10D Breakout Convex OTM Debit Spread (W250, Off50)",1
2025-10-09,2025-10-14,2025,25181.8,25145.5,10.31,BULL_CALL,25250.0,25500.0,66.25,10.0,56.25,75,4218.75,-56.25,-4218.75,51.48,-4270.23,0,91245.38000000002,Candidate B,"10D Breakout Convex OTM Debit Spread (W250, Off50)",1
2025-10-15,2025-10-20,2025,25323.55,25843.15,11.16,BULL_CALL,25350.0,25600.0,122.0,24.0,98.0,75,7350.0,152.0,11400.0,134.63,11265.37,1,102510.75000000001,Candidate B,"10D Breakout Convex OTM Debit Spread (W250, Off50)",1
2025-10-29,2025-11-04,2025,26053.9,25597.65,11.95,BULL_CALL,26100.0,26350.0,161.4,58.45,102.95,75,7721.25,-102.95,-7721.25,61.69,-7782.94,0,94727.81000000001,Candidate B,"10D Breakout Convex OTM Debit Spread (W250, Off50)",1
2025-11-04,2025-11-11,2025,25597.65,25694.95,12.67,BEAR_PUT,25550.0,25300.0,104.9,38.5,66.4,75,4980.0,-66.4,-4980.0,56.68,-5036.68,0,89691.13,Candidate B,"10D Breakout Convex OTM Debit Spread (W250, Off50)",1
2025-11-14,2025-11-18,2025,25910.05,25910.05,12.16,BULL_CALL,25950.0,26200.0,90.7,22.85,67.85,75,5088.75,-67.85,-5088.75,54.15,-5142.9,0,84548.23000000001,Candidate B,"10D Breakout Convex OTM Debit Spread (W250, Off50)",1
2025-11-19,2025-11-25,2025,26052.65,25884.8,12.1,BULL_CALL,26100.0,26350.0,128.7,41.0,87.7,75,6577.5,-87.7,-6577.5,58.09,-6635.59,0,77912.64000000001,Candidate B,"10D Breakout Convex OTM Debit Spread (W250, Off50)",1
2025-11-26,2025-12-02,2025,26205.3,26032.2,12.24,BULL_CALL,26250.0,26500.0,119.65,33.6,86.05,75,6453.75,-86.05,-6453.75,56.78,-6510.53,0,71402.11000000002,Candidate B,"10D Breakout Convex OTM Debit Spread (W250, Off50)",1
2025-12-09,2025-12-16,2025,25839.65,25860.1,11.13,BEAR_PUT,25800.0,25550.0,97.5,31.85,65.65,75,4923.75,-65.65,-4923.75,55.54,-4979.29,0,66422.82000000002,Candidate B,"10D Breakout Convex OTM Debit Spread (W250, Off50)",1
2026-01-02,2026-01-06,2026,26328.55,26178.7,9.19,BULL_CALL,26400.0,26650.0,35.5,2.7,32.8,65,2132.0,-32.8,-2132.0,48.91,-2180.91,0,64241.91000000002,Candidate B,"10D Breakout Convex OTM Debit Spread (W250, Off50)",1
2026-01-08,2026-01-13,2026,25876.85,25732.3,9.95,BEAR_PUT,25850.0,25600.0,66.65,15.55,51.1,65,3321.5,66.6,4329.0,65.59,4263.41,1,68505.32000000002,Candidate B,"10D Breakout Convex OTM Debit Spread (W250, Off50)",1
2026-01-14,2026-01-20,2026,25665.6,25232.5,11.2,BEAR_PUT,25600.0,25350.0,87.55,29.25,58.3,65,3789.5,191.7,12460.5,102.26,12358.24,1,80863.56000000003,Candidate B,"10D Breakout Convex OTM Debit Spread (W250, Off50)",1
2026-02-03,2026-02-10,2026,25727.55,25935.15,13.87,BULL_CALL,25800.0,26050.0,169.5,81.5,88.0,65,5720.0,47.15,3064.75,78.65,2986.1,1,83849.66000000003,Candidate B,"10D Breakout Convex OTM Debit Spread (W250, Off50)",1
2026-02-19,2026-02-24,2026,25454.35,25424.65,12.22,BEAR_PUT,25400.0,25150.0,122.0,52.7,69.3,65,4504.5,-69.3,-4504.5,57.58,-4562.08,0,79287.58000000003,Candidate B,"10D Breakout Convex OTM Debit Spread (W250, Off50)",1
2026-02-24,2026-03-02,2026,25424.65,24865.7,14.17,BEAR_PUT,25350.0,25100.0,131.4,64.0,67.4,65,4381.0,182.6,11869.0,126.09,11742.91,1,91030.49000000003,Candidate B,"10D Breakout Convex OTM Debit Spread (W250, Off50)",1
2026-03-06,2026-03-10,2026,24450.45,24261.6,17.86,BEAR_PUT,24400.0,24150.0,207.75,124.85,82.9,65,5388.5,55.5,3607.5,85.06,3522.44,1,94552.93000000004,Candidate B,"10D Breakout Convex OTM Debit Spread (W250, Off50)",1
2026-03-11,2026-03-17,2026,23866.85,23581.15,18.91,BEAR_PUT,23800.0,23550.0,254.65,170.25,84.4,65,5486.0,134.45,8739.25,101.28,8637.97,1,103190.90000000004,Candidate B,"10D Breakout Convex OTM Debit Spread (W250, Off50)",1
2026-03-19,2026-03-24,2026,23002.15,22912.4,18.72,BEAR_PUT,22950.0,22700.0,238.5,151.4,87.1,65,5661.5,-49.5,-3217.5,76.99,-3294.49,0,99896.41000000003,Candidate B,"10D Breakout Convex OTM Debit Spread (W250, Off50)",1
2026-04-15,2026-04-21,2026,24231.3,24576.6,20.5,BULL_CALL,24300.0,24550.0,184.25,84.55,99.7,65,6480.5,150.3,9769.5,97.51,9671.99,1,109568.40000000004,Candidate B,"10D Breakout Convex OTM Debit Spread (W250, Off50)",1
2026-05-29,2026-06-02,2026,23547.75,23483.55,14.98,BEAR_PUT,23500.0,23250.0,61.65,18.5,43.15,65,2804.75,-26.7,-1735.5,53.57,-1789.07,0,107779.33000000003,Candidate B,"10D Breakout Convex OTM Debit Spread (W250, Off50)",1
2026-06-05,2026-06-09,2026,23366.7,23242.1,15.89,BEAR_PUT,23300.0,23050.0,87.15,25.3,61.85,65,4020.25,-3.95,-256.75,60.26,-317.01,0,107462.32000000004,Candidate B,"10D Breakout Convex OTM Debit Spread (W250, Off50)",1
2026-06-12,2026-06-16,2026,23622.9,23989.15,15.61,BULL_CALL,23650.0,23900.0,140.75,48.9,91.85,65,5970.25,158.15,10279.75,101.95,10177.8,1,117640.12000000004,Candidate B,"10D Breakout Convex OTM Debit Spread (W250, Off50)",1
2026-07-02,2026-07-07,2026,24175.7,24398.7,13.24,BULL_CALL,24250.0,24500.0,83.8,15.3,68.5,65,4452.5,80.2,5213.0,69.96,5143.04,1,122783.16000000003,Candidate B,"10D Breakout Convex OTM Debit Spread (W250, Off50)",1
2026-07-23,2026-07-28,2026,23869.6,23985.35,13.29,BEAR_PUT,23800.0,23550.0,95.05,30.55,64.5,65,4192.5,-64.5,-4192.5,54.2,-4246.7,0,118536.46000000004,Candidate B,"10D Breakout Convex OTM Debit Spread (W250, Off50)",1
2026-07-31,2026-08-04,2026,24383.6,24614.9,12.16,BULL_CALL,24450.0,24700.0,54.85,5.85,49.0,65,3185.0,115.9,7533.5,69.75,7463.75,1,126000.21000000004,Candidate B,"10D Breakout Convex OTM Debit Spread (W250, Off50)",1
2026-08-14,2026-08-18,2026,24366.0,24154.9,11.42,BEAR_PUT,24300.0,24050.0,36.7,6.85,29.85,65,1940.25,115.25,7491.25,66.76,7424.49,1,133424.70000000004,Candidate B,"10D Breakout Convex OTM Debit Spread (W250, Off50)",1
2026-09-01,2026-09-08,2026,24055.8,23635.1,11.19,BEAR_PUT,24000.0,23750.0,128.65,45.05,83.6,65,5434.0,166.4,10816.0,105.14,10710.86,1,144135.56000000006,Candidate B,"10D Breakout Convex OTM Debit Spread (W250, Off50)",1
2019-03-28,2019-04-04,2019,11570.0,11598.0,17.05,BULL_CALL,11550.0,11700.0,120.0,52.6,67.4,75,5055.0,-19.4,-1455.0,64.22,-1519.22,0,-1519.22,Candidate C,10D Breakout Squeeze Debit Spread (W150),0
2019-05-24,2019-05-30,2019,11844.1,11945.9,19.41,BULL_CALL,11850.0,12000.0,95.7,38.4,57.3,75,4297.5,38.6,2895.0,68.4,2826.6,1,1307.3799999999999,Candidate C,10D Breakout Squeeze Debit Spread (W150),0
2019-05-30,2019-06-06,2019,11945.9,11843.75,16.41,BULL_CALL,11950.0,12100.0,83.95,30.9,53.05,75,3978.75,-53.05,-3978.75,53.93,-4032.68,0,-2725.3,Candidate C,10D Breakout Squeeze Debit Spread (W150),0
2019-06-14,2019-06-20,2019,11823.3,11831.75,13.66,BEAR_PUT,11800.0,11650.0,52.7,14.3,38.4,75,2880.0,-38.4,-2880.0,50.96,-2930.96,0,-5656.26,Candidate C,10D Breakout Squeeze Debit Spread (W150),0
2019-07-01,2019-07-04,2019,11865.6,11946.75,14.95,BULL_CALL,11850.0,12000.0,72.15,15.7,56.45,75,4233.75,40.3,3022.5,65.35,2957.15,1,-2699.11,Candidate C,10D Breakout Squeeze Debit Spread (W150),0
2019-07-08,2019-07-11,2019,11558.6,11582.9,13.07,BEAR_PUT,11550.0,11400.0,55.75,14.7,41.05,75,3078.75,-41.05,-3078.75,51.14,-3129.89,0,-5829.0,Candidate C,10D Breakout Squeeze Debit Spread (W150),0
2019-07-19,2019-07-25,2019,11419.25,11252.15,11.75,BEAR_PUT,11400.0,11250.0,58.25,19.15,39.1,75,2932.5,108.75,8156.25,72.08,8084.17,1,2255.17,Candidate C,10D Breakout Squeeze Debit Spread (W150),0
2019-07-29,2019-08-01,2019,11189.2,10980.0,12.13,BEAR_PUT,11200.0,11050.0,57.05,13.1,43.95,75,3296.25,106.05,7953.75,84.54,7869.21,1,10124.380000000001,Candidate C,10D Breakout Squeeze Debit Spread (W150),0
2019-08-01,2019-08-08,2019,10980.0,11032.45,13.59,BEAR_PUT,11000.0,10850.0,79.55,36.05,43.5,75,3262.5,-43.5,-3262.5,54.19,-3316.69,0,6807.6900000000005,Candidate C,10D Breakout Squeeze Debit Spread (W150),0
2019-08-22,2019-08-29,2019,10741.35,10948.3,17.02,BEAR_PUT,10750.0,10600.0,105.8,50.65,55.15,75,4136.25,-55.15,-4136.25,56.75,-4193.0,0,2614.6900000000005,Candidate C,10D Breakout Squeeze Debit Spread (W150),0
2019-09-13,2019-09-19,2019,11075.9,10704.8,14.9,BULL_CALL,11100.0,11250.0,62.55,12.4,50.15,75,3761.25,-50.15,-3761.25,51.25,-3812.5,0,-1197.8099999999995,Candidate C,10D Breakout Squeeze Debit Spread (W150),0
2019-09-19,2019-09-26,2019,10704.8,11571.2,15.35,BEAR_PUT,10700.0,10550.0,84.25,33.75,50.5,75,3787.5,-50.5,-3787.5,54.2,-3841.7,0,-5039.509999999999,Candidate C,10D Breakout Squeeze Debit Spread (W150),0
2019-10-07,2019-10-10,2019,11126.4,11234.55,17.58,BEAR_PUT,11150.0,11000.0,68.65,21.1,47.55,75,3566.25,-47.55,-3566.25,52.32,-3618.57,0,-8658.08,Candidate C,10D Breakout Squeeze Debit Spread (W150),0
2019-10-17,2019-10-24,2019,11586.35,11582.6,16.36,BULL_CALL,11600.0,11750.0,79.25,26.1,53.15,75,3986.25,-53.15,-3986.25,53.27,-4039.52,0,-12697.6,Candidate C,10D Breakout Squeeze Debit Spread (W150),0
2019-10-29,2019-10-31,2019,11786.85,11877.45,15.32,BULL_CALL,11800.0,11950.0,50.6,9.95,40.65,75,3048.75,36.8,2760.0,61.16,2698.84,1,-9998.76,Candidate C,10D Breakout Squeeze Debit Spread (W150),0
2019-11-25,2019-11-28,2019,12073.75,12151.15,14.87,BULL_CALL,12050.0,12200.0,84.7,19.45,65.25,75,4893.75,35.9,2692.5,66.89,2625.61,1,-7373.15,Candidate C,10D Breakout Squeeze Debit Spread (W150),0
2019-12-10,2019-12-12,2019,11856.8,11971.8,14.6,BEAR_PUT,11850.0,11700.0,34.9,4.35,30.55,75,2291.25,-30.55,-2291.25,49.22,-2340.47,0,-9713.619999999999,Candidate C,10D Breakout Squeeze Debit Spread (W150),0
2019-12-13,2019-12-19,2019,12086.7,12259.7,13.35,BULL_CALL,12100.0,12250.0,81.5,24.1,57.4,75,4305.0,92.6,6945.0,75.68,6869.32,1,-2844.2999999999993,Candidate C,10D Breakout Squeeze Debit Spread (W150),0
2020-01-02,2020-01-09,2020,12282.2,12215.9,11.6,BULL_CALL,12300.0,12450.0,59.85,11.4,48.45,75,3633.75,-48.45,-3633.75,51.03,-3684.78,0,-6529.08,Candidate C,10D Breakout Squeeze Debit Spread (W150),0
2020-01-13,2020-01-16,2020,12329.55,12355.5,14.08,BULL_CALL,12350.0,12500.0,47.15,6.4,40.75,75,3056.25,-35.25,-2643.75,50.74,-2694.49,0,-9223.57,Candidate C,10D Breakout Squeeze Debit Spread (W150),0
2020-01-28,2020-01-30,2020,12055.8,12035.8,17.18,BEAR_PUT,12050.0,11900.0,45.0,10.1,34.9,75,2617.5,-20.7,-1552.5,52.18,-1604.68,0,-10828.25,Candidate C,10D Breakout Squeeze Debit Spread (W150),0
2020-01-30,2020-02-06,2020,12035.8,12137.95,16.5,BEAR_PUT,12050.0,11900.0,153.4,90.8,62.6,75,4695.0,-62.6,-4695.0,62.63,-4757.63,0,-15585.880000000001,Candidate C,10D Breakout Squeeze Debit Spread (W150),0
2020-02-24,2020-02-27,2020,11829.4,11633.3,13.7,BEAR_PUT,11850.0,11700.0,98.7,42.85,55.85,75,4188.75,94.15,7061.25,88.59,6972.66,1,-8613.220000000001,Candidate C,10D Breakout Squeeze Debit Spread (W150),0
2020-03-06,2020-03-12,2020,10989.45,9590.15,23.25,BEAR_PUT,11000.0,10850.0,170.4,111.8,58.6,75,4395.0,91.4,6855.0,315.88,6539.12,1,-2074.1000000000013,Candidate C,10D Breakout Squeeze Debit Spread (W150),0
2020-08-11,2020-08-13,2020,11322.5,11300.45,22.51,BULL_CALL,11300.0,11450.0,84.55,19.85,64.7,75,4852.5,-64.25,-4818.75,53.01,-4871.76,0,-6945.8600000000015,Candidate C,10D Breakout Squeeze Debit Spread (W150),0
2020-08-18,2020-08-20,2020,11385.35,11312.2,21.31,BULL_CALL,11400.0,11550.0,57.3,9.15,48.15,75,3611.25,-48.15,-3611.25,50.7,-3661.95,0,-10607.810000000001,Candidate C,10D Breakout Squeeze Debit Spread (W150),0
2020-08-24,2020-08-27,2020,11466.45,11559.25,19.94,BULL_CALL,11450.0,11600.0,85.4,21.0,64.4,75,4830.0,44.85,3363.75,68.18,3295.57,1,-7312.240000000002,Candidate C,10D Breakout Squeeze Debit Spread (W150),0
2020-09-04,2020-09-10,2020,11333.85,11449.25,20.5,BEAR_PUT,11350.0,11200.0,118.55,64.25,54.3,75,4072.5,-54.3,-4072.5,58.58,-4131.08,0,-11443.320000000002,Candidate C,10D Breakout Squeeze Debit Spread (W150),0
2020-09-21,2020-09-24,2020,11250.55,10805.55,20.05,BEAR_PUT,11250.0,11100.0,95.7,46.35,49.35,75,3701.25,100.65,7548.75,130.32,7418.43,1,-4024.8900000000012,Candidate C,10D Breakout Squeeze Debit Spread (W150),0
2020-10-06,2020-10-08,2020,11662.4,11834.6,19.71,BULL_CALL,11650.0,11800.0,65.5,11.9,53.6,75,4020.0,96.4,7230.0,78.36,7151.64,1,3126.749999999999,Candidate C,10D Breakout Squeeze Debit Spread (W150),0
2020-10-29,2020-11-05,2020,11670.8,12120.3,23.28,BEAR_PUT,11650.0,11500.0,165.75,105.95,59.8,75,4485.0,-59.8,-4485.0,64.59,-4549.59,0,-1422.840000000001,Candidate C,10D Breakout Squeeze Debit Spread (W150),0
2020-11-05,2020-11-12,2020,12120.3,12690.8,23.2,BULL_CALL,12100.0,12250.0,144.6,72.85,71.75,75,5381.25,78.25,5868.75,161.71,5707.04,1,4284.199999999999,Candidate C,10D Breakout Squeeze Debit Spread (W150),0
2020-11-17,2020-11-19,2020,12874.2,12771.7,19.7,BULL_CALL,12850.0,13000.0,78.35,20.35,58.0,75,4350.0,-58.0,-4350.0,52.71,-4402.71,0,-118.51000000000113,Candidate C,10D Breakout Squeeze Debit Spread (W150),0
2020-11-24,2020-11-26,2020,13055.15,12987.0,20.8,BULL_CALL,13050.0,13200.0,80.8,21.95,58.85,75,4413.75,-58.85,-4413.75,52.97,-4466.72,0,-4585.230000000001,Candidate C,10D Breakout Squeeze Debit Spread (W150),0
2020-12-01,2020-12-03,2020,13109.05,13133.9,19.82,BULL_CALL,13100.0,13250.0,95.85,30.3,65.55,75,4916.25,-31.65,-2373.75,59.11,-2432.86,0,-7018.090000000002,Candidate C,10D Breakout Squeeze Debit Spread (W150),0
2020-12-14,2020-12-17,2020,13558.15,13740.7,18.79,BULL_CALL,13550.0,13700.0,96.05,35.2,60.85,75,4563.75,89.15,6686.25,83.02,6603.23,1,-414.8600000000024,Candidate C,10D Breakout Squeeze Debit Spread (W150),0
2020-12-21,2020-12-24,2020,13328.4,13749.25,18.62,BEAR_PUT,13350.0,13200.0,144.15,89.45,54.7,75,4102.5,-54.7,-4102.5,62.07,-4164.57,0,-4579.430000000002,Candidate C,10D Breakout Squeeze Debit Spread (W150),0
2020-12-28,2020-12-31,2020,13873.2,13981.75,19.97,BULL_CALL,13850.0,14000.0,112.25,40.8,71.45,75,5358.75,60.3,4522.5,74.34,4448.16,1,-131.27000000000226,Candidate C,10D Breakout Squeeze Debit Spread (W150),0
2021-01-01,2021-01-07,2021,14018.5,14137.35,21.1,BULL_CALL,14000.0,14150.0,123.65,51.75,71.9,75,5392.5,65.45,4908.75,76.65,4832.1,1,4700.829999999998,Candidate C,10D Breakout Squeeze Debit Spread (W150),0
2021-01-08,2021-01-14,2021,14347.25,14595.6,20.62,BULL_CALL,14350.0,14500.0,104.45,40.4,64.05,75,4803.75,85.95,6446.25,93.9,6352.35,1,11053.179999999998,Candidate C,10D Breakout Squeeze Debit Spread (W150),0
2021-01-25,2021-01-28,2021,14238.9,13817.55,22.42,BEAR_PUT,14250.0,14100.0,97.5,46.8,50.7,75,3802.5,99.3,7447.5,128.25,7319.25,1,18372.43,Candidate C,10D Breakout Squeeze Debit Spread (W150),0
2021-02-02,2021-02-04,2021,14647.85,14895.65,23.32,BULL_CALL,14650.0,14800.0,103.6,45.6,58.0,75,4350.0,92.0,6900.0,94.35,6805.65,1,25178.08,Candidate C,10D Breakout Squeeze Debit Spread (W150),0
2021-02-11,2021-02-18,2021,15173.3,15118.95,23.95,BULL_CALL,15150.0,15300.0,160.4,87.0,73.4,75,5505.0,-73.4,-5505.0,62.61,-5567.61,0,19610.47,Candidate C,10D Breakout Squeeze Debit Spread (W150),0
2021-02-22,2021-02-25,2021,14675.7,15097.35,22.25,BEAR_PUT,14700.0,14550.0,131.85,75.05,56.8,75,4260.0,-56.8,-4260.0,60.19,-4320.19,0,15290.280000000002,Candidate C,10D Breakout Squeeze Debit Spread (W150),0
2021-02-26,2021-03-04,2021,14529.15,15080.75,22.89,BEAR_PUT,14550.0,14400.0,203.25,140.9,62.35,75,4676.25,-62.35,-4676.25,69.52,-4745.77,0,10544.510000000002,Candidate C,10D Breakout Squeeze Debit Spread (W150),0
2021-04-08,2021-04-15,2021,14873.8,14581.45,20.25,BULL_CALL,14850.0,15000.0,175.8,96.8,79.0,75,5925.0,-79.0,-5925.0,64.22,-5989.22,0,4555.290000000002,Candidate C,10D Breakout Squeeze Debit Spread (W150),0
2021-05-10,2021-05-12,2021,14942.35,14696.5,20.82,BULL_CALL,14950.0,15100.0,88.4,27.0,61.4,75,4605.0,-61.4,-4605.0,53.78,-4658.78,0,-103.48999999999796,Candidate C,10D Breakout Squeeze Debit Spread (W150),0
2021-05-18,2021-05-20,2021,15108.1,14906.05,19.61,BULL_CALL,15100.0,15250.0,91.8,28.95,62.85,75,4713.75,-62.85,-4713.75,54.12,-4767.87,0,-4871.359999999998,Candidate C,10D Breakout Squeeze Debit Spread (W150),0
2021-05-21,2021-05-27,2021,15175.3,15337.85,19.65,BULL_CALL,15200.0,15350.0,119.2,53.55,65.65,75,4923.75,72.2,5415.0,76.67,5338.33,1,466.9700000000021,Candidate C,10D Breakout Squeeze Debit Spread (W150),0
2021-06-03,2021-06-10,2021,15690.35,15737.75,17.21,BULL_CALL,15700.0,15850.0,105.6,45.55,60.05,75,4503.75,-22.3,-1672.5,61.49,-1733.99,0,-1267.019999999998,Candidate C,10D Breakout Squeeze Debit Spread (W150),0
2021-06-11,2021-06-17,2021,15799.35,15691.4,15.0,BULL_CALL,15800.0,15950.0,90.8,29.1,61.7,75,4627.5,-61.7,-4627.5,54.08,-4681.58,0,-5948.599999999998,Candidate C,10D Breakout Squeeze Debit Spread (W150),0
2021-07-01,2021-07-08,2021,15680.0,15727.9,13.05,BEAR_PUT,15700.0,15550.0,97.7,40.35,57.35,50,2867.5,-57.35,-2867.5,52.69,-2920.19,0,-8868.789999999997,Candidate C,10D Breakout Squeeze Debit Spread (W150),0
2021-07-15,2021-07-22,2021,15924.2,15824.05,12.59,BULL_CALL,15900.0,16050.0,105.55,37.35,68.2,50,3410.0,-68.2,-3410.0,52.75,-3462.75,0,-12331.539999999997,Candidate C,10D Breakout Squeeze Debit Spread (W150),0
2021-08-03,2021-08-05,2021,16130.75,16294.6,12.81,BULL_CALL,16150.0,16300.0,50.9,10.4,40.5,50,2025.0,104.1,5205.0,62.73,5142.27,1,-7189.269999999997,Candidate C,10D Breakout Squeeze Debit Spread (W150),0
2021-08-12,2021-08-18,2021,16364.4,16568.85,12.71,BULL_CALL,16350.0,16500.0,86.15,28.7,57.45,50,2872.5,92.55,4627.5,73.8,4553.7,1,-2635.569999999997,Candidate C,10D Breakout Squeeze Debit Spread (W150),0
2021-08-24,2021-08-26,2021,16624.6,16636.9,13.69,BULL_CALL,16600.0,16750.0,68.95,10.55,58.4,50,2920.0,-21.5,-1075.0,53.38,-1128.38,0,-3763.949999999997,Candidate C,10D Breakout Squeeze Debit Spread (W150),0
2021-09-02,2021-09-09,2021,17234.15,17369.25,14.19,BULL_CALL,17250.0,17400.0,104.15,48.05,56.1,50,2805.0,63.15,3157.5,64.33,3093.17,1,-670.779999999997,Candidate C,10D Breakout Squeeze Debit Spread (W150),0
2021-09-14,2021-09-16,2021,17380.0,17629.5,14.03,BULL_CALL,17400.0,17550.0,52.05,7.95,44.1,50,2205.0,105.9,5295.0,72.78,5222.22,1,4551.440000000003,Candidate C,10D Breakout Squeeze Debit Spread (W150),0
2021-09-23,2021-09-30,2021,17822.95,17618.15,16.49,BULL_CALL,17800.0,17950.0,153.8,85.1,68.7,50,3435.0,-68.7,-3435.0,57.15,-3492.15,0,1059.2900000000031,Candidate C,10D Breakout Squeeze Debit Spread (W150),1
2021-10-08,2021-10-14,2021,17895.2,18338.55,16.16,BULL_CALL,17900.0,18050.0,109.2,45.9,63.3,50,3165.0,86.7,4335.0,102.28,4232.72,1,5292.010000000004,Candidate C,10D Breakout Squeeze Debit Spread (W150),1
2021-10-28,2021-11-03,2021,17857.25,17829.2,16.83,BEAR_PUT,17850.0,17700.0,137.55,83.45,54.1,50,2705.0,-33.3,-1665.0,58.46,-1723.46,0,3568.550000000004,Candidate C,10D Breakout Squeeze Debit Spread (W150),1
2021-11-12,2021-11-18,2021,18102.75,17764.8,16.35,BULL_CALL,18100.0,18250.0,122.15,53.0,69.15,50,3457.5,-69.15,-3457.5,54.22,-3511.72,0,56.83000000000402,Candidate C,10D Breakout Squeeze Debit Spread (W150),1
2021-11-18,2021-11-25,2021,17764.8,17536.25,14.98,BEAR_PUT,17750.0,17600.0,104.0,52.3,51.7,50,2585.0,98.3,4915.0,75.17,4839.83,1,4896.6600000000035,Candidate C,10D Breakout Squeeze Debit Spread (W150),1
2021-11-26,2021-12-02,2021,17026.45,17401.65,16.66,BEAR_PUT,17050.0,16900.0,168.75,114.35,54.4,50,2720.0,-54.4,-2720.0,59.39,-2779.39,0,2117.2700000000036,Candidate C,10D Breakout Squeeze Debit Spread (W150),1
2021-12-06,2021-12-09,2021,16912.25,17516.85,18.46,BEAR_PUT,16900.0,16750.0,116.25,63.9,52.35,50,2617.5,-52.35,-2617.5,54.7,-2672.2,0,-554.9299999999962,Candidate C,10D Breakout Squeeze Debit Spread (W150),1
2021-12-20,2021-12-23,2021,16614.2,17072.6,16.34,BEAR_PUT,16600.0,16450.0,125.9,78.3,47.6,50,2380.0,-47.6,-2380.0,55.87,-2435.87,0,-2990.799999999996,Candidate C,10D Breakout Squeeze Debit Spread (W150),1
2021-12-31,2022-01-06,2021,17354.05,17745.9,16.57,BULL_CALL,17350.0,17500.0,129.8,59.75,70.05,50,3502.5,79.95,3997.5,98.58,3898.92,1,908.120000000004,Candidate C,10D Breakout Squeeze Debit Spread (W150),1
2022-01-10,2022-01-13,2022,18003.3,18257.8,17.6,BULL_CALL,18000.0,18150.0,117.6,52.85,64.75,50,3237.5,85.25,4262.5,80.99,4181.51,1,5089.630000000005,Candidate C,10D Breakout Squeeze Debit Spread (W150),1
2022-01-17,2022-01-20,2022,18308.1,17757.0,16.56,BULL_CALL,18300.0,18450.0,113.7,47.35,66.35,50,3317.5,-66.35,-3317.5,53.61,-3371.11,0,1718.5200000000045,Candidate C,10D Breakout Squeeze Debit Spread (W150),1
2022-01-21,2022-01-27,2022,17617.15,17110.15,17.79,BEAR_PUT,17600.0,17450.0,137.1,83.5,53.6,50,2680.0,96.4,4820.0,111.68,4708.32,1,6426.840000000004,Candidate C,10D Breakout Squeeze Debit Spread (W150),1
2022-01-27,2022-02-03,2022,17110.15,17560.2,21.36,BEAR_PUT,17100.0,16950.0,243.95,182.4,61.55,50,3077.5,-61.55,-3077.5,65.87,-3143.37,0,3283.470000000004,Candidate C,10D Breakout Squeeze Debit Spread (W150),1
2022-02-14,2022-02-17,2022,16842.8,17304.6,18.68,BEAR_PUT,16850.0,16700.0,176.8,120.3,56.5,50,2825.0,-56.5,-2825.0,60.01,-2885.01,0,398.4600000000037,Candidate C,10D Breakout Squeeze Debit Spread (W150),1
2022-03-29,2022-03-31,2022,17325.3,17464.75,22.61,BULL_CALL,17350.0,17500.0,98.45,37.3,61.15,50,3057.5,53.6,2680.0,63.09,2616.91,1,3015.3700000000035,Candidate C,10D Breakout Squeeze Debit Spread (W150),1
2022-04-01,2022-04-07,2022,17670.45,17639.55,20.56,BULL_CALL,17650.0,17800.0,147.3,76.7,70.6,50,3530.0,-70.6,-3530.0,56.44,-3586.44,0,-571.0699999999965,Candidate C,10D Breakout Squeeze Debit Spread (W150),1
2022-04-18,2022-04-21,2022,17173.65,17392.6,17.79,BEAR_PUT,17150.0,17000.0,107.8,57.2,50.6,50,2530.0,-50.6,-2530.0,54.03,-2584.03,0,-3155.0999999999967,Candidate C,10D Breakout Squeeze Debit Spread (W150),1
2022-04-25,2022-04-28,2022,16953.95,17245.05,18.35,BEAR_PUT,16950.0,16800.0,138.1,81.15,56.95,50,2847.5,-56.95,-2847.5,56.42,-2903.92,0,-6059.019999999997,Candidate C,10D Breakout Squeeze Debit Spread (W150),1
2022-05-06,2022-05-12,2022,16411.25,15808.0,20.29,BEAR_PUT,16400.0,16250.0,174.9,118.1,56.8,50,2840.0,93.2,4660.0,127.38,4532.62,1,-1526.399999999997,Candidate C,10D Breakout Squeeze Debit Spread (W150),1
2022-05-27,2022-06-02,2022,16352.45,16628.0,22.72,BULL_CALL,16350.0,16500.0,153.2,85.7,67.5,50,3375.0,82.5,4125.0,86.55,4038.45,1,2512.050000000003,Candidate C,10D Breakout Squeeze Debit Spread (W150),1
2022-06-10,2022-06-16,2022,16201.8,15360.6,19.14,BEAR_PUT,16200.0,16050.0,144.75,86.4,58.35,50,2917.5,91.65,4582.5,154.6,4427.9,1,6939.950000000003,Candidate C,10D Breakout Squeeze Debit Spread (W150),1
2022-06-27,2022-06-30,2022,15832.05,15780.25,20.55,BULL_CALL,15850.0,16000.0,117.7,57.45,60.25,50,3012.5,-60.25,-3012.5,54.35,-3066.85,0,3873.1000000000026,Candidate C,10D Breakout Squeeze Debit Spread (W150),1
2022-07-18,2022-07-21,2022,16278.5,16605.25,17.6,BULL_CALL,16300.0,16450.0,87.55,30.8,56.75,50,2837.5,93.25,4662.5,84.48,4578.02,1,8451.120000000003,Candidate C,10D Breakout Squeeze Debit Spread (W150),1
2022-07-28,2022-08-04,2022,16929.6,17382.0,18.13,BULL_CALL,16950.0,17100.0,133.0,71.05,61.95,50,3097.5,88.05,4402.5,103.76,4298.74,1,12749.860000000002,Candidate C,10D Breakout Squeeze Debit Spread (W150),1
2022-08-05,2022-08-11,2022,17397.5,17659.0,19.26,BULL_CALL,17400.0,17550.0,138.7,71.8,66.9,50,3345.0,83.1,4155.0,82.94,4072.06,1,16821.920000000002,Candidate C,10D Breakout Squeeze Debit Spread (W150),1
2022-08-29,2022-09-01,2022,17312.9,17542.8,18.22,BEAR_PUT,17300.0,17150.0,113.95,60.75,53.2,50,2660.0,-53.2,-2660.0,54.43,-2714.43,0,14107.490000000002,Candidate C,10D Breakout Squeeze Debit Spread (W150),1
2022-09-08,2022-09-15,2022,17798.75,17877.4,19.37,BULL_CALL,17800.0,17950.0,157.85,89.6,68.25,50,3412.5,9.15,457.5,64.68,392.82,1,14500.310000000001,Candidate C,10D Breakout Squeeze Debit Spread (W150),1
2022-09-16,2022-09-22,2022,17530.85,17629.8,18.39,BEAR_PUT,17550.0,17400.0,164.85,102.05,62.8,50,3140.0,-62.8,-3140.0,58.53,-3198.53,0,11301.78,Candidate C,10D Breakout Squeeze Debit Spread (W150),1
2022-09-23,2022-09-29,2022,17327.35,16818.1,18.82,BEAR_PUT,17350.0,17200.0,187.25,122.75,64.5,50,3225.0,85.5,4275.0,120.73,4154.27,1,15456.050000000001,Candidate C,10D Breakout Squeeze Debit Spread (W150),1
2022-10-18,2022-10-20,2022,17486.95,17563.95,18.42,BULL_CALL,17500.0,17650.0,85.55,26.7,58.85,50,2942.5,5.1,255.0,57.37,197.63,1,15653.68,Candidate C,10D Breakout Squeeze Debit Spread (W150),1
2022-10-27,2022-11-03,2022,17736.95,18052.7,16.88,BULL_CALL,17750.0,17900.0,139.95,73.45,66.5,50,3325.0,83.5,4175.0,88.39,4086.61,1,19740.29,Candidate C,10D Breakout Squeeze Debit Spread (W150),1
2022-11-07,2022-11-10,2022,18202.8,18028.2,15.66,BULL_CALL,18200.0,18350.0,91.05,30.35,60.7,50,3035.0,-60.7,-3035.0,51.87,-3086.87,0,16653.420000000002,Candidate C,10D Breakout Squeeze Debit Spread (W150),1
2022-11-11,2022-11-17,2022,18349.7,18343.9,15.57,BULL_CALL,18350.0,18500.0,121.2,52.6,68.6,50,3430.0,-68.6,-3430.0,54.16,-3484.16,0,13169.260000000002,Candidate C,10D Breakout Squeeze Debit Spread (W150),1
2022-11-24,2022-12-01,2022,18484.1,18812.5,14.04,BULL_CALL,18500.0,18650.0,111.45,43.7,67.75,50,3387.5,82.25,4112.5,86.89,4025.61,1,17194.870000000003,Candidate C,10D Breakout Squeeze Debit Spread (W150),1
2022-12-09,2022-12-15,2022,18496.6,18414.9,13.4,BEAR_PUT,18500.0,18350.0,87.6,37.15,50.45,50,2522.5,34.65,1732.5,60.01,1672.49,1,18867.360000000004,Candidate C,10D Breakout Squeeze Debit Spread (W150),1
2022-12-15,2022-12-22,2022,18414.9,18127.35,12.89,BEAR_PUT,18400.0,18250.0,101.7,50.15,51.55,50,2577.5,98.45,4922.5,82.13,4840.37,1,23707.730000000003,Candidate C,10D Breakout Squeeze Debit Spread (W150),1
2023-01-12,2023-01-19,2023,17858.2,18107.85,15.44,BEAR_PUT,17850.0,17700.0,123.95,69.15,54.8,50,2740.0,-54.8,-2740.0,55.25,-2795.25,0,20912.480000000003,Candidate C,10D Breakout Squeeze Debit Spread (W150),1
2023-01-27,2023-02-02,2023,17604.35,17610.4,14.66,BEAR_PUT,17600.0,17450.0,169.5,111.85,57.65,50,2882.5,-57.65,-2882.5,59.27,-2941.77,0,17970.710000000003,Candidate C,10D Breakout Squeeze Debit Spread (W150),1
2023-02-09,2023-02-16,2023,17893.45,18035.85,13.6,BULL_CALL,17900.0,18050.0,121.95,55.1,66.85,50,3342.5,69.0,3450.0,66.84,3383.16,1,21353.870000000003,Candidate C,10D Breakout Squeeze Debit Spread (W150),1
2023-03-13,2023-03-16,2023,17154.3,16985.6,13.41,BEAR_PUT,17150.0,17000.0,108.6,56.75,51.85,50,2592.5,98.15,4907.5,69.58,4837.92,1,26191.79,Candidate C,10D Breakout Squeeze Debit Spread (W150),1
2023-03-24,2023-03-29,2023,16945.05,17080.7,14.49,BEAR_PUT,16950.0,16800.0,106.45,55.5,50.95,50,2547.5,-50.95,-2547.5,53.88,-2601.38,0,23590.41,Candidate C,10D Breakout Squeeze Debit Spread (W150),1
2023-03-31,2023-04-06,2023,17359.75,17599.15,13.63,BULL_CALL,17350.0,17500.0,105.2,38.7,66.5,50,3325.0,83.5,4175.0,78.69,4096.31,1,27686.72,Candidate C,10D Breakout Squeeze Debit Spread (W150),1
2023-04-27,2023-05-04,2023,17915.05,18255.8,11.65,BULL_CALL,17900.0,18050.0,105.4,37.1,68.3,50,3415.0,81.7,4085.0,91.57,3993.43,1,31680.15,Candidate C,10D Breakout Squeeze Debit Spread (W150),1
2023-05-04,2023-05-11,2023,18255.8,18297.0,11.84,BULL_CALL,18250.0,18400.0,96.7,36.45,60.25,50,3012.5,-13.25,-662.5,56.75,-719.25,0,30960.9,Candidate C,10D Breakout Squeeze Debit Spread (W150),1
2023-05-15,2023-05-18,2023,18398.85,18129.95,12.85,BULL_CALL,18400.0,18550.0,75.05,18.1,56.95,50,2847.5,-56.95,-2847.5,50.63,-2898.13,0,28062.77,Candidate C,10D Breakout Squeeze Debit Spread (W150),1
2023-05-26,2023-06-01,2023,18499.35,18487.75,12.52,BULL_CALL,18500.0,18650.0,90.65,28.45,62.2,50,3110.0,-62.2,-3110.0,51.75,-3161.75,0,24901.02,Candidate C,10D Breakout Squeeze Debit Spread (W150),1
2023-06-16,2023-06-22,2023,18826.0,18771.25,11.08,BULL_CALL,18850.0,19000.0,85.0,24.45,60.55,50,3027.5,-60.55,-3027.5,51.33,-3078.83,0,21822.190000000002,Candidate C,10D Breakout Squeeze Debit Spread (W150),1
2023-07-14,2023-07-20,2023,19564.5,19979.15,10.94,BULL_CALL,19550.0,19700.0,91.1,30.45,60.65,50,3032.5,89.35,4467.5,99.64,4367.86,1,26190.050000000003,Candidate C,10D Breakout Squeeze Debit Spread (W150),1
2023-08-17,2023-08-24,2023,19365.25,19386.7,12.13,BEAR_PUT,19350.0,19200.0,86.4,37.75,48.65,50,2432.5,-48.65,-2432.5,52.18,-2484.68,0,23705.370000000003,Candidate C,10D Breakout Squeeze Debit Spread (W150),1
2023-08-25,2023-08-31,2023,19265.8,19253.8,11.7,BEAR_PUT,19250.0,19100.0,89.85,39.15,50.7,50,2535.0,-50.7,-2535.0,52.37,-2587.37,0,21118.000000000004,Candidate C,10D Breakout Squeeze Debit Spread (W150),1
2023-08-31,2023-09-07,2023,19253.8,19727.05,11.8,BEAR_PUT,19250.0,19100.0,63.55,30.3,33.25,50,1662.5,-33.25,-1662.5,51.02,-1713.52,0,19404.480000000003,Candidate C,10D Breakout Squeeze Debit Spread (W150),1
2023-09-22,2023-09-28,2023,19674.25,19523.55,10.82,BEAR_PUT,19650.0,19500.0,66.7,27.6,39.1,50,1955.0,87.35,4367.5,62.59,4304.91,1,23709.390000000003,Candidate C,10D Breakout Squeeze Debit Spread (W150),1
2023-09-28,2023-10-05,2023,19523.55,19545.75,11.59,BEAR_PUT,19500.0,19350.0,84.0,43.45,40.55,50,2027.5,-40.55,-2027.5,52.45,-2079.95,0,21629.440000000002,Candidate C,10D Breakout Squeeze Debit Spread (W150),1
2023-10-17,2023-10-19,2023,19811.5,19624.7,11.07,BULL_CALL,19800.0,19950.0,73.65,16.9,56.75,50,2837.5,-56.75,-2837.5,50.52,-2888.02,0,18741.420000000002,Candidate C,10D Breakout Squeeze Debit Spread (W150),1
2023-10-23,2023-10-26,2023,19281.75,18857.25,10.82,BEAR_PUT,19300.0,19150.0,101.4,40.7,60.7,50,3035.0,89.3,4465.0,102.24,4362.76,1,23104.18,Candidate C,10D Breakout Squeeze Debit Spread (W150),1
2023-11-13,2023-11-16,2023,19443.55,19765.2,11.11,BULL_CALL,19450.0,19600.0,64.9,14.55,50.35,50,2517.5,99.65,4982.5,84.0,4898.5,1,28002.68,Candidate C,10D Breakout Squeeze Debit Spread (W150),1
2023-11-21,2023-11-23,2023,19783.4,19802.0,12.15,BULL_CALL,19800.0,19950.0,65.1,16.15,48.95,50,2447.5,-46.95,-2347.5,50.39,-2397.89,0,25604.79,Candidate C,10D Breakout Squeeze Debit Spread (W150),1
2023-11-28,2023-11-30,2023,19889.7,20133.15,11.33,BULL_CALL,19900.0,20050.0,80.35,16.05,64.3,50,3215.0,85.7,4285.0,74.59,4210.41,1,29815.2,Candidate C,10D Breakout Squeeze Debit Spread (W150),1
2023-12-08,2023-12-14,2023,20969.4,21182.7,12.67,BULL_CALL,20950.0,21100.0,138.0,67.75,70.25,50,3512.5,79.75,3987.5,79.47,3908.03,1,33723.23,Candidate C,10D Breakout Squeeze Debit Spread (W150),1
2023-12-14,2023-12-21,2023,21182.7,21255.05,12.07,BULL_CALL,21200.0,21350.0,162.2,86.7,75.5,50,3775.0,-20.45,-1022.5,62.58,-1085.08,0,32638.15,Candidate C,10D Breakout Squeeze Debit Spread (W150),1
2024-01-12,2024-01-18,2024,21894.55,21462.25,12.77,BULL_CALL,21900.0,22050.0,144.25,72.75,71.5,50,3575.0,-71.5,-3575.0,56.1,-3631.1,0,29007.050000000003,Candidate C,10D Breakout Squeeze Debit Spread (W150),1
2024-01-18,2024-01-25,2024,21462.25,21352.6,15.08,BEAR_PUT,21450.0,21300.0,130.15,78.1,52.05,50,2602.5,45.35,2267.5,64.96,2202.54,1,31209.590000000004,Candidate C,10D Breakout Squeeze Debit Spread (W150),1
2024-02-02,2024-02-08,2024,21853.8,21717.95,14.46,BULL_CALL,21850.0,22000.0,173.5,101.7,71.8,50,3590.0,-71.8,-3590.0,58.77,-3648.77,0,27560.820000000003,Candidate C,10D Breakout Squeeze Debit Spread (W150),1
2024-02-16,2024-02-22,2024,22040.7,22217.45,15.23,BULL_CALL,22050.0,22200.0,154.9,85.7,69.2,50,3460.0,80.8,4040.0,73.15,3966.85,1,31527.670000000002,Candidate C,10D Breakout Squeeze Debit Spread (W150),1
2024-02-22,2024-02-29,2024,22217.45,21982.8,15.93,BULL_CALL,22200.0,22350.0,187.3,113.05,74.25,50,3712.5,-74.25,-3712.5,59.89,-3772.39,0,27755.280000000002,Candidate C,10D Breakout Squeeze Debit Spread (W150),1
2024-03-01,2024-03-07,2024,22338.75,22493.55,15.57,BULL_CALL,22350.0,22500.0,161.65,88.85,72.8,50,3640.0,70.75,3537.5,70.84,3466.66,1,31221.940000000002,Candidate C,10D Breakout Squeeze Debit Spread (W150),1
2024-03-19,2024-03-21,2024,21817.45,22011.95,13.9,BEAR_PUT,21800.0,21650.0,91.7,39.45,52.25,50,2612.5,-52.25,-2612.5,52.45,-2664.95,0,28556.99,Candidate C,10D Breakout Squeeze Debit Spread (W150),1
2024-03-28,2024-04-04,2024,22326.9,22514.65,12.7,BULL_CALL,22350.0,22500.0,153.7,82.8,70.9,50,3545.0,79.1,3955.0,72.6,3882.4,1,32439.390000000003,Candidate C,10D Breakout Squeeze Debit Spread (W150),1
2024-04-04,2024-04-10,2024,22514.65,22753.8,11.37,BULL_CALL,22500.0,22650.0,154.5,80.75,73.75,50,3687.5,76.25,3812.5,83.34,3729.16,1,36168.55,Candidate C,10D Breakout Squeeze Debit Spread (W150),1
2024-04-10,2024-04-18,2024,22753.8,21995.85,11.36,BULL_CALL,22750.0,22900.0,141.45,71.6,69.85,50,3492.5,-69.85,-3492.5,55.95,-3548.45,0,32620.100000000002,Candidate C,10D Breakout Squeeze Debit Spread (W150),1
2024-04-29,2024-05-02,2024,22643.4,22648.2,10.93,BULL_CALL,22650.0,22800.0,111.1,39.05,72.05,25,1801.25,-72.05,-1801.25,50.11,-1851.36,0,30768.74,Candidate C,10D Breakout Squeeze Debit Spread (W150),1
2024-05-02,2024-05-09,2024,22648.2,21957.5,12.87,BULL_CALL,22650.0,22800.0,182.1,101.2,80.9,25,2022.5,-80.9,-2022.5,53.1,-2075.6,0,28693.140000000003,Candidate C,10D Breakout Squeeze Debit Spread (W150),1
2024-05-09,2024-05-16,2024,21957.5,22403.85,17.08,BEAR_PUT,21950.0,21800.0,141.2,89.95,51.25,25,1281.25,-51.25,-1281.25,52.13,-1333.38,0,27359.760000000002,Candidate C,10D Breakout Squeeze Debit Spread (W150),1
2024-05-21,2024-05-23,2024,22529.05,22967.65,19.8,BULL_CALL,22550.0,22700.0,94.55,35.35,59.2,25,1480.0,90.8,2270.0,72.92,2197.08,1,29556.840000000004,Candidate C,10D Breakout Squeeze Debit Spread (W150),1
2024-06-04,2024-06-06,2024,21884.5,22821.4,20.94,BEAR_PUT,21900.0,21750.0,347.95,294.65,53.3,25,1332.5,-53.3,-1332.5,61.56,-1394.06,0,28162.780000000002,Candidate C,10D Breakout Squeeze Debit Spread (W150),1
2024-06-07,2024-06-13,2024,23290.15,23398.9,16.8,BULL_CALL,23300.0,23450.0,209.7,136.6,73.1,25,1827.5,25.8,645.0,59.16,585.84,1,28748.620000000003,Candidate C,10D Breakout Squeeze Debit Spread (W150),1
2024-06-20,2024-06-27,2024,23567.0,24044.5,13.71,BULL_CALL,23550.0,23700.0,160.3,86.7,73.6,25,1840.0,76.4,1910.0,80.18,1829.82,1,30578.440000000002,Candidate C,10D Breakout Squeeze Debit Spread (W150),1
2024-07-01,2024-07-04,2024,24141.95,24302.15,13.8,BULL_CALL,24150.0,24300.0,123.55,57.25,66.3,25,1657.5,83.7,2092.5,57.89,2034.61,1,32613.050000000003,Candidate C,10D Breakout Squeeze Debit Spread (W150),1
2024-07-09,2024-07-11,2024,24433.2,24315.95,13.6,BULL_CALL,24450.0,24600.0,82.35,24.25,58.1,25,1452.5,-58.1,-1452.5,49.22,-1501.72,0,31111.33,Candidate C,10D Breakout Squeeze Debit Spread (W150),1
2024-07-12,2024-07-18,2024,24502.15,24800.85,14.0,BULL_CALL,24500.0,24650.0,128.65,60.3,68.35,25,1708.75,81.65,2041.25,67.11,1974.14,1,33085.47,Candidate C,10D Breakout Squeeze Debit Spread (W150),1
2024-07-26,2024-08-01,2024,24834.85,25010.9,12.62,BULL_CALL,24850.0,25000.0,146.1,74.4,71.7,25,1792.5,78.3,1957.5,59.3,1898.2,1,34983.67,Candidate C,10D Breakout Squeeze Debit Spread (W150),1
2024-08-05,2024-08-08,2024,24055.6,24117.0,14.32,BEAR_PUT,24050.0,23900.0,198.05,151.55,46.5,25,1162.5,-46.5,-1162.5,54.88,-1217.38,0,33766.29,Candidate C,10D Breakout Squeeze Debit Spread (W150),1
2024-08-20,2024-08-22,2024,24698.85,24811.5,14.32,BULL_CALL,24700.0,24850.0,80.65,25.25,55.4,25,1385.0,56.1,1402.5,54.35,1348.15,1,35114.44,Candidate C,10D Breakout Squeeze Debit Spread (W150),1
2024-09-12,2024-09-19,2024,25388.9,25415.8,13.63,BULL_CALL,25400.0,25550.0,119.0,59.0,60.0,25,1500.0,-44.2,-1105.0,51.57,-1156.57,0,33957.87,Candidate C,10D Breakout Squeeze Debit Spread (W150),1
2024-09-20,2024-09-26,2024,25790.95,26216.05,12.47,BULL_CALL,25800.0,25950.0,115.7,53.15,62.55,25,1563.75,87.45,2186.25,73.7,2112.55,1,36070.420000000006,Candidate C,10D Breakout Squeeze Debit Spread (W150),1
2024-10-03,2024-10-10,2024,25250.1,24998.45,11.99,BEAR_PUT,25250.0,25100.0,140.85,94.2,46.65,25,1166.25,103.35,2583.75,66.21,2517.54,1,38587.96000000001,Candidate C,10D Breakout Squeeze Debit Spread (W150),1
2024-10-17,2024-10-24,2024,24749.85,24399.4,13.05,BEAR_PUT,24750.0,24600.0,137.1,87.0,50.1,25,1252.5,99.9,2497.5,71.89,2425.61,1,41013.57000000001,Candidate C,10D Breakout Squeeze Debit Spread (W150),1
2024-11-04,2024-11-07,2024,23995.35,24199.35,15.9,BEAR_PUT,24000.0,23850.0,194.2,132.75,61.45,25,1536.25,-61.45,-1536.25,55.5,-1591.75,0,39421.82000000001,Candidate C,10D Breakout Squeeze Debit Spread (W150),1
2024-11-12,2024-11-14,2024,23883.45,23532.7,14.27,BEAR_PUT,23900.0,23750.0,105.35,48.75,56.6,25,1415.0,93.4,2335.0,70.89,2264.11,1,41685.93000000001,Candidate C,10D Breakout Squeeze Debit Spread (W150),1
2024-11-21,2024-11-28,2024,23349.9,23914.15,15.66,BEAR_PUT,23350.0,23200.0,192.85,132.9,59.95,25,1498.75,-59.95,-1498.75,55.48,-1554.23,0,40131.700000000004,Candidate C,10D Breakout Squeeze Debit Spread (W150),1
2024-12-02,2024-12-05,2024,24276.05,24708.4,14.43,BULL_CALL,24300.0,24450.0,157.7,85.55,72.15,25,1803.75,77.85,1946.25,75.67,1870.58,1,42002.280000000006,Candidate C,10D Breakout Squeeze Debit Spread (W150),1
2024-12-13,2024-12-19,2024,24768.3,23951.7,13.19,BULL_CALL,24750.0,24900.0,152.9,85.35,67.55,25,1688.75,-67.55,-1688.75,52.97,-1741.72,0,40260.560000000005,Candidate C,10D Breakout Squeeze Debit Spread (W150),1
2025-01-09,2025-01-16,2025,23526.5,23311.8,14.47,BEAR_PUT,23550.0,23400.0,160.2,104.1,56.1,75,4207.5,93.9,7042.5,103.89,6938.61,1,47199.170000000006,Candidate C,10D Breakout Squeeze Debit Spread (W150),1
2025-01-21,2025-01-23,2025,23024.65,23205.35,16.42,BEAR_PUT,23000.0,22850.0,89.7,46.1,43.6,75,3270.0,-43.6,-3270.0,56.88,-3326.88,0,43872.29000000001,Candidate C,10D Breakout Squeeze Debit Spread (W150),1
2025-01-27,2025-01-30,2025,22829.15,23249.5,16.75,BEAR_PUT,22850.0,22700.0,155.05,93.35,61.7,25,1542.5,-61.7,-1542.5,53.32,-1595.82,0,42276.47000000001,Candidate C,10D Breakout Squeeze Debit Spread (W150),1
2025-01-31,2025-02-06,2025,23508.4,23603.35,17.39,BULL_CALL,23500.0,23650.0,281.55,200.4,81.15,75,6086.25,22.2,1665.0,98.5,1566.5,1,43842.97000000001,Candidate C,10D Breakout Squeeze Debit Spread (W150),1
2025-02-20,2025-02-27,2025,22913.15,22545.05,15.42,BEAR_PUT,22900.0,22750.0,143.3,88.5,54.8,75,4110.0,95.2,7140.0,122.54,7017.46,1,50860.43000000001,Candidate C,10D Breakout Squeeze Debit Spread (W150),1
2025-03-18,2025-03-20,2025,22834.3,23190.65,13.42,BULL_CALL,22850.0,23000.0,91.1,28.55,62.55,75,4691.25,87.45,6558.75,110.34,6448.41,1,57308.84000000001,Candidate C,10D Breakout Squeeze Debit Spread (W150),1
2025-04-04,2025-04-09,2025,22904.45,22399.15,13.6,BEAR_PUT,22900.0,22750.0,128.95,68.55,60.4,75,4530.0,89.6,6720.0,146.11,6573.89,1,63882.73000000001,Candidate C,10D Breakout Squeeze Debit Spread (W150),1
2025-04-17,2025-04-24,2025,23851.65,24246.7,15.87,BULL_CALL,23850.0,24000.0,190.25,119.9,70.35,75,5276.25,79.65,5973.75,136.09,5837.66,1,69720.39000000001,Candidate C,10D Breakout Squeeze Debit Spread (W150),1
2025-05-02,2025-05-08,2025,24346.7,24273.8,18.22,BULL_CALL,24350.0,24500.0,159.9,91.35,68.55,75,5141.25,-68.55,-5141.25,65.55,-5206.8,0,64513.59000000001,Candidate C,10D Breakout Squeeze Debit Spread (W150),1
2025-05-09,2025-05-15,2025,24008.0,25062.1,21.01,BEAR_PUT,24000.0,23850.0,239.05,187.05,52.0,75,3900.0,-52.0,-3900.0,80.66,-3980.66,0,60532.93000000001,Candidate C,10D Breakout Squeeze Debit Spread (W150),1
2025-05-15,2025-05-22,2025,25062.1,24609.7,17.23,BULL_CALL,25050.0,25200.0,194.0,124.35,69.65,75,5223.75,-69.65,-5223.75,71.08,-5294.83,0,55238.100000000006,Candidate C,10D Breakout Squeeze Debit Spread (W150),1
2025-06-03,2025-06-05,2025,24542.5,24750.9,17.16,BEAR_PUT,24550.0,24400.0,121.45,64.85,56.6,75,4245.0,-56.6,-4245.0,60.6,-4305.6,0,50932.50000000001,Candidate C,10D Breakout Squeeze Debit Spread (W150),1
2025-06-06,2025-06-12,2025,25003.05,24888.2,15.08,BULL_CALL,25000.0,25150.0,182.5,111.7,70.8,75,5310.0,-70.8,-5310.0,69.03,-5379.03,0,45553.47000000001,Candidate C,10D Breakout Squeeze Debit Spread (W150),1
2025-07-10,2025-07-17,2025,25355.25,25111.45,11.94,BEAR_PUT,25350.0,25200.0,122.15,68.55,53.6,75,4020.0,96.4,7230.0,97.94,7132.06,1,52685.530000000006,Candidate C,10D Breakout Squeeze Debit Spread (W150),1
2025-07-18,2025-07-24,2025,24968.4,25062.1,11.24,BEAR_PUT,24950.0,24800.0,96.3,51.3,45.0,75,3375.0,-45.0,-3375.0,57.81,-3432.81,0,49252.72000000001,Candidate C,10D Breakout Squeeze Debit Spread (W150),1
2025-07-25,2025-07-31,2025,24837.0,24768.35,10.72,BEAR_PUT,24850.0,24700.0,119.4,61.4,58.0,75,4350.0,23.65,1773.75,71.36,1702.39,1,50955.11000000001,Candidate C,10D Breakout Squeeze Debit Spread (W150),1
2025-08-01,2025-08-07,2025,24565.35,24596.15,11.54,BEAR_PUT,24550.0,24400.0,138.9,83.85,55.05,75,4128.75,-55.05,-4128.75,63.68,-4192.43,0,46762.68000000001,Candidate C,10D Breakout Squeeze Debit Spread (W150),1
2025-08-08,2025-08-14,2025,24363.3,24631.3,11.69,BEAR_PUT,24350.0,24200.0,106.7,58.85,47.85,75,3588.75,-47.85,-3588.75,59.19,-3647.94,0,43114.740000000005,Candidate C,10D Breakout Squeeze Debit Spread (W150),1
2025-08-18,2025-08-21,2025,24876.95,25083.75,12.36,BULL_CALL,24900.0,25050.0,128.75,61.25,67.5,75,5062.5,82.5,6187.5,87.38,6100.12,1,49214.86000000001,Candidate C,10D Breakout Squeeze Debit Spread (W150),1
2025-08-29,2025-09-02,2025,24426.85,24579.6,12.18,BEAR_PUT,24450.0,24300.0,79.85,32.15,47.7,75,3577.5,-47.7,-3577.5,54.76,-3632.26,0,45582.600000000006,Candidate C,10D Breakout Squeeze Debit Spread (W150),1
2025-09-10,2025-09-16,2025,24973.1,25239.1,10.69,BULL_CALL,24950.0,25100.0,146.9,71.75,75.15,75,5636.25,74.85,5613.75,108.7,5505.05,1,51087.65000000001,Candidate C,10D Breakout Squeeze Debit Spread (W150),1
2025-09-16,2025-09-23,2025,25239.1,25169.5,10.4,BULL_CALL,25250.0,25400.0,149.05,76.85,72.2,75,5415.0,-72.2,-5415.0,63.32,-5478.32,0,45609.33000000001,Candidate C,10D Breakout Squeeze Debit Spread (W150),1
2025-09-25,2025-09-30,2025,24890.85,24611.1,10.52,BEAR_PUT,24900.0,24750.0,66.95,28.45,38.5,75,2887.5,111.5,8362.5,99.77,8262.73,1,53872.06000000001,Candidate C,10D Breakout Squeeze Debit Spread (W150),1
2025-10-09,2025-10-14,2025,25181.8,25145.5,10.31,BULL_CALL,25200.0,25350.0,91.15,31.8,59.35,75,4451.25,-59.35,-4451.25,55.24,-4506.49,0,49365.570000000014,Candidate C,10D Breakout Squeeze Debit Spread (W150),1
2025-10-15,2025-10-20,2025,25323.55,25843.15,11.16,BULL_CALL,25300.0,25450.0,153.7,69.45,84.25,75,6318.75,65.75,4931.25,155.08,4776.17,1,54141.74000000001,Candidate C,10D Breakout Squeeze Debit Spread (W150),1
2025-10-29,2025-11-04,2025,26053.9,25597.65,11.95,BULL_CALL,26050.0,26200.0,189.9,111.75,78.15,75,5861.25,-78.15,-5861.25,69.38,-5930.63,0,48211.110000000015,Candidate C,10D Breakout Squeeze Debit Spread (W150),1
2025-11-04,2025-11-11,2025,25597.65,25694.95,12.67,BEAR_PUT,25600.0,25450.0,125.9,71.25,54.65,75,4098.75,-54.65,-4098.75,61.57,-4160.32,0,44050.790000000015,Candidate C,10D Breakout Squeeze Debit Spread (W150),1
2025-11-14,2025-11-18,2025,25910.05,25910.05,12.16,BULL_CALL,25900.0,26050.0,112.05,53.6,58.45,75,4383.75,-48.4,-3630.0,60.2,-3690.2,0,40360.59000000002,Candidate C,10D Breakout Squeeze Debit Spread (W150),1
2025-11-19,2025-11-25,2025,26052.65,25884.8,12.1,BULL_CALL,26050.0,26200.0,154.55,85.5,69.05,75,5178.75,-69.05,-5178.75,64.6,-5243.35,0,35117.24000000002,Candidate C,10D Breakout Squeeze Debit Spread (W150),1
2025-11-26,2025-12-02,2025,26205.3,26032.2,12.24,BULL_CALL,26200.0,26350.0,146.5,75.6,70.9,75,5317.5,-70.9,-5317.5,63.05,-5380.55,0,29736.69000000002,Candidate C,10D Breakout Squeeze Debit Spread (W150),1
2025-12-09,2025-12-16,2025,25839.65,25860.1,11.13,BEAR_PUT,25850.0,25700.0,118.55,63.55,55.0,75,4125.0,-55.0,-4125.0,60.31,-4185.31,0,25551.38000000002,Candidate C,10D Breakout Squeeze Debit Spread (W150),1
2026-01-02,2026-01-06,2026,26328.55,26178.7,9.19,BULL_CALL,26350.0,26500.0,54.9,12.55,42.35,65,2752.75,-42.35,-2752.75,50.71,-2803.46,0,22747.92000000002,Candidate C,10D Breakout Squeeze Debit Spread (W150),1
2026-01-08,2026-01-13,2026,25876.85,25732.3,9.95,BEAR_PUT,25900.0,25750.0,86.7,36.95,49.75,65,3233.75,100.25,6516.25,75.27,6440.98,1,29188.90000000002,Candidate C,10D Breakout Squeeze Debit Spread (W150),1
2026-01-14,2026-01-20,2026,25665.6,25232.5,11.2,BEAR_PUT,25650.0,25500.0,107.85,56.5,51.35,65,3337.75,98.65,6412.25,117.64,6294.61,1,35483.51000000002,Candidate C,10D Breakout Squeeze Debit Spread (W150),1
2026-02-03,2026-02-10,2026,25727.55,25935.15,13.87,BULL_CALL,25750.0,25900.0,194.45,128.5,65.95,65,4286.75,84.05,5463.25,91.85,5371.4,1,40854.91000000002,Candidate C,10D Breakout Squeeze Debit Spread (W150),1
2026-02-19,2026-02-24,2026,25454.35,25424.65,12.22,BEAR_PUT,25450.0,25300.0,138.55,85.75,52.8,65,3432.0,-27.45,-1784.25,64.7,-1848.95,0,39005.96000000002,Candidate C,10D Breakout Squeeze Debit Spread (W150),1
2026-02-24,2026-03-02,2026,25424.65,24865.7,14.17,BEAR_PUT,25400.0,25250.0,149.6,97.85,51.75,65,3363.75,98.25,6386.25,142.07,6244.18,1,45250.14000000002,Candidate C,10D Breakout Squeeze Debit Spread (W150),1
2026-03-06,2026-03-10,2026,24450.45,24261.6,17.86,BEAR_PUT,24450.0,24300.0,228.45,170.4,58.05,65,3773.25,91.95,5976.75,98.07,5878.68,1,51128.82000000002,Candidate C,10D Breakout Squeeze Debit Spread (W150),1
2026-03-11,2026-03-17,2026,23866.85,23581.15,18.91,BEAR_PUT,23850.0,23700.0,275.65,217.3,58.35,65,3792.75,91.65,5957.25,117.55,5839.7,1,56968.52000000002,Candidate C,10D Breakout Squeeze Debit Spread (W150),1
2026-03-19,2026-03-24,2026,23002.15,22912.4,18.72,BEAR_PUT,23000.0,22850.0,254.2,199.6,54.6,65,3549.0,33.0,2145.0,88.59,2056.41,1,59024.93000000002,Candidate C,10D Breakout Squeeze Debit Spread (W150),1
2026-04-15,2026-04-21,2026,24231.3,24576.6,20.5,BULL_CALL,24250.0,24400.0,210.25,137.85,72.4,65,4706.0,77.6,5044.0,115.82,4928.18,1,63953.11000000002,Candidate C,10D Breakout Squeeze Debit Spread (W150),1
2026-05-29,2026-06-02,2026,23547.75,23483.55,14.98,BEAR_PUT,23550.0,23400.0,76.3,39.0,37.3,65,2424.5,29.15,1894.75,62.27,1832.48,1,65785.59000000003,Candidate C,10D Breakout Squeeze Debit Spread (W150),1
2026-06-05,2026-06-09,2026,23366.7,23242.1,15.89,BEAR_PUT,23350.0,23200.0,107.1,54.65,52.45,65,3409.25,55.45,3604.25,70.09,3534.16,1,69319.75000000003,Candidate C,10D Breakout Squeeze Debit Spread (W150),1
2026-06-12,2026-06-16,2026,23622.9,23989.15,15.61,BULL_CALL,23600.0,23750.0,166.6,95.05,71.55,65,4650.75,78.45,5099.25,119.52,4979.73,1,74299.48000000003,Candidate C,10D Breakout Squeeze Debit Spread (W150),1
2026-07-02,2026-07-07,2026,24175.7,24398.7,13.24,BULL_CALL,24200.0,24350.0,108.25,45.75,62.5,65,4062.5,87.5,5687.5,81.95,5605.55,1,79905.03000000003,Candidate C,10D Breakout Squeeze Debit Spread (W150),1
2026-07-23,2026-07-28,2026,23869.6,23985.35,13.29,BEAR_PUT,23850.0,23700.0,116.05,61.25,54.8,65,3562.0,-54.8,-3562.0,58.22,-3620.22,0,76284.81000000003,Candidate C,10D Breakout Squeeze Debit Spread (W150),1
2026-07-31,2026-08-04,2026,24383.6,24614.9,12.16,BULL_CALL,24400.0,24550.0,77.85,23.95,53.9,65,3503.5,96.1,6246.5,81.03,6165.47,1,82450.28000000003,Candidate C,10D Breakout Squeeze Debit Spread (W150),1
2026-08-14,2026-08-18,2026,24366.0,24154.9,11.42,BEAR_PUT,24350.0,24200.0,51.65,17.7,33.95,65,2206.75,116.05,7543.25,76.2,7467.05,1,89917.33000000003,Candidate C,10D Breakout Squeeze Debit Spread (W150),1
2026-09-01,2026-09-08,2026,24055.8,23635.1,11.19,BEAR_PUT,24050.0,23900.0,154.4,86.3,68.1,65,4426.5,81.9,5323.5,122.19,5201.31,1,95118.64000000003,Candidate C,10D Breakout Squeeze Debit Spread (W150),1
