trade_idx,signal_date,execution_date,equity_before,risk_budget,debit_per_lot,lots,effective_risk_pct,status,trade_net,equity_after,drawdown_inr,drawdown_pct,timing_mode,starting_capital
0,2021-09-23,2021-09-23,50000.0,2500.0,4292.5,1,8.58,EXECUTED,-4346.18,45653.82,4346.18,8.69,TEST_A_ORIGINAL,50000.0
1,2021-10-08,2021-10-08,45653.82,2282.69,3427.5,1,7.51,EXECUTED,8981.85,54635.67,0.0,0.0,TEST_A_ORIGINAL,50000.0
2,2021-10-28,2021-10-28,54635.67,2731.78,3327.5,1,6.09,EXECUTED,-3381.39,51254.28,3381.39,6.19,TEST_A_ORIGINAL,50000.0
3,2021-11-12,2021-11-12,51254.28,2562.71,3900.0,1,7.61,EXECUTED,-3951.27,47303.01,7332.66,13.42,TEST_A_ORIGINAL,50000.0
4,2021-11-18,2021-11-18,47303.01,2365.15,2825.0,1,5.97,EXECUTED,5296.2,52599.21,2036.46,3.73,TEST_A_ORIGINAL,50000.0
5,2021-11-26,2021-11-26,52599.21,2629.96,3772.5,1,7.17,EXECUTED,-3828.95,48770.26,5865.41,10.74,TEST_A_ORIGINAL,50000.0
6,2021-12-06,2021-12-06,48770.26,2438.51,3080.0,1,6.32,EXECUTED,-3132.28,45637.98,8997.69,16.47,TEST_A_ORIGINAL,50000.0
7,2021-12-20,2021-12-20,45637.98,2281.9,2885.0,1,6.32,EXECUTED,-2938.57,42699.41,11936.26,21.85,TEST_A_ORIGINAL,50000.0
8,2021-12-31,2021-12-31,42699.41,2134.97,4055.0,1,9.5,EXECUTED,8358.63,51058.04,3577.63,6.55,TEST_A_ORIGINAL,50000.0
9,2022-01-10,2022-01-10,51058.04,2552.9,3652.5,1,7.15,EXECUTED,6667.11,57725.15,0.0,0.0,TEST_A_ORIGINAL,50000.0
10,2022-01-17,2022-01-17,57725.15,2886.26,3625.0,1,6.28,EXECUTED,-3675.84,54049.31,3675.84,6.37,TEST_A_ORIGINAL,50000.0
11,2022-01-21,2022-01-21,54049.31,2702.47,3477.5,1,6.43,EXECUTED,8922.42,62971.73,0.0,0.0,TEST_A_ORIGINAL,50000.0
12,2022-01-27,2022-01-27,62971.73,3148.59,4717.5,1,7.49,EXECUTED,-4779.66,58192.07,4779.66,7.59,TEST_A_ORIGINAL,50000.0
13,2022-02-14,2022-02-14,58192.07,2909.6,3717.5,1,6.39,EXECUTED,-3774.57,54417.5,8554.23,13.58,TEST_A_ORIGINAL,50000.0
14,2022-03-29,2022-03-29,54417.5,2720.88,3100.0,1,5.7,EXECUTED,81.38,54498.88,8472.85,13.46,TEST_A_ORIGINAL,50000.0
15,2022-04-01,2022-04-01,54498.88,2724.94,4537.5,1,8.33,EXECUTED,-4590.47,49908.41,13063.32,20.74,TEST_A_ORIGINAL,50000.0
16,2022-04-18,2022-04-18,49908.41,2495.42,2947.5,1,5.91,EXECUTED,-2999.13,46909.28,16062.45,25.51,TEST_A_ORIGINAL,50000.0
17,2022-04-25,2022-04-25,46909.28,2345.46,3557.5,1,7.58,EXECUTED,-3611.14,43298.14,19673.59,31.24,TEST_A_ORIGINAL,50000.0
18,2022-05-06,2022-05-06,43298.14,2164.91,3797.5,1,8.77,EXECUTED,8587.29,51885.43,11086.3,17.61,TEST_A_ORIGINAL,50000.0
19,2022-05-27,2022-05-27,51885.43,2594.27,4280.0,1,8.25,EXECUTED,7045.28,58930.71,4041.02,6.42,TEST_A_ORIGINAL,50000.0
20,2022-06-10,2022-06-10,58930.71,2946.54,3730.0,1,6.33,EXECUTED,8627.37,67558.08,0.0,0.0,TEST_A_ORIGINAL,50000.0
21,2022-06-27,2022-06-27,67558.08,3377.9,3550.0,1,5.25,EXECUTED,-3601.55,63956.53,3601.55,5.33,TEST_A_ORIGINAL,50000.0
22,2022-07-18,2022-07-18,63956.53,3197.83,2860.0,1,4.47,EXECUTED,9566.69,73523.22,0.0,0.0,TEST_A_ORIGINAL,50000.0
23,2022-07-28,2022-07-28,73523.22,3676.16,3830.0,1,5.21,EXECUTED,8578.31,82101.53,0.0,0.0,TEST_A_ORIGINAL,50000.0
24,2022-08-05,2022-08-05,82101.53,4105.08,4147.5,1,5.05,EXECUTED,6230.63,88332.16,0.0,0.0,TEST_A_ORIGINAL,50000.0
25,2022-08-29,2022-08-29,88332.16,4416.61,3160.0,1,3.58,EXECUTED,-3211.95,85120.21,3211.95,3.64,TEST_A_ORIGINAL,50000.0
26,2022-09-08,2022-09-08,85120.21,4256.01,4475.0,1,5.26,EXECUTED,-3161.53,81958.68,6373.48,7.22,TEST_A_ORIGINAL,50000.0
27,2022-09-16,2022-09-16,81958.68,4097.93,4077.5,1,4.98,EXECUTED,-4132.83,77825.85,10506.31,11.89,TEST_A_ORIGINAL,50000.0
28,2022-09-23,2022-09-23,77825.85,3891.29,4382.5,1,5.63,EXECUTED,8009.35,85835.2,2496.96,2.83,TEST_A_ORIGINAL,50000.0
29,2022-10-18,2022-10-18,85835.2,4291.76,2767.5,1,3.22,EXECUTED,-2120.73,83714.47,4617.69,5.23,TEST_A_ORIGINAL,50000.0
30,2022-10-27,2022-10-27,83714.47,4185.72,4137.5,1,4.94,EXECUTED,8286.43,92000.9,0.0,0.0,TEST_A_ORIGINAL,50000.0
31,2022-11-07,2022-11-07,92000.9,4600.05,2952.5,1,3.21,EXECUTED,-3002.2,88998.7,3002.2,3.26,TEST_A_ORIGINAL,50000.0
32,2022-11-11,2022-11-11,88998.7,4449.94,3875.0,1,4.35,EXECUTED,-3926.16,85072.54,6928.36,7.53,TEST_A_ORIGINAL,50000.0
33,2022-11-24,2022-11-24,85072.54,4253.63,3510.0,1,4.13,EXECUTED,8914.7,93987.24,0.0,0.0,TEST_A_ORIGINAL,50000.0
34,2022-12-09,2022-12-09,93987.24,4699.36,2622.5,1,2.79,EXECUTED,-920.92,93066.32,920.92,0.98,TEST_A_ORIGINAL,50000.0
35,2022-12-15,2022-12-15,93066.32,4653.32,2860.0,1,3.07,EXECUTED,8200.73,101267.05,0.0,0.0,TEST_A_ORIGINAL,50000.0
36,2023-01-12,2023-01-12,101267.05,5063.35,3330.0,1,3.29,EXECUTED,-3382.64,97884.41,3382.64,3.34,TEST_A_ORIGINAL,50000.0
37,2023-01-27,2023-01-27,97884.41,4894.22,3870.0,1,3.95,EXECUTED,-3926.25,93958.16,7308.89,7.22,TEST_A_ORIGINAL,50000.0
38,2023-02-09,2023-02-09,93958.16,4697.91,3847.5,1,4.09,EXECUTED,385.72,94343.88,6923.17,6.84,TEST_A_ORIGINAL,50000.0
39,2023-03-13,2023-03-13,94343.88,4717.19,3062.5,1,3.25,EXECUTED,2595.32,96939.2,4327.85,4.27,TEST_A_ORIGINAL,50000.0
40,2023-03-24,2023-03-24,96939.2,4846.96,2995.0,1,3.09,EXECUTED,-3046.53,93892.67,7374.38,7.28,TEST_A_ORIGINAL,50000.0
41,2023-03-31,2023-03-31,93892.67,4694.63,3467.5,1,3.69,EXECUTED,6421.44,100314.11,952.94,0.94,TEST_A_ORIGINAL,50000.0
42,2023-04-27,2023-04-27,100314.11,5015.71,3477.5,1,3.47,EXECUTED,8942.51,109256.62,0.0,0.0,TEST_A_ORIGINAL,50000.0
43,2023-05-04,2023-05-04,109256.62,5462.83,3097.5,1,2.84,EXECUTED,-3147.6,106109.02,3147.6,2.88,TEST_A_ORIGINAL,50000.0
44,2023-05-15,2023-05-15,106109.02,5305.45,2397.5,2,4.52,EXECUTED,-4892.9,101216.12,8040.5,7.36,TEST_A_ORIGINAL,50000.0
45,2023-05-26,2023-05-26,101216.12,5060.81,2937.5,1,2.9,EXECUTED,-2987.09,98229.03,11027.59,10.09,TEST_A_ORIGINAL,50000.0
46,2023-06-16,2023-06-16,98229.03,4911.45,2682.5,1,2.73,EXECUTED,-2731.84,95497.19,13759.43,12.59,TEST_A_ORIGINAL,50000.0
47,2023-07-14,2023-07-14,95497.19,4774.86,3027.5,1,3.17,EXECUTED,9384.05,104881.24,4375.38,4.0,TEST_A_ORIGINAL,50000.0
48,2023-08-17,2023-08-17,104881.24,5244.06,2530.0,2,4.82,EXECUTED,-5160.48,99720.76,9535.86,8.73,TEST_A_ORIGINAL,50000.0
49,2023-08-25,2023-08-25,99720.76,4986.04,2717.5,1,2.73,EXECUTED,-2767.76,96953.0,12303.62,11.26,TEST_A_ORIGINAL,50000.0
50,2023-08-31,2023-08-31,96953.0,4847.65,1805.0,2,3.72,EXECUTED,-3709.36,93243.64,16012.98,14.66,TEST_A_ORIGINAL,50000.0
51,2023-09-22,2023-09-22,93243.64,4662.18,1937.5,2,4.16,EXECUTED,3656.96,96900.6,12356.02,11.31,TEST_A_ORIGINAL,50000.0
52,2023-09-28,2023-09-28,96900.6,4845.03,2202.5,2,4.55,EXECUTED,-4506.42,92394.18,16862.44,15.43,TEST_A_ORIGINAL,50000.0
53,2023-10-17,2023-10-17,92394.18,4619.71,2300.0,2,4.98,EXECUTED,-4697.8,87696.38,21560.24,19.73,TEST_A_ORIGINAL,50000.0
54,2023-10-23,2023-10-23,87696.38,4384.82,3170.0,1,3.61,EXECUTED,9239.14,96935.52,12321.1,11.28,TEST_A_ORIGINAL,50000.0
55,2023-11-13,2023-11-13,96935.52,4846.78,1917.5,2,3.96,EXECUTED,21017.92,117953.44,0.0,0.0,TEST_A_ORIGINAL,50000.0
56,2023-11-21,2023-11-21,117953.44,5897.67,1970.0,2,3.34,EXECUTED,-4037.48,113915.96,4037.48,3.42,TEST_A_ORIGINAL,50000.0
57,2023-11-28,2023-11-28,113915.96,5695.8,2510.0,2,4.41,EXECUTED,13163.46,127079.42,0.0,0.0,TEST_A_ORIGINAL,50000.0
58,2023-12-08,2023-12-08,127079.42,6353.97,4062.5,1,3.2,EXECUTED,5003.27,132082.69,0.0,0.0,TEST_A_ORIGINAL,50000.0
59,2023-12-14,2023-12-14,132082.69,6604.13,4637.5,1,3.51,EXECUTED,-4439.31,127643.38,4439.31,3.36,TEST_A_ORIGINAL,50000.0
60,2024-01-12,2024-01-12,127643.38,6382.17,4292.5,1,3.36,EXECUTED,-4345.22,123298.16,8784.53,6.65,TEST_A_ORIGINAL,50000.0
61,2024-01-18,2024-01-18,123298.16,6164.91,3200.0,1,2.6,EXECUTED,-887.8,122410.36,9672.33,7.32,TEST_A_ORIGINAL,50000.0
62,2024-02-02,2024-02-02,122410.36,6120.52,4642.5,1,3.79,EXECUTED,-4697.54,117712.82,14369.87,10.88,TEST_A_ORIGINAL,50000.0
63,2024-02-16,2024-02-16,117712.82,5885.64,4377.5,1,3.72,EXECUTED,1430.41,119143.23,12939.46,9.8,TEST_A_ORIGINAL,50000.0
64,2024-02-22,2024-02-22,119143.23,5957.16,5097.5,1,4.28,EXECUTED,-5153.46,113989.77,18092.92,13.7,TEST_A_ORIGINAL,50000.0
65,2024-03-01,2024-03-01,113989.77,5699.49,4665.0,1,4.09,EXECUTED,-50.02,113939.75,18142.94,13.74,TEST_A_ORIGINAL,50000.0
66,2024-03-19,2024-03-19,113939.75,5696.99,2780.0,2,4.88,EXECUTED,-5660.6,108279.15,23803.54,18.02,TEST_A_ORIGINAL,50000.0
67,2024-03-28,2024-03-28,108279.15,5413.96,4622.5,1,4.27,EXECUTED,1046.12,109325.27,22757.42,17.23,TEST_A_ORIGINAL,50000.0
68,2024-04-04,2024-04-04,109325.27,5466.26,4617.5,1,4.22,EXECUTED,5500.48,114825.75,17256.94,13.07,TEST_A_ORIGINAL,50000.0
69,2024-04-10,2024-04-10,114825.75,5741.29,4230.0,1,3.68,EXECUTED,-4282.6,110543.15,21539.54,16.31,TEST_A_ORIGINAL,50000.0
70,2024-04-29,2024-04-29,110543.15,5527.16,1817.5,3,4.93,EXECUTED,-5598.87,104944.28,27138.41,20.55,TEST_A_ORIGINAL,50000.0
71,2024-05-02,2024-05-02,104944.28,5247.21,2613.75,2,4.98,EXECUTED,-5329.52,99614.76,32467.93,24.58,TEST_A_ORIGINAL,50000.0
72,2024-05-09,2024-05-09,99614.76,4980.74,1686.25,2,3.39,EXECUTED,-3474.14,96140.62,35942.07,27.21,TEST_A_ORIGINAL,50000.0
73,2024-05-21,2024-05-21,96140.62,4807.03,1506.25,3,4.7,EXECUTED,14029.5,110170.12,21912.57,16.59,TEST_A_ORIGINAL,50000.0
74,2024-06-04,2024-06-04,110170.12,5508.51,2741.25,2,4.98,EXECUTED,-5599.92,104570.2,27512.49,20.83,TEST_A_ORIGINAL,50000.0
75,2024-06-07,2024-06-07,104570.2,5228.51,2520.0,2,4.82,EXECUTED,-2704.64,101865.56,30217.13,22.88,TEST_A_ORIGINAL,50000.0
76,2024-06-20,2024-06-20,101865.56,5093.28,2326.25,2,4.57,EXECUTED,7699.86,109565.42,22517.27,17.05,TEST_A_ORIGINAL,50000.0
77,2024-07-01,2024-07-01,109565.42,5478.27,1897.5,2,3.46,EXECUTED,1204.3,110769.72,21312.97,16.14,TEST_A_ORIGINAL,50000.0
78,2024-07-09,2024-07-09,110769.72,5538.49,1315.0,4,4.75,EXECUTED,-5452.92,105316.8,26765.89,20.26,TEST_A_ORIGINAL,50000.0
79,2024-07-12,2024-07-12,105316.8,5265.84,2011.25,2,3.82,EXECUTED,8355.44,113672.24,18410.45,13.94,TEST_A_ORIGINAL,50000.0
80,2024-07-26,2024-07-26,113672.24,5683.61,2208.75,2,3.89,EXECUTED,1017.32,114689.56,17393.13,13.17,TEST_A_ORIGINAL,50000.0
81,2024-08-05,2024-08-05,114689.56,5734.48,1541.25,3,4.03,EXECUTED,-4784.58,109904.98,22177.71,16.79,TEST_A_ORIGINAL,50000.0
82,2024-08-20,2024-08-20,109904.98,5495.25,1296.25,4,4.72,EXECUTED,760.56,110665.54,21417.15,16.21,TEST_A_ORIGINAL,50000.0
83,2024-09-12,2024-09-12,110665.54,5533.28,1597.5,3,4.33,EXECUTED,-4941.3,105724.24,26358.45,19.96,TEST_A_ORIGINAL,50000.0
84,2024-09-20,2024-09-20,105724.24,5286.21,1748.75,3,4.96,EXECUTED,13300.23,119024.47,13058.22,9.89,TEST_A_ORIGINAL,50000.0
85,2024-10-03,2024-10-03,119024.47,5951.22,1485.0,4,4.99,EXECUTED,13971.24,132995.71,0.0,0.0,TEST_A_ORIGINAL,50000.0
86,2024-10-17,2024-10-17,132995.71,6649.79,1606.25,4,4.83,EXECUTED,18311.76,151307.47,0.0,0.0,TEST_A_ORIGINAL,50000.0
87,2024-11-04,2024-11-04,151307.47,7565.37,2133.75,3,4.23,EXECUTED,-6561.3,144746.17,6561.3,4.34,TEST_A_ORIGINAL,50000.0
88,2024-11-12,2024-11-12,144746.17,7237.31,1617.5,4,4.47,EXECUTED,18270.32,163016.49,0.0,0.0,TEST_A_ORIGINAL,50000.0
89,2024-11-21,2024-11-21,163016.49,8150.82,2005.0,4,4.92,EXECUTED,-8233.88,154782.61,8233.88,5.05,TEST_A_ORIGINAL,50000.0
90,2024-12-02,2024-12-02,154782.61,7739.13,2315.0,3,4.49,EXECUTED,11598.45,166381.06,0.0,0.0,TEST_A_ORIGINAL,50000.0
91,2024-12-13,2024-12-13,166381.06,8319.05,2181.25,3,3.93,EXECUTED,-6696.33,159684.73,6696.33,4.02,TEST_A_ORIGINAL,50000.0
92,2025-01-09,2025-01-09,159684.73,7984.24,5636.25,1,3.53,EXECUTED,8391.3,168076.03,0.0,0.0,TEST_A_ORIGINAL,50000.0
93,2025-01-21,2025-01-21,168076.03,8403.8,3742.5,2,4.45,EXECUTED,-7591.64,160484.39,7591.64,4.52,TEST_A_ORIGINAL,50000.0
94,2025-01-27,2025-01-27,160484.39,8024.22,1963.75,4,4.89,EXECUTED,-8060.48,152423.91,15652.12,9.31,TEST_A_ORIGINAL,50000.0
95,2025-01-31,2025-01-31,152423.91,7621.2,8898.75,1,5.84,EXECUTED,-4979.96,147443.95,20632.08,12.28,TEST_A_ORIGINAL,50000.0
96,2025-02-20,2025-02-20,147443.95,7372.2,5373.75,1,3.64,EXECUTED,13272.69,160716.64,7359.39,4.38,TEST_A_ORIGINAL,50000.0
97,2025-03-18,2025-03-18,160716.64,8035.83,4436.25,1,2.76,EXECUTED,14220.76,174937.4,0.0,0.0,TEST_A_ORIGINAL,50000.0
98,2025-04-04,2025-04-04,174937.4,8746.87,5310.0,1,3.04,EXECUTED,13312.56,188249.96,0.0,0.0,TEST_A_ORIGINAL,50000.0
99,2025-04-17,2025-04-17,188249.96,9412.5,7016.25,1,3.73,EXECUTED,11618.24,199868.2,0.0,0.0,TEST_A_ORIGINAL,50000.0
100,2025-05-02,2025-05-02,199868.2,9993.41,6416.25,1,3.21,EXECUTED,-6475.67,193392.53,6475.67,3.24,TEST_A_ORIGINAL,50000.0
101,2025-05-09,2025-05-09,193392.53,9669.63,5407.5,1,2.8,EXECUTED,-5482.72,187909.81,11958.39,5.98,TEST_A_ORIGINAL,50000.0
102,2025-05-15,2025-05-15,187909.81,9395.49,7061.25,1,3.76,EXECUTED,-7125.17,180784.64,19083.56,9.55,TEST_A_ORIGINAL,50000.0
103,2025-06-03,2025-06-03,180784.64,9039.23,5043.75,1,2.79,EXECUTED,-5099.48,175685.16,24183.04,12.1,TEST_A_ORIGINAL,50000.0
104,2025-06-06,2025-06-06,175685.16,8784.26,7140.0,1,4.06,EXECUTED,-7201.88,168483.28,31384.92,15.7,TEST_A_ORIGINAL,50000.0
105,2025-07-10,2025-07-10,168483.28,8424.16,4811.25,1,2.86,EXECUTED,9247.65,177730.93,22137.27,11.08,TEST_A_ORIGINAL,50000.0
106,2025-07-18,2025-07-18,177730.93,8886.55,3795.0,2,4.27,EXECUTED,-7698.24,170032.69,29835.51,14.93,TEST_A_ORIGINAL,50000.0
107,2025-07-25,2025-07-25,170032.69,8501.63,4886.25,1,2.87,EXECUTED,-2572.33,167460.36,32407.84,16.21,TEST_A_ORIGINAL,50000.0
108,2025-08-01,2025-08-01,167460.36,8373.02,5107.5,1,3.05,EXECUTED,-5166.0,162294.36,37573.84,18.8,TEST_A_ORIGINAL,50000.0
109,2025-08-08,2025-08-08,162294.36,8114.72,4248.75,1,2.62,EXECUTED,-4303.9,157990.46,41877.74,20.95,TEST_A_ORIGINAL,50000.0
110,2025-08-18,2025-08-18,157990.46,7899.52,5748.75,1,3.64,EXECUTED,4208.95,162199.41,37668.79,18.85,TEST_A_ORIGINAL,50000.0
111,2025-08-29,2025-08-29,162199.41,8109.97,3551.25,2,4.38,EXECUTED,-7205.58,154993.83,44874.37,22.45,TEST_A_ORIGINAL,50000.0
112,2025-09-10,2025-09-10,154993.83,7749.69,6607.5,1,4.26,EXECUTED,11235.68,166229.51,33638.69,16.83,TEST_A_ORIGINAL,50000.0
113,2025-09-16,2025-09-16,166229.51,8311.48,6446.25,1,3.88,EXECUTED,-6503.21,159726.3,40141.9,20.08,TEST_A_ORIGINAL,50000.0
114,2025-09-25,2025-09-25,159726.3,7986.32,2876.25,2,3.6,EXECUTED,29914.4,189640.7,10227.5,5.12,TEST_A_ORIGINAL,50000.0
115,2025-10-09,2025-10-09,189640.7,9482.04,4218.75,2,4.45,EXECUTED,-8540.46,181100.24,18767.96,9.39,TEST_A_ORIGINAL,50000.0
116,2025-10-15,2025-10-15,181100.24,9055.01,7350.0,1,4.06,EXECUTED,11265.37,192365.61,7502.59,3.75,TEST_A_ORIGINAL,50000.0
117,2025-10-29,2025-10-29,192365.61,9618.28,7721.25,1,4.01,EXECUTED,-7782.94,184582.67,15285.53,7.65,TEST_A_ORIGINAL,50000.0
118,2025-11-04,2025-11-04,184582.67,9229.13,4980.0,1,2.7,EXECUTED,-5036.68,179545.99,20322.21,10.17,TEST_A_ORIGINAL,50000.0
119,2025-11-14,2025-11-14,179545.99,8977.3,5088.75,1,2.83,EXECUTED,-5142.9,174403.09,25465.11,12.74,TEST_A_ORIGINAL,50000.0
120,2025-11-19,2025-11-19,174403.09,8720.15,6577.5,1,3.77,EXECUTED,-6635.59,167767.5,32100.7,16.06,TEST_A_ORIGINAL,50000.0
121,2025-11-26,2025-11-26,167767.5,8388.38,6453.75,1,3.85,EXECUTED,-6510.53,161256.97,38611.23,19.32,TEST_A_ORIGINAL,50000.0
122,2025-12-09,2025-12-09,161256.97,8062.85,4923.75,1,3.05,EXECUTED,-4979.29,156277.68,43590.52,21.81,TEST_A_ORIGINAL,50000.0
123,2026-01-02,2026-01-02,156277.68,7813.88,2132.0,3,4.09,EXECUTED,-6542.73,149734.95,50133.25,25.08,TEST_A_ORIGINAL,50000.0
124,2026-01-08,2026-01-08,149734.95,7486.75,3321.5,2,4.44,EXECUTED,8526.82,158261.77,41606.43,20.82,TEST_A_ORIGINAL,50000.0
125,2026-01-14,2026-01-14,158261.77,7913.09,3789.5,2,4.79,EXECUTED,24716.48,182978.25,16889.95,8.45,TEST_A_ORIGINAL,50000.0
126,2026-02-03,2026-02-03,182978.25,9148.91,5720.0,1,3.13,EXECUTED,2986.1,185964.35,13903.85,6.96,TEST_A_ORIGINAL,50000.0
127,2026-02-19,2026-02-19,185964.35,9298.22,4504.5,2,4.84,EXECUTED,-9124.16,176840.19,23028.01,11.52,TEST_A_ORIGINAL,50000.0
128,2026-02-24,2026-02-24,176840.19,8842.01,4381.0,2,4.95,EXECUTED,23485.82,200326.01,0.0,0.0,TEST_A_ORIGINAL,50000.0
129,2026-03-06,2026-03-06,200326.01,10016.3,5388.5,1,2.69,EXECUTED,3522.44,203848.45,0.0,0.0,TEST_A_ORIGINAL,50000.0
130,2026-03-11,2026-03-11,203848.45,10192.42,5486.0,1,2.69,EXECUTED,8637.97,212486.42,0.0,0.0,TEST_A_ORIGINAL,50000.0
131,2026-03-19,2026-03-19,212486.42,10624.32,5661.5,1,2.66,EXECUTED,-3294.49,209191.93,3294.49,1.55,TEST_A_ORIGINAL,50000.0
132,2026-04-15,2026-04-15,209191.93,10459.6,6480.5,1,3.1,EXECUTED,9671.99,218863.92,0.0,0.0,TEST_A_ORIGINAL,50000.0
133,2026-05-29,2026-05-29,218863.92,10943.2,2804.75,3,3.84,EXECUTED,-5367.21,213496.71,5367.21,2.45,TEST_A_ORIGINAL,50000.0
134,2026-06-05,2026-06-05,213496.71,10674.84,4020.25,2,3.77,EXECUTED,-634.02,212862.69,6001.23,2.74,TEST_A_ORIGINAL,50000.0
135,2026-06-12,2026-06-12,212862.69,10643.13,5970.25,1,2.8,EXECUTED,10177.8,223040.49,0.0,0.0,TEST_A_ORIGINAL,50000.0
136,2026-07-02,2026-07-02,223040.49,11152.02,4452.5,2,3.99,EXECUTED,10286.08,233326.57,0.0,0.0,TEST_A_ORIGINAL,50000.0
137,2026-07-23,2026-07-23,233326.57,11666.33,4192.5,2,3.59,EXECUTED,-8493.4,224833.17,8493.4,3.64,TEST_A_ORIGINAL,50000.0
138,2026-07-31,2026-07-31,224833.17,11241.66,3185.0,3,4.25,EXECUTED,22391.25,247224.42,0.0,0.0,TEST_A_ORIGINAL,50000.0
139,2026-08-14,2026-08-14,247224.42,12361.22,1940.25,6,4.71,EXECUTED,44546.94,291771.36,0.0,0.0,TEST_A_ORIGINAL,50000.0
140,2026-09-01,2026-09-01,291771.36,14588.57,5434.0,2,3.72,EXECUTED,21421.72,313193.08,0.0,0.0,TEST_A_ORIGINAL,50000.0
0,2021-09-23,2021-09-23,75000.0,3750.0,4292.5,1,5.72,EXECUTED,-4346.18,70653.82,4346.18,5.79,TEST_A_ORIGINAL,75000.0
1,2021-10-08,2021-10-08,70653.82,3532.69,3427.5,1,4.85,EXECUTED,8981.85,79635.67,0.0,0.0,TEST_A_ORIGINAL,75000.0
2,2021-10-28,2021-10-28,79635.67,3981.78,3327.5,1,4.18,EXECUTED,-3381.39,76254.28,3381.39,4.25,TEST_A_ORIGINAL,75000.0
3,2021-11-12,2021-11-12,76254.28,3812.71,3900.0,1,5.11,EXECUTED,-3951.27,72303.01,7332.66,9.21,TEST_A_ORIGINAL,75000.0
4,2021-11-18,2021-11-18,72303.01,3615.15,2825.0,1,3.91,EXECUTED,5296.2,77599.21,2036.46,2.56,TEST_A_ORIGINAL,75000.0
5,2021-11-26,2021-11-26,77599.21,3879.96,3772.5,1,4.86,EXECUTED,-3828.95,73770.26,5865.41,7.37,TEST_A_ORIGINAL,75000.0
6,2021-12-06,2021-12-06,73770.26,3688.51,3080.0,1,4.18,EXECUTED,-3132.28,70637.98,8997.69,11.3,TEST_A_ORIGINAL,75000.0
7,2021-12-20,2021-12-20,70637.98,3531.9,2885.0,1,4.08,EXECUTED,-2938.57,67699.41,11936.26,14.99,TEST_A_ORIGINAL,75000.0
8,2021-12-31,2021-12-31,67699.41,3384.97,4055.0,1,5.99,EXECUTED,8358.63,76058.04,3577.63,4.49,TEST_A_ORIGINAL,75000.0
9,2022-01-10,2022-01-10,76058.04,3802.9,3652.5,1,4.8,EXECUTED,6667.11,82725.15,0.0,0.0,TEST_A_ORIGINAL,75000.0
10,2022-01-17,2022-01-17,82725.15,4136.26,3625.0,1,4.38,EXECUTED,-3675.84,79049.31,3675.84,4.44,TEST_A_ORIGINAL,75000.0
11,2022-01-21,2022-01-21,79049.31,3952.47,3477.5,1,4.4,EXECUTED,8922.42,87971.73,0.0,0.0,TEST_A_ORIGINAL,75000.0
12,2022-01-27,2022-01-27,87971.73,4398.59,4717.5,1,5.36,EXECUTED,-4779.66,83192.07,4779.66,5.43,TEST_A_ORIGINAL,75000.0
13,2022-02-14,2022-02-14,83192.07,4159.6,3717.5,1,4.47,EXECUTED,-3774.57,79417.5,8554.23,9.72,TEST_A_ORIGINAL,75000.0
14,2022-03-29,2022-03-29,79417.5,3970.88,3100.0,1,3.9,EXECUTED,81.38,79498.88,8472.85,9.63,TEST_A_ORIGINAL,75000.0
15,2022-04-01,2022-04-01,79498.88,3974.94,4537.5,1,5.71,EXECUTED,-4590.47,74908.41,13063.32,14.85,TEST_A_ORIGINAL,75000.0
16,2022-04-18,2022-04-18,74908.41,3745.42,2947.5,1,3.93,EXECUTED,-2999.13,71909.28,16062.45,18.26,TEST_A_ORIGINAL,75000.0
17,2022-04-25,2022-04-25,71909.28,3595.46,3557.5,1,4.95,EXECUTED,-3611.14,68298.14,19673.59,22.36,TEST_A_ORIGINAL,75000.0
18,2022-05-06,2022-05-06,68298.14,3414.91,3797.5,1,5.56,EXECUTED,8587.29,76885.43,11086.3,12.6,TEST_A_ORIGINAL,75000.0
19,2022-05-27,2022-05-27,76885.43,3844.27,4280.0,1,5.57,EXECUTED,7045.28,83930.71,4041.02,4.59,TEST_A_ORIGINAL,75000.0
20,2022-06-10,2022-06-10,83930.71,4196.54,3730.0,1,4.44,EXECUTED,8627.37,92558.08,0.0,0.0,TEST_A_ORIGINAL,75000.0
21,2022-06-27,2022-06-27,92558.08,4627.9,3550.0,1,3.84,EXECUTED,-3601.55,88956.53,3601.55,3.89,TEST_A_ORIGINAL,75000.0
22,2022-07-18,2022-07-18,88956.53,4447.83,2860.0,1,3.22,EXECUTED,9566.69,98523.22,0.0,0.0,TEST_A_ORIGINAL,75000.0
23,2022-07-28,2022-07-28,98523.22,4926.16,3830.0,1,3.89,EXECUTED,8578.31,107101.53,0.0,0.0,TEST_A_ORIGINAL,75000.0
24,2022-08-05,2022-08-05,107101.53,5355.08,4147.5,1,3.87,EXECUTED,6230.63,113332.16,0.0,0.0,TEST_A_ORIGINAL,75000.0
25,2022-08-29,2022-08-29,113332.16,5666.61,3160.0,1,2.79,EXECUTED,-3211.95,110120.21,3211.95,2.83,TEST_A_ORIGINAL,75000.0
26,2022-09-08,2022-09-08,110120.21,5506.01,4475.0,1,4.06,EXECUTED,-3161.53,106958.68,6373.48,5.62,TEST_A_ORIGINAL,75000.0
27,2022-09-16,2022-09-16,106958.68,5347.93,4077.5,1,3.81,EXECUTED,-4132.83,102825.85,10506.31,9.27,TEST_A_ORIGINAL,75000.0
28,2022-09-23,2022-09-23,102825.85,5141.29,4382.5,1,4.26,EXECUTED,8009.35,110835.2,2496.96,2.2,TEST_A_ORIGINAL,75000.0
29,2022-10-18,2022-10-18,110835.2,5541.76,2767.5,2,4.99,EXECUTED,-4241.46,106593.74,6738.42,5.95,TEST_A_ORIGINAL,75000.0
30,2022-10-27,2022-10-27,106593.74,5329.69,4137.5,1,3.88,EXECUTED,8286.43,114880.17,0.0,0.0,TEST_A_ORIGINAL,75000.0
31,2022-11-07,2022-11-07,114880.17,5744.01,2952.5,1,2.57,EXECUTED,-3002.2,111877.97,3002.2,2.61,TEST_A_ORIGINAL,75000.0
32,2022-11-11,2022-11-11,111877.97,5593.9,3875.0,1,3.46,EXECUTED,-3926.16,107951.81,6928.36,6.03,TEST_A_ORIGINAL,75000.0
33,2022-11-24,2022-11-24,107951.81,5397.59,3510.0,1,3.25,EXECUTED,8914.7,116866.51,0.0,0.0,TEST_A_ORIGINAL,75000.0
34,2022-12-09,2022-12-09,116866.51,5843.33,2622.5,2,4.49,EXECUTED,-1841.84,115024.67,1841.84,1.58,TEST_A_ORIGINAL,75000.0
35,2022-12-15,2022-12-15,115024.67,5751.23,2860.0,2,4.97,EXECUTED,16401.46,131426.13,0.0,0.0,TEST_A_ORIGINAL,75000.0
36,2023-01-12,2023-01-12,131426.13,6571.31,3330.0,1,2.53,EXECUTED,-3382.64,128043.49,3382.64,2.57,TEST_A_ORIGINAL,75000.0
37,2023-01-27,2023-01-27,128043.49,6402.17,3870.0,1,3.02,EXECUTED,-3926.25,124117.24,7308.89,5.56,TEST_A_ORIGINAL,75000.0
38,2023-02-09,2023-02-09,124117.24,6205.86,3847.5,1,3.1,EXECUTED,385.72,124502.96,6923.17,5.27,TEST_A_ORIGINAL,75000.0
39,2023-03-13,2023-03-13,124502.96,6225.15,3062.5,2,4.92,EXECUTED,5190.64,129693.6,1732.53,1.32,TEST_A_ORIGINAL,75000.0
40,2023-03-24,2023-03-24,129693.6,6484.68,2995.0,2,4.62,EXECUTED,-6093.06,123600.54,7825.59,5.95,TEST_A_ORIGINAL,75000.0
41,2023-03-31,2023-03-31,123600.54,6180.03,3467.5,1,2.81,EXECUTED,6421.44,130021.98,1404.15,1.07,TEST_A_ORIGINAL,75000.0
42,2023-04-27,2023-04-27,130021.98,6501.1,3477.5,1,2.67,EXECUTED,8942.51,138964.49,0.0,0.0,TEST_A_ORIGINAL,75000.0
43,2023-05-04,2023-05-04,138964.49,6948.22,3097.5,2,4.46,EXECUTED,-6295.2,132669.29,6295.2,4.53,TEST_A_ORIGINAL,75000.0
44,2023-05-15,2023-05-15,132669.29,6633.46,2397.5,2,3.61,EXECUTED,-4892.9,127776.39,11188.1,8.05,TEST_A_ORIGINAL,75000.0
45,2023-05-26,2023-05-26,127776.39,6388.82,2937.5,2,4.6,EXECUTED,-5974.18,121802.21,17162.28,12.35,TEST_A_ORIGINAL,75000.0
46,2023-06-16,2023-06-16,121802.21,6090.11,2682.5,2,4.4,EXECUTED,-5463.68,116338.53,22625.96,16.28,TEST_A_ORIGINAL,75000.0
47,2023-07-14,2023-07-14,116338.53,5816.93,3027.5,1,2.6,EXECUTED,9384.05,125722.58,13241.91,9.53,TEST_A_ORIGINAL,75000.0
48,2023-08-17,2023-08-17,125722.58,6286.13,2530.0,2,4.02,EXECUTED,-5160.48,120562.1,18402.39,13.24,TEST_A_ORIGINAL,75000.0
49,2023-08-25,2023-08-25,120562.1,6028.11,2717.5,2,4.51,EXECUTED,-5535.52,115026.58,23937.91,17.23,TEST_A_ORIGINAL,75000.0
50,2023-08-31,2023-08-31,115026.58,5751.33,1805.0,3,4.71,EXECUTED,-5564.04,109462.54,29501.95,21.23,TEST_A_ORIGINAL,75000.0
51,2023-09-22,2023-09-22,109462.54,5473.13,1937.5,2,3.54,EXECUTED,3656.96,113119.5,25844.99,18.6,TEST_A_ORIGINAL,75000.0
52,2023-09-28,2023-09-28,113119.5,5655.98,2202.5,2,3.89,EXECUTED,-4506.42,108613.08,30351.41,21.84,TEST_A_ORIGINAL,75000.0
53,2023-10-17,2023-10-17,108613.08,5430.65,2300.0,2,4.24,EXECUTED,-4697.8,103915.28,35049.21,25.22,TEST_A_ORIGINAL,75000.0
54,2023-10-23,2023-10-23,103915.28,5195.76,3170.0,1,3.05,EXECUTED,9239.14,113154.42,25810.07,18.57,TEST_A_ORIGINAL,75000.0
55,2023-11-13,2023-11-13,113154.42,5657.72,1917.5,2,3.39,EXECUTED,21017.92,134172.34,4792.15,3.45,TEST_A_ORIGINAL,75000.0
56,2023-11-21,2023-11-21,134172.34,6708.62,1970.0,3,4.4,EXECUTED,-6056.22,128116.12,10848.37,7.81,TEST_A_ORIGINAL,75000.0
57,2023-11-28,2023-11-28,128116.12,6405.81,2510.0,2,3.92,EXECUTED,13163.46,141279.58,0.0,0.0,TEST_A_ORIGINAL,75000.0
58,2023-12-08,2023-12-08,141279.58,7063.98,4062.5,1,2.88,EXECUTED,5003.27,146282.85,0.0,0.0,TEST_A_ORIGINAL,75000.0
59,2023-12-14,2023-12-14,146282.85,7314.14,4637.5,1,3.17,EXECUTED,-4439.31,141843.54,4439.31,3.03,TEST_A_ORIGINAL,75000.0
60,2024-01-12,2024-01-12,141843.54,7092.18,4292.5,1,3.03,EXECUTED,-4345.22,137498.32,8784.53,6.01,TEST_A_ORIGINAL,75000.0
61,2024-01-18,2024-01-18,137498.32,6874.92,3200.0,2,4.65,EXECUTED,-1775.6,135722.72,10560.13,7.22,TEST_A_ORIGINAL,75000.0
62,2024-02-02,2024-02-02,135722.72,6786.14,4642.5,1,3.42,EXECUTED,-4697.54,131025.18,15257.67,10.43,TEST_A_ORIGINAL,75000.0
63,2024-02-16,2024-02-16,131025.18,6551.26,4377.5,1,3.34,EXECUTED,1430.41,132455.59,13827.26,9.45,TEST_A_ORIGINAL,75000.0
64,2024-02-22,2024-02-22,132455.59,6622.78,5097.5,1,3.85,EXECUTED,-5153.46,127302.13,18980.72,12.98,TEST_A_ORIGINAL,75000.0
65,2024-03-01,2024-03-01,127302.13,6365.11,4665.0,1,3.66,EXECUTED,-50.02,127252.11,19030.74,13.01,TEST_A_ORIGINAL,75000.0
66,2024-03-19,2024-03-19,127252.11,6362.61,2780.0,2,4.37,EXECUTED,-5660.6,121591.51,24691.34,16.88,TEST_A_ORIGINAL,75000.0
67,2024-03-28,2024-03-28,121591.51,6079.58,4622.5,1,3.8,EXECUTED,1046.12,122637.63,23645.22,16.16,TEST_A_ORIGINAL,75000.0
68,2024-04-04,2024-04-04,122637.63,6131.88,4617.5,1,3.77,EXECUTED,5500.48,128138.11,18144.74,12.4,TEST_A_ORIGINAL,75000.0
69,2024-04-10,2024-04-10,128138.11,6406.91,4230.0,1,3.3,EXECUTED,-4282.6,123855.51,22427.34,15.33,TEST_A_ORIGINAL,75000.0
70,2024-04-29,2024-04-29,123855.51,6192.78,1817.5,3,4.4,EXECUTED,-5598.87,118256.64,28026.21,19.16,TEST_A_ORIGINAL,75000.0
71,2024-05-02,2024-05-02,118256.64,5912.83,2613.75,2,4.42,EXECUTED,-5329.52,112927.12,33355.73,22.8,TEST_A_ORIGINAL,75000.0
72,2024-05-09,2024-05-09,112927.12,5646.36,1686.25,3,4.48,EXECUTED,-5211.21,107715.91,38566.94,26.36,TEST_A_ORIGINAL,75000.0
73,2024-05-21,2024-05-21,107715.91,5385.8,1506.25,3,4.2,EXECUTED,14029.5,121745.41,24537.44,16.77,TEST_A_ORIGINAL,75000.0
74,2024-06-04,2024-06-04,121745.41,6087.27,2741.25,2,4.5,EXECUTED,-5599.92,116145.49,30137.36,20.6,TEST_A_ORIGINAL,75000.0
75,2024-06-07,2024-06-07,116145.49,5807.27,2520.0,2,4.34,EXECUTED,-2704.64,113440.85,32842.0,22.45,TEST_A_ORIGINAL,75000.0
76,2024-06-20,2024-06-20,113440.85,5672.04,2326.25,2,4.1,EXECUTED,7699.86,121140.71,25142.14,17.19,TEST_A_ORIGINAL,75000.0
77,2024-07-01,2024-07-01,121140.71,6057.04,1897.5,3,4.7,EXECUTED,1806.45,122947.16,23335.69,15.95,TEST_A_ORIGINAL,75000.0
78,2024-07-09,2024-07-09,122947.16,6147.36,1315.0,4,4.28,EXECUTED,-5452.92,117494.24,28788.61,19.68,TEST_A_ORIGINAL,75000.0
79,2024-07-12,2024-07-12,117494.24,5874.71,2011.25,2,3.42,EXECUTED,8355.44,125849.68,20433.17,13.97,TEST_A_ORIGINAL,75000.0
80,2024-07-26,2024-07-26,125849.68,6292.48,2208.75,2,3.51,EXECUTED,1017.32,126867.0,19415.85,13.27,TEST_A_ORIGINAL,75000.0
81,2024-08-05,2024-08-05,126867.0,6343.35,1541.25,4,4.86,EXECUTED,-6379.44,120487.56,25795.29,17.63,TEST_A_ORIGINAL,75000.0
82,2024-08-20,2024-08-20,120487.56,6024.38,1296.25,4,4.3,EXECUTED,760.56,121248.12,25034.73,17.11,TEST_A_ORIGINAL,75000.0
83,2024-09-12,2024-09-12,121248.12,6062.41,1597.5,3,3.95,EXECUTED,-4941.3,116306.82,29976.03,20.49,TEST_A_ORIGINAL,75000.0
84,2024-09-20,2024-09-20,116306.82,5815.34,1748.75,3,4.51,EXECUTED,13300.23,129607.05,16675.8,11.4,TEST_A_ORIGINAL,75000.0
85,2024-10-03,2024-10-03,129607.05,6480.35,1485.0,4,4.58,EXECUTED,13971.24,143578.29,2704.56,1.85,TEST_A_ORIGINAL,75000.0
86,2024-10-17,2024-10-17,143578.29,7178.91,1606.25,4,4.47,EXECUTED,18311.76,161890.05,0.0,0.0,TEST_A_ORIGINAL,75000.0
87,2024-11-04,2024-11-04,161890.05,8094.5,2133.75,3,3.95,EXECUTED,-6561.3,155328.75,6561.3,4.05,TEST_A_ORIGINAL,75000.0
88,2024-11-12,2024-11-12,155328.75,7766.44,1617.5,4,4.17,EXECUTED,18270.32,173599.07,0.0,0.0,TEST_A_ORIGINAL,75000.0
89,2024-11-21,2024-11-21,173599.07,8679.95,2005.0,4,4.62,EXECUTED,-8233.88,165365.19,8233.88,4.74,TEST_A_ORIGINAL,75000.0
90,2024-12-02,2024-12-02,165365.19,8268.26,2315.0,3,4.2,EXECUTED,11598.45,176963.64,0.0,0.0,TEST_A_ORIGINAL,75000.0
91,2024-12-13,2024-12-13,176963.64,8848.18,2181.25,4,4.93,EXECUTED,-8928.44,168035.2,8928.44,5.05,TEST_A_ORIGINAL,75000.0
92,2025-01-09,2025-01-09,168035.2,8401.76,5636.25,1,3.35,EXECUTED,8391.3,176426.5,537.14,0.3,TEST_A_ORIGINAL,75000.0
93,2025-01-21,2025-01-21,176426.5,8821.32,3742.5,2,4.24,EXECUTED,-7591.64,168834.86,8128.78,4.59,TEST_A_ORIGINAL,75000.0
94,2025-01-27,2025-01-27,168834.86,8441.74,1963.75,4,4.65,EXECUTED,-8060.48,160774.38,16189.26,9.15,TEST_A_ORIGINAL,75000.0
95,2025-01-31,2025-01-31,160774.38,8038.72,8898.75,1,5.53,EXECUTED,-4979.96,155794.42,21169.22,11.96,TEST_A_ORIGINAL,75000.0
96,2025-02-20,2025-02-20,155794.42,7789.72,5373.75,1,3.45,EXECUTED,13272.69,169067.11,7896.53,4.46,TEST_A_ORIGINAL,75000.0
97,2025-03-18,2025-03-18,169067.11,8453.36,4436.25,1,2.62,EXECUTED,14220.76,183287.87,0.0,0.0,TEST_A_ORIGINAL,75000.0
98,2025-04-04,2025-04-04,183287.87,9164.39,5310.0,1,2.9,EXECUTED,13312.56,196600.43,0.0,0.0,TEST_A_ORIGINAL,75000.0
99,2025-04-17,2025-04-17,196600.43,9830.02,7016.25,1,3.57,EXECUTED,11618.24,208218.67,0.0,0.0,TEST_A_ORIGINAL,75000.0
100,2025-05-02,2025-05-02,208218.67,10410.93,6416.25,1,3.08,EXECUTED,-6475.67,201743.0,6475.67,3.11,TEST_A_ORIGINAL,75000.0
101,2025-05-09,2025-05-09,201743.0,10087.15,5407.5,1,2.68,EXECUTED,-5482.72,196260.28,11958.39,5.74,TEST_A_ORIGINAL,75000.0
102,2025-05-15,2025-05-15,196260.28,9813.01,7061.25,1,3.6,EXECUTED,-7125.17,189135.11,19083.56,9.17,TEST_A_ORIGINAL,75000.0
103,2025-06-03,2025-06-03,189135.11,9456.76,5043.75,1,2.67,EXECUTED,-5099.48,184035.63,24183.04,11.61,TEST_A_ORIGINAL,75000.0
104,2025-06-06,2025-06-06,184035.63,9201.78,7140.0,1,3.88,EXECUTED,-7201.88,176833.75,31384.92,15.07,TEST_A_ORIGINAL,75000.0
105,2025-07-10,2025-07-10,176833.75,8841.69,4811.25,1,2.72,EXECUTED,9247.65,186081.4,22137.27,10.63,TEST_A_ORIGINAL,75000.0
106,2025-07-18,2025-07-18,186081.4,9304.07,3795.0,2,4.08,EXECUTED,-7698.24,178383.16,29835.51,14.33,TEST_A_ORIGINAL,75000.0
107,2025-07-25,2025-07-25,178383.16,8919.16,4886.25,1,2.74,EXECUTED,-2572.33,175810.83,32407.84,15.56,TEST_A_ORIGINAL,75000.0
108,2025-08-01,2025-08-01,175810.83,8790.54,5107.5,1,2.91,EXECUTED,-5166.0,170644.83,37573.84,18.05,TEST_A_ORIGINAL,75000.0
109,2025-08-08,2025-08-08,170644.83,8532.24,4248.75,2,4.98,EXECUTED,-8607.8,162037.03,46181.64,22.18,TEST_A_ORIGINAL,75000.0
110,2025-08-18,2025-08-18,162037.03,8101.85,5748.75,1,3.55,EXECUTED,4208.95,166245.98,41972.69,20.16,TEST_A_ORIGINAL,75000.0
111,2025-08-29,2025-08-29,166245.98,8312.3,3551.25,2,4.27,EXECUTED,-7205.58,159040.4,49178.27,23.62,TEST_A_ORIGINAL,75000.0
112,2025-09-10,2025-09-10,159040.4,7952.02,6607.5,1,4.15,EXECUTED,11235.68,170276.08,37942.59,18.22,TEST_A_ORIGINAL,75000.0
113,2025-09-16,2025-09-16,170276.08,8513.8,6446.25,1,3.79,EXECUTED,-6503.21,163772.87,44445.8,21.35,TEST_A_ORIGINAL,75000.0
114,2025-09-25,2025-09-25,163772.87,8188.64,2876.25,2,3.51,EXECUTED,29914.4,193687.27,14531.4,6.98,TEST_A_ORIGINAL,75000.0
115,2025-10-09,2025-10-09,193687.27,9684.36,4218.75,2,4.36,EXECUTED,-8540.46,185146.81,23071.86,11.08,TEST_A_ORIGINAL,75000.0
116,2025-10-15,2025-10-15,185146.81,9257.34,7350.0,1,3.97,EXECUTED,11265.37,196412.18,11806.49,5.67,TEST_A_ORIGINAL,75000.0
117,2025-10-29,2025-10-29,196412.18,9820.61,7721.25,1,3.93,EXECUTED,-7782.94,188629.24,19589.43,9.41,TEST_A_ORIGINAL,75000.0
118,2025-11-04,2025-11-04,188629.24,9431.46,4980.0,1,2.64,EXECUTED,-5036.68,183592.56,24626.11,11.83,TEST_A_ORIGINAL,75000.0
119,2025-11-14,2025-11-14,183592.56,9179.63,5088.75,1,2.77,EXECUTED,-5142.9,178449.66,29769.01,14.3,TEST_A_ORIGINAL,75000.0
120,2025-11-19,2025-11-19,178449.66,8922.48,6577.5,1,3.69,EXECUTED,-6635.59,171814.07,36404.6,17.48,TEST_A_ORIGINAL,75000.0
121,2025-11-26,2025-11-26,171814.07,8590.7,6453.75,1,3.76,EXECUTED,-6510.53,165303.54,42915.13,20.61,TEST_A_ORIGINAL,75000.0
122,2025-12-09,2025-12-09,165303.54,8265.18,4923.75,1,2.98,EXECUTED,-4979.29,160324.25,47894.42,23.0,TEST_A_ORIGINAL,75000.0
123,2026-01-02,2026-01-02,160324.25,8016.21,2132.0,3,3.99,EXECUTED,-6542.73,153781.52,54437.15,26.14,TEST_A_ORIGINAL,75000.0
124,2026-01-08,2026-01-08,153781.52,7689.08,3321.5,2,4.32,EXECUTED,8526.82,162308.34,45910.33,22.05,TEST_A_ORIGINAL,75000.0
125,2026-01-14,2026-01-14,162308.34,8115.42,3789.5,2,4.67,EXECUTED,24716.48,187024.82,21193.85,10.18,TEST_A_ORIGINAL,75000.0
126,2026-02-03,2026-02-03,187024.82,9351.24,5720.0,1,3.06,EXECUTED,2986.1,190010.92,18207.75,8.74,TEST_A_ORIGINAL,75000.0
127,2026-02-19,2026-02-19,190010.92,9500.55,4504.5,2,4.74,EXECUTED,-9124.16,180886.76,27331.91,13.13,TEST_A_ORIGINAL,75000.0
128,2026-02-24,2026-02-24,180886.76,9044.34,4381.0,2,4.84,EXECUTED,23485.82,204372.58,3846.09,1.85,TEST_A_ORIGINAL,75000.0
129,2026-03-06,2026-03-06,204372.58,10218.63,5388.5,1,2.64,EXECUTED,3522.44,207895.02,323.65,0.16,TEST_A_ORIGINAL,75000.0
130,2026-03-11,2026-03-11,207895.02,10394.75,5486.0,1,2.64,EXECUTED,8637.97,216532.99,0.0,0.0,TEST_A_ORIGINAL,75000.0
131,2026-03-19,2026-03-19,216532.99,10826.65,5661.5,1,2.61,EXECUTED,-3294.49,213238.5,3294.49,1.52,TEST_A_ORIGINAL,75000.0
132,2026-04-15,2026-04-15,213238.5,10661.93,6480.5,1,3.04,EXECUTED,9671.99,222910.49,0.0,0.0,TEST_A_ORIGINAL,75000.0
133,2026-05-29,2026-05-29,222910.49,11145.52,2804.75,3,3.77,EXECUTED,-5367.21,217543.28,5367.21,2.41,TEST_A_ORIGINAL,75000.0
134,2026-06-05,2026-06-05,217543.28,10877.16,4020.25,2,3.7,EXECUTED,-634.02,216909.26,6001.23,2.69,TEST_A_ORIGINAL,75000.0
135,2026-06-12,2026-06-12,216909.26,10845.46,5970.25,1,2.75,EXECUTED,10177.8,227087.06,0.0,0.0,TEST_A_ORIGINAL,75000.0
136,2026-07-02,2026-07-02,227087.06,11354.35,4452.5,2,3.92,EXECUTED,10286.08,237373.14,0.0,0.0,TEST_A_ORIGINAL,75000.0
137,2026-07-23,2026-07-23,237373.14,11868.66,4192.5,2,3.53,EXECUTED,-8493.4,228879.74,8493.4,3.58,TEST_A_ORIGINAL,75000.0
138,2026-07-31,2026-07-31,228879.74,11443.99,3185.0,3,4.17,EXECUTED,22391.25,251270.99,0.0,0.0,TEST_A_ORIGINAL,75000.0
139,2026-08-14,2026-08-14,251270.99,12563.55,1940.25,6,4.63,EXECUTED,44546.94,295817.93,0.0,0.0,TEST_A_ORIGINAL,75000.0
140,2026-09-01,2026-09-01,295817.93,14790.9,5434.0,2,3.67,EXECUTED,21421.72,317239.65,0.0,0.0,TEST_A_ORIGINAL,75000.0
0,2021-09-23,2021-09-23,100000.0,5000.0,4292.5,1,4.29,EXECUTED,-4346.18,95653.82,4346.18,4.35,TEST_A_ORIGINAL,100000.0
1,2021-10-08,2021-10-08,95653.82,4782.69,3427.5,1,3.58,EXECUTED,8981.85,104635.67,0.0,0.0,TEST_A_ORIGINAL,100000.0
2,2021-10-28,2021-10-28,104635.67,5231.78,3327.5,1,3.18,EXECUTED,-3381.39,101254.28,3381.39,3.23,TEST_A_ORIGINAL,100000.0
3,2021-11-12,2021-11-12,101254.28,5062.71,3900.0,1,3.85,EXECUTED,-3951.27,97303.01,7332.66,7.01,TEST_A_ORIGINAL,100000.0
4,2021-11-18,2021-11-18,97303.01,4865.15,2825.0,1,2.9,EXECUTED,5296.2,102599.21,2036.46,1.95,TEST_A_ORIGINAL,100000.0
5,2021-11-26,2021-11-26,102599.21,5129.96,3772.5,1,3.68,EXECUTED,-3828.95,98770.26,5865.41,5.61,TEST_A_ORIGINAL,100000.0
6,2021-12-06,2021-12-06,98770.26,4938.51,3080.0,1,3.12,EXECUTED,-3132.28,95637.98,8997.69,8.6,TEST_A_ORIGINAL,100000.0
7,2021-12-20,2021-12-20,95637.98,4781.9,2885.0,1,3.02,EXECUTED,-2938.57,92699.41,11936.26,11.41,TEST_A_ORIGINAL,100000.0
8,2021-12-31,2021-12-31,92699.41,4634.97,4055.0,1,4.37,EXECUTED,8358.63,101058.04,3577.63,3.42,TEST_A_ORIGINAL,100000.0
9,2022-01-10,2022-01-10,101058.04,5052.9,3652.5,1,3.61,EXECUTED,6667.11,107725.15,0.0,0.0,TEST_A_ORIGINAL,100000.0
10,2022-01-17,2022-01-17,107725.15,5386.26,3625.0,1,3.37,EXECUTED,-3675.84,104049.31,3675.84,3.41,TEST_A_ORIGINAL,100000.0
11,2022-01-21,2022-01-21,104049.31,5202.47,3477.5,1,3.34,EXECUTED,8922.42,112971.73,0.0,0.0,TEST_A_ORIGINAL,100000.0
12,2022-01-27,2022-01-27,112971.73,5648.59,4717.5,1,4.18,EXECUTED,-4779.66,108192.07,4779.66,4.23,TEST_A_ORIGINAL,100000.0
13,2022-02-14,2022-02-14,108192.07,5409.6,3717.5,1,3.44,EXECUTED,-3774.57,104417.5,8554.23,7.57,TEST_A_ORIGINAL,100000.0
14,2022-03-29,2022-03-29,104417.5,5220.88,3100.0,1,2.97,EXECUTED,81.38,104498.88,8472.85,7.5,TEST_A_ORIGINAL,100000.0
15,2022-04-01,2022-04-01,104498.88,5224.94,4537.5,1,4.34,EXECUTED,-4590.47,99908.41,13063.32,11.56,TEST_A_ORIGINAL,100000.0
16,2022-04-18,2022-04-18,99908.41,4995.42,2947.5,1,2.95,EXECUTED,-2999.13,96909.28,16062.45,14.22,TEST_A_ORIGINAL,100000.0
17,2022-04-25,2022-04-25,96909.28,4845.46,3557.5,1,3.67,EXECUTED,-3611.14,93298.14,19673.59,17.41,TEST_A_ORIGINAL,100000.0
18,2022-05-06,2022-05-06,93298.14,4664.91,3797.5,1,4.07,EXECUTED,8587.29,101885.43,11086.3,9.81,TEST_A_ORIGINAL,100000.0
19,2022-05-27,2022-05-27,101885.43,5094.27,4280.0,1,4.2,EXECUTED,7045.28,108930.71,4041.02,3.58,TEST_A_ORIGINAL,100000.0
20,2022-06-10,2022-06-10,108930.71,5446.54,3730.0,1,3.42,EXECUTED,8627.37,117558.08,0.0,0.0,TEST_A_ORIGINAL,100000.0
21,2022-06-27,2022-06-27,117558.08,5877.9,3550.0,1,3.02,EXECUTED,-3601.55,113956.53,3601.55,3.06,TEST_A_ORIGINAL,100000.0
22,2022-07-18,2022-07-18,113956.53,5697.83,2860.0,1,2.51,EXECUTED,9566.69,123523.22,0.0,0.0,TEST_A_ORIGINAL,100000.0
23,2022-07-28,2022-07-28,123523.22,6176.16,3830.0,1,3.1,EXECUTED,8578.31,132101.53,0.0,0.0,TEST_A_ORIGINAL,100000.0
24,2022-08-05,2022-08-05,132101.53,6605.08,4147.5,1,3.14,EXECUTED,6230.63,138332.16,0.0,0.0,TEST_A_ORIGINAL,100000.0
25,2022-08-29,2022-08-29,138332.16,6916.61,3160.0,2,4.57,EXECUTED,-6423.9,131908.26,6423.9,4.64,TEST_A_ORIGINAL,100000.0
26,2022-09-08,2022-09-08,131908.26,6595.41,4475.0,1,3.39,EXECUTED,-3161.53,128746.73,9585.43,6.93,TEST_A_ORIGINAL,100000.0
27,2022-09-16,2022-09-16,128746.73,6437.34,4077.5,1,3.17,EXECUTED,-4132.83,124613.9,13718.26,9.92,TEST_A_ORIGINAL,100000.0
28,2022-09-23,2022-09-23,124613.9,6230.7,4382.5,1,3.52,EXECUTED,8009.35,132623.25,5708.91,4.13,TEST_A_ORIGINAL,100000.0
29,2022-10-18,2022-10-18,132623.25,6631.16,2767.5,2,4.17,EXECUTED,-4241.46,128381.79,9950.37,7.19,TEST_A_ORIGINAL,100000.0
30,2022-10-27,2022-10-27,128381.79,6419.09,4137.5,1,3.22,EXECUTED,8286.43,136668.22,1663.94,1.2,TEST_A_ORIGINAL,100000.0
31,2022-11-07,2022-11-07,136668.22,6833.41,2952.5,2,4.32,EXECUTED,-6004.4,130663.82,7668.34,5.54,TEST_A_ORIGINAL,100000.0
32,2022-11-11,2022-11-11,130663.82,6533.19,3875.0,1,2.97,EXECUTED,-3926.16,126737.66,11594.5,8.38,TEST_A_ORIGINAL,100000.0
33,2022-11-24,2022-11-24,126737.66,6336.88,3510.0,1,2.77,EXECUTED,8914.7,135652.36,2679.8,1.94,TEST_A_ORIGINAL,100000.0
34,2022-12-09,2022-12-09,135652.36,6782.62,2622.5,2,3.87,EXECUTED,-1841.84,133810.52,4521.64,3.27,TEST_A_ORIGINAL,100000.0
35,2022-12-15,2022-12-15,133810.52,6690.53,2860.0,2,4.27,EXECUTED,16401.46,150211.98,0.0,0.0,TEST_A_ORIGINAL,100000.0
36,2023-01-12,2023-01-12,150211.98,7510.6,3330.0,2,4.43,EXECUTED,-6765.28,143446.7,6765.28,4.5,TEST_A_ORIGINAL,100000.0
37,2023-01-27,2023-01-27,143446.7,7172.34,3870.0,1,2.7,EXECUTED,-3926.25,139520.45,10691.53,7.12,TEST_A_ORIGINAL,100000.0
38,2023-02-09,2023-02-09,139520.45,6976.02,3847.5,1,2.76,EXECUTED,385.72,139906.17,10305.81,6.86,TEST_A_ORIGINAL,100000.0
39,2023-03-13,2023-03-13,139906.17,6995.31,3062.5,2,4.38,EXECUTED,5190.64,145096.81,5115.17,3.41,TEST_A_ORIGINAL,100000.0
40,2023-03-24,2023-03-24,145096.81,7254.84,2995.0,2,4.13,EXECUTED,-6093.06,139003.75,11208.23,7.46,TEST_A_ORIGINAL,100000.0
41,2023-03-31,2023-03-31,139003.75,6950.19,3467.5,2,4.99,EXECUTED,12842.88,151846.63,0.0,0.0,TEST_A_ORIGINAL,100000.0
42,2023-04-27,2023-04-27,151846.63,7592.33,3477.5,2,4.58,EXECUTED,17885.02,169731.65,0.0,0.0,TEST_A_ORIGINAL,100000.0
43,2023-05-04,2023-05-04,169731.65,8486.58,3097.5,2,3.65,EXECUTED,-6295.2,163436.45,6295.2,3.71,TEST_A_ORIGINAL,100000.0
44,2023-05-15,2023-05-15,163436.45,8171.82,2397.5,3,4.4,EXECUTED,-7339.35,156097.1,13634.55,8.03,TEST_A_ORIGINAL,100000.0
45,2023-05-26,2023-05-26,156097.1,7804.86,2937.5,2,3.76,EXECUTED,-5974.18,150122.92,19608.73,11.55,TEST_A_ORIGINAL,100000.0
46,2023-06-16,2023-06-16,150122.92,7506.15,2682.5,2,3.57,EXECUTED,-5463.68,144659.24,25072.41,14.77,TEST_A_ORIGINAL,100000.0
47,2023-07-14,2023-07-14,144659.24,7232.96,3027.5,2,4.19,EXECUTED,18768.1,163427.34,6304.31,3.71,TEST_A_ORIGINAL,100000.0
48,2023-08-17,2023-08-17,163427.34,8171.37,2530.0,3,4.64,EXECUTED,-7740.72,155686.62,14045.03,8.27,TEST_A_ORIGINAL,100000.0
49,2023-08-25,2023-08-25,155686.62,7784.33,2717.5,2,3.49,EXECUTED,-5535.52,150151.1,19580.55,11.54,TEST_A_ORIGINAL,100000.0
50,2023-08-31,2023-08-31,150151.1,7507.56,1805.0,4,4.81,EXECUTED,-7418.72,142732.38,26999.27,15.91,TEST_A_ORIGINAL,100000.0
51,2023-09-22,2023-09-22,142732.38,7136.62,1937.5,3,4.07,EXECUTED,5485.44,148217.82,21513.83,12.68,TEST_A_ORIGINAL,100000.0
52,2023-09-28,2023-09-28,148217.82,7410.89,2202.5,3,4.46,EXECUTED,-6759.63,141458.19,28273.46,16.66,TEST_A_ORIGINAL,100000.0
53,2023-10-17,2023-10-17,141458.19,7072.91,2300.0,3,4.88,EXECUTED,-7046.7,134411.49,35320.16,20.81,TEST_A_ORIGINAL,100000.0
54,2023-10-23,2023-10-23,134411.49,6720.57,3170.0,2,4.72,EXECUTED,18478.28,152889.77,16841.88,9.92,TEST_A_ORIGINAL,100000.0
55,2023-11-13,2023-11-13,152889.77,7644.49,1917.5,3,3.76,EXECUTED,31526.88,184416.65,0.0,0.0,TEST_A_ORIGINAL,100000.0
56,2023-11-21,2023-11-21,184416.65,9220.83,1970.0,4,4.27,EXECUTED,-8074.96,176341.69,8074.96,4.38,TEST_A_ORIGINAL,100000.0
57,2023-11-28,2023-11-28,176341.69,8817.08,2510.0,3,4.27,EXECUTED,19745.19,196086.88,0.0,0.0,TEST_A_ORIGINAL,100000.0
58,2023-12-08,2023-12-08,196086.88,9804.34,4062.5,2,4.14,EXECUTED,10006.54,206093.42,0.0,0.0,TEST_A_ORIGINAL,100000.0
59,2023-12-14,2023-12-14,206093.42,10304.67,4637.5,2,4.5,EXECUTED,-8878.62,197214.8,8878.62,4.31,TEST_A_ORIGINAL,100000.0
60,2024-01-12,2024-01-12,197214.8,9860.74,4292.5,2,4.35,EXECUTED,-8690.44,188524.36,17569.06,8.52,TEST_A_ORIGINAL,100000.0
61,2024-01-18,2024-01-18,188524.36,9426.22,3200.0,2,3.39,EXECUTED,-1775.6,186748.76,19344.66,9.39,TEST_A_ORIGINAL,100000.0
62,2024-02-02,2024-02-02,186748.76,9337.44,4642.5,2,4.97,EXECUTED,-9395.08,177353.68,28739.74,13.95,TEST_A_ORIGINAL,100000.0
63,2024-02-16,2024-02-16,177353.68,8867.68,4377.5,2,4.94,EXECUTED,2860.82,180214.5,25878.92,12.56,TEST_A_ORIGINAL,100000.0
64,2024-02-22,2024-02-22,180214.5,9010.73,5097.5,1,2.83,EXECUTED,-5153.46,175061.04,31032.38,15.06,TEST_A_ORIGINAL,100000.0
65,2024-03-01,2024-03-01,175061.04,8753.05,4665.0,1,2.66,EXECUTED,-50.02,175011.02,31082.4,15.08,TEST_A_ORIGINAL,100000.0
66,2024-03-19,2024-03-19,175011.02,8750.55,2780.0,3,4.77,EXECUTED,-8490.9,166520.12,39573.3,19.2,TEST_A_ORIGINAL,100000.0
67,2024-03-28,2024-03-28,166520.12,8326.01,4622.5,1,2.78,EXECUTED,1046.12,167566.24,38527.18,18.69,TEST_A_ORIGINAL,100000.0
68,2024-04-04,2024-04-04,167566.24,8378.31,4617.5,1,2.76,EXECUTED,5500.48,173066.72,33026.7,16.03,TEST_A_ORIGINAL,100000.0
69,2024-04-10,2024-04-10,173066.72,8653.34,4230.0,2,4.89,EXECUTED,-8565.2,164501.52,41591.9,20.18,TEST_A_ORIGINAL,100000.0
70,2024-04-29,2024-04-29,164501.52,8225.08,1817.5,4,4.42,EXECUTED,-7465.16,157036.36,49057.06,23.8,TEST_A_ORIGINAL,100000.0
71,2024-05-02,2024-05-02,157036.36,7851.82,2613.75,3,4.99,EXECUTED,-7994.28,149042.08,57051.34,27.68,TEST_A_ORIGINAL,100000.0
72,2024-05-09,2024-05-09,149042.08,7452.1,1686.25,4,4.53,EXECUTED,-6948.28,142093.8,63999.62,31.05,TEST_A_ORIGINAL,100000.0
73,2024-05-21,2024-05-21,142093.8,7104.69,1506.25,4,4.24,EXECUTED,18706.0,160799.8,45293.62,21.98,TEST_A_ORIGINAL,100000.0
74,2024-06-04,2024-06-04,160799.8,8039.99,2741.25,2,3.41,EXECUTED,-5599.92,155199.88,50893.54,24.69,TEST_A_ORIGINAL,100000.0
75,2024-06-07,2024-06-07,155199.88,7759.99,2520.0,3,4.87,EXECUTED,-4056.96,151142.92,54950.5,26.66,TEST_A_ORIGINAL,100000.0
76,2024-06-20,2024-06-20,151142.92,7557.15,2326.25,3,4.62,EXECUTED,11549.79,162692.71,43400.71,21.06,TEST_A_ORIGINAL,100000.0
77,2024-07-01,2024-07-01,162692.71,8134.64,1897.5,4,4.67,EXECUTED,2408.6,165101.31,40992.11,19.89,TEST_A_ORIGINAL,100000.0
78,2024-07-09,2024-07-09,165101.31,8255.07,1315.0,6,4.78,EXECUTED,-8179.38,156921.93,49171.49,23.86,TEST_A_ORIGINAL,100000.0
79,2024-07-12,2024-07-12,156921.93,7846.1,2011.25,3,3.85,EXECUTED,12533.16,169455.09,36638.33,17.78,TEST_A_ORIGINAL,100000.0
80,2024-07-26,2024-07-26,169455.09,8472.75,2208.75,3,3.91,EXECUTED,1525.98,170981.07,35112.35,17.04,TEST_A_ORIGINAL,100000.0
81,2024-08-05,2024-08-05,170981.07,8549.05,1541.25,5,4.51,EXECUTED,-7974.3,163006.77,43086.65,20.91,TEST_A_ORIGINAL,100000.0
82,2024-08-20,2024-08-20,163006.77,8150.34,1296.25,6,4.77,EXECUTED,1140.84,164147.61,41945.81,20.35,TEST_A_ORIGINAL,100000.0
83,2024-09-12,2024-09-12,164147.61,8207.38,1597.5,5,4.87,EXECUTED,-8235.5,155912.11,50181.31,24.35,TEST_A_ORIGINAL,100000.0
84,2024-09-20,2024-09-20,155912.11,7795.61,1748.75,4,4.49,EXECUTED,17733.64,173645.75,32447.67,15.74,TEST_A_ORIGINAL,100000.0
85,2024-10-03,2024-10-03,173645.75,8682.29,1485.0,5,4.28,EXECUTED,17464.05,191109.8,14983.62,7.27,TEST_A_ORIGINAL,100000.0
86,2024-10-17,2024-10-17,191109.8,9555.49,1606.25,5,4.2,EXECUTED,22889.7,213999.5,0.0,0.0,TEST_A_ORIGINAL,100000.0
87,2024-11-04,2024-11-04,213999.5,10699.98,2133.75,5,4.99,EXECUTED,-10935.5,203064.0,10935.5,5.11,TEST_A_ORIGINAL,100000.0
88,2024-11-12,2024-11-12,203064.0,10153.2,1617.5,6,4.78,EXECUTED,27405.48,230469.48,0.0,0.0,TEST_A_ORIGINAL,100000.0
89,2024-11-21,2024-11-21,230469.48,11523.47,2005.0,5,4.35,EXECUTED,-10292.35,220177.13,10292.35,4.47,TEST_A_ORIGINAL,100000.0
90,2024-12-02,2024-12-02,220177.13,11008.86,2315.0,4,4.21,EXECUTED,15464.6,235641.73,0.0,0.0,TEST_A_ORIGINAL,100000.0
91,2024-12-13,2024-12-13,235641.73,11782.09,2181.25,5,4.63,EXECUTED,-11160.55,224481.18,11160.55,4.74,TEST_A_ORIGINAL,100000.0
92,2025-01-09,2025-01-09,224481.18,11224.06,5636.25,1,2.51,EXECUTED,8391.3,232872.48,2769.25,1.18,TEST_A_ORIGINAL,100000.0
93,2025-01-21,2025-01-21,232872.48,11643.62,3742.5,3,4.82,EXECUTED,-11387.46,221485.02,14156.71,6.01,TEST_A_ORIGINAL,100000.0
94,2025-01-27,2025-01-27,221485.02,11074.25,1963.75,5,4.43,EXECUTED,-10075.6,211409.42,24232.31,10.28,TEST_A_ORIGINAL,100000.0
95,2025-01-31,2025-01-31,211409.42,10570.47,8898.75,1,4.21,EXECUTED,-4979.96,206429.46,29212.27,12.4,TEST_A_ORIGINAL,100000.0
96,2025-02-20,2025-02-20,206429.46,10321.47,5373.75,1,2.6,EXECUTED,13272.69,219702.15,15939.58,6.76,TEST_A_ORIGINAL,100000.0
97,2025-03-18,2025-03-18,219702.15,10985.11,4436.25,2,4.04,EXECUTED,28441.52,248143.67,0.0,0.0,TEST_A_ORIGINAL,100000.0
98,2025-04-04,2025-04-04,248143.67,12407.18,5310.0,2,4.28,EXECUTED,26625.12,274768.79,0.0,0.0,TEST_A_ORIGINAL,100000.0
99,2025-04-17,2025-04-17,274768.79,13738.44,7016.25,1,2.55,EXECUTED,11618.24,286387.03,0.0,0.0,TEST_A_ORIGINAL,100000.0
100,2025-05-02,2025-05-02,286387.03,14319.35,6416.25,2,4.48,EXECUTED,-12951.34,273435.69,12951.34,4.52,TEST_A_ORIGINAL,100000.0
101,2025-05-09,2025-05-09,273435.69,13671.78,5407.5,2,3.96,EXECUTED,-10965.44,262470.25,23916.78,8.35,TEST_A_ORIGINAL,100000.0
102,2025-05-15,2025-05-15,262470.25,13123.51,7061.25,1,2.69,EXECUTED,-7125.17,255345.08,31041.95,10.84,TEST_A_ORIGINAL,100000.0
103,2025-06-03,2025-06-03,255345.08,12767.25,5043.75,2,3.95,EXECUTED,-10198.96,245146.12,41240.91,14.4,TEST_A_ORIGINAL,100000.0
104,2025-06-06,2025-06-06,245146.12,12257.31,7140.0,1,2.91,EXECUTED,-7201.88,237944.24,48442.79,16.92,TEST_A_ORIGINAL,100000.0
105,2025-07-10,2025-07-10,237944.24,11897.21,4811.25,2,4.04,EXECUTED,18495.3,256439.54,29947.49,10.46,TEST_A_ORIGINAL,100000.0
106,2025-07-18,2025-07-18,256439.54,12821.98,3795.0,3,4.44,EXECUTED,-11547.36,244892.18,41494.85,14.49,TEST_A_ORIGINAL,100000.0
107,2025-07-25,2025-07-25,244892.18,12244.61,4886.25,2,3.99,EXECUTED,-5144.66,239747.52,46639.51,16.29,TEST_A_ORIGINAL,100000.0
108,2025-08-01,2025-08-01,239747.52,11987.38,5107.5,2,4.26,EXECUTED,-10332.0,229415.52,56971.51,19.89,TEST_A_ORIGINAL,100000.0
109,2025-08-08,2025-08-08,229415.52,11470.78,4248.75,2,3.7,EXECUTED,-8607.8,220807.72,65579.31,22.9,TEST_A_ORIGINAL,100000.0
110,2025-08-18,2025-08-18,220807.72,11040.39,5748.75,1,2.6,EXECUTED,4208.95,225016.67,61370.36,21.43,TEST_A_ORIGINAL,100000.0
111,2025-08-29,2025-08-29,225016.67,11250.83,3551.25,3,4.73,EXECUTED,-10808.37,214208.3,72178.73,25.2,TEST_A_ORIGINAL,100000.0
112,2025-09-10,2025-09-10,214208.3,10710.42,6607.5,1,3.08,EXECUTED,11235.68,225443.98,60943.05,21.28,TEST_A_ORIGINAL,100000.0
113,2025-09-16,2025-09-16,225443.98,11272.2,6446.25,1,2.86,EXECUTED,-6503.21,218940.77,67446.26,23.55,TEST_A_ORIGINAL,100000.0
114,2025-09-25,2025-09-25,218940.77,10947.04,2876.25,3,3.94,EXECUTED,44871.6,263812.37,22574.66,7.88,TEST_A_ORIGINAL,100000.0
115,2025-10-09,2025-10-09,263812.37,13190.62,4218.75,3,4.8,EXECUTED,-12810.69,251001.68,35385.35,12.36,TEST_A_ORIGINAL,100000.0
116,2025-10-15,2025-10-15,251001.68,12550.08,7350.0,1,2.93,EXECUTED,11265.37,262267.05,24119.98,8.42,TEST_A_ORIGINAL,100000.0
117,2025-10-29,2025-10-29,262267.05,13113.35,7721.25,1,2.94,EXECUTED,-7782.94,254484.11,31902.92,11.14,TEST_A_ORIGINAL,100000.0
118,2025-11-04,2025-11-04,254484.11,12724.21,4980.0,2,3.91,EXECUTED,-10073.36,244410.75,41976.28,14.66,TEST_A_ORIGINAL,100000.0
119,2025-11-14,2025-11-14,244410.75,12220.54,5088.75,2,4.16,EXECUTED,-10285.8,234124.95,52262.08,18.25,TEST_A_ORIGINAL,100000.0
120,2025-11-19,2025-11-19,234124.95,11706.25,6577.5,1,2.81,EXECUTED,-6635.59,227489.36,58897.67,20.57,TEST_A_ORIGINAL,100000.0
121,2025-11-26,2025-11-26,227489.36,11374.47,6453.75,1,2.84,EXECUTED,-6510.53,220978.83,65408.2,22.84,TEST_A_ORIGINAL,100000.0
122,2025-12-09,2025-12-09,220978.83,11048.94,4923.75,2,4.46,EXECUTED,-9958.58,211020.25,75366.78,26.32,TEST_A_ORIGINAL,100000.0
123,2026-01-02,2026-01-02,211020.25,10551.01,2132.0,4,4.04,EXECUTED,-8723.64,202296.61,84090.42,29.36,TEST_A_ORIGINAL,100000.0
124,2026-01-08,2026-01-08,202296.61,10114.83,3321.5,3,4.93,EXECUTED,12790.23,215086.84,71300.19,24.9,TEST_A_ORIGINAL,100000.0
125,2026-01-14,2026-01-14,215086.84,10754.34,3789.5,2,3.52,EXECUTED,24716.48,239803.32,46583.71,16.27,TEST_A_ORIGINAL,100000.0
126,2026-02-03,2026-02-03,239803.32,11990.17,5720.0,2,4.77,EXECUTED,5972.2,245775.52,40611.51,14.18,TEST_A_ORIGINAL,100000.0
127,2026-02-19,2026-02-19,245775.52,12288.78,4504.5,2,3.67,EXECUTED,-9124.16,236651.36,49735.67,17.37,TEST_A_ORIGINAL,100000.0
128,2026-02-24,2026-02-24,236651.36,11832.57,4381.0,2,3.7,EXECUTED,23485.82,260137.18,26249.85,9.17,TEST_A_ORIGINAL,100000.0
129,2026-03-06,2026-03-06,260137.18,13006.86,5388.5,2,4.14,EXECUTED,7044.88,267182.06,19204.97,6.71,TEST_A_ORIGINAL,100000.0
130,2026-03-11,2026-03-11,267182.06,13359.1,5486.0,2,4.11,EXECUTED,17275.94,284458.0,1929.03,0.67,TEST_A_ORIGINAL,100000.0
131,2026-03-19,2026-03-19,284458.0,14222.9,5661.5,2,3.98,EXECUTED,-6588.98,277869.02,8518.01,2.97,TEST_A_ORIGINAL,100000.0
132,2026-04-15,2026-04-15,277869.02,13893.45,6480.5,2,4.66,EXECUTED,19343.98,297213.0,0.0,0.0,TEST_A_ORIGINAL,100000.0
133,2026-05-29,2026-05-29,297213.0,14860.65,2804.75,5,4.72,EXECUTED,-8945.35,288267.65,8945.35,3.01,TEST_A_ORIGINAL,100000.0
134,2026-06-05,2026-06-05,288267.65,14413.38,4020.25,3,4.18,EXECUTED,-951.03,287316.62,9896.38,3.33,TEST_A_ORIGINAL,100000.0
135,2026-06-12,2026-06-12,287316.62,14365.83,5970.25,2,4.16,EXECUTED,20355.6,307672.22,0.0,0.0,TEST_A_ORIGINAL,100000.0
136,2026-07-02,2026-07-02,307672.22,15383.61,4452.5,3,4.34,EXECUTED,15429.12,323101.34,0.0,0.0,TEST_A_ORIGINAL,100000.0
137,2026-07-23,2026-07-23,323101.34,16155.07,4192.5,3,3.89,EXECUTED,-12740.1,310361.24,12740.1,3.94,TEST_A_ORIGINAL,100000.0
138,2026-07-31,2026-07-31,310361.24,15518.06,3185.0,4,4.1,EXECUTED,29855.0,340216.24,0.0,0.0,TEST_A_ORIGINAL,100000.0
139,2026-08-14,2026-08-14,340216.24,17010.81,1940.25,8,4.56,EXECUTED,59395.92,399612.16,0.0,0.0,TEST_A_ORIGINAL,100000.0
140,2026-09-01,2026-09-01,399612.16,19980.61,5434.0,3,4.08,EXECUTED,32132.58,431744.74,0.0,0.0,TEST_A_ORIGINAL,100000.0
0,2021-09-23,2021-09-24,50000.0,2500.0,3365.0,1,6.73,EXECUTED,-3417.63,46582.37,3417.63,6.84,TEST_B_CAUSAL,50000.0
1,2021-10-08,2021-10-11,46582.37,2329.12,4360.0,1,9.36,EXECUTED,8042.04,54624.41,0.0,0.0,TEST_B_CAUSAL,50000.0
2,2021-10-28,2021-10-29,54624.41,2731.22,3012.5,1,5.51,EXECUTED,-3067.25,51557.16,3067.25,5.62,TEST_B_CAUSAL,50000.0
3,2021-11-18,2021-11-22,51557.16,2577.86,3660.0,1,7.1,EXECUTED,6955.6,58512.76,0.0,0.0,TEST_B_CAUSAL,50000.0
4,2021-11-24,2021-11-25,58512.76,2925.64,3460.0,1,5.91,EXECUTED,-3515.14,54997.62,3515.14,6.01,TEST_B_CAUSAL,50000.0
5,2021-12-06,2021-12-07,54997.62,2749.88,2265.0,1,4.12,EXECUTED,-2318.64,52678.98,5833.78,9.97,TEST_B_CAUSAL,50000.0
6,2021-12-20,2021-12-21,52678.98,2633.95,4807.5,1,9.13,EXECUTED,-4859.88,47819.1,10693.66,18.28,TEST_B_CAUSAL,50000.0
7,2021-12-31,2022-01-03,47819.1,2390.96,3792.5,1,7.93,EXECUTED,8628.58,56447.68,2065.08,3.53,TEST_B_CAUSAL,50000.0
8,2022-01-10,2022-01-11,56447.68,2822.38,4540.0,1,8.04,EXECUTED,5778.43,62226.11,0.0,0.0,TEST_B_CAUSAL,50000.0
9,2022-01-17,2022-01-18,62226.11,3111.31,3055.0,1,4.91,EXECUTED,-3104.98,59121.13,3104.98,4.99,TEST_B_CAUSAL,50000.0
10,2022-01-21,2022-01-24,59121.13,2956.06,3317.5,1,5.61,EXECUTED,9081.74,68202.87,0.0,0.0,TEST_B_CAUSAL,50000.0
11,2022-01-27,2022-01-28,68202.87,3410.14,5010.0,1,7.35,EXECUTED,-5075.0,63127.87,5075.0,7.44,TEST_B_CAUSAL,50000.0
12,2022-02-14,2022-02-15,63127.87,3156.39,4027.5,1,6.38,EXECUTED,-4087.27,59040.6,9162.27,13.43,TEST_B_CAUSAL,50000.0
13,2022-03-29,2022-03-30,59040.6,2952.03,2417.5,1,4.09,EXECUTED,-2467.1,56573.5,11629.37,17.05,TEST_B_CAUSAL,50000.0
14,2022-04-01,2022-04-04,56573.5,2828.68,2557.5,1,4.52,EXECUTED,-2608.31,53965.19,14237.68,20.88,TEST_B_CAUSAL,50000.0
15,2022-04-18,2022-04-19,53965.19,2698.26,3510.0,1,6.5,EXECUTED,-3562.59,50402.6,17800.27,26.1,TEST_B_CAUSAL,50000.0
16,2022-04-25,2022-04-26,50402.6,2520.13,1072.5,2,4.26,EXECUTED,-2251.38,48151.22,20051.65,29.4,TEST_B_CAUSAL,50000.0
17,2022-05-06,2022-05-09,48151.22,2407.56,3075.0,1,6.39,EXECUTED,9329.2,57480.42,10722.45,15.72,TEST_B_CAUSAL,50000.0
18,2022-05-27,2022-05-30,57480.42,2874.02,3315.0,1,5.77,EXECUTED,-1968.57,55511.85,12691.02,18.61,TEST_B_CAUSAL,50000.0
19,2022-06-10,2022-06-13,55511.85,2775.59,2132.5,1,3.84,EXECUTED,10264.08,65775.93,2426.94,3.56,TEST_B_CAUSAL,50000.0
20,2022-06-27,2022-06-28,65775.93,3288.8,4370.0,1,6.64,EXECUTED,-4422.64,61353.29,6849.58,10.04,TEST_B_CAUSAL,50000.0
21,2022-07-06,2022-07-07,61353.29,3067.66,4532.5,1,7.39,EXECUTED,-4588.02,56765.27,11437.6,16.77,TEST_B_CAUSAL,50000.0
22,2022-07-18,2022-07-19,56765.27,2838.26,3895.0,1,6.86,EXECUTED,8518.47,65283.74,2919.13,4.28,TEST_B_CAUSAL,50000.0
23,2022-07-28,2022-07-29,65283.74,3264.19,2267.5,1,3.47,EXECUTED,9259.8,74543.54,0.0,0.0,TEST_B_CAUSAL,50000.0
24,2022-08-05,2022-08-08,74543.54,3727.18,4210.0,1,5.65,EXECUTED,6168.57,80712.11,0.0,0.0,TEST_B_CAUSAL,50000.0
25,2022-08-29,2022-08-30,80712.11,4035.61,2760.0,1,3.42,EXECUTED,-2811.2,77900.91,2811.2,3.48,TEST_B_CAUSAL,50000.0
26,2022-09-08,2022-09-09,77900.91,3895.05,4315.0,1,5.54,EXECUTED,-4368.14,73532.77,7179.34,8.89,TEST_B_CAUSAL,50000.0
27,2022-09-16,2022-09-19,73532.77,3676.64,2222.5,1,3.02,EXECUTED,-2277.23,71255.54,9456.57,11.72,TEST_B_CAUSAL,50000.0
28,2022-09-23,2022-09-26,71255.54,3562.78,4762.5,1,6.68,EXECUTED,7655.86,78911.4,1800.71,2.23,TEST_B_CAUSAL,50000.0
29,2022-10-18,2022-10-19,78911.4,3945.57,2972.5,1,3.77,EXECUTED,-3021.85,75889.55,4822.56,5.98,TEST_B_CAUSAL,50000.0
30,2022-10-27,2022-10-28,75889.55,3794.48,5510.0,1,7.26,EXECUTED,6915.12,82804.67,0.0,0.0,TEST_B_CAUSAL,50000.0
31,2022-11-07,2022-11-09,82804.67,4140.23,1867.5,2,4.51,EXECUTED,-3832.22,78972.45,3832.22,4.63,TEST_B_CAUSAL,50000.0
32,2022-11-11,2022-11-14,78972.45,3948.62,3532.5,1,4.47,EXECUTED,-3582.62,75389.83,7414.84,8.95,TEST_B_CAUSAL,50000.0
33,2022-11-24,2022-11-25,75389.83,3769.49,3240.0,1,4.3,EXECUTED,7315.19,82705.02,99.65,0.12,TEST_B_CAUSAL,50000.0
34,2022-12-09,2022-12-12,82705.02,4135.25,2055.0,2,4.97,EXECUTED,-4208.42,78496.6,4308.07,5.2,TEST_B_CAUSAL,50000.0
35,2022-12-15,2022-12-16,78496.6,3924.83,2530.0,1,3.22,EXECUTED,3540.09,82036.69,767.98,0.93,TEST_B_CAUSAL,50000.0
36,2022-12-21,2022-12-22,82036.69,4101.83,2705.0,1,3.3,EXECUTED,185.38,82222.07,582.6,0.7,TEST_B_CAUSAL,50000.0
37,2023-01-12,2023-01-13,82222.07,4111.1,3725.0,1,4.53,EXECUTED,-3777.44,78444.63,4360.04,5.27,TEST_B_CAUSAL,50000.0
38,2023-01-18,2023-01-19,78444.63,3922.23,5107.5,1,6.51,EXECUTED,-5160.62,73284.01,9520.66,11.5,TEST_B_CAUSAL,50000.0
39,2023-01-27,2023-01-30,73284.01,3664.2,4027.5,1,5.5,EXECUTED,-4082.98,69201.03,13603.64,16.43,TEST_B_CAUSAL,50000.0
40,2023-02-09,2023-02-10,69201.03,3460.05,3660.0,1,5.29,EXECUTED,3068.23,72269.26,10535.41,12.72,TEST_B_CAUSAL,50000.0
41,2023-02-22,2023-02-23,72269.26,3613.46,2595.0,1,3.59,EXECUTED,6240.25,78509.51,4295.16,5.19,TEST_B_CAUSAL,50000.0
42,2023-03-13,2023-03-14,78509.51,3925.48,3105.0,1,3.95,EXECUTED,2552.87,81062.38,1742.29,2.1,TEST_B_CAUSAL,50000.0
43,2023-03-24,2023-03-27,81062.38,4053.12,3267.5,1,4.03,EXECUTED,-3319.0,77743.38,5061.29,6.11,TEST_B_CAUSAL,50000.0
44,2023-03-31,2023-04-03,77743.38,3887.17,1790.0,2,4.6,EXECUTED,6218.96,83962.34,0.0,0.0,TEST_B_CAUSAL,50000.0
45,2023-04-27,2023-04-28,83962.34,4198.12,2737.5,1,3.26,EXECUTED,9689.38,93651.72,0.0,0.0,TEST_B_CAUSAL,50000.0
46,2023-05-04,2023-05-05,93651.72,4682.59,3792.5,1,4.05,EXECUTED,3492.72,97144.44,0.0,0.0,TEST_B_CAUSAL,50000.0
47,2023-05-15,2023-05-16,97144.44,4857.22,1565.0,3,4.83,EXECUTED,-4840.02,92304.42,4840.02,4.98,TEST_B_CAUSAL,50000.0
48,2023-05-26,2023-05-29,92304.42,4615.22,2100.0,2,4.55,EXECUTED,-4297.58,88006.84,9137.6,9.41,TEST_B_CAUSAL,50000.0
49,2023-06-07,2023-06-08,88006.84,4400.34,4005.0,1,4.55,EXECUTED,-4055.79,83951.05,13193.39,13.58,TEST_B_CAUSAL,50000.0
50,2023-06-14,2023-06-15,83951.05,4197.55,3957.5,1,4.71,EXECUTED,-4008.61,79942.44,17202.0,17.71,TEST_B_CAUSAL,50000.0
51,2023-06-28,2023-06-30,79942.44,3997.12,1865.0,2,4.67,EXECUTED,21102.52,101044.96,0.0,0.0,TEST_B_CAUSAL,50000.0
52,2023-07-14,2023-07-17,101044.96,5052.25,2570.0,1,2.54,EXECUTED,9848.02,110892.98,0.0,0.0,TEST_B_CAUSAL,50000.0
53,2023-08-02,2023-08-03,110892.98,5544.65,2417.5,2,4.36,EXECUTED,-4938.42,105954.56,4938.42,4.45,TEST_B_CAUSAL,50000.0
54,2023-08-17,2023-08-18,105954.56,5297.73,3192.5,1,3.01,EXECUTED,-3243.18,102711.38,8181.6,7.38,TEST_B_CAUSAL,50000.0
55,2023-08-25,2023-08-28,102711.38,5135.57,2917.5,1,2.84,EXECUTED,-2968.51,99742.87,11150.11,10.05,TEST_B_CAUSAL,50000.0
56,2023-08-31,2023-09-01,99742.87,4987.14,2160.0,2,4.33,EXECUTED,-4419.46,95323.41,15569.57,14.04,TEST_B_CAUSAL,50000.0
57,2023-09-13,2023-09-14,95323.41,4766.17,2942.5,1,3.09,EXECUTED,-2993.54,92329.87,18563.11,16.74,TEST_B_CAUSAL,50000.0
58,2023-09-22,2023-09-25,92329.87,4616.49,3225.0,1,3.49,EXECUTED,3035.22,95365.09,15527.89,14.0,TEST_B_CAUSAL,50000.0
59,2023-09-28,2023-09-29,95365.09,4768.25,3535.0,1,3.71,EXECUTED,-3375.03,91990.06,18902.92,17.05,TEST_B_CAUSAL,50000.0
60,2023-10-04,2023-10-05,91990.06,4599.5,3160.0,1,3.44,EXECUTED,-3212.37,88777.69,22115.29,19.94,TEST_B_CAUSAL,50000.0
61,2023-10-11,2023-10-12,88777.69,4438.88,4325.0,1,4.87,EXECUTED,-4377.35,84400.34,26492.64,23.89,TEST_B_CAUSAL,50000.0
62,2023-10-23,2023-10-25,84400.34,4220.02,2810.0,1,3.33,EXECUTED,9599.99,94000.33,16892.65,15.23,TEST_B_CAUSAL,50000.0
63,2023-11-08,2023-11-09,94000.33,4700.02,3435.0,1,3.65,EXECUTED,8988.84,102989.17,7903.81,7.13,TEST_B_CAUSAL,50000.0
64,2023-11-21,2023-11-22,102989.17,5149.46,1740.0,2,3.38,EXECUTED,-3577.16,99412.01,11480.97,10.35,TEST_B_CAUSAL,50000.0
65,2023-11-28,2023-11-29,99412.01,4970.6,1525.0,3,4.6,EXECUTED,7729.86,107141.87,3751.11,3.38,TEST_B_CAUSAL,50000.0
66,2023-12-08,2023-12-11,107141.87,5357.09,4460.0,1,4.16,EXECUTED,4605.6,111747.47,0.0,0.0,TEST_B_CAUSAL,50000.0
67,2023-12-14,2023-12-15,111747.47,5587.37,4622.5,1,4.14,EXECUTED,-4675.75,107071.72,4675.75,4.18,TEST_B_CAUSAL,50000.0
68,2023-12-27,2023-12-28,107071.72,5353.59,5682.5,1,5.31,EXECUTED,-5740.71,101331.01,10416.46,9.32,TEST_B_CAUSAL,50000.0
69,2024-01-12,2024-01-15,101331.01,5066.55,3445.0,1,3.4,EXECUTED,-3496.29,97834.72,13912.75,12.45,TEST_B_CAUSAL,50000.0
70,2024-01-18,2024-01-19,97834.72,4891.74,4817.5,1,4.92,EXECUTED,4981.12,102815.84,8931.63,7.99,TEST_B_CAUSAL,50000.0
71,2024-02-02,2024-02-05,102815.84,5140.79,4510.0,1,4.39,EXECUTED,-4563.67,98252.17,13495.3,12.08,TEST_B_CAUSAL,50000.0
72,2024-02-16,2024-02-19,98252.17,4912.61,3187.5,1,3.24,EXECUTED,124.62,98376.79,13370.68,11.97,TEST_B_CAUSAL,50000.0
73,2024-02-22,2024-02-23,98376.79,4918.84,4315.0,1,4.39,EXECUTED,-4369.46,94007.33,17740.14,15.88,TEST_B_CAUSAL,50000.0
74,2024-03-01,2024-03-04,94007.33,4700.37,4657.5,1,4.95,EXECUTED,-2537.31,91470.02,20277.45,18.15,TEST_B_CAUSAL,50000.0
75,2024-03-06,2024-03-07,91470.02,4573.5,4852.5,1,5.31,EXECUTED,-4907.96,86562.06,25185.41,22.54,TEST_B_CAUSAL,50000.0
76,2024-03-19,2024-03-20,86562.06,4328.1,3262.5,1,3.77,EXECUTED,-3313.09,83248.97,28498.5,25.5,TEST_B_CAUSAL,50000.0
77,2024-03-28,2024-04-01,83248.97,4162.45,4012.5,1,4.82,EXECUTED,-3332.86,79916.11,31831.36,28.49,TEST_B_CAUSAL,50000.0
78,2024-04-04,2024-04-05,79916.11,3995.81,5075.0,1,6.35,EXECUTED,5042.87,84958.98,26788.49,23.97,TEST_B_CAUSAL,50000.0
79,2024-04-10,2024-04-12,84958.98,4247.95,4010.0,1,4.72,EXECUTED,-4062.36,80896.62,30850.85,27.61,TEST_B_CAUSAL,50000.0
80,2024-04-29,2024-04-30,80896.62,4044.83,1443.75,2,3.57,EXECUTED,-2984.26,77912.36,33835.11,30.28,TEST_B_CAUSAL,50000.0
81,2024-05-02,2024-05-03,77912.36,3895.62,2020.0,1,2.59,EXECUTED,-2070.06,75842.3,35905.17,32.13,TEST_B_CAUSAL,50000.0
82,2024-05-09,2024-05-10,75842.3,3792.12,2028.75,1,2.67,EXECUTED,-2080.38,73761.92,37985.55,33.99,TEST_B_CAUSAL,50000.0
83,2024-05-21,2024-05-22,73761.92,3688.1,1308.75,2,3.55,EXECUTED,9754.36,83516.28,28231.19,25.26,TEST_B_CAUSAL,50000.0
84,2024-06-07,2024-06-10,83516.28,4175.81,2521.25,1,3.02,EXECUTED,-1353.36,82162.92,29584.55,26.47,TEST_B_CAUSAL,50000.0
85,2024-06-12,2024-06-13,82162.92,4108.15,1860.0,2,4.53,EXECUTED,-2972.48,79190.44,32557.03,29.13,TEST_B_CAUSAL,50000.0
86,2024-06-20,2024-06-21,79190.44,3959.52,1736.25,2,4.38,EXECUTED,8894.06,88084.5,23662.97,21.18,TEST_B_CAUSAL,50000.0
87,2024-07-01,2024-07-02,88084.5,4404.23,1422.5,3,4.84,EXECUTED,-4252.65,83831.85,27915.62,24.98,TEST_B_CAUSAL,50000.0
88,2024-07-03,2024-07-04,83831.85,4191.59,2447.5,1,2.92,EXECUTED,-2498.6,81333.25,30414.22,27.22,TEST_B_CAUSAL,50000.0
89,2024-07-12,2024-07-15,81333.25,4066.66,1766.25,2,4.34,EXECUTED,3898.18,85231.43,26516.04,23.73,TEST_B_CAUSAL,50000.0
90,2024-07-26,2024-07-29,85231.43,4261.57,1977.5,2,4.64,EXECUTED,-3509.78,81721.65,30025.82,26.87,TEST_B_CAUSAL,50000.0
91,2024-08-05,2024-08-06,81721.65,4086.08,2255.0,1,2.76,EXECUTED,-1484.71,80236.94,31510.53,28.2,TEST_B_CAUSAL,50000.0
92,2024-08-20,2024-08-21,80236.94,4011.85,1202.5,3,4.5,EXECUTED,852.03,81088.97,30658.5,27.44,TEST_B_CAUSAL,50000.0
93,2024-09-12,2024-09-13,81088.97,4054.45,1407.5,2,3.47,EXECUTED,-2913.44,78175.53,33571.94,30.04,TEST_B_CAUSAL,50000.0
94,2024-09-20,2024-09-23,78175.53,3908.78,2035.0,1,2.6,EXECUTED,4150.01,82325.54,29421.93,26.33,TEST_B_CAUSAL,50000.0
95,2024-10-03,2024-10-04,82325.54,4116.28,1480.0,2,3.6,EXECUTED,4499.58,86825.12,24922.35,22.3,TEST_B_CAUSAL,50000.0
96,2024-10-17,2024-10-18,86825.12,4341.26,1576.25,2,3.63,EXECUTED,6757.48,93582.6,18164.87,16.26,TEST_B_CAUSAL,50000.0
97,2024-11-04,2024-11-05,93582.6,4679.13,1666.25,2,3.56,EXECUTED,-3437.26,90145.34,21602.13,19.33,TEST_B_CAUSAL,50000.0
98,2024-11-06,2024-11-07,90145.34,4507.27,2320.0,1,2.57,EXECUTED,-2373.61,87771.73,23975.74,21.46,TEST_B_CAUSAL,50000.0
99,2024-11-21,2024-11-22,87771.73,4388.59,2821.25,1,3.21,EXECUTED,-2874.35,84897.38,26850.09,24.03,TEST_B_CAUSAL,50000.0
100,2024-11-27,2024-11-28,84897.38,4244.87,3248.75,1,3.83,EXECUTED,2926.18,87823.56,23923.91,21.41,TEST_B_CAUSAL,50000.0
101,2024-12-13,2024-12-16,87823.56,4391.18,1750.0,2,3.99,EXECUTED,-3601.9,84221.66,27525.81,24.63,TEST_B_CAUSAL,50000.0
102,2025-01-09,2025-01-10,84221.66,4211.08,5118.75,1,6.08,EXECUTED,8907.71,93129.37,18618.1,16.66,TEST_B_CAUSAL,50000.0
103,2025-01-21,2025-01-22,93129.37,4656.47,3540.0,1,3.8,EXECUTED,-3595.02,89534.35,22213.12,19.88,TEST_B_CAUSAL,50000.0
104,2025-01-27,2025-01-28,89534.35,4476.72,2221.25,2,4.96,EXECUTED,-4545.26,84989.09,26758.38,23.95,TEST_B_CAUSAL,50000.0
105,2025-01-31,2025-02-03,84989.09,4249.45,8797.5,1,10.35,EXECUTED,9856.24,94845.33,16902.14,15.13,TEST_B_CAUSAL,50000.0
106,2025-02-12,2025-02-13,94845.33,4742.27,4893.75,1,5.16,EXECUTED,1544.77,96390.1,15357.37,13.74,TEST_B_CAUSAL,50000.0
107,2025-02-20,2025-02-21,96390.1,4819.51,4698.75,1,4.87,EXECUTED,13957.27,110347.37,1400.1,1.25,TEST_B_CAUSAL,50000.0
108,2025-03-18,2025-03-19,110347.37,5517.37,4593.75,1,4.16,EXECUTED,14062.78,124410.15,0.0,0.0,TEST_B_CAUSAL,50000.0
109,2025-04-04,2025-04-07,124410.15,6220.51,3461.25,1,2.78,EXECUTED,-3532.15,120878.0,3532.15,2.84,TEST_B_CAUSAL,50000.0
110,2025-04-17,2025-04-21,120878.0,6043.9,5966.25,1,4.94,EXECUTED,12441.23,133319.23,0.0,0.0,TEST_B_CAUSAL,50000.0
111,2025-04-29,2025-04-30,133319.23,6665.96,7046.25,1,5.29,EXECUTED,-7113.77,126205.46,7113.77,5.34,TEST_B_CAUSAL,50000.0
112,2025-05-09,2025-05-12,126205.46,6310.27,6371.25,1,5.05,EXECUTED,-6437.09,119768.37,13550.86,10.16,TEST_B_CAUSAL,50000.0
113,2025-05-15,2025-05-16,119768.37,5988.42,6986.25,1,5.83,EXECUTED,-7050.56,112717.81,20601.42,15.45,TEST_B_CAUSAL,50000.0
114,2025-06-03,2025-06-04,112717.81,5635.89,4387.5,1,3.89,EXECUTED,-4443.33,108274.48,25044.75,18.79,TEST_B_CAUSAL,50000.0
115,2025-06-06,2025-06-09,108274.48,5413.72,5418.75,1,5.0,EXECUTED,-5476.76,102797.72,30521.51,22.89,TEST_B_CAUSAL,50000.0
116,2025-06-25,2025-06-26,102797.72,5139.89,7001.25,1,6.81,EXECUTED,818.25,103615.97,29703.26,22.28,TEST_B_CAUSAL,50000.0
117,2025-07-10,2025-07-11,103615.97,5180.8,3288.75,1,3.17,EXECUTED,3283.58,106899.55,26419.68,19.82,TEST_B_CAUSAL,50000.0
118,2025-07-18,2025-07-21,106899.55,5344.98,5205.0,1,4.87,EXECUTED,-5260.23,101639.32,31679.91,23.76,TEST_B_CAUSAL,50000.0
119,2025-07-25,2025-07-28,101639.32,5081.97,4282.5,1,4.21,EXECUTED,-4336.51,97302.81,36016.42,27.02,TEST_B_CAUSAL,50000.0
120,2025-08-01,2025-08-04,97302.81,4865.14,6941.25,1,7.13,EXECUTED,-6999.36,90303.45,43015.78,32.27,TEST_B_CAUSAL,50000.0
121,2025-08-08,2025-08-11,90303.45,4515.17,4391.25,1,4.86,EXECUTED,-4446.08,85857.37,47461.86,35.6,TEST_B_CAUSAL,50000.0
122,2025-08-18,2025-08-19,85857.37,4292.87,5805.0,1,6.76,EXECUTED,4152.94,90010.31,43308.92,32.49,TEST_B_CAUSAL,50000.0
123,2025-08-29,2025-09-01,90010.31,4500.52,3251.25,1,3.61,EXECUTED,-3301.92,86708.39,46610.84,34.96,TEST_B_CAUSAL,50000.0
124,2025-09-10,2025-09-11,86708.39,4335.42,7290.0,1,8.41,EXECUTED,10553.13,97261.52,36057.71,27.05,TEST_B_CAUSAL,50000.0
125,2025-09-16,2025-09-17,97261.52,4863.08,6270.0,1,6.45,EXECUTED,-6326.06,90935.46,42383.77,31.79,TEST_B_CAUSAL,50000.0
126,2025-09-25,2025-09-26,90935.46,4546.77,1980.0,2,4.35,EXECUTED,16737.22,107672.68,25646.55,19.24,TEST_B_CAUSAL,50000.0
127,2025-10-09,2025-10-10,107672.68,5383.63,5501.25,1,5.11,EXECUTED,-5554.16,102118.52,31200.71,23.4,TEST_B_CAUSAL,50000.0
128,2025-10-15,2025-10-16,102118.52,5105.93,5051.25,1,4.95,EXECUTED,13585.33,115703.85,17615.38,13.21,TEST_B_CAUSAL,50000.0
129,2025-10-27,2025-10-28,115703.85,5785.19,9247.5,1,7.99,EXECUTED,-9316.37,106387.48,26931.75,20.2,TEST_B_CAUSAL,50000.0
130,2025-11-04,2025-11-06,106387.48,5319.37,4747.5,1,4.46,EXECUTED,-4805.08,101582.4,31736.83,23.81,TEST_B_CAUSAL,50000.0
131,2025-11-14,2025-11-17,101582.4,5079.12,4556.25,1,4.49,EXECUTED,-4608.69,96973.71,36345.52,27.26,TEST_B_CAUSAL,50000.0
132,2025-11-19,2025-11-20,96973.71,4848.69,4237.5,1,4.37,EXECUTED,-4292.08,92681.63,40637.6,30.48,TEST_B_CAUSAL,50000.0
133,2025-11-26,2025-11-27,92681.63,4634.08,6577.5,1,7.1,EXECUTED,-6633.5,86048.13,47271.1,35.46,TEST_B_CAUSAL,50000.0
134,2025-12-09,2025-12-10,86048.13,4302.41,4897.5,1,5.69,EXECUTED,-4953.2,81094.93,52224.3,39.17,TEST_B_CAUSAL,50000.0
135,2026-01-02,2026-01-05,81094.93,4054.75,2483.0,1,3.06,EXECUTED,-2532.08,78562.85,54756.38,41.07,TEST_B_CAUSAL,50000.0
136,2026-01-08,2026-01-09,78562.85,3928.14,2967.25,1,3.78,EXECUTED,1374.04,79936.89,53382.34,40.04,TEST_B_CAUSAL,50000.0
137,2026-01-14,2026-01-16,79936.89,3996.84,4202.25,1,5.26,EXECUTED,11937.3,91874.19,41445.04,31.09,TEST_B_CAUSAL,50000.0
138,2026-01-19,2026-01-20,91874.19,4593.71,5144.75,1,5.6,EXECUTED,10996.61,102870.8,30448.43,22.84,TEST_B_CAUSAL,50000.0
139,2026-01-23,2026-01-27,102870.8,5143.54,2843.75,1,2.76,EXECUTED,-2913.06,99957.74,33361.49,25.02,TEST_B_CAUSAL,50000.0
140,2026-02-03,2026-02-04,99957.74,4997.89,7007.0,1,7.01,EXECUTED,4941.11,104898.85,28420.38,21.32,TEST_B_CAUSAL,50000.0
141,2026-02-09,2026-02-10,104898.85,5244.94,6724.25,1,6.41,EXECUTED,-6782.77,98116.08,35203.15,26.41,TEST_B_CAUSAL,50000.0
142,2026-02-19,2026-02-20,98116.08,4905.8,4384.25,1,4.47,EXECUTED,-4441.97,93674.11,39645.12,29.74,TEST_B_CAUSAL,50000.0
143,2026-02-24,2026-02-25,93674.11,4683.71,4309.5,1,4.6,EXECUTED,11796.81,105470.92,27848.31,20.89,TEST_B_CAUSAL,50000.0
144,2026-02-27,2026-03-02,105470.92,5273.55,3155.75,1,2.99,EXECUTED,12989.93,118460.85,14858.38,11.14,TEST_B_CAUSAL,50000.0
145,2026-03-11,2026-03-12,118460.85,5923.04,2613.0,2,4.41,EXECUTED,-2935.16,115525.69,17793.54,13.35,TEST_B_CAUSAL,50000.0
146,2026-03-19,2026-03-20,115525.69,5776.28,9356.75,1,8.1,EXECUTED,-499.47,115026.22,18293.01,13.72,TEST_B_CAUSAL,50000.0
147,2026-04-15,2026-04-16,115026.22,5751.31,4888.0,1,4.25,EXECUTED,3267.72,118293.94,15025.29,11.27,TEST_B_CAUSAL,50000.0
148,2026-05-11,2026-05-12,118293.94,5914.7,4670.25,1,3.95,EXECUTED,-2657.25,115636.69,17682.54,13.26,TEST_B_CAUSAL,50000.0
149,2026-05-25,2026-05-26,115636.69,5781.83,8463.0,1,7.32,EXECUTED,-8532.7,107103.99,26215.24,19.66,TEST_B_CAUSAL,50000.0
150,2026-06-05,2026-06-08,107103.99,5355.2,3841.5,1,3.59,EXECUTED,-3894.09,103209.9,30109.33,22.58,TEST_B_CAUSAL,50000.0
151,2026-06-12,2026-06-15,103209.9,5160.5,2733.25,1,2.65,EXECUTED,-2787.64,100422.26,32896.97,24.68,TEST_B_CAUSAL,50000.0
152,2026-07-02,2026-07-03,100422.26,5021.11,3087.5,1,3.07,EXECUTED,-3137.15,97285.11,36034.12,27.03,TEST_B_CAUSAL,50000.0
153,2026-07-23,2026-07-24,97285.11,4864.26,4137.25,1,4.25,EXECUTED,-4189.96,93095.15,40224.08,30.17,TEST_B_CAUSAL,50000.0
154,2026-07-31,2026-08-03,93095.15,4654.76,2957.5,1,3.18,EXECUTED,-2040.18,91054.97,42264.26,31.7,TEST_B_CAUSAL,50000.0
155,2026-08-14,2026-08-17,91054.97,4552.75,2031.25,2,4.46,EXECUTED,14666.7,105721.67,27597.56,20.7,TEST_B_CAUSAL,50000.0
156,2026-09-01,2026-09-02,105721.67,5286.08,3191.5,1,3.02,EXECUTED,7453.78,113175.45,20143.78,15.11,TEST_B_CAUSAL,50000.0
157,2026-09-07,2026-09-08,113175.45,5658.77,4257.5,1,3.76,EXECUTED,11854.89,125030.34,8288.89,6.22,TEST_B_CAUSAL,50000.0
0,2021-09-23,2021-09-24,75000.0,3750.0,3365.0,1,4.49,EXECUTED,-3417.63,71582.37,3417.63,4.56,TEST_B_CAUSAL,75000.0
1,2021-10-08,2021-10-11,71582.37,3579.12,4360.0,1,6.09,EXECUTED,8042.04,79624.41,0.0,0.0,TEST_B_CAUSAL,75000.0
2,2021-10-28,2021-10-29,79624.41,3981.22,3012.5,1,3.78,EXECUTED,-3067.25,76557.16,3067.25,3.85,TEST_B_CAUSAL,75000.0
3,2021-11-18,2021-11-22,76557.16,3827.86,3660.0,1,4.78,EXECUTED,6955.6,83512.76,0.0,0.0,TEST_B_CAUSAL,75000.0
4,2021-11-24,2021-11-25,83512.76,4175.64,3460.0,1,4.14,EXECUTED,-3515.14,79997.62,3515.14,4.21,TEST_B_CAUSAL,75000.0
5,2021-12-06,2021-12-07,79997.62,3999.88,2265.0,1,2.83,EXECUTED,-2318.64,77678.98,5833.78,6.99,TEST_B_CAUSAL,75000.0
6,2021-12-20,2021-12-21,77678.98,3883.95,4807.5,1,6.19,EXECUTED,-4859.88,72819.1,10693.66,12.8,TEST_B_CAUSAL,75000.0
7,2021-12-31,2022-01-03,72819.1,3640.95,3792.5,1,5.21,EXECUTED,8628.58,81447.68,2065.08,2.47,TEST_B_CAUSAL,75000.0
8,2022-01-10,2022-01-11,81447.68,4072.38,4540.0,1,5.57,EXECUTED,5778.43,87226.11,0.0,0.0,TEST_B_CAUSAL,75000.0
9,2022-01-17,2022-01-18,87226.11,4361.31,3055.0,1,3.5,EXECUTED,-3104.98,84121.13,3104.98,3.56,TEST_B_CAUSAL,75000.0
10,2022-01-21,2022-01-24,84121.13,4206.06,3317.5,1,3.94,EXECUTED,9081.74,93202.87,0.0,0.0,TEST_B_CAUSAL,75000.0
11,2022-01-27,2022-01-28,93202.87,4660.14,5010.0,1,5.38,EXECUTED,-5075.0,88127.87,5075.0,5.45,TEST_B_CAUSAL,75000.0
12,2022-02-14,2022-02-15,88127.87,4406.39,4027.5,1,4.57,EXECUTED,-4087.27,84040.6,9162.27,9.83,TEST_B_CAUSAL,75000.0
13,2022-03-29,2022-03-30,84040.6,4202.03,2417.5,1,2.88,EXECUTED,-2467.1,81573.5,11629.37,12.48,TEST_B_CAUSAL,75000.0
14,2022-04-01,2022-04-04,81573.5,4078.67,2557.5,1,3.14,EXECUTED,-2608.31,78965.19,14237.68,15.28,TEST_B_CAUSAL,75000.0
15,2022-04-18,2022-04-19,78965.19,3948.26,3510.0,1,4.44,EXECUTED,-3562.59,75402.6,17800.27,19.1,TEST_B_CAUSAL,75000.0
16,2022-04-25,2022-04-26,75402.6,3770.13,1072.5,3,4.27,EXECUTED,-3377.07,72025.53,21177.34,22.72,TEST_B_CAUSAL,75000.0
17,2022-05-06,2022-05-09,72025.53,3601.28,3075.0,1,4.27,EXECUTED,9329.2,81354.73,11848.14,12.71,TEST_B_CAUSAL,75000.0
18,2022-05-27,2022-05-30,81354.73,4067.74,3315.0,1,4.07,EXECUTED,-1968.57,79386.16,13816.71,14.82,TEST_B_CAUSAL,75000.0
19,2022-06-10,2022-06-13,79386.16,3969.31,2132.5,1,2.69,EXECUTED,10264.08,89650.24,3552.63,3.81,TEST_B_CAUSAL,75000.0
20,2022-06-27,2022-06-28,89650.24,4482.51,4370.0,1,4.87,EXECUTED,-4422.64,85227.6,7975.27,8.56,TEST_B_CAUSAL,75000.0
21,2022-07-06,2022-07-07,85227.6,4261.38,4532.5,1,5.32,EXECUTED,-4588.02,80639.58,12563.29,13.48,TEST_B_CAUSAL,75000.0
22,2022-07-18,2022-07-19,80639.58,4031.98,3895.0,1,4.83,EXECUTED,8518.47,89158.05,4044.82,4.34,TEST_B_CAUSAL,75000.0
23,2022-07-28,2022-07-29,89158.05,4457.9,2267.5,1,2.54,EXECUTED,9259.8,98417.85,0.0,0.0,TEST_B_CAUSAL,75000.0
24,2022-08-05,2022-08-08,98417.85,4920.89,4210.0,1,4.28,EXECUTED,6168.57,104586.42,0.0,0.0,TEST_B_CAUSAL,75000.0
25,2022-08-29,2022-08-30,104586.42,5229.32,2760.0,1,2.64,EXECUTED,-2811.2,101775.22,2811.2,2.69,TEST_B_CAUSAL,75000.0
26,2022-09-08,2022-09-09,101775.22,5088.76,4315.0,1,4.24,EXECUTED,-4368.14,97407.08,7179.34,6.86,TEST_B_CAUSAL,75000.0
27,2022-09-16,2022-09-19,97407.08,4870.35,2222.5,2,4.56,EXECUTED,-4554.46,92852.62,11733.8,11.22,TEST_B_CAUSAL,75000.0
28,2022-09-23,2022-09-26,92852.62,4642.63,4762.5,1,5.13,EXECUTED,7655.86,100508.48,4077.94,3.9,TEST_B_CAUSAL,75000.0
29,2022-10-18,2022-10-19,100508.48,5025.42,2972.5,1,2.96,EXECUTED,-3021.85,97486.63,7099.79,6.79,TEST_B_CAUSAL,75000.0
30,2022-10-27,2022-10-28,97486.63,4874.33,5510.0,1,5.65,EXECUTED,6915.12,104401.75,184.67,0.18,TEST_B_CAUSAL,75000.0
31,2022-11-07,2022-11-09,104401.75,5220.09,1867.5,2,3.58,EXECUTED,-3832.22,100569.53,4016.89,3.84,TEST_B_CAUSAL,75000.0
32,2022-11-11,2022-11-14,100569.53,5028.48,3532.5,1,3.51,EXECUTED,-3582.62,96986.91,7599.51,7.27,TEST_B_CAUSAL,75000.0
33,2022-11-24,2022-11-25,96986.91,4849.35,3240.0,1,3.34,EXECUTED,7315.19,104302.1,284.32,0.27,TEST_B_CAUSAL,75000.0
34,2022-12-09,2022-12-12,104302.1,5215.1,2055.0,2,3.94,EXECUTED,-4208.42,100093.68,4492.74,4.3,TEST_B_CAUSAL,75000.0
35,2022-12-15,2022-12-16,100093.68,5004.68,2530.0,1,2.53,EXECUTED,3540.09,103633.77,952.65,0.91,TEST_B_CAUSAL,75000.0
36,2022-12-21,2022-12-22,103633.77,5181.69,2705.0,1,2.61,EXECUTED,185.38,103819.15,767.27,0.73,TEST_B_CAUSAL,75000.0
37,2023-01-12,2023-01-13,103819.15,5190.96,3725.0,1,3.59,EXECUTED,-3777.44,100041.71,4544.71,4.35,TEST_B_CAUSAL,75000.0
38,2023-01-18,2023-01-19,100041.71,5002.09,5107.5,1,5.11,EXECUTED,-5160.62,94881.09,9705.33,9.28,TEST_B_CAUSAL,75000.0
39,2023-01-27,2023-01-30,94881.09,4744.05,4027.5,1,4.24,EXECUTED,-4082.98,90798.11,13788.31,13.18,TEST_B_CAUSAL,75000.0
40,2023-02-09,2023-02-10,90798.11,4539.91,3660.0,1,4.03,EXECUTED,3068.23,93866.34,10720.08,10.25,TEST_B_CAUSAL,75000.0
41,2023-02-22,2023-02-23,93866.34,4693.32,2595.0,1,2.76,EXECUTED,6240.25,100106.59,4479.83,4.28,TEST_B_CAUSAL,75000.0
42,2023-03-13,2023-03-14,100106.59,5005.33,3105.0,1,3.1,EXECUTED,2552.87,102659.46,1926.96,1.84,TEST_B_CAUSAL,75000.0
43,2023-03-24,2023-03-27,102659.46,5132.97,3267.5,1,3.18,EXECUTED,-3319.0,99340.46,5245.96,5.02,TEST_B_CAUSAL,75000.0
44,2023-03-31,2023-04-03,99340.46,4967.02,1790.0,2,3.6,EXECUTED,6218.96,105559.42,0.0,0.0,TEST_B_CAUSAL,75000.0
45,2023-04-27,2023-04-28,105559.42,5277.97,2737.5,1,2.59,EXECUTED,9689.38,115248.8,0.0,0.0,TEST_B_CAUSAL,75000.0
46,2023-05-04,2023-05-05,115248.8,5762.44,3792.5,1,3.29,EXECUTED,3492.72,118741.52,0.0,0.0,TEST_B_CAUSAL,75000.0
47,2023-05-15,2023-05-16,118741.52,5937.08,1565.0,3,3.95,EXECUTED,-4840.02,113901.5,4840.02,4.08,TEST_B_CAUSAL,75000.0
48,2023-05-26,2023-05-29,113901.5,5695.07,2100.0,2,3.69,EXECUTED,-4297.58,109603.92,9137.6,7.7,TEST_B_CAUSAL,75000.0
49,2023-06-07,2023-06-08,109603.92,5480.2,4005.0,1,3.65,EXECUTED,-4055.79,105548.13,13193.39,11.11,TEST_B_CAUSAL,75000.0
50,2023-06-14,2023-06-15,105548.13,5277.41,3957.5,1,3.75,EXECUTED,-4008.61,101539.52,17202.0,14.49,TEST_B_CAUSAL,75000.0
51,2023-06-28,2023-06-30,101539.52,5076.98,1865.0,2,3.67,EXECUTED,21102.52,122642.04,0.0,0.0,TEST_B_CAUSAL,75000.0
52,2023-07-14,2023-07-17,122642.04,6132.1,2570.0,2,4.19,EXECUTED,19696.04,142338.08,0.0,0.0,TEST_B_CAUSAL,75000.0
53,2023-08-02,2023-08-03,142338.08,7116.9,2417.5,2,3.4,EXECUTED,-4938.42,137399.66,4938.42,3.47,TEST_B_CAUSAL,75000.0
54,2023-08-17,2023-08-18,137399.66,6869.98,3192.5,2,4.65,EXECUTED,-6486.36,130913.3,11424.78,8.03,TEST_B_CAUSAL,75000.0
55,2023-08-25,2023-08-28,130913.3,6545.66,2917.5,2,4.46,EXECUTED,-5937.02,124976.28,17361.8,12.2,TEST_B_CAUSAL,75000.0
56,2023-08-31,2023-09-01,124976.28,6248.81,2160.0,2,3.46,EXECUTED,-4419.46,120556.82,21781.26,15.3,TEST_B_CAUSAL,75000.0
57,2023-09-13,2023-09-14,120556.82,6027.84,2942.5,2,4.88,EXECUTED,-5987.08,114569.74,27768.34,19.51,TEST_B_CAUSAL,75000.0
58,2023-09-22,2023-09-25,114569.74,5728.49,3225.0,1,2.81,EXECUTED,3035.22,117604.96,24733.12,17.38,TEST_B_CAUSAL,75000.0
59,2023-09-28,2023-09-29,117604.96,5880.25,3535.0,1,3.01,EXECUTED,-3375.03,114229.93,28108.15,19.75,TEST_B_CAUSAL,75000.0
60,2023-10-04,2023-10-05,114229.93,5711.5,3160.0,1,2.77,EXECUTED,-3212.37,111017.56,31320.52,22.0,TEST_B_CAUSAL,75000.0
61,2023-10-11,2023-10-12,111017.56,5550.88,4325.0,1,3.9,EXECUTED,-4377.35,106640.21,35697.87,25.08,TEST_B_CAUSAL,75000.0
62,2023-10-23,2023-10-25,106640.21,5332.01,2810.0,1,2.64,EXECUTED,9599.99,116240.2,26097.88,18.34,TEST_B_CAUSAL,75000.0
63,2023-11-08,2023-11-09,116240.2,5812.01,3435.0,1,2.96,EXECUTED,8988.84,125229.04,17109.04,12.02,TEST_B_CAUSAL,75000.0
64,2023-11-21,2023-11-22,125229.04,6261.45,1740.0,3,4.17,EXECUTED,-5365.74,119863.3,22474.78,15.79,TEST_B_CAUSAL,75000.0
65,2023-11-28,2023-11-29,119863.3,5993.16,1525.0,3,3.82,EXECUTED,7729.86,127593.16,14744.92,10.36,TEST_B_CAUSAL,75000.0
66,2023-12-08,2023-12-11,127593.16,6379.66,4460.0,1,3.5,EXECUTED,4605.6,132198.76,10139.32,7.12,TEST_B_CAUSAL,75000.0
67,2023-12-14,2023-12-15,132198.76,6609.94,4622.5,1,3.5,EXECUTED,-4675.75,127523.01,14815.07,10.41,TEST_B_CAUSAL,75000.0
68,2023-12-27,2023-12-28,127523.01,6376.15,5682.5,1,4.46,EXECUTED,-5740.71,121782.3,20555.78,14.44,TEST_B_CAUSAL,75000.0
69,2024-01-12,2024-01-15,121782.3,6089.11,3445.0,1,2.83,EXECUTED,-3496.29,118286.01,24052.07,16.9,TEST_B_CAUSAL,75000.0
70,2024-01-18,2024-01-19,118286.01,5914.3,4817.5,1,4.07,EXECUTED,4981.12,123267.13,19070.95,13.4,TEST_B_CAUSAL,75000.0
71,2024-02-02,2024-02-05,123267.13,6163.36,4510.0,1,3.66,EXECUTED,-4563.67,118703.46,23634.62,16.6,TEST_B_CAUSAL,75000.0
72,2024-02-16,2024-02-19,118703.46,5935.17,3187.5,1,2.69,EXECUTED,124.62,118828.08,23510.0,16.52,TEST_B_CAUSAL,75000.0
73,2024-02-22,2024-02-23,118828.08,5941.4,4315.0,1,3.63,EXECUTED,-4369.46,114458.62,27879.46,19.59,TEST_B_CAUSAL,75000.0
74,2024-03-01,2024-03-04,114458.62,5722.93,4657.5,1,4.07,EXECUTED,-2537.31,111921.31,30416.77,21.37,TEST_B_CAUSAL,75000.0
75,2024-03-06,2024-03-07,111921.31,5596.07,4852.5,1,4.34,EXECUTED,-4907.96,107013.35,35324.73,24.82,TEST_B_CAUSAL,75000.0
76,2024-03-19,2024-03-20,107013.35,5350.67,3262.5,1,3.05,EXECUTED,-3313.09,103700.26,38637.82,27.15,TEST_B_CAUSAL,75000.0
77,2024-03-28,2024-04-01,103700.26,5185.01,4012.5,1,3.87,EXECUTED,-3332.86,100367.4,41970.68,29.49,TEST_B_CAUSAL,75000.0
78,2024-04-04,2024-04-05,100367.4,5018.37,5075.0,1,5.06,EXECUTED,5042.87,105410.27,36927.81,25.94,TEST_B_CAUSAL,75000.0
79,2024-04-10,2024-04-12,105410.27,5270.51,4010.0,1,3.8,EXECUTED,-4062.36,101347.91,40990.17,28.8,TEST_B_CAUSAL,75000.0
80,2024-04-29,2024-04-30,101347.91,5067.4,1443.75,3,4.27,EXECUTED,-4476.39,96871.52,45466.56,31.94,TEST_B_CAUSAL,75000.0
81,2024-05-02,2024-05-03,96871.52,4843.58,2020.0,2,4.17,EXECUTED,-4140.12,92731.4,49606.68,34.85,TEST_B_CAUSAL,75000.0
82,2024-05-09,2024-05-10,92731.4,4636.57,2028.75,2,4.38,EXECUTED,-4160.76,88570.64,53767.44,37.77,TEST_B_CAUSAL,75000.0
83,2024-05-21,2024-05-22,88570.64,4428.53,1308.75,3,4.43,EXECUTED,14631.54,103202.18,39135.9,27.5,TEST_B_CAUSAL,75000.0
84,2024-06-07,2024-06-10,103202.18,5160.11,2521.25,2,4.89,EXECUTED,-2706.72,100495.46,41842.62,29.4,TEST_B_CAUSAL,75000.0
85,2024-06-12,2024-06-13,100495.46,5024.77,1860.0,2,3.7,EXECUTED,-2972.48,97522.98,44815.1,31.48,TEST_B_CAUSAL,75000.0
86,2024-06-20,2024-06-21,97522.98,4876.15,1736.25,2,3.56,EXECUTED,8894.06,106417.04,35921.04,25.24,TEST_B_CAUSAL,75000.0
87,2024-07-01,2024-07-02,106417.04,5320.85,1422.5,3,4.01,EXECUTED,-4252.65,102164.39,40173.69,28.22,TEST_B_CAUSAL,75000.0
88,2024-07-03,2024-07-04,102164.39,5108.22,2447.5,2,4.79,EXECUTED,-4997.2,97167.19,45170.89,31.73,TEST_B_CAUSAL,75000.0
89,2024-07-12,2024-07-15,97167.19,4858.36,1766.25,2,3.64,EXECUTED,3898.18,101065.37,41272.71,29.0,TEST_B_CAUSAL,75000.0
90,2024-07-26,2024-07-29,101065.37,5053.27,1977.5,2,3.91,EXECUTED,-3509.78,97555.59,44782.49,31.46,TEST_B_CAUSAL,75000.0
91,2024-08-05,2024-08-06,97555.59,4877.78,2255.0,2,4.62,EXECUTED,-2969.42,94586.17,47751.91,33.55,TEST_B_CAUSAL,75000.0
92,2024-08-20,2024-08-21,94586.17,4729.31,1202.5,3,3.81,EXECUTED,852.03,95438.2,46899.88,32.95,TEST_B_CAUSAL,75000.0
93,2024-09-12,2024-09-13,95438.2,4771.91,1407.5,3,4.42,EXECUTED,-4370.16,91068.04,51270.04,36.02,TEST_B_CAUSAL,75000.0
94,2024-09-20,2024-09-23,91068.04,4553.4,2035.0,2,4.47,EXECUTED,8300.02,99368.06,42970.02,30.19,TEST_B_CAUSAL,75000.0
95,2024-10-03,2024-10-04,99368.06,4968.4,1480.0,3,4.47,EXECUTED,6749.37,106117.43,36220.65,25.45,TEST_B_CAUSAL,75000.0
96,2024-10-17,2024-10-18,106117.43,5305.87,1576.25,3,4.46,EXECUTED,10136.22,116253.65,26084.43,18.33,TEST_B_CAUSAL,75000.0
97,2024-11-04,2024-11-05,116253.65,5812.68,1666.25,3,4.3,EXECUTED,-5155.89,111097.76,31240.32,21.95,TEST_B_CAUSAL,75000.0
98,2024-11-06,2024-11-07,111097.76,5554.89,2320.0,2,4.18,EXECUTED,-4747.22,106350.54,35987.54,25.28,TEST_B_CAUSAL,75000.0
99,2024-11-21,2024-11-22,106350.54,5317.53,2821.25,1,2.65,EXECUTED,-2874.35,103476.19,38861.89,27.3,TEST_B_CAUSAL,75000.0
100,2024-11-27,2024-11-28,103476.19,5173.81,3248.75,1,3.14,EXECUTED,2926.18,106402.37,35935.71,25.25,TEST_B_CAUSAL,75000.0
101,2024-12-13,2024-12-16,106402.37,5320.12,1750.0,3,4.93,EXECUTED,-5402.85,100999.52,41338.56,29.04,TEST_B_CAUSAL,75000.0
102,2025-01-09,2025-01-10,100999.52,5049.98,5118.75,1,5.07,EXECUTED,8907.71,109907.23,32430.85,22.78,TEST_B_CAUSAL,75000.0
103,2025-01-21,2025-01-22,109907.23,5495.36,3540.0,1,3.22,EXECUTED,-3595.02,106312.21,36025.87,25.31,TEST_B_CAUSAL,75000.0
104,2025-01-27,2025-01-28,106312.21,5315.61,2221.25,2,4.18,EXECUTED,-4545.26,101766.95,40571.13,28.5,TEST_B_CAUSAL,75000.0
105,2025-01-31,2025-02-03,101766.95,5088.35,8797.5,1,8.64,EXECUTED,9856.24,111623.19,30714.89,21.58,TEST_B_CAUSAL,75000.0
106,2025-02-12,2025-02-13,111623.19,5581.16,4893.75,1,4.38,EXECUTED,1544.77,113167.96,29170.12,20.49,TEST_B_CAUSAL,75000.0
107,2025-02-20,2025-02-21,113167.96,5658.4,4698.75,1,4.15,EXECUTED,13957.27,127125.23,15212.85,10.69,TEST_B_CAUSAL,75000.0
108,2025-03-18,2025-03-19,127125.23,6356.26,4593.75,1,3.61,EXECUTED,14062.78,141188.01,1150.07,0.81,TEST_B_CAUSAL,75000.0
109,2025-04-04,2025-04-07,141188.01,7059.4,3461.25,2,4.9,EXECUTED,-7064.3,134123.71,8214.37,5.77,TEST_B_CAUSAL,75000.0
110,2025-04-17,2025-04-21,134123.71,6706.19,5966.25,1,4.45,EXECUTED,12441.23,146564.94,0.0,0.0,TEST_B_CAUSAL,75000.0
111,2025-04-29,2025-04-30,146564.94,7328.25,7046.25,1,4.81,EXECUTED,-7113.77,139451.17,7113.77,4.85,TEST_B_CAUSAL,75000.0
112,2025-05-09,2025-05-12,139451.17,6972.56,6371.25,1,4.57,EXECUTED,-6437.09,133014.08,13550.86,9.25,TEST_B_CAUSAL,75000.0
113,2025-05-15,2025-05-16,133014.08,6650.7,6986.25,1,5.25,EXECUTED,-7050.56,125963.52,20601.42,14.06,TEST_B_CAUSAL,75000.0
114,2025-06-03,2025-06-04,125963.52,6298.18,4387.5,1,3.48,EXECUTED,-4443.33,121520.19,25044.75,17.09,TEST_B_CAUSAL,75000.0
115,2025-06-06,2025-06-09,121520.19,6076.01,5418.75,1,4.46,EXECUTED,-5476.76,116043.43,30521.51,20.82,TEST_B_CAUSAL,75000.0
116,2025-06-25,2025-06-26,116043.43,5802.17,7001.25,1,6.03,EXECUTED,818.25,116861.68,29703.26,20.27,TEST_B_CAUSAL,75000.0
117,2025-07-10,2025-07-11,116861.68,5843.08,3288.75,1,2.81,EXECUTED,3283.58,120145.26,26419.68,18.03,TEST_B_CAUSAL,75000.0
118,2025-07-18,2025-07-21,120145.26,6007.26,5205.0,1,4.33,EXECUTED,-5260.23,114885.03,31679.91,21.61,TEST_B_CAUSAL,75000.0
119,2025-07-25,2025-07-28,114885.03,5744.25,4282.5,1,3.73,EXECUTED,-4336.51,110548.52,36016.42,24.57,TEST_B_CAUSAL,75000.0
120,2025-08-01,2025-08-04,110548.52,5527.43,6941.25,1,6.28,EXECUTED,-6999.36,103549.16,43015.78,29.35,TEST_B_CAUSAL,75000.0
121,2025-08-08,2025-08-11,103549.16,5177.46,4391.25,1,4.24,EXECUTED,-4446.08,99103.08,47461.86,32.38,TEST_B_CAUSAL,75000.0
122,2025-08-18,2025-08-19,99103.08,4955.15,5805.0,1,5.86,EXECUTED,4152.94,103256.02,43308.92,29.55,TEST_B_CAUSAL,75000.0
123,2025-08-29,2025-09-01,103256.02,5162.8,3251.25,1,3.15,EXECUTED,-3301.92,99954.1,46610.84,31.8,TEST_B_CAUSAL,75000.0
124,2025-09-10,2025-09-11,99954.1,4997.71,7290.0,1,7.29,EXECUTED,10553.13,110507.23,36057.71,24.6,TEST_B_CAUSAL,75000.0
125,2025-09-16,2025-09-17,110507.23,5525.36,6270.0,1,5.67,EXECUTED,-6326.06,104181.17,42383.77,28.92,TEST_B_CAUSAL,75000.0
126,2025-09-25,2025-09-26,104181.17,5209.06,1980.0,2,3.8,EXECUTED,16737.22,120918.39,25646.55,17.5,TEST_B_CAUSAL,75000.0
127,2025-10-09,2025-10-10,120918.39,6045.92,5501.25,1,4.55,EXECUTED,-5554.16,115364.23,31200.71,21.29,TEST_B_CAUSAL,75000.0
128,2025-10-15,2025-10-16,115364.23,5768.21,5051.25,1,4.38,EXECUTED,13585.33,128949.56,17615.38,12.02,TEST_B_CAUSAL,75000.0
129,2025-10-27,2025-10-28,128949.56,6447.48,9247.5,1,7.17,EXECUTED,-9316.37,119633.19,26931.75,18.38,TEST_B_CAUSAL,75000.0
130,2025-11-04,2025-11-06,119633.19,5981.66,4747.5,1,3.97,EXECUTED,-4805.08,114828.11,31736.83,21.65,TEST_B_CAUSAL,75000.0
131,2025-11-14,2025-11-17,114828.11,5741.41,4556.25,1,3.97,EXECUTED,-4608.69,110219.42,36345.52,24.8,TEST_B_CAUSAL,75000.0
132,2025-11-19,2025-11-20,110219.42,5510.97,4237.5,1,3.84,EXECUTED,-4292.08,105927.34,40637.6,27.73,TEST_B_CAUSAL,75000.0
133,2025-11-26,2025-11-27,105927.34,5296.37,6577.5,1,6.21,EXECUTED,-6633.5,99293.84,47271.1,32.25,TEST_B_CAUSAL,75000.0
134,2025-12-09,2025-12-10,99293.84,4964.69,4897.5,1,4.93,EXECUTED,-4953.2,94340.64,52224.3,35.63,TEST_B_CAUSAL,75000.0
135,2026-01-02,2026-01-05,94340.64,4717.03,2483.0,1,2.63,EXECUTED,-2532.08,91808.56,54756.38,37.36,TEST_B_CAUSAL,75000.0
136,2026-01-08,2026-01-09,91808.56,4590.43,2967.25,1,3.23,EXECUTED,1374.04,93182.6,53382.34,36.42,TEST_B_CAUSAL,75000.0
137,2026-01-14,2026-01-16,93182.6,4659.13,4202.25,1,4.51,EXECUTED,11937.3,105119.9,41445.04,28.28,TEST_B_CAUSAL,75000.0
138,2026-01-19,2026-01-20,105119.9,5256.0,5144.75,1,4.89,EXECUTED,10996.61,116116.51,30448.43,20.77,TEST_B_CAUSAL,75000.0
139,2026-01-23,2026-01-27,116116.51,5805.83,2843.75,2,4.9,EXECUTED,-5826.12,110290.39,36274.55,24.75,TEST_B_CAUSAL,75000.0
140,2026-02-03,2026-02-04,110290.39,5514.52,7007.0,1,6.35,EXECUTED,4941.11,115231.5,31333.44,21.38,TEST_B_CAUSAL,75000.0
141,2026-02-09,2026-02-10,115231.5,5761.58,6724.25,1,5.84,EXECUTED,-6782.77,108448.73,38116.21,26.01,TEST_B_CAUSAL,75000.0
142,2026-02-19,2026-02-20,108448.73,5422.44,4384.25,1,4.04,EXECUTED,-4441.97,104006.76,42558.18,29.04,TEST_B_CAUSAL,75000.0
143,2026-02-24,2026-02-25,104006.76,5200.34,4309.5,1,4.14,EXECUTED,11796.81,115803.57,30761.37,20.99,TEST_B_CAUSAL,75000.0
144,2026-02-27,2026-03-02,115803.57,5790.18,3155.75,1,2.73,EXECUTED,12989.93,128793.5,17771.44,12.13,TEST_B_CAUSAL,75000.0
145,2026-03-11,2026-03-12,128793.5,6439.68,2613.0,2,4.06,EXECUTED,-2935.16,125858.34,20706.6,14.13,TEST_B_CAUSAL,75000.0
146,2026-03-19,2026-03-20,125858.34,6292.92,9356.75,1,7.43,EXECUTED,-499.47,125358.87,21206.07,14.47,TEST_B_CAUSAL,75000.0
147,2026-04-15,2026-04-16,125358.87,6267.94,4888.0,1,3.9,EXECUTED,3267.72,128626.59,17938.35,12.24,TEST_B_CAUSAL,75000.0
148,2026-05-11,2026-05-12,128626.59,6431.33,4670.25,1,3.63,EXECUTED,-2657.25,125969.34,20595.6,14.05,TEST_B_CAUSAL,75000.0
149,2026-05-25,2026-05-26,125969.34,6298.47,8463.0,1,6.72,EXECUTED,-8532.7,117436.64,29128.3,19.87,TEST_B_CAUSAL,75000.0
150,2026-06-05,2026-06-08,117436.64,5871.83,3841.5,1,3.27,EXECUTED,-3894.09,113542.55,33022.39,22.53,TEST_B_CAUSAL,75000.0
151,2026-06-12,2026-06-15,113542.55,5677.13,2733.25,2,4.81,EXECUTED,-5575.28,107967.27,38597.67,26.33,TEST_B_CAUSAL,75000.0
152,2026-07-02,2026-07-03,107967.27,5398.36,3087.5,1,2.86,EXECUTED,-3137.15,104830.12,41734.82,28.48,TEST_B_CAUSAL,75000.0
153,2026-07-23,2026-07-24,104830.12,5241.51,4137.25,1,3.95,EXECUTED,-4189.96,100640.16,45924.78,31.33,TEST_B_CAUSAL,75000.0
154,2026-07-31,2026-08-03,100640.16,5032.01,2957.5,1,2.94,EXECUTED,-2040.18,98599.98,47964.96,32.73,TEST_B_CAUSAL,75000.0
155,2026-08-14,2026-08-17,98599.98,4930.0,2031.25,2,4.12,EXECUTED,14666.7,113266.68,33298.26,22.72,TEST_B_CAUSAL,75000.0
156,2026-09-01,2026-09-02,113266.68,5663.33,3191.5,1,2.82,EXECUTED,7453.78,120720.46,25844.48,17.63,TEST_B_CAUSAL,75000.0
157,2026-09-07,2026-09-08,120720.46,6036.02,4257.5,1,3.53,EXECUTED,11854.89,132575.35,13989.59,9.54,TEST_B_CAUSAL,75000.0
0,2021-09-23,2021-09-24,100000.0,5000.0,3365.0,1,3.36,EXECUTED,-3417.63,96582.37,3417.63,3.42,TEST_B_CAUSAL,100000.0
1,2021-10-08,2021-10-11,96582.37,4829.12,4360.0,1,4.51,EXECUTED,8042.04,104624.41,0.0,0.0,TEST_B_CAUSAL,100000.0
2,2021-10-28,2021-10-29,104624.41,5231.22,3012.5,1,2.88,EXECUTED,-3067.25,101557.16,3067.25,2.93,TEST_B_CAUSAL,100000.0
3,2021-11-18,2021-11-22,101557.16,5077.86,3660.0,1,3.6,EXECUTED,6955.6,108512.76,0.0,0.0,TEST_B_CAUSAL,100000.0
4,2021-11-24,2021-11-25,108512.76,5425.64,3460.0,1,3.19,EXECUTED,-3515.14,104997.62,3515.14,3.24,TEST_B_CAUSAL,100000.0
5,2021-12-06,2021-12-07,104997.62,5249.88,2265.0,2,4.31,EXECUTED,-4637.28,100360.34,8152.42,7.51,TEST_B_CAUSAL,100000.0
6,2021-12-20,2021-12-21,100360.34,5018.02,4807.5,1,4.79,EXECUTED,-4859.88,95500.46,13012.3,11.99,TEST_B_CAUSAL,100000.0
7,2021-12-31,2022-01-03,95500.46,4775.02,3792.5,1,3.97,EXECUTED,8628.58,104129.04,4383.72,4.04,TEST_B_CAUSAL,100000.0
8,2022-01-10,2022-01-11,104129.04,5206.45,4540.0,1,4.36,EXECUTED,5778.43,109907.47,0.0,0.0,TEST_B_CAUSAL,100000.0
9,2022-01-17,2022-01-18,109907.47,5495.37,3055.0,1,2.78,EXECUTED,-3104.98,106802.49,3104.98,2.83,TEST_B_CAUSAL,100000.0
10,2022-01-21,2022-01-24,106802.49,5340.12,3317.5,1,3.11,EXECUTED,9081.74,115884.23,0.0,0.0,TEST_B_CAUSAL,100000.0
11,2022-01-27,2022-01-28,115884.23,5794.21,5010.0,1,4.32,EXECUTED,-5075.0,110809.23,5075.0,4.38,TEST_B_CAUSAL,100000.0
12,2022-02-14,2022-02-15,110809.23,5540.46,4027.5,1,3.63,EXECUTED,-4087.27,106721.96,9162.27,7.91,TEST_B_CAUSAL,100000.0
13,2022-03-29,2022-03-30,106721.96,5336.1,2417.5,2,4.53,EXECUTED,-4934.2,101787.76,14096.47,12.16,TEST_B_CAUSAL,100000.0
14,2022-04-01,2022-04-04,101787.76,5089.39,2557.5,1,2.51,EXECUTED,-2608.31,99179.45,16704.78,14.42,TEST_B_CAUSAL,100000.0
15,2022-04-18,2022-04-19,99179.45,4958.97,3510.0,1,3.54,EXECUTED,-3562.59,95616.86,20267.37,17.49,TEST_B_CAUSAL,100000.0
16,2022-04-25,2022-04-26,95616.86,4780.84,1072.5,4,4.49,EXECUTED,-4502.76,91114.1,24770.13,21.37,TEST_B_CAUSAL,100000.0
17,2022-05-06,2022-05-09,91114.1,4555.71,3075.0,1,3.37,EXECUTED,9329.2,100443.3,15440.93,13.32,TEST_B_CAUSAL,100000.0
18,2022-05-27,2022-05-30,100443.3,5022.17,3315.0,1,3.3,EXECUTED,-1968.57,98474.73,17409.5,15.02,TEST_B_CAUSAL,100000.0
19,2022-06-10,2022-06-13,98474.73,4923.74,2132.5,2,4.33,EXECUTED,20528.16,119002.89,0.0,0.0,TEST_B_CAUSAL,100000.0
20,2022-06-27,2022-06-28,119002.89,5950.14,4370.0,1,3.67,EXECUTED,-4422.64,114580.25,4422.64,3.72,TEST_B_CAUSAL,100000.0
21,2022-07-06,2022-07-07,114580.25,5729.01,4532.5,1,3.96,EXECUTED,-4588.02,109992.23,9010.66,7.57,TEST_B_CAUSAL,100000.0
22,2022-07-18,2022-07-19,109992.23,5499.61,3895.0,1,3.54,EXECUTED,8518.47,118510.7,492.19,0.41,TEST_B_CAUSAL,100000.0
23,2022-07-28,2022-07-29,118510.7,5925.54,2267.5,2,3.83,EXECUTED,18519.6,137030.3,0.0,0.0,TEST_B_CAUSAL,100000.0
24,2022-08-05,2022-08-08,137030.3,6851.52,4210.0,1,3.07,EXECUTED,6168.57,143198.87,0.0,0.0,TEST_B_CAUSAL,100000.0
25,2022-08-29,2022-08-30,143198.87,7159.94,2760.0,2,3.85,EXECUTED,-5622.4,137576.47,5622.4,3.93,TEST_B_CAUSAL,100000.0
26,2022-09-08,2022-09-09,137576.47,6878.82,4315.0,1,3.14,EXECUTED,-4368.14,133208.33,9990.54,6.98,TEST_B_CAUSAL,100000.0
27,2022-09-16,2022-09-19,133208.33,6660.42,2222.5,2,3.34,EXECUTED,-4554.46,128653.87,14545.0,10.16,TEST_B_CAUSAL,100000.0
28,2022-09-23,2022-09-26,128653.87,6432.69,4762.5,1,3.7,EXECUTED,7655.86,136309.73,6889.14,4.81,TEST_B_CAUSAL,100000.0
29,2022-10-18,2022-10-19,136309.73,6815.49,2972.5,2,4.36,EXECUTED,-6043.7,130266.03,12932.84,9.03,TEST_B_CAUSAL,100000.0
30,2022-10-27,2022-10-28,130266.03,6513.3,5510.0,1,4.23,EXECUTED,6915.12,137181.15,6017.72,4.2,TEST_B_CAUSAL,100000.0
31,2022-11-07,2022-11-09,137181.15,6859.06,1867.5,3,4.08,EXECUTED,-5748.33,131432.82,11766.05,8.22,TEST_B_CAUSAL,100000.0
32,2022-11-11,2022-11-14,131432.82,6571.64,3532.5,1,2.69,EXECUTED,-3582.62,127850.2,15348.67,10.72,TEST_B_CAUSAL,100000.0
33,2022-11-24,2022-11-25,127850.2,6392.51,3240.0,1,2.53,EXECUTED,7315.19,135165.39,8033.48,5.61,TEST_B_CAUSAL,100000.0
34,2022-12-09,2022-12-12,135165.39,6758.27,2055.0,3,4.56,EXECUTED,-6312.63,128852.76,14346.11,10.02,TEST_B_CAUSAL,100000.0
35,2022-12-15,2022-12-16,128852.76,6442.64,2530.0,2,3.93,EXECUTED,7080.18,135932.94,7265.93,5.07,TEST_B_CAUSAL,100000.0
36,2022-12-21,2022-12-22,135932.94,6796.65,2705.0,2,3.98,EXECUTED,370.76,136303.7,6895.17,4.82,TEST_B_CAUSAL,100000.0
37,2023-01-12,2023-01-13,136303.7,6815.19,3725.0,1,2.73,EXECUTED,-3777.44,132526.26,10672.61,7.45,TEST_B_CAUSAL,100000.0
38,2023-01-18,2023-01-19,132526.26,6626.31,5107.5,1,3.85,EXECUTED,-5160.62,127365.64,15833.23,11.06,TEST_B_CAUSAL,100000.0
39,2023-01-27,2023-01-30,127365.64,6368.28,4027.5,1,3.16,EXECUTED,-4082.98,123282.66,19916.21,13.91,TEST_B_CAUSAL,100000.0
40,2023-02-09,2023-02-10,123282.66,6164.13,3660.0,1,2.97,EXECUTED,3068.23,126350.89,16847.98,11.77,TEST_B_CAUSAL,100000.0
41,2023-02-22,2023-02-23,126350.89,6317.54,2595.0,2,4.11,EXECUTED,12480.5,138831.39,4367.48,3.05,TEST_B_CAUSAL,100000.0
42,2023-03-13,2023-03-14,138831.39,6941.57,3105.0,2,4.47,EXECUTED,5105.74,143937.13,0.0,0.0,TEST_B_CAUSAL,100000.0
43,2023-03-24,2023-03-27,143937.13,7196.86,3267.5,2,4.54,EXECUTED,-6638.0,137299.13,6638.0,4.61,TEST_B_CAUSAL,100000.0
44,2023-03-31,2023-04-03,137299.13,6864.96,1790.0,3,3.91,EXECUTED,9328.44,146627.57,0.0,0.0,TEST_B_CAUSAL,100000.0
45,2023-04-27,2023-04-28,146627.57,7331.38,2737.5,2,3.73,EXECUTED,19378.76,166006.33,0.0,0.0,TEST_B_CAUSAL,100000.0
46,2023-05-04,2023-05-05,166006.33,8300.32,3792.5,2,4.57,EXECUTED,6985.44,172991.77,0.0,0.0,TEST_B_CAUSAL,100000.0
47,2023-05-15,2023-05-16,172991.77,8649.59,1565.0,5,4.52,EXECUTED,-8066.7,164925.07,8066.7,4.66,TEST_B_CAUSAL,100000.0
48,2023-05-26,2023-05-29,164925.07,8246.25,2100.0,3,3.82,EXECUTED,-6446.37,158478.7,14513.07,8.39,TEST_B_CAUSAL,100000.0
49,2023-06-07,2023-06-08,158478.7,7923.94,4005.0,1,2.53,EXECUTED,-4055.79,154422.91,18568.86,10.73,TEST_B_CAUSAL,100000.0
50,2023-06-14,2023-06-15,154422.91,7721.15,3957.5,1,2.56,EXECUTED,-4008.61,150414.3,22577.47,13.05,TEST_B_CAUSAL,100000.0
51,2023-06-28,2023-06-30,150414.3,7520.72,1865.0,4,4.96,EXECUTED,42205.04,192619.34,0.0,0.0,TEST_B_CAUSAL,100000.0
52,2023-07-14,2023-07-17,192619.34,9630.97,2570.0,3,4.0,EXECUTED,29544.06,222163.4,0.0,0.0,TEST_B_CAUSAL,100000.0
53,2023-08-02,2023-08-03,222163.4,11108.17,2417.5,4,4.35,EXECUTED,-9876.84,212286.56,9876.84,4.45,TEST_B_CAUSAL,100000.0
54,2023-08-17,2023-08-18,212286.56,10614.33,3192.5,3,4.51,EXECUTED,-9729.54,202557.02,19606.38,8.83,TEST_B_CAUSAL,100000.0
55,2023-08-25,2023-08-28,202557.02,10127.85,2917.5,3,4.32,EXECUTED,-8905.53,193651.49,28511.91,12.83,TEST_B_CAUSAL,100000.0
56,2023-08-31,2023-09-01,193651.49,9682.57,2160.0,4,4.46,EXECUTED,-8838.92,184812.57,37350.83,16.81,TEST_B_CAUSAL,100000.0
57,2023-09-13,2023-09-14,184812.57,9240.63,2942.5,3,4.78,EXECUTED,-8980.62,175831.95,46331.45,20.85,TEST_B_CAUSAL,100000.0
58,2023-09-22,2023-09-25,175831.95,8791.6,3225.0,2,3.67,EXECUTED,6070.44,181902.39,40261.01,18.12,TEST_B_CAUSAL,100000.0
59,2023-09-28,2023-09-29,181902.39,9095.12,3535.0,2,3.89,EXECUTED,-6750.06,175152.33,47011.07,21.16,TEST_B_CAUSAL,100000.0
60,2023-10-04,2023-10-05,175152.33,8757.62,3160.0,2,3.61,EXECUTED,-6424.74,168727.59,53435.81,24.05,TEST_B_CAUSAL,100000.0
61,2023-10-11,2023-10-12,168727.59,8436.38,4325.0,1,2.56,EXECUTED,-4377.35,164350.24,57813.16,26.02,TEST_B_CAUSAL,100000.0
62,2023-10-23,2023-10-25,164350.24,8217.51,2810.0,2,3.42,EXECUTED,19199.98,183550.22,38613.18,17.38,TEST_B_CAUSAL,100000.0
63,2023-11-08,2023-11-09,183550.22,9177.51,3435.0,2,3.74,EXECUTED,17977.68,201527.9,20635.5,9.29,TEST_B_CAUSAL,100000.0
64,2023-11-21,2023-11-22,201527.9,10076.4,1740.0,5,4.32,EXECUTED,-8942.9,192585.0,29578.4,13.31,TEST_B_CAUSAL,100000.0
65,2023-11-28,2023-11-29,192585.0,9629.25,1525.0,6,4.75,EXECUTED,15459.72,208044.72,14118.68,6.36,TEST_B_CAUSAL,100000.0
66,2023-12-08,2023-12-11,208044.72,10402.24,4460.0,2,4.29,EXECUTED,9211.2,217255.92,4907.48,2.21,TEST_B_CAUSAL,100000.0
67,2023-12-14,2023-12-15,217255.92,10862.8,4622.5,2,4.26,EXECUTED,-9351.5,207904.42,14258.98,6.42,TEST_B_CAUSAL,100000.0
68,2023-12-27,2023-12-28,207904.42,10395.22,5682.5,1,2.73,EXECUTED,-5740.71,202163.71,19999.69,9.0,TEST_B_CAUSAL,100000.0
69,2024-01-12,2024-01-15,202163.71,10108.19,3445.0,2,3.41,EXECUTED,-6992.58,195171.13,26992.27,12.15,TEST_B_CAUSAL,100000.0
70,2024-01-18,2024-01-19,195171.13,9758.56,4817.5,2,4.94,EXECUTED,9962.24,205133.37,17030.03,7.67,TEST_B_CAUSAL,100000.0
71,2024-02-02,2024-02-05,205133.37,10256.67,4510.0,2,4.4,EXECUTED,-9127.34,196006.03,26157.37,11.77,TEST_B_CAUSAL,100000.0
72,2024-02-16,2024-02-19,196006.03,9800.3,3187.5,3,4.88,EXECUTED,373.86,196379.89,25783.51,11.61,TEST_B_CAUSAL,100000.0
73,2024-02-22,2024-02-23,196379.89,9818.99,4315.0,2,4.39,EXECUTED,-8738.92,187640.97,34522.43,15.54,TEST_B_CAUSAL,100000.0
74,2024-03-01,2024-03-04,187640.97,9382.05,4657.5,2,4.96,EXECUTED,-5074.62,182566.35,39597.05,17.82,TEST_B_CAUSAL,100000.0
75,2024-03-06,2024-03-07,182566.35,9128.32,4852.5,1,2.66,EXECUTED,-4907.96,177658.39,44505.01,20.03,TEST_B_CAUSAL,100000.0
76,2024-03-19,2024-03-20,177658.39,8882.92,3262.5,2,3.67,EXECUTED,-6626.18,171032.21,51131.19,23.02,TEST_B_CAUSAL,100000.0
77,2024-03-28,2024-04-01,171032.21,8551.61,4012.5,2,4.69,EXECUTED,-6665.72,164366.49,57796.91,26.02,TEST_B_CAUSAL,100000.0
78,2024-04-04,2024-04-05,164366.49,8218.32,5075.0,1,3.09,EXECUTED,5042.87,169409.36,52754.04,23.75,TEST_B_CAUSAL,100000.0
79,2024-04-10,2024-04-12,169409.36,8470.47,4010.0,2,4.73,EXECUTED,-8124.72,161284.64,60878.76,27.4,TEST_B_CAUSAL,100000.0
80,2024-04-29,2024-04-30,161284.64,8064.23,1443.75,5,4.48,EXECUTED,-7460.65,153823.99,68339.41,30.76,TEST_B_CAUSAL,100000.0
81,2024-05-02,2024-05-03,153823.99,7691.2,2020.0,3,3.94,EXECUTED,-6210.18,147613.81,74549.59,33.56,TEST_B_CAUSAL,100000.0
82,2024-05-09,2024-05-10,147613.81,7380.69,2028.75,3,4.12,EXECUTED,-6241.14,141372.67,80790.73,36.37,TEST_B_CAUSAL,100000.0
83,2024-05-21,2024-05-22,141372.67,7068.63,1308.75,5,4.63,EXECUTED,24385.9,165758.57,56404.83,25.39,TEST_B_CAUSAL,100000.0
84,2024-06-07,2024-06-10,165758.57,8287.93,2521.25,3,4.56,EXECUTED,-4060.08,161698.49,60464.91,27.22,TEST_B_CAUSAL,100000.0
85,2024-06-12,2024-06-13,161698.49,8084.92,1860.0,4,4.6,EXECUTED,-5944.96,155753.53,66409.87,29.89,TEST_B_CAUSAL,100000.0
86,2024-06-20,2024-06-21,155753.53,7787.68,1736.25,4,4.46,EXECUTED,17788.12,173541.65,48621.75,21.89,TEST_B_CAUSAL,100000.0
87,2024-07-01,2024-07-02,173541.65,8677.08,1422.5,6,4.92,EXECUTED,-8505.3,165036.35,57127.05,25.71,TEST_B_CAUSAL,100000.0
88,2024-07-03,2024-07-04,165036.35,8251.82,2447.5,3,4.45,EXECUTED,-7495.8,157540.55,64622.85,29.09,TEST_B_CAUSAL,100000.0
89,2024-07-12,2024-07-15,157540.55,7877.03,1766.25,4,4.48,EXECUTED,7796.36,165336.91,56826.49,25.58,TEST_B_CAUSAL,100000.0
90,2024-07-26,2024-07-29,165336.91,8266.85,1977.5,4,4.78,EXECUTED,-7019.56,158317.35,63846.05,28.74,TEST_B_CAUSAL,100000.0
91,2024-08-05,2024-08-06,158317.35,7915.87,2255.0,3,4.27,EXECUTED,-4454.13,153863.22,68300.18,30.74,TEST_B_CAUSAL,100000.0
92,2024-08-20,2024-08-21,153863.22,7693.16,1202.5,6,4.69,EXECUTED,1704.06,155567.28,66596.12,29.98,TEST_B_CAUSAL,100000.0
93,2024-09-12,2024-09-13,155567.28,7778.36,1407.5,5,4.52,EXECUTED,-7283.6,148283.68,73879.72,33.25,TEST_B_CAUSAL,100000.0
94,2024-09-20,2024-09-23,148283.68,7414.18,2035.0,3,4.12,EXECUTED,12450.03,160733.71,61429.69,27.65,TEST_B_CAUSAL,100000.0
95,2024-10-03,2024-10-04,160733.71,8036.69,1480.0,5,4.6,EXECUTED,11248.95,171982.66,50180.74,22.59,TEST_B_CAUSAL,100000.0
96,2024-10-17,2024-10-18,171982.66,8599.13,1576.25,5,4.58,EXECUTED,16893.7,188876.36,33287.04,14.98,TEST_B_CAUSAL,100000.0
97,2024-11-04,2024-11-05,188876.36,9443.82,1666.25,5,4.41,EXECUTED,-8593.15,180283.21,41880.19,18.85,TEST_B_CAUSAL,100000.0
98,2024-11-06,2024-11-07,180283.21,9014.16,2320.0,3,3.86,EXECUTED,-7120.83,173162.38,49001.02,22.06,TEST_B_CAUSAL,100000.0
99,2024-11-21,2024-11-22,173162.38,8658.12,2821.25,3,4.89,EXECUTED,-8623.05,164539.33,57624.07,25.94,TEST_B_CAUSAL,100000.0
100,2024-11-27,2024-11-28,164539.33,8226.97,3248.75,2,3.95,EXECUTED,5852.36,170391.69,51771.71,23.3,TEST_B_CAUSAL,100000.0
101,2024-12-13,2024-12-16,170391.69,8519.58,1750.0,4,4.11,EXECUTED,-7203.8,163187.89,58975.51,26.55,TEST_B_CAUSAL,100000.0
102,2025-01-09,2025-01-10,163187.89,8159.39,5118.75,1,3.14,EXECUTED,8907.71,172095.6,50067.8,22.54,TEST_B_CAUSAL,100000.0
103,2025-01-21,2025-01-22,172095.6,8604.78,3540.0,2,4.11,EXECUTED,-7190.04,164905.56,57257.84,25.77,TEST_B_CAUSAL,100000.0
104,2025-01-27,2025-01-28,164905.56,8245.28,2221.25,3,4.04,EXECUTED,-6817.89,158087.67,64075.73,28.84,TEST_B_CAUSAL,100000.0
105,2025-01-31,2025-02-03,158087.67,7904.38,8797.5,1,5.56,EXECUTED,9856.24,167943.91,54219.49,24.41,TEST_B_CAUSAL,100000.0
106,2025-02-12,2025-02-13,167943.91,8397.2,4893.75,1,2.91,EXECUTED,1544.77,169488.68,52674.72,23.71,TEST_B_CAUSAL,100000.0
107,2025-02-20,2025-02-21,169488.68,8474.43,4698.75,1,2.77,EXECUTED,13957.27,183445.95,38717.45,17.43,TEST_B_CAUSAL,100000.0
108,2025-03-18,2025-03-19,183445.95,9172.3,4593.75,1,2.5,EXECUTED,14062.78,197508.73,24654.67,11.1,TEST_B_CAUSAL,100000.0
109,2025-04-04,2025-04-07,197508.73,9875.44,3461.25,2,3.5,EXECUTED,-7064.3,190444.43,31718.97,14.28,TEST_B_CAUSAL,100000.0
110,2025-04-17,2025-04-21,190444.43,9522.22,5966.25,1,3.13,EXECUTED,12441.23,202885.66,19277.74,8.68,TEST_B_CAUSAL,100000.0
111,2025-04-29,2025-04-30,202885.66,10144.28,7046.25,1,3.47,EXECUTED,-7113.77,195771.89,26391.51,11.88,TEST_B_CAUSAL,100000.0
112,2025-05-09,2025-05-12,195771.89,9788.59,6371.25,1,3.25,EXECUTED,-6437.09,189334.8,32828.6,14.78,TEST_B_CAUSAL,100000.0
113,2025-05-15,2025-05-16,189334.8,9466.74,6986.25,1,3.69,EXECUTED,-7050.56,182284.24,39879.16,17.95,TEST_B_CAUSAL,100000.0
114,2025-06-03,2025-06-04,182284.24,9114.21,4387.5,2,4.81,EXECUTED,-8886.66,173397.58,48765.82,21.95,TEST_B_CAUSAL,100000.0
115,2025-06-06,2025-06-09,173397.58,8669.88,5418.75,1,3.13,EXECUTED,-5476.76,167920.82,54242.58,24.42,TEST_B_CAUSAL,100000.0
116,2025-06-25,2025-06-26,167920.82,8396.04,7001.25,1,4.17,EXECUTED,818.25,168739.07,53424.33,24.05,TEST_B_CAUSAL,100000.0
117,2025-07-10,2025-07-11,168739.07,8436.95,3288.75,2,3.9,EXECUTED,6567.16,175306.23,46857.17,21.09,TEST_B_CAUSAL,100000.0
118,2025-07-18,2025-07-21,175306.23,8765.31,5205.0,1,2.97,EXECUTED,-5260.23,170046.0,52117.4,23.46,TEST_B_CAUSAL,100000.0
119,2025-07-25,2025-07-28,170046.0,8502.3,4282.5,1,2.52,EXECUTED,-4336.51,165709.49,56453.91,25.41,TEST_B_CAUSAL,100000.0
120,2025-08-01,2025-08-04,165709.49,8285.47,6941.25,1,4.19,EXECUTED,-6999.36,158710.13,63453.27,28.56,TEST_B_CAUSAL,100000.0
121,2025-08-08,2025-08-11,158710.13,7935.51,4391.25,1,2.77,EXECUTED,-4446.08,154264.05,67899.35,30.56,TEST_B_CAUSAL,100000.0
122,2025-08-18,2025-08-19,154264.05,7713.2,5805.0,1,3.76,EXECUTED,4152.94,158416.99,63746.41,28.69,TEST_B_CAUSAL,100000.0
123,2025-08-29,2025-09-01,158416.99,7920.85,3251.25,2,4.1,EXECUTED,-6603.84,151813.15,70350.25,31.67,TEST_B_CAUSAL,100000.0
124,2025-09-10,2025-09-11,151813.15,7590.66,7290.0,1,4.8,EXECUTED,10553.13,162366.28,59797.12,26.92,TEST_B_CAUSAL,100000.0
125,2025-09-16,2025-09-17,162366.28,8118.31,6270.0,1,3.86,EXECUTED,-6326.06,156040.22,66123.18,29.76,TEST_B_CAUSAL,100000.0
126,2025-09-25,2025-09-26,156040.22,7802.01,1980.0,3,3.81,EXECUTED,25105.83,181146.05,41017.35,18.46,TEST_B_CAUSAL,100000.0
127,2025-10-09,2025-10-10,181146.05,9057.3,5501.25,1,3.04,EXECUTED,-5554.16,175591.89,46571.51,20.96,TEST_B_CAUSAL,100000.0
128,2025-10-15,2025-10-16,175591.89,8779.59,5051.25,1,2.88,EXECUTED,13585.33,189177.22,32986.18,14.85,TEST_B_CAUSAL,100000.0
129,2025-10-27,2025-10-28,189177.22,9458.86,9247.5,1,4.89,EXECUTED,-9316.37,179860.85,42302.55,19.04,TEST_B_CAUSAL,100000.0
130,2025-11-04,2025-11-06,179860.85,8993.04,4747.5,1,2.64,EXECUTED,-4805.08,175055.77,47107.63,21.2,TEST_B_CAUSAL,100000.0
131,2025-11-14,2025-11-17,175055.77,8752.79,4556.25,1,2.6,EXECUTED,-4608.69,170447.08,51716.32,23.28,TEST_B_CAUSAL,100000.0
132,2025-11-19,2025-11-20,170447.08,8522.35,4237.5,2,4.97,EXECUTED,-8584.16,161862.92,60300.48,27.14,TEST_B_CAUSAL,100000.0
133,2025-11-26,2025-11-27,161862.92,8093.15,6577.5,1,4.06,EXECUTED,-6633.5,155229.42,66933.98,30.13,TEST_B_CAUSAL,100000.0
134,2025-12-09,2025-12-10,155229.42,7761.47,4897.5,1,3.16,EXECUTED,-4953.2,150276.22,71887.18,32.36,TEST_B_CAUSAL,100000.0
135,2026-01-02,2026-01-05,150276.22,7513.81,2483.0,3,4.96,EXECUTED,-7596.24,142679.98,79483.42,35.78,TEST_B_CAUSAL,100000.0
136,2026-01-08,2026-01-09,142679.98,7134.0,2967.25,2,4.16,EXECUTED,2748.08,145428.06,76735.34,34.54,TEST_B_CAUSAL,100000.0
137,2026-01-14,2026-01-16,145428.06,7271.4,4202.25,1,2.89,EXECUTED,11937.3,157365.36,64798.04,29.17,TEST_B_CAUSAL,100000.0
138,2026-01-19,2026-01-20,157365.36,7868.27,5144.75,1,3.27,EXECUTED,10996.61,168361.97,53801.43,24.22,TEST_B_CAUSAL,100000.0
139,2026-01-23,2026-01-27,168361.97,8418.1,2843.75,2,3.38,EXECUTED,-5826.12,162535.85,59627.55,26.84,TEST_B_CAUSAL,100000.0
140,2026-02-03,2026-02-04,162535.85,8126.79,7007.0,1,4.31,EXECUTED,4941.11,167476.96,54686.44,24.62,TEST_B_CAUSAL,100000.0
141,2026-02-09,2026-02-10,167476.96,8373.85,6724.25,1,4.02,EXECUTED,-6782.77,160694.19,61469.21,27.67,TEST_B_CAUSAL,100000.0
142,2026-02-19,2026-02-20,160694.19,8034.71,4384.25,1,2.73,EXECUTED,-4441.97,156252.22,65911.18,29.67,TEST_B_CAUSAL,100000.0
143,2026-02-24,2026-02-25,156252.22,7812.61,4309.5,1,2.76,EXECUTED,11796.81,168049.03,54114.37,24.36,TEST_B_CAUSAL,100000.0
144,2026-02-27,2026-03-02,168049.03,8402.45,3155.75,2,3.76,EXECUTED,25979.86,194028.89,28134.51,12.66,TEST_B_CAUSAL,100000.0
145,2026-03-11,2026-03-12,194028.89,9701.44,2613.0,3,4.04,EXECUTED,-4402.74,189626.15,32537.25,14.65,TEST_B_CAUSAL,100000.0
146,2026-03-19,2026-03-20,189626.15,9481.31,9356.75,1,4.93,EXECUTED,-499.47,189126.68,33036.72,14.87,TEST_B_CAUSAL,100000.0
147,2026-04-15,2026-04-16,189126.68,9456.33,4888.0,1,2.58,EXECUTED,3267.72,192394.4,29769.0,13.4,TEST_B_CAUSAL,100000.0
148,2026-05-11,2026-05-12,192394.4,9619.72,4670.25,2,4.85,EXECUTED,-5314.5,187079.9,35083.5,15.79,TEST_B_CAUSAL,100000.0
149,2026-05-25,2026-05-26,187079.9,9354.0,8463.0,1,4.52,EXECUTED,-8532.7,178547.2,43616.2,19.63,TEST_B_CAUSAL,100000.0
150,2026-06-05,2026-06-08,178547.2,8927.36,3841.5,2,4.3,EXECUTED,-7788.18,170759.02,51404.38,23.14,TEST_B_CAUSAL,100000.0
151,2026-06-12,2026-06-15,170759.02,8537.95,2733.25,3,4.8,EXECUTED,-8362.92,162396.1,59767.3,26.9,TEST_B_CAUSAL,100000.0
152,2026-07-02,2026-07-03,162396.1,8119.81,3087.5,2,3.8,EXECUTED,-6274.3,156121.8,66041.6,29.73,TEST_B_CAUSAL,100000.0
153,2026-07-23,2026-07-24,156121.8,7806.09,4137.25,1,2.65,EXECUTED,-4189.96,151931.84,70231.56,31.61,TEST_B_CAUSAL,100000.0
154,2026-07-31,2026-08-03,151931.84,7596.59,2957.5,2,3.89,EXECUTED,-4080.36,147851.48,74311.92,33.45,TEST_B_CAUSAL,100000.0
155,2026-08-14,2026-08-17,147851.48,7392.57,2031.25,3,4.12,EXECUTED,22000.05,169851.53,52311.87,23.55,TEST_B_CAUSAL,100000.0
156,2026-09-01,2026-09-02,169851.53,8492.58,3191.5,2,3.76,EXECUTED,14907.56,184759.09,37404.31,16.84,TEST_B_CAUSAL,100000.0
157,2026-09-07,2026-09-08,184759.09,9237.95,4257.5,2,4.61,EXECUTED,23709.78,208468.87,13694.53,6.16,TEST_B_CAUSAL,100000.0
