signal_date,execution_date,year,expiry_date,dte_sessions,vix,signal_spot,exec_spot,type,long_strike,short_strike,wing_width,strike_offset,long_raw_price,short_raw_price,long_fill_price,short_fill_price,debit_pts,lot_size,capital_required_inr,settlement_price,gross_payoff_inr,statutory_costs_inr,net_pnl_inr,is_win,cum_net_pnl,candidate_id,candidate_name,in_primary_5y
2019-03-28,2019-03-29,2019,2019-04-04,4,17.05,11570.0,11625.45,BULL_CALL,11700.0,11850.0,150.0,50.0,69.4,25.0,69.5,24.9,44.6,75,3345.0,11598.0,-3345.0,52.71,-3397.71,0,-3397.71,Candidate 1,"Causal 10D Breakout OTM Debit Spread (W150, Off50)",0
2019-04-16,2019-04-18,2019,2019-04-25,4,21.39,11787.15,11856.15,BULL_CALL,11900.0,12050.0,150.0,50.0,49.45,9.3,49.55,9.2,40.35,75,3026.25,11641.8,-3026.25,50.35,-3076.6,0,-6474.3099999999995,Candidate 1,"Causal 10D Breakout OTM Debit Spread (W150, Off50)",0
2019-05-24,2019-05-27,2019,2019-05-30,3,19.41,11844.1,11855.5,BULL_CALL,11900.0,12050.0,150.0,50.0,61.25,20.0,61.35,19.9,41.45,75,3108.75,11945.9,333.75,58.21,275.54,1,-6198.7699999999995,Candidate 1,"Causal 10D Breakout OTM Debit Spread (W150, Off50)",0
2019-05-30,2019-05-31,2019,2019-06-06,3,16.41,11945.9,11999.8,BULL_CALL,12050.0,12200.0,150.0,50.0,48.1,14.5,48.2,14.4,33.8,75,2535.0,11843.75,-2535.0,50.76,-2585.76,0,-8784.529999999999,Candidate 1,"Causal 10D Breakout OTM Debit Spread (W150, Off50)",0
2019-06-14,2019-06-17,2019,2019-06-20,3,13.66,11823.3,11844.0,BEAR_PUT,11800.0,11650.0,150.0,50.0,48.2,16.1,48.3,16.0,32.3,75,2422.5,11831.75,-2422.5,50.91,-2473.41,0,-11257.939999999999,Candidate 1,"Causal 10D Breakout OTM Debit Spread (W150, Off50)",0
2019-07-01,2019-07-02,2019,2019-07-04,2,14.95,11865.6,11890.3,BULL_CALL,11950.0,12100.0,150.0,50.0,29.5,3.85,29.6,3.75,25.85,75,1938.75,11946.75,-1938.75,48.92,-1987.67,0,-13245.609999999999,Candidate 1,"Causal 10D Breakout OTM Debit Spread (W150, Off50)",0
2019-07-08,2019-07-09,2019,2019-07-11,2,13.07,11558.6,11531.6,BEAR_PUT,11500.0,11350.0,150.0,50.0,47.0,11.9,47.1,11.8,35.3,75,2647.5,11582.9,-2647.5,50.47,-2697.97,0,-15943.579999999998,Candidate 1,"Causal 10D Breakout OTM Debit Spread (W150, Off50)",0
2019-07-19,2019-07-22,2019,2019-07-25,3,11.75,11419.25,11392.85,BEAR_PUT,11350.0,11200.0,150.0,50.0,48.15,14.9,48.25,14.8,33.45,75,2508.75,11252.15,4830.0,64.31,4765.69,1,-11177.89,Candidate 1,"Causal 10D Breakout OTM Debit Spread (W150, Off50)",0
2019-07-29,2019-07-30,2019,2019-08-01,2,12.13,11189.2,11213.7,BEAR_PUT,11150.0,11000.0,150.0,50.0,28.95,7.8,29.05,7.7,21.35,75,1601.25,10980.0,9648.75,73.62,9575.13,1,-1602.7600000000002,Candidate 1,"Causal 10D Breakout OTM Debit Spread (W150, Off50)",0
2019-08-01,2019-08-02,2019,2019-08-08,4,13.59,10980.0,10930.3,BEAR_PUT,10900.0,10750.0,150.0,50.0,87.75,38.85,87.85,38.75,49.1,75,3682.5,11032.45,-3682.5,54.83,-3737.33,0,-5340.09,Candidate 1,"Causal 10D Breakout OTM Debit Spread (W150, Off50)",0
2019-08-07,2019-08-08,2019,2019-08-14,3,16.12,10855.5,10899.2,BEAR_PUT,10850.0,10700.0,150.0,50.0,90.55,46.9,90.65,46.8,43.85,75,3288.75,11029.4,-3288.75,55.69,-3344.44,0,-8684.53,Candidate 1,"Causal 10D Breakout OTM Debit Spread (W150, Off50)",0
2019-08-22,2019-08-23,2019,2019-08-29,4,17.02,10741.35,10699.6,BEAR_PUT,10650.0,10500.0,150.0,50.0,74.05,35.0,74.15,34.9,39.25,75,2943.75,10948.3,-2943.75,53.84,-2997.59,0,-11682.12,Candidate 1,"Causal 10D Breakout OTM Debit Spread (W150, Off50)",0
2019-09-13,2019-09-16,2019,2019-09-19,3,14.9,11075.9,10994.85,BULL_CALL,11050.0,11200.0,150.0,50.0,75.0,12.5,75.1,12.4,62.7,75,4702.5,10704.8,-4702.5,51.83,-4754.33,0,-16436.45,Candidate 1,"Causal 10D Breakout OTM Debit Spread (W150, Off50)",0
2019-09-19,2019-09-20,2019,2019-09-26,4,15.35,10704.8,10746.8,BEAR_PUT,10700.0,10550.0,150.0,50.0,71.95,29.4,72.05,29.3,42.75,75,3206.25,11571.2,-3206.25,53.23,-3259.48,0,-19695.93,Candidate 1,"Causal 10D Breakout OTM Debit Spread (W150, Off50)",0
2019-10-07,2019-10-09,2019,2019-10-10,1,17.58,11126.4,11152.95,BEAR_PUT,11100.0,10950.0,150.0,50.0,40.0,11.95,40.1,11.85,28.25,75,2118.75,11234.55,-2118.75,50.15,-2168.9,0,-21864.83,Candidate 1,"Causal 10D Breakout OTM Debit Spread (W150, Off50)",0
2019-10-17,2019-10-18,2019,2019-10-24,3,16.36,11586.35,11580.3,BULL_CALL,11650.0,11800.0,150.0,50.0,53.55,17.15,53.65,17.05,36.6,75,2745.0,11582.6,-2745.0,51.25,-2796.25,0,-24661.08,Candidate 1,"Causal 10D Breakout OTM Debit Spread (W150, Off50)",0
2019-10-29,2019-10-30,2019,2019-10-31,1,15.32,11786.85,11883.9,BULL_CALL,11950.0,12100.0,150.0,50.0,16.0,3.5,16.1,3.4,12.7,75,952.5,11877.45,-952.5,48.26,-1000.76,0,-25661.84,Candidate 1,"Causal 10D Breakout OTM Debit Spread (W150, Off50)",0
2019-11-06,2019-11-07,2019,2019-11-14,4,15.92,11966.05,12021.1,BULL_CALL,12050.0,12200.0,150.0,50.0,69.0,22.0,69.1,21.9,47.2,75,3540.0,11872.1,-3540.0,52.42,-3592.42,0,-29254.260000000002,Candidate 1,"Causal 10D Breakout OTM Debit Spread (W150, Off50)",0
2019-11-25,2019-11-26,2019,2019-11-28,2,14.87,12073.75,12110.2,BULL_CALL,12150.0,12300.0,150.0,50.0,43.45,7.45,43.55,7.35,36.2,75,2715.0,12151.15,-2628.75,50.06,-2678.81,0,-31933.070000000003,Candidate 1,"Causal 10D Breakout OTM Debit Spread (W150, Off50)",0
2019-11-27,2019-11-28,2019,2019-12-05,5,14.84,12100.7,12132.1,BULL_CALL,12200.0,12350.0,150.0,50.0,46.8,13.0,46.9,12.9,34.0,75,2550.0,12018.4,-2550.0,50.56,-2600.56,0,-34533.630000000005,Candidate 1,"Causal 10D Breakout OTM Debit Spread (W150, Off50)",0
2019-12-10,2019-12-11,2019,2019-12-12,1,14.6,11856.8,11867.35,BEAR_PUT,11800.0,11650.0,150.0,50.0,16.35,1.55,16.45,1.45,15.0,75,1125.0,11971.8,-1125.0,48.1,-1173.1,0,-35706.73,Candidate 1,"Causal 10D Breakout OTM Debit Spread (W150, Off50)",0
2019-12-13,2019-12-16,2019,2019-12-19,3,13.35,12086.7,12131.35,BULL_CALL,12200.0,12350.0,150.0,50.0,39.95,11.05,40.05,10.95,29.1,75,2182.5,12259.7,2295.0,58.31,2236.69,1,-33470.04,Candidate 1,"Causal 10D Breakout OTM Debit Spread (W150, Off50)",0
2020-01-02,2020-01-03,2020,2020-01-09,4,11.6,12282.2,12261.1,BULL_CALL,12300.0,12450.0,150.0,50.0,41.9,9.0,42.0,8.9,33.1,75,2482.5,12215.9,-2482.5,49.97,-2532.47,0,-36002.51,Candidate 1,"Causal 10D Breakout OTM Debit Spread (W150, Off50)",0
2020-01-13,2020-01-14,2020,2020-01-16,2,14.08,12329.55,12333.1,BULL_CALL,12400.0,12550.0,150.0,50.0,22.1,2.75,22.2,2.65,19.55,75,1466.25,12355.5,-1466.25,48.48,-1514.73,0,-37517.240000000005,Candidate 1,"Causal 10D Breakout OTM Debit Spread (W150, Off50)",0
2020-01-28,2020-01-29,2020,2020-01-30,1,17.18,12055.8,12114.9,BEAR_PUT,12050.0,11900.0,150.0,50.0,29.9,6.75,30.0,6.65,23.35,75,1751.25,12035.8,-686.25,51.17,-737.42,0,-38254.66,Candidate 1,"Causal 10D Breakout OTM Debit Spread (W150, Off50)",0
2020-01-30,2020-01-31,2020,2020-02-06,4,16.5,12035.8,12100.4,BEAR_PUT,12050.0,11900.0,150.0,50.0,129.75,80.9,129.85,80.8,49.05,75,3678.75,12137.95,-3678.75,60.62,-3739.37,0,-41994.030000000006,Candidate 1,"Causal 10D Breakout OTM Debit Spread (W150, Off50)",0
2020-02-12,2020-02-13,2020,2020-02-20,5,13.88,12201.2,12219.55,BULL_CALL,12250.0,12400.0,150.0,50.0,68.9,15.0,69.0,14.9,54.1,75,4057.5,12080.85,-4057.5,51.77,-4109.27,0,-46103.3,Candidate 1,"Causal 10D Breakout OTM Debit Spread (W150, Off50)",0
2020-02-24,2020-02-25,2020,2020-02-27,2,13.7,11829.4,11877.5,BEAR_PUT,11850.0,11700.0,150.0,50.0,84.0,26.1,84.1,26.0,58.1,75,4357.5,11633.3,6892.5,86.37,6806.13,1,-39297.170000000006,Candidate 1,"Causal 10D Breakout OTM Debit Spread (W150, Off50)",0
2020-03-06,2020-03-09,2020,2020-03-12,2,23.25,10989.45,10742.05,BEAR_PUT,10700.0,10550.0,150.0,50.0,140.0,84.2,140.1,84.1,56.0,75,4200.0,9590.15,7050.0,257.21,6792.79,1,-32504.380000000005,Candidate 1,"Causal 10D Breakout OTM Debit Spread (W150, Off50)",0
2020-08-11,2020-08-12,2020,2020-08-13,1,22.51,11322.5,11289.0,BULL_CALL,11350.0,11500.0,150.0,50.0,46.75,4.55,46.85,4.45,42.4,75,3180.0,11300.45,-3180.0,49.79,-3229.79,0,-35734.170000000006,Candidate 1,"Causal 10D Breakout OTM Debit Spread (W150, Off50)",0
2020-08-18,2020-08-19,2020,2020-08-20,1,21.31,11385.35,11452.15,BULL_CALL,11500.0,11650.0,150.0,50.0,28.0,3.9,28.1,3.8,24.3,75,1822.5,11312.2,-1822.5,48.86,-1871.36,0,-37605.530000000006,Candidate 1,"Causal 10D Breakout OTM Debit Spread (W150, Off50)",0
2020-08-24,2020-08-25,2020,2020-08-27,2,19.94,11466.45,11513.1,BULL_CALL,11550.0,11700.0,150.0,50.0,44.15,8.0,44.25,7.9,36.35,75,2726.25,11559.25,-2032.5,51.26,-2083.76,0,-39689.29000000001,Candidate 1,"Causal 10D Breakout OTM Debit Spread (W150, Off50)",0
2020-09-04,2020-09-07,2020,2020-09-10,3,20.5,11333.85,11359.6,BEAR_PUT,11300.0,11150.0,150.0,50.0,98.8,54.15,98.9,54.05,44.85,75,3363.75,11449.25,-3363.75,56.74,-3420.49,0,-43109.780000000006,Candidate 1,"Causal 10D Breakout OTM Debit Spread (W150, Off50)",0
2020-09-16,2020-09-17,2020,2020-09-24,5,20.6,11604.55,11539.4,BULL_CALL,11600.0,11750.0,150.0,50.0,73.85,31.25,73.95,31.15,42.8,75,3210.0,10805.55,-3210.0,53.49,-3263.49,0,-46373.270000000004,Candidate 1,"Causal 10D Breakout OTM Debit Spread (W150, Off50)",0
2020-10-06,2020-10-07,2020,2020-10-08,1,19.71,11662.4,11679.25,BULL_CALL,11750.0,11900.0,150.0,50.0,22.0,2.8,22.1,2.7,19.4,75,1455.0,11834.6,4890.0,60.16,4829.84,1,-41543.43000000001,Candidate 1,"Causal 10D Breakout OTM Debit Spread (W150, Off50)",0
2020-10-29,2020-10-30,2020,2020-11-05,4,23.28,11670.8,11678.45,BEAR_PUT,11650.0,11500.0,150.0,50.0,135.05,108.4,135.15,108.3,26.85,75,2013.75,12120.3,-2013.75,63.37,-2077.12,0,-43620.55000000001,Candidate 1,"Causal 10D Breakout OTM Debit Spread (W150, Off50)",0
2020-11-05,2020-11-06,2020,2020-11-12,4,23.2,12120.3,12156.65,BULL_CALL,12200.0,12350.0,150.0,50.0,99.0,50.0,99.1,49.9,49.2,75,3690.0,12690.8,7560.0,139.25,7420.75,1,-36199.80000000001,Candidate 1,"Causal 10D Breakout OTM Debit Spread (W150, Off50)",0
2020-11-17,2020-11-18,2020,2020-11-19,1,19.7,12874.2,12860.1,BULL_CALL,12900.0,13050.0,150.0,50.0,40.05,10.25,40.15,10.15,30.0,75,2250.0,12771.7,-2250.0,50.0,-2300.0,0,-38499.80000000001,Candidate 1,"Causal 10D Breakout OTM Debit Spread (W150, Off50)",0
2020-11-24,2020-11-25,2020,2020-11-26,1,20.8,13055.15,13130.0,BULL_CALL,13200.0,13350.0,150.0,50.0,44.7,7.7,44.8,7.6,37.2,75,2790.0,12987.0,-2790.0,49.98,-2839.98,0,-41339.78000000001,Candidate 1,"Causal 10D Breakout OTM Debit Spread (W150, Off50)",0
2020-12-01,2020-12-02,2020,2020-12-03,1,19.82,13109.05,13121.4,BULL_CALL,13150.0,13300.0,150.0,50.0,69.75,15.5,69.85,15.4,54.45,75,4083.75,13133.9,-4083.75,51.86,-4135.61,0,-45475.390000000014,Candidate 1,"Causal 10D Breakout OTM Debit Spread (W150, Off50)",0
2020-12-14,2020-12-15,2020,2020-12-17,2,18.79,13558.15,13547.2,BULL_CALL,13600.0,13750.0,150.0,50.0,74.7,20.0,74.8,19.9,54.9,75,4117.5,13740.7,6435.0,71.93,6363.07,1,-39112.320000000014,Candidate 1,"Causal 10D Breakout OTM Debit Spread (W150, Off50)",0
2020-12-21,2020-12-22,2020,2020-12-24,2,18.62,13328.4,13373.65,BEAR_PUT,13300.0,13150.0,150.0,50.0,99.95,51.0,100.05,50.9,49.15,75,3686.25,13749.25,-3686.25,56.5,-3742.75,0,-42855.070000000014,Candidate 1,"Causal 10D Breakout OTM Debit Spread (W150, Off50)",0
2020-12-28,2020-12-29,2020,2020-12-31,2,19.97,13873.2,13910.35,BULL_CALL,13950.0,14100.0,150.0,50.0,65.5,25.5,65.6,25.4,40.2,75,3015.0,13981.75,-633.75,56.96,-690.71,0,-43545.78000000001,Candidate 1,"Causal 10D Breakout OTM Debit Spread (W150, Off50)",0
2021-01-01,2021-01-04,2021,2021-01-07,3,21.1,14018.5,14104.35,BULL_CALL,14150.0,14300.0,150.0,50.0,62.35,20.0,62.45,19.9,42.55,75,3191.25,14137.35,-3191.25,51.92,-3243.17,0,-46788.95000000001,Candidate 1,"Causal 10D Breakout OTM Debit Spread (W150, Off50)",0
2021-01-08,2021-01-11,2021,2021-01-14,3,20.62,14347.25,14474.05,BULL_CALL,14500.0,14650.0,150.0,50.0,53.0,15.0,53.1,14.9,38.2,75,2865.0,14595.6,4305.0,64.23,4240.77,1,-42548.18000000001,Candidate 1,"Causal 10D Breakout OTM Debit Spread (W150, Off50)",0
2021-01-20,2021-01-21,2021,2021-01-28,4,22.9,14644.7,14730.95,BULL_CALL,14800.0,14950.0,150.0,50.0,75.55,27.6,75.65,27.5,48.15,75,3611.25,13817.55,-3611.25,53.23,-3664.48,0,-46212.66000000001,Candidate 1,"Causal 10D Breakout OTM Debit Spread (W150, Off50)",0
2021-02-02,2021-02-03,2021,2021-02-04,1,23.32,14647.85,14754.9,BULL_CALL,14800.0,14950.0,150.0,50.0,75.15,29.0,75.25,28.9,46.35,75,3476.25,14895.65,3697.5,66.55,3630.95,1,-42581.710000000014,Candidate 1,"Causal 10D Breakout OTM Debit Spread (W150, Off50)",0
2021-02-11,2021-02-15,2021,2021-02-18,3,23.95,15173.3,15270.3,BULL_CALL,15300.0,15450.0,150.0,50.0,65.3,29.3,65.4,29.2,36.2,75,2715.0,15118.95,-2715.0,52.91,-2767.91,0,-45349.62000000001,Candidate 1,"Causal 10D Breakout OTM Debit Spread (W150, Off50)",0
2021-02-22,2021-02-23,2021,2021-02-25,2,22.25,14675.7,14782.25,BEAR_PUT,14750.0,14600.0,150.0,50.0,116.0,78.9,116.1,78.8,37.3,75,2797.5,15097.35,-2797.5,59.8,-2857.3,0,-48206.92000000001,Candidate 1,"Causal 10D Breakout OTM Debit Spread (W150, Off50)",0
2021-02-26,2021-03-01,2021,2021-03-04,3,22.89,14529.15,14702.5,BEAR_PUT,14650.0,14500.0,150.0,50.0,150.05,103.35,150.15,103.25,46.9,75,3517.5,15080.75,-3517.5,63.61,-3581.11,0,-51788.03000000001,Candidate 1,"Causal 10D Breakout OTM Debit Spread (W150, Off50)",0
2021-03-03,2021-03-04,2021,2021-03-10,4,23.61,15245.6,15026.75,BULL_CALL,15100.0,15250.0,150.0,50.0,142.7,100.0,142.8,99.9,42.9,75,3217.5,15174.8,2392.5,73.29,2319.21,1,-49468.820000000014,Candidate 1,"Causal 10D Breakout OTM Debit Spread (W150, Off50)",0
2021-03-17,2021-03-18,2021,2021-03-25,5,20.19,14721.3,14855.5,BEAR_PUT,14800.0,14650.0,150.0,50.0,155.0,98.1,155.1,98.0,57.1,75,4282.5,14324.9,6967.5,143.39,6824.11,1,-42644.710000000014,Candidate 1,"Causal 10D Breakout OTM Debit Spread (W150, Off50)",0
2021-03-24,2021-03-25,2021,2021-04-01,3,20.67,14549.4,14570.9,BEAR_PUT,14500.0,14350.0,150.0,50.0,155.0,128.05,155.1,127.95,27.15,75,2036.25,14867.35,-2036.25,66.1,-2102.35,0,-44747.06000000001,Candidate 1,"Causal 10D Breakout OTM Debit Spread (W150, Off50)",0
2021-04-08,2021-04-09,2021,2021-04-15,3,20.25,14873.8,14882.65,BULL_CALL,14950.0,15100.0,150.0,50.0,125.0,54.0,125.1,53.9,71.2,75,5340.0,14581.45,-5340.0,57.94,-5397.94,0,-50145.000000000015,Candidate 1,"Causal 10D Breakout OTM Debit Spread (W150, Off50)",0
2021-04-20,2021-04-22,2021,2021-04-29,5,22.49,14296.4,14219.15,BEAR_PUT,14150.0,14000.0,150.0,50.0,196.3,130.0,196.4,129.9,66.5,75,4987.5,14894.9,-4987.5,68.2,-5055.7,0,-55200.70000000001,Candidate 1,"Causal 10D Breakout OTM Debit Spread (W150, Off50)",0
2021-04-28,2021-04-29,2021,2021-05-06,5,23.08,14864.55,14979.0,BULL_CALL,15050.0,15200.0,150.0,50.0,120.0,60.55,120.1,60.45,59.65,75,4473.75,14724.8,-4473.75,58.31,-4532.06,0,-59732.76000000001,Candidate 1,"Causal 10D Breakout OTM Debit Spread (W150, Off50)",0
2021-05-10,2021-05-11,2021,2021-05-12,1,20.82,14942.35,14789.7,BULL_CALL,14850.0,15000.0,150.0,50.0,70.05,30.0,70.15,29.9,40.25,75,3018.75,14696.5,-3018.75,53.2,-3071.95,0,-62804.71000000001,Candidate 1,"Causal 10D Breakout OTM Debit Spread (W150, Off50)",0
2021-05-18,2021-05-19,2021,2021-05-20,1,19.61,15108.1,15058.6,BULL_CALL,15100.0,15250.0,150.0,50.0,80.0,17.1,80.1,17.0,63.1,75,4732.5,14906.05,-4732.5,52.48,-4784.98,0,-67589.69,Candidate 1,"Causal 10D Breakout OTM Debit Spread (W150, Off50)",0
2021-05-21,2021-05-24,2021,2021-05-27,3,19.65,15175.3,15211.35,BULL_CALL,15250.0,15400.0,150.0,50.0,87.2,39.9,87.3,39.8,47.5,75,3562.5,15337.85,3026.25,67.03,2959.22,1,-64630.47,Candidate 1,"Causal 10D Breakout OTM Debit Spread (W150, Off50)",0
2021-06-03,2021-06-04,2021,2021-06-10,4,17.21,15690.35,15712.5,BULL_CALL,15750.0,15900.0,150.0,50.0,110.0,39.7,110.1,39.6,70.5,75,5287.5,15737.75,-5287.5,55.94,-5343.44,0,-69973.91,Candidate 1,"Causal 10D Breakout OTM Debit Spread (W150, Off50)",0
2021-06-11,2021-06-14,2021,2021-06-17,3,15.0,15799.35,15791.4,BULL_CALL,15850.0,16000.0,150.0,50.0,59.7,16.9,59.8,16.8,43.0,75,3225.0,15691.4,-3225.0,51.52,-3276.52,0,-73250.43000000001,Candidate 1,"Causal 10D Breakout OTM Debit Spread (W150, Off50)",0
2021-07-01,2021-07-02,2021,2021-07-08,4,13.05,15680.0,15705.85,BEAR_PUT,15650.0,15500.0,150.0,50.0,69.4,26.2,69.5,26.1,43.4,50,2170.0,15727.9,-2170.0,50.95,-2220.95,0,-75471.38,Candidate 1,"Causal 10D Breakout OTM Debit Spread (W150, Off50)",0
2021-07-07,2021-07-08,2021,2021-07-15,5,12.28,15879.65,15855.4,BULL_CALL,15900.0,16050.0,150.0,50.0,98.95,35.0,99.05,34.9,64.15,50,3207.5,15924.2,-1997.5,54.63,-2052.13,0,-77523.51000000001,Candidate 1,"Causal 10D Breakout OTM Debit Spread (W150, Off50)",0
2021-07-15,2021-07-16,2021,2021-07-22,3,12.59,15924.2,15958.35,BULL_CALL,16000.0,16150.0,150.0,50.0,69.85,18.0,69.95,17.9,52.05,50,2602.5,15824.05,-2602.5,50.46,-2652.96,0,-80176.47000000002,Candidate 1,"Causal 10D Breakout OTM Debit Spread (W150, Off50)",0
2021-07-20,2021-07-22,2021,2021-07-29,5,12.68,15632.1,15736.6,BEAR_PUT,15700.0,15550.0,150.0,50.0,110.0,47.2,110.1,47.1,63.0,50,3150.0,15778.45,-3150.0,53.48,-3203.48,0,-83379.95000000001,Candidate 1,"Causal 10D Breakout OTM Debit Spread (W150, Off50)",0
2021-08-03,2021-08-04,2021,2021-08-05,1,12.81,16130.75,16195.25,BULL_CALL,16250.0,16400.0,150.0,50.0,24.0,9.0,24.1,8.9,15.2,50,760.0,16294.6,1470.0,52.6,1417.4,1,-81962.55000000002,Candidate 1,"Causal 10D Breakout OTM Debit Spread (W150, Off50)",0
2021-08-12,2021-08-13,2021,2021-08-18,3,12.71,16364.4,16385.7,BULL_CALL,16450.0,16600.0,150.0,50.0,46.95,14.4,47.05,14.3,32.75,50,1637.5,16568.85,4305.0,60.47,4244.53,1,-77718.02000000002,Candidate 1,"Causal 10D Breakout OTM Debit Spread (W150, Off50)",0
2021-08-24,2021-08-25,2021,2021-08-26,1,13.69,16624.6,16654.0,BULL_CALL,16700.0,16850.0,150.0,50.0,28.8,3.85,28.9,3.75,25.15,50,1257.5,16636.9,-1257.5,48.33,-1305.83,0,-79023.85000000002,Candidate 1,"Causal 10D Breakout OTM Debit Spread (W150, Off50)",0
2021-09-02,2021-09-03,2021,2021-09-09,4,14.19,17234.15,17262.45,BULL_CALL,17300.0,17450.0,150.0,50.0,88.05,79.0,88.15,78.9,9.25,50,462.5,17369.25,3000.0,61.11,2938.89,1,-76084.96000000002,Candidate 1,"Causal 10D Breakout OTM Debit Spread (W150, Off50)",0
2021-09-14,2021-09-15,2021,2021-09-16,1,14.03,17380.0,17387.65,BULL_CALL,17450.0,17600.0,150.0,50.0,30.3,3.65,30.4,3.55,26.85,50,1342.5,17629.5,6157.5,65.76,6091.74,1,-69993.22000000002,Candidate 1,"Causal 10D Breakout OTM Debit Spread (W150, Off50)",0
2021-09-23,2021-09-24,2021,2021-09-30,4,16.49,17822.95,17897.45,BULL_CALL,17950.0,18100.0,150.0,50.0,103.6,58.5,103.7,58.4,45.3,50,2265.0,17618.15,-2265.0,53.97,-2318.97,0,-72312.19000000002,Candidate 1,"Causal 10D Breakout OTM Debit Spread (W150, Off50)",1
2021-10-08,2021-10-11,2021,2021-10-14,3,16.16,17895.2,17867.55,BULL_CALL,17900.0,18050.0,150.0,50.0,110.0,49.3,110.1,49.2,60.9,50,3045.0,18338.55,4455.0,102.51,4352.49,1,-67959.70000000001,Candidate 1,"Causal 10D Breakout OTM Debit Spread (W150, Off50)",1
2021-10-28,2021-10-29,2021,2021-11-03,3,16.83,17857.25,17833.05,BEAR_PUT,17800.0,17650.0,150.0,50.0,122.0,84.25,122.1,84.15,37.95,50,1897.5,17829.2,-1897.5,56.11,-1953.61,0,-69913.31000000001,Candidate 1,"Causal 10D Breakout OTM Debit Spread (W150, Off50)",1
2021-11-12,2021-11-15,2021,2021-11-18,3,16.35,18102.75,18140.95,BULL_CALL,18200.0,18350.0,150.0,50.0,47.45,35.05,47.55,34.95,12.6,50,630.0,17764.8,-630.0,50.8,-680.8,0,-70594.11000000002,Candidate 1,"Causal 10D Breakout OTM Debit Spread (W150, Off50)",1
2021-11-18,2021-11-22,2021,2021-11-25,3,14.98,17764.8,17796.25,BEAR_PUT,17750.0,17600.0,150.0,50.0,103.0,44.0,103.1,43.9,59.2,50,2960.0,17536.25,4540.0,74.63,4465.37,1,-66128.74000000002,Candidate 1,"Causal 10D Breakout OTM Debit Spread (W150, Off50)",1
2021-11-24,2021-11-25,2021,2021-12-02,5,18.02,17415.05,17417.3,BEAR_PUT,17350.0,17200.0,150.0,50.0,132.15,88.05,132.25,87.95,44.3,50,2215.0,17401.65,-2215.0,56.66,-2271.66,0,-68400.40000000002,Candidate 1,"Causal 10D Breakout OTM Debit Spread (W150, Off50)",1
2021-12-06,2021-12-07,2021,2021-12-09,2,18.46,16912.25,17044.1,BEAR_PUT,17000.0,16850.0,150.0,50.0,100.0,80.0,100.1,79.9,20.2,50,1010.0,17516.85,-1010.0,55.17,-1065.17,0,-69465.57000000002,Candidate 1,"Causal 10D Breakout OTM Debit Spread (W150, Off50)",1
2021-12-20,2021-12-21,2021,2021-12-23,2,16.34,16614.2,16773.15,BEAR_PUT,16700.0,16550.0,150.0,50.0,119.95,77.4,120.05,77.3,42.75,50,2137.5,17072.6,-2137.5,55.63,-2193.13,0,-71658.70000000003,Candidate 1,"Causal 10D Breakout OTM Debit Spread (W150, Off50)",1
2021-12-31,2022-01-03,2022,2022-01-06,3,16.57,17354.05,17387.15,BULL_CALL,17450.0,17600.0,150.0,50.0,84.05,32.95,84.15,32.85,51.3,50,2565.0,17745.9,4935.0,83.36,4851.64,1,-66807.06000000003,Candidate 1,"Causal 10D Breakout OTM Debit Spread (W150, Off50)",1
2022-01-10,2022-01-11,2022,2022-01-13,2,17.6,18003.3,17997.75,BULL_CALL,18050.0,18200.0,150.0,50.0,117.0,40.0,117.1,39.9,77.2,50,3860.0,18257.8,3640.0,74.1,3565.9,1,-63241.160000000025,Candidate 1,"Causal 10D Breakout OTM Debit Spread (W150, Off50)",1
2022-01-17,2022-01-18,2022,2022-01-20,2,16.56,18308.1,18337.2,BULL_CALL,18400.0,18550.0,150.0,50.0,70.55,23.0,70.65,22.9,47.75,50,2387.5,17757.0,-2387.5,50.79,-2438.29,0,-65679.45000000003,Candidate 1,"Causal 10D Breakout OTM Debit Spread (W150, Off50)",1
2022-01-21,2022-01-24,2022,2022-01-27,2,17.79,17617.15,17575.15,BEAR_PUT,17550.0,17400.0,150.0,50.0,125.0,57.95,125.1,57.85,67.25,50,3362.5,17110.15,4137.5,103.66,4033.84,1,-61645.61000000003,Candidate 1,"Causal 10D Breakout OTM Debit Spread (W150, Off50)",1
2022-01-27,2022-01-28,2022,2022-02-03,4,21.36,17110.15,17208.3,BEAR_PUT,17150.0,17000.0,150.0,50.0,260.0,169.95,260.1,169.85,90.25,50,4512.5,17560.2,-4512.5,65.61,-4578.11,0,-66223.72000000003,Candidate 1,"Causal 10D Breakout OTM Debit Spread (W150, Off50)",1
2022-02-14,2022-02-15,2022,2022-02-17,2,18.68,16842.8,16933.25,BEAR_PUT,16900.0,16750.0,150.0,50.0,190.0,144.65,190.1,144.55,45.55,50,2277.5,17304.6,-2277.5,61.89,-2339.39,0,-68563.11000000003,Candidate 1,"Causal 10D Breakout OTM Debit Spread (W150, Off50)",1
2022-03-29,2022-03-30,2022,2022-03-31,1,22.61,17325.3,17468.15,BULL_CALL,17500.0,17650.0,150.0,50.0,58.05,26.15,58.15,26.05,32.1,50,1605.0,17464.75,-1605.0,50.59,-1655.59,0,-70218.70000000003,Candidate 1,"Causal 10D Breakout OTM Debit Spread (W150, Off50)",1
2022-04-01,2022-04-04,2022,2022-04-07,3,20.56,17670.45,17809.1,BULL_CALL,17850.0,18000.0,150.0,50.0,73.0,30.25,73.1,30.15,42.95,50,2147.5,17639.55,-2147.5,51.3,-2198.8,0,-72417.50000000003,Candidate 1,"Causal 10D Breakout OTM Debit Spread (W150, Off50)",1
2022-04-18,2022-04-19,2022,2022-04-21,2,17.79,17173.65,17258.95,BEAR_PUT,17200.0,17050.0,150.0,50.0,105.0,45.4,105.1,45.3,59.8,50,2990.0,17392.6,-2990.0,53.22,-3043.22,0,-75460.72000000003,Candidate 1,"Causal 10D Breakout OTM Debit Spread (W150, Off50)",1
2022-04-25,2022-04-26,2022,2022-04-28,2,18.35,16953.95,17121.3,BEAR_PUT,17050.0,16900.0,150.0,50.0,79.25,62.0,79.35,61.9,17.45,50,872.5,17245.05,-872.5,53.43,-925.93,0,-76386.65000000002,Candidate 1,"Causal 10D Breakout OTM Debit Spread (W150, Off50)",1
2022-05-06,2022-05-09,2022,2022-05-12,3,20.29,16411.25,16227.7,BEAR_PUT,16200.0,16050.0,150.0,50.0,131.1,91.05,131.2,90.95,40.25,50,2012.5,15808.0,5487.5,100.05,5387.45,1,-70999.20000000003,Candidate 1,"Causal 10D Breakout OTM Debit Spread (W150, Off50)",1
2022-05-27,2022-05-30,2022,2022-06-02,3,22.72,16352.45,16527.9,BULL_CALL,16600.0,16750.0,150.0,50.0,85.05,30.0,85.15,29.9,55.25,50,2762.5,16628.0,-1362.5,54.24,-1416.74,0,-72415.94000000003,Candidate 1,"Causal 10D Breakout OTM Debit Spread (W150, Off50)",1
2022-06-10,2022-06-13,2022,2022-06-16,3,19.14,16201.8,15877.55,BEAR_PUT,15850.0,15700.0,150.0,50.0,72.6,60.0,72.7,59.9,12.8,50,640.0,15360.6,6860.0,108.19,6751.81,1,-65664.13000000003,Candidate 1,"Causal 10D Breakout OTM Debit Spread (W150, Off50)",1
2022-06-27,2022-06-28,2022,2022-06-30,2,20.55,15832.05,15757.45,BULL_CALL,15800.0,15950.0,150.0,50.0,117.0,66.6,117.1,66.5,50.6,50,2530.0,15780.25,-2530.0,54.88,-2584.88,0,-68249.01000000004,Candidate 1,"Causal 10D Breakout OTM Debit Spread (W150, Off50)",1
2022-07-06,2022-07-07,2022,2022-07-14,5,20.79,15989.8,16113.75,BULL_CALL,16150.0,16300.0,150.0,50.0,150.45,80.05,150.55,79.95,70.6,50,3530.0,15938.65,-3530.0,56.74,-3586.74,0,-71835.75000000004,Candidate 1,"Causal 10D Breakout OTM Debit Spread (W150, Off50)",1
2022-07-18,2022-07-19,2022,2022-07-21,2,17.6,16278.5,16187.05,BULL_CALL,16250.0,16400.0,150.0,50.0,89.7,21.0,89.8,20.9,68.9,50,3445.0,16605.25,4055.0,90.03,3964.97,1,-67870.78000000004,Candidate 1,"Causal 10D Breakout OTM Debit Spread (W150, Off50)",1
2022-07-28,2022-07-29,2022,2022-08-04,4,18.13,16929.6,17079.5,BULL_CALL,17150.0,17300.0,150.0,50.0,75.05,53.85,75.15,53.75,21.4,50,1070.0,17382.0,6430.0,76.58,6353.42,1,-61517.360000000044,Candidate 1,"Causal 10D Breakout OTM Debit Spread (W150, Off50)",1
2022-08-05,2022-08-08,2022,2022-08-11,2,19.26,17397.5,17401.5,BULL_CALL,17450.0,17600.0,150.0,50.0,110.0,42.1,110.1,42.0,68.1,50,3405.0,17659.0,4095.0,74.16,4020.84,1,-57496.52000000005,Candidate 1,"Causal 10D Breakout OTM Debit Spread (W150, Off50)",1
2022-08-29,2022-08-30,2022,2022-09-01,1,18.22,17312.9,17414.95,BEAR_PUT,17350.0,17200.0,150.0,50.0,80.0,50.0,80.1,49.9,30.2,50,1510.0,17542.8,-1510.0,52.72,-1562.72,0,-59059.24000000005,Candidate 1,"Causal 10D Breakout OTM Debit Spread (W150, Off50)",1
2022-09-08,2022-09-09,2022,2022-09-15,4,19.37,17798.75,17923.35,BULL_CALL,17950.0,18100.0,150.0,50.0,121.7,60.2,121.8,60.1,61.7,50,3085.0,17877.4,-3085.0,54.64,-3139.64,0,-62198.88000000005,Candidate 1,"Causal 10D Breakout OTM Debit Spread (W150, Off50)",1
2022-09-16,2022-09-19,2022,2022-09-22,3,18.39,17530.85,17540.65,BEAR_PUT,17500.0,17350.0,150.0,50.0,111.25,87.05,111.35,86.95,24.4,50,1220.0,17629.8,-1220.0,55.95,-1275.95,0,-63474.830000000045,Candidate 1,"Causal 10D Breakout OTM Debit Spread (W150, Off50)",1
2022-09-23,2022-09-26,2022,2022-09-29,3,18.82,17327.35,17156.3,BEAR_PUT,17100.0,16950.0,150.0,50.0,145.05,60.35,145.15,60.25,84.9,50,4245.0,16818.1,3255.0,85.22,3169.78,1,-60305.05000000005,Candidate 1,"Causal 10D Breakout OTM Debit Spread (W150, Off50)",1
2022-10-18,2022-10-19,2022,2022-10-20,1,18.42,17486.95,17568.15,BULL_CALL,17600.0,17750.0,150.0,50.0,62.65,11.65,62.75,11.55,51.2,50,2560.0,17563.95,-2560.0,49.85,-2609.85,0,-62914.900000000045,Candidate 1,"Causal 10D Breakout OTM Debit Spread (W150, Off50)",1
2022-10-27,2022-10-28,2022,2022-11-03,4,16.88,17736.95,17756.4,BULL_CALL,17800.0,17950.0,150.0,50.0,120.0,65.0,120.1,64.9,55.2,50,2760.0,18052.7,4740.0,81.18,4658.82,1,-58256.080000000045,Candidate 1,"Causal 10D Breakout OTM Debit Spread (W150, Off50)",1
2022-11-07,2022-11-09,2022,2022-11-10,1,15.66,18202.8,18288.25,BULL_CALL,18350.0,18500.0,150.0,50.0,39.95,7.4,40.05,7.3,32.75,50,1637.5,18028.2,-1637.5,48.89,-1686.39,0,-59942.470000000045,Candidate 1,"Causal 10D Breakout OTM Debit Spread (W150, Off50)",1
2022-11-11,2022-11-14,2022,2022-11-17,3,15.57,18349.7,18376.4,BULL_CALL,18450.0,18600.0,150.0,50.0,78.5,27.85,78.6,27.75,50.85,50,2542.5,18343.9,-2542.5,51.33,-2593.83,0,-62536.30000000005,Candidate 1,"Causal 10D Breakout OTM Debit Spread (W150, Off50)",1
2022-11-24,2022-11-25,2022,2022-12-01,4,14.04,18484.1,18528.45,BULL_CALL,18600.0,18750.0,150.0,50.0,76.0,27.65,76.1,27.55,48.55,50,2427.5,18812.5,5072.5,72.65,4999.85,1,-57536.45000000005,Candidate 1,"Causal 10D Breakout OTM Debit Spread (W150, Off50)",1
2022-12-09,2022-12-12,2022,2022-12-15,3,13.4,18496.6,18402.15,BEAR_PUT,18350.0,18200.0,150.0,50.0,49.0,18.75,49.1,18.65,30.45,50,1522.5,18414.9,-1522.5,49.86,-1572.36,0,-59108.81000000005,Candidate 1,"Causal 10D Breakout OTM Debit Spread (W150, Off50)",1
2022-12-15,2022-12-16,2022,2022-12-22,4,12.89,18414.9,18319.1,BEAR_PUT,18250.0,18100.0,150.0,50.0,76.0,44.65,76.1,44.55,31.55,50,1577.5,18127.35,4555.0,63.56,4491.44,1,-54617.370000000046,Candidate 1,"Causal 10D Breakout OTM Debit Spread (W150, Off50)",1
2022-12-21,2022-12-22,2022,2022-12-29,5,13.78,18199.1,18288.8,BEAR_PUT,18250.0,18100.0,150.0,50.0,111.75,67.0,111.85,66.9,44.95,50,2247.5,18191.0,702.5,60.17,642.33,1,-53975.040000000045,Candidate 1,"Causal 10D Breakout OTM Debit Spread (W150, Off50)",1
2023-01-12,2023-01-13,2023,2023-01-19,4,15.44,17858.2,17867.5,BEAR_PUT,17800.0,17650.0,150.0,50.0,106.3,53.0,106.4,52.9,53.5,50,2675.0,18107.85,-2675.0,53.72,-2728.72,0,-56703.760000000046,Candidate 1,"Causal 10D Breakout OTM Debit Spread (W150, Off50)",1
2023-01-18,2023-01-19,2023,2023-01-25,4,14.59,18165.35,18119.8,BULL_CALL,18150.0,18300.0,150.0,50.0,131.95,73.8,132.05,73.7,58.35,50,2917.5,17891.95,-2917.5,55.78,-2973.28,0,-59677.040000000045,Candidate 1,"Causal 10D Breakout OTM Debit Spread (W150, Off50)",1
2023-01-27,2023-01-30,2023,2023-02-02,3,14.66,17604.35,17541.95,BEAR_PUT,17500.0,17350.0,150.0,50.0,143.35,140.0,143.45,139.9,3.55,50,177.5,17610.4,-177.5,60.16,-237.66,0,-59914.70000000005,Candidate 1,"Causal 10D Breakout OTM Debit Spread (W150, Off50)",1
2023-02-09,2023-02-10,2023,2023-02-16,4,13.6,17893.45,17847.55,BULL_CALL,17900.0,18050.0,150.0,50.0,98.0,45.0,98.1,44.9,53.2,50,2660.0,18035.85,4132.5,65.48,4067.02,1,-55847.68000000005,Candidate 1,"Causal 10D Breakout OTM Debit Spread (W150, Off50)",1
2023-02-22,2023-02-23,2023,2023-03-02,5,14.01,17554.3,17574.65,BEAR_PUT,17500.0,17350.0,150.0,50.0,101.2,49.0,101.3,48.9,52.4,50,2620.0,17321.9,4880.0,70.55,4809.45,1,-51038.230000000054,Candidate 1,"Causal 10D Breakout OTM Debit Spread (W150, Off50)",1
2023-03-13,2023-03-14,2023,2023-03-16,2,13.41,17154.3,17160.55,BEAR_PUT,17100.0,16950.0,150.0,50.0,88.85,40.0,88.95,39.9,49.05,50,2452.5,16985.6,3267.5,62.92,3204.58,1,-47833.65000000005,Candidate 1,"Causal 10D Breakout OTM Debit Spread (W150, Off50)",1
2023-03-24,2023-03-27,2023,2023-03-29,2,14.49,16945.05,16984.3,BEAR_PUT,16950.0,16800.0,150.0,50.0,90.0,45.0,90.1,44.9,45.2,50,2260.0,17080.7,-2260.0,52.73,-2312.73,0,-50146.380000000056,Candidate 1,"Causal 10D Breakout OTM Debit Spread (W150, Off50)",1
2023-03-31,2023-04-03,2023,2023-04-06,2,13.63,17359.75,17427.95,BULL_CALL,17500.0,17650.0,150.0,50.0,42.0,10.65,42.1,10.55,31.55,50,1577.5,17599.15,3380.0,58.28,3321.72,1,-46824.660000000054,Candidate 1,"Causal 10D Breakout OTM Debit Spread (W150, Off50)",1
2023-04-27,2023-04-28,2023,2023-05-04,3,11.65,17915.05,17950.4,BULL_CALL,18000.0,18150.0,150.0,50.0,60.05,19.95,60.15,19.85,40.3,50,2015.0,18255.8,5485.0,76.95,5408.05,1,-41416.61000000005,Candidate 1,"Causal 10D Breakout OTM Debit Spread (W150, Off50)",1
2023-05-04,2023-05-05,2023,2023-05-11,4,11.84,18255.8,18117.3,BULL_CALL,18150.0,18300.0,150.0,50.0,94.15,40.05,94.25,39.95,54.3,50,2715.0,18297.0,4635.0,66.09,4568.91,1,-36847.700000000055,Candidate 1,"Causal 10D Breakout OTM Debit Spread (W150, Off50)",1
2023-05-15,2023-05-16,2023,2023-05-18,2,12.85,18398.85,18432.35,BULL_CALL,18500.0,18650.0,150.0,50.0,33.0,5.05,33.1,4.95,28.15,50,1407.5,18129.95,-1407.5,48.53,-1456.03,0,-38303.730000000054,Candidate 1,"Causal 10D Breakout OTM Debit Spread (W150, Off50)",1
2023-05-26,2023-05-29,2023,2023-06-01,3,12.52,18499.35,18619.15,BULL_CALL,18650.0,18800.0,150.0,50.0,45.0,10.0,45.1,9.9,35.2,50,1760.0,18487.75,-1760.0,49.2,-1809.2,0,-40112.93000000005,Candidate 1,"Causal 10D Breakout OTM Debit Spread (W150, Off50)",1
2023-06-07,2023-06-08,2023,2023-06-15,5,11.38,18726.4,18725.35,BULL_CALL,18800.0,18950.0,150.0,50.0,91.95,28.45,92.05,28.35,63.7,50,3185.0,18688.1,-3185.0,51.78,-3236.78,0,-43349.71000000005,Candidate 1,"Causal 10D Breakout OTM Debit Spread (W150, Off50)",1
2023-06-14,2023-06-15,2023,2023-06-22,5,11.11,18755.9,18774.45,BULL_CALL,18800.0,18950.0,150.0,50.0,94.9,38.05,95.0,37.95,57.05,50,2852.5,18771.25,-2852.5,52.46,-2904.96,0,-46254.67000000005,Candidate 1,"Causal 10D Breakout OTM Debit Spread (W150, Off50)",1
2023-06-28,2023-06-30,2023,2023-07-06,4,10.78,18972.1,19076.85,BULL_CALL,19150.0,19300.0,150.0,50.0,43.0,10.35,43.1,10.25,32.85,50,1642.5,19497.3,5857.5,86.97,5770.53,1,-40484.14000000005,Candidate 1,"Causal 10D Breakout OTM Debit Spread (W150, Off50)",1
2023-07-14,2023-07-17,2023,2023-07-20,3,10.94,19564.5,19612.15,BULL_CALL,19650.0,19800.0,150.0,50.0,57.2,15.95,57.3,15.85,41.45,50,2072.5,19979.15,5427.5,85.54,5341.96,1,-35142.18000000005,Candidate 1,"Causal 10D Breakout OTM Debit Spread (W150, Off50)",1
2023-08-02,2023-08-03,2023,2023-08-10,5,10.28,19526.55,19463.75,BEAR_PUT,19400.0,19250.0,150.0,50.0,81.0,39.85,81.1,39.75,41.35,50,2067.5,19543.1,-2067.5,52.14,-2119.64,0,-37261.82000000005,Candidate 1,"Causal 10D Breakout OTM Debit Spread (W150, Off50)",1
2023-08-17,2023-08-18,2023,2023-08-24,4,12.13,19365.25,19301.75,BEAR_PUT,19250.0,19100.0,150.0,50.0,80.0,28.55,80.1,28.45,51.65,50,2582.5,19386.7,-2582.5,51.42,-2633.92,0,-39895.74000000005,Candidate 1,"Causal 10D Breakout OTM Debit Spread (W150, Off50)",1
2023-08-25,2023-08-28,2023,2023-08-31,3,11.7,19265.8,19298.35,BEAR_PUT,19250.0,19100.0,150.0,50.0,80.0,33.0,80.1,32.9,47.2,50,2360.0,19253.8,-2360.0,51.69,-2411.69,0,-42307.43000000005,Candidate 1,"Causal 10D Breakout OTM Debit Spread (W150, Off50)",1
2023-08-31,2023-09-01,2023,2023-09-07,4,11.8,19253.8,19258.15,BEAR_PUT,19200.0,19050.0,150.0,50.0,56.0,24.0,56.1,23.9,32.2,50,1610.0,19727.05,-1610.0,50.4,-1660.4,0,-43967.83000000005,Candidate 1,"Causal 10D Breakout OTM Debit Spread (W150, Off50)",1
2023-09-13,2023-09-14,2023,2023-09-21,4,11.69,20070.0,20127.95,BULL_CALL,20200.0,20350.0,150.0,50.0,80.6,38.5,80.7,38.4,42.3,50,2115.0,19742.35,-2115.0,52.04,-2167.04,0,-46134.87000000005,Candidate 1,"Causal 10D Breakout OTM Debit Spread (W150, Off50)",1
2023-09-22,2023-09-25,2023,2023-09-28,3,10.82,19674.25,19678.2,BEAR_PUT,19650.0,19500.0,150.0,50.0,80.0,29.0,80.1,28.9,51.2,50,2560.0,19523.55,3762.5,63.09,3699.41,1,-42435.46000000005,Candidate 1,"Causal 10D Breakout OTM Debit Spread (W150, Off50)",1
2023-09-28,2023-09-29,2023,2023-10-05,3,11.59,19523.55,19581.2,BEAR_PUT,19550.0,19400.0,150.0,50.0,100.5,45.0,100.6,44.9,55.7,50,2785.0,19545.75,-2572.5,53.45,-2625.95,0,-45061.41000000005,Candidate 1,"Causal 10D Breakout OTM Debit Spread (W150, Off50)",1
2023-10-04,2023-10-05,2023,2023-10-12,5,11.79,19436.1,19521.85,BEAR_PUT,19450.0,19300.0,150.0,50.0,98.0,44.0,98.1,43.9,54.2,50,2710.0,19794.0,-2710.0,52.92,-2762.92,0,-47824.330000000045,Candidate 1,"Causal 10D Breakout OTM Debit Spread (W150, Off50)",1
2023-10-11,2023-10-12,2023,2023-10-19,5,11.27,19811.35,19822.7,BULL_CALL,19850.0,20000.0,150.0,50.0,113.2,51.0,113.3,50.9,62.4,50,3120.0,19624.7,-3120.0,53.81,-3173.81,0,-50998.14000000004,Candidate 1,"Causal 10D Breakout OTM Debit Spread (W150, Off50)",1
2023-10-23,2023-10-25,2023,2023-10-26,1,10.82,19281.75,19286.45,BEAR_PUT,19250.0,19100.0,150.0,50.0,63.65,25.2,63.75,25.1,38.65,50,1932.5,18857.25,5567.5,94.04,5473.46,1,-45524.680000000044,Candidate 1,"Causal 10D Breakout OTM Debit Spread (W150, Off50)",1
2023-11-08,2023-11-09,2023,2023-11-16,4,11.19,19443.5,19457.4,BULL_CALL,19500.0,19650.0,150.0,50.0,90.0,34.95,90.1,34.85,55.25,50,2762.5,19765.2,4737.5,79.94,4657.56,1,-40867.120000000046,Candidate 1,"Causal 10D Breakout OTM Debit Spread (W150, Off50)",1
2023-11-21,2023-11-22,2023,2023-11-23,1,12.15,19783.4,19784.0,BULL_CALL,19850.0,20000.0,150.0,50.0,38.0,9.0,38.1,8.9,29.2,50,1460.0,19802.0,-1460.0,48.92,-1508.92,0,-42376.040000000045,Candidate 1,"Causal 10D Breakout OTM Debit Spread (W150, Off50)",1
2023-11-28,2023-11-29,2023,2023-11-30,1,11.33,19889.7,19976.55,BULL_CALL,20050.0,20200.0,150.0,50.0,31.3,3.0,31.4,2.9,28.5,50,1425.0,20133.15,2732.5,56.01,2676.49,1,-39699.55000000005,Candidate 1,"Causal 10D Breakout OTM Debit Spread (W150, Off50)",1
2023-12-08,2023-12-11,2023,2023-12-14,3,12.67,20969.4,20965.3,BULL_CALL,21000.0,21150.0,150.0,50.0,117.5,54.2,117.6,54.1,63.5,50,3175.0,21182.7,4325.0,71.93,4253.07,1,-35446.48000000005,Candidate 1,"Causal 10D Breakout OTM Debit Spread (W150, Off50)",1
2023-12-14,2023-12-15,2023,2023-12-21,4,12.07,21182.7,21287.45,BULL_CALL,21350.0,21500.0,150.0,50.0,127.0,50.4,127.1,50.3,76.8,50,3840.0,21255.05,-3840.0,54.21,-3894.21,0,-39340.690000000046,Candidate 1,"Causal 10D Breakout OTM Debit Spread (W150, Off50)",1
2023-12-27,2023-12-28,2023,2024-01-04,5,14.68,21654.75,21715.0,BULL_CALL,21750.0,21900.0,150.0,50.0,195.0,131.85,195.1,131.75,63.35,50,3167.5,21658.6,-3167.5,61.27,-3228.77,0,-42569.46000000004,Candidate 1,"Causal 10D Breakout OTM Debit Spread (W150, Off50)",1
2024-01-12,2024-01-15,2024,2024-01-18,3,12.77,21894.55,22053.15,BULL_CALL,22100.0,22250.0,150.0,50.0,90.0,60.0,90.1,59.9,30.2,50,1510.0,21462.25,-1510.0,53.64,-1563.64,0,-44133.10000000004,Candidate 1,"Causal 10D Breakout OTM Debit Spread (W150, Off50)",1
2024-01-18,2024-01-19,2024,2024-01-25,3,15.08,21462.25,21615.2,BEAR_PUT,21550.0,21400.0,150.0,50.0,129.05,71.0,129.15,70.9,58.25,50,2912.5,21352.6,4587.5,75.1,4512.4,1,-39620.70000000004,Candidate 1,"Causal 10D Breakout OTM Debit Spread (W150, Off50)",1
2024-02-02,2024-02-05,2024,2024-02-08,3,14.46,21853.8,21921.05,BULL_CALL,21950.0,22100.0,150.0,50.0,130.0,67.25,130.1,67.15,62.95,50,3147.5,21717.95,-3147.5,55.32,-3202.82,0,-42823.52000000004,Candidate 1,"Causal 10D Breakout OTM Debit Spread (W150, Off50)",1
2024-02-16,2024-02-19,2024,2024-02-22,3,15.23,22040.7,22103.45,BULL_CALL,22150.0,22300.0,150.0,50.0,118.0,55.5,118.1,55.4,62.7,50,3135.0,22217.45,237.5,60.45,177.05,1,-42646.47000000004,Candidate 1,"Causal 10D Breakout OTM Debit Spread (W150, Off50)",1
2024-02-22,2024-02-23,2024,2024-02-29,4,15.93,22217.45,22290.0,BULL_CALL,22350.0,22500.0,150.0,50.0,136.0,74.0,136.1,73.9,62.2,50,3110.0,21982.8,-3110.0,55.92,-3165.92,0,-45812.390000000036,Candidate 1,"Causal 10D Breakout OTM Debit Spread (W150, Off50)",1
2024-03-01,2024-03-04,2024,2024-03-07,3,15.57,22338.75,22403.5,BULL_CALL,22450.0,22600.0,150.0,50.0,128.0,58.85,128.1,58.75,69.35,50,3467.5,22493.55,-1290.0,58.76,-1348.76,0,-47161.15000000004,Candidate 1,"Causal 10D Breakout OTM Debit Spread (W150, Off50)",1
2024-03-06,2024-03-07,2024,2024-03-14,4,14.38,22474.05,22505.3,BULL_CALL,22550.0,22700.0,150.0,50.0,154.0,85.95,154.1,85.85,68.25,50,3412.5,22146.65,-3412.5,57.21,-3469.71,0,-50630.86000000004,Candidate 1,"Causal 10D Breakout OTM Debit Spread (W150, Off50)",1
2024-03-19,2024-03-20,2024,2024-03-21,1,13.9,21817.45,21843.9,BEAR_PUT,21800.0,21650.0,150.0,50.0,80.0,40.0,80.1,39.9,40.2,50,2010.0,22011.95,-2010.0,52.11,-2062.11,0,-52692.97000000004,Candidate 1,"Causal 10D Breakout OTM Debit Spread (W150, Off50)",1
2024-03-28,2024-04-01,2024,2024-04-04,3,12.7,22326.9,22455.0,BULL_CALL,22500.0,22650.0,150.0,50.0,100.0,42.85,100.1,42.75,57.35,50,2867.5,22514.65,-2135.0,54.26,-2189.26,0,-54882.23000000004,Candidate 1,"Causal 10D Breakout OTM Debit Spread (W150, Off50)",1
2024-04-04,2024-04-05,2024,2024-04-10,3,11.37,22514.65,22486.4,BULL_CALL,22550.0,22700.0,150.0,50.0,134.2,54.75,134.3,54.65,79.65,50,3982.5,22753.8,3517.5,75.05,3442.45,1,-51439.78000000004,Candidate 1,"Causal 10D Breakout OTM Debit Spread (W150, Off50)",1
2024-04-10,2024-04-12,2024,2024-04-18,3,11.36,22753.8,22677.4,BULL_CALL,22750.0,22900.0,150.0,50.0,109.2,53.95,109.3,53.85,55.45,50,2772.5,21995.85,-2772.5,53.87,-2826.37,0,-54266.150000000045,Candidate 1,"Causal 10D Breakout OTM Debit Spread (W150, Off50)",1
2024-04-29,2024-04-30,2024,2024-05-02,1,10.93,22643.4,22679.65,BULL_CALL,22750.0,22900.0,150.0,50.0,63.8,15.1,63.9,15.0,48.9,25,1222.5,22648.2,-1222.5,48.65,-1271.15,0,-55537.30000000005,Candidate 1,"Causal 10D Breakout OTM Debit Spread (W150, Off50)",1
2024-05-02,2024-05-03,2024,2024-05-09,4,12.87,22648.2,22766.35,BULL_CALL,22800.0,22950.0,150.0,50.0,115.65,78.8,115.75,78.7,37.05,25,926.25,21957.5,-926.25,51.39,-977.64,0,-56514.940000000046,Candidate 1,"Causal 10D Breakout OTM Debit Spread (W150, Off50)",1
2024-05-09,2024-05-10,2024,2024-05-16,4,17.08,21957.5,21990.95,BEAR_PUT,21950.0,21800.0,150.0,50.0,150.05,90.05,150.15,89.95,60.2,25,1505.0,22403.85,-1505.0,52.27,-1557.27,0,-58072.21000000004,Candidate 1,"Causal 10D Breakout OTM Debit Spread (W150, Off50)",1
2024-05-21,2024-05-22,2024,2024-05-23,1,19.8,22529.05,22576.6,BULL_CALL,22650.0,22800.0,150.0,50.0,61.7,17.95,61.8,17.85,43.95,25,1098.75,22967.65,2651.25,65.8,2585.45,1,-55486.760000000046,Candidate 1,"Causal 10D Breakout OTM Debit Spread (W150, Off50)",1
2024-06-07,2024-06-10,2024,2024-06-13,3,16.8,23290.15,23319.15,BULL_CALL,23350.0,23500.0,150.0,50.0,179.0,120.0,179.1,119.9,59.2,25,1480.0,23398.9,-257.5,55.88,-313.38,0,-55800.14000000004,Candidate 1,"Causal 10D Breakout OTM Debit Spread (W150, Off50)",1
2024-06-12,2024-06-13,2024,2024-06-20,4,14.77,23322.95,23480.95,BULL_CALL,23550.0,23700.0,150.0,50.0,120.0,83.0,120.1,82.9,37.2,25,930.0,23567.0,-505.0,52.37,-557.37,0,-56357.510000000046,Candidate 1,"Causal 10D Breakout OTM Debit Spread (W150, Off50)",1
2024-06-20,2024-06-21,2024,2024-06-27,4,13.71,23567.0,23661.15,BULL_CALL,23700.0,23850.0,150.0,50.0,95.25,44.0,95.35,43.9,51.45,25,1286.25,24044.5,2463.75,68.75,2395.0,1,-53962.510000000046,Candidate 1,"Causal 10D Breakout OTM Debit Spread (W150, Off50)",1
2024-07-01,2024-07-02,2024,2024-07-04,2,13.8,24141.95,24228.75,BULL_CALL,24300.0,24450.0,150.0,50.0,70.15,22.55,70.25,22.45,47.8,25,1195.0,24302.15,-1141.25,49.07,-1190.32,0,-55152.830000000045,Candidate 1,"Causal 10D Breakout OTM Debit Spread (W150, Off50)",1
2024-07-03,2024-07-04,2024,2024-07-11,5,13.64,24286.5,24369.95,BULL_CALL,24400.0,24550.0,150.0,50.0,149.7,73.1,149.8,73.0,76.8,25,1920.0,24315.95,-1920.0,51.75,-1971.75,0,-57124.580000000045,Candidate 1,"Causal 10D Breakout OTM Debit Spread (W150, Off50)",1
2024-07-12,2024-07-15,2024,2024-07-18,2,14.0,24502.15,24587.6,BULL_CALL,24650.0,24800.0,150.0,50.0,85.1,30.0,85.2,29.9,55.3,25,1382.5,24800.85,2367.5,56.39,2311.11,1,-54813.470000000045,Candidate 1,"Causal 10D Breakout OTM Debit Spread (W150, Off50)",1
2024-07-26,2024-07-29,2024,2024-08-01,3,12.62,24834.85,24943.3,BULL_CALL,25000.0,25150.0,150.0,50.0,100.0,50.0,100.1,49.9,50.2,25,1255.0,25010.9,-982.5,50.77,-1033.27,0,-55846.74000000004,Candidate 1,"Causal 10D Breakout OTM Debit Spread (W150, Off50)",1
2024-08-05,2024-08-06,2024,2024-08-08,2,14.32,24055.6,24189.85,BEAR_PUT,24150.0,24000.0,150.0,50.0,190.0,135.0,190.1,134.9,55.2,25,1380.0,24117.0,-555.0,55.77,-610.77,0,-56457.51000000004,Candidate 1,"Causal 10D Breakout OTM Debit Spread (W150, Off50)",1
2024-08-20,2024-08-21,2024,2024-08-22,1,14.32,24698.85,24680.55,BULL_CALL,24750.0,24900.0,150.0,50.0,52.7,13.9,52.8,13.8,39.0,25,975.0,24811.5,562.5,51.27,511.23,1,-55946.280000000035,Candidate 1,"Causal 10D Breakout OTM Debit Spread (W150, Off50)",1
2024-09-12,2024-09-13,2024,2024-09-19,4,13.63,25388.9,25430.45,BULL_CALL,25500.0,25650.0,150.0,50.0,81.1,41.0,81.2,40.9,40.3,25,1007.5,25415.8,-1007.5,49.7,-1057.2,0,-57003.48000000003,Candidate 1,"Causal 10D Breakout OTM Debit Spread (W150, Off50)",1
2024-09-20,2024-09-23,2024,2024-09-26,3,12.47,25790.95,25872.55,BULL_CALL,25900.0,26050.0,150.0,50.0,103.05,60.0,103.15,59.9,43.25,25,1081.25,26216.05,2668.75,67.62,2601.13,1,-54402.350000000035,Candidate 1,"Causal 10D Breakout OTM Debit Spread (W150, Off50)",1
2024-10-03,2024-10-04,2024,2024-10-10,4,11.99,25250.1,25181.9,BEAR_PUT,25150.0,25000.0,150.0,50.0,129.0,82.15,129.1,82.05,47.05,25,1176.25,24998.45,2573.75,59.47,2514.28,1,-51888.070000000036,Candidate 1,"Causal 10D Breakout OTM Debit Spread (W150, Off50)",1
2024-10-17,2024-10-18,2024,2024-10-24,4,13.05,24749.85,24664.95,BEAR_PUT,24600.0,24450.0,150.0,50.0,109.85,82.65,109.95,82.55,27.4,25,685.0,24399.4,3065.0,62.17,3002.83,1,-48885.240000000034,Candidate 1,"Causal 10D Breakout OTM Debit Spread (W150, Off50)",1
2024-11-04,2024-11-05,2024,2024-11-07,2,15.9,23995.35,23916.5,BEAR_PUT,23850.0,23700.0,150.0,50.0,141.45,100.0,141.55,99.9,41.65,25,1041.25,24199.35,-1041.25,53.37,-1094.62,0,-49979.86000000004,Candidate 1,"Causal 10D Breakout OTM Debit Spread (W150, Off50)",1
2024-11-06,2024-11-07,2024,2024-11-14,5,16.12,24484.05,24489.6,BULL_CALL,24550.0,24700.0,150.0,50.0,182.6,118.75,182.7,118.65,64.05,25,1601.25,23532.7,-1601.25,54.76,-1656.01,0,-51635.87000000004,Candidate 1,"Causal 10D Breakout OTM Debit Spread (W150, Off50)",1
2024-11-21,2024-11-22,2024,2024-11-28,4,15.66,23349.9,23411.8,BEAR_PUT,23350.0,23200.0,150.0,50.0,187.65,116.55,187.75,116.45,71.3,25,1782.5,23914.15,-1782.5,54.75,-1837.25,0,-53473.12000000004,Candidate 1,"Causal 10D Breakout OTM Debit Spread (W150, Off50)",1
2024-11-27,2024-11-28,2024,2024-12-05,5,15.31,24274.9,24274.15,BULL_CALL,24300.0,24450.0,150.0,50.0,215.0,128.0,215.1,127.9,87.2,25,2180.0,24708.4,1570.0,78.25,1491.75,1,-51981.37000000004,Candidate 1,"Causal 10D Breakout OTM Debit Spread (W150, Off50)",1
2024-12-13,2024-12-16,2024,2024-12-19,3,13.19,24768.3,24753.4,BULL_CALL,24800.0,24950.0,150.0,50.0,118.0,72.0,118.1,71.9,46.2,25,1155.0,23951.7,-1155.0,51.89,-1206.89,0,-53188.26000000004,Candidate 1,"Causal 10D Breakout OTM Debit Spread (W150, Off50)",1
2025-01-09,2025-01-10,2025,2025-01-16,4,14.47,23526.5,23551.9,BEAR_PUT,23500.0,23350.0,150.0,50.0,141.5,98.0,141.6,97.9,43.7,75,3277.5,23311.8,7972.5,93.16,7879.34,1,-45308.92000000004,Candidate 1,"Causal 10D Breakout OTM Debit Spread (W150, Off50)",1
2025-01-21,2025-01-22,2025,2025-01-23,1,16.42,23024.65,23099.15,BEAR_PUT,23050.0,22900.0,150.0,50.0,81.0,48.0,81.1,47.9,33.2,75,2490.0,23205.35,-2490.0,56.69,-2546.69,0,-47855.610000000044,Candidate 1,"Causal 10D Breakout OTM Debit Spread (W150, Off50)",1
2025-01-27,2025-01-28,2025,2025-01-30,2,16.75,22829.15,22960.45,BEAR_PUT,22900.0,22750.0,150.0,50.0,139.4,82.35,139.5,82.25,57.25,25,1431.25,23249.5,-1431.25,52.64,-1483.89,0,-49339.500000000044,Candidate 1,"Causal 10D Breakout OTM Debit Spread (W150, Off50)",1
2025-01-31,2025-02-03,2025,2025-02-06,3,17.39,23508.4,23319.35,BULL_CALL,23350.0,23500.0,150.0,50.0,168.2,98.2,168.3,98.1,70.2,75,5265.0,23603.35,5985.0,106.32,5878.68,1,-43460.82000000004,Candidate 1,"Causal 10D Breakout OTM Debit Spread (W150, Off50)",1
2025-02-12,2025-02-13,2025,2025-02-20,5,14.87,23045.25,23055.75,BEAR_PUT,23000.0,22850.0,150.0,50.0,143.5,105.1,143.6,105.0,38.6,75,2895.0,22913.15,3618.75,78.41,3540.34,1,-39920.48000000004,Candidate 1,"Causal 10D Breakout OTM Debit Spread (W150, Off50)",1
2025-02-20,2025-02-21,2025,2025-02-27,3,15.42,22913.15,22857.2,BEAR_PUT,22800.0,22650.0,150.0,50.0,113.4,75.0,113.5,74.9,38.6,75,2895.0,22545.05,8355.0,101.29,8253.71,1,-31666.77000000004,Candidate 1,"Causal 10D Breakout OTM Debit Spread (W150, Off50)",1
2025-03-18,2025-03-19,2025,2025-03-20,1,13.42,22834.3,22874.95,BULL_CALL,22900.0,23050.0,150.0,50.0,70.05,23.5,70.15,23.4,46.75,75,3506.25,23190.65,7743.75,99.63,7644.12,1,-24022.65000000004,Candidate 1,"Causal 10D Breakout OTM Debit Spread (W150, Off50)",1
2025-04-04,2025-04-07,2025,2025-04-09,2,13.6,22904.45,21758.4,BEAR_PUT,21700.0,21550.0,150.0,50.0,175.9,150.0,176.0,149.9,26.1,75,1957.5,22399.15,-1957.5,73.29,-2030.79,0,-26053.440000000042,Candidate 1,"Causal 10D Breakout OTM Debit Spread (W150, Off50)",1
2025-04-17,2025-04-21,2025,2025-04-24,3,15.87,23851.65,23949.15,BULL_CALL,24000.0,24150.0,150.0,50.0,140.0,95.0,140.1,94.9,45.2,75,3390.0,24246.7,7860.0,103.41,7756.59,1,-18296.850000000042,Candidate 1,"Causal 10D Breakout OTM Debit Spread (W150, Off50)",1
2025-04-29,2025-04-30,2025,2025-05-08,5,16.94,24335.95,24342.05,BULL_CALL,24400.0,24550.0,150.0,50.0,189.95,121.65,190.05,121.55,68.5,75,5137.5,24273.8,-5137.5,70.56,-5208.06,0,-23504.910000000044,Candidate 1,"Causal 10D Breakout OTM Debit Spread (W150, Off50)",1
2025-05-15,2025-05-16,2025,2025-05-22,4,17.23,25062.1,25064.65,BULL_CALL,25100.0,25250.0,150.0,50.0,170.0,105.35,170.1,105.25,64.85,75,4863.75,24609.7,-4863.75,67.69,-4931.44,0,-28436.350000000042,Candidate 1,"Causal 10D Breakout OTM Debit Spread (W150, Off50)",1
2025-06-03,2025-06-04,2025,2025-06-05,1,17.16,24542.5,24560.45,BEAR_PUT,24500.0,24350.0,150.0,50.0,94.0,44.0,94.1,43.9,50.2,75,3765.0,24750.9,-3765.0,56.82,-3821.82,0,-32258.170000000042,Candidate 1,"Causal 10D Breakout OTM Debit Spread (W150, Off50)",1
2025-06-06,2025-06-09,2025,2025-06-12,3,15.08,25003.05,25160.1,BULL_CALL,25200.0,25350.0,150.0,50.0,117.0,73.0,117.1,72.9,44.2,75,3315.0,24888.2,-3315.0,61.36,-3376.36,0,-35634.53000000004,Candidate 1,"Causal 10D Breakout OTM Debit Spread (W150, Off50)",1
2025-06-25,2025-06-26,2025,2025-07-03,5,13.64,25244.75,25268.95,BULL_CALL,25300.0,25450.0,150.0,50.0,165.0,100.0,165.1,99.9,65.2,75,4890.0,25405.3,3007.5,81.35,2926.15,1,-32708.38000000004,Candidate 1,"Causal 10D Breakout OTM Debit Spread (W150, Off50)",1
2025-07-10,2025-07-11,2025,2025-07-17,4,11.94,25355.25,25255.5,BEAR_PUT,25200.0,25050.0,150.0,50.0,88.65,54.95,88.75,54.85,33.9,75,2542.5,25111.45,4098.75,70.11,4028.64,1,-28679.74000000004,Candidate 1,"Causal 10D Breakout OTM Debit Spread (W150, Off50)",1
2025-07-18,2025-07-21,2025,2025-07-24,3,11.24,24968.4,24999.0,BEAR_PUT,24950.0,24800.0,150.0,50.0,98.2,53.8,98.3,53.7,44.6,75,3345.0,25062.1,-3345.0,58.19,-3403.19,0,-32082.93000000004,Candidate 1,"Causal 10D Breakout OTM Debit Spread (W150, Off50)",1
2025-07-25,2025-07-28,2025,2025-07-31,3,10.72,24837.0,24782.45,BEAR_PUT,24750.0,24600.0,150.0,50.0,82.0,49.0,82.1,48.9,33.2,75,2490.0,24768.35,-2490.0,56.86,-2546.86,0,-34629.79000000004,Candidate 1,"Causal 10D Breakout OTM Debit Spread (W150, Off50)",1
2025-08-01,2025-08-04,2025,2025-08-07,3,11.54,24565.35,24596.05,BEAR_PUT,24550.0,24400.0,150.0,50.0,132.2,78.2,132.3,78.1,54.2,75,4065.0,24596.15,-4065.0,62.68,-4127.68,0,-38757.47000000004,Candidate 1,"Causal 10D Breakout OTM Debit Spread (W150, Off50)",1
2025-08-08,2025-08-11,2025,2025-08-14,3,11.69,24363.3,24371.5,BEAR_PUT,24300.0,24150.0,150.0,50.0,88.0,47.2,88.1,47.1,41.0,75,3075.0,24631.3,-3075.0,56.93,-3131.93,0,-41889.40000000004,Candidate 1,"Causal 10D Breakout OTM Debit Spread (W150, Off50)",1
2025-08-18,2025-08-19,2025,2025-08-21,2,12.36,24876.95,24891.35,BULL_CALL,24950.0,25100.0,150.0,50.0,101.6,44.55,101.7,44.45,57.25,75,4293.75,25083.75,5737.5,75.71,5661.79,1,-36227.61000000004,Candidate 1,"Causal 10D Breakout OTM Debit Spread (W150, Off50)",1
2025-08-29,2025-09-01,2025,2025-09-02,1,12.18,24426.85,24432.7,BEAR_PUT,24400.0,24250.0,150.0,50.0,52.0,18.9,52.1,18.8,33.3,75,2497.5,24579.6,-2497.5,51.87,-2549.37,0,-38776.98000000004,Candidate 1,"Causal 10D Breakout OTM Debit Spread (W150, Off50)",1
2025-09-10,2025-09-11,2025,2025-09-16,3,10.69,24973.1,24945.5,BULL_CALL,25000.0,25150.0,150.0,50.0,125.0,58.0,125.1,57.9,67.2,75,5040.0,25239.1,6210.0,96.91,6113.09,1,-32663.89000000004,Candidate 1,"Causal 10D Breakout OTM Debit Spread (W150, Off50)",1
2025-09-16,2025-09-17,2025,2025-09-23,4,10.4,25239.1,25276.6,BULL_CALL,25350.0,25500.0,150.0,50.0,113.4,55.35,113.5,55.25,58.25,75,4368.75,25169.5,-4368.75,59.08,-4427.83,0,-37091.72000000004,Candidate 1,"Causal 10D Breakout OTM Debit Spread (W150, Off50)",1
2025-09-25,2025-09-26,2025,2025-09-30,2,10.52,24890.85,24818.55,BEAR_PUT,24750.0,24600.0,150.0,50.0,34.0,15.55,34.1,15.45,18.65,75,1398.75,24611.1,9018.75,69.81,8948.94,1,-28142.780000000035,Candidate 1,"Causal 10D Breakout OTM Debit Spread (W150, Off50)",1
2025-10-09,2025-10-10,2025,2025-10-14,2,10.31,25181.8,25167.65,BULL_CALL,25200.0,25350.0,150.0,50.0,87.05,33.8,87.15,33.7,53.45,75,4008.75,25145.5,-4008.75,55.28,-4064.03,0,-32206.810000000034,Candidate 1,"Causal 10D Breakout OTM Debit Spread (W150, Off50)",1
2025-10-15,2025-10-16,2025,2025-10-20,2,11.16,25323.55,25394.9,BULL_CALL,25450.0,25600.0,150.0,50.0,82.0,28.35,82.1,28.25,53.85,75,4038.75,25843.15,7211.25,119.47,7091.78,1,-25115.030000000035,Candidate 1,"Causal 10D Breakout OTM Debit Spread (W150, Off50)",1
2025-10-27,2025-10-28,2025,2025-11-04,5,11.59,25966.05,25939.95,BULL_CALL,26000.0,26150.0,150.0,50.0,219.2,145.1,219.3,145.0,74.3,75,5572.5,25597.65,-5572.5,74.72,-5647.22,0,-30762.250000000036,Candidate 1,"Causal 10D Breakout OTM Debit Spread (W150, Off50)",1
2025-11-04,2025-11-06,2025,2025-11-11,3,12.67,25597.65,25593.35,BEAR_PUT,25550.0,25400.0,150.0,50.0,108.0,59.0,108.1,58.9,49.2,75,3690.0,25694.95,-3690.0,59.27,-3749.27,0,-34511.52000000003,Candidate 1,"Causal 10D Breakout OTM Debit Spread (W150, Off50)",1
2025-11-14,2025-11-17,2025,2025-11-18,1,12.16,25910.05,25948.2,BULL_CALL,26000.0,26150.0,150.0,50.0,75.2,32.6,75.3,32.5,42.8,75,3210.0,25910.05,-3210.0,54.59,-3264.59,0,-37776.11000000003,Candidate 1,"Causal 10D Breakout OTM Debit Spread (W150, Off50)",1
2025-11-19,2025-11-20,2025,2025-11-25,3,12.1,26052.65,26132.1,BULL_CALL,26200.0,26350.0,150.0,50.0,85.0,45.95,85.1,45.85,39.25,75,2943.75,25884.8,-2943.75,56.64,-3000.39,0,-40776.50000000003,Candidate 1,"Causal 10D Breakout OTM Debit Spread (W150, Off50)",1
2025-11-26,2025-11-27,2025,2025-12-02,3,12.24,26205.3,26261.25,BULL_CALL,26300.0,26450.0,150.0,50.0,116.0,57.0,116.1,56.9,59.2,75,4440.0,26032.2,-4440.0,59.4,-4499.4,0,-45275.90000000003,Candidate 1,"Causal 10D Breakout OTM Debit Spread (W150, Off50)",1
2025-12-09,2025-12-10,2025,2025-12-16,4,11.13,25839.65,25864.05,BEAR_PUT,25800.0,25650.0,150.0,50.0,98.1,49.25,98.2,49.15,49.05,75,3678.75,25860.1,-3678.75,57.64,-3736.39,0,-49012.29000000003,Candidate 1,"Causal 10D Breakout OTM Debit Spread (W150, Off50)",1
2026-01-02,2026-01-05,2026,2026-01-06,1,9.19,26328.55,26333.7,BULL_CALL,26400.0,26550.0,150.0,50.0,40.45,6.95,40.55,6.85,33.7,65,2190.5,26178.7,-2190.5,49.55,-2240.05,0,-51252.34000000003,Candidate 1,"Causal 10D Breakout OTM Debit Spread (W150, Off50)",1
2026-01-08,2026-01-09,2026,2026-01-13,2,9.95,25876.85,25840.4,BEAR_PUT,25800.0,25650.0,150.0,50.0,59.9,25.4,60.0,25.3,34.7,65,2255.5,25732.3,2145.0,60.34,2084.66,1,-49167.68000000004,Candidate 1,"Causal 10D Breakout OTM Debit Spread (W150, Off50)",1
2026-01-14,2026-01-16,2026,2026-01-20,2,11.2,25665.6,25696.05,BEAR_PUT,25650.0,25500.0,150.0,50.0,94.0,47.1,94.1,47.0,47.1,65,3061.5,25232.5,6688.5,116.1,6572.4,1,-42595.280000000035,Candidate 1,"Causal 10D Breakout OTM Debit Spread (W150, Off50)",1
2026-01-19,2026-01-20,2026,2026-01-27,4,11.37,25585.5,25580.3,BEAR_PUT,25550.0,25400.0,150.0,50.0,139.0,95.0,139.1,94.9,44.2,65,2873.0,25175.4,6877.0,116.09,6760.91,1,-35834.37000000004,Candidate 1,"Causal 10D Breakout OTM Debit Spread (W150, Off50)",1
2026-01-23,2026-01-27,2026,2026-02-03,5,13.35,25048.65,25063.35,BEAR_PUT,25000.0,24850.0,150.0,50.0,185.15,148.3,185.25,148.2,37.05,65,2408.25,25727.55,-2408.25,70.01,-2478.26,0,-38312.63000000004,Candidate 1,"Causal 10D Breakout OTM Debit Spread (W150, Off50)",1
2026-02-03,2026-02-04,2026,2026-02-10,4,13.87,25727.55,25675.05,BULL_CALL,25750.0,25900.0,150.0,50.0,197.6,107.65,197.7,107.55,90.15,65,5859.75,25935.15,3890.25,89.81,3800.44,1,-34512.19000000004,Candidate 1,"Causal 10D Breakout OTM Debit Spread (W150, Off50)",1
2026-02-09,2026-02-10,2026,2026-02-17,5,11.94,25867.3,25922.65,BULL_CALL,25950.0,26100.0,150.0,50.0,153.0,89.55,153.1,89.45,63.65,65,4137.25,25725.4,-4137.25,62.63,-4199.88,0,-38712.070000000036,Candidate 1,"Causal 10D Breakout OTM Debit Spread (W150, Off50)",1
2026-02-19,2026-02-20,2026,2026-02-24,2,12.22,25454.35,25406.55,BEAR_PUT,25350.0,25200.0,150.0,50.0,121.6,79.05,121.7,78.95,42.75,65,2778.75,25424.65,-2778.75,60.28,-2839.03,0,-41551.100000000035,Candidate 1,"Causal 10D Breakout OTM Debit Spread (W150, Off50)",1
2026-02-24,2026-02-25,2026,2026-03-02,3,14.17,25424.65,25512.6,BEAR_PUT,25450.0,25300.0,150.0,50.0,143.0,80.1,143.1,80.0,63.1,65,4101.5,24865.7,5648.5,147.87,5500.63,1,-36050.47000000004,Candidate 1,"Causal 10D Breakout OTM Debit Spread (W150, Off50)",1
2026-02-27,2026-03-02,2026,2026-03-10,5,13.06,25178.65,24659.25,BEAR_PUT,24600.0,24450.0,150.0,50.0,126.8,106.0,126.9,105.9,21.0,65,1365.0,24261.6,8385.0,111.01,8273.99,1,-27776.48000000004,Candidate 1,"Causal 10D Breakout OTM Debit Spread (W150, Off50)",1
2026-03-11,2026-03-12,2026,2026-03-17,3,18.91,23866.85,23674.85,BEAR_PUT,23600.0,23450.0,150.0,50.0,240.0,224.65,240.1,224.55,15.55,65,1010.75,23581.15,214.5,82.37,132.13,1,-27644.35000000004,Candidate 1,"Causal 10D Breakout OTM Debit Spread (W150, Off50)",1
2026-03-19,2026-03-20,2026,2026-03-24,2,18.72,23002.15,23110.15,BEAR_PUT,23050.0,22900.0,150.0,50.0,263.75,167.6,263.85,167.5,96.35,65,6262.75,22912.4,2681.25,91.64,2589.61,1,-25054.740000000038,Candidate 1,"Causal 10D Breakout OTM Debit Spread (W150, Off50)",1
2026-04-10,2026-04-13,2026,2026-04-21,5,20.43,24050.6,23589.6,BULL_CALL,23650.0,23800.0,150.0,50.0,322.5,234.25,322.6,234.15,88.45,65,5749.25,24576.6,4000.75,225.18,3775.57,1,-21279.17000000004,Candidate 1,"Causal 10D Breakout OTM Debit Spread (W150, Off50)",1
2026-05-11,2026-05-12,2026,2026-05-19,5,16.84,23815.85,23722.6,BEAR_PUT,23650.0,23500.0,150.0,50.0,162.65,130.0,162.75,129.9,32.85,65,2135.25,23618.0,-55.25,71.04,-126.29,0,-21405.46000000004,Candidate 1,"Causal 10D Breakout OTM Debit Spread (W150, Off50)",1
2026-05-29,2026-06-01,2026,2026-06-02,1,14.98,23547.75,23654.5,BEAR_PUT,23600.0,23450.0,150.0,50.0,62.25,28.65,62.35,28.55,33.8,65,2197.0,23483.55,5372.25,66.61,5305.64,1,-16099.82000000004,Candidate 1,"Causal 10D Breakout OTM Debit Spread (W150, Off50)",1
2026-06-05,2026-06-08,2026,2026-06-09,1,15.89,23366.7,23080.7,BEAR_PUT,23050.0,22900.0,150.0,50.0,79.9,39.75,80.0,39.65,40.35,65,2622.75,23242.1,-2622.75,54.53,-2677.28,0,-18777.10000000004,Candidate 1,"Causal 10D Breakout OTM Debit Spread (W150, Off50)",1
2026-06-12,2026-06-15,2026,2026-06-16,1,15.61,23622.9,23984.85,BULL_CALL,24050.0,24200.0,150.0,50.0,80.15,36.95,80.25,36.85,43.4,65,2821.0,23989.15,-2821.0,54.25,-2875.25,0,-21652.35000000004,Candidate 1,"Causal 10D Breakout OTM Debit Spread (W150, Off50)",1
2026-07-02,2026-07-03,2026,2026-07-07,2,13.24,24175.7,24375.65,BULL_CALL,24450.0,24600.0,150.0,50.0,51.1,15.7,51.2,15.6,35.6,65,2314.0,24398.7,-2314.0,50.88,-2364.88,0,-24017.23000000004,Candidate 1,"Causal 10D Breakout OTM Debit Spread (W150, Off50)",1
2026-07-23,2026-07-24,2026,2026-07-28,2,13.29,23869.6,23666.35,BEAR_PUT,23600.0,23450.0,150.0,50.0,84.0,42.85,84.1,42.75,41.35,65,2687.75,23985.35,-2687.75,55.02,-2742.77,0,-26760.00000000004,Candidate 1,"Causal 10D Breakout OTM Debit Spread (W150, Off50)",1
2026-07-31,2026-08-03,2026,2026-08-04,1,12.16,24383.6,24572.7,BULL_CALL,24600.0,24750.0,150.0,50.0,47.9,11.1,48.0,11.0,37.0,65,2405.0,24614.9,-1436.5,52.06,-1488.56,0,-28248.56000000004,Candidate 1,"Causal 10D Breakout OTM Debit Spread (W150, Off50)",1
2026-08-14,2026-08-17,2026,2026-08-18,1,11.42,24366.0,24343.45,BEAR_PUT,24300.0,24150.0,150.0,50.0,38.6,10.0,38.7,9.9,28.8,65,1872.0,24154.9,7559.5,67.15,7492.35,1,-20756.210000000043,Candidate 1,"Causal 10D Breakout OTM Debit Spread (W150, Off50)",1
2026-09-01,2026-09-02,2026,2026-09-08,4,11.19,24055.8,23858.0,BEAR_PUT,23800.0,23650.0,150.0,50.0,78.9,45.0,79.0,44.9,34.1,65,2216.5,23635.1,7533.5,75.34,7458.16,1,-13298.050000000043,Candidate 1,"Causal 10D Breakout OTM Debit Spread (W150, Off50)",1
2026-09-07,2026-09-08,2026,2026-09-15,4,10.68,23779.15,23743.1,BEAR_PUT,23700.0,23550.0,150.0,50.0,103.3,50.9,103.4,50.8,52.6,65,3419.0,23118.6,6331.0,142.79,6188.21,1,-7109.840000000043,Candidate 1,"Causal 10D Breakout OTM Debit Spread (W150, Off50)",1
2019-03-28,2019-03-29,2019,2019-04-04,4,17.05,11570.0,11625.45,BULL_CALL,11650.0,11850.0,200.0,0.0,88.6,25.0,88.7,24.9,63.8,75,4785.0,11598.0,-4785.0,53.6,-4838.6,0,-4838.6,Candidate 2,"Causal 10D Breakout ATM Debit Spread (W200, Off0)",0
2019-04-16,2019-04-18,2019,2019-04-25,4,21.39,11787.15,11856.15,BULL_CALL,11850.0,12050.0,200.0,0.0,83.55,9.3,83.65,9.2,74.45,75,5583.75,11641.8,-5583.75,51.94,-5635.69,0,-10474.29,Candidate 2,"Causal 10D Breakout ATM Debit Spread (W200, Off0)",0
2019-05-24,2019-05-27,2019,2019-05-30,3,19.41,11844.1,11855.5,BULL_CALL,11850.0,12050.0,200.0,0.0,90.95,20.0,91.05,19.9,71.15,75,5336.25,11945.9,1856.25,66.5,1789.75,1,-8684.54,Candidate 2,"Causal 10D Breakout ATM Debit Spread (W200, Off0)",0
2019-05-30,2019-05-31,2019,2019-06-06,3,16.41,11945.9,11999.8,BULL_CALL,12000.0,12200.0,200.0,0.0,74.0,14.5,74.1,14.4,59.7,75,4477.5,11843.75,-4477.5,51.97,-4529.47,0,-13214.010000000002,Candidate 2,"Causal 10D Breakout ATM Debit Spread (W200, Off0)",0
2019-06-14,2019-06-17,2019,2019-06-20,3,13.66,11823.3,11844.0,BEAR_PUT,11850.0,11650.0,200.0,0.0,81.85,16.1,81.95,16.0,65.95,75,4946.25,11831.75,-3577.5,55.0,-3632.5,0,-16846.510000000002,Candidate 2,"Causal 10D Breakout ATM Debit Spread (W200, Off0)",0
2019-07-01,2019-07-02,2019,2019-07-04,2,14.95,11865.6,11890.3,BULL_CALL,11900.0,12100.0,200.0,0.0,50.0,3.85,50.1,3.75,46.35,75,3476.25,11946.75,30.0,56.33,-26.33,0,-16872.840000000004,Candidate 2,"Causal 10D Breakout ATM Debit Spread (W200, Off0)",0
2019-07-08,2019-07-09,2019,2019-07-11,2,13.07,11558.6,11531.6,BEAR_PUT,11550.0,11350.0,200.0,0.0,65.15,11.9,65.25,11.8,53.45,75,4008.75,11582.9,-4008.75,51.32,-4060.07,0,-20932.910000000003,Candidate 2,"Causal 10D Breakout ATM Debit Spread (W200, Off0)",0
2019-07-19,2019-07-22,2019,2019-07-25,3,11.75,11419.25,11392.85,BEAR_PUT,11400.0,11200.0,200.0,0.0,60.05,14.9,60.15,14.8,45.35,75,3401.25,11252.15,7687.5,71.77,7615.73,1,-13317.180000000004,Candidate 2,"Causal 10D Breakout ATM Debit Spread (W200, Off0)",0
2019-07-29,2019-07-30,2019,2019-08-01,2,12.13,11189.2,11213.7,BEAR_PUT,11200.0,11000.0,200.0,0.0,45.15,7.8,45.25,7.7,37.55,75,2816.25,10980.0,12183.75,81.28,12102.47,1,-1214.7100000000046,Candidate 2,"Causal 10D Breakout ATM Debit Spread (W200, Off0)",0
2019-08-01,2019-08-02,2019,2019-08-08,4,13.59,10980.0,10930.3,BEAR_PUT,10950.0,10750.0,200.0,0.0,66.5,38.85,66.6,38.75,27.85,75,2088.75,11032.45,-2088.75,53.84,-2142.59,0,-3357.3000000000047,Candidate 2,"Causal 10D Breakout ATM Debit Spread (W200, Off0)",0
2019-08-07,2019-08-08,2019,2019-08-14,3,16.12,10855.5,10899.2,BEAR_PUT,10900.0,10700.0,200.0,0.0,112.85,46.9,112.95,46.8,66.15,75,4961.25,11029.4,-4961.25,56.73,-5017.98,0,-8375.280000000004,Candidate 2,"Causal 10D Breakout ATM Debit Spread (W200, Off0)",0
2019-08-22,2019-08-23,2019,2019-08-29,4,17.02,10741.35,10699.6,BEAR_PUT,10700.0,10500.0,200.0,0.0,112.0,35.0,112.1,34.9,77.2,75,5790.0,10948.3,-5790.0,55.61,-5845.61,0,-14220.890000000003,Candidate 2,"Causal 10D Breakout ATM Debit Spread (W200, Off0)",0
2019-09-13,2019-09-16,2019,2019-09-19,3,14.9,11075.9,10994.85,BULL_CALL,11000.0,11200.0,200.0,0.0,99.95,12.5,100.05,12.4,87.65,75,6573.75,10704.8,-6573.75,52.99,-6626.74,0,-20847.630000000005,Candidate 2,"Causal 10D Breakout ATM Debit Spread (W200, Off0)",0
2019-09-19,2019-09-20,2019,2019-09-26,4,15.35,10704.8,10746.8,BEAR_PUT,10750.0,10550.0,200.0,0.0,93.6,29.4,93.7,29.3,64.4,75,4830.0,11571.2,-4830.0,54.24,-4884.24,0,-25731.870000000003,Candidate 2,"Causal 10D Breakout ATM Debit Spread (W200, Off0)",0
2019-10-07,2019-10-09,2019,2019-10-10,1,17.58,11126.4,11152.95,BEAR_PUT,11150.0,10950.0,200.0,0.0,68.0,11.95,68.1,11.85,56.25,75,4218.75,11234.55,-4218.75,51.45,-4270.2,0,-30002.070000000003,Candidate 2,"Causal 10D Breakout ATM Debit Spread (W200, Off0)",0
2019-10-17,2019-10-18,2019,2019-10-24,3,16.36,11586.35,11580.3,BULL_CALL,11600.0,11800.0,200.0,0.0,74.95,17.15,75.05,17.05,58.0,75,4350.0,11582.6,-4350.0,52.25,-4402.25,0,-34404.32000000001,Candidate 2,"Causal 10D Breakout ATM Debit Spread (W200, Off0)",0
2019-10-29,2019-10-30,2019,2019-10-31,1,15.32,11786.85,11883.9,BULL_CALL,11900.0,12100.0,200.0,0.0,22.0,3.5,22.1,3.4,18.7,75,1402.5,11877.45,-1402.5,48.54,-1451.04,0,-35855.36000000001,Candidate 2,"Causal 10D Breakout ATM Debit Spread (W200, Off0)",0
2019-11-06,2019-11-07,2019,2019-11-14,4,15.92,11966.05,12021.1,BULL_CALL,12000.0,12200.0,200.0,0.0,86.0,22.0,86.1,21.9,64.2,75,4815.0,11872.1,-4815.0,53.21,-4868.21,0,-40723.57000000001,Candidate 2,"Causal 10D Breakout ATM Debit Spread (W200, Off0)",0
2019-11-25,2019-11-26,2019,2019-11-28,2,14.87,12073.75,12110.2,BULL_CALL,12100.0,12300.0,200.0,0.0,68.0,7.45,68.1,7.35,60.75,75,4556.25,12151.15,-720.0,58.11,-778.11,0,-41501.68000000001,Candidate 2,"Causal 10D Breakout ATM Debit Spread (W200, Off0)",0
2019-11-27,2019-11-28,2019,2019-12-05,5,14.84,12100.7,12132.1,BULL_CALL,12150.0,12350.0,200.0,0.0,75.35,13.0,75.45,12.9,62.55,75,4691.25,12018.4,-4691.25,51.89,-4743.14,0,-46244.82000000001,Candidate 2,"Causal 10D Breakout ATM Debit Spread (W200, Off0)",0
2019-12-10,2019-12-11,2019,2019-12-12,1,14.6,11856.8,11867.35,BEAR_PUT,11850.0,11650.0,200.0,0.0,33.95,1.55,34.05,1.45,32.6,75,2445.0,11971.8,-2445.0,48.92,-2493.92,0,-48738.740000000005,Candidate 2,"Causal 10D Breakout ATM Debit Spread (W200, Off0)",0
2019-12-13,2019-12-16,2019,2019-12-19,3,13.35,12086.7,12131.35,BULL_CALL,12150.0,12350.0,200.0,0.0,63.0,11.05,63.1,10.95,52.15,75,3911.25,12259.7,4316.25,66.29,4249.96,1,-44488.780000000006,Candidate 2,"Causal 10D Breakout ATM Debit Spread (W200, Off0)",0
2020-01-02,2020-01-03,2020,2020-01-09,4,11.6,12282.2,12261.1,BULL_CALL,12250.0,12450.0,200.0,0.0,51.0,9.0,51.1,8.9,42.2,75,3165.0,12215.9,-3165.0,50.39,-3215.39,0,-47704.170000000006,Candidate 2,"Causal 10D Breakout ATM Debit Spread (W200, Off0)",0
2020-01-13,2020-01-14,2020,2020-01-16,2,14.08,12329.55,12333.1,BULL_CALL,12350.0,12550.0,200.0,0.0,51.0,2.75,51.1,2.65,48.45,75,3633.75,12355.5,-3221.25,50.58,-3271.83,0,-50976.00000000001,Candidate 2,"Causal 10D Breakout ATM Debit Spread (W200, Off0)",0
2020-01-28,2020-01-29,2020,2020-01-30,1,17.18,12055.8,12114.9,BEAR_PUT,12100.0,11900.0,200.0,0.0,47.7,6.75,47.8,6.65,41.15,75,3086.25,12035.8,1728.75,58.9,1669.85,1,-49306.15000000001,Candidate 2,"Causal 10D Breakout ATM Debit Spread (W200, Off0)",0
2020-01-30,2020-01-31,2020,2020-02-06,4,16.5,12035.8,12100.4,BEAR_PUT,12100.0,11900.0,200.0,0.0,159.65,80.9,159.75,80.8,78.95,75,5921.25,12137.95,-5921.25,62.01,-5983.26,0,-55289.41000000001,Candidate 2,"Causal 10D Breakout ATM Debit Spread (W200, Off0)",0
2020-02-12,2020-02-13,2020,2020-02-20,5,13.88,12201.2,12219.55,BULL_CALL,12200.0,12400.0,200.0,0.0,87.0,15.0,87.1,14.9,72.2,75,5415.0,12080.85,-5415.0,52.62,-5467.62,0,-60757.03000000001,Candidate 2,"Causal 10D Breakout ATM Debit Spread (W200, Off0)",0
2020-02-24,2020-02-25,2020,2020-02-27,2,13.7,11829.4,11877.5,BEAR_PUT,11900.0,11700.0,200.0,0.0,75.1,26.1,75.2,26.0,49.2,75,3690.0,11633.3,11310.0,92.86,11217.14,1,-49539.890000000014,Candidate 2,"Causal 10D Breakout ATM Debit Spread (W200, Off0)",0
2020-03-06,2020-03-09,2020,2020-03-12,2,23.25,10989.45,10742.05,BEAR_PUT,10750.0,10550.0,200.0,0.0,180.2,84.2,180.3,84.1,96.2,75,7215.0,9590.15,7785.0,265.99,7519.01,1,-42020.88000000001,Candidate 2,"Causal 10D Breakout ATM Debit Spread (W200, Off0)",0
2020-08-11,2020-08-12,2020,2020-08-13,1,22.51,11322.5,11289.0,BULL_CALL,11300.0,11500.0,200.0,0.0,51.9,4.55,52.0,4.45,47.55,75,3566.25,11300.45,-3532.5,50.09,-3582.59,0,-45603.470000000016,Candidate 2,"Causal 10D Breakout ATM Debit Spread (W200, Off0)",0
2020-08-18,2020-08-19,2020,2020-08-20,1,21.31,11385.35,11452.15,BULL_CALL,11450.0,11650.0,200.0,0.0,45.8,3.9,45.9,3.8,42.1,75,3157.5,11312.2,-3157.5,49.69,-3207.19,0,-48810.66000000002,Candidate 2,"Causal 10D Breakout ATM Debit Spread (W200, Off0)",0
2020-08-24,2020-08-25,2020,2020-08-27,2,19.94,11466.45,11513.1,BULL_CALL,11500.0,11700.0,200.0,0.0,70.0,8.0,70.1,7.9,62.2,75,4665.0,11559.25,-221.25,59.37,-280.62,0,-49091.28000000002,Candidate 2,"Causal 10D Breakout ATM Debit Spread (W200, Off0)",0
2020-09-04,2020-09-07,2020,2020-09-10,3,20.5,11333.85,11359.6,BEAR_PUT,11350.0,11150.0,200.0,0.0,101.2,54.15,101.3,54.05,47.25,75,3543.75,11449.25,-3543.75,56.85,-3600.6,0,-52691.88000000002,Candidate 2,"Causal 10D Breakout ATM Debit Spread (W200, Off0)",0
2020-09-16,2020-09-17,2020,2020-09-24,5,20.6,11604.55,11539.4,BULL_CALL,11550.0,11750.0,200.0,0.0,100.1,31.25,100.2,31.15,69.05,75,5178.75,10805.55,-5178.75,54.71,-5233.46,0,-57925.34000000002,Candidate 2,"Causal 10D Breakout ATM Debit Spread (W200, Off0)",0
2020-10-06,2020-10-07,2020,2020-10-08,1,19.71,11662.4,11679.25,BULL_CALL,11700.0,11900.0,200.0,0.0,45.0,2.8,45.1,2.7,42.4,75,3180.0,11834.6,6915.0,68.13,6846.87,1,-51078.470000000016,Candidate 2,"Causal 10D Breakout ATM Debit Spread (W200, Off0)",0
2020-11-05,2020-11-06,2020,2020-11-12,4,23.2,12120.3,12156.65,BULL_CALL,12150.0,12350.0,200.0,0.0,146.3,50.0,146.4,49.9,96.5,75,7237.5,12690.8,7762.5,148.36,7614.14,1,-43464.330000000016,Candidate 2,"Causal 10D Breakout ATM Debit Spread (W200, Off0)",0
2020-11-17,2020-11-18,2020,2020-11-19,1,19.7,12874.2,12860.1,BULL_CALL,12850.0,13050.0,200.0,0.0,87.95,10.25,88.05,10.15,77.9,75,5842.5,12771.7,-5842.5,52.23,-5894.73,0,-49359.06000000001,Candidate 2,"Causal 10D Breakout ATM Debit Spread (W200, Off0)",0
2020-11-24,2020-11-25,2020,2020-11-26,1,20.8,13055.15,13130.0,BULL_CALL,13150.0,13350.0,200.0,0.0,64.0,7.7,64.1,7.6,56.5,75,4237.5,12987.0,-4237.5,50.88,-4288.38,0,-53647.44000000001,Candidate 2,"Causal 10D Breakout ATM Debit Spread (W200, Off0)",0
2020-12-01,2020-12-02,2020,2020-12-03,1,19.82,13109.05,13121.4,BULL_CALL,13100.0,13300.0,200.0,0.0,93.9,15.5,94.0,15.4,78.6,75,5895.0,13133.9,-3352.5,57.67,-3410.17,0,-57057.61000000001,Candidate 2,"Causal 10D Breakout ATM Debit Spread (W200, Off0)",0
2020-12-14,2020-12-15,2020,2020-12-17,2,18.79,13558.15,13547.2,BULL_CALL,13550.0,13750.0,200.0,0.0,92.3,20.0,92.4,19.9,72.5,75,5437.5,13740.7,8865.0,79.65,8785.35,1,-48272.26000000001,Candidate 2,"Causal 10D Breakout ATM Debit Spread (W200, Off0)",0
2020-12-21,2020-12-22,2020,2020-12-24,2,18.62,13328.4,13373.65,BEAR_PUT,13350.0,13150.0,200.0,0.0,139.95,51.0,140.05,50.9,89.15,75,6686.25,13749.25,-6686.25,58.37,-6744.62,0,-55016.88000000001,Candidate 2,"Causal 10D Breakout ATM Debit Spread (W200, Off0)",0
2020-12-28,2020-12-29,2020,2020-12-31,2,19.97,13873.2,13910.35,BULL_CALL,13900.0,14100.0,200.0,0.0,88.6,25.5,88.7,25.4,63.3,75,4747.5,13981.75,1383.75,64.94,1318.81,1,-53698.070000000014,Candidate 2,"Causal 10D Breakout ATM Debit Spread (W200, Off0)",0
2021-01-01,2021-01-04,2021,2021-01-07,3,21.1,14018.5,14104.35,BULL_CALL,14100.0,14300.0,200.0,0.0,80.25,20.0,80.35,19.9,60.45,75,4533.75,14137.35,-1732.5,57.92,-1790.42,0,-55488.49000000001,Candidate 2,"Causal 10D Breakout ATM Debit Spread (W200, Off0)",0
2021-01-20,2021-01-21,2021,2021-01-28,4,22.9,14644.7,14730.95,BULL_CALL,14750.0,14950.0,200.0,0.0,98.0,27.6,98.1,27.5,70.6,75,5295.0,13817.55,-5295.0,54.28,-5349.28,0,-60837.77000000001,Candidate 2,"Causal 10D Breakout ATM Debit Spread (W200, Off0)",0
2021-02-02,2021-02-03,2021,2021-02-04,1,23.32,14647.85,14754.9,BULL_CALL,14750.0,14950.0,200.0,0.0,72.35,29.0,72.45,28.9,43.55,75,3266.25,14895.65,7657.5,73.32,7584.18,1,-53253.59000000001,Candidate 2,"Causal 10D Breakout ATM Debit Spread (W200, Off0)",0
2021-02-11,2021-02-15,2021,2021-02-18,3,23.95,15173.3,15270.3,BULL_CALL,15250.0,15450.0,200.0,0.0,102.35,29.3,102.45,29.2,73.25,75,5493.75,15118.95,-5493.75,54.64,-5548.39,0,-58801.98000000001,Candidate 2,"Causal 10D Breakout ATM Debit Spread (W200, Off0)",0
2021-02-22,2021-02-23,2021,2021-02-25,2,22.25,14675.7,14782.25,BEAR_PUT,14800.0,14600.0,200.0,0.0,172.0,78.9,172.1,78.8,93.3,75,6997.5,15097.35,-6997.5,62.41,-7059.91,0,-65861.89000000001,Candidate 2,"Causal 10D Breakout ATM Debit Spread (W200, Off0)",0
2021-02-26,2021-03-01,2021,2021-03-04,3,22.89,14529.15,14702.5,BEAR_PUT,14700.0,14500.0,200.0,0.0,171.0,103.35,171.1,103.25,67.85,75,5088.75,15080.75,-5088.75,64.59,-5153.34,0,-71015.23000000001,Candidate 2,"Causal 10D Breakout ATM Debit Spread (W200, Off0)",0
2021-03-03,2021-03-04,2021,2021-03-10,4,23.61,15245.6,15026.75,BULL_CALL,15050.0,15250.0,200.0,0.0,182.1,100.0,182.2,99.9,82.3,75,6172.5,15174.8,3187.5,82.03,3105.47,1,-67909.76000000001,Candidate 2,"Causal 10D Breakout ATM Debit Spread (W200, Off0)",0
2021-03-17,2021-03-18,2021,2021-03-25,5,20.19,14721.3,14855.5,BEAR_PUT,14850.0,14650.0,200.0,0.0,180.5,98.1,180.6,98.0,82.6,75,6195.0,14324.9,8805.0,151.48,8653.52,1,-59256.240000000005,Candidate 2,"Causal 10D Breakout ATM Debit Spread (W200, Off0)",0
2021-03-24,2021-03-25,2021,2021-04-01,3,20.67,14549.4,14570.9,BEAR_PUT,14550.0,14350.0,200.0,0.0,200.0,128.05,200.1,127.95,72.15,75,5411.25,14867.35,-5411.25,68.19,-5479.44,0,-64735.68000000001,Candidate 2,"Causal 10D Breakout ATM Debit Spread (W200, Off0)",0
2021-04-08,2021-04-09,2021,2021-04-15,3,20.25,14873.8,14882.65,BULL_CALL,14900.0,15100.0,200.0,0.0,144.65,54.0,144.75,53.9,90.85,75,6813.75,14581.45,-6813.75,58.86,-6872.61,0,-71608.29000000001,Candidate 2,"Causal 10D Breakout ATM Debit Spread (W200, Off0)",0
2021-04-20,2021-04-22,2021,2021-04-29,5,22.49,14296.4,14219.15,BEAR_PUT,14200.0,14000.0,200.0,0.0,210.0,130.0,210.1,129.9,80.2,75,6015.0,14894.9,-6015.0,68.84,-6083.84,0,-77692.13,Candidate 2,"Causal 10D Breakout ATM Debit Spread (W200, Off0)",0
2021-04-28,2021-04-29,2021,2021-05-06,5,23.08,14864.55,14979.0,BULL_CALL,15000.0,15200.0,200.0,0.0,162.5,60.55,162.6,60.45,102.15,75,7661.25,14724.8,-7661.25,60.29,-7721.54,0,-85413.67,Candidate 2,"Causal 10D Breakout ATM Debit Spread (W200, Off0)",0
2021-05-10,2021-05-11,2021,2021-05-12,1,20.82,14942.35,14789.7,BULL_CALL,14800.0,15000.0,200.0,0.0,115.5,30.0,115.6,29.9,85.7,75,6427.5,14696.5,-6427.5,55.31,-6482.81,0,-91896.48,Candidate 2,"Causal 10D Breakout ATM Debit Spread (W200, Off0)",0
2021-05-18,2021-05-19,2021,2021-05-20,1,19.61,15108.1,15058.6,BULL_CALL,15050.0,15250.0,200.0,0.0,72.2,17.1,72.3,17.0,55.3,75,4147.5,14906.05,-4147.5,52.12,-4199.62,0,-96096.09999999999,Candidate 2,"Causal 10D Breakout ATM Debit Spread (W200, Off0)",0
2021-05-21,2021-05-24,2021,2021-05-27,3,19.65,15175.3,15211.35,BULL_CALL,15200.0,15400.0,200.0,0.0,128.0,39.9,128.1,39.8,88.3,75,6622.5,15337.85,3716.25,75.83,3640.42,1,-92455.68,Candidate 2,"Causal 10D Breakout ATM Debit Spread (W200, Off0)",0
2021-06-03,2021-06-04,2021,2021-06-10,4,17.21,15690.35,15712.5,BULL_CALL,15700.0,15900.0,200.0,0.0,120.0,39.7,120.1,39.6,80.5,75,6037.5,15737.75,-3206.25,61.62,-3267.87,0,-95723.54999999999,Candidate 2,"Causal 10D Breakout ATM Debit Spread (W200, Off0)",0
2021-06-11,2021-06-14,2021,2021-06-17,3,15.0,15799.35,15791.4,BULL_CALL,15800.0,16000.0,200.0,0.0,80.0,16.9,80.1,16.8,63.3,75,4747.5,15691.4,-4747.5,52.46,-4799.96,0,-100523.51,Candidate 2,"Causal 10D Breakout ATM Debit Spread (W200, Off0)",0
2021-07-01,2021-07-02,2021,2021-07-08,4,13.05,15680.0,15705.85,BEAR_PUT,15700.0,15500.0,200.0,0.0,93.55,26.2,93.65,26.1,67.55,50,3377.5,15727.9,-3377.5,51.7,-3429.2,0,-103952.70999999999,Candidate 2,"Causal 10D Breakout ATM Debit Spread (W200, Off0)",0
2021-07-07,2021-07-08,2021,2021-07-15,5,12.28,15879.65,15855.4,BULL_CALL,15850.0,16050.0,200.0,0.0,125.0,35.0,125.1,34.9,90.2,50,4510.0,15924.2,-800.0,60.04,-860.04,0,-104812.74999999999,Candidate 2,"Causal 10D Breakout ATM Debit Spread (W200, Off0)",0
2021-07-15,2021-07-16,2021,2021-07-22,3,12.59,15924.2,15958.35,BULL_CALL,15950.0,16150.0,200.0,0.0,82.0,18.0,82.1,17.9,64.2,50,3210.0,15824.05,-3210.0,50.84,-3260.84,0,-108073.58999999998,Candidate 2,"Causal 10D Breakout ATM Debit Spread (W200, Off0)",0
2021-07-20,2021-07-22,2021,2021-07-29,5,12.68,15632.1,15736.6,BEAR_PUT,15750.0,15550.0,200.0,0.0,124.0,47.2,124.1,47.1,77.0,50,3850.0,15778.45,-3850.0,53.92,-3903.92,0,-111977.50999999998,Candidate 2,"Causal 10D Breakout ATM Debit Spread (W200, Off0)",0
2021-08-03,2021-08-04,2021,2021-08-05,1,12.81,16130.75,16195.25,BULL_CALL,16200.0,16400.0,200.0,0.0,42.0,9.0,42.1,8.9,33.2,50,1660.0,16294.6,3070.0,57.76,3012.24,1,-108965.26999999997,Candidate 2,"Causal 10D Breakout ATM Debit Spread (W200, Off0)",0
2021-08-12,2021-08-13,2021,2021-08-18,3,12.71,16364.4,16385.7,BULL_CALL,16400.0,16600.0,200.0,0.0,75.0,14.4,75.1,14.3,60.8,50,3040.0,16568.85,5402.5,65.95,5336.55,1,-103628.71999999997,Candidate 2,"Causal 10D Breakout ATM Debit Spread (W200, Off0)",0
2021-08-24,2021-08-25,2021,2021-08-26,1,13.69,16624.6,16654.0,BULL_CALL,16650.0,16850.0,200.0,0.0,45.0,3.85,45.1,3.75,41.35,50,2067.5,16636.9,-2067.5,48.83,-2116.33,0,-105745.04999999997,Candidate 2,"Causal 10D Breakout ATM Debit Spread (W200, Off0)",0
2021-09-02,2021-09-03,2021,2021-09-09,4,14.19,17234.15,17262.45,BULL_CALL,17250.0,17450.0,200.0,0.0,130.0,79.0,130.1,78.9,51.2,50,2560.0,17369.25,3402.5,67.02,3335.48,1,-102409.56999999998,Candidate 2,"Causal 10D Breakout ATM Debit Spread (W200, Off0)",0
2021-09-14,2021-09-15,2021,2021-09-16,1,14.03,17380.0,17387.65,BULL_CALL,17400.0,17600.0,200.0,0.0,52.0,3.65,52.1,3.55,48.55,50,2427.5,17629.5,7572.5,71.03,7501.47,1,-94908.09999999998,Candidate 2,"Causal 10D Breakout ATM Debit Spread (W200, Off0)",0
2021-09-23,2021-09-24,2021,2021-09-30,4,16.49,17822.95,17897.45,BULL_CALL,17900.0,18100.0,200.0,0.0,120.8,58.5,120.9,58.4,62.5,50,3125.0,17618.15,-3125.0,54.51,-3179.51,0,-98087.60999999997,Candidate 2,"Causal 10D Breakout ATM Debit Spread (W200, Off0)",1
2021-10-08,2021-10-11,2021,2021-10-14,3,16.16,17895.2,17867.55,BULL_CALL,17850.0,18050.0,200.0,0.0,142.0,49.3,142.1,49.2,92.9,50,4645.0,18338.55,5355.0,108.11,5246.89,1,-92840.71999999997,Candidate 2,"Causal 10D Breakout ATM Debit Spread (W200, Off0)",1
2021-10-28,2021-10-29,2021,2021-11-03,3,16.83,17857.25,17833.05,BEAR_PUT,17850.0,17650.0,200.0,0.0,175.0,84.25,175.1,84.15,90.95,50,4547.5,17829.2,-3507.5,59.67,-3567.17,0,-96407.88999999997,Candidate 2,"Causal 10D Breakout ATM Debit Spread (W200, Off0)",1
2021-11-18,2021-11-22,2021,2021-11-25,3,14.98,17764.8,17796.25,BEAR_PUT,17800.0,17600.0,200.0,0.0,167.05,44.0,167.15,43.9,123.25,50,6162.5,17536.25,3837.5,81.23,3756.27,1,-92651.61999999997,Candidate 2,"Causal 10D Breakout ATM Debit Spread (W200, Off0)",1
2021-11-24,2021-11-25,2021,2021-12-02,5,18.02,17415.05,17417.3,BEAR_PUT,17400.0,17200.0,200.0,0.0,168.45,88.05,168.55,87.95,80.6,50,4030.0,17401.65,-4030.0,57.78,-4087.78,0,-96739.39999999997,Candidate 2,"Causal 10D Breakout ATM Debit Spread (W200, Off0)",1
2021-12-06,2021-12-07,2021,2021-12-09,2,18.46,16912.25,17044.1,BEAR_PUT,17050.0,16850.0,200.0,0.0,127.65,80.0,127.75,79.9,47.85,50,2392.5,17516.85,-2392.5,56.03,-2448.53,0,-99187.92999999996,Candidate 2,"Causal 10D Breakout ATM Debit Spread (W200, Off0)",1
2021-12-20,2021-12-21,2021,2021-12-23,2,16.34,16614.2,16773.15,BEAR_PUT,16750.0,16550.0,200.0,0.0,108.6,77.4,108.7,77.3,31.4,50,1570.0,17072.6,-1570.0,55.28,-1625.28,0,-100813.20999999996,Candidate 2,"Causal 10D Breakout ATM Debit Spread (W200, Off0)",1
2021-12-31,2022-01-03,2022,2022-01-06,3,16.57,17354.05,17387.15,BULL_CALL,17400.0,17600.0,200.0,0.0,110.0,32.95,110.1,32.85,77.25,50,3862.5,17745.9,6137.5,88.77,6048.73,1,-94764.47999999997,Candidate 2,"Causal 10D Breakout ATM Debit Spread (W200, Off0)",1
2022-01-10,2022-01-11,2022,2022-01-13,2,17.6,18003.3,17997.75,BULL_CALL,18000.0,18200.0,200.0,0.0,117.0,40.0,117.1,39.9,77.2,50,3860.0,18257.8,6140.0,78.7,6061.3,1,-88703.17999999996,Candidate 2,"Causal 10D Breakout ATM Debit Spread (W200, Off0)",1
2022-01-17,2022-01-18,2022,2022-01-20,2,16.56,18308.1,18337.2,BULL_CALL,18350.0,18550.0,200.0,0.0,86.9,23.0,87.0,22.9,64.1,50,3205.0,17757.0,-3205.0,51.29,-3256.29,0,-91959.46999999996,Candidate 2,"Causal 10D Breakout ATM Debit Spread (W200, Off0)",1
2022-01-27,2022-01-28,2022,2022-02-03,4,21.36,17110.15,17208.3,BEAR_PUT,17200.0,17000.0,200.0,0.0,251.05,169.95,251.15,169.85,81.3,50,4065.0,17560.2,-4065.0,65.33,-4130.33,0,-96089.79999999996,Candidate 2,"Causal 10D Breakout ATM Debit Spread (W200, Off0)",1
2022-02-14,2022-02-15,2022,2022-02-17,2,18.68,16842.8,16933.25,BEAR_PUT,16950.0,16750.0,200.0,0.0,173.6,144.65,173.7,144.55,29.15,50,1457.5,17304.6,-1457.5,61.38,-1518.88,0,-97608.67999999996,Candidate 2,"Causal 10D Breakout ATM Debit Spread (W200, Off0)",1
2022-03-29,2022-03-30,2022,2022-03-31,1,22.61,17325.3,17468.15,BULL_CALL,17450.0,17650.0,200.0,0.0,128.0,26.15,128.1,26.05,102.05,50,5102.5,17464.75,-4365.0,54.12,-4419.12,0,-102027.79999999996,Candidate 2,"Causal 10D Breakout ATM Debit Spread (W200, Off0)",1
2022-04-01,2022-04-04,2022,2022-04-07,3,20.56,17670.45,17809.1,BULL_CALL,17800.0,18000.0,200.0,0.0,93.5,30.25,93.6,30.15,63.45,50,3172.5,17639.55,-3172.5,51.94,-3224.44,0,-105252.23999999996,Candidate 2,"Causal 10D Breakout ATM Debit Spread (W200, Off0)",1
2022-04-18,2022-04-19,2022,2022-04-21,2,17.79,17173.65,17258.95,BEAR_PUT,17250.0,17050.0,200.0,0.0,121.75,45.4,121.85,45.3,76.55,50,3827.5,17392.6,-3827.5,53.74,-3881.24,0,-109133.47999999997,Candidate 2,"Causal 10D Breakout ATM Debit Spread (W200, Off0)",1
2022-04-25,2022-04-26,2022,2022-04-28,2,18.35,16953.95,17121.3,BEAR_PUT,17100.0,16900.0,200.0,0.0,90.0,62.0,90.1,61.9,28.2,50,1410.0,17245.05,-1410.0,53.76,-1463.76,0,-110597.23999999996,Candidate 2,"Causal 10D Breakout ATM Debit Spread (W200, Off0)",1
2022-05-04,2022-05-05,2022,2022-05-12,5,20.28,16677.6,16854.75,BEAR_PUT,16850.0,16650.0,200.0,0.0,226.95,150.0,227.05,149.9,77.15,50,3857.5,15808.0,6142.5,184.18,5958.32,1,-104638.91999999995,Candidate 2,"Causal 10D Breakout ATM Debit Spread (W200, Off0)",1
2022-05-27,2022-05-30,2022,2022-06-02,3,22.72,16352.45,16527.9,BULL_CALL,16550.0,16750.0,200.0,0.0,100.75,30.0,100.85,29.9,70.95,50,3547.5,16628.0,352.5,59.33,293.17,1,-104345.74999999996,Candidate 2,"Causal 10D Breakout ATM Debit Spread (W200, Off0)",1
2022-06-10,2022-06-13,2022,2022-06-16,3,19.14,16201.8,15877.55,BEAR_PUT,15900.0,15700.0,200.0,0.0,91.0,60.0,91.1,59.9,31.2,50,1560.0,15360.6,8440.0,113.36,8326.64,1,-96019.10999999996,Candidate 2,"Causal 10D Breakout ATM Debit Spread (W200, Off0)",1
2022-06-27,2022-06-28,2022,2022-06-30,2,20.55,15832.05,15757.45,BULL_CALL,15750.0,15950.0,200.0,0.0,125.1,66.6,125.2,66.5,58.7,50,2935.0,15780.25,-1422.5,57.92,-1480.42,0,-97499.52999999996,Candidate 2,"Causal 10D Breakout ATM Debit Spread (W200, Off0)",1
2022-07-06,2022-07-07,2022,2022-07-14,5,20.79,15989.8,16113.75,BULL_CALL,16100.0,16300.0,200.0,0.0,160.0,80.05,160.1,79.95,80.15,50,4007.5,15938.65,-4007.5,57.03,-4064.53,0,-101564.05999999995,Candidate 2,"Causal 10D Breakout ATM Debit Spread (W200, Off0)",1
2022-07-18,2022-07-19,2022,2022-07-21,2,17.6,16278.5,16187.05,BULL_CALL,16200.0,16400.0,200.0,0.0,89.95,21.0,90.05,20.9,69.15,50,3457.5,16605.25,6542.5,94.64,6447.86,1,-95116.19999999995,Candidate 2,"Causal 10D Breakout ATM Debit Spread (W200, Off0)",1
2022-07-28,2022-07-29,2022,2022-08-04,4,18.13,16929.6,17079.5,BULL_CALL,17100.0,17300.0,200.0,0.0,115.25,53.85,115.35,53.75,61.6,50,3080.0,17382.0,6920.0,82.44,6837.56,1,-88278.63999999996,Candidate 2,"Causal 10D Breakout ATM Debit Spread (W200, Off0)",1
2022-08-05,2022-08-08,2022,2022-08-11,2,19.26,17397.5,17401.5,BULL_CALL,17400.0,17600.0,200.0,0.0,129.95,42.1,130.05,42.0,88.05,50,4402.5,17659.0,5597.5,79.38,5518.12,1,-82760.51999999996,Candidate 2,"Causal 10D Breakout ATM Debit Spread (W200, Off0)",1
2022-08-29,2022-08-30,2022,2022-09-01,1,18.22,17312.9,17414.95,BEAR_PUT,17400.0,17200.0,200.0,0.0,99.0,50.0,99.1,49.9,49.2,50,2460.0,17542.8,-2460.0,53.31,-2513.31,0,-85273.82999999996,Candidate 2,"Causal 10D Breakout ATM Debit Spread (W200, Off0)",1
2022-09-08,2022-09-09,2022,2022-09-15,4,19.37,17798.75,17923.35,BULL_CALL,17900.0,18100.0,200.0,0.0,134.9,60.2,135.0,60.1,74.9,50,3745.0,17877.4,-3745.0,55.05,-3800.05,0,-89073.87999999996,Candidate 2,"Causal 10D Breakout ATM Debit Spread (W200, Off0)",1
2022-09-16,2022-09-19,2022,2022-09-22,3,18.39,17530.85,17540.65,BEAR_PUT,17550.0,17350.0,200.0,0.0,169.0,87.05,169.1,86.95,82.15,50,4107.5,17629.8,-4107.5,57.74,-4165.24,0,-93239.11999999997,Candidate 2,"Causal 10D Breakout ATM Debit Spread (W200, Off0)",1
2022-09-23,2022-09-26,2022,2022-09-29,3,18.82,17327.35,17156.3,BEAR_PUT,17150.0,16950.0,200.0,0.0,144.65,60.35,144.75,60.25,84.5,50,4225.0,16818.1,5775.0,89.81,5685.19,1,-87553.92999999996,Candidate 2,"Causal 10D Breakout ATM Debit Spread (W200, Off0)",1
2022-10-18,2022-10-19,2022,2022-10-20,1,18.42,17486.95,17568.15,BULL_CALL,17550.0,17750.0,200.0,0.0,77.4,11.65,77.5,11.55,65.95,50,3297.5,17563.95,-2600.0,51.59,-2651.59,0,-90205.51999999996,Candidate 2,"Causal 10D Breakout ATM Debit Spread (W200, Off0)",1
2022-10-27,2022-10-28,2022,2022-11-03,4,16.88,17736.95,17756.4,BULL_CALL,17750.0,17950.0,200.0,0.0,142.0,65.0,142.1,64.9,77.2,50,3860.0,18052.7,6140.0,86.46,6053.54,1,-84151.97999999997,Candidate 2,"Causal 10D Breakout ATM Debit Spread (W200, Off0)",1
2022-11-07,2022-11-09,2022,2022-11-10,1,15.66,18202.8,18288.25,BULL_CALL,18300.0,18500.0,200.0,0.0,55.0,7.4,55.1,7.3,47.8,50,2390.0,18028.2,-2390.0,49.36,-2439.36,0,-86591.33999999997,Candidate 2,"Causal 10D Breakout ATM Debit Spread (W200, Off0)",1
2022-11-11,2022-11-14,2022,2022-11-17,3,15.57,18349.7,18376.4,BULL_CALL,18400.0,18600.0,200.0,0.0,94.0,27.85,94.1,27.75,66.35,50,3317.5,18343.9,-3317.5,51.81,-3369.31,0,-89960.64999999997,Candidate 2,"Causal 10D Breakout ATM Debit Spread (W200, Off0)",1
2022-11-24,2022-11-25,2022,2022-12-01,4,14.04,18484.1,18528.45,BULL_CALL,18550.0,18750.0,200.0,0.0,98.9,27.65,99.0,27.55,71.45,50,3572.5,18812.5,6427.5,77.96,6349.54,1,-83611.10999999997,Candidate 2,"Causal 10D Breakout ATM Debit Spread (W200, Off0)",1
2022-12-09,2022-12-12,2022,2022-12-15,3,13.4,18496.6,18402.15,BEAR_PUT,18400.0,18200.0,200.0,0.0,69.0,18.75,69.1,18.65,50.45,50,2522.5,18414.9,-2522.5,50.48,-2572.98,0,-86184.08999999997,Candidate 2,"Causal 10D Breakout ATM Debit Spread (W200, Off0)",1
2022-12-15,2022-12-16,2022,2022-12-22,4,12.89,18414.9,18319.1,BEAR_PUT,18300.0,18100.0,200.0,0.0,90.0,44.65,90.1,44.55,45.55,50,2277.5,18127.35,6355.0,68.6,6286.4,1,-79897.68999999997,Candidate 2,"Causal 10D Breakout ATM Debit Spread (W200, Off0)",1
2022-12-21,2022-12-22,2022,2022-12-29,5,13.78,18199.1,18288.8,BEAR_PUT,18300.0,18100.0,200.0,0.0,159.75,67.0,159.85,66.9,92.95,50,4647.5,18191.0,802.5,66.27,736.23,1,-79161.45999999998,Candidate 2,"Causal 10D Breakout ATM Debit Spread (W200, Off0)",1
2023-01-12,2023-01-13,2023,2023-01-19,4,15.44,17858.2,17867.5,BEAR_PUT,17850.0,17650.0,200.0,0.0,124.25,53.0,124.35,52.9,71.45,50,3572.5,18107.85,-3572.5,54.28,-3626.78,0,-82788.23999999998,Candidate 2,"Causal 10D Breakout ATM Debit Spread (W200, Off0)",1
2023-01-18,2023-01-19,2023,2023-01-25,4,14.59,18165.35,18119.8,BULL_CALL,18100.0,18300.0,200.0,0.0,151.0,73.8,151.1,73.7,77.4,50,3870.0,17891.95,-3870.0,56.37,-3926.37,0,-86714.60999999997,Candidate 2,"Causal 10D Breakout ATM Debit Spread (W200, Off0)",1
2023-01-27,2023-01-30,2023,2023-02-02,3,14.66,17604.35,17541.95,BEAR_PUT,17550.0,17350.0,200.0,0.0,150.0,140.0,150.1,139.9,10.2,50,510.0,17610.4,-510.0,60.37,-570.37,0,-87284.97999999997,Candidate 2,"Causal 10D Breakout ATM Debit Spread (W200, Off0)",1
2023-02-09,2023-02-10,2023,2023-02-16,4,13.6,17893.45,17847.55,BULL_CALL,17850.0,18050.0,200.0,0.0,145.0,45.0,145.1,44.9,100.2,50,5010.0,18035.85,4282.5,71.55,4210.95,1,-83074.02999999997,Candidate 2,"Causal 10D Breakout ATM Debit Spread (W200, Off0)",1
2023-02-22,2023-02-23,2023,2023-03-02,5,14.01,17554.3,17574.65,BEAR_PUT,17550.0,17350.0,200.0,0.0,114.2,49.0,114.3,48.9,65.4,50,3270.0,17321.9,6730.0,75.55,6654.45,1,-76419.57999999997,Candidate 2,"Causal 10D Breakout ATM Debit Spread (W200, Off0)",1
2023-03-13,2023-03-14,2023,2023-03-16,2,13.41,17154.3,17160.55,BEAR_PUT,17150.0,16950.0,200.0,0.0,101.0,40.0,101.1,39.9,61.2,50,3060.0,16985.6,5160.0,67.9,5092.1,1,-71327.47999999997,Candidate 2,"Causal 10D Breakout ATM Debit Spread (W200, Off0)",1
2023-03-24,2023-03-27,2023,2023-03-29,2,14.49,16945.05,16984.3,BEAR_PUT,17000.0,16800.0,200.0,0.0,109.7,45.0,109.8,44.9,64.9,50,3245.0,17080.7,-3245.0,53.34,-3298.34,0,-74625.81999999996,Candidate 2,"Causal 10D Breakout ATM Debit Spread (W200, Off0)",1
2023-03-31,2023-04-03,2023,2023-04-06,2,13.63,17359.75,17427.95,BULL_CALL,17450.0,17650.0,200.0,0.0,58.95,10.65,59.05,10.55,48.5,50,2425.0,17599.15,5032.5,63.41,4969.09,1,-69656.72999999997,Candidate 2,"Causal 10D Breakout ATM Debit Spread (W200, Off0)",1
2023-04-27,2023-04-28,2023,2023-05-04,3,11.65,17915.05,17950.4,BULL_CALL,17950.0,18150.0,200.0,0.0,99.0,19.95,99.1,19.85,79.25,50,3962.5,18255.8,6037.5,82.76,5954.74,1,-63701.98999999997,Candidate 2,"Causal 10D Breakout ATM Debit Spread (W200, Off0)",1
2023-05-04,2023-05-05,2023,2023-05-11,4,11.84,18255.8,18117.3,BULL_CALL,18100.0,18300.0,200.0,0.0,135.0,40.05,135.1,39.95,95.15,50,4757.5,18297.0,5092.5,71.96,5020.54,1,-58681.44999999997,Candidate 2,"Causal 10D Breakout ATM Debit Spread (W200, Off0)",1
2023-05-15,2023-05-16,2023,2023-05-18,2,12.85,18398.85,18432.35,BULL_CALL,18450.0,18650.0,200.0,0.0,55.0,5.05,55.1,4.95,50.15,50,2507.5,18129.95,-2507.5,49.21,-2556.71,0,-61238.15999999997,Candidate 2,"Causal 10D Breakout ATM Debit Spread (W200, Off0)",1
2023-05-26,2023-05-29,2023,2023-06-01,3,12.52,18499.35,18619.15,BULL_CALL,18600.0,18800.0,200.0,0.0,87.0,10.0,87.1,9.9,77.2,50,3860.0,18487.75,-3860.0,50.51,-3910.51,0,-65148.66999999997,Candidate 2,"Causal 10D Breakout ATM Debit Spread (W200, Off0)",1
2023-06-07,2023-06-08,2023,2023-06-15,5,11.38,18726.4,18725.35,BULL_CALL,18750.0,18950.0,200.0,0.0,104.1,28.45,104.2,28.35,75.85,50,3792.5,18688.1,-3792.5,52.16,-3844.66,0,-68993.32999999997,Candidate 2,"Causal 10D Breakout ATM Debit Spread (W200, Off0)",1
2023-06-14,2023-06-15,2023,2023-06-22,5,11.11,18755.9,18774.45,BULL_CALL,18750.0,18950.0,200.0,0.0,128.0,38.05,128.1,37.95,90.15,50,4507.5,18771.25,-3445.0,55.44,-3500.44,0,-72493.76999999997,Candidate 2,"Causal 10D Breakout ATM Debit Spread (W200, Off0)",1
2023-06-28,2023-06-30,2023,2023-07-06,4,10.78,18972.1,19076.85,BULL_CALL,19100.0,19300.0,200.0,0.0,61.6,10.35,61.7,10.25,51.45,50,2572.5,19497.3,7427.5,92.15,7335.35,1,-65158.41999999998,Candidate 2,"Causal 10D Breakout ATM Debit Spread (W200, Off0)",1
2023-07-14,2023-07-17,2023,2023-07-20,3,10.94,19564.5,19612.15,BULL_CALL,19600.0,19800.0,200.0,0.0,82.0,15.95,82.1,15.85,66.25,50,3312.5,19979.15,6687.5,90.91,6596.59,1,-58561.82999999997,Candidate 2,"Causal 10D Breakout ATM Debit Spread (W200, Off0)",1
2023-08-02,2023-08-03,2023,2023-08-10,5,10.28,19526.55,19463.75,BEAR_PUT,19450.0,19250.0,200.0,0.0,104.95,39.85,105.05,39.75,65.3,50,3265.0,19543.1,-3265.0,52.88,-3317.88,0,-61879.70999999997,Candidate 2,"Causal 10D Breakout ATM Debit Spread (W200, Off0)",1
2023-08-17,2023-08-18,2023,2023-08-24,4,12.13,19365.25,19301.75,BEAR_PUT,19300.0,19100.0,200.0,0.0,95.0,28.55,95.1,28.45,66.65,50,3332.5,19386.7,-3332.5,51.88,-3384.38,0,-65264.08999999997,Candidate 2,"Causal 10D Breakout ATM Debit Spread (W200, Off0)",1
2023-08-25,2023-08-28,2023,2023-08-31,3,11.7,19265.8,19298.35,BEAR_PUT,19300.0,19100.0,200.0,0.0,109.9,33.0,110.0,32.9,77.1,50,3855.0,19253.8,-1545.0,56.87,-1601.87,0,-66865.95999999996,Candidate 2,"Causal 10D Breakout ATM Debit Spread (W200, Off0)",1
2023-08-31,2023-09-01,2023,2023-09-07,4,11.8,19253.8,19258.15,BEAR_PUT,19250.0,19050.0,200.0,0.0,70.0,24.0,70.1,23.9,46.2,50,2310.0,19727.05,-2310.0,50.83,-2360.83,0,-69226.78999999996,Candidate 2,"Causal 10D Breakout ATM Debit Spread (W200, Off0)",1
2023-09-13,2023-09-14,2023,2023-09-21,4,11.69,20070.0,20127.95,BULL_CALL,20150.0,20350.0,200.0,0.0,105.4,38.5,105.5,38.4,67.1,50,3355.0,19742.35,-3355.0,52.81,-3407.81,0,-72634.59999999996,Candidate 2,"Causal 10D Breakout ATM Debit Spread (W200, Off0)",1
2023-09-22,2023-09-25,2023,2023-09-28,3,10.82,19674.25,19678.2,BEAR_PUT,19700.0,19500.0,200.0,0.0,80.0,29.0,80.1,28.9,51.2,50,2560.0,19523.55,6262.5,67.69,6194.81,1,-66439.78999999996,Candidate 2,"Causal 10D Breakout ATM Debit Spread (W200, Off0)",1
2023-09-28,2023-09-29,2023,2023-10-05,3,11.59,19523.55,19581.2,BEAR_PUT,19600.0,19400.0,200.0,0.0,130.0,45.0,130.1,44.9,85.2,50,4260.0,19545.75,-1547.5,58.97,-1606.47,0,-68046.25999999997,Candidate 2,"Causal 10D Breakout ATM Debit Spread (W200, Off0)",1
2023-10-04,2023-10-05,2023,2023-10-12,5,11.79,19436.1,19521.85,BEAR_PUT,19500.0,19300.0,200.0,0.0,104.55,44.0,104.65,43.9,60.75,50,3037.5,19794.0,-3037.5,53.12,-3090.62,0,-71136.87999999996,Candidate 2,"Causal 10D Breakout ATM Debit Spread (W200, Off0)",1
2023-10-11,2023-10-12,2023,2023-10-19,5,11.27,19811.35,19822.7,BULL_CALL,19800.0,20000.0,200.0,0.0,147.55,51.0,147.65,50.9,96.75,50,4837.5,19624.7,-4837.5,54.88,-4892.38,0,-76029.25999999997,Candidate 2,"Causal 10D Breakout ATM Debit Spread (W200, Off0)",1
2023-10-23,2023-10-25,2023,2023-10-26,1,10.82,19281.75,19286.45,BEAR_PUT,19300.0,19100.0,200.0,0.0,107.0,25.2,107.1,25.1,82.0,50,4100.0,18857.25,5900.0,99.99,5800.01,1,-70229.24999999997,Candidate 2,"Causal 10D Breakout ATM Debit Spread (W200, Off0)",1
2023-11-08,2023-11-09,2023,2023-11-16,4,11.19,19443.5,19457.4,BULL_CALL,19450.0,19650.0,200.0,0.0,110.05,34.95,110.15,34.85,75.3,50,3765.0,19765.2,6235.0,85.16,6149.84,1,-64079.409999999974,Candidate 2,"Causal 10D Breakout ATM Debit Spread (W200, Off0)",1
2023-11-21,2023-11-22,2023,2023-11-23,1,12.15,19783.4,19784.0,BULL_CALL,19800.0,20000.0,200.0,0.0,60.0,9.0,60.1,8.9,51.2,50,2560.0,19802.0,-2460.0,49.79,-2509.79,0,-66589.19999999997,Candidate 2,"Causal 10D Breakout ATM Debit Spread (W200, Off0)",1
2023-11-28,2023-11-29,2023,2023-11-30,1,11.33,19889.7,19976.55,BULL_CALL,20000.0,20200.0,200.0,0.0,53.35,3.0,53.45,2.9,50.55,50,2527.5,20133.15,4130.0,61.29,4068.71,1,-62520.48999999997,Candidate 2,"Causal 10D Breakout ATM Debit Spread (W200, Off0)",1
2023-12-08,2023-12-11,2023,2023-12-14,3,12.67,20969.4,20965.3,BULL_CALL,20950.0,21150.0,200.0,0.0,150.0,54.2,150.1,54.1,96.0,50,4800.0,21182.7,5200.0,77.54,5122.46,1,-57398.02999999997,Candidate 2,"Causal 10D Breakout ATM Debit Spread (W200, Off0)",1
2023-12-14,2023-12-15,2023,2023-12-21,4,12.07,21182.7,21287.45,BULL_CALL,21300.0,21500.0,200.0,0.0,135.6,50.4,135.7,50.3,85.4,50,4270.0,21255.05,-4270.0,54.47,-4324.47,0,-61722.49999999997,Candidate 2,"Causal 10D Breakout ATM Debit Spread (W200, Off0)",1
2023-12-27,2023-12-28,2023,2024-01-04,5,14.68,21654.75,21715.0,BULL_CALL,21700.0,21900.0,200.0,0.0,218.0,131.85,218.1,131.75,86.35,50,4317.5,21658.6,-4317.5,61.99,-4379.49,0,-66101.98999999998,Candidate 2,"Causal 10D Breakout ATM Debit Spread (W200, Off0)",1
2024-01-12,2024-01-15,2024,2024-01-18,3,12.77,21894.55,22053.15,BULL_CALL,22050.0,22250.0,200.0,0.0,114.95,60.0,115.05,59.9,55.15,50,2757.5,21462.25,-2757.5,54.42,-2811.92,0,-68913.90999999997,Candidate 2,"Causal 10D Breakout ATM Debit Spread (W200, Off0)",1
2024-01-18,2024-01-19,2024,2024-01-25,3,15.08,21462.25,21615.2,BEAR_PUT,21600.0,21400.0,200.0,0.0,154.65,71.0,154.75,70.9,83.85,50,4192.5,21352.6,5807.5,80.49,5727.01,1,-63186.89999999997,Candidate 2,"Causal 10D Breakout ATM Debit Spread (W200, Off0)",1
2024-02-02,2024-02-05,2024,2024-02-08,3,14.46,21853.8,21921.05,BULL_CALL,21900.0,22100.0,200.0,0.0,162.6,67.25,162.7,67.15,95.55,50,4777.5,21717.95,-4777.5,56.34,-4833.84,0,-68020.73999999998,Candidate 2,"Causal 10D Breakout ATM Debit Spread (W200, Off0)",1
2024-02-16,2024-02-19,2024,2024-02-22,3,15.23,22040.7,22103.45,BULL_CALL,22100.0,22300.0,200.0,0.0,155.0,55.5,155.1,55.4,99.7,50,4985.0,22217.45,887.5,66.2,821.3,1,-67199.43999999997,Candidate 2,"Causal 10D Breakout ATM Debit Spread (W200, Off0)",1
2024-02-22,2024-02-23,2024,2024-02-29,4,15.93,22217.45,22290.0,BULL_CALL,22300.0,22500.0,200.0,0.0,150.5,74.0,150.6,73.9,76.7,50,3835.0,21982.8,-3835.0,56.37,-3891.37,0,-71090.80999999997,Candidate 2,"Causal 10D Breakout ATM Debit Spread (W200, Off0)",1
2024-03-01,2024-03-04,2024,2024-03-07,3,15.57,22338.75,22403.5,BULL_CALL,22400.0,22600.0,200.0,0.0,150.95,58.85,151.05,58.75,92.3,50,4615.0,22493.55,62.5,64.08,-1.58,0,-71092.38999999997,Candidate 2,"Causal 10D Breakout ATM Debit Spread (W200, Off0)",1
2024-03-06,2024-03-07,2024,2024-03-14,4,14.38,22474.05,22505.3,BULL_CALL,22500.0,22700.0,200.0,0.0,198.95,85.95,199.05,85.85,113.2,50,5660.0,22146.65,-5660.0,58.6,-5718.6,0,-76810.98999999998,Candidate 2,"Causal 10D Breakout ATM Debit Spread (W200, Off0)",1
2024-03-19,2024-03-20,2024,2024-03-21,1,13.9,21817.45,21843.9,BEAR_PUT,21850.0,21650.0,200.0,0.0,90.0,40.0,90.1,39.9,50.2,50,2510.0,22011.95,-2510.0,52.42,-2562.42,0,-79373.40999999997,Candidate 2,"Causal 10D Breakout ATM Debit Spread (W200, Off0)",1
2024-03-28,2024-04-01,2024,2024-04-04,3,12.7,22326.9,22455.0,BULL_CALL,22450.0,22650.0,200.0,0.0,102.0,42.85,102.1,42.75,59.35,50,2967.5,22514.65,265.0,58.92,206.08,1,-79167.32999999997,Candidate 2,"Causal 10D Breakout ATM Debit Spread (W200, Off0)",1
2024-04-04,2024-04-05,2024,2024-04-10,3,11.37,22514.65,22486.4,BULL_CALL,22500.0,22700.0,200.0,0.0,140.0,54.75,140.1,54.65,85.45,50,4272.5,22753.8,5727.5,79.83,5647.67,1,-73519.65999999997,Candidate 2,"Causal 10D Breakout ATM Debit Spread (W200, Off0)",1
2024-04-10,2024-04-12,2024,2024-04-18,3,11.36,22753.8,22677.4,BULL_CALL,22700.0,22900.0,200.0,0.0,145.0,53.95,145.1,53.85,91.25,50,4562.5,21995.85,-4562.5,54.98,-4617.48,0,-78137.13999999997,Candidate 2,"Causal 10D Breakout ATM Debit Spread (W200, Off0)",1
2024-04-29,2024-04-30,2024,2024-05-02,1,10.93,22643.4,22679.65,BULL_CALL,22700.0,22900.0,200.0,0.0,89.0,15.1,89.1,15.0,74.1,25,1852.5,22648.2,-1852.5,49.04,-1901.54,0,-80038.67999999996,Candidate 2,"Causal 10D Breakout ATM Debit Spread (W200, Off0)",1
2024-05-02,2024-05-03,2024,2024-05-09,4,12.87,22648.2,22766.35,BULL_CALL,22750.0,22950.0,200.0,0.0,151.05,78.8,151.15,78.7,72.45,25,1811.25,21957.5,-1811.25,51.94,-1863.19,0,-81901.86999999997,Candidate 2,"Causal 10D Breakout ATM Debit Spread (W200, Off0)",1
2024-05-09,2024-05-10,2024,2024-05-16,4,17.08,21957.5,21990.95,BEAR_PUT,22000.0,21800.0,200.0,0.0,159.9,90.05,160.0,89.95,70.05,25,1751.25,22403.85,-1751.25,52.42,-1803.67,0,-83705.53999999996,Candidate 2,"Causal 10D Breakout ATM Debit Spread (W200, Off0)",1
2024-05-21,2024-05-22,2024,2024-05-23,1,19.8,22529.05,22576.6,BULL_CALL,22600.0,22800.0,200.0,0.0,70.0,17.95,70.1,17.85,52.25,25,1306.25,22967.65,3693.75,68.23,3625.52,1,-80080.01999999996,Candidate 2,"Causal 10D Breakout ATM Debit Spread (W200, Off0)",1
2024-06-07,2024-06-10,2024,2024-06-13,3,16.8,23290.15,23319.15,BULL_CALL,23300.0,23500.0,200.0,0.0,209.9,120.0,210.0,119.9,90.1,25,2252.5,23398.9,220.0,58.66,161.34,1,-79918.67999999996,Candidate 2,"Causal 10D Breakout ATM Debit Spread (W200, Off0)",1
2024-06-12,2024-06-13,2024,2024-06-20,4,14.77,23322.95,23480.95,BULL_CALL,23500.0,23700.0,200.0,0.0,146.4,83.0,146.5,82.9,63.6,25,1590.0,23567.0,85.0,55.08,29.92,1,-79888.75999999997,Candidate 2,"Causal 10D Breakout ATM Debit Spread (W200, Off0)",1
2024-06-20,2024-06-21,2024,2024-06-27,4,13.71,23567.0,23661.15,BULL_CALL,23650.0,23850.0,200.0,0.0,116.2,44.0,116.3,43.9,72.4,25,1810.0,24044.5,3190.0,71.37,3118.63,1,-76770.12999999996,Candidate 2,"Causal 10D Breakout ATM Debit Spread (W200, Off0)",1
2024-07-01,2024-07-02,2024,2024-07-04,2,13.8,24141.95,24228.75,BULL_CALL,24250.0,24450.0,200.0,0.0,87.6,22.55,87.7,22.45,65.25,25,1631.25,24302.15,-327.5,51.64,-379.14,0,-77149.26999999996,Candidate 2,"Causal 10D Breakout ATM Debit Spread (W200, Off0)",1
2024-07-03,2024-07-04,2024,2024-07-11,5,13.64,24286.5,24369.95,BULL_CALL,24350.0,24550.0,200.0,0.0,192.0,73.1,192.1,73.0,119.1,25,2977.5,24315.95,-2977.5,52.4,-3029.9,0,-80179.16999999995,Candidate 2,"Causal 10D Breakout ATM Debit Spread (W200, Off0)",1
2024-07-12,2024-07-15,2024,2024-07-18,2,14.0,24502.15,24587.6,BULL_CALL,24600.0,24800.0,200.0,0.0,104.75,30.0,104.85,29.9,74.95,25,1873.75,24800.85,3126.25,58.99,3067.26,1,-77111.90999999996,Candidate 2,"Causal 10D Breakout ATM Debit Spread (W200, Off0)",1
2024-07-26,2024-07-29,2024,2024-08-01,3,12.62,24834.85,24943.3,BULL_CALL,24950.0,25150.0,200.0,0.0,131.65,50.0,131.75,49.9,81.85,25,2046.25,25010.9,-523.75,53.57,-577.32,0,-77689.22999999997,Candidate 2,"Causal 10D Breakout ATM Debit Spread (W200, Off0)",1
2024-08-05,2024-08-06,2024,2024-08-08,2,14.32,24055.6,24189.85,BEAR_PUT,24200.0,24000.0,200.0,0.0,142.0,135.0,142.1,134.9,7.2,25,180.0,24117.0,1895.0,57.33,1837.67,1,-75851.55999999997,Candidate 2,"Causal 10D Breakout ATM Debit Spread (W200, Off0)",1
2024-08-20,2024-08-21,2024,2024-08-22,1,14.32,24698.85,24680.55,BULL_CALL,24700.0,24900.0,200.0,0.0,78.3,13.9,78.4,13.8,64.6,25,1615.0,24811.5,1172.5,53.97,1118.53,1,-74733.02999999997,Candidate 2,"Causal 10D Breakout ATM Debit Spread (W200, Off0)",1
2024-09-12,2024-09-13,2024,2024-09-19,4,13.63,25388.9,25430.45,BULL_CALL,25450.0,25650.0,200.0,0.0,99.0,41.0,99.1,40.9,58.2,25,1455.0,25415.8,-1455.0,49.98,-1504.98,0,-76238.00999999997,Candidate 2,"Causal 10D Breakout ATM Debit Spread (W200, Off0)",1
2024-09-20,2024-09-23,2024,2024-09-26,3,12.47,25790.95,25872.55,BULL_CALL,25850.0,26050.0,200.0,0.0,125.0,60.0,125.1,59.9,65.2,25,1630.0,26216.05,3370.0,70.27,3299.73,1,-72938.27999999997,Candidate 2,"Causal 10D Breakout ATM Debit Spread (W200, Off0)",1
2024-10-03,2024-10-04,2024,2024-10-10,4,11.99,25250.1,25181.9,BEAR_PUT,25200.0,25000.0,200.0,0.0,135.1,82.15,135.2,82.05,53.15,25,1328.75,24998.45,3671.25,61.86,3609.39,1,-69328.88999999997,Candidate 2,"Causal 10D Breakout ATM Debit Spread (W200, Off0)",1
2024-10-17,2024-10-18,2024,2024-10-24,4,13.05,24749.85,24664.95,BEAR_PUT,24650.0,24450.0,200.0,0.0,136.0,82.65,136.1,82.55,53.55,25,1338.75,24399.4,3661.25,64.88,3596.37,1,-65732.51999999997,Candidate 2,"Causal 10D Breakout ATM Debit Spread (W200, Off0)",1
2024-11-04,2024-11-05,2024,2024-11-07,2,15.9,23995.35,23916.5,BEAR_PUT,23900.0,23700.0,200.0,0.0,160.0,100.0,160.1,99.9,60.2,25,1505.0,24199.35,-1505.0,53.66,-1558.66,0,-67291.17999999998,Candidate 2,"Causal 10D Breakout ATM Debit Spread (W200, Off0)",1
2024-11-06,2024-11-07,2024,2024-11-14,5,16.12,24484.05,24489.6,BULL_CALL,24500.0,24700.0,200.0,0.0,200.0,118.75,200.1,118.65,81.45,25,2036.25,23532.7,-2036.25,55.03,-2091.28,0,-69382.45999999998,Candidate 2,"Causal 10D Breakout ATM Debit Spread (W200, Off0)",1
2024-11-21,2024-11-22,2024,2024-11-28,4,15.66,23349.9,23411.8,BEAR_PUT,23400.0,23200.0,200.0,0.0,188.55,116.55,188.65,116.45,72.2,25,1805.0,23914.15,-1805.0,54.76,-1859.76,0,-71242.21999999997,Candidate 2,"Causal 10D Breakout ATM Debit Spread (W200, Off0)",1
2024-11-27,2024-11-28,2024,2024-12-05,5,15.31,24274.9,24274.15,BULL_CALL,24250.0,24450.0,200.0,0.0,234.9,128.0,235.0,127.9,107.1,25,2677.5,24708.4,2322.5,80.86,2241.64,1,-69000.57999999997,Candidate 2,"Causal 10D Breakout ATM Debit Spread (W200, Off0)",1
2024-12-13,2024-12-16,2024,2024-12-19,3,13.19,24768.3,24753.4,BULL_CALL,24750.0,24950.0,200.0,0.0,121.95,72.0,122.05,71.9,50.15,25,1253.75,23951.7,-1253.75,51.96,-1305.71,0,-70306.28999999998,Candidate 2,"Causal 10D Breakout ATM Debit Spread (W200, Off0)",1
2025-01-09,2025-01-10,2025,2025-01-16,4,14.47,23526.5,23551.9,BEAR_PUT,23550.0,23350.0,200.0,0.0,174.95,98.0,175.05,97.9,77.15,75,5786.25,23311.8,9213.75,101.62,9112.13,1,-61194.15999999998,Candidate 2,"Causal 10D Breakout ATM Debit Spread (W200, Off0)",1
2025-01-21,2025-01-22,2025,2025-01-23,1,16.42,23024.65,23099.15,BEAR_PUT,23100.0,22900.0,200.0,0.0,100.0,48.0,100.1,47.9,52.2,75,3915.0,23205.35,-3915.0,57.58,-3972.58,0,-65166.73999999998,Candidate 2,"Causal 10D Breakout ATM Debit Spread (W200, Off0)",1
2025-01-27,2025-01-28,2025,2025-01-30,2,16.75,22829.15,22960.45,BEAR_PUT,22950.0,22750.0,200.0,0.0,158.25,82.35,158.35,82.25,76.1,25,1902.5,23249.5,-1902.5,52.93,-1955.43,0,-67122.16999999998,Candidate 2,"Causal 10D Breakout ATM Debit Spread (W200, Off0)",1
2025-01-31,2025-02-03,2025,2025-02-06,3,17.39,23508.4,23319.35,BULL_CALL,23300.0,23500.0,200.0,0.0,198.0,98.2,198.1,98.1,100.0,75,7500.0,23603.35,7500.0,114.61,7385.39,1,-59736.779999999984,Candidate 2,"Causal 10D Breakout ATM Debit Spread (W200, Off0)",1
2025-02-12,2025-02-13,2025,2025-02-20,5,14.87,23045.25,23055.75,BEAR_PUT,23050.0,22850.0,200.0,0.0,177.4,105.1,177.5,105.0,72.5,75,5437.5,22913.15,4826.25,86.9,4739.35,1,-54997.429999999986,Candidate 2,"Causal 10D Breakout ATM Debit Spread (W200, Off0)",1
2025-02-20,2025-02-21,2025,2025-02-27,3,15.42,22913.15,22857.2,BEAR_PUT,22850.0,22650.0,200.0,0.0,133.3,75.0,133.4,74.9,58.5,75,4387.5,22545.05,10612.5,109.12,10503.38,1,-44494.04999999999,Candidate 2,"Causal 10D Breakout ATM Debit Spread (W200, Off0)",1
2025-03-18,2025-03-19,2025,2025-03-20,1,13.42,22834.3,22874.95,BULL_CALL,22850.0,23050.0,200.0,0.0,103.0,23.5,103.1,23.4,79.7,75,5977.5,23190.65,9022.5,108.07,8914.43,1,-35579.61999999999,Candidate 2,"Causal 10D Breakout ATM Debit Spread (W200, Off0)",1
2025-04-04,2025-04-07,2025,2025-04-09,2,13.6,22904.45,21758.4,BEAR_PUT,21750.0,21550.0,200.0,0.0,203.25,150.0,203.35,149.9,53.45,75,4008.75,22399.15,-4008.75,74.56,-4083.31,0,-39662.929999999986,Candidate 2,"Causal 10D Breakout ATM Debit Spread (W200, Off0)",1
2025-04-17,2025-04-21,2025,2025-04-24,3,15.87,23851.65,23949.15,BULL_CALL,23950.0,24150.0,200.0,0.0,150.4,95.0,150.5,94.9,55.6,75,4170.0,24246.7,10830.0,110.8,10719.2,1,-28943.729999999985,Candidate 2,"Causal 10D Breakout ATM Debit Spread (W200, Off0)",1
2025-04-29,2025-04-30,2025,2025-05-08,5,16.94,24335.95,24342.05,BULL_CALL,24350.0,24550.0,200.0,0.0,226.5,121.65,226.6,121.55,105.05,75,7878.75,24273.8,-7878.75,72.26,-7951.01,0,-36894.73999999998,Candidate 2,"Causal 10D Breakout ATM Debit Spread (W200, Off0)",1
2025-05-09,2025-05-12,2025,2025-05-15,3,21.01,24008.0,24420.1,BEAR_PUT,24400.0,24200.0,200.0,0.0,180.05,180.0,180.15,179.9,0.25,75,18.75,25062.1,-18.75,77.06,-95.81,0,-36990.54999999998,Candidate 2,"Causal 10D Breakout ATM Debit Spread (W200, Off0)",1
2025-05-15,2025-05-16,2025,2025-05-22,4,17.23,25062.1,25064.65,BULL_CALL,25050.0,25250.0,200.0,0.0,194.05,105.35,194.15,105.25,88.9,75,6667.5,24609.7,-6667.5,68.81,-6736.31,0,-43726.85999999998,Candidate 2,"Causal 10D Breakout ATM Debit Spread (W200, Off0)",1
2025-06-03,2025-06-04,2025,2025-06-05,1,17.16,24542.5,24560.45,BEAR_PUT,24550.0,24350.0,200.0,0.0,127.4,44.0,127.5,43.9,83.6,75,6270.0,24750.9,-6270.0,58.38,-6328.38,0,-50055.239999999976,Candidate 2,"Causal 10D Breakout ATM Debit Spread (W200, Off0)",1
2025-06-06,2025-06-09,2025,2025-06-12,3,15.08,25003.05,25160.1,BULL_CALL,25150.0,25350.0,200.0,0.0,143.95,73.0,144.05,72.9,71.15,75,5336.25,24888.2,-5336.25,62.61,-5398.86,0,-55454.09999999998,Candidate 2,"Causal 10D Breakout ATM Debit Spread (W200, Off0)",1
2025-06-25,2025-06-26,2025,2025-07-03,5,13.64,25244.75,25268.95,BULL_CALL,25250.0,25450.0,200.0,0.0,190.9,100.0,191.0,99.9,91.1,75,6832.5,25405.3,4815.0,89.47,4725.53,1,-50728.56999999998,Candidate 2,"Causal 10D Breakout ATM Debit Spread (W200, Off0)",1
2025-07-10,2025-07-11,2025,2025-07-17,4,11.94,25355.25,25255.5,BEAR_PUT,25250.0,25050.0,200.0,0.0,103.0,54.95,103.1,54.85,48.25,75,3618.75,25111.45,6772.5,77.68,6694.82,1,-44033.74999999998,Candidate 2,"Causal 10D Breakout ATM Debit Spread (W200, Off0)",1
2025-07-18,2025-07-21,2025,2025-07-24,3,11.24,24968.4,24999.0,BEAR_PUT,25000.0,24800.0,200.0,0.0,120.0,53.8,120.1,53.7,66.4,75,4980.0,25062.1,-4980.0,59.2,-5039.2,0,-49072.949999999975,Candidate 2,"Causal 10D Breakout ATM Debit Spread (W200, Off0)",1
2025-07-25,2025-07-28,2025,2025-07-31,3,10.72,24837.0,24782.45,BEAR_PUT,24800.0,24600.0,200.0,0.0,98.45,49.0,98.55,48.9,49.65,75,3723.75,24768.35,-1350.0,62.0,-1412.0,0,-50484.949999999975,Candidate 2,"Causal 10D Breakout ATM Debit Spread (W200, Off0)",1
2025-08-01,2025-08-04,2025,2025-08-07,3,11.54,24565.35,24596.05,BEAR_PUT,24600.0,24400.0,200.0,0.0,151.2,78.2,151.3,78.1,73.2,75,5490.0,24596.15,-5201.25,64.1,-5265.35,0,-55750.299999999974,Candidate 2,"Causal 10D Breakout ATM Debit Spread (W200, Off0)",1
2025-08-08,2025-08-11,2025,2025-08-14,3,11.69,24363.3,24371.5,BEAR_PUT,24350.0,24150.0,200.0,0.0,105.0,47.2,105.1,47.1,58.0,75,4350.0,24631.3,-4350.0,57.72,-4407.72,0,-60158.019999999975,Candidate 2,"Causal 10D Breakout ATM Debit Spread (W200, Off0)",1
2025-08-18,2025-08-19,2025,2025-08-21,2,12.36,24876.95,24891.35,BULL_CALL,24900.0,25100.0,200.0,0.0,130.65,44.55,130.75,44.45,86.3,75,6472.5,25083.75,7308.75,83.97,7224.78,1,-52933.239999999976,Candidate 2,"Causal 10D Breakout ATM Debit Spread (W200, Off0)",1
2025-08-29,2025-09-01,2025,2025-09-02,1,12.18,24426.85,24432.7,BEAR_PUT,24450.0,24250.0,200.0,0.0,65.0,18.9,65.1,18.8,46.3,75,3472.5,24579.6,-3472.5,52.48,-3524.98,0,-56458.21999999998,Candidate 2,"Causal 10D Breakout ATM Debit Spread (W200, Off0)",1
2025-09-10,2025-09-11,2025,2025-09-16,3,10.69,24973.1,24945.5,BULL_CALL,24950.0,25150.0,200.0,0.0,154.55,58.0,154.65,57.9,96.75,75,7256.25,25239.1,7743.75,105.19,7638.56,1,-48819.65999999998,Candidate 2,"Causal 10D Breakout ATM Debit Spread (W200, Off0)",1
2025-09-16,2025-09-17,2025,2025-09-23,4,10.4,25239.1,25276.6,BULL_CALL,25300.0,25500.0,200.0,0.0,133.0,55.35,133.1,55.25,77.85,75,5838.75,25169.5,-5838.75,59.99,-5898.74,0,-54718.39999999998,Candidate 2,"Causal 10D Breakout ATM Debit Spread (W200, Off0)",1
2025-09-25,2025-09-26,2025,2025-09-30,2,10.52,24890.85,24818.55,BEAR_PUT,24800.0,24600.0,200.0,0.0,51.4,15.55,51.5,15.45,36.05,75,2703.75,24611.1,11463.75,77.53,11386.22,1,-43332.17999999998,Candidate 2,"Causal 10D Breakout ATM Debit Spread (W200, Off0)",1
2025-10-09,2025-10-10,2025,2025-10-14,2,10.31,25181.8,25167.65,BULL_CALL,25150.0,25350.0,200.0,0.0,117.05,33.8,117.15,33.7,83.45,75,6258.75,25145.5,-6258.75,56.68,-6315.43,0,-49647.60999999998,Candidate 2,"Causal 10D Breakout ATM Debit Spread (W200, Off0)",1
2025-10-15,2025-10-16,2025,2025-10-20,2,11.16,25323.55,25394.9,BULL_CALL,25400.0,25600.0,200.0,0.0,100.8,28.35,100.9,28.25,72.65,75,5448.75,25843.15,9551.25,127.25,9424.0,1,-40223.60999999998,Candidate 2,"Causal 10D Breakout ATM Debit Spread (W200, Off0)",1
2025-10-27,2025-10-28,2025,2025-11-04,5,11.59,25966.05,25939.95,BULL_CALL,25950.0,26150.0,200.0,0.0,248.75,145.1,248.85,145.0,103.85,75,7788.75,25597.65,-7788.75,76.1,-7864.85,0,-48088.45999999998,Candidate 2,"Causal 10D Breakout ATM Debit Spread (W200, Off0)",1
2025-11-04,2025-11-06,2025,2025-11-11,3,12.67,25597.65,25593.35,BEAR_PUT,25600.0,25400.0,200.0,0.0,123.05,59.0,123.15,58.9,64.25,75,4818.75,25694.95,-4818.75,59.97,-4878.72,0,-52967.17999999998,Candidate 2,"Causal 10D Breakout ATM Debit Spread (W200, Off0)",1
2025-11-14,2025-11-17,2025,2025-11-18,1,12.16,25910.05,25948.2,BULL_CALL,25950.0,26150.0,200.0,0.0,100.6,32.6,100.7,32.5,68.2,75,5115.0,25910.05,-5115.0,55.77,-5170.77,0,-58137.94999999998,Candidate 2,"Causal 10D Breakout ATM Debit Spread (W200, Off0)",1
2025-11-19,2025-11-20,2025,2025-11-25,3,12.1,26052.65,26132.1,BULL_CALL,26150.0,26350.0,200.0,0.0,130.0,45.95,130.1,45.85,84.25,75,6318.75,25884.8,-6318.75,58.73,-6377.48,0,-64515.42999999998,Candidate 2,"Causal 10D Breakout ATM Debit Spread (W200, Off0)",1
2025-11-26,2025-11-27,2025,2025-12-02,3,12.24,26205.3,26261.25,BULL_CALL,26250.0,26450.0,200.0,0.0,130.05,57.0,130.15,56.9,73.25,75,5493.75,26032.2,-5493.75,60.05,-5553.8,0,-70069.22999999998,Candidate 2,"Causal 10D Breakout ATM Debit Spread (W200, Off0)",1
2025-12-09,2025-12-10,2025,2025-12-16,4,11.13,25839.65,25864.05,BEAR_PUT,25850.0,25650.0,200.0,0.0,139.95,49.25,140.05,49.15,90.9,75,6817.5,25860.1,-6817.5,59.59,-6877.09,0,-76946.31999999998,Candidate 2,"Causal 10D Breakout ATM Debit Spread (W200, Off0)",1
2026-01-02,2026-01-05,2026,2026-01-06,1,9.19,26328.55,26333.7,BULL_CALL,26350.0,26550.0,200.0,0.0,66.0,6.95,66.1,6.85,59.25,65,3851.25,26178.7,-3851.25,50.58,-3901.83,0,-80848.14999999998,Candidate 2,"Causal 10D Breakout ATM Debit Spread (W200, Off0)",1
2026-01-08,2026-01-09,2026,2026-01-13,2,9.95,25876.85,25840.4,BEAR_PUT,25850.0,25650.0,200.0,0.0,75.0,25.4,75.1,25.3,49.8,65,3237.0,25732.3,4413.5,66.93,4346.57,1,-76501.57999999999,Candidate 2,"Causal 10D Breakout ATM Debit Spread (W200, Off0)",1
2026-01-14,2026-01-16,2026,2026-01-20,2,11.2,25665.6,25696.05,BEAR_PUT,25700.0,25500.0,200.0,0.0,105.0,47.1,105.1,47.0,58.1,65,3776.5,25232.5,9223.5,122.53,9100.97,1,-67400.60999999999,Candidate 2,"Causal 10D Breakout ATM Debit Spread (W200, Off0)",1
2026-01-19,2026-01-20,2026,2026-01-27,4,11.37,25585.5,25580.3,BEAR_PUT,25600.0,25400.0,200.0,0.0,152.55,95.0,152.65,94.9,57.75,65,3753.75,25175.4,9246.25,122.62,9123.63,1,-58276.97999999999,Candidate 2,"Causal 10D Breakout ATM Debit Spread (W200, Off0)",1
2026-01-23,2026-01-27,2026,2026-02-03,5,13.35,25048.65,25063.35,BEAR_PUT,25050.0,24850.0,200.0,0.0,218.0,148.3,218.1,148.2,69.9,65,4543.5,25727.55,-4543.5,71.33,-4614.83,0,-62891.80999999999,Candidate 2,"Causal 10D Breakout ATM Debit Spread (W200, Off0)",1
2026-02-03,2026-02-04,2026,2026-02-10,4,13.87,25727.55,25675.05,BULL_CALL,25700.0,25900.0,200.0,0.0,199.2,107.65,199.3,107.55,91.75,65,5963.75,25935.15,7036.25,95.86,6940.39,1,-55951.41999999999,Candidate 2,"Causal 10D Breakout ATM Debit Spread (W200, Off0)",1
2026-02-09,2026-02-10,2026,2026-02-17,5,11.94,25867.3,25922.65,BULL_CALL,25900.0,26100.0,200.0,0.0,165.0,89.55,165.1,89.45,75.65,65,4917.25,25725.4,-4917.25,63.12,-4980.37,0,-60931.78999999999,Candidate 2,"Causal 10D Breakout ATM Debit Spread (W200, Off0)",1
2026-02-19,2026-02-20,2026,2026-02-24,2,12.22,25454.35,25406.55,BEAR_PUT,25400.0,25200.0,200.0,0.0,150.0,79.05,150.1,78.95,71.15,65,4624.75,25424.65,-4624.75,61.43,-4686.18,0,-65617.97,Candidate 2,"Causal 10D Breakout ATM Debit Spread (W200, Off0)",1
2026-02-24,2026-02-25,2026,2026-03-02,3,14.17,25424.65,25512.6,BEAR_PUT,25500.0,25300.0,200.0,0.0,159.0,80.1,159.1,80.0,79.1,65,5141.5,24865.7,7858.5,154.5,7704.0,1,-57913.97,Candidate 2,"Causal 10D Breakout ATM Debit Spread (W200, Off0)",1
2026-02-27,2026-03-02,2026,2026-03-10,5,13.06,25178.65,24659.25,BEAR_PUT,24650.0,24450.0,200.0,0.0,150.0,106.0,150.1,105.9,44.2,65,2873.0,24261.6,10127.0,117.94,10009.06,1,-47904.91,Candidate 2,"Causal 10D Breakout ATM Debit Spread (W200, Off0)",1
2026-03-11,2026-03-12,2026,2026-03-17,3,18.91,23866.85,23674.85,BEAR_PUT,23650.0,23450.0,200.0,0.0,281.35,224.65,281.45,224.55,56.9,65,3698.5,23581.15,776.75,90.03,686.72,1,-47218.19,Candidate 2,"Causal 10D Breakout ATM Debit Spread (W200, Off0)",1
2026-03-19,2026-03-20,2026,2026-03-24,2,18.72,23002.15,23110.15,BEAR_PUT,23100.0,22900.0,200.0,0.0,260.2,167.6,260.3,167.5,92.8,65,6032.0,22912.4,6162.0,97.49,6064.51,1,-41153.68,Candidate 2,"Causal 10D Breakout ATM Debit Spread (W200, Off0)",1
2026-04-15,2026-04-16,2026,2026-04-21,3,20.5,24231.3,24385.2,BULL_CALL,24400.0,24600.0,200.0,0.0,155.0,81.0,155.1,80.9,74.2,65,4823.0,24576.6,6656.0,82.96,6573.04,1,-34580.64,Candidate 2,"Causal 10D Breakout ATM Debit Spread (W200, Off0)",1
2026-05-11,2026-05-12,2026,2026-05-19,5,16.84,23815.85,23722.6,BEAR_PUT,23700.0,23500.0,200.0,0.0,204.8,130.0,204.9,129.9,75.0,65,4875.0,23618.0,455.0,78.72,376.28,1,-34204.36,Candidate 2,"Causal 10D Breakout ATM Debit Spread (W200, Off0)",1
2026-05-25,2026-05-26,2026,2026-06-02,4,17.91,24031.7,24004.1,BULL_CALL,24000.0,24200.0,200.0,0.0,235.0,152.25,235.1,152.15,82.95,65,5391.75,23483.55,-5391.75,72.43,-5464.18,0,-39668.54,Candidate 2,"Causal 10D Breakout ATM Debit Spread (W200, Off0)",1
2026-06-05,2026-06-08,2026,2026-06-09,1,15.89,23366.7,23080.7,BEAR_PUT,23100.0,22900.0,200.0,0.0,80.0,39.75,80.1,39.65,40.45,65,2629.25,23242.1,-2629.25,54.54,-2683.79,0,-42352.33,Candidate 2,"Causal 10D Breakout ATM Debit Spread (W200, Off0)",1
2026-06-12,2026-06-15,2026,2026-06-16,1,15.61,23622.9,23984.85,BULL_CALL,24000.0,24200.0,200.0,0.0,88.8,36.95,88.9,36.85,52.05,65,3383.25,23989.15,-3383.25,54.6,-3437.85,0,-45790.18,Candidate 2,"Causal 10D Breakout ATM Debit Spread (W200, Off0)",1
2026-07-02,2026-07-03,2026,2026-07-07,2,13.24,24175.7,24375.65,BULL_CALL,24400.0,24600.0,200.0,0.0,70.0,15.7,70.1,15.6,54.5,65,3542.5,24398.7,-3542.5,51.64,-3594.14,0,-49384.32,Candidate 2,"Causal 10D Breakout ATM Debit Spread (W200, Off0)",1
2026-07-23,2026-07-24,2026,2026-07-28,2,13.29,23869.6,23666.35,BEAR_PUT,23650.0,23450.0,200.0,0.0,104.0,42.85,104.1,42.75,61.35,65,3987.75,23985.35,-3987.75,55.82,-4043.57,0,-53427.89,Candidate 2,"Causal 10D Breakout ATM Debit Spread (W200, Off0)",1
2026-07-31,2026-08-03,2026,2026-08-04,1,12.16,24383.6,24572.7,BULL_CALL,24550.0,24750.0,200.0,0.0,63.9,11.1,64.0,11.0,53.0,65,3445.0,24614.9,773.5,58.69,714.81,1,-52713.08,Candidate 2,"Causal 10D Breakout ATM Debit Spread (W200, Off0)",1
2026-08-14,2026-08-17,2026,2026-08-18,1,11.42,24366.0,24343.45,BEAR_PUT,24350.0,24150.0,200.0,0.0,55.0,10.0,55.1,9.9,45.2,65,2938.0,24154.9,9743.5,73.8,9669.7,1,-43043.380000000005,Candidate 2,"Causal 10D Breakout ATM Debit Spread (W200, Off0)",1
2026-09-01,2026-09-02,2026,2026-09-08,4,11.19,24055.8,23858.0,BEAR_PUT,23850.0,23650.0,200.0,0.0,103.0,45.0,103.1,44.9,58.2,65,3783.0,23635.1,9217.0,82.3,9134.7,1,-33908.68000000001,Candidate 2,"Causal 10D Breakout ATM Debit Spread (W200, Off0)",1
2026-09-07,2026-09-08,2026,2026-09-15,4,10.68,23779.15,23743.1,BEAR_PUT,23750.0,23550.0,200.0,0.0,128.2,50.9,128.3,50.8,77.5,65,5037.5,23118.6,7962.5,149.78,7812.72,1,-26095.960000000006,Candidate 2,"Causal 10D Breakout ATM Debit Spread (W200, Off0)",1
2019-03-28,2019-03-29,2019,2019-04-04,4,17.05,11570.0,11625.45,BULL_CALL,11650.0,11900.0,250.0,0.0,88.6,10.6,88.7,10.5,78.2,75,5865.0,11598.0,-5865.0,52.29,-5917.29,0,-5917.29,Candidate 3,"Causal 10D Breakout ATM Debit Spread (W250, Off0)",0
2019-04-16,2019-04-18,2019,2019-04-25,4,21.39,11787.15,11856.15,BULL_CALL,11850.0,12100.0,250.0,0.0,83.55,8.95,83.65,8.85,74.8,75,5610.0,11641.8,-5610.0,51.9,-5661.9,0,-11579.189999999999,Candidate 3,"Causal 10D Breakout ATM Debit Spread (W250, Off0)",0
2019-05-24,2019-05-27,2019,2019-05-30,3,19.41,11844.1,11855.5,BULL_CALL,11850.0,12100.0,250.0,0.0,90.95,14.9,91.05,14.8,76.25,75,5718.75,11945.9,1473.75,66.03,1407.72,1,-10171.47,Candidate 3,"Causal 10D Breakout ATM Debit Spread (W250, Off0)",0
2019-05-30,2019-05-31,2019,2019-06-06,3,16.41,11945.9,11999.8,BULL_CALL,12000.0,12250.0,250.0,0.0,74.0,2.3,74.1,2.2,71.9,75,5392.5,11843.75,-5392.5,50.85,-5443.35,0,-15614.82,Candidate 3,"Causal 10D Breakout ATM Debit Spread (W250, Off0)",0
2019-06-14,2019-06-17,2019,2019-06-20,3,13.66,11823.3,11844.0,BEAR_PUT,11850.0,11600.0,250.0,0.0,81.85,8.25,81.95,8.15,73.8,75,5535.0,11831.75,-4166.25,54.28,-4220.53,0,-19835.35,Candidate 3,"Causal 10D Breakout ATM Debit Spread (W250, Off0)",0
2019-07-01,2019-07-02,2019,2019-07-04,2,14.95,11865.6,11890.3,BULL_CALL,11900.0,12150.0,250.0,0.0,50.0,1.65,50.1,1.55,48.55,75,3641.25,11946.75,-135.0,56.13,-191.13,0,-20026.48,Candidate 3,"Causal 10D Breakout ATM Debit Spread (W250, Off0)",0
2019-07-08,2019-07-09,2019,2019-07-11,2,13.07,11558.6,11531.6,BEAR_PUT,11550.0,11300.0,250.0,0.0,65.15,9.9,65.25,9.8,55.45,75,4158.75,11582.9,-4158.75,51.13,-4209.88,0,-24236.36,Candidate 3,"Causal 10D Breakout ATM Debit Spread (W250, Off0)",0
2019-07-19,2019-07-22,2019,2019-07-25,3,11.75,11419.25,11392.85,BEAR_PUT,11400.0,11150.0,250.0,0.0,60.05,10.9,60.15,10.8,49.35,75,3701.25,11252.15,7387.5,71.4,7316.1,1,-16920.260000000002,Candidate 3,"Causal 10D Breakout ATM Debit Spread (W250, Off0)",0
2019-07-29,2019-07-30,2019,2019-08-01,2,12.13,11189.2,11213.7,BEAR_PUT,11200.0,10950.0,250.0,0.0,45.15,2.75,45.25,2.65,42.6,75,3195.0,10980.0,13305.0,79.93,13225.07,1,-3695.1900000000023,Candidate 3,"Causal 10D Breakout ATM Debit Spread (W250, Off0)",0
2019-08-01,2019-08-02,2019,2019-08-08,4,13.59,10980.0,10930.3,BEAR_PUT,10950.0,10700.0,250.0,0.0,66.5,20.0,66.6,19.9,46.7,75,3502.5,11032.45,-3502.5,52.12,-3554.62,0,-7249.810000000002,Candidate 3,"Causal 10D Breakout ATM Debit Spread (W250, Off0)",0
2019-08-07,2019-08-08,2019,2019-08-14,3,16.12,10855.5,10899.2,BEAR_PUT,10900.0,10650.0,250.0,0.0,112.85,33.0,112.95,32.9,80.05,75,6003.75,11029.4,-6003.75,55.46,-6059.21,0,-13309.020000000002,Candidate 3,"Causal 10D Breakout ATM Debit Spread (W250, Off0)",0
2019-08-22,2019-08-23,2019,2019-08-29,4,17.02,10741.35,10699.6,BEAR_PUT,10700.0,10450.0,250.0,0.0,112.0,25.0,112.1,24.9,87.2,75,6540.0,10948.3,-6540.0,54.69,-6594.69,0,-19903.710000000003,Candidate 3,"Causal 10D Breakout ATM Debit Spread (W250, Off0)",0
2019-09-13,2019-09-16,2019,2019-09-19,3,14.9,11075.9,10994.85,BULL_CALL,11000.0,11250.0,250.0,0.0,99.95,5.6,100.05,5.5,94.55,75,7091.25,10704.8,-7091.25,52.36,-7143.61,0,-27047.320000000003,Candidate 3,"Causal 10D Breakout ATM Debit Spread (W250, Off0)",0
2019-09-19,2019-09-20,2019,2019-09-26,4,15.35,10704.8,10746.8,BEAR_PUT,10750.0,10500.0,250.0,0.0,93.6,24.0,93.7,23.9,69.8,75,5235.0,11571.2,-5235.0,53.75,-5288.75,0,-32336.070000000003,Candidate 3,"Causal 10D Breakout ATM Debit Spread (W250, Off0)",0
2019-10-07,2019-10-09,2019,2019-10-10,1,17.58,11126.4,11152.95,BEAR_PUT,11150.0,10900.0,250.0,0.0,68.0,6.95,68.1,6.85,61.25,75,4593.75,11234.55,-4593.75,51.0,-4644.75,0,-36980.82000000001,Candidate 3,"Causal 10D Breakout ATM Debit Spread (W250, Off0)",0
2019-10-17,2019-10-18,2019,2019-10-24,3,16.36,11586.35,11580.3,BULL_CALL,11600.0,11850.0,250.0,0.0,74.95,10.0,75.05,9.9,65.15,75,4886.25,11582.6,-4886.25,51.6,-4937.85,0,-41918.670000000006,Candidate 3,"Causal 10D Breakout ATM Debit Spread (W250, Off0)",0
2019-10-29,2019-10-30,2019,2019-10-31,1,15.32,11786.85,11883.9,BULL_CALL,11900.0,12150.0,250.0,0.0,22.0,0.6,22.1,0.5,21.6,75,1620.0,11877.45,-1620.0,48.28,-1668.28,0,-43586.950000000004,Candidate 3,"Causal 10D Breakout ATM Debit Spread (W250, Off0)",0
2019-11-06,2019-11-07,2019,2019-11-14,4,15.92,11966.05,12021.1,BULL_CALL,12000.0,12250.0,250.0,0.0,86.0,16.95,86.1,16.85,69.25,75,5193.75,11872.1,-5193.75,52.75,-5246.5,0,-48833.450000000004,Candidate 3,"Causal 10D Breakout ATM Debit Spread (W250, Off0)",0
2019-11-25,2019-11-26,2019,2019-11-28,2,14.87,12073.75,12110.2,BULL_CALL,12100.0,12350.0,250.0,0.0,68.0,4.5,68.1,4.4,63.7,75,4777.5,12151.15,-941.25,57.84,-999.09,0,-49832.54,Candidate 3,"Causal 10D Breakout ATM Debit Spread (W250, Off0)",0
2019-11-27,2019-11-28,2019,2019-12-05,5,14.84,12100.7,12132.1,BULL_CALL,12150.0,12400.0,250.0,0.0,75.35,2.85,75.45,2.75,72.7,75,5452.5,12018.4,-5452.5,50.97,-5503.47,0,-55336.01,Candidate 3,"Causal 10D Breakout ATM Debit Spread (W250, Off0)",0
2019-12-10,2019-12-11,2019,2019-12-12,1,14.6,11856.8,11867.35,BEAR_PUT,11850.0,11600.0,250.0,0.0,33.95,1.5,34.05,1.4,32.65,75,2448.75,11971.8,-2448.75,48.91,-2497.66,0,-57833.67,Candidate 3,"Causal 10D Breakout ATM Debit Spread (W250, Off0)",0
2019-12-13,2019-12-16,2019,2019-12-19,3,13.35,12086.7,12131.35,BULL_CALL,12150.0,12400.0,250.0,0.0,63.0,8.0,63.1,7.9,55.2,75,4140.0,12259.7,4087.5,66.01,4021.49,1,-53812.18,Candidate 3,"Causal 10D Breakout ATM Debit Spread (W250, Off0)",0
2020-01-02,2020-01-03,2020,2020-01-09,4,11.6,12282.2,12261.1,BULL_CALL,12250.0,12500.0,250.0,0.0,51.0,5.8,51.1,5.7,45.4,75,3405.0,12215.9,-3405.0,50.1,-3455.1,0,-57267.28,Candidate 3,"Causal 10D Breakout ATM Debit Spread (W250, Off0)",0
2020-01-13,2020-01-14,2020,2020-01-16,2,14.08,12329.55,12333.1,BULL_CALL,12350.0,12600.0,250.0,0.0,51.0,1.5,51.1,1.4,49.7,75,3727.5,12355.5,-3315.0,50.47,-3365.47,0,-60632.75,Candidate 3,"Causal 10D Breakout ATM Debit Spread (W250, Off0)",0
2020-01-28,2020-01-29,2020,2020-01-30,1,17.18,12055.8,12114.9,BEAR_PUT,12100.0,11850.0,250.0,0.0,47.7,2.65,47.8,2.55,45.25,75,3393.75,12035.8,1421.25,58.52,1362.73,1,-59270.02,Candidate 3,"Causal 10D Breakout ATM Debit Spread (W250, Off0)",0
2020-01-30,2020-01-31,2020,2020-02-06,4,16.5,12035.8,12100.4,BEAR_PUT,12100.0,11850.0,250.0,0.0,159.65,65.0,159.75,64.9,94.85,75,7113.75,12137.95,-7113.75,60.56,-7174.31,0,-66444.33,Candidate 3,"Causal 10D Breakout ATM Debit Spread (W250, Off0)",0
2020-02-12,2020-02-13,2020,2020-02-20,5,13.88,12201.2,12219.55,BULL_CALL,12200.0,12450.0,250.0,0.0,87.0,8.9,87.1,8.8,78.3,75,5872.5,12080.85,-5872.5,52.06,-5924.56,0,-72368.89,Candidate 3,"Causal 10D Breakout ATM Debit Spread (W250, Off0)",0
2020-02-24,2020-02-25,2020,2020-02-27,2,13.7,11829.4,11877.5,BEAR_PUT,11900.0,11650.0,250.0,0.0,75.1,20.2,75.2,20.1,55.1,75,4132.5,11633.3,14617.5,90.11,14527.39,1,-57841.5,Candidate 3,"Causal 10D Breakout ATM Debit Spread (W250, Off0)",0
2020-03-06,2020-03-09,2020,2020-03-12,2,23.25,10989.45,10742.05,BEAR_PUT,10750.0,10500.0,250.0,0.0,180.2,64.35,180.3,64.25,116.05,75,8703.75,9590.15,10046.25,261.96,9784.29,1,-48057.21,Candidate 3,"Causal 10D Breakout ATM Debit Spread (W250, Off0)",0
2020-08-11,2020-08-12,2020,2020-08-13,1,22.51,11322.5,11289.0,BULL_CALL,11300.0,11550.0,250.0,0.0,51.9,3.55,52.0,3.45,48.55,75,3641.25,11300.45,-3607.5,50.0,-3657.5,0,-51714.71,Candidate 3,"Causal 10D Breakout ATM Debit Spread (W250, Off0)",0
2020-08-18,2020-08-19,2020,2020-08-20,1,21.31,11385.35,11452.15,BULL_CALL,11450.0,11700.0,250.0,0.0,45.8,4.5,45.9,4.4,41.5,75,3112.5,11312.2,-3112.5,49.74,-3162.24,0,-54876.95,Candidate 3,"Causal 10D Breakout ATM Debit Spread (W250, Off0)",0
2020-08-24,2020-08-25,2020,2020-08-27,2,19.94,11466.45,11513.1,BULL_CALL,11500.0,11750.0,250.0,0.0,70.0,6.65,70.1,6.55,63.55,75,4766.25,11559.25,-322.5,59.25,-381.75,0,-55258.7,Candidate 3,"Causal 10D Breakout ATM Debit Spread (W250, Off0)",0
2020-09-04,2020-09-07,2020,2020-09-10,3,20.5,11333.85,11359.6,BEAR_PUT,11350.0,11100.0,250.0,0.0,101.2,40.0,101.3,39.9,61.4,75,4605.0,11449.25,-4605.0,55.56,-4660.56,0,-59919.259999999995,Candidate 3,"Causal 10D Breakout ATM Debit Spread (W250, Off0)",0
2020-09-16,2020-09-17,2020,2020-09-24,5,20.6,11604.55,11539.4,BULL_CALL,11550.0,11800.0,250.0,0.0,100.1,26.95,100.2,26.85,73.35,75,5501.25,10805.55,-5501.25,54.32,-5555.57,0,-65474.829999999994,Candidate 3,"Causal 10D Breakout ATM Debit Spread (W250, Off0)",0
2020-10-06,2020-10-07,2020,2020-10-08,1,19.71,11662.4,11679.25,BULL_CALL,11700.0,11950.0,250.0,0.0,45.0,1.9,45.1,1.8,43.3,75,3247.5,11834.6,6847.5,68.05,6779.45,1,-58695.38,Candidate 3,"Causal 10D Breakout ATM Debit Spread (W250, Off0)",0
2020-10-29,2020-10-30,2020,2020-11-05,4,23.28,11670.8,11678.45,BEAR_PUT,11700.0,11450.0,250.0,0.0,247.4,91.0,247.5,90.9,156.6,75,11745.0,12120.3,-11745.0,67.02,-11812.02,0,-70507.4,Candidate 3,"Causal 10D Breakout ATM Debit Spread (W250, Off0)",0
2020-11-05,2020-11-06,2020,2020-11-12,4,23.2,12120.3,12156.65,BULL_CALL,12150.0,12400.0,250.0,0.0,146.3,30.05,146.4,29.95,116.45,75,8733.75,12690.8,10016.25,144.32,9871.93,1,-60635.469999999994,Candidate 3,"Causal 10D Breakout ATM Debit Spread (W250, Off0)",0
2020-11-17,2020-11-18,2020,2020-11-19,1,19.7,12874.2,12860.1,BULL_CALL,12850.0,13100.0,250.0,0.0,87.95,5.0,88.05,4.9,83.15,75,6236.25,12771.7,-6236.25,51.75,-6288.0,0,-66923.47,Candidate 3,"Causal 10D Breakout ATM Debit Spread (W250, Off0)",0
2020-11-24,2020-11-25,2020,2020-11-26,1,20.8,13055.15,13130.0,BULL_CALL,13150.0,13400.0,250.0,0.0,64.0,2.5,64.1,2.4,61.7,75,4627.5,12987.0,-4627.5,50.41,-4677.91,0,-71601.38,Candidate 3,"Causal 10D Breakout ATM Debit Spread (W250, Off0)",0
2020-12-01,2020-12-02,2020,2020-12-03,1,19.82,13109.05,13121.4,BULL_CALL,13100.0,13350.0,250.0,0.0,93.9,1.1,94.0,1.0,93.0,75,6975.0,13133.9,-4432.5,56.35,-4488.85,0,-76090.23000000001,Candidate 3,"Causal 10D Breakout ATM Debit Spread (W250, Off0)",0
2020-12-14,2020-12-15,2020,2020-12-17,2,18.79,13558.15,13547.2,BULL_CALL,13550.0,13800.0,250.0,0.0,92.3,13.75,92.4,13.65,78.75,75,5906.25,13740.7,8396.25,79.08,8317.17,1,-67773.06000000001,Candidate 3,"Causal 10D Breakout ATM Debit Spread (W250, Off0)",0
2020-12-21,2020-12-22,2020,2020-12-24,2,18.62,13328.4,13373.65,BEAR_PUT,13350.0,13100.0,250.0,0.0,139.95,70.1,140.05,70.0,70.05,75,5253.75,13749.25,-5253.75,60.11,-5313.86,0,-73086.92000000001,Candidate 3,"Causal 10D Breakout ATM Debit Spread (W250, Off0)",0
2020-12-28,2020-12-29,2020,2020-12-31,2,19.97,13873.2,13910.35,BULL_CALL,13900.0,14150.0,250.0,0.0,88.6,12.9,88.7,12.8,75.9,75,5692.5,13981.75,438.75,63.79,374.96,1,-72711.96,Candidate 3,"Causal 10D Breakout ATM Debit Spread (W250, Off0)",0
2021-01-01,2021-01-04,2021,2021-01-07,3,21.1,14018.5,14104.35,BULL_CALL,14100.0,14350.0,250.0,0.0,80.25,13.25,80.35,13.15,67.2,75,5040.0,14137.35,-2238.75,57.3,-2296.05,0,-75008.01000000001,Candidate 3,"Causal 10D Breakout ATM Debit Spread (W250, Off0)",0
2021-01-08,2021-01-11,2021,2021-01-14,3,20.62,14347.25,14474.05,BULL_CALL,14450.0,14700.0,250.0,0.0,147.65,11.35,147.75,11.25,136.5,75,10237.5,14595.6,682.5,75.22,607.28,1,-74400.73000000001,Candidate 3,"Causal 10D Breakout ATM Debit Spread (W250, Off0)",0
2021-01-20,2021-01-21,2021,2021-01-28,4,22.9,14644.7,14730.95,BULL_CALL,14750.0,15000.0,250.0,0.0,98.0,21.3,98.1,21.2,76.9,75,5767.5,13817.55,-5767.5,53.7,-5821.2,0,-80221.93000000001,Candidate 3,"Causal 10D Breakout ATM Debit Spread (W250, Off0)",0
2021-02-02,2021-02-03,2021,2021-02-04,1,23.32,14647.85,14754.9,BULL_CALL,14750.0,15000.0,250.0,0.0,72.35,25.0,72.45,24.9,47.55,75,3566.25,14895.65,7357.5,72.96,7284.54,1,-72937.39000000001,Candidate 3,"Causal 10D Breakout ATM Debit Spread (W250, Off0)",0
2021-02-11,2021-02-15,2021,2021-02-18,3,23.95,15173.3,15270.3,BULL_CALL,15250.0,15500.0,250.0,0.0,102.35,20.6,102.45,20.5,81.95,75,6146.25,15118.95,-6146.25,53.84,-6200.09,0,-79137.48000000001,Candidate 3,"Causal 10D Breakout ATM Debit Spread (W250, Off0)",0
2021-02-22,2021-02-23,2021,2021-02-25,2,22.25,14675.7,14782.25,BEAR_PUT,14800.0,14550.0,250.0,0.0,172.0,50.05,172.1,49.95,122.15,75,9161.25,15097.35,-9161.25,59.77,-9221.02,0,-88358.50000000001,Candidate 3,"Causal 10D Breakout ATM Debit Spread (W250, Off0)",0
2021-02-26,2021-03-01,2021,2021-03-04,3,22.89,14529.15,14702.5,BEAR_PUT,14700.0,14450.0,250.0,0.0,171.0,109.1,171.1,109.0,62.1,75,4657.5,15080.75,-4657.5,65.11,-4722.61,0,-93081.11000000002,Candidate 3,"Causal 10D Breakout ATM Debit Spread (W250, Off0)",0
2021-03-03,2021-03-04,2021,2021-03-10,4,23.61,15245.6,15026.75,BULL_CALL,15050.0,15300.0,250.0,0.0,182.1,85.1,182.2,85.0,97.2,75,7290.0,15174.8,2070.0,80.68,1989.32,1,-91091.79000000001,Candidate 3,"Causal 10D Breakout ATM Debit Spread (W250, Off0)",0
2021-03-17,2021-03-18,2021,2021-03-25,5,20.19,14721.3,14855.5,BEAR_PUT,14850.0,14600.0,250.0,0.0,180.5,96.35,180.6,96.25,84.35,75,6326.25,14324.9,12423.75,149.1,12274.65,1,-78817.14000000001,Candidate 3,"Causal 10D Breakout ATM Debit Spread (W250, Off0)",0
2021-03-24,2021-03-25,2021,2021-04-01,3,20.67,14549.4,14570.9,BEAR_PUT,14550.0,14300.0,250.0,0.0,200.0,97.65,200.1,97.55,102.55,75,7691.25,14867.35,-7691.25,65.42,-7756.67,0,-86573.81000000001,Candidate 3,"Causal 10D Breakout ATM Debit Spread (W250, Off0)",0
2021-04-08,2021-04-09,2021,2021-04-15,3,20.25,14873.8,14882.65,BULL_CALL,14900.0,15150.0,250.0,0.0,144.65,47.5,144.75,47.4,97.35,75,7301.25,14581.45,-7301.25,58.27,-7359.52,0,-93933.33000000002,Candidate 3,"Causal 10D Breakout ATM Debit Spread (W250, Off0)",0
2021-04-20,2021-04-22,2021,2021-04-29,5,22.49,14296.4,14219.15,BEAR_PUT,14200.0,13950.0,250.0,0.0,210.0,110.05,210.1,109.95,100.15,75,7511.25,14894.9,-7511.25,67.02,-7578.27,0,-101511.60000000002,Candidate 3,"Causal 10D Breakout ATM Debit Spread (W250, Off0)",0
2021-04-28,2021-04-29,2021,2021-05-06,5,23.08,14864.55,14979.0,BULL_CALL,15000.0,15250.0,250.0,0.0,162.5,52.55,162.6,52.45,110.15,75,8261.25,14724.8,-8261.25,59.56,-8320.81,0,-109832.41000000002,Candidate 3,"Causal 10D Breakout ATM Debit Spread (W250, Off0)",0
2021-05-10,2021-05-11,2021,2021-05-12,1,20.82,14942.35,14789.7,BULL_CALL,14800.0,15050.0,250.0,0.0,115.5,29.9,115.6,29.8,85.8,75,6435.0,14696.5,-6435.0,55.3,-6490.3,0,-116322.71000000002,Candidate 3,"Causal 10D Breakout ATM Debit Spread (W250, Off0)",0
2021-05-18,2021-05-19,2021,2021-05-20,1,19.61,15108.1,15058.6,BULL_CALL,15050.0,15300.0,250.0,0.0,72.2,11.45,72.3,11.35,60.95,75,4571.25,14906.05,-4571.25,51.6,-4622.85,0,-120945.56000000003,Candidate 3,"Causal 10D Breakout ATM Debit Spread (W250, Off0)",0
2021-05-21,2021-05-24,2021,2021-05-27,3,19.65,15175.3,15211.35,BULL_CALL,15200.0,15450.0,250.0,0.0,128.0,33.0,128.1,32.9,95.2,75,7140.0,15337.85,3198.75,75.2,3123.55,1,-117822.01000000002,Candidate 3,"Causal 10D Breakout ATM Debit Spread (W250, Off0)",0
2021-06-03,2021-06-04,2021,2021-06-10,4,17.21,15690.35,15712.5,BULL_CALL,15700.0,15950.0,250.0,0.0,120.0,18.5,120.1,18.4,101.7,75,7627.5,15737.75,-4796.25,59.69,-4855.94,0,-122677.95000000003,Candidate 3,"Causal 10D Breakout ATM Debit Spread (W250, Off0)",0
2021-06-11,2021-06-14,2021,2021-06-17,3,15.0,15799.35,15791.4,BULL_CALL,15800.0,16050.0,250.0,0.0,80.0,9.8,80.1,9.7,70.4,75,5280.0,15691.4,-5280.0,51.82,-5331.82,0,-128009.77000000002,Candidate 3,"Causal 10D Breakout ATM Debit Spread (W250, Off0)",0
2021-07-01,2021-07-02,2021,2021-07-08,4,13.05,15680.0,15705.85,BEAR_PUT,15700.0,15450.0,250.0,0.0,93.55,20.05,93.65,19.95,73.7,50,3685.0,15727.9,-3685.0,51.32,-3736.32,0,-131746.09000000003,Candidate 3,"Causal 10D Breakout ATM Debit Spread (W250, Off0)",0
2021-07-07,2021-07-08,2021,2021-07-15,5,12.28,15879.65,15855.4,BULL_CALL,15850.0,16100.0,250.0,0.0,125.0,23.9,125.1,23.8,101.3,50,5065.0,15924.2,-1355.0,59.36,-1414.36,0,-133160.45,Candidate 3,"Causal 10D Breakout ATM Debit Spread (W250, Off0)",0
2021-07-15,2021-07-16,2021,2021-07-22,3,12.59,15924.2,15958.35,BULL_CALL,15950.0,16200.0,250.0,0.0,82.0,11.05,82.1,10.95,71.15,50,3557.5,15824.05,-3557.5,50.42,-3607.92,0,-136768.37000000002,Candidate 3,"Causal 10D Breakout ATM Debit Spread (W250, Off0)",0
2021-07-20,2021-07-22,2021,2021-07-29,5,12.68,15632.1,15736.6,BEAR_PUT,15750.0,15500.0,250.0,0.0,124.0,49.0,124.1,48.9,75.2,50,3760.0,15778.45,-3760.0,54.03,-3814.03,0,-140582.40000000002,Candidate 3,"Causal 10D Breakout ATM Debit Spread (W250, Off0)",0
2021-08-03,2021-08-04,2021,2021-08-05,1,12.81,16130.75,16195.25,BULL_CALL,16200.0,16450.0,250.0,0.0,42.0,5.3,42.1,5.2,36.9,50,1845.0,16294.6,2885.0,57.53,2827.47,1,-137754.93000000002,Candidate 3,"Causal 10D Breakout ATM Debit Spread (W250, Off0)",0
2021-08-12,2021-08-13,2021,2021-08-18,3,12.71,16364.4,16385.7,BULL_CALL,16400.0,16650.0,250.0,0.0,75.0,8.6,75.1,8.5,66.6,50,3330.0,16568.85,5112.5,65.59,5046.91,1,-132708.02000000002,Candidate 3,"Causal 10D Breakout ATM Debit Spread (W250, Off0)",0
2021-08-24,2021-08-25,2021,2021-08-26,1,13.69,16624.6,16654.0,BULL_CALL,16650.0,16900.0,250.0,0.0,45.0,3.8,45.1,3.7,41.4,50,2070.0,16636.9,-2070.0,48.83,-2118.83,0,-134826.85,Candidate 3,"Causal 10D Breakout ATM Debit Spread (W250, Off0)",0
2021-09-02,2021-09-03,2021,2021-09-09,4,14.19,17234.15,17262.45,BULL_CALL,17250.0,17500.0,250.0,0.0,130.0,30.45,130.1,30.35,99.75,50,4987.5,17369.25,975.0,64.06,910.94,1,-133915.91,Candidate 3,"Causal 10D Breakout ATM Debit Spread (W250, Off0)",0
2021-09-14,2021-09-15,2021,2021-09-16,1,14.03,17380.0,17387.65,BULL_CALL,17400.0,17650.0,250.0,0.0,52.0,1.4,52.1,1.3,50.8,50,2540.0,17629.5,8935.0,70.02,8864.98,1,-125050.93000000001,Candidate 3,"Causal 10D Breakout ATM Debit Spread (W250, Off0)",0
2021-09-23,2021-09-24,2021,2021-09-30,4,16.49,17822.95,17897.45,BULL_CALL,17900.0,18150.0,250.0,0.0,120.8,44.05,120.9,43.95,76.95,50,3847.5,17618.15,-3847.5,53.63,-3901.13,0,-128952.06000000001,Candidate 3,"Causal 10D Breakout ATM Debit Spread (W250, Off0)",1
2021-10-08,2021-10-11,2021,2021-10-14,3,16.16,17895.2,17867.55,BULL_CALL,17850.0,18100.0,250.0,0.0,142.0,20.15,142.1,20.05,122.05,50,6102.5,18338.55,6397.5,104.86,6292.64,1,-122659.42000000001,Candidate 3,"Causal 10D Breakout ATM Debit Spread (W250, Off0)",1
2021-10-28,2021-10-29,2021,2021-11-03,3,16.83,17857.25,17833.05,BEAR_PUT,17850.0,17600.0,250.0,0.0,175.0,70.0,175.1,69.9,105.2,50,5260.0,17829.2,-4220.0,58.8,-4278.8,0,-126938.22000000002,Candidate 3,"Causal 10D Breakout ATM Debit Spread (W250, Off0)",1
2021-11-18,2021-11-22,2021,2021-11-25,3,14.98,17764.8,17796.25,BEAR_PUT,17800.0,17550.0,250.0,0.0,167.05,45.0,167.15,44.9,122.25,50,6112.5,17536.25,6387.5,79.81,6307.69,1,-120630.53000000001,Candidate 3,"Causal 10D Breakout ATM Debit Spread (W250, Off0)",1
2021-11-24,2021-11-25,2021,2021-12-02,5,18.02,17415.05,17417.3,BEAR_PUT,17400.0,17150.0,250.0,0.0,168.45,62.0,168.55,61.9,106.65,50,5332.5,17401.65,-5332.5,56.2,-5388.7,0,-126019.23000000001,Candidate 3,"Causal 10D Breakout ATM Debit Spread (W250, Off0)",1
2021-12-06,2021-12-07,2021,2021-12-09,2,18.46,16912.25,17044.1,BEAR_PUT,17050.0,16800.0,250.0,0.0,127.65,60.0,127.75,59.9,67.85,50,3392.5,17516.85,-3392.5,54.81,-3447.31,0,-129466.54000000001,Candidate 3,"Causal 10D Breakout ATM Debit Spread (W250, Off0)",1
2021-12-20,2021-12-21,2021,2021-12-23,2,16.34,16614.2,16773.15,BEAR_PUT,16750.0,16500.0,250.0,0.0,108.6,56.45,108.7,56.35,52.35,50,2617.5,17072.6,-2617.5,54.0,-2671.5,0,-132138.04,Candidate 3,"Causal 10D Breakout ATM Debit Spread (W250, Off0)",1
2021-12-31,2022-01-03,2022,2022-01-06,3,16.57,17354.05,17387.15,BULL_CALL,17400.0,17650.0,250.0,0.0,110.0,23.0,110.1,22.9,87.2,50,4360.0,17745.9,8140.0,86.69,8053.31,1,-124084.73000000001,Candidate 3,"Causal 10D Breakout ATM Debit Spread (W250, Off0)",1
2022-01-10,2022-01-11,2022,2022-01-13,2,17.6,18003.3,17997.75,BULL_CALL,18000.0,18250.0,250.0,0.0,117.0,25.0,117.1,24.9,92.2,50,4610.0,18257.8,7890.0,76.31,7813.69,1,-116271.04000000001,Candidate 3,"Causal 10D Breakout ATM Debit Spread (W250, Off0)",1
2022-01-17,2022-01-18,2022,2022-01-20,2,16.56,18308.1,18337.2,BULL_CALL,18350.0,18600.0,250.0,0.0,86.9,14.5,87.0,14.4,72.6,50,3630.0,17757.0,-3630.0,50.78,-3680.78,0,-119951.82,Candidate 3,"Causal 10D Breakout ATM Debit Spread (W250, Off0)",1
2022-01-21,2022-01-24,2022,2022-01-27,2,17.79,17617.15,17575.15,BEAR_PUT,17600.0,17350.0,250.0,0.0,190.0,174.7,190.1,174.6,15.5,50,775.0,17110.15,11725.0,115.91,11609.09,1,-108342.73000000001,Candidate 3,"Causal 10D Breakout ATM Debit Spread (W250, Off0)",1
2022-01-27,2022-01-28,2022,2022-02-03,4,21.36,17110.15,17208.3,BEAR_PUT,17200.0,16950.0,250.0,0.0,251.05,249.7,251.15,249.6,1.55,50,77.5,17560.2,-77.5,70.18,-147.68,0,-108490.41,Candidate 3,"Causal 10D Breakout ATM Debit Spread (W250, Off0)",1
2022-02-14,2022-02-15,2022,2022-02-17,2,18.68,16842.8,16933.25,BEAR_PUT,16950.0,16700.0,250.0,0.0,173.6,124.65,173.7,124.55,49.15,50,2457.5,17304.6,-2457.5,60.17,-2517.67,0,-111008.08,Candidate 3,"Causal 10D Breakout ATM Debit Spread (W250, Off0)",1
2022-03-29,2022-03-30,2022,2022-03-31,1,22.61,17325.3,17468.15,BULL_CALL,17450.0,17700.0,250.0,0.0,128.0,20.0,128.1,19.9,108.2,50,5410.0,17464.75,-4672.5,53.75,-4726.25,0,-115734.33,Candidate 3,"Causal 10D Breakout ATM Debit Spread (W250, Off0)",1
2022-04-01,2022-04-04,2022,2022-04-07,3,20.56,17670.45,17809.1,BULL_CALL,17800.0,18050.0,250.0,0.0,93.5,20.65,93.6,20.55,73.05,50,3652.5,17639.55,-3652.5,51.36,-3703.86,0,-119438.19,Candidate 3,"Causal 10D Breakout ATM Debit Spread (W250, Off0)",1
2022-04-18,2022-04-19,2022,2022-04-21,2,17.79,17173.65,17258.95,BEAR_PUT,17250.0,17000.0,250.0,0.0,121.75,31.8,121.85,31.7,90.15,50,4507.5,17392.6,-4507.5,52.91,-4560.41,0,-123998.6,Candidate 3,"Causal 10D Breakout ATM Debit Spread (W250, Off0)",1
2022-04-25,2022-04-26,2022,2022-04-28,2,18.35,16953.95,17121.3,BEAR_PUT,17100.0,16850.0,250.0,0.0,90.0,54.8,90.1,54.7,35.4,50,1770.0,17245.05,-1770.0,53.32,-1823.32,0,-125821.92000000001,Candidate 3,"Causal 10D Breakout ATM Debit Spread (W250, Off0)",1
2022-05-04,2022-05-05,2022,2022-05-12,5,20.28,16677.6,16854.75,BEAR_PUT,16850.0,16600.0,250.0,0.0,226.95,130.0,227.05,129.9,97.15,50,4857.5,15808.0,7642.5,181.49,7461.01,1,-118360.91000000002,Candidate 3,"Causal 10D Breakout ATM Debit Spread (W250, Off0)",1
2022-05-27,2022-05-30,2022,2022-06-02,3,22.72,16352.45,16527.9,BULL_CALL,16550.0,16800.0,250.0,0.0,100.75,21.25,100.85,21.15,79.7,50,3985.0,16628.0,-85.0,58.8,-143.8,0,-118504.71000000002,Candidate 3,"Causal 10D Breakout ATM Debit Spread (W250, Off0)",1
2022-06-10,2022-06-13,2022,2022-06-16,3,19.14,16201.8,15877.55,BEAR_PUT,15900.0,15650.0,250.0,0.0,91.0,31.15,91.1,31.05,60.05,50,3002.5,15360.6,9497.5,110.13,9387.37,1,-109117.34000000003,Candidate 3,"Causal 10D Breakout ATM Debit Spread (W250, Off0)",1
2022-06-27,2022-06-28,2022,2022-06-30,2,20.55,15832.05,15757.45,BULL_CALL,15750.0,16000.0,250.0,0.0,125.1,37.45,125.2,37.35,87.85,50,4392.5,15780.25,-2880.0,56.14,-2936.14,0,-112053.48000000003,Candidate 3,"Causal 10D Breakout ATM Debit Spread (W250, Off0)",1
2022-07-06,2022-07-07,2022,2022-07-14,5,20.79,15989.8,16113.75,BULL_CALL,16100.0,16350.0,250.0,0.0,160.0,35.75,160.1,35.65,124.45,50,6222.5,15938.65,-6222.5,54.34,-6276.84,0,-118330.32000000002,Candidate 3,"Causal 10D Breakout ATM Debit Spread (W250, Off0)",1
2022-07-18,2022-07-19,2022,2022-07-21,2,17.6,16278.5,16187.05,BULL_CALL,16200.0,16450.0,250.0,0.0,89.95,18.0,90.05,17.9,72.15,50,3607.5,16605.25,8892.5,92.98,8799.52,1,-109530.80000000002,Candidate 3,"Causal 10D Breakout ATM Debit Spread (W250, Off0)",1
2022-07-28,2022-07-29,2022,2022-08-04,4,18.13,16929.6,17079.5,BULL_CALL,17100.0,17350.0,250.0,0.0,115.25,39.8,115.35,39.7,75.65,50,3782.5,17382.0,8717.5,80.1,8637.4,1,-100893.40000000002,Candidate 3,"Causal 10D Breakout ATM Debit Spread (W250, Off0)",1
2022-08-05,2022-08-08,2022,2022-08-11,2,19.26,17397.5,17401.5,BULL_CALL,17400.0,17650.0,250.0,0.0,129.95,30.0,130.05,29.9,100.15,50,5007.5,17659.0,7492.5,77.17,7415.33,1,-93478.07000000002,Candidate 3,"Causal 10D Breakout ATM Debit Spread (W250, Off0)",1
2022-08-29,2022-08-30,2022,2022-09-01,1,18.22,17312.9,17414.95,BEAR_PUT,17400.0,17150.0,250.0,0.0,99.0,29.95,99.1,29.85,69.25,50,3462.5,17542.8,-3462.5,52.09,-3514.59,0,-96992.66000000002,Candidate 3,"Causal 10D Breakout ATM Debit Spread (W250, Off0)",1
2022-09-08,2022-09-09,2022,2022-09-15,4,19.37,17798.75,17923.35,BULL_CALL,17900.0,18150.0,250.0,0.0,134.9,33.4,135.0,33.3,101.7,50,5085.0,17877.4,-5085.0,53.42,-5138.42,0,-102131.08000000002,Candidate 3,"Causal 10D Breakout ATM Debit Spread (W250, Off0)",1
2022-09-16,2022-09-19,2022,2022-09-22,3,18.39,17530.85,17540.65,BEAR_PUT,17550.0,17300.0,250.0,0.0,169.0,58.8,169.1,58.7,110.4,50,5520.0,17629.8,-5520.0,56.02,-5576.02,0,-107707.10000000002,Candidate 3,"Causal 10D Breakout ATM Debit Spread (W250, Off0)",1
2022-09-23,2022-09-26,2022,2022-09-29,3,18.82,17327.35,17156.3,BEAR_PUT,17150.0,16900.0,250.0,0.0,144.65,78.9,144.75,78.8,65.95,50,3297.5,16818.1,9202.5,89.46,9113.04,1,-98594.06000000003,Candidate 3,"Causal 10D Breakout ATM Debit Spread (W250, Off0)",1
2022-10-18,2022-10-19,2022,2022-10-20,1,18.42,17486.95,17568.15,BULL_CALL,17550.0,17800.0,250.0,0.0,77.4,5.55,77.5,5.45,72.05,50,3602.5,17563.95,-2905.0,51.22,-2956.22,0,-101550.28000000003,Candidate 3,"Causal 10D Breakout ATM Debit Spread (W250, Off0)",1
2022-10-27,2022-10-28,2022,2022-11-03,4,16.88,17736.95,17756.4,BULL_CALL,17750.0,18000.0,250.0,0.0,142.0,49.9,142.1,49.8,92.3,50,4615.0,18052.7,7885.0,84.07,7800.93,1,-93749.35000000003,Candidate 3,"Causal 10D Breakout ATM Debit Spread (W250, Off0)",1
2022-11-07,2022-11-09,2022,2022-11-10,1,15.66,18202.8,18288.25,BULL_CALL,18300.0,18550.0,250.0,0.0,55.0,4.3,55.1,4.2,50.9,50,2545.0,18028.2,-2545.0,49.17,-2594.17,0,-96343.52000000003,Candidate 3,"Causal 10D Breakout ATM Debit Spread (W250, Off0)",1
2022-11-11,2022-11-14,2022,2022-11-17,3,15.57,18349.7,18376.4,BULL_CALL,18400.0,18650.0,250.0,0.0,94.0,13.0,94.1,12.9,81.2,50,4060.0,18343.9,-4060.0,50.91,-4110.91,0,-100454.43000000004,Candidate 3,"Causal 10D Breakout ATM Debit Spread (W250, Off0)",1
2022-11-24,2022-11-25,2022,2022-12-01,4,14.04,18484.1,18528.45,BULL_CALL,18550.0,18800.0,250.0,0.0,98.9,18.9,99.0,18.8,80.2,50,4010.0,18812.5,8490.0,75.95,8414.05,1,-92040.38000000003,Candidate 3,"Causal 10D Breakout ATM Debit Spread (W250, Off0)",1
2022-12-09,2022-12-12,2022,2022-12-15,3,13.4,18496.6,18402.15,BEAR_PUT,18400.0,18150.0,250.0,0.0,69.0,12.1,69.1,12.0,57.1,50,2855.0,18414.9,-2855.0,50.08,-2905.08,0,-94945.46000000004,Candidate 3,"Causal 10D Breakout ATM Debit Spread (W250, Off0)",1
2022-12-15,2022-12-16,2022,2022-12-22,4,12.89,18414.9,18319.1,BEAR_PUT,18300.0,18050.0,250.0,0.0,90.0,28.85,90.1,28.75,61.35,50,3067.5,18127.35,5565.0,67.64,5497.36,1,-89448.10000000003,Candidate 3,"Causal 10D Breakout ATM Debit Spread (W250, Off0)",1
2022-12-21,2022-12-22,2022,2022-12-29,5,13.78,18199.1,18288.8,BEAR_PUT,18300.0,18050.0,250.0,0.0,159.75,61.95,159.85,61.85,98.0,50,4900.0,18191.0,550.0,65.96,484.04,1,-88964.06000000004,Candidate 3,"Causal 10D Breakout ATM Debit Spread (W250, Off0)",1
2023-01-12,2023-01-13,2023,2023-01-19,4,15.44,17858.2,17867.5,BEAR_PUT,17850.0,17600.0,250.0,0.0,124.25,49.0,124.35,48.9,75.45,50,3772.5,18107.85,-3772.5,54.04,-3826.54,0,-92790.60000000003,Candidate 3,"Causal 10D Breakout ATM Debit Spread (W250, Off0)",1
2023-01-18,2023-01-19,2023,2023-01-25,4,14.59,18165.35,18119.8,BULL_CALL,18100.0,18350.0,250.0,0.0,151.0,55.0,151.1,54.9,96.2,50,4810.0,17891.95,-4810.0,55.23,-4865.23,0,-97655.83000000003,Candidate 3,"Causal 10D Breakout ATM Debit Spread (W250, Off0)",1
2023-01-27,2023-01-30,2023,2023-02-02,3,14.66,17604.35,17541.95,BEAR_PUT,17550.0,17300.0,250.0,0.0,150.0,82.2,150.1,82.1,68.0,50,3400.0,17610.4,-3400.0,56.85,-3456.85,0,-101112.68000000004,Candidate 3,"Causal 10D Breakout ATM Debit Spread (W250, Off0)",1
2023-02-09,2023-02-10,2023,2023-02-16,4,13.6,17893.45,17847.55,BULL_CALL,17850.0,18100.0,250.0,0.0,145.0,36.0,145.1,35.9,109.2,50,5460.0,18035.85,3832.5,71.0,3761.5,1,-97351.18000000004,Candidate 3,"Causal 10D Breakout ATM Debit Spread (W250, Off0)",1
2023-02-22,2023-02-23,2023,2023-03-02,5,14.01,17554.3,17574.65,BEAR_PUT,17550.0,17300.0,250.0,0.0,114.2,41.0,114.3,40.9,73.4,50,3670.0,17321.9,7735.0,74.24,7660.76,1,-89690.42000000004,Candidate 3,"Causal 10D Breakout ATM Debit Spread (W250, Off0)",1
2023-03-13,2023-03-14,2023,2023-03-16,2,13.41,17154.3,17160.55,BEAR_PUT,17150.0,16900.0,250.0,0.0,101.0,33.95,101.1,33.85,67.25,50,3362.5,16985.6,4857.5,67.53,4789.97,1,-84900.45000000004,Candidate 3,"Causal 10D Breakout ATM Debit Spread (W250, Off0)",1
2023-03-24,2023-03-27,2023,2023-03-29,2,14.49,16945.05,16984.3,BEAR_PUT,17000.0,16750.0,250.0,0.0,109.7,35.0,109.8,34.9,74.9,50,3745.0,17080.7,-3745.0,52.73,-3797.73,0,-88698.18000000004,Candidate 3,"Causal 10D Breakout ATM Debit Spread (W250, Off0)",1
2023-03-31,2023-04-03,2023,2023-04-06,2,13.63,17359.75,17427.95,BULL_CALL,17450.0,17700.0,250.0,0.0,58.95,7.4,59.05,7.3,51.75,50,2587.5,17599.15,4870.0,63.21,4806.79,1,-83891.39000000004,Candidate 3,"Causal 10D Breakout ATM Debit Spread (W250, Off0)",1
2023-04-27,2023-04-28,2023,2023-05-04,3,11.65,17915.05,17950.4,BULL_CALL,17950.0,18200.0,250.0,0.0,99.0,12.05,99.1,11.95,87.15,50,4357.5,18255.8,8142.5,80.81,8061.69,1,-75829.70000000004,Candidate 3,"Causal 10D Breakout ATM Debit Spread (W250, Off0)",1
2023-05-04,2023-05-05,2023,2023-05-11,4,11.84,18255.8,18117.3,BULL_CALL,18100.0,18350.0,250.0,0.0,135.0,28.3,135.1,28.2,106.9,50,5345.0,18297.0,4505.0,71.25,4433.75,1,-71395.95000000004,Candidate 3,"Causal 10D Breakout ATM Debit Spread (W250, Off0)",1
2023-05-15,2023-05-16,2023,2023-05-18,2,12.85,18398.85,18432.35,BULL_CALL,18450.0,18700.0,250.0,0.0,55.0,2.5,55.1,2.4,52.7,50,2635.0,18129.95,-2635.0,49.06,-2684.06,0,-74080.01000000004,Candidate 3,"Causal 10D Breakout ATM Debit Spread (W250, Off0)",1
2023-05-26,2023-05-29,2023,2023-06-01,3,12.52,18499.35,18619.15,BULL_CALL,18600.0,18850.0,250.0,0.0,87.0,7.55,87.1,7.45,79.65,50,3982.5,18487.75,-3982.5,50.36,-4032.86,0,-78112.87000000004,Candidate 3,"Causal 10D Breakout ATM Debit Spread (W250, Off0)",1
2023-06-07,2023-06-08,2023,2023-06-15,5,11.38,18726.4,18725.35,BULL_CALL,18750.0,19000.0,250.0,0.0,104.1,19.0,104.2,18.9,85.3,50,4265.0,18688.1,-4265.0,51.59,-4316.59,0,-82429.46000000004,Candidate 3,"Causal 10D Breakout ATM Debit Spread (W250, Off0)",1
2023-06-14,2023-06-15,2023,2023-06-22,5,11.11,18755.9,18774.45,BULL_CALL,18750.0,19000.0,250.0,0.0,128.0,23.95,128.1,23.85,104.25,50,5212.5,18771.25,-4150.0,54.59,-4204.59,0,-86634.05000000003,Candidate 3,"Causal 10D Breakout ATM Debit Spread (W250, Off0)",1
2023-06-28,2023-06-30,2023,2023-07-06,4,10.78,18972.1,19076.85,BULL_CALL,19100.0,19350.0,250.0,0.0,61.6,11.75,61.7,11.65,50.05,50,2502.5,19497.3,9997.5,90.75,9906.75,1,-76727.30000000003,Candidate 3,"Causal 10D Breakout ATM Debit Spread (W250, Off0)",1
2023-07-14,2023-07-17,2023,2023-07-20,3,10.94,19564.5,19612.15,BULL_CALL,19600.0,19850.0,250.0,0.0,82.0,9.45,82.1,9.35,72.75,50,3637.5,19979.15,8862.5,89.04,8773.46,1,-67953.84000000003,Candidate 3,"Causal 10D Breakout ATM Debit Spread (W250, Off0)",1
2023-08-02,2023-08-03,2023,2023-08-10,5,10.28,19526.55,19463.75,BEAR_PUT,19450.0,19200.0,250.0,0.0,104.95,37.8,105.05,37.7,67.35,50,3367.5,19543.1,-3367.5,52.76,-3420.26,0,-71374.10000000002,Candidate 3,"Causal 10D Breakout ATM Debit Spread (W250, Off0)",1
2023-08-17,2023-08-18,2023,2023-08-24,4,12.13,19365.25,19301.75,BEAR_PUT,19300.0,19050.0,250.0,0.0,95.0,19.0,95.1,18.9,76.2,50,3810.0,19386.7,-3810.0,51.3,-3861.3,0,-75235.40000000002,Candidate 3,"Causal 10D Breakout ATM Debit Spread (W250, Off0)",1
2023-08-25,2023-08-28,2023,2023-08-31,3,11.7,19265.8,19298.35,BEAR_PUT,19300.0,19050.0,250.0,0.0,109.9,24.0,110.0,23.9,86.1,50,4305.0,19253.8,-1995.0,56.32,-2051.32,0,-77286.72000000003,Candidate 3,"Causal 10D Breakout ATM Debit Spread (W250, Off0)",1
2023-08-31,2023-09-01,2023,2023-09-07,4,11.8,19253.8,19258.15,BEAR_PUT,19250.0,19000.0,250.0,0.0,70.0,21.0,70.1,20.9,49.2,50,2460.0,19727.05,-2460.0,50.65,-2510.65,0,-79797.37000000002,Candidate 3,"Causal 10D Breakout ATM Debit Spread (W250, Off0)",1
2023-09-13,2023-09-14,2023,2023-09-21,4,11.69,20070.0,20127.95,BULL_CALL,20150.0,20400.0,250.0,0.0,105.4,27.05,105.5,26.95,78.55,50,3927.5,19742.35,-3927.5,52.12,-3979.62,0,-83776.99000000002,Candidate 3,"Causal 10D Breakout ATM Debit Spread (W250, Off0)",1
2023-09-22,2023-09-25,2023,2023-09-28,3,10.82,19674.25,19678.2,BEAR_PUT,19700.0,19450.0,250.0,0.0,80.0,18.45,80.1,18.35,61.75,50,3087.5,19523.55,5735.0,67.05,5667.95,1,-78109.04000000002,Candidate 3,"Causal 10D Breakout ATM Debit Spread (W250, Off0)",1
2023-09-28,2023-09-29,2023,2023-10-05,3,11.59,19523.55,19581.2,BEAR_PUT,19600.0,19350.0,250.0,0.0,130.0,38.5,130.1,38.4,91.7,50,4585.0,19545.75,-1872.5,58.57,-1931.07,0,-80040.11000000003,Candidate 3,"Causal 10D Breakout ATM Debit Spread (W250, Off0)",1
2023-10-04,2023-10-05,2023,2023-10-12,5,11.79,19436.1,19521.85,BEAR_PUT,19500.0,19250.0,250.0,0.0,104.55,32.0,104.65,31.9,72.75,50,3637.5,19794.0,-3637.5,52.39,-3689.89,0,-83730.00000000003,Candidate 3,"Causal 10D Breakout ATM Debit Spread (W250, Off0)",1
2023-10-11,2023-10-12,2023,2023-10-19,5,11.27,19811.35,19822.7,BULL_CALL,19800.0,20050.0,250.0,0.0,147.55,39.0,147.65,38.9,108.75,50,5437.5,19624.7,-5437.5,54.15,-5491.65,0,-89221.65000000002,Candidate 3,"Causal 10D Breakout ATM Debit Spread (W250, Off0)",1
2023-10-23,2023-10-25,2023,2023-10-26,1,10.82,19281.75,19286.45,BEAR_PUT,19300.0,19050.0,250.0,0.0,107.0,12.0,107.1,11.9,95.2,50,4760.0,18857.25,7740.0,97.71,7642.29,1,-81579.36000000003,Candidate 3,"Causal 10D Breakout ATM Debit Spread (W250, Off0)",1
2023-11-08,2023-11-09,2023,2023-11-16,4,11.19,19443.5,19457.4,BULL_CALL,19450.0,19700.0,250.0,0.0,110.05,27.0,110.15,26.9,83.25,50,4162.5,19765.2,8337.5,83.2,8254.3,1,-73325.06000000003,Candidate 3,"Causal 10D Breakout ATM Debit Spread (W250, Off0)",1
2023-11-21,2023-11-22,2023,2023-11-23,1,12.15,19783.4,19784.0,BULL_CALL,19800.0,20050.0,250.0,0.0,60.0,5.15,60.1,5.05,55.05,50,2752.5,19802.0,-2652.5,49.56,-2702.06,0,-76027.12000000002,Candidate 3,"Causal 10D Breakout ATM Debit Spread (W250, Off0)",1
2023-11-28,2023-11-29,2023,2023-11-30,1,11.33,19889.7,19976.55,BULL_CALL,20000.0,20250.0,250.0,0.0,53.35,1.95,53.45,1.85,51.6,50,2580.0,20133.15,4077.5,61.23,4016.27,1,-72010.85000000002,Candidate 3,"Causal 10D Breakout ATM Debit Spread (W250, Off0)",1
2023-12-08,2023-12-11,2023,2023-12-14,3,12.67,20969.4,20965.3,BULL_CALL,20950.0,21200.0,250.0,0.0,150.0,37.2,150.1,37.1,113.0,50,5650.0,21182.7,5985.0,75.54,5909.46,1,-66101.39000000001,Candidate 3,"Causal 10D Breakout ATM Debit Spread (W250, Off0)",1
2023-12-14,2023-12-15,2023,2023-12-21,4,12.07,21182.7,21287.45,BULL_CALL,21300.0,21550.0,250.0,0.0,135.6,57.0,135.7,56.9,78.8,50,3940.0,21255.05,-3940.0,54.87,-3994.87,0,-70096.26000000001,Candidate 3,"Causal 10D Breakout ATM Debit Spread (W250, Off0)",1
2023-12-27,2023-12-28,2023,2024-01-04,5,14.68,21654.75,21715.0,BULL_CALL,21700.0,21950.0,250.0,0.0,218.0,109.4,218.1,109.3,108.8,50,5440.0,21658.6,-5440.0,60.62,-5500.62,0,-75596.88,Candidate 3,"Causal 10D Breakout ATM Debit Spread (W250, Off0)",1
2024-01-12,2024-01-15,2024,2024-01-18,3,12.77,21894.55,22053.15,BULL_CALL,22050.0,22300.0,250.0,0.0,114.95,30.2,115.05,30.1,84.95,50,4247.5,21462.25,-4247.5,52.6,-4300.1,0,-79896.98000000001,Candidate 3,"Causal 10D Breakout ATM Debit Spread (W250, Off0)",1
2024-01-18,2024-01-19,2024,2024-01-25,3,15.08,21462.25,21615.2,BEAR_PUT,21600.0,21350.0,250.0,0.0,154.65,50.0,154.75,49.9,104.85,50,5242.5,21352.6,7127.5,77.82,7049.68,1,-72847.30000000002,Candidate 3,"Causal 10D Breakout ATM Debit Spread (W250, Off0)",1
2024-02-02,2024-02-05,2024,2024-02-08,3,14.46,21853.8,21921.05,BULL_CALL,21900.0,22150.0,250.0,0.0,162.6,53.05,162.7,52.95,109.75,50,5487.5,21717.95,-5487.5,55.47,-5542.97,0,-78390.27000000002,Candidate 3,"Causal 10D Breakout ATM Debit Spread (W250, Off0)",1
2024-02-16,2024-02-19,2024,2024-02-22,3,15.23,22040.7,22103.45,BULL_CALL,22100.0,22350.0,250.0,0.0,155.0,40.8,155.1,40.7,114.4,50,5720.0,22217.45,152.5,65.3,87.2,1,-78303.07000000002,Candidate 3,"Causal 10D Breakout ATM Debit Spread (W250, Off0)",1
2024-02-22,2024-02-23,2024,2024-02-29,4,15.93,22217.45,22290.0,BULL_CALL,22300.0,22550.0,250.0,0.0,150.5,59.35,150.6,59.25,91.35,50,4567.5,21982.8,-4567.5,55.48,-4622.98,0,-82926.05000000002,Candidate 3,"Causal 10D Breakout ATM Debit Spread (W250, Off0)",1
2024-03-01,2024-03-04,2024,2024-03-07,3,15.57,22338.75,22403.5,BULL_CALL,22400.0,22650.0,250.0,0.0,150.95,42.4,151.05,42.3,108.75,50,5437.5,22493.55,-760.0,63.08,-823.08,0,-83749.13000000002,Candidate 3,"Causal 10D Breakout ATM Debit Spread (W250, Off0)",1
2024-03-06,2024-03-07,2024,2024-03-14,4,14.38,22474.05,22505.3,BULL_CALL,22500.0,22750.0,250.0,0.0,198.95,72.0,199.05,71.9,127.15,50,6357.5,22146.65,-6357.5,57.75,-6415.25,0,-90164.38000000002,Candidate 3,"Causal 10D Breakout ATM Debit Spread (W250, Off0)",1
2024-03-19,2024-03-20,2024,2024-03-21,1,13.9,21817.45,21843.9,BEAR_PUT,21850.0,21600.0,250.0,0.0,90.0,23.65,90.1,23.55,66.55,50,3327.5,22011.95,-3327.5,51.43,-3378.93,0,-93543.31000000001,Candidate 3,"Causal 10D Breakout ATM Debit Spread (W250, Off0)",1
2024-03-28,2024-04-01,2024,2024-04-04,3,12.7,22326.9,22455.0,BULL_CALL,22450.0,22700.0,250.0,0.0,102.0,35.35,102.1,35.25,66.85,50,3342.5,22514.65,-110.0,58.47,-168.47,0,-93711.78000000001,Candidate 3,"Causal 10D Breakout ATM Debit Spread (W250, Off0)",1
2024-04-04,2024-04-05,2024,2024-04-10,3,11.37,22514.65,22486.4,BULL_CALL,22500.0,22750.0,250.0,0.0,140.0,44.7,140.1,44.6,95.5,50,4775.0,22753.8,7725.0,77.74,7647.26,1,-86064.52000000002,Candidate 3,"Causal 10D Breakout ATM Debit Spread (W250, Off0)",1
2024-04-10,2024-04-12,2024,2024-04-18,3,11.36,22753.8,22677.4,BULL_CALL,22700.0,22950.0,250.0,0.0,145.0,39.1,145.1,39.0,106.1,50,5305.0,21995.85,-5305.0,54.08,-5359.08,0,-91423.60000000002,Candidate 3,"Causal 10D Breakout ATM Debit Spread (W250, Off0)",1
2024-04-29,2024-04-30,2024,2024-05-02,1,10.93,22643.4,22679.65,BULL_CALL,22700.0,22950.0,250.0,0.0,89.0,10.95,89.1,10.85,78.25,25,1956.25,22648.2,-1956.25,48.91,-2005.16,0,-93428.76000000002,Candidate 3,"Causal 10D Breakout ATM Debit Spread (W250, Off0)",1
2024-05-02,2024-05-03,2024,2024-05-09,4,12.87,22648.2,22766.35,BULL_CALL,22750.0,23000.0,250.0,0.0,151.05,51.95,151.15,51.85,99.3,25,2482.5,21957.5,-2482.5,51.12,-2533.62,0,-95962.38000000002,Candidate 3,"Causal 10D Breakout ATM Debit Spread (W250, Off0)",1
2024-05-09,2024-05-10,2024,2024-05-16,4,17.08,21957.5,21990.95,BEAR_PUT,22000.0,21750.0,250.0,0.0,159.9,80.0,160.0,79.9,80.1,25,2002.5,22403.85,-2002.5,52.11,-2054.61,0,-98016.99000000002,Candidate 3,"Causal 10D Breakout ATM Debit Spread (W250, Off0)",1
2024-05-21,2024-05-22,2024,2024-05-23,1,19.8,22529.05,22576.6,BULL_CALL,22600.0,22850.0,250.0,0.0,70.0,9.95,70.1,9.85,60.25,25,1506.25,22967.65,4743.75,67.25,4676.5,1,-93340.49000000002,Candidate 3,"Causal 10D Breakout ATM Debit Spread (W250, Off0)",1
2024-06-07,2024-06-10,2024,2024-06-13,3,16.8,23290.15,23319.15,BULL_CALL,23300.0,23550.0,250.0,0.0,209.9,108.0,210.0,107.9,102.1,25,2552.5,23398.9,-80.0,58.29,-138.29,0,-93478.78000000001,Candidate 3,"Causal 10D Breakout ATM Debit Spread (W250, Off0)",1
2024-06-12,2024-06-13,2024,2024-06-20,4,14.77,23322.95,23480.95,BULL_CALL,23500.0,23750.0,250.0,0.0,146.4,53.05,146.5,52.95,93.55,25,2338.75,23567.0,-663.75,54.17,-717.92,0,-94196.70000000001,Candidate 3,"Causal 10D Breakout ATM Debit Spread (W250, Off0)",1
2024-06-20,2024-06-21,2024,2024-06-27,4,13.71,23567.0,23661.15,BULL_CALL,23650.0,23900.0,250.0,0.0,116.2,35.65,116.3,35.55,80.75,25,2018.75,24044.5,4231.25,70.38,4160.87,1,-90035.83000000002,Candidate 3,"Causal 10D Breakout ATM Debit Spread (W250, Off0)",1
2024-07-01,2024-07-02,2024,2024-07-04,2,13.8,24141.95,24228.75,BULL_CALL,24250.0,24500.0,250.0,0.0,87.6,16.55,87.7,16.45,71.25,25,1781.25,24302.15,-477.5,51.46,-528.96,0,-90564.79000000002,Candidate 3,"Causal 10D Breakout ATM Debit Spread (W250, Off0)",1
2024-07-03,2024-07-04,2024,2024-07-11,5,13.64,24286.5,24369.95,BULL_CALL,24350.0,24600.0,250.0,0.0,192.0,66.0,192.1,65.9,126.2,25,3155.0,24315.95,-3155.0,52.19,-3207.19,0,-93771.98000000003,Candidate 3,"Causal 10D Breakout ATM Debit Spread (W250, Off0)",1
2024-07-12,2024-07-15,2024,2024-07-18,2,14.0,24502.15,24587.6,BULL_CALL,24600.0,24850.0,250.0,0.0,104.75,15.5,104.85,15.4,89.45,25,2236.25,24800.85,2785.0,58.54,2726.46,1,-91045.52000000002,Candidate 3,"Causal 10D Breakout ATM Debit Spread (W250, Off0)",1
2024-07-26,2024-07-29,2024,2024-08-01,3,12.62,24834.85,24943.3,BULL_CALL,24950.0,25200.0,250.0,0.0,131.65,30.0,131.75,29.9,101.85,25,2546.25,25010.9,-1023.75,52.96,-1076.71,0,-92122.23000000003,Candidate 3,"Causal 10D Breakout ATM Debit Spread (W250, Off0)",1
2024-08-05,2024-08-06,2024,2024-08-08,2,14.32,24055.6,24189.85,BEAR_PUT,24200.0,23950.0,250.0,0.0,142.0,100.05,142.1,99.95,42.15,25,1053.75,24117.0,1021.25,56.27,964.98,1,-91157.25000000003,Candidate 3,"Causal 10D Breakout ATM Debit Spread (W250, Off0)",1
2024-08-20,2024-08-21,2024,2024-08-22,1,14.32,24698.85,24680.55,BULL_CALL,24700.0,24950.0,250.0,0.0,78.3,7.95,78.4,7.85,70.55,25,1763.75,24811.5,1023.75,53.79,969.96,1,-90187.29000000002,Candidate 3,"Causal 10D Breakout ATM Debit Spread (W250, Off0)",1
2024-09-12,2024-09-13,2024,2024-09-19,4,13.63,25388.9,25430.45,BULL_CALL,25450.0,25700.0,250.0,0.0,99.0,29.0,99.1,28.9,70.2,25,1755.0,25415.8,-1755.0,49.62,-1804.62,0,-91991.91000000002,Candidate 3,"Causal 10D Breakout ATM Debit Spread (W250, Off0)",1
2024-09-20,2024-09-23,2024,2024-09-26,3,12.47,25790.95,25872.55,BULL_CALL,25850.0,26100.0,250.0,0.0,125.0,23.45,125.1,23.35,101.75,25,2543.75,26216.05,3706.25,68.42,3637.83,1,-88354.08000000002,Candidate 3,"Causal 10D Breakout ATM Debit Spread (W250, Off0)",1
2024-10-03,2024-10-04,2024,2024-10-10,4,11.99,25250.1,25181.9,BEAR_PUT,25200.0,24950.0,250.0,0.0,135.1,79.95,135.2,79.85,55.35,25,1383.75,24998.45,3655.0,61.75,3593.25,1,-84760.83000000002,Candidate 3,"Causal 10D Breakout ATM Debit Spread (W250, Off0)",1
2024-10-17,2024-10-18,2024,2024-10-24,4,13.05,24749.85,24664.95,BEAR_PUT,24650.0,24400.0,250.0,0.0,136.0,65.0,136.1,64.9,71.2,25,1780.0,24399.4,4470.0,63.44,4406.56,1,-80354.27000000002,Candidate 3,"Causal 10D Breakout ATM Debit Spread (W250, Off0)",1
2024-11-04,2024-11-05,2024,2024-11-07,2,15.9,23995.35,23916.5,BEAR_PUT,23900.0,23650.0,250.0,0.0,160.0,78.35,160.1,78.25,81.85,25,2046.25,24199.35,-2046.25,52.8,-2099.05,0,-82453.32000000002,Candidate 3,"Causal 10D Breakout ATM Debit Spread (W250, Off0)",1
2024-11-06,2024-11-07,2024,2024-11-14,5,16.12,24484.05,24489.6,BULL_CALL,24500.0,24750.0,250.0,0.0,200.0,105.7,200.1,105.6,94.5,25,2362.5,23532.7,-2362.5,54.51,-2417.01,0,-84870.33000000002,Candidate 3,"Causal 10D Breakout ATM Debit Spread (W250, Off0)",1
2024-11-21,2024-11-22,2024,2024-11-28,4,15.66,23349.9,23411.8,BEAR_PUT,23400.0,23150.0,250.0,0.0,188.55,98.15,188.65,98.05,90.6,25,2265.0,23914.15,-2265.0,54.03,-2319.03,0,-87189.36000000002,Candidate 3,"Causal 10D Breakout ATM Debit Spread (W250, Off0)",1
2024-11-27,2024-11-28,2024,2024-12-05,5,15.31,24274.9,24274.15,BULL_CALL,24250.0,24500.0,250.0,0.0,234.9,90.55,235.0,90.45,144.55,25,3613.75,24708.4,2636.25,78.63,2557.62,1,-84631.74000000002,Candidate 3,"Causal 10D Breakout ATM Debit Spread (W250, Off0)",1
2024-12-13,2024-12-16,2024,2024-12-19,3,13.19,24768.3,24753.4,BULL_CALL,24750.0,25000.0,250.0,0.0,121.95,63.2,122.05,63.1,58.95,25,1473.75,23951.7,-1473.75,51.61,-1525.36,0,-86157.10000000002,Candidate 3,"Causal 10D Breakout ATM Debit Spread (W250, Off0)",1
2025-01-09,2025-01-10,2025,2025-01-16,4,14.47,23526.5,23551.9,BEAR_PUT,23550.0,23300.0,250.0,0.0,174.95,75.5,175.05,75.4,99.65,75,7473.75,23311.8,10391.25,97.25,10294.0,1,-75863.10000000002,Candidate 3,"Causal 10D Breakout ATM Debit Spread (W250, Off0)",1
2025-01-21,2025-01-22,2025,2025-01-23,1,16.42,23024.65,23099.15,BEAR_PUT,23100.0,22850.0,250.0,0.0,100.0,39.95,100.1,39.85,60.25,75,4518.75,23205.35,-4518.75,56.62,-4575.37,0,-80438.47000000002,Candidate 3,"Causal 10D Breakout ATM Debit Spread (W250, Off0)",1
2025-01-27,2025-01-28,2025,2025-01-30,2,16.75,22829.15,22960.45,BEAR_PUT,22950.0,22700.0,250.0,0.0,158.25,67.0,158.35,66.9,91.45,25,2286.25,23249.5,-2286.25,52.32,-2338.57,0,-82777.04000000002,Candidate 3,"Causal 10D Breakout ATM Debit Spread (W250, Off0)",1
2025-01-31,2025-02-03,2025,2025-02-06,3,17.39,23508.4,23319.35,BULL_CALL,23300.0,23550.0,250.0,0.0,198.0,60.0,198.1,59.9,138.2,75,10365.0,23603.35,8385.0,107.83,8277.17,1,-74499.87000000002,Candidate 3,"Causal 10D Breakout ATM Debit Spread (W250, Off0)",1
2025-02-12,2025-02-13,2025,2025-02-20,5,14.87,23045.25,23055.75,BEAR_PUT,23050.0,22800.0,250.0,0.0,177.4,91.0,177.5,90.9,86.6,75,6495.0,22913.15,3768.75,85.21,3683.54,1,-70816.33000000003,Candidate 3,"Causal 10D Breakout ATM Debit Spread (W250, Off0)",1
2025-02-20,2025-02-21,2025,2025-02-27,3,15.42,22913.15,22857.2,BEAR_PUT,22850.0,22600.0,250.0,0.0,133.3,59.4,133.4,59.3,74.1,75,5557.5,22545.05,13192.5,105.04,13087.46,1,-57728.87000000003,Candidate 3,"Causal 10D Breakout ATM Debit Spread (W250, Off0)",1
2025-03-18,2025-03-19,2025,2025-03-20,1,13.42,22834.3,22874.95,BULL_CALL,22850.0,23100.0,250.0,0.0,103.0,10.0,103.1,9.9,93.2,75,6990.0,23190.65,11760.0,104.24,11655.76,1,-46073.11000000003,Candidate 3,"Causal 10D Breakout ATM Debit Spread (W250, Off0)",1
2025-04-04,2025-04-07,2025,2025-04-09,2,13.6,22904.45,21758.4,BEAR_PUT,21750.0,21500.0,250.0,0.0,203.25,100.0,203.35,99.9,103.45,75,7758.75,22399.15,-7758.75,68.6,-7827.35,0,-53900.46000000003,Candidate 3,"Causal 10D Breakout ATM Debit Spread (W250, Off0)",1
2025-04-17,2025-04-21,2025,2025-04-24,3,15.87,23851.65,23949.15,BULL_CALL,23950.0,24200.0,250.0,0.0,150.4,63.5,150.5,63.4,87.1,75,6532.5,24246.7,12217.5,104.82,12112.68,1,-41787.78000000003,Candidate 3,"Causal 10D Breakout ATM Debit Spread (W250, Off0)",1
2025-04-29,2025-04-30,2025,2025-05-08,5,16.94,24335.95,24342.05,BULL_CALL,24350.0,24600.0,250.0,0.0,226.5,100.6,226.6,100.5,126.1,75,9457.5,24273.8,-9457.5,69.75,-9527.25,0,-51315.03000000003,Candidate 3,"Causal 10D Breakout ATM Debit Spread (W250, Off0)",1
2025-05-09,2025-05-12,2025,2025-05-15,3,21.01,24008.0,24420.1,BEAR_PUT,24400.0,24150.0,250.0,0.0,180.05,90.0,180.15,89.9,90.25,75,6768.75,25062.1,-6768.75,66.32,-6835.07,0,-58150.10000000003,Candidate 3,"Causal 10D Breakout ATM Debit Spread (W250, Off0)",1
2025-05-15,2025-05-16,2025,2025-05-22,4,17.23,25062.1,25064.65,BULL_CALL,25050.0,25300.0,250.0,0.0,194.05,84.9,194.15,84.8,109.35,75,8201.25,24609.7,-8201.25,66.37,-8267.62,0,-66417.72000000003,Candidate 3,"Causal 10D Breakout ATM Debit Spread (W250, Off0)",1
2025-06-03,2025-06-04,2025,2025-06-05,1,17.16,24542.5,24560.45,BEAR_PUT,24550.0,24300.0,250.0,0.0,127.4,39.9,127.5,39.8,87.7,75,6577.5,24750.9,-6577.5,57.89,-6635.39,0,-73053.11000000003,Candidate 3,"Causal 10D Breakout ATM Debit Spread (W250, Off0)",1
2025-06-06,2025-06-09,2025,2025-06-12,3,15.08,25003.05,25160.1,BULL_CALL,25150.0,25400.0,250.0,0.0,143.95,47.0,144.05,46.9,97.15,75,7286.25,24888.2,-7286.25,59.51,-7345.76,0,-80398.87000000002,Candidate 3,"Causal 10D Breakout ATM Debit Spread (W250, Off0)",1
2025-06-25,2025-06-26,2025,2025-07-03,5,13.64,25244.75,25268.95,BULL_CALL,25250.0,25500.0,250.0,0.0,190.9,84.0,191.0,83.9,107.1,75,8032.5,25405.3,3615.0,87.56,3527.44,1,-76871.43000000002,Candidate 3,"Causal 10D Breakout ATM Debit Spread (W250, Off0)",1
2025-07-10,2025-07-11,2025,2025-07-17,4,11.94,25355.25,25255.5,BEAR_PUT,25250.0,25000.0,250.0,0.0,103.0,40.0,103.1,39.9,63.2,75,4740.0,25111.45,5651.25,75.9,5575.35,1,-71296.08000000002,Candidate 3,"Causal 10D Breakout ATM Debit Spread (W250, Off0)",1
2025-07-18,2025-07-21,2025,2025-07-24,3,11.24,24968.4,24999.0,BEAR_PUT,25000.0,24750.0,250.0,0.0,120.0,36.0,120.1,35.9,84.2,75,6315.0,25062.1,-6315.0,57.08,-6372.08,0,-77668.16000000002,Candidate 3,"Causal 10D Breakout ATM Debit Spread (W250, Off0)",1
2025-07-25,2025-07-28,2025,2025-07-31,3,10.72,24837.0,24782.45,BEAR_PUT,24800.0,24550.0,250.0,0.0,98.45,31.6,98.55,31.5,67.05,75,5028.75,24768.35,-2655.0,59.92,-2714.92,0,-80383.08000000002,Candidate 3,"Causal 10D Breakout ATM Debit Spread (W250, Off0)",1
2025-08-01,2025-08-04,2025,2025-08-07,3,11.54,24565.35,24596.05,BEAR_PUT,24600.0,24350.0,250.0,0.0,151.2,65.2,151.3,65.1,86.2,75,6465.0,24596.15,-6176.25,62.55,-6238.8,0,-86621.88000000002,Candidate 3,"Causal 10D Breakout ATM Debit Spread (W250, Off0)",1
2025-08-08,2025-08-11,2025,2025-08-14,3,11.69,24363.3,24371.5,BEAR_PUT,24350.0,24100.0,250.0,0.0,105.0,38.2,105.1,38.1,67.0,75,5025.0,24631.3,-5025.0,56.64,-5081.64,0,-91703.52000000002,Candidate 3,"Causal 10D Breakout ATM Debit Spread (W250, Off0)",1
2025-08-18,2025-08-19,2025,2025-08-21,2,12.36,24876.95,24891.35,BULL_CALL,24900.0,25150.0,250.0,0.0,130.65,30.95,130.75,30.85,99.9,75,7492.5,25083.75,6288.75,82.35,6206.4,1,-85497.12000000002,Candidate 3,"Causal 10D Breakout ATM Debit Spread (W250, Off0)",1
2025-08-29,2025-09-01,2025,2025-09-02,1,12.18,24426.85,24432.7,BEAR_PUT,24450.0,24200.0,250.0,0.0,65.0,14.7,65.1,14.6,50.5,75,3787.5,24579.6,-3787.5,51.98,-3839.48,0,-89336.60000000002,Candidate 3,"Causal 10D Breakout ATM Debit Spread (W250, Off0)",1
2025-09-10,2025-09-11,2025,2025-09-16,3,10.69,24973.1,24945.5,BULL_CALL,24950.0,25200.0,250.0,0.0,154.55,39.25,154.65,39.15,115.5,75,8662.5,25239.1,10087.5,100.73,9986.77,1,-79349.83000000002,Candidate 3,"Causal 10D Breakout ATM Debit Spread (W250, Off0)",1
2025-09-16,2025-09-17,2025,2025-09-23,4,10.4,25239.1,25276.6,BULL_CALL,25300.0,25550.0,250.0,0.0,133.0,40.0,133.1,39.9,93.2,75,6990.0,25169.5,-6990.0,58.16,-7048.16,0,-86397.99000000002,Candidate 3,"Causal 10D Breakout ATM Debit Spread (W250, Off0)",1
2025-09-25,2025-09-26,2025,2025-09-30,2,10.52,24890.85,24818.55,BEAR_PUT,24800.0,24550.0,250.0,0.0,51.4,13.0,51.5,12.9,38.6,75,2895.0,24611.1,11272.5,77.22,11195.28,1,-75202.71000000002,Candidate 3,"Causal 10D Breakout ATM Debit Spread (W250, Off0)",1
2025-10-09,2025-10-10,2025,2025-10-14,2,10.31,25181.8,25167.65,BULL_CALL,25150.0,25400.0,250.0,0.0,117.05,19.8,117.15,19.7,97.45,75,7308.75,25145.5,-7308.75,55.01,-7363.76,0,-82566.47000000002,Candidate 3,"Causal 10D Breakout ATM Debit Spread (W250, Off0)",1
2025-10-15,2025-10-16,2025,2025-10-20,2,11.16,25323.55,25394.9,BULL_CALL,25400.0,25650.0,250.0,0.0,100.8,19.8,100.9,19.7,81.2,75,6090.0,25843.15,12660.0,124.01,12535.99,1,-70030.48000000001,Candidate 3,"Causal 10D Breakout ATM Debit Spread (W250, Off0)",1
2025-10-27,2025-10-28,2025,2025-11-04,5,11.59,25966.05,25939.95,BULL_CALL,25950.0,26200.0,250.0,0.0,248.75,122.1,248.85,122.0,126.85,75,9513.75,25597.65,-9513.75,73.35,-9587.1,0,-79617.58000000002,Candidate 3,"Causal 10D Breakout ATM Debit Spread (W250, Off0)",1
2025-11-04,2025-11-06,2025,2025-11-11,3,12.67,25597.65,25593.35,BEAR_PUT,25600.0,25350.0,250.0,0.0,123.05,53.1,123.15,53.0,70.15,75,5261.25,25694.95,-5261.25,59.26,-5320.51,0,-84938.09000000001,Candidate 3,"Causal 10D Breakout ATM Debit Spread (W250, Off0)",1
2025-11-14,2025-11-17,2025,2025-11-18,1,12.16,25910.05,25948.2,BULL_CALL,25950.0,26200.0,250.0,0.0,100.6,18.9,100.7,18.8,81.9,75,6142.5,25910.05,-6142.5,54.14,-6196.64,0,-91134.73000000001,Candidate 3,"Causal 10D Breakout ATM Debit Spread (W250, Off0)",1
2025-11-19,2025-11-20,2025,2025-11-25,3,12.1,26052.65,26132.1,BULL_CALL,26150.0,26400.0,250.0,0.0,130.0,37.9,130.1,37.8,92.3,75,6922.5,25884.8,-6922.5,57.77,-6980.27,0,-98115.00000000001,Candidate 3,"Causal 10D Breakout ATM Debit Spread (W250, Off0)",1
2025-11-26,2025-11-27,2025,2025-12-02,3,12.24,26205.3,26261.25,BULL_CALL,26250.0,26500.0,250.0,0.0,130.05,32.35,130.15,32.25,97.9,75,7342.5,26032.2,-7342.5,57.11,-7399.61,0,-105514.61000000002,Candidate 3,"Causal 10D Breakout ATM Debit Spread (W250, Off0)",1
2025-12-09,2025-12-10,2025,2025-12-16,4,11.13,25839.65,25864.05,BEAR_PUT,25850.0,25600.0,250.0,0.0,139.95,39.4,140.05,39.3,100.75,75,7556.25,25860.1,-7556.25,58.41,-7614.66,0,-113129.27000000002,Candidate 3,"Causal 10D Breakout ATM Debit Spread (W250, Off0)",1
2026-01-02,2026-01-05,2026,2026-01-06,1,9.19,26328.55,26333.7,BULL_CALL,26350.0,26600.0,250.0,0.0,66.0,5.15,66.1,5.05,61.05,65,3968.25,26178.7,-3968.25,50.39,-4018.64,0,-117147.91000000002,Candidate 3,"Causal 10D Breakout ATM Debit Spread (W250, Off0)",1
2026-01-08,2026-01-09,2026,2026-01-13,2,9.95,25876.85,25840.4,BEAR_PUT,25850.0,25600.0,250.0,0.0,75.0,19.4,75.1,19.3,55.8,65,3627.0,25732.3,4023.5,66.31,3957.19,1,-113190.72000000002,Candidate 3,"Causal 10D Breakout ATM Debit Spread (W250, Off0)",1
2026-01-14,2026-01-16,2026,2026-01-20,2,11.2,25665.6,25696.05,BEAR_PUT,25700.0,25450.0,250.0,0.0,105.0,43.0,105.1,42.9,62.2,65,4043.0,25232.5,12207.0,120.19,12086.81,1,-101103.91000000002,Candidate 3,"Causal 10D Breakout ATM Debit Spread (W250, Off0)",1
2026-01-19,2026-01-20,2026,2026-01-27,4,11.37,25585.5,25580.3,BEAR_PUT,25600.0,25350.0,250.0,0.0,152.55,70.0,152.65,69.9,82.75,65,5378.75,25175.4,10871.25,118.12,10753.13,1,-90350.78000000001,Candidate 3,"Causal 10D Breakout ATM Debit Spread (W250, Off0)",1
2026-01-23,2026-01-27,2026,2026-02-03,5,13.35,25048.65,25063.35,BEAR_PUT,25050.0,24800.0,250.0,0.0,218.0,149.6,218.1,149.5,68.6,65,4459.0,25727.55,-4459.0,71.47,-4530.47,0,-94881.25000000001,Candidate 3,"Causal 10D Breakout ATM Debit Spread (W250, Off0)",1
2026-02-03,2026-02-04,2026,2026-02-10,4,13.87,25727.55,25675.05,BULL_CALL,25700.0,25950.0,250.0,0.0,199.2,99.0,199.3,98.9,100.4,65,6526.0,25935.15,8758.75,93.62,8665.13,1,-86216.12000000001,Candidate 3,"Causal 10D Breakout ATM Debit Spread (W250, Off0)",1
2026-02-09,2026-02-10,2026,2026-02-17,5,11.94,25867.3,25922.65,BULL_CALL,25900.0,26150.0,250.0,0.0,165.0,69.85,165.1,69.75,95.35,65,6197.75,25725.4,-6197.75,61.08,-6258.83,0,-92474.95000000001,Candidate 3,"Causal 10D Breakout ATM Debit Spread (W250, Off0)",1
2026-02-19,2026-02-20,2026,2026-02-24,2,12.22,25454.35,25406.55,BEAR_PUT,25400.0,25150.0,250.0,0.0,150.0,51.75,150.1,51.65,98.45,65,6399.25,25424.65,-6399.25,58.6,-6457.85,0,-98932.80000000002,Candidate 3,"Causal 10D Breakout ATM Debit Spread (W250, Off0)",1
2026-02-24,2026-02-25,2026,2026-03-02,3,14.17,25424.65,25512.6,BEAR_PUT,25500.0,25250.0,250.0,0.0,159.0,88.0,159.1,87.9,71.2,65,4628.0,24865.7,11622.0,153.39,11468.61,1,-87464.19000000002,Candidate 3,"Causal 10D Breakout ATM Debit Spread (W250, Off0)",1
2026-02-27,2026-03-02,2026,2026-03-10,5,13.06,25178.65,24659.25,BEAR_PUT,24650.0,24400.0,250.0,0.0,150.0,85.0,150.1,84.9,65.2,65,4238.0,24261.6,12012.0,113.84,11898.16,1,-75566.03000000001,Candidate 3,"Causal 10D Breakout ATM Debit Spread (W250, Off0)",1
2026-03-11,2026-03-12,2026,2026-03-17,3,18.91,23866.85,23674.85,BEAR_PUT,23650.0,23400.0,250.0,0.0,281.35,145.3,281.45,145.2,136.25,65,8856.25,23581.15,-4381.0,81.82,-4462.82,0,-80028.85,Candidate 3,"Causal 10D Breakout ATM Debit Spread (W250, Off0)",1
2026-03-19,2026-03-20,2026,2026-03-24,2,18.72,23002.15,23110.15,BEAR_PUT,23100.0,22850.0,250.0,0.0,260.2,169.0,260.3,168.9,91.4,65,5941.0,22912.4,6253.0,97.63,6155.37,1,-73873.48000000001,Candidate 3,"Causal 10D Breakout ATM Debit Spread (W250, Off0)",1
2026-04-10,2026-04-13,2026,2026-04-21,5,20.43,24050.6,23589.6,BULL_CALL,23600.0,23850.0,250.0,0.0,365.8,220.25,365.9,220.15,145.75,65,9473.75,24576.6,6776.25,229.54,6546.71,1,-67326.77,Candidate 3,"Causal 10D Breakout ATM Debit Spread (W250, Off0)",1
2026-05-11,2026-05-12,2026,2026-05-19,5,16.84,23815.85,23722.6,BEAR_PUT,23700.0,23450.0,250.0,0.0,204.8,120.0,204.9,119.9,85.0,65,5525.0,23618.0,-195.0,77.69,-272.69,0,-67599.46,Candidate 3,"Causal 10D Breakout ATM Debit Spread (W250, Off0)",1
2026-05-25,2026-05-26,2026,2026-06-02,4,17.91,24031.7,24004.1,BULL_CALL,24000.0,24250.0,250.0,0.0,235.0,129.5,235.1,129.4,105.7,65,6870.5,23483.55,-6870.5,70.08,-6940.58,0,-74540.04000000001,Candidate 3,"Causal 10D Breakout ATM Debit Spread (W250, Off0)",1
2026-06-05,2026-06-08,2026,2026-06-09,1,15.89,23366.7,23080.7,BEAR_PUT,23100.0,22850.0,250.0,0.0,80.0,32.0,80.1,31.9,48.2,65,3133.0,23242.1,-3133.0,53.73,-3186.73,0,-77726.77,Candidate 3,"Causal 10D Breakout ATM Debit Spread (W250, Off0)",1
2026-06-12,2026-06-15,2026,2026-06-16,1,15.61,23622.9,23984.85,BULL_CALL,24000.0,24250.0,250.0,0.0,88.8,35.55,88.9,35.45,53.45,65,3474.25,23989.15,-3474.25,54.46,-3528.71,0,-81255.48000000001,Candidate 3,"Causal 10D Breakout ATM Debit Spread (W250, Off0)",1
2026-07-02,2026-07-03,2026,2026-07-07,2,13.24,24175.7,24375.65,BULL_CALL,24400.0,24650.0,250.0,0.0,70.0,5.15,70.1,5.05,65.05,65,4228.25,24398.7,-4228.25,50.55,-4278.8,0,-85534.28000000001,Candidate 3,"Causal 10D Breakout ATM Debit Spread (W250, Off0)",1
2026-07-23,2026-07-24,2026,2026-07-28,2,13.29,23869.6,23666.35,BEAR_PUT,23650.0,23400.0,250.0,0.0,104.0,29.95,104.1,29.85,74.25,65,4826.25,23985.35,-4826.25,54.49,-4880.74,0,-90415.02000000002,Candidate 3,"Causal 10D Breakout ATM Debit Spread (W250, Off0)",1
2026-07-31,2026-08-03,2026,2026-08-04,1,12.16,24383.6,24572.7,BULL_CALL,24550.0,24800.0,250.0,0.0,63.9,5.25,64.0,5.15,58.85,65,3825.25,24614.9,393.25,58.08,335.17,1,-90079.85000000002,Candidate 3,"Causal 10D Breakout ATM Debit Spread (W250, Off0)",1
2026-08-14,2026-08-17,2026,2026-08-18,1,11.42,24366.0,24343.45,BEAR_PUT,24350.0,24100.0,250.0,0.0,55.0,7.7,55.1,7.6,47.5,65,3087.5,24154.9,9594.0,73.56,9520.44,1,-80559.41000000002,Candidate 3,"Causal 10D Breakout ATM Debit Spread (W250, Off0)",1
2026-09-01,2026-09-02,2026,2026-09-08,4,11.19,24055.8,23858.0,BEAR_PUT,23850.0,23600.0,250.0,0.0,103.0,51.0,103.1,50.9,52.2,65,3393.0,23635.1,10575.5,82.35,10493.15,1,-70066.26000000002,Candidate 3,"Causal 10D Breakout ATM Debit Spread (W250, Off0)",1
2026-09-07,2026-09-08,2026,2026-09-15,4,10.68,23779.15,23743.1,BEAR_PUT,23750.0,23500.0,250.0,0.0,128.2,49.45,128.3,49.35,78.95,65,5131.75,23118.6,11118.25,147.7,10970.55,1,-59095.71000000002,Candidate 3,"Causal 10D Breakout ATM Debit Spread (W250, Off0)",1
