signal_timestamp,order_timestamp,fill_timestamp,signal_date,execution_date,year,month,expiry_date,exit_date,exit_reason,dte_sessions,vix,signal_spot,exec_spot,type,long_strike,short_strike,wing_width,strike_offset,long_raw_price,short_raw_price,long_fill_price,short_fill_price,debit_pts,lot_size,capital_required_inr,settlement_price,exit_spread_val,gross_payoff_inr,statutory_costs_inr,net_pnl_inr,is_win,cum_net_pnl,candidate_id,candidate_name,in_primary_5y,strategy_source
2019-03-28 15:30:00,2019-03-29 09:15:00,2019-03-29 09:15:00,2019-03-28,2019-03-29,2019,2019-03,2019-04-04,2019-04-04,EXPIRY_SETTLEMENT,4,17.05,11570.0,11625.45,BULL_CALL,11700.0,11850.0,150.0,50.0,69.4,25.0,69.5,24.9,44.6,75,3345.0,11598.0,0.0,-3345.0,52.71,-3397.71,0,-3397.71,Candidate HF-1,HF Directional Breakout Debit Spread (ATR >= 0.25),0,
2019-04-16 15:30:00,2019-04-18 09:15:00,2019-04-18 09:15:00,2019-04-16,2019-04-18,2019,2019-04,2019-04-25,2019-04-25,EXPIRY_SETTLEMENT,4,21.39,11787.15,11856.15,BULL_CALL,11900.0,12050.0,150.0,50.0,49.45,9.3,49.55,9.2,40.35,75,3026.25,11641.8,0.0,-3026.25,50.35,-3076.6,0,-6474.3099999999995,Candidate HF-1,HF Directional Breakout Debit Spread (ATR >= 0.25),0,
2019-06-03 15:30:00,2019-06-04 09:15:00,2019-06-04 09:15:00,2019-06-03,2019-06-04,2019,2019-06,2019-06-06,2019-06-06,EXPIRY_SETTLEMENT,1,16.07,12088.55,12052.65,BULL_CALL,12100.0,12250.0,150.0,50.0,39.75,5.05,39.85,4.95,34.9,75,2617.5,11843.75,0.0,-2617.5,49.51,-2667.01,0,-9141.32,Candidate HF-1,HF Directional Breakout Debit Spread (ATR >= 0.25),0,
2019-07-08 15:30:00,2019-07-09 09:15:00,2019-07-09 09:15:00,2019-07-08,2019-07-09,2019,2019-07,2019-07-11,2019-07-11,EXPIRY_SETTLEMENT,2,13.07,11558.6,11531.6,BEAR_PUT,11500.0,11350.0,150.0,50.0,47.0,11.9,47.1,11.8,35.3,75,2647.5,11582.9,0.0,-2647.5,50.47,-2697.97,0,-11839.289999999999,Candidate HF-1,HF Directional Breakout Debit Spread (ATR >= 0.25),0,
2019-07-19 15:30:00,2019-07-22 09:15:00,2019-07-22 09:15:00,2019-07-19,2019-07-22,2019,2019-07,2019-07-25,2019-07-25,EXPIRY_SETTLEMENT,3,11.75,11419.25,11392.85,BEAR_PUT,11350.0,11200.0,150.0,50.0,48.15,14.9,48.25,14.8,33.45,75,2508.75,11252.15,97.85,4830.0,64.31,4765.69,1,-7073.599999999999,Candidate HF-1,HF Directional Breakout Debit Spread (ATR >= 0.25),0,
2019-07-29 15:30:00,2019-07-30 09:15:00,2019-07-30 09:15:00,2019-07-29,2019-07-30,2019,2019-07,2019-08-01,2019-08-01,EXPIRY_SETTLEMENT,2,12.13,11189.2,11213.7,BEAR_PUT,11150.0,11000.0,150.0,50.0,28.95,7.8,29.05,7.7,21.35,75,1601.25,10980.0,150.0,9648.75,73.62,9575.13,1,2501.5299999999997,Candidate HF-1,HF Directional Breakout Debit Spread (ATR >= 0.25),0,
2019-08-01 15:30:00,2019-08-02 09:15:00,2019-08-02 09:15:00,2019-08-01,2019-08-02,2019,2019-08,2019-08-08,2019-08-08,EXPIRY_SETTLEMENT,4,13.59,10980.0,10930.3,BEAR_PUT,10900.0,10750.0,150.0,50.0,87.75,38.85,87.85,38.75,49.1,75,3682.5,11032.45,0.0,-3682.5,54.83,-3737.33,0,-1235.8000000000002,Candidate HF-1,HF Directional Breakout Debit Spread (ATR >= 0.25),0,
2019-08-05 15:30:00,2019-08-06 09:15:00,2019-08-06 09:15:00,2019-08-05,2019-08-06,2019,2019-08,2019-08-08,2019-08-08,EXPIRY_SETTLEMENT,2,15.19,10862.6,10815.4,BEAR_PUT,10750.0,10600.0,150.0,50.0,73.0,29.95,73.1,29.85,43.25,75,3243.75,11032.45,0.0,-3243.75,53.33,-3297.08,0,-4532.88,Candidate HF-1,HF Directional Breakout Debit Spread (ATR >= 0.25),0,
2019-08-22 15:30:00,2019-08-23 09:15:00,2019-08-23 09:15:00,2019-08-22,2019-08-23,2019,2019-08,2019-08-29,2019-08-29,EXPIRY_SETTLEMENT,4,17.02,10741.35,10699.6,BEAR_PUT,10650.0,10500.0,150.0,50.0,74.05,35.0,74.15,34.9,39.25,75,2943.75,10948.3,0.0,-2943.75,53.84,-2997.59,0,-7530.47,Candidate HF-1,HF Directional Breakout Debit Spread (ATR >= 0.25),0,
2019-09-19 15:30:00,2019-09-20 09:15:00,2019-09-20 09:15:00,2019-09-19,2019-09-20,2019,2019-09,2019-09-26,2019-09-26,EXPIRY_SETTLEMENT,4,15.35,10704.8,10746.8,BEAR_PUT,10700.0,10550.0,150.0,50.0,71.95,29.4,72.05,29.3,42.75,75,3206.25,11571.2,0.0,-3206.25,53.23,-3259.48,0,-10789.95,Candidate HF-1,HF Directional Breakout Debit Spread (ATR >= 0.25),0,
2019-09-20 15:30:00,2019-09-23 09:15:00,2019-09-23 09:15:00,2019-09-20,2019-09-23,2019,2019-09,2019-09-26,2019-09-26,EXPIRY_SETTLEMENT,3,15.55,11274.2,11542.7,BULL_CALL,11600.0,11750.0,150.0,50.0,58.95,27.05,59.05,26.95,32.1,75,2407.5,11571.2,0.0,-2407.5,52.41,-2459.91,0,-13249.86,Candidate HF-1,HF Directional Breakout Debit Spread (ATR >= 0.25),0,
2019-10-17 15:30:00,2019-10-18 09:15:00,2019-10-18 09:15:00,2019-10-17,2019-10-18,2019,2019-10,2019-10-24,2019-10-24,EXPIRY_SETTLEMENT,3,16.36,11586.35,11580.3,BULL_CALL,11650.0,11800.0,150.0,50.0,53.55,17.15,53.65,17.05,36.6,75,2745.0,11582.6,0.0,-2745.0,51.25,-2796.25,0,-16046.11,Candidate HF-1,HF Directional Breakout Debit Spread (ATR >= 0.25),0,
2019-10-29 15:30:00,2019-10-30 09:15:00,2019-10-30 09:15:00,2019-10-29,2019-10-30,2019,2019-10,2019-10-31,2019-10-31,EXPIRY_SETTLEMENT,1,15.32,11786.85,11883.9,BULL_CALL,11950.0,12100.0,150.0,50.0,16.0,3.5,16.1,3.4,12.7,75,952.5,11877.45,0.0,-952.5,48.26,-1000.76,0,-17046.87,Candidate HF-1,HF Directional Breakout Debit Spread (ATR >= 0.25),0,
2019-11-25 15:30:00,2019-11-26 09:15:00,2019-11-26 09:15:00,2019-11-25,2019-11-26,2019,2019-11,2019-11-28,2019-11-28,EXPIRY_SETTLEMENT,2,14.87,12073.75,12110.2,BULL_CALL,12150.0,12300.0,150.0,50.0,43.45,7.45,43.55,7.35,36.2,75,2715.0,12151.15,1.15,-2628.75,50.06,-2678.81,0,-19725.68,Candidate HF-1,HF Directional Breakout Debit Spread (ATR >= 0.25),0,
2019-11-27 15:30:00,2019-11-28 09:15:00,2019-11-28 09:15:00,2019-11-27,2019-11-28,2019,2019-11,2019-12-05,2019-12-05,EXPIRY_SETTLEMENT,5,14.84,12100.7,12132.1,BULL_CALL,12200.0,12350.0,150.0,50.0,46.8,13.0,46.9,12.9,34.0,75,2550.0,12018.4,0.0,-2550.0,50.56,-2600.56,0,-22326.24,Candidate HF-1,HF Directional Breakout Debit Spread (ATR >= 0.25),0,
2019-12-10 15:30:00,2019-12-11 09:15:00,2019-12-11 09:15:00,2019-12-10,2019-12-11,2019,2019-12,2019-12-12,2019-12-12,EXPIRY_SETTLEMENT,1,14.6,11856.8,11867.35,BEAR_PUT,11800.0,11650.0,150.0,50.0,16.35,1.55,16.45,1.45,15.0,75,1125.0,11971.8,0.0,-1125.0,48.1,-1173.1,0,-23499.34,Candidate HF-1,HF Directional Breakout Debit Spread (ATR >= 0.25),0,
2019-12-13 15:30:00,2019-12-16 09:15:00,2019-12-16 09:15:00,2019-12-13,2019-12-16,2019,2019-12,2019-12-19,2019-12-19,EXPIRY_SETTLEMENT,3,13.35,12086.7,12131.35,BULL_CALL,12200.0,12350.0,150.0,50.0,39.95,11.05,40.05,10.95,29.1,75,2182.5,12259.7,59.7,2295.0,58.31,2236.69,1,-21262.65,Candidate HF-1,HF Directional Breakout Debit Spread (ATR >= 0.25),0,
2019-12-17 15:30:00,2019-12-18 09:15:00,2019-12-18 09:15:00,2019-12-17,2019-12-18,2019,2019-12,2019-12-19,2019-12-19,EXPIRY_SETTLEMENT,1,13.42,12165.0,12197.0,BULL_CALL,12250.0,12400.0,150.0,50.0,12.65,1.7,12.75,1.6,11.15,75,836.25,12259.7,9.7,-108.75,49.28,-158.03,0,-21420.68,Candidate HF-1,HF Directional Breakout Debit Spread (ATR >= 0.25),0,
2020-01-06 15:30:00,2020-01-07 09:15:00,2020-01-07 09:15:00,2020-01-06,2020-01-07,2020,2020-01,2020-01-09,2020-01-09,EXPIRY_SETTLEMENT,2,12.7,11993.05,12079.1,BEAR_PUT,12050.0,11900.0,150.0,50.0,61.4,20.0,61.5,19.9,41.6,75,3120.0,12215.9,0.0,-3120.0,51.88,-3171.88,0,-24592.56,Candidate HF-1,HF Directional Breakout Debit Spread (ATR >= 0.25),0,
2020-01-13 15:30:00,2020-01-14 09:15:00,2020-01-14 09:15:00,2020-01-13,2020-01-14,2020,2020-01,2020-01-16,2020-01-16,EXPIRY_SETTLEMENT,2,14.08,12329.55,12333.1,BULL_CALL,12400.0,12550.0,150.0,50.0,22.1,2.75,22.2,2.65,19.55,75,1466.25,12355.5,0.0,-1466.25,48.48,-1514.73,0,-26107.29,Candidate HF-1,HF Directional Breakout Debit Spread (ATR >= 0.25),0,
2020-01-28 15:30:00,2020-01-29 09:15:00,2020-01-29 09:15:00,2020-01-28,2020-01-29,2020,2020-01,2020-01-30,2020-01-30,EXPIRY_SETTLEMENT,1,17.18,12055.8,12114.9,BEAR_PUT,12050.0,11900.0,150.0,50.0,29.9,6.75,30.0,6.65,23.35,75,1751.25,12035.8,14.2,-686.25,51.17,-737.42,0,-26844.71,Candidate HF-1,HF Directional Breakout Debit Spread (ATR >= 0.25),0,
2020-02-12 15:30:00,2020-02-13 09:15:00,2020-02-13 09:15:00,2020-02-12,2020-02-13,2020,2020-02,2020-02-20,2020-02-20,EXPIRY_SETTLEMENT,5,13.88,12201.2,12219.55,BULL_CALL,12250.0,12400.0,150.0,50.0,68.9,15.0,69.0,14.9,54.1,75,4057.5,12080.85,0.0,-4057.5,51.77,-4109.27,0,-30953.98,Candidate HF-1,HF Directional Breakout Debit Spread (ATR >= 0.25),0,
2020-02-24 15:30:00,2020-02-25 09:15:00,2020-02-25 09:15:00,2020-02-24,2020-02-25,2020,2020-02,2020-02-27,2020-02-27,EXPIRY_SETTLEMENT,2,13.7,11829.4,11877.5,BEAR_PUT,11850.0,11700.0,150.0,50.0,84.0,26.1,84.1,26.0,58.1,75,4357.5,11633.3,150.0,6892.5,86.37,6806.13,1,-24147.85,Candidate HF-1,HF Directional Breakout Debit Spread (ATR >= 0.25),0,
2020-03-06 15:30:00,2020-03-09 09:15:00,2020-03-09 09:15:00,2020-03-06,2020-03-09,2020,2020-03,2020-03-12,2020-03-12,EXPIRY_SETTLEMENT,2,23.25,10989.45,10742.05,BEAR_PUT,10700.0,10550.0,150.0,50.0,140.0,84.2,140.1,84.1,56.0,75,4200.0,9590.15,150.0,7050.0,257.21,6792.79,1,-17355.059999999998,Candidate HF-1,HF Directional Breakout Debit Spread (ATR >= 0.25),0,
2020-08-18 15:30:00,2020-08-19 09:15:00,2020-08-19 09:15:00,2020-08-18,2020-08-19,2020,2020-08,2020-08-20,2020-08-20,EXPIRY_SETTLEMENT,1,21.31,11385.35,11452.15,BULL_CALL,11500.0,11650.0,150.0,50.0,28.0,3.9,28.1,3.8,24.3,75,1822.5,11312.2,0.0,-1822.5,48.86,-1871.36,0,-19226.42,Candidate HF-1,HF Directional Breakout Debit Spread (ATR >= 0.25),0,
2020-08-24 15:30:00,2020-08-25 09:15:00,2020-08-25 09:15:00,2020-08-24,2020-08-25,2020,2020-08,2020-08-27,2020-08-27,EXPIRY_SETTLEMENT,2,19.94,11466.45,11513.1,BULL_CALL,11550.0,11700.0,150.0,50.0,44.15,8.0,44.25,7.9,36.35,75,2726.25,11559.25,9.25,-2032.5,51.26,-2083.76,0,-21310.18,Candidate HF-1,HF Directional Breakout Debit Spread (ATR >= 0.25),0,
2020-09-04 15:30:00,2020-09-07 09:15:00,2020-09-07 09:15:00,2020-09-04,2020-09-07,2020,2020-09,2020-09-10,2020-09-10,EXPIRY_SETTLEMENT,3,20.5,11333.85,11359.6,BEAR_PUT,11300.0,11150.0,150.0,50.0,98.8,54.15,98.9,54.05,44.85,75,3363.75,11449.25,0.0,-3363.75,56.74,-3420.49,0,-24730.67,Candidate HF-1,HF Directional Breakout Debit Spread (ATR >= 0.25),0,
2020-09-16 15:30:00,2020-09-17 09:15:00,2020-09-17 09:15:00,2020-09-16,2020-09-17,2020,2020-09,2020-09-24,2020-09-24,EXPIRY_SETTLEMENT,5,20.6,11604.55,11539.4,BULL_CALL,11600.0,11750.0,150.0,50.0,73.85,31.25,73.95,31.15,42.8,75,3210.0,10805.55,0.0,-3210.0,53.49,-3263.49,0,-27994.159999999996,Candidate HF-1,HF Directional Breakout Debit Spread (ATR >= 0.25),0,
2020-10-06 15:30:00,2020-10-07 09:15:00,2020-10-07 09:15:00,2020-10-06,2020-10-07,2020,2020-10,2020-10-08,2020-10-08,EXPIRY_SETTLEMENT,1,19.71,11662.4,11679.25,BULL_CALL,11750.0,11900.0,150.0,50.0,22.0,2.8,22.1,2.7,19.4,75,1455.0,11834.6,84.6,4890.0,60.16,4829.84,1,-23164.319999999996,Candidate HF-1,HF Directional Breakout Debit Spread (ATR >= 0.25),0,
2020-11-05 15:30:00,2020-11-06 09:15:00,2020-11-06 09:15:00,2020-11-05,2020-11-06,2020,2020-11,2020-11-12,2020-11-12,EXPIRY_SETTLEMENT,4,23.2,12120.3,12156.65,BULL_CALL,12200.0,12350.0,150.0,50.0,99.0,50.0,99.1,49.9,49.2,75,3690.0,12690.8,150.0,7560.0,139.25,7420.75,1,-15743.569999999996,Candidate HF-1,HF Directional Breakout Debit Spread (ATR >= 0.25),0,
2020-11-17 15:30:00,2020-11-18 09:15:00,2020-11-18 09:15:00,2020-11-17,2020-11-18,2020,2020-11,2020-11-19,2020-11-19,EXPIRY_SETTLEMENT,1,19.7,12874.2,12860.1,BULL_CALL,12900.0,13050.0,150.0,50.0,40.05,10.25,40.15,10.15,30.0,75,2250.0,12771.7,0.0,-2250.0,50.0,-2300.0,0,-18043.569999999996,Candidate HF-1,HF Directional Breakout Debit Spread (ATR >= 0.25),0,
2020-11-24 15:30:00,2020-11-25 09:15:00,2020-11-25 09:15:00,2020-11-24,2020-11-25,2020,2020-11,2020-11-26,2020-11-26,EXPIRY_SETTLEMENT,1,20.8,13055.15,13130.0,BULL_CALL,13200.0,13350.0,150.0,50.0,44.7,7.7,44.8,7.6,37.2,75,2790.0,12987.0,0.0,-2790.0,49.98,-2839.98,0,-20883.549999999996,Candidate HF-1,HF Directional Breakout Debit Spread (ATR >= 0.25),0,
2020-12-01 15:30:00,2020-12-02 09:15:00,2020-12-02 09:15:00,2020-12-01,2020-12-02,2020,2020-12,2020-12-03,2020-12-03,EXPIRY_SETTLEMENT,1,19.82,13109.05,13121.4,BULL_CALL,13150.0,13300.0,150.0,50.0,69.75,15.5,69.85,15.4,54.45,75,4083.75,13133.9,0.0,-4083.75,51.86,-4135.61,0,-25019.159999999996,Candidate HF-1,HF Directional Breakout Debit Spread (ATR >= 0.25),0,
2020-12-28 15:30:00,2020-12-29 09:15:00,2020-12-29 09:15:00,2020-12-28,2020-12-29,2020,2020-12,2020-12-31,2020-12-31,EXPIRY_SETTLEMENT,2,19.97,13873.2,13910.35,BULL_CALL,13950.0,14100.0,150.0,50.0,65.5,25.5,65.6,25.4,40.2,75,3015.0,13981.75,31.75,-633.75,56.96,-690.71,0,-25709.869999999995,Candidate HF-1,HF Directional Breakout Debit Spread (ATR >= 0.25),0,
2021-01-08 15:30:00,2021-01-11 09:15:00,2021-01-11 09:15:00,2021-01-08,2021-01-11,2021,2021-01,2021-01-14,2021-01-14,EXPIRY_SETTLEMENT,3,20.62,14347.25,14474.05,BULL_CALL,14500.0,14650.0,150.0,50.0,53.0,15.0,53.1,14.9,38.2,75,2865.0,14595.6,95.6,4305.0,64.23,4240.77,1,-21469.099999999995,Candidate HF-1,HF Directional Breakout Debit Spread (ATR >= 0.25),0,
2021-01-20 15:30:00,2021-01-21 09:15:00,2021-01-21 09:15:00,2021-01-20,2021-01-21,2021,2021-01,2021-01-28,2021-01-28,EXPIRY_SETTLEMENT,4,22.9,14644.7,14730.95,BULL_CALL,14800.0,14950.0,150.0,50.0,75.55,27.6,75.65,27.5,48.15,75,3611.25,13817.55,0.0,-3611.25,53.23,-3664.48,0,-25133.579999999994,Candidate HF-1,HF Directional Breakout Debit Spread (ATR >= 0.25),0,
2021-02-22 15:30:00,2021-02-23 09:15:00,2021-02-23 09:15:00,2021-02-22,2021-02-23,2021,2021-02,2021-02-25,2021-02-25,EXPIRY_SETTLEMENT,2,22.25,14675.7,14782.25,BEAR_PUT,14750.0,14600.0,150.0,50.0,116.0,78.9,116.1,78.8,37.3,75,2797.5,15097.35,0.0,-2797.5,59.8,-2857.3,0,-27990.879999999994,Candidate HF-1,HF Directional Breakout Debit Spread (ATR >= 0.25),0,
2021-02-26 15:30:00,2021-03-01 09:15:00,2021-03-01 09:15:00,2021-02-26,2021-03-01,2021,2021-03,2021-03-04,2021-03-04,EXPIRY_SETTLEMENT,3,22.89,14529.15,14702.5,BEAR_PUT,14650.0,14500.0,150.0,50.0,150.05,103.35,150.15,103.25,46.9,75,3517.5,15080.75,0.0,-3517.5,63.61,-3581.11,0,-31571.989999999994,Candidate HF-1,HF Directional Breakout Debit Spread (ATR >= 0.25),0,
2021-03-17 15:30:00,2021-03-18 09:15:00,2021-03-18 09:15:00,2021-03-17,2021-03-18,2021,2021-03,2021-03-25,2021-03-25,EXPIRY_SETTLEMENT,5,20.19,14721.3,14855.5,BEAR_PUT,14800.0,14650.0,150.0,50.0,155.0,98.1,155.1,98.0,57.1,75,4282.5,14324.9,150.0,6967.5,143.39,6824.11,1,-24747.879999999994,Candidate HF-1,HF Directional Breakout Debit Spread (ATR >= 0.25),0,
2021-04-28 15:30:00,2021-04-29 09:15:00,2021-04-29 09:15:00,2021-04-28,2021-04-29,2021,2021-04,2021-05-06,2021-05-06,EXPIRY_SETTLEMENT,5,23.08,14864.55,14979.0,BULL_CALL,15050.0,15200.0,150.0,50.0,120.0,60.55,120.1,60.45,59.65,75,4473.75,14724.8,0.0,-4473.75,58.31,-4532.06,0,-29279.939999999995,Candidate HF-1,HF Directional Breakout Debit Spread (ATR >= 0.25),0,
2021-05-18 15:30:00,2021-05-19 09:15:00,2021-05-19 09:15:00,2021-05-18,2021-05-19,2021,2021-05,2021-05-20,2021-05-20,EXPIRY_SETTLEMENT,1,19.61,15108.1,15058.6,BULL_CALL,15100.0,15250.0,150.0,50.0,80.0,17.1,80.1,17.0,63.1,75,4732.5,14906.05,0.0,-4732.5,52.48,-4784.98,0,-34064.92,Candidate HF-1,HF Directional Breakout Debit Spread (ATR >= 0.25),0,
2021-05-21 15:30:00,2021-05-24 09:15:00,2021-05-24 09:15:00,2021-05-21,2021-05-24,2021,2021-05,2021-05-27,2021-05-27,EXPIRY_SETTLEMENT,3,19.65,15175.3,15211.35,BULL_CALL,15250.0,15400.0,150.0,50.0,87.2,39.9,87.3,39.8,47.5,75,3562.5,15337.85,87.85,3026.25,67.03,2959.22,1,-31105.699999999997,Candidate HF-1,HF Directional Breakout Debit Spread (ATR >= 0.25),0,
2021-06-03 15:30:00,2021-06-04 09:15:00,2021-06-04 09:15:00,2021-06-03,2021-06-04,2021,2021-06,2021-06-10,2021-06-10,EXPIRY_SETTLEMENT,4,17.21,15690.35,15712.5,BULL_CALL,15750.0,15900.0,150.0,50.0,110.0,39.7,110.1,39.6,70.5,75,5287.5,15737.75,0.0,-5287.5,55.94,-5343.44,0,-36449.14,Candidate HF-1,HF Directional Breakout Debit Spread (ATR >= 0.25),0,
2021-06-07 15:30:00,2021-06-08 09:15:00,2021-06-08 09:15:00,2021-06-07,2021-06-08,2021,2021-06,2021-06-10,2021-06-10,EXPIRY_SETTLEMENT,2,15.94,15751.65,15773.9,BULL_CALL,15800.0,15950.0,150.0,50.0,62.25,15.0,62.35,14.9,47.45,75,3558.75,15737.75,0.0,-3558.75,51.46,-3610.21,0,-40059.35,Candidate HF-1,HF Directional Breakout Debit Spread (ATR >= 0.25),0,
2021-06-11 15:30:00,2021-06-14 09:15:00,2021-06-14 09:15:00,2021-06-11,2021-06-14,2021,2021-06,2021-06-17,2021-06-17,EXPIRY_SETTLEMENT,3,15.0,15799.35,15791.4,BULL_CALL,15850.0,16000.0,150.0,50.0,59.7,16.9,59.8,16.8,43.0,75,3225.0,15691.4,0.0,-3225.0,51.52,-3276.52,0,-43335.869999999995,Candidate HF-1,HF Directional Breakout Debit Spread (ATR >= 0.25),0,
2021-07-15 15:30:00,2021-07-16 09:15:00,2021-07-16 09:15:00,2021-07-15,2021-07-16,2021,2021-07,2021-07-22,2021-07-22,EXPIRY_SETTLEMENT,3,12.59,15924.2,15958.35,BULL_CALL,16000.0,16150.0,150.0,50.0,69.85,18.0,69.95,17.9,52.05,50,2602.5,15824.05,0.0,-2602.5,50.46,-2652.96,0,-45988.829999999994,Candidate HF-1,HF Directional Breakout Debit Spread (ATR >= 0.25),0,
2021-07-20 15:30:00,2021-07-22 09:15:00,2021-07-22 09:15:00,2021-07-20,2021-07-22,2021,2021-07,2021-07-29,2021-07-29,EXPIRY_SETTLEMENT,5,12.68,15632.1,15736.6,BEAR_PUT,15700.0,15550.0,150.0,50.0,110.0,47.2,110.1,47.1,63.0,50,3150.0,15778.45,0.0,-3150.0,53.48,-3203.48,0,-49192.31,Candidate HF-1,HF Directional Breakout Debit Spread (ATR >= 0.25),0,
2021-08-03 15:30:00,2021-08-04 09:15:00,2021-08-04 09:15:00,2021-08-03,2021-08-04,2021,2021-08,2021-08-05,2021-08-05,EXPIRY_SETTLEMENT,1,12.81,16130.75,16195.25,BULL_CALL,16250.0,16400.0,150.0,50.0,24.0,9.0,24.1,8.9,15.2,50,760.0,16294.6,44.6,1470.0,52.6,1417.4,1,-47774.909999999996,Candidate HF-1,HF Directional Breakout Debit Spread (ATR >= 0.25),0,
2021-08-12 15:30:00,2021-08-13 09:15:00,2021-08-13 09:15:00,2021-08-12,2021-08-13,2021,2021-08,2021-08-18,2021-08-18,EXPIRY_SETTLEMENT,3,12.71,16364.4,16385.7,BULL_CALL,16450.0,16600.0,150.0,50.0,46.95,14.4,47.05,14.3,32.75,50,1637.5,16568.85,118.85,4305.0,60.47,4244.53,1,-43530.38,Candidate HF-1,HF Directional Breakout Debit Spread (ATR >= 0.25),0,
2021-09-02 15:30:00,2021-09-03 09:15:00,2021-09-03 09:15:00,2021-09-02,2021-09-03,2021,2021-09,2021-09-09,2021-09-09,EXPIRY_SETTLEMENT,4,14.19,17234.15,17262.45,BULL_CALL,17300.0,17450.0,150.0,50.0,88.05,79.0,88.15,78.9,9.25,50,462.5,17369.25,69.25,3000.0,61.11,2938.89,1,-40591.49,Candidate HF-1,HF Directional Breakout Debit Spread (ATR >= 0.25),0,
2021-09-23 15:30:00,2021-09-24 09:15:00,2021-09-24 09:15:00,2021-09-23,2021-09-24,2021,2021-09,2021-09-30,2021-09-30,EXPIRY_SETTLEMENT,4,16.49,17822.95,17897.45,BULL_CALL,17950.0,18100.0,150.0,50.0,103.6,58.5,103.7,58.4,45.3,50,2265.0,17618.15,0.0,-2265.0,53.97,-2318.97,0,-42910.46,Candidate HF-1,HF Directional Breakout Debit Spread (ATR >= 0.25),1,
2021-10-28 15:30:00,2021-10-29 09:15:00,2021-10-29 09:15:00,2021-10-28,2021-10-29,2021,2021-10,2021-11-03,2021-11-03,EXPIRY_SETTLEMENT,3,16.83,17857.25,17833.05,BEAR_PUT,17800.0,17650.0,150.0,50.0,122.0,84.25,122.1,84.15,37.95,50,1897.5,17829.2,0.0,-1897.5,56.11,-1953.61,0,-44864.07,Candidate HF-1,HF Directional Breakout Debit Spread (ATR >= 0.25),1,
2021-11-18 15:30:00,2021-11-22 09:15:00,2021-11-22 09:15:00,2021-11-18,2021-11-22,2021,2021-11,2021-11-25,2021-11-25,EXPIRY_SETTLEMENT,3,14.98,17764.8,17796.25,BEAR_PUT,17750.0,17600.0,150.0,50.0,103.0,44.0,103.1,43.9,59.2,50,2960.0,17536.25,150.0,4540.0,74.63,4465.37,1,-40398.7,Candidate HF-1,HF Directional Breakout Debit Spread (ATR >= 0.25),1,
2021-11-26 15:30:00,2021-11-29 09:15:00,2021-11-29 09:15:00,2021-11-26,2021-11-29,2021,2021-11,2021-12-02,2021-12-02,EXPIRY_SETTLEMENT,3,16.66,17026.45,17055.8,BEAR_PUT,17000.0,16850.0,150.0,50.0,145.0,116.0,145.1,115.9,29.2,50,1460.0,17401.65,0.0,-1460.0,58.75,-1518.75,0,-41917.45,Candidate HF-1,HF Directional Breakout Debit Spread (ATR >= 0.25),1,
2021-12-20 15:30:00,2021-12-21 09:15:00,2021-12-21 09:15:00,2021-12-20,2021-12-21,2021,2021-12,2021-12-23,2021-12-23,EXPIRY_SETTLEMENT,2,16.34,16614.2,16773.15,BEAR_PUT,16700.0,16550.0,150.0,50.0,119.95,77.4,120.05,77.3,42.75,50,2137.5,17072.6,0.0,-2137.5,55.63,-2193.13,0,-44110.579999999994,Candidate HF-1,HF Directional Breakout Debit Spread (ATR >= 0.25),1,
2021-12-31 15:30:00,2022-01-03 09:15:00,2022-01-03 09:15:00,2021-12-31,2022-01-03,2022,2022-01,2022-01-06,2022-01-06,EXPIRY_SETTLEMENT,3,16.57,17354.05,17387.15,BULL_CALL,17450.0,17600.0,150.0,50.0,84.05,32.95,84.15,32.85,51.3,50,2565.0,17745.9,150.0,4935.0,83.36,4851.64,1,-39258.939999999995,Candidate HF-1,HF Directional Breakout Debit Spread (ATR >= 0.25),1,
2022-01-10 15:30:00,2022-01-11 09:15:00,2022-01-11 09:15:00,2022-01-10,2022-01-11,2022,2022-01,2022-01-13,2022-01-13,EXPIRY_SETTLEMENT,2,17.6,18003.3,17997.75,BULL_CALL,18050.0,18200.0,150.0,50.0,117.0,40.0,117.1,39.9,77.2,50,3860.0,18257.8,150.0,3640.0,74.1,3565.9,1,-35693.03999999999,Candidate HF-1,HF Directional Breakout Debit Spread (ATR >= 0.25),1,
2022-01-17 15:30:00,2022-01-18 09:15:00,2022-01-18 09:15:00,2022-01-17,2022-01-18,2022,2022-01,2022-01-20,2022-01-20,EXPIRY_SETTLEMENT,2,16.56,18308.1,18337.2,BULL_CALL,18400.0,18550.0,150.0,50.0,70.55,23.0,70.65,22.9,47.75,50,2387.5,17757.0,0.0,-2387.5,50.79,-2438.29,0,-38131.329999999994,Candidate HF-1,HF Directional Breakout Debit Spread (ATR >= 0.25),1,
2022-01-21 15:30:00,2022-01-24 09:15:00,2022-01-24 09:15:00,2022-01-21,2022-01-24,2022,2022-01,2022-01-27,2022-01-27,EXPIRY_SETTLEMENT,2,17.79,17617.15,17575.15,BEAR_PUT,17550.0,17400.0,150.0,50.0,125.0,57.95,125.1,57.85,67.25,50,3362.5,17110.15,150.0,4137.5,103.66,4033.84,1,-34097.48999999999,Candidate HF-1,HF Directional Breakout Debit Spread (ATR >= 0.25),1,
2022-02-14 15:30:00,2022-02-15 09:15:00,2022-02-15 09:15:00,2022-02-14,2022-02-15,2022,2022-02,2022-02-17,2022-02-17,EXPIRY_SETTLEMENT,2,18.68,16842.8,16933.25,BEAR_PUT,16900.0,16750.0,150.0,50.0,190.0,144.65,190.1,144.55,45.55,50,2277.5,17304.6,0.0,-2277.5,61.89,-2339.39,0,-36436.87999999999,Candidate HF-1,HF Directional Breakout Debit Spread (ATR >= 0.25),1,
2022-04-01 15:30:00,2022-04-04 09:15:00,2022-04-04 09:15:00,2022-04-01,2022-04-04,2022,2022-04,2022-04-07,2022-04-07,EXPIRY_SETTLEMENT,3,20.56,17670.45,17809.1,BULL_CALL,17850.0,18000.0,150.0,50.0,73.0,30.25,73.1,30.15,42.95,50,2147.5,17639.55,0.0,-2147.5,51.3,-2198.8,0,-38635.67999999999,Candidate HF-1,HF Directional Breakout Debit Spread (ATR >= 0.25),1,
2022-04-18 15:30:00,2022-04-19 09:15:00,2022-04-19 09:15:00,2022-04-18,2022-04-19,2022,2022-04,2022-04-21,2022-04-21,EXPIRY_SETTLEMENT,2,17.79,17173.65,17258.95,BEAR_PUT,17200.0,17050.0,150.0,50.0,105.0,45.4,105.1,45.3,59.8,50,2990.0,17392.6,0.0,-2990.0,53.22,-3043.22,0,-41678.899999999994,Candidate HF-1,HF Directional Breakout Debit Spread (ATR >= 0.25),1,
2022-05-06 15:30:00,2022-05-09 09:15:00,2022-05-09 09:15:00,2022-05-06,2022-05-09,2022,2022-05,2022-05-12,2022-05-12,EXPIRY_SETTLEMENT,3,20.29,16411.25,16227.7,BEAR_PUT,16200.0,16050.0,150.0,50.0,131.1,91.05,131.2,90.95,40.25,50,2012.5,15808.0,150.0,5487.5,100.05,5387.45,1,-36291.45,Candidate HF-1,HF Directional Breakout Debit Spread (ATR >= 0.25),1,
2022-05-27 15:30:00,2022-05-30 09:15:00,2022-05-30 09:15:00,2022-05-27,2022-05-30,2022,2022-05,2022-06-02,2022-06-02,EXPIRY_SETTLEMENT,3,22.72,16352.45,16527.9,BULL_CALL,16600.0,16750.0,150.0,50.0,85.05,30.0,85.15,29.9,55.25,50,2762.5,16628.0,28.0,-1362.5,54.24,-1416.74,0,-37708.189999999995,Candidate HF-1,HF Directional Breakout Debit Spread (ATR >= 0.25),1,
2022-06-10 15:30:00,2022-06-13 09:15:00,2022-06-13 09:15:00,2022-06-10,2022-06-13,2022,2022-06,2022-06-16,2022-06-16,EXPIRY_SETTLEMENT,3,19.14,16201.8,15877.55,BEAR_PUT,15850.0,15700.0,150.0,50.0,72.6,60.0,72.7,59.9,12.8,50,640.0,15360.6,150.0,6860.0,108.19,6751.81,1,-30956.379999999994,Candidate HF-1,HF Directional Breakout Debit Spread (ATR >= 0.25),1,
2022-07-06 15:30:00,2022-07-07 09:15:00,2022-07-07 09:15:00,2022-07-06,2022-07-07,2022,2022-07,2022-07-14,2022-07-14,EXPIRY_SETTLEMENT,5,20.79,15989.8,16113.75,BULL_CALL,16150.0,16300.0,150.0,50.0,150.45,80.05,150.55,79.95,70.6,50,3530.0,15938.65,0.0,-3530.0,56.74,-3586.74,0,-34543.119999999995,Candidate HF-1,HF Directional Breakout Debit Spread (ATR >= 0.25),1,
2022-07-18 15:30:00,2022-07-19 09:15:00,2022-07-19 09:15:00,2022-07-18,2022-07-19,2022,2022-07,2022-07-21,2022-07-21,EXPIRY_SETTLEMENT,2,17.6,16278.5,16187.05,BULL_CALL,16250.0,16400.0,150.0,50.0,89.7,21.0,89.8,20.9,68.9,50,3445.0,16605.25,150.0,4055.0,90.03,3964.97,1,-30578.149999999994,Candidate HF-1,HF Directional Breakout Debit Spread (ATR >= 0.25),1,
2022-07-28 15:30:00,2022-07-29 09:15:00,2022-07-29 09:15:00,2022-07-28,2022-07-29,2022,2022-07,2022-08-04,2022-08-04,EXPIRY_SETTLEMENT,4,18.13,16929.6,17079.5,BULL_CALL,17150.0,17300.0,150.0,50.0,75.05,53.85,75.15,53.75,21.4,50,1070.0,17382.0,150.0,6430.0,76.58,6353.42,1,-24224.729999999996,Candidate HF-1,HF Directional Breakout Debit Spread (ATR >= 0.25),1,
2022-08-29 15:30:00,2022-08-30 09:15:00,2022-08-30 09:15:00,2022-08-29,2022-08-30,2022,2022-08,2022-09-01,2022-09-01,EXPIRY_SETTLEMENT,1,18.22,17312.9,17414.95,BEAR_PUT,17350.0,17200.0,150.0,50.0,80.0,50.0,80.1,49.9,30.2,50,1510.0,17542.8,0.0,-1510.0,52.72,-1562.72,0,-25787.449999999997,Candidate HF-1,HF Directional Breakout Debit Spread (ATR >= 0.25),1,
2022-09-23 15:30:00,2022-09-26 09:15:00,2022-09-26 09:15:00,2022-09-23,2022-09-26,2022,2022-09,2022-09-29,2022-09-29,EXPIRY_SETTLEMENT,3,18.82,17327.35,17156.3,BEAR_PUT,17100.0,16950.0,150.0,50.0,145.05,60.35,145.15,60.25,84.9,50,4245.0,16818.1,150.0,3255.0,85.22,3169.78,1,-22617.67,Candidate HF-1,HF Directional Breakout Debit Spread (ATR >= 0.25),1,
2022-10-18 15:30:00,2022-10-19 09:15:00,2022-10-19 09:15:00,2022-10-18,2022-10-19,2022,2022-10,2022-10-20,2022-10-20,EXPIRY_SETTLEMENT,1,18.42,17486.95,17568.15,BULL_CALL,17600.0,17750.0,150.0,50.0,62.65,11.65,62.75,11.55,51.2,50,2560.0,17563.95,0.0,-2560.0,49.85,-2609.85,0,-25227.519999999997,Candidate HF-1,HF Directional Breakout Debit Spread (ATR >= 0.25),1,
2022-11-07 15:30:00,2022-11-09 09:15:00,2022-11-09 09:15:00,2022-11-07,2022-11-09,2022,2022-11,2022-11-10,2022-11-10,EXPIRY_SETTLEMENT,1,15.66,18202.8,18288.25,BULL_CALL,18350.0,18500.0,150.0,50.0,39.95,7.4,40.05,7.3,32.75,50,1637.5,18028.2,0.0,-1637.5,48.89,-1686.39,0,-26913.909999999996,Candidate HF-1,HF Directional Breakout Debit Spread (ATR >= 0.25),1,
2022-11-11 15:30:00,2022-11-14 09:15:00,2022-11-14 09:15:00,2022-11-11,2022-11-14,2022,2022-11,2022-11-17,2022-11-17,EXPIRY_SETTLEMENT,3,15.57,18349.7,18376.4,BULL_CALL,18450.0,18600.0,150.0,50.0,78.5,27.85,78.6,27.75,50.85,50,2542.5,18343.9,0.0,-2542.5,51.33,-2593.83,0,-29507.739999999998,Candidate HF-1,HF Directional Breakout Debit Spread (ATR >= 0.25),1,
2022-11-15 15:30:00,2022-11-16 09:15:00,2022-11-16 09:15:00,2022-11-15,2022-11-16,2022,2022-11,2022-11-17,2022-11-17,EXPIRY_SETTLEMENT,1,14.91,18403.4,18398.25,BULL_CALL,18450.0,18600.0,150.0,50.0,60.5,9.4,60.6,9.3,51.3,50,2565.0,18343.9,0.0,-2565.0,49.65,-2614.65,0,-32122.39,Candidate HF-1,HF Directional Breakout Debit Spread (ATR >= 0.25),1,
2022-11-24 15:30:00,2022-11-25 09:15:00,2022-11-25 09:15:00,2022-11-24,2022-11-25,2022,2022-11,2022-12-01,2022-12-01,EXPIRY_SETTLEMENT,4,14.04,18484.1,18528.45,BULL_CALL,18600.0,18750.0,150.0,50.0,76.0,27.65,76.1,27.55,48.55,50,2427.5,18812.5,150.0,5072.5,72.65,4999.85,1,-27122.54,Candidate HF-1,HF Directional Breakout Debit Spread (ATR >= 0.25),1,
2022-12-15 15:30:00,2022-12-16 09:15:00,2022-12-16 09:15:00,2022-12-15,2022-12-16,2022,2022-12,2022-12-22,2022-12-22,EXPIRY_SETTLEMENT,4,12.89,18414.9,18319.1,BEAR_PUT,18250.0,18100.0,150.0,50.0,76.0,44.65,76.1,44.55,31.55,50,1577.5,18127.35,122.65,4555.0,63.56,4491.44,1,-22631.100000000002,Candidate HF-1,HF Directional Breakout Debit Spread (ATR >= 0.25),1,
2022-12-21 15:30:00,2022-12-22 09:15:00,2022-12-22 09:15:00,2022-12-21,2022-12-22,2022,2022-12,2022-12-29,2022-12-29,EXPIRY_SETTLEMENT,5,13.78,18199.1,18288.8,BEAR_PUT,18250.0,18100.0,150.0,50.0,111.75,67.0,111.85,66.9,44.95,50,2247.5,18191.0,59.0,702.5,60.17,642.33,1,-21988.77,Candidate HF-1,HF Directional Breakout Debit Spread (ATR >= 0.25),1,
2023-01-18 15:30:00,2023-01-19 09:15:00,2023-01-19 09:15:00,2023-01-18,2023-01-19,2023,2023-01,2023-01-25,2023-01-25,EXPIRY_SETTLEMENT,4,14.59,18165.35,18119.8,BULL_CALL,18150.0,18300.0,150.0,50.0,131.95,73.8,132.05,73.7,58.35,50,2917.5,17891.95,0.0,-2917.5,55.78,-2973.28,0,-24962.05,Candidate HF-1,HF Directional Breakout Debit Spread (ATR >= 0.25),1,
2023-01-27 15:30:00,2023-01-30 09:15:00,2023-01-30 09:15:00,2023-01-27,2023-01-30,2023,2023-01,2023-02-02,2023-02-02,EXPIRY_SETTLEMENT,3,14.66,17604.35,17541.95,BEAR_PUT,17500.0,17350.0,150.0,50.0,143.35,140.0,143.45,139.9,3.55,50,177.5,17610.4,0.0,-177.5,60.16,-237.66,0,-25199.71,Candidate HF-1,HF Directional Breakout Debit Spread (ATR >= 0.25),1,
2023-02-22 15:30:00,2023-02-23 09:15:00,2023-02-23 09:15:00,2023-02-22,2023-02-23,2023,2023-02,2023-03-02,2023-03-02,EXPIRY_SETTLEMENT,5,14.01,17554.3,17574.65,BEAR_PUT,17500.0,17350.0,150.0,50.0,101.2,49.0,101.3,48.9,52.4,50,2620.0,17321.9,150.0,4880.0,70.55,4809.45,1,-20390.26,Candidate HF-1,HF Directional Breakout Debit Spread (ATR >= 0.25),1,
2023-03-13 15:30:00,2023-03-14 09:15:00,2023-03-14 09:15:00,2023-03-13,2023-03-14,2023,2023-03,2023-03-16,2023-03-16,EXPIRY_SETTLEMENT,2,13.41,17154.3,17160.55,BEAR_PUT,17100.0,16950.0,150.0,50.0,88.85,40.0,88.95,39.9,49.05,50,2452.5,16985.6,114.4,3267.5,62.92,3204.58,1,-17185.68,Candidate HF-1,HF Directional Breakout Debit Spread (ATR >= 0.25),1,
2023-03-31 15:30:00,2023-04-03 09:15:00,2023-04-03 09:15:00,2023-03-31,2023-04-03,2023,2023-04,2023-04-06,2023-04-06,EXPIRY_SETTLEMENT,2,13.63,17359.75,17427.95,BULL_CALL,17500.0,17650.0,150.0,50.0,42.0,10.65,42.1,10.55,31.55,50,1577.5,17599.15,99.15,3380.0,58.28,3321.72,1,-13863.960000000001,Candidate HF-1,HF Directional Breakout Debit Spread (ATR >= 0.25),1,
2023-04-27 15:30:00,2023-04-28 09:15:00,2023-04-28 09:15:00,2023-04-27,2023-04-28,2023,2023-04,2023-05-04,2023-05-04,EXPIRY_SETTLEMENT,3,11.65,17915.05,17950.4,BULL_CALL,18000.0,18150.0,150.0,50.0,60.05,19.95,60.15,19.85,40.3,50,2015.0,18255.8,150.0,5485.0,76.95,5408.05,1,-8455.91,Candidate HF-1,HF Directional Breakout Debit Spread (ATR >= 0.25),1,
2023-05-04 15:30:00,2023-05-05 09:15:00,2023-05-05 09:15:00,2023-05-04,2023-05-05,2023,2023-05,2023-05-11,2023-05-11,EXPIRY_SETTLEMENT,4,11.84,18255.8,18117.3,BULL_CALL,18150.0,18300.0,150.0,50.0,94.15,40.05,94.25,39.95,54.3,50,2715.0,18297.0,147.0,4635.0,66.09,4568.91,1,-3887.0,Candidate HF-1,HF Directional Breakout Debit Spread (ATR >= 0.25),1,
2023-05-15 15:30:00,2023-05-16 09:15:00,2023-05-16 09:15:00,2023-05-15,2023-05-16,2023,2023-05,2023-05-18,2023-05-18,EXPIRY_SETTLEMENT,2,12.85,18398.85,18432.35,BULL_CALL,18500.0,18650.0,150.0,50.0,33.0,5.05,33.1,4.95,28.15,50,1407.5,18129.95,0.0,-1407.5,48.53,-1456.03,0,-5343.03,Candidate HF-1,HF Directional Breakout Debit Spread (ATR >= 0.25),1,
2023-05-26 15:30:00,2023-05-29 09:15:00,2023-05-29 09:15:00,2023-05-26,2023-05-29,2023,2023-05,2023-06-01,2023-06-01,EXPIRY_SETTLEMENT,3,12.52,18499.35,18619.15,BULL_CALL,18650.0,18800.0,150.0,50.0,45.0,10.0,45.1,9.9,35.2,50,1760.0,18487.75,0.0,-1760.0,49.2,-1809.2,0,-7152.23,Candidate HF-1,HF Directional Breakout Debit Spread (ATR >= 0.25),1,
2023-06-07 15:30:00,2023-06-08 09:15:00,2023-06-08 09:15:00,2023-06-07,2023-06-08,2023,2023-06,2023-06-15,2023-06-15,EXPIRY_SETTLEMENT,5,11.38,18726.4,18725.35,BULL_CALL,18800.0,18950.0,150.0,50.0,91.95,28.45,92.05,28.35,63.7,50,3185.0,18688.1,0.0,-3185.0,51.78,-3236.78,0,-10389.01,Candidate HF-1,HF Directional Breakout Debit Spread (ATR >= 0.25),1,
2023-06-16 15:30:00,2023-06-19 09:15:00,2023-06-19 09:15:00,2023-06-16,2023-06-19,2023,2023-06,2023-06-22,2023-06-22,EXPIRY_SETTLEMENT,3,11.08,18826.0,18873.3,BULL_CALL,18900.0,19050.0,150.0,50.0,81.05,13.0,81.15,12.9,68.25,50,3412.5,18771.25,0.0,-3412.5,50.5,-3463.0,0,-13852.01,Candidate HF-1,HF Directional Breakout Debit Spread (ATR >= 0.25),1,
2023-06-28 15:30:00,2023-06-30 09:15:00,2023-06-30 09:15:00,2023-06-28,2023-06-30,2023,2023-06,2023-07-06,2023-07-06,EXPIRY_SETTLEMENT,4,10.78,18972.1,19076.85,BULL_CALL,19150.0,19300.0,150.0,50.0,43.0,10.35,43.1,10.25,32.85,50,1642.5,19497.3,150.0,5857.5,86.97,5770.53,1,-8081.4800000000005,Candidate HF-1,HF Directional Breakout Debit Spread (ATR >= 0.25),1,
2023-07-14 15:30:00,2023-07-17 09:15:00,2023-07-17 09:15:00,2023-07-14,2023-07-17,2023,2023-07,2023-07-20,2023-07-20,EXPIRY_SETTLEMENT,3,10.94,19564.5,19612.15,BULL_CALL,19650.0,19800.0,150.0,50.0,57.2,15.95,57.3,15.85,41.45,50,2072.5,19979.15,150.0,5427.5,85.54,5341.96,1,-2739.5200000000004,Candidate HF-1,HF Directional Breakout Debit Spread (ATR >= 0.25),1,
2023-08-02 15:30:00,2023-08-03 09:15:00,2023-08-03 09:15:00,2023-08-02,2023-08-03,2023,2023-08,2023-08-10,2023-08-10,EXPIRY_SETTLEMENT,5,10.28,19526.55,19463.75,BEAR_PUT,19400.0,19250.0,150.0,50.0,81.0,39.85,81.1,39.75,41.35,50,2067.5,19543.1,0.0,-2067.5,52.14,-2119.64,0,-4859.16,Candidate HF-1,HF Directional Breakout Debit Spread (ATR >= 0.25),1,
2023-08-25 15:30:00,2023-08-28 09:15:00,2023-08-28 09:15:00,2023-08-25,2023-08-28,2023,2023-08,2023-08-31,2023-08-31,EXPIRY_SETTLEMENT,3,11.7,19265.8,19298.35,BEAR_PUT,19250.0,19100.0,150.0,50.0,80.0,33.0,80.1,32.9,47.2,50,2360.0,19253.8,0.0,-2360.0,51.69,-2411.69,0,-7270.85,Candidate HF-1,HF Directional Breakout Debit Spread (ATR >= 0.25),1,
2023-09-04 15:30:00,2023-09-05 09:15:00,2023-09-05 09:15:00,2023-09-04,2023-09-05,2023,2023-09,2023-09-07,2023-09-07,EXPIRY_SETTLEMENT,2,11.37,19528.8,19564.65,BULL_CALL,19600.0,19750.0,150.0,50.0,40.0,5.5,40.1,5.4,34.7,50,1735.0,19727.05,127.05,4617.5,60.47,4557.03,1,-2713.8200000000006,Candidate HF-1,HF Directional Breakout Debit Spread (ATR >= 0.25),1,
2023-09-13 15:30:00,2023-09-14 09:15:00,2023-09-14 09:15:00,2023-09-13,2023-09-14,2023,2023-09,2023-09-21,2023-09-21,EXPIRY_SETTLEMENT,4,11.69,20070.0,20127.95,BULL_CALL,20200.0,20350.0,150.0,50.0,80.6,38.5,80.7,38.4,42.3,50,2115.0,19742.35,0.0,-2115.0,52.04,-2167.04,0,-4880.860000000001,Candidate HF-1,HF Directional Breakout Debit Spread (ATR >= 0.25),1,
2023-09-22 15:30:00,2023-09-25 09:15:00,2023-09-25 09:15:00,2023-09-22,2023-09-25,2023,2023-09,2023-09-28,2023-09-28,EXPIRY_SETTLEMENT,3,10.82,19674.25,19678.2,BEAR_PUT,19650.0,19500.0,150.0,50.0,80.0,29.0,80.1,28.9,51.2,50,2560.0,19523.55,126.45,3762.5,63.09,3699.41,1,-1181.4500000000007,Candidate HF-1,HF Directional Breakout Debit Spread (ATR >= 0.25),1,
2023-09-28 15:30:00,2023-09-29 09:15:00,2023-09-29 09:15:00,2023-09-28,2023-09-29,2023,2023-09,2023-10-05,2023-10-05,EXPIRY_SETTLEMENT,3,11.59,19523.55,19581.2,BEAR_PUT,19550.0,19400.0,150.0,50.0,100.5,45.0,100.6,44.9,55.7,50,2785.0,19545.75,4.25,-2572.5,53.45,-2625.95,0,-3807.4000000000005,Candidate HF-1,HF Directional Breakout Debit Spread (ATR >= 0.25),1,
2023-10-04 15:30:00,2023-10-05 09:15:00,2023-10-05 09:15:00,2023-10-04,2023-10-05,2023,2023-10,2023-10-12,2023-10-12,EXPIRY_SETTLEMENT,5,11.79,19436.1,19521.85,BEAR_PUT,19450.0,19300.0,150.0,50.0,98.0,44.0,98.1,43.9,54.2,50,2710.0,19794.0,0.0,-2710.0,52.92,-2762.92,0,-6570.320000000001,Candidate HF-1,HF Directional Breakout Debit Spread (ATR >= 0.25),1,
2023-10-11 15:30:00,2023-10-12 09:15:00,2023-10-12 09:15:00,2023-10-11,2023-10-12,2023,2023-10,2023-10-19,2023-10-19,EXPIRY_SETTLEMENT,5,11.27,19811.35,19822.7,BULL_CALL,19850.0,20000.0,150.0,50.0,113.2,51.0,113.3,50.9,62.4,50,3120.0,19624.7,0.0,-3120.0,53.81,-3173.81,0,-9744.130000000001,Candidate HF-1,HF Directional Breakout Debit Spread (ATR >= 0.25),1,
2023-10-23 15:30:00,2023-10-25 09:15:00,2023-10-25 09:15:00,2023-10-23,2023-10-25,2023,2023-10,2023-10-26,2023-10-26,EXPIRY_SETTLEMENT,1,10.82,19281.75,19286.45,BEAR_PUT,19250.0,19100.0,150.0,50.0,63.65,25.2,63.75,25.1,38.65,50,1932.5,18857.25,150.0,5567.5,94.04,5473.46,1,-4270.670000000001,Candidate HF-1,HF Directional Breakout Debit Spread (ATR >= 0.25),1,
2023-11-28 15:30:00,2023-11-29 09:15:00,2023-11-29 09:15:00,2023-11-28,2023-11-29,2023,2023-11,2023-11-30,2023-11-30,EXPIRY_SETTLEMENT,1,11.33,19889.7,19976.55,BULL_CALL,20050.0,20200.0,150.0,50.0,31.3,3.0,31.4,2.9,28.5,50,1425.0,20133.15,83.15,2732.5,56.01,2676.49,1,-1594.1800000000012,Candidate HF-1,HF Directional Breakout Debit Spread (ATR >= 0.25),1,
2023-12-14 15:30:00,2023-12-15 09:15:00,2023-12-15 09:15:00,2023-12-14,2023-12-15,2023,2023-12,2023-12-21,2023-12-21,EXPIRY_SETTLEMENT,4,12.07,21182.7,21287.45,BULL_CALL,21350.0,21500.0,150.0,50.0,127.0,50.4,127.1,50.3,76.8,50,3840.0,21255.05,0.0,-3840.0,54.21,-3894.21,0,-5488.390000000001,Candidate HF-1,HF Directional Breakout Debit Spread (ATR >= 0.25),1,
2023-12-27 15:30:00,2023-12-28 09:15:00,2023-12-28 09:15:00,2023-12-27,2023-12-28,2023,2023-12,2024-01-04,2024-01-04,EXPIRY_SETTLEMENT,5,14.68,21654.75,21715.0,BULL_CALL,21750.0,21900.0,150.0,50.0,195.0,131.85,195.1,131.75,63.35,50,3167.5,21658.6,0.0,-3167.5,61.27,-3228.77,0,-8717.160000000002,Candidate HF-1,HF Directional Breakout Debit Spread (ATR >= 0.25),1,
2024-01-12 15:30:00,2024-01-15 09:15:00,2024-01-15 09:15:00,2024-01-12,2024-01-15,2024,2024-01,2024-01-18,2024-01-18,EXPIRY_SETTLEMENT,3,12.77,21894.55,22053.15,BULL_CALL,22100.0,22250.0,150.0,50.0,90.0,60.0,90.1,59.9,30.2,50,1510.0,21462.25,0.0,-1510.0,53.64,-1563.64,0,-10280.800000000001,Candidate HF-1,HF Directional Breakout Debit Spread (ATR >= 0.25),1,
2024-01-23 15:30:00,2024-01-24 09:15:00,2024-01-24 09:15:00,2024-01-23,2024-01-24,2024,2024-01,2024-01-25,2024-01-25,EXPIRY_SETTLEMENT,1,13.88,21238.8,21185.25,BEAR_PUT,21150.0,21000.0,150.0,50.0,100.0,47.3,100.1,47.2,52.9,50,2645.0,21352.6,0.0,-2645.0,53.18,-2698.18,0,-12978.980000000001,Candidate HF-1,HF Directional Breakout Debit Spread (ATR >= 0.25),1,
2024-02-02 15:30:00,2024-02-05 09:15:00,2024-02-05 09:15:00,2024-02-02,2024-02-05,2024,2024-02,2024-02-08,2024-02-08,EXPIRY_SETTLEMENT,3,14.46,21853.8,21921.05,BULL_CALL,21950.0,22100.0,150.0,50.0,130.0,67.25,130.1,67.15,62.95,50,3147.5,21717.95,0.0,-3147.5,55.32,-3202.82,0,-16181.800000000001,Candidate HF-1,HF Directional Breakout Debit Spread (ATR >= 0.25),1,
2024-02-16 15:30:00,2024-02-19 09:15:00,2024-02-19 09:15:00,2024-02-16,2024-02-19,2024,2024-02,2024-02-22,2024-02-22,EXPIRY_SETTLEMENT,3,15.23,22040.7,22103.45,BULL_CALL,22150.0,22300.0,150.0,50.0,118.0,55.5,118.1,55.4,62.7,50,3135.0,22217.45,67.45,237.5,60.45,177.05,1,-16004.750000000002,Candidate HF-1,HF Directional Breakout Debit Spread (ATR >= 0.25),1,
2024-03-01 15:30:00,2024-03-04 09:15:00,2024-03-04 09:15:00,2024-03-01,2024-03-04,2024,2024-03,2024-03-07,2024-03-07,EXPIRY_SETTLEMENT,3,15.57,22338.75,22403.5,BULL_CALL,22450.0,22600.0,150.0,50.0,128.0,58.85,128.1,58.75,69.35,50,3467.5,22493.55,43.55,-1290.0,58.76,-1348.76,0,-17353.510000000002,Candidate HF-1,HF Directional Breakout Debit Spread (ATR >= 0.25),1,
2024-03-06 15:30:00,2024-03-07 09:15:00,2024-03-07 09:15:00,2024-03-06,2024-03-07,2024,2024-03,2024-03-14,2024-03-14,EXPIRY_SETTLEMENT,4,14.38,22474.05,22505.3,BULL_CALL,22550.0,22700.0,150.0,50.0,154.0,85.95,154.1,85.85,68.25,50,3412.5,22146.65,0.0,-3412.5,57.21,-3469.71,0,-20823.22,Candidate HF-1,HF Directional Breakout Debit Spread (ATR >= 0.25),1,
2024-03-19 15:30:00,2024-03-20 09:15:00,2024-03-20 09:15:00,2024-03-19,2024-03-20,2024,2024-03,2024-03-21,2024-03-21,EXPIRY_SETTLEMENT,1,13.9,21817.45,21843.9,BEAR_PUT,21800.0,21650.0,150.0,50.0,80.0,40.0,80.1,39.9,40.2,50,2010.0,22011.95,0.0,-2010.0,52.11,-2062.11,0,-22885.33,Candidate HF-1,HF Directional Breakout Debit Spread (ATR >= 0.25),1,
2024-03-28 15:30:00,2024-04-01 09:15:00,2024-04-01 09:15:00,2024-03-28,2024-04-01,2024,2024-04,2024-04-04,2024-04-04,EXPIRY_SETTLEMENT,3,12.7,22326.9,22455.0,BULL_CALL,22500.0,22650.0,150.0,50.0,100.0,42.85,100.1,42.75,57.35,50,2867.5,22514.65,14.65,-2135.0,54.26,-2189.26,0,-25074.590000000004,Candidate HF-1,HF Directional Breakout Debit Spread (ATR >= 0.25),1,
2024-04-08 15:30:00,2024-04-09 09:15:00,2024-04-09 09:15:00,2024-04-08,2024-04-09,2024,2024-04,2024-04-10,2024-04-10,EXPIRY_SETTLEMENT,1,11.34,22666.3,22765.1,BULL_CALL,22800.0,22950.0,150.0,50.0,49.1,9.45,49.2,9.35,39.85,50,1992.5,22753.8,0.0,-1992.5,49.3,-2041.8,0,-27116.390000000003,Candidate HF-1,HF Directional Breakout Debit Spread (ATR >= 0.25),1,
2024-04-10 15:30:00,2024-04-12 09:15:00,2024-04-12 09:15:00,2024-04-10,2024-04-12,2024,2024-04,2024-04-18,2024-04-18,EXPIRY_SETTLEMENT,3,11.36,22753.8,22677.4,BULL_CALL,22750.0,22900.0,150.0,50.0,109.2,53.95,109.3,53.85,55.45,50,2772.5,21995.85,0.0,-2772.5,53.87,-2826.37,0,-29942.760000000002,Candidate HF-1,HF Directional Breakout Debit Spread (ATR >= 0.25),1,
2024-04-15 15:30:00,2024-04-16 09:15:00,2024-04-16 09:15:00,2024-04-15,2024-04-16,2024,2024-04,2024-04-18,2024-04-18,EXPIRY_SETTLEMENT,1,11.53,22272.5,22125.3,BEAR_PUT,22100.0,21950.0,150.0,50.0,65.0,30.0,65.1,29.9,35.2,50,1760.0,21995.85,104.15,3447.5,60.63,3386.87,1,-26555.890000000003,Candidate HF-1,HF Directional Breakout Debit Spread (ATR >= 0.25),1,
2024-04-29 15:30:00,2024-04-30 09:15:00,2024-04-30 09:15:00,2024-04-29,2024-04-30,2024,2024-04,2024-05-02,2024-05-02,EXPIRY_SETTLEMENT,1,10.93,22643.4,22679.65,BULL_CALL,22750.0,22900.0,150.0,50.0,63.8,15.1,63.9,15.0,48.9,25,1222.5,22648.2,0.0,-1222.5,48.65,-1271.15,0,-27827.040000000005,Candidate HF-1,HF Directional Breakout Debit Spread (ATR >= 0.25),1,
2024-05-09 15:30:00,2024-05-10 09:15:00,2024-05-10 09:15:00,2024-05-09,2024-05-10,2024,2024-05,2024-05-16,2024-05-16,EXPIRY_SETTLEMENT,4,17.08,21957.5,21990.95,BEAR_PUT,21950.0,21800.0,150.0,50.0,150.05,90.05,150.15,89.95,60.2,25,1505.0,22403.85,0.0,-1505.0,52.27,-1557.27,0,-29384.310000000005,Candidate HF-1,HF Directional Breakout Debit Spread (ATR >= 0.25),1,
2024-05-21 15:30:00,2024-05-22 09:15:00,2024-05-22 09:15:00,2024-05-21,2024-05-22,2024,2024-05,2024-05-23,2024-05-23,EXPIRY_SETTLEMENT,1,19.8,22529.05,22576.6,BULL_CALL,22650.0,22800.0,150.0,50.0,61.7,17.95,61.8,17.85,43.95,25,1098.75,22967.65,150.0,2651.25,65.8,2585.45,1,-26798.860000000004,Candidate HF-1,HF Directional Breakout Debit Spread (ATR >= 0.25),1,
2024-06-25 15:30:00,2024-06-26 09:15:00,2024-06-26 09:15:00,2024-06-25,2024-06-26,2024,2024-06,2024-06-27,2024-06-27,EXPIRY_SETTLEMENT,1,14.06,23721.3,23723.1,BULL_CALL,23750.0,23900.0,150.0,50.0,91.0,31.15,91.1,31.05,60.05,25,1501.25,24044.5,150.0,2248.75,65.25,2183.5,1,-24615.360000000004,Candidate HF-1,HF Directional Breakout Debit Spread (ATR >= 0.25),1,
2024-07-01 15:30:00,2024-07-02 09:15:00,2024-07-02 09:15:00,2024-07-01,2024-07-02,2024,2024-07,2024-07-04,2024-07-04,EXPIRY_SETTLEMENT,2,13.8,24141.95,24228.75,BULL_CALL,24300.0,24450.0,150.0,50.0,70.15,22.55,70.25,22.45,47.8,25,1195.0,24302.15,2.15,-1141.25,49.07,-1190.32,0,-25805.680000000004,Candidate HF-1,HF Directional Breakout Debit Spread (ATR >= 0.25),1,
2024-07-03 15:30:00,2024-07-04 09:15:00,2024-07-04 09:15:00,2024-07-03,2024-07-04,2024,2024-07,2024-07-11,2024-07-11,EXPIRY_SETTLEMENT,5,13.64,24286.5,24369.95,BULL_CALL,24400.0,24550.0,150.0,50.0,149.7,73.1,149.8,73.0,76.8,25,1920.0,24315.95,0.0,-1920.0,51.75,-1971.75,0,-27777.430000000004,Candidate HF-1,HF Directional Breakout Debit Spread (ATR >= 0.25),1,
2024-07-09 15:30:00,2024-07-10 09:15:00,2024-07-10 09:15:00,2024-07-09,2024-07-10,2024,2024-07,2024-07-11,2024-07-11,EXPIRY_SETTLEMENT,1,13.6,24433.2,24459.85,BULL_CALL,24500.0,24650.0,150.0,50.0,58.0,9.95,58.1,9.85,48.25,25,1206.25,24315.95,0.0,-1206.25,48.4,-1254.65,0,-29032.080000000005,Candidate HF-1,HF Directional Breakout Debit Spread (ATR >= 0.25),1,
2024-07-12 15:30:00,2024-07-15 09:15:00,2024-07-15 09:15:00,2024-07-12,2024-07-15,2024,2024-07,2024-07-18,2024-07-18,EXPIRY_SETTLEMENT,2,14.0,24502.15,24587.6,BULL_CALL,24650.0,24800.0,150.0,50.0,85.1,30.0,85.2,29.9,55.3,25,1382.5,24800.85,150.0,2367.5,56.39,2311.11,1,-26720.970000000005,Candidate HF-1,HF Directional Breakout Debit Spread (ATR >= 0.25),1,
2024-08-05 15:30:00,2024-08-06 09:15:00,2024-08-06 09:15:00,2024-08-05,2024-08-06,2024,2024-08,2024-08-08,2024-08-08,EXPIRY_SETTLEMENT,2,14.32,24055.6,24189.85,BEAR_PUT,24150.0,24000.0,150.0,50.0,190.0,135.0,190.1,134.9,55.2,25,1380.0,24117.0,33.0,-555.0,55.77,-610.77,0,-27331.740000000005,Candidate HF-1,HF Directional Breakout Debit Spread (ATR >= 0.25),1,
2024-08-20 15:30:00,2024-08-21 09:15:00,2024-08-21 09:15:00,2024-08-20,2024-08-21,2024,2024-08,2024-08-22,2024-08-22,EXPIRY_SETTLEMENT,1,14.32,24698.85,24680.55,BULL_CALL,24750.0,24900.0,150.0,50.0,52.7,13.9,52.8,13.8,39.0,25,975.0,24811.5,61.5,562.5,51.27,511.23,1,-26820.510000000006,Candidate HF-1,HF Directional Breakout Debit Spread (ATR >= 0.25),1,
2024-09-12 15:30:00,2024-09-13 09:15:00,2024-09-13 09:15:00,2024-09-12,2024-09-13,2024,2024-09,2024-09-19,2024-09-19,EXPIRY_SETTLEMENT,4,13.63,25388.9,25430.45,BULL_CALL,25500.0,25650.0,150.0,50.0,81.1,41.0,81.2,40.9,40.3,25,1007.5,25415.8,0.0,-1007.5,49.7,-1057.2,0,-27877.710000000006,Candidate HF-1,HF Directional Breakout Debit Spread (ATR >= 0.25),1,
2024-09-20 15:30:00,2024-09-23 09:15:00,2024-09-23 09:15:00,2024-09-20,2024-09-23,2024,2024-09,2024-09-26,2024-09-26,EXPIRY_SETTLEMENT,3,12.47,25790.95,25872.55,BULL_CALL,25900.0,26050.0,150.0,50.0,103.05,60.0,103.15,59.9,43.25,25,1081.25,26216.05,150.0,2668.75,67.62,2601.13,1,-25276.580000000005,Candidate HF-1,HF Directional Breakout Debit Spread (ATR >= 0.25),1,
2024-10-03 15:30:00,2024-10-04 09:15:00,2024-10-04 09:15:00,2024-10-03,2024-10-04,2024,2024-10,2024-10-10,2024-10-10,EXPIRY_SETTLEMENT,4,11.99,25250.1,25181.9,BEAR_PUT,25150.0,25000.0,150.0,50.0,129.0,82.15,129.1,82.05,47.05,25,1176.25,24998.45,150.0,2573.75,59.47,2514.28,1,-22762.300000000007,Candidate HF-1,HF Directional Breakout Debit Spread (ATR >= 0.25),1,
2024-10-22 15:30:00,2024-10-23 09:15:00,2024-10-23 09:15:00,2024-10-22,2024-10-23,2024,2024-10,2024-10-24,2024-10-24,EXPIRY_SETTLEMENT,1,13.76,24472.1,24378.15,BEAR_PUT,24350.0,24200.0,150.0,50.0,70.05,33.0,70.15,32.9,37.25,25,931.25,24399.4,0.0,-931.25,49.6,-980.85,0,-23743.150000000005,Candidate HF-1,HF Directional Breakout Debit Spread (ATR >= 0.25),1,
2024-11-04 15:30:00,2024-11-05 09:15:00,2024-11-05 09:15:00,2024-11-04,2024-11-05,2024,2024-11,2024-11-07,2024-11-07,EXPIRY_SETTLEMENT,2,15.9,23995.35,23916.5,BEAR_PUT,23850.0,23700.0,150.0,50.0,141.45,100.0,141.55,99.9,41.65,25,1041.25,24199.35,0.0,-1041.25,53.37,-1094.62,0,-24837.770000000004,Candidate HF-1,HF Directional Breakout Debit Spread (ATR >= 0.25),1,
2024-11-12 15:30:00,2024-11-13 09:15:00,2024-11-13 09:15:00,2024-11-12,2024-11-13,2024,2024-11,2024-11-14,2024-11-14,EXPIRY_SETTLEMENT,1,14.27,23883.45,23822.45,BEAR_PUT,23750.0,23600.0,150.0,50.0,62.35,28.0,62.45,27.9,34.55,25,863.75,23532.7,150.0,2886.25,60.28,2825.97,1,-22011.800000000003,Candidate HF-1,HF Directional Breakout Debit Spread (ATR >= 0.25),1,
2024-11-21 15:30:00,2024-11-22 09:15:00,2024-11-22 09:15:00,2024-11-21,2024-11-22,2024,2024-11,2024-11-28,2024-11-28,EXPIRY_SETTLEMENT,4,15.66,23349.9,23411.8,BEAR_PUT,23350.0,23200.0,150.0,50.0,187.65,116.55,187.75,116.45,71.3,25,1782.5,23914.15,0.0,-1782.5,54.75,-1837.25,0,-23849.050000000003,Candidate HF-1,HF Directional Breakout Debit Spread (ATR >= 0.25),1,
2024-12-17 15:30:00,2024-12-18 09:15:00,2024-12-18 09:15:00,2024-12-17,2024-12-18,2024,2024-12,2024-12-19,2024-12-19,EXPIRY_SETTLEMENT,1,14.02,24336.0,24297.95,BEAR_PUT,24250.0,24100.0,150.0,50.0,75.05,34.1,75.15,34.0,41.15,25,1028.75,23951.7,150.0,2721.25,65.64,2655.61,1,-21193.440000000002,Candidate HF-1,HF Directional Breakout Debit Spread (ATR >= 0.25),1,
2025-01-09 15:30:00,2025-01-10 09:15:00,2025-01-10 09:15:00,2025-01-09,2025-01-10,2025,2025-01,2025-01-16,2025-01-16,EXPIRY_SETTLEMENT,4,14.47,23526.5,23551.9,BEAR_PUT,23500.0,23350.0,150.0,50.0,141.5,98.0,141.6,97.9,43.7,75,3277.5,23311.8,150.0,7972.5,93.16,7879.34,1,-13314.100000000002,Candidate HF-1,HF Directional Breakout Debit Spread (ATR >= 0.25),1,
2025-01-27 15:30:00,2025-01-28 09:15:00,2025-01-28 09:15:00,2025-01-27,2025-01-28,2025,2025-01,2025-01-30,2025-01-30,EXPIRY_SETTLEMENT,2,16.75,22829.15,22960.45,BEAR_PUT,22900.0,22750.0,150.0,50.0,139.4,82.35,139.5,82.25,57.25,25,1431.25,23249.5,0.0,-1431.25,52.64,-1483.89,0,-14797.990000000002,Candidate HF-1,HF Directional Breakout Debit Spread (ATR >= 0.25),1,
2025-01-31 15:30:00,2025-02-03 09:15:00,2025-02-03 09:15:00,2025-01-31,2025-02-03,2025,2025-02,2025-02-06,2025-02-06,EXPIRY_SETTLEMENT,3,17.39,23508.4,23319.35,BULL_CALL,23350.0,23500.0,150.0,50.0,168.2,98.2,168.3,98.1,70.2,75,5265.0,23603.35,150.0,5985.0,106.32,5878.68,1,-8919.310000000001,Candidate HF-1,HF Directional Breakout Debit Spread (ATR >= 0.25),1,
2025-02-04 15:30:00,2025-02-05 09:15:00,2025-02-05 09:15:00,2025-02-04,2025-02-05,2025,2025-02,2025-02-06,2025-02-06,EXPIRY_SETTLEMENT,1,14.35,23739.25,23801.75,BULL_CALL,23850.0,24000.0,150.0,50.0,45.5,15.0,45.6,14.9,30.7,75,2302.5,23603.35,0.0,-2302.5,51.1,-2353.6,0,-11272.910000000002,Candidate HF-1,HF Directional Breakout Debit Spread (ATR >= 0.25),1,
2025-03-18 15:30:00,2025-03-19 09:15:00,2025-03-19 09:15:00,2025-03-18,2025-03-19,2025,2025-03,2025-03-20,2025-03-20,EXPIRY_SETTLEMENT,1,13.42,22834.3,22874.95,BULL_CALL,22900.0,23050.0,150.0,50.0,70.05,23.5,70.15,23.4,46.75,75,3506.25,23190.65,150.0,7743.75,99.63,7644.12,1,-3628.790000000002,Candidate HF-1,HF Directional Breakout Debit Spread (ATR >= 0.25),1,
2025-04-04 15:30:00,2025-04-07 09:15:00,2025-04-07 09:15:00,2025-04-04,2025-04-07,2025,2025-04,2025-04-09,2025-04-09,EXPIRY_SETTLEMENT,2,13.6,22904.45,21758.4,BEAR_PUT,21700.0,21550.0,150.0,50.0,175.9,150.0,176.0,149.9,26.1,75,1957.5,22399.15,0.0,-1957.5,73.29,-2030.79,0,-5659.580000000002,Candidate HF-1,HF Directional Breakout Debit Spread (ATR >= 0.25),1,
2025-04-17 15:30:00,2025-04-21 09:15:00,2025-04-21 09:15:00,2025-04-17,2025-04-21,2025,2025-04,2025-04-24,2025-04-24,EXPIRY_SETTLEMENT,3,15.87,23851.65,23949.15,BULL_CALL,24000.0,24150.0,150.0,50.0,140.0,95.0,140.1,94.9,45.2,75,3390.0,24246.7,150.0,7860.0,103.41,7756.59,1,2097.0099999999984,Candidate HF-1,HF Directional Breakout Debit Spread (ATR >= 0.25),1,
2025-05-15 15:30:00,2025-05-16 09:15:00,2025-05-16 09:15:00,2025-05-15,2025-05-16,2025,2025-05,2025-05-22,2025-05-22,EXPIRY_SETTLEMENT,4,17.23,25062.1,25064.65,BULL_CALL,25100.0,25250.0,150.0,50.0,170.0,105.35,170.1,105.25,64.85,75,4863.75,24609.7,0.0,-4863.75,67.69,-4931.44,0,-2834.430000000001,Candidate HF-1,HF Directional Breakout Debit Spread (ATR >= 0.25),1,
2025-06-25 15:30:00,2025-06-26 09:15:00,2025-06-26 09:15:00,2025-06-25,2025-06-26,2025,2025-06,2025-07-03,2025-07-03,EXPIRY_SETTLEMENT,5,13.64,25244.75,25268.95,BULL_CALL,25300.0,25450.0,150.0,50.0,165.0,100.0,165.1,99.9,65.2,75,4890.0,25405.3,105.3,3007.5,81.35,2926.15,1,91.71999999999889,Candidate HF-1,HF Directional Breakout Debit Spread (ATR >= 0.25),1,
2025-07-10 15:30:00,2025-07-11 09:15:00,2025-07-11 09:15:00,2025-07-10,2025-07-11,2025,2025-07,2025-07-17,2025-07-17,EXPIRY_SETTLEMENT,4,11.94,25355.25,25255.5,BEAR_PUT,25200.0,25050.0,150.0,50.0,88.65,54.95,88.75,54.85,33.9,75,2542.5,25111.45,88.55,4098.75,70.11,4028.64,1,4120.359999999999,Candidate HF-1,HF Directional Breakout Debit Spread (ATR >= 0.25),1,
2025-07-18 15:30:00,2025-07-21 09:15:00,2025-07-21 09:15:00,2025-07-18,2025-07-21,2025,2025-07,2025-07-24,2025-07-24,EXPIRY_SETTLEMENT,3,11.24,24968.4,24999.0,BEAR_PUT,24950.0,24800.0,150.0,50.0,98.2,53.8,98.3,53.7,44.6,75,3345.0,25062.1,0.0,-3345.0,58.19,-3403.19,0,717.1699999999987,Candidate HF-1,HF Directional Breakout Debit Spread (ATR >= 0.25),1,
2025-07-25 15:30:00,2025-07-28 09:15:00,2025-07-28 09:15:00,2025-07-25,2025-07-28,2025,2025-07,2025-07-31,2025-07-31,EXPIRY_SETTLEMENT,3,10.72,24837.0,24782.45,BEAR_PUT,24750.0,24600.0,150.0,50.0,82.0,49.0,82.1,48.9,33.2,75,2490.0,24768.35,0.0,-2490.0,56.86,-2546.86,0,-1829.6900000000014,Candidate HF-1,HF Directional Breakout Debit Spread (ATR >= 0.25),1,
2025-08-01 15:30:00,2025-08-04 09:15:00,2025-08-04 09:15:00,2025-08-01,2025-08-04,2025,2025-08,2025-08-07,2025-08-07,EXPIRY_SETTLEMENT,3,11.54,24565.35,24596.05,BEAR_PUT,24550.0,24400.0,150.0,50.0,132.2,78.2,132.3,78.1,54.2,75,4065.0,24596.15,0.0,-4065.0,62.68,-4127.68,0,-5957.370000000002,Candidate HF-1,HF Directional Breakout Debit Spread (ATR >= 0.25),1,
2025-08-08 15:30:00,2025-08-11 09:15:00,2025-08-11 09:15:00,2025-08-08,2025-08-11,2025,2025-08,2025-08-14,2025-08-14,EXPIRY_SETTLEMENT,3,11.69,24363.3,24371.5,BEAR_PUT,24300.0,24150.0,150.0,50.0,88.0,47.2,88.1,47.1,41.0,75,3075.0,24631.3,0.0,-3075.0,56.93,-3131.93,0,-9089.300000000001,Candidate HF-1,HF Directional Breakout Debit Spread (ATR >= 0.25),1,
2025-08-18 15:30:00,2025-08-19 09:15:00,2025-08-19 09:15:00,2025-08-18,2025-08-19,2025,2025-08,2025-08-21,2025-08-21,EXPIRY_SETTLEMENT,2,12.36,24876.95,24891.35,BULL_CALL,24950.0,25100.0,150.0,50.0,101.6,44.55,101.7,44.45,57.25,75,4293.75,25083.75,133.75,5737.5,75.71,5661.79,1,-3427.510000000001,Candidate HF-1,HF Directional Breakout Debit Spread (ATR >= 0.25),1,
2025-08-29 15:30:00,2025-09-01 09:15:00,2025-09-01 09:15:00,2025-08-29,2025-09-01,2025,2025-09,2025-09-02,2025-09-02,EXPIRY_SETTLEMENT,1,12.18,24426.85,24432.7,BEAR_PUT,24400.0,24250.0,150.0,50.0,52.0,18.9,52.1,18.8,33.3,75,2497.5,24579.6,0.0,-2497.5,51.87,-2549.37,0,-5976.880000000001,Candidate HF-1,HF Directional Breakout Debit Spread (ATR >= 0.25),1,
2025-09-10 15:30:00,2025-09-11 09:15:00,2025-09-11 09:15:00,2025-09-10,2025-09-11,2025,2025-09,2025-09-16,2025-09-16,EXPIRY_SETTLEMENT,3,10.69,24973.1,24945.5,BULL_CALL,25000.0,25150.0,150.0,50.0,125.0,58.0,125.1,57.9,67.2,75,5040.0,25239.1,150.0,6210.0,96.91,6113.09,1,136.20999999999913,Candidate HF-1,HF Directional Breakout Debit Spread (ATR >= 0.25),1,
2025-09-16 15:30:00,2025-09-17 09:15:00,2025-09-17 09:15:00,2025-09-16,2025-09-17,2025,2025-09,2025-09-23,2025-09-23,EXPIRY_SETTLEMENT,4,10.4,25239.1,25276.6,BULL_CALL,25350.0,25500.0,150.0,50.0,113.4,55.35,113.5,55.25,58.25,75,4368.75,25169.5,0.0,-4368.75,59.08,-4427.83,0,-4291.620000000001,Candidate HF-1,HF Directional Breakout Debit Spread (ATR >= 0.25),1,
2025-09-25 15:30:00,2025-09-26 09:15:00,2025-09-26 09:15:00,2025-09-25,2025-09-26,2025,2025-09,2025-09-30,2025-09-30,EXPIRY_SETTLEMENT,2,10.52,24890.85,24818.55,BEAR_PUT,24750.0,24600.0,150.0,50.0,34.0,15.55,34.1,15.45,18.65,75,1398.75,24611.1,138.9,9018.75,69.81,8948.94,1,4657.32,Candidate HF-1,HF Directional Breakout Debit Spread (ATR >= 0.25),1,
2025-10-09 15:30:00,2025-10-10 09:15:00,2025-10-10 09:15:00,2025-10-09,2025-10-10,2025,2025-10,2025-10-14,2025-10-14,EXPIRY_SETTLEMENT,2,10.31,25181.8,25167.65,BULL_CALL,25200.0,25350.0,150.0,50.0,87.05,33.8,87.15,33.7,53.45,75,4008.75,25145.5,0.0,-4008.75,55.28,-4064.03,0,593.2899999999995,Candidate HF-1,HF Directional Breakout Debit Spread (ATR >= 0.25),1,
2025-10-27 15:30:00,2025-10-28 09:15:00,2025-10-28 09:15:00,2025-10-27,2025-10-28,2025,2025-10,2025-11-04,2025-11-04,EXPIRY_SETTLEMENT,5,11.59,25966.05,25939.95,BULL_CALL,26000.0,26150.0,150.0,50.0,219.2,145.1,219.3,145.0,74.3,75,5572.5,25597.65,0.0,-5572.5,74.72,-5647.22,0,-5053.93,Candidate HF-1,HF Directional Breakout Debit Spread (ATR >= 0.25),1,
2025-10-29 15:30:00,2025-10-30 09:15:00,2025-10-30 09:15:00,2025-10-29,2025-10-30,2025,2025-10,2025-11-04,2025-11-04,EXPIRY_SETTLEMENT,3,11.95,26053.9,25984.4,BULL_CALL,26050.0,26200.0,150.0,50.0,168.1,95.05,168.2,94.95,73.25,75,5493.75,25597.65,0.0,-5493.75,66.37,-5560.12,0,-10614.05,Candidate HF-1,HF Directional Breakout Debit Spread (ATR >= 0.25),1,
2025-11-04 15:30:00,2025-11-06 09:15:00,2025-11-06 09:15:00,2025-11-04,2025-11-06,2025,2025-11,2025-11-11,2025-11-11,EXPIRY_SETTLEMENT,3,12.67,25597.65,25593.35,BEAR_PUT,25550.0,25400.0,150.0,50.0,108.0,59.0,108.1,58.9,49.2,75,3690.0,25694.95,0.0,-3690.0,59.27,-3749.27,0,-14363.32,Candidate HF-1,HF Directional Breakout Debit Spread (ATR >= 0.25),1,
2026-01-02 15:30:00,2026-01-05 09:15:00,2026-01-05 09:15:00,2026-01-02,2026-01-05,2026,2026-01,2026-01-06,2026-01-06,EXPIRY_SETTLEMENT,1,9.19,26328.55,26333.7,BULL_CALL,26400.0,26550.0,150.0,50.0,40.45,6.95,40.55,6.85,33.7,65,2190.5,26178.7,0.0,-2190.5,49.55,-2240.05,0,-16603.37,Candidate HF-1,HF Directional Breakout Debit Spread (ATR >= 0.25),1,
2026-01-08 15:30:00,2026-01-09 09:15:00,2026-01-09 09:15:00,2026-01-08,2026-01-09,2026,2026-01,2026-01-13,2026-01-13,EXPIRY_SETTLEMENT,2,9.95,25876.85,25840.4,BEAR_PUT,25800.0,25650.0,150.0,50.0,59.9,25.4,60.0,25.3,34.7,65,2255.5,25732.3,67.7,2145.0,60.34,2084.66,1,-14518.71,Candidate HF-1,HF Directional Breakout Debit Spread (ATR >= 0.25),1,
2026-01-19 15:30:00,2026-01-20 09:15:00,2026-01-20 09:15:00,2026-01-19,2026-01-20,2026,2026-01,2026-01-27,2026-01-27,EXPIRY_SETTLEMENT,4,11.37,25585.5,25580.3,BEAR_PUT,25550.0,25400.0,150.0,50.0,139.0,95.0,139.1,94.9,44.2,65,2873.0,25175.4,150.0,6877.0,116.09,6760.91,1,-7757.799999999999,Candidate HF-1,HF Directional Breakout Debit Spread (ATR >= 0.25),1,
2026-01-23 15:30:00,2026-01-27 09:15:00,2026-01-27 09:15:00,2026-01-23,2026-01-27,2026,2026-01,2026-02-03,2026-02-03,EXPIRY_SETTLEMENT,5,13.35,25048.65,25063.35,BEAR_PUT,25000.0,24850.0,150.0,50.0,185.15,148.3,185.25,148.2,37.05,65,2408.25,25727.55,0.0,-2408.25,70.01,-2478.26,0,-10236.06,Candidate HF-1,HF Directional Breakout Debit Spread (ATR >= 0.25),1,
2026-02-03 15:30:00,2026-02-04 09:15:00,2026-02-04 09:15:00,2026-02-03,2026-02-04,2026,2026-02,2026-02-10,2026-02-10,EXPIRY_SETTLEMENT,4,13.87,25727.55,25675.05,BULL_CALL,25750.0,25900.0,150.0,50.0,197.6,107.65,197.7,107.55,90.15,65,5859.75,25935.15,150.0,3890.25,89.81,3800.44,1,-6435.619999999999,Candidate HF-1,HF Directional Breakout Debit Spread (ATR >= 0.25),1,
2026-02-27 15:30:00,2026-03-02 09:15:00,2026-03-02 09:15:00,2026-02-27,2026-03-02,2026,2026-03,2026-03-10,2026-03-10,EXPIRY_SETTLEMENT,5,13.06,25178.65,24659.25,BEAR_PUT,24600.0,24450.0,150.0,50.0,126.8,106.0,126.9,105.9,21.0,65,1365.0,24261.6,150.0,8385.0,111.01,8273.99,1,1838.3700000000008,Candidate HF-1,HF Directional Breakout Debit Spread (ATR >= 0.25),1,
2026-03-11 15:30:00,2026-03-12 09:15:00,2026-03-12 09:15:00,2026-03-11,2026-03-12,2026,2026-03,2026-03-17,2026-03-17,EXPIRY_SETTLEMENT,3,18.91,23866.85,23674.85,BEAR_PUT,23600.0,23450.0,150.0,50.0,240.0,224.65,240.1,224.55,15.55,65,1010.75,23581.15,18.85,214.5,82.37,132.13,1,1970.500000000001,Candidate HF-1,HF Directional Breakout Debit Spread (ATR >= 0.25),1,
2026-03-19 15:30:00,2026-03-20 09:15:00,2026-03-20 09:15:00,2026-03-19,2026-03-20,2026,2026-03,2026-03-24,2026-03-24,EXPIRY_SETTLEMENT,2,18.72,23002.15,23110.15,BEAR_PUT,23050.0,22900.0,150.0,50.0,263.75,167.6,263.85,167.5,96.35,65,6262.75,22912.4,137.6,2681.25,91.64,2589.61,1,4560.110000000001,Candidate HF-1,HF Directional Breakout Debit Spread (ATR >= 0.25),1,
2026-04-15 15:30:00,2026-04-16 09:15:00,2026-04-16 09:15:00,2026-04-15,2026-04-16,2026,2026-04,2026-04-21,2026-04-21,EXPIRY_SETTLEMENT,3,20.5,24231.3,24385.2,BULL_CALL,24450.0,24600.0,150.0,50.0,130.0,81.0,130.1,80.9,49.2,65,3198.0,24576.6,126.6,5031.0,75.97,4955.03,1,9515.14,Candidate HF-1,HF Directional Breakout Debit Spread (ATR >= 0.25),1,
2026-04-17 15:30:00,2026-04-20 09:15:00,2026-04-20 09:15:00,2026-04-17,2026-04-20,2026,2026-04,2026-04-21,2026-04-21,EXPIRY_SETTLEMENT,1,18.09,24353.55,24391.5,BULL_CALL,24450.0,24600.0,150.0,50.0,120.0,58.5,120.1,58.4,61.7,65,4010.5,24576.6,126.6,4218.5,73.24,4145.26,1,13660.4,Candidate HF-1,HF Directional Breakout Debit Spread (ATR >= 0.25),1,
2026-05-11 15:30:00,2026-05-12 09:15:00,2026-05-12 09:15:00,2026-05-11,2026-05-12,2026,2026-05,2026-05-19,2026-05-19,EXPIRY_SETTLEMENT,5,16.84,23815.85,23722.6,BEAR_PUT,23650.0,23500.0,150.0,50.0,162.65,130.0,162.75,129.9,32.85,65,2135.25,23618.0,32.0,-55.25,71.04,-126.29,0,13534.109999999999,Candidate HF-1,HF Directional Breakout Debit Spread (ATR >= 0.25),1,
2026-06-12 15:30:00,2026-06-15 09:15:00,2026-06-15 09:15:00,2026-06-12,2026-06-15,2026,2026-06,2026-06-16,2026-06-16,EXPIRY_SETTLEMENT,1,15.61,23622.9,23984.85,BULL_CALL,24050.0,24200.0,150.0,50.0,80.15,36.95,80.25,36.85,43.4,65,2821.0,23989.15,0.0,-2821.0,54.25,-2875.25,0,10658.859999999999,Candidate HF-1,HF Directional Breakout Debit Spread (ATR >= 0.25),1,
2026-07-23 15:30:00,2026-07-24 09:15:00,2026-07-24 09:15:00,2026-07-23,2026-07-24,2026,2026-07,2026-07-28,2026-07-28,EXPIRY_SETTLEMENT,2,13.29,23869.6,23666.35,BEAR_PUT,23600.0,23450.0,150.0,50.0,84.0,42.85,84.1,42.75,41.35,65,2687.75,23985.35,0.0,-2687.75,55.02,-2742.77,0,7916.089999999998,Candidate HF-1,HF Directional Breakout Debit Spread (ATR >= 0.25),1,
2026-07-31 15:30:00,2026-08-03 09:15:00,2026-08-03 09:15:00,2026-07-31,2026-08-03,2026,2026-08,2026-08-04,2026-08-04,EXPIRY_SETTLEMENT,1,12.16,24383.6,24572.7,BULL_CALL,24600.0,24750.0,150.0,50.0,47.9,11.1,48.0,11.0,37.0,65,2405.0,24614.9,14.9,-1436.5,52.06,-1488.56,0,6427.529999999999,Candidate HF-1,HF Directional Breakout Debit Spread (ATR >= 0.25),1,
2026-09-07 15:30:00,2026-09-08 09:15:00,2026-09-08 09:15:00,2026-09-07,2026-09-08,2026,2026-09,2026-09-15,2026-09-15,EXPIRY_SETTLEMENT,4,10.68,23779.15,23743.1,BEAR_PUT,23700.0,23550.0,150.0,50.0,103.3,50.9,103.4,50.8,52.6,65,3419.0,23118.6,150.0,6331.0,142.79,6188.21,1,12615.739999999998,Candidate HF-1,HF Directional Breakout Debit Spread (ATR >= 0.25),1,
2019-04-16 15:30:00,2019-04-18 09:15:00,2019-04-18 09:15:00,2019-04-16,2019-04-18,2019,2019-04,2019-04-25,2019-04-25,EXPIRY_SETTLEMENT,4,21.39,11787.15,11856.15,BULL_CALL,11900.0,12050.0,150.0,50.0,49.45,9.3,49.55,9.2,40.35,75,3026.25,11641.8,0.0,-3026.25,50.35,-3076.6,0,-3076.6,Candidate HF-2,Conviction Breakout Debit Spread (ATR >= 0.50),0,
2019-06-03 15:30:00,2019-06-04 09:15:00,2019-06-04 09:15:00,2019-06-03,2019-06-04,2019,2019-06,2019-06-06,2019-06-06,EXPIRY_SETTLEMENT,1,16.07,12088.55,12052.65,BULL_CALL,12100.0,12250.0,150.0,50.0,39.75,5.05,39.85,4.95,34.9,75,2617.5,11843.75,0.0,-2617.5,49.51,-2667.01,0,-5743.610000000001,Candidate HF-2,Conviction Breakout Debit Spread (ATR >= 0.50),0,
2019-07-08 15:30:00,2019-07-09 09:15:00,2019-07-09 09:15:00,2019-07-08,2019-07-09,2019,2019-07,2019-07-11,2019-07-11,EXPIRY_SETTLEMENT,2,13.07,11558.6,11531.6,BEAR_PUT,11500.0,11350.0,150.0,50.0,47.0,11.9,47.1,11.8,35.3,75,2647.5,11582.9,0.0,-2647.5,50.47,-2697.97,0,-8441.58,Candidate HF-2,Conviction Breakout Debit Spread (ATR >= 0.50),0,
2019-07-19 15:30:00,2019-07-22 09:15:00,2019-07-22 09:15:00,2019-07-19,2019-07-22,2019,2019-07,2019-07-25,2019-07-25,EXPIRY_SETTLEMENT,3,11.75,11419.25,11392.85,BEAR_PUT,11350.0,11200.0,150.0,50.0,48.15,14.9,48.25,14.8,33.45,75,2508.75,11252.15,97.85,4830.0,64.31,4765.69,1,-3675.8900000000003,Candidate HF-2,Conviction Breakout Debit Spread (ATR >= 0.50),0,
2019-07-29 15:30:00,2019-07-30 09:15:00,2019-07-30 09:15:00,2019-07-29,2019-07-30,2019,2019-07,2019-08-01,2019-08-01,EXPIRY_SETTLEMENT,2,12.13,11189.2,11213.7,BEAR_PUT,11150.0,11000.0,150.0,50.0,28.95,7.8,29.05,7.7,21.35,75,1601.25,10980.0,150.0,9648.75,73.62,9575.13,1,5899.239999999999,Candidate HF-2,Conviction Breakout Debit Spread (ATR >= 0.50),0,
2019-08-01 15:30:00,2019-08-02 09:15:00,2019-08-02 09:15:00,2019-08-01,2019-08-02,2019,2019-08,2019-08-08,2019-08-08,EXPIRY_SETTLEMENT,4,13.59,10980.0,10930.3,BEAR_PUT,10900.0,10750.0,150.0,50.0,87.75,38.85,87.85,38.75,49.1,75,3682.5,11032.45,0.0,-3682.5,54.83,-3737.33,0,2161.909999999999,Candidate HF-2,Conviction Breakout Debit Spread (ATR >= 0.50),0,
2019-08-05 15:30:00,2019-08-06 09:15:00,2019-08-06 09:15:00,2019-08-05,2019-08-06,2019,2019-08,2019-08-08,2019-08-08,EXPIRY_SETTLEMENT,2,15.19,10862.6,10815.4,BEAR_PUT,10750.0,10600.0,150.0,50.0,73.0,29.95,73.1,29.85,43.25,75,3243.75,11032.45,0.0,-3243.75,53.33,-3297.08,0,-1135.170000000001,Candidate HF-2,Conviction Breakout Debit Spread (ATR >= 0.50),0,
2019-08-22 15:30:00,2019-08-23 09:15:00,2019-08-23 09:15:00,2019-08-22,2019-08-23,2019,2019-08,2019-08-29,2019-08-29,EXPIRY_SETTLEMENT,4,17.02,10741.35,10699.6,BEAR_PUT,10650.0,10500.0,150.0,50.0,74.05,35.0,74.15,34.9,39.25,75,2943.75,10948.3,0.0,-2943.75,53.84,-2997.59,0,-4132.760000000001,Candidate HF-2,Conviction Breakout Debit Spread (ATR >= 0.50),0,
2019-09-19 15:30:00,2019-09-20 09:15:00,2019-09-20 09:15:00,2019-09-19,2019-09-20,2019,2019-09,2019-09-26,2019-09-26,EXPIRY_SETTLEMENT,4,15.35,10704.8,10746.8,BEAR_PUT,10700.0,10550.0,150.0,50.0,71.95,29.4,72.05,29.3,42.75,75,3206.25,11571.2,0.0,-3206.25,53.23,-3259.48,0,-7392.240000000002,Candidate HF-2,Conviction Breakout Debit Spread (ATR >= 0.50),0,
2019-09-20 15:30:00,2019-09-23 09:15:00,2019-09-23 09:15:00,2019-09-20,2019-09-23,2019,2019-09,2019-09-26,2019-09-26,EXPIRY_SETTLEMENT,3,15.55,11274.2,11542.7,BULL_CALL,11600.0,11750.0,150.0,50.0,58.95,27.05,59.05,26.95,32.1,75,2407.5,11571.2,0.0,-2407.5,52.41,-2459.91,0,-9852.150000000001,Candidate HF-2,Conviction Breakout Debit Spread (ATR >= 0.50),0,
2019-10-17 15:30:00,2019-10-18 09:15:00,2019-10-18 09:15:00,2019-10-17,2019-10-18,2019,2019-10,2019-10-24,2019-10-24,EXPIRY_SETTLEMENT,3,16.36,11586.35,11580.3,BULL_CALL,11650.0,11800.0,150.0,50.0,53.55,17.15,53.65,17.05,36.6,75,2745.0,11582.6,0.0,-2745.0,51.25,-2796.25,0,-12648.400000000001,Candidate HF-2,Conviction Breakout Debit Spread (ATR >= 0.50),0,
2019-10-29 15:30:00,2019-10-30 09:15:00,2019-10-30 09:15:00,2019-10-29,2019-10-30,2019,2019-10,2019-10-31,2019-10-31,EXPIRY_SETTLEMENT,1,15.32,11786.85,11883.9,BULL_CALL,11950.0,12100.0,150.0,50.0,16.0,3.5,16.1,3.4,12.7,75,952.5,11877.45,0.0,-952.5,48.26,-1000.76,0,-13649.160000000002,Candidate HF-2,Conviction Breakout Debit Spread (ATR >= 0.50),0,
2019-11-25 15:30:00,2019-11-26 09:15:00,2019-11-26 09:15:00,2019-11-25,2019-11-26,2019,2019-11,2019-11-28,2019-11-28,EXPIRY_SETTLEMENT,2,14.87,12073.75,12110.2,BULL_CALL,12150.0,12300.0,150.0,50.0,43.45,7.45,43.55,7.35,36.2,75,2715.0,12151.15,1.15,-2628.75,50.06,-2678.81,0,-16327.970000000001,Candidate HF-2,Conviction Breakout Debit Spread (ATR >= 0.50),0,
2019-12-10 15:30:00,2019-12-11 09:15:00,2019-12-11 09:15:00,2019-12-10,2019-12-11,2019,2019-12,2019-12-12,2019-12-12,EXPIRY_SETTLEMENT,1,14.6,11856.8,11867.35,BEAR_PUT,11800.0,11650.0,150.0,50.0,16.35,1.55,16.45,1.45,15.0,75,1125.0,11971.8,0.0,-1125.0,48.1,-1173.1,0,-17501.07,Candidate HF-2,Conviction Breakout Debit Spread (ATR >= 0.50),0,
2019-12-17 15:30:00,2019-12-18 09:15:00,2019-12-18 09:15:00,2019-12-17,2019-12-18,2019,2019-12,2019-12-19,2019-12-19,EXPIRY_SETTLEMENT,1,13.42,12165.0,12197.0,BULL_CALL,12250.0,12400.0,150.0,50.0,12.65,1.7,12.75,1.6,11.15,75,836.25,12259.7,9.7,-108.75,49.28,-158.03,0,-17659.1,Candidate HF-2,Conviction Breakout Debit Spread (ATR >= 0.50),0,
2020-01-06 15:30:00,2020-01-07 09:15:00,2020-01-07 09:15:00,2020-01-06,2020-01-07,2020,2020-01,2020-01-09,2020-01-09,EXPIRY_SETTLEMENT,2,12.7,11993.05,12079.1,BEAR_PUT,12050.0,11900.0,150.0,50.0,61.4,20.0,61.5,19.9,41.6,75,3120.0,12215.9,0.0,-3120.0,51.88,-3171.88,0,-20830.98,Candidate HF-2,Conviction Breakout Debit Spread (ATR >= 0.50),0,
2020-02-24 15:30:00,2020-02-25 09:15:00,2020-02-25 09:15:00,2020-02-24,2020-02-25,2020,2020-02,2020-02-27,2020-02-27,EXPIRY_SETTLEMENT,2,13.7,11829.4,11877.5,BEAR_PUT,11850.0,11700.0,150.0,50.0,84.0,26.1,84.1,26.0,58.1,75,4357.5,11633.3,150.0,6892.5,86.37,6806.13,1,-14024.849999999999,Candidate HF-2,Conviction Breakout Debit Spread (ATR >= 0.50),0,
2020-03-06 15:30:00,2020-03-09 09:15:00,2020-03-09 09:15:00,2020-03-06,2020-03-09,2020,2020-03,2020-03-12,2020-03-12,EXPIRY_SETTLEMENT,2,23.25,10989.45,10742.05,BEAR_PUT,10700.0,10550.0,150.0,50.0,140.0,84.2,140.1,84.1,56.0,75,4200.0,9590.15,150.0,7050.0,257.21,6792.79,1,-7232.059999999999,Candidate HF-2,Conviction Breakout Debit Spread (ATR >= 0.50),0,
2020-10-06 15:30:00,2020-10-07 09:15:00,2020-10-07 09:15:00,2020-10-06,2020-10-07,2020,2020-10,2020-10-08,2020-10-08,EXPIRY_SETTLEMENT,1,19.71,11662.4,11679.25,BULL_CALL,11750.0,11900.0,150.0,50.0,22.0,2.8,22.1,2.7,19.4,75,1455.0,11834.6,84.6,4890.0,60.16,4829.84,1,-2402.2199999999984,Candidate HF-2,Conviction Breakout Debit Spread (ATR >= 0.50),0,
2020-11-05 15:30:00,2020-11-06 09:15:00,2020-11-06 09:15:00,2020-11-05,2020-11-06,2020,2020-11,2020-11-12,2020-11-12,EXPIRY_SETTLEMENT,4,23.2,12120.3,12156.65,BULL_CALL,12200.0,12350.0,150.0,50.0,99.0,50.0,99.1,49.9,49.2,75,3690.0,12690.8,150.0,7560.0,139.25,7420.75,1,5018.530000000002,Candidate HF-2,Conviction Breakout Debit Spread (ATR >= 0.50),0,
2020-11-17 15:30:00,2020-11-18 09:15:00,2020-11-18 09:15:00,2020-11-17,2020-11-18,2020,2020-11,2020-11-19,2020-11-19,EXPIRY_SETTLEMENT,1,19.7,12874.2,12860.1,BULL_CALL,12900.0,13050.0,150.0,50.0,40.05,10.25,40.15,10.15,30.0,75,2250.0,12771.7,0.0,-2250.0,50.0,-2300.0,0,2718.5300000000016,Candidate HF-2,Conviction Breakout Debit Spread (ATR >= 0.50),0,
2020-11-24 15:30:00,2020-11-25 09:15:00,2020-11-25 09:15:00,2020-11-24,2020-11-25,2020,2020-11,2020-11-26,2020-11-26,EXPIRY_SETTLEMENT,1,20.8,13055.15,13130.0,BULL_CALL,13200.0,13350.0,150.0,50.0,44.7,7.7,44.8,7.6,37.2,75,2790.0,12987.0,0.0,-2790.0,49.98,-2839.98,0,-121.44999999999845,Candidate HF-2,Conviction Breakout Debit Spread (ATR >= 0.50),0,
2020-12-28 15:30:00,2020-12-29 09:15:00,2020-12-29 09:15:00,2020-12-28,2020-12-29,2020,2020-12,2020-12-31,2020-12-31,EXPIRY_SETTLEMENT,2,19.97,13873.2,13910.35,BULL_CALL,13950.0,14100.0,150.0,50.0,65.5,25.5,65.6,25.4,40.2,75,3015.0,13981.75,31.75,-633.75,56.96,-690.71,0,-812.1599999999985,Candidate HF-2,Conviction Breakout Debit Spread (ATR >= 0.50),0,
2021-01-08 15:30:00,2021-01-11 09:15:00,2021-01-11 09:15:00,2021-01-08,2021-01-11,2021,2021-01,2021-01-14,2021-01-14,EXPIRY_SETTLEMENT,3,20.62,14347.25,14474.05,BULL_CALL,14500.0,14650.0,150.0,50.0,53.0,15.0,53.1,14.9,38.2,75,2865.0,14595.6,95.6,4305.0,64.23,4240.77,1,3428.610000000002,Candidate HF-2,Conviction Breakout Debit Spread (ATR >= 0.50),0,
2021-02-22 15:30:00,2021-02-23 09:15:00,2021-02-23 09:15:00,2021-02-22,2021-02-23,2021,2021-02,2021-02-25,2021-02-25,EXPIRY_SETTLEMENT,2,22.25,14675.7,14782.25,BEAR_PUT,14750.0,14600.0,150.0,50.0,116.0,78.9,116.1,78.8,37.3,75,2797.5,15097.35,0.0,-2797.5,59.8,-2857.3,0,571.3100000000018,Candidate HF-2,Conviction Breakout Debit Spread (ATR >= 0.50),0,
2021-02-26 15:30:00,2021-03-01 09:15:00,2021-03-01 09:15:00,2021-02-26,2021-03-01,2021,2021-03,2021-03-04,2021-03-04,EXPIRY_SETTLEMENT,3,22.89,14529.15,14702.5,BEAR_PUT,14650.0,14500.0,150.0,50.0,150.05,103.35,150.15,103.25,46.9,75,3517.5,15080.75,0.0,-3517.5,63.61,-3581.11,0,-3009.7999999999984,Candidate HF-2,Conviction Breakout Debit Spread (ATR >= 0.50),0,
2021-03-17 15:30:00,2021-03-18 09:15:00,2021-03-18 09:15:00,2021-03-17,2021-03-18,2021,2021-03,2021-03-25,2021-03-25,EXPIRY_SETTLEMENT,5,20.19,14721.3,14855.5,BEAR_PUT,14800.0,14650.0,150.0,50.0,155.0,98.1,155.1,98.0,57.1,75,4282.5,14324.9,150.0,6967.5,143.39,6824.11,1,3814.3100000000013,Candidate HF-2,Conviction Breakout Debit Spread (ATR >= 0.50),0,
2021-04-28 15:30:00,2021-04-29 09:15:00,2021-04-29 09:15:00,2021-04-28,2021-04-29,2021,2021-04,2021-05-06,2021-05-06,EXPIRY_SETTLEMENT,5,23.08,14864.55,14979.0,BULL_CALL,15050.0,15200.0,150.0,50.0,120.0,60.55,120.1,60.45,59.65,75,4473.75,14724.8,0.0,-4473.75,58.31,-4532.06,0,-717.7499999999991,Candidate HF-2,Conviction Breakout Debit Spread (ATR >= 0.50),0,
2021-05-18 15:30:00,2021-05-19 09:15:00,2021-05-19 09:15:00,2021-05-18,2021-05-19,2021,2021-05,2021-05-20,2021-05-20,EXPIRY_SETTLEMENT,1,19.61,15108.1,15058.6,BULL_CALL,15100.0,15250.0,150.0,50.0,80.0,17.1,80.1,17.0,63.1,75,4732.5,14906.05,0.0,-4732.5,52.48,-4784.98,0,-5502.729999999999,Candidate HF-2,Conviction Breakout Debit Spread (ATR >= 0.50),0,
2021-06-03 15:30:00,2021-06-04 09:15:00,2021-06-04 09:15:00,2021-06-03,2021-06-04,2021,2021-06,2021-06-10,2021-06-10,EXPIRY_SETTLEMENT,4,17.21,15690.35,15712.5,BULL_CALL,15750.0,15900.0,150.0,50.0,110.0,39.7,110.1,39.6,70.5,75,5287.5,15737.75,0.0,-5287.5,55.94,-5343.44,0,-10846.169999999998,Candidate HF-2,Conviction Breakout Debit Spread (ATR >= 0.50),0,
2021-08-03 15:30:00,2021-08-04 09:15:00,2021-08-04 09:15:00,2021-08-03,2021-08-04,2021,2021-08,2021-08-05,2021-08-05,EXPIRY_SETTLEMENT,1,12.81,16130.75,16195.25,BULL_CALL,16250.0,16400.0,150.0,50.0,24.0,9.0,24.1,8.9,15.2,50,760.0,16294.6,44.6,1470.0,52.6,1417.4,1,-9428.769999999999,Candidate HF-2,Conviction Breakout Debit Spread (ATR >= 0.50),0,
2021-09-02 15:30:00,2021-09-03 09:15:00,2021-09-03 09:15:00,2021-09-02,2021-09-03,2021,2021-09,2021-09-09,2021-09-09,EXPIRY_SETTLEMENT,4,14.19,17234.15,17262.45,BULL_CALL,17300.0,17450.0,150.0,50.0,88.05,79.0,88.15,78.9,9.25,50,462.5,17369.25,69.25,3000.0,61.11,2938.89,1,-6489.879999999999,Candidate HF-2,Conviction Breakout Debit Spread (ATR >= 0.50),0,
2021-09-23 15:30:00,2021-09-24 09:15:00,2021-09-24 09:15:00,2021-09-23,2021-09-24,2021,2021-09,2021-09-30,2021-09-30,EXPIRY_SETTLEMENT,4,16.49,17822.95,17897.45,BULL_CALL,17950.0,18100.0,150.0,50.0,103.6,58.5,103.7,58.4,45.3,50,2265.0,17618.15,0.0,-2265.0,53.97,-2318.97,0,-8808.849999999999,Candidate HF-2,Conviction Breakout Debit Spread (ATR >= 0.50),1,
2021-10-28 15:30:00,2021-10-29 09:15:00,2021-10-29 09:15:00,2021-10-28,2021-10-29,2021,2021-10,2021-11-03,2021-11-03,EXPIRY_SETTLEMENT,3,16.83,17857.25,17833.05,BEAR_PUT,17800.0,17650.0,150.0,50.0,122.0,84.25,122.1,84.15,37.95,50,1897.5,17829.2,0.0,-1897.5,56.11,-1953.61,0,-10762.46,Candidate HF-2,Conviction Breakout Debit Spread (ATR >= 0.50),1,
2021-11-26 15:30:00,2021-11-29 09:15:00,2021-11-29 09:15:00,2021-11-26,2021-11-29,2021,2021-11,2021-12-02,2021-12-02,EXPIRY_SETTLEMENT,3,16.66,17026.45,17055.8,BEAR_PUT,17000.0,16850.0,150.0,50.0,145.0,116.0,145.1,115.9,29.2,50,1460.0,17401.65,0.0,-1460.0,58.75,-1518.75,0,-12281.21,Candidate HF-2,Conviction Breakout Debit Spread (ATR >= 0.50),1,
2021-12-20 15:30:00,2021-12-21 09:15:00,2021-12-21 09:15:00,2021-12-20,2021-12-21,2021,2021-12,2021-12-23,2021-12-23,EXPIRY_SETTLEMENT,2,16.34,16614.2,16773.15,BEAR_PUT,16700.0,16550.0,150.0,50.0,119.95,77.4,120.05,77.3,42.75,50,2137.5,17072.6,0.0,-2137.5,55.63,-2193.13,0,-14474.34,Candidate HF-2,Conviction Breakout Debit Spread (ATR >= 0.50),1,
2021-12-31 15:30:00,2022-01-03 09:15:00,2022-01-03 09:15:00,2021-12-31,2022-01-03,2022,2022-01,2022-01-06,2022-01-06,EXPIRY_SETTLEMENT,3,16.57,17354.05,17387.15,BULL_CALL,17450.0,17600.0,150.0,50.0,84.05,32.95,84.15,32.85,51.3,50,2565.0,17745.9,150.0,4935.0,83.36,4851.64,1,-9622.7,Candidate HF-2,Conviction Breakout Debit Spread (ATR >= 0.50),1,
2022-01-21 15:30:00,2022-01-24 09:15:00,2022-01-24 09:15:00,2022-01-21,2022-01-24,2022,2022-01,2022-01-27,2022-01-27,EXPIRY_SETTLEMENT,2,17.79,17617.15,17575.15,BEAR_PUT,17550.0,17400.0,150.0,50.0,125.0,57.95,125.1,57.85,67.25,50,3362.5,17110.15,150.0,4137.5,103.66,4033.84,1,-5588.860000000001,Candidate HF-2,Conviction Breakout Debit Spread (ATR >= 0.50),1,
2022-02-14 15:30:00,2022-02-15 09:15:00,2022-02-15 09:15:00,2022-02-14,2022-02-15,2022,2022-02,2022-02-17,2022-02-17,EXPIRY_SETTLEMENT,2,18.68,16842.8,16933.25,BEAR_PUT,16900.0,16750.0,150.0,50.0,190.0,144.65,190.1,144.55,45.55,50,2277.5,17304.6,0.0,-2277.5,61.89,-2339.39,0,-7928.25,Candidate HF-2,Conviction Breakout Debit Spread (ATR >= 0.50),1,
2022-04-01 15:30:00,2022-04-04 09:15:00,2022-04-04 09:15:00,2022-04-01,2022-04-04,2022,2022-04,2022-04-07,2022-04-07,EXPIRY_SETTLEMENT,3,20.56,17670.45,17809.1,BULL_CALL,17850.0,18000.0,150.0,50.0,73.0,30.25,73.1,30.15,42.95,50,2147.5,17639.55,0.0,-2147.5,51.3,-2198.8,0,-10127.05,Candidate HF-2,Conviction Breakout Debit Spread (ATR >= 0.50),1,
2022-04-18 15:30:00,2022-04-19 09:15:00,2022-04-19 09:15:00,2022-04-18,2022-04-19,2022,2022-04,2022-04-21,2022-04-21,EXPIRY_SETTLEMENT,2,17.79,17173.65,17258.95,BEAR_PUT,17200.0,17050.0,150.0,50.0,105.0,45.4,105.1,45.3,59.8,50,2990.0,17392.6,0.0,-2990.0,53.22,-3043.22,0,-13170.269999999999,Candidate HF-2,Conviction Breakout Debit Spread (ATR >= 0.50),1,
2022-05-06 15:30:00,2022-05-09 09:15:00,2022-05-09 09:15:00,2022-05-06,2022-05-09,2022,2022-05,2022-05-12,2022-05-12,EXPIRY_SETTLEMENT,3,20.29,16411.25,16227.7,BEAR_PUT,16200.0,16050.0,150.0,50.0,131.1,91.05,131.2,90.95,40.25,50,2012.5,15808.0,150.0,5487.5,100.05,5387.45,1,-7782.819999999999,Candidate HF-2,Conviction Breakout Debit Spread (ATR >= 0.50),1,
2022-06-10 15:30:00,2022-06-13 09:15:00,2022-06-13 09:15:00,2022-06-10,2022-06-13,2022,2022-06,2022-06-16,2022-06-16,EXPIRY_SETTLEMENT,3,19.14,16201.8,15877.55,BEAR_PUT,15850.0,15700.0,150.0,50.0,72.6,60.0,72.7,59.9,12.8,50,640.0,15360.6,150.0,6860.0,108.19,6751.81,1,-1031.0099999999984,Candidate HF-2,Conviction Breakout Debit Spread (ATR >= 0.50),1,
2022-07-06 15:30:00,2022-07-07 09:15:00,2022-07-07 09:15:00,2022-07-06,2022-07-07,2022,2022-07,2022-07-14,2022-07-14,EXPIRY_SETTLEMENT,5,20.79,15989.8,16113.75,BULL_CALL,16150.0,16300.0,150.0,50.0,150.45,80.05,150.55,79.95,70.6,50,3530.0,15938.65,0.0,-3530.0,56.74,-3586.74,0,-4617.749999999998,Candidate HF-2,Conviction Breakout Debit Spread (ATR >= 0.50),1,
2022-07-28 15:30:00,2022-07-29 09:15:00,2022-07-29 09:15:00,2022-07-28,2022-07-29,2022,2022-07,2022-08-04,2022-08-04,EXPIRY_SETTLEMENT,4,18.13,16929.6,17079.5,BULL_CALL,17150.0,17300.0,150.0,50.0,75.05,53.85,75.15,53.75,21.4,50,1070.0,17382.0,150.0,6430.0,76.58,6353.42,1,1735.670000000002,Candidate HF-2,Conviction Breakout Debit Spread (ATR >= 0.50),1,
2022-08-29 15:30:00,2022-08-30 09:15:00,2022-08-30 09:15:00,2022-08-29,2022-08-30,2022,2022-08,2022-09-01,2022-09-01,EXPIRY_SETTLEMENT,1,18.22,17312.9,17414.95,BEAR_PUT,17350.0,17200.0,150.0,50.0,80.0,50.0,80.1,49.9,30.2,50,1510.0,17542.8,0.0,-1510.0,52.72,-1562.72,0,172.95000000000186,Candidate HF-2,Conviction Breakout Debit Spread (ATR >= 0.50),1,
2022-09-23 15:30:00,2022-09-26 09:15:00,2022-09-26 09:15:00,2022-09-23,2022-09-26,2022,2022-09,2022-09-29,2022-09-29,EXPIRY_SETTLEMENT,3,18.82,17327.35,17156.3,BEAR_PUT,17100.0,16950.0,150.0,50.0,145.05,60.35,145.15,60.25,84.9,50,4245.0,16818.1,150.0,3255.0,85.22,3169.78,1,3342.7300000000023,Candidate HF-2,Conviction Breakout Debit Spread (ATR >= 0.50),1,
2022-10-18 15:30:00,2022-10-19 09:15:00,2022-10-19 09:15:00,2022-10-18,2022-10-19,2022,2022-10,2022-10-20,2022-10-20,EXPIRY_SETTLEMENT,1,18.42,17486.95,17568.15,BULL_CALL,17600.0,17750.0,150.0,50.0,62.65,11.65,62.75,11.55,51.2,50,2560.0,17563.95,0.0,-2560.0,49.85,-2609.85,0,732.8800000000024,Candidate HF-2,Conviction Breakout Debit Spread (ATR >= 0.50),1,
2022-11-11 15:30:00,2022-11-14 09:15:00,2022-11-14 09:15:00,2022-11-11,2022-11-14,2022,2022-11,2022-11-17,2022-11-17,EXPIRY_SETTLEMENT,3,15.57,18349.7,18376.4,BULL_CALL,18450.0,18600.0,150.0,50.0,78.5,27.85,78.6,27.75,50.85,50,2542.5,18343.9,0.0,-2542.5,51.33,-2593.83,0,-1860.9499999999975,Candidate HF-2,Conviction Breakout Debit Spread (ATR >= 0.50),1,
2022-12-15 15:30:00,2022-12-16 09:15:00,2022-12-16 09:15:00,2022-12-15,2022-12-16,2022,2022-12,2022-12-22,2022-12-22,EXPIRY_SETTLEMENT,4,12.89,18414.9,18319.1,BEAR_PUT,18250.0,18100.0,150.0,50.0,76.0,44.65,76.1,44.55,31.55,50,1577.5,18127.35,122.65,4555.0,63.56,4491.44,1,2630.490000000002,Candidate HF-2,Conviction Breakout Debit Spread (ATR >= 0.50),1,
2023-01-27 15:30:00,2023-01-30 09:15:00,2023-01-30 09:15:00,2023-01-27,2023-01-30,2023,2023-01,2023-02-02,2023-02-02,EXPIRY_SETTLEMENT,3,14.66,17604.35,17541.95,BEAR_PUT,17500.0,17350.0,150.0,50.0,143.35,140.0,143.45,139.9,3.55,50,177.5,17610.4,0.0,-177.5,60.16,-237.66,0,2392.830000000002,Candidate HF-2,Conviction Breakout Debit Spread (ATR >= 0.50),1,
2023-02-22 15:30:00,2023-02-23 09:15:00,2023-02-23 09:15:00,2023-02-22,2023-02-23,2023,2023-02,2023-03-02,2023-03-02,EXPIRY_SETTLEMENT,5,14.01,17554.3,17574.65,BEAR_PUT,17500.0,17350.0,150.0,50.0,101.2,49.0,101.3,48.9,52.4,50,2620.0,17321.9,150.0,4880.0,70.55,4809.45,1,7202.2800000000025,Candidate HF-2,Conviction Breakout Debit Spread (ATR >= 0.50),1,
2023-03-13 15:30:00,2023-03-14 09:15:00,2023-03-14 09:15:00,2023-03-13,2023-03-14,2023,2023-03,2023-03-16,2023-03-16,EXPIRY_SETTLEMENT,2,13.41,17154.3,17160.55,BEAR_PUT,17100.0,16950.0,150.0,50.0,88.85,40.0,88.95,39.9,49.05,50,2452.5,16985.6,114.4,3267.5,62.92,3204.58,1,10406.860000000002,Candidate HF-2,Conviction Breakout Debit Spread (ATR >= 0.50),1,
2023-03-31 15:30:00,2023-04-03 09:15:00,2023-04-03 09:15:00,2023-03-31,2023-04-03,2023,2023-04,2023-04-06,2023-04-06,EXPIRY_SETTLEMENT,2,13.63,17359.75,17427.95,BULL_CALL,17500.0,17650.0,150.0,50.0,42.0,10.65,42.1,10.55,31.55,50,1577.5,17599.15,99.15,3380.0,58.28,3321.72,1,13728.580000000002,Candidate HF-2,Conviction Breakout Debit Spread (ATR >= 0.50),1,
2023-04-27 15:30:00,2023-04-28 09:15:00,2023-04-28 09:15:00,2023-04-27,2023-04-28,2023,2023-04,2023-05-04,2023-05-04,EXPIRY_SETTLEMENT,3,11.65,17915.05,17950.4,BULL_CALL,18000.0,18150.0,150.0,50.0,60.05,19.95,60.15,19.85,40.3,50,2015.0,18255.8,150.0,5485.0,76.95,5408.05,1,19136.63,Candidate HF-2,Conviction Breakout Debit Spread (ATR >= 0.50),1,
2023-05-04 15:30:00,2023-05-05 09:15:00,2023-05-05 09:15:00,2023-05-04,2023-05-05,2023,2023-05,2023-05-11,2023-05-11,EXPIRY_SETTLEMENT,4,11.84,18255.8,18117.3,BULL_CALL,18150.0,18300.0,150.0,50.0,94.15,40.05,94.25,39.95,54.3,50,2715.0,18297.0,147.0,4635.0,66.09,4568.91,1,23705.54,Candidate HF-2,Conviction Breakout Debit Spread (ATR >= 0.50),1,
2023-05-15 15:30:00,2023-05-16 09:15:00,2023-05-16 09:15:00,2023-05-15,2023-05-16,2023,2023-05,2023-05-18,2023-05-18,EXPIRY_SETTLEMENT,2,12.85,18398.85,18432.35,BULL_CALL,18500.0,18650.0,150.0,50.0,33.0,5.05,33.1,4.95,28.15,50,1407.5,18129.95,0.0,-1407.5,48.53,-1456.03,0,22249.510000000002,Candidate HF-2,Conviction Breakout Debit Spread (ATR >= 0.50),1,
2023-05-26 15:30:00,2023-05-29 09:15:00,2023-05-29 09:15:00,2023-05-26,2023-05-29,2023,2023-05,2023-06-01,2023-06-01,EXPIRY_SETTLEMENT,3,12.52,18499.35,18619.15,BULL_CALL,18650.0,18800.0,150.0,50.0,45.0,10.0,45.1,9.9,35.2,50,1760.0,18487.75,0.0,-1760.0,49.2,-1809.2,0,20440.31,Candidate HF-2,Conviction Breakout Debit Spread (ATR >= 0.50),1,
2023-06-07 15:30:00,2023-06-08 09:15:00,2023-06-08 09:15:00,2023-06-07,2023-06-08,2023,2023-06,2023-06-15,2023-06-15,EXPIRY_SETTLEMENT,5,11.38,18726.4,18725.35,BULL_CALL,18800.0,18950.0,150.0,50.0,91.95,28.45,92.05,28.35,63.7,50,3185.0,18688.1,0.0,-3185.0,51.78,-3236.78,0,17203.530000000002,Candidate HF-2,Conviction Breakout Debit Spread (ATR >= 0.50),1,
2023-06-16 15:30:00,2023-06-19 09:15:00,2023-06-19 09:15:00,2023-06-16,2023-06-19,2023,2023-06,2023-06-22,2023-06-22,EXPIRY_SETTLEMENT,3,11.08,18826.0,18873.3,BULL_CALL,18900.0,19050.0,150.0,50.0,81.05,13.0,81.15,12.9,68.25,50,3412.5,18771.25,0.0,-3412.5,50.5,-3463.0,0,13740.530000000002,Candidate HF-2,Conviction Breakout Debit Spread (ATR >= 0.50),1,
2023-06-28 15:30:00,2023-06-30 09:15:00,2023-06-30 09:15:00,2023-06-28,2023-06-30,2023,2023-06,2023-07-06,2023-07-06,EXPIRY_SETTLEMENT,4,10.78,18972.1,19076.85,BULL_CALL,19150.0,19300.0,150.0,50.0,43.0,10.35,43.1,10.25,32.85,50,1642.5,19497.3,150.0,5857.5,86.97,5770.53,1,19511.06,Candidate HF-2,Conviction Breakout Debit Spread (ATR >= 0.50),1,
2023-08-02 15:30:00,2023-08-03 09:15:00,2023-08-03 09:15:00,2023-08-02,2023-08-03,2023,2023-08,2023-08-10,2023-08-10,EXPIRY_SETTLEMENT,5,10.28,19526.55,19463.75,BEAR_PUT,19400.0,19250.0,150.0,50.0,81.0,39.85,81.1,39.75,41.35,50,2067.5,19543.1,0.0,-2067.5,52.14,-2119.64,0,17391.420000000002,Candidate HF-2,Conviction Breakout Debit Spread (ATR >= 0.50),1,
2023-09-04 15:30:00,2023-09-05 09:15:00,2023-09-05 09:15:00,2023-09-04,2023-09-05,2023,2023-09,2023-09-07,2023-09-07,EXPIRY_SETTLEMENT,2,11.37,19528.8,19564.65,BULL_CALL,19600.0,19750.0,150.0,50.0,40.0,5.5,40.1,5.4,34.7,50,1735.0,19727.05,127.05,4617.5,60.47,4557.03,1,21948.45,Candidate HF-2,Conviction Breakout Debit Spread (ATR >= 0.50),1,
2023-09-13 15:30:00,2023-09-14 09:15:00,2023-09-14 09:15:00,2023-09-13,2023-09-14,2023,2023-09,2023-09-21,2023-09-21,EXPIRY_SETTLEMENT,4,11.69,20070.0,20127.95,BULL_CALL,20200.0,20350.0,150.0,50.0,80.6,38.5,80.7,38.4,42.3,50,2115.0,19742.35,0.0,-2115.0,52.04,-2167.04,0,19781.41,Candidate HF-2,Conviction Breakout Debit Spread (ATR >= 0.50),1,
2023-09-28 15:30:00,2023-09-29 09:15:00,2023-09-29 09:15:00,2023-09-28,2023-09-29,2023,2023-09,2023-10-05,2023-10-05,EXPIRY_SETTLEMENT,3,11.59,19523.55,19581.2,BEAR_PUT,19550.0,19400.0,150.0,50.0,100.5,45.0,100.6,44.9,55.7,50,2785.0,19545.75,4.25,-2572.5,53.45,-2625.95,0,17155.46,Candidate HF-2,Conviction Breakout Debit Spread (ATR >= 0.50),1,
2023-10-04 15:30:00,2023-10-05 09:15:00,2023-10-05 09:15:00,2023-10-04,2023-10-05,2023,2023-10,2023-10-12,2023-10-12,EXPIRY_SETTLEMENT,5,11.79,19436.1,19521.85,BEAR_PUT,19450.0,19300.0,150.0,50.0,98.0,44.0,98.1,43.9,54.2,50,2710.0,19794.0,0.0,-2710.0,52.92,-2762.92,0,14392.539999999999,Candidate HF-2,Conviction Breakout Debit Spread (ATR >= 0.50),1,
2023-10-11 15:30:00,2023-10-12 09:15:00,2023-10-12 09:15:00,2023-10-11,2023-10-12,2023,2023-10,2023-10-19,2023-10-19,EXPIRY_SETTLEMENT,5,11.27,19811.35,19822.7,BULL_CALL,19850.0,20000.0,150.0,50.0,113.2,51.0,113.3,50.9,62.4,50,3120.0,19624.7,0.0,-3120.0,53.81,-3173.81,0,11218.73,Candidate HF-2,Conviction Breakout Debit Spread (ATR >= 0.50),1,
2023-10-23 15:30:00,2023-10-25 09:15:00,2023-10-25 09:15:00,2023-10-23,2023-10-25,2023,2023-10,2023-10-26,2023-10-26,EXPIRY_SETTLEMENT,1,10.82,19281.75,19286.45,BEAR_PUT,19250.0,19100.0,150.0,50.0,63.65,25.2,63.75,25.1,38.65,50,1932.5,18857.25,150.0,5567.5,94.04,5473.46,1,16692.19,Candidate HF-2,Conviction Breakout Debit Spread (ATR >= 0.50),1,
2023-11-28 15:30:00,2023-11-29 09:15:00,2023-11-29 09:15:00,2023-11-28,2023-11-29,2023,2023-11,2023-11-30,2023-11-30,EXPIRY_SETTLEMENT,1,11.33,19889.7,19976.55,BULL_CALL,20050.0,20200.0,150.0,50.0,31.3,3.0,31.4,2.9,28.5,50,1425.0,20133.15,83.15,2732.5,56.01,2676.49,1,19368.68,Candidate HF-2,Conviction Breakout Debit Spread (ATR >= 0.50),1,
2023-12-14 15:30:00,2023-12-15 09:15:00,2023-12-15 09:15:00,2023-12-14,2023-12-15,2023,2023-12,2023-12-21,2023-12-21,EXPIRY_SETTLEMENT,4,12.07,21182.7,21287.45,BULL_CALL,21350.0,21500.0,150.0,50.0,127.0,50.4,127.1,50.3,76.8,50,3840.0,21255.05,0.0,-3840.0,54.21,-3894.21,0,15474.470000000001,Candidate HF-2,Conviction Breakout Debit Spread (ATR >= 0.50),1,
2023-12-27 15:30:00,2023-12-28 09:15:00,2023-12-28 09:15:00,2023-12-27,2023-12-28,2023,2023-12,2024-01-04,2024-01-04,EXPIRY_SETTLEMENT,5,14.68,21654.75,21715.0,BULL_CALL,21750.0,21900.0,150.0,50.0,195.0,131.85,195.1,131.75,63.35,50,3167.5,21658.6,0.0,-3167.5,61.27,-3228.77,0,12245.7,Candidate HF-2,Conviction Breakout Debit Spread (ATR >= 0.50),1,
2024-01-12 15:30:00,2024-01-15 09:15:00,2024-01-15 09:15:00,2024-01-12,2024-01-15,2024,2024-01,2024-01-18,2024-01-18,EXPIRY_SETTLEMENT,3,12.77,21894.55,22053.15,BULL_CALL,22100.0,22250.0,150.0,50.0,90.0,60.0,90.1,59.9,30.2,50,1510.0,21462.25,0.0,-1510.0,53.64,-1563.64,0,10682.060000000001,Candidate HF-2,Conviction Breakout Debit Spread (ATR >= 0.50),1,
2024-01-23 15:30:00,2024-01-24 09:15:00,2024-01-24 09:15:00,2024-01-23,2024-01-24,2024,2024-01,2024-01-25,2024-01-25,EXPIRY_SETTLEMENT,1,13.88,21238.8,21185.25,BEAR_PUT,21150.0,21000.0,150.0,50.0,100.0,47.3,100.1,47.2,52.9,50,2645.0,21352.6,0.0,-2645.0,53.18,-2698.18,0,7983.880000000001,Candidate HF-2,Conviction Breakout Debit Spread (ATR >= 0.50),1,
2024-03-01 15:30:00,2024-03-04 09:15:00,2024-03-04 09:15:00,2024-03-01,2024-03-04,2024,2024-03,2024-03-07,2024-03-07,EXPIRY_SETTLEMENT,3,15.57,22338.75,22403.5,BULL_CALL,22450.0,22600.0,150.0,50.0,128.0,58.85,128.1,58.75,69.35,50,3467.5,22493.55,43.55,-1290.0,58.76,-1348.76,0,6635.120000000001,Candidate HF-2,Conviction Breakout Debit Spread (ATR >= 0.50),1,
2024-03-19 15:30:00,2024-03-20 09:15:00,2024-03-20 09:15:00,2024-03-19,2024-03-20,2024,2024-03,2024-03-21,2024-03-21,EXPIRY_SETTLEMENT,1,13.9,21817.45,21843.9,BEAR_PUT,21800.0,21650.0,150.0,50.0,80.0,40.0,80.1,39.9,40.2,50,2010.0,22011.95,0.0,-2010.0,52.11,-2062.11,0,4573.01,Candidate HF-2,Conviction Breakout Debit Spread (ATR >= 0.50),1,
2024-03-28 15:30:00,2024-04-01 09:15:00,2024-04-01 09:15:00,2024-03-28,2024-04-01,2024,2024-04,2024-04-04,2024-04-04,EXPIRY_SETTLEMENT,3,12.7,22326.9,22455.0,BULL_CALL,22500.0,22650.0,150.0,50.0,100.0,42.85,100.1,42.75,57.35,50,2867.5,22514.65,14.65,-2135.0,54.26,-2189.26,0,2383.75,Candidate HF-2,Conviction Breakout Debit Spread (ATR >= 0.50),1,
2024-04-08 15:30:00,2024-04-09 09:15:00,2024-04-09 09:15:00,2024-04-08,2024-04-09,2024,2024-04,2024-04-10,2024-04-10,EXPIRY_SETTLEMENT,1,11.34,22666.3,22765.1,BULL_CALL,22800.0,22950.0,150.0,50.0,49.1,9.45,49.2,9.35,39.85,50,1992.5,22753.8,0.0,-1992.5,49.3,-2041.8,0,341.95000000000005,Candidate HF-2,Conviction Breakout Debit Spread (ATR >= 0.50),1,
2024-05-09 15:30:00,2024-05-10 09:15:00,2024-05-10 09:15:00,2024-05-09,2024-05-10,2024,2024-05,2024-05-16,2024-05-16,EXPIRY_SETTLEMENT,4,17.08,21957.5,21990.95,BEAR_PUT,21950.0,21800.0,150.0,50.0,150.05,90.05,150.15,89.95,60.2,25,1505.0,22403.85,0.0,-1505.0,52.27,-1557.27,0,-1215.32,Candidate HF-2,Conviction Breakout Debit Spread (ATR >= 0.50),1,
2024-06-25 15:30:00,2024-06-26 09:15:00,2024-06-26 09:15:00,2024-06-25,2024-06-26,2024,2024-06,2024-06-27,2024-06-27,EXPIRY_SETTLEMENT,1,14.06,23721.3,23723.1,BULL_CALL,23750.0,23900.0,150.0,50.0,91.0,31.15,91.1,31.05,60.05,25,1501.25,24044.5,150.0,2248.75,65.25,2183.5,1,968.1800000000001,Candidate HF-2,Conviction Breakout Debit Spread (ATR >= 0.50),1,
2024-07-03 15:30:00,2024-07-04 09:15:00,2024-07-04 09:15:00,2024-07-03,2024-07-04,2024,2024-07,2024-07-11,2024-07-11,EXPIRY_SETTLEMENT,5,13.64,24286.5,24369.95,BULL_CALL,24400.0,24550.0,150.0,50.0,149.7,73.1,149.8,73.0,76.8,25,1920.0,24315.95,0.0,-1920.0,51.75,-1971.75,0,-1003.5699999999999,Candidate HF-2,Conviction Breakout Debit Spread (ATR >= 0.50),1,
2024-07-09 15:30:00,2024-07-10 09:15:00,2024-07-10 09:15:00,2024-07-09,2024-07-10,2024,2024-07,2024-07-11,2024-07-11,EXPIRY_SETTLEMENT,1,13.6,24433.2,24459.85,BULL_CALL,24500.0,24650.0,150.0,50.0,58.0,9.95,58.1,9.85,48.25,25,1206.25,24315.95,0.0,-1206.25,48.4,-1254.65,0,-2258.2200000000003,Candidate HF-2,Conviction Breakout Debit Spread (ATR >= 0.50),1,
2024-08-05 15:30:00,2024-08-06 09:15:00,2024-08-06 09:15:00,2024-08-05,2024-08-06,2024,2024-08,2024-08-08,2024-08-08,EXPIRY_SETTLEMENT,2,14.32,24055.6,24189.85,BEAR_PUT,24150.0,24000.0,150.0,50.0,190.0,135.0,190.1,134.9,55.2,25,1380.0,24117.0,33.0,-555.0,55.77,-610.77,0,-2868.9900000000002,Candidate HF-2,Conviction Breakout Debit Spread (ATR >= 0.50),1,
2024-09-12 15:30:00,2024-09-13 09:15:00,2024-09-13 09:15:00,2024-09-12,2024-09-13,2024,2024-09,2024-09-19,2024-09-19,EXPIRY_SETTLEMENT,4,13.63,25388.9,25430.45,BULL_CALL,25500.0,25650.0,150.0,50.0,81.1,41.0,81.2,40.9,40.3,25,1007.5,25415.8,0.0,-1007.5,49.7,-1057.2,0,-3926.1900000000005,Candidate HF-2,Conviction Breakout Debit Spread (ATR >= 0.50),1,
2024-09-20 15:30:00,2024-09-23 09:15:00,2024-09-23 09:15:00,2024-09-20,2024-09-23,2024,2024-09,2024-09-26,2024-09-26,EXPIRY_SETTLEMENT,3,12.47,25790.95,25872.55,BULL_CALL,25900.0,26050.0,150.0,50.0,103.05,60.0,103.15,59.9,43.25,25,1081.25,26216.05,150.0,2668.75,67.62,2601.13,1,-1325.0600000000004,Candidate HF-2,Conviction Breakout Debit Spread (ATR >= 0.50),1,
2024-10-03 15:30:00,2024-10-04 09:15:00,2024-10-04 09:15:00,2024-10-03,2024-10-04,2024,2024-10,2024-10-10,2024-10-10,EXPIRY_SETTLEMENT,4,11.99,25250.1,25181.9,BEAR_PUT,25150.0,25000.0,150.0,50.0,129.0,82.15,129.1,82.05,47.05,25,1176.25,24998.45,150.0,2573.75,59.47,2514.28,1,1189.2199999999998,Candidate HF-2,Conviction Breakout Debit Spread (ATR >= 0.50),1,
2024-10-22 15:30:00,2024-10-23 09:15:00,2024-10-23 09:15:00,2024-10-22,2024-10-23,2024,2024-10,2024-10-24,2024-10-24,EXPIRY_SETTLEMENT,1,13.76,24472.1,24378.15,BEAR_PUT,24350.0,24200.0,150.0,50.0,70.05,33.0,70.15,32.9,37.25,25,931.25,24399.4,0.0,-931.25,49.6,-980.85,0,208.36999999999978,Candidate HF-2,Conviction Breakout Debit Spread (ATR >= 0.50),1,
2024-11-04 15:30:00,2024-11-05 09:15:00,2024-11-05 09:15:00,2024-11-04,2024-11-05,2024,2024-11,2024-11-07,2024-11-07,EXPIRY_SETTLEMENT,2,15.9,23995.35,23916.5,BEAR_PUT,23850.0,23700.0,150.0,50.0,141.45,100.0,141.55,99.9,41.65,25,1041.25,24199.35,0.0,-1041.25,53.37,-1094.62,0,-886.2500000000001,Candidate HF-2,Conviction Breakout Debit Spread (ATR >= 0.50),1,
2025-01-27 15:30:00,2025-01-28 09:15:00,2025-01-28 09:15:00,2025-01-27,2025-01-28,2025,2025-01,2025-01-30,2025-01-30,EXPIRY_SETTLEMENT,2,16.75,22829.15,22960.45,BEAR_PUT,22900.0,22750.0,150.0,50.0,139.4,82.35,139.5,82.25,57.25,25,1431.25,23249.5,0.0,-1431.25,52.64,-1483.89,0,-2370.1400000000003,Candidate HF-2,Conviction Breakout Debit Spread (ATR >= 0.50),1,
2025-01-31 15:30:00,2025-02-03 09:15:00,2025-02-03 09:15:00,2025-01-31,2025-02-03,2025,2025-02,2025-02-06,2025-02-06,EXPIRY_SETTLEMENT,3,17.39,23508.4,23319.35,BULL_CALL,23350.0,23500.0,150.0,50.0,168.2,98.2,168.3,98.1,70.2,75,5265.0,23603.35,150.0,5985.0,106.32,5878.68,1,3508.54,Candidate HF-2,Conviction Breakout Debit Spread (ATR >= 0.50),1,
2025-02-04 15:30:00,2025-02-05 09:15:00,2025-02-05 09:15:00,2025-02-04,2025-02-05,2025,2025-02,2025-02-06,2025-02-06,EXPIRY_SETTLEMENT,1,14.35,23739.25,23801.75,BULL_CALL,23850.0,24000.0,150.0,50.0,45.5,15.0,45.6,14.9,30.7,75,2302.5,23603.35,0.0,-2302.5,51.1,-2353.6,0,1154.94,Candidate HF-2,Conviction Breakout Debit Spread (ATR >= 0.50),1,
2025-03-18 15:30:00,2025-03-19 09:15:00,2025-03-19 09:15:00,2025-03-18,2025-03-19,2025,2025-03,2025-03-20,2025-03-20,EXPIRY_SETTLEMENT,1,13.42,22834.3,22874.95,BULL_CALL,22900.0,23050.0,150.0,50.0,70.05,23.5,70.15,23.4,46.75,75,3506.25,23190.65,150.0,7743.75,99.63,7644.12,1,8799.06,Candidate HF-2,Conviction Breakout Debit Spread (ATR >= 0.50),1,
2025-04-04 15:30:00,2025-04-07 09:15:00,2025-04-07 09:15:00,2025-04-04,2025-04-07,2025,2025-04,2025-04-09,2025-04-09,EXPIRY_SETTLEMENT,2,13.6,22904.45,21758.4,BEAR_PUT,21700.0,21550.0,150.0,50.0,175.9,150.0,176.0,149.9,26.1,75,1957.5,22399.15,0.0,-1957.5,73.29,-2030.79,0,6768.2699999999995,Candidate HF-2,Conviction Breakout Debit Spread (ATR >= 0.50),1,
2025-04-17 15:30:00,2025-04-21 09:15:00,2025-04-21 09:15:00,2025-04-17,2025-04-21,2025,2025-04,2025-04-24,2025-04-24,EXPIRY_SETTLEMENT,3,15.87,23851.65,23949.15,BULL_CALL,24000.0,24150.0,150.0,50.0,140.0,95.0,140.1,94.9,45.2,75,3390.0,24246.7,150.0,7860.0,103.41,7756.59,1,14524.86,Candidate HF-2,Conviction Breakout Debit Spread (ATR >= 0.50),1,
2025-07-18 15:30:00,2025-07-21 09:15:00,2025-07-21 09:15:00,2025-07-18,2025-07-21,2025,2025-07,2025-07-24,2025-07-24,EXPIRY_SETTLEMENT,3,11.24,24968.4,24999.0,BEAR_PUT,24950.0,24800.0,150.0,50.0,98.2,53.8,98.3,53.7,44.6,75,3345.0,25062.1,0.0,-3345.0,58.19,-3403.19,0,11121.67,Candidate HF-2,Conviction Breakout Debit Spread (ATR >= 0.50),1,
2025-07-25 15:30:00,2025-07-28 09:15:00,2025-07-28 09:15:00,2025-07-25,2025-07-28,2025,2025-07,2025-07-31,2025-07-31,EXPIRY_SETTLEMENT,3,10.72,24837.0,24782.45,BEAR_PUT,24750.0,24600.0,150.0,50.0,82.0,49.0,82.1,48.9,33.2,75,2490.0,24768.35,0.0,-2490.0,56.86,-2546.86,0,8574.81,Candidate HF-2,Conviction Breakout Debit Spread (ATR >= 0.50),1,
2025-08-01 15:30:00,2025-08-04 09:15:00,2025-08-04 09:15:00,2025-08-01,2025-08-04,2025,2025-08,2025-08-07,2025-08-07,EXPIRY_SETTLEMENT,3,11.54,24565.35,24596.05,BEAR_PUT,24550.0,24400.0,150.0,50.0,132.2,78.2,132.3,78.1,54.2,75,4065.0,24596.15,0.0,-4065.0,62.68,-4127.68,0,4447.129999999999,Candidate HF-2,Conviction Breakout Debit Spread (ATR >= 0.50),1,
2025-08-08 15:30:00,2025-08-11 09:15:00,2025-08-11 09:15:00,2025-08-08,2025-08-11,2025,2025-08,2025-08-14,2025-08-14,EXPIRY_SETTLEMENT,3,11.69,24363.3,24371.5,BEAR_PUT,24300.0,24150.0,150.0,50.0,88.0,47.2,88.1,47.1,41.0,75,3075.0,24631.3,0.0,-3075.0,56.93,-3131.93,0,1315.1999999999994,Candidate HF-2,Conviction Breakout Debit Spread (ATR >= 0.50),1,
2025-08-18 15:30:00,2025-08-19 09:15:00,2025-08-19 09:15:00,2025-08-18,2025-08-19,2025,2025-08,2025-08-21,2025-08-21,EXPIRY_SETTLEMENT,2,12.36,24876.95,24891.35,BULL_CALL,24950.0,25100.0,150.0,50.0,101.6,44.55,101.7,44.45,57.25,75,4293.75,25083.75,133.75,5737.5,75.71,5661.79,1,6976.99,Candidate HF-2,Conviction Breakout Debit Spread (ATR >= 0.50),1,
2025-09-10 15:30:00,2025-09-11 09:15:00,2025-09-11 09:15:00,2025-09-10,2025-09-11,2025,2025-09,2025-09-16,2025-09-16,EXPIRY_SETTLEMENT,3,10.69,24973.1,24945.5,BULL_CALL,25000.0,25150.0,150.0,50.0,125.0,58.0,125.1,57.9,67.2,75,5040.0,25239.1,150.0,6210.0,96.91,6113.09,1,13090.08,Candidate HF-2,Conviction Breakout Debit Spread (ATR >= 0.50),1,
2025-09-16 15:30:00,2025-09-17 09:15:00,2025-09-17 09:15:00,2025-09-16,2025-09-17,2025,2025-09,2025-09-23,2025-09-23,EXPIRY_SETTLEMENT,4,10.4,25239.1,25276.6,BULL_CALL,25350.0,25500.0,150.0,50.0,113.4,55.35,113.5,55.25,58.25,75,4368.75,25169.5,0.0,-4368.75,59.08,-4427.83,0,8662.25,Candidate HF-2,Conviction Breakout Debit Spread (ATR >= 0.50),1,
2025-09-25 15:30:00,2025-09-26 09:15:00,2025-09-26 09:15:00,2025-09-25,2025-09-26,2025,2025-09,2025-09-30,2025-09-30,EXPIRY_SETTLEMENT,2,10.52,24890.85,24818.55,BEAR_PUT,24750.0,24600.0,150.0,50.0,34.0,15.55,34.1,15.45,18.65,75,1398.75,24611.1,138.9,9018.75,69.81,8948.94,1,17611.190000000002,Candidate HF-2,Conviction Breakout Debit Spread (ATR >= 0.50),1,
2025-11-04 15:30:00,2025-11-06 09:15:00,2025-11-06 09:15:00,2025-11-04,2025-11-06,2025,2025-11,2025-11-11,2025-11-11,EXPIRY_SETTLEMENT,3,12.67,25597.65,25593.35,BEAR_PUT,25550.0,25400.0,150.0,50.0,108.0,59.0,108.1,58.9,49.2,75,3690.0,25694.95,0.0,-3690.0,59.27,-3749.27,0,13861.920000000002,Candidate HF-2,Conviction Breakout Debit Spread (ATR >= 0.50),1,
2026-01-02 15:30:00,2026-01-05 09:15:00,2026-01-05 09:15:00,2026-01-02,2026-01-05,2026,2026-01,2026-01-06,2026-01-06,EXPIRY_SETTLEMENT,1,9.19,26328.55,26333.7,BULL_CALL,26400.0,26550.0,150.0,50.0,40.45,6.95,40.55,6.85,33.7,65,2190.5,26178.7,0.0,-2190.5,49.55,-2240.05,0,11621.870000000003,Candidate HF-2,Conviction Breakout Debit Spread (ATR >= 0.50),1,
2026-02-27 15:30:00,2026-03-02 09:15:00,2026-03-02 09:15:00,2026-02-27,2026-03-02,2026,2026-03,2026-03-10,2026-03-10,EXPIRY_SETTLEMENT,5,13.06,25178.65,24659.25,BEAR_PUT,24600.0,24450.0,150.0,50.0,126.8,106.0,126.9,105.9,21.0,65,1365.0,24261.6,150.0,8385.0,111.01,8273.99,1,19895.86,Candidate HF-2,Conviction Breakout Debit Spread (ATR >= 0.50),1,
2026-09-07 15:30:00,2026-09-08 09:15:00,2026-09-08 09:15:00,2026-09-07,2026-09-08,2026,2026-09,2026-09-15,2026-09-15,EXPIRY_SETTLEMENT,4,10.68,23779.15,23743.1,BEAR_PUT,23700.0,23550.0,150.0,50.0,103.3,50.9,103.4,50.8,52.6,65,3419.0,23118.6,150.0,6331.0,142.79,6188.21,1,26084.07,Candidate HF-2,Conviction Breakout Debit Spread (ATR >= 0.50),1,
2019-03-28 15:30:00,2019-03-29 09:15:00,2019-03-29 09:15:00,2019-03-28,2019-03-29,2019,2019-03,2019-04-04,2019-04-04,EXPIRY_SETTLEMENT,4,17.05,11570.0,11625.45,BULL_CALL,11700.0,11850.0,150.0,50.0,69.4,25.0,69.5,24.9,44.6,75,3345.0,11598.0,0.0,-3345.0,52.71,-3397.71,0,-3397.71,Candidate HF-3,Multi-Strategy Portfolio (Breakout Debit + Trend Credit),0,HF1_Debit_Spread
2019-03-28 15:30:00,2019-03-29 09:15:00,2019-03-29 09:15:00,2019-03-28,2019-03-29,2019,2019-03,2019-04-04,2019-04-04,EXPIRY_SETTLEMENT,4,17.05,11570.0,11625.45,BULL_PUT_CREDIT,11400.0,11500.0,100.0,150.0,19.65,26.1,19.75,26.0,-6.25,75,7031.25,11598.0,0.0,468.75,50.49,418.26,1,-2979.45,Candidate HF-3,Multi-Strategy Portfolio (Breakout Debit + Trend Credit),0,C4_Credit_Spread
2019-04-03 15:30:00,2019-04-04 09:15:00,2019-04-04 09:15:00,2019-04-03,2019-04-04,2019,2019-04,2019-04-11,2019-04-11,EXPIRY_SETTLEMENT,5,18.08,11643.95,11660.2,BULL_PUT_CREDIT,11400.0,11500.0,100.0,150.0,11.05,29.95,11.15,29.85,-18.7,75,6097.5,11596.7,0.0,1402.5,50.44,1352.06,1,-1627.3899999999999,Candidate HF-3,Multi-Strategy Portfolio (Breakout Debit + Trend Credit),0,C4_Credit_Spread
2019-04-10 15:30:00,2019-04-11 09:15:00,2019-04-11 09:15:00,2019-04-10,2019-04-11,2019,2019-04,2019-04-18,2019-04-18,EXPIRY_SETTLEMENT,4,20.28,11584.3,11592.55,BULL_PUT_CREDIT,11350.0,11450.0,100.0,150.0,16.5,27.95,16.6,27.85,-11.25,75,6656.25,11752.8,0.0,843.75,50.51,793.24,1,-834.1499999999999,Candidate HF-3,Multi-Strategy Portfolio (Breakout Debit + Trend Credit),0,C4_Credit_Spread
2019-04-16 15:30:00,2019-04-18 09:15:00,2019-04-18 09:15:00,2019-04-16,2019-04-18,2019,2019-04,2019-04-25,2019-04-25,EXPIRY_SETTLEMENT,4,21.39,11787.15,11856.15,BULL_PUT_CREDIT,11600.0,11700.0,100.0,150.0,12.4,25.0,12.5,24.9,-12.4,75,6570.0,11641.8,58.2,-3435.0,52.63,-3487.63,0,-4321.78,Candidate HF-3,Multi-Strategy Portfolio (Breakout Debit + Trend Credit),0,C4_Credit_Spread
2019-04-16 15:30:00,2019-04-18 09:15:00,2019-04-18 09:15:00,2019-04-16,2019-04-18,2019,2019-04,2019-04-25,2019-04-25,EXPIRY_SETTLEMENT,4,21.39,11787.15,11856.15,BULL_CALL,11900.0,12050.0,150.0,50.0,49.45,9.3,49.55,9.2,40.35,75,3026.25,11641.8,0.0,-3026.25,50.35,-3076.6,0,-7398.379999999999,Candidate HF-3,Multi-Strategy Portfolio (Breakout Debit + Trend Credit),0,HF1_Debit_Spread
2019-04-30 15:30:00,2019-05-02 09:15:00,2019-05-02 09:15:00,2019-04-30,2019-05-02,2019,2019-05,2019-05-09,2019-05-09,EXPIRY_SETTLEMENT,5,21.72,11748.15,11725.55,BULL_PUT_CREDIT,11500.0,11600.0,100.0,150.0,12.0,40.75,12.1,40.65,-28.55,75,5358.75,11301.8,100.0,-5358.75,92.06,-5450.81,0,-12849.189999999999,Candidate HF-3,Multi-Strategy Portfolio (Breakout Debit + Trend Credit),0,C4_Credit_Spread
2019-05-24 15:30:00,2019-05-27 09:15:00,2019-05-27 09:15:00,2019-05-24,2019-05-27,2019,2019-05,2019-05-30,2019-05-30,EXPIRY_SETTLEMENT,3,19.41,11844.1,11855.5,BULL_PUT_CREDIT,11600.0,11700.0,100.0,150.0,20.0,31.55,20.1,31.45,-11.35,75,6648.75,11945.9,0.0,851.25,51.01,800.24,1,-12048.949999999999,Candidate HF-3,Multi-Strategy Portfolio (Breakout Debit + Trend Credit),0,C4_Credit_Spread
2019-05-29 15:30:00,2019-05-30 09:15:00,2019-05-30 09:15:00,2019-05-29,2019-05-30,2019,2019-05,2019-06-06,2019-06-06,EXPIRY_SETTLEMENT,4,15.92,11861.1,11865.3,BULL_PUT_CREDIT,11600.0,11700.0,100.0,150.0,17.0,33.4,17.1,33.3,-16.2,75,6285.0,11843.75,0.0,1215.0,51.03,1163.97,1,-10884.98,Candidate HF-3,Multi-Strategy Portfolio (Breakout Debit + Trend Credit),0,C4_Credit_Spread
2019-06-03 15:30:00,2019-06-04 09:15:00,2019-06-04 09:15:00,2019-06-03,2019-06-04,2019,2019-06,2019-06-06,2019-06-06,EXPIRY_SETTLEMENT,1,16.07,12088.55,12052.65,BULL_CALL,12100.0,12250.0,150.0,50.0,39.75,5.05,39.85,4.95,34.9,75,2617.5,11843.75,0.0,-2617.5,49.51,-2667.01,0,-13551.99,Candidate HF-3,Multi-Strategy Portfolio (Breakout Debit + Trend Credit),0,HF1_Debit_Spread
2019-06-04 15:30:00,2019-06-06 09:15:00,2019-06-06 09:15:00,2019-06-04,2019-06-06,2019,2019-06,2019-06-13,2019-06-13,EXPIRY_SETTLEMENT,5,15.97,12021.65,12039.8,BULL_PUT_CREDIT,11800.0,11900.0,100.0,150.0,24.85,52.5,24.95,52.4,-27.45,75,5441.25,11914.05,0.0,2058.75,53.14,2005.61,1,-11546.38,Candidate HF-3,Multi-Strategy Portfolio (Breakout Debit + Trend Credit),0,C4_Credit_Spread
2019-06-12 15:30:00,2019-06-13 09:15:00,2019-06-13 09:15:00,2019-06-12,2019-06-13,2019,2019-06,2019-06-20,2019-06-20,EXPIRY_SETTLEMENT,5,14.49,11906.2,11873.9,BULL_PUT_CREDIT,11600.0,11700.0,100.0,150.0,11.75,22.95,11.85,22.85,-11.0,75,6675.0,11831.75,0.0,825.0,49.84,775.16,1,-10771.22,Candidate HF-3,Multi-Strategy Portfolio (Breakout Debit + Trend Credit),0,C4_Credit_Spread
2019-06-19 15:30:00,2019-06-20 09:15:00,2019-06-20 09:15:00,2019-06-19,2019-06-20,2019,2019-06,2019-06-27,2019-06-27,EXPIRY_SETTLEMENT,5,14.6,11691.45,11653.65,BULL_PUT_CREDIT,11400.0,11500.0,100.0,150.0,13.0,29.5,13.1,29.4,-16.3,75,6277.5,11841.55,0.0,1222.5,50.49,1172.01,1,-9599.21,Candidate HF-3,Multi-Strategy Portfolio (Breakout Debit + Trend Credit),0,C4_Credit_Spread
2019-06-26 15:30:00,2019-06-27 09:15:00,2019-06-27 09:15:00,2019-06-26,2019-06-27,2019,2019-06,2019-07-04,2019-07-04,EXPIRY_SETTLEMENT,5,15.01,11847.55,11860.85,BULL_PUT_CREDIT,11600.0,11700.0,100.0,150.0,15.45,25.05,15.55,24.95,-9.4,75,6795.0,11946.75,0.0,705.0,50.2,654.8,1,-8944.41,Candidate HF-3,Multi-Strategy Portfolio (Breakout Debit + Trend Credit),0,C4_Credit_Spread
2019-07-03 15:30:00,2019-07-04 09:15:00,2019-07-04 09:15:00,2019-07-03,2019-07-04,2019,2019-07,2019-07-11,2019-07-11,EXPIRY_SETTLEMENT,5,14.25,11916.75,11928.8,BULL_PUT_CREDIT,11700.0,11800.0,100.0,150.0,24.55,42.3,24.65,42.2,-17.55,75,6183.75,11582.9,100.0,-6183.75,77.99,-6261.74,0,-15206.15,Candidate HF-3,Multi-Strategy Portfolio (Breakout Debit + Trend Credit),0,C4_Credit_Spread
2019-07-08 15:30:00,2019-07-09 09:15:00,2019-07-09 09:15:00,2019-07-08,2019-07-09,2019,2019-07,2019-07-11,2019-07-11,EXPIRY_SETTLEMENT,2,13.07,11558.6,11531.6,BEAR_PUT,11500.0,11350.0,150.0,50.0,47.0,11.9,47.1,11.8,35.3,75,2647.5,11582.9,0.0,-2647.5,50.47,-2697.97,0,-17904.12,Candidate HF-3,Multi-Strategy Portfolio (Breakout Debit + Trend Credit),0,HF1_Debit_Spread
2019-07-10 15:30:00,2019-07-11 09:15:00,2019-07-11 09:15:00,2019-07-10,2019-07-11,2019,2019-07,2019-07-18,2019-07-18,EXPIRY_SETTLEMENT,5,13.69,11498.9,11561.45,BEAR_CALL_CREDIT,11800.0,11700.0,100.0,150.0,9.25,25.8,9.35,25.7,-16.35,75,6273.75,11596.9,0.0,1226.25,49.98,1176.27,1,-16727.85,Candidate HF-3,Multi-Strategy Portfolio (Breakout Debit + Trend Credit),0,C4_Credit_Spread
2019-07-17 15:30:00,2019-07-18 09:15:00,2019-07-18 09:15:00,2019-07-17,2019-07-18,2019,2019-07,2019-07-25,2019-07-25,EXPIRY_SETTLEMENT,5,11.56,11687.5,11675.6,BEAR_CALL_CREDIT,11950.0,11850.0,100.0,150.0,3.8,15.0,3.9,14.9,-11.0,75,6675.0,11252.15,0.0,825.0,48.74,776.26,1,-15951.589999999998,Candidate HF-3,Multi-Strategy Portfolio (Breakout Debit + Trend Credit),0,C4_Credit_Spread
2019-07-19 15:30:00,2019-07-22 09:15:00,2019-07-22 09:15:00,2019-07-19,2019-07-22,2019,2019-07,2019-07-25,2019-07-25,EXPIRY_SETTLEMENT,3,11.75,11419.25,11392.85,BEAR_PUT,11350.0,11200.0,150.0,50.0,48.15,14.9,48.25,14.8,33.45,75,2508.75,11252.15,97.85,4830.0,64.31,4765.69,1,-11185.899999999998,Candidate HF-3,Multi-Strategy Portfolio (Breakout Debit + Trend Credit),0,HF1_Debit_Spread
2019-07-24 15:30:00,2019-07-25 09:15:00,2019-07-25 09:15:00,2019-07-24,2019-07-25,2019,2019-07,2019-08-01,2019-08-01,EXPIRY_SETTLEMENT,5,13.43,11271.3,11290.4,BEAR_CALL_CREDIT,11550.0,11450.0,100.0,150.0,8.2,21.05,8.3,20.95,-12.65,75,6551.25,10980.0,0.0,948.75,49.5,899.25,1,-10286.649999999998,Candidate HF-3,Multi-Strategy Portfolio (Breakout Debit + Trend Credit),0,C4_Credit_Spread
2019-07-29 15:30:00,2019-07-30 09:15:00,2019-07-30 09:15:00,2019-07-29,2019-07-30,2019,2019-07,2019-08-01,2019-08-01,EXPIRY_SETTLEMENT,2,12.13,11189.2,11213.7,BEAR_PUT,11150.0,11000.0,150.0,50.0,28.95,7.8,29.05,7.7,21.35,75,1601.25,10980.0,150.0,9648.75,73.62,9575.13,1,-711.5199999999986,Candidate HF-3,Multi-Strategy Portfolio (Breakout Debit + Trend Credit),0,HF1_Debit_Spread
2019-07-31 15:30:00,2019-08-01 09:15:00,2019-08-01 09:15:00,2019-07-31,2019-08-01,2019,2019-08,2019-08-08,2019-08-08,EXPIRY_SETTLEMENT,5,13.61,11118.0,11060.2,BEAR_CALL_CREDIT,11300.0,11200.0,100.0,150.0,20.0,36.15,20.1,36.05,-15.95,75,6303.75,11032.45,0.0,1196.25,51.42,1144.83,1,433.3100000000013,Candidate HF-3,Multi-Strategy Portfolio (Breakout Debit + Trend Credit),0,C4_Credit_Spread
2019-08-01 15:30:00,2019-08-02 09:15:00,2019-08-02 09:15:00,2019-08-01,2019-08-02,2019,2019-08,2019-08-08,2019-08-08,EXPIRY_SETTLEMENT,4,13.59,10980.0,10930.3,BEAR_PUT,10900.0,10750.0,150.0,50.0,87.75,38.85,87.85,38.75,49.1,75,3682.5,11032.45,0.0,-3682.5,54.83,-3737.33,0,-3304.0199999999986,Candidate HF-3,Multi-Strategy Portfolio (Breakout Debit + Trend Credit),0,HF1_Debit_Spread
2019-08-05 15:30:00,2019-08-06 09:15:00,2019-08-06 09:15:00,2019-08-05,2019-08-06,2019,2019-08,2019-08-08,2019-08-08,EXPIRY_SETTLEMENT,2,15.19,10862.6,10815.4,BEAR_PUT,10750.0,10600.0,150.0,50.0,73.0,29.95,73.1,29.85,43.25,75,3243.75,11032.45,0.0,-3243.75,53.33,-3297.08,0,-6601.0999999999985,Candidate HF-3,Multi-Strategy Portfolio (Breakout Debit + Trend Credit),0,HF1_Debit_Spread
2019-08-07 15:30:00,2019-08-08 09:15:00,2019-08-08 09:15:00,2019-08-07,2019-08-08,2019,2019-08,2019-08-14,2019-08-14,EXPIRY_SETTLEMENT,3,16.12,10855.5,10899.2,BEAR_CALL_CREDIT,11150.0,11050.0,100.0,150.0,16.4,43.95,16.5,43.85,-27.35,75,5448.75,11029.4,0.0,2051.25,51.97,1999.28,1,-4601.819999999999,Candidate HF-3,Multi-Strategy Portfolio (Breakout Debit + Trend Credit),0,C4_Credit_Spread
2019-08-13 15:30:00,2019-08-14 09:15:00,2019-08-14 09:15:00,2019-08-13,2019-08-14,2019,2019-08,2019-08-22,2019-08-22,EXPIRY_SETTLEMENT,5,15.85,10925.85,11003.25,BEAR_CALL_CREDIT,11250.0,11150.0,100.0,150.0,27.95,38.0,28.05,37.9,-9.85,75,6761.25,10741.35,0.0,738.75,51.96,686.79,1,-3915.029999999999,Candidate HF-3,Multi-Strategy Portfolio (Breakout Debit + Trend Credit),0,C4_Credit_Spread
2019-08-21 15:30:00,2019-08-22 09:15:00,2019-08-22 09:15:00,2019-08-21,2019-08-22,2019,2019-08,2019-08-29,2019-08-29,EXPIRY_SETTLEMENT,5,16.63,10918.7,10905.3,BEAR_CALL_CREDIT,11150.0,11050.0,100.0,150.0,27.8,60.35,27.9,60.25,-32.35,75,5073.75,10948.3,0.0,2426.25,54.0,2372.25,1,-1542.7799999999988,Candidate HF-3,Multi-Strategy Portfolio (Breakout Debit + Trend Credit),0,C4_Credit_Spread
2019-08-22 15:30:00,2019-08-23 09:15:00,2019-08-23 09:15:00,2019-08-22,2019-08-23,2019,2019-08,2019-08-29,2019-08-29,EXPIRY_SETTLEMENT,4,17.02,10741.35,10699.6,BEAR_PUT,10650.0,10500.0,150.0,50.0,74.05,35.0,74.15,34.9,39.25,75,2943.75,10948.3,0.0,-2943.75,53.84,-2997.59,0,-4540.369999999999,Candidate HF-3,Multi-Strategy Portfolio (Breakout Debit + Trend Credit),0,HF1_Debit_Spread
2019-08-28 15:30:00,2019-08-29 09:15:00,2019-08-29 09:15:00,2019-08-28,2019-08-29,2019,2019-08,2019-09-05,2019-09-05,EXPIRY_SETTLEMENT,4,16.01,11046.1,10996.05,BEAR_CALL_CREDIT,11250.0,11150.0,100.0,150.0,28.05,55.0,28.15,54.9,-26.75,75,5493.75,10847.9,0.0,2006.25,53.52,1952.73,1,-2587.639999999999,Candidate HF-3,Multi-Strategy Portfolio (Breakout Debit + Trend Credit),0,C4_Credit_Spread
2019-09-04 15:30:00,2019-09-05 09:15:00,2019-09-05 09:15:00,2019-09-04,2019-09-05,2019,2019-09,2019-09-12,2019-09-12,EXPIRY_SETTLEMENT,4,18.06,10844.65,10860.95,BEAR_CALL_CREDIT,11100.0,11000.0,100.0,150.0,28.0,50.35,28.1,50.25,-22.15,75,5838.75,10982.8,0.0,1661.25,53.09,1608.16,1,-979.4799999999989,Candidate HF-3,Multi-Strategy Portfolio (Breakout Debit + Trend Credit),0,C4_Credit_Spread
2019-09-11 15:30:00,2019-09-12 09:15:00,2019-09-12 09:15:00,2019-09-11,2019-09-12,2019,2019-09,2019-09-19,2019-09-19,EXPIRY_SETTLEMENT,5,15.85,11035.7,11058.3,BEAR_CALL_CREDIT,11300.0,11200.0,100.0,150.0,11.0,34.0,11.1,33.9,-22.8,75,5790.0,10704.8,0.0,1710.0,50.81,1659.19,1,679.7100000000012,Candidate HF-3,Multi-Strategy Portfolio (Breakout Debit + Trend Credit),0,C4_Credit_Spread
2019-09-18 15:30:00,2019-09-19 09:15:00,2019-09-19 09:15:00,2019-09-18,2019-09-19,2019,2019-09,2019-09-26,2019-09-26,EXPIRY_SETTLEMENT,5,16.02,10840.65,10845.2,BEAR_CALL_CREDIT,11100.0,11000.0,100.0,150.0,13.4,35.0,13.5,34.9,-21.4,75,5895.0,11571.2,100.0,-5895.0,141.41,-6036.41,0,-5356.699999999999,Candidate HF-3,Multi-Strategy Portfolio (Breakout Debit + Trend Credit),0,C4_Credit_Spread
2019-09-19 15:30:00,2019-09-20 09:15:00,2019-09-20 09:15:00,2019-09-19,2019-09-20,2019,2019-09,2019-09-26,2019-09-26,EXPIRY_SETTLEMENT,4,15.35,10704.8,10746.8,BEAR_PUT,10700.0,10550.0,150.0,50.0,71.95,29.4,72.05,29.3,42.75,75,3206.25,11571.2,0.0,-3206.25,53.23,-3259.48,0,-8616.179999999998,Candidate HF-3,Multi-Strategy Portfolio (Breakout Debit + Trend Credit),0,HF1_Debit_Spread
2019-09-20 15:30:00,2019-09-23 09:15:00,2019-09-23 09:15:00,2019-09-20,2019-09-23,2019,2019-09,2019-09-26,2019-09-26,EXPIRY_SETTLEMENT,3,15.55,11274.2,11542.7,BULL_CALL,11600.0,11750.0,150.0,50.0,58.95,27.05,59.05,26.95,32.1,75,2407.5,11571.2,0.0,-2407.5,52.41,-2459.91,0,-11076.089999999998,Candidate HF-3,Multi-Strategy Portfolio (Breakout Debit + Trend Credit),0,HF1_Debit_Spread
2019-09-25 15:30:00,2019-09-26 09:15:00,2019-09-26 09:15:00,2019-09-25,2019-09-26,2019,2019-09,2019-10-03,2019-10-03,EXPIRY_SETTLEMENT,4,16.73,11440.2,11469.85,BULL_PUT_CREDIT,11200.0,11300.0,100.0,150.0,20.15,48.0,20.25,47.9,-27.65,75,5426.25,11314.0,0.0,2073.75,52.51,2021.24,1,-9054.849999999999,Candidate HF-3,Multi-Strategy Portfolio (Breakout Debit + Trend Credit),0,C4_Credit_Spread
2019-10-01 15:30:00,2019-10-03 09:15:00,2019-10-03 09:15:00,2019-10-01,2019-10-03,2019,2019-10,2019-10-10,2019-10-10,EXPIRY_SETTLEMENT,4,15.87,11359.9,11322.25,BULL_PUT_CREDIT,11050.0,11150.0,100.0,150.0,50.0,61.2,50.1,61.1,-11.0,75,6675.0,11234.55,0.0,825.0,55.11,769.89,1,-8284.96,Candidate HF-3,Multi-Strategy Portfolio (Breakout Debit + Trend Credit),0,C4_Credit_Spread
2019-10-09 15:30:00,2019-10-10 09:15:00,2019-10-10 09:15:00,2019-10-09,2019-10-10,2019,2019-10,2019-10-17,2019-10-17,EXPIRY_SETTLEMENT,5,17.83,11313.3,11280.5,BULL_PUT_CREDIT,11050.0,11150.0,100.0,150.0,31.65,56.1,31.75,56.0,-24.25,75,5681.25,11586.35,0.0,1818.75,53.79,1764.96,1,-6519.999999999999,Candidate HF-3,Multi-Strategy Portfolio (Breakout Debit + Trend Credit),0,C4_Credit_Spread
2019-10-16 15:30:00,2019-10-17 09:15:00,2019-10-17 09:15:00,2019-10-16,2019-10-17,2019,2019-10,2019-10-24,2019-10-24,EXPIRY_SETTLEMENT,4,16.85,11464.0,11466.3,BULL_PUT_CREDIT,11200.0,11300.0,100.0,150.0,21.0,35.0,21.1,34.9,-13.8,75,6465.0,11582.6,0.0,1035.0,51.37,983.63,1,-5536.369999999999,Candidate HF-3,Multi-Strategy Portfolio (Breakout Debit + Trend Credit),0,C4_Credit_Spread
2019-10-17 15:30:00,2019-10-18 09:15:00,2019-10-18 09:15:00,2019-10-17,2019-10-18,2019,2019-10,2019-10-24,2019-10-24,EXPIRY_SETTLEMENT,3,16.36,11586.35,11580.3,BULL_CALL,11650.0,11800.0,150.0,50.0,53.55,17.15,53.65,17.05,36.6,75,2745.0,11582.6,0.0,-2745.0,51.25,-2796.25,0,-8332.619999999999,Candidate HF-3,Multi-Strategy Portfolio (Breakout Debit + Trend Credit),0,HF1_Debit_Spread
2019-10-23 15:30:00,2019-10-24 09:15:00,2019-10-24 09:15:00,2019-10-23,2019-10-24,2019,2019-10,2019-10-31,2019-10-31,EXPIRY_SETTLEMENT,4,16.81,11604.1,11661.65,BULL_PUT_CREDIT,11400.0,11500.0,100.0,150.0,28.9,44.7,29.0,44.6,-15.6,75,6330.0,11877.45,0.0,1170.0,52.62,1117.38,1,-7215.239999999999,Candidate HF-3,Multi-Strategy Portfolio (Breakout Debit + Trend Credit),0,C4_Credit_Spread
2019-10-29 15:30:00,2019-10-30 09:15:00,2019-10-30 09:15:00,2019-10-29,2019-10-30,2019,2019-10,2019-10-31,2019-10-31,EXPIRY_SETTLEMENT,1,15.32,11786.85,11883.9,BULL_CALL,11950.0,12100.0,150.0,50.0,16.0,3.5,16.1,3.4,12.7,75,952.5,11877.45,0.0,-952.5,48.26,-1000.76,0,-8215.999999999998,Candidate HF-3,Multi-Strategy Portfolio (Breakout Debit + Trend Credit),0,HF1_Debit_Spread
2019-10-30 15:30:00,2019-10-31 09:15:00,2019-10-31 09:15:00,2019-10-30,2019-10-31,2019,2019-10,2019-11-07,2019-11-07,EXPIRY_SETTLEMENT,5,16.42,11844.1,11890.45,BULL_PUT_CREDIT,11650.0,11750.0,100.0,150.0,32.95,45.15,33.05,45.05,-12.0,75,6600.0,12012.05,0.0,900.0,52.85,847.15,1,-7368.8499999999985,Candidate HF-3,Multi-Strategy Portfolio (Breakout Debit + Trend Credit),0,C4_Credit_Spread
2019-11-06 15:30:00,2019-11-07 09:15:00,2019-11-07 09:15:00,2019-11-06,2019-11-07,2019,2019-11,2019-11-14,2019-11-14,EXPIRY_SETTLEMENT,4,15.92,11966.05,12021.1,BULL_PUT_CREDIT,11750.0,11850.0,100.0,150.0,15.05,41.85,15.15,41.75,-26.6,75,5505.0,11872.1,0.0,1995.0,51.71,1943.29,1,-5425.559999999999,Candidate HF-3,Multi-Strategy Portfolio (Breakout Debit + Trend Credit),0,C4_Credit_Spread
2019-11-13 15:30:00,2019-11-14 09:15:00,2019-11-14 09:15:00,2019-11-13,2019-11-14,2019,2019-11,2019-11-21,2019-11-21,EXPIRY_SETTLEMENT,5,16.25,11840.45,11858.75,BULL_PUT_CREDIT,11600.0,11700.0,100.0,150.0,11.5,34.9,11.6,34.8,-23.2,75,5760.0,11968.4,0.0,1740.0,50.91,1689.09,1,-3736.4699999999984,Candidate HF-3,Multi-Strategy Portfolio (Breakout Debit + Trend Credit),0,C4_Credit_Spread
2019-11-20 15:30:00,2019-11-21 09:15:00,2019-11-21 09:15:00,2019-11-20,2019-11-21,2019,2019-11,2019-11-28,2019-11-28,EXPIRY_SETTLEMENT,5,15.41,11999.1,12025.65,BULL_PUT_CREDIT,11800.0,11900.0,100.0,150.0,27.35,45.1,27.45,45.0,-17.55,75,6183.75,12151.15,0.0,1316.25,52.58,1263.67,1,-2472.7999999999984,Candidate HF-3,Multi-Strategy Portfolio (Breakout Debit + Trend Credit),0,C4_Credit_Spread
2019-11-25 15:30:00,2019-11-26 09:15:00,2019-11-26 09:15:00,2019-11-25,2019-11-26,2019,2019-11,2019-11-28,2019-11-28,EXPIRY_SETTLEMENT,2,14.87,12073.75,12110.2,BULL_CALL,12150.0,12300.0,150.0,50.0,43.45,7.45,43.55,7.35,36.2,75,2715.0,12151.15,1.15,-2628.75,50.06,-2678.81,0,-5151.609999999999,Candidate HF-3,Multi-Strategy Portfolio (Breakout Debit + Trend Credit),0,HF1_Debit_Spread
2019-11-27 15:30:00,2019-11-28 09:15:00,2019-11-28 09:15:00,2019-11-27,2019-11-28,2019,2019-11,2019-12-05,2019-12-05,EXPIRY_SETTLEMENT,5,14.84,12100.7,12132.1,BULL_PUT_CREDIT,11900.0,12000.0,100.0,150.0,18.0,35.45,18.1,35.35,-17.25,75,6206.25,12018.4,0.0,1293.75,51.27,1242.48,1,-3909.1299999999987,Candidate HF-3,Multi-Strategy Portfolio (Breakout Debit + Trend Credit),0,C4_Credit_Spread
2019-11-27 15:30:00,2019-11-28 09:15:00,2019-11-28 09:15:00,2019-11-27,2019-11-28,2019,2019-11,2019-12-05,2019-12-05,EXPIRY_SETTLEMENT,5,14.84,12100.7,12132.1,BULL_CALL,12200.0,12350.0,150.0,50.0,46.8,13.0,46.9,12.9,34.0,75,2550.0,12018.4,0.0,-2550.0,50.56,-2600.56,0,-6509.689999999999,Candidate HF-3,Multi-Strategy Portfolio (Breakout Debit + Trend Credit),0,HF1_Debit_Spread
2019-12-04 15:30:00,2019-12-05 09:15:00,2019-12-05 09:15:00,2019-12-04,2019-12-05,2019,2019-12,2019-12-12,2019-12-12,EXPIRY_SETTLEMENT,5,14.56,12043.2,12071.25,BULL_PUT_CREDIT,11800.0,11900.0,100.0,150.0,10.45,21.9,10.55,21.8,-11.25,75,6656.25,11971.8,0.0,843.75,49.68,794.07,1,-5715.619999999999,Candidate HF-3,Multi-Strategy Portfolio (Breakout Debit + Trend Credit),0,C4_Credit_Spread
2019-12-10 15:30:00,2019-12-11 09:15:00,2019-12-11 09:15:00,2019-12-10,2019-12-11,2019,2019-12,2019-12-12,2019-12-12,EXPIRY_SETTLEMENT,1,14.6,11856.8,11867.35,BEAR_PUT,11800.0,11650.0,150.0,50.0,16.35,1.55,16.45,1.45,15.0,75,1125.0,11971.8,0.0,-1125.0,48.1,-1173.1,0,-6888.719999999999,Candidate HF-3,Multi-Strategy Portfolio (Breakout Debit + Trend Credit),0,HF1_Debit_Spread
2019-12-11 15:30:00,2019-12-12 09:15:00,2019-12-12 09:15:00,2019-12-11,2019-12-12,2019,2019-12,2019-12-19,2019-12-19,EXPIRY_SETTLEMENT,5,14.29,11910.15,11944.3,BULL_PUT_CREDIT,11700.0,11800.0,100.0,150.0,10.65,29.4,10.75,29.3,-18.55,75,6108.75,12259.7,0.0,1391.25,50.37,1340.88,1,-5547.839999999999,Candidate HF-3,Multi-Strategy Portfolio (Breakout Debit + Trend Credit),0,C4_Credit_Spread
2019-12-13 15:30:00,2019-12-16 09:15:00,2019-12-16 09:15:00,2019-12-13,2019-12-16,2019,2019-12,2019-12-19,2019-12-19,EXPIRY_SETTLEMENT,3,13.35,12086.7,12131.35,BULL_CALL,12200.0,12350.0,150.0,50.0,39.95,11.05,40.05,10.95,29.1,75,2182.5,12259.7,59.7,2295.0,58.31,2236.69,1,-3311.149999999999,Candidate HF-3,Multi-Strategy Portfolio (Breakout Debit + Trend Credit),0,HF1_Debit_Spread
2019-12-17 15:30:00,2019-12-18 09:15:00,2019-12-18 09:15:00,2019-12-17,2019-12-18,2019,2019-12,2019-12-19,2019-12-19,EXPIRY_SETTLEMENT,1,13.42,12165.0,12197.0,BULL_CALL,12250.0,12400.0,150.0,50.0,12.65,1.7,12.75,1.6,11.15,75,836.25,12259.7,9.7,-108.75,49.28,-158.03,0,-3469.1799999999994,Candidate HF-3,Multi-Strategy Portfolio (Breakout Debit + Trend Credit),0,HF1_Debit_Spread
2019-12-18 15:30:00,2019-12-19 09:15:00,2019-12-19 09:15:00,2019-12-18,2019-12-19,2019,2019-12,2019-12-26,2019-12-26,EXPIRY_SETTLEMENT,4,12.52,12221.65,12223.4,BULL_PUT_CREDIT,11950.0,12050.0,100.0,150.0,19.95,22.75,20.05,22.65,-2.6,75,7305.0,12126.55,0.0,195.0,50.2,144.8,1,-3324.379999999999,Candidate HF-3,Multi-Strategy Portfolio (Breakout Debit + Trend Credit),0,C4_Credit_Spread
2019-12-24 15:30:00,2019-12-26 09:15:00,2019-12-26 09:15:00,2019-12-24,2019-12-26,2019,2019-12,2020-01-02,2020-01-02,EXPIRY_SETTLEMENT,5,11.96,12214.55,12211.85,BULL_PUT_CREDIT,11950.0,12050.0,100.0,150.0,5.2,9.25,5.3,9.15,-3.85,75,7211.25,12282.2,0.0,288.75,48.28,240.47,1,-3083.9099999999994,Candidate HF-3,Multi-Strategy Portfolio (Breakout Debit + Trend Credit),0,C4_Credit_Spread
2020-01-01 15:30:00,2020-01-02 09:15:00,2020-01-02 09:15:00,2020-01-01,2020-01-02,2020,2020-01,2020-01-09,2020-01-09,EXPIRY_SETTLEMENT,5,11.67,12182.5,12198.55,BULL_PUT_CREDIT,11950.0,12050.0,100.0,150.0,7.85,17.8,7.95,17.7,-9.75,75,6768.75,12215.9,0.0,731.25,49.18,682.07,1,-2401.8399999999992,Candidate HF-3,Multi-Strategy Portfolio (Breakout Debit + Trend Credit),0,C4_Credit_Spread
2020-01-06 15:30:00,2020-01-07 09:15:00,2020-01-07 09:15:00,2020-01-06,2020-01-07,2020,2020-01,2020-01-09,2020-01-09,EXPIRY_SETTLEMENT,2,12.7,11993.05,12079.1,BEAR_PUT,12050.0,11900.0,150.0,50.0,61.4,20.0,61.5,19.9,41.6,75,3120.0,12215.9,0.0,-3120.0,51.88,-3171.88,0,-5573.719999999999,Candidate HF-3,Multi-Strategy Portfolio (Breakout Debit + Trend Credit),0,HF1_Debit_Spread
2020-01-08 15:30:00,2020-01-09 09:15:00,2020-01-09 09:15:00,2020-01-08,2020-01-09,2020,2020-01,2020-01-16,2020-01-16,EXPIRY_SETTLEMENT,5,14.61,12025.35,12153.15,BEAR_CALL_CREDIT,12400.0,12300.0,100.0,150.0,37.0,38.9,37.1,38.8,-1.7,75,7372.5,12355.5,55.5,-4035.0,54.93,-4089.93,0,-9663.65,Candidate HF-3,Multi-Strategy Portfolio (Breakout Debit + Trend Credit),0,C4_Credit_Spread
2020-01-13 15:30:00,2020-01-14 09:15:00,2020-01-14 09:15:00,2020-01-13,2020-01-14,2020,2020-01,2020-01-16,2020-01-16,EXPIRY_SETTLEMENT,2,14.08,12329.55,12333.1,BULL_CALL,12400.0,12550.0,150.0,50.0,22.1,2.75,22.2,2.65,19.55,75,1466.25,12355.5,0.0,-1466.25,48.48,-1514.73,0,-11178.38,Candidate HF-3,Multi-Strategy Portfolio (Breakout Debit + Trend Credit),0,HF1_Debit_Spread
2020-01-15 15:30:00,2020-01-16 09:15:00,2020-01-16 09:15:00,2020-01-15,2020-01-16,2020,2020-01,2020-01-23,2020-01-23,EXPIRY_SETTLEMENT,5,13.91,12343.3,12347.1,BULL_PUT_CREDIT,12100.0,12200.0,100.0,150.0,12.75,29.55,12.85,29.45,-16.6,75,6255.0,12180.35,19.65,-228.75,51.36,-280.11,0,-11458.49,Candidate HF-3,Multi-Strategy Portfolio (Breakout Debit + Trend Credit),0,C4_Credit_Spread
2020-01-22 15:30:00,2020-01-23 09:15:00,2020-01-23 09:15:00,2020-01-22,2020-01-23,2020,2020-01,2020-01-30,2020-01-30,EXPIRY_SETTLEMENT,5,15.86,12106.9,12123.75,BULL_PUT_CREDIT,11850.0,11950.0,100.0,150.0,16.0,25.95,16.1,25.85,-9.75,75,6768.75,12035.8,0.0,731.25,50.31,680.94,1,-10777.55,Candidate HF-3,Multi-Strategy Portfolio (Breakout Debit + Trend Credit),0,C4_Credit_Spread
2020-01-28 15:30:00,2020-01-29 09:15:00,2020-01-29 09:15:00,2020-01-28,2020-01-29,2020,2020-01,2020-01-30,2020-01-30,EXPIRY_SETTLEMENT,1,17.18,12055.8,12114.9,BEAR_PUT,12050.0,11900.0,150.0,50.0,29.9,6.75,30.0,6.65,23.35,75,1751.25,12035.8,14.2,-686.25,51.17,-737.42,0,-11514.97,Candidate HF-3,Multi-Strategy Portfolio (Breakout Debit + Trend Credit),0,HF1_Debit_Spread
2020-01-29 15:30:00,2020-01-30 09:15:00,2020-01-30 09:15:00,2020-01-29,2020-01-30,2020,2020-01,2020-02-06,2020-02-06,EXPIRY_SETTLEMENT,5,17.3,12129.5,12147.75,BEAR_CALL_CREDIT,12400.0,12300.0,100.0,150.0,40.0,60.5,40.1,60.4,-20.3,75,5977.5,12137.95,0.0,1522.5,54.58,1467.92,1,-10047.05,Candidate HF-3,Multi-Strategy Portfolio (Breakout Debit + Trend Credit),0,C4_Credit_Spread
2020-02-05 15:30:00,2020-02-06 09:15:00,2020-02-06 09:15:00,2020-02-05,2020-02-06,2020,2020-02,2020-02-13,2020-02-13,EXPIRY_SETTLEMENT,5,14.38,12089.15,12120.0,BEAR_CALL_CREDIT,12350.0,12250.0,100.0,150.0,10.5,25.95,10.6,25.85,-15.25,75,6356.25,12174.65,0.0,1143.75,50.05,1093.7,1,-8953.349999999999,Candidate HF-3,Multi-Strategy Portfolio (Breakout Debit + Trend Credit),0,C4_Credit_Spread
2020-02-12 15:30:00,2020-02-13 09:15:00,2020-02-13 09:15:00,2020-02-12,2020-02-13,2020,2020-02,2020-02-20,2020-02-20,EXPIRY_SETTLEMENT,5,13.88,12201.2,12219.55,BULL_CALL,12250.0,12400.0,150.0,50.0,68.9,15.0,69.0,14.9,54.1,75,4057.5,12080.85,0.0,-4057.5,51.77,-4109.27,0,-13062.619999999999,Candidate HF-3,Multi-Strategy Portfolio (Breakout Debit + Trend Credit),0,HF1_Debit_Spread
2020-02-12 15:30:00,2020-02-13 09:15:00,2020-02-13 09:15:00,2020-02-12,2020-02-13,2020,2020-02,2020-02-20,2020-02-20,EXPIRY_SETTLEMENT,5,13.88,12201.2,12219.55,BULL_PUT_CREDIT,11950.0,12050.0,100.0,150.0,17.0,29.0,17.1,28.9,-11.8,75,6615.0,12080.85,0.0,885.0,50.63,834.37,1,-12228.249999999998,Candidate HF-3,Multi-Strategy Portfolio (Breakout Debit + Trend Credit),0,C4_Credit_Spread
2020-02-19 15:30:00,2020-02-20 09:15:00,2020-02-20 09:15:00,2020-02-19,2020-02-20,2020,2020-02,2020-02-27,2020-02-27,EXPIRY_SETTLEMENT,4,14.51,12125.9,12119.0,BEAR_CALL_CREDIT,12350.0,12250.0,100.0,150.0,10.25,28.0,10.35,27.9,-17.55,75,6183.75,11633.3,0.0,1316.25,50.23,1266.02,1,-10962.229999999998,Candidate HF-3,Multi-Strategy Portfolio (Breakout Debit + Trend Credit),0,C4_Credit_Spread
2020-02-24 15:30:00,2020-02-25 09:15:00,2020-02-25 09:15:00,2020-02-24,2020-02-25,2020,2020-02,2020-02-27,2020-02-27,EXPIRY_SETTLEMENT,2,13.7,11829.4,11877.5,BEAR_PUT,11850.0,11700.0,150.0,50.0,84.0,26.1,84.1,26.0,58.1,75,4357.5,11633.3,150.0,6892.5,86.37,6806.13,1,-4156.099999999998,Candidate HF-3,Multi-Strategy Portfolio (Breakout Debit + Trend Credit),0,HF1_Debit_Spread
2020-02-26 15:30:00,2020-02-27 09:15:00,2020-02-27 09:15:00,2020-02-26,2020-02-27,2020,2020-02,2020-03-05,2020-03-05,EXPIRY_SETTLEMENT,5,16.9,11678.5,11661.25,BEAR_CALL_CREDIT,11900.0,11800.0,100.0,150.0,46.0,65.0,46.1,64.9,-18.8,75,6090.0,11269.0,0.0,1410.0,55.27,1354.73,1,-2801.3699999999976,Candidate HF-3,Multi-Strategy Portfolio (Breakout Debit + Trend Credit),0,C4_Credit_Spread
2020-03-06 15:30:00,2020-03-09 09:15:00,2020-03-09 09:15:00,2020-03-06,2020-03-09,2020,2020-03,2020-03-12,2020-03-12,EXPIRY_SETTLEMENT,2,23.25,10989.45,10742.05,BEAR_PUT,10700.0,10550.0,150.0,50.0,140.0,84.2,140.1,84.1,56.0,75,4200.0,9590.15,150.0,7050.0,257.21,6792.79,1,3991.4200000000023,Candidate HF-3,Multi-Strategy Portfolio (Breakout Debit + Trend Credit),0,HF1_Debit_Spread
2020-08-12 15:30:00,2020-08-13 09:15:00,2020-08-13 09:15:00,2020-08-12,2020-08-13,2020,2020-08,2020-08-20,2020-08-20,EXPIRY_SETTLEMENT,5,21.36,11308.4,11334.85,BULL_PUT_CREDIT,11100.0,11200.0,100.0,150.0,38.0,66.0,38.1,65.9,-27.8,75,5415.0,11312.2,0.0,2085.0,54.99,2030.01,1,6021.430000000002,Candidate HF-3,Multi-Strategy Portfolio (Breakout Debit + Trend Credit),0,C4_Credit_Spread
2020-08-18 15:30:00,2020-08-19 09:15:00,2020-08-19 09:15:00,2020-08-18,2020-08-19,2020,2020-08,2020-08-20,2020-08-20,EXPIRY_SETTLEMENT,1,21.31,11385.35,11452.15,BULL_CALL,11500.0,11650.0,150.0,50.0,28.0,3.9,28.1,3.8,24.3,75,1822.5,11312.2,0.0,-1822.5,48.86,-1871.36,0,4150.070000000002,Candidate HF-3,Multi-Strategy Portfolio (Breakout Debit + Trend Credit),0,HF1_Debit_Spread
2020-08-19 15:30:00,2020-08-20 09:15:00,2020-08-20 09:15:00,2020-08-19,2020-08-20,2020,2020-08,2020-08-27,2020-08-27,EXPIRY_SETTLEMENT,5,20.43,11408.4,11317.45,BULL_PUT_CREDIT,11050.0,11150.0,100.0,150.0,42.0,63.95,42.1,63.85,-21.75,75,5868.75,11559.25,0.0,1631.25,54.99,1576.26,1,5726.330000000003,Candidate HF-3,Multi-Strategy Portfolio (Breakout Debit + Trend Credit),0,C4_Credit_Spread
2020-08-24 15:30:00,2020-08-25 09:15:00,2020-08-25 09:15:00,2020-08-24,2020-08-25,2020,2020-08,2020-08-27,2020-08-27,EXPIRY_SETTLEMENT,2,19.94,11466.45,11513.1,BULL_CALL,11550.0,11700.0,150.0,50.0,44.15,8.0,44.25,7.9,36.35,75,2726.25,11559.25,9.25,-2032.5,51.26,-2083.76,0,3642.5700000000024,Candidate HF-3,Multi-Strategy Portfolio (Breakout Debit + Trend Credit),0,HF1_Debit_Spread
2020-08-26 15:30:00,2020-08-27 09:15:00,2020-08-27 09:15:00,2020-08-26,2020-08-27,2020,2020-08,2020-09-03,2020-09-03,EXPIRY_SETTLEMENT,5,19.32,11549.6,11609.3,BULL_PUT_CREDIT,11350.0,11450.0,100.0,150.0,38.85,60.05,38.95,59.95,-21.0,75,5925.0,11527.45,0.0,1575.0,54.48,1520.52,1,5163.090000000002,Candidate HF-3,Multi-Strategy Portfolio (Breakout Debit + Trend Credit),0,C4_Credit_Spread
2020-09-02 15:30:00,2020-09-03 09:15:00,2020-09-03 09:15:00,2020-09-02,2020-09-03,2020,2020-09,2020-09-10,2020-09-10,EXPIRY_SETTLEMENT,5,21.8,11535.0,11566.2,BULL_PUT_CREDIT,11300.0,11400.0,100.0,150.0,48.95,69.85,49.05,69.75,-20.7,75,5947.5,11449.25,0.0,1552.5,55.85,1496.65,1,6659.740000000002,Candidate HF-3,Multi-Strategy Portfolio (Breakout Debit + Trend Credit),0,C4_Credit_Spread
2020-09-04 15:30:00,2020-09-07 09:15:00,2020-09-07 09:15:00,2020-09-04,2020-09-07,2020,2020-09,2020-09-10,2020-09-10,EXPIRY_SETTLEMENT,3,20.5,11333.85,11359.6,BEAR_PUT,11300.0,11150.0,150.0,50.0,98.8,54.15,98.9,54.05,44.85,75,3363.75,11449.25,0.0,-3363.75,56.74,-3420.49,0,3239.250000000002,Candidate HF-3,Multi-Strategy Portfolio (Breakout Debit + Trend Credit),0,HF1_Debit_Spread
2020-09-11 15:30:00,2020-09-14 09:15:00,2020-09-14 09:15:00,2020-09-11,2020-09-14,2020,2020-09,2020-09-17,2020-09-17,EXPIRY_SETTLEMENT,3,21.26,11464.45,11540.15,BULL_PUT_CREDIT,11300.0,11400.0,100.0,150.0,29.0,50.25,29.1,50.15,-21.05,75,5921.25,11516.1,0.0,1578.75,53.13,1525.62,1,4764.870000000002,Candidate HF-3,Multi-Strategy Portfolio (Breakout Debit + Trend Credit),0,C4_Credit_Spread
2020-09-16 15:30:00,2020-09-17 09:15:00,2020-09-17 09:15:00,2020-09-16,2020-09-17,2020,2020-09,2020-09-24,2020-09-24,EXPIRY_SETTLEMENT,5,20.6,11604.55,11539.4,BULL_PUT_CREDIT,11300.0,11400.0,100.0,150.0,40.1,56.35,40.2,56.25,-16.05,75,6296.25,10805.55,100.0,-6296.25,148.84,-6445.09,0,-1680.2199999999984,Candidate HF-3,Multi-Strategy Portfolio (Breakout Debit + Trend Credit),0,C4_Credit_Spread
2020-09-16 15:30:00,2020-09-17 09:15:00,2020-09-17 09:15:00,2020-09-16,2020-09-17,2020,2020-09,2020-09-24,2020-09-24,EXPIRY_SETTLEMENT,5,20.6,11604.55,11539.4,BULL_CALL,11600.0,11750.0,150.0,50.0,73.85,31.25,73.95,31.15,42.8,75,3210.0,10805.55,0.0,-3210.0,53.49,-3263.49,0,-4943.709999999998,Candidate HF-3,Multi-Strategy Portfolio (Breakout Debit + Trend Credit),0,HF1_Debit_Spread
2020-09-23 15:30:00,2020-09-24 09:15:00,2020-09-24 09:15:00,2020-09-23,2020-09-24,2020,2020-09,2020-10-01,2020-10-01,EXPIRY_SETTLEMENT,5,21.41,11131.85,11011.0,BEAR_CALL_CREDIT,11250.0,11150.0,100.0,150.0,28.05,70.05,28.15,69.95,-41.8,75,4365.0,11416.95,100.0,-4365.0,89.78,-4454.78,0,-9398.489999999998,Candidate HF-3,Multi-Strategy Portfolio (Breakout Debit + Trend Credit),0,C4_Credit_Spread
2020-09-30 15:30:00,2020-10-01 09:15:00,2020-10-01 09:15:00,2020-09-30,2020-10-01,2020,2020-10,2020-10-08,2020-10-08,EXPIRY_SETTLEMENT,4,19.78,11247.55,11364.45,BEAR_CALL_CREDIT,11600.0,11500.0,100.0,150.0,17.6,29.0,17.7,28.9,-11.2,75,6660.0,11834.6,100.0,-6660.0,97.89,-6757.89,0,-16156.379999999997,Candidate HF-3,Multi-Strategy Portfolio (Breakout Debit + Trend Credit),0,C4_Credit_Spread
2020-10-06 15:30:00,2020-10-07 09:15:00,2020-10-07 09:15:00,2020-10-06,2020-10-07,2020,2020-10,2020-10-08,2020-10-08,EXPIRY_SETTLEMENT,1,19.71,11662.4,11679.25,BULL_CALL,11750.0,11900.0,150.0,50.0,22.0,2.8,22.1,2.7,19.4,75,1455.0,11834.6,84.6,4890.0,60.16,4829.84,1,-11326.539999999997,Candidate HF-3,Multi-Strategy Portfolio (Breakout Debit + Trend Credit),0,HF1_Debit_Spread
2020-10-07 15:30:00,2020-10-08 09:15:00,2020-10-08 09:15:00,2020-10-07,2020-10-08,2020,2020-10,2020-10-15,2020-10-15,EXPIRY_SETTLEMENT,5,19.64,11738.85,11835.4,BULL_PUT_CREDIT,11600.0,11700.0,100.0,150.0,54.3,84.0,54.4,83.9,-29.5,75,5287.5,11680.35,19.65,738.75,58.26,680.49,1,-10646.049999999997,Candidate HF-3,Multi-Strategy Portfolio (Breakout Debit + Trend Credit),0,C4_Credit_Spread
2020-10-14 15:30:00,2020-10-15 09:15:00,2020-10-15 09:15:00,2020-10-14,2020-10-15,2020,2020-10,2020-10-22,2020-10-22,EXPIRY_SETTLEMENT,5,20.72,11971.05,12023.45,BULL_PUT_CREDIT,11750.0,11850.0,100.0,150.0,35.15,69.0,35.25,68.9,-33.65,75,4976.25,11896.45,0.0,2523.75,55.13,2468.62,1,-8177.429999999998,Candidate HF-3,Multi-Strategy Portfolio (Breakout Debit + Trend Credit),0,C4_Credit_Spread
2020-10-26 15:30:00,2020-10-27 09:15:00,2020-10-27 09:15:00,2020-10-26,2020-10-27,2020,2020-10,2020-10-29,2020-10-29,EXPIRY_SETTLEMENT,2,21.83,11767.75,11807.1,BULL_PUT_CREDIT,11550.0,11650.0,100.0,150.0,28.0,49.95,28.1,49.85,-21.75,75,5868.75,11670.8,0.0,1631.25,53.06,1578.19,1,-6599.239999999998,Candidate HF-3,Multi-Strategy Portfolio (Breakout Debit + Trend Credit),0,C4_Credit_Spread
2020-11-05 15:30:00,2020-11-06 09:15:00,2020-11-06 09:15:00,2020-11-05,2020-11-06,2020,2020-11,2020-11-12,2020-11-12,EXPIRY_SETTLEMENT,4,23.2,12120.3,12156.65,BULL_CALL,12200.0,12350.0,150.0,50.0,99.0,50.0,99.1,49.9,49.2,75,3690.0,12690.8,150.0,7560.0,139.25,7420.75,1,821.510000000002,Candidate HF-3,Multi-Strategy Portfolio (Breakout Debit + Trend Credit),0,HF1_Debit_Spread
2020-11-06 15:30:00,2020-11-09 09:15:00,2020-11-09 09:15:00,2020-11-06,2020-11-09,2020,2020-11,2020-11-12,2020-11-12,EXPIRY_SETTLEMENT,3,20.97,12263.55,12399.4,BULL_PUT_CREDIT,12150.0,12250.0,100.0,150.0,31.15,51.0,31.25,50.9,-19.65,75,6026.25,12690.8,0.0,1473.75,53.3,1420.45,1,2241.960000000002,Candidate HF-3,Multi-Strategy Portfolio (Breakout Debit + Trend Credit),0,C4_Credit_Spread
2020-11-11 15:30:00,2020-11-12 09:15:00,2020-11-12 09:15:00,2020-11-11,2020-11-12,2020,2020-11,2020-11-19,2020-11-19,EXPIRY_SETTLEMENT,4,21.58,12749.15,12702.15,BULL_PUT_CREDIT,12450.0,12550.0,100.0,150.0,68.85,90.0,68.95,89.9,-20.95,75,5928.75,12771.7,0.0,1571.25,58.61,1512.64,1,3754.600000000002,Candidate HF-3,Multi-Strategy Portfolio (Breakout Debit + Trend Credit),0,C4_Credit_Spread
2020-11-17 15:30:00,2020-11-18 09:15:00,2020-11-18 09:15:00,2020-11-17,2020-11-18,2020,2020-11,2020-11-19,2020-11-19,EXPIRY_SETTLEMENT,1,19.7,12874.2,12860.1,BULL_CALL,12900.0,13050.0,150.0,50.0,40.05,10.25,40.15,10.15,30.0,75,2250.0,12771.7,0.0,-2250.0,50.0,-2300.0,0,1454.6000000000022,Candidate HF-3,Multi-Strategy Portfolio (Breakout Debit + Trend Credit),0,HF1_Debit_Spread
2020-11-18 15:30:00,2020-11-19 09:15:00,2020-11-19 09:15:00,2020-11-18,2020-11-19,2020,2020-11,2020-11-26,2020-11-26,EXPIRY_SETTLEMENT,5,19.8,12938.25,12839.5,BULL_PUT_CREDIT,12600.0,12700.0,100.0,150.0,43.9,50.0,44.0,49.9,-5.9,75,7057.5,12987.0,0.0,442.5,53.8,388.7,1,1843.3000000000022,Candidate HF-3,Multi-Strategy Portfolio (Breakout Debit + Trend Credit),0,C4_Credit_Spread
2020-11-24 15:30:00,2020-11-25 09:15:00,2020-11-25 09:15:00,2020-11-24,2020-11-25,2020,2020-11,2020-11-26,2020-11-26,EXPIRY_SETTLEMENT,1,20.8,13055.15,13130.0,BULL_CALL,13200.0,13350.0,150.0,50.0,44.7,7.7,44.8,7.6,37.2,75,2790.0,12987.0,0.0,-2790.0,49.98,-2839.98,0,-996.6799999999978,Candidate HF-3,Multi-Strategy Portfolio (Breakout Debit + Trend Credit),0,HF1_Debit_Spread
2020-11-25 15:30:00,2020-11-26 09:15:00,2020-11-26 09:15:00,2020-11-25,2020-11-26,2020,2020-11,2020-12-03,2020-12-03,EXPIRY_SETTLEMENT,4,21.06,12858.4,12906.45,BULL_PUT_CREDIT,12650.0,12750.0,100.0,150.0,36.0,85.0,36.1,84.9,-48.8,75,3840.0,13133.9,0.0,3660.0,56.63,3603.37,1,2606.6900000000023,Candidate HF-3,Multi-Strategy Portfolio (Breakout Debit + Trend Credit),0,C4_Credit_Spread
2020-12-01 15:30:00,2020-12-02 09:15:00,2020-12-02 09:15:00,2020-12-01,2020-12-02,2020,2020-12,2020-12-03,2020-12-03,EXPIRY_SETTLEMENT,1,19.82,13109.05,13121.4,BULL_CALL,13150.0,13300.0,150.0,50.0,69.75,15.5,69.85,15.4,54.45,75,4083.75,13133.9,0.0,-4083.75,51.86,-4135.61,0,-1528.9199999999973,Candidate HF-3,Multi-Strategy Portfolio (Breakout Debit + Trend Credit),0,HF1_Debit_Spread
2020-12-02 15:30:00,2020-12-03 09:15:00,2020-12-03 09:15:00,2020-12-02,2020-12-03,2020,2020-12,2020-12-10,2020-12-10,EXPIRY_SETTLEMENT,5,20.18,13113.75,13215.3,BULL_PUT_CREDIT,12950.0,13050.0,100.0,150.0,46.6,84.75,46.7,84.65,-37.95,75,4653.75,13478.3,0.0,2846.25,57.1,2789.15,1,1260.2300000000027,Candidate HF-3,Multi-Strategy Portfolio (Breakout Debit + Trend Credit),0,C4_Credit_Spread
2020-12-09 15:30:00,2020-12-10 09:15:00,2020-12-10 09:15:00,2020-12-09,2020-12-10,2020,2020-12,2020-12-17,2020-12-17,EXPIRY_SETTLEMENT,5,18.62,13529.1,13488.5,BULL_PUT_CREDIT,13250.0,13350.0,100.0,150.0,60.0,74.95,60.1,74.85,-14.75,75,6393.75,13740.7,0.0,1106.25,56.83,1049.42,1,2309.650000000003,Candidate HF-3,Multi-Strategy Portfolio (Breakout Debit + Trend Credit),0,C4_Credit_Spread
2020-12-16 15:30:00,2020-12-17 09:15:00,2020-12-17 09:15:00,2020-12-16,2020-12-17,2020,2020-12,2020-12-24,2020-12-24,EXPIRY_SETTLEMENT,5,19.35,13682.7,13713.55,BULL_PUT_CREDIT,13450.0,13550.0,100.0,150.0,42.05,60.05,42.15,59.95,-17.8,75,6165.0,13749.25,0.0,1335.0,54.63,1280.37,1,3590.0200000000027,Candidate HF-3,Multi-Strategy Portfolio (Breakout Debit + Trend Credit),0,C4_Credit_Spread
2020-12-23 15:30:00,2020-12-24 09:15:00,2020-12-24 09:15:00,2020-12-23,2020-12-24,2020,2020-12,2020-12-31,2020-12-31,EXPIRY_SETTLEMENT,4,21.99,13601.1,13672.15,BULL_PUT_CREDIT,13400.0,13500.0,100.0,150.0,41.9,74.85,42.0,74.75,-32.75,75,5043.75,13981.75,0.0,2456.25,55.97,2400.28,1,5990.300000000003,Candidate HF-3,Multi-Strategy Portfolio (Breakout Debit + Trend Credit),0,C4_Credit_Spread
2020-12-28 15:30:00,2020-12-29 09:15:00,2020-12-29 09:15:00,2020-12-28,2020-12-29,2020,2020-12,2020-12-31,2020-12-31,EXPIRY_SETTLEMENT,2,19.97,13873.2,13910.35,BULL_CALL,13950.0,14100.0,150.0,50.0,65.5,25.5,65.6,25.4,40.2,75,3015.0,13981.75,31.75,-633.75,56.96,-690.71,0,5299.590000000003,Candidate HF-3,Multi-Strategy Portfolio (Breakout Debit + Trend Credit),0,HF1_Debit_Spread
2020-12-30 15:30:00,2020-12-31 09:15:00,2020-12-31 09:15:00,2020-12-30,2020-12-31,2020,2020-12,2021-01-07,2021-01-07,EXPIRY_SETTLEMENT,5,20.79,13981.95,13970.0,BULL_PUT_CREDIT,13700.0,13800.0,100.0,150.0,49.0,71.15,49.1,71.05,-21.95,75,5853.75,14137.35,0.0,1646.25,55.97,1590.28,1,6889.870000000003,Candidate HF-3,Multi-Strategy Portfolio (Breakout Debit + Trend Credit),0,C4_Credit_Spread
2021-01-06 15:30:00,2021-01-07 09:15:00,2021-01-07 09:15:00,2021-01-06,2021-01-07,2021,2021-01,2021-01-14,2021-01-14,EXPIRY_SETTLEMENT,5,20.46,14146.25,14253.75,BULL_PUT_CREDIT,14000.0,14100.0,100.0,150.0,68.85,95.0,68.95,94.9,-25.95,75,5553.75,14595.6,0.0,1946.25,59.07,1887.18,1,8777.050000000003,Candidate HF-3,Multi-Strategy Portfolio (Breakout Debit + Trend Credit),0,C4_Credit_Spread
2021-01-08 15:30:00,2021-01-11 09:15:00,2021-01-11 09:15:00,2021-01-08,2021-01-11,2021,2021-01,2021-01-14,2021-01-14,EXPIRY_SETTLEMENT,3,20.62,14347.25,14474.05,BULL_CALL,14500.0,14650.0,150.0,50.0,53.0,15.0,53.1,14.9,38.2,75,2865.0,14595.6,95.6,4305.0,64.23,4240.77,1,13017.820000000003,Candidate HF-3,Multi-Strategy Portfolio (Breakout Debit + Trend Credit),0,HF1_Debit_Spread
2021-01-20 15:30:00,2021-01-21 09:15:00,2021-01-21 09:15:00,2021-01-20,2021-01-21,2021,2021-01,2021-01-28,2021-01-28,EXPIRY_SETTLEMENT,4,22.9,14644.7,14730.95,BULL_CALL,14800.0,14950.0,150.0,50.0,75.55,27.6,75.65,27.5,48.15,75,3611.25,13817.55,0.0,-3611.25,53.23,-3664.48,0,9353.340000000004,Candidate HF-3,Multi-Strategy Portfolio (Breakout Debit + Trend Credit),0,HF1_Debit_Spread
2021-01-21 15:30:00,2021-01-22 09:15:00,2021-01-22 09:15:00,2021-01-21,2021-01-22,2021,2021-01,2021-01-28,2021-01-28,EXPIRY_SETTLEMENT,3,21.55,14590.35,14583.4,BULL_PUT_CREDIT,14350.0,14450.0,100.0,150.0,66.65,105.0,66.75,104.9,-38.15,75,4638.75,13817.55,100.0,-4638.75,161.45,-4800.2,0,4553.140000000004,Candidate HF-3,Multi-Strategy Portfolio (Breakout Debit + Trend Credit),0,C4_Credit_Spread
2021-02-16 15:30:00,2021-02-17 09:15:00,2021-02-17 09:15:00,2021-02-16,2021-02-17,2021,2021-02,2021-02-18,2021-02-18,EXPIRY_SETTLEMENT,1,21.48,15313.45,15279.9,BULL_PUT_CREDIT,15050.0,15150.0,100.0,150.0,18.95,29.55,19.05,29.45,-10.4,75,6720.0,15118.95,31.05,-1548.75,52.15,-1600.9,0,2952.240000000004,Candidate HF-3,Multi-Strategy Portfolio (Breakout Debit + Trend Credit),0,C4_Credit_Spread
2021-02-17 15:30:00,2021-02-18 09:15:00,2021-02-18 09:15:00,2021-02-17,2021-02-18,2021,2021-02,2021-02-25,2021-02-25,EXPIRY_SETTLEMENT,5,21.78,15208.9,15238.7,BULL_PUT_CREDIT,15000.0,15100.0,100.0,150.0,108.0,121.9,108.1,121.8,-13.7,75,6472.5,15097.35,2.65,828.75,63.46,765.29,1,3717.530000000004,Candidate HF-3,Multi-Strategy Portfolio (Breakout Debit + Trend Credit),0,C4_Credit_Spread
2021-02-22 15:30:00,2021-02-23 09:15:00,2021-02-23 09:15:00,2021-02-22,2021-02-23,2021,2021-02,2021-02-25,2021-02-25,EXPIRY_SETTLEMENT,2,22.25,14675.7,14782.25,BEAR_PUT,14750.0,14600.0,150.0,50.0,116.0,78.9,116.1,78.8,37.3,75,2797.5,15097.35,0.0,-2797.5,59.8,-2857.3,0,860.2300000000037,Candidate HF-3,Multi-Strategy Portfolio (Breakout Debit + Trend Credit),0,HF1_Debit_Spread
2021-02-26 15:30:00,2021-03-01 09:15:00,2021-03-01 09:15:00,2021-02-26,2021-03-01,2021,2021-03,2021-03-04,2021-03-04,EXPIRY_SETTLEMENT,3,22.89,14529.15,14702.5,BEAR_PUT,14650.0,14500.0,150.0,50.0,150.05,103.35,150.15,103.25,46.9,75,3517.5,15080.75,0.0,-3517.5,63.61,-3581.11,0,-2720.8799999999965,Candidate HF-3,Multi-Strategy Portfolio (Breakout Debit + Trend Credit),0,HF1_Debit_Spread
2021-03-12 15:30:00,2021-03-15 09:15:00,2021-03-15 09:15:00,2021-03-12,2021-03-15,2021,2021-03,2021-03-18,2021-03-18,EXPIRY_SETTLEMENT,3,20.75,15030.95,15048.4,BULL_PUT_CREDIT,14800.0,14900.0,100.0,150.0,66.4,101.95,66.5,101.85,-35.35,75,4848.75,14557.85,100.0,-4848.75,108.2,-4956.95,0,-7677.829999999996,Candidate HF-3,Multi-Strategy Portfolio (Breakout Debit + Trend Credit),0,C4_Credit_Spread
2021-03-17 15:30:00,2021-03-18 09:15:00,2021-03-18 09:15:00,2021-03-17,2021-03-18,2021,2021-03,2021-03-25,2021-03-25,EXPIRY_SETTLEMENT,5,20.19,14721.3,14855.5,BEAR_PUT,14800.0,14650.0,150.0,50.0,155.0,98.1,155.1,98.0,57.1,75,4282.5,14324.9,150.0,6967.5,143.39,6824.11,1,-853.7199999999966,Candidate HF-3,Multi-Strategy Portfolio (Breakout Debit + Trend Credit),0,HF1_Debit_Spread
2021-03-17 15:30:00,2021-03-18 09:15:00,2021-03-18 09:15:00,2021-03-17,2021-03-18,2021,2021-03,2021-03-25,2021-03-25,EXPIRY_SETTLEMENT,5,20.19,14721.3,14855.5,BULL_PUT_CREDIT,14600.0,14700.0,100.0,150.0,96.35,118.0,96.45,117.9,-21.45,75,5891.25,14324.9,100.0,-5891.25,117.07,-6008.32,0,-6862.039999999996,Candidate HF-3,Multi-Strategy Portfolio (Breakout Debit + Trend Credit),0,C4_Credit_Spread
2021-03-24 15:30:00,2021-03-25 09:15:00,2021-03-25 09:15:00,2021-03-24,2021-03-25,2021,2021-03,2021-04-01,2021-04-01,EXPIRY_SETTLEMENT,3,20.67,14549.4,14570.9,BEAR_CALL_CREDIT,14800.0,14700.0,100.0,150.0,99.0,140.0,99.1,139.9,-40.8,75,4440.0,14867.35,100.0,-4440.0,81.3,-4521.3,0,-11383.339999999997,Candidate HF-3,Multi-Strategy Portfolio (Breakout Debit + Trend Credit),0,C4_Credit_Spread
2021-03-31 15:30:00,2021-04-01 09:15:00,2021-04-01 09:15:00,2021-03-31,2021-04-01,2021,2021-04,2021-04-08,2021-04-08,EXPIRY_SETTLEMENT,4,20.65,14690.7,14798.4,BEAR_CALL_CREDIT,15050.0,14950.0,100.0,150.0,60.35,108.5,60.45,108.4,-47.95,75,3903.75,14873.8,0.0,3596.25,59.9,3536.35,1,-7846.989999999996,Candidate HF-3,Multi-Strategy Portfolio (Breakout Debit + Trend Credit),0,C4_Credit_Spread
2021-04-07 15:30:00,2021-04-08 09:15:00,2021-04-08 09:15:00,2021-04-07,2021-04-08,2021,2021-04,2021-04-15,2021-04-15,EXPIRY_SETTLEMENT,4,20.84,14819.05,14875.65,BULL_PUT_CREDIT,14650.0,14750.0,100.0,150.0,78.75,128.0,78.85,127.9,-49.05,75,3821.25,14581.45,100.0,-3821.25,79.48,-3900.73,0,-11747.719999999996,Candidate HF-3,Multi-Strategy Portfolio (Breakout Debit + Trend Credit),0,C4_Credit_Spread
2021-04-15 15:30:00,2021-04-16 09:15:00,2021-04-16 09:15:00,2021-04-15,2021-04-16,2021,2021-04,2021-04-22,2021-04-22,EXPIRY_SETTLEMENT,3,20.46,14581.45,14599.6,BEAR_CALL_CREDIT,14850.0,14750.0,100.0,150.0,67.7,79.95,67.8,79.85,-12.05,75,6596.25,14406.15,0.0,903.75,57.64,846.11,1,-10901.609999999995,Candidate HF-3,Multi-Strategy Portfolio (Breakout Debit + Trend Credit),0,C4_Credit_Spread
2021-04-28 15:30:00,2021-04-29 09:15:00,2021-04-29 09:15:00,2021-04-28,2021-04-29,2021,2021-04,2021-05-06,2021-05-06,EXPIRY_SETTLEMENT,5,23.08,14864.55,14979.0,BULL_CALL,15050.0,15200.0,150.0,50.0,120.0,60.55,120.1,60.45,59.65,75,4473.75,14724.8,0.0,-4473.75,58.31,-4532.06,0,-15433.669999999995,Candidate HF-3,Multi-Strategy Portfolio (Breakout Debit + Trend Credit),0,HF1_Debit_Spread
2021-05-10 15:30:00,2021-05-11 09:15:00,2021-05-11 09:15:00,2021-05-10,2021-05-11,2021,2021-05,2021-05-12,2021-05-12,EXPIRY_SETTLEMENT,1,20.82,14942.35,14789.7,BULL_PUT_CREDIT,14550.0,14650.0,100.0,150.0,15.65,29.85,15.75,29.75,-14.0,75,6450.0,14696.5,0.0,1050.0,50.65,999.35,1,-14434.319999999994,Candidate HF-3,Multi-Strategy Portfolio (Breakout Debit + Trend Credit),0,C4_Credit_Spread
2021-05-11 15:30:00,2021-05-12 09:15:00,2021-05-12 09:15:00,2021-05-11,2021-05-12,2021,2021-05,2021-05-20,2021-05-20,EXPIRY_SETTLEMENT,5,20.23,14850.75,14823.55,BULL_PUT_CREDIT,14550.0,14650.0,100.0,150.0,73.4,107.7,73.5,107.6,-34.1,75,4942.5,14906.05,0.0,2557.5,60.44,2497.06,1,-11937.259999999995,Candidate HF-3,Multi-Strategy Portfolio (Breakout Debit + Trend Credit),0,C4_Credit_Spread
2021-05-18 15:30:00,2021-05-19 09:15:00,2021-05-19 09:15:00,2021-05-18,2021-05-19,2021,2021-05,2021-05-20,2021-05-20,EXPIRY_SETTLEMENT,1,19.61,15108.1,15058.6,BULL_CALL,15100.0,15250.0,150.0,50.0,80.0,17.1,80.1,17.0,63.1,75,4732.5,14906.05,0.0,-4732.5,52.48,-4784.98,0,-16722.239999999994,Candidate HF-3,Multi-Strategy Portfolio (Breakout Debit + Trend Credit),0,HF1_Debit_Spread
2021-05-19 15:30:00,2021-05-20 09:15:00,2021-05-20 09:15:00,2021-05-19,2021-05-20,2021,2021-05,2021-05-27,2021-05-27,EXPIRY_SETTLEMENT,5,19.24,15030.15,15042.6,BULL_PUT_CREDIT,14800.0,14900.0,100.0,150.0,68.3,94.75,68.4,94.65,-26.25,75,5531.25,15337.85,0.0,1968.75,59.02,1909.73,1,-14812.509999999995,Candidate HF-3,Multi-Strategy Portfolio (Breakout Debit + Trend Credit),0,C4_Credit_Spread
2021-05-21 15:30:00,2021-05-24 09:15:00,2021-05-24 09:15:00,2021-05-21,2021-05-24,2021,2021-05,2021-05-27,2021-05-27,EXPIRY_SETTLEMENT,3,19.65,15175.3,15211.35,BULL_CALL,15250.0,15400.0,150.0,50.0,87.2,39.9,87.3,39.8,47.5,75,3562.5,15337.85,87.85,3026.25,67.03,2959.22,1,-11853.289999999995,Candidate HF-3,Multi-Strategy Portfolio (Breakout Debit + Trend Credit),0,HF1_Debit_Spread
2021-05-26 15:30:00,2021-05-27 09:15:00,2021-05-27 09:15:00,2021-05-26,2021-05-27,2021,2021-05,2021-06-03,2021-06-03,EXPIRY_SETTLEMENT,5,18.84,15301.45,15323.95,BULL_PUT_CREDIT,15050.0,15150.0,100.0,150.0,58.8,78.1,58.9,78.0,-19.1,75,6067.5,15690.35,0.0,1432.5,57.06,1375.44,1,-10477.849999999995,Candidate HF-3,Multi-Strategy Portfolio (Breakout Debit + Trend Credit),0,C4_Credit_Spread
2021-06-02 15:30:00,2021-06-03 09:15:00,2021-06-03 09:15:00,2021-06-02,2021-06-03,2021,2021-06,2021-06-10,2021-06-10,EXPIRY_SETTLEMENT,5,17.39,15576.2,15655.55,BULL_PUT_CREDIT,15400.0,15500.0,100.0,150.0,47.2,62.8,47.3,62.7,-15.4,75,6345.0,15737.75,0.0,1155.0,55.12,1099.88,1,-9377.969999999994,Candidate HF-3,Multi-Strategy Portfolio (Breakout Debit + Trend Credit),0,C4_Credit_Spread
2021-06-03 15:30:00,2021-06-04 09:15:00,2021-06-04 09:15:00,2021-06-03,2021-06-04,2021,2021-06,2021-06-10,2021-06-10,EXPIRY_SETTLEMENT,4,17.21,15690.35,15712.5,BULL_CALL,15750.0,15900.0,150.0,50.0,110.0,39.7,110.1,39.6,70.5,75,5287.5,15737.75,0.0,-5287.5,55.94,-5343.44,0,-14721.409999999993,Candidate HF-3,Multi-Strategy Portfolio (Breakout Debit + Trend Credit),0,HF1_Debit_Spread
2021-06-07 15:30:00,2021-06-08 09:15:00,2021-06-08 09:15:00,2021-06-07,2021-06-08,2021,2021-06,2021-06-10,2021-06-10,EXPIRY_SETTLEMENT,2,15.94,15751.65,15773.9,BULL_CALL,15800.0,15950.0,150.0,50.0,62.25,15.0,62.35,14.9,47.45,75,3558.75,15737.75,0.0,-3558.75,51.46,-3610.21,0,-18331.61999999999,Candidate HF-3,Multi-Strategy Portfolio (Breakout Debit + Trend Credit),0,HF1_Debit_Spread
2021-06-09 15:30:00,2021-06-10 09:15:00,2021-06-10 09:15:00,2021-06-09,2021-06-10,2021,2021-06,2021-06-17,2021-06-17,EXPIRY_SETTLEMENT,5,15.23,15635.35,15692.1,BULL_PUT_CREDIT,15450.0,15550.0,100.0,150.0,49.95,70.0,50.05,69.9,-19.85,75,6011.25,15691.4,0.0,1488.75,55.91,1432.84,1,-16898.77999999999,Candidate HF-3,Multi-Strategy Portfolio (Breakout Debit + Trend Credit),0,C4_Credit_Spread
2021-06-11 15:30:00,2021-06-14 09:15:00,2021-06-14 09:15:00,2021-06-11,2021-06-14,2021,2021-06,2021-06-17,2021-06-17,EXPIRY_SETTLEMENT,3,15.0,15799.35,15791.4,BULL_CALL,15850.0,16000.0,150.0,50.0,59.7,16.9,59.8,16.8,43.0,75,3225.0,15691.4,0.0,-3225.0,51.52,-3276.52,0,-20175.299999999992,Candidate HF-3,Multi-Strategy Portfolio (Breakout Debit + Trend Credit),0,HF1_Debit_Spread
2021-06-16 15:30:00,2021-06-17 09:15:00,2021-06-17 09:15:00,2021-06-16,2021-06-17,2021,2021-06,2021-06-24,2021-06-24,EXPIRY_SETTLEMENT,5,14.61,15767.55,15648.3,BULL_PUT_CREDIT,15400.0,15500.0,100.0,150.0,50.0,84.4,50.1,84.3,-34.2,75,4935.0,15790.45,0.0,2565.0,57.22,2507.78,1,-17667.519999999993,Candidate HF-3,Multi-Strategy Portfolio (Breakout Debit + Trend Credit),0,C4_Credit_Spread
2021-06-23 15:30:00,2021-06-24 09:15:00,2021-06-24 09:15:00,2021-06-23,2021-06-24,2021,2021-06,2021-07-01,2021-07-01,EXPIRY_SETTLEMENT,5,14.74,15686.95,15737.3,BULL_PUT_CREDIT,15500.0,15600.0,100.0,150.0,57.55,78.85,57.65,78.75,-21.1,75,5917.5,15680.0,0.0,1582.5,57.07,1525.43,1,-16142.089999999993,Candidate HF-3,Multi-Strategy Portfolio (Breakout Debit + Trend Credit),0,C4_Credit_Spread
2021-06-30 15:30:00,2021-07-01 09:15:00,2021-07-01 09:15:00,2021-06-30,2021-07-01,2021,2021-07,2021-07-08,2021-07-08,EXPIRY_SETTLEMENT,5,13.0,15721.5,15755.05,BULL_PUT_CREDIT,15500.0,15600.0,100.0,150.0,22.25,42.6,22.35,42.5,-20.15,50,3992.5,15727.9,0.0,1007.5,50.48,957.02,1,-15185.069999999992,Candidate HF-3,Multi-Strategy Portfolio (Breakout Debit + Trend Credit),0,C4_Credit_Spread
2021-07-07 15:30:00,2021-07-08 09:15:00,2021-07-08 09:15:00,2021-07-07,2021-07-08,2021,2021-07,2021-07-15,2021-07-15,EXPIRY_SETTLEMENT,5,12.28,15879.65,15855.4,BULL_PUT_CREDIT,15600.0,15700.0,100.0,150.0,12.0,41.45,12.1,41.35,-29.25,50,3537.5,15924.2,0.0,1462.5,50.09,1412.41,1,-13772.659999999993,Candidate HF-3,Multi-Strategy Portfolio (Breakout Debit + Trend Credit),0,C4_Credit_Spread
2021-07-14 15:30:00,2021-07-15 09:15:00,2021-07-15 09:15:00,2021-07-14,2021-07-15,2021,2021-07,2021-07-22,2021-07-22,EXPIRY_SETTLEMENT,4,12.62,15853.95,15872.15,BULL_PUT_CREDIT,15600.0,15700.0,100.0,150.0,29.85,48.1,29.95,48.0,-18.05,50,4097.5,15824.05,0.0,902.5,51.05,851.45,1,-12921.209999999992,Candidate HF-3,Multi-Strategy Portfolio (Breakout Debit + Trend Credit),0,C4_Credit_Spread
2021-07-15 15:30:00,2021-07-16 09:15:00,2021-07-16 09:15:00,2021-07-15,2021-07-16,2021,2021-07,2021-07-22,2021-07-22,EXPIRY_SETTLEMENT,3,12.59,15924.2,15958.35,BULL_CALL,16000.0,16150.0,150.0,50.0,69.85,18.0,69.95,17.9,52.05,50,2602.5,15824.05,0.0,-2602.5,50.46,-2652.96,0,-15574.169999999991,Candidate HF-3,Multi-Strategy Portfolio (Breakout Debit + Trend Credit),0,HF1_Debit_Spread
2021-07-20 15:30:00,2021-07-22 09:15:00,2021-07-22 09:15:00,2021-07-20,2021-07-22,2021,2021-07,2021-07-29,2021-07-29,EXPIRY_SETTLEMENT,5,12.68,15632.1,15736.6,BULL_PUT_CREDIT,15500.0,15600.0,100.0,150.0,49.0,66.05,49.1,65.95,-16.85,50,4157.5,15778.45,0.0,842.5,52.74,789.76,1,-14784.40999999999,Candidate HF-3,Multi-Strategy Portfolio (Breakout Debit + Trend Credit),0,C4_Credit_Spread
2021-07-20 15:30:00,2021-07-22 09:15:00,2021-07-22 09:15:00,2021-07-20,2021-07-22,2021,2021-07,2021-07-29,2021-07-29,EXPIRY_SETTLEMENT,5,12.68,15632.1,15736.6,BEAR_PUT,15700.0,15550.0,150.0,50.0,110.0,47.2,110.1,47.1,63.0,50,3150.0,15778.45,0.0,-3150.0,53.48,-3203.48,0,-17987.889999999992,Candidate HF-3,Multi-Strategy Portfolio (Breakout Debit + Trend Credit),0,HF1_Debit_Spread
2021-07-28 15:30:00,2021-07-29 09:15:00,2021-07-29 09:15:00,2021-07-28,2021-07-29,2021,2021-07,2021-08-05,2021-08-05,EXPIRY_SETTLEMENT,5,13.23,15709.4,15762.7,BULL_PUT_CREDIT,15500.0,15600.0,100.0,150.0,37.5,70.0,37.6,69.9,-32.3,50,3385.0,16294.6,0.0,1615.0,52.62,1562.38,1,-16425.50999999999,Candidate HF-3,Multi-Strategy Portfolio (Breakout Debit + Trend Credit),0,C4_Credit_Spread
2021-08-03 15:30:00,2021-08-04 09:15:00,2021-08-04 09:15:00,2021-08-03,2021-08-04,2021,2021-08,2021-08-05,2021-08-05,EXPIRY_SETTLEMENT,1,12.81,16130.75,16195.25,BULL_CALL,16250.0,16400.0,150.0,50.0,24.0,9.0,24.1,8.9,15.2,50,760.0,16294.6,44.6,1470.0,52.6,1417.4,1,-15008.109999999991,Candidate HF-3,Multi-Strategy Portfolio (Breakout Debit + Trend Credit),0,HF1_Debit_Spread
2021-08-05 15:30:00,2021-08-06 09:15:00,2021-08-06 09:15:00,2021-08-05,2021-08-06,2021,2021-08,2021-08-12,2021-08-12,EXPIRY_SETTLEMENT,4,13.21,16294.6,16304.4,BULL_PUT_CREDIT,16050.0,16150.0,100.0,150.0,29.6,56.6,29.7,56.5,-26.8,50,3660.0,16364.4,0.0,1340.0,51.56,1288.44,1,-13719.669999999991,Candidate HF-3,Multi-Strategy Portfolio (Breakout Debit + Trend Credit),0,C4_Credit_Spread
2021-08-11 15:30:00,2021-08-12 09:15:00,2021-08-12 09:15:00,2021-08-11,2021-08-12,2021,2021-08,2021-08-18,2021-08-18,EXPIRY_SETTLEMENT,4,12.71,16282.25,16303.65,BULL_PUT_CREDIT,16050.0,16150.0,100.0,150.0,21.85,32.15,21.95,32.05,-10.1,50,4495.0,16568.85,0.0,505.0,49.83,455.17,1,-13264.49999999999,Candidate HF-3,Multi-Strategy Portfolio (Breakout Debit + Trend Credit),0,C4_Credit_Spread
2021-08-12 15:30:00,2021-08-13 09:15:00,2021-08-13 09:15:00,2021-08-12,2021-08-13,2021,2021-08,2021-08-18,2021-08-18,EXPIRY_SETTLEMENT,3,12.71,16364.4,16385.7,BULL_CALL,16450.0,16600.0,150.0,50.0,46.95,14.4,47.05,14.3,32.75,50,1637.5,16568.85,118.85,4305.0,60.47,4244.53,1,-9019.96999999999,Candidate HF-3,Multi-Strategy Portfolio (Breakout Debit + Trend Credit),0,HF1_Debit_Spread
2021-08-17 15:30:00,2021-08-18 09:15:00,2021-08-18 09:15:00,2021-08-17,2021-08-18,2021,2021-08,2021-08-26,2021-08-26,EXPIRY_SETTLEMENT,5,13.46,16614.6,16691.95,BULL_PUT_CREDIT,16450.0,16550.0,100.0,150.0,51.95,78.0,52.05,77.9,-25.85,50,3707.5,16636.9,0.0,1292.5,53.55,1238.95,1,-7781.01999999999,Candidate HF-3,Multi-Strategy Portfolio (Breakout Debit + Trend Credit),0,C4_Credit_Spread
2021-08-25 15:30:00,2021-08-26 09:15:00,2021-08-26 09:15:00,2021-08-25,2021-08-26,2021,2021-08,2021-09-02,2021-09-02,EXPIRY_SETTLEMENT,5,13.19,16634.65,16627.95,BULL_PUT_CREDIT,16400.0,16500.0,100.0,150.0,35.05,60.9,35.15,60.8,-25.65,50,3717.5,17234.15,0.0,1282.5,51.99,1230.51,1,-6550.50999999999,Candidate HF-3,Multi-Strategy Portfolio (Breakout Debit + Trend Credit),0,C4_Credit_Spread
2021-09-01 15:30:00,2021-09-02 09:15:00,2021-09-02 09:15:00,2021-09-01,2021-09-02,2021,2021-09,2021-09-09,2021-09-09,EXPIRY_SETTLEMENT,5,14.52,17076.25,17095.4,BULL_PUT_CREDIT,16850.0,16950.0,100.0,150.0,59.2,75.95,59.3,75.85,-16.55,50,4172.5,17369.25,0.0,827.5,53.65,773.85,1,-5776.65999999999,Candidate HF-3,Multi-Strategy Portfolio (Breakout Debit + Trend Credit),0,C4_Credit_Spread
2021-09-02 15:30:00,2021-09-03 09:15:00,2021-09-03 09:15:00,2021-09-02,2021-09-03,2021,2021-09,2021-09-09,2021-09-09,EXPIRY_SETTLEMENT,4,14.19,17234.15,17262.45,BULL_CALL,17300.0,17450.0,150.0,50.0,88.05,79.0,88.15,78.9,9.25,50,462.5,17369.25,69.25,3000.0,61.11,2938.89,1,-2837.76999999999,Candidate HF-3,Multi-Strategy Portfolio (Breakout Debit + Trend Credit),0,HF1_Debit_Spread
2021-09-08 15:30:00,2021-09-09 09:15:00,2021-09-09 09:15:00,2021-09-08,2021-09-09,2021,2021-09,2021-09-16,2021-09-16,EXPIRY_SETTLEMENT,4,14.9,17353.5,17312.85,BULL_PUT_CREDIT,17050.0,17150.0,100.0,150.0,36.35,50.45,36.45,50.35,-13.9,50,4305.0,17629.5,0.0,695.0,51.39,643.61,1,-2194.15999999999,Candidate HF-3,Multi-Strategy Portfolio (Breakout Debit + Trend Credit),0,C4_Credit_Spread
2021-09-16 15:30:00,2021-09-17 09:15:00,2021-09-17 09:15:00,2021-09-16,2021-09-17,2021,2021-09,2021-09-23,2021-09-23,EXPIRY_SETTLEMENT,4,13.73,17629.5,17709.65,BULL_PUT_CREDIT,17450.0,17550.0,100.0,150.0,49.7,82.4,49.8,82.3,-32.5,50,3375.0,17822.95,0.0,1625.0,53.75,1571.25,1,-622.9099999999899,Candidate HF-3,Multi-Strategy Portfolio (Breakout Debit + Trend Credit),0,C4_Credit_Spread
2021-09-22 15:30:00,2021-09-23 09:15:00,2021-09-23 09:15:00,2021-09-22,2021-09-23,2021,2021-09,2021-09-30,2021-09-30,EXPIRY_SETTLEMENT,5,16.52,17546.65,17670.85,BULL_PUT_CREDIT,17400.0,17500.0,100.0,150.0,47.95,74.85,48.05,74.75,-26.7,50,3665.0,17618.15,0.0,1335.0,53.24,1281.76,1,658.8500000000101,Candidate HF-3,Multi-Strategy Portfolio (Breakout Debit + Trend Credit),1,C4_Credit_Spread
2021-09-23 15:30:00,2021-09-24 09:15:00,2021-09-24 09:15:00,2021-09-23,2021-09-24,2021,2021-09,2021-09-30,2021-09-30,EXPIRY_SETTLEMENT,4,16.49,17822.95,17897.45,BULL_CALL,17950.0,18100.0,150.0,50.0,103.6,58.5,103.7,58.4,45.3,50,2265.0,17618.15,0.0,-2265.0,53.97,-2318.97,0,-1660.1199999999897,Candidate HF-3,Multi-Strategy Portfolio (Breakout Debit + Trend Credit),1,HF1_Debit_Spread
2021-09-29 15:30:00,2021-09-30 09:15:00,2021-09-30 09:15:00,2021-09-29,2021-09-30,2021,2021-09,2021-10-07,2021-10-07,EXPIRY_SETTLEMENT,5,18.54,17711.3,17718.9,BULL_PUT_CREDIT,17450.0,17550.0,100.0,150.0,66.55,77.75,66.65,77.65,-11.0,50,4450.0,17790.35,0.0,550.0,53.99,496.01,1,-1164.1099999999897,Candidate HF-3,Multi-Strategy Portfolio (Breakout Debit + Trend Credit),1,C4_Credit_Spread
2021-10-07 15:30:00,2021-10-08 09:15:00,2021-10-08 09:15:00,2021-10-07,2021-10-08,2021,2021-10,2021-10-14,2021-10-14,EXPIRY_SETTLEMENT,4,17.33,17790.35,17886.85,BULL_PUT_CREDIT,17650.0,17750.0,100.0,150.0,64.7,94.0,64.8,93.9,-29.1,50,3545.0,18338.55,0.0,1455.0,54.92,1400.08,1,235.97000000001026,Candidate HF-3,Multi-Strategy Portfolio (Breakout Debit + Trend Credit),1,C4_Credit_Spread
2021-10-13 15:30:00,2021-10-14 09:15:00,2021-10-14 09:15:00,2021-10-13,2021-10-14,2021,2021-10,2021-10-21,2021-10-21,EXPIRY_SETTLEMENT,4,15.85,18161.75,18272.85,BULL_PUT_CREDIT,18000.0,18100.0,100.0,150.0,52.55,91.0,52.65,90.9,-38.25,50,3087.5,18178.1,0.0,1912.5,54.36,1858.14,1,2094.1100000000106,Candidate HF-3,Multi-Strategy Portfolio (Breakout Debit + Trend Credit),1,C4_Credit_Spread
2021-10-20 15:30:00,2021-10-21 09:15:00,2021-10-21 09:15:00,2021-10-20,2021-10-21,2021,2021-10,2021-10-28,2021-10-28,EXPIRY_SETTLEMENT,5,17.38,18266.6,18382.7,BULL_PUT_CREDIT,18150.0,18250.0,100.0,150.0,97.4,140.0,97.5,139.9,-42.4,50,2880.0,17857.25,100.0,-2880.0,97.3,-2977.3,0,-883.1899999999896,Candidate HF-3,Multi-Strategy Portfolio (Breakout Debit + Trend Credit),1,C4_Credit_Spread
2021-10-27 15:30:00,2021-10-28 09:15:00,2021-10-28 09:15:00,2021-10-27,2021-10-28,2021,2021-10,2021-11-03,2021-11-03,EXPIRY_SETTLEMENT,4,16.75,18210.95,18187.65,BULL_PUT_CREDIT,17950.0,18050.0,100.0,150.0,74.1,103.0,74.2,102.9,-28.7,50,3565.0,17829.2,100.0,-3565.0,73.41,-3638.41,0,-4521.599999999989,Candidate HF-3,Multi-Strategy Portfolio (Breakout Debit + Trend Credit),1,C4_Credit_Spread
2021-10-28 15:30:00,2021-10-29 09:15:00,2021-10-29 09:15:00,2021-10-28,2021-10-29,2021,2021-10,2021-11-03,2021-11-03,EXPIRY_SETTLEMENT,3,16.83,17857.25,17833.05,BEAR_PUT,17800.0,17650.0,150.0,50.0,122.0,84.25,122.1,84.15,37.95,50,1897.5,17829.2,0.0,-1897.5,56.11,-1953.61,0,-6475.209999999989,Candidate HF-3,Multi-Strategy Portfolio (Breakout Debit + Trend Credit),1,HF1_Debit_Spread
2021-11-02 15:30:00,2021-11-03 09:15:00,2021-11-03 09:15:00,2021-11-02,2021-11-03,2021,2021-11,2021-11-11,2021-11-11,EXPIRY_SETTLEMENT,5,17.24,17888.95,17947.95,BULL_PUT_CREDIT,17700.0,17800.0,100.0,150.0,68.05,80.4,68.15,80.3,-12.15,50,4392.5,17873.6,0.0,607.5,54.2,553.3,1,-5921.909999999989,Candidate HF-3,Multi-Strategy Portfolio (Breakout Debit + Trend Credit),1,C4_Credit_Spread
2021-11-10 15:30:00,2021-11-11 09:15:00,2021-11-11 09:15:00,2021-11-10,2021-11-11,2021,2021-11,2021-11-18,2021-11-18,EXPIRY_SETTLEMENT,5,16.0,18017.2,17967.45,BULL_PUT_CREDIT,17700.0,17800.0,100.0,150.0,65.0,79.85,65.1,79.75,-14.65,50,4267.5,17764.8,35.2,-1027.5,55.11,-1082.61,0,-7004.519999999989,Candidate HF-3,Multi-Strategy Portfolio (Breakout Debit + Trend Credit),1,C4_Credit_Spread
2021-11-17 15:30:00,2021-11-18 09:15:00,2021-11-18 09:15:00,2021-11-17,2021-11-18,2021,2021-11,2021-11-25,2021-11-25,EXPIRY_SETTLEMENT,4,15.2,17898.65,17890.55,BULL_PUT_CREDIT,17650.0,17750.0,100.0,150.0,57.65,87.05,57.75,86.95,-29.2,50,3540.0,17536.25,100.0,-3540.0,71.07,-3611.07,0,-10615.58999999999,Candidate HF-3,Multi-Strategy Portfolio (Breakout Debit + Trend Credit),1,C4_Credit_Spread
2021-11-18 15:30:00,2021-11-22 09:15:00,2021-11-22 09:15:00,2021-11-18,2021-11-22,2021,2021-11,2021-11-25,2021-11-25,EXPIRY_SETTLEMENT,3,14.98,17764.8,17796.25,BEAR_PUT,17750.0,17600.0,150.0,50.0,103.0,44.0,103.1,43.9,59.2,50,2960.0,17536.25,150.0,4540.0,74.63,4465.37,1,-6150.219999999989,Candidate HF-3,Multi-Strategy Portfolio (Breakout Debit + Trend Credit),1,HF1_Debit_Spread
2021-11-24 15:30:00,2021-11-25 09:15:00,2021-11-25 09:15:00,2021-11-24,2021-11-25,2021,2021-11,2021-12-02,2021-12-02,EXPIRY_SETTLEMENT,5,18.02,17415.05,17417.3,BEAR_CALL_CREDIT,17650.0,17550.0,100.0,150.0,48.65,85.15,48.75,85.05,-36.3,50,3185.0,17401.65,0.0,1815.0,53.89,1761.11,1,-4389.10999999999,Candidate HF-3,Multi-Strategy Portfolio (Breakout Debit + Trend Credit),1,C4_Credit_Spread
2021-11-26 15:30:00,2021-11-29 09:15:00,2021-11-29 09:15:00,2021-11-26,2021-11-29,2021,2021-11,2021-12-02,2021-12-02,EXPIRY_SETTLEMENT,3,16.66,17026.45,17055.8,BEAR_PUT,17000.0,16850.0,150.0,50.0,145.0,116.0,145.1,115.9,29.2,50,1460.0,17401.65,0.0,-1460.0,58.75,-1518.75,0,-5907.85999999999,Candidate HF-3,Multi-Strategy Portfolio (Breakout Debit + Trend Credit),1,HF1_Debit_Spread
2021-12-01 15:30:00,2021-12-02 09:15:00,2021-12-02 09:15:00,2021-12-01,2021-12-02,2021,2021-12,2021-12-09,2021-12-09,EXPIRY_SETTLEMENT,5,21.17,17166.9,17183.2,BEAR_CALL_CREDIT,17450.0,17350.0,100.0,150.0,71.8,94.95,71.9,94.85,-22.95,50,3852.5,17516.85,100.0,-3852.5,66.29,-3918.79,0,-9826.64999999999,Candidate HF-3,Multi-Strategy Portfolio (Breakout Debit + Trend Credit),1,C4_Credit_Spread
2021-12-08 15:30:00,2021-12-09 09:15:00,2021-12-09 09:15:00,2021-12-08,2021-12-09,2021,2021-12,2021-12-16,2021-12-16,EXPIRY_SETTLEMENT,5,18.46,17469.75,17524.4,BEAR_CALL_CREDIT,17750.0,17650.0,100.0,150.0,62.95,100.15,63.05,100.05,-37.0,50,3150.0,17248.4,0.0,1850.0,55.24,1794.76,1,-8031.88999999999,Candidate HF-3,Multi-Strategy Portfolio (Breakout Debit + Trend Credit),1,C4_Credit_Spread
2021-12-15 15:30:00,2021-12-16 09:15:00,2021-12-16 09:15:00,2021-12-15,2021-12-16,2021,2021-12,2021-12-23,2021-12-23,EXPIRY_SETTLEMENT,5,16.95,17221.4,17373.0,BEAR_CALL_CREDIT,17600.0,17500.0,100.0,150.0,69.95,104.9,70.05,104.8,-34.75,50,3262.5,17072.6,0.0,1737.5,55.75,1681.75,1,-6350.13999999999,Candidate HF-3,Multi-Strategy Portfolio (Breakout Debit + Trend Credit),1,C4_Credit_Spread
2021-12-20 15:30:00,2021-12-21 09:15:00,2021-12-21 09:15:00,2021-12-20,2021-12-21,2021,2021-12,2021-12-23,2021-12-23,EXPIRY_SETTLEMENT,2,16.34,16614.2,16773.15,BEAR_PUT,16700.0,16550.0,150.0,50.0,119.95,77.4,120.05,77.3,42.75,50,2137.5,17072.6,0.0,-2137.5,55.63,-2193.13,0,-8543.26999999999,Candidate HF-3,Multi-Strategy Portfolio (Breakout Debit + Trend Credit),1,HF1_Debit_Spread
2021-12-22 15:30:00,2021-12-23 09:15:00,2021-12-23 09:15:00,2021-12-22,2021-12-23,2021,2021-12,2021-12-30,2021-12-30,EXPIRY_SETTLEMENT,5,17.54,16955.45,17066.8,BEAR_CALL_CREDIT,17300.0,17200.0,100.0,150.0,50.0,89.5,50.1,89.4,-39.3,50,3035.0,17203.95,3.95,1767.5,54.31,1713.19,1,-6830.079999999989,Candidate HF-3,Multi-Strategy Portfolio (Breakout Debit + Trend Credit),1,C4_Credit_Spread
2021-12-29 15:30:00,2021-12-30 09:15:00,2021-12-30 09:15:00,2021-12-29,2021-12-30,2021,2021-12,2022-01-06,2022-01-06,EXPIRY_SETTLEMENT,5,16.48,17213.6,17201.45,BEAR_CALL_CREDIT,17450.0,17350.0,100.0,150.0,55.05,100.0,55.15,99.9,-44.75,50,2762.5,17745.9,100.0,-2762.5,93.93,-2856.43,0,-9686.50999999999,Candidate HF-3,Multi-Strategy Portfolio (Breakout Debit + Trend Credit),1,C4_Credit_Spread
2021-12-31 15:30:00,2022-01-03 09:15:00,2022-01-03 09:15:00,2021-12-31,2022-01-03,2022,2022-01,2022-01-06,2022-01-06,EXPIRY_SETTLEMENT,3,16.57,17354.05,17387.15,BULL_CALL,17450.0,17600.0,150.0,50.0,84.05,32.95,84.15,32.85,51.3,50,2565.0,17745.9,150.0,4935.0,83.36,4851.64,1,-4834.869999999989,Candidate HF-3,Multi-Strategy Portfolio (Breakout Debit + Trend Credit),1,HF1_Debit_Spread
2022-01-05 15:30:00,2022-01-06 09:15:00,2022-01-06 09:15:00,2022-01-05,2022-01-06,2022,2022-01,2022-01-13,2022-01-13,EXPIRY_SETTLEMENT,5,16.12,17925.25,17768.5,BULL_PUT_CREDIT,17500.0,17600.0,100.0,150.0,47.4,70.0,47.5,69.9,-22.4,50,3880.0,18257.8,0.0,1120.0,52.93,1067.07,1,-3767.7999999999893,Candidate HF-3,Multi-Strategy Portfolio (Breakout Debit + Trend Credit),1,C4_Credit_Spread
2022-01-10 15:30:00,2022-01-11 09:15:00,2022-01-11 09:15:00,2022-01-10,2022-01-11,2022,2022-01,2022-01-13,2022-01-13,EXPIRY_SETTLEMENT,2,17.6,18003.3,17997.75,BULL_CALL,18050.0,18200.0,150.0,50.0,117.0,40.0,117.1,39.9,77.2,50,3860.0,18257.8,150.0,3640.0,74.1,3565.9,1,-201.89999999998918,Candidate HF-3,Multi-Strategy Portfolio (Breakout Debit + Trend Credit),1,HF1_Debit_Spread
2022-01-13 15:30:00,2022-01-14 09:15:00,2022-01-14 09:15:00,2022-01-13,2022-01-14,2022,2022-01,2022-01-20,2022-01-20,EXPIRY_SETTLEMENT,4,17.18,18257.8,18185.0,BULL_PUT_CREDIT,17950.0,18050.0,100.0,150.0,52.25,96.65,52.35,96.55,-44.2,50,2790.0,17757.0,100.0,-2790.0,81.13,-2871.13,0,-3073.0299999999893,Candidate HF-3,Multi-Strategy Portfolio (Breakout Debit + Trend Credit),1,C4_Credit_Spread
2022-01-17 15:30:00,2022-01-18 09:15:00,2022-01-18 09:15:00,2022-01-17,2022-01-18,2022,2022-01,2022-01-20,2022-01-20,EXPIRY_SETTLEMENT,2,16.56,18308.1,18337.2,BULL_CALL,18400.0,18550.0,150.0,50.0,70.55,23.0,70.65,22.9,47.75,50,2387.5,17757.0,0.0,-2387.5,50.79,-2438.29,0,-5511.319999999989,Candidate HF-3,Multi-Strategy Portfolio (Breakout Debit + Trend Credit),1,HF1_Debit_Spread
2022-01-19 15:30:00,2022-01-20 09:15:00,2022-01-20 09:15:00,2022-01-19,2022-01-20,2022,2022-01,2022-01-27,2022-01-27,EXPIRY_SETTLEMENT,4,17.78,17938.4,17921.0,BULL_PUT_CREDIT,17650.0,17750.0,100.0,150.0,62.45,80.65,62.55,80.55,-18.0,50,4100.0,17110.15,100.0,-4100.0,122.65,-4222.65,0,-9733.969999999988,Candidate HF-3,Multi-Strategy Portfolio (Breakout Debit + Trend Credit),1,C4_Credit_Spread
2022-01-21 15:30:00,2022-01-24 09:15:00,2022-01-24 09:15:00,2022-01-21,2022-01-24,2022,2022-01,2022-01-27,2022-01-27,EXPIRY_SETTLEMENT,2,17.79,17617.15,17575.15,BEAR_PUT,17550.0,17400.0,150.0,50.0,125.0,57.95,125.1,57.85,67.25,50,3362.5,17110.15,150.0,4137.5,103.66,4033.84,1,-5700.129999999988,Candidate HF-3,Multi-Strategy Portfolio (Breakout Debit + Trend Credit),1,HF1_Debit_Spread
2022-01-27 15:30:00,2022-01-28 09:15:00,2022-01-28 09:15:00,2022-01-27,2022-01-28,2022,2022-01,2022-02-03,2022-02-03,EXPIRY_SETTLEMENT,4,21.36,17110.15,17208.3,BEAR_CALL_CREDIT,17450.0,17350.0,100.0,150.0,146.9,184.2,147.0,184.1,-37.1,50,3145.0,17560.2,100.0,-3145.0,79.32,-3224.32,0,-8924.449999999988,Candidate HF-3,Multi-Strategy Portfolio (Breakout Debit + Trend Credit),1,C4_Credit_Spread
2022-02-03 15:30:00,2022-02-04 09:15:00,2022-02-04 09:15:00,2022-02-03,2022-02-04,2022,2022-02,2022-02-10,2022-02-10,EXPIRY_SETTLEMENT,4,18.65,17560.2,17590.2,BULL_PUT_CREDIT,17350.0,17450.0,100.0,150.0,100.0,110.55,100.1,110.45,-10.35,50,4482.5,17605.85,0.0,517.5,57.03,460.47,1,-8463.979999999989,Candidate HF-3,Multi-Strategy Portfolio (Breakout Debit + Trend Credit),1,C4_Credit_Spread
2022-02-09 15:30:00,2022-02-10 09:15:00,2022-02-10 09:15:00,2022-02-09,2022-02-10,2022,2022-02,2022-02-17,2022-02-17,EXPIRY_SETTLEMENT,5,19.69,17463.8,17554.1,BULL_PUT_CREDIT,17300.0,17400.0,100.0,150.0,87.9,107.4,88.0,107.3,-19.3,50,4035.0,17304.6,95.4,-3805.0,59.28,-3864.28,0,-12328.25999999999,Candidate HF-3,Multi-Strategy Portfolio (Breakout Debit + Trend Credit),1,C4_Credit_Spread
2022-02-14 15:30:00,2022-02-15 09:15:00,2022-02-15 09:15:00,2022-02-14,2022-02-15,2022,2022-02,2022-02-17,2022-02-17,EXPIRY_SETTLEMENT,2,18.68,16842.8,16933.25,BEAR_PUT,16900.0,16750.0,150.0,50.0,190.0,144.65,190.1,144.55,45.55,50,2277.5,17304.6,0.0,-2277.5,61.89,-2339.39,0,-14667.649999999989,Candidate HF-3,Multi-Strategy Portfolio (Breakout Debit + Trend Credit),1,HF1_Debit_Spread
2022-02-17 15:30:00,2022-02-18 09:15:00,2022-02-18 09:15:00,2022-02-17,2022-02-18,2022,2022-02,2022-02-24,2022-02-24,EXPIRY_SETTLEMENT,4,20.59,17304.6,17236.05,BEAR_CALL_CREDIT,17500.0,17400.0,100.0,150.0,90.0,136.0,90.1,135.9,-45.8,50,2710.0,16247.95,0.0,2290.0,58.26,2231.74,1,-12435.909999999989,Candidate HF-3,Multi-Strategy Portfolio (Breakout Debit + Trend Credit),1,C4_Credit_Spread
2022-03-30 15:30:00,2022-03-31 09:15:00,2022-03-31 09:15:00,2022-03-30,2022-03-31,2022,2022-03,2022-04-07,2022-04-07,EXPIRY_SETTLEMENT,5,21.3,17498.25,17519.2,BULL_PUT_CREDIT,17250.0,17350.0,100.0,150.0,85.0,106.65,85.1,106.55,-21.45,50,3927.5,17639.55,0.0,1072.5,56.32,1016.18,1,-11419.729999999989,Candidate HF-3,Multi-Strategy Portfolio (Breakout Debit + Trend Credit),1,C4_Credit_Spread
2022-04-01 15:30:00,2022-04-04 09:15:00,2022-04-04 09:15:00,2022-04-01,2022-04-04,2022,2022-04,2022-04-07,2022-04-07,EXPIRY_SETTLEMENT,3,20.56,17670.45,17809.1,BULL_CALL,17850.0,18000.0,150.0,50.0,73.0,30.25,73.1,30.15,42.95,50,2147.5,17639.55,0.0,-2147.5,51.3,-2198.8,0,-13618.529999999988,Candidate HF-3,Multi-Strategy Portfolio (Breakout Debit + Trend Credit),1,HF1_Debit_Spread
2022-04-06 15:30:00,2022-04-07 09:15:00,2022-04-07 09:15:00,2022-04-06,2022-04-07,2022,2022-04,2022-04-13,2022-04-13,EXPIRY_SETTLEMENT,4,18.49,17807.65,17723.3,BULL_PUT_CREDIT,17450.0,17550.0,100.0,150.0,62.05,85.2,62.15,85.1,-22.95,50,3852.5,17475.65,74.35,-2570.0,56.5,-2626.5,0,-16245.029999999988,Candidate HF-3,Multi-Strategy Portfolio (Breakout Debit + Trend Credit),1,C4_Credit_Spread
2022-04-12 15:30:00,2022-04-13 09:15:00,2022-04-13 09:15:00,2022-04-12,2022-04-13,2022,2022-04,2022-04-21,2022-04-21,EXPIRY_SETTLEMENT,4,18.27,17530.3,17599.9,BULL_PUT_CREDIT,17350.0,17450.0,100.0,150.0,55.5,91.35,55.6,91.25,-35.65,50,3217.5,17392.6,57.4,-1087.5,56.17,-1143.67,0,-17388.69999999999,Candidate HF-3,Multi-Strategy Portfolio (Breakout Debit + Trend Credit),1,C4_Credit_Spread
2022-04-18 15:30:00,2022-04-19 09:15:00,2022-04-19 09:15:00,2022-04-18,2022-04-19,2022,2022-04,2022-04-21,2022-04-21,EXPIRY_SETTLEMENT,2,17.79,17173.65,17258.95,BEAR_PUT,17200.0,17050.0,150.0,50.0,105.0,45.4,105.1,45.3,59.8,50,2990.0,17392.6,0.0,-2990.0,53.22,-3043.22,0,-20431.91999999999,Candidate HF-3,Multi-Strategy Portfolio (Breakout Debit + Trend Credit),1,HF1_Debit_Spread
2022-04-20 15:30:00,2022-04-21 09:15:00,2022-04-21 09:15:00,2022-04-20,2022-04-21,2022,2022-04,2022-04-28,2022-04-28,EXPIRY_SETTLEMENT,5,19.78,17136.55,17234.6,BULL_PUT_CREDIT,17000.0,17100.0,100.0,150.0,88.0,105.5,88.1,105.4,-17.3,50,4135.0,17245.05,0.0,865.0,56.35,808.65,1,-19623.26999999999,Candidate HF-3,Multi-Strategy Portfolio (Breakout Debit + Trend Credit),1,C4_Credit_Spread
2022-04-28 15:30:00,2022-04-29 09:15:00,2022-04-29 09:15:00,2022-04-28,2022-04-29,2022,2022-04,2022-05-05,2022-05-05,EXPIRY_SETTLEMENT,3,20.61,17245.05,17329.25,BULL_PUT_CREDIT,17100.0,17200.0,100.0,150.0,94.65,118.0,94.75,117.9,-23.15,50,3842.5,16682.65,100.0,-3842.5,111.03,-3953.53,0,-23576.79999999999,Candidate HF-3,Multi-Strategy Portfolio (Breakout Debit + Trend Credit),1,C4_Credit_Spread
2022-05-06 15:30:00,2022-05-09 09:15:00,2022-05-09 09:15:00,2022-05-06,2022-05-09,2022,2022-05,2022-05-12,2022-05-12,EXPIRY_SETTLEMENT,3,20.29,16411.25,16227.7,BEAR_CALL_CREDIT,16500.0,16400.0,100.0,150.0,94.0,102.55,94.1,102.45,-8.35,50,4582.5,15808.0,0.0,417.5,56.35,361.15,1,-23215.649999999987,Candidate HF-3,Multi-Strategy Portfolio (Breakout Debit + Trend Credit),1,C4_Credit_Spread
2022-05-06 15:30:00,2022-05-09 09:15:00,2022-05-09 09:15:00,2022-05-06,2022-05-09,2022,2022-05,2022-05-12,2022-05-12,EXPIRY_SETTLEMENT,3,20.29,16411.25,16227.7,BEAR_PUT,16200.0,16050.0,150.0,50.0,131.1,91.05,131.2,90.95,40.25,50,2012.5,15808.0,150.0,5487.5,100.05,5387.45,1,-17828.199999999986,Candidate HF-3,Multi-Strategy Portfolio (Breakout Debit + Trend Credit),1,HF1_Debit_Spread
2022-05-27 15:30:00,2022-05-30 09:15:00,2022-05-30 09:15:00,2022-05-27,2022-05-30,2022,2022-05,2022-06-02,2022-06-02,EXPIRY_SETTLEMENT,3,22.72,16352.45,16527.9,BULL_CALL,16600.0,16750.0,150.0,50.0,85.05,30.0,85.15,29.9,55.25,50,2762.5,16628.0,28.0,-1362.5,54.24,-1416.74,0,-19244.939999999988,Candidate HF-3,Multi-Strategy Portfolio (Breakout Debit + Trend Credit),1,HF1_Debit_Spread
2022-05-30 15:30:00,2022-05-31 09:15:00,2022-05-31 09:15:00,2022-05-30,2022-05-31,2022,2022-05,2022-06-02,2022-06-02,EXPIRY_SETTLEMENT,2,21.48,16661.4,16578.45,BEAR_CALL_CREDIT,16850.0,16750.0,100.0,150.0,30.0,73.95,30.1,73.85,-43.75,50,2812.5,16628.0,0.0,2187.5,52.63,2134.87,1,-17110.06999999999,Candidate HF-3,Multi-Strategy Portfolio (Breakout Debit + Trend Credit),1,C4_Credit_Spread
2022-06-01 15:30:00,2022-06-02 09:15:00,2022-06-02 09:15:00,2022-06-01,2022-06-02,2022,2022-06,2022-06-09,2022-06-09,EXPIRY_SETTLEMENT,5,20.48,16522.75,16481.65,BEAR_CALL_CREDIT,16750.0,16650.0,100.0,150.0,80.0,120.0,80.1,119.9,-39.8,50,3010.0,16478.1,0.0,1990.0,56.98,1933.02,1,-15177.049999999988,Candidate HF-3,Multi-Strategy Portfolio (Breakout Debit + Trend Credit),1,C4_Credit_Spread
2022-06-08 15:30:00,2022-06-09 09:15:00,2022-06-09 09:15:00,2022-06-08,2022-06-09,2022,2022-06,2022-06-16,2022-06-16,EXPIRY_SETTLEMENT,5,20.43,16356.25,16263.85,BEAR_CALL_CREDIT,16500.0,16400.0,100.0,150.0,94.9,127.25,95.0,127.15,-32.15,50,3392.5,15360.6,0.0,1607.5,57.88,1549.62,1,-13627.42999999999,Candidate HF-3,Multi-Strategy Portfolio (Breakout Debit + Trend Credit),1,C4_Credit_Spread
2022-06-10 15:30:00,2022-06-13 09:15:00,2022-06-13 09:15:00,2022-06-10,2022-06-13,2022,2022-06,2022-06-16,2022-06-16,EXPIRY_SETTLEMENT,3,19.14,16201.8,15877.55,BEAR_PUT,15850.0,15700.0,150.0,50.0,72.6,60.0,72.7,59.9,12.8,50,640.0,15360.6,150.0,6860.0,108.19,6751.81,1,-6875.619999999989,Candidate HF-3,Multi-Strategy Portfolio (Breakout Debit + Trend Credit),1,HF1_Debit_Spread
2022-06-15 15:30:00,2022-06-16 09:15:00,2022-06-16 09:15:00,2022-06-15,2022-06-16,2022,2022-06,2022-06-23,2022-06-23,EXPIRY_SETTLEMENT,5,21.89,15692.15,15832.25,BEAR_CALL_CREDIT,16100.0,16000.0,100.0,150.0,84.5,119.0,84.6,118.9,-34.3,50,3285.0,15556.65,0.0,1715.0,57.06,1657.94,1,-5217.679999999989,Candidate HF-3,Multi-Strategy Portfolio (Breakout Debit + Trend Credit),1,C4_Credit_Spread
2022-06-22 15:30:00,2022-06-23 09:15:00,2022-06-23 09:15:00,2022-06-22,2022-06-23,2022,2022-06,2022-06-30,2022-06-30,EXPIRY_SETTLEMENT,5,21.14,15413.3,15451.55,BEAR_CALL_CREDIT,15700.0,15600.0,100.0,150.0,76.3,100.0,76.4,99.9,-23.5,50,3825.0,15780.25,100.0,-3825.0,68.36,-3893.36,0,-9111.03999999999,Candidate HF-3,Multi-Strategy Portfolio (Breakout Debit + Trend Credit),1,C4_Credit_Spread
2022-06-29 15:30:00,2022-06-30 09:15:00,2022-06-30 09:15:00,2022-06-29,2022-06-30,2022,2022-06,2022-07-07,2022-07-07,EXPIRY_SETTLEMENT,5,21.45,15799.1,15774.5,BEAR_CALL_CREDIT,16000.0,15900.0,100.0,150.0,91.15,127.5,91.25,127.4,-36.15,50,3192.5,16132.9,100.0,-3192.5,76.9,-3269.4,0,-12380.43999999999,Candidate HF-3,Multi-Strategy Portfolio (Breakout Debit + Trend Credit),1,C4_Credit_Spread
2022-07-06 15:30:00,2022-07-07 09:15:00,2022-07-07 09:15:00,2022-07-06,2022-07-07,2022,2022-07,2022-07-14,2022-07-14,EXPIRY_SETTLEMENT,5,20.79,15989.8,16113.75,BULL_CALL,16150.0,16300.0,150.0,50.0,150.45,80.05,150.55,79.95,70.6,50,3530.0,15938.65,0.0,-3530.0,56.74,-3586.74,0,-15967.17999999999,Candidate HF-3,Multi-Strategy Portfolio (Breakout Debit + Trend Credit),1,HF1_Debit_Spread
2022-07-07 15:30:00,2022-07-08 09:15:00,2022-07-08 09:15:00,2022-07-07,2022-07-08,2022,2022-07,2022-07-14,2022-07-14,EXPIRY_SETTLEMENT,4,20.27,16132.9,16273.65,BULL_PUT_CREDIT,16000.0,16100.0,100.0,150.0,79.0,105.0,79.1,104.9,-25.8,50,3710.0,15938.65,100.0,-3710.0,66.45,-3776.45,0,-19743.62999999999,Candidate HF-3,Multi-Strategy Portfolio (Breakout Debit + Trend Credit),1,C4_Credit_Spread
2022-07-13 15:30:00,2022-07-14 09:15:00,2022-07-14 09:15:00,2022-07-13,2022-07-14,2022,2022-07,2022-07-21,2022-07-21,EXPIRY_SETTLEMENT,5,18.55,15966.65,16018.85,BEAR_CALL_CREDIT,16250.0,16150.0,100.0,150.0,63.65,99.95,63.75,99.85,-36.1,50,3195.0,16605.25,100.0,-3195.0,101.41,-3296.41,0,-23040.03999999999,Candidate HF-3,Multi-Strategy Portfolio (Breakout Debit + Trend Credit),1,C4_Credit_Spread
2022-07-18 15:30:00,2022-07-19 09:15:00,2022-07-19 09:15:00,2022-07-18,2022-07-19,2022,2022-07,2022-07-21,2022-07-21,EXPIRY_SETTLEMENT,2,17.6,16278.5,16187.05,BULL_CALL,16250.0,16400.0,150.0,50.0,89.7,21.0,89.8,20.9,68.9,50,3445.0,16605.25,150.0,4055.0,90.03,3964.97,1,-19075.06999999999,Candidate HF-3,Multi-Strategy Portfolio (Breakout Debit + Trend Credit),1,HF1_Debit_Spread
2022-07-20 15:30:00,2022-07-21 09:15:00,2022-07-21 09:15:00,2022-07-20,2022-07-21,2022,2022-07,2022-07-28,2022-07-28,EXPIRY_SETTLEMENT,5,17.2,16520.85,16523.55,BULL_PUT_CREDIT,16250.0,16350.0,100.0,150.0,70.0,79.95,70.1,79.85,-9.75,50,4512.5,16929.6,0.0,487.5,54.23,433.27,1,-18641.79999999999,Candidate HF-3,Multi-Strategy Portfolio (Breakout Debit + Trend Credit),1,C4_Credit_Spread
2022-07-28 15:30:00,2022-07-29 09:15:00,2022-07-29 09:15:00,2022-07-28,2022-07-29,2022,2022-07,2022-08-04,2022-08-04,EXPIRY_SETTLEMENT,4,18.13,16929.6,17079.5,BULL_CALL,17150.0,17300.0,150.0,50.0,75.05,53.85,75.15,53.75,21.4,50,1070.0,17382.0,150.0,6430.0,76.58,6353.42,1,-12288.379999999988,Candidate HF-3,Multi-Strategy Portfolio (Breakout Debit + Trend Credit),1,HF1_Debit_Spread
2022-07-28 15:30:00,2022-07-29 09:15:00,2022-07-29 09:15:00,2022-07-28,2022-07-29,2022,2022-07,2022-08-04,2022-08-04,EXPIRY_SETTLEMENT,4,18.13,16929.6,17079.5,BULL_PUT_CREDIT,16850.0,16950.0,100.0,150.0,69.0,109.0,69.1,108.9,-39.8,50,3010.0,17382.0,0.0,1990.0,55.97,1934.03,1,-10354.349999999988,Candidate HF-3,Multi-Strategy Portfolio (Breakout Debit + Trend Credit),1,C4_Credit_Spread
2022-08-03 15:30:00,2022-08-04 09:15:00,2022-08-04 09:15:00,2022-08-03,2022-08-04,2022,2022-08,2022-08-11,2022-08-11,EXPIRY_SETTLEMENT,4,18.53,17388.15,17463.1,BULL_PUT_CREDIT,17200.0,17300.0,100.0,150.0,81.65,120.1,81.75,120.0,-38.25,50,3087.5,17659.0,0.0,1912.5,57.04,1855.46,1,-8498.889999999989,Candidate HF-3,Multi-Strategy Portfolio (Breakout Debit + Trend Credit),1,C4_Credit_Spread
2022-08-11 15:30:00,2022-08-12 09:15:00,2022-08-12 09:15:00,2022-08-11,2022-08-12,2022,2022-08,2022-08-18,2022-08-18,EXPIRY_SETTLEMENT,3,19.59,17659.0,17659.65,BULL_PUT_CREDIT,17400.0,17500.0,100.0,150.0,41.65,69.45,41.75,69.35,-27.6,50,3620.0,17956.5,0.0,1380.0,52.71,1327.29,1,-7171.5999999999885,Candidate HF-3,Multi-Strategy Portfolio (Breakout Debit + Trend Credit),1,C4_Credit_Spread
2022-08-17 15:30:00,2022-08-18 09:15:00,2022-08-18 09:15:00,2022-08-17,2022-08-18,2022,2022-08,2022-08-25,2022-08-25,EXPIRY_SETTLEMENT,5,17.69,17944.25,17898.65,BULL_PUT_CREDIT,17650.0,17750.0,100.0,150.0,52.0,80.4,52.1,80.3,-28.2,50,3590.0,17522.45,100.0,-3590.0,72.17,-3662.17,0,-10833.76999999999,Candidate HF-3,Multi-Strategy Portfolio (Breakout Debit + Trend Credit),1,C4_Credit_Spread
2022-08-24 15:30:00,2022-08-25 09:15:00,2022-08-25 09:15:00,2022-08-24,2022-08-25,2022,2022-08,2022-09-01,2022-09-01,EXPIRY_SETTLEMENT,4,19.05,17604.95,17679.0,BULL_PUT_CREDIT,17450.0,17550.0,100.0,150.0,79.0,90.0,79.1,89.9,-10.8,50,4460.0,17542.8,7.2,180.0,55.34,124.66,1,-10709.10999999999,Candidate HF-3,Multi-Strategy Portfolio (Breakout Debit + Trend Credit),1,C4_Credit_Spread
2022-08-29 15:30:00,2022-08-30 09:15:00,2022-08-30 09:15:00,2022-08-29,2022-08-30,2022,2022-08,2022-09-01,2022-09-01,EXPIRY_SETTLEMENT,1,18.22,17312.9,17414.95,BEAR_PUT,17350.0,17200.0,150.0,50.0,80.0,50.0,80.1,49.9,30.2,50,1510.0,17542.8,0.0,-1510.0,52.72,-1562.72,0,-12271.829999999989,Candidate HF-3,Multi-Strategy Portfolio (Breakout Debit + Trend Credit),1,HF1_Debit_Spread
2022-08-30 15:30:00,2022-09-01 09:15:00,2022-09-01 09:15:00,2022-08-30,2022-09-01,2022,2022-09,2022-09-08,2022-09-08,EXPIRY_SETTLEMENT,5,19.82,17759.3,17485.7,BULL_PUT_CREDIT,17250.0,17350.0,100.0,150.0,58.0,89.0,58.1,88.9,-30.8,50,3460.0,17798.75,0.0,1540.0,54.41,1485.59,1,-10786.239999999989,Candidate HF-3,Multi-Strategy Portfolio (Breakout Debit + Trend Credit),1,C4_Credit_Spread
2022-09-08 15:30:00,2022-09-09 09:15:00,2022-09-09 09:15:00,2022-09-08,2022-09-09,2022,2022-09,2022-09-15,2022-09-15,EXPIRY_SETTLEMENT,4,19.37,17798.75,17923.35,BULL_PUT_CREDIT,17650.0,17750.0,100.0,150.0,78.75,86.8,78.85,86.7,-7.85,50,4607.5,17877.4,0.0,392.5,54.92,337.58,1,-10448.659999999989,Candidate HF-3,Multi-Strategy Portfolio (Breakout Debit + Trend Credit),1,C4_Credit_Spread
2022-09-14 15:30:00,2022-09-15 09:15:00,2022-09-15 09:15:00,2022-09-14,2022-09-15,2022,2022-09,2022-09-22,2022-09-22,EXPIRY_SETTLEMENT,5,17.47,18003.75,18046.35,BULL_PUT_CREDIT,17800.0,17900.0,100.0,150.0,92.0,141.75,92.1,141.65,-49.55,50,2522.5,17629.8,100.0,-2522.5,82.33,-2604.83,0,-13053.489999999989,Candidate HF-3,Multi-Strategy Portfolio (Breakout Debit + Trend Credit),1,C4_Credit_Spread
2022-09-21 15:30:00,2022-09-22 09:15:00,2022-09-22 09:15:00,2022-09-21,2022-09-22,2022,2022-09,2022-09-29,2022-09-29,EXPIRY_SETTLEMENT,5,18.8,17718.35,17609.65,BULL_PUT_CREDIT,17350.0,17450.0,100.0,150.0,100.05,131.2,100.15,131.1,-30.95,50,3452.5,16818.1,100.0,-3452.5,125.93,-3578.43,0,-16631.919999999987,Candidate HF-3,Multi-Strategy Portfolio (Breakout Debit + Trend Credit),1,C4_Credit_Spread
2022-09-23 15:30:00,2022-09-26 09:15:00,2022-09-26 09:15:00,2022-09-23,2022-09-26,2022,2022-09,2022-09-29,2022-09-29,EXPIRY_SETTLEMENT,3,18.82,17327.35,17156.3,BEAR_PUT,17100.0,16950.0,150.0,50.0,145.05,60.35,145.15,60.25,84.9,50,4245.0,16818.1,150.0,3255.0,85.22,3169.78,1,-13462.139999999987,Candidate HF-3,Multi-Strategy Portfolio (Breakout Debit + Trend Credit),1,HF1_Debit_Spread
2022-09-28 15:30:00,2022-09-29 09:15:00,2022-09-29 09:15:00,2022-09-28,2022-09-29,2022,2022-09,2022-10-06,2022-10-06,EXPIRY_SETTLEMENT,4,21.57,16858.6,16993.6,BEAR_CALL_CREDIT,17250.0,17150.0,100.0,150.0,80.0,124.8,80.1,124.7,-44.6,50,2770.0,17331.8,100.0,-2770.0,70.17,-2840.17,0,-16302.309999999987,Candidate HF-3,Multi-Strategy Portfolio (Breakout Debit + Trend Credit),1,C4_Credit_Spread
2022-10-04 15:30:00,2022-10-06 09:15:00,2022-10-06 09:15:00,2022-10-04,2022-10-06,2022,2022-10,2022-10-13,2022-10-13,EXPIRY_SETTLEMENT,5,21.37,17274.3,17379.25,BEAR_CALL_CREDIT,17650.0,17550.0,100.0,150.0,77.95,100.0,78.05,99.9,-21.85,50,3907.5,17014.35,0.0,1092.5,55.7,1036.8,1,-15265.509999999987,Candidate HF-3,Multi-Strategy Portfolio (Breakout Debit + Trend Credit),1,C4_Credit_Spread
2022-10-12 15:30:00,2022-10-13 09:15:00,2022-10-13 09:15:00,2022-10-12,2022-10-13,2022,2022-10,2022-10-20,2022-10-20,EXPIRY_SETTLEMENT,5,20.49,17123.6,17087.35,BEAR_CALL_CREDIT,17350.0,17250.0,100.0,150.0,81.05,111.05,81.15,110.95,-29.8,50,3510.0,17563.95,100.0,-3510.0,85.44,-3595.44,0,-18860.949999999986,Candidate HF-3,Multi-Strategy Portfolio (Breakout Debit + Trend Credit),1,C4_Credit_Spread
2022-10-18 15:30:00,2022-10-19 09:15:00,2022-10-19 09:15:00,2022-10-18,2022-10-19,2022,2022-10,2022-10-20,2022-10-20,EXPIRY_SETTLEMENT,1,18.42,17486.95,17568.15,BULL_CALL,17600.0,17750.0,150.0,50.0,62.65,11.65,62.75,11.55,51.2,50,2560.0,17563.95,0.0,-2560.0,49.85,-2609.85,0,-21470.799999999985,Candidate HF-3,Multi-Strategy Portfolio (Breakout Debit + Trend Credit),1,HF1_Debit_Spread
2022-10-19 15:30:00,2022-10-20 09:15:00,2022-10-20 09:15:00,2022-10-19,2022-10-20,2022,2022-10,2022-10-27,2022-10-27,EXPIRY_SETTLEMENT,4,17.45,17512.25,17423.1,BULL_PUT_CREDIT,17150.0,17250.0,100.0,150.0,61.2,99.35,61.3,99.25,-37.95,50,3102.5,17736.95,0.0,1897.5,55.14,1842.36,1,-19628.439999999984,Candidate HF-3,Multi-Strategy Portfolio (Breakout Debit + Trend Credit),1,C4_Credit_Spread
2022-10-25 15:30:00,2022-10-27 09:15:00,2022-10-27 09:15:00,2022-10-25,2022-10-27,2022,2022-10,2022-11-03,2022-11-03,EXPIRY_SETTLEMENT,5,17.42,17656.35,17771.4,BULL_PUT_CREDIT,17500.0,17600.0,100.0,150.0,64.75,90.0,64.85,89.9,-25.05,50,3747.5,18052.7,0.0,1252.5,54.68,1197.82,1,-18430.619999999984,Candidate HF-3,Multi-Strategy Portfolio (Breakout Debit + Trend Credit),1,C4_Credit_Spread
2022-11-02 15:30:00,2022-11-03 09:15:00,2022-11-03 09:15:00,2022-11-02,2022-11-03,2022,2022-11,2022-11-10,2022-11-10,EXPIRY_SETTLEMENT,4,16.13,18082.85,17968.35,BULL_PUT_CREDIT,17700.0,17800.0,100.0,150.0,69.35,87.05,69.45,86.95,-17.5,50,4125.0,18028.2,0.0,875.0,54.64,820.36,1,-17610.259999999984,Candidate HF-3,Multi-Strategy Portfolio (Breakout Debit + Trend Credit),1,C4_Credit_Spread
2022-11-07 15:30:00,2022-11-09 09:15:00,2022-11-09 09:15:00,2022-11-07,2022-11-09,2022,2022-11,2022-11-10,2022-11-10,EXPIRY_SETTLEMENT,1,15.66,18202.8,18288.25,BULL_CALL,18350.0,18500.0,150.0,50.0,39.95,7.4,40.05,7.3,32.75,50,1637.5,18028.2,0.0,-1637.5,48.89,-1686.39,0,-19296.649999999983,Candidate HF-3,Multi-Strategy Portfolio (Breakout Debit + Trend Credit),1,HF1_Debit_Spread
2022-11-09 15:30:00,2022-11-10 09:15:00,2022-11-10 09:15:00,2022-11-09,2022-11-10,2022,2022-11,2022-11-17,2022-11-17,EXPIRY_SETTLEMENT,5,15.59,18157.0,18044.35,BULL_PUT_CREDIT,17800.0,17900.0,100.0,150.0,46.7,69.45,46.8,69.35,-22.55,50,3872.5,18343.9,0.0,1127.5,52.87,1074.63,1,-18222.019999999982,Candidate HF-3,Multi-Strategy Portfolio (Breakout Debit + Trend Credit),1,C4_Credit_Spread
2022-11-11 15:30:00,2022-11-14 09:15:00,2022-11-14 09:15:00,2022-11-11,2022-11-14,2022,2022-11,2022-11-17,2022-11-17,EXPIRY_SETTLEMENT,3,15.57,18349.7,18376.4,BULL_CALL,18450.0,18600.0,150.0,50.0,78.5,27.85,78.6,27.75,50.85,50,2542.5,18343.9,0.0,-2542.5,51.33,-2593.83,0,-20815.849999999984,Candidate HF-3,Multi-Strategy Portfolio (Breakout Debit + Trend Credit),1,HF1_Debit_Spread
2022-11-15 15:30:00,2022-11-16 09:15:00,2022-11-16 09:15:00,2022-11-15,2022-11-16,2022,2022-11,2022-11-17,2022-11-17,EXPIRY_SETTLEMENT,1,14.91,18403.4,18398.25,BULL_CALL,18450.0,18600.0,150.0,50.0,60.5,9.4,60.6,9.3,51.3,50,2565.0,18343.9,0.0,-2565.0,49.65,-2614.65,0,-23430.499999999985,Candidate HF-3,Multi-Strategy Portfolio (Breakout Debit + Trend Credit),1,HF1_Debit_Spread
2022-11-16 15:30:00,2022-11-17 09:15:00,2022-11-17 09:15:00,2022-11-16,2022-11-17,2022,2022-11,2022-11-24,2022-11-24,EXPIRY_SETTLEMENT,5,14.64,18409.65,18358.7,BULL_PUT_CREDIT,18100.0,18200.0,100.0,150.0,46.9,65.95,47.0,65.85,-18.85,50,4057.5,18484.1,0.0,942.5,52.66,889.84,1,-22540.659999999985,Candidate HF-3,Multi-Strategy Portfolio (Breakout Debit + Trend Credit),1,C4_Credit_Spread
2022-11-23 15:30:00,2022-11-24 09:15:00,2022-11-24 09:15:00,2022-11-23,2022-11-24,2022,2022-11,2022-12-01,2022-12-01,EXPIRY_SETTLEMENT,5,13.84,18267.25,18326.1,BULL_PUT_CREDIT,18100.0,18200.0,100.0,150.0,31.95,50.15,32.05,50.05,-18.0,50,4100.0,18812.5,0.0,900.0,51.24,848.76,1,-21691.899999999987,Candidate HF-3,Multi-Strategy Portfolio (Breakout Debit + Trend Credit),1,C4_Credit_Spread
2022-11-24 15:30:00,2022-11-25 09:15:00,2022-11-25 09:15:00,2022-11-24,2022-11-25,2022,2022-11,2022-12-01,2022-12-01,EXPIRY_SETTLEMENT,4,14.04,18484.1,18528.45,BULL_CALL,18600.0,18750.0,150.0,50.0,76.0,27.65,76.1,27.55,48.55,50,2427.5,18812.5,150.0,5072.5,72.65,4999.85,1,-16692.04999999999,Candidate HF-3,Multi-Strategy Portfolio (Breakout Debit + Trend Credit),1,HF1_Debit_Spread
2022-11-30 15:30:00,2022-12-01 09:15:00,2022-12-01 09:15:00,2022-11-30,2022-12-01,2022,2022-12,2022-12-08,2022-12-08,EXPIRY_SETTLEMENT,5,13.62,18758.35,18871.95,BULL_PUT_CREDIT,18600.0,18700.0,100.0,150.0,40.15,73.0,40.25,72.9,-32.65,50,3367.5,18609.35,90.65,-2900.0,55.56,-2955.56,0,-19647.60999999999,Candidate HF-3,Multi-Strategy Portfolio (Breakout Debit + Trend Credit),1,C4_Credit_Spread
2022-12-07 15:30:00,2022-12-08 09:15:00,2022-12-08 09:15:00,2022-12-07,2022-12-08,2022,2022-12,2022-12-15,2022-12-15,EXPIRY_SETTLEMENT,5,14.04,18560.5,18570.85,BULL_PUT_CREDIT,18300.0,18400.0,100.0,150.0,40.75,48.0,40.85,47.9,-7.05,50,4647.5,18414.9,0.0,352.5,51.38,301.12,1,-19346.48999999999,Candidate HF-3,Multi-Strategy Portfolio (Breakout Debit + Trend Credit),1,C4_Credit_Spread
2022-12-14 15:30:00,2022-12-15 09:15:00,2022-12-15 09:15:00,2022-12-14,2022-12-15,2022,2022-12,2022-12-22,2022-12-22,EXPIRY_SETTLEMENT,5,12.88,18660.3,18614.4,BULL_PUT_CREDIT,18350.0,18450.0,100.0,150.0,23.55,46.9,23.65,46.8,-23.15,50,3842.5,18127.35,100.0,-3842.5,80.81,-3923.31,0,-23269.799999999992,Candidate HF-3,Multi-Strategy Portfolio (Breakout Debit + Trend Credit),1,C4_Credit_Spread
2022-12-15 15:30:00,2022-12-16 09:15:00,2022-12-16 09:15:00,2022-12-15,2022-12-16,2022,2022-12,2022-12-22,2022-12-22,EXPIRY_SETTLEMENT,4,12.89,18414.9,18319.1,BEAR_PUT,18250.0,18100.0,150.0,50.0,76.0,44.65,76.1,44.55,31.55,50,1577.5,18127.35,122.65,4555.0,63.56,4491.44,1,-18778.359999999993,Candidate HF-3,Multi-Strategy Portfolio (Breakout Debit + Trend Credit),1,HF1_Debit_Spread
2022-12-21 15:30:00,2022-12-22 09:15:00,2022-12-22 09:15:00,2022-12-21,2022-12-22,2022,2022-12,2022-12-29,2022-12-29,EXPIRY_SETTLEMENT,5,13.78,18199.1,18288.8,BULL_PUT_CREDIT,18050.0,18150.0,100.0,150.0,61.95,99.65,62.05,99.55,-37.5,50,3125.0,18191.0,0.0,1875.0,55.18,1819.82,1,-16958.539999999994,Candidate HF-3,Multi-Strategy Portfolio (Breakout Debit + Trend Credit),1,C4_Credit_Spread
2022-12-21 15:30:00,2022-12-22 09:15:00,2022-12-22 09:15:00,2022-12-21,2022-12-22,2022,2022-12,2022-12-29,2022-12-29,EXPIRY_SETTLEMENT,5,13.78,18199.1,18288.8,BEAR_PUT,18250.0,18100.0,150.0,50.0,111.75,67.0,111.85,66.9,44.95,50,2247.5,18191.0,59.0,702.5,60.17,642.33,1,-16316.209999999994,Candidate HF-3,Multi-Strategy Portfolio (Breakout Debit + Trend Credit),1,HF1_Debit_Spread
2022-12-28 15:30:00,2022-12-29 09:15:00,2022-12-29 09:15:00,2022-12-28,2022-12-29,2022,2022-12,2023-01-05,2023-01-05,EXPIRY_SETTLEMENT,5,15.29,18122.5,18045.7,BEAR_CALL_CREDIT,18300.0,18200.0,100.0,150.0,60.3,86.15,60.4,86.05,-25.65,50,3717.5,17992.15,0.0,1282.5,54.31,1228.19,1,-15088.019999999993,Candidate HF-3,Multi-Strategy Portfolio (Breakout Debit + Trend Credit),1,C4_Credit_Spread
2023-01-05 15:30:00,2023-01-06 09:15:00,2023-01-06 09:15:00,2023-01-05,2023-01-06,2023,2023-01,2023-01-12,2023-01-12,EXPIRY_SETTLEMENT,4,15.2,17992.15,18008.05,BEAR_CALL_CREDIT,18250.0,18150.0,100.0,150.0,40.0,67.0,40.1,66.9,-26.8,50,3660.0,17858.2,0.0,1340.0,52.51,1287.49,1,-13800.529999999993,Candidate HF-3,Multi-Strategy Portfolio (Breakout Debit + Trend Credit),1,C4_Credit_Spread
2023-01-11 15:30:00,2023-01-12 09:15:00,2023-01-12 09:15:00,2023-01-11,2023-01-12,2023,2023-01,2023-01-19,2023-01-19,EXPIRY_SETTLEMENT,5,15.51,17895.7,17920.85,BEAR_CALL_CREDIT,18150.0,18050.0,100.0,150.0,60.0,100.05,60.1,99.95,-39.85,50,3007.5,18107.85,57.85,-900.0,56.85,-956.85,0,-14757.379999999994,Candidate HF-3,Multi-Strategy Portfolio (Breakout Debit + Trend Credit),1,C4_Credit_Spread
2023-01-18 15:30:00,2023-01-19 09:15:00,2023-01-19 09:15:00,2023-01-18,2023-01-19,2023,2023-01,2023-01-25,2023-01-25,EXPIRY_SETTLEMENT,4,14.59,18165.35,18119.8,BULL_CALL,18150.0,18300.0,150.0,50.0,131.95,73.8,132.05,73.7,58.35,50,2917.5,17891.95,0.0,-2917.5,55.78,-2973.28,0,-17730.659999999993,Candidate HF-3,Multi-Strategy Portfolio (Breakout Debit + Trend Credit),1,HF1_Debit_Spread
2023-01-18 15:30:00,2023-01-19 09:15:00,2023-01-19 09:15:00,2023-01-18,2023-01-19,2023,2023-01,2023-01-25,2023-01-25,EXPIRY_SETTLEMENT,4,14.59,18165.35,18119.8,BEAR_CALL_CREDIT,18350.0,18250.0,100.0,150.0,55.0,73.0,55.1,72.9,-17.8,50,4110.0,17891.95,0.0,890.0,53.34,836.66,1,-16893.999999999993,Candidate HF-3,Multi-Strategy Portfolio (Breakout Debit + Trend Credit),1,C4_Credit_Spread
2023-01-24 15:30:00,2023-01-25 09:15:00,2023-01-25 09:15:00,2023-01-24,2023-01-25,2023,2023-01,2023-02-02,2023-02-02,EXPIRY_SETTLEMENT,5,13.62,18118.3,18093.35,BEAR_CALL_CREDIT,18350.0,18250.0,100.0,150.0,60.0,84.5,60.1,84.4,-24.3,50,3785.0,17610.4,0.0,1215.0,54.2,1160.8,1,-15733.199999999993,Candidate HF-3,Multi-Strategy Portfolio (Breakout Debit + Trend Credit),1,C4_Credit_Spread
2023-01-27 15:30:00,2023-01-30 09:15:00,2023-01-30 09:15:00,2023-01-27,2023-01-30,2023,2023-01,2023-02-02,2023-02-02,EXPIRY_SETTLEMENT,3,14.66,17604.35,17541.95,BEAR_PUT,17500.0,17350.0,150.0,50.0,143.35,140.0,143.45,139.9,3.55,50,177.5,17610.4,0.0,-177.5,60.16,-237.66,0,-15970.859999999993,Candidate HF-3,Multi-Strategy Portfolio (Breakout Debit + Trend Credit),1,HF1_Debit_Spread
2023-02-01 15:30:00,2023-02-02 09:15:00,2023-02-02 09:15:00,2023-02-01,2023-02-02,2023,2023-02,2023-02-09,2023-02-09,EXPIRY_SETTLEMENT,5,16.88,17616.3,17517.1,BEAR_CALL_CREDIT,17750.0,17650.0,100.0,150.0,135.0,180.35,135.1,180.25,-45.15,50,2742.5,17893.45,100.0,-2742.5,82.76,-2825.26,0,-18796.119999999995,Candidate HF-3,Multi-Strategy Portfolio (Breakout Debit + Trend Credit),1,C4_Credit_Spread
2023-02-08 15:30:00,2023-02-09 09:15:00,2023-02-09 09:15:00,2023-02-08,2023-02-09,2023,2023-02,2023-02-16,2023-02-16,EXPIRY_SETTLEMENT,5,14.13,17871.7,17885.5,BEAR_CALL_CREDIT,18150.0,18050.0,100.0,150.0,31.0,53.25,31.1,53.15,-22.05,50,3897.5,18035.85,0.0,1102.5,51.4,1051.1,1,-17745.019999999997,Candidate HF-3,Multi-Strategy Portfolio (Breakout Debit + Trend Credit),1,C4_Credit_Spread
2023-02-15 15:30:00,2023-02-16 09:15:00,2023-02-16 09:15:00,2023-02-15,2023-02-16,2023,2023-02,2023-02-23,2023-02-23,EXPIRY_SETTLEMENT,5,13.45,18015.85,18094.75,BEAR_CALL_CREDIT,18350.0,18250.0,100.0,150.0,20.4,34.15,20.5,34.05,-13.55,50,4322.5,17511.25,0.0,677.5,49.91,627.59,1,-17117.429999999997,Candidate HF-3,Multi-Strategy Portfolio (Breakout Debit + Trend Credit),1,C4_Credit_Spread
2023-02-22 15:30:00,2023-02-23 09:15:00,2023-02-23 09:15:00,2023-02-22,2023-02-23,2023,2023-02,2023-03-02,2023-03-02,EXPIRY_SETTLEMENT,5,14.01,17554.3,17574.65,BEAR_PUT,17500.0,17350.0,150.0,50.0,101.2,49.0,101.3,48.9,52.4,50,2620.0,17321.9,150.0,4880.0,70.55,4809.45,1,-12307.979999999996,Candidate HF-3,Multi-Strategy Portfolio (Breakout Debit + Trend Credit),1,HF1_Debit_Spread
2023-02-23 15:30:00,2023-02-24 09:15:00,2023-02-24 09:15:00,2023-02-23,2023-02-24,2023,2023-02,2023-03-02,2023-03-02,EXPIRY_SETTLEMENT,4,15.59,17511.25,17591.35,BEAR_CALL_CREDIT,17850.0,17750.0,100.0,150.0,31.0,50.95,31.1,50.85,-19.75,50,4012.5,17321.9,0.0,987.5,51.26,936.24,1,-11371.739999999996,Candidate HF-3,Multi-Strategy Portfolio (Breakout Debit + Trend Credit),1,C4_Credit_Spread
2023-03-02 15:30:00,2023-03-03 09:15:00,2023-03-03 09:15:00,2023-03-02,2023-03-03,2023,2023-03,2023-03-09,2023-03-09,EXPIRY_SETTLEMENT,3,13.0,17321.9,17451.25,BEAR_CALL_CREDIT,17700.0,17600.0,100.0,150.0,12.5,29.9,12.6,29.8,-17.2,50,4140.0,17589.6,0.0,860.0,49.4,810.6,1,-10561.139999999996,Candidate HF-3,Multi-Strategy Portfolio (Breakout Debit + Trend Credit),1,C4_Credit_Spread
2023-03-08 15:30:00,2023-03-09 09:15:00,2023-03-09 09:15:00,2023-03-08,2023-03-09,2023,2023-03,2023-03-16,2023-03-16,EXPIRY_SETTLEMENT,5,12.27,17754.4,17772.05,BEAR_CALL_CREDIT,18000.0,17900.0,100.0,150.0,30.0,55.05,30.1,54.95,-24.85,50,3757.5,16985.6,0.0,1242.5,51.48,1191.02,1,-9370.119999999995,Candidate HF-3,Multi-Strategy Portfolio (Breakout Debit + Trend Credit),1,C4_Credit_Spread
2023-03-13 15:30:00,2023-03-14 09:15:00,2023-03-14 09:15:00,2023-03-13,2023-03-14,2023,2023-03,2023-03-16,2023-03-16,EXPIRY_SETTLEMENT,2,13.41,17154.3,17160.55,BEAR_PUT,17100.0,16950.0,150.0,50.0,88.85,40.0,88.95,39.9,49.05,50,2452.5,16985.6,114.4,3267.5,62.92,3204.58,1,-6165.539999999995,Candidate HF-3,Multi-Strategy Portfolio (Breakout Debit + Trend Credit),1,HF1_Debit_Spread
2023-03-15 15:30:00,2023-03-16 09:15:00,2023-03-16 09:15:00,2023-03-15,2023-03-16,2023,2023-03,2023-03-23,2023-03-23,EXPIRY_SETTLEMENT,5,16.22,16972.15,16994.65,BEAR_CALL_CREDIT,17250.0,17150.0,100.0,150.0,61.55,92.15,61.65,92.05,-30.4,50,3480.0,17076.9,0.0,1520.0,54.71,1465.29,1,-4700.249999999995,Candidate HF-3,Multi-Strategy Portfolio (Breakout Debit + Trend Credit),1,C4_Credit_Spread
2023-03-22 15:30:00,2023-03-23 09:15:00,2023-03-23 09:15:00,2023-03-22,2023-03-23,2023,2023-03,2023-03-29,2023-03-29,EXPIRY_SETTLEMENT,4,15.08,17151.9,17097.4,BEAR_CALL_CREDIT,17350.0,17250.0,100.0,150.0,70.0,85.0,70.1,84.9,-14.8,50,4260.0,17080.7,0.0,740.0,54.54,685.46,1,-4014.7899999999954,Candidate HF-3,Multi-Strategy Portfolio (Breakout Debit + Trend Credit),1,C4_Credit_Spread
2023-03-29 15:30:00,2023-03-31 09:15:00,2023-03-31 09:15:00,2023-03-29,2023-03-31,2023,2023-03,2023-04-06,2023-04-06,EXPIRY_SETTLEMENT,3,15.1,17080.7,17210.35,BEAR_CALL_CREDIT,17450.0,17350.0,100.0,150.0,15.0,45.1,15.1,45.0,-29.9,50,3505.0,17599.15,100.0,-3505.0,71.5,-3576.5,0,-7591.289999999995,Candidate HF-3,Multi-Strategy Portfolio (Breakout Debit + Trend Credit),1,C4_Credit_Spread
2023-03-31 15:30:00,2023-04-03 09:15:00,2023-04-03 09:15:00,2023-03-31,2023-04-03,2023,2023-04,2023-04-06,2023-04-06,EXPIRY_SETTLEMENT,2,13.63,17359.75,17427.95,BULL_CALL,17500.0,17650.0,150.0,50.0,42.0,10.65,42.1,10.55,31.55,50,1577.5,17599.15,99.15,3380.0,58.28,3321.72,1,-4269.569999999996,Candidate HF-3,Multi-Strategy Portfolio (Breakout Debit + Trend Credit),1,HF1_Debit_Spread
2023-04-05 15:30:00,2023-04-06 09:15:00,2023-04-06 09:15:00,2023-04-05,2023-04-06,2023,2023-04,2023-04-13,2023-04-13,EXPIRY_SETTLEMENT,4,12.59,17557.05,17533.85,BULL_PUT_CREDIT,17300.0,17400.0,100.0,150.0,36.45,52.5,36.55,52.4,-15.85,50,4207.5,17828.0,0.0,792.5,51.52,740.98,1,-3528.589999999996,Candidate HF-3,Multi-Strategy Portfolio (Breakout Debit + Trend Credit),1,C4_Credit_Spread
2023-04-12 15:30:00,2023-04-13 09:15:00,2023-04-13 09:15:00,2023-04-12,2023-04-13,2023,2023-04,2023-04-20,2023-04-20,EXPIRY_SETTLEMENT,4,11.98,17812.4,17807.3,BULL_PUT_CREDIT,17550.0,17650.0,100.0,150.0,27.95,45.95,28.05,45.85,-17.8,50,4110.0,17624.45,25.55,-387.5,51.61,-439.11,0,-3967.699999999996,Candidate HF-3,Multi-Strategy Portfolio (Breakout Debit + Trend Credit),1,C4_Credit_Spread
2023-04-19 15:30:00,2023-04-20 09:15:00,2023-04-20 09:15:00,2023-04-19,2023-04-20,2023,2023-04,2023-04-27,2023-04-27,EXPIRY_SETTLEMENT,5,12.08,17618.75,17638.6,BULL_PUT_CREDIT,17400.0,17500.0,100.0,150.0,36.0,54.05,36.1,53.95,-17.85,50,4107.5,17915.05,0.0,892.5,51.6,840.9,1,-3126.799999999996,Candidate HF-3,Multi-Strategy Portfolio (Breakout Debit + Trend Credit),1,C4_Credit_Spread
2023-04-27 15:30:00,2023-04-28 09:15:00,2023-04-28 09:15:00,2023-04-27,2023-04-28,2023,2023-04,2023-05-04,2023-05-04,EXPIRY_SETTLEMENT,3,11.65,17915.05,17950.4,BULL_CALL,18000.0,18150.0,150.0,50.0,60.05,19.95,60.15,19.85,40.3,50,2015.0,18255.8,150.0,5485.0,76.95,5408.05,1,2281.250000000004,Candidate HF-3,Multi-Strategy Portfolio (Breakout Debit + Trend Credit),1,HF1_Debit_Spread
2023-04-27 15:30:00,2023-04-28 09:15:00,2023-04-28 09:15:00,2023-04-27,2023-04-28,2023,2023-04,2023-05-04,2023-05-04,EXPIRY_SETTLEMENT,3,11.65,17915.05,17950.4,BULL_PUT_CREDIT,17700.0,17800.0,100.0,150.0,20.45,34.25,20.55,34.15,-13.6,50,4320.0,18255.8,0.0,680.0,49.91,630.09,1,2911.3400000000042,Candidate HF-3,Multi-Strategy Portfolio (Breakout Debit + Trend Credit),1,C4_Credit_Spread
2023-05-03 15:30:00,2023-05-04 09:15:00,2023-05-04 09:15:00,2023-05-03,2023-05-04,2023,2023-05,2023-05-11,2023-05-11,EXPIRY_SETTLEMENT,5,11.9,18089.85,18081.0,BULL_PUT_CREDIT,17850.0,17950.0,100.0,150.0,43.95,50.05,44.05,49.95,-5.9,50,4705.0,18297.0,0.0,295.0,51.61,243.39,1,3154.730000000004,Candidate HF-3,Multi-Strategy Portfolio (Breakout Debit + Trend Credit),1,C4_Credit_Spread
2023-05-04 15:30:00,2023-05-05 09:15:00,2023-05-05 09:15:00,2023-05-04,2023-05-05,2023,2023-05,2023-05-11,2023-05-11,EXPIRY_SETTLEMENT,4,11.84,18255.8,18117.3,BULL_CALL,18150.0,18300.0,150.0,50.0,94.15,40.05,94.25,39.95,54.3,50,2715.0,18297.0,147.0,4635.0,66.09,4568.91,1,7723.640000000004,Candidate HF-3,Multi-Strategy Portfolio (Breakout Debit + Trend Credit),1,HF1_Debit_Spread
2023-05-10 15:30:00,2023-05-11 09:15:00,2023-05-11 09:15:00,2023-05-10,2023-05-11,2023,2023-05,2023-05-18,2023-05-18,EXPIRY_SETTLEMENT,5,12.68,18315.1,18357.8,BULL_PUT_CREDIT,18100.0,18200.0,100.0,150.0,28.65,44.95,28.75,44.85,-16.1,50,4195.0,18129.95,70.05,-2697.5,52.89,-2750.39,0,4973.250000000004,Candidate HF-3,Multi-Strategy Portfolio (Breakout Debit + Trend Credit),1,C4_Credit_Spread
2023-05-15 15:30:00,2023-05-16 09:15:00,2023-05-16 09:15:00,2023-05-15,2023-05-16,2023,2023-05,2023-05-18,2023-05-18,EXPIRY_SETTLEMENT,2,12.85,18398.85,18432.35,BULL_CALL,18500.0,18650.0,150.0,50.0,33.0,5.05,33.1,4.95,28.15,50,1407.5,18129.95,0.0,-1407.5,48.53,-1456.03,0,3517.220000000004,Candidate HF-3,Multi-Strategy Portfolio (Breakout Debit + Trend Credit),1,HF1_Debit_Spread
2023-05-17 15:30:00,2023-05-18 09:15:00,2023-05-18 09:15:00,2023-05-17,2023-05-18,2023,2023-05,2023-05-25,2023-05-25,EXPIRY_SETTLEMENT,5,13.29,18181.75,18287.5,BULL_PUT_CREDIT,18050.0,18150.0,100.0,150.0,40.2,55.95,40.3,55.85,-15.55,50,4222.5,18321.15,0.0,777.5,51.85,725.65,1,4242.8700000000035,Candidate HF-3,Multi-Strategy Portfolio (Breakout Debit + Trend Credit),1,C4_Credit_Spread
2023-05-24 15:30:00,2023-05-25 09:15:00,2023-05-25 09:15:00,2023-05-24,2023-05-25,2023,2023-05,2023-06-01,2023-06-01,EXPIRY_SETTLEMENT,5,12.61,18285.4,18268.9,BULL_PUT_CREDIT,18000.0,18100.0,100.0,150.0,30.0,45.25,30.1,45.15,-15.05,50,4247.5,18487.75,0.0,752.5,50.88,701.62,1,4944.490000000003,Candidate HF-3,Multi-Strategy Portfolio (Breakout Debit + Trend Credit),1,C4_Credit_Spread
2023-05-26 15:30:00,2023-05-29 09:15:00,2023-05-29 09:15:00,2023-05-26,2023-05-29,2023,2023-05,2023-06-01,2023-06-01,EXPIRY_SETTLEMENT,3,12.52,18499.35,18619.15,BULL_CALL,18650.0,18800.0,150.0,50.0,45.0,10.0,45.1,9.9,35.2,50,1760.0,18487.75,0.0,-1760.0,49.2,-1809.2,0,3135.2900000000036,Candidate HF-3,Multi-Strategy Portfolio (Breakout Debit + Trend Credit),1,HF1_Debit_Spread
2023-05-31 15:30:00,2023-06-01 09:15:00,2023-06-01 09:15:00,2023-05-31,2023-06-01,2023,2023-06,2023-06-08,2023-06-08,EXPIRY_SETTLEMENT,5,12.01,18534.4,18579.4,BULL_PUT_CREDIT,18350.0,18450.0,100.0,150.0,39.85,61.0,39.95,60.9,-20.95,50,3952.5,18634.55,0.0,1047.5,52.14,995.36,1,4130.650000000003,Candidate HF-3,Multi-Strategy Portfolio (Breakout Debit + Trend Credit),1,C4_Credit_Spread
2023-06-07 15:30:00,2023-06-08 09:15:00,2023-06-08 09:15:00,2023-06-07,2023-06-08,2023,2023-06,2023-06-15,2023-06-15,EXPIRY_SETTLEMENT,5,11.38,18726.4,18725.35,BULL_CALL,18800.0,18950.0,150.0,50.0,91.95,28.45,92.05,28.35,63.7,50,3185.0,18688.1,0.0,-3185.0,51.78,-3236.78,0,893.8700000000031,Candidate HF-3,Multi-Strategy Portfolio (Breakout Debit + Trend Credit),1,HF1_Debit_Spread
2023-06-07 15:30:00,2023-06-08 09:15:00,2023-06-08 09:15:00,2023-06-07,2023-06-08,2023,2023-06,2023-06-15,2023-06-15,EXPIRY_SETTLEMENT,5,11.38,18726.4,18725.35,BULL_PUT_CREDIT,18500.0,18600.0,100.0,150.0,35.75,51.1,35.85,51.0,-15.15,50,4242.5,18688.1,0.0,757.5,51.41,706.09,1,1599.9600000000032,Candidate HF-3,Multi-Strategy Portfolio (Breakout Debit + Trend Credit),1,C4_Credit_Spread
2023-06-14 15:30:00,2023-06-15 09:15:00,2023-06-15 09:15:00,2023-06-14,2023-06-15,2023,2023-06,2023-06-22,2023-06-22,EXPIRY_SETTLEMENT,5,11.11,18755.9,18774.45,BULL_PUT_CREDIT,18500.0,18600.0,100.0,150.0,22.0,40.05,22.1,39.95,-17.85,50,4107.5,18771.25,0.0,892.5,50.32,842.18,1,2442.140000000003,Candidate HF-3,Multi-Strategy Portfolio (Breakout Debit + Trend Credit),1,C4_Credit_Spread
2023-06-16 15:30:00,2023-06-19 09:15:00,2023-06-19 09:15:00,2023-06-16,2023-06-19,2023,2023-06,2023-06-22,2023-06-22,EXPIRY_SETTLEMENT,3,11.08,18826.0,18873.3,BULL_CALL,18900.0,19050.0,150.0,50.0,81.05,13.0,81.15,12.9,68.25,50,3412.5,18771.25,0.0,-3412.5,50.5,-3463.0,0,-1020.859999999997,Candidate HF-3,Multi-Strategy Portfolio (Breakout Debit + Trend Credit),1,HF1_Debit_Spread
2023-06-28 15:30:00,2023-06-30 09:15:00,2023-06-30 09:15:00,2023-06-28,2023-06-30,2023,2023-06,2023-07-06,2023-07-06,EXPIRY_SETTLEMENT,4,10.78,18972.1,19076.85,BULL_CALL,19150.0,19300.0,150.0,50.0,43.0,10.35,43.1,10.25,32.85,50,1642.5,19497.3,150.0,5857.5,86.97,5770.53,1,4749.670000000003,Candidate HF-3,Multi-Strategy Portfolio (Breakout Debit + Trend Credit),1,HF1_Debit_Spread
2023-06-28 15:30:00,2023-06-30 09:15:00,2023-06-30 09:15:00,2023-06-28,2023-06-30,2023,2023-06,2023-07-06,2023-07-06,EXPIRY_SETTLEMENT,4,10.78,18972.1,19076.85,BULL_PUT_CREDIT,18850.0,18950.0,100.0,150.0,35.0,52.6,35.1,52.5,-17.4,50,4130.0,19497.3,0.0,870.0,51.48,818.52,1,5568.190000000002,Candidate HF-3,Multi-Strategy Portfolio (Breakout Debit + Trend Credit),1,C4_Credit_Spread
2023-07-05 15:30:00,2023-07-06 09:15:00,2023-07-06 09:15:00,2023-07-05,2023-07-06,2023,2023-07,2023-07-13,2023-07-13,EXPIRY_SETTLEMENT,5,11.7,19398.5,19385.7,BULL_PUT_CREDIT,19150.0,19250.0,100.0,150.0,43.2,62.05,43.3,61.95,-18.65,50,4067.5,19413.75,0.0,932.5,52.31,880.19,1,6448.380000000003,Candidate HF-3,Multi-Strategy Portfolio (Breakout Debit + Trend Credit),1,C4_Credit_Spread
2023-07-12 15:30:00,2023-07-13 09:15:00,2023-07-13 09:15:00,2023-07-12,2023-07-13,2023,2023-07,2023-07-20,2023-07-20,EXPIRY_SETTLEMENT,5,11.01,19384.3,19495.2,BULL_PUT_CREDIT,19250.0,19350.0,100.0,150.0,31.9,48.0,32.0,47.9,-15.9,50,4205.0,19979.15,0.0,795.0,51.11,743.89,1,7192.270000000003,Candidate HF-3,Multi-Strategy Portfolio (Breakout Debit + Trend Credit),1,C4_Credit_Spread
2023-07-14 15:30:00,2023-07-17 09:15:00,2023-07-17 09:15:00,2023-07-14,2023-07-17,2023,2023-07,2023-07-20,2023-07-20,EXPIRY_SETTLEMENT,3,10.94,19564.5,19612.15,BULL_CALL,19650.0,19800.0,150.0,50.0,57.2,15.95,57.3,15.85,41.45,50,2072.5,19979.15,150.0,5427.5,85.54,5341.96,1,12534.230000000003,Candidate HF-3,Multi-Strategy Portfolio (Breakout Debit + Trend Credit),1,HF1_Debit_Spread
2023-07-19 15:30:00,2023-07-20 09:15:00,2023-07-20 09:15:00,2023-07-19,2023-07-20,2023,2023-07,2023-07-27,2023-07-27,EXPIRY_SETTLEMENT,5,11.71,19833.15,19831.7,BULL_PUT_CREDIT,19600.0,19700.0,100.0,150.0,45.05,58.25,45.15,58.15,-13.0,50,4350.0,19659.9,40.1,-1355.0,53.32,-1408.32,0,11125.910000000003,Candidate HF-3,Multi-Strategy Portfolio (Breakout Debit + Trend Credit),1,C4_Credit_Spread
2023-07-26 15:30:00,2023-07-27 09:15:00,2023-07-27 09:15:00,2023-07-26,2023-07-27,2023,2023-07,2023-08-03,2023-08-03,EXPIRY_SETTLEMENT,5,10.24,19778.3,19850.9,BULL_PUT_CREDIT,19600.0,19700.0,100.0,150.0,35.15,60.0,35.25,59.9,-24.65,50,3767.5,19381.65,100.0,-3767.5,81.45,-3848.95,0,7276.960000000004,Candidate HF-3,Multi-Strategy Portfolio (Breakout Debit + Trend Credit),1,C4_Credit_Spread
2023-08-02 15:30:00,2023-08-03 09:15:00,2023-08-03 09:15:00,2023-08-02,2023-08-03,2023,2023-08,2023-08-10,2023-08-10,EXPIRY_SETTLEMENT,5,10.28,19526.55,19463.75,BEAR_PUT,19400.0,19250.0,150.0,50.0,81.0,39.85,81.1,39.75,41.35,50,2067.5,19543.1,0.0,-2067.5,52.14,-2119.64,0,5157.320000000003,Candidate HF-3,Multi-Strategy Portfolio (Breakout Debit + Trend Credit),1,HF1_Debit_Spread
2023-08-02 15:30:00,2023-08-03 09:15:00,2023-08-03 09:15:00,2023-08-02,2023-08-03,2023,2023-08,2023-08-10,2023-08-10,EXPIRY_SETTLEMENT,5,10.28,19526.55,19463.75,BULL_PUT_CREDIT,19200.0,19300.0,100.0,150.0,37.8,60.0,37.9,59.9,-22.0,50,3900.0,19543.1,0.0,1100.0,52.02,1047.98,1,6205.300000000003,Candidate HF-3,Multi-Strategy Portfolio (Breakout Debit + Trend Credit),1,C4_Credit_Spread
2023-08-09 15:30:00,2023-08-10 09:15:00,2023-08-10 09:15:00,2023-08-09,2023-08-10,2023,2023-08,2023-08-17,2023-08-17,EXPIRY_SETTLEMENT,4,11.33,19632.55,19605.55,BULL_PUT_CREDIT,19350.0,19450.0,100.0,150.0,26.95,39.0,27.05,38.9,-11.85,50,4407.5,19365.25,84.75,-3645.0,52.91,-3697.91,0,2507.390000000003,Candidate HF-3,Multi-Strategy Portfolio (Breakout Debit + Trend Credit),1,C4_Credit_Spread
2023-08-16 15:30:00,2023-08-17 09:15:00,2023-08-17 09:15:00,2023-08-16,2023-08-17,2023,2023-08,2023-08-24,2023-08-24,EXPIRY_SETTLEMENT,5,12.0,19465.0,19450.55,BULL_PUT_CREDIT,19200.0,19300.0,100.0,150.0,34.15,60.0,34.25,59.9,-25.65,50,3717.5,19386.7,0.0,1282.5,51.91,1230.59,1,3737.980000000003,Candidate HF-3,Multi-Strategy Portfolio (Breakout Debit + Trend Credit),1,C4_Credit_Spread
2023-08-23 15:30:00,2023-08-24 09:15:00,2023-08-24 09:15:00,2023-08-23,2023-08-24,2023,2023-08,2023-08-31,2023-08-31,EXPIRY_SETTLEMENT,5,11.75,19444.0,19535.15,BULL_PUT_CREDIT,19300.0,19400.0,100.0,150.0,35.0,60.0,35.1,59.9,-24.8,50,3760.0,19253.8,100.0,-3760.0,60.51,-3820.51,0,-82.52999999999702,Candidate HF-3,Multi-Strategy Portfolio (Breakout Debit + Trend Credit),1,C4_Credit_Spread
2023-08-25 15:30:00,2023-08-28 09:15:00,2023-08-28 09:15:00,2023-08-25,2023-08-28,2023,2023-08,2023-08-31,2023-08-31,EXPIRY_SETTLEMENT,3,11.7,19265.8,19298.35,BEAR_PUT,19250.0,19100.0,150.0,50.0,80.0,33.0,80.1,32.9,47.2,50,2360.0,19253.8,0.0,-2360.0,51.69,-2411.69,0,-2494.219999999997,Candidate HF-3,Multi-Strategy Portfolio (Breakout Debit + Trend Credit),1,HF1_Debit_Spread
2023-08-30 15:30:00,2023-08-31 09:15:00,2023-08-31 09:15:00,2023-08-30,2023-08-31,2023,2023-08,2023-09-07,2023-09-07,EXPIRY_SETTLEMENT,5,12.23,19347.45,19375.55,BEAR_CALL_CREDIT,19650.0,19550.0,100.0,150.0,19.0,39.7,19.1,39.6,-20.5,50,3975.0,19727.05,100.0,-3975.0,62.53,-4037.53,0,-6531.749999999997,Candidate HF-3,Multi-Strategy Portfolio (Breakout Debit + Trend Credit),1,C4_Credit_Spread
2023-09-04 15:30:00,2023-09-05 09:15:00,2023-09-05 09:15:00,2023-09-04,2023-09-05,2023,2023-09,2023-09-07,2023-09-07,EXPIRY_SETTLEMENT,2,11.37,19528.8,19564.65,BULL_CALL,19600.0,19750.0,150.0,50.0,40.0,5.5,40.1,5.4,34.7,50,1735.0,19727.05,127.05,4617.5,60.47,4557.03,1,-1974.7199999999975,Candidate HF-3,Multi-Strategy Portfolio (Breakout Debit + Trend Credit),1,HF1_Debit_Spread
2023-09-06 15:30:00,2023-09-07 09:15:00,2023-09-07 09:15:00,2023-09-06,2023-09-07,2023,2023-09,2023-09-14,2023-09-14,EXPIRY_SETTLEMENT,5,10.82,19611.05,19598.65,BULL_PUT_CREDIT,19350.0,19450.0,100.0,150.0,22.0,37.4,22.1,37.3,-15.2,50,4240.0,20103.1,0.0,760.0,50.15,709.85,1,-1264.8699999999976,Candidate HF-3,Multi-Strategy Portfolio (Breakout Debit + Trend Credit),1,C4_Credit_Spread
2023-09-13 15:30:00,2023-09-14 09:15:00,2023-09-14 09:15:00,2023-09-13,2023-09-14,2023,2023-09,2023-09-21,2023-09-21,EXPIRY_SETTLEMENT,4,11.69,20070.0,20127.95,BULL_CALL,20200.0,20350.0,150.0,50.0,80.6,38.5,80.7,38.4,42.3,50,2115.0,19742.35,0.0,-2115.0,52.04,-2167.04,0,-3431.9099999999976,Candidate HF-3,Multi-Strategy Portfolio (Breakout Debit + Trend Credit),1,HF1_Debit_Spread
2023-09-13 15:30:00,2023-09-14 09:15:00,2023-09-14 09:15:00,2023-09-13,2023-09-14,2023,2023-09,2023-09-21,2023-09-21,EXPIRY_SETTLEMENT,4,11.69,20070.0,20127.95,BULL_PUT_CREDIT,19900.0,20000.0,100.0,150.0,41.35,61.4,41.45,61.3,-19.85,50,4007.5,19742.35,100.0,-4007.5,74.34,-4081.84,0,-7513.749999999998,Candidate HF-3,Multi-Strategy Portfolio (Breakout Debit + Trend Credit),1,C4_Credit_Spread
2023-09-20 15:30:00,2023-09-21 09:15:00,2023-09-21 09:15:00,2023-09-20,2023-09-21,2023,2023-09,2023-09-28,2023-09-28,EXPIRY_SETTLEMENT,5,10.84,19901.4,19840.55,BULL_PUT_CREDIT,19600.0,19700.0,100.0,150.0,32.0,49.85,32.1,49.75,-17.65,50,4117.5,19523.55,100.0,-4117.5,63.48,-4180.98,0,-11694.729999999998,Candidate HF-3,Multi-Strategy Portfolio (Breakout Debit + Trend Credit),1,C4_Credit_Spread
2023-09-22 15:30:00,2023-09-25 09:15:00,2023-09-25 09:15:00,2023-09-22,2023-09-25,2023,2023-09,2023-09-28,2023-09-28,EXPIRY_SETTLEMENT,3,10.82,19674.25,19678.2,BEAR_PUT,19650.0,19500.0,150.0,50.0,80.0,29.0,80.1,28.9,51.2,50,2560.0,19523.55,126.45,3762.5,63.09,3699.41,1,-7995.319999999998,Candidate HF-3,Multi-Strategy Portfolio (Breakout Debit + Trend Credit),1,HF1_Debit_Spread
2023-09-27 15:30:00,2023-09-28 09:15:00,2023-09-28 09:15:00,2023-09-27,2023-09-28,2023,2023-09,2023-10-05,2023-10-05,EXPIRY_SETTLEMENT,4,11.19,19716.45,19761.8,BULL_PUT_CREDIT,19500.0,19600.0,100.0,150.0,24.55,39.0,24.65,38.9,-14.25,50,4287.5,19545.75,54.25,-2000.0,51.93,-2051.93,0,-10047.249999999998,Candidate HF-3,Multi-Strategy Portfolio (Breakout Debit + Trend Credit),1,C4_Credit_Spread
2023-09-28 15:30:00,2023-09-29 09:15:00,2023-09-29 09:15:00,2023-09-28,2023-09-29,2023,2023-09,2023-10-05,2023-10-05,EXPIRY_SETTLEMENT,3,11.59,19523.55,19581.2,BEAR_PUT,19550.0,19400.0,150.0,50.0,100.5,45.0,100.6,44.9,55.7,50,2785.0,19545.75,4.25,-2572.5,53.45,-2625.95,0,-12673.199999999997,Candidate HF-3,Multi-Strategy Portfolio (Breakout Debit + Trend Credit),1,HF1_Debit_Spread
2023-10-04 15:30:00,2023-10-05 09:15:00,2023-10-05 09:15:00,2023-10-04,2023-10-05,2023,2023-10,2023-10-12,2023-10-12,EXPIRY_SETTLEMENT,5,11.79,19436.1,19521.85,BEAR_PUT,19450.0,19300.0,150.0,50.0,98.0,44.0,98.1,43.9,54.2,50,2710.0,19794.0,0.0,-2710.0,52.92,-2762.92,0,-15436.119999999997,Candidate HF-3,Multi-Strategy Portfolio (Breakout Debit + Trend Credit),1,HF1_Debit_Spread
2023-10-04 15:30:00,2023-10-05 09:15:00,2023-10-05 09:15:00,2023-10-04,2023-10-05,2023,2023-10,2023-10-12,2023-10-12,EXPIRY_SETTLEMENT,5,11.79,19436.1,19521.85,BEAR_CALL_CREDIT,19750.0,19650.0,100.0,150.0,23.65,52.0,23.75,51.9,-28.15,50,3592.5,19794.0,100.0,-3592.5,59.4,-3651.9,0,-19088.019999999997,Candidate HF-3,Multi-Strategy Portfolio (Breakout Debit + Trend Credit),1,C4_Credit_Spread
2023-10-11 15:30:00,2023-10-12 09:15:00,2023-10-12 09:15:00,2023-10-11,2023-10-12,2023,2023-10,2023-10-19,2023-10-19,EXPIRY_SETTLEMENT,5,11.27,19811.35,19822.7,BULL_CALL,19850.0,20000.0,150.0,50.0,113.2,51.0,113.3,50.9,62.4,50,3120.0,19624.7,0.0,-3120.0,53.81,-3173.81,0,-22261.829999999998,Candidate HF-3,Multi-Strategy Portfolio (Breakout Debit + Trend Credit),1,HF1_Debit_Spread
2023-10-11 15:30:00,2023-10-12 09:15:00,2023-10-12 09:15:00,2023-10-11,2023-10-12,2023,2023-10,2023-10-19,2023-10-19,EXPIRY_SETTLEMENT,5,11.27,19811.35,19822.7,BULL_PUT_CREDIT,19550.0,19650.0,100.0,150.0,36.45,56.55,36.55,56.45,-19.9,50,4005.0,19624.7,25.3,-270.0,52.52,-322.52,0,-22584.35,Candidate HF-3,Multi-Strategy Portfolio (Breakout Debit + Trend Credit),1,C4_Credit_Spread
2023-10-18 15:30:00,2023-10-19 09:15:00,2023-10-19 09:15:00,2023-10-18,2023-10-19,2023,2023-10,2023-10-26,2023-10-26,EXPIRY_SETTLEMENT,4,10.7,19671.1,19545.2,BULL_PUT_CREDIT,19300.0,19400.0,100.0,150.0,45.0,48.0,45.1,47.9,-2.8,50,4860.0,18857.25,100.0,-4860.0,108.32,-4968.32,0,-27552.67,Candidate HF-3,Multi-Strategy Portfolio (Breakout Debit + Trend Credit),1,C4_Credit_Spread
2023-10-23 15:30:00,2023-10-25 09:15:00,2023-10-25 09:15:00,2023-10-23,2023-10-25,2023,2023-10,2023-10-26,2023-10-26,EXPIRY_SETTLEMENT,1,10.82,19281.75,19286.45,BEAR_PUT,19250.0,19100.0,150.0,50.0,63.65,25.2,63.75,25.1,38.65,50,1932.5,18857.25,150.0,5567.5,94.04,5473.46,1,-22079.21,Candidate HF-3,Multi-Strategy Portfolio (Breakout Debit + Trend Credit),1,HF1_Debit_Spread
2023-10-25 15:30:00,2023-10-26 09:15:00,2023-10-26 09:15:00,2023-10-25,2023-10-26,2023,2023-10,2023-11-02,2023-11-02,EXPIRY_SETTLEMENT,5,10.91,19122.15,19027.25,BEAR_CALL_CREDIT,19300.0,19200.0,100.0,150.0,50.0,93.0,50.1,92.9,-42.8,50,2860.0,19133.25,0.0,2140.0,54.41,2085.59,1,-19993.62,Candidate HF-3,Multi-Strategy Portfolio (Breakout Debit + Trend Credit),1,C4_Credit_Spread
2023-11-01 15:30:00,2023-11-02 09:15:00,2023-11-02 09:15:00,2023-11-01,2023-11-02,2023,2023-11,2023-11-09,2023-11-09,EXPIRY_SETTLEMENT,5,11.83,18989.15,19120.0,BEAR_CALL_CREDIT,19350.0,19250.0,100.0,150.0,44.45,65.65,44.55,65.55,-21.0,50,3950.0,19395.3,100.0,-3950.0,61.03,-4011.03,0,-24004.649999999998,Candidate HF-3,Multi-Strategy Portfolio (Breakout Debit + Trend Credit),1,C4_Credit_Spread
2023-11-08 15:30:00,2023-11-09 09:15:00,2023-11-09 09:15:00,2023-11-08,2023-11-09,2023,2023-11,2023-11-16,2023-11-16,EXPIRY_SETTLEMENT,4,11.19,19443.5,19457.4,BEAR_CALL_CREDIT,19700.0,19600.0,100.0,150.0,27.0,48.0,27.1,47.9,-20.8,50,3960.0,19765.2,100.0,-3960.0,61.84,-4021.84,0,-28026.489999999998,Candidate HF-3,Multi-Strategy Portfolio (Breakout Debit + Trend Credit),1,C4_Credit_Spread
2023-11-15 15:30:00,2023-11-16 09:15:00,2023-11-16 09:15:00,2023-11-15,2023-11-16,2023,2023-11,2023-11-23,2023-11-23,EXPIRY_SETTLEMENT,5,11.19,19675.45,19674.7,BULL_PUT_CREDIT,19400.0,19500.0,100.0,150.0,18.05,30.95,18.15,30.85,-12.7,50,4365.0,19802.0,0.0,635.0,49.64,585.36,1,-27441.129999999997,Candidate HF-3,Multi-Strategy Portfolio (Breakout Debit + Trend Credit),1,C4_Credit_Spread
2023-11-22 15:30:00,2023-11-23 09:15:00,2023-11-23 09:15:00,2023-11-22,2023-11-23,2023,2023-11,2023-11-30,2023-11-30,EXPIRY_SETTLEMENT,4,12.23,19811.85,19828.45,BULL_PUT_CREDIT,19600.0,19700.0,100.0,150.0,21.45,35.35,21.55,35.25,-13.7,50,4315.0,20133.15,0.0,685.0,50.01,634.99,1,-26806.139999999996,Candidate HF-3,Multi-Strategy Portfolio (Breakout Debit + Trend Credit),1,C4_Credit_Spread
2023-11-28 15:30:00,2023-11-29 09:15:00,2023-11-29 09:15:00,2023-11-28,2023-11-29,2023,2023-11,2023-11-30,2023-11-30,EXPIRY_SETTLEMENT,1,11.33,19889.7,19976.55,BULL_CALL,20050.0,20200.0,150.0,50.0,31.3,3.0,31.4,2.9,28.5,50,1425.0,20133.15,83.15,2732.5,56.01,2676.49,1,-24129.649999999994,Candidate HF-3,Multi-Strategy Portfolio (Breakout Debit + Trend Credit),1,HF1_Debit_Spread
2023-11-29 15:30:00,2023-11-30 09:15:00,2023-11-30 09:15:00,2023-11-29,2023-11-30,2023,2023-11,2023-12-07,2023-12-07,EXPIRY_SETTLEMENT,5,12.18,20096.6,20108.5,BULL_PUT_CREDIT,19850.0,19950.0,100.0,150.0,39.95,55.2,40.05,55.1,-15.05,50,4247.5,20901.15,0.0,752.5,51.79,700.71,1,-23428.939999999995,Candidate HF-3,Multi-Strategy Portfolio (Breakout Debit + Trend Credit),1,C4_Credit_Spread
2023-12-06 15:30:00,2023-12-07 09:15:00,2023-12-07 09:15:00,2023-12-06,2023-12-07,2023,2023-12,2023-12-14,2023-12-14,EXPIRY_SETTLEMENT,5,13.46,20937.7,20932.4,BULL_PUT_CREDIT,20700.0,20800.0,100.0,150.0,45.0,69.05,45.1,68.95,-23.85,50,3807.5,21182.7,0.0,1192.5,52.79,1139.71,1,-22289.229999999996,Candidate HF-3,Multi-Strategy Portfolio (Breakout Debit + Trend Credit),1,C4_Credit_Spread
2023-12-13 15:30:00,2023-12-14 09:15:00,2023-12-14 09:15:00,2023-12-13,2023-12-14,2023,2023-12,2023-12-21,2023-12-21,EXPIRY_SETTLEMENT,5,12.71,20926.35,21110.4,BULL_PUT_CREDIT,20850.0,20950.0,100.0,150.0,27.3,44.8,27.4,44.7,-17.3,50,4135.0,21255.05,0.0,865.0,50.77,814.23,1,-21474.999999999996,Candidate HF-3,Multi-Strategy Portfolio (Breakout Debit + Trend Credit),1,C4_Credit_Spread
2023-12-14 15:30:00,2023-12-15 09:15:00,2023-12-15 09:15:00,2023-12-14,2023-12-15,2023,2023-12,2023-12-21,2023-12-21,EXPIRY_SETTLEMENT,4,12.07,21182.7,21287.45,BULL_CALL,21350.0,21500.0,150.0,50.0,127.0,50.4,127.1,50.3,76.8,50,3840.0,21255.05,0.0,-3840.0,54.21,-3894.21,0,-25369.209999999995,Candidate HF-3,Multi-Strategy Portfolio (Breakout Debit + Trend Credit),1,HF1_Debit_Spread
2023-12-20 15:30:00,2023-12-21 09:15:00,2023-12-21 09:15:00,2023-12-20,2023-12-21,2023,2023-12,2023-12-28,2023-12-28,EXPIRY_SETTLEMENT,4,13.87,21150.15,21033.95,BULL_PUT_CREDIT,20800.0,20900.0,100.0,150.0,56.0,80.0,56.1,79.9,-23.8,50,3810.0,21778.7,0.0,1190.0,53.8,1136.2,1,-24233.009999999995,Candidate HF-3,Multi-Strategy Portfolio (Breakout Debit + Trend Credit),1,C4_Credit_Spread
2023-12-27 15:30:00,2023-12-28 09:15:00,2023-12-28 09:15:00,2023-12-27,2023-12-28,2023,2023-12,2024-01-04,2024-01-04,EXPIRY_SETTLEMENT,5,14.68,21654.75,21715.0,BULL_PUT_CREDIT,21450.0,21550.0,100.0,150.0,50.0,75.0,50.1,74.9,-24.8,50,3760.0,21658.6,0.0,1240.0,53.31,1186.69,1,-23046.319999999996,Candidate HF-3,Multi-Strategy Portfolio (Breakout Debit + Trend Credit),1,C4_Credit_Spread
2023-12-27 15:30:00,2023-12-28 09:15:00,2023-12-28 09:15:00,2023-12-27,2023-12-28,2023,2023-12,2024-01-04,2024-01-04,EXPIRY_SETTLEMENT,5,14.68,21654.75,21715.0,BULL_CALL,21750.0,21900.0,150.0,50.0,195.0,131.85,195.1,131.75,63.35,50,3167.5,21658.6,0.0,-3167.5,61.27,-3228.77,0,-26275.089999999997,Candidate HF-3,Multi-Strategy Portfolio (Breakout Debit + Trend Credit),1,HF1_Debit_Spread
2024-01-03 15:30:00,2024-01-04 09:15:00,2024-01-04 09:15:00,2024-01-03,2024-01-04,2024,2024-01,2024-01-11,2024-01-11,EXPIRY_SETTLEMENT,5,14.58,21517.35,21605.8,BULL_PUT_CREDIT,21350.0,21450.0,100.0,150.0,72.15,121.8,72.25,121.7,-49.45,50,2527.5,21647.2,0.0,2472.5,56.84,2415.66,1,-23859.429999999997,Candidate HF-3,Multi-Strategy Portfolio (Breakout Debit + Trend Credit),1,C4_Credit_Spread
2024-01-10 15:30:00,2024-01-11 09:15:00,2024-01-11 09:15:00,2024-01-10,2024-01-11,2024,2024-01,2024-01-18,2024-01-18,EXPIRY_SETTLEMENT,5,13.26,21618.7,21688.0,BULL_PUT_CREDIT,21450.0,21550.0,100.0,150.0,51.45,66.35,51.55,66.25,-14.7,50,4265.0,21462.25,87.75,-3652.5,55.42,-3707.92,0,-27567.35,Candidate HF-3,Multi-Strategy Portfolio (Breakout Debit + Trend Credit),1,C4_Credit_Spread
2024-01-12 15:30:00,2024-01-15 09:15:00,2024-01-15 09:15:00,2024-01-12,2024-01-15,2024,2024-01,2024-01-18,2024-01-18,EXPIRY_SETTLEMENT,3,12.77,21894.55,22053.15,BULL_CALL,22100.0,22250.0,150.0,50.0,90.0,60.0,90.1,59.9,30.2,50,1510.0,21462.25,0.0,-1510.0,53.64,-1563.64,0,-29130.989999999998,Candidate HF-3,Multi-Strategy Portfolio (Breakout Debit + Trend Credit),1,HF1_Debit_Spread
2024-01-17 15:30:00,2024-01-18 09:15:00,2024-01-18 09:15:00,2024-01-17,2024-01-18,2024,2024-01,2024-01-25,2024-01-25,EXPIRY_SETTLEMENT,4,13.57,21571.95,21414.2,BULL_PUT_CREDIT,21150.0,21250.0,100.0,150.0,90.05,134.8,90.15,134.7,-44.55,50,2772.5,21352.6,0.0,2227.5,58.19,2169.31,1,-26961.679999999997,Candidate HF-3,Multi-Strategy Portfolio (Breakout Debit + Trend Credit),1,C4_Credit_Spread
2024-01-23 15:30:00,2024-01-24 09:15:00,2024-01-24 09:15:00,2024-01-23,2024-01-24,2024,2024-01,2024-01-25,2024-01-25,EXPIRY_SETTLEMENT,1,13.88,21238.8,21185.25,BEAR_PUT,21150.0,21000.0,150.0,50.0,100.0,47.3,100.1,47.2,52.9,50,2645.0,21352.6,0.0,-2645.0,53.18,-2698.18,0,-29659.859999999997,Candidate HF-3,Multi-Strategy Portfolio (Breakout Debit + Trend Credit),1,HF1_Debit_Spread
2024-01-24 15:30:00,2024-01-25 09:15:00,2024-01-25 09:15:00,2024-01-24,2024-01-25,2024,2024-01,2024-02-01,2024-02-01,EXPIRY_SETTLEMENT,4,14.85,21453.95,21454.6,BULL_PUT_CREDIT,21200.0,21300.0,100.0,150.0,100.0,103.0,100.1,102.9,-2.8,50,4860.0,21697.45,0.0,140.0,56.57,83.43,1,-29576.429999999997,Candidate HF-3,Multi-Strategy Portfolio (Breakout Debit + Trend Credit),1,C4_Credit_Spread
2024-01-31 15:30:00,2024-02-01 09:15:00,2024-02-01 09:15:00,2024-01-31,2024-02-01,2024,2024-02,2024-02-08,2024-02-08,EXPIRY_SETTLEMENT,5,16.1,21725.7,21780.65,BULL_PUT_CREDIT,21550.0,21650.0,100.0,150.0,136.25,186.0,136.35,185.9,-49.55,50,2522.5,21717.95,0.0,2477.5,62.74,2414.76,1,-27161.67,Candidate HF-3,Multi-Strategy Portfolio (Breakout Debit + Trend Credit),1,C4_Credit_Spread
2024-02-02 15:30:00,2024-02-05 09:15:00,2024-02-05 09:15:00,2024-02-02,2024-02-05,2024,2024-02,2024-02-08,2024-02-08,EXPIRY_SETTLEMENT,3,14.46,21853.8,21921.05,BULL_CALL,21950.0,22100.0,150.0,50.0,130.0,67.25,130.1,67.15,62.95,50,3147.5,21717.95,0.0,-3147.5,55.32,-3202.82,0,-30364.489999999998,Candidate HF-3,Multi-Strategy Portfolio (Breakout Debit + Trend Credit),1,HF1_Debit_Spread
2024-02-07 15:30:00,2024-02-08 09:15:00,2024-02-08 09:15:00,2024-02-07,2024-02-08,2024,2024-02,2024-02-15,2024-02-15,EXPIRY_SETTLEMENT,5,15.79,21930.5,22009.65,BULL_PUT_CREDIT,21750.0,21850.0,100.0,150.0,85.0,125.0,85.1,124.9,-39.8,50,3010.0,21910.75,0.0,1990.0,57.44,1932.56,1,-28431.929999999997,Candidate HF-3,Multi-Strategy Portfolio (Breakout Debit + Trend Credit),1,C4_Credit_Spread
2024-02-14 15:30:00,2024-02-15 09:15:00,2024-02-15 09:15:00,2024-02-14,2024-02-15,2024,2024-02,2024-02-22,2024-02-22,EXPIRY_SETTLEMENT,5,15.81,21840.05,21906.55,BULL_PUT_CREDIT,21650.0,21750.0,100.0,150.0,73.9,108.05,74.0,107.95,-33.95,50,3302.5,22217.45,0.0,1697.5,56.06,1641.44,1,-26790.489999999998,Candidate HF-3,Multi-Strategy Portfolio (Breakout Debit + Trend Credit),1,C4_Credit_Spread
2024-02-16 15:30:00,2024-02-19 09:15:00,2024-02-19 09:15:00,2024-02-16,2024-02-19,2024,2024-02,2024-02-22,2024-02-22,EXPIRY_SETTLEMENT,3,15.23,22040.7,22103.45,BULL_CALL,22150.0,22300.0,150.0,50.0,118.0,55.5,118.1,55.4,62.7,50,3135.0,22217.45,67.45,237.5,60.45,177.05,1,-26613.44,Candidate HF-3,Multi-Strategy Portfolio (Breakout Debit + Trend Credit),1,HF1_Debit_Spread
2024-02-21 15:30:00,2024-02-22 09:15:00,2024-02-22 09:15:00,2024-02-21,2024-02-22,2024,2024-02,2024-02-29,2024-02-29,EXPIRY_SETTLEMENT,5,16.07,22055.05,22081.55,BULL_PUT_CREDIT,21850.0,21950.0,100.0,150.0,95.05,119.95,95.15,119.85,-24.7,50,3765.0,21982.8,0.0,1235.0,57.44,1177.56,1,-25435.879999999997,Candidate HF-3,Multi-Strategy Portfolio (Breakout Debit + Trend Credit),1,C4_Credit_Spread
2024-02-28 15:30:00,2024-02-29 09:15:00,2024-02-29 09:15:00,2024-02-28,2024-02-29,2024,2024-02,2024-03-07,2024-03-07,EXPIRY_SETTLEMENT,5,15.73,21951.15,21935.2,BULL_PUT_CREDIT,21700.0,21800.0,100.0,150.0,85.1,120.65,85.2,120.55,-35.35,50,3232.5,22493.55,0.0,1767.5,57.18,1710.32,1,-23725.559999999998,Candidate HF-3,Multi-Strategy Portfolio (Breakout Debit + Trend Credit),1,C4_Credit_Spread
2024-03-01 15:30:00,2024-03-04 09:15:00,2024-03-04 09:15:00,2024-03-01,2024-03-04,2024,2024-03,2024-03-07,2024-03-07,EXPIRY_SETTLEMENT,3,15.57,22338.75,22403.5,BULL_CALL,22450.0,22600.0,150.0,50.0,128.0,58.85,128.1,58.75,69.35,50,3467.5,22493.55,43.55,-1290.0,58.76,-1348.76,0,-25074.319999999996,Candidate HF-3,Multi-Strategy Portfolio (Breakout Debit + Trend Credit),1,HF1_Debit_Spread
2024-03-06 15:30:00,2024-03-07 09:15:00,2024-03-07 09:15:00,2024-03-06,2024-03-07,2024,2024-03,2024-03-14,2024-03-14,EXPIRY_SETTLEMENT,4,14.38,22474.05,22505.3,BULL_PUT_CREDIT,22250.0,22350.0,100.0,150.0,60.0,90.0,60.1,89.9,-29.8,50,3510.0,22146.65,100.0,-3510.0,70.06,-3580.06,0,-28654.379999999997,Candidate HF-3,Multi-Strategy Portfolio (Breakout Debit + Trend Credit),1,C4_Credit_Spread
2024-03-06 15:30:00,2024-03-07 09:15:00,2024-03-07 09:15:00,2024-03-06,2024-03-07,2024,2024-03,2024-03-14,2024-03-14,EXPIRY_SETTLEMENT,4,14.38,22474.05,22505.3,BULL_CALL,22550.0,22700.0,150.0,50.0,154.0,85.95,154.1,85.85,68.25,50,3412.5,22146.65,0.0,-3412.5,57.21,-3469.71,0,-32124.089999999997,Candidate HF-3,Multi-Strategy Portfolio (Breakout Debit + Trend Credit),1,HF1_Debit_Spread
2024-03-13 15:30:00,2024-03-14 09:15:00,2024-03-14 09:15:00,2024-03-13,2024-03-14,2024,2024-03,2024-03-21,2024-03-21,EXPIRY_SETTLEMENT,5,13.64,21997.7,21982.55,BULL_PUT_CREDIT,21750.0,21850.0,100.0,150.0,96.3,115.0,96.4,114.9,-18.5,50,4075.0,22011.95,0.0,925.0,57.18,867.82,1,-31256.269999999997,Candidate HF-3,Multi-Strategy Portfolio (Breakout Debit + Trend Credit),1,C4_Credit_Spread
2024-03-19 15:30:00,2024-03-20 09:15:00,2024-03-20 09:15:00,2024-03-19,2024-03-20,2024,2024-03,2024-03-21,2024-03-21,EXPIRY_SETTLEMENT,1,13.9,21817.45,21843.9,BEAR_PUT,21800.0,21650.0,150.0,50.0,80.0,40.0,80.1,39.9,40.2,50,2010.0,22011.95,0.0,-2010.0,52.11,-2062.11,0,-33318.38,Candidate HF-3,Multi-Strategy Portfolio (Breakout Debit + Trend Credit),1,HF1_Debit_Spread
2024-03-20 15:30:00,2024-03-21 09:15:00,2024-03-21 09:15:00,2024-03-20,2024-03-21,2024,2024-03,2024-03-28,2024-03-28,EXPIRY_SETTLEMENT,4,14.11,21839.1,21989.9,BEAR_CALL_CREDIT,22250.0,22150.0,100.0,150.0,65.0,100.0,65.1,99.9,-34.8,50,3260.0,22326.9,100.0,-3260.0,67.61,-3327.61,0,-36645.99,Candidate HF-3,Multi-Strategy Portfolio (Breakout Debit + Trend Credit),1,C4_Credit_Spread
2024-03-27 15:30:00,2024-03-28 09:15:00,2024-03-28 09:15:00,2024-03-27,2024-03-28,2024,2024-03,2024-04-04,2024-04-04,EXPIRY_SETTLEMENT,4,12.82,22123.65,22163.6,BULL_PUT_CREDIT,21900.0,22000.0,100.0,150.0,40.0,58.0,40.1,57.9,-17.8,50,4110.0,22514.65,0.0,890.0,51.97,838.03,1,-35807.96,Candidate HF-3,Multi-Strategy Portfolio (Breakout Debit + Trend Credit),1,C4_Credit_Spread
2024-03-28 15:30:00,2024-04-01 09:15:00,2024-04-01 09:15:00,2024-03-28,2024-04-01,2024,2024-04,2024-04-04,2024-04-04,EXPIRY_SETTLEMENT,3,12.7,22326.9,22455.0,BULL_CALL,22500.0,22650.0,150.0,50.0,100.0,42.85,100.1,42.75,57.35,50,2867.5,22514.65,14.65,-2135.0,54.26,-2189.26,0,-37997.22,Candidate HF-3,Multi-Strategy Portfolio (Breakout Debit + Trend Credit),1,HF1_Debit_Spread
2024-04-03 15:30:00,2024-04-04 09:15:00,2024-04-04 09:15:00,2024-04-03,2024-04-04,2024,2024-04,2024-04-10,2024-04-10,EXPIRY_SETTLEMENT,4,11.65,22434.65,22592.1,BULL_PUT_CREDIT,22350.0,22450.0,100.0,150.0,60.0,82.0,60.1,81.9,-21.8,50,3910.0,22753.8,0.0,1090.0,54.05,1035.95,1,-36961.270000000004,Candidate HF-3,Multi-Strategy Portfolio (Breakout Debit + Trend Credit),1,C4_Credit_Spread
2024-04-08 15:30:00,2024-04-09 09:15:00,2024-04-09 09:15:00,2024-04-08,2024-04-09,2024,2024-04,2024-04-10,2024-04-10,EXPIRY_SETTLEMENT,1,11.34,22666.3,22765.1,BULL_CALL,22800.0,22950.0,150.0,50.0,49.1,9.45,49.2,9.35,39.85,50,1992.5,22753.8,0.0,-1992.5,49.3,-2041.8,0,-39003.07000000001,Candidate HF-3,Multi-Strategy Portfolio (Breakout Debit + Trend Credit),1,HF1_Debit_Spread
2024-04-09 15:30:00,2024-04-10 09:15:00,2024-04-10 09:15:00,2024-04-09,2024-04-10,2024,2024-04,2024-04-18,2024-04-18,EXPIRY_SETTLEMENT,4,11.61,22642.75,22720.25,BULL_PUT_CREDIT,22450.0,22550.0,100.0,150.0,59.7,86.0,59.8,85.9,-26.1,50,3695.0,21995.85,100.0,-3695.0,112.47,-3807.47,0,-42810.54000000001,Candidate HF-3,Multi-Strategy Portfolio (Breakout Debit + Trend Credit),1,C4_Credit_Spread
2024-04-10 15:30:00,2024-04-12 09:15:00,2024-04-12 09:15:00,2024-04-10,2024-04-12,2024,2024-04,2024-04-18,2024-04-18,EXPIRY_SETTLEMENT,3,11.36,22753.8,22677.4,BULL_CALL,22750.0,22900.0,150.0,50.0,109.2,53.95,109.3,53.85,55.45,50,2772.5,21995.85,0.0,-2772.5,53.87,-2826.37,0,-45636.91000000001,Candidate HF-3,Multi-Strategy Portfolio (Breakout Debit + Trend Credit),1,HF1_Debit_Spread
2024-04-15 15:30:00,2024-04-16 09:15:00,2024-04-16 09:15:00,2024-04-15,2024-04-16,2024,2024-04,2024-04-18,2024-04-18,EXPIRY_SETTLEMENT,1,11.53,22272.5,22125.3,BEAR_PUT,22100.0,21950.0,150.0,50.0,65.0,30.0,65.1,29.9,35.2,50,1760.0,21995.85,104.15,3447.5,60.63,3386.87,1,-42250.04000000001,Candidate HF-3,Multi-Strategy Portfolio (Breakout Debit + Trend Credit),1,HF1_Debit_Spread
2024-04-16 15:30:00,2024-04-18 09:15:00,2024-04-18 09:15:00,2024-04-16,2024-04-18,2024,2024-04,2024-04-25,2024-04-25,EXPIRY_SETTLEMENT,5,12.47,22147.9,22212.35,BEAR_CALL_CREDIT,22450.0,22350.0,100.0,150.0,70.0,112.25,70.1,112.15,-42.05,50,2897.5,22570.35,100.0,-2897.5,73.79,-2971.29,0,-45221.33000000001,Candidate HF-3,Multi-Strategy Portfolio (Breakout Debit + Trend Credit),1,C4_Credit_Spread
2024-04-24 15:30:00,2024-04-25 09:15:00,2024-04-25 09:15:00,2024-04-24,2024-04-25,2024,2024-04,2024-05-02,2024-05-02,EXPIRY_SETTLEMENT,4,10.2,22402.4,22316.9,BULL_PUT_CREDIT,22050.0,22150.0,100.0,150.0,51.0,60.0,51.1,59.9,-8.8,50,4560.0,22648.2,0.0,440.0,52.43,387.57,1,-44833.76000000001,Candidate HF-3,Multi-Strategy Portfolio (Breakout Debit + Trend Credit),1,C4_Credit_Spread
2024-04-29 15:30:00,2024-04-30 09:15:00,2024-04-30 09:15:00,2024-04-29,2024-04-30,2024,2024-04,2024-05-02,2024-05-02,EXPIRY_SETTLEMENT,1,10.93,22643.4,22679.65,BULL_CALL,22750.0,22900.0,150.0,50.0,63.8,15.1,63.9,15.0,48.9,25,1222.5,22648.2,0.0,-1222.5,48.65,-1271.15,0,-46104.91000000001,Candidate HF-3,Multi-Strategy Portfolio (Breakout Debit + Trend Credit),1,HF1_Debit_Spread
2024-04-30 15:30:00,2024-05-02 09:15:00,2024-05-02 09:15:00,2024-04-30,2024-05-02,2024,2024-05,2024-05-09,2024-05-09,EXPIRY_SETTLEMENT,5,12.24,22604.85,22567.85,BULL_PUT_CREDIT,22300.0,22400.0,100.0,150.0,55.1,75.0,55.2,74.9,-19.7,25,2007.5,21957.5,100.0,-2007.5,72.64,-2080.14,0,-48185.05000000001,Candidate HF-3,Multi-Strategy Portfolio (Breakout Debit + Trend Credit),1,C4_Credit_Spread
2024-05-08 15:30:00,2024-05-09 09:15:00,2024-05-09 09:15:00,2024-05-08,2024-05-09,2024,2024-05,2024-05-16,2024-05-16,EXPIRY_SETTLEMENT,5,17.01,22302.5,22224.8,BULL_PUT_CREDIT,21950.0,22050.0,100.0,150.0,53.0,71.5,53.1,71.4,-18.3,25,2042.5,22403.85,0.0,457.5,50.2,407.3,1,-47777.75000000001,Candidate HF-3,Multi-Strategy Portfolio (Breakout Debit + Trend Credit),1,C4_Credit_Spread
2024-05-09 15:30:00,2024-05-10 09:15:00,2024-05-10 09:15:00,2024-05-09,2024-05-10,2024,2024-05,2024-05-16,2024-05-16,EXPIRY_SETTLEMENT,4,17.08,21957.5,21990.95,BEAR_PUT,21950.0,21800.0,150.0,50.0,150.05,90.05,150.15,89.95,60.2,25,1505.0,22403.85,0.0,-1505.0,52.27,-1557.27,0,-49335.020000000004,Candidate HF-3,Multi-Strategy Portfolio (Breakout Debit + Trend Credit),1,HF1_Debit_Spread
2024-05-15 15:30:00,2024-05-16 09:15:00,2024-05-16 09:15:00,2024-05-15,2024-05-16,2024,2024-05,2024-05-23,2024-05-23,EXPIRY_SETTLEMENT,4,20.2,22200.55,22319.2,BEAR_CALL_CREDIT,22550.0,22450.0,100.0,150.0,71.25,100.0,71.35,99.9,-28.55,25,1786.25,22967.65,100.0,-1786.25,78.22,-1864.47,0,-51199.490000000005,Candidate HF-3,Multi-Strategy Portfolio (Breakout Debit + Trend Credit),1,C4_Credit_Spread
2024-05-21 15:30:00,2024-05-22 09:15:00,2024-05-22 09:15:00,2024-05-21,2024-05-22,2024,2024-05,2024-05-23,2024-05-23,EXPIRY_SETTLEMENT,1,19.8,22529.05,22576.6,BULL_CALL,22650.0,22800.0,150.0,50.0,61.7,17.95,61.8,17.85,43.95,25,1098.75,22967.65,150.0,2651.25,65.8,2585.45,1,-48614.04000000001,Candidate HF-3,Multi-Strategy Portfolio (Breakout Debit + Trend Credit),1,HF1_Debit_Spread
2024-05-22 15:30:00,2024-05-23 09:15:00,2024-05-23 09:15:00,2024-05-22,2024-05-23,2024,2024-05,2024-05-30,2024-05-30,EXPIRY_SETTLEMENT,5,21.81,22597.8,22614.1,BULL_PUT_CREDIT,22350.0,22450.0,100.0,150.0,60.05,80.1,60.15,80.0,-19.85,25,2003.75,22488.65,0.0,496.25,50.57,445.68,1,-48168.36000000001,Candidate HF-3,Multi-Strategy Portfolio (Breakout Debit + Trend Credit),1,C4_Credit_Spread
2024-06-06 15:30:00,2024-06-07 09:15:00,2024-06-07 09:15:00,2024-06-06,2024-06-07,2024,2024-06,2024-06-13,2024-06-13,EXPIRY_SETTLEMENT,4,18.89,22821.4,22821.85,BULL_PUT_CREDIT,22550.0,22650.0,100.0,150.0,99.8,139.5,99.9,139.4,-39.5,25,1512.5,23398.9,0.0,987.5,52.99,934.51,1,-47233.850000000006,Candidate HF-3,Multi-Strategy Portfolio (Breakout Debit + Trend Credit),1,C4_Credit_Spread
2024-06-12 15:30:00,2024-06-13 09:15:00,2024-06-13 09:15:00,2024-06-12,2024-06-13,2024,2024-06,2024-06-20,2024-06-20,EXPIRY_SETTLEMENT,4,14.77,23322.95,23480.95,BULL_PUT_CREDIT,23250.0,23350.0,100.0,150.0,100.05,140.15,100.15,140.05,-39.9,25,1502.5,23567.0,0.0,997.5,53.01,944.49,1,-46289.36000000001,Candidate HF-3,Multi-Strategy Portfolio (Breakout Debit + Trend Credit),1,C4_Credit_Spread
2024-06-19 15:30:00,2024-06-20 09:15:00,2024-06-20 09:15:00,2024-06-19,2024-06-20,2024,2024-06,2024-06-27,2024-06-27,EXPIRY_SETTLEMENT,5,12.97,23516.0,23586.15,BULL_PUT_CREDIT,23350.0,23450.0,100.0,150.0,106.65,145.6,106.75,145.5,-38.75,25,1531.25,24044.5,0.0,968.75,53.28,915.47,1,-45373.89000000001,Candidate HF-3,Multi-Strategy Portfolio (Breakout Debit + Trend Credit),1,C4_Credit_Spread
2024-06-25 15:30:00,2024-06-26 09:15:00,2024-06-26 09:15:00,2024-06-25,2024-06-26,2024,2024-06,2024-06-27,2024-06-27,EXPIRY_SETTLEMENT,1,14.06,23721.3,23723.1,BULL_CALL,23750.0,23900.0,150.0,50.0,91.0,31.15,91.1,31.05,60.05,25,1501.25,24044.5,150.0,2248.75,65.25,2183.5,1,-43190.39000000001,Candidate HF-3,Multi-Strategy Portfolio (Breakout Debit + Trend Credit),1,HF1_Debit_Spread
2024-06-26 15:30:00,2024-06-27 09:15:00,2024-06-27 09:15:00,2024-06-26,2024-06-27,2024,2024-06,2024-07-04,2024-07-04,EXPIRY_SETTLEMENT,5,14.31,23868.8,23881.55,BULL_PUT_CREDIT,23650.0,23750.0,100.0,150.0,92.0,127.5,92.1,127.4,-35.3,25,1617.5,24302.15,0.0,882.5,52.5,830.0,1,-42360.39000000001,Candidate HF-3,Multi-Strategy Portfolio (Breakout Debit + Trend Credit),1,C4_Credit_Spread
2024-07-01 15:30:00,2024-07-02 09:15:00,2024-07-02 09:15:00,2024-07-01,2024-07-02,2024,2024-07,2024-07-04,2024-07-04,EXPIRY_SETTLEMENT,2,13.8,24141.95,24228.75,BULL_CALL,24300.0,24450.0,150.0,50.0,70.15,22.55,70.25,22.45,47.8,25,1195.0,24302.15,2.15,-1141.25,49.07,-1190.32,0,-43550.71000000001,Candidate HF-3,Multi-Strategy Portfolio (Breakout Debit + Trend Credit),1,HF1_Debit_Spread
2024-07-03 15:30:00,2024-07-04 09:15:00,2024-07-04 09:15:00,2024-07-03,2024-07-04,2024,2024-07,2024-07-11,2024-07-11,EXPIRY_SETTLEMENT,5,13.64,24286.5,24369.95,BULL_CALL,24400.0,24550.0,150.0,50.0,149.7,73.1,149.8,73.0,76.8,25,1920.0,24315.95,0.0,-1920.0,51.75,-1971.75,0,-45522.46000000001,Candidate HF-3,Multi-Strategy Portfolio (Breakout Debit + Trend Credit),1,HF1_Debit_Spread
2024-07-03 15:30:00,2024-07-04 09:15:00,2024-07-04 09:15:00,2024-07-03,2024-07-04,2024,2024-07,2024-07-11,2024-07-11,EXPIRY_SETTLEMENT,5,13.64,24286.5,24369.95,BULL_PUT_CREDIT,24100.0,24200.0,100.0,150.0,80.0,90.0,80.1,89.9,-9.8,25,2255.0,24315.95,0.0,245.0,51.18,193.82,1,-45328.64000000001,Candidate HF-3,Multi-Strategy Portfolio (Breakout Debit + Trend Credit),1,C4_Credit_Spread
2024-07-09 15:30:00,2024-07-10 09:15:00,2024-07-10 09:15:00,2024-07-09,2024-07-10,2024,2024-07,2024-07-11,2024-07-11,EXPIRY_SETTLEMENT,1,13.6,24433.2,24459.85,BULL_CALL,24500.0,24650.0,150.0,50.0,58.0,9.95,58.1,9.85,48.25,25,1206.25,24315.95,0.0,-1206.25,48.4,-1254.65,0,-46583.29000000001,Candidate HF-3,Multi-Strategy Portfolio (Breakout Debit + Trend Credit),1,HF1_Debit_Spread
2024-07-10 15:30:00,2024-07-11 09:15:00,2024-07-11 09:15:00,2024-07-10,2024-07-11,2024,2024-07,2024-07-18,2024-07-18,EXPIRY_SETTLEMENT,4,14.28,24324.45,24396.55,BULL_PUT_CREDIT,24150.0,24250.0,100.0,150.0,56.15,98.0,56.25,97.9,-41.65,25,1458.75,24800.85,0.0,1041.25,51.05,990.2,1,-45593.09000000001,Candidate HF-3,Multi-Strategy Portfolio (Breakout Debit + Trend Credit),1,C4_Credit_Spread
2024-07-12 15:30:00,2024-07-15 09:15:00,2024-07-15 09:15:00,2024-07-12,2024-07-15,2024,2024-07,2024-07-18,2024-07-18,EXPIRY_SETTLEMENT,2,14.0,24502.15,24587.6,BULL_CALL,24650.0,24800.0,150.0,50.0,85.1,30.0,85.2,29.9,55.3,25,1382.5,24800.85,150.0,2367.5,56.39,2311.11,1,-43281.98000000001,Candidate HF-3,Multi-Strategy Portfolio (Breakout Debit + Trend Credit),1,HF1_Debit_Spread
2024-07-16 15:30:00,2024-07-18 09:15:00,2024-07-18 09:15:00,2024-07-16,2024-07-18,2024,2024-07,2024-07-25,2024-07-25,EXPIRY_SETTLEMENT,5,14.19,24613.0,24543.8,BULL_PUT_CREDIT,24300.0,24400.0,100.0,150.0,124.35,149.0,124.45,148.9,-24.45,25,1888.75,24406.1,0.0,611.25,53.66,557.59,1,-42724.390000000014,Candidate HF-3,Multi-Strategy Portfolio (Breakout Debit + Trend Credit),1,C4_Credit_Spread
2024-07-24 15:30:00,2024-07-25 09:15:00,2024-07-25 09:15:00,2024-07-24,2024-07-25,2024,2024-07,2024-08-01,2024-08-01,EXPIRY_SETTLEMENT,5,12.75,24413.5,24230.95,BULL_PUT_CREDIT,24000.0,24100.0,100.0,150.0,70.0,101.0,70.1,100.9,-30.8,25,1730.0,25010.9,0.0,770.0,51.36,718.64,1,-42005.750000000015,Candidate HF-3,Multi-Strategy Portfolio (Breakout Debit + Trend Credit),1,C4_Credit_Spread
2024-08-01 15:30:00,2024-08-02 09:15:00,2024-08-02 09:15:00,2024-08-01,2024-08-02,2024,2024-08,2024-08-08,2024-08-08,EXPIRY_SETTLEMENT,4,13.25,25010.9,24789.0,BULL_PUT_CREDIT,24550.0,24650.0,100.0,150.0,58.85,97.2,58.95,97.1,-38.15,25,1546.25,24117.0,100.0,-1546.25,78.88,-1625.13,0,-43630.88000000001,Candidate HF-3,Multi-Strategy Portfolio (Breakout Debit + Trend Credit),1,C4_Credit_Spread
2024-08-05 15:30:00,2024-08-06 09:15:00,2024-08-06 09:15:00,2024-08-05,2024-08-06,2024,2024-08,2024-08-08,2024-08-08,EXPIRY_SETTLEMENT,2,14.32,24055.6,24189.85,BEAR_PUT,24150.0,24000.0,150.0,50.0,190.0,135.0,190.1,134.9,55.2,25,1380.0,24117.0,33.0,-555.0,55.77,-610.77,0,-44241.65000000001,Candidate HF-3,Multi-Strategy Portfolio (Breakout Debit + Trend Credit),1,HF1_Debit_Spread
2024-08-07 15:30:00,2024-08-08 09:15:00,2024-08-08 09:15:00,2024-08-07,2024-08-08,2024,2024-08,2024-08-14,2024-08-14,EXPIRY_SETTLEMENT,4,18.74,24297.5,24248.55,BULL_PUT_CREDIT,24000.0,24100.0,100.0,150.0,109.0,134.0,109.1,133.9,-24.8,25,1880.0,24143.75,0.0,620.0,52.97,567.03,1,-43674.62000000001,Candidate HF-3,Multi-Strategy Portfolio (Breakout Debit + Trend Credit),1,C4_Credit_Spread
2024-08-13 15:30:00,2024-08-14 09:15:00,2024-08-14 09:15:00,2024-08-13,2024-08-14,2024,2024-08,2024-08-22,2024-08-22,EXPIRY_SETTLEMENT,5,15.87,24139.0,24184.4,BULL_PUT_CREDIT,23950.0,24050.0,100.0,150.0,140.45,153.3,140.55,153.2,-12.65,25,2183.75,24811.5,0.0,316.25,54.04,262.21,1,-43412.41000000001,Candidate HF-3,Multi-Strategy Portfolio (Breakout Debit + Trend Credit),1,C4_Credit_Spread
2024-08-20 15:30:00,2024-08-21 09:15:00,2024-08-21 09:15:00,2024-08-20,2024-08-21,2024,2024-08,2024-08-22,2024-08-22,EXPIRY_SETTLEMENT,1,14.32,24698.85,24680.55,BULL_CALL,24750.0,24900.0,150.0,50.0,52.7,13.9,52.8,13.8,39.0,25,975.0,24811.5,61.5,562.5,51.27,511.23,1,-42901.18000000001,Candidate HF-3,Multi-Strategy Portfolio (Breakout Debit + Trend Credit),1,HF1_Debit_Spread
2024-08-21 15:30:00,2024-08-22 09:15:00,2024-08-22 09:15:00,2024-08-21,2024-08-22,2024,2024-08,2024-08-29,2024-08-29,EXPIRY_SETTLEMENT,5,13.82,24770.2,24863.4,BULL_PUT_CREDIT,24600.0,24700.0,100.0,150.0,65.0,80.5,65.1,80.4,-15.3,25,2117.5,25151.95,0.0,382.5,50.66,331.84,1,-42569.34000000001,Candidate HF-3,Multi-Strategy Portfolio (Breakout Debit + Trend Credit),1,C4_Credit_Spread
2024-08-28 15:30:00,2024-08-29 09:15:00,2024-08-29 09:15:00,2024-08-28,2024-08-29,2024,2024-08,2024-09-05,2024-09-05,EXPIRY_SETTLEMENT,5,13.63,25052.35,25035.3,BULL_PUT_CREDIT,24800.0,24900.0,100.0,150.0,67.25,97.05,67.35,96.95,-29.6,25,1760.0,25145.1,0.0,740.0,51.19,688.81,1,-41880.53000000001,Candidate HF-3,Multi-Strategy Portfolio (Breakout Debit + Trend Credit),1,C4_Credit_Spread
2024-09-04 15:30:00,2024-09-05 09:15:00,2024-09-05 09:15:00,2024-09-04,2024-09-05,2024,2024-09,2024-09-12,2024-09-12,EXPIRY_SETTLEMENT,5,13.84,25198.7,25250.5,BULL_PUT_CREDIT,25000.0,25100.0,100.0,150.0,62.95,110.0,63.05,109.9,-46.85,25,1328.75,25388.9,0.0,1171.25,51.52,1119.73,1,-40760.80000000001,Candidate HF-3,Multi-Strategy Portfolio (Breakout Debit + Trend Credit),1,C4_Credit_Spread
2024-09-11 15:30:00,2024-09-12 09:15:00,2024-09-12 09:15:00,2024-09-11,2024-09-12,2024,2024-09,2024-09-19,2024-09-19,EXPIRY_SETTLEMENT,5,13.36,24918.45,25059.65,BULL_PUT_CREDIT,24800.0,24900.0,100.0,150.0,79.85,101.0,79.95,100.9,-20.95,25,1976.25,25415.8,0.0,523.75,51.51,472.24,1,-40288.56000000001,Candidate HF-3,Multi-Strategy Portfolio (Breakout Debit + Trend Credit),1,C4_Credit_Spread
2024-09-12 15:30:00,2024-09-13 09:15:00,2024-09-13 09:15:00,2024-09-12,2024-09-13,2024,2024-09,2024-09-19,2024-09-19,EXPIRY_SETTLEMENT,4,13.63,25388.9,25430.45,BULL_CALL,25500.0,25650.0,150.0,50.0,81.1,41.0,81.2,40.9,40.3,25,1007.5,25415.8,0.0,-1007.5,49.7,-1057.2,0,-41345.76000000001,Candidate HF-3,Multi-Strategy Portfolio (Breakout Debit + Trend Credit),1,HF1_Debit_Spread
2024-09-18 15:30:00,2024-09-19 09:15:00,2024-09-19 09:15:00,2024-09-18,2024-09-19,2024,2024-09,2024-09-26,2024-09-26,EXPIRY_SETTLEMENT,5,12.59,25377.55,25487.05,BULL_PUT_CREDIT,25250.0,25350.0,100.0,150.0,108.0,135.0,108.1,134.9,-26.8,25,1830.0,26216.05,0.0,670.0,52.98,617.02,1,-40728.74000000001,Candidate HF-3,Multi-Strategy Portfolio (Breakout Debit + Trend Credit),1,C4_Credit_Spread
2024-09-20 15:30:00,2024-09-23 09:15:00,2024-09-23 09:15:00,2024-09-20,2024-09-23,2024,2024-09,2024-09-26,2024-09-26,EXPIRY_SETTLEMENT,3,12.47,25790.95,25872.55,BULL_CALL,25900.0,26050.0,150.0,50.0,103.05,60.0,103.15,59.9,43.25,25,1081.25,26216.05,150.0,2668.75,67.62,2601.13,1,-38127.610000000015,Candidate HF-3,Multi-Strategy Portfolio (Breakout Debit + Trend Credit),1,HF1_Debit_Spread
2024-09-25 15:30:00,2024-09-26 09:15:00,2024-09-26 09:15:00,2024-09-25,2024-09-26,2024,2024-09,2024-10-03,2024-10-03,EXPIRY_SETTLEMENT,4,13.39,26004.15,26005.4,BULL_PUT_CREDIT,25750.0,25850.0,100.0,150.0,70.95,94.45,71.05,94.35,-23.3,25,1917.5,25250.1,100.0,-1917.5,83.05,-2000.55,0,-40128.16000000002,Candidate HF-3,Multi-Strategy Portfolio (Breakout Debit + Trend Credit),1,C4_Credit_Spread
2024-10-01 15:30:00,2024-10-03 09:15:00,2024-10-03 09:15:00,2024-10-01,2024-10-03,2024,2024-10,2024-10-10,2024-10-10,EXPIRY_SETTLEMENT,5,12.79,25796.9,25452.85,BULL_PUT_CREDIT,25200.0,25300.0,100.0,150.0,48.9,69.9,49.0,69.8,-20.8,25,1980.0,24998.45,100.0,-1980.0,64.47,-2044.47,0,-42172.63000000002,Candidate HF-3,Multi-Strategy Portfolio (Breakout Debit + Trend Credit),1,C4_Credit_Spread
2024-10-03 15:30:00,2024-10-04 09:15:00,2024-10-04 09:15:00,2024-10-03,2024-10-04,2024,2024-10,2024-10-10,2024-10-10,EXPIRY_SETTLEMENT,4,11.99,25250.1,25181.9,BEAR_PUT,25150.0,25000.0,150.0,50.0,129.0,82.15,129.1,82.05,47.05,25,1176.25,24998.45,150.0,2573.75,59.47,2514.28,1,-39658.35000000002,Candidate HF-3,Multi-Strategy Portfolio (Breakout Debit + Trend Credit),1,HF1_Debit_Spread
2024-10-09 15:30:00,2024-10-10 09:15:00,2024-10-10 09:15:00,2024-10-09,2024-10-10,2024,2024-10,2024-10-17,2024-10-17,EXPIRY_SETTLEMENT,5,14.59,24981.95,25067.05,BEAR_CALL_CREDIT,25300.0,25200.0,100.0,150.0,125.85,152.5,125.95,152.4,-26.45,25,1838.75,24749.85,0.0,661.25,55.22,606.03,1,-39052.32000000002,Candidate HF-3,Multi-Strategy Portfolio (Breakout Debit + Trend Credit),1,C4_Credit_Spread
2024-10-16 15:30:00,2024-10-17 09:15:00,2024-10-17 09:15:00,2024-10-16,2024-10-17,2024,2024-10,2024-10-24,2024-10-24,EXPIRY_SETTLEMENT,5,13.0,24971.3,25027.4,BEAR_CALL_CREDIT,25300.0,25200.0,100.0,150.0,50.0,83.0,50.1,82.9,-32.8,25,1680.0,24399.4,0.0,820.0,51.28,768.72,1,-38283.60000000002,Candidate HF-3,Multi-Strategy Portfolio (Breakout Debit + Trend Credit),1,C4_Credit_Spread
2024-10-22 15:30:00,2024-10-23 09:15:00,2024-10-23 09:15:00,2024-10-22,2024-10-23,2024,2024-10,2024-10-24,2024-10-24,EXPIRY_SETTLEMENT,1,13.76,24472.1,24378.15,BEAR_PUT,24350.0,24200.0,150.0,50.0,70.05,33.0,70.15,32.9,37.25,25,931.25,24399.4,0.0,-931.25,49.6,-980.85,0,-39264.45000000002,Candidate HF-3,Multi-Strategy Portfolio (Breakout Debit + Trend Credit),1,HF1_Debit_Spread
2024-10-24 15:30:00,2024-10-25 09:15:00,2024-10-25 09:15:00,2024-10-24,2024-10-25,2024,2024-10,2024-10-31,2024-10-31,EXPIRY_SETTLEMENT,4,14.62,24399.4,24418.05,BEAR_CALL_CREDIT,24650.0,24550.0,100.0,150.0,69.25,118.55,69.35,118.45,-49.1,25,1272.5,24205.35,0.0,1227.5,52.99,1174.51,1,-38089.94000000002,Candidate HF-3,Multi-Strategy Portfolio (Breakout Debit + Trend Credit),1,C4_Credit_Spread
2024-10-30 15:30:00,2024-10-31 09:15:00,2024-10-31 09:15:00,2024-10-30,2024-10-31,2024,2024-10,2024-11-07,2024-11-07,EXPIRY_SETTLEMENT,5,14.52,24340.85,24349.85,BEAR_CALL_CREDIT,24600.0,24500.0,100.0,150.0,121.65,164.9,121.75,164.8,-43.05,25,1423.75,24199.35,0.0,1076.25,55.65,1020.6,1,-37069.34000000002,Candidate HF-3,Multi-Strategy Portfolio (Breakout Debit + Trend Credit),1,C4_Credit_Spread
2024-11-04 15:30:00,2024-11-05 09:15:00,2024-11-05 09:15:00,2024-11-04,2024-11-05,2024,2024-11,2024-11-07,2024-11-07,EXPIRY_SETTLEMENT,2,15.9,23995.35,23916.5,BEAR_PUT,23850.0,23700.0,150.0,50.0,141.45,100.0,141.55,99.9,41.65,25,1041.25,24199.35,0.0,-1041.25,53.37,-1094.62,0,-38163.96000000002,Candidate HF-3,Multi-Strategy Portfolio (Breakout Debit + Trend Credit),1,HF1_Debit_Spread
2024-11-06 15:30:00,2024-11-07 09:15:00,2024-11-07 09:15:00,2024-11-06,2024-11-07,2024,2024-11,2024-11-14,2024-11-14,EXPIRY_SETTLEMENT,5,16.12,24484.05,24489.6,BEAR_CALL_CREDIT,24750.0,24650.0,100.0,150.0,105.7,132.25,105.8,132.15,-26.35,25,1841.25,23532.7,0.0,658.75,54.1,604.65,1,-37559.31000000002,Candidate HF-3,Multi-Strategy Portfolio (Breakout Debit + Trend Credit),1,C4_Credit_Spread
2024-11-12 15:30:00,2024-11-13 09:15:00,2024-11-13 09:15:00,2024-11-12,2024-11-13,2024,2024-11,2024-11-14,2024-11-14,EXPIRY_SETTLEMENT,1,14.27,23883.45,23822.45,BEAR_PUT,23750.0,23600.0,150.0,50.0,62.35,28.0,62.45,27.9,34.55,25,863.75,23532.7,150.0,2886.25,60.28,2825.97,1,-34733.34000000002,Candidate HF-3,Multi-Strategy Portfolio (Breakout Debit + Trend Credit),1,HF1_Debit_Spread
2024-11-14 15:30:00,2024-11-18 09:15:00,2024-11-18 09:15:00,2024-11-14,2024-11-18,2024,2024-11,2024-11-21,2024-11-21,EXPIRY_SETTLEMENT,2,15.44,23532.7,23605.3,BEAR_CALL_CREDIT,23850.0,23750.0,100.0,150.0,40.55,63.0,40.65,62.9,-22.25,25,1943.75,23349.9,0.0,556.25,50.33,505.92,1,-34227.42000000002,Candidate HF-3,Multi-Strategy Portfolio (Breakout Debit + Trend Credit),1,C4_Credit_Spread
2024-11-19 15:30:00,2024-11-21 09:15:00,2024-11-21 09:15:00,2024-11-19,2024-11-21,2024,2024-11,2024-11-28,2024-11-28,EXPIRY_SETTLEMENT,5,15.17,23518.5,23488.45,BEAR_CALL_CREDIT,23750.0,23650.0,100.0,150.0,110.0,146.05,110.1,145.95,-35.85,25,1603.75,23914.15,100.0,-1603.75,66.18,-1669.93,0,-35897.35000000002,Candidate HF-3,Multi-Strategy Portfolio (Breakout Debit + Trend Credit),1,C4_Credit_Spread
2024-11-21 15:30:00,2024-11-22 09:15:00,2024-11-22 09:15:00,2024-11-21,2024-11-22,2024,2024-11,2024-11-28,2024-11-28,EXPIRY_SETTLEMENT,4,15.66,23349.9,23411.8,BEAR_PUT,23350.0,23200.0,150.0,50.0,187.65,116.55,187.75,116.45,71.3,25,1782.5,23914.15,0.0,-1782.5,54.75,-1837.25,0,-37734.60000000002,Candidate HF-3,Multi-Strategy Portfolio (Breakout Debit + Trend Credit),1,HF1_Debit_Spread
2024-11-28 15:30:00,2024-11-29 09:15:00,2024-11-29 09:15:00,2024-11-28,2024-11-29,2024,2024-11,2024-12-05,2024-12-05,EXPIRY_SETTLEMENT,4,14.63,23914.15,23927.15,BEAR_CALL_CREDIT,24200.0,24100.0,100.0,150.0,108.0,148.05,108.1,147.95,-39.85,25,1503.75,24708.4,100.0,-1503.75,87.16,-1590.91,0,-39325.510000000024,Candidate HF-3,Multi-Strategy Portfolio (Breakout Debit + Trend Credit),1,C4_Credit_Spread
2024-12-04 15:30:00,2024-12-05 09:15:00,2024-12-05 09:15:00,2024-12-04,2024-12-05,2024,2024-12,2024-12-12,2024-12-12,EXPIRY_SETTLEMENT,5,14.37,24467.45,24539.15,BEAR_CALL_CREDIT,24800.0,24700.0,100.0,150.0,101.15,132.7,101.25,132.6,-31.35,25,1716.25,24548.7,0.0,783.75,54.05,729.7,1,-38595.81000000003,Candidate HF-3,Multi-Strategy Portfolio (Breakout Debit + Trend Credit),1,C4_Credit_Spread
2024-12-11 15:30:00,2024-12-12 09:15:00,2024-12-12 09:15:00,2024-12-11,2024-12-12,2024,2024-12,2024-12-19,2024-12-19,EXPIRY_SETTLEMENT,5,13.78,24641.8,24604.45,BULL_PUT_CREDIT,24350.0,24450.0,100.0,150.0,71.05,87.5,71.15,87.4,-16.25,25,2093.75,23951.7,100.0,-2093.75,77.48,-2171.23,0,-40767.04000000003,Candidate HF-3,Multi-Strategy Portfolio (Breakout Debit + Trend Credit),1,C4_Credit_Spread
2024-12-17 15:30:00,2024-12-18 09:15:00,2024-12-18 09:15:00,2024-12-17,2024-12-18,2024,2024-12,2024-12-19,2024-12-19,EXPIRY_SETTLEMENT,1,14.02,24336.0,24297.95,BEAR_PUT,24250.0,24100.0,150.0,50.0,75.05,34.1,75.15,34.0,41.15,25,1028.75,23951.7,150.0,2721.25,65.64,2655.61,1,-38111.43000000003,Candidate HF-3,Multi-Strategy Portfolio (Breakout Debit + Trend Credit),1,HF1_Debit_Spread
2024-12-18 15:30:00,2024-12-19 09:15:00,2024-12-19 09:15:00,2024-12-18,2024-12-19,2024,2024-12,2024-12-26,2024-12-26,EXPIRY_SETTLEMENT,4,14.49,24198.85,23877.15,BEAR_CALL_CREDIT,24150.0,24050.0,100.0,150.0,154.3,195.45,154.4,195.35,-40.95,25,1476.25,23750.2,0.0,1023.75,57.37,966.38,1,-37145.05000000003,Candidate HF-3,Multi-Strategy Portfolio (Breakout Debit + Trend Credit),1,C4_Credit_Spread
2024-12-24 15:30:00,2024-12-26 09:15:00,2024-12-26 09:15:00,2024-12-24,2024-12-26,2024,2024-12,2025-01-02,2025-01-02,EXPIRY_SETTLEMENT,5,13.52,23727.65,23775.8,BEAR_CALL_CREDIT,24050.0,23950.0,100.0,150.0,85.5,126.0,85.6,125.9,-40.3,75,4477.5,24188.65,100.0,-4477.5,95.94,-4573.44,0,-41718.490000000034,Candidate HF-3,Multi-Strategy Portfolio (Breakout Debit + Trend Credit),1,C4_Credit_Spread
2025-01-01 15:30:00,2025-01-02 09:15:00,2025-01-02 09:15:00,2025-01-01,2025-01-02,2025,2025-01,2025-01-09,2025-01-09,EXPIRY_SETTLEMENT,5,14.45,23742.9,23783.0,BEAR_CALL_CREDIT,24050.0,23950.0,100.0,150.0,128.0,165.0,128.1,164.9,-36.8,75,4740.0,23526.5,0.0,2760.0,72.85,2687.15,1,-39031.34000000003,Candidate HF-3,Multi-Strategy Portfolio (Breakout Debit + Trend Credit),1,C4_Credit_Spread
2025-01-08 15:30:00,2025-01-09 09:15:00,2025-01-09 09:15:00,2025-01-08,2025-01-09,2025,2025-01,2025-01-16,2025-01-16,EXPIRY_SETTLEMENT,5,14.66,23688.95,23674.75,BEAR_CALL_CREDIT,23900.0,23800.0,100.0,150.0,90.55,135.85,90.65,135.75,-45.1,75,4117.5,23311.8,0.0,3382.5,67.62,3314.88,1,-35716.460000000036,Candidate HF-3,Multi-Strategy Portfolio (Breakout Debit + Trend Credit),1,C4_Credit_Spread
2025-01-09 15:30:00,2025-01-10 09:15:00,2025-01-10 09:15:00,2025-01-09,2025-01-10,2025,2025-01,2025-01-16,2025-01-16,EXPIRY_SETTLEMENT,4,14.47,23526.5,23551.9,BEAR_PUT,23500.0,23350.0,150.0,50.0,141.5,98.0,141.6,97.9,43.7,75,3277.5,23311.8,150.0,7972.5,93.16,7879.34,1,-27837.120000000035,Candidate HF-3,Multi-Strategy Portfolio (Breakout Debit + Trend Credit),1,HF1_Debit_Spread
2025-01-15 15:30:00,2025-01-16 09:15:00,2025-01-16 09:15:00,2025-01-15,2025-01-16,2025,2025-01,2025-01-23,2025-01-23,EXPIRY_SETTLEMENT,5,15.47,23213.2,23377.25,BEAR_CALL_CREDIT,23650.0,23550.0,100.0,150.0,55.25,93.7,55.35,93.6,-38.25,75,4631.25,23205.35,0.0,2868.75,60.95,2807.8,1,-25029.320000000036,Candidate HF-3,Multi-Strategy Portfolio (Breakout Debit + Trend Credit),1,C4_Credit_Spread
2025-01-22 15:30:00,2025-01-23 09:15:00,2025-01-23 09:15:00,2025-01-22,2025-01-23,2025,2025-01,2025-01-30,2025-01-30,EXPIRY_SETTLEMENT,5,17.06,23155.35,23128.3,BEAR_CALL_CREDIT,23400.0,23300.0,100.0,150.0,106.0,143.95,106.1,143.85,-37.75,25,1556.25,23249.5,0.0,943.75,54.57,889.18,1,-24140.140000000036,Candidate HF-3,Multi-Strategy Portfolio (Breakout Debit + Trend Credit),1,C4_Credit_Spread
2025-01-27 15:30:00,2025-01-28 09:15:00,2025-01-28 09:15:00,2025-01-27,2025-01-28,2025,2025-01,2025-01-30,2025-01-30,EXPIRY_SETTLEMENT,2,16.75,22829.15,22960.45,BEAR_PUT,22900.0,22750.0,150.0,50.0,139.4,82.35,139.5,82.25,57.25,25,1431.25,23249.5,0.0,-1431.25,52.64,-1483.89,0,-25624.030000000035,Candidate HF-3,Multi-Strategy Portfolio (Breakout Debit + Trend Credit),1,HF1_Debit_Spread
2025-01-30 15:30:00,2025-01-31 09:15:00,2025-01-31 09:15:00,2025-01-30,2025-01-31,2025,2025-01,2025-02-06,2025-02-06,EXPIRY_SETTLEMENT,4,18.64,23249.5,23296.75,BEAR_CALL_CREDIT,23550.0,23450.0,100.0,150.0,220.0,263.05,220.1,262.95,-42.85,75,4286.25,23603.35,100.0,-4286.25,103.0,-4389.25,0,-30013.280000000035,Candidate HF-3,Multi-Strategy Portfolio (Breakout Debit + Trend Credit),1,C4_Credit_Spread
2025-01-31 15:30:00,2025-02-03 09:15:00,2025-02-03 09:15:00,2025-01-31,2025-02-03,2025,2025-02,2025-02-06,2025-02-06,EXPIRY_SETTLEMENT,3,17.39,23508.4,23319.35,BULL_CALL,23350.0,23500.0,150.0,50.0,168.2,98.2,168.3,98.1,70.2,75,5265.0,23603.35,150.0,5985.0,106.32,5878.68,1,-24134.600000000035,Candidate HF-3,Multi-Strategy Portfolio (Breakout Debit + Trend Credit),1,HF1_Debit_Spread
2025-02-04 15:30:00,2025-02-05 09:15:00,2025-02-05 09:15:00,2025-02-04,2025-02-05,2025,2025-02,2025-02-06,2025-02-06,EXPIRY_SETTLEMENT,1,14.35,23739.25,23801.75,BULL_CALL,23850.0,24000.0,150.0,50.0,45.5,15.0,45.6,14.9,30.7,75,2302.5,23603.35,0.0,-2302.5,51.1,-2353.6,0,-26488.200000000033,Candidate HF-3,Multi-Strategy Portfolio (Breakout Debit + Trend Credit),1,HF1_Debit_Spread
2025-02-05 15:30:00,2025-02-06 09:15:00,2025-02-06 09:15:00,2025-02-05,2025-02-06,2025,2025-02,2025-02-13,2025-02-13,EXPIRY_SETTLEMENT,5,14.02,23696.3,23761.95,BEAR_CALL_CREDIT,24000.0,23900.0,100.0,150.0,94.0,118.45,94.1,118.35,-24.25,75,5681.25,23031.4,0.0,1818.75,65.71,1753.04,1,-24735.160000000033,Candidate HF-3,Multi-Strategy Portfolio (Breakout Debit + Trend Credit),1,C4_Credit_Spread
2025-02-12 15:30:00,2025-02-13 09:15:00,2025-02-13 09:15:00,2025-02-12,2025-02-13,2025,2025-02,2025-02-20,2025-02-20,EXPIRY_SETTLEMENT,5,14.87,23045.25,23055.75,BEAR_CALL_CREDIT,23300.0,23200.0,100.0,150.0,118.75,147.95,118.85,147.85,-29.0,75,5325.0,22913.15,0.0,2175.0,70.38,2104.62,1,-22630.540000000034,Candidate HF-3,Multi-Strategy Portfolio (Breakout Debit + Trend Credit),1,C4_Credit_Spread
2025-02-20 15:30:00,2025-02-21 09:15:00,2025-02-21 09:15:00,2025-02-20,2025-02-21,2025,2025-02,2025-02-27,2025-02-27,EXPIRY_SETTLEMENT,3,15.42,22913.15,22857.2,BEAR_CALL_CREDIT,23100.0,23000.0,100.0,150.0,72.0,118.0,72.1,117.9,-45.8,75,4065.0,22545.05,0.0,3435.0,64.63,3370.37,1,-19260.170000000035,Candidate HF-3,Multi-Strategy Portfolio (Breakout Debit + Trend Credit),1,C4_Credit_Spread
2025-02-25 15:30:00,2025-02-27 09:15:00,2025-02-27 09:15:00,2025-02-25,2025-02-27,2025,2025-02,2025-03-06,2025-03-06,EXPIRY_SETTLEMENT,5,14.44,22547.55,22568.95,BEAR_CALL_CREDIT,22800.0,22700.0,100.0,150.0,80.0,124.95,80.1,124.85,-44.75,75,4143.75,22544.7,0.0,3356.25,65.83,3290.42,1,-15969.750000000035,Candidate HF-3,Multi-Strategy Portfolio (Breakout Debit + Trend Credit),1,C4_Credit_Spread
2025-03-05 15:30:00,2025-03-06 09:15:00,2025-03-06 09:15:00,2025-03-05,2025-03-06,2025,2025-03,2025-03-13,2025-03-13,EXPIRY_SETTLEMENT,5,13.83,22337.3,22476.35,BEAR_CALL_CREDIT,22750.0,22650.0,100.0,150.0,55.0,81.0,55.1,80.9,-25.8,75,5565.0,22397.2,0.0,1935.0,59.42,1875.58,1,-14094.170000000035,Candidate HF-3,Multi-Strategy Portfolio (Breakout Debit + Trend Credit),1,C4_Credit_Spread
2025-03-12 15:30:00,2025-03-13 09:15:00,2025-03-13 09:15:00,2025-03-12,2025-03-13,2025,2025-03,2025-03-20,2025-03-20,EXPIRY_SETTLEMENT,4,14.07,22470.5,22541.5,BEAR_CALL_CREDIT,22800.0,22700.0,100.0,150.0,49.95,78.2,50.05,78.1,-28.05,75,5396.25,23190.65,100.0,-5396.25,134.55,-5530.8,0,-19624.970000000034,Candidate HF-3,Multi-Strategy Portfolio (Breakout Debit + Trend Credit),1,C4_Credit_Spread
2025-03-18 15:30:00,2025-03-19 09:15:00,2025-03-19 09:15:00,2025-03-18,2025-03-19,2025,2025-03,2025-03-20,2025-03-20,EXPIRY_SETTLEMENT,1,13.42,22834.3,22874.95,BULL_CALL,22900.0,23050.0,150.0,50.0,70.05,23.5,70.15,23.4,46.75,75,3506.25,23190.65,150.0,7743.75,99.63,7644.12,1,-11980.850000000035,Candidate HF-3,Multi-Strategy Portfolio (Breakout Debit + Trend Credit),1,HF1_Debit_Spread
2025-03-19 15:30:00,2025-03-20 09:15:00,2025-03-20 09:15:00,2025-03-19,2025-03-20,2025,2025-03,2025-03-27,2025-03-27,EXPIRY_SETTLEMENT,5,13.21,22907.6,23036.6,BEAR_CALL_CREDIT,23300.0,23200.0,100.0,150.0,58.0,87.0,58.1,86.9,-28.8,75,5340.0,23591.95,100.0,-5340.0,117.97,-5457.97,0,-17438.820000000036,Candidate HF-3,Multi-Strategy Portfolio (Breakout Debit + Trend Credit),1,C4_Credit_Spread
2025-03-26 15:30:00,2025-03-27 09:15:00,2025-03-27 09:15:00,2025-03-26,2025-03-27,2025,2025-03,2025-04-03,2025-04-03,EXPIRY_SETTLEMENT,4,13.64,23486.85,23433.95,BULL_PUT_CREDIT,23200.0,23300.0,100.0,150.0,66.0,80.15,66.1,80.05,-13.95,75,6453.75,23250.1,49.9,-2696.25,62.05,-2758.3,0,-20197.120000000035,Candidate HF-3,Multi-Strategy Portfolio (Breakout Debit + Trend Credit),1,C4_Credit_Spread
2025-04-02 15:30:00,2025-04-03 09:15:00,2025-04-03 09:15:00,2025-04-02,2025-04-03,2025,2025-04,2025-04-09,2025-04-09,EXPIRY_SETTLEMENT,4,13.78,23332.35,23150.3,BULL_PUT_CREDIT,22900.0,23000.0,100.0,150.0,73.9,120.05,74.0,119.95,-45.95,75,4053.75,22399.15,100.0,-4053.75,160.76,-4214.51,0,-24411.630000000034,Candidate HF-3,Multi-Strategy Portfolio (Breakout Debit + Trend Credit),1,C4_Credit_Spread
2025-04-04 15:30:00,2025-04-07 09:15:00,2025-04-07 09:15:00,2025-04-04,2025-04-07,2025,2025-04,2025-04-09,2025-04-09,EXPIRY_SETTLEMENT,2,13.6,22904.45,21758.4,BEAR_PUT,21700.0,21550.0,150.0,50.0,175.9,150.0,176.0,149.9,26.1,75,1957.5,22399.15,0.0,-1957.5,73.29,-2030.79,0,-26442.420000000035,Candidate HF-3,Multi-Strategy Portfolio (Breakout Debit + Trend Credit),1,HF1_Debit_Spread
2025-04-09 15:30:00,2025-04-11 09:15:00,2025-04-11 09:15:00,2025-04-09,2025-04-11,2025,2025-04,2025-04-17,2025-04-17,EXPIRY_SETTLEMENT,3,20.44,22399.15,22695.4,BEAR_CALL_CREDIT,22950.0,22850.0,100.0,150.0,186.05,199.95,186.15,199.85,-13.7,75,6472.5,23851.65,100.0,-6472.5,248.64,-6721.14,0,-33163.560000000034,Candidate HF-3,Multi-Strategy Portfolio (Breakout Debit + Trend Credit),1,C4_Credit_Spread
2025-04-16 15:30:00,2025-04-17 09:15:00,2025-04-17 09:15:00,2025-04-16,2025-04-17,2025,2025-04,2025-04-24,2025-04-24,EXPIRY_SETTLEMENT,4,16.13,23437.2,23401.85,BULL_PUT_CREDIT,23150.0,23250.0,100.0,150.0,96.55,133.05,96.65,132.95,-36.3,75,4777.5,24246.7,0.0,2722.5,67.57,2654.93,1,-30508.630000000034,Candidate HF-3,Multi-Strategy Portfolio (Breakout Debit + Trend Credit),1,C4_Credit_Spread
2025-04-17 15:30:00,2025-04-21 09:15:00,2025-04-21 09:15:00,2025-04-17,2025-04-21,2025,2025-04,2025-04-24,2025-04-24,EXPIRY_SETTLEMENT,3,15.87,23851.65,23949.15,BULL_CALL,24000.0,24150.0,150.0,50.0,140.0,95.0,140.1,94.9,45.2,75,3390.0,24246.7,150.0,7860.0,103.41,7756.59,1,-22752.040000000034,Candidate HF-3,Multi-Strategy Portfolio (Breakout Debit + Trend Credit),1,HF1_Debit_Spread
2025-04-23 15:30:00,2025-04-24 09:15:00,2025-04-24 09:15:00,2025-04-23,2025-04-24,2025,2025-04,2025-04-30,2025-04-30,EXPIRY_SETTLEMENT,4,15.23,24328.95,24277.9,BULL_PUT_CREDIT,24050.0,24150.0,100.0,150.0,89.0,126.05,89.1,125.95,-36.85,75,4736.25,24334.2,0.0,2763.75,66.38,2697.37,1,-20054.670000000035,Candidate HF-3,Multi-Strategy Portfolio (Breakout Debit + Trend Credit),1,C4_Credit_Spread
2025-04-29 15:30:00,2025-04-30 09:15:00,2025-04-30 09:15:00,2025-04-29,2025-04-30,2025,2025-04,2025-05-08,2025-05-08,EXPIRY_SETTLEMENT,5,16.94,24335.95,24342.05,BULL_PUT_CREDIT,24100.0,24200.0,100.0,150.0,153.95,180.0,154.05,179.9,-25.85,75,5561.25,24273.8,0.0,1938.75,75.85,1862.9,1,-18191.770000000033,Candidate HF-3,Multi-Strategy Portfolio (Breakout Debit + Trend Credit),1,C4_Credit_Spread
2025-05-07 15:30:00,2025-05-08 09:15:00,2025-05-08 09:15:00,2025-05-07,2025-05-08,2025,2025-05,2025-05-15,2025-05-15,EXPIRY_SETTLEMENT,5,19.0,24414.4,24431.5,BULL_PUT_CREDIT,24200.0,24300.0,100.0,150.0,163.4,189.95,163.5,189.85,-26.35,75,5523.75,25062.1,0.0,1976.25,77.47,1898.78,1,-16292.990000000033,Candidate HF-3,Multi-Strategy Portfolio (Breakout Debit + Trend Credit),1,C4_Credit_Spread
2025-05-14 15:30:00,2025-05-15 09:15:00,2025-05-15 09:15:00,2025-05-14,2025-05-15,2025,2025-05,2025-05-22,2025-05-22,EXPIRY_SETTLEMENT,5,18.2,24666.9,24694.45,BULL_PUT_CREDIT,24450.0,24550.0,100.0,150.0,122.75,153.45,122.85,153.35,-30.5,75,5212.5,24609.7,0.0,2287.5,71.22,2216.28,1,-14076.710000000032,Candidate HF-3,Multi-Strategy Portfolio (Breakout Debit + Trend Credit),1,C4_Credit_Spread
2025-05-15 15:30:00,2025-05-16 09:15:00,2025-05-16 09:15:00,2025-05-15,2025-05-16,2025,2025-05,2025-05-22,2025-05-22,EXPIRY_SETTLEMENT,4,17.23,25062.1,25064.65,BULL_CALL,25100.0,25250.0,150.0,50.0,170.0,105.35,170.1,105.25,64.85,75,4863.75,24609.7,0.0,-4863.75,67.69,-4931.44,0,-19008.15000000003,Candidate HF-3,Multi-Strategy Portfolio (Breakout Debit + Trend Credit),1,HF1_Debit_Spread
2025-05-21 15:30:00,2025-05-22 09:15:00,2025-05-22 09:15:00,2025-05-21,2025-05-22,2025,2025-05,2025-05-29,2025-05-29,EXPIRY_SETTLEMENT,5,17.39,24813.45,24733.95,BULL_PUT_CREDIT,24500.0,24600.0,100.0,150.0,125.0,165.05,125.1,164.95,-39.85,75,4511.25,24833.6,0.0,2988.75,72.71,2916.04,1,-16092.11000000003,Candidate HF-3,Multi-Strategy Portfolio (Breakout Debit + Trend Credit),1,C4_Credit_Spread
2025-05-28 15:30:00,2025-05-29 09:15:00,2025-05-29 09:15:00,2025-05-28,2025-05-29,2025,2025-05,2025-06-05,2025-06-05,EXPIRY_SETTLEMENT,5,18.54,24752.45,24825.1,BULL_PUT_CREDIT,24600.0,24700.0,100.0,150.0,174.2,180.0,174.3,179.9,-5.6,75,7080.0,24750.9,0.0,420.0,76.79,343.21,1,-15748.90000000003,Candidate HF-3,Multi-Strategy Portfolio (Breakout Debit + Trend Credit),1,C4_Credit_Spread
2025-06-04 15:30:00,2025-06-05 09:15:00,2025-06-05 09:15:00,2025-06-04,2025-06-05,2025,2025-06,2025-06-12,2025-06-12,EXPIRY_SETTLEMENT,5,16.56,24620.2,24691.2,BULL_PUT_CREDIT,24450.0,24550.0,100.0,150.0,117.15,149.0,117.25,148.9,-31.65,75,5126.25,24888.2,0.0,2373.75,70.43,2303.32,1,-13445.58000000003,Candidate HF-3,Multi-Strategy Portfolio (Breakout Debit + Trend Credit),1,C4_Credit_Spread
2025-06-11 15:30:00,2025-06-12 09:15:00,2025-06-12 09:15:00,2025-06-11,2025-06-12,2025,2025-06,2025-06-19,2025-06-19,EXPIRY_SETTLEMENT,5,14.02,25141.4,25164.45,BULL_PUT_CREDIT,24900.0,25000.0,100.0,150.0,79.95,98.8,80.05,98.7,-18.65,75,6101.25,24793.25,100.0,-6101.25,86.62,-6187.87,0,-19633.45000000003,Candidate HF-3,Multi-Strategy Portfolio (Breakout Debit + Trend Credit),1,C4_Credit_Spread
2025-06-18 15:30:00,2025-06-19 09:15:00,2025-06-19 09:15:00,2025-06-18,2025-06-19,2025,2025-06,2025-06-26,2025-06-26,EXPIRY_SETTLEMENT,5,14.4,24812.05,24803.25,BULL_PUT_CREDIT,24550.0,24650.0,100.0,150.0,114.95,145.0,115.05,144.9,-29.85,75,5261.25,25549.0,0.0,2238.75,69.85,2168.9,1,-17464.55000000003,Candidate HF-3,Multi-Strategy Portfolio (Breakout Debit + Trend Credit),1,C4_Credit_Spread
2025-06-25 15:30:00,2025-06-26 09:15:00,2025-06-26 09:15:00,2025-06-25,2025-06-26,2025,2025-06,2025-07-03,2025-07-03,EXPIRY_SETTLEMENT,5,13.64,25244.75,25268.95,BULL_CALL,25300.0,25450.0,150.0,50.0,165.0,100.0,165.1,99.9,65.2,75,4890.0,25405.3,105.3,3007.5,81.35,2926.15,1,-14538.400000000029,Candidate HF-3,Multi-Strategy Portfolio (Breakout Debit + Trend Credit),1,HF1_Debit_Spread
2025-06-25 15:30:00,2025-06-26 09:15:00,2025-06-26 09:15:00,2025-06-25,2025-06-26,2025,2025-06,2025-07-03,2025-07-03,EXPIRY_SETTLEMENT,5,13.64,25244.75,25268.95,BULL_PUT_CREDIT,25000.0,25100.0,100.0,150.0,90.2,110.0,90.3,109.9,-19.6,75,6030.0,25405.3,0.0,1470.0,64.52,1405.48,1,-13132.92000000003,Candidate HF-3,Multi-Strategy Portfolio (Breakout Debit + Trend Credit),1,C4_Credit_Spread
2025-07-02 15:30:00,2025-07-03 09:15:00,2025-07-03 09:15:00,2025-07-02,2025-07-03,2025,2025-07,2025-07-10,2025-07-10,EXPIRY_SETTLEMENT,5,12.53,25453.4,25505.1,BULL_PUT_CREDIT,25250.0,25350.0,100.0,150.0,77.95,100.0,78.05,99.9,-21.85,75,5861.25,25355.25,0.0,1638.75,62.76,1575.99,1,-11556.93000000003,Candidate HF-3,Multi-Strategy Portfolio (Breakout Debit + Trend Credit),1,C4_Credit_Spread
2025-07-09 15:30:00,2025-07-10 09:15:00,2025-07-10 09:15:00,2025-07-09,2025-07-10,2025,2025-07,2025-07-17,2025-07-17,EXPIRY_SETTLEMENT,5,12.2,25476.1,25511.65,BULL_PUT_CREDIT,25250.0,25350.0,100.0,150.0,53.55,80.0,53.65,79.9,-26.25,75,5531.25,25111.45,100.0,-5531.25,88.94,-5620.19,0,-17177.120000000028,Candidate HF-3,Multi-Strategy Portfolio (Breakout Debit + Trend Credit),1,C4_Credit_Spread
2025-07-10 15:30:00,2025-07-11 09:15:00,2025-07-11 09:15:00,2025-07-10,2025-07-11,2025,2025-07,2025-07-17,2025-07-17,EXPIRY_SETTLEMENT,4,11.94,25355.25,25255.5,BEAR_PUT,25200.0,25050.0,150.0,50.0,88.65,54.95,88.75,54.85,33.9,75,2542.5,25111.45,88.55,4098.75,70.11,4028.64,1,-13148.480000000029,Candidate HF-3,Multi-Strategy Portfolio (Breakout Debit + Trend Credit),1,HF1_Debit_Spread
2025-07-16 15:30:00,2025-07-17 09:15:00,2025-07-17 09:15:00,2025-07-16,2025-07-17,2025,2025-07,2025-07-24,2025-07-24,EXPIRY_SETTLEMENT,5,11.48,25212.05,25230.75,BULL_PUT_CREDIT,25000.0,25100.0,100.0,150.0,53.85,78.6,53.95,78.5,-24.55,75,5658.75,25062.1,37.9,-1001.25,60.76,-1062.01,0,-14210.490000000029,Candidate HF-3,Multi-Strategy Portfolio (Breakout Debit + Trend Credit),1,C4_Credit_Spread
2025-07-18 15:30:00,2025-07-21 09:15:00,2025-07-21 09:15:00,2025-07-18,2025-07-21,2025,2025-07,2025-07-24,2025-07-24,EXPIRY_SETTLEMENT,3,11.24,24968.4,24999.0,BEAR_PUT,24950.0,24800.0,150.0,50.0,98.2,53.8,98.3,53.7,44.6,75,3345.0,25062.1,0.0,-3345.0,58.19,-3403.19,0,-17613.68000000003,Candidate HF-3,Multi-Strategy Portfolio (Breakout Debit + Trend Credit),1,HF1_Debit_Spread
2025-07-23 15:30:00,2025-07-24 09:15:00,2025-07-24 09:15:00,2025-07-23,2025-07-24,2025,2025-07,2025-07-31,2025-07-31,EXPIRY_SETTLEMENT,5,10.75,25219.9,25243.3,BULL_PUT_CREDIT,25000.0,25100.0,100.0,150.0,40.0,68.2,40.1,68.1,-28.0,75,5400.0,24768.35,100.0,-5400.0,103.89,-5503.89,0,-23117.57000000003,Candidate HF-3,Multi-Strategy Portfolio (Breakout Debit + Trend Credit),1,C4_Credit_Spread
2025-07-25 15:30:00,2025-07-28 09:15:00,2025-07-28 09:15:00,2025-07-25,2025-07-28,2025,2025-07,2025-07-31,2025-07-31,EXPIRY_SETTLEMENT,3,10.72,24837.0,24782.45,BEAR_PUT,24750.0,24600.0,150.0,50.0,82.0,49.0,82.1,48.9,33.2,75,2490.0,24768.35,0.0,-2490.0,56.86,-2546.86,0,-25664.43000000003,Candidate HF-3,Multi-Strategy Portfolio (Breakout Debit + Trend Credit),1,HF1_Debit_Spread
2025-07-30 15:30:00,2025-07-31 09:15:00,2025-07-31 09:15:00,2025-07-30,2025-07-31,2025,2025-07,2025-08-07,2025-08-07,EXPIRY_SETTLEMENT,5,11.53,24855.05,24642.25,BEAR_CALL_CREDIT,24900.0,24800.0,100.0,150.0,80.05,120.0,80.15,119.9,-39.75,75,4518.75,24596.15,0.0,2981.25,65.24,2916.01,1,-22748.420000000027,Candidate HF-3,Multi-Strategy Portfolio (Breakout Debit + Trend Credit),1,C4_Credit_Spread
2025-08-01 15:30:00,2025-08-04 09:15:00,2025-08-04 09:15:00,2025-08-01,2025-08-04,2025,2025-08,2025-08-07,2025-08-07,EXPIRY_SETTLEMENT,3,11.54,24565.35,24596.05,BEAR_PUT,24550.0,24400.0,150.0,50.0,132.2,78.2,132.3,78.1,54.2,75,4065.0,24596.15,0.0,-4065.0,62.68,-4127.68,0,-26876.100000000028,Candidate HF-3,Multi-Strategy Portfolio (Breakout Debit + Trend Credit),1,HF1_Debit_Spread
2025-08-06 15:30:00,2025-08-07 09:15:00,2025-08-07 09:15:00,2025-08-06,2025-08-07,2025,2025-08,2025-08-14,2025-08-14,EXPIRY_SETTLEMENT,5,11.71,24574.2,24464.2,BEAR_CALL_CREDIT,24700.0,24600.0,100.0,150.0,78.5,120.0,78.6,119.9,-41.3,75,4402.5,24631.3,31.3,750.0,66.56,683.44,1,-26192.66000000003,Candidate HF-3,Multi-Strategy Portfolio (Breakout Debit + Trend Credit),1,C4_Credit_Spread
2025-08-08 15:30:00,2025-08-11 09:15:00,2025-08-11 09:15:00,2025-08-08,2025-08-11,2025,2025-08,2025-08-14,2025-08-14,EXPIRY_SETTLEMENT,3,11.69,24363.3,24371.5,BEAR_PUT,24300.0,24150.0,150.0,50.0,88.0,47.2,88.1,47.1,41.0,75,3075.0,24631.3,0.0,-3075.0,56.93,-3131.93,0,-29324.59000000003,Candidate HF-3,Multi-Strategy Portfolio (Breakout Debit + Trend Credit),1,HF1_Debit_Spread
2025-08-13 15:30:00,2025-08-14 09:15:00,2025-08-14 09:15:00,2025-08-13,2025-08-14,2025,2025-08,2025-08-21,2025-08-21,EXPIRY_SETTLEMENT,4,12.23,24619.35,24607.25,BEAR_CALL_CREDIT,24850.0,24750.0,100.0,150.0,73.15,106.7,73.25,106.6,-33.35,75,4998.75,25083.75,100.0,-4998.75,110.41,-5109.16,0,-34433.75000000003,Candidate HF-3,Multi-Strategy Portfolio (Breakout Debit + Trend Credit),1,C4_Credit_Spread
2025-08-18 15:30:00,2025-08-19 09:15:00,2025-08-19 09:15:00,2025-08-18,2025-08-19,2025,2025-08,2025-08-21,2025-08-21,EXPIRY_SETTLEMENT,2,12.36,24876.95,24891.35,BULL_CALL,24950.0,25100.0,150.0,50.0,101.6,44.55,101.7,44.45,57.25,75,4293.75,25083.75,133.75,5737.5,75.71,5661.79,1,-28771.96000000003,Candidate HF-3,Multi-Strategy Portfolio (Breakout Debit + Trend Credit),1,HF1_Debit_Spread
2025-08-20 15:30:00,2025-08-21 09:15:00,2025-08-21 09:15:00,2025-08-20,2025-08-21,2025,2025-08,2025-08-28,2025-08-28,EXPIRY_SETTLEMENT,4,11.79,25050.55,25142.0,BULL_PUT_CREDIT,24900.0,25000.0,100.0,150.0,50.0,92.2,50.1,92.1,-42.0,75,4350.0,24500.9,100.0,-4350.0,137.77,-4487.77,0,-33259.730000000025,Candidate HF-3,Multi-Strategy Portfolio (Breakout Debit + Trend Credit),1,C4_Credit_Spread
2025-08-26 15:30:00,2025-08-28 09:15:00,2025-08-28 09:15:00,2025-08-26,2025-08-28,2025,2025-08,2025-09-02,2025-09-02,EXPIRY_SETTLEMENT,3,11.76,24712.05,24695.8,BEAR_CALL_CREDIT,24950.0,24850.0,100.0,150.0,49.15,89.2,49.25,89.1,-39.85,75,4511.25,24579.6,0.0,2988.75,60.13,2928.62,1,-30331.110000000026,Candidate HF-3,Multi-Strategy Portfolio (Breakout Debit + Trend Credit),1,C4_Credit_Spread
2025-08-29 15:30:00,2025-09-01 09:15:00,2025-09-01 09:15:00,2025-08-29,2025-09-01,2025,2025-09,2025-09-02,2025-09-02,EXPIRY_SETTLEMENT,1,12.18,24426.85,24432.7,BEAR_PUT,24400.0,24250.0,150.0,50.0,52.0,18.9,52.1,18.8,33.3,75,2497.5,24579.6,0.0,-2497.5,51.87,-2549.37,0,-32880.480000000025,Candidate HF-3,Multi-Strategy Portfolio (Breakout Debit + Trend Credit),1,HF1_Debit_Spread
2025-09-01 15:30:00,2025-09-02 09:15:00,2025-09-02 09:15:00,2025-09-01,2025-09-02,2025,2025-09,2025-09-09,2025-09-09,EXPIRY_SETTLEMENT,5,11.75,24625.05,24653.0,BEAR_CALL_CREDIT,24900.0,24800.0,100.0,150.0,57.95,84.25,58.05,84.15,-26.1,75,5542.5,24868.6,68.6,-3187.5,62.99,-3250.49,0,-36130.97000000002,Candidate HF-3,Multi-Strategy Portfolio (Breakout Debit + Trend Credit),1,C4_Credit_Spread
2025-09-08 15:30:00,2025-09-09 09:15:00,2025-09-09 09:15:00,2025-09-08,2025-09-09,2025,2025-09,2025-09-16,2025-09-16,EXPIRY_SETTLEMENT,5,10.78,24773.15,24864.1,BEAR_CALL_CREDIT,25100.0,25000.0,100.0,150.0,51.1,80.0,51.2,79.9,-28.7,75,5347.5,25239.1,100.0,-5347.5,88.93,-5436.43,0,-41567.40000000002,Candidate HF-3,Multi-Strategy Portfolio (Breakout Debit + Trend Credit),1,C4_Credit_Spread
2025-09-10 15:30:00,2025-09-11 09:15:00,2025-09-11 09:15:00,2025-09-10,2025-09-11,2025,2025-09,2025-09-16,2025-09-16,EXPIRY_SETTLEMENT,3,10.69,24973.1,24945.5,BULL_CALL,25000.0,25150.0,150.0,50.0,125.0,58.0,125.1,57.9,67.2,75,5040.0,25239.1,150.0,6210.0,96.91,6113.09,1,-35454.31000000003,Candidate HF-3,Multi-Strategy Portfolio (Breakout Debit + Trend Credit),1,HF1_Debit_Spread
2025-09-15 15:30:00,2025-09-16 09:15:00,2025-09-16 09:15:00,2025-09-15,2025-09-16,2025,2025-09,2025-09-23,2025-09-23,EXPIRY_SETTLEMENT,5,10.12,25069.2,25073.6,BULL_PUT_CREDIT,24800.0,24900.0,100.0,150.0,35.35,51.5,35.45,51.4,-15.95,75,6303.75,25169.5,0.0,1196.25,54.99,1141.26,1,-34313.050000000025,Candidate HF-3,Multi-Strategy Portfolio (Breakout Debit + Trend Credit),1,C4_Credit_Spread
2025-09-16 15:30:00,2025-09-17 09:15:00,2025-09-17 09:15:00,2025-09-16,2025-09-17,2025,2025-09,2025-09-23,2025-09-23,EXPIRY_SETTLEMENT,4,10.4,25239.1,25276.6,BULL_CALL,25350.0,25500.0,150.0,50.0,113.4,55.35,113.5,55.25,58.25,75,4368.75,25169.5,0.0,-4368.75,59.08,-4427.83,0,-38740.88000000003,Candidate HF-3,Multi-Strategy Portfolio (Breakout Debit + Trend Credit),1,HF1_Debit_Spread
2025-09-24 15:30:00,2025-09-25 09:15:00,2025-09-25 09:15:00,2025-09-24,2025-09-25,2025,2025-09,2025-09-30,2025-09-30,EXPIRY_SETTLEMENT,3,10.63,25056.9,25034.5,BULL_PUT_CREDIT,24800.0,24900.0,100.0,150.0,21.25,37.0,21.35,36.9,-15.55,75,6333.75,24611.1,100.0,-6333.75,91.49,-6425.24,0,-45166.120000000024,Candidate HF-3,Multi-Strategy Portfolio (Breakout Debit + Trend Credit),1,C4_Credit_Spread
2025-09-25 15:30:00,2025-09-26 09:15:00,2025-09-26 09:15:00,2025-09-25,2025-09-26,2025,2025-09,2025-09-30,2025-09-30,EXPIRY_SETTLEMENT,2,10.52,24890.85,24818.55,BEAR_PUT,24750.0,24600.0,150.0,50.0,34.0,15.55,34.1,15.45,18.65,75,1398.75,24611.1,138.9,9018.75,69.81,8948.94,1,-36217.18000000002,Candidate HF-3,Multi-Strategy Portfolio (Breakout Debit + Trend Credit),1,HF1_Debit_Spread
2025-09-29 15:30:00,2025-09-30 09:15:00,2025-09-30 09:15:00,2025-09-29,2025-09-30,2025,2025-09,2025-10-07,2025-10-07,EXPIRY_SETTLEMENT,4,11.43,24634.9,24691.95,BEAR_CALL_CREDIT,24950.0,24850.0,100.0,150.0,65.0,100.0,65.1,99.9,-34.8,75,4890.0,25108.3,100.0,-4890.0,95.47,-4985.47,0,-41202.65000000002,Candidate HF-3,Multi-Strategy Portfolio (Breakout Debit + Trend Credit),1,C4_Credit_Spread
2025-10-06 15:30:00,2025-10-07 09:15:00,2025-10-07 09:15:00,2025-10-06,2025-10-07,2025,2025-10,2025-10-14,2025-10-14,EXPIRY_SETTLEMENT,5,10.06,25077.65,25085.3,BULL_PUT_CREDIT,24850.0,24950.0,100.0,150.0,38.0,55.0,38.1,54.9,-16.8,75,6240.0,25145.5,0.0,1260.0,55.53,1204.47,1,-39998.18000000002,Candidate HF-3,Multi-Strategy Portfolio (Breakout Debit + Trend Credit),1,C4_Credit_Spread
2025-10-09 15:30:00,2025-10-10 09:15:00,2025-10-10 09:15:00,2025-10-09,2025-10-10,2025,2025-10,2025-10-14,2025-10-14,EXPIRY_SETTLEMENT,2,10.31,25181.8,25167.65,BULL_CALL,25200.0,25350.0,150.0,50.0,87.05,33.8,87.15,33.7,53.45,75,4008.75,25145.5,0.0,-4008.75,55.28,-4064.03,0,-44062.21000000002,Candidate HF-3,Multi-Strategy Portfolio (Breakout Debit + Trend Credit),1,HF1_Debit_Spread
2025-10-13 15:30:00,2025-10-14 09:15:00,2025-10-14 09:15:00,2025-10-13,2025-10-14,2025,2025-10,2025-10-20,2025-10-20,EXPIRY_SETTLEMENT,4,10.1,25227.35,25277.55,BULL_PUT_CREDIT,25050.0,25150.0,100.0,150.0,50.15,83.0,50.25,82.9,-32.65,75,5051.25,25843.15,0.0,2448.75,59.43,2389.32,1,-41672.89000000002,Candidate HF-3,Multi-Strategy Portfolio (Breakout Debit + Trend Credit),1,C4_Credit_Spread
2025-10-17 15:30:00,2025-10-20 09:15:00,2025-10-20 09:15:00,2025-10-17,2025-10-20,2025,2025-10,2025-10-28,2025-10-28,EXPIRY_SETTLEMENT,5,10.87,25709.85,25824.6,BULL_PUT_CREDIT,25550.0,25650.0,100.0,150.0,52.05,75.0,52.15,74.9,-22.75,75,5793.75,25936.2,0.0,1706.25,58.57,1647.68,1,-40025.21000000002,Candidate HF-3,Multi-Strategy Portfolio (Breakout Debit + Trend Credit),1,C4_Credit_Spread
2025-10-27 15:30:00,2025-10-28 09:15:00,2025-10-28 09:15:00,2025-10-27,2025-10-28,2025,2025-10,2025-11-04,2025-11-04,EXPIRY_SETTLEMENT,5,11.59,25966.05,25939.95,BULL_PUT_CREDIT,25700.0,25800.0,100.0,150.0,60.0,80.0,60.1,79.9,-19.8,75,6015.0,25597.65,100.0,-6015.0,82.64,-6097.64,0,-46122.85000000002,Candidate HF-3,Multi-Strategy Portfolio (Breakout Debit + Trend Credit),1,C4_Credit_Spread
2025-10-27 15:30:00,2025-10-28 09:15:00,2025-10-28 09:15:00,2025-10-27,2025-10-28,2025,2025-10,2025-11-04,2025-11-04,EXPIRY_SETTLEMENT,5,11.59,25966.05,25939.95,BULL_CALL,26000.0,26150.0,150.0,50.0,219.2,145.1,219.3,145.0,74.3,75,5572.5,25597.65,0.0,-5572.5,74.72,-5647.22,0,-51770.07000000002,Candidate HF-3,Multi-Strategy Portfolio (Breakout Debit + Trend Credit),1,HF1_Debit_Spread
2025-10-29 15:30:00,2025-10-30 09:15:00,2025-10-30 09:15:00,2025-10-29,2025-10-30,2025,2025-10,2025-11-04,2025-11-04,EXPIRY_SETTLEMENT,3,11.95,26053.9,25984.4,BULL_CALL,26050.0,26200.0,150.0,50.0,168.1,95.05,168.2,94.95,73.25,75,5493.75,25597.65,0.0,-5493.75,66.37,-5560.12,0,-57330.190000000024,Candidate HF-3,Multi-Strategy Portfolio (Breakout Debit + Trend Credit),1,HF1_Debit_Spread
2025-11-03 15:30:00,2025-11-04 09:15:00,2025-11-04 09:15:00,2025-11-03,2025-11-04,2025,2025-11,2025-11-11,2025-11-11,EXPIRY_SETTLEMENT,4,12.15,25763.35,25744.75,BULL_PUT_CREDIT,25500.0,25600.0,100.0,150.0,59.95,82.95,60.05,82.85,-22.8,75,5790.0,25694.95,0.0,1710.0,59.88,1650.12,1,-55680.07000000002,Candidate HF-3,Multi-Strategy Portfolio (Breakout Debit + Trend Credit),1,C4_Credit_Spread
2025-11-04 15:30:00,2025-11-06 09:15:00,2025-11-06 09:15:00,2025-11-04,2025-11-06,2025,2025-11,2025-11-11,2025-11-11,EXPIRY_SETTLEMENT,3,12.67,25597.65,25593.35,BEAR_PUT,25550.0,25400.0,150.0,50.0,108.0,59.0,108.1,58.9,49.2,75,3690.0,25694.95,0.0,-3690.0,59.27,-3749.27,0,-59429.34000000002,Candidate HF-3,Multi-Strategy Portfolio (Breakout Debit + Trend Credit),1,HF1_Debit_Spread
2025-11-10 15:30:00,2025-11-11 09:15:00,2025-11-11 09:15:00,2025-11-10,2025-11-11,2025,2025-11,2025-11-18,2025-11-18,EXPIRY_SETTLEMENT,5,12.56,25574.35,25617.0,BULL_PUT_CREDIT,25350.0,25450.0,100.0,150.0,57.75,67.0,57.85,66.9,-9.05,75,6821.25,25910.05,0.0,678.75,57.88,620.87,1,-58808.470000000016,Candidate HF-3,Multi-Strategy Portfolio (Breakout Debit + Trend Credit),1,C4_Credit_Spread
2025-11-17 15:30:00,2025-11-18 09:15:00,2025-11-18 09:15:00,2025-11-17,2025-11-18,2025,2025-11,2025-11-25,2025-11-25,EXPIRY_SETTLEMENT,5,11.94,26013.45,26021.8,BULL_PUT_CREDIT,25750.0,25850.0,100.0,150.0,68.0,94.0,68.1,93.9,-25.8,75,5565.0,25884.8,0.0,1935.0,61.58,1873.42,1,-56935.05000000002,Candidate HF-3,Multi-Strategy Portfolio (Breakout Debit + Trend Credit),1,C4_Credit_Spread
2025-11-24 15:30:00,2025-11-25 09:15:00,2025-11-25 09:15:00,2025-11-24,2025-11-25,2025,2025-11,2025-12-02,2025-12-02,EXPIRY_SETTLEMENT,5,13.63,25959.5,25998.5,BULL_PUT_CREDIT,25750.0,25850.0,100.0,150.0,72.0,96.85,72.1,96.75,-24.65,75,5651.25,26032.2,0.0,1848.75,62.11,1786.64,1,-55148.41000000002,Candidate HF-3,Multi-Strategy Portfolio (Breakout Debit + Trend Credit),1,C4_Credit_Spread
2025-12-01 15:30:00,2025-12-02 09:15:00,2025-12-02 09:15:00,2025-12-01,2025-12-02,2025,2025-12,2025-12-09,2025-12-09,EXPIRY_SETTLEMENT,5,11.62,26175.75,26087.95,BULL_PUT_CREDIT,25850.0,25950.0,100.0,150.0,44.0,70.0,44.1,69.9,-25.8,75,5565.0,25839.65,100.0,-5565.0,63.92,-5628.92,0,-60777.330000000016,Candidate HF-3,Multi-Strategy Portfolio (Breakout Debit + Trend Credit),1,C4_Credit_Spread
2025-12-08 15:30:00,2025-12-09 09:15:00,2025-12-09 09:15:00,2025-12-08,2025-12-09,2025,2025-12,2025-12-16,2025-12-16,EXPIRY_SETTLEMENT,5,10.32,25960.55,25867.1,BULL_PUT_CREDIT,25600.0,25700.0,100.0,150.0,49.0,69.95,49.1,69.85,-20.75,75,5943.75,25860.1,0.0,1556.25,57.82,1498.43,1,-59278.900000000016,Candidate HF-3,Multi-Strategy Portfolio (Breakout Debit + Trend Credit),1,C4_Credit_Spread
2025-12-15 15:30:00,2025-12-16 09:15:00,2025-12-16 09:15:00,2025-12-15,2025-12-16,2025,2025-12,2025-12-23,2025-12-23,EXPIRY_SETTLEMENT,5,10.11,26027.3,25951.5,BULL_PUT_CREDIT,25700.0,25800.0,100.0,150.0,44.5,57.75,44.6,57.65,-13.05,75,6521.25,26177.15,0.0,978.75,56.16,922.59,1,-58356.31000000002,Candidate HF-3,Multi-Strategy Portfolio (Breakout Debit + Trend Credit),1,C4_Credit_Spread
2025-12-23 15:30:00,2025-12-24 09:15:00,2025-12-24 09:15:00,2025-12-23,2025-12-24,2025,2025-12,2025-12-30,2025-12-30,EXPIRY_SETTLEMENT,3,9.68,26177.15,26170.65,BULL_PUT_CREDIT,25900.0,26000.0,100.0,150.0,27.0,44.95,27.1,44.85,-17.75,75,6168.75,25938.85,61.15,-3255.0,56.53,-3311.53,0,-61667.84000000002,Candidate HF-3,Multi-Strategy Portfolio (Breakout Debit + Trend Credit),1,C4_Credit_Spread
2025-12-29 15:30:00,2025-12-30 09:15:00,2025-12-30 09:15:00,2025-12-29,2025-12-30,2025,2025-12,2026-01-06,2026-01-06,EXPIRY_SETTLEMENT,5,9.15,25942.1,25940.9,BULL_PUT_CREDIT,25700.0,25800.0,100.0,150.0,32.0,52.0,32.1,51.9,-19.8,65,5213.0,26178.7,0.0,1287.0,53.86,1233.14,1,-60434.70000000002,Candidate HF-3,Multi-Strategy Portfolio (Breakout Debit + Trend Credit),1,C4_Credit_Spread
2026-01-02 15:30:00,2026-01-05 09:15:00,2026-01-05 09:15:00,2026-01-02,2026-01-05,2026,2026-01,2026-01-06,2026-01-06,EXPIRY_SETTLEMENT,1,9.19,26328.55,26333.7,BULL_CALL,26400.0,26550.0,150.0,50.0,40.45,6.95,40.55,6.85,33.7,65,2190.5,26178.7,0.0,-2190.5,49.55,-2240.05,0,-62674.75000000002,Candidate HF-3,Multi-Strategy Portfolio (Breakout Debit + Trend Credit),1,HF1_Debit_Spread
2026-01-05 15:30:00,2026-01-06 09:15:00,2026-01-06 09:15:00,2026-01-05,2026-01-06,2026,2026-01,2026-01-13,2026-01-13,EXPIRY_SETTLEMENT,5,9.45,26250.3,26189.7,BULL_PUT_CREDIT,25950.0,26050.0,100.0,150.0,34.95,55.45,35.05,55.35,-20.3,65,5180.5,25732.3,100.0,-5180.5,92.6,-5273.1,0,-67947.85000000002,Candidate HF-3,Multi-Strategy Portfolio (Breakout Debit + Trend Credit),1,C4_Credit_Spread
2026-01-08 15:30:00,2026-01-09 09:15:00,2026-01-09 09:15:00,2026-01-08,2026-01-09,2026,2026-01,2026-01-13,2026-01-13,EXPIRY_SETTLEMENT,2,9.95,25876.85,25840.4,BEAR_PUT,25800.0,25650.0,150.0,50.0,59.9,25.4,60.0,25.3,34.7,65,2255.5,25732.3,67.7,2145.0,60.34,2084.66,1,-65863.19000000002,Candidate HF-3,Multi-Strategy Portfolio (Breakout Debit + Trend Credit),1,HF1_Debit_Spread
2026-01-12 15:30:00,2026-01-13 09:15:00,2026-01-13 09:15:00,2026-01-12,2026-01-13,2026,2026-01,2026-01-20,2026-01-20,EXPIRY_SETTLEMENT,4,10.93,25790.25,25897.35,BEAR_CALL_CREDIT,26150.0,26050.0,100.0,150.0,53.5,90.0,53.6,89.9,-36.3,65,4140.5,25232.5,0.0,2359.5,58.66,2300.84,1,-63562.35000000002,Candidate HF-3,Multi-Strategy Portfolio (Breakout Debit + Trend Credit),1,C4_Credit_Spread
2026-01-19 15:30:00,2026-01-20 09:15:00,2026-01-20 09:15:00,2026-01-19,2026-01-20,2026,2026-01,2026-01-27,2026-01-27,EXPIRY_SETTLEMENT,4,11.37,25585.5,25580.3,BEAR_PUT,25550.0,25400.0,150.0,50.0,139.0,95.0,139.1,94.9,44.2,65,2873.0,25175.4,150.0,6877.0,116.09,6760.91,1,-56801.44000000002,Candidate HF-3,Multi-Strategy Portfolio (Breakout Debit + Trend Credit),1,HF1_Debit_Spread
2026-01-19 15:30:00,2026-01-20 09:15:00,2026-01-20 09:15:00,2026-01-19,2026-01-20,2026,2026-01,2026-01-27,2026-01-27,EXPIRY_SETTLEMENT,4,11.37,25585.5,25580.3,BEAR_CALL_CREDIT,25850.0,25750.0,100.0,150.0,57.0,87.1,57.1,87.0,-29.9,65,4556.5,25175.4,0.0,1943.5,58.5,1885.0,1,-54916.44000000002,Candidate HF-3,Multi-Strategy Portfolio (Breakout Debit + Trend Credit),1,C4_Credit_Spread
2026-01-23 15:30:00,2026-01-27 09:15:00,2026-01-27 09:15:00,2026-01-23,2026-01-27,2026,2026-01,2026-02-03,2026-02-03,EXPIRY_SETTLEMENT,5,13.35,25048.65,25063.35,BEAR_PUT,25000.0,24850.0,150.0,50.0,185.15,148.3,185.25,148.2,37.05,65,2408.25,25727.55,0.0,-2408.25,70.01,-2478.26,0,-57394.70000000002,Candidate HF-3,Multi-Strategy Portfolio (Breakout Debit + Trend Credit),1,HF1_Debit_Spread
2026-01-23 15:30:00,2026-01-27 09:15:00,2026-01-27 09:15:00,2026-01-23,2026-01-27,2026,2026-01,2026-02-03,2026-02-03,EXPIRY_SETTLEMENT,5,13.35,25048.65,25063.35,BEAR_CALL_CREDIT,25300.0,25200.0,100.0,150.0,224.95,243.0,225.05,242.9,-17.85,65,5339.75,25727.55,100.0,-5339.75,152.85,-5492.6,0,-62887.30000000002,Candidate HF-3,Multi-Strategy Portfolio (Breakout Debit + Trend Credit),1,C4_Credit_Spread
2026-02-03 15:30:00,2026-02-04 09:15:00,2026-02-04 09:15:00,2026-02-03,2026-02-04,2026,2026-02,2026-02-10,2026-02-10,EXPIRY_SETTLEMENT,4,13.87,25727.55,25675.05,BULL_CALL,25750.0,25900.0,150.0,50.0,197.6,107.65,197.7,107.55,90.15,65,5859.75,25935.15,150.0,3890.25,89.81,3800.44,1,-59086.860000000015,Candidate HF-3,Multi-Strategy Portfolio (Breakout Debit + Trend Credit),1,HF1_Debit_Spread
2026-02-03 15:30:00,2026-02-04 09:15:00,2026-02-04 09:15:00,2026-02-03,2026-02-04,2026,2026-02,2026-02-10,2026-02-10,EXPIRY_SETTLEMENT,4,13.87,25727.55,25675.05,BEAR_CALL_CREDIT,25950.0,25850.0,100.0,150.0,99.0,133.65,99.1,133.55,-34.45,65,4260.75,25935.15,85.15,-3295.5,68.29,-3363.79,0,-62450.650000000016,Candidate HF-3,Multi-Strategy Portfolio (Breakout Debit + Trend Credit),1,C4_Credit_Spread
2026-02-09 15:30:00,2026-02-10 09:15:00,2026-02-10 09:15:00,2026-02-09,2026-02-10,2026,2026-02,2026-02-17,2026-02-17,EXPIRY_SETTLEMENT,5,11.94,25867.3,25922.65,BULL_PUT_CREDIT,25650.0,25750.0,100.0,150.0,79.2,90.05,79.3,89.95,-10.65,65,5807.75,25725.4,24.6,-906.75,60.65,-967.4,0,-63418.05000000002,Candidate HF-3,Multi-Strategy Portfolio (Breakout Debit + Trend Credit),1,C4_Credit_Spread
2026-02-16 15:30:00,2026-02-17 09:15:00,2026-02-17 09:15:00,2026-02-16,2026-02-17,2026,2026-02,2026-02-24,2026-02-24,EXPIRY_SETTLEMENT,5,13.29,25682.75,25637.95,BEAR_CALL_CREDIT,25900.0,25800.0,100.0,150.0,85.0,119.3,85.1,119.2,-34.1,65,4283.5,25424.65,0.0,2216.5,62.96,2153.54,1,-61264.51000000002,Candidate HF-3,Multi-Strategy Portfolio (Breakout Debit + Trend Credit),1,C4_Credit_Spread
2026-02-23 15:30:00,2026-02-24 09:15:00,2026-02-24 09:15:00,2026-02-23,2026-02-24,2026,2026-02,2026-03-02,2026-03-02,EXPIRY_SETTLEMENT,4,14.36,25713.0,25641.8,BEAR_CALL_CREDIT,25900.0,25800.0,100.0,150.0,95.0,120.85,95.1,120.75,-25.65,65,4832.75,24865.7,0.0,1667.25,63.53,1603.72,1,-59660.790000000015,Candidate HF-3,Multi-Strategy Portfolio (Breakout Debit + Trend Credit),1,C4_Credit_Spread
2026-02-27 15:30:00,2026-03-02 09:15:00,2026-03-02 09:15:00,2026-02-27,2026-03-02,2026,2026-03,2026-03-10,2026-03-10,EXPIRY_SETTLEMENT,5,13.06,25178.65,24659.25,BEAR_PUT,24600.0,24450.0,150.0,50.0,126.8,106.0,126.9,105.9,21.0,65,1365.0,24261.6,150.0,8385.0,111.01,8273.99,1,-51386.80000000002,Candidate HF-3,Multi-Strategy Portfolio (Breakout Debit + Trend Credit),1,HF1_Debit_Spread
2026-03-11 15:30:00,2026-03-12 09:15:00,2026-03-12 09:15:00,2026-03-11,2026-03-12,2026,2026-03,2026-03-17,2026-03-17,EXPIRY_SETTLEMENT,3,18.91,23866.85,23674.85,BEAR_PUT,23600.0,23450.0,150.0,50.0,240.0,224.65,240.1,224.55,15.55,65,1010.75,23581.15,18.85,214.5,82.37,132.13,1,-51254.67000000002,Candidate HF-3,Multi-Strategy Portfolio (Breakout Debit + Trend Credit),1,HF1_Debit_Spread
2026-03-11 15:30:00,2026-03-12 09:15:00,2026-03-12 09:15:00,2026-03-11,2026-03-12,2026,2026-03,2026-03-17,2026-03-17,EXPIRY_SETTLEMENT,3,18.91,23866.85,23674.85,BEAR_CALL_CREDIT,23900.0,23800.0,100.0,150.0,212.0,258.0,212.1,257.9,-45.8,65,3523.0,23581.15,0.0,2977.0,82.44,2894.56,1,-48360.11000000002,Candidate HF-3,Multi-Strategy Portfolio (Breakout Debit + Trend Credit),1,C4_Credit_Spread
2026-03-17 15:30:00,2026-03-18 09:15:00,2026-03-18 09:15:00,2026-03-17,2026-03-18,2026,2026-03,2026-03-24,2026-03-24,EXPIRY_SETTLEMENT,4,21.6,23581.15,23632.9,BEAR_CALL_CREDIT,23900.0,23800.0,100.0,150.0,122.4,152.0,122.5,151.9,-29.4,65,4589.0,22912.4,0.0,1911.0,67.86,1843.14,1,-46516.97000000002,Candidate HF-3,Multi-Strategy Portfolio (Breakout Debit + Trend Credit),1,C4_Credit_Spread
2026-03-19 15:30:00,2026-03-20 09:15:00,2026-03-20 09:15:00,2026-03-19,2026-03-20,2026,2026-03,2026-03-24,2026-03-24,EXPIRY_SETTLEMENT,2,18.72,23002.15,23110.15,BEAR_PUT,23050.0,22900.0,150.0,50.0,263.75,167.6,263.85,167.5,96.35,65,6262.75,22912.4,137.6,2681.25,91.64,2589.61,1,-43927.36000000002,Candidate HF-3,Multi-Strategy Portfolio (Breakout Debit + Trend Credit),1,HF1_Debit_Spread
2026-04-09 15:30:00,2026-04-10 09:15:00,2026-04-10 09:15:00,2026-04-09,2026-04-10,2026,2026-04,2026-04-13,2026-04-13,EXPIRY_SETTLEMENT,1,19.7,23775.1,23880.55,BEAR_CALL_CREDIT,24150.0,24050.0,100.0,150.0,68.6,97.9,68.7,97.8,-29.1,65,4608.5,23842.65,0.0,1891.5,60.09,1831.41,1,-42095.95000000002,Candidate HF-3,Multi-Strategy Portfolio (Breakout Debit + Trend Credit),1,C4_Credit_Spread
2026-04-10 15:30:00,2026-04-13 09:15:00,2026-04-13 09:15:00,2026-04-10,2026-04-13,2026,2026-04,2026-04-21,2026-04-21,EXPIRY_SETTLEMENT,5,20.43,24050.6,23589.6,BEAR_CALL_CREDIT,23850.0,23750.0,100.0,150.0,220.25,255.9,220.35,255.8,-35.45,65,4195.75,24576.6,100.0,-4195.75,201.27,-4397.02,0,-46492.970000000016,Candidate HF-3,Multi-Strategy Portfolio (Breakout Debit + Trend Credit),1,C4_Credit_Spread
2026-04-15 15:30:00,2026-04-16 09:15:00,2026-04-16 09:15:00,2026-04-15,2026-04-16,2026,2026-04,2026-04-21,2026-04-21,EXPIRY_SETTLEMENT,3,20.5,24231.3,24385.2,BULL_CALL,24450.0,24600.0,150.0,50.0,130.0,81.0,130.1,80.9,49.2,65,3198.0,24576.6,126.6,5031.0,75.97,4955.03,1,-41537.94000000002,Candidate HF-3,Multi-Strategy Portfolio (Breakout Debit + Trend Credit),1,HF1_Debit_Spread
2026-04-17 15:30:00,2026-04-20 09:15:00,2026-04-20 09:15:00,2026-04-17,2026-04-20,2026,2026-04,2026-04-21,2026-04-21,EXPIRY_SETTLEMENT,1,18.09,24353.55,24391.5,BULL_CALL,24450.0,24600.0,150.0,50.0,120.0,58.5,120.1,58.4,61.7,65,4010.5,24576.6,126.6,4218.5,73.24,4145.26,1,-37392.680000000015,Candidate HF-3,Multi-Strategy Portfolio (Breakout Debit + Trend Credit),1,HF1_Debit_Spread
2026-04-21 15:30:00,2026-04-22 09:15:00,2026-04-22 09:15:00,2026-04-21,2026-04-22,2026,2026-04,2026-04-28,2026-04-28,EXPIRY_SETTLEMENT,4,18.79,24576.6,24470.85,BULL_PUT_CREDIT,24200.0,24300.0,100.0,150.0,117.1,160.0,117.2,159.9,-42.7,65,3724.5,23995.7,100.0,-3724.5,104.61,-3829.11,0,-41221.790000000015,Candidate HF-3,Multi-Strategy Portfolio (Breakout Debit + Trend Credit),1,C4_Credit_Spread
2026-04-27 15:30:00,2026-04-28 09:15:00,2026-04-28 09:15:00,2026-04-27,2026-04-28,2026,2026-04,2026-05-05,2026-05-05,EXPIRY_SETTLEMENT,4,19.71,24092.7,24049.9,BEAR_CALL_CREDIT,24300.0,24200.0,100.0,150.0,150.0,172.05,150.1,171.95,-21.85,65,5079.75,24032.8,0.0,1420.25,71.04,1349.21,1,-39872.580000000016,Candidate HF-3,Multi-Strategy Portfolio (Breakout Debit + Trend Credit),1,C4_Credit_Spread
2026-05-04 15:30:00,2026-05-05 09:15:00,2026-05-05 09:15:00,2026-05-04,2026-05-05,2026,2026-05,2026-05-12,2026-05-12,EXPIRY_SETTLEMENT,5,18.46,24119.3,24052.6,BULL_PUT_CREDIT,23800.0,23900.0,100.0,150.0,139.3,179.0,139.4,178.9,-39.5,65,3932.5,23379.55,100.0,-3932.5,141.65,-4074.15,0,-43946.73000000002,Candidate HF-3,Multi-Strategy Portfolio (Breakout Debit + Trend Credit),1,C4_Credit_Spread
2026-05-11 15:30:00,2026-05-12 09:15:00,2026-05-12 09:15:00,2026-05-11,2026-05-12,2026,2026-05,2026-05-19,2026-05-19,EXPIRY_SETTLEMENT,5,16.84,23815.85,23722.6,BEAR_CALL_CREDIT,23950.0,23850.0,100.0,150.0,171.0,210.0,171.1,209.9,-38.8,65,3978.0,23618.0,0.0,2522.0,75.82,2446.18,1,-41500.55000000002,Candidate HF-3,Multi-Strategy Portfolio (Breakout Debit + Trend Credit),1,C4_Credit_Spread
2026-05-11 15:30:00,2026-05-12 09:15:00,2026-05-12 09:15:00,2026-05-11,2026-05-12,2026,2026-05,2026-05-19,2026-05-19,EXPIRY_SETTLEMENT,5,16.84,23815.85,23722.6,BEAR_PUT,23650.0,23500.0,150.0,50.0,162.65,130.0,162.75,129.9,32.85,65,2135.25,23618.0,32.0,-55.25,71.04,-126.29,0,-41626.84000000002,Candidate HF-3,Multi-Strategy Portfolio (Breakout Debit + Trend Credit),1,HF1_Debit_Spread
2026-05-18 15:30:00,2026-05-19 09:15:00,2026-05-19 09:15:00,2026-05-18,2026-05-19,2026,2026-05,2026-05-26,2026-05-26,EXPIRY_SETTLEMENT,5,18.79,23649.95,23675.3,BEAR_CALL_CREDIT,23950.0,23850.0,100.0,150.0,143.9,180.45,144.0,180.35,-36.35,65,4137.25,23913.7,63.7,-1777.75,74.12,-1851.87,0,-43478.71000000002,Candidate HF-3,Multi-Strategy Portfolio (Breakout Debit + Trend Credit),1,C4_Credit_Spread
2026-05-25 15:30:00,2026-05-26 09:15:00,2026-05-26 09:15:00,2026-05-25,2026-05-26,2026,2026-05,2026-06-02,2026-06-02,EXPIRY_SETTLEMENT,4,17.91,24031.7,24004.1,BULL_PUT_CREDIT,23750.0,23850.0,100.0,150.0,99.95,132.0,100.05,131.9,-31.85,65,4429.75,23483.55,100.0,-4429.75,110.85,-4540.6,0,-48019.31000000002,Candidate HF-3,Multi-Strategy Portfolio (Breakout Debit + Trend Credit),1,C4_Credit_Spread
2026-06-02 15:30:00,2026-06-03 09:15:00,2026-06-03 09:15:00,2026-06-02,2026-06-03,2026,2026-06,2026-06-09,2026-06-09,EXPIRY_SETTLEMENT,4,16.54,23483.55,23415.95,BEAR_CALL_CREDIT,23650.0,23550.0,100.0,150.0,119.0,154.65,119.1,154.55,-35.45,65,4195.75,23242.1,0.0,2304.25,67.99,2236.26,1,-45783.05000000002,Candidate HF-3,Multi-Strategy Portfolio (Breakout Debit + Trend Credit),1,C4_Credit_Spread
2026-06-09 15:30:00,2026-06-10 09:15:00,2026-06-10 09:15:00,2026-06-09,2026-06-10,2026,2026-06,2026-06-16,2026-06-16,EXPIRY_SETTLEMENT,4,17.03,23242.1,23233.95,BEAR_CALL_CREDIT,23500.0,23400.0,100.0,150.0,90.15,129.9,90.25,129.8,-39.55,65,3929.25,23989.15,100.0,-3929.25,145.45,-4074.7,0,-49857.750000000015,Candidate HF-3,Multi-Strategy Portfolio (Breakout Debit + Trend Credit),1,C4_Credit_Spread
2026-06-12 15:30:00,2026-06-15 09:15:00,2026-06-15 09:15:00,2026-06-12,2026-06-15,2026,2026-06,2026-06-16,2026-06-16,EXPIRY_SETTLEMENT,1,15.61,23622.9,23984.85,BULL_CALL,24050.0,24200.0,150.0,50.0,80.15,36.95,80.25,36.85,43.4,65,2821.0,23989.15,0.0,-2821.0,54.25,-2875.25,0,-52733.000000000015,Candidate HF-3,Multi-Strategy Portfolio (Breakout Debit + Trend Credit),1,HF1_Debit_Spread
2026-06-15 15:30:00,2026-06-16 09:15:00,2026-06-16 09:15:00,2026-06-15,2026-06-16,2026,2026-06,2026-06-23,2026-06-23,EXPIRY_SETTLEMENT,5,14.72,23853.9,23923.9,BULL_PUT_CREDIT,23650.0,23750.0,100.0,150.0,89.0,123.85,89.1,123.75,-34.65,65,4247.75,23824.1,0.0,2252.25,63.6,2188.65,1,-50544.35000000001,Candidate HF-3,Multi-Strategy Portfolio (Breakout Debit + Trend Credit),1,C4_Credit_Spread
2026-06-24 15:30:00,2026-06-25 09:15:00,2026-06-25 09:15:00,2026-06-24,2026-06-25,2026,2026-06,2026-06-30,2026-06-30,EXPIRY_SETTLEMENT,2,13.94,24021.65,24125.85,BULL_PUT_CREDIT,23900.0,24000.0,100.0,150.0,56.9,89.0,57.0,88.9,-31.9,65,4426.5,23865.75,100.0,-4426.5,67.95,-4494.45,0,-55038.80000000001,Candidate HF-3,Multi-Strategy Portfolio (Breakout Debit + Trend Credit),1,C4_Credit_Spread
2026-06-29 15:30:00,2026-06-30 09:15:00,2026-06-30 09:15:00,2026-06-29,2026-06-30,2026,2026-06,2026-07-07,2026-07-07,EXPIRY_SETTLEMENT,5,13.05,23946.25,24032.05,BULL_PUT_CREDIT,23800.0,23900.0,100.0,150.0,97.95,115.0,98.05,114.9,-16.85,65,5404.75,24398.7,0.0,1095.25,63.04,1032.21,1,-54006.59000000001,Candidate HF-3,Multi-Strategy Portfolio (Breakout Debit + Trend Credit),1,C4_Credit_Spread
2026-07-06 15:30:00,2026-07-07 09:15:00,2026-07-07 09:15:00,2026-07-06,2026-07-07,2026,2026-07,2026-07-14,2026-07-14,EXPIRY_SETTLEMENT,5,11.8,24430.35,24464.45,BULL_PUT_CREDIT,24200.0,24300.0,100.0,150.0,58.05,94.35,58.15,94.25,-36.1,65,4153.5,24052.05,100.0,-4153.5,86.53,-4240.03,0,-58246.62000000001,Candidate HF-3,Multi-Strategy Portfolio (Breakout Debit + Trend Credit),1,C4_Credit_Spread
2026-07-13 15:30:00,2026-07-14 09:15:00,2026-07-14 09:15:00,2026-07-13,2026-07-14,2026,2026-07,2026-07-21,2026-07-21,EXPIRY_SETTLEMENT,5,12.25,24211.0,24068.0,BULL_PUT_CREDIT,23800.0,23900.0,100.0,150.0,89.55,117.9,89.65,117.8,-28.15,65,4670.25,24187.7,0.0,1829.75,63.0,1766.75,1,-56479.87000000001,Candidate HF-3,Multi-Strategy Portfolio (Breakout Debit + Trend Credit),1,C4_Credit_Spread
2026-07-20 15:30:00,2026-07-21 09:15:00,2026-07-21 09:15:00,2026-07-20,2026-07-21,2026,2026-07,2026-07-28,2026-07-28,EXPIRY_SETTLEMENT,5,13.15,24238.5,24216.05,BULL_PUT_CREDIT,23950.0,24050.0,100.0,150.0,79.2,110.0,79.3,109.9,-30.6,65,4511.0,23985.35,64.65,-2213.25,64.25,-2277.5,0,-58757.37000000001,Candidate HF-3,Multi-Strategy Portfolio (Breakout Debit + Trend Credit),1,C4_Credit_Spread
2026-07-23 15:30:00,2026-07-24 09:15:00,2026-07-24 09:15:00,2026-07-23,2026-07-24,2026,2026-07,2026-07-28,2026-07-28,EXPIRY_SETTLEMENT,2,13.29,23869.6,23666.35,BEAR_PUT,23600.0,23450.0,150.0,50.0,84.0,42.85,84.1,42.75,41.35,65,2687.75,23985.35,0.0,-2687.75,55.02,-2742.77,0,-61500.14000000001,Candidate HF-3,Multi-Strategy Portfolio (Breakout Debit + Trend Credit),1,HF1_Debit_Spread
2026-07-27 15:30:00,2026-07-28 09:15:00,2026-07-28 09:15:00,2026-07-27,2026-07-28,2026,2026-07,2026-08-04,2026-08-04,EXPIRY_SETTLEMENT,5,14.03,23995.95,23971.25,BULL_PUT_CREDIT,23700.0,23800.0,100.0,150.0,58.7,86.7,58.8,86.6,-27.8,65,4693.0,24614.9,0.0,1807.0,58.53,1748.47,1,-59751.670000000006,Candidate HF-3,Multi-Strategy Portfolio (Breakout Debit + Trend Credit),1,C4_Credit_Spread
2026-07-31 15:30:00,2026-08-03 09:15:00,2026-08-03 09:15:00,2026-07-31,2026-08-03,2026,2026-08,2026-08-04,2026-08-04,EXPIRY_SETTLEMENT,1,12.16,24383.6,24572.7,BULL_CALL,24600.0,24750.0,150.0,50.0,47.9,11.1,48.0,11.0,37.0,65,2405.0,24614.9,14.9,-1436.5,52.06,-1488.56,0,-61240.23,Candidate HF-3,Multi-Strategy Portfolio (Breakout Debit + Trend Credit),1,HF1_Debit_Spread
2026-08-03 15:30:00,2026-08-04 09:15:00,2026-08-04 09:15:00,2026-08-03,2026-08-04,2026,2026-08,2026-08-11,2026-08-11,EXPIRY_SETTLEMENT,5,11.76,24774.3,24703.9,BULL_PUT_CREDIT,24450.0,24550.0,100.0,150.0,80.5,124.05,80.6,123.95,-43.35,65,3682.25,24471.7,78.3,-2271.75,66.28,-2338.03,0,-63578.26,Candidate HF-3,Multi-Strategy Portfolio (Breakout Debit + Trend Credit),1,C4_Credit_Spread
2026-08-10 15:30:00,2026-08-11 09:15:00,2026-08-11 09:15:00,2026-08-10,2026-08-11,2026,2026-08,2026-08-18,2026-08-18,EXPIRY_SETTLEMENT,5,12.16,24583.8,24575.1,BULL_PUT_CREDIT,24350.0,24450.0,100.0,150.0,70.05,98.95,70.15,98.85,-28.7,65,4634.5,24154.9,100.0,-4634.5,94.94,-4729.44,0,-68307.7,Candidate HF-3,Multi-Strategy Portfolio (Breakout Debit + Trend Credit),1,C4_Credit_Spread
2026-08-17 15:30:00,2026-08-18 09:15:00,2026-08-18 09:15:00,2026-08-17,2026-08-18,2026,2026-08,2026-08-25,2026-08-25,EXPIRY_SETTLEMENT,5,11.31,24287.65,24223.85,BULL_PUT_CREDIT,23950.0,24050.0,100.0,150.0,33.6,57.55,33.7,57.45,-23.75,65,4956.25,24334.55,0.0,1543.75,54.5,1489.25,1,-66818.45,Candidate HF-3,Multi-Strategy Portfolio (Breakout Debit + Trend Credit),1,C4_Credit_Spread
2026-08-24 15:30:00,2026-08-25 09:15:00,2026-08-25 09:15:00,2026-08-24,2026-08-25,2026,2026-08,2026-09-01,2026-09-01,EXPIRY_SETTLEMENT,5,11.2,24219.05,24175.75,BULL_PUT_CREDIT,23950.0,24050.0,100.0,150.0,47.9,69.0,48.0,68.9,-20.9,65,5141.5,24055.8,0.0,1358.5,56.26,1302.24,1,-65516.21,Candidate HF-3,Multi-Strategy Portfolio (Breakout Debit + Trend Credit),1,C4_Credit_Spread
2026-08-31 15:30:00,2026-09-01 09:15:00,2026-09-01 09:15:00,2026-08-31,2026-09-01,2026,2026-09,2026-09-08,2026-09-08,EXPIRY_SETTLEMENT,5,10.68,24080.4,24077.55,BEAR_CALL_CREDIT,24350.0,24250.0,100.0,150.0,60.4,95.9,60.5,95.8,-35.3,65,4205.5,23635.1,0.0,2294.5,59.55,2234.95,1,-63281.26,Candidate HF-3,Multi-Strategy Portfolio (Breakout Debit + Trend Credit),1,C4_Credit_Spread
2026-09-07 15:30:00,2026-09-08 09:15:00,2026-09-08 09:15:00,2026-09-07,2026-09-08,2026,2026-09,2026-09-15,2026-09-15,EXPIRY_SETTLEMENT,4,10.68,23779.15,23743.1,BEAR_PUT,23700.0,23550.0,150.0,50.0,103.3,50.9,103.4,50.8,52.6,65,3419.0,23118.6,150.0,6331.0,142.79,6188.21,1,-57093.05,Candidate HF-3,Multi-Strategy Portfolio (Breakout Debit + Trend Credit),1,HF1_Debit_Spread
2026-09-07 15:30:00,2026-09-08 09:15:00,2026-09-08 09:15:00,2026-09-07,2026-09-08,2026,2026-09,2026-09-15,2026-09-15,EXPIRY_SETTLEMENT,4,10.68,23779.15,23743.1,BEAR_CALL_CREDIT,24000.0,23900.0,100.0,150.0,63.8,79.95,63.9,79.85,-15.95,65,5463.25,23118.6,0.0,1036.75,58.04,978.71,1,-56114.340000000004,Candidate HF-3,Multi-Strategy Portfolio (Breakout Debit + Trend Credit),1,C4_Credit_Spread
