strategy,trade_id,date,initial_capital,available_capital,required_margin,reason
ATM_STRADDLE,ATM_STRADDLE_2020-01-31_2020-02-06,2020-01-31,20000.0,20000.0,140000.0,SKIPPED_INSUFFICIENT_MARGIN
ATM_STRADDLE,ATM_STRADDLE_2020-02-07_2020-02-13,2020-02-07,20000.0,20000.0,140000.0,SKIPPED_INSUFFICIENT_MARGIN
ATM_STRADDLE,ATM_STRADDLE_2020-02-14_2020-02-20,2020-02-14,20000.0,20000.0,140000.0,SKIPPED_INSUFFICIENT_MARGIN
ATM_STRADDLE,ATM_STRADDLE_2020-02-24_2020-02-27,2020-02-24,20000.0,20000.0,140000.0,SKIPPED_INSUFFICIENT_MARGIN
ATM_STRADDLE,ATM_STRADDLE_2020-02-28_2020-03-05,2020-02-28,20000.0,20000.0,140000.0,SKIPPED_INSUFFICIENT_MARGIN
ATM_STRADDLE,ATM_STRADDLE_2020-03-06_2020-03-12,2020-03-06,20000.0,20000.0,140000.0,SKIPPED_INSUFFICIENT_MARGIN
ATM_STRADDLE,ATM_STRADDLE_2020-03-13_2020-03-19,2020-03-13,20000.0,20000.0,140000.0,SKIPPED_INSUFFICIENT_MARGIN
ATM_STRADDLE,ATM_STRADDLE_2020-03-20_2020-03-26,2020-03-20,20000.0,20000.0,140000.0,SKIPPED_INSUFFICIENT_MARGIN
ATM_STRADDLE,ATM_STRADDLE_2020-03-27_2020-04-01,2020-03-27,20000.0,20000.0,140000.0,SKIPPED_INSUFFICIENT_MARGIN
ATM_STRADDLE,ATM_STRADDLE_2020-04-03_2020-04-09,2020-04-03,20000.0,20000.0,140000.0,SKIPPED_INSUFFICIENT_MARGIN
ATM_STRADDLE,ATM_STRADDLE_2020-04-13_2020-04-16,2020-04-13,20000.0,20000.0,140000.0,SKIPPED_INSUFFICIENT_MARGIN
ATM_STRADDLE,ATM_STRADDLE_2020-04-17_2020-04-23,2020-04-17,20000.0,20000.0,140000.0,SKIPPED_INSUFFICIENT_MARGIN
ATM_STRADDLE,ATM_STRADDLE_2020-04-24_2020-04-30,2020-04-24,20000.0,20000.0,140000.0,SKIPPED_INSUFFICIENT_MARGIN
ATM_STRADDLE,ATM_STRADDLE_2020-05-04_2020-05-07,2020-05-04,20000.0,20000.0,140000.0,SKIPPED_INSUFFICIENT_MARGIN
ATM_STRADDLE,ATM_STRADDLE_2020-05-08_2020-05-14,2020-05-08,20000.0,20000.0,140000.0,SKIPPED_INSUFFICIENT_MARGIN
ATM_STRADDLE,ATM_STRADDLE_2020-05-15_2020-05-21,2020-05-15,20000.0,20000.0,140000.0,SKIPPED_INSUFFICIENT_MARGIN
ATM_STRADDLE,ATM_STRADDLE_2020-05-22_2020-05-28,2020-05-22,20000.0,20000.0,140000.0,SKIPPED_INSUFFICIENT_MARGIN
ATM_STRADDLE,ATM_STRADDLE_2020-05-29_2020-06-04,2020-05-29,20000.0,20000.0,140000.0,SKIPPED_INSUFFICIENT_MARGIN
ATM_STRADDLE,ATM_STRADDLE_2020-06-05_2020-06-11,2020-06-05,20000.0,20000.0,140000.0,SKIPPED_INSUFFICIENT_MARGIN
ATM_STRADDLE,ATM_STRADDLE_2020-06-12_2020-06-18,2020-06-12,20000.0,20000.0,140000.0,SKIPPED_INSUFFICIENT_MARGIN
ATM_STRADDLE,ATM_STRADDLE_2020-06-19_2020-06-25,2020-06-19,20000.0,20000.0,140000.0,SKIPPED_INSUFFICIENT_MARGIN
ATM_STRADDLE,ATM_STRADDLE_2020-06-26_2020-07-02,2020-06-26,20000.0,20000.0,140000.0,SKIPPED_INSUFFICIENT_MARGIN
ATM_STRADDLE,ATM_STRADDLE_2020-07-03_2020-07-09,2020-07-03,20000.0,20000.0,140000.0,SKIPPED_INSUFFICIENT_MARGIN
ATM_STRADDLE,ATM_STRADDLE_2020-07-10_2020-07-16,2020-07-10,20000.0,20000.0,140000.0,SKIPPED_INSUFFICIENT_MARGIN
ATM_STRADDLE,ATM_STRADDLE_2020-07-17_2020-07-23,2020-07-17,20000.0,20000.0,140000.0,SKIPPED_INSUFFICIENT_MARGIN
ATM_STRADDLE,ATM_STRADDLE_2020-07-24_2020-07-30,2020-07-24,20000.0,20000.0,140000.0,SKIPPED_INSUFFICIENT_MARGIN
ATM_STRADDLE,ATM_STRADDLE_2020-07-31_2020-08-06,2020-07-31,20000.0,20000.0,140000.0,SKIPPED_INSUFFICIENT_MARGIN
ATM_STRADDLE,ATM_STRADDLE_2020-08-07_2020-08-13,2020-08-07,20000.0,20000.0,140000.0,SKIPPED_INSUFFICIENT_MARGIN
ATM_STRADDLE,ATM_STRADDLE_2020-08-14_2020-08-20,2020-08-14,20000.0,20000.0,140000.0,SKIPPED_INSUFFICIENT_MARGIN
ATM_STRADDLE,ATM_STRADDLE_2020-08-21_2020-08-27,2020-08-21,20000.0,20000.0,140000.0,SKIPPED_INSUFFICIENT_MARGIN
ATM_STRADDLE,ATM_STRADDLE_2020-08-28_2020-09-03,2020-08-28,20000.0,20000.0,140000.0,SKIPPED_INSUFFICIENT_MARGIN
ATM_STRADDLE,ATM_STRADDLE_2020-09-04_2020-09-10,2020-09-04,20000.0,20000.0,140000.0,SKIPPED_INSUFFICIENT_MARGIN
ATM_STRADDLE,ATM_STRADDLE_2020-09-11_2020-09-17,2020-09-11,20000.0,20000.0,140000.0,SKIPPED_INSUFFICIENT_MARGIN
ATM_STRADDLE,ATM_STRADDLE_2020-09-18_2020-09-24,2020-09-18,20000.0,20000.0,140000.0,SKIPPED_INSUFFICIENT_MARGIN
ATM_STRADDLE,ATM_STRADDLE_2020-09-25_2020-10-01,2020-09-25,20000.0,20000.0,140000.0,SKIPPED_INSUFFICIENT_MARGIN
ATM_STRADDLE,ATM_STRADDLE_2020-10-05_2020-10-08,2020-10-05,20000.0,20000.0,140000.0,SKIPPED_INSUFFICIENT_MARGIN
ATM_STRADDLE,ATM_STRADDLE_2020-10-09_2020-10-15,2020-10-09,20000.0,20000.0,140000.0,SKIPPED_INSUFFICIENT_MARGIN
ATM_STRADDLE,ATM_STRADDLE_2020-10-16_2020-10-22,2020-10-16,20000.0,20000.0,140000.0,SKIPPED_INSUFFICIENT_MARGIN
ATM_STRADDLE,ATM_STRADDLE_2020-10-23_2020-10-29,2020-10-23,20000.0,20000.0,140000.0,SKIPPED_INSUFFICIENT_MARGIN
ATM_STRADDLE,ATM_STRADDLE_2020-10-30_2020-11-05,2020-10-30,20000.0,20000.0,140000.0,SKIPPED_INSUFFICIENT_MARGIN
ATM_STRADDLE,ATM_STRADDLE_2020-11-06_2020-11-12,2020-11-06,20000.0,20000.0,140000.0,SKIPPED_INSUFFICIENT_MARGIN
ATM_STRADDLE,ATM_STRADDLE_2020-11-13_2020-11-19,2020-11-13,20000.0,20000.0,140000.0,SKIPPED_INSUFFICIENT_MARGIN
ATM_STRADDLE,ATM_STRADDLE_2020-11-20_2020-11-26,2020-11-20,20000.0,20000.0,140000.0,SKIPPED_INSUFFICIENT_MARGIN
ATM_STRADDLE,ATM_STRADDLE_2020-11-27_2020-12-03,2020-11-27,20000.0,20000.0,140000.0,SKIPPED_INSUFFICIENT_MARGIN
ATM_STRADDLE,ATM_STRADDLE_2020-12-04_2020-12-10,2020-12-04,20000.0,20000.0,140000.0,SKIPPED_INSUFFICIENT_MARGIN
ATM_STRADDLE,ATM_STRADDLE_2020-12-11_2020-12-17,2020-12-11,20000.0,20000.0,140000.0,SKIPPED_INSUFFICIENT_MARGIN
ATM_STRADDLE,ATM_STRADDLE_2020-12-18_2020-12-24,2020-12-18,20000.0,20000.0,140000.0,SKIPPED_INSUFFICIENT_MARGIN
ATM_STRADDLE,ATM_STRADDLE_2020-12-28_2020-12-31,2020-12-28,20000.0,20000.0,140000.0,SKIPPED_INSUFFICIENT_MARGIN
ATM_STRADDLE,ATM_STRADDLE_2021-01-01_2021-01-07,2021-01-01,20000.0,20000.0,140000.0,SKIPPED_INSUFFICIENT_MARGIN
ATM_STRADDLE,ATM_STRADDLE_2021-01-08_2021-01-14,2021-01-08,20000.0,20000.0,140000.0,SKIPPED_INSUFFICIENT_MARGIN
ATM_STRADDLE,ATM_STRADDLE_2021-01-15_2021-01-21,2021-01-15,20000.0,20000.0,140000.0,SKIPPED_INSUFFICIENT_MARGIN
ATM_STRADDLE,ATM_STRADDLE_2021-01-22_2021-01-28,2021-01-22,20000.0,20000.0,140000.0,SKIPPED_INSUFFICIENT_MARGIN
ATM_STRADDLE,ATM_STRADDLE_2021-01-29_2021-02-04,2021-01-29,20000.0,20000.0,140000.0,SKIPPED_INSUFFICIENT_MARGIN
ATM_STRADDLE,ATM_STRADDLE_2021-02-05_2021-02-11,2021-02-05,20000.0,20000.0,140000.0,SKIPPED_INSUFFICIENT_MARGIN
ATM_STRADDLE,ATM_STRADDLE_2021-02-12_2021-02-18,2021-02-12,20000.0,20000.0,140000.0,SKIPPED_INSUFFICIENT_MARGIN
ATM_STRADDLE,ATM_STRADDLE_2021-02-19_2021-02-25,2021-02-19,20000.0,20000.0,140000.0,SKIPPED_INSUFFICIENT_MARGIN
ATM_STRADDLE,ATM_STRADDLE_2021-02-26_2021-03-04,2021-02-26,20000.0,20000.0,140000.0,SKIPPED_INSUFFICIENT_MARGIN
ATM_STRADDLE,ATM_STRADDLE_2021-03-05_2021-03-10,2021-03-05,20000.0,20000.0,140000.0,SKIPPED_INSUFFICIENT_MARGIN
ATM_STRADDLE,ATM_STRADDLE_2021-03-12_2021-03-18,2021-03-12,20000.0,20000.0,140000.0,SKIPPED_INSUFFICIENT_MARGIN
ATM_STRADDLE,ATM_STRADDLE_2021-03-19_2021-03-25,2021-03-19,20000.0,20000.0,140000.0,SKIPPED_INSUFFICIENT_MARGIN
ATM_STRADDLE,ATM_STRADDLE_2021-03-26_2021-04-01,2021-03-26,20000.0,20000.0,140000.0,SKIPPED_INSUFFICIENT_MARGIN
ATM_STRADDLE,ATM_STRADDLE_2021-04-05_2021-04-08,2021-04-05,20000.0,20000.0,140000.0,SKIPPED_INSUFFICIENT_MARGIN
ATM_STRADDLE,ATM_STRADDLE_2021-04-09_2021-04-15,2021-04-09,20000.0,20000.0,140000.0,SKIPPED_INSUFFICIENT_MARGIN
ATM_STRADDLE,ATM_STRADDLE_2021-04-16_2021-04-22,2021-04-16,20000.0,20000.0,140000.0,SKIPPED_INSUFFICIENT_MARGIN
ATM_STRADDLE,ATM_STRADDLE_2021-04-23_2021-04-29,2021-04-23,20000.0,20000.0,140000.0,SKIPPED_INSUFFICIENT_MARGIN
ATM_STRADDLE,ATM_STRADDLE_2021-04-30_2021-05-06,2021-04-30,20000.0,20000.0,140000.0,SKIPPED_INSUFFICIENT_MARGIN
ATM_STRADDLE,ATM_STRADDLE_2021-05-07_2021-05-12,2021-05-07,20000.0,20000.0,140000.0,SKIPPED_INSUFFICIENT_MARGIN
ATM_STRADDLE,ATM_STRADDLE_2021-05-14_2021-05-20,2021-05-14,20000.0,20000.0,140000.0,SKIPPED_INSUFFICIENT_MARGIN
ATM_STRADDLE,ATM_STRADDLE_2021-05-21_2021-05-27,2021-05-21,20000.0,20000.0,140000.0,SKIPPED_INSUFFICIENT_MARGIN
ATM_STRADDLE,ATM_STRADDLE_2021-05-28_2021-06-03,2021-05-28,20000.0,20000.0,140000.0,SKIPPED_INSUFFICIENT_MARGIN
ATM_STRADDLE,ATM_STRADDLE_2021-06-04_2021-06-10,2021-06-04,20000.0,20000.0,140000.0,SKIPPED_INSUFFICIENT_MARGIN
ATM_STRADDLE,ATM_STRADDLE_2021-06-11_2021-06-17,2021-06-11,20000.0,20000.0,140000.0,SKIPPED_INSUFFICIENT_MARGIN
ATM_STRADDLE,ATM_STRADDLE_2021-06-18_2021-06-24,2021-06-18,20000.0,20000.0,140000.0,SKIPPED_INSUFFICIENT_MARGIN
ATM_STRADDLE,ATM_STRADDLE_2021-06-25_2021-07-01,2021-06-25,20000.0,20000.0,140000.0,SKIPPED_INSUFFICIENT_MARGIN
ATM_STRADDLE,ATM_STRADDLE_2021-07-02_2021-07-08,2021-07-02,20000.0,20000.0,140000.0,SKIPPED_INSUFFICIENT_MARGIN
ATM_STRADDLE,ATM_STRADDLE_2021-07-09_2021-07-15,2021-07-09,20000.0,20000.0,140000.0,SKIPPED_INSUFFICIENT_MARGIN
ATM_STRADDLE,ATM_STRADDLE_2021-07-16_2021-07-22,2021-07-16,20000.0,20000.0,140000.0,SKIPPED_INSUFFICIENT_MARGIN
ATM_STRADDLE,ATM_STRADDLE_2021-07-23_2021-07-29,2021-07-23,20000.0,20000.0,140000.0,SKIPPED_INSUFFICIENT_MARGIN
ATM_STRADDLE,ATM_STRADDLE_2021-07-30_2021-08-05,2021-07-30,20000.0,20000.0,140000.0,SKIPPED_INSUFFICIENT_MARGIN
ATM_STRADDLE,ATM_STRADDLE_2021-08-06_2021-08-12,2021-08-06,20000.0,20000.0,140000.0,SKIPPED_INSUFFICIENT_MARGIN
ATM_STRADDLE,ATM_STRADDLE_2021-08-13_2021-08-18,2021-08-13,20000.0,20000.0,140000.0,SKIPPED_INSUFFICIENT_MARGIN
ATM_STRADDLE,ATM_STRADDLE_2021-08-20_2021-08-26,2021-08-20,20000.0,20000.0,140000.0,SKIPPED_INSUFFICIENT_MARGIN
ATM_STRADDLE,ATM_STRADDLE_2021-08-27_2021-09-02,2021-08-27,20000.0,20000.0,140000.0,SKIPPED_INSUFFICIENT_MARGIN
ATM_STRADDLE,ATM_STRADDLE_2021-09-03_2021-09-09,2021-09-03,20000.0,20000.0,140000.0,SKIPPED_INSUFFICIENT_MARGIN
ATM_STRADDLE,ATM_STRADDLE_2021-09-13_2021-09-16,2021-09-13,20000.0,20000.0,140000.0,SKIPPED_INSUFFICIENT_MARGIN
ATM_STRADDLE,ATM_STRADDLE_2021-09-17_2021-09-23,2021-09-17,20000.0,20000.0,140000.0,SKIPPED_INSUFFICIENT_MARGIN
ATM_STRADDLE,ATM_STRADDLE_2021-09-24_2021-09-30,2021-09-24,20000.0,20000.0,140000.0,SKIPPED_INSUFFICIENT_MARGIN
ATM_STRADDLE,ATM_STRADDLE_2021-10-01_2021-10-07,2021-10-01,20000.0,20000.0,140000.0,SKIPPED_INSUFFICIENT_MARGIN
ATM_STRADDLE,ATM_STRADDLE_2021-10-08_2021-10-14,2021-10-08,20000.0,20000.0,140000.0,SKIPPED_INSUFFICIENT_MARGIN
ATM_STRADDLE,ATM_STRADDLE_2021-10-18_2021-10-21,2021-10-18,20000.0,20000.0,140000.0,SKIPPED_INSUFFICIENT_MARGIN
ATM_STRADDLE,ATM_STRADDLE_2021-10-22_2021-10-28,2021-10-22,20000.0,20000.0,140000.0,SKIPPED_INSUFFICIENT_MARGIN
ATM_STRADDLE,ATM_STRADDLE_2021-10-29_2021-11-03,2021-10-29,20000.0,20000.0,140000.0,SKIPPED_INSUFFICIENT_MARGIN
ATM_STRADDLE,ATM_STRADDLE_2021-11-04_2021-11-11,2021-11-04,20000.0,20000.0,140000.0,SKIPPED_INSUFFICIENT_MARGIN
ATM_STRADDLE,ATM_STRADDLE_2021-11-12_2021-11-18,2021-11-12,20000.0,20000.0,140000.0,SKIPPED_INSUFFICIENT_MARGIN
ATM_STRADDLE,ATM_STRADDLE_2021-11-22_2021-11-25,2021-11-22,20000.0,20000.0,140000.0,SKIPPED_INSUFFICIENT_MARGIN
ATM_STRADDLE,ATM_STRADDLE_2021-11-26_2021-12-02,2021-11-26,20000.0,20000.0,140000.0,SKIPPED_INSUFFICIENT_MARGIN
ATM_STRADDLE,ATM_STRADDLE_2021-12-03_2021-12-09,2021-12-03,20000.0,20000.0,140000.0,SKIPPED_INSUFFICIENT_MARGIN
ATM_STRADDLE,ATM_STRADDLE_2021-12-10_2021-12-16,2021-12-10,20000.0,20000.0,140000.0,SKIPPED_INSUFFICIENT_MARGIN
ATM_STRADDLE,ATM_STRADDLE_2021-12-17_2021-12-23,2021-12-17,20000.0,20000.0,140000.0,SKIPPED_INSUFFICIENT_MARGIN
ATM_STRADDLE,ATM_STRADDLE_2021-12-24_2021-12-30,2021-12-24,20000.0,20000.0,140000.0,SKIPPED_INSUFFICIENT_MARGIN
ATM_STRADDLE,ATM_STRADDLE_2021-12-31_2022-01-06,2021-12-31,20000.0,20000.0,140000.0,SKIPPED_INSUFFICIENT_MARGIN
ATM_STRADDLE,ATM_STRADDLE_2022-01-07_2022-01-13,2022-01-07,20000.0,20000.0,140000.0,SKIPPED_INSUFFICIENT_MARGIN
ATM_STRADDLE,ATM_STRADDLE_2022-01-14_2022-01-20,2022-01-14,20000.0,20000.0,140000.0,SKIPPED_INSUFFICIENT_MARGIN
ATM_STRADDLE,ATM_STRADDLE_2022-01-21_2022-01-27,2022-01-21,20000.0,20000.0,140000.0,SKIPPED_INSUFFICIENT_MARGIN
ATM_STRADDLE,ATM_STRADDLE_2022-01-28_2022-02-03,2022-01-28,20000.0,20000.0,140000.0,SKIPPED_INSUFFICIENT_MARGIN
ATM_STRADDLE,ATM_STRADDLE_2022-02-04_2022-02-10,2022-02-04,20000.0,20000.0,140000.0,SKIPPED_INSUFFICIENT_MARGIN
ATM_STRADDLE,ATM_STRADDLE_2022-02-11_2022-02-17,2022-02-11,20000.0,20000.0,140000.0,SKIPPED_INSUFFICIENT_MARGIN
ATM_STRADDLE,ATM_STRADDLE_2022-02-18_2022-02-24,2022-02-18,20000.0,20000.0,140000.0,SKIPPED_INSUFFICIENT_MARGIN
ATM_STRADDLE,ATM_STRADDLE_2022-02-25_2022-03-03,2022-02-25,20000.0,20000.0,140000.0,SKIPPED_INSUFFICIENT_MARGIN
ATM_STRADDLE,ATM_STRADDLE_2022-03-04_2022-03-10,2022-03-04,20000.0,20000.0,140000.0,SKIPPED_INSUFFICIENT_MARGIN
ATM_STRADDLE,ATM_STRADDLE_2022-03-11_2022-03-17,2022-03-11,20000.0,20000.0,140000.0,SKIPPED_INSUFFICIENT_MARGIN
ATM_STRADDLE,ATM_STRADDLE_2022-03-21_2022-03-24,2022-03-21,20000.0,20000.0,140000.0,SKIPPED_INSUFFICIENT_MARGIN
ATM_STRADDLE,ATM_STRADDLE_2022-03-25_2022-03-31,2022-03-25,20000.0,20000.0,140000.0,SKIPPED_INSUFFICIENT_MARGIN
ATM_STRADDLE,ATM_STRADDLE_2022-04-01_2022-04-07,2022-04-01,20000.0,20000.0,140000.0,SKIPPED_INSUFFICIENT_MARGIN
ATM_STRADDLE,ATM_STRADDLE_2022-04-08_2022-04-13,2022-04-08,20000.0,20000.0,140000.0,SKIPPED_INSUFFICIENT_MARGIN
ATM_STRADDLE,ATM_STRADDLE_2022-04-18_2022-04-21,2022-04-18,20000.0,20000.0,140000.0,SKIPPED_INSUFFICIENT_MARGIN
ATM_STRADDLE,ATM_STRADDLE_2022-04-22_2022-04-28,2022-04-22,20000.0,20000.0,140000.0,SKIPPED_INSUFFICIENT_MARGIN
ATM_STRADDLE,ATM_STRADDLE_2022-04-29_2022-05-05,2022-04-29,20000.0,20000.0,140000.0,SKIPPED_INSUFFICIENT_MARGIN
ATM_STRADDLE,ATM_STRADDLE_2022-05-06_2022-05-12,2022-05-06,20000.0,20000.0,140000.0,SKIPPED_INSUFFICIENT_MARGIN
ATM_STRADDLE,ATM_STRADDLE_2022-05-13_2022-05-19,2022-05-13,20000.0,20000.0,140000.0,SKIPPED_INSUFFICIENT_MARGIN
ATM_STRADDLE,ATM_STRADDLE_2022-05-20_2022-05-26,2022-05-20,20000.0,20000.0,140000.0,SKIPPED_INSUFFICIENT_MARGIN
ATM_STRADDLE,ATM_STRADDLE_2022-05-27_2022-06-02,2022-05-27,20000.0,20000.0,140000.0,SKIPPED_INSUFFICIENT_MARGIN
ATM_STRADDLE,ATM_STRADDLE_2022-06-03_2022-06-09,2022-06-03,20000.0,20000.0,140000.0,SKIPPED_INSUFFICIENT_MARGIN
ATM_STRADDLE,ATM_STRADDLE_2022-06-10_2022-06-16,2022-06-10,20000.0,20000.0,140000.0,SKIPPED_INSUFFICIENT_MARGIN
ATM_STRADDLE,ATM_STRADDLE_2022-06-17_2022-06-23,2022-06-17,20000.0,20000.0,140000.0,SKIPPED_INSUFFICIENT_MARGIN
ATM_STRADDLE,ATM_STRADDLE_2022-06-24_2022-06-30,2022-06-24,20000.0,20000.0,140000.0,SKIPPED_INSUFFICIENT_MARGIN
ATM_STRADDLE,ATM_STRADDLE_2022-07-01_2022-07-07,2022-07-01,20000.0,20000.0,140000.0,SKIPPED_INSUFFICIENT_MARGIN
ATM_STRADDLE,ATM_STRADDLE_2022-07-08_2022-07-14,2022-07-08,20000.0,20000.0,140000.0,SKIPPED_INSUFFICIENT_MARGIN
ATM_STRADDLE,ATM_STRADDLE_2022-07-15_2022-07-21,2022-07-15,20000.0,20000.0,140000.0,SKIPPED_INSUFFICIENT_MARGIN
ATM_STRADDLE,ATM_STRADDLE_2022-07-22_2022-07-28,2022-07-22,20000.0,20000.0,140000.0,SKIPPED_INSUFFICIENT_MARGIN
ATM_STRADDLE,ATM_STRADDLE_2022-07-29_2022-08-04,2022-07-29,20000.0,20000.0,140000.0,SKIPPED_INSUFFICIENT_MARGIN
ATM_STRADDLE,ATM_STRADDLE_2022-08-05_2022-08-11,2022-08-05,20000.0,20000.0,140000.0,SKIPPED_INSUFFICIENT_MARGIN
ATM_STRADDLE,ATM_STRADDLE_2022-08-12_2022-08-18,2022-08-12,20000.0,20000.0,140000.0,SKIPPED_INSUFFICIENT_MARGIN
ATM_STRADDLE,ATM_STRADDLE_2022-08-19_2022-08-25,2022-08-19,20000.0,20000.0,140000.0,SKIPPED_INSUFFICIENT_MARGIN
ATM_STRADDLE,ATM_STRADDLE_2022-08-26_2022-09-01,2022-08-26,20000.0,20000.0,140000.0,SKIPPED_INSUFFICIENT_MARGIN
ATM_STRADDLE,ATM_STRADDLE_2022-09-02_2022-09-08,2022-09-02,20000.0,20000.0,140000.0,SKIPPED_INSUFFICIENT_MARGIN
ATM_STRADDLE,ATM_STRADDLE_2022-09-09_2022-09-15,2022-09-09,20000.0,20000.0,140000.0,SKIPPED_INSUFFICIENT_MARGIN
ATM_STRADDLE,ATM_STRADDLE_2022-09-16_2022-09-22,2022-09-16,20000.0,20000.0,140000.0,SKIPPED_INSUFFICIENT_MARGIN
ATM_STRADDLE,ATM_STRADDLE_2022-09-23_2022-09-29,2022-09-23,20000.0,20000.0,140000.0,SKIPPED_INSUFFICIENT_MARGIN
ATM_STRADDLE,ATM_STRADDLE_2022-09-30_2022-10-06,2022-09-30,20000.0,20000.0,140000.0,SKIPPED_INSUFFICIENT_MARGIN
ATM_STRADDLE,ATM_STRADDLE_2022-10-07_2022-10-13,2022-10-07,20000.0,20000.0,140000.0,SKIPPED_INSUFFICIENT_MARGIN
ATM_STRADDLE,ATM_STRADDLE_2022-10-14_2022-10-20,2022-10-14,20000.0,20000.0,140000.0,SKIPPED_INSUFFICIENT_MARGIN
ATM_STRADDLE,ATM_STRADDLE_2022-10-21_2022-10-27,2022-10-21,20000.0,20000.0,140000.0,SKIPPED_INSUFFICIENT_MARGIN
ATM_STRADDLE,ATM_STRADDLE_2022-10-28_2022-11-03,2022-10-28,20000.0,20000.0,140000.0,SKIPPED_INSUFFICIENT_MARGIN
ATM_STRADDLE,ATM_STRADDLE_2022-11-04_2022-11-10,2022-11-04,20000.0,20000.0,140000.0,SKIPPED_INSUFFICIENT_MARGIN
ATM_STRADDLE,ATM_STRADDLE_2022-11-11_2022-11-17,2022-11-11,20000.0,20000.0,140000.0,SKIPPED_INSUFFICIENT_MARGIN
ATM_STRADDLE,ATM_STRADDLE_2022-11-18_2022-11-24,2022-11-18,20000.0,20000.0,140000.0,SKIPPED_INSUFFICIENT_MARGIN
ATM_STRADDLE,ATM_STRADDLE_2022-11-25_2022-12-01,2022-11-25,20000.0,20000.0,140000.0,SKIPPED_INSUFFICIENT_MARGIN
ATM_STRADDLE,ATM_STRADDLE_2022-12-02_2022-12-08,2022-12-02,20000.0,20000.0,140000.0,SKIPPED_INSUFFICIENT_MARGIN
ATM_STRADDLE,ATM_STRADDLE_2022-12-09_2022-12-15,2022-12-09,20000.0,20000.0,140000.0,SKIPPED_INSUFFICIENT_MARGIN
ATM_STRADDLE,ATM_STRADDLE_2022-12-16_2022-12-22,2022-12-16,20000.0,20000.0,140000.0,SKIPPED_INSUFFICIENT_MARGIN
ATM_STRADDLE,ATM_STRADDLE_2022-12-23_2022-12-29,2022-12-23,20000.0,20000.0,140000.0,SKIPPED_INSUFFICIENT_MARGIN
ATM_STRADDLE,ATM_STRADDLE_2022-12-30_2023-01-05,2022-12-30,20000.0,20000.0,140000.0,SKIPPED_INSUFFICIENT_MARGIN
ATM_STRADDLE,ATM_STRADDLE_2023-01-06_2023-01-12,2023-01-06,20000.0,20000.0,140000.0,SKIPPED_INSUFFICIENT_MARGIN
ATM_STRADDLE,ATM_STRADDLE_2023-01-13_2023-01-19,2023-01-13,20000.0,20000.0,140000.0,SKIPPED_INSUFFICIENT_MARGIN
ATM_STRADDLE,ATM_STRADDLE_2023-01-20_2023-01-25,2023-01-20,20000.0,20000.0,140000.0,SKIPPED_INSUFFICIENT_MARGIN
ATM_STRADDLE,ATM_STRADDLE_2023-01-27_2023-02-02,2023-01-27,20000.0,20000.0,140000.0,SKIPPED_INSUFFICIENT_MARGIN
ATM_STRADDLE,ATM_STRADDLE_2023-02-03_2023-02-09,2023-02-03,20000.0,20000.0,140000.0,SKIPPED_INSUFFICIENT_MARGIN
ATM_STRADDLE,ATM_STRADDLE_2023-02-10_2023-02-16,2023-02-10,20000.0,20000.0,140000.0,SKIPPED_INSUFFICIENT_MARGIN
ATM_STRADDLE,ATM_STRADDLE_2023-02-17_2023-02-23,2023-02-17,20000.0,20000.0,140000.0,SKIPPED_INSUFFICIENT_MARGIN
ATM_STRADDLE,ATM_STRADDLE_2023-02-24_2023-03-02,2023-02-24,20000.0,20000.0,140000.0,SKIPPED_INSUFFICIENT_MARGIN
ATM_STRADDLE,ATM_STRADDLE_2023-03-03_2023-03-09,2023-03-03,20000.0,20000.0,140000.0,SKIPPED_INSUFFICIENT_MARGIN
ATM_STRADDLE,ATM_STRADDLE_2023-03-10_2023-03-16,2023-03-10,20000.0,20000.0,140000.0,SKIPPED_INSUFFICIENT_MARGIN
ATM_STRADDLE,ATM_STRADDLE_2023-03-17_2023-03-23,2023-03-17,20000.0,20000.0,140000.0,SKIPPED_INSUFFICIENT_MARGIN
ATM_STRADDLE,ATM_STRADDLE_2023-03-24_2023-03-29,2023-03-24,20000.0,20000.0,140000.0,SKIPPED_INSUFFICIENT_MARGIN
ATM_STRADDLE,ATM_STRADDLE_2023-03-31_2023-04-06,2023-03-31,20000.0,20000.0,140000.0,SKIPPED_INSUFFICIENT_MARGIN
ATM_STRADDLE,ATM_STRADDLE_2023-04-10_2023-04-13,2023-04-10,20000.0,20000.0,140000.0,SKIPPED_INSUFFICIENT_MARGIN
ATM_STRADDLE,ATM_STRADDLE_2023-04-17_2023-04-20,2023-04-17,20000.0,20000.0,140000.0,SKIPPED_INSUFFICIENT_MARGIN
ATM_STRADDLE,ATM_STRADDLE_2023-04-21_2023-04-27,2023-04-21,20000.0,20000.0,140000.0,SKIPPED_INSUFFICIENT_MARGIN
ATM_STRADDLE,ATM_STRADDLE_2023-04-28_2023-05-04,2023-04-28,20000.0,20000.0,140000.0,SKIPPED_INSUFFICIENT_MARGIN
ATM_STRADDLE,ATM_STRADDLE_2023-05-05_2023-05-11,2023-05-05,20000.0,20000.0,140000.0,SKIPPED_INSUFFICIENT_MARGIN
ATM_STRADDLE,ATM_STRADDLE_2023-05-12_2023-05-18,2023-05-12,20000.0,20000.0,140000.0,SKIPPED_INSUFFICIENT_MARGIN
ATM_STRADDLE,ATM_STRADDLE_2023-05-19_2023-05-25,2023-05-19,20000.0,20000.0,140000.0,SKIPPED_INSUFFICIENT_MARGIN
ATM_STRADDLE,ATM_STRADDLE_2023-05-26_2023-06-01,2023-05-26,20000.0,20000.0,140000.0,SKIPPED_INSUFFICIENT_MARGIN
ATM_STRADDLE,ATM_STRADDLE_2023-06-02_2023-06-08,2023-06-02,20000.0,20000.0,140000.0,SKIPPED_INSUFFICIENT_MARGIN
ATM_STRADDLE,ATM_STRADDLE_2023-06-09_2023-06-15,2023-06-09,20000.0,20000.0,140000.0,SKIPPED_INSUFFICIENT_MARGIN
ATM_STRADDLE,ATM_STRADDLE_2023-06-16_2023-06-22,2023-06-16,20000.0,20000.0,140000.0,SKIPPED_INSUFFICIENT_MARGIN
ATM_STRADDLE,ATM_STRADDLE_2023-06-30_2023-07-06,2023-06-30,20000.0,20000.0,140000.0,SKIPPED_INSUFFICIENT_MARGIN
ATM_STRADDLE,ATM_STRADDLE_2023-07-07_2023-07-13,2023-07-07,20000.0,20000.0,140000.0,SKIPPED_INSUFFICIENT_MARGIN
ATM_STRADDLE,ATM_STRADDLE_2023-07-14_2023-07-20,2023-07-14,20000.0,20000.0,140000.0,SKIPPED_INSUFFICIENT_MARGIN
ATM_STRADDLE,ATM_STRADDLE_2023-07-21_2023-07-27,2023-07-21,20000.0,20000.0,140000.0,SKIPPED_INSUFFICIENT_MARGIN
ATM_STRADDLE,ATM_STRADDLE_2023-07-28_2023-08-03,2023-07-28,20000.0,20000.0,140000.0,SKIPPED_INSUFFICIENT_MARGIN
ATM_STRADDLE,ATM_STRADDLE_2023-08-04_2023-08-10,2023-08-04,20000.0,20000.0,140000.0,SKIPPED_INSUFFICIENT_MARGIN
ATM_STRADDLE,ATM_STRADDLE_2023-08-11_2023-08-17,2023-08-11,20000.0,20000.0,140000.0,SKIPPED_INSUFFICIENT_MARGIN
ATM_STRADDLE,ATM_STRADDLE_2023-08-18_2023-08-24,2023-08-18,20000.0,20000.0,140000.0,SKIPPED_INSUFFICIENT_MARGIN
ATM_STRADDLE,ATM_STRADDLE_2023-08-25_2023-08-31,2023-08-25,20000.0,20000.0,140000.0,SKIPPED_INSUFFICIENT_MARGIN
ATM_STRADDLE,ATM_STRADDLE_2023-09-01_2023-09-07,2023-09-01,20000.0,20000.0,140000.0,SKIPPED_INSUFFICIENT_MARGIN
ATM_STRADDLE,ATM_STRADDLE_2023-09-08_2023-09-14,2023-09-08,20000.0,20000.0,140000.0,SKIPPED_INSUFFICIENT_MARGIN
ATM_STRADDLE,ATM_STRADDLE_2023-09-15_2023-09-21,2023-09-15,20000.0,20000.0,140000.0,SKIPPED_INSUFFICIENT_MARGIN
ATM_STRADDLE,ATM_STRADDLE_2023-09-22_2023-09-28,2023-09-22,20000.0,20000.0,140000.0,SKIPPED_INSUFFICIENT_MARGIN
ATM_STRADDLE,ATM_STRADDLE_2023-09-29_2023-10-05,2023-09-29,20000.0,20000.0,140000.0,SKIPPED_INSUFFICIENT_MARGIN
ATM_STRADDLE,ATM_STRADDLE_2023-10-06_2023-10-12,2023-10-06,20000.0,20000.0,140000.0,SKIPPED_INSUFFICIENT_MARGIN
ATM_STRADDLE,ATM_STRADDLE_2023-10-13_2023-10-19,2023-10-13,20000.0,20000.0,140000.0,SKIPPED_INSUFFICIENT_MARGIN
ATM_STRADDLE,ATM_STRADDLE_2023-10-20_2023-10-26,2023-10-20,20000.0,20000.0,140000.0,SKIPPED_INSUFFICIENT_MARGIN
ATM_STRADDLE,ATM_STRADDLE_2023-10-27_2023-11-02,2023-10-27,20000.0,20000.0,140000.0,SKIPPED_INSUFFICIENT_MARGIN
ATM_STRADDLE,ATM_STRADDLE_2023-11-03_2023-11-09,2023-11-03,20000.0,20000.0,140000.0,SKIPPED_INSUFFICIENT_MARGIN
ATM_STRADDLE,ATM_STRADDLE_2023-11-10_2023-11-16,2023-11-10,20000.0,20000.0,140000.0,SKIPPED_INSUFFICIENT_MARGIN
ATM_STRADDLE,ATM_STRADDLE_2023-11-17_2023-11-23,2023-11-17,20000.0,20000.0,140000.0,SKIPPED_INSUFFICIENT_MARGIN
ATM_STRADDLE,ATM_STRADDLE_2023-11-24_2023-11-30,2023-11-24,20000.0,20000.0,140000.0,SKIPPED_INSUFFICIENT_MARGIN
ATM_STRADDLE,ATM_STRADDLE_2023-12-01_2023-12-07,2023-12-01,20000.0,20000.0,140000.0,SKIPPED_INSUFFICIENT_MARGIN
ATM_STRADDLE,ATM_STRADDLE_2023-12-08_2023-12-14,2023-12-08,20000.0,20000.0,140000.0,SKIPPED_INSUFFICIENT_MARGIN
ATM_STRADDLE,ATM_STRADDLE_2023-12-15_2023-12-21,2023-12-15,20000.0,20000.0,140000.0,SKIPPED_INSUFFICIENT_MARGIN
ATM_STRADDLE,ATM_STRADDLE_2023-12-22_2023-12-28,2023-12-22,20000.0,20000.0,140000.0,SKIPPED_INSUFFICIENT_MARGIN
ATM_STRADDLE,ATM_STRADDLE_2023-12-29_2024-01-04,2023-12-29,20000.0,20000.0,140000.0,SKIPPED_INSUFFICIENT_MARGIN
ATM_STRADDLE,ATM_STRADDLE_2024-01-05_2024-01-11,2024-01-05,20000.0,20000.0,140000.0,SKIPPED_INSUFFICIENT_MARGIN
ATM_STRADDLE,ATM_STRADDLE_2024-01-12_2024-01-18,2024-01-12,20000.0,20000.0,140000.0,SKIPPED_INSUFFICIENT_MARGIN
ATM_STRADDLE,ATM_STRADDLE_2024-01-19_2024-01-25,2024-01-19,20000.0,20000.0,140000.0,SKIPPED_INSUFFICIENT_MARGIN
ATM_STRADDLE,ATM_STRADDLE_2024-01-29_2024-02-01,2024-01-29,20000.0,20000.0,140000.0,SKIPPED_INSUFFICIENT_MARGIN
ATM_STRADDLE,ATM_STRADDLE_2024-02-02_2024-02-08,2024-02-02,20000.0,20000.0,140000.0,SKIPPED_INSUFFICIENT_MARGIN
ATM_STRADDLE,ATM_STRADDLE_2024-02-09_2024-02-15,2024-02-09,20000.0,20000.0,140000.0,SKIPPED_INSUFFICIENT_MARGIN
ATM_STRADDLE,ATM_STRADDLE_2024-02-16_2024-02-22,2024-02-16,20000.0,20000.0,140000.0,SKIPPED_INSUFFICIENT_MARGIN
ATM_STRADDLE,ATM_STRADDLE_2024-02-23_2024-02-29,2024-02-23,20000.0,20000.0,140000.0,SKIPPED_INSUFFICIENT_MARGIN
ATM_STRADDLE,ATM_STRADDLE_2024-03-01_2024-03-07,2024-03-01,20000.0,20000.0,140000.0,SKIPPED_INSUFFICIENT_MARGIN
ATM_STRADDLE,ATM_STRADDLE_2024-03-11_2024-03-14,2024-03-11,20000.0,20000.0,140000.0,SKIPPED_INSUFFICIENT_MARGIN
ATM_STRADDLE,ATM_STRADDLE_2024-03-15_2024-03-21,2024-03-15,20000.0,20000.0,140000.0,SKIPPED_INSUFFICIENT_MARGIN
ATM_STRADDLE,ATM_STRADDLE_2024-03-22_2024-03-28,2024-03-22,20000.0,20000.0,140000.0,SKIPPED_INSUFFICIENT_MARGIN
ATM_STRADDLE,ATM_STRADDLE_2024-04-01_2024-04-04,2024-04-01,20000.0,20000.0,140000.0,SKIPPED_INSUFFICIENT_MARGIN
ATM_STRADDLE,ATM_STRADDLE_2024-04-05_2024-04-10,2024-04-05,20000.0,20000.0,140000.0,SKIPPED_INSUFFICIENT_MARGIN
ATM_STRADDLE,ATM_STRADDLE_2024-04-12_2024-04-18,2024-04-12,20000.0,20000.0,140000.0,SKIPPED_INSUFFICIENT_MARGIN
ATM_STRADDLE,ATM_STRADDLE_2024-04-19_2024-04-25,2024-04-19,20000.0,20000.0,140000.0,SKIPPED_INSUFFICIENT_MARGIN
ATM_STRADDLE,ATM_STRADDLE_2024-04-26_2024-05-02,2024-04-26,20000.0,20000.0,140000.0,SKIPPED_INSUFFICIENT_MARGIN
ATM_STRADDLE,ATM_STRADDLE_2024-05-03_2024-05-09,2024-05-03,20000.0,20000.0,140000.0,SKIPPED_INSUFFICIENT_MARGIN
ATM_STRADDLE,ATM_STRADDLE_2024-05-10_2024-05-16,2024-05-10,20000.0,20000.0,140000.0,SKIPPED_INSUFFICIENT_MARGIN
ATM_STRADDLE,ATM_STRADDLE_2024-05-17_2024-05-23,2024-05-17,20000.0,20000.0,140000.0,SKIPPED_INSUFFICIENT_MARGIN
ATM_STRADDLE,ATM_STRADDLE_2024-05-24_2024-05-30,2024-05-24,20000.0,20000.0,140000.0,SKIPPED_INSUFFICIENT_MARGIN
ATM_STRADDLE,ATM_STRADDLE_2024-05-31_2024-06-06,2024-05-31,20000.0,20000.0,140000.0,SKIPPED_INSUFFICIENT_MARGIN
ATM_STRADDLE,ATM_STRADDLE_2024-06-07_2024-06-13,2024-06-07,20000.0,20000.0,140000.0,SKIPPED_INSUFFICIENT_MARGIN
ATM_STRADDLE,ATM_STRADDLE_2024-06-14_2024-06-20,2024-06-14,20000.0,20000.0,140000.0,SKIPPED_INSUFFICIENT_MARGIN
ATM_STRADDLE,ATM_STRADDLE_2024-06-21_2024-06-27,2024-06-21,20000.0,20000.0,140000.0,SKIPPED_INSUFFICIENT_MARGIN
ATM_STRADDLE,ATM_STRADDLE_2024-06-28_2024-07-04,2024-06-28,20000.0,20000.0,140000.0,SKIPPED_INSUFFICIENT_MARGIN
ATM_STRADDLE,ATM_STRADDLE_2024-07-05_2024-07-11,2024-07-05,20000.0,20000.0,140000.0,SKIPPED_INSUFFICIENT_MARGIN
ATM_STRADDLE,ATM_STRADDLE_2024-07-12_2024-07-18,2024-07-12,20000.0,20000.0,140000.0,SKIPPED_INSUFFICIENT_MARGIN
ATM_STRADDLE,ATM_STRADDLE_2024-07-19_2024-07-25,2024-07-19,20000.0,20000.0,140000.0,SKIPPED_INSUFFICIENT_MARGIN
ATM_STRADDLE,ATM_STRADDLE_2024-07-26_2024-08-01,2024-07-26,20000.0,20000.0,140000.0,SKIPPED_INSUFFICIENT_MARGIN
ATM_STRADDLE,ATM_STRADDLE_2024-08-02_2024-08-08,2024-08-02,20000.0,20000.0,140000.0,SKIPPED_INSUFFICIENT_MARGIN
ATM_STRADDLE,ATM_STRADDLE_2024-08-09_2024-08-14,2024-08-09,20000.0,20000.0,140000.0,SKIPPED_INSUFFICIENT_MARGIN
ATM_STRADDLE,ATM_STRADDLE_2024-08-16_2024-08-22,2024-08-16,20000.0,20000.0,140000.0,SKIPPED_INSUFFICIENT_MARGIN
ATM_STRADDLE,ATM_STRADDLE_2024-08-23_2024-08-29,2024-08-23,20000.0,20000.0,140000.0,SKIPPED_INSUFFICIENT_MARGIN
ATM_STRADDLE,ATM_STRADDLE_2024-08-30_2024-09-05,2024-08-30,20000.0,20000.0,140000.0,SKIPPED_INSUFFICIENT_MARGIN
ATM_STRADDLE,ATM_STRADDLE_2024-09-06_2024-09-12,2024-09-06,20000.0,20000.0,140000.0,SKIPPED_INSUFFICIENT_MARGIN
ATM_STRADDLE,ATM_STRADDLE_2024-09-13_2024-09-19,2024-09-13,20000.0,20000.0,140000.0,SKIPPED_INSUFFICIENT_MARGIN
ATM_STRADDLE,ATM_STRADDLE_2024-09-20_2024-09-26,2024-09-20,20000.0,20000.0,140000.0,SKIPPED_INSUFFICIENT_MARGIN
ATM_STRADDLE,ATM_STRADDLE_2024-09-27_2024-10-03,2024-09-27,20000.0,20000.0,140000.0,SKIPPED_INSUFFICIENT_MARGIN
ATM_STRADDLE,ATM_STRADDLE_2024-10-04_2024-10-10,2024-10-04,20000.0,20000.0,140000.0,SKIPPED_INSUFFICIENT_MARGIN
ATM_STRADDLE,ATM_STRADDLE_2024-10-11_2024-10-17,2024-10-11,20000.0,20000.0,140000.0,SKIPPED_INSUFFICIENT_MARGIN
ATM_STRADDLE,ATM_STRADDLE_2024-10-18_2024-10-24,2024-10-18,20000.0,20000.0,140000.0,SKIPPED_INSUFFICIENT_MARGIN
ATM_STRADDLE,ATM_STRADDLE_2024-10-25_2024-10-31,2024-10-25,20000.0,20000.0,140000.0,SKIPPED_INSUFFICIENT_MARGIN
ATM_STRADDLE,ATM_STRADDLE_2024-11-01_2024-11-07,2024-11-01,20000.0,20000.0,140000.0,SKIPPED_INSUFFICIENT_MARGIN
ATM_STRADDLE,ATM_STRADDLE_2024-11-08_2024-11-14,2024-11-08,20000.0,20000.0,140000.0,SKIPPED_INSUFFICIENT_MARGIN
ATM_STRADDLE,ATM_STRADDLE_2024-11-18_2024-11-21,2024-11-18,20000.0,20000.0,140000.0,SKIPPED_INSUFFICIENT_MARGIN
ATM_STRADDLE,ATM_STRADDLE_2024-11-22_2024-11-28,2024-11-22,20000.0,20000.0,140000.0,SKIPPED_INSUFFICIENT_MARGIN
ATM_STRADDLE,ATM_STRADDLE_2024-11-29_2024-12-05,2024-11-29,20000.0,20000.0,140000.0,SKIPPED_INSUFFICIENT_MARGIN
ATM_STRADDLE,ATM_STRADDLE_2024-12-06_2024-12-12,2024-12-06,20000.0,20000.0,140000.0,SKIPPED_INSUFFICIENT_MARGIN
ATM_STRADDLE,ATM_STRADDLE_2024-12-13_2024-12-19,2024-12-13,20000.0,20000.0,140000.0,SKIPPED_INSUFFICIENT_MARGIN
ATM_STRADDLE,ATM_STRADDLE_2024-12-20_2024-12-26,2024-12-20,20000.0,20000.0,140000.0,SKIPPED_INSUFFICIENT_MARGIN
ATM_STRADDLE,ATM_STRADDLE_2024-12-27_2025-01-02,2024-12-27,20000.0,20000.0,140000.0,SKIPPED_INSUFFICIENT_MARGIN
ATM_STRADDLE,ATM_STRADDLE_2025-01-03_2025-01-09,2025-01-03,20000.0,20000.0,140000.0,SKIPPED_INSUFFICIENT_MARGIN
ATM_STRADDLE,ATM_STRADDLE_2025-01-10_2025-01-16,2025-01-10,20000.0,20000.0,140000.0,SKIPPED_INSUFFICIENT_MARGIN
ATM_STRADDLE,ATM_STRADDLE_2025-01-17_2025-01-23,2025-01-17,20000.0,20000.0,140000.0,SKIPPED_INSUFFICIENT_MARGIN
ATM_STRADDLE,ATM_STRADDLE_2025-01-24_2025-01-30,2025-01-24,20000.0,20000.0,140000.0,SKIPPED_INSUFFICIENT_MARGIN
ATM_STRADDLE,ATM_STRADDLE_2025-01-31_2025-02-06,2025-01-31,20000.0,20000.0,140000.0,SKIPPED_INSUFFICIENT_MARGIN
ATM_STRADDLE,ATM_STRADDLE_2025-02-07_2025-02-13,2025-02-07,20000.0,20000.0,140000.0,SKIPPED_INSUFFICIENT_MARGIN
ATM_STRADDLE,ATM_STRADDLE_2025-02-14_2025-02-20,2025-02-14,20000.0,20000.0,140000.0,SKIPPED_INSUFFICIENT_MARGIN
ATM_STRADDLE,ATM_STRADDLE_2025-02-21_2025-02-27,2025-02-21,20000.0,20000.0,140000.0,SKIPPED_INSUFFICIENT_MARGIN
ATM_STRADDLE,ATM_STRADDLE_2025-02-28_2025-03-06,2025-02-28,20000.0,20000.0,140000.0,SKIPPED_INSUFFICIENT_MARGIN
ATM_STRADDLE,ATM_STRADDLE_2025-03-07_2025-03-13,2025-03-07,20000.0,20000.0,140000.0,SKIPPED_INSUFFICIENT_MARGIN
ATM_STRADDLE,ATM_STRADDLE_2025-03-17_2025-03-20,2025-03-17,20000.0,20000.0,140000.0,SKIPPED_INSUFFICIENT_MARGIN
ATM_STRADDLE,ATM_STRADDLE_2025-03-21_2025-03-27,2025-03-21,20000.0,20000.0,140000.0,SKIPPED_INSUFFICIENT_MARGIN
ATM_STRADDLE,ATM_STRADDLE_2025-03-28_2025-04-03,2025-03-28,20000.0,20000.0,140000.0,SKIPPED_INSUFFICIENT_MARGIN
ATM_STRADDLE,ATM_STRADDLE_2025-04-04_2025-04-09,2025-04-04,20000.0,20000.0,140000.0,SKIPPED_INSUFFICIENT_MARGIN
ATM_STRADDLE,ATM_STRADDLE_2025-04-11_2025-04-17,2025-04-11,20000.0,20000.0,140000.0,SKIPPED_INSUFFICIENT_MARGIN
ATM_STRADDLE,ATM_STRADDLE_2025-04-21_2025-04-24,2025-04-21,20000.0,20000.0,140000.0,SKIPPED_INSUFFICIENT_MARGIN
ATM_STRADDLE,ATM_STRADDLE_2025-04-25_2025-04-30,2025-04-25,20000.0,20000.0,140000.0,SKIPPED_INSUFFICIENT_MARGIN
ATM_STRADDLE,ATM_STRADDLE_2025-05-02_2025-05-08,2025-05-02,20000.0,20000.0,140000.0,SKIPPED_INSUFFICIENT_MARGIN
ATM_STRADDLE,ATM_STRADDLE_2025-05-09_2025-05-15,2025-05-09,20000.0,20000.0,140000.0,SKIPPED_INSUFFICIENT_MARGIN
ATM_STRADDLE,ATM_STRADDLE_2025-05-16_2025-05-22,2025-05-16,20000.0,20000.0,140000.0,SKIPPED_INSUFFICIENT_MARGIN
ATM_STRADDLE,ATM_STRADDLE_2025-05-23_2025-05-29,2025-05-23,20000.0,20000.0,140000.0,SKIPPED_INSUFFICIENT_MARGIN
ATM_STRADDLE,ATM_STRADDLE_2025-05-30_2025-06-05,2025-05-30,20000.0,20000.0,140000.0,SKIPPED_INSUFFICIENT_MARGIN
ATM_STRADDLE,ATM_STRADDLE_2025-06-06_2025-06-12,2025-06-06,20000.0,20000.0,140000.0,SKIPPED_INSUFFICIENT_MARGIN
ATM_STRADDLE,ATM_STRADDLE_2025-06-13_2025-06-19,2025-06-13,20000.0,20000.0,140000.0,SKIPPED_INSUFFICIENT_MARGIN
ATM_STRADDLE,ATM_STRADDLE_2025-06-20_2025-06-26,2025-06-20,20000.0,20000.0,140000.0,SKIPPED_INSUFFICIENT_MARGIN
ATM_STRADDLE,ATM_STRADDLE_2025-06-27_2025-07-03,2025-06-27,20000.0,20000.0,140000.0,SKIPPED_INSUFFICIENT_MARGIN
ATM_STRADDLE,ATM_STRADDLE_2025-07-04_2025-07-10,2025-07-04,20000.0,20000.0,140000.0,SKIPPED_INSUFFICIENT_MARGIN
ATM_STRADDLE,ATM_STRADDLE_2025-07-11_2025-07-17,2025-07-11,20000.0,20000.0,140000.0,SKIPPED_INSUFFICIENT_MARGIN
ATM_STRADDLE,ATM_STRADDLE_2025-07-18_2025-07-24,2025-07-18,20000.0,20000.0,140000.0,SKIPPED_INSUFFICIENT_MARGIN
ATM_STRADDLE,ATM_STRADDLE_2025-07-25_2025-07-31,2025-07-25,20000.0,20000.0,140000.0,SKIPPED_INSUFFICIENT_MARGIN
ATM_STRADDLE,ATM_STRADDLE_2025-08-01_2025-08-07,2025-08-01,20000.0,20000.0,140000.0,SKIPPED_INSUFFICIENT_MARGIN
ATM_STRADDLE,ATM_STRADDLE_2025-08-08_2025-08-14,2025-08-08,20000.0,20000.0,140000.0,SKIPPED_INSUFFICIENT_MARGIN
ATM_STRADDLE,ATM_STRADDLE_2025-08-18_2025-08-21,2025-08-18,20000.0,20000.0,140000.0,SKIPPED_INSUFFICIENT_MARGIN
ATM_STRADDLE,ATM_STRADDLE_2025-08-22_2025-08-28,2025-08-22,20000.0,20000.0,140000.0,SKIPPED_INSUFFICIENT_MARGIN
ATM_STRADDLE,ATM_STRADDLE_2025-08-29_2025-09-02,2025-08-29,20000.0,20000.0,140000.0,SKIPPED_INSUFFICIENT_MARGIN
ATM_STRADDLE,ATM_STRADDLE_2025-09-03_2025-09-09,2025-09-03,20000.0,20000.0,140000.0,SKIPPED_INSUFFICIENT_MARGIN
ATM_STRADDLE,ATM_STRADDLE_2025-09-10_2025-09-16,2025-09-10,20000.0,20000.0,140000.0,SKIPPED_INSUFFICIENT_MARGIN
ATM_STRADDLE,ATM_STRADDLE_2025-09-17_2025-09-23,2025-09-17,20000.0,20000.0,140000.0,SKIPPED_INSUFFICIENT_MARGIN
ATM_STRADDLE,ATM_STRADDLE_2025-09-26_2025-09-30,2025-09-26,20000.0,20000.0,140000.0,SKIPPED_INSUFFICIENT_MARGIN
ATM_STRADDLE,ATM_STRADDLE_2025-10-01_2025-10-07,2025-10-01,20000.0,20000.0,140000.0,SKIPPED_INSUFFICIENT_MARGIN
ATM_STRADDLE,ATM_STRADDLE_2025-10-08_2025-10-14,2025-10-08,20000.0,20000.0,140000.0,SKIPPED_INSUFFICIENT_MARGIN
ATM_STRADDLE,ATM_STRADDLE_2025-10-15_2025-10-20,2025-10-15,20000.0,20000.0,140000.0,SKIPPED_INSUFFICIENT_MARGIN
ATM_STRADDLE,ATM_STRADDLE_2025-10-21_2025-10-28,2025-10-21,20000.0,20000.0,140000.0,SKIPPED_INSUFFICIENT_MARGIN
ATM_STRADDLE,ATM_STRADDLE_2025-10-29_2025-11-04,2025-10-29,20000.0,20000.0,140000.0,SKIPPED_INSUFFICIENT_MARGIN
ATM_STRADDLE,ATM_STRADDLE_2025-11-06_2025-11-11,2025-11-06,20000.0,20000.0,140000.0,SKIPPED_INSUFFICIENT_MARGIN
ATM_STRADDLE,ATM_STRADDLE_2025-11-12_2025-11-18,2025-11-12,20000.0,20000.0,140000.0,SKIPPED_INSUFFICIENT_MARGIN
ATM_STRADDLE,ATM_STRADDLE_2025-11-19_2025-11-25,2025-11-19,20000.0,20000.0,140000.0,SKIPPED_INSUFFICIENT_MARGIN
ATM_STRADDLE,ATM_STRADDLE_2025-11-26_2025-12-02,2025-11-26,20000.0,20000.0,140000.0,SKIPPED_INSUFFICIENT_MARGIN
ATM_STRADDLE,ATM_STRADDLE_2025-12-03_2025-12-09,2025-12-03,20000.0,20000.0,140000.0,SKIPPED_INSUFFICIENT_MARGIN
ATM_STRADDLE,ATM_STRADDLE_2025-12-10_2025-12-16,2025-12-10,20000.0,20000.0,140000.0,SKIPPED_INSUFFICIENT_MARGIN
ATM_STRADDLE,ATM_STRADDLE_2025-12-17_2025-12-23,2025-12-17,20000.0,20000.0,140000.0,SKIPPED_INSUFFICIENT_MARGIN
ATM_STRADDLE,ATM_STRADDLE_2025-12-26_2025-12-30,2025-12-26,20000.0,20000.0,140000.0,SKIPPED_INSUFFICIENT_MARGIN
ATM_STRADDLE,ATM_STRADDLE_2025-12-31_2026-01-06,2025-12-31,20000.0,20000.0,140000.0,SKIPPED_INSUFFICIENT_MARGIN
ATM_STRADDLE,ATM_STRADDLE_2026-01-07_2026-01-13,2026-01-07,20000.0,20000.0,140000.0,SKIPPED_INSUFFICIENT_MARGIN
ATM_STRADDLE,ATM_STRADDLE_2026-01-14_2026-01-20,2026-01-14,20000.0,20000.0,140000.0,SKIPPED_INSUFFICIENT_MARGIN
ATM_STRADDLE,ATM_STRADDLE_2026-01-21_2026-01-27,2026-01-21,20000.0,20000.0,140000.0,SKIPPED_INSUFFICIENT_MARGIN
ATM_STRADDLE,ATM_STRADDLE_2026-01-28_2026-02-03,2026-01-28,20000.0,20000.0,140000.0,SKIPPED_INSUFFICIENT_MARGIN
ATM_STRADDLE,ATM_STRADDLE_2026-02-04_2026-02-10,2026-02-04,20000.0,20000.0,140000.0,SKIPPED_INSUFFICIENT_MARGIN
ATM_STRADDLE,ATM_STRADDLE_2026-02-11_2026-02-17,2026-02-11,20000.0,20000.0,140000.0,SKIPPED_INSUFFICIENT_MARGIN
ATM_STRADDLE,ATM_STRADDLE_2026-02-18_2026-02-24,2026-02-18,20000.0,20000.0,140000.0,SKIPPED_INSUFFICIENT_MARGIN
ATM_STRADDLE,ATM_STRADDLE_2026-02-25_2026-03-02,2026-02-25,20000.0,20000.0,140000.0,SKIPPED_INSUFFICIENT_MARGIN
ATM_STRADDLE,ATM_STRADDLE_2026-03-04_2026-03-10,2026-03-04,20000.0,20000.0,140000.0,SKIPPED_INSUFFICIENT_MARGIN
ATM_STRADDLE,ATM_STRADDLE_2026-03-11_2026-03-17,2026-03-11,20000.0,20000.0,140000.0,SKIPPED_INSUFFICIENT_MARGIN
ATM_STRADDLE,ATM_STRADDLE_2026-03-18_2026-03-24,2026-03-18,20000.0,20000.0,140000.0,SKIPPED_INSUFFICIENT_MARGIN
ATM_STRADDLE,ATM_STRADDLE_2026-03-27_2026-03-30,2026-03-27,20000.0,20000.0,140000.0,SKIPPED_INSUFFICIENT_MARGIN
ATM_STRADDLE,ATM_STRADDLE_2026-04-01_2026-04-07,2026-04-01,20000.0,20000.0,140000.0,SKIPPED_INSUFFICIENT_MARGIN
ATM_STRADDLE,ATM_STRADDLE_2026-04-08_2026-04-13,2026-04-08,20000.0,20000.0,140000.0,SKIPPED_INSUFFICIENT_MARGIN
ATM_STRADDLE,ATM_STRADDLE_2026-04-15_2026-04-21,2026-04-15,20000.0,20000.0,140000.0,SKIPPED_INSUFFICIENT_MARGIN
ATM_STRADDLE,ATM_STRADDLE_2026-04-22_2026-04-28,2026-04-22,20000.0,20000.0,140000.0,SKIPPED_INSUFFICIENT_MARGIN
ATM_STRADDLE,ATM_STRADDLE_2026-04-29_2026-05-05,2026-04-29,20000.0,20000.0,140000.0,SKIPPED_INSUFFICIENT_MARGIN
ATM_STRADDLE,ATM_STRADDLE_2026-05-06_2026-05-12,2026-05-06,20000.0,20000.0,140000.0,SKIPPED_INSUFFICIENT_MARGIN
ATM_STRADDLE,ATM_STRADDLE_2026-05-13_2026-05-19,2026-05-13,20000.0,20000.0,140000.0,SKIPPED_INSUFFICIENT_MARGIN
ATM_STRADDLE,ATM_STRADDLE_2026-05-20_2026-05-26,2026-05-20,20000.0,20000.0,140000.0,SKIPPED_INSUFFICIENT_MARGIN
ATM_STRADDLE,ATM_STRADDLE_2026-05-27_2026-06-02,2026-05-27,20000.0,20000.0,140000.0,SKIPPED_INSUFFICIENT_MARGIN
ATM_STRADDLE,ATM_STRADDLE_2026-06-03_2026-06-09,2026-06-03,20000.0,20000.0,140000.0,SKIPPED_INSUFFICIENT_MARGIN
ATM_STRADDLE,ATM_STRADDLE_2026-06-10_2026-06-16,2026-06-10,20000.0,20000.0,140000.0,SKIPPED_INSUFFICIENT_MARGIN
ATM_STRADDLE,ATM_STRADDLE_2026-06-17_2026-06-23,2026-06-17,20000.0,20000.0,140000.0,SKIPPED_INSUFFICIENT_MARGIN
ATM_STRADDLE,ATM_STRADDLE_2026-06-29_2026-06-30,2026-06-29,20000.0,20000.0,140000.0,SKIPPED_INSUFFICIENT_MARGIN
ATM_STRADDLE,ATM_STRADDLE_2026-07-01_2026-07-07,2026-07-01,20000.0,20000.0,140000.0,SKIPPED_INSUFFICIENT_MARGIN
ATM_STRADDLE,ATM_STRADDLE_2026-07-08_2026-07-14,2026-07-08,20000.0,20000.0,140000.0,SKIPPED_INSUFFICIENT_MARGIN
ATM_STRADDLE,ATM_STRADDLE_2026-07-15_2026-07-21,2026-07-15,20000.0,20000.0,140000.0,SKIPPED_INSUFFICIENT_MARGIN
ATM_STRADDLE,ATM_STRADDLE_2026-07-22_2026-07-28,2026-07-22,20000.0,20000.0,140000.0,SKIPPED_INSUFFICIENT_MARGIN
ATM_STRADDLE,ATM_STRADDLE_2026-07-29_2026-08-04,2026-07-29,20000.0,20000.0,140000.0,SKIPPED_INSUFFICIENT_MARGIN
ATM_STRADDLE,ATM_STRADDLE_2026-08-05_2026-08-11,2026-08-05,20000.0,20000.0,140000.0,SKIPPED_INSUFFICIENT_MARGIN
ATM_STRADDLE,ATM_STRADDLE_2026-08-12_2026-08-18,2026-08-12,20000.0,20000.0,140000.0,SKIPPED_INSUFFICIENT_MARGIN
ATM_STRADDLE,ATM_STRADDLE_2026-08-19_2026-08-25,2026-08-19,20000.0,20000.0,140000.0,SKIPPED_INSUFFICIENT_MARGIN
ATM_STRADDLE,ATM_STRADDLE_2026-08-26_2026-09-01,2026-08-26,20000.0,20000.0,140000.0,SKIPPED_INSUFFICIENT_MARGIN
ATM_STRADDLE,ATM_STRADDLE_2026-09-02_2026-09-08,2026-09-02,20000.0,20000.0,140000.0,SKIPPED_INSUFFICIENT_MARGIN
ATM_STRADDLE,ATM_STRADDLE_2026-09-09_2026-09-15,2026-09-09,20000.0,20000.0,140000.0,SKIPPED_INSUFFICIENT_MARGIN
ATM_STRADDLE,ATM_STRADDLE_2020-01-31_2020-02-06,2020-01-31,50000.0,50000.0,140000.0,SKIPPED_INSUFFICIENT_MARGIN
ATM_STRADDLE,ATM_STRADDLE_2020-02-07_2020-02-13,2020-02-07,50000.0,50000.0,140000.0,SKIPPED_INSUFFICIENT_MARGIN
ATM_STRADDLE,ATM_STRADDLE_2020-02-14_2020-02-20,2020-02-14,50000.0,50000.0,140000.0,SKIPPED_INSUFFICIENT_MARGIN
ATM_STRADDLE,ATM_STRADDLE_2020-02-24_2020-02-27,2020-02-24,50000.0,50000.0,140000.0,SKIPPED_INSUFFICIENT_MARGIN
ATM_STRADDLE,ATM_STRADDLE_2020-02-28_2020-03-05,2020-02-28,50000.0,50000.0,140000.0,SKIPPED_INSUFFICIENT_MARGIN
ATM_STRADDLE,ATM_STRADDLE_2020-03-06_2020-03-12,2020-03-06,50000.0,50000.0,140000.0,SKIPPED_INSUFFICIENT_MARGIN
ATM_STRADDLE,ATM_STRADDLE_2020-03-13_2020-03-19,2020-03-13,50000.0,50000.0,140000.0,SKIPPED_INSUFFICIENT_MARGIN
ATM_STRADDLE,ATM_STRADDLE_2020-03-20_2020-03-26,2020-03-20,50000.0,50000.0,140000.0,SKIPPED_INSUFFICIENT_MARGIN
ATM_STRADDLE,ATM_STRADDLE_2020-03-27_2020-04-01,2020-03-27,50000.0,50000.0,140000.0,SKIPPED_INSUFFICIENT_MARGIN
ATM_STRADDLE,ATM_STRADDLE_2020-04-03_2020-04-09,2020-04-03,50000.0,50000.0,140000.0,SKIPPED_INSUFFICIENT_MARGIN
ATM_STRADDLE,ATM_STRADDLE_2020-04-13_2020-04-16,2020-04-13,50000.0,50000.0,140000.0,SKIPPED_INSUFFICIENT_MARGIN
ATM_STRADDLE,ATM_STRADDLE_2020-04-17_2020-04-23,2020-04-17,50000.0,50000.0,140000.0,SKIPPED_INSUFFICIENT_MARGIN
ATM_STRADDLE,ATM_STRADDLE_2020-04-24_2020-04-30,2020-04-24,50000.0,50000.0,140000.0,SKIPPED_INSUFFICIENT_MARGIN
ATM_STRADDLE,ATM_STRADDLE_2020-05-04_2020-05-07,2020-05-04,50000.0,50000.0,140000.0,SKIPPED_INSUFFICIENT_MARGIN
ATM_STRADDLE,ATM_STRADDLE_2020-05-08_2020-05-14,2020-05-08,50000.0,50000.0,140000.0,SKIPPED_INSUFFICIENT_MARGIN
ATM_STRADDLE,ATM_STRADDLE_2020-05-15_2020-05-21,2020-05-15,50000.0,50000.0,140000.0,SKIPPED_INSUFFICIENT_MARGIN
ATM_STRADDLE,ATM_STRADDLE_2020-05-22_2020-05-28,2020-05-22,50000.0,50000.0,140000.0,SKIPPED_INSUFFICIENT_MARGIN
ATM_STRADDLE,ATM_STRADDLE_2020-05-29_2020-06-04,2020-05-29,50000.0,50000.0,140000.0,SKIPPED_INSUFFICIENT_MARGIN
ATM_STRADDLE,ATM_STRADDLE_2020-06-05_2020-06-11,2020-06-05,50000.0,50000.0,140000.0,SKIPPED_INSUFFICIENT_MARGIN
ATM_STRADDLE,ATM_STRADDLE_2020-06-12_2020-06-18,2020-06-12,50000.0,50000.0,140000.0,SKIPPED_INSUFFICIENT_MARGIN
ATM_STRADDLE,ATM_STRADDLE_2020-06-19_2020-06-25,2020-06-19,50000.0,50000.0,140000.0,SKIPPED_INSUFFICIENT_MARGIN
ATM_STRADDLE,ATM_STRADDLE_2020-06-26_2020-07-02,2020-06-26,50000.0,50000.0,140000.0,SKIPPED_INSUFFICIENT_MARGIN
ATM_STRADDLE,ATM_STRADDLE_2020-07-03_2020-07-09,2020-07-03,50000.0,50000.0,140000.0,SKIPPED_INSUFFICIENT_MARGIN
ATM_STRADDLE,ATM_STRADDLE_2020-07-10_2020-07-16,2020-07-10,50000.0,50000.0,140000.0,SKIPPED_INSUFFICIENT_MARGIN
ATM_STRADDLE,ATM_STRADDLE_2020-07-17_2020-07-23,2020-07-17,50000.0,50000.0,140000.0,SKIPPED_INSUFFICIENT_MARGIN
ATM_STRADDLE,ATM_STRADDLE_2020-07-24_2020-07-30,2020-07-24,50000.0,50000.0,140000.0,SKIPPED_INSUFFICIENT_MARGIN
ATM_STRADDLE,ATM_STRADDLE_2020-07-31_2020-08-06,2020-07-31,50000.0,50000.0,140000.0,SKIPPED_INSUFFICIENT_MARGIN
ATM_STRADDLE,ATM_STRADDLE_2020-08-07_2020-08-13,2020-08-07,50000.0,50000.0,140000.0,SKIPPED_INSUFFICIENT_MARGIN
ATM_STRADDLE,ATM_STRADDLE_2020-08-14_2020-08-20,2020-08-14,50000.0,50000.0,140000.0,SKIPPED_INSUFFICIENT_MARGIN
ATM_STRADDLE,ATM_STRADDLE_2020-08-21_2020-08-27,2020-08-21,50000.0,50000.0,140000.0,SKIPPED_INSUFFICIENT_MARGIN
ATM_STRADDLE,ATM_STRADDLE_2020-08-28_2020-09-03,2020-08-28,50000.0,50000.0,140000.0,SKIPPED_INSUFFICIENT_MARGIN
ATM_STRADDLE,ATM_STRADDLE_2020-09-04_2020-09-10,2020-09-04,50000.0,50000.0,140000.0,SKIPPED_INSUFFICIENT_MARGIN
ATM_STRADDLE,ATM_STRADDLE_2020-09-11_2020-09-17,2020-09-11,50000.0,50000.0,140000.0,SKIPPED_INSUFFICIENT_MARGIN
ATM_STRADDLE,ATM_STRADDLE_2020-09-18_2020-09-24,2020-09-18,50000.0,50000.0,140000.0,SKIPPED_INSUFFICIENT_MARGIN
ATM_STRADDLE,ATM_STRADDLE_2020-09-25_2020-10-01,2020-09-25,50000.0,50000.0,140000.0,SKIPPED_INSUFFICIENT_MARGIN
ATM_STRADDLE,ATM_STRADDLE_2020-10-05_2020-10-08,2020-10-05,50000.0,50000.0,140000.0,SKIPPED_INSUFFICIENT_MARGIN
ATM_STRADDLE,ATM_STRADDLE_2020-10-09_2020-10-15,2020-10-09,50000.0,50000.0,140000.0,SKIPPED_INSUFFICIENT_MARGIN
ATM_STRADDLE,ATM_STRADDLE_2020-10-16_2020-10-22,2020-10-16,50000.0,50000.0,140000.0,SKIPPED_INSUFFICIENT_MARGIN
ATM_STRADDLE,ATM_STRADDLE_2020-10-23_2020-10-29,2020-10-23,50000.0,50000.0,140000.0,SKIPPED_INSUFFICIENT_MARGIN
ATM_STRADDLE,ATM_STRADDLE_2020-10-30_2020-11-05,2020-10-30,50000.0,50000.0,140000.0,SKIPPED_INSUFFICIENT_MARGIN
ATM_STRADDLE,ATM_STRADDLE_2020-11-06_2020-11-12,2020-11-06,50000.0,50000.0,140000.0,SKIPPED_INSUFFICIENT_MARGIN
ATM_STRADDLE,ATM_STRADDLE_2020-11-13_2020-11-19,2020-11-13,50000.0,50000.0,140000.0,SKIPPED_INSUFFICIENT_MARGIN
ATM_STRADDLE,ATM_STRADDLE_2020-11-20_2020-11-26,2020-11-20,50000.0,50000.0,140000.0,SKIPPED_INSUFFICIENT_MARGIN
ATM_STRADDLE,ATM_STRADDLE_2020-11-27_2020-12-03,2020-11-27,50000.0,50000.0,140000.0,SKIPPED_INSUFFICIENT_MARGIN
ATM_STRADDLE,ATM_STRADDLE_2020-12-04_2020-12-10,2020-12-04,50000.0,50000.0,140000.0,SKIPPED_INSUFFICIENT_MARGIN
ATM_STRADDLE,ATM_STRADDLE_2020-12-11_2020-12-17,2020-12-11,50000.0,50000.0,140000.0,SKIPPED_INSUFFICIENT_MARGIN
ATM_STRADDLE,ATM_STRADDLE_2020-12-18_2020-12-24,2020-12-18,50000.0,50000.0,140000.0,SKIPPED_INSUFFICIENT_MARGIN
ATM_STRADDLE,ATM_STRADDLE_2020-12-28_2020-12-31,2020-12-28,50000.0,50000.0,140000.0,SKIPPED_INSUFFICIENT_MARGIN
ATM_STRADDLE,ATM_STRADDLE_2021-01-01_2021-01-07,2021-01-01,50000.0,50000.0,140000.0,SKIPPED_INSUFFICIENT_MARGIN
ATM_STRADDLE,ATM_STRADDLE_2021-01-08_2021-01-14,2021-01-08,50000.0,50000.0,140000.0,SKIPPED_INSUFFICIENT_MARGIN
ATM_STRADDLE,ATM_STRADDLE_2021-01-15_2021-01-21,2021-01-15,50000.0,50000.0,140000.0,SKIPPED_INSUFFICIENT_MARGIN
ATM_STRADDLE,ATM_STRADDLE_2021-01-22_2021-01-28,2021-01-22,50000.0,50000.0,140000.0,SKIPPED_INSUFFICIENT_MARGIN
ATM_STRADDLE,ATM_STRADDLE_2021-01-29_2021-02-04,2021-01-29,50000.0,50000.0,140000.0,SKIPPED_INSUFFICIENT_MARGIN
ATM_STRADDLE,ATM_STRADDLE_2021-02-05_2021-02-11,2021-02-05,50000.0,50000.0,140000.0,SKIPPED_INSUFFICIENT_MARGIN
ATM_STRADDLE,ATM_STRADDLE_2021-02-12_2021-02-18,2021-02-12,50000.0,50000.0,140000.0,SKIPPED_INSUFFICIENT_MARGIN
ATM_STRADDLE,ATM_STRADDLE_2021-02-19_2021-02-25,2021-02-19,50000.0,50000.0,140000.0,SKIPPED_INSUFFICIENT_MARGIN
ATM_STRADDLE,ATM_STRADDLE_2021-02-26_2021-03-04,2021-02-26,50000.0,50000.0,140000.0,SKIPPED_INSUFFICIENT_MARGIN
ATM_STRADDLE,ATM_STRADDLE_2021-03-05_2021-03-10,2021-03-05,50000.0,50000.0,140000.0,SKIPPED_INSUFFICIENT_MARGIN
ATM_STRADDLE,ATM_STRADDLE_2021-03-12_2021-03-18,2021-03-12,50000.0,50000.0,140000.0,SKIPPED_INSUFFICIENT_MARGIN
ATM_STRADDLE,ATM_STRADDLE_2021-03-19_2021-03-25,2021-03-19,50000.0,50000.0,140000.0,SKIPPED_INSUFFICIENT_MARGIN
ATM_STRADDLE,ATM_STRADDLE_2021-03-26_2021-04-01,2021-03-26,50000.0,50000.0,140000.0,SKIPPED_INSUFFICIENT_MARGIN
ATM_STRADDLE,ATM_STRADDLE_2021-04-05_2021-04-08,2021-04-05,50000.0,50000.0,140000.0,SKIPPED_INSUFFICIENT_MARGIN
ATM_STRADDLE,ATM_STRADDLE_2021-04-09_2021-04-15,2021-04-09,50000.0,50000.0,140000.0,SKIPPED_INSUFFICIENT_MARGIN
ATM_STRADDLE,ATM_STRADDLE_2021-04-16_2021-04-22,2021-04-16,50000.0,50000.0,140000.0,SKIPPED_INSUFFICIENT_MARGIN
ATM_STRADDLE,ATM_STRADDLE_2021-04-23_2021-04-29,2021-04-23,50000.0,50000.0,140000.0,SKIPPED_INSUFFICIENT_MARGIN
ATM_STRADDLE,ATM_STRADDLE_2021-04-30_2021-05-06,2021-04-30,50000.0,50000.0,140000.0,SKIPPED_INSUFFICIENT_MARGIN
ATM_STRADDLE,ATM_STRADDLE_2021-05-07_2021-05-12,2021-05-07,50000.0,50000.0,140000.0,SKIPPED_INSUFFICIENT_MARGIN
ATM_STRADDLE,ATM_STRADDLE_2021-05-14_2021-05-20,2021-05-14,50000.0,50000.0,140000.0,SKIPPED_INSUFFICIENT_MARGIN
ATM_STRADDLE,ATM_STRADDLE_2021-05-21_2021-05-27,2021-05-21,50000.0,50000.0,140000.0,SKIPPED_INSUFFICIENT_MARGIN
ATM_STRADDLE,ATM_STRADDLE_2021-05-28_2021-06-03,2021-05-28,50000.0,50000.0,140000.0,SKIPPED_INSUFFICIENT_MARGIN
ATM_STRADDLE,ATM_STRADDLE_2021-06-04_2021-06-10,2021-06-04,50000.0,50000.0,140000.0,SKIPPED_INSUFFICIENT_MARGIN
ATM_STRADDLE,ATM_STRADDLE_2021-06-11_2021-06-17,2021-06-11,50000.0,50000.0,140000.0,SKIPPED_INSUFFICIENT_MARGIN
ATM_STRADDLE,ATM_STRADDLE_2021-06-18_2021-06-24,2021-06-18,50000.0,50000.0,140000.0,SKIPPED_INSUFFICIENT_MARGIN
ATM_STRADDLE,ATM_STRADDLE_2021-06-25_2021-07-01,2021-06-25,50000.0,50000.0,140000.0,SKIPPED_INSUFFICIENT_MARGIN
ATM_STRADDLE,ATM_STRADDLE_2021-07-02_2021-07-08,2021-07-02,50000.0,50000.0,140000.0,SKIPPED_INSUFFICIENT_MARGIN
ATM_STRADDLE,ATM_STRADDLE_2021-07-09_2021-07-15,2021-07-09,50000.0,50000.0,140000.0,SKIPPED_INSUFFICIENT_MARGIN
ATM_STRADDLE,ATM_STRADDLE_2021-07-16_2021-07-22,2021-07-16,50000.0,50000.0,140000.0,SKIPPED_INSUFFICIENT_MARGIN
ATM_STRADDLE,ATM_STRADDLE_2021-07-23_2021-07-29,2021-07-23,50000.0,50000.0,140000.0,SKIPPED_INSUFFICIENT_MARGIN
ATM_STRADDLE,ATM_STRADDLE_2021-07-30_2021-08-05,2021-07-30,50000.0,50000.0,140000.0,SKIPPED_INSUFFICIENT_MARGIN
ATM_STRADDLE,ATM_STRADDLE_2021-08-06_2021-08-12,2021-08-06,50000.0,50000.0,140000.0,SKIPPED_INSUFFICIENT_MARGIN
ATM_STRADDLE,ATM_STRADDLE_2021-08-13_2021-08-18,2021-08-13,50000.0,50000.0,140000.0,SKIPPED_INSUFFICIENT_MARGIN
ATM_STRADDLE,ATM_STRADDLE_2021-08-20_2021-08-26,2021-08-20,50000.0,50000.0,140000.0,SKIPPED_INSUFFICIENT_MARGIN
ATM_STRADDLE,ATM_STRADDLE_2021-08-27_2021-09-02,2021-08-27,50000.0,50000.0,140000.0,SKIPPED_INSUFFICIENT_MARGIN
ATM_STRADDLE,ATM_STRADDLE_2021-09-03_2021-09-09,2021-09-03,50000.0,50000.0,140000.0,SKIPPED_INSUFFICIENT_MARGIN
ATM_STRADDLE,ATM_STRADDLE_2021-09-13_2021-09-16,2021-09-13,50000.0,50000.0,140000.0,SKIPPED_INSUFFICIENT_MARGIN
ATM_STRADDLE,ATM_STRADDLE_2021-09-17_2021-09-23,2021-09-17,50000.0,50000.0,140000.0,SKIPPED_INSUFFICIENT_MARGIN
ATM_STRADDLE,ATM_STRADDLE_2021-09-24_2021-09-30,2021-09-24,50000.0,50000.0,140000.0,SKIPPED_INSUFFICIENT_MARGIN
ATM_STRADDLE,ATM_STRADDLE_2021-10-01_2021-10-07,2021-10-01,50000.0,50000.0,140000.0,SKIPPED_INSUFFICIENT_MARGIN
ATM_STRADDLE,ATM_STRADDLE_2021-10-08_2021-10-14,2021-10-08,50000.0,50000.0,140000.0,SKIPPED_INSUFFICIENT_MARGIN
ATM_STRADDLE,ATM_STRADDLE_2021-10-18_2021-10-21,2021-10-18,50000.0,50000.0,140000.0,SKIPPED_INSUFFICIENT_MARGIN
ATM_STRADDLE,ATM_STRADDLE_2021-10-22_2021-10-28,2021-10-22,50000.0,50000.0,140000.0,SKIPPED_INSUFFICIENT_MARGIN
ATM_STRADDLE,ATM_STRADDLE_2021-10-29_2021-11-03,2021-10-29,50000.0,50000.0,140000.0,SKIPPED_INSUFFICIENT_MARGIN
ATM_STRADDLE,ATM_STRADDLE_2021-11-04_2021-11-11,2021-11-04,50000.0,50000.0,140000.0,SKIPPED_INSUFFICIENT_MARGIN
ATM_STRADDLE,ATM_STRADDLE_2021-11-12_2021-11-18,2021-11-12,50000.0,50000.0,140000.0,SKIPPED_INSUFFICIENT_MARGIN
ATM_STRADDLE,ATM_STRADDLE_2021-11-22_2021-11-25,2021-11-22,50000.0,50000.0,140000.0,SKIPPED_INSUFFICIENT_MARGIN
ATM_STRADDLE,ATM_STRADDLE_2021-11-26_2021-12-02,2021-11-26,50000.0,50000.0,140000.0,SKIPPED_INSUFFICIENT_MARGIN
ATM_STRADDLE,ATM_STRADDLE_2021-12-03_2021-12-09,2021-12-03,50000.0,50000.0,140000.0,SKIPPED_INSUFFICIENT_MARGIN
ATM_STRADDLE,ATM_STRADDLE_2021-12-10_2021-12-16,2021-12-10,50000.0,50000.0,140000.0,SKIPPED_INSUFFICIENT_MARGIN
ATM_STRADDLE,ATM_STRADDLE_2021-12-17_2021-12-23,2021-12-17,50000.0,50000.0,140000.0,SKIPPED_INSUFFICIENT_MARGIN
ATM_STRADDLE,ATM_STRADDLE_2021-12-24_2021-12-30,2021-12-24,50000.0,50000.0,140000.0,SKIPPED_INSUFFICIENT_MARGIN
ATM_STRADDLE,ATM_STRADDLE_2021-12-31_2022-01-06,2021-12-31,50000.0,50000.0,140000.0,SKIPPED_INSUFFICIENT_MARGIN
ATM_STRADDLE,ATM_STRADDLE_2022-01-07_2022-01-13,2022-01-07,50000.0,50000.0,140000.0,SKIPPED_INSUFFICIENT_MARGIN
ATM_STRADDLE,ATM_STRADDLE_2022-01-14_2022-01-20,2022-01-14,50000.0,50000.0,140000.0,SKIPPED_INSUFFICIENT_MARGIN
ATM_STRADDLE,ATM_STRADDLE_2022-01-21_2022-01-27,2022-01-21,50000.0,50000.0,140000.0,SKIPPED_INSUFFICIENT_MARGIN
ATM_STRADDLE,ATM_STRADDLE_2022-01-28_2022-02-03,2022-01-28,50000.0,50000.0,140000.0,SKIPPED_INSUFFICIENT_MARGIN
ATM_STRADDLE,ATM_STRADDLE_2022-02-04_2022-02-10,2022-02-04,50000.0,50000.0,140000.0,SKIPPED_INSUFFICIENT_MARGIN
ATM_STRADDLE,ATM_STRADDLE_2022-02-11_2022-02-17,2022-02-11,50000.0,50000.0,140000.0,SKIPPED_INSUFFICIENT_MARGIN
ATM_STRADDLE,ATM_STRADDLE_2022-02-18_2022-02-24,2022-02-18,50000.0,50000.0,140000.0,SKIPPED_INSUFFICIENT_MARGIN
ATM_STRADDLE,ATM_STRADDLE_2022-02-25_2022-03-03,2022-02-25,50000.0,50000.0,140000.0,SKIPPED_INSUFFICIENT_MARGIN
ATM_STRADDLE,ATM_STRADDLE_2022-03-04_2022-03-10,2022-03-04,50000.0,50000.0,140000.0,SKIPPED_INSUFFICIENT_MARGIN
ATM_STRADDLE,ATM_STRADDLE_2022-03-11_2022-03-17,2022-03-11,50000.0,50000.0,140000.0,SKIPPED_INSUFFICIENT_MARGIN
ATM_STRADDLE,ATM_STRADDLE_2022-03-21_2022-03-24,2022-03-21,50000.0,50000.0,140000.0,SKIPPED_INSUFFICIENT_MARGIN
ATM_STRADDLE,ATM_STRADDLE_2022-03-25_2022-03-31,2022-03-25,50000.0,50000.0,140000.0,SKIPPED_INSUFFICIENT_MARGIN
ATM_STRADDLE,ATM_STRADDLE_2022-04-01_2022-04-07,2022-04-01,50000.0,50000.0,140000.0,SKIPPED_INSUFFICIENT_MARGIN
ATM_STRADDLE,ATM_STRADDLE_2022-04-08_2022-04-13,2022-04-08,50000.0,50000.0,140000.0,SKIPPED_INSUFFICIENT_MARGIN
ATM_STRADDLE,ATM_STRADDLE_2022-04-18_2022-04-21,2022-04-18,50000.0,50000.0,140000.0,SKIPPED_INSUFFICIENT_MARGIN
ATM_STRADDLE,ATM_STRADDLE_2022-04-22_2022-04-28,2022-04-22,50000.0,50000.0,140000.0,SKIPPED_INSUFFICIENT_MARGIN
ATM_STRADDLE,ATM_STRADDLE_2022-04-29_2022-05-05,2022-04-29,50000.0,50000.0,140000.0,SKIPPED_INSUFFICIENT_MARGIN
ATM_STRADDLE,ATM_STRADDLE_2022-05-06_2022-05-12,2022-05-06,50000.0,50000.0,140000.0,SKIPPED_INSUFFICIENT_MARGIN
ATM_STRADDLE,ATM_STRADDLE_2022-05-13_2022-05-19,2022-05-13,50000.0,50000.0,140000.0,SKIPPED_INSUFFICIENT_MARGIN
ATM_STRADDLE,ATM_STRADDLE_2022-05-20_2022-05-26,2022-05-20,50000.0,50000.0,140000.0,SKIPPED_INSUFFICIENT_MARGIN
ATM_STRADDLE,ATM_STRADDLE_2022-05-27_2022-06-02,2022-05-27,50000.0,50000.0,140000.0,SKIPPED_INSUFFICIENT_MARGIN
ATM_STRADDLE,ATM_STRADDLE_2022-06-03_2022-06-09,2022-06-03,50000.0,50000.0,140000.0,SKIPPED_INSUFFICIENT_MARGIN
ATM_STRADDLE,ATM_STRADDLE_2022-06-10_2022-06-16,2022-06-10,50000.0,50000.0,140000.0,SKIPPED_INSUFFICIENT_MARGIN
ATM_STRADDLE,ATM_STRADDLE_2022-06-17_2022-06-23,2022-06-17,50000.0,50000.0,140000.0,SKIPPED_INSUFFICIENT_MARGIN
ATM_STRADDLE,ATM_STRADDLE_2022-06-24_2022-06-30,2022-06-24,50000.0,50000.0,140000.0,SKIPPED_INSUFFICIENT_MARGIN
ATM_STRADDLE,ATM_STRADDLE_2022-07-01_2022-07-07,2022-07-01,50000.0,50000.0,140000.0,SKIPPED_INSUFFICIENT_MARGIN
ATM_STRADDLE,ATM_STRADDLE_2022-07-08_2022-07-14,2022-07-08,50000.0,50000.0,140000.0,SKIPPED_INSUFFICIENT_MARGIN
ATM_STRADDLE,ATM_STRADDLE_2022-07-15_2022-07-21,2022-07-15,50000.0,50000.0,140000.0,SKIPPED_INSUFFICIENT_MARGIN
ATM_STRADDLE,ATM_STRADDLE_2022-07-22_2022-07-28,2022-07-22,50000.0,50000.0,140000.0,SKIPPED_INSUFFICIENT_MARGIN
ATM_STRADDLE,ATM_STRADDLE_2022-07-29_2022-08-04,2022-07-29,50000.0,50000.0,140000.0,SKIPPED_INSUFFICIENT_MARGIN
ATM_STRADDLE,ATM_STRADDLE_2022-08-05_2022-08-11,2022-08-05,50000.0,50000.0,140000.0,SKIPPED_INSUFFICIENT_MARGIN
ATM_STRADDLE,ATM_STRADDLE_2022-08-12_2022-08-18,2022-08-12,50000.0,50000.0,140000.0,SKIPPED_INSUFFICIENT_MARGIN
ATM_STRADDLE,ATM_STRADDLE_2022-08-19_2022-08-25,2022-08-19,50000.0,50000.0,140000.0,SKIPPED_INSUFFICIENT_MARGIN
ATM_STRADDLE,ATM_STRADDLE_2022-08-26_2022-09-01,2022-08-26,50000.0,50000.0,140000.0,SKIPPED_INSUFFICIENT_MARGIN
ATM_STRADDLE,ATM_STRADDLE_2022-09-02_2022-09-08,2022-09-02,50000.0,50000.0,140000.0,SKIPPED_INSUFFICIENT_MARGIN
ATM_STRADDLE,ATM_STRADDLE_2022-09-09_2022-09-15,2022-09-09,50000.0,50000.0,140000.0,SKIPPED_INSUFFICIENT_MARGIN
ATM_STRADDLE,ATM_STRADDLE_2022-09-16_2022-09-22,2022-09-16,50000.0,50000.0,140000.0,SKIPPED_INSUFFICIENT_MARGIN
ATM_STRADDLE,ATM_STRADDLE_2022-09-23_2022-09-29,2022-09-23,50000.0,50000.0,140000.0,SKIPPED_INSUFFICIENT_MARGIN
ATM_STRADDLE,ATM_STRADDLE_2022-09-30_2022-10-06,2022-09-30,50000.0,50000.0,140000.0,SKIPPED_INSUFFICIENT_MARGIN
ATM_STRADDLE,ATM_STRADDLE_2022-10-07_2022-10-13,2022-10-07,50000.0,50000.0,140000.0,SKIPPED_INSUFFICIENT_MARGIN
ATM_STRADDLE,ATM_STRADDLE_2022-10-14_2022-10-20,2022-10-14,50000.0,50000.0,140000.0,SKIPPED_INSUFFICIENT_MARGIN
ATM_STRADDLE,ATM_STRADDLE_2022-10-21_2022-10-27,2022-10-21,50000.0,50000.0,140000.0,SKIPPED_INSUFFICIENT_MARGIN
ATM_STRADDLE,ATM_STRADDLE_2022-10-28_2022-11-03,2022-10-28,50000.0,50000.0,140000.0,SKIPPED_INSUFFICIENT_MARGIN
ATM_STRADDLE,ATM_STRADDLE_2022-11-04_2022-11-10,2022-11-04,50000.0,50000.0,140000.0,SKIPPED_INSUFFICIENT_MARGIN
ATM_STRADDLE,ATM_STRADDLE_2022-11-11_2022-11-17,2022-11-11,50000.0,50000.0,140000.0,SKIPPED_INSUFFICIENT_MARGIN
ATM_STRADDLE,ATM_STRADDLE_2022-11-18_2022-11-24,2022-11-18,50000.0,50000.0,140000.0,SKIPPED_INSUFFICIENT_MARGIN
ATM_STRADDLE,ATM_STRADDLE_2022-11-25_2022-12-01,2022-11-25,50000.0,50000.0,140000.0,SKIPPED_INSUFFICIENT_MARGIN
ATM_STRADDLE,ATM_STRADDLE_2022-12-02_2022-12-08,2022-12-02,50000.0,50000.0,140000.0,SKIPPED_INSUFFICIENT_MARGIN
ATM_STRADDLE,ATM_STRADDLE_2022-12-09_2022-12-15,2022-12-09,50000.0,50000.0,140000.0,SKIPPED_INSUFFICIENT_MARGIN
ATM_STRADDLE,ATM_STRADDLE_2022-12-16_2022-12-22,2022-12-16,50000.0,50000.0,140000.0,SKIPPED_INSUFFICIENT_MARGIN
ATM_STRADDLE,ATM_STRADDLE_2022-12-23_2022-12-29,2022-12-23,50000.0,50000.0,140000.0,SKIPPED_INSUFFICIENT_MARGIN
ATM_STRADDLE,ATM_STRADDLE_2022-12-30_2023-01-05,2022-12-30,50000.0,50000.0,140000.0,SKIPPED_INSUFFICIENT_MARGIN
ATM_STRADDLE,ATM_STRADDLE_2023-01-06_2023-01-12,2023-01-06,50000.0,50000.0,140000.0,SKIPPED_INSUFFICIENT_MARGIN
ATM_STRADDLE,ATM_STRADDLE_2023-01-13_2023-01-19,2023-01-13,50000.0,50000.0,140000.0,SKIPPED_INSUFFICIENT_MARGIN
ATM_STRADDLE,ATM_STRADDLE_2023-01-20_2023-01-25,2023-01-20,50000.0,50000.0,140000.0,SKIPPED_INSUFFICIENT_MARGIN
ATM_STRADDLE,ATM_STRADDLE_2023-01-27_2023-02-02,2023-01-27,50000.0,50000.0,140000.0,SKIPPED_INSUFFICIENT_MARGIN
ATM_STRADDLE,ATM_STRADDLE_2023-02-03_2023-02-09,2023-02-03,50000.0,50000.0,140000.0,SKIPPED_INSUFFICIENT_MARGIN
ATM_STRADDLE,ATM_STRADDLE_2023-02-10_2023-02-16,2023-02-10,50000.0,50000.0,140000.0,SKIPPED_INSUFFICIENT_MARGIN
ATM_STRADDLE,ATM_STRADDLE_2023-02-17_2023-02-23,2023-02-17,50000.0,50000.0,140000.0,SKIPPED_INSUFFICIENT_MARGIN
ATM_STRADDLE,ATM_STRADDLE_2023-02-24_2023-03-02,2023-02-24,50000.0,50000.0,140000.0,SKIPPED_INSUFFICIENT_MARGIN
ATM_STRADDLE,ATM_STRADDLE_2023-03-03_2023-03-09,2023-03-03,50000.0,50000.0,140000.0,SKIPPED_INSUFFICIENT_MARGIN
ATM_STRADDLE,ATM_STRADDLE_2023-03-10_2023-03-16,2023-03-10,50000.0,50000.0,140000.0,SKIPPED_INSUFFICIENT_MARGIN
ATM_STRADDLE,ATM_STRADDLE_2023-03-17_2023-03-23,2023-03-17,50000.0,50000.0,140000.0,SKIPPED_INSUFFICIENT_MARGIN
ATM_STRADDLE,ATM_STRADDLE_2023-03-24_2023-03-29,2023-03-24,50000.0,50000.0,140000.0,SKIPPED_INSUFFICIENT_MARGIN
ATM_STRADDLE,ATM_STRADDLE_2023-03-31_2023-04-06,2023-03-31,50000.0,50000.0,140000.0,SKIPPED_INSUFFICIENT_MARGIN
ATM_STRADDLE,ATM_STRADDLE_2023-04-10_2023-04-13,2023-04-10,50000.0,50000.0,140000.0,SKIPPED_INSUFFICIENT_MARGIN
ATM_STRADDLE,ATM_STRADDLE_2023-04-17_2023-04-20,2023-04-17,50000.0,50000.0,140000.0,SKIPPED_INSUFFICIENT_MARGIN
ATM_STRADDLE,ATM_STRADDLE_2023-04-21_2023-04-27,2023-04-21,50000.0,50000.0,140000.0,SKIPPED_INSUFFICIENT_MARGIN
ATM_STRADDLE,ATM_STRADDLE_2023-04-28_2023-05-04,2023-04-28,50000.0,50000.0,140000.0,SKIPPED_INSUFFICIENT_MARGIN
ATM_STRADDLE,ATM_STRADDLE_2023-05-05_2023-05-11,2023-05-05,50000.0,50000.0,140000.0,SKIPPED_INSUFFICIENT_MARGIN
ATM_STRADDLE,ATM_STRADDLE_2023-05-12_2023-05-18,2023-05-12,50000.0,50000.0,140000.0,SKIPPED_INSUFFICIENT_MARGIN
ATM_STRADDLE,ATM_STRADDLE_2023-05-19_2023-05-25,2023-05-19,50000.0,50000.0,140000.0,SKIPPED_INSUFFICIENT_MARGIN
ATM_STRADDLE,ATM_STRADDLE_2023-05-26_2023-06-01,2023-05-26,50000.0,50000.0,140000.0,SKIPPED_INSUFFICIENT_MARGIN
ATM_STRADDLE,ATM_STRADDLE_2023-06-02_2023-06-08,2023-06-02,50000.0,50000.0,140000.0,SKIPPED_INSUFFICIENT_MARGIN
ATM_STRADDLE,ATM_STRADDLE_2023-06-09_2023-06-15,2023-06-09,50000.0,50000.0,140000.0,SKIPPED_INSUFFICIENT_MARGIN
ATM_STRADDLE,ATM_STRADDLE_2023-06-16_2023-06-22,2023-06-16,50000.0,50000.0,140000.0,SKIPPED_INSUFFICIENT_MARGIN
ATM_STRADDLE,ATM_STRADDLE_2023-06-30_2023-07-06,2023-06-30,50000.0,50000.0,140000.0,SKIPPED_INSUFFICIENT_MARGIN
ATM_STRADDLE,ATM_STRADDLE_2023-07-07_2023-07-13,2023-07-07,50000.0,50000.0,140000.0,SKIPPED_INSUFFICIENT_MARGIN
ATM_STRADDLE,ATM_STRADDLE_2023-07-14_2023-07-20,2023-07-14,50000.0,50000.0,140000.0,SKIPPED_INSUFFICIENT_MARGIN
ATM_STRADDLE,ATM_STRADDLE_2023-07-21_2023-07-27,2023-07-21,50000.0,50000.0,140000.0,SKIPPED_INSUFFICIENT_MARGIN
ATM_STRADDLE,ATM_STRADDLE_2023-07-28_2023-08-03,2023-07-28,50000.0,50000.0,140000.0,SKIPPED_INSUFFICIENT_MARGIN
ATM_STRADDLE,ATM_STRADDLE_2023-08-04_2023-08-10,2023-08-04,50000.0,50000.0,140000.0,SKIPPED_INSUFFICIENT_MARGIN
ATM_STRADDLE,ATM_STRADDLE_2023-08-11_2023-08-17,2023-08-11,50000.0,50000.0,140000.0,SKIPPED_INSUFFICIENT_MARGIN
ATM_STRADDLE,ATM_STRADDLE_2023-08-18_2023-08-24,2023-08-18,50000.0,50000.0,140000.0,SKIPPED_INSUFFICIENT_MARGIN
ATM_STRADDLE,ATM_STRADDLE_2023-08-25_2023-08-31,2023-08-25,50000.0,50000.0,140000.0,SKIPPED_INSUFFICIENT_MARGIN
ATM_STRADDLE,ATM_STRADDLE_2023-09-01_2023-09-07,2023-09-01,50000.0,50000.0,140000.0,SKIPPED_INSUFFICIENT_MARGIN
ATM_STRADDLE,ATM_STRADDLE_2023-09-08_2023-09-14,2023-09-08,50000.0,50000.0,140000.0,SKIPPED_INSUFFICIENT_MARGIN
ATM_STRADDLE,ATM_STRADDLE_2023-09-15_2023-09-21,2023-09-15,50000.0,50000.0,140000.0,SKIPPED_INSUFFICIENT_MARGIN
ATM_STRADDLE,ATM_STRADDLE_2023-09-22_2023-09-28,2023-09-22,50000.0,50000.0,140000.0,SKIPPED_INSUFFICIENT_MARGIN
ATM_STRADDLE,ATM_STRADDLE_2023-09-29_2023-10-05,2023-09-29,50000.0,50000.0,140000.0,SKIPPED_INSUFFICIENT_MARGIN
ATM_STRADDLE,ATM_STRADDLE_2023-10-06_2023-10-12,2023-10-06,50000.0,50000.0,140000.0,SKIPPED_INSUFFICIENT_MARGIN
ATM_STRADDLE,ATM_STRADDLE_2023-10-13_2023-10-19,2023-10-13,50000.0,50000.0,140000.0,SKIPPED_INSUFFICIENT_MARGIN
ATM_STRADDLE,ATM_STRADDLE_2023-10-20_2023-10-26,2023-10-20,50000.0,50000.0,140000.0,SKIPPED_INSUFFICIENT_MARGIN
ATM_STRADDLE,ATM_STRADDLE_2023-10-27_2023-11-02,2023-10-27,50000.0,50000.0,140000.0,SKIPPED_INSUFFICIENT_MARGIN
ATM_STRADDLE,ATM_STRADDLE_2023-11-03_2023-11-09,2023-11-03,50000.0,50000.0,140000.0,SKIPPED_INSUFFICIENT_MARGIN
ATM_STRADDLE,ATM_STRADDLE_2023-11-10_2023-11-16,2023-11-10,50000.0,50000.0,140000.0,SKIPPED_INSUFFICIENT_MARGIN
ATM_STRADDLE,ATM_STRADDLE_2023-11-17_2023-11-23,2023-11-17,50000.0,50000.0,140000.0,SKIPPED_INSUFFICIENT_MARGIN
ATM_STRADDLE,ATM_STRADDLE_2023-11-24_2023-11-30,2023-11-24,50000.0,50000.0,140000.0,SKIPPED_INSUFFICIENT_MARGIN
ATM_STRADDLE,ATM_STRADDLE_2023-12-01_2023-12-07,2023-12-01,50000.0,50000.0,140000.0,SKIPPED_INSUFFICIENT_MARGIN
ATM_STRADDLE,ATM_STRADDLE_2023-12-08_2023-12-14,2023-12-08,50000.0,50000.0,140000.0,SKIPPED_INSUFFICIENT_MARGIN
ATM_STRADDLE,ATM_STRADDLE_2023-12-15_2023-12-21,2023-12-15,50000.0,50000.0,140000.0,SKIPPED_INSUFFICIENT_MARGIN
ATM_STRADDLE,ATM_STRADDLE_2023-12-22_2023-12-28,2023-12-22,50000.0,50000.0,140000.0,SKIPPED_INSUFFICIENT_MARGIN
ATM_STRADDLE,ATM_STRADDLE_2023-12-29_2024-01-04,2023-12-29,50000.0,50000.0,140000.0,SKIPPED_INSUFFICIENT_MARGIN
ATM_STRADDLE,ATM_STRADDLE_2024-01-05_2024-01-11,2024-01-05,50000.0,50000.0,140000.0,SKIPPED_INSUFFICIENT_MARGIN
ATM_STRADDLE,ATM_STRADDLE_2024-01-12_2024-01-18,2024-01-12,50000.0,50000.0,140000.0,SKIPPED_INSUFFICIENT_MARGIN
ATM_STRADDLE,ATM_STRADDLE_2024-01-19_2024-01-25,2024-01-19,50000.0,50000.0,140000.0,SKIPPED_INSUFFICIENT_MARGIN
ATM_STRADDLE,ATM_STRADDLE_2024-01-29_2024-02-01,2024-01-29,50000.0,50000.0,140000.0,SKIPPED_INSUFFICIENT_MARGIN
ATM_STRADDLE,ATM_STRADDLE_2024-02-02_2024-02-08,2024-02-02,50000.0,50000.0,140000.0,SKIPPED_INSUFFICIENT_MARGIN
ATM_STRADDLE,ATM_STRADDLE_2024-02-09_2024-02-15,2024-02-09,50000.0,50000.0,140000.0,SKIPPED_INSUFFICIENT_MARGIN
ATM_STRADDLE,ATM_STRADDLE_2024-02-16_2024-02-22,2024-02-16,50000.0,50000.0,140000.0,SKIPPED_INSUFFICIENT_MARGIN
ATM_STRADDLE,ATM_STRADDLE_2024-02-23_2024-02-29,2024-02-23,50000.0,50000.0,140000.0,SKIPPED_INSUFFICIENT_MARGIN
ATM_STRADDLE,ATM_STRADDLE_2024-03-01_2024-03-07,2024-03-01,50000.0,50000.0,140000.0,SKIPPED_INSUFFICIENT_MARGIN
ATM_STRADDLE,ATM_STRADDLE_2024-03-11_2024-03-14,2024-03-11,50000.0,50000.0,140000.0,SKIPPED_INSUFFICIENT_MARGIN
ATM_STRADDLE,ATM_STRADDLE_2024-03-15_2024-03-21,2024-03-15,50000.0,50000.0,140000.0,SKIPPED_INSUFFICIENT_MARGIN
ATM_STRADDLE,ATM_STRADDLE_2024-03-22_2024-03-28,2024-03-22,50000.0,50000.0,140000.0,SKIPPED_INSUFFICIENT_MARGIN
ATM_STRADDLE,ATM_STRADDLE_2024-04-01_2024-04-04,2024-04-01,50000.0,50000.0,140000.0,SKIPPED_INSUFFICIENT_MARGIN
ATM_STRADDLE,ATM_STRADDLE_2024-04-05_2024-04-10,2024-04-05,50000.0,50000.0,140000.0,SKIPPED_INSUFFICIENT_MARGIN
ATM_STRADDLE,ATM_STRADDLE_2024-04-12_2024-04-18,2024-04-12,50000.0,50000.0,140000.0,SKIPPED_INSUFFICIENT_MARGIN
ATM_STRADDLE,ATM_STRADDLE_2024-04-19_2024-04-25,2024-04-19,50000.0,50000.0,140000.0,SKIPPED_INSUFFICIENT_MARGIN
ATM_STRADDLE,ATM_STRADDLE_2024-04-26_2024-05-02,2024-04-26,50000.0,50000.0,140000.0,SKIPPED_INSUFFICIENT_MARGIN
ATM_STRADDLE,ATM_STRADDLE_2024-05-03_2024-05-09,2024-05-03,50000.0,50000.0,140000.0,SKIPPED_INSUFFICIENT_MARGIN
ATM_STRADDLE,ATM_STRADDLE_2024-05-10_2024-05-16,2024-05-10,50000.0,50000.0,140000.0,SKIPPED_INSUFFICIENT_MARGIN
ATM_STRADDLE,ATM_STRADDLE_2024-05-17_2024-05-23,2024-05-17,50000.0,50000.0,140000.0,SKIPPED_INSUFFICIENT_MARGIN
ATM_STRADDLE,ATM_STRADDLE_2024-05-24_2024-05-30,2024-05-24,50000.0,50000.0,140000.0,SKIPPED_INSUFFICIENT_MARGIN
ATM_STRADDLE,ATM_STRADDLE_2024-05-31_2024-06-06,2024-05-31,50000.0,50000.0,140000.0,SKIPPED_INSUFFICIENT_MARGIN
ATM_STRADDLE,ATM_STRADDLE_2024-06-07_2024-06-13,2024-06-07,50000.0,50000.0,140000.0,SKIPPED_INSUFFICIENT_MARGIN
ATM_STRADDLE,ATM_STRADDLE_2024-06-14_2024-06-20,2024-06-14,50000.0,50000.0,140000.0,SKIPPED_INSUFFICIENT_MARGIN
ATM_STRADDLE,ATM_STRADDLE_2024-06-21_2024-06-27,2024-06-21,50000.0,50000.0,140000.0,SKIPPED_INSUFFICIENT_MARGIN
ATM_STRADDLE,ATM_STRADDLE_2024-06-28_2024-07-04,2024-06-28,50000.0,50000.0,140000.0,SKIPPED_INSUFFICIENT_MARGIN
ATM_STRADDLE,ATM_STRADDLE_2024-07-05_2024-07-11,2024-07-05,50000.0,50000.0,140000.0,SKIPPED_INSUFFICIENT_MARGIN
ATM_STRADDLE,ATM_STRADDLE_2024-07-12_2024-07-18,2024-07-12,50000.0,50000.0,140000.0,SKIPPED_INSUFFICIENT_MARGIN
ATM_STRADDLE,ATM_STRADDLE_2024-07-19_2024-07-25,2024-07-19,50000.0,50000.0,140000.0,SKIPPED_INSUFFICIENT_MARGIN
ATM_STRADDLE,ATM_STRADDLE_2024-07-26_2024-08-01,2024-07-26,50000.0,50000.0,140000.0,SKIPPED_INSUFFICIENT_MARGIN
ATM_STRADDLE,ATM_STRADDLE_2024-08-02_2024-08-08,2024-08-02,50000.0,50000.0,140000.0,SKIPPED_INSUFFICIENT_MARGIN
ATM_STRADDLE,ATM_STRADDLE_2024-08-09_2024-08-14,2024-08-09,50000.0,50000.0,140000.0,SKIPPED_INSUFFICIENT_MARGIN
ATM_STRADDLE,ATM_STRADDLE_2024-08-16_2024-08-22,2024-08-16,50000.0,50000.0,140000.0,SKIPPED_INSUFFICIENT_MARGIN
ATM_STRADDLE,ATM_STRADDLE_2024-08-23_2024-08-29,2024-08-23,50000.0,50000.0,140000.0,SKIPPED_INSUFFICIENT_MARGIN
ATM_STRADDLE,ATM_STRADDLE_2024-08-30_2024-09-05,2024-08-30,50000.0,50000.0,140000.0,SKIPPED_INSUFFICIENT_MARGIN
ATM_STRADDLE,ATM_STRADDLE_2024-09-06_2024-09-12,2024-09-06,50000.0,50000.0,140000.0,SKIPPED_INSUFFICIENT_MARGIN
ATM_STRADDLE,ATM_STRADDLE_2024-09-13_2024-09-19,2024-09-13,50000.0,50000.0,140000.0,SKIPPED_INSUFFICIENT_MARGIN
ATM_STRADDLE,ATM_STRADDLE_2024-09-20_2024-09-26,2024-09-20,50000.0,50000.0,140000.0,SKIPPED_INSUFFICIENT_MARGIN
ATM_STRADDLE,ATM_STRADDLE_2024-09-27_2024-10-03,2024-09-27,50000.0,50000.0,140000.0,SKIPPED_INSUFFICIENT_MARGIN
ATM_STRADDLE,ATM_STRADDLE_2024-10-04_2024-10-10,2024-10-04,50000.0,50000.0,140000.0,SKIPPED_INSUFFICIENT_MARGIN
ATM_STRADDLE,ATM_STRADDLE_2024-10-11_2024-10-17,2024-10-11,50000.0,50000.0,140000.0,SKIPPED_INSUFFICIENT_MARGIN
ATM_STRADDLE,ATM_STRADDLE_2024-10-18_2024-10-24,2024-10-18,50000.0,50000.0,140000.0,SKIPPED_INSUFFICIENT_MARGIN
ATM_STRADDLE,ATM_STRADDLE_2024-10-25_2024-10-31,2024-10-25,50000.0,50000.0,140000.0,SKIPPED_INSUFFICIENT_MARGIN
ATM_STRADDLE,ATM_STRADDLE_2024-11-01_2024-11-07,2024-11-01,50000.0,50000.0,140000.0,SKIPPED_INSUFFICIENT_MARGIN
ATM_STRADDLE,ATM_STRADDLE_2024-11-08_2024-11-14,2024-11-08,50000.0,50000.0,140000.0,SKIPPED_INSUFFICIENT_MARGIN
ATM_STRADDLE,ATM_STRADDLE_2024-11-18_2024-11-21,2024-11-18,50000.0,50000.0,140000.0,SKIPPED_INSUFFICIENT_MARGIN
ATM_STRADDLE,ATM_STRADDLE_2024-11-22_2024-11-28,2024-11-22,50000.0,50000.0,140000.0,SKIPPED_INSUFFICIENT_MARGIN
ATM_STRADDLE,ATM_STRADDLE_2024-11-29_2024-12-05,2024-11-29,50000.0,50000.0,140000.0,SKIPPED_INSUFFICIENT_MARGIN
ATM_STRADDLE,ATM_STRADDLE_2024-12-06_2024-12-12,2024-12-06,50000.0,50000.0,140000.0,SKIPPED_INSUFFICIENT_MARGIN
ATM_STRADDLE,ATM_STRADDLE_2024-12-13_2024-12-19,2024-12-13,50000.0,50000.0,140000.0,SKIPPED_INSUFFICIENT_MARGIN
ATM_STRADDLE,ATM_STRADDLE_2024-12-20_2024-12-26,2024-12-20,50000.0,50000.0,140000.0,SKIPPED_INSUFFICIENT_MARGIN
ATM_STRADDLE,ATM_STRADDLE_2024-12-27_2025-01-02,2024-12-27,50000.0,50000.0,140000.0,SKIPPED_INSUFFICIENT_MARGIN
ATM_STRADDLE,ATM_STRADDLE_2025-01-03_2025-01-09,2025-01-03,50000.0,50000.0,140000.0,SKIPPED_INSUFFICIENT_MARGIN
ATM_STRADDLE,ATM_STRADDLE_2025-01-10_2025-01-16,2025-01-10,50000.0,50000.0,140000.0,SKIPPED_INSUFFICIENT_MARGIN
ATM_STRADDLE,ATM_STRADDLE_2025-01-17_2025-01-23,2025-01-17,50000.0,50000.0,140000.0,SKIPPED_INSUFFICIENT_MARGIN
ATM_STRADDLE,ATM_STRADDLE_2025-01-24_2025-01-30,2025-01-24,50000.0,50000.0,140000.0,SKIPPED_INSUFFICIENT_MARGIN
ATM_STRADDLE,ATM_STRADDLE_2025-01-31_2025-02-06,2025-01-31,50000.0,50000.0,140000.0,SKIPPED_INSUFFICIENT_MARGIN
ATM_STRADDLE,ATM_STRADDLE_2025-02-07_2025-02-13,2025-02-07,50000.0,50000.0,140000.0,SKIPPED_INSUFFICIENT_MARGIN
ATM_STRADDLE,ATM_STRADDLE_2025-02-14_2025-02-20,2025-02-14,50000.0,50000.0,140000.0,SKIPPED_INSUFFICIENT_MARGIN
ATM_STRADDLE,ATM_STRADDLE_2025-02-21_2025-02-27,2025-02-21,50000.0,50000.0,140000.0,SKIPPED_INSUFFICIENT_MARGIN
ATM_STRADDLE,ATM_STRADDLE_2025-02-28_2025-03-06,2025-02-28,50000.0,50000.0,140000.0,SKIPPED_INSUFFICIENT_MARGIN
ATM_STRADDLE,ATM_STRADDLE_2025-03-07_2025-03-13,2025-03-07,50000.0,50000.0,140000.0,SKIPPED_INSUFFICIENT_MARGIN
ATM_STRADDLE,ATM_STRADDLE_2025-03-17_2025-03-20,2025-03-17,50000.0,50000.0,140000.0,SKIPPED_INSUFFICIENT_MARGIN
ATM_STRADDLE,ATM_STRADDLE_2025-03-21_2025-03-27,2025-03-21,50000.0,50000.0,140000.0,SKIPPED_INSUFFICIENT_MARGIN
ATM_STRADDLE,ATM_STRADDLE_2025-03-28_2025-04-03,2025-03-28,50000.0,50000.0,140000.0,SKIPPED_INSUFFICIENT_MARGIN
ATM_STRADDLE,ATM_STRADDLE_2025-04-04_2025-04-09,2025-04-04,50000.0,50000.0,140000.0,SKIPPED_INSUFFICIENT_MARGIN
ATM_STRADDLE,ATM_STRADDLE_2025-04-11_2025-04-17,2025-04-11,50000.0,50000.0,140000.0,SKIPPED_INSUFFICIENT_MARGIN
ATM_STRADDLE,ATM_STRADDLE_2025-04-21_2025-04-24,2025-04-21,50000.0,50000.0,140000.0,SKIPPED_INSUFFICIENT_MARGIN
ATM_STRADDLE,ATM_STRADDLE_2025-04-25_2025-04-30,2025-04-25,50000.0,50000.0,140000.0,SKIPPED_INSUFFICIENT_MARGIN
ATM_STRADDLE,ATM_STRADDLE_2025-05-02_2025-05-08,2025-05-02,50000.0,50000.0,140000.0,SKIPPED_INSUFFICIENT_MARGIN
ATM_STRADDLE,ATM_STRADDLE_2025-05-09_2025-05-15,2025-05-09,50000.0,50000.0,140000.0,SKIPPED_INSUFFICIENT_MARGIN
ATM_STRADDLE,ATM_STRADDLE_2025-05-16_2025-05-22,2025-05-16,50000.0,50000.0,140000.0,SKIPPED_INSUFFICIENT_MARGIN
ATM_STRADDLE,ATM_STRADDLE_2025-05-23_2025-05-29,2025-05-23,50000.0,50000.0,140000.0,SKIPPED_INSUFFICIENT_MARGIN
ATM_STRADDLE,ATM_STRADDLE_2025-05-30_2025-06-05,2025-05-30,50000.0,50000.0,140000.0,SKIPPED_INSUFFICIENT_MARGIN
ATM_STRADDLE,ATM_STRADDLE_2025-06-06_2025-06-12,2025-06-06,50000.0,50000.0,140000.0,SKIPPED_INSUFFICIENT_MARGIN
ATM_STRADDLE,ATM_STRADDLE_2025-06-13_2025-06-19,2025-06-13,50000.0,50000.0,140000.0,SKIPPED_INSUFFICIENT_MARGIN
ATM_STRADDLE,ATM_STRADDLE_2025-06-20_2025-06-26,2025-06-20,50000.0,50000.0,140000.0,SKIPPED_INSUFFICIENT_MARGIN
ATM_STRADDLE,ATM_STRADDLE_2025-06-27_2025-07-03,2025-06-27,50000.0,50000.0,140000.0,SKIPPED_INSUFFICIENT_MARGIN
ATM_STRADDLE,ATM_STRADDLE_2025-07-04_2025-07-10,2025-07-04,50000.0,50000.0,140000.0,SKIPPED_INSUFFICIENT_MARGIN
ATM_STRADDLE,ATM_STRADDLE_2025-07-11_2025-07-17,2025-07-11,50000.0,50000.0,140000.0,SKIPPED_INSUFFICIENT_MARGIN
ATM_STRADDLE,ATM_STRADDLE_2025-07-18_2025-07-24,2025-07-18,50000.0,50000.0,140000.0,SKIPPED_INSUFFICIENT_MARGIN
ATM_STRADDLE,ATM_STRADDLE_2025-07-25_2025-07-31,2025-07-25,50000.0,50000.0,140000.0,SKIPPED_INSUFFICIENT_MARGIN
ATM_STRADDLE,ATM_STRADDLE_2025-08-01_2025-08-07,2025-08-01,50000.0,50000.0,140000.0,SKIPPED_INSUFFICIENT_MARGIN
ATM_STRADDLE,ATM_STRADDLE_2025-08-08_2025-08-14,2025-08-08,50000.0,50000.0,140000.0,SKIPPED_INSUFFICIENT_MARGIN
ATM_STRADDLE,ATM_STRADDLE_2025-08-18_2025-08-21,2025-08-18,50000.0,50000.0,140000.0,SKIPPED_INSUFFICIENT_MARGIN
ATM_STRADDLE,ATM_STRADDLE_2025-08-22_2025-08-28,2025-08-22,50000.0,50000.0,140000.0,SKIPPED_INSUFFICIENT_MARGIN
ATM_STRADDLE,ATM_STRADDLE_2025-08-29_2025-09-02,2025-08-29,50000.0,50000.0,140000.0,SKIPPED_INSUFFICIENT_MARGIN
ATM_STRADDLE,ATM_STRADDLE_2025-09-03_2025-09-09,2025-09-03,50000.0,50000.0,140000.0,SKIPPED_INSUFFICIENT_MARGIN
ATM_STRADDLE,ATM_STRADDLE_2025-09-10_2025-09-16,2025-09-10,50000.0,50000.0,140000.0,SKIPPED_INSUFFICIENT_MARGIN
ATM_STRADDLE,ATM_STRADDLE_2025-09-17_2025-09-23,2025-09-17,50000.0,50000.0,140000.0,SKIPPED_INSUFFICIENT_MARGIN
ATM_STRADDLE,ATM_STRADDLE_2025-09-26_2025-09-30,2025-09-26,50000.0,50000.0,140000.0,SKIPPED_INSUFFICIENT_MARGIN
ATM_STRADDLE,ATM_STRADDLE_2025-10-01_2025-10-07,2025-10-01,50000.0,50000.0,140000.0,SKIPPED_INSUFFICIENT_MARGIN
ATM_STRADDLE,ATM_STRADDLE_2025-10-08_2025-10-14,2025-10-08,50000.0,50000.0,140000.0,SKIPPED_INSUFFICIENT_MARGIN
ATM_STRADDLE,ATM_STRADDLE_2025-10-15_2025-10-20,2025-10-15,50000.0,50000.0,140000.0,SKIPPED_INSUFFICIENT_MARGIN
ATM_STRADDLE,ATM_STRADDLE_2025-10-21_2025-10-28,2025-10-21,50000.0,50000.0,140000.0,SKIPPED_INSUFFICIENT_MARGIN
ATM_STRADDLE,ATM_STRADDLE_2025-10-29_2025-11-04,2025-10-29,50000.0,50000.0,140000.0,SKIPPED_INSUFFICIENT_MARGIN
ATM_STRADDLE,ATM_STRADDLE_2025-11-06_2025-11-11,2025-11-06,50000.0,50000.0,140000.0,SKIPPED_INSUFFICIENT_MARGIN
ATM_STRADDLE,ATM_STRADDLE_2025-11-12_2025-11-18,2025-11-12,50000.0,50000.0,140000.0,SKIPPED_INSUFFICIENT_MARGIN
ATM_STRADDLE,ATM_STRADDLE_2025-11-19_2025-11-25,2025-11-19,50000.0,50000.0,140000.0,SKIPPED_INSUFFICIENT_MARGIN
ATM_STRADDLE,ATM_STRADDLE_2025-11-26_2025-12-02,2025-11-26,50000.0,50000.0,140000.0,SKIPPED_INSUFFICIENT_MARGIN
ATM_STRADDLE,ATM_STRADDLE_2025-12-03_2025-12-09,2025-12-03,50000.0,50000.0,140000.0,SKIPPED_INSUFFICIENT_MARGIN
ATM_STRADDLE,ATM_STRADDLE_2025-12-10_2025-12-16,2025-12-10,50000.0,50000.0,140000.0,SKIPPED_INSUFFICIENT_MARGIN
ATM_STRADDLE,ATM_STRADDLE_2025-12-17_2025-12-23,2025-12-17,50000.0,50000.0,140000.0,SKIPPED_INSUFFICIENT_MARGIN
ATM_STRADDLE,ATM_STRADDLE_2025-12-26_2025-12-30,2025-12-26,50000.0,50000.0,140000.0,SKIPPED_INSUFFICIENT_MARGIN
ATM_STRADDLE,ATM_STRADDLE_2025-12-31_2026-01-06,2025-12-31,50000.0,50000.0,140000.0,SKIPPED_INSUFFICIENT_MARGIN
ATM_STRADDLE,ATM_STRADDLE_2026-01-07_2026-01-13,2026-01-07,50000.0,50000.0,140000.0,SKIPPED_INSUFFICIENT_MARGIN
ATM_STRADDLE,ATM_STRADDLE_2026-01-14_2026-01-20,2026-01-14,50000.0,50000.0,140000.0,SKIPPED_INSUFFICIENT_MARGIN
ATM_STRADDLE,ATM_STRADDLE_2026-01-21_2026-01-27,2026-01-21,50000.0,50000.0,140000.0,SKIPPED_INSUFFICIENT_MARGIN
ATM_STRADDLE,ATM_STRADDLE_2026-01-28_2026-02-03,2026-01-28,50000.0,50000.0,140000.0,SKIPPED_INSUFFICIENT_MARGIN
ATM_STRADDLE,ATM_STRADDLE_2026-02-04_2026-02-10,2026-02-04,50000.0,50000.0,140000.0,SKIPPED_INSUFFICIENT_MARGIN
ATM_STRADDLE,ATM_STRADDLE_2026-02-11_2026-02-17,2026-02-11,50000.0,50000.0,140000.0,SKIPPED_INSUFFICIENT_MARGIN
ATM_STRADDLE,ATM_STRADDLE_2026-02-18_2026-02-24,2026-02-18,50000.0,50000.0,140000.0,SKIPPED_INSUFFICIENT_MARGIN
ATM_STRADDLE,ATM_STRADDLE_2026-02-25_2026-03-02,2026-02-25,50000.0,50000.0,140000.0,SKIPPED_INSUFFICIENT_MARGIN
ATM_STRADDLE,ATM_STRADDLE_2026-03-04_2026-03-10,2026-03-04,50000.0,50000.0,140000.0,SKIPPED_INSUFFICIENT_MARGIN
ATM_STRADDLE,ATM_STRADDLE_2026-03-11_2026-03-17,2026-03-11,50000.0,50000.0,140000.0,SKIPPED_INSUFFICIENT_MARGIN
ATM_STRADDLE,ATM_STRADDLE_2026-03-18_2026-03-24,2026-03-18,50000.0,50000.0,140000.0,SKIPPED_INSUFFICIENT_MARGIN
ATM_STRADDLE,ATM_STRADDLE_2026-03-27_2026-03-30,2026-03-27,50000.0,50000.0,140000.0,SKIPPED_INSUFFICIENT_MARGIN
ATM_STRADDLE,ATM_STRADDLE_2026-04-01_2026-04-07,2026-04-01,50000.0,50000.0,140000.0,SKIPPED_INSUFFICIENT_MARGIN
ATM_STRADDLE,ATM_STRADDLE_2026-04-08_2026-04-13,2026-04-08,50000.0,50000.0,140000.0,SKIPPED_INSUFFICIENT_MARGIN
ATM_STRADDLE,ATM_STRADDLE_2026-04-15_2026-04-21,2026-04-15,50000.0,50000.0,140000.0,SKIPPED_INSUFFICIENT_MARGIN
ATM_STRADDLE,ATM_STRADDLE_2026-04-22_2026-04-28,2026-04-22,50000.0,50000.0,140000.0,SKIPPED_INSUFFICIENT_MARGIN
ATM_STRADDLE,ATM_STRADDLE_2026-04-29_2026-05-05,2026-04-29,50000.0,50000.0,140000.0,SKIPPED_INSUFFICIENT_MARGIN
ATM_STRADDLE,ATM_STRADDLE_2026-05-06_2026-05-12,2026-05-06,50000.0,50000.0,140000.0,SKIPPED_INSUFFICIENT_MARGIN
ATM_STRADDLE,ATM_STRADDLE_2026-05-13_2026-05-19,2026-05-13,50000.0,50000.0,140000.0,SKIPPED_INSUFFICIENT_MARGIN
ATM_STRADDLE,ATM_STRADDLE_2026-05-20_2026-05-26,2026-05-20,50000.0,50000.0,140000.0,SKIPPED_INSUFFICIENT_MARGIN
ATM_STRADDLE,ATM_STRADDLE_2026-05-27_2026-06-02,2026-05-27,50000.0,50000.0,140000.0,SKIPPED_INSUFFICIENT_MARGIN
ATM_STRADDLE,ATM_STRADDLE_2026-06-03_2026-06-09,2026-06-03,50000.0,50000.0,140000.0,SKIPPED_INSUFFICIENT_MARGIN
ATM_STRADDLE,ATM_STRADDLE_2026-06-10_2026-06-16,2026-06-10,50000.0,50000.0,140000.0,SKIPPED_INSUFFICIENT_MARGIN
ATM_STRADDLE,ATM_STRADDLE_2026-06-17_2026-06-23,2026-06-17,50000.0,50000.0,140000.0,SKIPPED_INSUFFICIENT_MARGIN
ATM_STRADDLE,ATM_STRADDLE_2026-06-29_2026-06-30,2026-06-29,50000.0,50000.0,140000.0,SKIPPED_INSUFFICIENT_MARGIN
ATM_STRADDLE,ATM_STRADDLE_2026-07-01_2026-07-07,2026-07-01,50000.0,50000.0,140000.0,SKIPPED_INSUFFICIENT_MARGIN
ATM_STRADDLE,ATM_STRADDLE_2026-07-08_2026-07-14,2026-07-08,50000.0,50000.0,140000.0,SKIPPED_INSUFFICIENT_MARGIN
ATM_STRADDLE,ATM_STRADDLE_2026-07-15_2026-07-21,2026-07-15,50000.0,50000.0,140000.0,SKIPPED_INSUFFICIENT_MARGIN
ATM_STRADDLE,ATM_STRADDLE_2026-07-22_2026-07-28,2026-07-22,50000.0,50000.0,140000.0,SKIPPED_INSUFFICIENT_MARGIN
ATM_STRADDLE,ATM_STRADDLE_2026-07-29_2026-08-04,2026-07-29,50000.0,50000.0,140000.0,SKIPPED_INSUFFICIENT_MARGIN
ATM_STRADDLE,ATM_STRADDLE_2026-08-05_2026-08-11,2026-08-05,50000.0,50000.0,140000.0,SKIPPED_INSUFFICIENT_MARGIN
ATM_STRADDLE,ATM_STRADDLE_2026-08-12_2026-08-18,2026-08-12,50000.0,50000.0,140000.0,SKIPPED_INSUFFICIENT_MARGIN
ATM_STRADDLE,ATM_STRADDLE_2026-08-19_2026-08-25,2026-08-19,50000.0,50000.0,140000.0,SKIPPED_INSUFFICIENT_MARGIN
ATM_STRADDLE,ATM_STRADDLE_2026-08-26_2026-09-01,2026-08-26,50000.0,50000.0,140000.0,SKIPPED_INSUFFICIENT_MARGIN
ATM_STRADDLE,ATM_STRADDLE_2026-09-02_2026-09-08,2026-09-02,50000.0,50000.0,140000.0,SKIPPED_INSUFFICIENT_MARGIN
ATM_STRADDLE,ATM_STRADDLE_2026-09-09_2026-09-15,2026-09-09,50000.0,50000.0,140000.0,SKIPPED_INSUFFICIENT_MARGIN
ATM_STRADDLE,ATM_STRADDLE_2020-01-31_2020-02-06,2020-01-31,75000.0,75000.0,140000.0,SKIPPED_INSUFFICIENT_MARGIN
ATM_STRADDLE,ATM_STRADDLE_2020-02-07_2020-02-13,2020-02-07,75000.0,75000.0,140000.0,SKIPPED_INSUFFICIENT_MARGIN
ATM_STRADDLE,ATM_STRADDLE_2020-02-14_2020-02-20,2020-02-14,75000.0,75000.0,140000.0,SKIPPED_INSUFFICIENT_MARGIN
ATM_STRADDLE,ATM_STRADDLE_2020-02-24_2020-02-27,2020-02-24,75000.0,75000.0,140000.0,SKIPPED_INSUFFICIENT_MARGIN
ATM_STRADDLE,ATM_STRADDLE_2020-02-28_2020-03-05,2020-02-28,75000.0,75000.0,140000.0,SKIPPED_INSUFFICIENT_MARGIN
ATM_STRADDLE,ATM_STRADDLE_2020-03-06_2020-03-12,2020-03-06,75000.0,75000.0,140000.0,SKIPPED_INSUFFICIENT_MARGIN
ATM_STRADDLE,ATM_STRADDLE_2020-03-13_2020-03-19,2020-03-13,75000.0,75000.0,140000.0,SKIPPED_INSUFFICIENT_MARGIN
ATM_STRADDLE,ATM_STRADDLE_2020-03-20_2020-03-26,2020-03-20,75000.0,75000.0,140000.0,SKIPPED_INSUFFICIENT_MARGIN
ATM_STRADDLE,ATM_STRADDLE_2020-03-27_2020-04-01,2020-03-27,75000.0,75000.0,140000.0,SKIPPED_INSUFFICIENT_MARGIN
ATM_STRADDLE,ATM_STRADDLE_2020-04-03_2020-04-09,2020-04-03,75000.0,75000.0,140000.0,SKIPPED_INSUFFICIENT_MARGIN
ATM_STRADDLE,ATM_STRADDLE_2020-04-13_2020-04-16,2020-04-13,75000.0,75000.0,140000.0,SKIPPED_INSUFFICIENT_MARGIN
ATM_STRADDLE,ATM_STRADDLE_2020-04-17_2020-04-23,2020-04-17,75000.0,75000.0,140000.0,SKIPPED_INSUFFICIENT_MARGIN
ATM_STRADDLE,ATM_STRADDLE_2020-04-24_2020-04-30,2020-04-24,75000.0,75000.0,140000.0,SKIPPED_INSUFFICIENT_MARGIN
ATM_STRADDLE,ATM_STRADDLE_2020-05-04_2020-05-07,2020-05-04,75000.0,75000.0,140000.0,SKIPPED_INSUFFICIENT_MARGIN
ATM_STRADDLE,ATM_STRADDLE_2020-05-08_2020-05-14,2020-05-08,75000.0,75000.0,140000.0,SKIPPED_INSUFFICIENT_MARGIN
ATM_STRADDLE,ATM_STRADDLE_2020-05-15_2020-05-21,2020-05-15,75000.0,75000.0,140000.0,SKIPPED_INSUFFICIENT_MARGIN
ATM_STRADDLE,ATM_STRADDLE_2020-05-22_2020-05-28,2020-05-22,75000.0,75000.0,140000.0,SKIPPED_INSUFFICIENT_MARGIN
ATM_STRADDLE,ATM_STRADDLE_2020-05-29_2020-06-04,2020-05-29,75000.0,75000.0,140000.0,SKIPPED_INSUFFICIENT_MARGIN
ATM_STRADDLE,ATM_STRADDLE_2020-06-05_2020-06-11,2020-06-05,75000.0,75000.0,140000.0,SKIPPED_INSUFFICIENT_MARGIN
ATM_STRADDLE,ATM_STRADDLE_2020-06-12_2020-06-18,2020-06-12,75000.0,75000.0,140000.0,SKIPPED_INSUFFICIENT_MARGIN
ATM_STRADDLE,ATM_STRADDLE_2020-06-19_2020-06-25,2020-06-19,75000.0,75000.0,140000.0,SKIPPED_INSUFFICIENT_MARGIN
ATM_STRADDLE,ATM_STRADDLE_2020-06-26_2020-07-02,2020-06-26,75000.0,75000.0,140000.0,SKIPPED_INSUFFICIENT_MARGIN
ATM_STRADDLE,ATM_STRADDLE_2020-07-03_2020-07-09,2020-07-03,75000.0,75000.0,140000.0,SKIPPED_INSUFFICIENT_MARGIN
ATM_STRADDLE,ATM_STRADDLE_2020-07-10_2020-07-16,2020-07-10,75000.0,75000.0,140000.0,SKIPPED_INSUFFICIENT_MARGIN
ATM_STRADDLE,ATM_STRADDLE_2020-07-17_2020-07-23,2020-07-17,75000.0,75000.0,140000.0,SKIPPED_INSUFFICIENT_MARGIN
ATM_STRADDLE,ATM_STRADDLE_2020-07-24_2020-07-30,2020-07-24,75000.0,75000.0,140000.0,SKIPPED_INSUFFICIENT_MARGIN
ATM_STRADDLE,ATM_STRADDLE_2020-07-31_2020-08-06,2020-07-31,75000.0,75000.0,140000.0,SKIPPED_INSUFFICIENT_MARGIN
ATM_STRADDLE,ATM_STRADDLE_2020-08-07_2020-08-13,2020-08-07,75000.0,75000.0,140000.0,SKIPPED_INSUFFICIENT_MARGIN
ATM_STRADDLE,ATM_STRADDLE_2020-08-14_2020-08-20,2020-08-14,75000.0,75000.0,140000.0,SKIPPED_INSUFFICIENT_MARGIN
ATM_STRADDLE,ATM_STRADDLE_2020-08-21_2020-08-27,2020-08-21,75000.0,75000.0,140000.0,SKIPPED_INSUFFICIENT_MARGIN
ATM_STRADDLE,ATM_STRADDLE_2020-08-28_2020-09-03,2020-08-28,75000.0,75000.0,140000.0,SKIPPED_INSUFFICIENT_MARGIN
ATM_STRADDLE,ATM_STRADDLE_2020-09-04_2020-09-10,2020-09-04,75000.0,75000.0,140000.0,SKIPPED_INSUFFICIENT_MARGIN
ATM_STRADDLE,ATM_STRADDLE_2020-09-11_2020-09-17,2020-09-11,75000.0,75000.0,140000.0,SKIPPED_INSUFFICIENT_MARGIN
ATM_STRADDLE,ATM_STRADDLE_2020-09-18_2020-09-24,2020-09-18,75000.0,75000.0,140000.0,SKIPPED_INSUFFICIENT_MARGIN
ATM_STRADDLE,ATM_STRADDLE_2020-09-25_2020-10-01,2020-09-25,75000.0,75000.0,140000.0,SKIPPED_INSUFFICIENT_MARGIN
ATM_STRADDLE,ATM_STRADDLE_2020-10-05_2020-10-08,2020-10-05,75000.0,75000.0,140000.0,SKIPPED_INSUFFICIENT_MARGIN
ATM_STRADDLE,ATM_STRADDLE_2020-10-09_2020-10-15,2020-10-09,75000.0,75000.0,140000.0,SKIPPED_INSUFFICIENT_MARGIN
ATM_STRADDLE,ATM_STRADDLE_2020-10-16_2020-10-22,2020-10-16,75000.0,75000.0,140000.0,SKIPPED_INSUFFICIENT_MARGIN
ATM_STRADDLE,ATM_STRADDLE_2020-10-23_2020-10-29,2020-10-23,75000.0,75000.0,140000.0,SKIPPED_INSUFFICIENT_MARGIN
ATM_STRADDLE,ATM_STRADDLE_2020-10-30_2020-11-05,2020-10-30,75000.0,75000.0,140000.0,SKIPPED_INSUFFICIENT_MARGIN
ATM_STRADDLE,ATM_STRADDLE_2020-11-06_2020-11-12,2020-11-06,75000.0,75000.0,140000.0,SKIPPED_INSUFFICIENT_MARGIN
ATM_STRADDLE,ATM_STRADDLE_2020-11-13_2020-11-19,2020-11-13,75000.0,75000.0,140000.0,SKIPPED_INSUFFICIENT_MARGIN
ATM_STRADDLE,ATM_STRADDLE_2020-11-20_2020-11-26,2020-11-20,75000.0,75000.0,140000.0,SKIPPED_INSUFFICIENT_MARGIN
ATM_STRADDLE,ATM_STRADDLE_2020-11-27_2020-12-03,2020-11-27,75000.0,75000.0,140000.0,SKIPPED_INSUFFICIENT_MARGIN
ATM_STRADDLE,ATM_STRADDLE_2020-12-04_2020-12-10,2020-12-04,75000.0,75000.0,140000.0,SKIPPED_INSUFFICIENT_MARGIN
ATM_STRADDLE,ATM_STRADDLE_2020-12-11_2020-12-17,2020-12-11,75000.0,75000.0,140000.0,SKIPPED_INSUFFICIENT_MARGIN
ATM_STRADDLE,ATM_STRADDLE_2020-12-18_2020-12-24,2020-12-18,75000.0,75000.0,140000.0,SKIPPED_INSUFFICIENT_MARGIN
ATM_STRADDLE,ATM_STRADDLE_2020-12-28_2020-12-31,2020-12-28,75000.0,75000.0,140000.0,SKIPPED_INSUFFICIENT_MARGIN
ATM_STRADDLE,ATM_STRADDLE_2021-01-01_2021-01-07,2021-01-01,75000.0,75000.0,140000.0,SKIPPED_INSUFFICIENT_MARGIN
ATM_STRADDLE,ATM_STRADDLE_2021-01-08_2021-01-14,2021-01-08,75000.0,75000.0,140000.0,SKIPPED_INSUFFICIENT_MARGIN
ATM_STRADDLE,ATM_STRADDLE_2021-01-15_2021-01-21,2021-01-15,75000.0,75000.0,140000.0,SKIPPED_INSUFFICIENT_MARGIN
ATM_STRADDLE,ATM_STRADDLE_2021-01-22_2021-01-28,2021-01-22,75000.0,75000.0,140000.0,SKIPPED_INSUFFICIENT_MARGIN
ATM_STRADDLE,ATM_STRADDLE_2021-01-29_2021-02-04,2021-01-29,75000.0,75000.0,140000.0,SKIPPED_INSUFFICIENT_MARGIN
ATM_STRADDLE,ATM_STRADDLE_2021-02-05_2021-02-11,2021-02-05,75000.0,75000.0,140000.0,SKIPPED_INSUFFICIENT_MARGIN
ATM_STRADDLE,ATM_STRADDLE_2021-02-12_2021-02-18,2021-02-12,75000.0,75000.0,140000.0,SKIPPED_INSUFFICIENT_MARGIN
ATM_STRADDLE,ATM_STRADDLE_2021-02-19_2021-02-25,2021-02-19,75000.0,75000.0,140000.0,SKIPPED_INSUFFICIENT_MARGIN
ATM_STRADDLE,ATM_STRADDLE_2021-02-26_2021-03-04,2021-02-26,75000.0,75000.0,140000.0,SKIPPED_INSUFFICIENT_MARGIN
ATM_STRADDLE,ATM_STRADDLE_2021-03-05_2021-03-10,2021-03-05,75000.0,75000.0,140000.0,SKIPPED_INSUFFICIENT_MARGIN
ATM_STRADDLE,ATM_STRADDLE_2021-03-12_2021-03-18,2021-03-12,75000.0,75000.0,140000.0,SKIPPED_INSUFFICIENT_MARGIN
ATM_STRADDLE,ATM_STRADDLE_2021-03-19_2021-03-25,2021-03-19,75000.0,75000.0,140000.0,SKIPPED_INSUFFICIENT_MARGIN
ATM_STRADDLE,ATM_STRADDLE_2021-03-26_2021-04-01,2021-03-26,75000.0,75000.0,140000.0,SKIPPED_INSUFFICIENT_MARGIN
ATM_STRADDLE,ATM_STRADDLE_2021-04-05_2021-04-08,2021-04-05,75000.0,75000.0,140000.0,SKIPPED_INSUFFICIENT_MARGIN
ATM_STRADDLE,ATM_STRADDLE_2021-04-09_2021-04-15,2021-04-09,75000.0,75000.0,140000.0,SKIPPED_INSUFFICIENT_MARGIN
ATM_STRADDLE,ATM_STRADDLE_2021-04-16_2021-04-22,2021-04-16,75000.0,75000.0,140000.0,SKIPPED_INSUFFICIENT_MARGIN
ATM_STRADDLE,ATM_STRADDLE_2021-04-23_2021-04-29,2021-04-23,75000.0,75000.0,140000.0,SKIPPED_INSUFFICIENT_MARGIN
ATM_STRADDLE,ATM_STRADDLE_2021-04-30_2021-05-06,2021-04-30,75000.0,75000.0,140000.0,SKIPPED_INSUFFICIENT_MARGIN
ATM_STRADDLE,ATM_STRADDLE_2021-05-07_2021-05-12,2021-05-07,75000.0,75000.0,140000.0,SKIPPED_INSUFFICIENT_MARGIN
ATM_STRADDLE,ATM_STRADDLE_2021-05-14_2021-05-20,2021-05-14,75000.0,75000.0,140000.0,SKIPPED_INSUFFICIENT_MARGIN
ATM_STRADDLE,ATM_STRADDLE_2021-05-21_2021-05-27,2021-05-21,75000.0,75000.0,140000.0,SKIPPED_INSUFFICIENT_MARGIN
ATM_STRADDLE,ATM_STRADDLE_2021-05-28_2021-06-03,2021-05-28,75000.0,75000.0,140000.0,SKIPPED_INSUFFICIENT_MARGIN
ATM_STRADDLE,ATM_STRADDLE_2021-06-04_2021-06-10,2021-06-04,75000.0,75000.0,140000.0,SKIPPED_INSUFFICIENT_MARGIN
ATM_STRADDLE,ATM_STRADDLE_2021-06-11_2021-06-17,2021-06-11,75000.0,75000.0,140000.0,SKIPPED_INSUFFICIENT_MARGIN
ATM_STRADDLE,ATM_STRADDLE_2021-06-18_2021-06-24,2021-06-18,75000.0,75000.0,140000.0,SKIPPED_INSUFFICIENT_MARGIN
ATM_STRADDLE,ATM_STRADDLE_2021-06-25_2021-07-01,2021-06-25,75000.0,75000.0,140000.0,SKIPPED_INSUFFICIENT_MARGIN
ATM_STRADDLE,ATM_STRADDLE_2021-07-02_2021-07-08,2021-07-02,75000.0,75000.0,140000.0,SKIPPED_INSUFFICIENT_MARGIN
ATM_STRADDLE,ATM_STRADDLE_2021-07-09_2021-07-15,2021-07-09,75000.0,75000.0,140000.0,SKIPPED_INSUFFICIENT_MARGIN
ATM_STRADDLE,ATM_STRADDLE_2021-07-16_2021-07-22,2021-07-16,75000.0,75000.0,140000.0,SKIPPED_INSUFFICIENT_MARGIN
ATM_STRADDLE,ATM_STRADDLE_2021-07-23_2021-07-29,2021-07-23,75000.0,75000.0,140000.0,SKIPPED_INSUFFICIENT_MARGIN
ATM_STRADDLE,ATM_STRADDLE_2021-07-30_2021-08-05,2021-07-30,75000.0,75000.0,140000.0,SKIPPED_INSUFFICIENT_MARGIN
ATM_STRADDLE,ATM_STRADDLE_2021-08-06_2021-08-12,2021-08-06,75000.0,75000.0,140000.0,SKIPPED_INSUFFICIENT_MARGIN
ATM_STRADDLE,ATM_STRADDLE_2021-08-13_2021-08-18,2021-08-13,75000.0,75000.0,140000.0,SKIPPED_INSUFFICIENT_MARGIN
ATM_STRADDLE,ATM_STRADDLE_2021-08-20_2021-08-26,2021-08-20,75000.0,75000.0,140000.0,SKIPPED_INSUFFICIENT_MARGIN
ATM_STRADDLE,ATM_STRADDLE_2021-08-27_2021-09-02,2021-08-27,75000.0,75000.0,140000.0,SKIPPED_INSUFFICIENT_MARGIN
ATM_STRADDLE,ATM_STRADDLE_2021-09-03_2021-09-09,2021-09-03,75000.0,75000.0,140000.0,SKIPPED_INSUFFICIENT_MARGIN
ATM_STRADDLE,ATM_STRADDLE_2021-09-13_2021-09-16,2021-09-13,75000.0,75000.0,140000.0,SKIPPED_INSUFFICIENT_MARGIN
ATM_STRADDLE,ATM_STRADDLE_2021-09-17_2021-09-23,2021-09-17,75000.0,75000.0,140000.0,SKIPPED_INSUFFICIENT_MARGIN
ATM_STRADDLE,ATM_STRADDLE_2021-09-24_2021-09-30,2021-09-24,75000.0,75000.0,140000.0,SKIPPED_INSUFFICIENT_MARGIN
ATM_STRADDLE,ATM_STRADDLE_2021-10-01_2021-10-07,2021-10-01,75000.0,75000.0,140000.0,SKIPPED_INSUFFICIENT_MARGIN
ATM_STRADDLE,ATM_STRADDLE_2021-10-08_2021-10-14,2021-10-08,75000.0,75000.0,140000.0,SKIPPED_INSUFFICIENT_MARGIN
ATM_STRADDLE,ATM_STRADDLE_2021-10-18_2021-10-21,2021-10-18,75000.0,75000.0,140000.0,SKIPPED_INSUFFICIENT_MARGIN
ATM_STRADDLE,ATM_STRADDLE_2021-10-22_2021-10-28,2021-10-22,75000.0,75000.0,140000.0,SKIPPED_INSUFFICIENT_MARGIN
ATM_STRADDLE,ATM_STRADDLE_2021-10-29_2021-11-03,2021-10-29,75000.0,75000.0,140000.0,SKIPPED_INSUFFICIENT_MARGIN
ATM_STRADDLE,ATM_STRADDLE_2021-11-04_2021-11-11,2021-11-04,75000.0,75000.0,140000.0,SKIPPED_INSUFFICIENT_MARGIN
ATM_STRADDLE,ATM_STRADDLE_2021-11-12_2021-11-18,2021-11-12,75000.0,75000.0,140000.0,SKIPPED_INSUFFICIENT_MARGIN
ATM_STRADDLE,ATM_STRADDLE_2021-11-22_2021-11-25,2021-11-22,75000.0,75000.0,140000.0,SKIPPED_INSUFFICIENT_MARGIN
ATM_STRADDLE,ATM_STRADDLE_2021-11-26_2021-12-02,2021-11-26,75000.0,75000.0,140000.0,SKIPPED_INSUFFICIENT_MARGIN
ATM_STRADDLE,ATM_STRADDLE_2021-12-03_2021-12-09,2021-12-03,75000.0,75000.0,140000.0,SKIPPED_INSUFFICIENT_MARGIN
ATM_STRADDLE,ATM_STRADDLE_2021-12-10_2021-12-16,2021-12-10,75000.0,75000.0,140000.0,SKIPPED_INSUFFICIENT_MARGIN
ATM_STRADDLE,ATM_STRADDLE_2021-12-17_2021-12-23,2021-12-17,75000.0,75000.0,140000.0,SKIPPED_INSUFFICIENT_MARGIN
ATM_STRADDLE,ATM_STRADDLE_2021-12-24_2021-12-30,2021-12-24,75000.0,75000.0,140000.0,SKIPPED_INSUFFICIENT_MARGIN
ATM_STRADDLE,ATM_STRADDLE_2021-12-31_2022-01-06,2021-12-31,75000.0,75000.0,140000.0,SKIPPED_INSUFFICIENT_MARGIN
ATM_STRADDLE,ATM_STRADDLE_2022-01-07_2022-01-13,2022-01-07,75000.0,75000.0,140000.0,SKIPPED_INSUFFICIENT_MARGIN
ATM_STRADDLE,ATM_STRADDLE_2022-01-14_2022-01-20,2022-01-14,75000.0,75000.0,140000.0,SKIPPED_INSUFFICIENT_MARGIN
ATM_STRADDLE,ATM_STRADDLE_2022-01-21_2022-01-27,2022-01-21,75000.0,75000.0,140000.0,SKIPPED_INSUFFICIENT_MARGIN
ATM_STRADDLE,ATM_STRADDLE_2022-01-28_2022-02-03,2022-01-28,75000.0,75000.0,140000.0,SKIPPED_INSUFFICIENT_MARGIN
ATM_STRADDLE,ATM_STRADDLE_2022-02-04_2022-02-10,2022-02-04,75000.0,75000.0,140000.0,SKIPPED_INSUFFICIENT_MARGIN
ATM_STRADDLE,ATM_STRADDLE_2022-02-11_2022-02-17,2022-02-11,75000.0,75000.0,140000.0,SKIPPED_INSUFFICIENT_MARGIN
ATM_STRADDLE,ATM_STRADDLE_2022-02-18_2022-02-24,2022-02-18,75000.0,75000.0,140000.0,SKIPPED_INSUFFICIENT_MARGIN
ATM_STRADDLE,ATM_STRADDLE_2022-02-25_2022-03-03,2022-02-25,75000.0,75000.0,140000.0,SKIPPED_INSUFFICIENT_MARGIN
ATM_STRADDLE,ATM_STRADDLE_2022-03-04_2022-03-10,2022-03-04,75000.0,75000.0,140000.0,SKIPPED_INSUFFICIENT_MARGIN
ATM_STRADDLE,ATM_STRADDLE_2022-03-11_2022-03-17,2022-03-11,75000.0,75000.0,140000.0,SKIPPED_INSUFFICIENT_MARGIN
ATM_STRADDLE,ATM_STRADDLE_2022-03-21_2022-03-24,2022-03-21,75000.0,75000.0,140000.0,SKIPPED_INSUFFICIENT_MARGIN
ATM_STRADDLE,ATM_STRADDLE_2022-03-25_2022-03-31,2022-03-25,75000.0,75000.0,140000.0,SKIPPED_INSUFFICIENT_MARGIN
ATM_STRADDLE,ATM_STRADDLE_2022-04-01_2022-04-07,2022-04-01,75000.0,75000.0,140000.0,SKIPPED_INSUFFICIENT_MARGIN
ATM_STRADDLE,ATM_STRADDLE_2022-04-08_2022-04-13,2022-04-08,75000.0,75000.0,140000.0,SKIPPED_INSUFFICIENT_MARGIN
ATM_STRADDLE,ATM_STRADDLE_2022-04-18_2022-04-21,2022-04-18,75000.0,75000.0,140000.0,SKIPPED_INSUFFICIENT_MARGIN
ATM_STRADDLE,ATM_STRADDLE_2022-04-22_2022-04-28,2022-04-22,75000.0,75000.0,140000.0,SKIPPED_INSUFFICIENT_MARGIN
ATM_STRADDLE,ATM_STRADDLE_2022-04-29_2022-05-05,2022-04-29,75000.0,75000.0,140000.0,SKIPPED_INSUFFICIENT_MARGIN
ATM_STRADDLE,ATM_STRADDLE_2022-05-06_2022-05-12,2022-05-06,75000.0,75000.0,140000.0,SKIPPED_INSUFFICIENT_MARGIN
ATM_STRADDLE,ATM_STRADDLE_2022-05-13_2022-05-19,2022-05-13,75000.0,75000.0,140000.0,SKIPPED_INSUFFICIENT_MARGIN
ATM_STRADDLE,ATM_STRADDLE_2022-05-20_2022-05-26,2022-05-20,75000.0,75000.0,140000.0,SKIPPED_INSUFFICIENT_MARGIN
ATM_STRADDLE,ATM_STRADDLE_2022-05-27_2022-06-02,2022-05-27,75000.0,75000.0,140000.0,SKIPPED_INSUFFICIENT_MARGIN
ATM_STRADDLE,ATM_STRADDLE_2022-06-03_2022-06-09,2022-06-03,75000.0,75000.0,140000.0,SKIPPED_INSUFFICIENT_MARGIN
ATM_STRADDLE,ATM_STRADDLE_2022-06-10_2022-06-16,2022-06-10,75000.0,75000.0,140000.0,SKIPPED_INSUFFICIENT_MARGIN
ATM_STRADDLE,ATM_STRADDLE_2022-06-17_2022-06-23,2022-06-17,75000.0,75000.0,140000.0,SKIPPED_INSUFFICIENT_MARGIN
ATM_STRADDLE,ATM_STRADDLE_2022-06-24_2022-06-30,2022-06-24,75000.0,75000.0,140000.0,SKIPPED_INSUFFICIENT_MARGIN
ATM_STRADDLE,ATM_STRADDLE_2022-07-01_2022-07-07,2022-07-01,75000.0,75000.0,140000.0,SKIPPED_INSUFFICIENT_MARGIN
ATM_STRADDLE,ATM_STRADDLE_2022-07-08_2022-07-14,2022-07-08,75000.0,75000.0,140000.0,SKIPPED_INSUFFICIENT_MARGIN
ATM_STRADDLE,ATM_STRADDLE_2022-07-15_2022-07-21,2022-07-15,75000.0,75000.0,140000.0,SKIPPED_INSUFFICIENT_MARGIN
ATM_STRADDLE,ATM_STRADDLE_2022-07-22_2022-07-28,2022-07-22,75000.0,75000.0,140000.0,SKIPPED_INSUFFICIENT_MARGIN
ATM_STRADDLE,ATM_STRADDLE_2022-07-29_2022-08-04,2022-07-29,75000.0,75000.0,140000.0,SKIPPED_INSUFFICIENT_MARGIN
ATM_STRADDLE,ATM_STRADDLE_2022-08-05_2022-08-11,2022-08-05,75000.0,75000.0,140000.0,SKIPPED_INSUFFICIENT_MARGIN
ATM_STRADDLE,ATM_STRADDLE_2022-08-12_2022-08-18,2022-08-12,75000.0,75000.0,140000.0,SKIPPED_INSUFFICIENT_MARGIN
ATM_STRADDLE,ATM_STRADDLE_2022-08-19_2022-08-25,2022-08-19,75000.0,75000.0,140000.0,SKIPPED_INSUFFICIENT_MARGIN
ATM_STRADDLE,ATM_STRADDLE_2022-08-26_2022-09-01,2022-08-26,75000.0,75000.0,140000.0,SKIPPED_INSUFFICIENT_MARGIN
ATM_STRADDLE,ATM_STRADDLE_2022-09-02_2022-09-08,2022-09-02,75000.0,75000.0,140000.0,SKIPPED_INSUFFICIENT_MARGIN
ATM_STRADDLE,ATM_STRADDLE_2022-09-09_2022-09-15,2022-09-09,75000.0,75000.0,140000.0,SKIPPED_INSUFFICIENT_MARGIN
ATM_STRADDLE,ATM_STRADDLE_2022-09-16_2022-09-22,2022-09-16,75000.0,75000.0,140000.0,SKIPPED_INSUFFICIENT_MARGIN
ATM_STRADDLE,ATM_STRADDLE_2022-09-23_2022-09-29,2022-09-23,75000.0,75000.0,140000.0,SKIPPED_INSUFFICIENT_MARGIN
ATM_STRADDLE,ATM_STRADDLE_2022-09-30_2022-10-06,2022-09-30,75000.0,75000.0,140000.0,SKIPPED_INSUFFICIENT_MARGIN
ATM_STRADDLE,ATM_STRADDLE_2022-10-07_2022-10-13,2022-10-07,75000.0,75000.0,140000.0,SKIPPED_INSUFFICIENT_MARGIN
ATM_STRADDLE,ATM_STRADDLE_2022-10-14_2022-10-20,2022-10-14,75000.0,75000.0,140000.0,SKIPPED_INSUFFICIENT_MARGIN
ATM_STRADDLE,ATM_STRADDLE_2022-10-21_2022-10-27,2022-10-21,75000.0,75000.0,140000.0,SKIPPED_INSUFFICIENT_MARGIN
ATM_STRADDLE,ATM_STRADDLE_2022-10-28_2022-11-03,2022-10-28,75000.0,75000.0,140000.0,SKIPPED_INSUFFICIENT_MARGIN
ATM_STRADDLE,ATM_STRADDLE_2022-11-04_2022-11-10,2022-11-04,75000.0,75000.0,140000.0,SKIPPED_INSUFFICIENT_MARGIN
ATM_STRADDLE,ATM_STRADDLE_2022-11-11_2022-11-17,2022-11-11,75000.0,75000.0,140000.0,SKIPPED_INSUFFICIENT_MARGIN
ATM_STRADDLE,ATM_STRADDLE_2022-11-18_2022-11-24,2022-11-18,75000.0,75000.0,140000.0,SKIPPED_INSUFFICIENT_MARGIN
ATM_STRADDLE,ATM_STRADDLE_2022-11-25_2022-12-01,2022-11-25,75000.0,75000.0,140000.0,SKIPPED_INSUFFICIENT_MARGIN
ATM_STRADDLE,ATM_STRADDLE_2022-12-02_2022-12-08,2022-12-02,75000.0,75000.0,140000.0,SKIPPED_INSUFFICIENT_MARGIN
ATM_STRADDLE,ATM_STRADDLE_2022-12-09_2022-12-15,2022-12-09,75000.0,75000.0,140000.0,SKIPPED_INSUFFICIENT_MARGIN
ATM_STRADDLE,ATM_STRADDLE_2022-12-16_2022-12-22,2022-12-16,75000.0,75000.0,140000.0,SKIPPED_INSUFFICIENT_MARGIN
ATM_STRADDLE,ATM_STRADDLE_2022-12-23_2022-12-29,2022-12-23,75000.0,75000.0,140000.0,SKIPPED_INSUFFICIENT_MARGIN
ATM_STRADDLE,ATM_STRADDLE_2022-12-30_2023-01-05,2022-12-30,75000.0,75000.0,140000.0,SKIPPED_INSUFFICIENT_MARGIN
ATM_STRADDLE,ATM_STRADDLE_2023-01-06_2023-01-12,2023-01-06,75000.0,75000.0,140000.0,SKIPPED_INSUFFICIENT_MARGIN
ATM_STRADDLE,ATM_STRADDLE_2023-01-13_2023-01-19,2023-01-13,75000.0,75000.0,140000.0,SKIPPED_INSUFFICIENT_MARGIN
ATM_STRADDLE,ATM_STRADDLE_2023-01-20_2023-01-25,2023-01-20,75000.0,75000.0,140000.0,SKIPPED_INSUFFICIENT_MARGIN
ATM_STRADDLE,ATM_STRADDLE_2023-01-27_2023-02-02,2023-01-27,75000.0,75000.0,140000.0,SKIPPED_INSUFFICIENT_MARGIN
ATM_STRADDLE,ATM_STRADDLE_2023-02-03_2023-02-09,2023-02-03,75000.0,75000.0,140000.0,SKIPPED_INSUFFICIENT_MARGIN
ATM_STRADDLE,ATM_STRADDLE_2023-02-10_2023-02-16,2023-02-10,75000.0,75000.0,140000.0,SKIPPED_INSUFFICIENT_MARGIN
ATM_STRADDLE,ATM_STRADDLE_2023-02-17_2023-02-23,2023-02-17,75000.0,75000.0,140000.0,SKIPPED_INSUFFICIENT_MARGIN
ATM_STRADDLE,ATM_STRADDLE_2023-02-24_2023-03-02,2023-02-24,75000.0,75000.0,140000.0,SKIPPED_INSUFFICIENT_MARGIN
ATM_STRADDLE,ATM_STRADDLE_2023-03-03_2023-03-09,2023-03-03,75000.0,75000.0,140000.0,SKIPPED_INSUFFICIENT_MARGIN
ATM_STRADDLE,ATM_STRADDLE_2023-03-10_2023-03-16,2023-03-10,75000.0,75000.0,140000.0,SKIPPED_INSUFFICIENT_MARGIN
ATM_STRADDLE,ATM_STRADDLE_2023-03-17_2023-03-23,2023-03-17,75000.0,75000.0,140000.0,SKIPPED_INSUFFICIENT_MARGIN
ATM_STRADDLE,ATM_STRADDLE_2023-03-24_2023-03-29,2023-03-24,75000.0,75000.0,140000.0,SKIPPED_INSUFFICIENT_MARGIN
ATM_STRADDLE,ATM_STRADDLE_2023-03-31_2023-04-06,2023-03-31,75000.0,75000.0,140000.0,SKIPPED_INSUFFICIENT_MARGIN
ATM_STRADDLE,ATM_STRADDLE_2023-04-10_2023-04-13,2023-04-10,75000.0,75000.0,140000.0,SKIPPED_INSUFFICIENT_MARGIN
ATM_STRADDLE,ATM_STRADDLE_2023-04-17_2023-04-20,2023-04-17,75000.0,75000.0,140000.0,SKIPPED_INSUFFICIENT_MARGIN
ATM_STRADDLE,ATM_STRADDLE_2023-04-21_2023-04-27,2023-04-21,75000.0,75000.0,140000.0,SKIPPED_INSUFFICIENT_MARGIN
ATM_STRADDLE,ATM_STRADDLE_2023-04-28_2023-05-04,2023-04-28,75000.0,75000.0,140000.0,SKIPPED_INSUFFICIENT_MARGIN
ATM_STRADDLE,ATM_STRADDLE_2023-05-05_2023-05-11,2023-05-05,75000.0,75000.0,140000.0,SKIPPED_INSUFFICIENT_MARGIN
ATM_STRADDLE,ATM_STRADDLE_2023-05-12_2023-05-18,2023-05-12,75000.0,75000.0,140000.0,SKIPPED_INSUFFICIENT_MARGIN
ATM_STRADDLE,ATM_STRADDLE_2023-05-19_2023-05-25,2023-05-19,75000.0,75000.0,140000.0,SKIPPED_INSUFFICIENT_MARGIN
ATM_STRADDLE,ATM_STRADDLE_2023-05-26_2023-06-01,2023-05-26,75000.0,75000.0,140000.0,SKIPPED_INSUFFICIENT_MARGIN
ATM_STRADDLE,ATM_STRADDLE_2023-06-02_2023-06-08,2023-06-02,75000.0,75000.0,140000.0,SKIPPED_INSUFFICIENT_MARGIN
ATM_STRADDLE,ATM_STRADDLE_2023-06-09_2023-06-15,2023-06-09,75000.0,75000.0,140000.0,SKIPPED_INSUFFICIENT_MARGIN
ATM_STRADDLE,ATM_STRADDLE_2023-06-16_2023-06-22,2023-06-16,75000.0,75000.0,140000.0,SKIPPED_INSUFFICIENT_MARGIN
ATM_STRADDLE,ATM_STRADDLE_2023-06-30_2023-07-06,2023-06-30,75000.0,75000.0,140000.0,SKIPPED_INSUFFICIENT_MARGIN
ATM_STRADDLE,ATM_STRADDLE_2023-07-07_2023-07-13,2023-07-07,75000.0,75000.0,140000.0,SKIPPED_INSUFFICIENT_MARGIN
ATM_STRADDLE,ATM_STRADDLE_2023-07-14_2023-07-20,2023-07-14,75000.0,75000.0,140000.0,SKIPPED_INSUFFICIENT_MARGIN
ATM_STRADDLE,ATM_STRADDLE_2023-07-21_2023-07-27,2023-07-21,75000.0,75000.0,140000.0,SKIPPED_INSUFFICIENT_MARGIN
ATM_STRADDLE,ATM_STRADDLE_2023-07-28_2023-08-03,2023-07-28,75000.0,75000.0,140000.0,SKIPPED_INSUFFICIENT_MARGIN
ATM_STRADDLE,ATM_STRADDLE_2023-08-04_2023-08-10,2023-08-04,75000.0,75000.0,140000.0,SKIPPED_INSUFFICIENT_MARGIN
ATM_STRADDLE,ATM_STRADDLE_2023-08-11_2023-08-17,2023-08-11,75000.0,75000.0,140000.0,SKIPPED_INSUFFICIENT_MARGIN
ATM_STRADDLE,ATM_STRADDLE_2023-08-18_2023-08-24,2023-08-18,75000.0,75000.0,140000.0,SKIPPED_INSUFFICIENT_MARGIN
ATM_STRADDLE,ATM_STRADDLE_2023-08-25_2023-08-31,2023-08-25,75000.0,75000.0,140000.0,SKIPPED_INSUFFICIENT_MARGIN
ATM_STRADDLE,ATM_STRADDLE_2023-09-01_2023-09-07,2023-09-01,75000.0,75000.0,140000.0,SKIPPED_INSUFFICIENT_MARGIN
ATM_STRADDLE,ATM_STRADDLE_2023-09-08_2023-09-14,2023-09-08,75000.0,75000.0,140000.0,SKIPPED_INSUFFICIENT_MARGIN
ATM_STRADDLE,ATM_STRADDLE_2023-09-15_2023-09-21,2023-09-15,75000.0,75000.0,140000.0,SKIPPED_INSUFFICIENT_MARGIN
ATM_STRADDLE,ATM_STRADDLE_2023-09-22_2023-09-28,2023-09-22,75000.0,75000.0,140000.0,SKIPPED_INSUFFICIENT_MARGIN
ATM_STRADDLE,ATM_STRADDLE_2023-09-29_2023-10-05,2023-09-29,75000.0,75000.0,140000.0,SKIPPED_INSUFFICIENT_MARGIN
ATM_STRADDLE,ATM_STRADDLE_2023-10-06_2023-10-12,2023-10-06,75000.0,75000.0,140000.0,SKIPPED_INSUFFICIENT_MARGIN
ATM_STRADDLE,ATM_STRADDLE_2023-10-13_2023-10-19,2023-10-13,75000.0,75000.0,140000.0,SKIPPED_INSUFFICIENT_MARGIN
ATM_STRADDLE,ATM_STRADDLE_2023-10-20_2023-10-26,2023-10-20,75000.0,75000.0,140000.0,SKIPPED_INSUFFICIENT_MARGIN
ATM_STRADDLE,ATM_STRADDLE_2023-10-27_2023-11-02,2023-10-27,75000.0,75000.0,140000.0,SKIPPED_INSUFFICIENT_MARGIN
ATM_STRADDLE,ATM_STRADDLE_2023-11-03_2023-11-09,2023-11-03,75000.0,75000.0,140000.0,SKIPPED_INSUFFICIENT_MARGIN
ATM_STRADDLE,ATM_STRADDLE_2023-11-10_2023-11-16,2023-11-10,75000.0,75000.0,140000.0,SKIPPED_INSUFFICIENT_MARGIN
ATM_STRADDLE,ATM_STRADDLE_2023-11-17_2023-11-23,2023-11-17,75000.0,75000.0,140000.0,SKIPPED_INSUFFICIENT_MARGIN
ATM_STRADDLE,ATM_STRADDLE_2023-11-24_2023-11-30,2023-11-24,75000.0,75000.0,140000.0,SKIPPED_INSUFFICIENT_MARGIN
ATM_STRADDLE,ATM_STRADDLE_2023-12-01_2023-12-07,2023-12-01,75000.0,75000.0,140000.0,SKIPPED_INSUFFICIENT_MARGIN
ATM_STRADDLE,ATM_STRADDLE_2023-12-08_2023-12-14,2023-12-08,75000.0,75000.0,140000.0,SKIPPED_INSUFFICIENT_MARGIN
ATM_STRADDLE,ATM_STRADDLE_2023-12-15_2023-12-21,2023-12-15,75000.0,75000.0,140000.0,SKIPPED_INSUFFICIENT_MARGIN
ATM_STRADDLE,ATM_STRADDLE_2023-12-22_2023-12-28,2023-12-22,75000.0,75000.0,140000.0,SKIPPED_INSUFFICIENT_MARGIN
ATM_STRADDLE,ATM_STRADDLE_2023-12-29_2024-01-04,2023-12-29,75000.0,75000.0,140000.0,SKIPPED_INSUFFICIENT_MARGIN
ATM_STRADDLE,ATM_STRADDLE_2024-01-05_2024-01-11,2024-01-05,75000.0,75000.0,140000.0,SKIPPED_INSUFFICIENT_MARGIN
ATM_STRADDLE,ATM_STRADDLE_2024-01-12_2024-01-18,2024-01-12,75000.0,75000.0,140000.0,SKIPPED_INSUFFICIENT_MARGIN
ATM_STRADDLE,ATM_STRADDLE_2024-01-19_2024-01-25,2024-01-19,75000.0,75000.0,140000.0,SKIPPED_INSUFFICIENT_MARGIN
ATM_STRADDLE,ATM_STRADDLE_2024-01-29_2024-02-01,2024-01-29,75000.0,75000.0,140000.0,SKIPPED_INSUFFICIENT_MARGIN
ATM_STRADDLE,ATM_STRADDLE_2024-02-02_2024-02-08,2024-02-02,75000.0,75000.0,140000.0,SKIPPED_INSUFFICIENT_MARGIN
ATM_STRADDLE,ATM_STRADDLE_2024-02-09_2024-02-15,2024-02-09,75000.0,75000.0,140000.0,SKIPPED_INSUFFICIENT_MARGIN
ATM_STRADDLE,ATM_STRADDLE_2024-02-16_2024-02-22,2024-02-16,75000.0,75000.0,140000.0,SKIPPED_INSUFFICIENT_MARGIN
ATM_STRADDLE,ATM_STRADDLE_2024-02-23_2024-02-29,2024-02-23,75000.0,75000.0,140000.0,SKIPPED_INSUFFICIENT_MARGIN
ATM_STRADDLE,ATM_STRADDLE_2024-03-01_2024-03-07,2024-03-01,75000.0,75000.0,140000.0,SKIPPED_INSUFFICIENT_MARGIN
ATM_STRADDLE,ATM_STRADDLE_2024-03-11_2024-03-14,2024-03-11,75000.0,75000.0,140000.0,SKIPPED_INSUFFICIENT_MARGIN
ATM_STRADDLE,ATM_STRADDLE_2024-03-15_2024-03-21,2024-03-15,75000.0,75000.0,140000.0,SKIPPED_INSUFFICIENT_MARGIN
ATM_STRADDLE,ATM_STRADDLE_2024-03-22_2024-03-28,2024-03-22,75000.0,75000.0,140000.0,SKIPPED_INSUFFICIENT_MARGIN
ATM_STRADDLE,ATM_STRADDLE_2024-04-01_2024-04-04,2024-04-01,75000.0,75000.0,140000.0,SKIPPED_INSUFFICIENT_MARGIN
ATM_STRADDLE,ATM_STRADDLE_2024-04-05_2024-04-10,2024-04-05,75000.0,75000.0,140000.0,SKIPPED_INSUFFICIENT_MARGIN
ATM_STRADDLE,ATM_STRADDLE_2024-04-12_2024-04-18,2024-04-12,75000.0,75000.0,140000.0,SKIPPED_INSUFFICIENT_MARGIN
ATM_STRADDLE,ATM_STRADDLE_2024-04-19_2024-04-25,2024-04-19,75000.0,75000.0,140000.0,SKIPPED_INSUFFICIENT_MARGIN
ATM_STRADDLE,ATM_STRADDLE_2024-04-26_2024-05-02,2024-04-26,75000.0,75000.0,140000.0,SKIPPED_INSUFFICIENT_MARGIN
ATM_STRADDLE,ATM_STRADDLE_2024-05-03_2024-05-09,2024-05-03,75000.0,75000.0,140000.0,SKIPPED_INSUFFICIENT_MARGIN
ATM_STRADDLE,ATM_STRADDLE_2024-05-10_2024-05-16,2024-05-10,75000.0,75000.0,140000.0,SKIPPED_INSUFFICIENT_MARGIN
ATM_STRADDLE,ATM_STRADDLE_2024-05-17_2024-05-23,2024-05-17,75000.0,75000.0,140000.0,SKIPPED_INSUFFICIENT_MARGIN
ATM_STRADDLE,ATM_STRADDLE_2024-05-24_2024-05-30,2024-05-24,75000.0,75000.0,140000.0,SKIPPED_INSUFFICIENT_MARGIN
ATM_STRADDLE,ATM_STRADDLE_2024-05-31_2024-06-06,2024-05-31,75000.0,75000.0,140000.0,SKIPPED_INSUFFICIENT_MARGIN
ATM_STRADDLE,ATM_STRADDLE_2024-06-07_2024-06-13,2024-06-07,75000.0,75000.0,140000.0,SKIPPED_INSUFFICIENT_MARGIN
ATM_STRADDLE,ATM_STRADDLE_2024-06-14_2024-06-20,2024-06-14,75000.0,75000.0,140000.0,SKIPPED_INSUFFICIENT_MARGIN
ATM_STRADDLE,ATM_STRADDLE_2024-06-21_2024-06-27,2024-06-21,75000.0,75000.0,140000.0,SKIPPED_INSUFFICIENT_MARGIN
ATM_STRADDLE,ATM_STRADDLE_2024-06-28_2024-07-04,2024-06-28,75000.0,75000.0,140000.0,SKIPPED_INSUFFICIENT_MARGIN
ATM_STRADDLE,ATM_STRADDLE_2024-07-05_2024-07-11,2024-07-05,75000.0,75000.0,140000.0,SKIPPED_INSUFFICIENT_MARGIN
ATM_STRADDLE,ATM_STRADDLE_2024-07-12_2024-07-18,2024-07-12,75000.0,75000.0,140000.0,SKIPPED_INSUFFICIENT_MARGIN
ATM_STRADDLE,ATM_STRADDLE_2024-07-19_2024-07-25,2024-07-19,75000.0,75000.0,140000.0,SKIPPED_INSUFFICIENT_MARGIN
ATM_STRADDLE,ATM_STRADDLE_2024-07-26_2024-08-01,2024-07-26,75000.0,75000.0,140000.0,SKIPPED_INSUFFICIENT_MARGIN
ATM_STRADDLE,ATM_STRADDLE_2024-08-02_2024-08-08,2024-08-02,75000.0,75000.0,140000.0,SKIPPED_INSUFFICIENT_MARGIN
ATM_STRADDLE,ATM_STRADDLE_2024-08-09_2024-08-14,2024-08-09,75000.0,75000.0,140000.0,SKIPPED_INSUFFICIENT_MARGIN
ATM_STRADDLE,ATM_STRADDLE_2024-08-16_2024-08-22,2024-08-16,75000.0,75000.0,140000.0,SKIPPED_INSUFFICIENT_MARGIN
ATM_STRADDLE,ATM_STRADDLE_2024-08-23_2024-08-29,2024-08-23,75000.0,75000.0,140000.0,SKIPPED_INSUFFICIENT_MARGIN
ATM_STRADDLE,ATM_STRADDLE_2024-08-30_2024-09-05,2024-08-30,75000.0,75000.0,140000.0,SKIPPED_INSUFFICIENT_MARGIN
ATM_STRADDLE,ATM_STRADDLE_2024-09-06_2024-09-12,2024-09-06,75000.0,75000.0,140000.0,SKIPPED_INSUFFICIENT_MARGIN
ATM_STRADDLE,ATM_STRADDLE_2024-09-13_2024-09-19,2024-09-13,75000.0,75000.0,140000.0,SKIPPED_INSUFFICIENT_MARGIN
ATM_STRADDLE,ATM_STRADDLE_2024-09-20_2024-09-26,2024-09-20,75000.0,75000.0,140000.0,SKIPPED_INSUFFICIENT_MARGIN
ATM_STRADDLE,ATM_STRADDLE_2024-09-27_2024-10-03,2024-09-27,75000.0,75000.0,140000.0,SKIPPED_INSUFFICIENT_MARGIN
ATM_STRADDLE,ATM_STRADDLE_2024-10-04_2024-10-10,2024-10-04,75000.0,75000.0,140000.0,SKIPPED_INSUFFICIENT_MARGIN
ATM_STRADDLE,ATM_STRADDLE_2024-10-11_2024-10-17,2024-10-11,75000.0,75000.0,140000.0,SKIPPED_INSUFFICIENT_MARGIN
ATM_STRADDLE,ATM_STRADDLE_2024-10-18_2024-10-24,2024-10-18,75000.0,75000.0,140000.0,SKIPPED_INSUFFICIENT_MARGIN
ATM_STRADDLE,ATM_STRADDLE_2024-10-25_2024-10-31,2024-10-25,75000.0,75000.0,140000.0,SKIPPED_INSUFFICIENT_MARGIN
ATM_STRADDLE,ATM_STRADDLE_2024-11-01_2024-11-07,2024-11-01,75000.0,75000.0,140000.0,SKIPPED_INSUFFICIENT_MARGIN
ATM_STRADDLE,ATM_STRADDLE_2024-11-08_2024-11-14,2024-11-08,75000.0,75000.0,140000.0,SKIPPED_INSUFFICIENT_MARGIN
ATM_STRADDLE,ATM_STRADDLE_2024-11-18_2024-11-21,2024-11-18,75000.0,75000.0,140000.0,SKIPPED_INSUFFICIENT_MARGIN
ATM_STRADDLE,ATM_STRADDLE_2024-11-22_2024-11-28,2024-11-22,75000.0,75000.0,140000.0,SKIPPED_INSUFFICIENT_MARGIN
ATM_STRADDLE,ATM_STRADDLE_2024-11-29_2024-12-05,2024-11-29,75000.0,75000.0,140000.0,SKIPPED_INSUFFICIENT_MARGIN
ATM_STRADDLE,ATM_STRADDLE_2024-12-06_2024-12-12,2024-12-06,75000.0,75000.0,140000.0,SKIPPED_INSUFFICIENT_MARGIN
ATM_STRADDLE,ATM_STRADDLE_2024-12-13_2024-12-19,2024-12-13,75000.0,75000.0,140000.0,SKIPPED_INSUFFICIENT_MARGIN
ATM_STRADDLE,ATM_STRADDLE_2024-12-20_2024-12-26,2024-12-20,75000.0,75000.0,140000.0,SKIPPED_INSUFFICIENT_MARGIN
ATM_STRADDLE,ATM_STRADDLE_2024-12-27_2025-01-02,2024-12-27,75000.0,75000.0,140000.0,SKIPPED_INSUFFICIENT_MARGIN
ATM_STRADDLE,ATM_STRADDLE_2025-01-03_2025-01-09,2025-01-03,75000.0,75000.0,140000.0,SKIPPED_INSUFFICIENT_MARGIN
ATM_STRADDLE,ATM_STRADDLE_2025-01-10_2025-01-16,2025-01-10,75000.0,75000.0,140000.0,SKIPPED_INSUFFICIENT_MARGIN
ATM_STRADDLE,ATM_STRADDLE_2025-01-17_2025-01-23,2025-01-17,75000.0,75000.0,140000.0,SKIPPED_INSUFFICIENT_MARGIN
ATM_STRADDLE,ATM_STRADDLE_2025-01-24_2025-01-30,2025-01-24,75000.0,75000.0,140000.0,SKIPPED_INSUFFICIENT_MARGIN
ATM_STRADDLE,ATM_STRADDLE_2025-01-31_2025-02-06,2025-01-31,75000.0,75000.0,140000.0,SKIPPED_INSUFFICIENT_MARGIN
ATM_STRADDLE,ATM_STRADDLE_2025-02-07_2025-02-13,2025-02-07,75000.0,75000.0,140000.0,SKIPPED_INSUFFICIENT_MARGIN
ATM_STRADDLE,ATM_STRADDLE_2025-02-14_2025-02-20,2025-02-14,75000.0,75000.0,140000.0,SKIPPED_INSUFFICIENT_MARGIN
ATM_STRADDLE,ATM_STRADDLE_2025-02-21_2025-02-27,2025-02-21,75000.0,75000.0,140000.0,SKIPPED_INSUFFICIENT_MARGIN
ATM_STRADDLE,ATM_STRADDLE_2025-02-28_2025-03-06,2025-02-28,75000.0,75000.0,140000.0,SKIPPED_INSUFFICIENT_MARGIN
ATM_STRADDLE,ATM_STRADDLE_2025-03-07_2025-03-13,2025-03-07,75000.0,75000.0,140000.0,SKIPPED_INSUFFICIENT_MARGIN
ATM_STRADDLE,ATM_STRADDLE_2025-03-17_2025-03-20,2025-03-17,75000.0,75000.0,140000.0,SKIPPED_INSUFFICIENT_MARGIN
ATM_STRADDLE,ATM_STRADDLE_2025-03-21_2025-03-27,2025-03-21,75000.0,75000.0,140000.0,SKIPPED_INSUFFICIENT_MARGIN
ATM_STRADDLE,ATM_STRADDLE_2025-03-28_2025-04-03,2025-03-28,75000.0,75000.0,140000.0,SKIPPED_INSUFFICIENT_MARGIN
ATM_STRADDLE,ATM_STRADDLE_2025-04-04_2025-04-09,2025-04-04,75000.0,75000.0,140000.0,SKIPPED_INSUFFICIENT_MARGIN
ATM_STRADDLE,ATM_STRADDLE_2025-04-11_2025-04-17,2025-04-11,75000.0,75000.0,140000.0,SKIPPED_INSUFFICIENT_MARGIN
ATM_STRADDLE,ATM_STRADDLE_2025-04-21_2025-04-24,2025-04-21,75000.0,75000.0,140000.0,SKIPPED_INSUFFICIENT_MARGIN
ATM_STRADDLE,ATM_STRADDLE_2025-04-25_2025-04-30,2025-04-25,75000.0,75000.0,140000.0,SKIPPED_INSUFFICIENT_MARGIN
ATM_STRADDLE,ATM_STRADDLE_2025-05-02_2025-05-08,2025-05-02,75000.0,75000.0,140000.0,SKIPPED_INSUFFICIENT_MARGIN
ATM_STRADDLE,ATM_STRADDLE_2025-05-09_2025-05-15,2025-05-09,75000.0,75000.0,140000.0,SKIPPED_INSUFFICIENT_MARGIN
ATM_STRADDLE,ATM_STRADDLE_2025-05-16_2025-05-22,2025-05-16,75000.0,75000.0,140000.0,SKIPPED_INSUFFICIENT_MARGIN
ATM_STRADDLE,ATM_STRADDLE_2025-05-23_2025-05-29,2025-05-23,75000.0,75000.0,140000.0,SKIPPED_INSUFFICIENT_MARGIN
ATM_STRADDLE,ATM_STRADDLE_2025-05-30_2025-06-05,2025-05-30,75000.0,75000.0,140000.0,SKIPPED_INSUFFICIENT_MARGIN
ATM_STRADDLE,ATM_STRADDLE_2025-06-06_2025-06-12,2025-06-06,75000.0,75000.0,140000.0,SKIPPED_INSUFFICIENT_MARGIN
ATM_STRADDLE,ATM_STRADDLE_2025-06-13_2025-06-19,2025-06-13,75000.0,75000.0,140000.0,SKIPPED_INSUFFICIENT_MARGIN
ATM_STRADDLE,ATM_STRADDLE_2025-06-20_2025-06-26,2025-06-20,75000.0,75000.0,140000.0,SKIPPED_INSUFFICIENT_MARGIN
ATM_STRADDLE,ATM_STRADDLE_2025-06-27_2025-07-03,2025-06-27,75000.0,75000.0,140000.0,SKIPPED_INSUFFICIENT_MARGIN
ATM_STRADDLE,ATM_STRADDLE_2025-07-04_2025-07-10,2025-07-04,75000.0,75000.0,140000.0,SKIPPED_INSUFFICIENT_MARGIN
ATM_STRADDLE,ATM_STRADDLE_2025-07-11_2025-07-17,2025-07-11,75000.0,75000.0,140000.0,SKIPPED_INSUFFICIENT_MARGIN
ATM_STRADDLE,ATM_STRADDLE_2025-07-18_2025-07-24,2025-07-18,75000.0,75000.0,140000.0,SKIPPED_INSUFFICIENT_MARGIN
ATM_STRADDLE,ATM_STRADDLE_2025-07-25_2025-07-31,2025-07-25,75000.0,75000.0,140000.0,SKIPPED_INSUFFICIENT_MARGIN
ATM_STRADDLE,ATM_STRADDLE_2025-08-01_2025-08-07,2025-08-01,75000.0,75000.0,140000.0,SKIPPED_INSUFFICIENT_MARGIN
ATM_STRADDLE,ATM_STRADDLE_2025-08-08_2025-08-14,2025-08-08,75000.0,75000.0,140000.0,SKIPPED_INSUFFICIENT_MARGIN
ATM_STRADDLE,ATM_STRADDLE_2025-08-18_2025-08-21,2025-08-18,75000.0,75000.0,140000.0,SKIPPED_INSUFFICIENT_MARGIN
ATM_STRADDLE,ATM_STRADDLE_2025-08-22_2025-08-28,2025-08-22,75000.0,75000.0,140000.0,SKIPPED_INSUFFICIENT_MARGIN
ATM_STRADDLE,ATM_STRADDLE_2025-08-29_2025-09-02,2025-08-29,75000.0,75000.0,140000.0,SKIPPED_INSUFFICIENT_MARGIN
ATM_STRADDLE,ATM_STRADDLE_2025-09-03_2025-09-09,2025-09-03,75000.0,75000.0,140000.0,SKIPPED_INSUFFICIENT_MARGIN
ATM_STRADDLE,ATM_STRADDLE_2025-09-10_2025-09-16,2025-09-10,75000.0,75000.0,140000.0,SKIPPED_INSUFFICIENT_MARGIN
ATM_STRADDLE,ATM_STRADDLE_2025-09-17_2025-09-23,2025-09-17,75000.0,75000.0,140000.0,SKIPPED_INSUFFICIENT_MARGIN
ATM_STRADDLE,ATM_STRADDLE_2025-09-26_2025-09-30,2025-09-26,75000.0,75000.0,140000.0,SKIPPED_INSUFFICIENT_MARGIN
ATM_STRADDLE,ATM_STRADDLE_2025-10-01_2025-10-07,2025-10-01,75000.0,75000.0,140000.0,SKIPPED_INSUFFICIENT_MARGIN
ATM_STRADDLE,ATM_STRADDLE_2025-10-08_2025-10-14,2025-10-08,75000.0,75000.0,140000.0,SKIPPED_INSUFFICIENT_MARGIN
ATM_STRADDLE,ATM_STRADDLE_2025-10-15_2025-10-20,2025-10-15,75000.0,75000.0,140000.0,SKIPPED_INSUFFICIENT_MARGIN
ATM_STRADDLE,ATM_STRADDLE_2025-10-21_2025-10-28,2025-10-21,75000.0,75000.0,140000.0,SKIPPED_INSUFFICIENT_MARGIN
ATM_STRADDLE,ATM_STRADDLE_2025-10-29_2025-11-04,2025-10-29,75000.0,75000.0,140000.0,SKIPPED_INSUFFICIENT_MARGIN
ATM_STRADDLE,ATM_STRADDLE_2025-11-06_2025-11-11,2025-11-06,75000.0,75000.0,140000.0,SKIPPED_INSUFFICIENT_MARGIN
ATM_STRADDLE,ATM_STRADDLE_2025-11-12_2025-11-18,2025-11-12,75000.0,75000.0,140000.0,SKIPPED_INSUFFICIENT_MARGIN
ATM_STRADDLE,ATM_STRADDLE_2025-11-19_2025-11-25,2025-11-19,75000.0,75000.0,140000.0,SKIPPED_INSUFFICIENT_MARGIN
ATM_STRADDLE,ATM_STRADDLE_2025-11-26_2025-12-02,2025-11-26,75000.0,75000.0,140000.0,SKIPPED_INSUFFICIENT_MARGIN
ATM_STRADDLE,ATM_STRADDLE_2025-12-03_2025-12-09,2025-12-03,75000.0,75000.0,140000.0,SKIPPED_INSUFFICIENT_MARGIN
ATM_STRADDLE,ATM_STRADDLE_2025-12-10_2025-12-16,2025-12-10,75000.0,75000.0,140000.0,SKIPPED_INSUFFICIENT_MARGIN
ATM_STRADDLE,ATM_STRADDLE_2025-12-17_2025-12-23,2025-12-17,75000.0,75000.0,140000.0,SKIPPED_INSUFFICIENT_MARGIN
ATM_STRADDLE,ATM_STRADDLE_2025-12-26_2025-12-30,2025-12-26,75000.0,75000.0,140000.0,SKIPPED_INSUFFICIENT_MARGIN
ATM_STRADDLE,ATM_STRADDLE_2025-12-31_2026-01-06,2025-12-31,75000.0,75000.0,140000.0,SKIPPED_INSUFFICIENT_MARGIN
ATM_STRADDLE,ATM_STRADDLE_2026-01-07_2026-01-13,2026-01-07,75000.0,75000.0,140000.0,SKIPPED_INSUFFICIENT_MARGIN
ATM_STRADDLE,ATM_STRADDLE_2026-01-14_2026-01-20,2026-01-14,75000.0,75000.0,140000.0,SKIPPED_INSUFFICIENT_MARGIN
ATM_STRADDLE,ATM_STRADDLE_2026-01-21_2026-01-27,2026-01-21,75000.0,75000.0,140000.0,SKIPPED_INSUFFICIENT_MARGIN
ATM_STRADDLE,ATM_STRADDLE_2026-01-28_2026-02-03,2026-01-28,75000.0,75000.0,140000.0,SKIPPED_INSUFFICIENT_MARGIN
ATM_STRADDLE,ATM_STRADDLE_2026-02-04_2026-02-10,2026-02-04,75000.0,75000.0,140000.0,SKIPPED_INSUFFICIENT_MARGIN
ATM_STRADDLE,ATM_STRADDLE_2026-02-11_2026-02-17,2026-02-11,75000.0,75000.0,140000.0,SKIPPED_INSUFFICIENT_MARGIN
ATM_STRADDLE,ATM_STRADDLE_2026-02-18_2026-02-24,2026-02-18,75000.0,75000.0,140000.0,SKIPPED_INSUFFICIENT_MARGIN
ATM_STRADDLE,ATM_STRADDLE_2026-02-25_2026-03-02,2026-02-25,75000.0,75000.0,140000.0,SKIPPED_INSUFFICIENT_MARGIN
ATM_STRADDLE,ATM_STRADDLE_2026-03-04_2026-03-10,2026-03-04,75000.0,75000.0,140000.0,SKIPPED_INSUFFICIENT_MARGIN
ATM_STRADDLE,ATM_STRADDLE_2026-03-11_2026-03-17,2026-03-11,75000.0,75000.0,140000.0,SKIPPED_INSUFFICIENT_MARGIN
ATM_STRADDLE,ATM_STRADDLE_2026-03-18_2026-03-24,2026-03-18,75000.0,75000.0,140000.0,SKIPPED_INSUFFICIENT_MARGIN
ATM_STRADDLE,ATM_STRADDLE_2026-03-27_2026-03-30,2026-03-27,75000.0,75000.0,140000.0,SKIPPED_INSUFFICIENT_MARGIN
ATM_STRADDLE,ATM_STRADDLE_2026-04-01_2026-04-07,2026-04-01,75000.0,75000.0,140000.0,SKIPPED_INSUFFICIENT_MARGIN
ATM_STRADDLE,ATM_STRADDLE_2026-04-08_2026-04-13,2026-04-08,75000.0,75000.0,140000.0,SKIPPED_INSUFFICIENT_MARGIN
ATM_STRADDLE,ATM_STRADDLE_2026-04-15_2026-04-21,2026-04-15,75000.0,75000.0,140000.0,SKIPPED_INSUFFICIENT_MARGIN
ATM_STRADDLE,ATM_STRADDLE_2026-04-22_2026-04-28,2026-04-22,75000.0,75000.0,140000.0,SKIPPED_INSUFFICIENT_MARGIN
ATM_STRADDLE,ATM_STRADDLE_2026-04-29_2026-05-05,2026-04-29,75000.0,75000.0,140000.0,SKIPPED_INSUFFICIENT_MARGIN
ATM_STRADDLE,ATM_STRADDLE_2026-05-06_2026-05-12,2026-05-06,75000.0,75000.0,140000.0,SKIPPED_INSUFFICIENT_MARGIN
ATM_STRADDLE,ATM_STRADDLE_2026-05-13_2026-05-19,2026-05-13,75000.0,75000.0,140000.0,SKIPPED_INSUFFICIENT_MARGIN
ATM_STRADDLE,ATM_STRADDLE_2026-05-20_2026-05-26,2026-05-20,75000.0,75000.0,140000.0,SKIPPED_INSUFFICIENT_MARGIN
ATM_STRADDLE,ATM_STRADDLE_2026-05-27_2026-06-02,2026-05-27,75000.0,75000.0,140000.0,SKIPPED_INSUFFICIENT_MARGIN
ATM_STRADDLE,ATM_STRADDLE_2026-06-03_2026-06-09,2026-06-03,75000.0,75000.0,140000.0,SKIPPED_INSUFFICIENT_MARGIN
ATM_STRADDLE,ATM_STRADDLE_2026-06-10_2026-06-16,2026-06-10,75000.0,75000.0,140000.0,SKIPPED_INSUFFICIENT_MARGIN
ATM_STRADDLE,ATM_STRADDLE_2026-06-17_2026-06-23,2026-06-17,75000.0,75000.0,140000.0,SKIPPED_INSUFFICIENT_MARGIN
ATM_STRADDLE,ATM_STRADDLE_2026-06-29_2026-06-30,2026-06-29,75000.0,75000.0,140000.0,SKIPPED_INSUFFICIENT_MARGIN
ATM_STRADDLE,ATM_STRADDLE_2026-07-01_2026-07-07,2026-07-01,75000.0,75000.0,140000.0,SKIPPED_INSUFFICIENT_MARGIN
ATM_STRADDLE,ATM_STRADDLE_2026-07-08_2026-07-14,2026-07-08,75000.0,75000.0,140000.0,SKIPPED_INSUFFICIENT_MARGIN
ATM_STRADDLE,ATM_STRADDLE_2026-07-15_2026-07-21,2026-07-15,75000.0,75000.0,140000.0,SKIPPED_INSUFFICIENT_MARGIN
ATM_STRADDLE,ATM_STRADDLE_2026-07-22_2026-07-28,2026-07-22,75000.0,75000.0,140000.0,SKIPPED_INSUFFICIENT_MARGIN
ATM_STRADDLE,ATM_STRADDLE_2026-07-29_2026-08-04,2026-07-29,75000.0,75000.0,140000.0,SKIPPED_INSUFFICIENT_MARGIN
ATM_STRADDLE,ATM_STRADDLE_2026-08-05_2026-08-11,2026-08-05,75000.0,75000.0,140000.0,SKIPPED_INSUFFICIENT_MARGIN
ATM_STRADDLE,ATM_STRADDLE_2026-08-12_2026-08-18,2026-08-12,75000.0,75000.0,140000.0,SKIPPED_INSUFFICIENT_MARGIN
ATM_STRADDLE,ATM_STRADDLE_2026-08-19_2026-08-25,2026-08-19,75000.0,75000.0,140000.0,SKIPPED_INSUFFICIENT_MARGIN
ATM_STRADDLE,ATM_STRADDLE_2026-08-26_2026-09-01,2026-08-26,75000.0,75000.0,140000.0,SKIPPED_INSUFFICIENT_MARGIN
ATM_STRADDLE,ATM_STRADDLE_2026-09-02_2026-09-08,2026-09-02,75000.0,75000.0,140000.0,SKIPPED_INSUFFICIENT_MARGIN
ATM_STRADDLE,ATM_STRADDLE_2026-09-09_2026-09-15,2026-09-09,75000.0,75000.0,140000.0,SKIPPED_INSUFFICIENT_MARGIN
ATM_STRADDLE,ATM_STRADDLE_2020-01-31_2020-02-06,2020-01-31,100000.0,100000.0,140000.0,SKIPPED_INSUFFICIENT_MARGIN
ATM_STRADDLE,ATM_STRADDLE_2020-02-07_2020-02-13,2020-02-07,100000.0,100000.0,140000.0,SKIPPED_INSUFFICIENT_MARGIN
ATM_STRADDLE,ATM_STRADDLE_2020-02-14_2020-02-20,2020-02-14,100000.0,100000.0,140000.0,SKIPPED_INSUFFICIENT_MARGIN
ATM_STRADDLE,ATM_STRADDLE_2020-02-24_2020-02-27,2020-02-24,100000.0,100000.0,140000.0,SKIPPED_INSUFFICIENT_MARGIN
ATM_STRADDLE,ATM_STRADDLE_2020-02-28_2020-03-05,2020-02-28,100000.0,100000.0,140000.0,SKIPPED_INSUFFICIENT_MARGIN
ATM_STRADDLE,ATM_STRADDLE_2020-03-06_2020-03-12,2020-03-06,100000.0,100000.0,140000.0,SKIPPED_INSUFFICIENT_MARGIN
ATM_STRADDLE,ATM_STRADDLE_2020-03-13_2020-03-19,2020-03-13,100000.0,100000.0,140000.0,SKIPPED_INSUFFICIENT_MARGIN
ATM_STRADDLE,ATM_STRADDLE_2020-03-20_2020-03-26,2020-03-20,100000.0,100000.0,140000.0,SKIPPED_INSUFFICIENT_MARGIN
ATM_STRADDLE,ATM_STRADDLE_2020-03-27_2020-04-01,2020-03-27,100000.0,100000.0,140000.0,SKIPPED_INSUFFICIENT_MARGIN
ATM_STRADDLE,ATM_STRADDLE_2020-04-03_2020-04-09,2020-04-03,100000.0,100000.0,140000.0,SKIPPED_INSUFFICIENT_MARGIN
ATM_STRADDLE,ATM_STRADDLE_2020-04-13_2020-04-16,2020-04-13,100000.0,100000.0,140000.0,SKIPPED_INSUFFICIENT_MARGIN
ATM_STRADDLE,ATM_STRADDLE_2020-04-17_2020-04-23,2020-04-17,100000.0,100000.0,140000.0,SKIPPED_INSUFFICIENT_MARGIN
ATM_STRADDLE,ATM_STRADDLE_2020-04-24_2020-04-30,2020-04-24,100000.0,100000.0,140000.0,SKIPPED_INSUFFICIENT_MARGIN
ATM_STRADDLE,ATM_STRADDLE_2020-05-04_2020-05-07,2020-05-04,100000.0,100000.0,140000.0,SKIPPED_INSUFFICIENT_MARGIN
ATM_STRADDLE,ATM_STRADDLE_2020-05-08_2020-05-14,2020-05-08,100000.0,100000.0,140000.0,SKIPPED_INSUFFICIENT_MARGIN
ATM_STRADDLE,ATM_STRADDLE_2020-05-15_2020-05-21,2020-05-15,100000.0,100000.0,140000.0,SKIPPED_INSUFFICIENT_MARGIN
ATM_STRADDLE,ATM_STRADDLE_2020-05-22_2020-05-28,2020-05-22,100000.0,100000.0,140000.0,SKIPPED_INSUFFICIENT_MARGIN
ATM_STRADDLE,ATM_STRADDLE_2020-05-29_2020-06-04,2020-05-29,100000.0,100000.0,140000.0,SKIPPED_INSUFFICIENT_MARGIN
ATM_STRADDLE,ATM_STRADDLE_2020-06-05_2020-06-11,2020-06-05,100000.0,100000.0,140000.0,SKIPPED_INSUFFICIENT_MARGIN
ATM_STRADDLE,ATM_STRADDLE_2020-06-12_2020-06-18,2020-06-12,100000.0,100000.0,140000.0,SKIPPED_INSUFFICIENT_MARGIN
ATM_STRADDLE,ATM_STRADDLE_2020-06-19_2020-06-25,2020-06-19,100000.0,100000.0,140000.0,SKIPPED_INSUFFICIENT_MARGIN
ATM_STRADDLE,ATM_STRADDLE_2020-06-26_2020-07-02,2020-06-26,100000.0,100000.0,140000.0,SKIPPED_INSUFFICIENT_MARGIN
ATM_STRADDLE,ATM_STRADDLE_2020-07-03_2020-07-09,2020-07-03,100000.0,100000.0,140000.0,SKIPPED_INSUFFICIENT_MARGIN
ATM_STRADDLE,ATM_STRADDLE_2020-07-10_2020-07-16,2020-07-10,100000.0,100000.0,140000.0,SKIPPED_INSUFFICIENT_MARGIN
ATM_STRADDLE,ATM_STRADDLE_2020-07-17_2020-07-23,2020-07-17,100000.0,100000.0,140000.0,SKIPPED_INSUFFICIENT_MARGIN
ATM_STRADDLE,ATM_STRADDLE_2020-07-24_2020-07-30,2020-07-24,100000.0,100000.0,140000.0,SKIPPED_INSUFFICIENT_MARGIN
ATM_STRADDLE,ATM_STRADDLE_2020-07-31_2020-08-06,2020-07-31,100000.0,100000.0,140000.0,SKIPPED_INSUFFICIENT_MARGIN
ATM_STRADDLE,ATM_STRADDLE_2020-08-07_2020-08-13,2020-08-07,100000.0,100000.0,140000.0,SKIPPED_INSUFFICIENT_MARGIN
ATM_STRADDLE,ATM_STRADDLE_2020-08-14_2020-08-20,2020-08-14,100000.0,100000.0,140000.0,SKIPPED_INSUFFICIENT_MARGIN
ATM_STRADDLE,ATM_STRADDLE_2020-08-21_2020-08-27,2020-08-21,100000.0,100000.0,140000.0,SKIPPED_INSUFFICIENT_MARGIN
ATM_STRADDLE,ATM_STRADDLE_2020-08-28_2020-09-03,2020-08-28,100000.0,100000.0,140000.0,SKIPPED_INSUFFICIENT_MARGIN
ATM_STRADDLE,ATM_STRADDLE_2020-09-04_2020-09-10,2020-09-04,100000.0,100000.0,140000.0,SKIPPED_INSUFFICIENT_MARGIN
ATM_STRADDLE,ATM_STRADDLE_2020-09-11_2020-09-17,2020-09-11,100000.0,100000.0,140000.0,SKIPPED_INSUFFICIENT_MARGIN
ATM_STRADDLE,ATM_STRADDLE_2020-09-18_2020-09-24,2020-09-18,100000.0,100000.0,140000.0,SKIPPED_INSUFFICIENT_MARGIN
ATM_STRADDLE,ATM_STRADDLE_2020-09-25_2020-10-01,2020-09-25,100000.0,100000.0,140000.0,SKIPPED_INSUFFICIENT_MARGIN
ATM_STRADDLE,ATM_STRADDLE_2020-10-05_2020-10-08,2020-10-05,100000.0,100000.0,140000.0,SKIPPED_INSUFFICIENT_MARGIN
ATM_STRADDLE,ATM_STRADDLE_2020-10-09_2020-10-15,2020-10-09,100000.0,100000.0,140000.0,SKIPPED_INSUFFICIENT_MARGIN
ATM_STRADDLE,ATM_STRADDLE_2020-10-16_2020-10-22,2020-10-16,100000.0,100000.0,140000.0,SKIPPED_INSUFFICIENT_MARGIN
ATM_STRADDLE,ATM_STRADDLE_2020-10-23_2020-10-29,2020-10-23,100000.0,100000.0,140000.0,SKIPPED_INSUFFICIENT_MARGIN
ATM_STRADDLE,ATM_STRADDLE_2020-10-30_2020-11-05,2020-10-30,100000.0,100000.0,140000.0,SKIPPED_INSUFFICIENT_MARGIN
ATM_STRADDLE,ATM_STRADDLE_2020-11-06_2020-11-12,2020-11-06,100000.0,100000.0,140000.0,SKIPPED_INSUFFICIENT_MARGIN
ATM_STRADDLE,ATM_STRADDLE_2020-11-13_2020-11-19,2020-11-13,100000.0,100000.0,140000.0,SKIPPED_INSUFFICIENT_MARGIN
ATM_STRADDLE,ATM_STRADDLE_2020-11-20_2020-11-26,2020-11-20,100000.0,100000.0,140000.0,SKIPPED_INSUFFICIENT_MARGIN
ATM_STRADDLE,ATM_STRADDLE_2020-11-27_2020-12-03,2020-11-27,100000.0,100000.0,140000.0,SKIPPED_INSUFFICIENT_MARGIN
ATM_STRADDLE,ATM_STRADDLE_2020-12-04_2020-12-10,2020-12-04,100000.0,100000.0,140000.0,SKIPPED_INSUFFICIENT_MARGIN
ATM_STRADDLE,ATM_STRADDLE_2020-12-11_2020-12-17,2020-12-11,100000.0,100000.0,140000.0,SKIPPED_INSUFFICIENT_MARGIN
ATM_STRADDLE,ATM_STRADDLE_2020-12-18_2020-12-24,2020-12-18,100000.0,100000.0,140000.0,SKIPPED_INSUFFICIENT_MARGIN
ATM_STRADDLE,ATM_STRADDLE_2020-12-28_2020-12-31,2020-12-28,100000.0,100000.0,140000.0,SKIPPED_INSUFFICIENT_MARGIN
ATM_STRADDLE,ATM_STRADDLE_2021-01-01_2021-01-07,2021-01-01,100000.0,100000.0,140000.0,SKIPPED_INSUFFICIENT_MARGIN
ATM_STRADDLE,ATM_STRADDLE_2021-01-08_2021-01-14,2021-01-08,100000.0,100000.0,140000.0,SKIPPED_INSUFFICIENT_MARGIN
ATM_STRADDLE,ATM_STRADDLE_2021-01-15_2021-01-21,2021-01-15,100000.0,100000.0,140000.0,SKIPPED_INSUFFICIENT_MARGIN
ATM_STRADDLE,ATM_STRADDLE_2021-01-22_2021-01-28,2021-01-22,100000.0,100000.0,140000.0,SKIPPED_INSUFFICIENT_MARGIN
ATM_STRADDLE,ATM_STRADDLE_2021-01-29_2021-02-04,2021-01-29,100000.0,100000.0,140000.0,SKIPPED_INSUFFICIENT_MARGIN
ATM_STRADDLE,ATM_STRADDLE_2021-02-05_2021-02-11,2021-02-05,100000.0,100000.0,140000.0,SKIPPED_INSUFFICIENT_MARGIN
ATM_STRADDLE,ATM_STRADDLE_2021-02-12_2021-02-18,2021-02-12,100000.0,100000.0,140000.0,SKIPPED_INSUFFICIENT_MARGIN
ATM_STRADDLE,ATM_STRADDLE_2021-02-19_2021-02-25,2021-02-19,100000.0,100000.0,140000.0,SKIPPED_INSUFFICIENT_MARGIN
ATM_STRADDLE,ATM_STRADDLE_2021-02-26_2021-03-04,2021-02-26,100000.0,100000.0,140000.0,SKIPPED_INSUFFICIENT_MARGIN
ATM_STRADDLE,ATM_STRADDLE_2021-03-05_2021-03-10,2021-03-05,100000.0,100000.0,140000.0,SKIPPED_INSUFFICIENT_MARGIN
ATM_STRADDLE,ATM_STRADDLE_2021-03-12_2021-03-18,2021-03-12,100000.0,100000.0,140000.0,SKIPPED_INSUFFICIENT_MARGIN
ATM_STRADDLE,ATM_STRADDLE_2021-03-19_2021-03-25,2021-03-19,100000.0,100000.0,140000.0,SKIPPED_INSUFFICIENT_MARGIN
ATM_STRADDLE,ATM_STRADDLE_2021-03-26_2021-04-01,2021-03-26,100000.0,100000.0,140000.0,SKIPPED_INSUFFICIENT_MARGIN
ATM_STRADDLE,ATM_STRADDLE_2021-04-05_2021-04-08,2021-04-05,100000.0,100000.0,140000.0,SKIPPED_INSUFFICIENT_MARGIN
ATM_STRADDLE,ATM_STRADDLE_2021-04-09_2021-04-15,2021-04-09,100000.0,100000.0,140000.0,SKIPPED_INSUFFICIENT_MARGIN
ATM_STRADDLE,ATM_STRADDLE_2021-04-16_2021-04-22,2021-04-16,100000.0,100000.0,140000.0,SKIPPED_INSUFFICIENT_MARGIN
ATM_STRADDLE,ATM_STRADDLE_2021-04-23_2021-04-29,2021-04-23,100000.0,100000.0,140000.0,SKIPPED_INSUFFICIENT_MARGIN
ATM_STRADDLE,ATM_STRADDLE_2021-04-30_2021-05-06,2021-04-30,100000.0,100000.0,140000.0,SKIPPED_INSUFFICIENT_MARGIN
ATM_STRADDLE,ATM_STRADDLE_2021-05-07_2021-05-12,2021-05-07,100000.0,100000.0,140000.0,SKIPPED_INSUFFICIENT_MARGIN
ATM_STRADDLE,ATM_STRADDLE_2021-05-14_2021-05-20,2021-05-14,100000.0,100000.0,140000.0,SKIPPED_INSUFFICIENT_MARGIN
ATM_STRADDLE,ATM_STRADDLE_2021-05-21_2021-05-27,2021-05-21,100000.0,100000.0,140000.0,SKIPPED_INSUFFICIENT_MARGIN
ATM_STRADDLE,ATM_STRADDLE_2021-05-28_2021-06-03,2021-05-28,100000.0,100000.0,140000.0,SKIPPED_INSUFFICIENT_MARGIN
ATM_STRADDLE,ATM_STRADDLE_2021-06-04_2021-06-10,2021-06-04,100000.0,100000.0,140000.0,SKIPPED_INSUFFICIENT_MARGIN
ATM_STRADDLE,ATM_STRADDLE_2021-06-11_2021-06-17,2021-06-11,100000.0,100000.0,140000.0,SKIPPED_INSUFFICIENT_MARGIN
ATM_STRADDLE,ATM_STRADDLE_2021-06-18_2021-06-24,2021-06-18,100000.0,100000.0,140000.0,SKIPPED_INSUFFICIENT_MARGIN
ATM_STRADDLE,ATM_STRADDLE_2021-06-25_2021-07-01,2021-06-25,100000.0,100000.0,140000.0,SKIPPED_INSUFFICIENT_MARGIN
ATM_STRADDLE,ATM_STRADDLE_2021-07-02_2021-07-08,2021-07-02,100000.0,100000.0,140000.0,SKIPPED_INSUFFICIENT_MARGIN
ATM_STRADDLE,ATM_STRADDLE_2021-07-09_2021-07-15,2021-07-09,100000.0,100000.0,140000.0,SKIPPED_INSUFFICIENT_MARGIN
ATM_STRADDLE,ATM_STRADDLE_2021-07-16_2021-07-22,2021-07-16,100000.0,100000.0,140000.0,SKIPPED_INSUFFICIENT_MARGIN
ATM_STRADDLE,ATM_STRADDLE_2021-07-23_2021-07-29,2021-07-23,100000.0,100000.0,140000.0,SKIPPED_INSUFFICIENT_MARGIN
ATM_STRADDLE,ATM_STRADDLE_2021-07-30_2021-08-05,2021-07-30,100000.0,100000.0,140000.0,SKIPPED_INSUFFICIENT_MARGIN
ATM_STRADDLE,ATM_STRADDLE_2021-08-06_2021-08-12,2021-08-06,100000.0,100000.0,140000.0,SKIPPED_INSUFFICIENT_MARGIN
ATM_STRADDLE,ATM_STRADDLE_2021-08-13_2021-08-18,2021-08-13,100000.0,100000.0,140000.0,SKIPPED_INSUFFICIENT_MARGIN
ATM_STRADDLE,ATM_STRADDLE_2021-08-20_2021-08-26,2021-08-20,100000.0,100000.0,140000.0,SKIPPED_INSUFFICIENT_MARGIN
ATM_STRADDLE,ATM_STRADDLE_2021-08-27_2021-09-02,2021-08-27,100000.0,100000.0,140000.0,SKIPPED_INSUFFICIENT_MARGIN
ATM_STRADDLE,ATM_STRADDLE_2021-09-03_2021-09-09,2021-09-03,100000.0,100000.0,140000.0,SKIPPED_INSUFFICIENT_MARGIN
ATM_STRADDLE,ATM_STRADDLE_2021-09-13_2021-09-16,2021-09-13,100000.0,100000.0,140000.0,SKIPPED_INSUFFICIENT_MARGIN
ATM_STRADDLE,ATM_STRADDLE_2021-09-17_2021-09-23,2021-09-17,100000.0,100000.0,140000.0,SKIPPED_INSUFFICIENT_MARGIN
ATM_STRADDLE,ATM_STRADDLE_2021-09-24_2021-09-30,2021-09-24,100000.0,100000.0,140000.0,SKIPPED_INSUFFICIENT_MARGIN
ATM_STRADDLE,ATM_STRADDLE_2021-10-01_2021-10-07,2021-10-01,100000.0,100000.0,140000.0,SKIPPED_INSUFFICIENT_MARGIN
ATM_STRADDLE,ATM_STRADDLE_2021-10-08_2021-10-14,2021-10-08,100000.0,100000.0,140000.0,SKIPPED_INSUFFICIENT_MARGIN
ATM_STRADDLE,ATM_STRADDLE_2021-10-18_2021-10-21,2021-10-18,100000.0,100000.0,140000.0,SKIPPED_INSUFFICIENT_MARGIN
ATM_STRADDLE,ATM_STRADDLE_2021-10-22_2021-10-28,2021-10-22,100000.0,100000.0,140000.0,SKIPPED_INSUFFICIENT_MARGIN
ATM_STRADDLE,ATM_STRADDLE_2021-10-29_2021-11-03,2021-10-29,100000.0,100000.0,140000.0,SKIPPED_INSUFFICIENT_MARGIN
ATM_STRADDLE,ATM_STRADDLE_2021-11-04_2021-11-11,2021-11-04,100000.0,100000.0,140000.0,SKIPPED_INSUFFICIENT_MARGIN
ATM_STRADDLE,ATM_STRADDLE_2021-11-12_2021-11-18,2021-11-12,100000.0,100000.0,140000.0,SKIPPED_INSUFFICIENT_MARGIN
ATM_STRADDLE,ATM_STRADDLE_2021-11-22_2021-11-25,2021-11-22,100000.0,100000.0,140000.0,SKIPPED_INSUFFICIENT_MARGIN
ATM_STRADDLE,ATM_STRADDLE_2021-11-26_2021-12-02,2021-11-26,100000.0,100000.0,140000.0,SKIPPED_INSUFFICIENT_MARGIN
ATM_STRADDLE,ATM_STRADDLE_2021-12-03_2021-12-09,2021-12-03,100000.0,100000.0,140000.0,SKIPPED_INSUFFICIENT_MARGIN
ATM_STRADDLE,ATM_STRADDLE_2021-12-10_2021-12-16,2021-12-10,100000.0,100000.0,140000.0,SKIPPED_INSUFFICIENT_MARGIN
ATM_STRADDLE,ATM_STRADDLE_2021-12-17_2021-12-23,2021-12-17,100000.0,100000.0,140000.0,SKIPPED_INSUFFICIENT_MARGIN
ATM_STRADDLE,ATM_STRADDLE_2021-12-24_2021-12-30,2021-12-24,100000.0,100000.0,140000.0,SKIPPED_INSUFFICIENT_MARGIN
ATM_STRADDLE,ATM_STRADDLE_2021-12-31_2022-01-06,2021-12-31,100000.0,100000.0,140000.0,SKIPPED_INSUFFICIENT_MARGIN
ATM_STRADDLE,ATM_STRADDLE_2022-01-07_2022-01-13,2022-01-07,100000.0,100000.0,140000.0,SKIPPED_INSUFFICIENT_MARGIN
ATM_STRADDLE,ATM_STRADDLE_2022-01-14_2022-01-20,2022-01-14,100000.0,100000.0,140000.0,SKIPPED_INSUFFICIENT_MARGIN
ATM_STRADDLE,ATM_STRADDLE_2022-01-21_2022-01-27,2022-01-21,100000.0,100000.0,140000.0,SKIPPED_INSUFFICIENT_MARGIN
ATM_STRADDLE,ATM_STRADDLE_2022-01-28_2022-02-03,2022-01-28,100000.0,100000.0,140000.0,SKIPPED_INSUFFICIENT_MARGIN
ATM_STRADDLE,ATM_STRADDLE_2022-02-04_2022-02-10,2022-02-04,100000.0,100000.0,140000.0,SKIPPED_INSUFFICIENT_MARGIN
ATM_STRADDLE,ATM_STRADDLE_2022-02-11_2022-02-17,2022-02-11,100000.0,100000.0,140000.0,SKIPPED_INSUFFICIENT_MARGIN
ATM_STRADDLE,ATM_STRADDLE_2022-02-18_2022-02-24,2022-02-18,100000.0,100000.0,140000.0,SKIPPED_INSUFFICIENT_MARGIN
ATM_STRADDLE,ATM_STRADDLE_2022-02-25_2022-03-03,2022-02-25,100000.0,100000.0,140000.0,SKIPPED_INSUFFICIENT_MARGIN
ATM_STRADDLE,ATM_STRADDLE_2022-03-04_2022-03-10,2022-03-04,100000.0,100000.0,140000.0,SKIPPED_INSUFFICIENT_MARGIN
ATM_STRADDLE,ATM_STRADDLE_2022-03-11_2022-03-17,2022-03-11,100000.0,100000.0,140000.0,SKIPPED_INSUFFICIENT_MARGIN
ATM_STRADDLE,ATM_STRADDLE_2022-03-21_2022-03-24,2022-03-21,100000.0,100000.0,140000.0,SKIPPED_INSUFFICIENT_MARGIN
ATM_STRADDLE,ATM_STRADDLE_2022-03-25_2022-03-31,2022-03-25,100000.0,100000.0,140000.0,SKIPPED_INSUFFICIENT_MARGIN
ATM_STRADDLE,ATM_STRADDLE_2022-04-01_2022-04-07,2022-04-01,100000.0,100000.0,140000.0,SKIPPED_INSUFFICIENT_MARGIN
ATM_STRADDLE,ATM_STRADDLE_2022-04-08_2022-04-13,2022-04-08,100000.0,100000.0,140000.0,SKIPPED_INSUFFICIENT_MARGIN
ATM_STRADDLE,ATM_STRADDLE_2022-04-18_2022-04-21,2022-04-18,100000.0,100000.0,140000.0,SKIPPED_INSUFFICIENT_MARGIN
ATM_STRADDLE,ATM_STRADDLE_2022-04-22_2022-04-28,2022-04-22,100000.0,100000.0,140000.0,SKIPPED_INSUFFICIENT_MARGIN
ATM_STRADDLE,ATM_STRADDLE_2022-04-29_2022-05-05,2022-04-29,100000.0,100000.0,140000.0,SKIPPED_INSUFFICIENT_MARGIN
ATM_STRADDLE,ATM_STRADDLE_2022-05-06_2022-05-12,2022-05-06,100000.0,100000.0,140000.0,SKIPPED_INSUFFICIENT_MARGIN
ATM_STRADDLE,ATM_STRADDLE_2022-05-13_2022-05-19,2022-05-13,100000.0,100000.0,140000.0,SKIPPED_INSUFFICIENT_MARGIN
ATM_STRADDLE,ATM_STRADDLE_2022-05-20_2022-05-26,2022-05-20,100000.0,100000.0,140000.0,SKIPPED_INSUFFICIENT_MARGIN
ATM_STRADDLE,ATM_STRADDLE_2022-05-27_2022-06-02,2022-05-27,100000.0,100000.0,140000.0,SKIPPED_INSUFFICIENT_MARGIN
ATM_STRADDLE,ATM_STRADDLE_2022-06-03_2022-06-09,2022-06-03,100000.0,100000.0,140000.0,SKIPPED_INSUFFICIENT_MARGIN
ATM_STRADDLE,ATM_STRADDLE_2022-06-10_2022-06-16,2022-06-10,100000.0,100000.0,140000.0,SKIPPED_INSUFFICIENT_MARGIN
ATM_STRADDLE,ATM_STRADDLE_2022-06-17_2022-06-23,2022-06-17,100000.0,100000.0,140000.0,SKIPPED_INSUFFICIENT_MARGIN
ATM_STRADDLE,ATM_STRADDLE_2022-06-24_2022-06-30,2022-06-24,100000.0,100000.0,140000.0,SKIPPED_INSUFFICIENT_MARGIN
ATM_STRADDLE,ATM_STRADDLE_2022-07-01_2022-07-07,2022-07-01,100000.0,100000.0,140000.0,SKIPPED_INSUFFICIENT_MARGIN
ATM_STRADDLE,ATM_STRADDLE_2022-07-08_2022-07-14,2022-07-08,100000.0,100000.0,140000.0,SKIPPED_INSUFFICIENT_MARGIN
ATM_STRADDLE,ATM_STRADDLE_2022-07-15_2022-07-21,2022-07-15,100000.0,100000.0,140000.0,SKIPPED_INSUFFICIENT_MARGIN
ATM_STRADDLE,ATM_STRADDLE_2022-07-22_2022-07-28,2022-07-22,100000.0,100000.0,140000.0,SKIPPED_INSUFFICIENT_MARGIN
ATM_STRADDLE,ATM_STRADDLE_2022-07-29_2022-08-04,2022-07-29,100000.0,100000.0,140000.0,SKIPPED_INSUFFICIENT_MARGIN
ATM_STRADDLE,ATM_STRADDLE_2022-08-05_2022-08-11,2022-08-05,100000.0,100000.0,140000.0,SKIPPED_INSUFFICIENT_MARGIN
ATM_STRADDLE,ATM_STRADDLE_2022-08-12_2022-08-18,2022-08-12,100000.0,100000.0,140000.0,SKIPPED_INSUFFICIENT_MARGIN
ATM_STRADDLE,ATM_STRADDLE_2022-08-19_2022-08-25,2022-08-19,100000.0,100000.0,140000.0,SKIPPED_INSUFFICIENT_MARGIN
ATM_STRADDLE,ATM_STRADDLE_2022-08-26_2022-09-01,2022-08-26,100000.0,100000.0,140000.0,SKIPPED_INSUFFICIENT_MARGIN
ATM_STRADDLE,ATM_STRADDLE_2022-09-02_2022-09-08,2022-09-02,100000.0,100000.0,140000.0,SKIPPED_INSUFFICIENT_MARGIN
ATM_STRADDLE,ATM_STRADDLE_2022-09-09_2022-09-15,2022-09-09,100000.0,100000.0,140000.0,SKIPPED_INSUFFICIENT_MARGIN
ATM_STRADDLE,ATM_STRADDLE_2022-09-16_2022-09-22,2022-09-16,100000.0,100000.0,140000.0,SKIPPED_INSUFFICIENT_MARGIN
ATM_STRADDLE,ATM_STRADDLE_2022-09-23_2022-09-29,2022-09-23,100000.0,100000.0,140000.0,SKIPPED_INSUFFICIENT_MARGIN
ATM_STRADDLE,ATM_STRADDLE_2022-09-30_2022-10-06,2022-09-30,100000.0,100000.0,140000.0,SKIPPED_INSUFFICIENT_MARGIN
ATM_STRADDLE,ATM_STRADDLE_2022-10-07_2022-10-13,2022-10-07,100000.0,100000.0,140000.0,SKIPPED_INSUFFICIENT_MARGIN
ATM_STRADDLE,ATM_STRADDLE_2022-10-14_2022-10-20,2022-10-14,100000.0,100000.0,140000.0,SKIPPED_INSUFFICIENT_MARGIN
ATM_STRADDLE,ATM_STRADDLE_2022-10-21_2022-10-27,2022-10-21,100000.0,100000.0,140000.0,SKIPPED_INSUFFICIENT_MARGIN
ATM_STRADDLE,ATM_STRADDLE_2022-10-28_2022-11-03,2022-10-28,100000.0,100000.0,140000.0,SKIPPED_INSUFFICIENT_MARGIN
ATM_STRADDLE,ATM_STRADDLE_2022-11-04_2022-11-10,2022-11-04,100000.0,100000.0,140000.0,SKIPPED_INSUFFICIENT_MARGIN
ATM_STRADDLE,ATM_STRADDLE_2022-11-11_2022-11-17,2022-11-11,100000.0,100000.0,140000.0,SKIPPED_INSUFFICIENT_MARGIN
ATM_STRADDLE,ATM_STRADDLE_2022-11-18_2022-11-24,2022-11-18,100000.0,100000.0,140000.0,SKIPPED_INSUFFICIENT_MARGIN
ATM_STRADDLE,ATM_STRADDLE_2022-11-25_2022-12-01,2022-11-25,100000.0,100000.0,140000.0,SKIPPED_INSUFFICIENT_MARGIN
ATM_STRADDLE,ATM_STRADDLE_2022-12-02_2022-12-08,2022-12-02,100000.0,100000.0,140000.0,SKIPPED_INSUFFICIENT_MARGIN
ATM_STRADDLE,ATM_STRADDLE_2022-12-09_2022-12-15,2022-12-09,100000.0,100000.0,140000.0,SKIPPED_INSUFFICIENT_MARGIN
ATM_STRADDLE,ATM_STRADDLE_2022-12-16_2022-12-22,2022-12-16,100000.0,100000.0,140000.0,SKIPPED_INSUFFICIENT_MARGIN
ATM_STRADDLE,ATM_STRADDLE_2022-12-23_2022-12-29,2022-12-23,100000.0,100000.0,140000.0,SKIPPED_INSUFFICIENT_MARGIN
ATM_STRADDLE,ATM_STRADDLE_2022-12-30_2023-01-05,2022-12-30,100000.0,100000.0,140000.0,SKIPPED_INSUFFICIENT_MARGIN
ATM_STRADDLE,ATM_STRADDLE_2023-01-06_2023-01-12,2023-01-06,100000.0,100000.0,140000.0,SKIPPED_INSUFFICIENT_MARGIN
ATM_STRADDLE,ATM_STRADDLE_2023-01-13_2023-01-19,2023-01-13,100000.0,100000.0,140000.0,SKIPPED_INSUFFICIENT_MARGIN
ATM_STRADDLE,ATM_STRADDLE_2023-01-20_2023-01-25,2023-01-20,100000.0,100000.0,140000.0,SKIPPED_INSUFFICIENT_MARGIN
ATM_STRADDLE,ATM_STRADDLE_2023-01-27_2023-02-02,2023-01-27,100000.0,100000.0,140000.0,SKIPPED_INSUFFICIENT_MARGIN
ATM_STRADDLE,ATM_STRADDLE_2023-02-03_2023-02-09,2023-02-03,100000.0,100000.0,140000.0,SKIPPED_INSUFFICIENT_MARGIN
ATM_STRADDLE,ATM_STRADDLE_2023-02-10_2023-02-16,2023-02-10,100000.0,100000.0,140000.0,SKIPPED_INSUFFICIENT_MARGIN
ATM_STRADDLE,ATM_STRADDLE_2023-02-17_2023-02-23,2023-02-17,100000.0,100000.0,140000.0,SKIPPED_INSUFFICIENT_MARGIN
ATM_STRADDLE,ATM_STRADDLE_2023-02-24_2023-03-02,2023-02-24,100000.0,100000.0,140000.0,SKIPPED_INSUFFICIENT_MARGIN
ATM_STRADDLE,ATM_STRADDLE_2023-03-03_2023-03-09,2023-03-03,100000.0,100000.0,140000.0,SKIPPED_INSUFFICIENT_MARGIN
ATM_STRADDLE,ATM_STRADDLE_2023-03-10_2023-03-16,2023-03-10,100000.0,100000.0,140000.0,SKIPPED_INSUFFICIENT_MARGIN
ATM_STRADDLE,ATM_STRADDLE_2023-03-17_2023-03-23,2023-03-17,100000.0,100000.0,140000.0,SKIPPED_INSUFFICIENT_MARGIN
ATM_STRADDLE,ATM_STRADDLE_2023-03-24_2023-03-29,2023-03-24,100000.0,100000.0,140000.0,SKIPPED_INSUFFICIENT_MARGIN
ATM_STRADDLE,ATM_STRADDLE_2023-03-31_2023-04-06,2023-03-31,100000.0,100000.0,140000.0,SKIPPED_INSUFFICIENT_MARGIN
ATM_STRADDLE,ATM_STRADDLE_2023-04-10_2023-04-13,2023-04-10,100000.0,100000.0,140000.0,SKIPPED_INSUFFICIENT_MARGIN
ATM_STRADDLE,ATM_STRADDLE_2023-04-17_2023-04-20,2023-04-17,100000.0,100000.0,140000.0,SKIPPED_INSUFFICIENT_MARGIN
ATM_STRADDLE,ATM_STRADDLE_2023-04-21_2023-04-27,2023-04-21,100000.0,100000.0,140000.0,SKIPPED_INSUFFICIENT_MARGIN
ATM_STRADDLE,ATM_STRADDLE_2023-04-28_2023-05-04,2023-04-28,100000.0,100000.0,140000.0,SKIPPED_INSUFFICIENT_MARGIN
ATM_STRADDLE,ATM_STRADDLE_2023-05-05_2023-05-11,2023-05-05,100000.0,100000.0,140000.0,SKIPPED_INSUFFICIENT_MARGIN
ATM_STRADDLE,ATM_STRADDLE_2023-05-12_2023-05-18,2023-05-12,100000.0,100000.0,140000.0,SKIPPED_INSUFFICIENT_MARGIN
ATM_STRADDLE,ATM_STRADDLE_2023-05-19_2023-05-25,2023-05-19,100000.0,100000.0,140000.0,SKIPPED_INSUFFICIENT_MARGIN
ATM_STRADDLE,ATM_STRADDLE_2023-05-26_2023-06-01,2023-05-26,100000.0,100000.0,140000.0,SKIPPED_INSUFFICIENT_MARGIN
ATM_STRADDLE,ATM_STRADDLE_2023-06-02_2023-06-08,2023-06-02,100000.0,100000.0,140000.0,SKIPPED_INSUFFICIENT_MARGIN
ATM_STRADDLE,ATM_STRADDLE_2023-06-09_2023-06-15,2023-06-09,100000.0,100000.0,140000.0,SKIPPED_INSUFFICIENT_MARGIN
ATM_STRADDLE,ATM_STRADDLE_2023-06-16_2023-06-22,2023-06-16,100000.0,100000.0,140000.0,SKIPPED_INSUFFICIENT_MARGIN
ATM_STRADDLE,ATM_STRADDLE_2023-06-30_2023-07-06,2023-06-30,100000.0,100000.0,140000.0,SKIPPED_INSUFFICIENT_MARGIN
ATM_STRADDLE,ATM_STRADDLE_2023-07-07_2023-07-13,2023-07-07,100000.0,100000.0,140000.0,SKIPPED_INSUFFICIENT_MARGIN
ATM_STRADDLE,ATM_STRADDLE_2023-07-14_2023-07-20,2023-07-14,100000.0,100000.0,140000.0,SKIPPED_INSUFFICIENT_MARGIN
ATM_STRADDLE,ATM_STRADDLE_2023-07-21_2023-07-27,2023-07-21,100000.0,100000.0,140000.0,SKIPPED_INSUFFICIENT_MARGIN
ATM_STRADDLE,ATM_STRADDLE_2023-07-28_2023-08-03,2023-07-28,100000.0,100000.0,140000.0,SKIPPED_INSUFFICIENT_MARGIN
ATM_STRADDLE,ATM_STRADDLE_2023-08-04_2023-08-10,2023-08-04,100000.0,100000.0,140000.0,SKIPPED_INSUFFICIENT_MARGIN
ATM_STRADDLE,ATM_STRADDLE_2023-08-11_2023-08-17,2023-08-11,100000.0,100000.0,140000.0,SKIPPED_INSUFFICIENT_MARGIN
ATM_STRADDLE,ATM_STRADDLE_2023-08-18_2023-08-24,2023-08-18,100000.0,100000.0,140000.0,SKIPPED_INSUFFICIENT_MARGIN
ATM_STRADDLE,ATM_STRADDLE_2023-08-25_2023-08-31,2023-08-25,100000.0,100000.0,140000.0,SKIPPED_INSUFFICIENT_MARGIN
ATM_STRADDLE,ATM_STRADDLE_2023-09-01_2023-09-07,2023-09-01,100000.0,100000.0,140000.0,SKIPPED_INSUFFICIENT_MARGIN
ATM_STRADDLE,ATM_STRADDLE_2023-09-08_2023-09-14,2023-09-08,100000.0,100000.0,140000.0,SKIPPED_INSUFFICIENT_MARGIN
ATM_STRADDLE,ATM_STRADDLE_2023-09-15_2023-09-21,2023-09-15,100000.0,100000.0,140000.0,SKIPPED_INSUFFICIENT_MARGIN
ATM_STRADDLE,ATM_STRADDLE_2023-09-22_2023-09-28,2023-09-22,100000.0,100000.0,140000.0,SKIPPED_INSUFFICIENT_MARGIN
ATM_STRADDLE,ATM_STRADDLE_2023-09-29_2023-10-05,2023-09-29,100000.0,100000.0,140000.0,SKIPPED_INSUFFICIENT_MARGIN
ATM_STRADDLE,ATM_STRADDLE_2023-10-06_2023-10-12,2023-10-06,100000.0,100000.0,140000.0,SKIPPED_INSUFFICIENT_MARGIN
ATM_STRADDLE,ATM_STRADDLE_2023-10-13_2023-10-19,2023-10-13,100000.0,100000.0,140000.0,SKIPPED_INSUFFICIENT_MARGIN
ATM_STRADDLE,ATM_STRADDLE_2023-10-20_2023-10-26,2023-10-20,100000.0,100000.0,140000.0,SKIPPED_INSUFFICIENT_MARGIN
ATM_STRADDLE,ATM_STRADDLE_2023-10-27_2023-11-02,2023-10-27,100000.0,100000.0,140000.0,SKIPPED_INSUFFICIENT_MARGIN
ATM_STRADDLE,ATM_STRADDLE_2023-11-03_2023-11-09,2023-11-03,100000.0,100000.0,140000.0,SKIPPED_INSUFFICIENT_MARGIN
ATM_STRADDLE,ATM_STRADDLE_2023-11-10_2023-11-16,2023-11-10,100000.0,100000.0,140000.0,SKIPPED_INSUFFICIENT_MARGIN
ATM_STRADDLE,ATM_STRADDLE_2023-11-17_2023-11-23,2023-11-17,100000.0,100000.0,140000.0,SKIPPED_INSUFFICIENT_MARGIN
ATM_STRADDLE,ATM_STRADDLE_2023-11-24_2023-11-30,2023-11-24,100000.0,100000.0,140000.0,SKIPPED_INSUFFICIENT_MARGIN
ATM_STRADDLE,ATM_STRADDLE_2023-12-01_2023-12-07,2023-12-01,100000.0,100000.0,140000.0,SKIPPED_INSUFFICIENT_MARGIN
ATM_STRADDLE,ATM_STRADDLE_2023-12-08_2023-12-14,2023-12-08,100000.0,100000.0,140000.0,SKIPPED_INSUFFICIENT_MARGIN
ATM_STRADDLE,ATM_STRADDLE_2023-12-15_2023-12-21,2023-12-15,100000.0,100000.0,140000.0,SKIPPED_INSUFFICIENT_MARGIN
ATM_STRADDLE,ATM_STRADDLE_2023-12-22_2023-12-28,2023-12-22,100000.0,100000.0,140000.0,SKIPPED_INSUFFICIENT_MARGIN
ATM_STRADDLE,ATM_STRADDLE_2023-12-29_2024-01-04,2023-12-29,100000.0,100000.0,140000.0,SKIPPED_INSUFFICIENT_MARGIN
ATM_STRADDLE,ATM_STRADDLE_2024-01-05_2024-01-11,2024-01-05,100000.0,100000.0,140000.0,SKIPPED_INSUFFICIENT_MARGIN
ATM_STRADDLE,ATM_STRADDLE_2024-01-12_2024-01-18,2024-01-12,100000.0,100000.0,140000.0,SKIPPED_INSUFFICIENT_MARGIN
ATM_STRADDLE,ATM_STRADDLE_2024-01-19_2024-01-25,2024-01-19,100000.0,100000.0,140000.0,SKIPPED_INSUFFICIENT_MARGIN
ATM_STRADDLE,ATM_STRADDLE_2024-01-29_2024-02-01,2024-01-29,100000.0,100000.0,140000.0,SKIPPED_INSUFFICIENT_MARGIN
ATM_STRADDLE,ATM_STRADDLE_2024-02-02_2024-02-08,2024-02-02,100000.0,100000.0,140000.0,SKIPPED_INSUFFICIENT_MARGIN
ATM_STRADDLE,ATM_STRADDLE_2024-02-09_2024-02-15,2024-02-09,100000.0,100000.0,140000.0,SKIPPED_INSUFFICIENT_MARGIN
ATM_STRADDLE,ATM_STRADDLE_2024-02-16_2024-02-22,2024-02-16,100000.0,100000.0,140000.0,SKIPPED_INSUFFICIENT_MARGIN
ATM_STRADDLE,ATM_STRADDLE_2024-02-23_2024-02-29,2024-02-23,100000.0,100000.0,140000.0,SKIPPED_INSUFFICIENT_MARGIN
ATM_STRADDLE,ATM_STRADDLE_2024-03-01_2024-03-07,2024-03-01,100000.0,100000.0,140000.0,SKIPPED_INSUFFICIENT_MARGIN
ATM_STRADDLE,ATM_STRADDLE_2024-03-11_2024-03-14,2024-03-11,100000.0,100000.0,140000.0,SKIPPED_INSUFFICIENT_MARGIN
ATM_STRADDLE,ATM_STRADDLE_2024-03-15_2024-03-21,2024-03-15,100000.0,100000.0,140000.0,SKIPPED_INSUFFICIENT_MARGIN
ATM_STRADDLE,ATM_STRADDLE_2024-03-22_2024-03-28,2024-03-22,100000.0,100000.0,140000.0,SKIPPED_INSUFFICIENT_MARGIN
ATM_STRADDLE,ATM_STRADDLE_2024-04-01_2024-04-04,2024-04-01,100000.0,100000.0,140000.0,SKIPPED_INSUFFICIENT_MARGIN
ATM_STRADDLE,ATM_STRADDLE_2024-04-05_2024-04-10,2024-04-05,100000.0,100000.0,140000.0,SKIPPED_INSUFFICIENT_MARGIN
ATM_STRADDLE,ATM_STRADDLE_2024-04-12_2024-04-18,2024-04-12,100000.0,100000.0,140000.0,SKIPPED_INSUFFICIENT_MARGIN
ATM_STRADDLE,ATM_STRADDLE_2024-04-19_2024-04-25,2024-04-19,100000.0,100000.0,140000.0,SKIPPED_INSUFFICIENT_MARGIN
ATM_STRADDLE,ATM_STRADDLE_2024-04-26_2024-05-02,2024-04-26,100000.0,100000.0,140000.0,SKIPPED_INSUFFICIENT_MARGIN
ATM_STRADDLE,ATM_STRADDLE_2024-05-03_2024-05-09,2024-05-03,100000.0,100000.0,140000.0,SKIPPED_INSUFFICIENT_MARGIN
ATM_STRADDLE,ATM_STRADDLE_2024-05-10_2024-05-16,2024-05-10,100000.0,100000.0,140000.0,SKIPPED_INSUFFICIENT_MARGIN
ATM_STRADDLE,ATM_STRADDLE_2024-05-17_2024-05-23,2024-05-17,100000.0,100000.0,140000.0,SKIPPED_INSUFFICIENT_MARGIN
ATM_STRADDLE,ATM_STRADDLE_2024-05-24_2024-05-30,2024-05-24,100000.0,100000.0,140000.0,SKIPPED_INSUFFICIENT_MARGIN
ATM_STRADDLE,ATM_STRADDLE_2024-05-31_2024-06-06,2024-05-31,100000.0,100000.0,140000.0,SKIPPED_INSUFFICIENT_MARGIN
ATM_STRADDLE,ATM_STRADDLE_2024-06-07_2024-06-13,2024-06-07,100000.0,100000.0,140000.0,SKIPPED_INSUFFICIENT_MARGIN
ATM_STRADDLE,ATM_STRADDLE_2024-06-14_2024-06-20,2024-06-14,100000.0,100000.0,140000.0,SKIPPED_INSUFFICIENT_MARGIN
ATM_STRADDLE,ATM_STRADDLE_2024-06-21_2024-06-27,2024-06-21,100000.0,100000.0,140000.0,SKIPPED_INSUFFICIENT_MARGIN
ATM_STRADDLE,ATM_STRADDLE_2024-06-28_2024-07-04,2024-06-28,100000.0,100000.0,140000.0,SKIPPED_INSUFFICIENT_MARGIN
ATM_STRADDLE,ATM_STRADDLE_2024-07-05_2024-07-11,2024-07-05,100000.0,100000.0,140000.0,SKIPPED_INSUFFICIENT_MARGIN
ATM_STRADDLE,ATM_STRADDLE_2024-07-12_2024-07-18,2024-07-12,100000.0,100000.0,140000.0,SKIPPED_INSUFFICIENT_MARGIN
ATM_STRADDLE,ATM_STRADDLE_2024-07-19_2024-07-25,2024-07-19,100000.0,100000.0,140000.0,SKIPPED_INSUFFICIENT_MARGIN
ATM_STRADDLE,ATM_STRADDLE_2024-07-26_2024-08-01,2024-07-26,100000.0,100000.0,140000.0,SKIPPED_INSUFFICIENT_MARGIN
ATM_STRADDLE,ATM_STRADDLE_2024-08-02_2024-08-08,2024-08-02,100000.0,100000.0,140000.0,SKIPPED_INSUFFICIENT_MARGIN
ATM_STRADDLE,ATM_STRADDLE_2024-08-09_2024-08-14,2024-08-09,100000.0,100000.0,140000.0,SKIPPED_INSUFFICIENT_MARGIN
ATM_STRADDLE,ATM_STRADDLE_2024-08-16_2024-08-22,2024-08-16,100000.0,100000.0,140000.0,SKIPPED_INSUFFICIENT_MARGIN
ATM_STRADDLE,ATM_STRADDLE_2024-08-23_2024-08-29,2024-08-23,100000.0,100000.0,140000.0,SKIPPED_INSUFFICIENT_MARGIN
ATM_STRADDLE,ATM_STRADDLE_2024-08-30_2024-09-05,2024-08-30,100000.0,100000.0,140000.0,SKIPPED_INSUFFICIENT_MARGIN
ATM_STRADDLE,ATM_STRADDLE_2024-09-06_2024-09-12,2024-09-06,100000.0,100000.0,140000.0,SKIPPED_INSUFFICIENT_MARGIN
ATM_STRADDLE,ATM_STRADDLE_2024-09-13_2024-09-19,2024-09-13,100000.0,100000.0,140000.0,SKIPPED_INSUFFICIENT_MARGIN
ATM_STRADDLE,ATM_STRADDLE_2024-09-20_2024-09-26,2024-09-20,100000.0,100000.0,140000.0,SKIPPED_INSUFFICIENT_MARGIN
ATM_STRADDLE,ATM_STRADDLE_2024-09-27_2024-10-03,2024-09-27,100000.0,100000.0,140000.0,SKIPPED_INSUFFICIENT_MARGIN
ATM_STRADDLE,ATM_STRADDLE_2024-10-04_2024-10-10,2024-10-04,100000.0,100000.0,140000.0,SKIPPED_INSUFFICIENT_MARGIN
ATM_STRADDLE,ATM_STRADDLE_2024-10-11_2024-10-17,2024-10-11,100000.0,100000.0,140000.0,SKIPPED_INSUFFICIENT_MARGIN
ATM_STRADDLE,ATM_STRADDLE_2024-10-18_2024-10-24,2024-10-18,100000.0,100000.0,140000.0,SKIPPED_INSUFFICIENT_MARGIN
ATM_STRADDLE,ATM_STRADDLE_2024-10-25_2024-10-31,2024-10-25,100000.0,100000.0,140000.0,SKIPPED_INSUFFICIENT_MARGIN
ATM_STRADDLE,ATM_STRADDLE_2024-11-01_2024-11-07,2024-11-01,100000.0,100000.0,140000.0,SKIPPED_INSUFFICIENT_MARGIN
ATM_STRADDLE,ATM_STRADDLE_2024-11-08_2024-11-14,2024-11-08,100000.0,100000.0,140000.0,SKIPPED_INSUFFICIENT_MARGIN
ATM_STRADDLE,ATM_STRADDLE_2024-11-18_2024-11-21,2024-11-18,100000.0,100000.0,140000.0,SKIPPED_INSUFFICIENT_MARGIN
ATM_STRADDLE,ATM_STRADDLE_2024-11-22_2024-11-28,2024-11-22,100000.0,100000.0,140000.0,SKIPPED_INSUFFICIENT_MARGIN
ATM_STRADDLE,ATM_STRADDLE_2024-11-29_2024-12-05,2024-11-29,100000.0,100000.0,140000.0,SKIPPED_INSUFFICIENT_MARGIN
ATM_STRADDLE,ATM_STRADDLE_2024-12-06_2024-12-12,2024-12-06,100000.0,100000.0,140000.0,SKIPPED_INSUFFICIENT_MARGIN
ATM_STRADDLE,ATM_STRADDLE_2024-12-13_2024-12-19,2024-12-13,100000.0,100000.0,140000.0,SKIPPED_INSUFFICIENT_MARGIN
ATM_STRADDLE,ATM_STRADDLE_2024-12-20_2024-12-26,2024-12-20,100000.0,100000.0,140000.0,SKIPPED_INSUFFICIENT_MARGIN
ATM_STRADDLE,ATM_STRADDLE_2024-12-27_2025-01-02,2024-12-27,100000.0,100000.0,140000.0,SKIPPED_INSUFFICIENT_MARGIN
ATM_STRADDLE,ATM_STRADDLE_2025-01-03_2025-01-09,2025-01-03,100000.0,100000.0,140000.0,SKIPPED_INSUFFICIENT_MARGIN
ATM_STRADDLE,ATM_STRADDLE_2025-01-10_2025-01-16,2025-01-10,100000.0,100000.0,140000.0,SKIPPED_INSUFFICIENT_MARGIN
ATM_STRADDLE,ATM_STRADDLE_2025-01-17_2025-01-23,2025-01-17,100000.0,100000.0,140000.0,SKIPPED_INSUFFICIENT_MARGIN
ATM_STRADDLE,ATM_STRADDLE_2025-01-24_2025-01-30,2025-01-24,100000.0,100000.0,140000.0,SKIPPED_INSUFFICIENT_MARGIN
ATM_STRADDLE,ATM_STRADDLE_2025-01-31_2025-02-06,2025-01-31,100000.0,100000.0,140000.0,SKIPPED_INSUFFICIENT_MARGIN
ATM_STRADDLE,ATM_STRADDLE_2025-02-07_2025-02-13,2025-02-07,100000.0,100000.0,140000.0,SKIPPED_INSUFFICIENT_MARGIN
ATM_STRADDLE,ATM_STRADDLE_2025-02-14_2025-02-20,2025-02-14,100000.0,100000.0,140000.0,SKIPPED_INSUFFICIENT_MARGIN
ATM_STRADDLE,ATM_STRADDLE_2025-02-21_2025-02-27,2025-02-21,100000.0,100000.0,140000.0,SKIPPED_INSUFFICIENT_MARGIN
ATM_STRADDLE,ATM_STRADDLE_2025-02-28_2025-03-06,2025-02-28,100000.0,100000.0,140000.0,SKIPPED_INSUFFICIENT_MARGIN
ATM_STRADDLE,ATM_STRADDLE_2025-03-07_2025-03-13,2025-03-07,100000.0,100000.0,140000.0,SKIPPED_INSUFFICIENT_MARGIN
ATM_STRADDLE,ATM_STRADDLE_2025-03-17_2025-03-20,2025-03-17,100000.0,100000.0,140000.0,SKIPPED_INSUFFICIENT_MARGIN
ATM_STRADDLE,ATM_STRADDLE_2025-03-21_2025-03-27,2025-03-21,100000.0,100000.0,140000.0,SKIPPED_INSUFFICIENT_MARGIN
ATM_STRADDLE,ATM_STRADDLE_2025-03-28_2025-04-03,2025-03-28,100000.0,100000.0,140000.0,SKIPPED_INSUFFICIENT_MARGIN
ATM_STRADDLE,ATM_STRADDLE_2025-04-04_2025-04-09,2025-04-04,100000.0,100000.0,140000.0,SKIPPED_INSUFFICIENT_MARGIN
ATM_STRADDLE,ATM_STRADDLE_2025-04-11_2025-04-17,2025-04-11,100000.0,100000.0,140000.0,SKIPPED_INSUFFICIENT_MARGIN
ATM_STRADDLE,ATM_STRADDLE_2025-04-21_2025-04-24,2025-04-21,100000.0,100000.0,140000.0,SKIPPED_INSUFFICIENT_MARGIN
ATM_STRADDLE,ATM_STRADDLE_2025-04-25_2025-04-30,2025-04-25,100000.0,100000.0,140000.0,SKIPPED_INSUFFICIENT_MARGIN
ATM_STRADDLE,ATM_STRADDLE_2025-05-02_2025-05-08,2025-05-02,100000.0,100000.0,140000.0,SKIPPED_INSUFFICIENT_MARGIN
ATM_STRADDLE,ATM_STRADDLE_2025-05-09_2025-05-15,2025-05-09,100000.0,100000.0,140000.0,SKIPPED_INSUFFICIENT_MARGIN
ATM_STRADDLE,ATM_STRADDLE_2025-05-16_2025-05-22,2025-05-16,100000.0,100000.0,140000.0,SKIPPED_INSUFFICIENT_MARGIN
ATM_STRADDLE,ATM_STRADDLE_2025-05-23_2025-05-29,2025-05-23,100000.0,100000.0,140000.0,SKIPPED_INSUFFICIENT_MARGIN
ATM_STRADDLE,ATM_STRADDLE_2025-05-30_2025-06-05,2025-05-30,100000.0,100000.0,140000.0,SKIPPED_INSUFFICIENT_MARGIN
ATM_STRADDLE,ATM_STRADDLE_2025-06-06_2025-06-12,2025-06-06,100000.0,100000.0,140000.0,SKIPPED_INSUFFICIENT_MARGIN
ATM_STRADDLE,ATM_STRADDLE_2025-06-13_2025-06-19,2025-06-13,100000.0,100000.0,140000.0,SKIPPED_INSUFFICIENT_MARGIN
ATM_STRADDLE,ATM_STRADDLE_2025-06-20_2025-06-26,2025-06-20,100000.0,100000.0,140000.0,SKIPPED_INSUFFICIENT_MARGIN
ATM_STRADDLE,ATM_STRADDLE_2025-06-27_2025-07-03,2025-06-27,100000.0,100000.0,140000.0,SKIPPED_INSUFFICIENT_MARGIN
ATM_STRADDLE,ATM_STRADDLE_2025-07-04_2025-07-10,2025-07-04,100000.0,100000.0,140000.0,SKIPPED_INSUFFICIENT_MARGIN
ATM_STRADDLE,ATM_STRADDLE_2025-07-11_2025-07-17,2025-07-11,100000.0,100000.0,140000.0,SKIPPED_INSUFFICIENT_MARGIN
ATM_STRADDLE,ATM_STRADDLE_2025-07-18_2025-07-24,2025-07-18,100000.0,100000.0,140000.0,SKIPPED_INSUFFICIENT_MARGIN
ATM_STRADDLE,ATM_STRADDLE_2025-07-25_2025-07-31,2025-07-25,100000.0,100000.0,140000.0,SKIPPED_INSUFFICIENT_MARGIN
ATM_STRADDLE,ATM_STRADDLE_2025-08-01_2025-08-07,2025-08-01,100000.0,100000.0,140000.0,SKIPPED_INSUFFICIENT_MARGIN
ATM_STRADDLE,ATM_STRADDLE_2025-08-08_2025-08-14,2025-08-08,100000.0,100000.0,140000.0,SKIPPED_INSUFFICIENT_MARGIN
ATM_STRADDLE,ATM_STRADDLE_2025-08-18_2025-08-21,2025-08-18,100000.0,100000.0,140000.0,SKIPPED_INSUFFICIENT_MARGIN
ATM_STRADDLE,ATM_STRADDLE_2025-08-22_2025-08-28,2025-08-22,100000.0,100000.0,140000.0,SKIPPED_INSUFFICIENT_MARGIN
ATM_STRADDLE,ATM_STRADDLE_2025-08-29_2025-09-02,2025-08-29,100000.0,100000.0,140000.0,SKIPPED_INSUFFICIENT_MARGIN
ATM_STRADDLE,ATM_STRADDLE_2025-09-03_2025-09-09,2025-09-03,100000.0,100000.0,140000.0,SKIPPED_INSUFFICIENT_MARGIN
ATM_STRADDLE,ATM_STRADDLE_2025-09-10_2025-09-16,2025-09-10,100000.0,100000.0,140000.0,SKIPPED_INSUFFICIENT_MARGIN
ATM_STRADDLE,ATM_STRADDLE_2025-09-17_2025-09-23,2025-09-17,100000.0,100000.0,140000.0,SKIPPED_INSUFFICIENT_MARGIN
ATM_STRADDLE,ATM_STRADDLE_2025-09-26_2025-09-30,2025-09-26,100000.0,100000.0,140000.0,SKIPPED_INSUFFICIENT_MARGIN
ATM_STRADDLE,ATM_STRADDLE_2025-10-01_2025-10-07,2025-10-01,100000.0,100000.0,140000.0,SKIPPED_INSUFFICIENT_MARGIN
ATM_STRADDLE,ATM_STRADDLE_2025-10-08_2025-10-14,2025-10-08,100000.0,100000.0,140000.0,SKIPPED_INSUFFICIENT_MARGIN
ATM_STRADDLE,ATM_STRADDLE_2025-10-15_2025-10-20,2025-10-15,100000.0,100000.0,140000.0,SKIPPED_INSUFFICIENT_MARGIN
ATM_STRADDLE,ATM_STRADDLE_2025-10-21_2025-10-28,2025-10-21,100000.0,100000.0,140000.0,SKIPPED_INSUFFICIENT_MARGIN
ATM_STRADDLE,ATM_STRADDLE_2025-10-29_2025-11-04,2025-10-29,100000.0,100000.0,140000.0,SKIPPED_INSUFFICIENT_MARGIN
ATM_STRADDLE,ATM_STRADDLE_2025-11-06_2025-11-11,2025-11-06,100000.0,100000.0,140000.0,SKIPPED_INSUFFICIENT_MARGIN
ATM_STRADDLE,ATM_STRADDLE_2025-11-12_2025-11-18,2025-11-12,100000.0,100000.0,140000.0,SKIPPED_INSUFFICIENT_MARGIN
ATM_STRADDLE,ATM_STRADDLE_2025-11-19_2025-11-25,2025-11-19,100000.0,100000.0,140000.0,SKIPPED_INSUFFICIENT_MARGIN
ATM_STRADDLE,ATM_STRADDLE_2025-11-26_2025-12-02,2025-11-26,100000.0,100000.0,140000.0,SKIPPED_INSUFFICIENT_MARGIN
ATM_STRADDLE,ATM_STRADDLE_2025-12-03_2025-12-09,2025-12-03,100000.0,100000.0,140000.0,SKIPPED_INSUFFICIENT_MARGIN
ATM_STRADDLE,ATM_STRADDLE_2025-12-10_2025-12-16,2025-12-10,100000.0,100000.0,140000.0,SKIPPED_INSUFFICIENT_MARGIN
ATM_STRADDLE,ATM_STRADDLE_2025-12-17_2025-12-23,2025-12-17,100000.0,100000.0,140000.0,SKIPPED_INSUFFICIENT_MARGIN
ATM_STRADDLE,ATM_STRADDLE_2025-12-26_2025-12-30,2025-12-26,100000.0,100000.0,140000.0,SKIPPED_INSUFFICIENT_MARGIN
ATM_STRADDLE,ATM_STRADDLE_2025-12-31_2026-01-06,2025-12-31,100000.0,100000.0,140000.0,SKIPPED_INSUFFICIENT_MARGIN
ATM_STRADDLE,ATM_STRADDLE_2026-01-07_2026-01-13,2026-01-07,100000.0,100000.0,140000.0,SKIPPED_INSUFFICIENT_MARGIN
ATM_STRADDLE,ATM_STRADDLE_2026-01-14_2026-01-20,2026-01-14,100000.0,100000.0,140000.0,SKIPPED_INSUFFICIENT_MARGIN
ATM_STRADDLE,ATM_STRADDLE_2026-01-21_2026-01-27,2026-01-21,100000.0,100000.0,140000.0,SKIPPED_INSUFFICIENT_MARGIN
ATM_STRADDLE,ATM_STRADDLE_2026-01-28_2026-02-03,2026-01-28,100000.0,100000.0,140000.0,SKIPPED_INSUFFICIENT_MARGIN
ATM_STRADDLE,ATM_STRADDLE_2026-02-04_2026-02-10,2026-02-04,100000.0,100000.0,140000.0,SKIPPED_INSUFFICIENT_MARGIN
ATM_STRADDLE,ATM_STRADDLE_2026-02-11_2026-02-17,2026-02-11,100000.0,100000.0,140000.0,SKIPPED_INSUFFICIENT_MARGIN
ATM_STRADDLE,ATM_STRADDLE_2026-02-18_2026-02-24,2026-02-18,100000.0,100000.0,140000.0,SKIPPED_INSUFFICIENT_MARGIN
ATM_STRADDLE,ATM_STRADDLE_2026-02-25_2026-03-02,2026-02-25,100000.0,100000.0,140000.0,SKIPPED_INSUFFICIENT_MARGIN
ATM_STRADDLE,ATM_STRADDLE_2026-03-04_2026-03-10,2026-03-04,100000.0,100000.0,140000.0,SKIPPED_INSUFFICIENT_MARGIN
ATM_STRADDLE,ATM_STRADDLE_2026-03-11_2026-03-17,2026-03-11,100000.0,100000.0,140000.0,SKIPPED_INSUFFICIENT_MARGIN
ATM_STRADDLE,ATM_STRADDLE_2026-03-18_2026-03-24,2026-03-18,100000.0,100000.0,140000.0,SKIPPED_INSUFFICIENT_MARGIN
ATM_STRADDLE,ATM_STRADDLE_2026-03-27_2026-03-30,2026-03-27,100000.0,100000.0,140000.0,SKIPPED_INSUFFICIENT_MARGIN
ATM_STRADDLE,ATM_STRADDLE_2026-04-01_2026-04-07,2026-04-01,100000.0,100000.0,140000.0,SKIPPED_INSUFFICIENT_MARGIN
ATM_STRADDLE,ATM_STRADDLE_2026-04-08_2026-04-13,2026-04-08,100000.0,100000.0,140000.0,SKIPPED_INSUFFICIENT_MARGIN
ATM_STRADDLE,ATM_STRADDLE_2026-04-15_2026-04-21,2026-04-15,100000.0,100000.0,140000.0,SKIPPED_INSUFFICIENT_MARGIN
ATM_STRADDLE,ATM_STRADDLE_2026-04-22_2026-04-28,2026-04-22,100000.0,100000.0,140000.0,SKIPPED_INSUFFICIENT_MARGIN
ATM_STRADDLE,ATM_STRADDLE_2026-04-29_2026-05-05,2026-04-29,100000.0,100000.0,140000.0,SKIPPED_INSUFFICIENT_MARGIN
ATM_STRADDLE,ATM_STRADDLE_2026-05-06_2026-05-12,2026-05-06,100000.0,100000.0,140000.0,SKIPPED_INSUFFICIENT_MARGIN
ATM_STRADDLE,ATM_STRADDLE_2026-05-13_2026-05-19,2026-05-13,100000.0,100000.0,140000.0,SKIPPED_INSUFFICIENT_MARGIN
ATM_STRADDLE,ATM_STRADDLE_2026-05-20_2026-05-26,2026-05-20,100000.0,100000.0,140000.0,SKIPPED_INSUFFICIENT_MARGIN
ATM_STRADDLE,ATM_STRADDLE_2026-05-27_2026-06-02,2026-05-27,100000.0,100000.0,140000.0,SKIPPED_INSUFFICIENT_MARGIN
ATM_STRADDLE,ATM_STRADDLE_2026-06-03_2026-06-09,2026-06-03,100000.0,100000.0,140000.0,SKIPPED_INSUFFICIENT_MARGIN
ATM_STRADDLE,ATM_STRADDLE_2026-06-10_2026-06-16,2026-06-10,100000.0,100000.0,140000.0,SKIPPED_INSUFFICIENT_MARGIN
ATM_STRADDLE,ATM_STRADDLE_2026-06-17_2026-06-23,2026-06-17,100000.0,100000.0,140000.0,SKIPPED_INSUFFICIENT_MARGIN
ATM_STRADDLE,ATM_STRADDLE_2026-06-29_2026-06-30,2026-06-29,100000.0,100000.0,140000.0,SKIPPED_INSUFFICIENT_MARGIN
ATM_STRADDLE,ATM_STRADDLE_2026-07-01_2026-07-07,2026-07-01,100000.0,100000.0,140000.0,SKIPPED_INSUFFICIENT_MARGIN
ATM_STRADDLE,ATM_STRADDLE_2026-07-08_2026-07-14,2026-07-08,100000.0,100000.0,140000.0,SKIPPED_INSUFFICIENT_MARGIN
ATM_STRADDLE,ATM_STRADDLE_2026-07-15_2026-07-21,2026-07-15,100000.0,100000.0,140000.0,SKIPPED_INSUFFICIENT_MARGIN
ATM_STRADDLE,ATM_STRADDLE_2026-07-22_2026-07-28,2026-07-22,100000.0,100000.0,140000.0,SKIPPED_INSUFFICIENT_MARGIN
ATM_STRADDLE,ATM_STRADDLE_2026-07-29_2026-08-04,2026-07-29,100000.0,100000.0,140000.0,SKIPPED_INSUFFICIENT_MARGIN
ATM_STRADDLE,ATM_STRADDLE_2026-08-05_2026-08-11,2026-08-05,100000.0,100000.0,140000.0,SKIPPED_INSUFFICIENT_MARGIN
ATM_STRADDLE,ATM_STRADDLE_2026-08-12_2026-08-18,2026-08-12,100000.0,100000.0,140000.0,SKIPPED_INSUFFICIENT_MARGIN
ATM_STRADDLE,ATM_STRADDLE_2026-08-19_2026-08-25,2026-08-19,100000.0,100000.0,140000.0,SKIPPED_INSUFFICIENT_MARGIN
ATM_STRADDLE,ATM_STRADDLE_2026-08-26_2026-09-01,2026-08-26,100000.0,100000.0,140000.0,SKIPPED_INSUFFICIENT_MARGIN
ATM_STRADDLE,ATM_STRADDLE_2026-09-02_2026-09-08,2026-09-02,100000.0,100000.0,140000.0,SKIPPED_INSUFFICIENT_MARGIN
ATM_STRADDLE,ATM_STRADDLE_2026-09-09_2026-09-15,2026-09-09,100000.0,100000.0,140000.0,SKIPPED_INSUFFICIENT_MARGIN
OTM_STRANGLE,OTM_STRANGLE_2020-01-31_2020-02-06,2020-01-31,20000.0,20000.0,130000.0,SKIPPED_INSUFFICIENT_MARGIN
OTM_STRANGLE,OTM_STRANGLE_2020-02-24_2020-02-27,2020-02-24,20000.0,20000.0,130000.0,SKIPPED_INSUFFICIENT_MARGIN
OTM_STRANGLE,OTM_STRANGLE_2020-02-28_2020-03-05,2020-02-28,20000.0,20000.0,130000.0,SKIPPED_INSUFFICIENT_MARGIN
OTM_STRANGLE,OTM_STRANGLE_2020-03-06_2020-03-12,2020-03-06,20000.0,20000.0,130000.0,SKIPPED_INSUFFICIENT_MARGIN
OTM_STRANGLE,OTM_STRANGLE_2020-03-13_2020-03-19,2020-03-13,20000.0,20000.0,130000.0,SKIPPED_INSUFFICIENT_MARGIN
OTM_STRANGLE,OTM_STRANGLE_2020-03-20_2020-03-26,2020-03-20,20000.0,20000.0,130000.0,SKIPPED_INSUFFICIENT_MARGIN
OTM_STRANGLE,OTM_STRANGLE_2020-04-03_2020-04-09,2020-04-03,20000.0,20000.0,130000.0,SKIPPED_INSUFFICIENT_MARGIN
OTM_STRANGLE,OTM_STRANGLE_2020-04-13_2020-04-16,2020-04-13,20000.0,20000.0,130000.0,SKIPPED_INSUFFICIENT_MARGIN
OTM_STRANGLE,OTM_STRANGLE_2020-04-24_2020-04-30,2020-04-24,20000.0,20000.0,130000.0,SKIPPED_INSUFFICIENT_MARGIN
OTM_STRANGLE,OTM_STRANGLE_2020-05-08_2020-05-14,2020-05-08,20000.0,20000.0,130000.0,SKIPPED_INSUFFICIENT_MARGIN
OTM_STRANGLE,OTM_STRANGLE_2020-05-15_2020-05-21,2020-05-15,20000.0,20000.0,130000.0,SKIPPED_INSUFFICIENT_MARGIN
OTM_STRANGLE,OTM_STRANGLE_2020-05-22_2020-05-28,2020-05-22,20000.0,20000.0,130000.0,SKIPPED_INSUFFICIENT_MARGIN
OTM_STRANGLE,OTM_STRANGLE_2020-05-29_2020-06-04,2020-05-29,20000.0,20000.0,130000.0,SKIPPED_INSUFFICIENT_MARGIN
OTM_STRANGLE,OTM_STRANGLE_2020-06-05_2020-06-11,2020-06-05,20000.0,20000.0,130000.0,SKIPPED_INSUFFICIENT_MARGIN
OTM_STRANGLE,OTM_STRANGLE_2020-06-12_2020-06-18,2020-06-12,20000.0,20000.0,130000.0,SKIPPED_INSUFFICIENT_MARGIN
OTM_STRANGLE,OTM_STRANGLE_2020-06-19_2020-06-25,2020-06-19,20000.0,20000.0,130000.0,SKIPPED_INSUFFICIENT_MARGIN
OTM_STRANGLE,OTM_STRANGLE_2020-06-26_2020-07-02,2020-06-26,20000.0,20000.0,130000.0,SKIPPED_INSUFFICIENT_MARGIN
OTM_STRANGLE,OTM_STRANGLE_2020-07-17_2020-07-23,2020-07-17,20000.0,20000.0,130000.0,SKIPPED_INSUFFICIENT_MARGIN
OTM_STRANGLE,OTM_STRANGLE_2020-08-14_2020-08-20,2020-08-14,20000.0,20000.0,130000.0,SKIPPED_INSUFFICIENT_MARGIN
OTM_STRANGLE,OTM_STRANGLE_2020-08-21_2020-08-27,2020-08-21,20000.0,20000.0,130000.0,SKIPPED_INSUFFICIENT_MARGIN
OTM_STRANGLE,OTM_STRANGLE_2020-08-28_2020-09-03,2020-08-28,20000.0,20000.0,130000.0,SKIPPED_INSUFFICIENT_MARGIN
OTM_STRANGLE,OTM_STRANGLE_2020-09-04_2020-09-10,2020-09-04,20000.0,20000.0,130000.0,SKIPPED_INSUFFICIENT_MARGIN
OTM_STRANGLE,OTM_STRANGLE_2020-09-11_2020-09-17,2020-09-11,20000.0,20000.0,130000.0,SKIPPED_INSUFFICIENT_MARGIN
OTM_STRANGLE,OTM_STRANGLE_2020-09-18_2020-09-24,2020-09-18,20000.0,20000.0,130000.0,SKIPPED_INSUFFICIENT_MARGIN
OTM_STRANGLE,OTM_STRANGLE_2020-09-25_2020-10-01,2020-09-25,20000.0,20000.0,130000.0,SKIPPED_INSUFFICIENT_MARGIN
OTM_STRANGLE,OTM_STRANGLE_2020-10-05_2020-10-08,2020-10-05,20000.0,20000.0,130000.0,SKIPPED_INSUFFICIENT_MARGIN
OTM_STRANGLE,OTM_STRANGLE_2020-10-16_2020-10-22,2020-10-16,20000.0,20000.0,130000.0,SKIPPED_INSUFFICIENT_MARGIN
OTM_STRANGLE,OTM_STRANGLE_2020-10-23_2020-10-29,2020-10-23,20000.0,20000.0,130000.0,SKIPPED_INSUFFICIENT_MARGIN
OTM_STRANGLE,OTM_STRANGLE_2020-10-30_2020-11-05,2020-10-30,20000.0,20000.0,130000.0,SKIPPED_INSUFFICIENT_MARGIN
OTM_STRANGLE,OTM_STRANGLE_2020-11-06_2020-11-12,2020-11-06,20000.0,20000.0,130000.0,SKIPPED_INSUFFICIENT_MARGIN
OTM_STRANGLE,OTM_STRANGLE_2020-11-20_2020-11-26,2020-11-20,20000.0,20000.0,130000.0,SKIPPED_INSUFFICIENT_MARGIN
OTM_STRANGLE,OTM_STRANGLE_2020-11-27_2020-12-03,2020-11-27,20000.0,20000.0,130000.0,SKIPPED_INSUFFICIENT_MARGIN
OTM_STRANGLE,OTM_STRANGLE_2020-12-04_2020-12-10,2020-12-04,20000.0,20000.0,130000.0,SKIPPED_INSUFFICIENT_MARGIN
OTM_STRANGLE,OTM_STRANGLE_2020-12-11_2020-12-17,2020-12-11,20000.0,20000.0,130000.0,SKIPPED_INSUFFICIENT_MARGIN
OTM_STRANGLE,OTM_STRANGLE_2020-12-18_2020-12-24,2020-12-18,20000.0,20000.0,130000.0,SKIPPED_INSUFFICIENT_MARGIN
OTM_STRANGLE,OTM_STRANGLE_2021-01-01_2021-01-07,2021-01-01,20000.0,20000.0,130000.0,SKIPPED_INSUFFICIENT_MARGIN
OTM_STRANGLE,OTM_STRANGLE_2021-01-08_2021-01-14,2021-01-08,20000.0,20000.0,130000.0,SKIPPED_INSUFFICIENT_MARGIN
OTM_STRANGLE,OTM_STRANGLE_2021-01-15_2021-01-21,2021-01-15,20000.0,20000.0,130000.0,SKIPPED_INSUFFICIENT_MARGIN
OTM_STRANGLE,OTM_STRANGLE_2021-01-22_2021-01-28,2021-01-22,20000.0,20000.0,130000.0,SKIPPED_INSUFFICIENT_MARGIN
OTM_STRANGLE,OTM_STRANGLE_2021-01-29_2021-02-04,2021-01-29,20000.0,20000.0,130000.0,SKIPPED_INSUFFICIENT_MARGIN
OTM_STRANGLE,OTM_STRANGLE_2021-02-05_2021-02-11,2021-02-05,20000.0,20000.0,130000.0,SKIPPED_INSUFFICIENT_MARGIN
OTM_STRANGLE,OTM_STRANGLE_2021-02-12_2021-02-18,2021-02-12,20000.0,20000.0,130000.0,SKIPPED_INSUFFICIENT_MARGIN
OTM_STRANGLE,OTM_STRANGLE_2021-02-19_2021-02-25,2021-02-19,20000.0,20000.0,130000.0,SKIPPED_INSUFFICIENT_MARGIN
OTM_STRANGLE,OTM_STRANGLE_2021-02-26_2021-03-04,2021-02-26,20000.0,20000.0,130000.0,SKIPPED_INSUFFICIENT_MARGIN
OTM_STRANGLE,OTM_STRANGLE_2021-03-05_2021-03-10,2021-03-05,20000.0,20000.0,130000.0,SKIPPED_INSUFFICIENT_MARGIN
OTM_STRANGLE,OTM_STRANGLE_2021-03-12_2021-03-18,2021-03-12,20000.0,20000.0,130000.0,SKIPPED_INSUFFICIENT_MARGIN
OTM_STRANGLE,OTM_STRANGLE_2021-03-26_2021-04-01,2021-03-26,20000.0,20000.0,130000.0,SKIPPED_INSUFFICIENT_MARGIN
OTM_STRANGLE,OTM_STRANGLE_2021-04-05_2021-04-08,2021-04-05,20000.0,20000.0,130000.0,SKIPPED_INSUFFICIENT_MARGIN
OTM_STRANGLE,OTM_STRANGLE_2021-04-09_2021-04-15,2021-04-09,20000.0,20000.0,130000.0,SKIPPED_INSUFFICIENT_MARGIN
OTM_STRANGLE,OTM_STRANGLE_2021-04-16_2021-04-22,2021-04-16,20000.0,20000.0,130000.0,SKIPPED_INSUFFICIENT_MARGIN
OTM_STRANGLE,OTM_STRANGLE_2021-04-23_2021-04-29,2021-04-23,20000.0,20000.0,130000.0,SKIPPED_INSUFFICIENT_MARGIN
OTM_STRANGLE,OTM_STRANGLE_2021-04-30_2021-05-06,2021-04-30,20000.0,20000.0,130000.0,SKIPPED_INSUFFICIENT_MARGIN
OTM_STRANGLE,OTM_STRANGLE_2021-05-07_2021-05-12,2021-05-07,20000.0,20000.0,130000.0,SKIPPED_INSUFFICIENT_MARGIN
OTM_STRANGLE,OTM_STRANGLE_2021-05-14_2021-05-20,2021-05-14,20000.0,20000.0,130000.0,SKIPPED_INSUFFICIENT_MARGIN
OTM_STRANGLE,OTM_STRANGLE_2021-05-21_2021-05-27,2021-05-21,20000.0,20000.0,130000.0,SKIPPED_INSUFFICIENT_MARGIN
OTM_STRANGLE,OTM_STRANGLE_2021-05-28_2021-06-03,2021-05-28,20000.0,20000.0,130000.0,SKIPPED_INSUFFICIENT_MARGIN
OTM_STRANGLE,OTM_STRANGLE_2021-06-04_2021-06-10,2021-06-04,20000.0,20000.0,130000.0,SKIPPED_INSUFFICIENT_MARGIN
OTM_STRANGLE,OTM_STRANGLE_2021-06-11_2021-06-17,2021-06-11,20000.0,20000.0,130000.0,SKIPPED_INSUFFICIENT_MARGIN
OTM_STRANGLE,OTM_STRANGLE_2021-06-18_2021-06-24,2021-06-18,20000.0,20000.0,130000.0,SKIPPED_INSUFFICIENT_MARGIN
OTM_STRANGLE,OTM_STRANGLE_2021-06-25_2021-07-01,2021-06-25,20000.0,20000.0,130000.0,SKIPPED_INSUFFICIENT_MARGIN
OTM_STRANGLE,OTM_STRANGLE_2021-07-02_2021-07-08,2021-07-02,20000.0,20000.0,130000.0,SKIPPED_INSUFFICIENT_MARGIN
OTM_STRANGLE,OTM_STRANGLE_2021-07-09_2021-07-15,2021-07-09,20000.0,20000.0,130000.0,SKIPPED_INSUFFICIENT_MARGIN
OTM_STRANGLE,OTM_STRANGLE_2021-07-16_2021-07-22,2021-07-16,20000.0,20000.0,130000.0,SKIPPED_INSUFFICIENT_MARGIN
OTM_STRANGLE,OTM_STRANGLE_2021-07-23_2021-07-29,2021-07-23,20000.0,20000.0,130000.0,SKIPPED_INSUFFICIENT_MARGIN
OTM_STRANGLE,OTM_STRANGLE_2021-08-20_2021-08-26,2021-08-20,20000.0,20000.0,130000.0,SKIPPED_INSUFFICIENT_MARGIN
OTM_STRANGLE,OTM_STRANGLE_2021-08-27_2021-09-02,2021-08-27,20000.0,20000.0,130000.0,SKIPPED_INSUFFICIENT_MARGIN
OTM_STRANGLE,OTM_STRANGLE_2021-09-03_2021-09-09,2021-09-03,20000.0,20000.0,130000.0,SKIPPED_INSUFFICIENT_MARGIN
OTM_STRANGLE,OTM_STRANGLE_2021-09-13_2021-09-16,2021-09-13,20000.0,20000.0,130000.0,SKIPPED_INSUFFICIENT_MARGIN
OTM_STRANGLE,OTM_STRANGLE_2021-09-17_2021-09-23,2021-09-17,20000.0,20000.0,130000.0,SKIPPED_INSUFFICIENT_MARGIN
OTM_STRANGLE,OTM_STRANGLE_2021-09-24_2021-09-30,2021-09-24,20000.0,20000.0,130000.0,SKIPPED_INSUFFICIENT_MARGIN
OTM_STRANGLE,OTM_STRANGLE_2021-10-01_2021-10-07,2021-10-01,20000.0,20000.0,130000.0,SKIPPED_INSUFFICIENT_MARGIN
OTM_STRANGLE,OTM_STRANGLE_2021-10-08_2021-10-14,2021-10-08,20000.0,20000.0,130000.0,SKIPPED_INSUFFICIENT_MARGIN
OTM_STRANGLE,OTM_STRANGLE_2021-10-18_2021-10-21,2021-10-18,20000.0,20000.0,130000.0,SKIPPED_INSUFFICIENT_MARGIN
OTM_STRANGLE,OTM_STRANGLE_2021-10-22_2021-10-28,2021-10-22,20000.0,20000.0,130000.0,SKIPPED_INSUFFICIENT_MARGIN
OTM_STRANGLE,OTM_STRANGLE_2021-10-29_2021-11-03,2021-10-29,20000.0,20000.0,130000.0,SKIPPED_INSUFFICIENT_MARGIN
OTM_STRANGLE,OTM_STRANGLE_2021-11-04_2021-11-11,2021-11-04,20000.0,20000.0,130000.0,SKIPPED_INSUFFICIENT_MARGIN
OTM_STRANGLE,OTM_STRANGLE_2021-11-12_2021-11-18,2021-11-12,20000.0,20000.0,130000.0,SKIPPED_INSUFFICIENT_MARGIN
OTM_STRANGLE,OTM_STRANGLE_2021-11-22_2021-11-25,2021-11-22,20000.0,20000.0,130000.0,SKIPPED_INSUFFICIENT_MARGIN
OTM_STRANGLE,OTM_STRANGLE_2021-12-03_2021-12-09,2021-12-03,20000.0,20000.0,130000.0,SKIPPED_INSUFFICIENT_MARGIN
OTM_STRANGLE,OTM_STRANGLE_2021-12-10_2021-12-16,2021-12-10,20000.0,20000.0,130000.0,SKIPPED_INSUFFICIENT_MARGIN
OTM_STRANGLE,OTM_STRANGLE_2021-12-17_2021-12-23,2021-12-17,20000.0,20000.0,130000.0,SKIPPED_INSUFFICIENT_MARGIN
OTM_STRANGLE,OTM_STRANGLE_2021-12-24_2021-12-30,2021-12-24,20000.0,20000.0,130000.0,SKIPPED_INSUFFICIENT_MARGIN
OTM_STRANGLE,OTM_STRANGLE_2021-12-31_2022-01-06,2021-12-31,20000.0,20000.0,130000.0,SKIPPED_INSUFFICIENT_MARGIN
OTM_STRANGLE,OTM_STRANGLE_2022-01-07_2022-01-13,2022-01-07,20000.0,20000.0,130000.0,SKIPPED_INSUFFICIENT_MARGIN
OTM_STRANGLE,OTM_STRANGLE_2022-01-21_2022-01-27,2022-01-21,20000.0,20000.0,130000.0,SKIPPED_INSUFFICIENT_MARGIN
OTM_STRANGLE,OTM_STRANGLE_2022-01-28_2022-02-03,2022-01-28,20000.0,20000.0,130000.0,SKIPPED_INSUFFICIENT_MARGIN
OTM_STRANGLE,OTM_STRANGLE_2022-02-04_2022-02-10,2022-02-04,20000.0,20000.0,130000.0,SKIPPED_INSUFFICIENT_MARGIN
OTM_STRANGLE,OTM_STRANGLE_2022-02-11_2022-02-17,2022-02-11,20000.0,20000.0,130000.0,SKIPPED_INSUFFICIENT_MARGIN
OTM_STRANGLE,OTM_STRANGLE_2022-02-18_2022-02-24,2022-02-18,20000.0,20000.0,130000.0,SKIPPED_INSUFFICIENT_MARGIN
OTM_STRANGLE,OTM_STRANGLE_2022-02-25_2022-03-03,2022-02-25,20000.0,20000.0,130000.0,SKIPPED_INSUFFICIENT_MARGIN
OTM_STRANGLE,OTM_STRANGLE_2022-03-04_2022-03-10,2022-03-04,20000.0,20000.0,130000.0,SKIPPED_INSUFFICIENT_MARGIN
OTM_STRANGLE,OTM_STRANGLE_2022-03-11_2022-03-17,2022-03-11,20000.0,20000.0,130000.0,SKIPPED_INSUFFICIENT_MARGIN
OTM_STRANGLE,OTM_STRANGLE_2022-03-21_2022-03-24,2022-03-21,20000.0,20000.0,130000.0,SKIPPED_INSUFFICIENT_MARGIN
OTM_STRANGLE,OTM_STRANGLE_2022-03-25_2022-03-31,2022-03-25,20000.0,20000.0,130000.0,SKIPPED_INSUFFICIENT_MARGIN
OTM_STRANGLE,OTM_STRANGLE_2022-04-01_2022-04-07,2022-04-01,20000.0,20000.0,130000.0,SKIPPED_INSUFFICIENT_MARGIN
OTM_STRANGLE,OTM_STRANGLE_2022-04-08_2022-04-13,2022-04-08,20000.0,20000.0,130000.0,SKIPPED_INSUFFICIENT_MARGIN
OTM_STRANGLE,OTM_STRANGLE_2022-04-18_2022-04-21,2022-04-18,20000.0,20000.0,130000.0,SKIPPED_INSUFFICIENT_MARGIN
OTM_STRANGLE,OTM_STRANGLE_2022-04-29_2022-05-05,2022-04-29,20000.0,20000.0,130000.0,SKIPPED_INSUFFICIENT_MARGIN
OTM_STRANGLE,OTM_STRANGLE_2022-05-06_2022-05-12,2022-05-06,20000.0,20000.0,130000.0,SKIPPED_INSUFFICIENT_MARGIN
OTM_STRANGLE,OTM_STRANGLE_2022-05-20_2022-05-26,2022-05-20,20000.0,20000.0,130000.0,SKIPPED_INSUFFICIENT_MARGIN
OTM_STRANGLE,OTM_STRANGLE_2022-05-27_2022-06-02,2022-05-27,20000.0,20000.0,130000.0,SKIPPED_INSUFFICIENT_MARGIN
OTM_STRANGLE,OTM_STRANGLE_2022-06-03_2022-06-09,2022-06-03,20000.0,20000.0,130000.0,SKIPPED_INSUFFICIENT_MARGIN
OTM_STRANGLE,OTM_STRANGLE_2022-06-10_2022-06-16,2022-06-10,20000.0,20000.0,130000.0,SKIPPED_INSUFFICIENT_MARGIN
OTM_STRANGLE,OTM_STRANGLE_2022-06-17_2022-06-23,2022-06-17,20000.0,20000.0,130000.0,SKIPPED_INSUFFICIENT_MARGIN
OTM_STRANGLE,OTM_STRANGLE_2022-06-24_2022-06-30,2022-06-24,20000.0,20000.0,130000.0,SKIPPED_INSUFFICIENT_MARGIN
OTM_STRANGLE,OTM_STRANGLE_2022-07-08_2022-07-14,2022-07-08,20000.0,20000.0,130000.0,SKIPPED_INSUFFICIENT_MARGIN
OTM_STRANGLE,OTM_STRANGLE_2022-07-22_2022-07-28,2022-07-22,20000.0,20000.0,130000.0,SKIPPED_INSUFFICIENT_MARGIN
OTM_STRANGLE,OTM_STRANGLE_2022-08-05_2022-08-11,2022-08-05,20000.0,20000.0,130000.0,SKIPPED_INSUFFICIENT_MARGIN
OTM_STRANGLE,OTM_STRANGLE_2022-08-19_2022-08-25,2022-08-19,20000.0,20000.0,130000.0,SKIPPED_INSUFFICIENT_MARGIN
OTM_STRANGLE,OTM_STRANGLE_2022-08-26_2022-09-01,2022-08-26,20000.0,20000.0,130000.0,SKIPPED_INSUFFICIENT_MARGIN
OTM_STRANGLE,OTM_STRANGLE_2022-09-09_2022-09-15,2022-09-09,20000.0,20000.0,130000.0,SKIPPED_INSUFFICIENT_MARGIN
OTM_STRANGLE,OTM_STRANGLE_2022-09-16_2022-09-22,2022-09-16,20000.0,20000.0,130000.0,SKIPPED_INSUFFICIENT_MARGIN
OTM_STRANGLE,OTM_STRANGLE_2022-09-30_2022-10-06,2022-09-30,20000.0,20000.0,130000.0,SKIPPED_INSUFFICIENT_MARGIN
OTM_STRANGLE,OTM_STRANGLE_2022-10-14_2022-10-20,2022-10-14,20000.0,20000.0,130000.0,SKIPPED_INSUFFICIENT_MARGIN
OTM_STRANGLE,OTM_STRANGLE_2022-10-21_2022-10-27,2022-10-21,20000.0,20000.0,130000.0,SKIPPED_INSUFFICIENT_MARGIN
OTM_STRANGLE,OTM_STRANGLE_2022-11-04_2022-11-10,2022-11-04,20000.0,20000.0,130000.0,SKIPPED_INSUFFICIENT_MARGIN
OTM_STRANGLE,OTM_STRANGLE_2022-11-11_2022-11-17,2022-11-11,20000.0,20000.0,130000.0,SKIPPED_INSUFFICIENT_MARGIN
OTM_STRANGLE,OTM_STRANGLE_2022-11-18_2022-11-24,2022-11-18,20000.0,20000.0,130000.0,SKIPPED_INSUFFICIENT_MARGIN
OTM_STRANGLE,OTM_STRANGLE_2022-11-25_2022-12-01,2022-11-25,20000.0,20000.0,130000.0,SKIPPED_INSUFFICIENT_MARGIN
OTM_STRANGLE,OTM_STRANGLE_2022-12-02_2022-12-08,2022-12-02,20000.0,20000.0,130000.0,SKIPPED_INSUFFICIENT_MARGIN
OTM_STRANGLE,OTM_STRANGLE_2022-12-09_2022-12-15,2022-12-09,20000.0,20000.0,130000.0,SKIPPED_INSUFFICIENT_MARGIN
OTM_STRANGLE,OTM_STRANGLE_2022-12-16_2022-12-22,2022-12-16,20000.0,20000.0,130000.0,SKIPPED_INSUFFICIENT_MARGIN
OTM_STRANGLE,OTM_STRANGLE_2022-12-30_2023-01-05,2022-12-30,20000.0,20000.0,130000.0,SKIPPED_INSUFFICIENT_MARGIN
OTM_STRANGLE,OTM_STRANGLE_2023-01-27_2023-02-02,2023-01-27,20000.0,20000.0,130000.0,SKIPPED_INSUFFICIENT_MARGIN
OTM_STRANGLE,OTM_STRANGLE_2023-02-17_2023-02-23,2023-02-17,20000.0,20000.0,130000.0,SKIPPED_INSUFFICIENT_MARGIN
OTM_STRANGLE,OTM_STRANGLE_2023-03-17_2023-03-23,2023-03-17,20000.0,20000.0,130000.0,SKIPPED_INSUFFICIENT_MARGIN
OTM_STRANGLE,OTM_STRANGLE_2023-04-28_2023-05-04,2023-04-28,20000.0,20000.0,130000.0,SKIPPED_INSUFFICIENT_MARGIN
OTM_STRANGLE,OTM_STRANGLE_2023-05-05_2023-05-11,2023-05-05,20000.0,20000.0,130000.0,SKIPPED_INSUFFICIENT_MARGIN
OTM_STRANGLE,OTM_STRANGLE_2023-05-12_2023-05-18,2023-05-12,20000.0,20000.0,130000.0,SKIPPED_INSUFFICIENT_MARGIN
OTM_STRANGLE,OTM_STRANGLE_2023-05-19_2023-05-25,2023-05-19,20000.0,20000.0,130000.0,SKIPPED_INSUFFICIENT_MARGIN
OTM_STRANGLE,OTM_STRANGLE_2023-06-09_2023-06-15,2023-06-09,20000.0,20000.0,130000.0,SKIPPED_INSUFFICIENT_MARGIN
OTM_STRANGLE,OTM_STRANGLE_2023-06-16_2023-06-22,2023-06-16,20000.0,20000.0,130000.0,SKIPPED_INSUFFICIENT_MARGIN
OTM_STRANGLE,OTM_STRANGLE_2023-07-07_2023-07-13,2023-07-07,20000.0,20000.0,130000.0,SKIPPED_INSUFFICIENT_MARGIN
OTM_STRANGLE,OTM_STRANGLE_2023-07-14_2023-07-20,2023-07-14,20000.0,20000.0,130000.0,SKIPPED_INSUFFICIENT_MARGIN
OTM_STRANGLE,OTM_STRANGLE_2023-07-28_2023-08-03,2023-07-28,20000.0,20000.0,130000.0,SKIPPED_INSUFFICIENT_MARGIN
OTM_STRANGLE,OTM_STRANGLE_2023-08-04_2023-08-10,2023-08-04,20000.0,20000.0,130000.0,SKIPPED_INSUFFICIENT_MARGIN
OTM_STRANGLE,OTM_STRANGLE_2023-08-11_2023-08-17,2023-08-11,20000.0,20000.0,130000.0,SKIPPED_INSUFFICIENT_MARGIN
OTM_STRANGLE,OTM_STRANGLE_2023-08-25_2023-08-31,2023-08-25,20000.0,20000.0,130000.0,SKIPPED_INSUFFICIENT_MARGIN
OTM_STRANGLE,OTM_STRANGLE_2023-09-01_2023-09-07,2023-09-01,20000.0,20000.0,130000.0,SKIPPED_INSUFFICIENT_MARGIN
OTM_STRANGLE,OTM_STRANGLE_2023-09-08_2023-09-14,2023-09-08,20000.0,20000.0,130000.0,SKIPPED_INSUFFICIENT_MARGIN
OTM_STRANGLE,OTM_STRANGLE_2023-09-29_2023-10-05,2023-09-29,20000.0,20000.0,130000.0,SKIPPED_INSUFFICIENT_MARGIN
OTM_STRANGLE,OTM_STRANGLE_2023-10-13_2023-10-19,2023-10-13,20000.0,20000.0,130000.0,SKIPPED_INSUFFICIENT_MARGIN
OTM_STRANGLE,OTM_STRANGLE_2023-10-20_2023-10-26,2023-10-20,20000.0,20000.0,130000.0,SKIPPED_INSUFFICIENT_MARGIN
OTM_STRANGLE,OTM_STRANGLE_2023-10-27_2023-11-02,2023-10-27,20000.0,20000.0,130000.0,SKIPPED_INSUFFICIENT_MARGIN
OTM_STRANGLE,OTM_STRANGLE_2023-11-03_2023-11-09,2023-11-03,20000.0,20000.0,130000.0,SKIPPED_INSUFFICIENT_MARGIN
OTM_STRANGLE,OTM_STRANGLE_2023-11-10_2023-11-16,2023-11-10,20000.0,20000.0,130000.0,SKIPPED_INSUFFICIENT_MARGIN
OTM_STRANGLE,OTM_STRANGLE_2023-11-17_2023-11-23,2023-11-17,20000.0,20000.0,130000.0,SKIPPED_INSUFFICIENT_MARGIN
OTM_STRANGLE,OTM_STRANGLE_2023-12-01_2023-12-07,2023-12-01,20000.0,20000.0,130000.0,SKIPPED_INSUFFICIENT_MARGIN
OTM_STRANGLE,OTM_STRANGLE_2023-12-08_2023-12-14,2023-12-08,20000.0,20000.0,130000.0,SKIPPED_INSUFFICIENT_MARGIN
OTM_STRANGLE,OTM_STRANGLE_2023-12-22_2023-12-28,2023-12-22,20000.0,20000.0,130000.0,SKIPPED_INSUFFICIENT_MARGIN
OTM_STRANGLE,OTM_STRANGLE_2023-12-29_2024-01-04,2023-12-29,20000.0,20000.0,130000.0,SKIPPED_INSUFFICIENT_MARGIN
OTM_STRANGLE,OTM_STRANGLE_2024-01-05_2024-01-11,2024-01-05,20000.0,20000.0,130000.0,SKIPPED_INSUFFICIENT_MARGIN
OTM_STRANGLE,OTM_STRANGLE_2024-01-12_2024-01-18,2024-01-12,20000.0,20000.0,130000.0,SKIPPED_INSUFFICIENT_MARGIN
OTM_STRANGLE,OTM_STRANGLE_2024-01-19_2024-01-25,2024-01-19,20000.0,20000.0,130000.0,SKIPPED_INSUFFICIENT_MARGIN
OTM_STRANGLE,OTM_STRANGLE_2024-01-29_2024-02-01,2024-01-29,20000.0,20000.0,130000.0,SKIPPED_INSUFFICIENT_MARGIN
OTM_STRANGLE,OTM_STRANGLE_2024-02-02_2024-02-08,2024-02-02,20000.0,20000.0,130000.0,SKIPPED_INSUFFICIENT_MARGIN
OTM_STRANGLE,OTM_STRANGLE_2024-02-09_2024-02-15,2024-02-09,20000.0,20000.0,130000.0,SKIPPED_INSUFFICIENT_MARGIN
OTM_STRANGLE,OTM_STRANGLE_2024-02-16_2024-02-22,2024-02-16,20000.0,20000.0,130000.0,SKIPPED_INSUFFICIENT_MARGIN
OTM_STRANGLE,OTM_STRANGLE_2024-02-23_2024-02-29,2024-02-23,20000.0,20000.0,130000.0,SKIPPED_INSUFFICIENT_MARGIN
OTM_STRANGLE,OTM_STRANGLE_2024-03-01_2024-03-07,2024-03-01,20000.0,20000.0,130000.0,SKIPPED_INSUFFICIENT_MARGIN
OTM_STRANGLE,OTM_STRANGLE_2024-03-11_2024-03-14,2024-03-11,20000.0,20000.0,130000.0,SKIPPED_INSUFFICIENT_MARGIN
OTM_STRANGLE,OTM_STRANGLE_2024-03-15_2024-03-21,2024-03-15,20000.0,20000.0,130000.0,SKIPPED_INSUFFICIENT_MARGIN
OTM_STRANGLE,OTM_STRANGLE_2024-03-22_2024-03-28,2024-03-22,20000.0,20000.0,130000.0,SKIPPED_INSUFFICIENT_MARGIN
OTM_STRANGLE,OTM_STRANGLE_2024-04-01_2024-04-04,2024-04-01,20000.0,20000.0,130000.0,SKIPPED_INSUFFICIENT_MARGIN
OTM_STRANGLE,OTM_STRANGLE_2024-04-05_2024-04-10,2024-04-05,20000.0,20000.0,130000.0,SKIPPED_INSUFFICIENT_MARGIN
OTM_STRANGLE,OTM_STRANGLE_2024-04-12_2024-04-18,2024-04-12,20000.0,20000.0,130000.0,SKIPPED_INSUFFICIENT_MARGIN
OTM_STRANGLE,OTM_STRANGLE_2024-04-19_2024-04-25,2024-04-19,20000.0,20000.0,130000.0,SKIPPED_INSUFFICIENT_MARGIN
OTM_STRANGLE,OTM_STRANGLE_2024-04-26_2024-05-02,2024-04-26,20000.0,20000.0,130000.0,SKIPPED_INSUFFICIENT_MARGIN
OTM_STRANGLE,OTM_STRANGLE_2024-05-03_2024-05-09,2024-05-03,20000.0,20000.0,130000.0,SKIPPED_INSUFFICIENT_MARGIN
OTM_STRANGLE,OTM_STRANGLE_2024-05-10_2024-05-16,2024-05-10,20000.0,20000.0,130000.0,SKIPPED_INSUFFICIENT_MARGIN
OTM_STRANGLE,OTM_STRANGLE_2024-05-17_2024-05-23,2024-05-17,20000.0,20000.0,130000.0,SKIPPED_INSUFFICIENT_MARGIN
OTM_STRANGLE,OTM_STRANGLE_2024-05-24_2024-05-30,2024-05-24,20000.0,20000.0,130000.0,SKIPPED_INSUFFICIENT_MARGIN
OTM_STRANGLE,OTM_STRANGLE_2024-05-31_2024-06-06,2024-05-31,20000.0,20000.0,130000.0,SKIPPED_INSUFFICIENT_MARGIN
OTM_STRANGLE,OTM_STRANGLE_2024-06-07_2024-06-13,2024-06-07,20000.0,20000.0,130000.0,SKIPPED_INSUFFICIENT_MARGIN
OTM_STRANGLE,OTM_STRANGLE_2024-06-14_2024-06-20,2024-06-14,20000.0,20000.0,130000.0,SKIPPED_INSUFFICIENT_MARGIN
OTM_STRANGLE,OTM_STRANGLE_2024-06-21_2024-06-27,2024-06-21,20000.0,20000.0,130000.0,SKIPPED_INSUFFICIENT_MARGIN
OTM_STRANGLE,OTM_STRANGLE_2024-06-28_2024-07-04,2024-06-28,20000.0,20000.0,130000.0,SKIPPED_INSUFFICIENT_MARGIN
OTM_STRANGLE,OTM_STRANGLE_2024-07-05_2024-07-11,2024-07-05,20000.0,20000.0,130000.0,SKIPPED_INSUFFICIENT_MARGIN
OTM_STRANGLE,OTM_STRANGLE_2024-07-12_2024-07-18,2024-07-12,20000.0,20000.0,130000.0,SKIPPED_INSUFFICIENT_MARGIN
OTM_STRANGLE,OTM_STRANGLE_2024-07-19_2024-07-25,2024-07-19,20000.0,20000.0,130000.0,SKIPPED_INSUFFICIENT_MARGIN
OTM_STRANGLE,OTM_STRANGLE_2024-07-26_2024-08-01,2024-07-26,20000.0,20000.0,130000.0,SKIPPED_INSUFFICIENT_MARGIN
OTM_STRANGLE,OTM_STRANGLE_2024-08-02_2024-08-08,2024-08-02,20000.0,20000.0,130000.0,SKIPPED_INSUFFICIENT_MARGIN
OTM_STRANGLE,OTM_STRANGLE_2024-08-09_2024-08-14,2024-08-09,20000.0,20000.0,130000.0,SKIPPED_INSUFFICIENT_MARGIN
OTM_STRANGLE,OTM_STRANGLE_2024-08-16_2024-08-22,2024-08-16,20000.0,20000.0,130000.0,SKIPPED_INSUFFICIENT_MARGIN
OTM_STRANGLE,OTM_STRANGLE_2024-08-23_2024-08-29,2024-08-23,20000.0,20000.0,130000.0,SKIPPED_INSUFFICIENT_MARGIN
OTM_STRANGLE,OTM_STRANGLE_2024-08-30_2024-09-05,2024-08-30,20000.0,20000.0,130000.0,SKIPPED_INSUFFICIENT_MARGIN
OTM_STRANGLE,OTM_STRANGLE_2024-09-06_2024-09-12,2024-09-06,20000.0,20000.0,130000.0,SKIPPED_INSUFFICIENT_MARGIN
OTM_STRANGLE,OTM_STRANGLE_2024-09-13_2024-09-19,2024-09-13,20000.0,20000.0,130000.0,SKIPPED_INSUFFICIENT_MARGIN
OTM_STRANGLE,OTM_STRANGLE_2024-09-20_2024-09-26,2024-09-20,20000.0,20000.0,130000.0,SKIPPED_INSUFFICIENT_MARGIN
OTM_STRANGLE,OTM_STRANGLE_2024-09-27_2024-10-03,2024-09-27,20000.0,20000.0,130000.0,SKIPPED_INSUFFICIENT_MARGIN
OTM_STRANGLE,OTM_STRANGLE_2024-10-04_2024-10-10,2024-10-04,20000.0,20000.0,130000.0,SKIPPED_INSUFFICIENT_MARGIN
OTM_STRANGLE,OTM_STRANGLE_2024-10-11_2024-10-17,2024-10-11,20000.0,20000.0,130000.0,SKIPPED_INSUFFICIENT_MARGIN
OTM_STRANGLE,OTM_STRANGLE_2024-10-18_2024-10-24,2024-10-18,20000.0,20000.0,130000.0,SKIPPED_INSUFFICIENT_MARGIN
OTM_STRANGLE,OTM_STRANGLE_2024-10-25_2024-10-31,2024-10-25,20000.0,20000.0,130000.0,SKIPPED_INSUFFICIENT_MARGIN
OTM_STRANGLE,OTM_STRANGLE_2024-11-01_2024-11-07,2024-11-01,20000.0,20000.0,130000.0,SKIPPED_INSUFFICIENT_MARGIN
OTM_STRANGLE,OTM_STRANGLE_2024-11-08_2024-11-14,2024-11-08,20000.0,20000.0,130000.0,SKIPPED_INSUFFICIENT_MARGIN
OTM_STRANGLE,OTM_STRANGLE_2024-11-18_2024-11-21,2024-11-18,20000.0,20000.0,130000.0,SKIPPED_INSUFFICIENT_MARGIN
OTM_STRANGLE,OTM_STRANGLE_2024-11-22_2024-11-28,2024-11-22,20000.0,20000.0,130000.0,SKIPPED_INSUFFICIENT_MARGIN
OTM_STRANGLE,OTM_STRANGLE_2024-11-29_2024-12-05,2024-11-29,20000.0,20000.0,130000.0,SKIPPED_INSUFFICIENT_MARGIN
OTM_STRANGLE,OTM_STRANGLE_2024-12-06_2024-12-12,2024-12-06,20000.0,20000.0,130000.0,SKIPPED_INSUFFICIENT_MARGIN
OTM_STRANGLE,OTM_STRANGLE_2024-12-13_2024-12-19,2024-12-13,20000.0,20000.0,130000.0,SKIPPED_INSUFFICIENT_MARGIN
OTM_STRANGLE,OTM_STRANGLE_2024-12-20_2024-12-26,2024-12-20,20000.0,20000.0,130000.0,SKIPPED_INSUFFICIENT_MARGIN
OTM_STRANGLE,OTM_STRANGLE_2024-12-27_2025-01-02,2024-12-27,20000.0,20000.0,130000.0,SKIPPED_INSUFFICIENT_MARGIN
OTM_STRANGLE,OTM_STRANGLE_2025-01-03_2025-01-09,2025-01-03,20000.0,20000.0,130000.0,SKIPPED_INSUFFICIENT_MARGIN
OTM_STRANGLE,OTM_STRANGLE_2025-01-10_2025-01-16,2025-01-10,20000.0,20000.0,130000.0,SKIPPED_INSUFFICIENT_MARGIN
OTM_STRANGLE,OTM_STRANGLE_2025-01-17_2025-01-23,2025-01-17,20000.0,20000.0,130000.0,SKIPPED_INSUFFICIENT_MARGIN
OTM_STRANGLE,OTM_STRANGLE_2025-01-24_2025-01-30,2025-01-24,20000.0,20000.0,130000.0,SKIPPED_INSUFFICIENT_MARGIN
OTM_STRANGLE,OTM_STRANGLE_2025-01-31_2025-02-06,2025-01-31,20000.0,20000.0,130000.0,SKIPPED_INSUFFICIENT_MARGIN
OTM_STRANGLE,OTM_STRANGLE_2025-02-07_2025-02-13,2025-02-07,20000.0,20000.0,130000.0,SKIPPED_INSUFFICIENT_MARGIN
OTM_STRANGLE,OTM_STRANGLE_2025-02-14_2025-02-20,2025-02-14,20000.0,20000.0,130000.0,SKIPPED_INSUFFICIENT_MARGIN
OTM_STRANGLE,OTM_STRANGLE_2025-02-21_2025-02-27,2025-02-21,20000.0,20000.0,130000.0,SKIPPED_INSUFFICIENT_MARGIN
OTM_STRANGLE,OTM_STRANGLE_2025-02-28_2025-03-06,2025-02-28,20000.0,20000.0,130000.0,SKIPPED_INSUFFICIENT_MARGIN
OTM_STRANGLE,OTM_STRANGLE_2025-03-07_2025-03-13,2025-03-07,20000.0,20000.0,130000.0,SKIPPED_INSUFFICIENT_MARGIN
OTM_STRANGLE,OTM_STRANGLE_2025-03-17_2025-03-20,2025-03-17,20000.0,20000.0,130000.0,SKIPPED_INSUFFICIENT_MARGIN
OTM_STRANGLE,OTM_STRANGLE_2025-03-21_2025-03-27,2025-03-21,20000.0,20000.0,130000.0,SKIPPED_INSUFFICIENT_MARGIN
OTM_STRANGLE,OTM_STRANGLE_2025-03-28_2025-04-03,2025-03-28,20000.0,20000.0,130000.0,SKIPPED_INSUFFICIENT_MARGIN
OTM_STRANGLE,OTM_STRANGLE_2025-04-04_2025-04-09,2025-04-04,20000.0,20000.0,130000.0,SKIPPED_INSUFFICIENT_MARGIN
OTM_STRANGLE,OTM_STRANGLE_2025-04-11_2025-04-17,2025-04-11,20000.0,20000.0,130000.0,SKIPPED_INSUFFICIENT_MARGIN
OTM_STRANGLE,OTM_STRANGLE_2025-04-21_2025-04-24,2025-04-21,20000.0,20000.0,130000.0,SKIPPED_INSUFFICIENT_MARGIN
OTM_STRANGLE,OTM_STRANGLE_2025-04-25_2025-04-30,2025-04-25,20000.0,20000.0,130000.0,SKIPPED_INSUFFICIENT_MARGIN
OTM_STRANGLE,OTM_STRANGLE_2025-05-02_2025-05-08,2025-05-02,20000.0,20000.0,130000.0,SKIPPED_INSUFFICIENT_MARGIN
OTM_STRANGLE,OTM_STRANGLE_2025-05-09_2025-05-15,2025-05-09,20000.0,20000.0,130000.0,SKIPPED_INSUFFICIENT_MARGIN
OTM_STRANGLE,OTM_STRANGLE_2025-05-16_2025-05-22,2025-05-16,20000.0,20000.0,130000.0,SKIPPED_INSUFFICIENT_MARGIN
OTM_STRANGLE,OTM_STRANGLE_2025-05-23_2025-05-29,2025-05-23,20000.0,20000.0,130000.0,SKIPPED_INSUFFICIENT_MARGIN
OTM_STRANGLE,OTM_STRANGLE_2025-05-30_2025-06-05,2025-05-30,20000.0,20000.0,130000.0,SKIPPED_INSUFFICIENT_MARGIN
OTM_STRANGLE,OTM_STRANGLE_2025-06-06_2025-06-12,2025-06-06,20000.0,20000.0,130000.0,SKIPPED_INSUFFICIENT_MARGIN
OTM_STRANGLE,OTM_STRANGLE_2025-06-13_2025-06-19,2025-06-13,20000.0,20000.0,130000.0,SKIPPED_INSUFFICIENT_MARGIN
OTM_STRANGLE,OTM_STRANGLE_2025-06-20_2025-06-26,2025-06-20,20000.0,20000.0,130000.0,SKIPPED_INSUFFICIENT_MARGIN
OTM_STRANGLE,OTM_STRANGLE_2025-06-27_2025-07-03,2025-06-27,20000.0,20000.0,130000.0,SKIPPED_INSUFFICIENT_MARGIN
OTM_STRANGLE,OTM_STRANGLE_2025-07-04_2025-07-10,2025-07-04,20000.0,20000.0,130000.0,SKIPPED_INSUFFICIENT_MARGIN
OTM_STRANGLE,OTM_STRANGLE_2025-07-11_2025-07-17,2025-07-11,20000.0,20000.0,130000.0,SKIPPED_INSUFFICIENT_MARGIN
OTM_STRANGLE,OTM_STRANGLE_2025-07-18_2025-07-24,2025-07-18,20000.0,20000.0,130000.0,SKIPPED_INSUFFICIENT_MARGIN
OTM_STRANGLE,OTM_STRANGLE_2025-07-25_2025-07-31,2025-07-25,20000.0,20000.0,130000.0,SKIPPED_INSUFFICIENT_MARGIN
OTM_STRANGLE,OTM_STRANGLE_2025-08-01_2025-08-07,2025-08-01,20000.0,20000.0,130000.0,SKIPPED_INSUFFICIENT_MARGIN
OTM_STRANGLE,OTM_STRANGLE_2025-08-08_2025-08-14,2025-08-08,20000.0,20000.0,130000.0,SKIPPED_INSUFFICIENT_MARGIN
OTM_STRANGLE,OTM_STRANGLE_2025-08-18_2025-08-21,2025-08-18,20000.0,20000.0,130000.0,SKIPPED_INSUFFICIENT_MARGIN
OTM_STRANGLE,OTM_STRANGLE_2025-08-22_2025-08-28,2025-08-22,20000.0,20000.0,130000.0,SKIPPED_INSUFFICIENT_MARGIN
OTM_STRANGLE,OTM_STRANGLE_2025-08-29_2025-09-02,2025-08-29,20000.0,20000.0,130000.0,SKIPPED_INSUFFICIENT_MARGIN
OTM_STRANGLE,OTM_STRANGLE_2025-09-03_2025-09-09,2025-09-03,20000.0,20000.0,130000.0,SKIPPED_INSUFFICIENT_MARGIN
OTM_STRANGLE,OTM_STRANGLE_2025-09-10_2025-09-16,2025-09-10,20000.0,20000.0,130000.0,SKIPPED_INSUFFICIENT_MARGIN
OTM_STRANGLE,OTM_STRANGLE_2025-09-17_2025-09-23,2025-09-17,20000.0,20000.0,130000.0,SKIPPED_INSUFFICIENT_MARGIN
OTM_STRANGLE,OTM_STRANGLE_2025-09-26_2025-09-30,2025-09-26,20000.0,20000.0,130000.0,SKIPPED_INSUFFICIENT_MARGIN
OTM_STRANGLE,OTM_STRANGLE_2025-10-01_2025-10-07,2025-10-01,20000.0,20000.0,130000.0,SKIPPED_INSUFFICIENT_MARGIN
OTM_STRANGLE,OTM_STRANGLE_2025-10-08_2025-10-14,2025-10-08,20000.0,20000.0,130000.0,SKIPPED_INSUFFICIENT_MARGIN
OTM_STRANGLE,OTM_STRANGLE_2025-10-15_2025-10-20,2025-10-15,20000.0,20000.0,130000.0,SKIPPED_INSUFFICIENT_MARGIN
OTM_STRANGLE,OTM_STRANGLE_2025-10-21_2025-10-28,2025-10-21,20000.0,20000.0,130000.0,SKIPPED_INSUFFICIENT_MARGIN
OTM_STRANGLE,OTM_STRANGLE_2025-10-29_2025-11-04,2025-10-29,20000.0,20000.0,130000.0,SKIPPED_INSUFFICIENT_MARGIN
OTM_STRANGLE,OTM_STRANGLE_2025-11-06_2025-11-11,2025-11-06,20000.0,20000.0,130000.0,SKIPPED_INSUFFICIENT_MARGIN
OTM_STRANGLE,OTM_STRANGLE_2025-11-12_2025-11-18,2025-11-12,20000.0,20000.0,130000.0,SKIPPED_INSUFFICIENT_MARGIN
OTM_STRANGLE,OTM_STRANGLE_2025-11-19_2025-11-25,2025-11-19,20000.0,20000.0,130000.0,SKIPPED_INSUFFICIENT_MARGIN
OTM_STRANGLE,OTM_STRANGLE_2025-11-26_2025-12-02,2025-11-26,20000.0,20000.0,130000.0,SKIPPED_INSUFFICIENT_MARGIN
OTM_STRANGLE,OTM_STRANGLE_2025-12-03_2025-12-09,2025-12-03,20000.0,20000.0,130000.0,SKIPPED_INSUFFICIENT_MARGIN
OTM_STRANGLE,OTM_STRANGLE_2025-12-10_2025-12-16,2025-12-10,20000.0,20000.0,130000.0,SKIPPED_INSUFFICIENT_MARGIN
OTM_STRANGLE,OTM_STRANGLE_2025-12-17_2025-12-23,2025-12-17,20000.0,20000.0,130000.0,SKIPPED_INSUFFICIENT_MARGIN
OTM_STRANGLE,OTM_STRANGLE_2025-12-26_2025-12-30,2025-12-26,20000.0,20000.0,130000.0,SKIPPED_INSUFFICIENT_MARGIN
OTM_STRANGLE,OTM_STRANGLE_2025-12-31_2026-01-06,2025-12-31,20000.0,20000.0,130000.0,SKIPPED_INSUFFICIENT_MARGIN
OTM_STRANGLE,OTM_STRANGLE_2026-01-07_2026-01-13,2026-01-07,20000.0,20000.0,130000.0,SKIPPED_INSUFFICIENT_MARGIN
OTM_STRANGLE,OTM_STRANGLE_2026-01-14_2026-01-20,2026-01-14,20000.0,20000.0,130000.0,SKIPPED_INSUFFICIENT_MARGIN
OTM_STRANGLE,OTM_STRANGLE_2026-01-21_2026-01-27,2026-01-21,20000.0,20000.0,130000.0,SKIPPED_INSUFFICIENT_MARGIN
OTM_STRANGLE,OTM_STRANGLE_2026-01-28_2026-02-03,2026-01-28,20000.0,20000.0,130000.0,SKIPPED_INSUFFICIENT_MARGIN
OTM_STRANGLE,OTM_STRANGLE_2026-02-04_2026-02-10,2026-02-04,20000.0,20000.0,130000.0,SKIPPED_INSUFFICIENT_MARGIN
OTM_STRANGLE,OTM_STRANGLE_2026-02-11_2026-02-17,2026-02-11,20000.0,20000.0,130000.0,SKIPPED_INSUFFICIENT_MARGIN
OTM_STRANGLE,OTM_STRANGLE_2026-02-18_2026-02-24,2026-02-18,20000.0,20000.0,130000.0,SKIPPED_INSUFFICIENT_MARGIN
OTM_STRANGLE,OTM_STRANGLE_2026-02-25_2026-03-02,2026-02-25,20000.0,20000.0,130000.0,SKIPPED_INSUFFICIENT_MARGIN
OTM_STRANGLE,OTM_STRANGLE_2026-03-04_2026-03-10,2026-03-04,20000.0,20000.0,130000.0,SKIPPED_INSUFFICIENT_MARGIN
OTM_STRANGLE,OTM_STRANGLE_2026-03-11_2026-03-17,2026-03-11,20000.0,20000.0,130000.0,SKIPPED_INSUFFICIENT_MARGIN
OTM_STRANGLE,OTM_STRANGLE_2026-03-18_2026-03-24,2026-03-18,20000.0,20000.0,130000.0,SKIPPED_INSUFFICIENT_MARGIN
OTM_STRANGLE,OTM_STRANGLE_2026-03-27_2026-03-30,2026-03-27,20000.0,20000.0,130000.0,SKIPPED_INSUFFICIENT_MARGIN
OTM_STRANGLE,OTM_STRANGLE_2026-04-01_2026-04-07,2026-04-01,20000.0,20000.0,130000.0,SKIPPED_INSUFFICIENT_MARGIN
OTM_STRANGLE,OTM_STRANGLE_2026-04-08_2026-04-13,2026-04-08,20000.0,20000.0,130000.0,SKIPPED_INSUFFICIENT_MARGIN
OTM_STRANGLE,OTM_STRANGLE_2026-04-15_2026-04-21,2026-04-15,20000.0,20000.0,130000.0,SKIPPED_INSUFFICIENT_MARGIN
OTM_STRANGLE,OTM_STRANGLE_2026-04-22_2026-04-28,2026-04-22,20000.0,20000.0,130000.0,SKIPPED_INSUFFICIENT_MARGIN
OTM_STRANGLE,OTM_STRANGLE_2026-04-29_2026-05-05,2026-04-29,20000.0,20000.0,130000.0,SKIPPED_INSUFFICIENT_MARGIN
OTM_STRANGLE,OTM_STRANGLE_2026-05-06_2026-05-12,2026-05-06,20000.0,20000.0,130000.0,SKIPPED_INSUFFICIENT_MARGIN
OTM_STRANGLE,OTM_STRANGLE_2026-05-13_2026-05-19,2026-05-13,20000.0,20000.0,130000.0,SKIPPED_INSUFFICIENT_MARGIN
OTM_STRANGLE,OTM_STRANGLE_2026-05-20_2026-05-26,2026-05-20,20000.0,20000.0,130000.0,SKIPPED_INSUFFICIENT_MARGIN
OTM_STRANGLE,OTM_STRANGLE_2026-05-27_2026-06-02,2026-05-27,20000.0,20000.0,130000.0,SKIPPED_INSUFFICIENT_MARGIN
OTM_STRANGLE,OTM_STRANGLE_2026-06-03_2026-06-09,2026-06-03,20000.0,20000.0,130000.0,SKIPPED_INSUFFICIENT_MARGIN
OTM_STRANGLE,OTM_STRANGLE_2026-06-10_2026-06-16,2026-06-10,20000.0,20000.0,130000.0,SKIPPED_INSUFFICIENT_MARGIN
OTM_STRANGLE,OTM_STRANGLE_2026-06-17_2026-06-23,2026-06-17,20000.0,20000.0,130000.0,SKIPPED_INSUFFICIENT_MARGIN
OTM_STRANGLE,OTM_STRANGLE_2026-06-29_2026-06-30,2026-06-29,20000.0,20000.0,130000.0,SKIPPED_INSUFFICIENT_MARGIN
OTM_STRANGLE,OTM_STRANGLE_2026-07-01_2026-07-07,2026-07-01,20000.0,20000.0,130000.0,SKIPPED_INSUFFICIENT_MARGIN
OTM_STRANGLE,OTM_STRANGLE_2026-07-08_2026-07-14,2026-07-08,20000.0,20000.0,130000.0,SKIPPED_INSUFFICIENT_MARGIN
OTM_STRANGLE,OTM_STRANGLE_2026-07-15_2026-07-21,2026-07-15,20000.0,20000.0,130000.0,SKIPPED_INSUFFICIENT_MARGIN
OTM_STRANGLE,OTM_STRANGLE_2026-07-22_2026-07-28,2026-07-22,20000.0,20000.0,130000.0,SKIPPED_INSUFFICIENT_MARGIN
OTM_STRANGLE,OTM_STRANGLE_2026-07-29_2026-08-04,2026-07-29,20000.0,20000.0,130000.0,SKIPPED_INSUFFICIENT_MARGIN
OTM_STRANGLE,OTM_STRANGLE_2026-08-05_2026-08-11,2026-08-05,20000.0,20000.0,130000.0,SKIPPED_INSUFFICIENT_MARGIN
OTM_STRANGLE,OTM_STRANGLE_2026-08-12_2026-08-18,2026-08-12,20000.0,20000.0,130000.0,SKIPPED_INSUFFICIENT_MARGIN
OTM_STRANGLE,OTM_STRANGLE_2026-08-19_2026-08-25,2026-08-19,20000.0,20000.0,130000.0,SKIPPED_INSUFFICIENT_MARGIN
OTM_STRANGLE,OTM_STRANGLE_2026-08-26_2026-09-01,2026-08-26,20000.0,20000.0,130000.0,SKIPPED_INSUFFICIENT_MARGIN
OTM_STRANGLE,OTM_STRANGLE_2026-09-02_2026-09-08,2026-09-02,20000.0,20000.0,130000.0,SKIPPED_INSUFFICIENT_MARGIN
OTM_STRANGLE,OTM_STRANGLE_2026-09-09_2026-09-15,2026-09-09,20000.0,20000.0,130000.0,SKIPPED_INSUFFICIENT_MARGIN
OTM_STRANGLE,OTM_STRANGLE_2020-01-31_2020-02-06,2020-01-31,50000.0,50000.0,130000.0,SKIPPED_INSUFFICIENT_MARGIN
OTM_STRANGLE,OTM_STRANGLE_2020-02-24_2020-02-27,2020-02-24,50000.0,50000.0,130000.0,SKIPPED_INSUFFICIENT_MARGIN
OTM_STRANGLE,OTM_STRANGLE_2020-02-28_2020-03-05,2020-02-28,50000.0,50000.0,130000.0,SKIPPED_INSUFFICIENT_MARGIN
OTM_STRANGLE,OTM_STRANGLE_2020-03-06_2020-03-12,2020-03-06,50000.0,50000.0,130000.0,SKIPPED_INSUFFICIENT_MARGIN
OTM_STRANGLE,OTM_STRANGLE_2020-03-13_2020-03-19,2020-03-13,50000.0,50000.0,130000.0,SKIPPED_INSUFFICIENT_MARGIN
OTM_STRANGLE,OTM_STRANGLE_2020-03-20_2020-03-26,2020-03-20,50000.0,50000.0,130000.0,SKIPPED_INSUFFICIENT_MARGIN
OTM_STRANGLE,OTM_STRANGLE_2020-04-03_2020-04-09,2020-04-03,50000.0,50000.0,130000.0,SKIPPED_INSUFFICIENT_MARGIN
OTM_STRANGLE,OTM_STRANGLE_2020-04-13_2020-04-16,2020-04-13,50000.0,50000.0,130000.0,SKIPPED_INSUFFICIENT_MARGIN
OTM_STRANGLE,OTM_STRANGLE_2020-04-24_2020-04-30,2020-04-24,50000.0,50000.0,130000.0,SKIPPED_INSUFFICIENT_MARGIN
OTM_STRANGLE,OTM_STRANGLE_2020-05-08_2020-05-14,2020-05-08,50000.0,50000.0,130000.0,SKIPPED_INSUFFICIENT_MARGIN
OTM_STRANGLE,OTM_STRANGLE_2020-05-15_2020-05-21,2020-05-15,50000.0,50000.0,130000.0,SKIPPED_INSUFFICIENT_MARGIN
OTM_STRANGLE,OTM_STRANGLE_2020-05-22_2020-05-28,2020-05-22,50000.0,50000.0,130000.0,SKIPPED_INSUFFICIENT_MARGIN
OTM_STRANGLE,OTM_STRANGLE_2020-05-29_2020-06-04,2020-05-29,50000.0,50000.0,130000.0,SKIPPED_INSUFFICIENT_MARGIN
OTM_STRANGLE,OTM_STRANGLE_2020-06-05_2020-06-11,2020-06-05,50000.0,50000.0,130000.0,SKIPPED_INSUFFICIENT_MARGIN
OTM_STRANGLE,OTM_STRANGLE_2020-06-12_2020-06-18,2020-06-12,50000.0,50000.0,130000.0,SKIPPED_INSUFFICIENT_MARGIN
OTM_STRANGLE,OTM_STRANGLE_2020-06-19_2020-06-25,2020-06-19,50000.0,50000.0,130000.0,SKIPPED_INSUFFICIENT_MARGIN
OTM_STRANGLE,OTM_STRANGLE_2020-06-26_2020-07-02,2020-06-26,50000.0,50000.0,130000.0,SKIPPED_INSUFFICIENT_MARGIN
OTM_STRANGLE,OTM_STRANGLE_2020-07-17_2020-07-23,2020-07-17,50000.0,50000.0,130000.0,SKIPPED_INSUFFICIENT_MARGIN
OTM_STRANGLE,OTM_STRANGLE_2020-08-14_2020-08-20,2020-08-14,50000.0,50000.0,130000.0,SKIPPED_INSUFFICIENT_MARGIN
OTM_STRANGLE,OTM_STRANGLE_2020-08-21_2020-08-27,2020-08-21,50000.0,50000.0,130000.0,SKIPPED_INSUFFICIENT_MARGIN
OTM_STRANGLE,OTM_STRANGLE_2020-08-28_2020-09-03,2020-08-28,50000.0,50000.0,130000.0,SKIPPED_INSUFFICIENT_MARGIN
OTM_STRANGLE,OTM_STRANGLE_2020-09-04_2020-09-10,2020-09-04,50000.0,50000.0,130000.0,SKIPPED_INSUFFICIENT_MARGIN
OTM_STRANGLE,OTM_STRANGLE_2020-09-11_2020-09-17,2020-09-11,50000.0,50000.0,130000.0,SKIPPED_INSUFFICIENT_MARGIN
OTM_STRANGLE,OTM_STRANGLE_2020-09-18_2020-09-24,2020-09-18,50000.0,50000.0,130000.0,SKIPPED_INSUFFICIENT_MARGIN
OTM_STRANGLE,OTM_STRANGLE_2020-09-25_2020-10-01,2020-09-25,50000.0,50000.0,130000.0,SKIPPED_INSUFFICIENT_MARGIN
OTM_STRANGLE,OTM_STRANGLE_2020-10-05_2020-10-08,2020-10-05,50000.0,50000.0,130000.0,SKIPPED_INSUFFICIENT_MARGIN
OTM_STRANGLE,OTM_STRANGLE_2020-10-16_2020-10-22,2020-10-16,50000.0,50000.0,130000.0,SKIPPED_INSUFFICIENT_MARGIN
OTM_STRANGLE,OTM_STRANGLE_2020-10-23_2020-10-29,2020-10-23,50000.0,50000.0,130000.0,SKIPPED_INSUFFICIENT_MARGIN
OTM_STRANGLE,OTM_STRANGLE_2020-10-30_2020-11-05,2020-10-30,50000.0,50000.0,130000.0,SKIPPED_INSUFFICIENT_MARGIN
OTM_STRANGLE,OTM_STRANGLE_2020-11-06_2020-11-12,2020-11-06,50000.0,50000.0,130000.0,SKIPPED_INSUFFICIENT_MARGIN
OTM_STRANGLE,OTM_STRANGLE_2020-11-20_2020-11-26,2020-11-20,50000.0,50000.0,130000.0,SKIPPED_INSUFFICIENT_MARGIN
OTM_STRANGLE,OTM_STRANGLE_2020-11-27_2020-12-03,2020-11-27,50000.0,50000.0,130000.0,SKIPPED_INSUFFICIENT_MARGIN
OTM_STRANGLE,OTM_STRANGLE_2020-12-04_2020-12-10,2020-12-04,50000.0,50000.0,130000.0,SKIPPED_INSUFFICIENT_MARGIN
OTM_STRANGLE,OTM_STRANGLE_2020-12-11_2020-12-17,2020-12-11,50000.0,50000.0,130000.0,SKIPPED_INSUFFICIENT_MARGIN
OTM_STRANGLE,OTM_STRANGLE_2020-12-18_2020-12-24,2020-12-18,50000.0,50000.0,130000.0,SKIPPED_INSUFFICIENT_MARGIN
OTM_STRANGLE,OTM_STRANGLE_2021-01-01_2021-01-07,2021-01-01,50000.0,50000.0,130000.0,SKIPPED_INSUFFICIENT_MARGIN
OTM_STRANGLE,OTM_STRANGLE_2021-01-08_2021-01-14,2021-01-08,50000.0,50000.0,130000.0,SKIPPED_INSUFFICIENT_MARGIN
OTM_STRANGLE,OTM_STRANGLE_2021-01-15_2021-01-21,2021-01-15,50000.0,50000.0,130000.0,SKIPPED_INSUFFICIENT_MARGIN
OTM_STRANGLE,OTM_STRANGLE_2021-01-22_2021-01-28,2021-01-22,50000.0,50000.0,130000.0,SKIPPED_INSUFFICIENT_MARGIN
OTM_STRANGLE,OTM_STRANGLE_2021-01-29_2021-02-04,2021-01-29,50000.0,50000.0,130000.0,SKIPPED_INSUFFICIENT_MARGIN
OTM_STRANGLE,OTM_STRANGLE_2021-02-05_2021-02-11,2021-02-05,50000.0,50000.0,130000.0,SKIPPED_INSUFFICIENT_MARGIN
OTM_STRANGLE,OTM_STRANGLE_2021-02-12_2021-02-18,2021-02-12,50000.0,50000.0,130000.0,SKIPPED_INSUFFICIENT_MARGIN
OTM_STRANGLE,OTM_STRANGLE_2021-02-19_2021-02-25,2021-02-19,50000.0,50000.0,130000.0,SKIPPED_INSUFFICIENT_MARGIN
OTM_STRANGLE,OTM_STRANGLE_2021-02-26_2021-03-04,2021-02-26,50000.0,50000.0,130000.0,SKIPPED_INSUFFICIENT_MARGIN
OTM_STRANGLE,OTM_STRANGLE_2021-03-05_2021-03-10,2021-03-05,50000.0,50000.0,130000.0,SKIPPED_INSUFFICIENT_MARGIN
OTM_STRANGLE,OTM_STRANGLE_2021-03-12_2021-03-18,2021-03-12,50000.0,50000.0,130000.0,SKIPPED_INSUFFICIENT_MARGIN
OTM_STRANGLE,OTM_STRANGLE_2021-03-26_2021-04-01,2021-03-26,50000.0,50000.0,130000.0,SKIPPED_INSUFFICIENT_MARGIN
OTM_STRANGLE,OTM_STRANGLE_2021-04-05_2021-04-08,2021-04-05,50000.0,50000.0,130000.0,SKIPPED_INSUFFICIENT_MARGIN
OTM_STRANGLE,OTM_STRANGLE_2021-04-09_2021-04-15,2021-04-09,50000.0,50000.0,130000.0,SKIPPED_INSUFFICIENT_MARGIN
OTM_STRANGLE,OTM_STRANGLE_2021-04-16_2021-04-22,2021-04-16,50000.0,50000.0,130000.0,SKIPPED_INSUFFICIENT_MARGIN
OTM_STRANGLE,OTM_STRANGLE_2021-04-23_2021-04-29,2021-04-23,50000.0,50000.0,130000.0,SKIPPED_INSUFFICIENT_MARGIN
OTM_STRANGLE,OTM_STRANGLE_2021-04-30_2021-05-06,2021-04-30,50000.0,50000.0,130000.0,SKIPPED_INSUFFICIENT_MARGIN
OTM_STRANGLE,OTM_STRANGLE_2021-05-07_2021-05-12,2021-05-07,50000.0,50000.0,130000.0,SKIPPED_INSUFFICIENT_MARGIN
OTM_STRANGLE,OTM_STRANGLE_2021-05-14_2021-05-20,2021-05-14,50000.0,50000.0,130000.0,SKIPPED_INSUFFICIENT_MARGIN
OTM_STRANGLE,OTM_STRANGLE_2021-05-21_2021-05-27,2021-05-21,50000.0,50000.0,130000.0,SKIPPED_INSUFFICIENT_MARGIN
OTM_STRANGLE,OTM_STRANGLE_2021-05-28_2021-06-03,2021-05-28,50000.0,50000.0,130000.0,SKIPPED_INSUFFICIENT_MARGIN
OTM_STRANGLE,OTM_STRANGLE_2021-06-04_2021-06-10,2021-06-04,50000.0,50000.0,130000.0,SKIPPED_INSUFFICIENT_MARGIN
OTM_STRANGLE,OTM_STRANGLE_2021-06-11_2021-06-17,2021-06-11,50000.0,50000.0,130000.0,SKIPPED_INSUFFICIENT_MARGIN
OTM_STRANGLE,OTM_STRANGLE_2021-06-18_2021-06-24,2021-06-18,50000.0,50000.0,130000.0,SKIPPED_INSUFFICIENT_MARGIN
OTM_STRANGLE,OTM_STRANGLE_2021-06-25_2021-07-01,2021-06-25,50000.0,50000.0,130000.0,SKIPPED_INSUFFICIENT_MARGIN
OTM_STRANGLE,OTM_STRANGLE_2021-07-02_2021-07-08,2021-07-02,50000.0,50000.0,130000.0,SKIPPED_INSUFFICIENT_MARGIN
OTM_STRANGLE,OTM_STRANGLE_2021-07-09_2021-07-15,2021-07-09,50000.0,50000.0,130000.0,SKIPPED_INSUFFICIENT_MARGIN
OTM_STRANGLE,OTM_STRANGLE_2021-07-16_2021-07-22,2021-07-16,50000.0,50000.0,130000.0,SKIPPED_INSUFFICIENT_MARGIN
OTM_STRANGLE,OTM_STRANGLE_2021-07-23_2021-07-29,2021-07-23,50000.0,50000.0,130000.0,SKIPPED_INSUFFICIENT_MARGIN
OTM_STRANGLE,OTM_STRANGLE_2021-08-20_2021-08-26,2021-08-20,50000.0,50000.0,130000.0,SKIPPED_INSUFFICIENT_MARGIN
OTM_STRANGLE,OTM_STRANGLE_2021-08-27_2021-09-02,2021-08-27,50000.0,50000.0,130000.0,SKIPPED_INSUFFICIENT_MARGIN
OTM_STRANGLE,OTM_STRANGLE_2021-09-03_2021-09-09,2021-09-03,50000.0,50000.0,130000.0,SKIPPED_INSUFFICIENT_MARGIN
OTM_STRANGLE,OTM_STRANGLE_2021-09-13_2021-09-16,2021-09-13,50000.0,50000.0,130000.0,SKIPPED_INSUFFICIENT_MARGIN
OTM_STRANGLE,OTM_STRANGLE_2021-09-17_2021-09-23,2021-09-17,50000.0,50000.0,130000.0,SKIPPED_INSUFFICIENT_MARGIN
OTM_STRANGLE,OTM_STRANGLE_2021-09-24_2021-09-30,2021-09-24,50000.0,50000.0,130000.0,SKIPPED_INSUFFICIENT_MARGIN
OTM_STRANGLE,OTM_STRANGLE_2021-10-01_2021-10-07,2021-10-01,50000.0,50000.0,130000.0,SKIPPED_INSUFFICIENT_MARGIN
OTM_STRANGLE,OTM_STRANGLE_2021-10-08_2021-10-14,2021-10-08,50000.0,50000.0,130000.0,SKIPPED_INSUFFICIENT_MARGIN
OTM_STRANGLE,OTM_STRANGLE_2021-10-18_2021-10-21,2021-10-18,50000.0,50000.0,130000.0,SKIPPED_INSUFFICIENT_MARGIN
OTM_STRANGLE,OTM_STRANGLE_2021-10-22_2021-10-28,2021-10-22,50000.0,50000.0,130000.0,SKIPPED_INSUFFICIENT_MARGIN
OTM_STRANGLE,OTM_STRANGLE_2021-10-29_2021-11-03,2021-10-29,50000.0,50000.0,130000.0,SKIPPED_INSUFFICIENT_MARGIN
OTM_STRANGLE,OTM_STRANGLE_2021-11-04_2021-11-11,2021-11-04,50000.0,50000.0,130000.0,SKIPPED_INSUFFICIENT_MARGIN
OTM_STRANGLE,OTM_STRANGLE_2021-11-12_2021-11-18,2021-11-12,50000.0,50000.0,130000.0,SKIPPED_INSUFFICIENT_MARGIN
OTM_STRANGLE,OTM_STRANGLE_2021-11-22_2021-11-25,2021-11-22,50000.0,50000.0,130000.0,SKIPPED_INSUFFICIENT_MARGIN
OTM_STRANGLE,OTM_STRANGLE_2021-12-03_2021-12-09,2021-12-03,50000.0,50000.0,130000.0,SKIPPED_INSUFFICIENT_MARGIN
OTM_STRANGLE,OTM_STRANGLE_2021-12-10_2021-12-16,2021-12-10,50000.0,50000.0,130000.0,SKIPPED_INSUFFICIENT_MARGIN
OTM_STRANGLE,OTM_STRANGLE_2021-12-17_2021-12-23,2021-12-17,50000.0,50000.0,130000.0,SKIPPED_INSUFFICIENT_MARGIN
OTM_STRANGLE,OTM_STRANGLE_2021-12-24_2021-12-30,2021-12-24,50000.0,50000.0,130000.0,SKIPPED_INSUFFICIENT_MARGIN
OTM_STRANGLE,OTM_STRANGLE_2021-12-31_2022-01-06,2021-12-31,50000.0,50000.0,130000.0,SKIPPED_INSUFFICIENT_MARGIN
OTM_STRANGLE,OTM_STRANGLE_2022-01-07_2022-01-13,2022-01-07,50000.0,50000.0,130000.0,SKIPPED_INSUFFICIENT_MARGIN
OTM_STRANGLE,OTM_STRANGLE_2022-01-21_2022-01-27,2022-01-21,50000.0,50000.0,130000.0,SKIPPED_INSUFFICIENT_MARGIN
OTM_STRANGLE,OTM_STRANGLE_2022-01-28_2022-02-03,2022-01-28,50000.0,50000.0,130000.0,SKIPPED_INSUFFICIENT_MARGIN
OTM_STRANGLE,OTM_STRANGLE_2022-02-04_2022-02-10,2022-02-04,50000.0,50000.0,130000.0,SKIPPED_INSUFFICIENT_MARGIN
OTM_STRANGLE,OTM_STRANGLE_2022-02-11_2022-02-17,2022-02-11,50000.0,50000.0,130000.0,SKIPPED_INSUFFICIENT_MARGIN
OTM_STRANGLE,OTM_STRANGLE_2022-02-18_2022-02-24,2022-02-18,50000.0,50000.0,130000.0,SKIPPED_INSUFFICIENT_MARGIN
OTM_STRANGLE,OTM_STRANGLE_2022-02-25_2022-03-03,2022-02-25,50000.0,50000.0,130000.0,SKIPPED_INSUFFICIENT_MARGIN
OTM_STRANGLE,OTM_STRANGLE_2022-03-04_2022-03-10,2022-03-04,50000.0,50000.0,130000.0,SKIPPED_INSUFFICIENT_MARGIN
OTM_STRANGLE,OTM_STRANGLE_2022-03-11_2022-03-17,2022-03-11,50000.0,50000.0,130000.0,SKIPPED_INSUFFICIENT_MARGIN
OTM_STRANGLE,OTM_STRANGLE_2022-03-21_2022-03-24,2022-03-21,50000.0,50000.0,130000.0,SKIPPED_INSUFFICIENT_MARGIN
OTM_STRANGLE,OTM_STRANGLE_2022-03-25_2022-03-31,2022-03-25,50000.0,50000.0,130000.0,SKIPPED_INSUFFICIENT_MARGIN
OTM_STRANGLE,OTM_STRANGLE_2022-04-01_2022-04-07,2022-04-01,50000.0,50000.0,130000.0,SKIPPED_INSUFFICIENT_MARGIN
OTM_STRANGLE,OTM_STRANGLE_2022-04-08_2022-04-13,2022-04-08,50000.0,50000.0,130000.0,SKIPPED_INSUFFICIENT_MARGIN
OTM_STRANGLE,OTM_STRANGLE_2022-04-18_2022-04-21,2022-04-18,50000.0,50000.0,130000.0,SKIPPED_INSUFFICIENT_MARGIN
OTM_STRANGLE,OTM_STRANGLE_2022-04-29_2022-05-05,2022-04-29,50000.0,50000.0,130000.0,SKIPPED_INSUFFICIENT_MARGIN
OTM_STRANGLE,OTM_STRANGLE_2022-05-06_2022-05-12,2022-05-06,50000.0,50000.0,130000.0,SKIPPED_INSUFFICIENT_MARGIN
OTM_STRANGLE,OTM_STRANGLE_2022-05-20_2022-05-26,2022-05-20,50000.0,50000.0,130000.0,SKIPPED_INSUFFICIENT_MARGIN
OTM_STRANGLE,OTM_STRANGLE_2022-05-27_2022-06-02,2022-05-27,50000.0,50000.0,130000.0,SKIPPED_INSUFFICIENT_MARGIN
OTM_STRANGLE,OTM_STRANGLE_2022-06-03_2022-06-09,2022-06-03,50000.0,50000.0,130000.0,SKIPPED_INSUFFICIENT_MARGIN
OTM_STRANGLE,OTM_STRANGLE_2022-06-10_2022-06-16,2022-06-10,50000.0,50000.0,130000.0,SKIPPED_INSUFFICIENT_MARGIN
OTM_STRANGLE,OTM_STRANGLE_2022-06-17_2022-06-23,2022-06-17,50000.0,50000.0,130000.0,SKIPPED_INSUFFICIENT_MARGIN
OTM_STRANGLE,OTM_STRANGLE_2022-06-24_2022-06-30,2022-06-24,50000.0,50000.0,130000.0,SKIPPED_INSUFFICIENT_MARGIN
OTM_STRANGLE,OTM_STRANGLE_2022-07-08_2022-07-14,2022-07-08,50000.0,50000.0,130000.0,SKIPPED_INSUFFICIENT_MARGIN
OTM_STRANGLE,OTM_STRANGLE_2022-07-22_2022-07-28,2022-07-22,50000.0,50000.0,130000.0,SKIPPED_INSUFFICIENT_MARGIN
OTM_STRANGLE,OTM_STRANGLE_2022-08-05_2022-08-11,2022-08-05,50000.0,50000.0,130000.0,SKIPPED_INSUFFICIENT_MARGIN
OTM_STRANGLE,OTM_STRANGLE_2022-08-19_2022-08-25,2022-08-19,50000.0,50000.0,130000.0,SKIPPED_INSUFFICIENT_MARGIN
OTM_STRANGLE,OTM_STRANGLE_2022-08-26_2022-09-01,2022-08-26,50000.0,50000.0,130000.0,SKIPPED_INSUFFICIENT_MARGIN
OTM_STRANGLE,OTM_STRANGLE_2022-09-09_2022-09-15,2022-09-09,50000.0,50000.0,130000.0,SKIPPED_INSUFFICIENT_MARGIN
OTM_STRANGLE,OTM_STRANGLE_2022-09-16_2022-09-22,2022-09-16,50000.0,50000.0,130000.0,SKIPPED_INSUFFICIENT_MARGIN
OTM_STRANGLE,OTM_STRANGLE_2022-09-30_2022-10-06,2022-09-30,50000.0,50000.0,130000.0,SKIPPED_INSUFFICIENT_MARGIN
OTM_STRANGLE,OTM_STRANGLE_2022-10-14_2022-10-20,2022-10-14,50000.0,50000.0,130000.0,SKIPPED_INSUFFICIENT_MARGIN
OTM_STRANGLE,OTM_STRANGLE_2022-10-21_2022-10-27,2022-10-21,50000.0,50000.0,130000.0,SKIPPED_INSUFFICIENT_MARGIN
OTM_STRANGLE,OTM_STRANGLE_2022-11-04_2022-11-10,2022-11-04,50000.0,50000.0,130000.0,SKIPPED_INSUFFICIENT_MARGIN
OTM_STRANGLE,OTM_STRANGLE_2022-11-11_2022-11-17,2022-11-11,50000.0,50000.0,130000.0,SKIPPED_INSUFFICIENT_MARGIN
OTM_STRANGLE,OTM_STRANGLE_2022-11-18_2022-11-24,2022-11-18,50000.0,50000.0,130000.0,SKIPPED_INSUFFICIENT_MARGIN
OTM_STRANGLE,OTM_STRANGLE_2022-11-25_2022-12-01,2022-11-25,50000.0,50000.0,130000.0,SKIPPED_INSUFFICIENT_MARGIN
OTM_STRANGLE,OTM_STRANGLE_2022-12-02_2022-12-08,2022-12-02,50000.0,50000.0,130000.0,SKIPPED_INSUFFICIENT_MARGIN
OTM_STRANGLE,OTM_STRANGLE_2022-12-09_2022-12-15,2022-12-09,50000.0,50000.0,130000.0,SKIPPED_INSUFFICIENT_MARGIN
OTM_STRANGLE,OTM_STRANGLE_2022-12-16_2022-12-22,2022-12-16,50000.0,50000.0,130000.0,SKIPPED_INSUFFICIENT_MARGIN
OTM_STRANGLE,OTM_STRANGLE_2022-12-30_2023-01-05,2022-12-30,50000.0,50000.0,130000.0,SKIPPED_INSUFFICIENT_MARGIN
OTM_STRANGLE,OTM_STRANGLE_2023-01-27_2023-02-02,2023-01-27,50000.0,50000.0,130000.0,SKIPPED_INSUFFICIENT_MARGIN
OTM_STRANGLE,OTM_STRANGLE_2023-02-17_2023-02-23,2023-02-17,50000.0,50000.0,130000.0,SKIPPED_INSUFFICIENT_MARGIN
OTM_STRANGLE,OTM_STRANGLE_2023-03-17_2023-03-23,2023-03-17,50000.0,50000.0,130000.0,SKIPPED_INSUFFICIENT_MARGIN
OTM_STRANGLE,OTM_STRANGLE_2023-04-28_2023-05-04,2023-04-28,50000.0,50000.0,130000.0,SKIPPED_INSUFFICIENT_MARGIN
OTM_STRANGLE,OTM_STRANGLE_2023-05-05_2023-05-11,2023-05-05,50000.0,50000.0,130000.0,SKIPPED_INSUFFICIENT_MARGIN
OTM_STRANGLE,OTM_STRANGLE_2023-05-12_2023-05-18,2023-05-12,50000.0,50000.0,130000.0,SKIPPED_INSUFFICIENT_MARGIN
OTM_STRANGLE,OTM_STRANGLE_2023-05-19_2023-05-25,2023-05-19,50000.0,50000.0,130000.0,SKIPPED_INSUFFICIENT_MARGIN
OTM_STRANGLE,OTM_STRANGLE_2023-06-09_2023-06-15,2023-06-09,50000.0,50000.0,130000.0,SKIPPED_INSUFFICIENT_MARGIN
OTM_STRANGLE,OTM_STRANGLE_2023-06-16_2023-06-22,2023-06-16,50000.0,50000.0,130000.0,SKIPPED_INSUFFICIENT_MARGIN
OTM_STRANGLE,OTM_STRANGLE_2023-07-07_2023-07-13,2023-07-07,50000.0,50000.0,130000.0,SKIPPED_INSUFFICIENT_MARGIN
OTM_STRANGLE,OTM_STRANGLE_2023-07-14_2023-07-20,2023-07-14,50000.0,50000.0,130000.0,SKIPPED_INSUFFICIENT_MARGIN
OTM_STRANGLE,OTM_STRANGLE_2023-07-28_2023-08-03,2023-07-28,50000.0,50000.0,130000.0,SKIPPED_INSUFFICIENT_MARGIN
OTM_STRANGLE,OTM_STRANGLE_2023-08-04_2023-08-10,2023-08-04,50000.0,50000.0,130000.0,SKIPPED_INSUFFICIENT_MARGIN
OTM_STRANGLE,OTM_STRANGLE_2023-08-11_2023-08-17,2023-08-11,50000.0,50000.0,130000.0,SKIPPED_INSUFFICIENT_MARGIN
OTM_STRANGLE,OTM_STRANGLE_2023-08-25_2023-08-31,2023-08-25,50000.0,50000.0,130000.0,SKIPPED_INSUFFICIENT_MARGIN
OTM_STRANGLE,OTM_STRANGLE_2023-09-01_2023-09-07,2023-09-01,50000.0,50000.0,130000.0,SKIPPED_INSUFFICIENT_MARGIN
OTM_STRANGLE,OTM_STRANGLE_2023-09-08_2023-09-14,2023-09-08,50000.0,50000.0,130000.0,SKIPPED_INSUFFICIENT_MARGIN
OTM_STRANGLE,OTM_STRANGLE_2023-09-29_2023-10-05,2023-09-29,50000.0,50000.0,130000.0,SKIPPED_INSUFFICIENT_MARGIN
OTM_STRANGLE,OTM_STRANGLE_2023-10-13_2023-10-19,2023-10-13,50000.0,50000.0,130000.0,SKIPPED_INSUFFICIENT_MARGIN
OTM_STRANGLE,OTM_STRANGLE_2023-10-20_2023-10-26,2023-10-20,50000.0,50000.0,130000.0,SKIPPED_INSUFFICIENT_MARGIN
OTM_STRANGLE,OTM_STRANGLE_2023-10-27_2023-11-02,2023-10-27,50000.0,50000.0,130000.0,SKIPPED_INSUFFICIENT_MARGIN
OTM_STRANGLE,OTM_STRANGLE_2023-11-03_2023-11-09,2023-11-03,50000.0,50000.0,130000.0,SKIPPED_INSUFFICIENT_MARGIN
OTM_STRANGLE,OTM_STRANGLE_2023-11-10_2023-11-16,2023-11-10,50000.0,50000.0,130000.0,SKIPPED_INSUFFICIENT_MARGIN
OTM_STRANGLE,OTM_STRANGLE_2023-11-17_2023-11-23,2023-11-17,50000.0,50000.0,130000.0,SKIPPED_INSUFFICIENT_MARGIN
OTM_STRANGLE,OTM_STRANGLE_2023-12-01_2023-12-07,2023-12-01,50000.0,50000.0,130000.0,SKIPPED_INSUFFICIENT_MARGIN
OTM_STRANGLE,OTM_STRANGLE_2023-12-08_2023-12-14,2023-12-08,50000.0,50000.0,130000.0,SKIPPED_INSUFFICIENT_MARGIN
OTM_STRANGLE,OTM_STRANGLE_2023-12-22_2023-12-28,2023-12-22,50000.0,50000.0,130000.0,SKIPPED_INSUFFICIENT_MARGIN
OTM_STRANGLE,OTM_STRANGLE_2023-12-29_2024-01-04,2023-12-29,50000.0,50000.0,130000.0,SKIPPED_INSUFFICIENT_MARGIN
OTM_STRANGLE,OTM_STRANGLE_2024-01-05_2024-01-11,2024-01-05,50000.0,50000.0,130000.0,SKIPPED_INSUFFICIENT_MARGIN
OTM_STRANGLE,OTM_STRANGLE_2024-01-12_2024-01-18,2024-01-12,50000.0,50000.0,130000.0,SKIPPED_INSUFFICIENT_MARGIN
OTM_STRANGLE,OTM_STRANGLE_2024-01-19_2024-01-25,2024-01-19,50000.0,50000.0,130000.0,SKIPPED_INSUFFICIENT_MARGIN
OTM_STRANGLE,OTM_STRANGLE_2024-01-29_2024-02-01,2024-01-29,50000.0,50000.0,130000.0,SKIPPED_INSUFFICIENT_MARGIN
OTM_STRANGLE,OTM_STRANGLE_2024-02-02_2024-02-08,2024-02-02,50000.0,50000.0,130000.0,SKIPPED_INSUFFICIENT_MARGIN
OTM_STRANGLE,OTM_STRANGLE_2024-02-09_2024-02-15,2024-02-09,50000.0,50000.0,130000.0,SKIPPED_INSUFFICIENT_MARGIN
OTM_STRANGLE,OTM_STRANGLE_2024-02-16_2024-02-22,2024-02-16,50000.0,50000.0,130000.0,SKIPPED_INSUFFICIENT_MARGIN
OTM_STRANGLE,OTM_STRANGLE_2024-02-23_2024-02-29,2024-02-23,50000.0,50000.0,130000.0,SKIPPED_INSUFFICIENT_MARGIN
OTM_STRANGLE,OTM_STRANGLE_2024-03-01_2024-03-07,2024-03-01,50000.0,50000.0,130000.0,SKIPPED_INSUFFICIENT_MARGIN
OTM_STRANGLE,OTM_STRANGLE_2024-03-11_2024-03-14,2024-03-11,50000.0,50000.0,130000.0,SKIPPED_INSUFFICIENT_MARGIN
OTM_STRANGLE,OTM_STRANGLE_2024-03-15_2024-03-21,2024-03-15,50000.0,50000.0,130000.0,SKIPPED_INSUFFICIENT_MARGIN
OTM_STRANGLE,OTM_STRANGLE_2024-03-22_2024-03-28,2024-03-22,50000.0,50000.0,130000.0,SKIPPED_INSUFFICIENT_MARGIN
OTM_STRANGLE,OTM_STRANGLE_2024-04-01_2024-04-04,2024-04-01,50000.0,50000.0,130000.0,SKIPPED_INSUFFICIENT_MARGIN
OTM_STRANGLE,OTM_STRANGLE_2024-04-05_2024-04-10,2024-04-05,50000.0,50000.0,130000.0,SKIPPED_INSUFFICIENT_MARGIN
OTM_STRANGLE,OTM_STRANGLE_2024-04-12_2024-04-18,2024-04-12,50000.0,50000.0,130000.0,SKIPPED_INSUFFICIENT_MARGIN
OTM_STRANGLE,OTM_STRANGLE_2024-04-19_2024-04-25,2024-04-19,50000.0,50000.0,130000.0,SKIPPED_INSUFFICIENT_MARGIN
OTM_STRANGLE,OTM_STRANGLE_2024-04-26_2024-05-02,2024-04-26,50000.0,50000.0,130000.0,SKIPPED_INSUFFICIENT_MARGIN
OTM_STRANGLE,OTM_STRANGLE_2024-05-03_2024-05-09,2024-05-03,50000.0,50000.0,130000.0,SKIPPED_INSUFFICIENT_MARGIN
OTM_STRANGLE,OTM_STRANGLE_2024-05-10_2024-05-16,2024-05-10,50000.0,50000.0,130000.0,SKIPPED_INSUFFICIENT_MARGIN
OTM_STRANGLE,OTM_STRANGLE_2024-05-17_2024-05-23,2024-05-17,50000.0,50000.0,130000.0,SKIPPED_INSUFFICIENT_MARGIN
OTM_STRANGLE,OTM_STRANGLE_2024-05-24_2024-05-30,2024-05-24,50000.0,50000.0,130000.0,SKIPPED_INSUFFICIENT_MARGIN
OTM_STRANGLE,OTM_STRANGLE_2024-05-31_2024-06-06,2024-05-31,50000.0,50000.0,130000.0,SKIPPED_INSUFFICIENT_MARGIN
OTM_STRANGLE,OTM_STRANGLE_2024-06-07_2024-06-13,2024-06-07,50000.0,50000.0,130000.0,SKIPPED_INSUFFICIENT_MARGIN
OTM_STRANGLE,OTM_STRANGLE_2024-06-14_2024-06-20,2024-06-14,50000.0,50000.0,130000.0,SKIPPED_INSUFFICIENT_MARGIN
OTM_STRANGLE,OTM_STRANGLE_2024-06-21_2024-06-27,2024-06-21,50000.0,50000.0,130000.0,SKIPPED_INSUFFICIENT_MARGIN
OTM_STRANGLE,OTM_STRANGLE_2024-06-28_2024-07-04,2024-06-28,50000.0,50000.0,130000.0,SKIPPED_INSUFFICIENT_MARGIN
OTM_STRANGLE,OTM_STRANGLE_2024-07-05_2024-07-11,2024-07-05,50000.0,50000.0,130000.0,SKIPPED_INSUFFICIENT_MARGIN
OTM_STRANGLE,OTM_STRANGLE_2024-07-12_2024-07-18,2024-07-12,50000.0,50000.0,130000.0,SKIPPED_INSUFFICIENT_MARGIN
OTM_STRANGLE,OTM_STRANGLE_2024-07-19_2024-07-25,2024-07-19,50000.0,50000.0,130000.0,SKIPPED_INSUFFICIENT_MARGIN
OTM_STRANGLE,OTM_STRANGLE_2024-07-26_2024-08-01,2024-07-26,50000.0,50000.0,130000.0,SKIPPED_INSUFFICIENT_MARGIN
OTM_STRANGLE,OTM_STRANGLE_2024-08-02_2024-08-08,2024-08-02,50000.0,50000.0,130000.0,SKIPPED_INSUFFICIENT_MARGIN
OTM_STRANGLE,OTM_STRANGLE_2024-08-09_2024-08-14,2024-08-09,50000.0,50000.0,130000.0,SKIPPED_INSUFFICIENT_MARGIN
OTM_STRANGLE,OTM_STRANGLE_2024-08-16_2024-08-22,2024-08-16,50000.0,50000.0,130000.0,SKIPPED_INSUFFICIENT_MARGIN
OTM_STRANGLE,OTM_STRANGLE_2024-08-23_2024-08-29,2024-08-23,50000.0,50000.0,130000.0,SKIPPED_INSUFFICIENT_MARGIN
OTM_STRANGLE,OTM_STRANGLE_2024-08-30_2024-09-05,2024-08-30,50000.0,50000.0,130000.0,SKIPPED_INSUFFICIENT_MARGIN
OTM_STRANGLE,OTM_STRANGLE_2024-09-06_2024-09-12,2024-09-06,50000.0,50000.0,130000.0,SKIPPED_INSUFFICIENT_MARGIN
OTM_STRANGLE,OTM_STRANGLE_2024-09-13_2024-09-19,2024-09-13,50000.0,50000.0,130000.0,SKIPPED_INSUFFICIENT_MARGIN
OTM_STRANGLE,OTM_STRANGLE_2024-09-20_2024-09-26,2024-09-20,50000.0,50000.0,130000.0,SKIPPED_INSUFFICIENT_MARGIN
OTM_STRANGLE,OTM_STRANGLE_2024-09-27_2024-10-03,2024-09-27,50000.0,50000.0,130000.0,SKIPPED_INSUFFICIENT_MARGIN
OTM_STRANGLE,OTM_STRANGLE_2024-10-04_2024-10-10,2024-10-04,50000.0,50000.0,130000.0,SKIPPED_INSUFFICIENT_MARGIN
OTM_STRANGLE,OTM_STRANGLE_2024-10-11_2024-10-17,2024-10-11,50000.0,50000.0,130000.0,SKIPPED_INSUFFICIENT_MARGIN
OTM_STRANGLE,OTM_STRANGLE_2024-10-18_2024-10-24,2024-10-18,50000.0,50000.0,130000.0,SKIPPED_INSUFFICIENT_MARGIN
OTM_STRANGLE,OTM_STRANGLE_2024-10-25_2024-10-31,2024-10-25,50000.0,50000.0,130000.0,SKIPPED_INSUFFICIENT_MARGIN
OTM_STRANGLE,OTM_STRANGLE_2024-11-01_2024-11-07,2024-11-01,50000.0,50000.0,130000.0,SKIPPED_INSUFFICIENT_MARGIN
OTM_STRANGLE,OTM_STRANGLE_2024-11-08_2024-11-14,2024-11-08,50000.0,50000.0,130000.0,SKIPPED_INSUFFICIENT_MARGIN
OTM_STRANGLE,OTM_STRANGLE_2024-11-18_2024-11-21,2024-11-18,50000.0,50000.0,130000.0,SKIPPED_INSUFFICIENT_MARGIN
OTM_STRANGLE,OTM_STRANGLE_2024-11-22_2024-11-28,2024-11-22,50000.0,50000.0,130000.0,SKIPPED_INSUFFICIENT_MARGIN
OTM_STRANGLE,OTM_STRANGLE_2024-11-29_2024-12-05,2024-11-29,50000.0,50000.0,130000.0,SKIPPED_INSUFFICIENT_MARGIN
OTM_STRANGLE,OTM_STRANGLE_2024-12-06_2024-12-12,2024-12-06,50000.0,50000.0,130000.0,SKIPPED_INSUFFICIENT_MARGIN
OTM_STRANGLE,OTM_STRANGLE_2024-12-13_2024-12-19,2024-12-13,50000.0,50000.0,130000.0,SKIPPED_INSUFFICIENT_MARGIN
OTM_STRANGLE,OTM_STRANGLE_2024-12-20_2024-12-26,2024-12-20,50000.0,50000.0,130000.0,SKIPPED_INSUFFICIENT_MARGIN
OTM_STRANGLE,OTM_STRANGLE_2024-12-27_2025-01-02,2024-12-27,50000.0,50000.0,130000.0,SKIPPED_INSUFFICIENT_MARGIN
OTM_STRANGLE,OTM_STRANGLE_2025-01-03_2025-01-09,2025-01-03,50000.0,50000.0,130000.0,SKIPPED_INSUFFICIENT_MARGIN
OTM_STRANGLE,OTM_STRANGLE_2025-01-10_2025-01-16,2025-01-10,50000.0,50000.0,130000.0,SKIPPED_INSUFFICIENT_MARGIN
OTM_STRANGLE,OTM_STRANGLE_2025-01-17_2025-01-23,2025-01-17,50000.0,50000.0,130000.0,SKIPPED_INSUFFICIENT_MARGIN
OTM_STRANGLE,OTM_STRANGLE_2025-01-24_2025-01-30,2025-01-24,50000.0,50000.0,130000.0,SKIPPED_INSUFFICIENT_MARGIN
OTM_STRANGLE,OTM_STRANGLE_2025-01-31_2025-02-06,2025-01-31,50000.0,50000.0,130000.0,SKIPPED_INSUFFICIENT_MARGIN
OTM_STRANGLE,OTM_STRANGLE_2025-02-07_2025-02-13,2025-02-07,50000.0,50000.0,130000.0,SKIPPED_INSUFFICIENT_MARGIN
OTM_STRANGLE,OTM_STRANGLE_2025-02-14_2025-02-20,2025-02-14,50000.0,50000.0,130000.0,SKIPPED_INSUFFICIENT_MARGIN
OTM_STRANGLE,OTM_STRANGLE_2025-02-21_2025-02-27,2025-02-21,50000.0,50000.0,130000.0,SKIPPED_INSUFFICIENT_MARGIN
OTM_STRANGLE,OTM_STRANGLE_2025-02-28_2025-03-06,2025-02-28,50000.0,50000.0,130000.0,SKIPPED_INSUFFICIENT_MARGIN
OTM_STRANGLE,OTM_STRANGLE_2025-03-07_2025-03-13,2025-03-07,50000.0,50000.0,130000.0,SKIPPED_INSUFFICIENT_MARGIN
OTM_STRANGLE,OTM_STRANGLE_2025-03-17_2025-03-20,2025-03-17,50000.0,50000.0,130000.0,SKIPPED_INSUFFICIENT_MARGIN
OTM_STRANGLE,OTM_STRANGLE_2025-03-21_2025-03-27,2025-03-21,50000.0,50000.0,130000.0,SKIPPED_INSUFFICIENT_MARGIN
OTM_STRANGLE,OTM_STRANGLE_2025-03-28_2025-04-03,2025-03-28,50000.0,50000.0,130000.0,SKIPPED_INSUFFICIENT_MARGIN
OTM_STRANGLE,OTM_STRANGLE_2025-04-04_2025-04-09,2025-04-04,50000.0,50000.0,130000.0,SKIPPED_INSUFFICIENT_MARGIN
OTM_STRANGLE,OTM_STRANGLE_2025-04-11_2025-04-17,2025-04-11,50000.0,50000.0,130000.0,SKIPPED_INSUFFICIENT_MARGIN
OTM_STRANGLE,OTM_STRANGLE_2025-04-21_2025-04-24,2025-04-21,50000.0,50000.0,130000.0,SKIPPED_INSUFFICIENT_MARGIN
OTM_STRANGLE,OTM_STRANGLE_2025-04-25_2025-04-30,2025-04-25,50000.0,50000.0,130000.0,SKIPPED_INSUFFICIENT_MARGIN
OTM_STRANGLE,OTM_STRANGLE_2025-05-02_2025-05-08,2025-05-02,50000.0,50000.0,130000.0,SKIPPED_INSUFFICIENT_MARGIN
OTM_STRANGLE,OTM_STRANGLE_2025-05-09_2025-05-15,2025-05-09,50000.0,50000.0,130000.0,SKIPPED_INSUFFICIENT_MARGIN
OTM_STRANGLE,OTM_STRANGLE_2025-05-16_2025-05-22,2025-05-16,50000.0,50000.0,130000.0,SKIPPED_INSUFFICIENT_MARGIN
OTM_STRANGLE,OTM_STRANGLE_2025-05-23_2025-05-29,2025-05-23,50000.0,50000.0,130000.0,SKIPPED_INSUFFICIENT_MARGIN
OTM_STRANGLE,OTM_STRANGLE_2025-05-30_2025-06-05,2025-05-30,50000.0,50000.0,130000.0,SKIPPED_INSUFFICIENT_MARGIN
OTM_STRANGLE,OTM_STRANGLE_2025-06-06_2025-06-12,2025-06-06,50000.0,50000.0,130000.0,SKIPPED_INSUFFICIENT_MARGIN
OTM_STRANGLE,OTM_STRANGLE_2025-06-13_2025-06-19,2025-06-13,50000.0,50000.0,130000.0,SKIPPED_INSUFFICIENT_MARGIN
OTM_STRANGLE,OTM_STRANGLE_2025-06-20_2025-06-26,2025-06-20,50000.0,50000.0,130000.0,SKIPPED_INSUFFICIENT_MARGIN
OTM_STRANGLE,OTM_STRANGLE_2025-06-27_2025-07-03,2025-06-27,50000.0,50000.0,130000.0,SKIPPED_INSUFFICIENT_MARGIN
OTM_STRANGLE,OTM_STRANGLE_2025-07-04_2025-07-10,2025-07-04,50000.0,50000.0,130000.0,SKIPPED_INSUFFICIENT_MARGIN
OTM_STRANGLE,OTM_STRANGLE_2025-07-11_2025-07-17,2025-07-11,50000.0,50000.0,130000.0,SKIPPED_INSUFFICIENT_MARGIN
OTM_STRANGLE,OTM_STRANGLE_2025-07-18_2025-07-24,2025-07-18,50000.0,50000.0,130000.0,SKIPPED_INSUFFICIENT_MARGIN
OTM_STRANGLE,OTM_STRANGLE_2025-07-25_2025-07-31,2025-07-25,50000.0,50000.0,130000.0,SKIPPED_INSUFFICIENT_MARGIN
OTM_STRANGLE,OTM_STRANGLE_2025-08-01_2025-08-07,2025-08-01,50000.0,50000.0,130000.0,SKIPPED_INSUFFICIENT_MARGIN
OTM_STRANGLE,OTM_STRANGLE_2025-08-08_2025-08-14,2025-08-08,50000.0,50000.0,130000.0,SKIPPED_INSUFFICIENT_MARGIN
OTM_STRANGLE,OTM_STRANGLE_2025-08-18_2025-08-21,2025-08-18,50000.0,50000.0,130000.0,SKIPPED_INSUFFICIENT_MARGIN
OTM_STRANGLE,OTM_STRANGLE_2025-08-22_2025-08-28,2025-08-22,50000.0,50000.0,130000.0,SKIPPED_INSUFFICIENT_MARGIN
OTM_STRANGLE,OTM_STRANGLE_2025-08-29_2025-09-02,2025-08-29,50000.0,50000.0,130000.0,SKIPPED_INSUFFICIENT_MARGIN
OTM_STRANGLE,OTM_STRANGLE_2025-09-03_2025-09-09,2025-09-03,50000.0,50000.0,130000.0,SKIPPED_INSUFFICIENT_MARGIN
OTM_STRANGLE,OTM_STRANGLE_2025-09-10_2025-09-16,2025-09-10,50000.0,50000.0,130000.0,SKIPPED_INSUFFICIENT_MARGIN
OTM_STRANGLE,OTM_STRANGLE_2025-09-17_2025-09-23,2025-09-17,50000.0,50000.0,130000.0,SKIPPED_INSUFFICIENT_MARGIN
OTM_STRANGLE,OTM_STRANGLE_2025-09-26_2025-09-30,2025-09-26,50000.0,50000.0,130000.0,SKIPPED_INSUFFICIENT_MARGIN
OTM_STRANGLE,OTM_STRANGLE_2025-10-01_2025-10-07,2025-10-01,50000.0,50000.0,130000.0,SKIPPED_INSUFFICIENT_MARGIN
OTM_STRANGLE,OTM_STRANGLE_2025-10-08_2025-10-14,2025-10-08,50000.0,50000.0,130000.0,SKIPPED_INSUFFICIENT_MARGIN
OTM_STRANGLE,OTM_STRANGLE_2025-10-15_2025-10-20,2025-10-15,50000.0,50000.0,130000.0,SKIPPED_INSUFFICIENT_MARGIN
OTM_STRANGLE,OTM_STRANGLE_2025-10-21_2025-10-28,2025-10-21,50000.0,50000.0,130000.0,SKIPPED_INSUFFICIENT_MARGIN
OTM_STRANGLE,OTM_STRANGLE_2025-10-29_2025-11-04,2025-10-29,50000.0,50000.0,130000.0,SKIPPED_INSUFFICIENT_MARGIN
OTM_STRANGLE,OTM_STRANGLE_2025-11-06_2025-11-11,2025-11-06,50000.0,50000.0,130000.0,SKIPPED_INSUFFICIENT_MARGIN
OTM_STRANGLE,OTM_STRANGLE_2025-11-12_2025-11-18,2025-11-12,50000.0,50000.0,130000.0,SKIPPED_INSUFFICIENT_MARGIN
OTM_STRANGLE,OTM_STRANGLE_2025-11-19_2025-11-25,2025-11-19,50000.0,50000.0,130000.0,SKIPPED_INSUFFICIENT_MARGIN
OTM_STRANGLE,OTM_STRANGLE_2025-11-26_2025-12-02,2025-11-26,50000.0,50000.0,130000.0,SKIPPED_INSUFFICIENT_MARGIN
OTM_STRANGLE,OTM_STRANGLE_2025-12-03_2025-12-09,2025-12-03,50000.0,50000.0,130000.0,SKIPPED_INSUFFICIENT_MARGIN
OTM_STRANGLE,OTM_STRANGLE_2025-12-10_2025-12-16,2025-12-10,50000.0,50000.0,130000.0,SKIPPED_INSUFFICIENT_MARGIN
OTM_STRANGLE,OTM_STRANGLE_2025-12-17_2025-12-23,2025-12-17,50000.0,50000.0,130000.0,SKIPPED_INSUFFICIENT_MARGIN
OTM_STRANGLE,OTM_STRANGLE_2025-12-26_2025-12-30,2025-12-26,50000.0,50000.0,130000.0,SKIPPED_INSUFFICIENT_MARGIN
OTM_STRANGLE,OTM_STRANGLE_2025-12-31_2026-01-06,2025-12-31,50000.0,50000.0,130000.0,SKIPPED_INSUFFICIENT_MARGIN
OTM_STRANGLE,OTM_STRANGLE_2026-01-07_2026-01-13,2026-01-07,50000.0,50000.0,130000.0,SKIPPED_INSUFFICIENT_MARGIN
OTM_STRANGLE,OTM_STRANGLE_2026-01-14_2026-01-20,2026-01-14,50000.0,50000.0,130000.0,SKIPPED_INSUFFICIENT_MARGIN
OTM_STRANGLE,OTM_STRANGLE_2026-01-21_2026-01-27,2026-01-21,50000.0,50000.0,130000.0,SKIPPED_INSUFFICIENT_MARGIN
OTM_STRANGLE,OTM_STRANGLE_2026-01-28_2026-02-03,2026-01-28,50000.0,50000.0,130000.0,SKIPPED_INSUFFICIENT_MARGIN
OTM_STRANGLE,OTM_STRANGLE_2026-02-04_2026-02-10,2026-02-04,50000.0,50000.0,130000.0,SKIPPED_INSUFFICIENT_MARGIN
OTM_STRANGLE,OTM_STRANGLE_2026-02-11_2026-02-17,2026-02-11,50000.0,50000.0,130000.0,SKIPPED_INSUFFICIENT_MARGIN
OTM_STRANGLE,OTM_STRANGLE_2026-02-18_2026-02-24,2026-02-18,50000.0,50000.0,130000.0,SKIPPED_INSUFFICIENT_MARGIN
OTM_STRANGLE,OTM_STRANGLE_2026-02-25_2026-03-02,2026-02-25,50000.0,50000.0,130000.0,SKIPPED_INSUFFICIENT_MARGIN
OTM_STRANGLE,OTM_STRANGLE_2026-03-04_2026-03-10,2026-03-04,50000.0,50000.0,130000.0,SKIPPED_INSUFFICIENT_MARGIN
OTM_STRANGLE,OTM_STRANGLE_2026-03-11_2026-03-17,2026-03-11,50000.0,50000.0,130000.0,SKIPPED_INSUFFICIENT_MARGIN
OTM_STRANGLE,OTM_STRANGLE_2026-03-18_2026-03-24,2026-03-18,50000.0,50000.0,130000.0,SKIPPED_INSUFFICIENT_MARGIN
OTM_STRANGLE,OTM_STRANGLE_2026-03-27_2026-03-30,2026-03-27,50000.0,50000.0,130000.0,SKIPPED_INSUFFICIENT_MARGIN
OTM_STRANGLE,OTM_STRANGLE_2026-04-01_2026-04-07,2026-04-01,50000.0,50000.0,130000.0,SKIPPED_INSUFFICIENT_MARGIN
OTM_STRANGLE,OTM_STRANGLE_2026-04-08_2026-04-13,2026-04-08,50000.0,50000.0,130000.0,SKIPPED_INSUFFICIENT_MARGIN
OTM_STRANGLE,OTM_STRANGLE_2026-04-15_2026-04-21,2026-04-15,50000.0,50000.0,130000.0,SKIPPED_INSUFFICIENT_MARGIN
OTM_STRANGLE,OTM_STRANGLE_2026-04-22_2026-04-28,2026-04-22,50000.0,50000.0,130000.0,SKIPPED_INSUFFICIENT_MARGIN
OTM_STRANGLE,OTM_STRANGLE_2026-04-29_2026-05-05,2026-04-29,50000.0,50000.0,130000.0,SKIPPED_INSUFFICIENT_MARGIN
OTM_STRANGLE,OTM_STRANGLE_2026-05-06_2026-05-12,2026-05-06,50000.0,50000.0,130000.0,SKIPPED_INSUFFICIENT_MARGIN
OTM_STRANGLE,OTM_STRANGLE_2026-05-13_2026-05-19,2026-05-13,50000.0,50000.0,130000.0,SKIPPED_INSUFFICIENT_MARGIN
OTM_STRANGLE,OTM_STRANGLE_2026-05-20_2026-05-26,2026-05-20,50000.0,50000.0,130000.0,SKIPPED_INSUFFICIENT_MARGIN
OTM_STRANGLE,OTM_STRANGLE_2026-05-27_2026-06-02,2026-05-27,50000.0,50000.0,130000.0,SKIPPED_INSUFFICIENT_MARGIN
OTM_STRANGLE,OTM_STRANGLE_2026-06-03_2026-06-09,2026-06-03,50000.0,50000.0,130000.0,SKIPPED_INSUFFICIENT_MARGIN
OTM_STRANGLE,OTM_STRANGLE_2026-06-10_2026-06-16,2026-06-10,50000.0,50000.0,130000.0,SKIPPED_INSUFFICIENT_MARGIN
OTM_STRANGLE,OTM_STRANGLE_2026-06-17_2026-06-23,2026-06-17,50000.0,50000.0,130000.0,SKIPPED_INSUFFICIENT_MARGIN
OTM_STRANGLE,OTM_STRANGLE_2026-06-29_2026-06-30,2026-06-29,50000.0,50000.0,130000.0,SKIPPED_INSUFFICIENT_MARGIN
OTM_STRANGLE,OTM_STRANGLE_2026-07-01_2026-07-07,2026-07-01,50000.0,50000.0,130000.0,SKIPPED_INSUFFICIENT_MARGIN
OTM_STRANGLE,OTM_STRANGLE_2026-07-08_2026-07-14,2026-07-08,50000.0,50000.0,130000.0,SKIPPED_INSUFFICIENT_MARGIN
OTM_STRANGLE,OTM_STRANGLE_2026-07-15_2026-07-21,2026-07-15,50000.0,50000.0,130000.0,SKIPPED_INSUFFICIENT_MARGIN
OTM_STRANGLE,OTM_STRANGLE_2026-07-22_2026-07-28,2026-07-22,50000.0,50000.0,130000.0,SKIPPED_INSUFFICIENT_MARGIN
OTM_STRANGLE,OTM_STRANGLE_2026-07-29_2026-08-04,2026-07-29,50000.0,50000.0,130000.0,SKIPPED_INSUFFICIENT_MARGIN
OTM_STRANGLE,OTM_STRANGLE_2026-08-05_2026-08-11,2026-08-05,50000.0,50000.0,130000.0,SKIPPED_INSUFFICIENT_MARGIN
OTM_STRANGLE,OTM_STRANGLE_2026-08-12_2026-08-18,2026-08-12,50000.0,50000.0,130000.0,SKIPPED_INSUFFICIENT_MARGIN
OTM_STRANGLE,OTM_STRANGLE_2026-08-19_2026-08-25,2026-08-19,50000.0,50000.0,130000.0,SKIPPED_INSUFFICIENT_MARGIN
OTM_STRANGLE,OTM_STRANGLE_2026-08-26_2026-09-01,2026-08-26,50000.0,50000.0,130000.0,SKIPPED_INSUFFICIENT_MARGIN
OTM_STRANGLE,OTM_STRANGLE_2026-09-02_2026-09-08,2026-09-02,50000.0,50000.0,130000.0,SKIPPED_INSUFFICIENT_MARGIN
OTM_STRANGLE,OTM_STRANGLE_2026-09-09_2026-09-15,2026-09-09,50000.0,50000.0,130000.0,SKIPPED_INSUFFICIENT_MARGIN
OTM_STRANGLE,OTM_STRANGLE_2020-01-31_2020-02-06,2020-01-31,75000.0,75000.0,130000.0,SKIPPED_INSUFFICIENT_MARGIN
OTM_STRANGLE,OTM_STRANGLE_2020-02-24_2020-02-27,2020-02-24,75000.0,75000.0,130000.0,SKIPPED_INSUFFICIENT_MARGIN
OTM_STRANGLE,OTM_STRANGLE_2020-02-28_2020-03-05,2020-02-28,75000.0,75000.0,130000.0,SKIPPED_INSUFFICIENT_MARGIN
OTM_STRANGLE,OTM_STRANGLE_2020-03-06_2020-03-12,2020-03-06,75000.0,75000.0,130000.0,SKIPPED_INSUFFICIENT_MARGIN
OTM_STRANGLE,OTM_STRANGLE_2020-03-13_2020-03-19,2020-03-13,75000.0,75000.0,130000.0,SKIPPED_INSUFFICIENT_MARGIN
OTM_STRANGLE,OTM_STRANGLE_2020-03-20_2020-03-26,2020-03-20,75000.0,75000.0,130000.0,SKIPPED_INSUFFICIENT_MARGIN
OTM_STRANGLE,OTM_STRANGLE_2020-04-03_2020-04-09,2020-04-03,75000.0,75000.0,130000.0,SKIPPED_INSUFFICIENT_MARGIN
OTM_STRANGLE,OTM_STRANGLE_2020-04-13_2020-04-16,2020-04-13,75000.0,75000.0,130000.0,SKIPPED_INSUFFICIENT_MARGIN
OTM_STRANGLE,OTM_STRANGLE_2020-04-24_2020-04-30,2020-04-24,75000.0,75000.0,130000.0,SKIPPED_INSUFFICIENT_MARGIN
OTM_STRANGLE,OTM_STRANGLE_2020-05-08_2020-05-14,2020-05-08,75000.0,75000.0,130000.0,SKIPPED_INSUFFICIENT_MARGIN
OTM_STRANGLE,OTM_STRANGLE_2020-05-15_2020-05-21,2020-05-15,75000.0,75000.0,130000.0,SKIPPED_INSUFFICIENT_MARGIN
OTM_STRANGLE,OTM_STRANGLE_2020-05-22_2020-05-28,2020-05-22,75000.0,75000.0,130000.0,SKIPPED_INSUFFICIENT_MARGIN
OTM_STRANGLE,OTM_STRANGLE_2020-05-29_2020-06-04,2020-05-29,75000.0,75000.0,130000.0,SKIPPED_INSUFFICIENT_MARGIN
OTM_STRANGLE,OTM_STRANGLE_2020-06-05_2020-06-11,2020-06-05,75000.0,75000.0,130000.0,SKIPPED_INSUFFICIENT_MARGIN
OTM_STRANGLE,OTM_STRANGLE_2020-06-12_2020-06-18,2020-06-12,75000.0,75000.0,130000.0,SKIPPED_INSUFFICIENT_MARGIN
OTM_STRANGLE,OTM_STRANGLE_2020-06-19_2020-06-25,2020-06-19,75000.0,75000.0,130000.0,SKIPPED_INSUFFICIENT_MARGIN
OTM_STRANGLE,OTM_STRANGLE_2020-06-26_2020-07-02,2020-06-26,75000.0,75000.0,130000.0,SKIPPED_INSUFFICIENT_MARGIN
OTM_STRANGLE,OTM_STRANGLE_2020-07-17_2020-07-23,2020-07-17,75000.0,75000.0,130000.0,SKIPPED_INSUFFICIENT_MARGIN
OTM_STRANGLE,OTM_STRANGLE_2020-08-14_2020-08-20,2020-08-14,75000.0,75000.0,130000.0,SKIPPED_INSUFFICIENT_MARGIN
OTM_STRANGLE,OTM_STRANGLE_2020-08-21_2020-08-27,2020-08-21,75000.0,75000.0,130000.0,SKIPPED_INSUFFICIENT_MARGIN
OTM_STRANGLE,OTM_STRANGLE_2020-08-28_2020-09-03,2020-08-28,75000.0,75000.0,130000.0,SKIPPED_INSUFFICIENT_MARGIN
OTM_STRANGLE,OTM_STRANGLE_2020-09-04_2020-09-10,2020-09-04,75000.0,75000.0,130000.0,SKIPPED_INSUFFICIENT_MARGIN
OTM_STRANGLE,OTM_STRANGLE_2020-09-11_2020-09-17,2020-09-11,75000.0,75000.0,130000.0,SKIPPED_INSUFFICIENT_MARGIN
OTM_STRANGLE,OTM_STRANGLE_2020-09-18_2020-09-24,2020-09-18,75000.0,75000.0,130000.0,SKIPPED_INSUFFICIENT_MARGIN
OTM_STRANGLE,OTM_STRANGLE_2020-09-25_2020-10-01,2020-09-25,75000.0,75000.0,130000.0,SKIPPED_INSUFFICIENT_MARGIN
OTM_STRANGLE,OTM_STRANGLE_2020-10-05_2020-10-08,2020-10-05,75000.0,75000.0,130000.0,SKIPPED_INSUFFICIENT_MARGIN
OTM_STRANGLE,OTM_STRANGLE_2020-10-16_2020-10-22,2020-10-16,75000.0,75000.0,130000.0,SKIPPED_INSUFFICIENT_MARGIN
OTM_STRANGLE,OTM_STRANGLE_2020-10-23_2020-10-29,2020-10-23,75000.0,75000.0,130000.0,SKIPPED_INSUFFICIENT_MARGIN
OTM_STRANGLE,OTM_STRANGLE_2020-10-30_2020-11-05,2020-10-30,75000.0,75000.0,130000.0,SKIPPED_INSUFFICIENT_MARGIN
OTM_STRANGLE,OTM_STRANGLE_2020-11-06_2020-11-12,2020-11-06,75000.0,75000.0,130000.0,SKIPPED_INSUFFICIENT_MARGIN
OTM_STRANGLE,OTM_STRANGLE_2020-11-20_2020-11-26,2020-11-20,75000.0,75000.0,130000.0,SKIPPED_INSUFFICIENT_MARGIN
OTM_STRANGLE,OTM_STRANGLE_2020-11-27_2020-12-03,2020-11-27,75000.0,75000.0,130000.0,SKIPPED_INSUFFICIENT_MARGIN
OTM_STRANGLE,OTM_STRANGLE_2020-12-04_2020-12-10,2020-12-04,75000.0,75000.0,130000.0,SKIPPED_INSUFFICIENT_MARGIN
OTM_STRANGLE,OTM_STRANGLE_2020-12-11_2020-12-17,2020-12-11,75000.0,75000.0,130000.0,SKIPPED_INSUFFICIENT_MARGIN
OTM_STRANGLE,OTM_STRANGLE_2020-12-18_2020-12-24,2020-12-18,75000.0,75000.0,130000.0,SKIPPED_INSUFFICIENT_MARGIN
OTM_STRANGLE,OTM_STRANGLE_2021-01-01_2021-01-07,2021-01-01,75000.0,75000.0,130000.0,SKIPPED_INSUFFICIENT_MARGIN
OTM_STRANGLE,OTM_STRANGLE_2021-01-08_2021-01-14,2021-01-08,75000.0,75000.0,130000.0,SKIPPED_INSUFFICIENT_MARGIN
OTM_STRANGLE,OTM_STRANGLE_2021-01-15_2021-01-21,2021-01-15,75000.0,75000.0,130000.0,SKIPPED_INSUFFICIENT_MARGIN
OTM_STRANGLE,OTM_STRANGLE_2021-01-22_2021-01-28,2021-01-22,75000.0,75000.0,130000.0,SKIPPED_INSUFFICIENT_MARGIN
OTM_STRANGLE,OTM_STRANGLE_2021-01-29_2021-02-04,2021-01-29,75000.0,75000.0,130000.0,SKIPPED_INSUFFICIENT_MARGIN
OTM_STRANGLE,OTM_STRANGLE_2021-02-05_2021-02-11,2021-02-05,75000.0,75000.0,130000.0,SKIPPED_INSUFFICIENT_MARGIN
OTM_STRANGLE,OTM_STRANGLE_2021-02-12_2021-02-18,2021-02-12,75000.0,75000.0,130000.0,SKIPPED_INSUFFICIENT_MARGIN
OTM_STRANGLE,OTM_STRANGLE_2021-02-19_2021-02-25,2021-02-19,75000.0,75000.0,130000.0,SKIPPED_INSUFFICIENT_MARGIN
OTM_STRANGLE,OTM_STRANGLE_2021-02-26_2021-03-04,2021-02-26,75000.0,75000.0,130000.0,SKIPPED_INSUFFICIENT_MARGIN
OTM_STRANGLE,OTM_STRANGLE_2021-03-05_2021-03-10,2021-03-05,75000.0,75000.0,130000.0,SKIPPED_INSUFFICIENT_MARGIN
OTM_STRANGLE,OTM_STRANGLE_2021-03-12_2021-03-18,2021-03-12,75000.0,75000.0,130000.0,SKIPPED_INSUFFICIENT_MARGIN
OTM_STRANGLE,OTM_STRANGLE_2021-03-26_2021-04-01,2021-03-26,75000.0,75000.0,130000.0,SKIPPED_INSUFFICIENT_MARGIN
OTM_STRANGLE,OTM_STRANGLE_2021-04-05_2021-04-08,2021-04-05,75000.0,75000.0,130000.0,SKIPPED_INSUFFICIENT_MARGIN
OTM_STRANGLE,OTM_STRANGLE_2021-04-09_2021-04-15,2021-04-09,75000.0,75000.0,130000.0,SKIPPED_INSUFFICIENT_MARGIN
OTM_STRANGLE,OTM_STRANGLE_2021-04-16_2021-04-22,2021-04-16,75000.0,75000.0,130000.0,SKIPPED_INSUFFICIENT_MARGIN
OTM_STRANGLE,OTM_STRANGLE_2021-04-23_2021-04-29,2021-04-23,75000.0,75000.0,130000.0,SKIPPED_INSUFFICIENT_MARGIN
OTM_STRANGLE,OTM_STRANGLE_2021-04-30_2021-05-06,2021-04-30,75000.0,75000.0,130000.0,SKIPPED_INSUFFICIENT_MARGIN
OTM_STRANGLE,OTM_STRANGLE_2021-05-07_2021-05-12,2021-05-07,75000.0,75000.0,130000.0,SKIPPED_INSUFFICIENT_MARGIN
OTM_STRANGLE,OTM_STRANGLE_2021-05-14_2021-05-20,2021-05-14,75000.0,75000.0,130000.0,SKIPPED_INSUFFICIENT_MARGIN
OTM_STRANGLE,OTM_STRANGLE_2021-05-21_2021-05-27,2021-05-21,75000.0,75000.0,130000.0,SKIPPED_INSUFFICIENT_MARGIN
OTM_STRANGLE,OTM_STRANGLE_2021-05-28_2021-06-03,2021-05-28,75000.0,75000.0,130000.0,SKIPPED_INSUFFICIENT_MARGIN
OTM_STRANGLE,OTM_STRANGLE_2021-06-04_2021-06-10,2021-06-04,75000.0,75000.0,130000.0,SKIPPED_INSUFFICIENT_MARGIN
OTM_STRANGLE,OTM_STRANGLE_2021-06-11_2021-06-17,2021-06-11,75000.0,75000.0,130000.0,SKIPPED_INSUFFICIENT_MARGIN
OTM_STRANGLE,OTM_STRANGLE_2021-06-18_2021-06-24,2021-06-18,75000.0,75000.0,130000.0,SKIPPED_INSUFFICIENT_MARGIN
OTM_STRANGLE,OTM_STRANGLE_2021-06-25_2021-07-01,2021-06-25,75000.0,75000.0,130000.0,SKIPPED_INSUFFICIENT_MARGIN
OTM_STRANGLE,OTM_STRANGLE_2021-07-02_2021-07-08,2021-07-02,75000.0,75000.0,130000.0,SKIPPED_INSUFFICIENT_MARGIN
OTM_STRANGLE,OTM_STRANGLE_2021-07-09_2021-07-15,2021-07-09,75000.0,75000.0,130000.0,SKIPPED_INSUFFICIENT_MARGIN
OTM_STRANGLE,OTM_STRANGLE_2021-07-16_2021-07-22,2021-07-16,75000.0,75000.0,130000.0,SKIPPED_INSUFFICIENT_MARGIN
OTM_STRANGLE,OTM_STRANGLE_2021-07-23_2021-07-29,2021-07-23,75000.0,75000.0,130000.0,SKIPPED_INSUFFICIENT_MARGIN
OTM_STRANGLE,OTM_STRANGLE_2021-08-20_2021-08-26,2021-08-20,75000.0,75000.0,130000.0,SKIPPED_INSUFFICIENT_MARGIN
OTM_STRANGLE,OTM_STRANGLE_2021-08-27_2021-09-02,2021-08-27,75000.0,75000.0,130000.0,SKIPPED_INSUFFICIENT_MARGIN
OTM_STRANGLE,OTM_STRANGLE_2021-09-03_2021-09-09,2021-09-03,75000.0,75000.0,130000.0,SKIPPED_INSUFFICIENT_MARGIN
OTM_STRANGLE,OTM_STRANGLE_2021-09-13_2021-09-16,2021-09-13,75000.0,75000.0,130000.0,SKIPPED_INSUFFICIENT_MARGIN
OTM_STRANGLE,OTM_STRANGLE_2021-09-17_2021-09-23,2021-09-17,75000.0,75000.0,130000.0,SKIPPED_INSUFFICIENT_MARGIN
OTM_STRANGLE,OTM_STRANGLE_2021-09-24_2021-09-30,2021-09-24,75000.0,75000.0,130000.0,SKIPPED_INSUFFICIENT_MARGIN
OTM_STRANGLE,OTM_STRANGLE_2021-10-01_2021-10-07,2021-10-01,75000.0,75000.0,130000.0,SKIPPED_INSUFFICIENT_MARGIN
OTM_STRANGLE,OTM_STRANGLE_2021-10-08_2021-10-14,2021-10-08,75000.0,75000.0,130000.0,SKIPPED_INSUFFICIENT_MARGIN
OTM_STRANGLE,OTM_STRANGLE_2021-10-18_2021-10-21,2021-10-18,75000.0,75000.0,130000.0,SKIPPED_INSUFFICIENT_MARGIN
OTM_STRANGLE,OTM_STRANGLE_2021-10-22_2021-10-28,2021-10-22,75000.0,75000.0,130000.0,SKIPPED_INSUFFICIENT_MARGIN
OTM_STRANGLE,OTM_STRANGLE_2021-10-29_2021-11-03,2021-10-29,75000.0,75000.0,130000.0,SKIPPED_INSUFFICIENT_MARGIN
OTM_STRANGLE,OTM_STRANGLE_2021-11-04_2021-11-11,2021-11-04,75000.0,75000.0,130000.0,SKIPPED_INSUFFICIENT_MARGIN
OTM_STRANGLE,OTM_STRANGLE_2021-11-12_2021-11-18,2021-11-12,75000.0,75000.0,130000.0,SKIPPED_INSUFFICIENT_MARGIN
OTM_STRANGLE,OTM_STRANGLE_2021-11-22_2021-11-25,2021-11-22,75000.0,75000.0,130000.0,SKIPPED_INSUFFICIENT_MARGIN
OTM_STRANGLE,OTM_STRANGLE_2021-12-03_2021-12-09,2021-12-03,75000.0,75000.0,130000.0,SKIPPED_INSUFFICIENT_MARGIN
OTM_STRANGLE,OTM_STRANGLE_2021-12-10_2021-12-16,2021-12-10,75000.0,75000.0,130000.0,SKIPPED_INSUFFICIENT_MARGIN
OTM_STRANGLE,OTM_STRANGLE_2021-12-17_2021-12-23,2021-12-17,75000.0,75000.0,130000.0,SKIPPED_INSUFFICIENT_MARGIN
OTM_STRANGLE,OTM_STRANGLE_2021-12-24_2021-12-30,2021-12-24,75000.0,75000.0,130000.0,SKIPPED_INSUFFICIENT_MARGIN
OTM_STRANGLE,OTM_STRANGLE_2021-12-31_2022-01-06,2021-12-31,75000.0,75000.0,130000.0,SKIPPED_INSUFFICIENT_MARGIN
OTM_STRANGLE,OTM_STRANGLE_2022-01-07_2022-01-13,2022-01-07,75000.0,75000.0,130000.0,SKIPPED_INSUFFICIENT_MARGIN
OTM_STRANGLE,OTM_STRANGLE_2022-01-21_2022-01-27,2022-01-21,75000.0,75000.0,130000.0,SKIPPED_INSUFFICIENT_MARGIN
OTM_STRANGLE,OTM_STRANGLE_2022-01-28_2022-02-03,2022-01-28,75000.0,75000.0,130000.0,SKIPPED_INSUFFICIENT_MARGIN
OTM_STRANGLE,OTM_STRANGLE_2022-02-04_2022-02-10,2022-02-04,75000.0,75000.0,130000.0,SKIPPED_INSUFFICIENT_MARGIN
OTM_STRANGLE,OTM_STRANGLE_2022-02-11_2022-02-17,2022-02-11,75000.0,75000.0,130000.0,SKIPPED_INSUFFICIENT_MARGIN
OTM_STRANGLE,OTM_STRANGLE_2022-02-18_2022-02-24,2022-02-18,75000.0,75000.0,130000.0,SKIPPED_INSUFFICIENT_MARGIN
OTM_STRANGLE,OTM_STRANGLE_2022-02-25_2022-03-03,2022-02-25,75000.0,75000.0,130000.0,SKIPPED_INSUFFICIENT_MARGIN
OTM_STRANGLE,OTM_STRANGLE_2022-03-04_2022-03-10,2022-03-04,75000.0,75000.0,130000.0,SKIPPED_INSUFFICIENT_MARGIN
OTM_STRANGLE,OTM_STRANGLE_2022-03-11_2022-03-17,2022-03-11,75000.0,75000.0,130000.0,SKIPPED_INSUFFICIENT_MARGIN
OTM_STRANGLE,OTM_STRANGLE_2022-03-21_2022-03-24,2022-03-21,75000.0,75000.0,130000.0,SKIPPED_INSUFFICIENT_MARGIN
OTM_STRANGLE,OTM_STRANGLE_2022-03-25_2022-03-31,2022-03-25,75000.0,75000.0,130000.0,SKIPPED_INSUFFICIENT_MARGIN
OTM_STRANGLE,OTM_STRANGLE_2022-04-01_2022-04-07,2022-04-01,75000.0,75000.0,130000.0,SKIPPED_INSUFFICIENT_MARGIN
OTM_STRANGLE,OTM_STRANGLE_2022-04-08_2022-04-13,2022-04-08,75000.0,75000.0,130000.0,SKIPPED_INSUFFICIENT_MARGIN
OTM_STRANGLE,OTM_STRANGLE_2022-04-18_2022-04-21,2022-04-18,75000.0,75000.0,130000.0,SKIPPED_INSUFFICIENT_MARGIN
OTM_STRANGLE,OTM_STRANGLE_2022-04-29_2022-05-05,2022-04-29,75000.0,75000.0,130000.0,SKIPPED_INSUFFICIENT_MARGIN
OTM_STRANGLE,OTM_STRANGLE_2022-05-06_2022-05-12,2022-05-06,75000.0,75000.0,130000.0,SKIPPED_INSUFFICIENT_MARGIN
OTM_STRANGLE,OTM_STRANGLE_2022-05-20_2022-05-26,2022-05-20,75000.0,75000.0,130000.0,SKIPPED_INSUFFICIENT_MARGIN
OTM_STRANGLE,OTM_STRANGLE_2022-05-27_2022-06-02,2022-05-27,75000.0,75000.0,130000.0,SKIPPED_INSUFFICIENT_MARGIN
OTM_STRANGLE,OTM_STRANGLE_2022-06-03_2022-06-09,2022-06-03,75000.0,75000.0,130000.0,SKIPPED_INSUFFICIENT_MARGIN
OTM_STRANGLE,OTM_STRANGLE_2022-06-10_2022-06-16,2022-06-10,75000.0,75000.0,130000.0,SKIPPED_INSUFFICIENT_MARGIN
OTM_STRANGLE,OTM_STRANGLE_2022-06-17_2022-06-23,2022-06-17,75000.0,75000.0,130000.0,SKIPPED_INSUFFICIENT_MARGIN
OTM_STRANGLE,OTM_STRANGLE_2022-06-24_2022-06-30,2022-06-24,75000.0,75000.0,130000.0,SKIPPED_INSUFFICIENT_MARGIN
OTM_STRANGLE,OTM_STRANGLE_2022-07-08_2022-07-14,2022-07-08,75000.0,75000.0,130000.0,SKIPPED_INSUFFICIENT_MARGIN
OTM_STRANGLE,OTM_STRANGLE_2022-07-22_2022-07-28,2022-07-22,75000.0,75000.0,130000.0,SKIPPED_INSUFFICIENT_MARGIN
OTM_STRANGLE,OTM_STRANGLE_2022-08-05_2022-08-11,2022-08-05,75000.0,75000.0,130000.0,SKIPPED_INSUFFICIENT_MARGIN
OTM_STRANGLE,OTM_STRANGLE_2022-08-19_2022-08-25,2022-08-19,75000.0,75000.0,130000.0,SKIPPED_INSUFFICIENT_MARGIN
OTM_STRANGLE,OTM_STRANGLE_2022-08-26_2022-09-01,2022-08-26,75000.0,75000.0,130000.0,SKIPPED_INSUFFICIENT_MARGIN
OTM_STRANGLE,OTM_STRANGLE_2022-09-09_2022-09-15,2022-09-09,75000.0,75000.0,130000.0,SKIPPED_INSUFFICIENT_MARGIN
OTM_STRANGLE,OTM_STRANGLE_2022-09-16_2022-09-22,2022-09-16,75000.0,75000.0,130000.0,SKIPPED_INSUFFICIENT_MARGIN
OTM_STRANGLE,OTM_STRANGLE_2022-09-30_2022-10-06,2022-09-30,75000.0,75000.0,130000.0,SKIPPED_INSUFFICIENT_MARGIN
OTM_STRANGLE,OTM_STRANGLE_2022-10-14_2022-10-20,2022-10-14,75000.0,75000.0,130000.0,SKIPPED_INSUFFICIENT_MARGIN
OTM_STRANGLE,OTM_STRANGLE_2022-10-21_2022-10-27,2022-10-21,75000.0,75000.0,130000.0,SKIPPED_INSUFFICIENT_MARGIN
OTM_STRANGLE,OTM_STRANGLE_2022-11-04_2022-11-10,2022-11-04,75000.0,75000.0,130000.0,SKIPPED_INSUFFICIENT_MARGIN
OTM_STRANGLE,OTM_STRANGLE_2022-11-11_2022-11-17,2022-11-11,75000.0,75000.0,130000.0,SKIPPED_INSUFFICIENT_MARGIN
OTM_STRANGLE,OTM_STRANGLE_2022-11-18_2022-11-24,2022-11-18,75000.0,75000.0,130000.0,SKIPPED_INSUFFICIENT_MARGIN
OTM_STRANGLE,OTM_STRANGLE_2022-11-25_2022-12-01,2022-11-25,75000.0,75000.0,130000.0,SKIPPED_INSUFFICIENT_MARGIN
OTM_STRANGLE,OTM_STRANGLE_2022-12-02_2022-12-08,2022-12-02,75000.0,75000.0,130000.0,SKIPPED_INSUFFICIENT_MARGIN
OTM_STRANGLE,OTM_STRANGLE_2022-12-09_2022-12-15,2022-12-09,75000.0,75000.0,130000.0,SKIPPED_INSUFFICIENT_MARGIN
OTM_STRANGLE,OTM_STRANGLE_2022-12-16_2022-12-22,2022-12-16,75000.0,75000.0,130000.0,SKIPPED_INSUFFICIENT_MARGIN
OTM_STRANGLE,OTM_STRANGLE_2022-12-30_2023-01-05,2022-12-30,75000.0,75000.0,130000.0,SKIPPED_INSUFFICIENT_MARGIN
OTM_STRANGLE,OTM_STRANGLE_2023-01-27_2023-02-02,2023-01-27,75000.0,75000.0,130000.0,SKIPPED_INSUFFICIENT_MARGIN
OTM_STRANGLE,OTM_STRANGLE_2023-02-17_2023-02-23,2023-02-17,75000.0,75000.0,130000.0,SKIPPED_INSUFFICIENT_MARGIN
OTM_STRANGLE,OTM_STRANGLE_2023-03-17_2023-03-23,2023-03-17,75000.0,75000.0,130000.0,SKIPPED_INSUFFICIENT_MARGIN
OTM_STRANGLE,OTM_STRANGLE_2023-04-28_2023-05-04,2023-04-28,75000.0,75000.0,130000.0,SKIPPED_INSUFFICIENT_MARGIN
OTM_STRANGLE,OTM_STRANGLE_2023-05-05_2023-05-11,2023-05-05,75000.0,75000.0,130000.0,SKIPPED_INSUFFICIENT_MARGIN
OTM_STRANGLE,OTM_STRANGLE_2023-05-12_2023-05-18,2023-05-12,75000.0,75000.0,130000.0,SKIPPED_INSUFFICIENT_MARGIN
OTM_STRANGLE,OTM_STRANGLE_2023-05-19_2023-05-25,2023-05-19,75000.0,75000.0,130000.0,SKIPPED_INSUFFICIENT_MARGIN
OTM_STRANGLE,OTM_STRANGLE_2023-06-09_2023-06-15,2023-06-09,75000.0,75000.0,130000.0,SKIPPED_INSUFFICIENT_MARGIN
OTM_STRANGLE,OTM_STRANGLE_2023-06-16_2023-06-22,2023-06-16,75000.0,75000.0,130000.0,SKIPPED_INSUFFICIENT_MARGIN
OTM_STRANGLE,OTM_STRANGLE_2023-07-07_2023-07-13,2023-07-07,75000.0,75000.0,130000.0,SKIPPED_INSUFFICIENT_MARGIN
OTM_STRANGLE,OTM_STRANGLE_2023-07-14_2023-07-20,2023-07-14,75000.0,75000.0,130000.0,SKIPPED_INSUFFICIENT_MARGIN
OTM_STRANGLE,OTM_STRANGLE_2023-07-28_2023-08-03,2023-07-28,75000.0,75000.0,130000.0,SKIPPED_INSUFFICIENT_MARGIN
OTM_STRANGLE,OTM_STRANGLE_2023-08-04_2023-08-10,2023-08-04,75000.0,75000.0,130000.0,SKIPPED_INSUFFICIENT_MARGIN
OTM_STRANGLE,OTM_STRANGLE_2023-08-11_2023-08-17,2023-08-11,75000.0,75000.0,130000.0,SKIPPED_INSUFFICIENT_MARGIN
OTM_STRANGLE,OTM_STRANGLE_2023-08-25_2023-08-31,2023-08-25,75000.0,75000.0,130000.0,SKIPPED_INSUFFICIENT_MARGIN
OTM_STRANGLE,OTM_STRANGLE_2023-09-01_2023-09-07,2023-09-01,75000.0,75000.0,130000.0,SKIPPED_INSUFFICIENT_MARGIN
OTM_STRANGLE,OTM_STRANGLE_2023-09-08_2023-09-14,2023-09-08,75000.0,75000.0,130000.0,SKIPPED_INSUFFICIENT_MARGIN
OTM_STRANGLE,OTM_STRANGLE_2023-09-29_2023-10-05,2023-09-29,75000.0,75000.0,130000.0,SKIPPED_INSUFFICIENT_MARGIN
OTM_STRANGLE,OTM_STRANGLE_2023-10-13_2023-10-19,2023-10-13,75000.0,75000.0,130000.0,SKIPPED_INSUFFICIENT_MARGIN
OTM_STRANGLE,OTM_STRANGLE_2023-10-20_2023-10-26,2023-10-20,75000.0,75000.0,130000.0,SKIPPED_INSUFFICIENT_MARGIN
OTM_STRANGLE,OTM_STRANGLE_2023-10-27_2023-11-02,2023-10-27,75000.0,75000.0,130000.0,SKIPPED_INSUFFICIENT_MARGIN
OTM_STRANGLE,OTM_STRANGLE_2023-11-03_2023-11-09,2023-11-03,75000.0,75000.0,130000.0,SKIPPED_INSUFFICIENT_MARGIN
OTM_STRANGLE,OTM_STRANGLE_2023-11-10_2023-11-16,2023-11-10,75000.0,75000.0,130000.0,SKIPPED_INSUFFICIENT_MARGIN
OTM_STRANGLE,OTM_STRANGLE_2023-11-17_2023-11-23,2023-11-17,75000.0,75000.0,130000.0,SKIPPED_INSUFFICIENT_MARGIN
OTM_STRANGLE,OTM_STRANGLE_2023-12-01_2023-12-07,2023-12-01,75000.0,75000.0,130000.0,SKIPPED_INSUFFICIENT_MARGIN
OTM_STRANGLE,OTM_STRANGLE_2023-12-08_2023-12-14,2023-12-08,75000.0,75000.0,130000.0,SKIPPED_INSUFFICIENT_MARGIN
OTM_STRANGLE,OTM_STRANGLE_2023-12-22_2023-12-28,2023-12-22,75000.0,75000.0,130000.0,SKIPPED_INSUFFICIENT_MARGIN
OTM_STRANGLE,OTM_STRANGLE_2023-12-29_2024-01-04,2023-12-29,75000.0,75000.0,130000.0,SKIPPED_INSUFFICIENT_MARGIN
OTM_STRANGLE,OTM_STRANGLE_2024-01-05_2024-01-11,2024-01-05,75000.0,75000.0,130000.0,SKIPPED_INSUFFICIENT_MARGIN
OTM_STRANGLE,OTM_STRANGLE_2024-01-12_2024-01-18,2024-01-12,75000.0,75000.0,130000.0,SKIPPED_INSUFFICIENT_MARGIN
OTM_STRANGLE,OTM_STRANGLE_2024-01-19_2024-01-25,2024-01-19,75000.0,75000.0,130000.0,SKIPPED_INSUFFICIENT_MARGIN
OTM_STRANGLE,OTM_STRANGLE_2024-01-29_2024-02-01,2024-01-29,75000.0,75000.0,130000.0,SKIPPED_INSUFFICIENT_MARGIN
OTM_STRANGLE,OTM_STRANGLE_2024-02-02_2024-02-08,2024-02-02,75000.0,75000.0,130000.0,SKIPPED_INSUFFICIENT_MARGIN
OTM_STRANGLE,OTM_STRANGLE_2024-02-09_2024-02-15,2024-02-09,75000.0,75000.0,130000.0,SKIPPED_INSUFFICIENT_MARGIN
OTM_STRANGLE,OTM_STRANGLE_2024-02-16_2024-02-22,2024-02-16,75000.0,75000.0,130000.0,SKIPPED_INSUFFICIENT_MARGIN
OTM_STRANGLE,OTM_STRANGLE_2024-02-23_2024-02-29,2024-02-23,75000.0,75000.0,130000.0,SKIPPED_INSUFFICIENT_MARGIN
OTM_STRANGLE,OTM_STRANGLE_2024-03-01_2024-03-07,2024-03-01,75000.0,75000.0,130000.0,SKIPPED_INSUFFICIENT_MARGIN
OTM_STRANGLE,OTM_STRANGLE_2024-03-11_2024-03-14,2024-03-11,75000.0,75000.0,130000.0,SKIPPED_INSUFFICIENT_MARGIN
OTM_STRANGLE,OTM_STRANGLE_2024-03-15_2024-03-21,2024-03-15,75000.0,75000.0,130000.0,SKIPPED_INSUFFICIENT_MARGIN
OTM_STRANGLE,OTM_STRANGLE_2024-03-22_2024-03-28,2024-03-22,75000.0,75000.0,130000.0,SKIPPED_INSUFFICIENT_MARGIN
OTM_STRANGLE,OTM_STRANGLE_2024-04-01_2024-04-04,2024-04-01,75000.0,75000.0,130000.0,SKIPPED_INSUFFICIENT_MARGIN
OTM_STRANGLE,OTM_STRANGLE_2024-04-05_2024-04-10,2024-04-05,75000.0,75000.0,130000.0,SKIPPED_INSUFFICIENT_MARGIN
OTM_STRANGLE,OTM_STRANGLE_2024-04-12_2024-04-18,2024-04-12,75000.0,75000.0,130000.0,SKIPPED_INSUFFICIENT_MARGIN
OTM_STRANGLE,OTM_STRANGLE_2024-04-19_2024-04-25,2024-04-19,75000.0,75000.0,130000.0,SKIPPED_INSUFFICIENT_MARGIN
OTM_STRANGLE,OTM_STRANGLE_2024-04-26_2024-05-02,2024-04-26,75000.0,75000.0,130000.0,SKIPPED_INSUFFICIENT_MARGIN
OTM_STRANGLE,OTM_STRANGLE_2024-05-03_2024-05-09,2024-05-03,75000.0,75000.0,130000.0,SKIPPED_INSUFFICIENT_MARGIN
OTM_STRANGLE,OTM_STRANGLE_2024-05-10_2024-05-16,2024-05-10,75000.0,75000.0,130000.0,SKIPPED_INSUFFICIENT_MARGIN
OTM_STRANGLE,OTM_STRANGLE_2024-05-17_2024-05-23,2024-05-17,75000.0,75000.0,130000.0,SKIPPED_INSUFFICIENT_MARGIN
OTM_STRANGLE,OTM_STRANGLE_2024-05-24_2024-05-30,2024-05-24,75000.0,75000.0,130000.0,SKIPPED_INSUFFICIENT_MARGIN
OTM_STRANGLE,OTM_STRANGLE_2024-05-31_2024-06-06,2024-05-31,75000.0,75000.0,130000.0,SKIPPED_INSUFFICIENT_MARGIN
OTM_STRANGLE,OTM_STRANGLE_2024-06-07_2024-06-13,2024-06-07,75000.0,75000.0,130000.0,SKIPPED_INSUFFICIENT_MARGIN
OTM_STRANGLE,OTM_STRANGLE_2024-06-14_2024-06-20,2024-06-14,75000.0,75000.0,130000.0,SKIPPED_INSUFFICIENT_MARGIN
OTM_STRANGLE,OTM_STRANGLE_2024-06-21_2024-06-27,2024-06-21,75000.0,75000.0,130000.0,SKIPPED_INSUFFICIENT_MARGIN
OTM_STRANGLE,OTM_STRANGLE_2024-06-28_2024-07-04,2024-06-28,75000.0,75000.0,130000.0,SKIPPED_INSUFFICIENT_MARGIN
OTM_STRANGLE,OTM_STRANGLE_2024-07-05_2024-07-11,2024-07-05,75000.0,75000.0,130000.0,SKIPPED_INSUFFICIENT_MARGIN
OTM_STRANGLE,OTM_STRANGLE_2024-07-12_2024-07-18,2024-07-12,75000.0,75000.0,130000.0,SKIPPED_INSUFFICIENT_MARGIN
OTM_STRANGLE,OTM_STRANGLE_2024-07-19_2024-07-25,2024-07-19,75000.0,75000.0,130000.0,SKIPPED_INSUFFICIENT_MARGIN
OTM_STRANGLE,OTM_STRANGLE_2024-07-26_2024-08-01,2024-07-26,75000.0,75000.0,130000.0,SKIPPED_INSUFFICIENT_MARGIN
OTM_STRANGLE,OTM_STRANGLE_2024-08-02_2024-08-08,2024-08-02,75000.0,75000.0,130000.0,SKIPPED_INSUFFICIENT_MARGIN
OTM_STRANGLE,OTM_STRANGLE_2024-08-09_2024-08-14,2024-08-09,75000.0,75000.0,130000.0,SKIPPED_INSUFFICIENT_MARGIN
OTM_STRANGLE,OTM_STRANGLE_2024-08-16_2024-08-22,2024-08-16,75000.0,75000.0,130000.0,SKIPPED_INSUFFICIENT_MARGIN
OTM_STRANGLE,OTM_STRANGLE_2024-08-23_2024-08-29,2024-08-23,75000.0,75000.0,130000.0,SKIPPED_INSUFFICIENT_MARGIN
OTM_STRANGLE,OTM_STRANGLE_2024-08-30_2024-09-05,2024-08-30,75000.0,75000.0,130000.0,SKIPPED_INSUFFICIENT_MARGIN
OTM_STRANGLE,OTM_STRANGLE_2024-09-06_2024-09-12,2024-09-06,75000.0,75000.0,130000.0,SKIPPED_INSUFFICIENT_MARGIN
OTM_STRANGLE,OTM_STRANGLE_2024-09-13_2024-09-19,2024-09-13,75000.0,75000.0,130000.0,SKIPPED_INSUFFICIENT_MARGIN
OTM_STRANGLE,OTM_STRANGLE_2024-09-20_2024-09-26,2024-09-20,75000.0,75000.0,130000.0,SKIPPED_INSUFFICIENT_MARGIN
OTM_STRANGLE,OTM_STRANGLE_2024-09-27_2024-10-03,2024-09-27,75000.0,75000.0,130000.0,SKIPPED_INSUFFICIENT_MARGIN
OTM_STRANGLE,OTM_STRANGLE_2024-10-04_2024-10-10,2024-10-04,75000.0,75000.0,130000.0,SKIPPED_INSUFFICIENT_MARGIN
OTM_STRANGLE,OTM_STRANGLE_2024-10-11_2024-10-17,2024-10-11,75000.0,75000.0,130000.0,SKIPPED_INSUFFICIENT_MARGIN
OTM_STRANGLE,OTM_STRANGLE_2024-10-18_2024-10-24,2024-10-18,75000.0,75000.0,130000.0,SKIPPED_INSUFFICIENT_MARGIN
OTM_STRANGLE,OTM_STRANGLE_2024-10-25_2024-10-31,2024-10-25,75000.0,75000.0,130000.0,SKIPPED_INSUFFICIENT_MARGIN
OTM_STRANGLE,OTM_STRANGLE_2024-11-01_2024-11-07,2024-11-01,75000.0,75000.0,130000.0,SKIPPED_INSUFFICIENT_MARGIN
OTM_STRANGLE,OTM_STRANGLE_2024-11-08_2024-11-14,2024-11-08,75000.0,75000.0,130000.0,SKIPPED_INSUFFICIENT_MARGIN
OTM_STRANGLE,OTM_STRANGLE_2024-11-18_2024-11-21,2024-11-18,75000.0,75000.0,130000.0,SKIPPED_INSUFFICIENT_MARGIN
OTM_STRANGLE,OTM_STRANGLE_2024-11-22_2024-11-28,2024-11-22,75000.0,75000.0,130000.0,SKIPPED_INSUFFICIENT_MARGIN
OTM_STRANGLE,OTM_STRANGLE_2024-11-29_2024-12-05,2024-11-29,75000.0,75000.0,130000.0,SKIPPED_INSUFFICIENT_MARGIN
OTM_STRANGLE,OTM_STRANGLE_2024-12-06_2024-12-12,2024-12-06,75000.0,75000.0,130000.0,SKIPPED_INSUFFICIENT_MARGIN
OTM_STRANGLE,OTM_STRANGLE_2024-12-13_2024-12-19,2024-12-13,75000.0,75000.0,130000.0,SKIPPED_INSUFFICIENT_MARGIN
OTM_STRANGLE,OTM_STRANGLE_2024-12-20_2024-12-26,2024-12-20,75000.0,75000.0,130000.0,SKIPPED_INSUFFICIENT_MARGIN
OTM_STRANGLE,OTM_STRANGLE_2024-12-27_2025-01-02,2024-12-27,75000.0,75000.0,130000.0,SKIPPED_INSUFFICIENT_MARGIN
OTM_STRANGLE,OTM_STRANGLE_2025-01-03_2025-01-09,2025-01-03,75000.0,75000.0,130000.0,SKIPPED_INSUFFICIENT_MARGIN
OTM_STRANGLE,OTM_STRANGLE_2025-01-10_2025-01-16,2025-01-10,75000.0,75000.0,130000.0,SKIPPED_INSUFFICIENT_MARGIN
OTM_STRANGLE,OTM_STRANGLE_2025-01-17_2025-01-23,2025-01-17,75000.0,75000.0,130000.0,SKIPPED_INSUFFICIENT_MARGIN
OTM_STRANGLE,OTM_STRANGLE_2025-01-24_2025-01-30,2025-01-24,75000.0,75000.0,130000.0,SKIPPED_INSUFFICIENT_MARGIN
OTM_STRANGLE,OTM_STRANGLE_2025-01-31_2025-02-06,2025-01-31,75000.0,75000.0,130000.0,SKIPPED_INSUFFICIENT_MARGIN
OTM_STRANGLE,OTM_STRANGLE_2025-02-07_2025-02-13,2025-02-07,75000.0,75000.0,130000.0,SKIPPED_INSUFFICIENT_MARGIN
OTM_STRANGLE,OTM_STRANGLE_2025-02-14_2025-02-20,2025-02-14,75000.0,75000.0,130000.0,SKIPPED_INSUFFICIENT_MARGIN
OTM_STRANGLE,OTM_STRANGLE_2025-02-21_2025-02-27,2025-02-21,75000.0,75000.0,130000.0,SKIPPED_INSUFFICIENT_MARGIN
OTM_STRANGLE,OTM_STRANGLE_2025-02-28_2025-03-06,2025-02-28,75000.0,75000.0,130000.0,SKIPPED_INSUFFICIENT_MARGIN
OTM_STRANGLE,OTM_STRANGLE_2025-03-07_2025-03-13,2025-03-07,75000.0,75000.0,130000.0,SKIPPED_INSUFFICIENT_MARGIN
OTM_STRANGLE,OTM_STRANGLE_2025-03-17_2025-03-20,2025-03-17,75000.0,75000.0,130000.0,SKIPPED_INSUFFICIENT_MARGIN
OTM_STRANGLE,OTM_STRANGLE_2025-03-21_2025-03-27,2025-03-21,75000.0,75000.0,130000.0,SKIPPED_INSUFFICIENT_MARGIN
OTM_STRANGLE,OTM_STRANGLE_2025-03-28_2025-04-03,2025-03-28,75000.0,75000.0,130000.0,SKIPPED_INSUFFICIENT_MARGIN
OTM_STRANGLE,OTM_STRANGLE_2025-04-04_2025-04-09,2025-04-04,75000.0,75000.0,130000.0,SKIPPED_INSUFFICIENT_MARGIN
OTM_STRANGLE,OTM_STRANGLE_2025-04-11_2025-04-17,2025-04-11,75000.0,75000.0,130000.0,SKIPPED_INSUFFICIENT_MARGIN
OTM_STRANGLE,OTM_STRANGLE_2025-04-21_2025-04-24,2025-04-21,75000.0,75000.0,130000.0,SKIPPED_INSUFFICIENT_MARGIN
OTM_STRANGLE,OTM_STRANGLE_2025-04-25_2025-04-30,2025-04-25,75000.0,75000.0,130000.0,SKIPPED_INSUFFICIENT_MARGIN
OTM_STRANGLE,OTM_STRANGLE_2025-05-02_2025-05-08,2025-05-02,75000.0,75000.0,130000.0,SKIPPED_INSUFFICIENT_MARGIN
OTM_STRANGLE,OTM_STRANGLE_2025-05-09_2025-05-15,2025-05-09,75000.0,75000.0,130000.0,SKIPPED_INSUFFICIENT_MARGIN
OTM_STRANGLE,OTM_STRANGLE_2025-05-16_2025-05-22,2025-05-16,75000.0,75000.0,130000.0,SKIPPED_INSUFFICIENT_MARGIN
OTM_STRANGLE,OTM_STRANGLE_2025-05-23_2025-05-29,2025-05-23,75000.0,75000.0,130000.0,SKIPPED_INSUFFICIENT_MARGIN
OTM_STRANGLE,OTM_STRANGLE_2025-05-30_2025-06-05,2025-05-30,75000.0,75000.0,130000.0,SKIPPED_INSUFFICIENT_MARGIN
OTM_STRANGLE,OTM_STRANGLE_2025-06-06_2025-06-12,2025-06-06,75000.0,75000.0,130000.0,SKIPPED_INSUFFICIENT_MARGIN
OTM_STRANGLE,OTM_STRANGLE_2025-06-13_2025-06-19,2025-06-13,75000.0,75000.0,130000.0,SKIPPED_INSUFFICIENT_MARGIN
OTM_STRANGLE,OTM_STRANGLE_2025-06-20_2025-06-26,2025-06-20,75000.0,75000.0,130000.0,SKIPPED_INSUFFICIENT_MARGIN
OTM_STRANGLE,OTM_STRANGLE_2025-06-27_2025-07-03,2025-06-27,75000.0,75000.0,130000.0,SKIPPED_INSUFFICIENT_MARGIN
OTM_STRANGLE,OTM_STRANGLE_2025-07-04_2025-07-10,2025-07-04,75000.0,75000.0,130000.0,SKIPPED_INSUFFICIENT_MARGIN
OTM_STRANGLE,OTM_STRANGLE_2025-07-11_2025-07-17,2025-07-11,75000.0,75000.0,130000.0,SKIPPED_INSUFFICIENT_MARGIN
OTM_STRANGLE,OTM_STRANGLE_2025-07-18_2025-07-24,2025-07-18,75000.0,75000.0,130000.0,SKIPPED_INSUFFICIENT_MARGIN
OTM_STRANGLE,OTM_STRANGLE_2025-07-25_2025-07-31,2025-07-25,75000.0,75000.0,130000.0,SKIPPED_INSUFFICIENT_MARGIN
OTM_STRANGLE,OTM_STRANGLE_2025-08-01_2025-08-07,2025-08-01,75000.0,75000.0,130000.0,SKIPPED_INSUFFICIENT_MARGIN
OTM_STRANGLE,OTM_STRANGLE_2025-08-08_2025-08-14,2025-08-08,75000.0,75000.0,130000.0,SKIPPED_INSUFFICIENT_MARGIN
OTM_STRANGLE,OTM_STRANGLE_2025-08-18_2025-08-21,2025-08-18,75000.0,75000.0,130000.0,SKIPPED_INSUFFICIENT_MARGIN
OTM_STRANGLE,OTM_STRANGLE_2025-08-22_2025-08-28,2025-08-22,75000.0,75000.0,130000.0,SKIPPED_INSUFFICIENT_MARGIN
OTM_STRANGLE,OTM_STRANGLE_2025-08-29_2025-09-02,2025-08-29,75000.0,75000.0,130000.0,SKIPPED_INSUFFICIENT_MARGIN
OTM_STRANGLE,OTM_STRANGLE_2025-09-03_2025-09-09,2025-09-03,75000.0,75000.0,130000.0,SKIPPED_INSUFFICIENT_MARGIN
OTM_STRANGLE,OTM_STRANGLE_2025-09-10_2025-09-16,2025-09-10,75000.0,75000.0,130000.0,SKIPPED_INSUFFICIENT_MARGIN
OTM_STRANGLE,OTM_STRANGLE_2025-09-17_2025-09-23,2025-09-17,75000.0,75000.0,130000.0,SKIPPED_INSUFFICIENT_MARGIN
OTM_STRANGLE,OTM_STRANGLE_2025-09-26_2025-09-30,2025-09-26,75000.0,75000.0,130000.0,SKIPPED_INSUFFICIENT_MARGIN
OTM_STRANGLE,OTM_STRANGLE_2025-10-01_2025-10-07,2025-10-01,75000.0,75000.0,130000.0,SKIPPED_INSUFFICIENT_MARGIN
OTM_STRANGLE,OTM_STRANGLE_2025-10-08_2025-10-14,2025-10-08,75000.0,75000.0,130000.0,SKIPPED_INSUFFICIENT_MARGIN
OTM_STRANGLE,OTM_STRANGLE_2025-10-15_2025-10-20,2025-10-15,75000.0,75000.0,130000.0,SKIPPED_INSUFFICIENT_MARGIN
OTM_STRANGLE,OTM_STRANGLE_2025-10-21_2025-10-28,2025-10-21,75000.0,75000.0,130000.0,SKIPPED_INSUFFICIENT_MARGIN
OTM_STRANGLE,OTM_STRANGLE_2025-10-29_2025-11-04,2025-10-29,75000.0,75000.0,130000.0,SKIPPED_INSUFFICIENT_MARGIN
OTM_STRANGLE,OTM_STRANGLE_2025-11-06_2025-11-11,2025-11-06,75000.0,75000.0,130000.0,SKIPPED_INSUFFICIENT_MARGIN
OTM_STRANGLE,OTM_STRANGLE_2025-11-12_2025-11-18,2025-11-12,75000.0,75000.0,130000.0,SKIPPED_INSUFFICIENT_MARGIN
OTM_STRANGLE,OTM_STRANGLE_2025-11-19_2025-11-25,2025-11-19,75000.0,75000.0,130000.0,SKIPPED_INSUFFICIENT_MARGIN
OTM_STRANGLE,OTM_STRANGLE_2025-11-26_2025-12-02,2025-11-26,75000.0,75000.0,130000.0,SKIPPED_INSUFFICIENT_MARGIN
OTM_STRANGLE,OTM_STRANGLE_2025-12-03_2025-12-09,2025-12-03,75000.0,75000.0,130000.0,SKIPPED_INSUFFICIENT_MARGIN
OTM_STRANGLE,OTM_STRANGLE_2025-12-10_2025-12-16,2025-12-10,75000.0,75000.0,130000.0,SKIPPED_INSUFFICIENT_MARGIN
OTM_STRANGLE,OTM_STRANGLE_2025-12-17_2025-12-23,2025-12-17,75000.0,75000.0,130000.0,SKIPPED_INSUFFICIENT_MARGIN
OTM_STRANGLE,OTM_STRANGLE_2025-12-26_2025-12-30,2025-12-26,75000.0,75000.0,130000.0,SKIPPED_INSUFFICIENT_MARGIN
OTM_STRANGLE,OTM_STRANGLE_2025-12-31_2026-01-06,2025-12-31,75000.0,75000.0,130000.0,SKIPPED_INSUFFICIENT_MARGIN
OTM_STRANGLE,OTM_STRANGLE_2026-01-07_2026-01-13,2026-01-07,75000.0,75000.0,130000.0,SKIPPED_INSUFFICIENT_MARGIN
OTM_STRANGLE,OTM_STRANGLE_2026-01-14_2026-01-20,2026-01-14,75000.0,75000.0,130000.0,SKIPPED_INSUFFICIENT_MARGIN
OTM_STRANGLE,OTM_STRANGLE_2026-01-21_2026-01-27,2026-01-21,75000.0,75000.0,130000.0,SKIPPED_INSUFFICIENT_MARGIN
OTM_STRANGLE,OTM_STRANGLE_2026-01-28_2026-02-03,2026-01-28,75000.0,75000.0,130000.0,SKIPPED_INSUFFICIENT_MARGIN
OTM_STRANGLE,OTM_STRANGLE_2026-02-04_2026-02-10,2026-02-04,75000.0,75000.0,130000.0,SKIPPED_INSUFFICIENT_MARGIN
OTM_STRANGLE,OTM_STRANGLE_2026-02-11_2026-02-17,2026-02-11,75000.0,75000.0,130000.0,SKIPPED_INSUFFICIENT_MARGIN
OTM_STRANGLE,OTM_STRANGLE_2026-02-18_2026-02-24,2026-02-18,75000.0,75000.0,130000.0,SKIPPED_INSUFFICIENT_MARGIN
OTM_STRANGLE,OTM_STRANGLE_2026-02-25_2026-03-02,2026-02-25,75000.0,75000.0,130000.0,SKIPPED_INSUFFICIENT_MARGIN
OTM_STRANGLE,OTM_STRANGLE_2026-03-04_2026-03-10,2026-03-04,75000.0,75000.0,130000.0,SKIPPED_INSUFFICIENT_MARGIN
OTM_STRANGLE,OTM_STRANGLE_2026-03-11_2026-03-17,2026-03-11,75000.0,75000.0,130000.0,SKIPPED_INSUFFICIENT_MARGIN
OTM_STRANGLE,OTM_STRANGLE_2026-03-18_2026-03-24,2026-03-18,75000.0,75000.0,130000.0,SKIPPED_INSUFFICIENT_MARGIN
OTM_STRANGLE,OTM_STRANGLE_2026-03-27_2026-03-30,2026-03-27,75000.0,75000.0,130000.0,SKIPPED_INSUFFICIENT_MARGIN
OTM_STRANGLE,OTM_STRANGLE_2026-04-01_2026-04-07,2026-04-01,75000.0,75000.0,130000.0,SKIPPED_INSUFFICIENT_MARGIN
OTM_STRANGLE,OTM_STRANGLE_2026-04-08_2026-04-13,2026-04-08,75000.0,75000.0,130000.0,SKIPPED_INSUFFICIENT_MARGIN
OTM_STRANGLE,OTM_STRANGLE_2026-04-15_2026-04-21,2026-04-15,75000.0,75000.0,130000.0,SKIPPED_INSUFFICIENT_MARGIN
OTM_STRANGLE,OTM_STRANGLE_2026-04-22_2026-04-28,2026-04-22,75000.0,75000.0,130000.0,SKIPPED_INSUFFICIENT_MARGIN
OTM_STRANGLE,OTM_STRANGLE_2026-04-29_2026-05-05,2026-04-29,75000.0,75000.0,130000.0,SKIPPED_INSUFFICIENT_MARGIN
OTM_STRANGLE,OTM_STRANGLE_2026-05-06_2026-05-12,2026-05-06,75000.0,75000.0,130000.0,SKIPPED_INSUFFICIENT_MARGIN
OTM_STRANGLE,OTM_STRANGLE_2026-05-13_2026-05-19,2026-05-13,75000.0,75000.0,130000.0,SKIPPED_INSUFFICIENT_MARGIN
OTM_STRANGLE,OTM_STRANGLE_2026-05-20_2026-05-26,2026-05-20,75000.0,75000.0,130000.0,SKIPPED_INSUFFICIENT_MARGIN
OTM_STRANGLE,OTM_STRANGLE_2026-05-27_2026-06-02,2026-05-27,75000.0,75000.0,130000.0,SKIPPED_INSUFFICIENT_MARGIN
OTM_STRANGLE,OTM_STRANGLE_2026-06-03_2026-06-09,2026-06-03,75000.0,75000.0,130000.0,SKIPPED_INSUFFICIENT_MARGIN
OTM_STRANGLE,OTM_STRANGLE_2026-06-10_2026-06-16,2026-06-10,75000.0,75000.0,130000.0,SKIPPED_INSUFFICIENT_MARGIN
OTM_STRANGLE,OTM_STRANGLE_2026-06-17_2026-06-23,2026-06-17,75000.0,75000.0,130000.0,SKIPPED_INSUFFICIENT_MARGIN
OTM_STRANGLE,OTM_STRANGLE_2026-06-29_2026-06-30,2026-06-29,75000.0,75000.0,130000.0,SKIPPED_INSUFFICIENT_MARGIN
OTM_STRANGLE,OTM_STRANGLE_2026-07-01_2026-07-07,2026-07-01,75000.0,75000.0,130000.0,SKIPPED_INSUFFICIENT_MARGIN
OTM_STRANGLE,OTM_STRANGLE_2026-07-08_2026-07-14,2026-07-08,75000.0,75000.0,130000.0,SKIPPED_INSUFFICIENT_MARGIN
OTM_STRANGLE,OTM_STRANGLE_2026-07-15_2026-07-21,2026-07-15,75000.0,75000.0,130000.0,SKIPPED_INSUFFICIENT_MARGIN
OTM_STRANGLE,OTM_STRANGLE_2026-07-22_2026-07-28,2026-07-22,75000.0,75000.0,130000.0,SKIPPED_INSUFFICIENT_MARGIN
OTM_STRANGLE,OTM_STRANGLE_2026-07-29_2026-08-04,2026-07-29,75000.0,75000.0,130000.0,SKIPPED_INSUFFICIENT_MARGIN
OTM_STRANGLE,OTM_STRANGLE_2026-08-05_2026-08-11,2026-08-05,75000.0,75000.0,130000.0,SKIPPED_INSUFFICIENT_MARGIN
OTM_STRANGLE,OTM_STRANGLE_2026-08-12_2026-08-18,2026-08-12,75000.0,75000.0,130000.0,SKIPPED_INSUFFICIENT_MARGIN
OTM_STRANGLE,OTM_STRANGLE_2026-08-19_2026-08-25,2026-08-19,75000.0,75000.0,130000.0,SKIPPED_INSUFFICIENT_MARGIN
OTM_STRANGLE,OTM_STRANGLE_2026-08-26_2026-09-01,2026-08-26,75000.0,75000.0,130000.0,SKIPPED_INSUFFICIENT_MARGIN
OTM_STRANGLE,OTM_STRANGLE_2026-09-02_2026-09-08,2026-09-02,75000.0,75000.0,130000.0,SKIPPED_INSUFFICIENT_MARGIN
OTM_STRANGLE,OTM_STRANGLE_2026-09-09_2026-09-15,2026-09-09,75000.0,75000.0,130000.0,SKIPPED_INSUFFICIENT_MARGIN
OTM_STRANGLE,OTM_STRANGLE_2020-01-31_2020-02-06,2020-01-31,100000.0,100000.0,130000.0,SKIPPED_INSUFFICIENT_MARGIN
OTM_STRANGLE,OTM_STRANGLE_2020-02-24_2020-02-27,2020-02-24,100000.0,100000.0,130000.0,SKIPPED_INSUFFICIENT_MARGIN
OTM_STRANGLE,OTM_STRANGLE_2020-02-28_2020-03-05,2020-02-28,100000.0,100000.0,130000.0,SKIPPED_INSUFFICIENT_MARGIN
OTM_STRANGLE,OTM_STRANGLE_2020-03-06_2020-03-12,2020-03-06,100000.0,100000.0,130000.0,SKIPPED_INSUFFICIENT_MARGIN
OTM_STRANGLE,OTM_STRANGLE_2020-03-13_2020-03-19,2020-03-13,100000.0,100000.0,130000.0,SKIPPED_INSUFFICIENT_MARGIN
OTM_STRANGLE,OTM_STRANGLE_2020-03-20_2020-03-26,2020-03-20,100000.0,100000.0,130000.0,SKIPPED_INSUFFICIENT_MARGIN
OTM_STRANGLE,OTM_STRANGLE_2020-04-03_2020-04-09,2020-04-03,100000.0,100000.0,130000.0,SKIPPED_INSUFFICIENT_MARGIN
OTM_STRANGLE,OTM_STRANGLE_2020-04-13_2020-04-16,2020-04-13,100000.0,100000.0,130000.0,SKIPPED_INSUFFICIENT_MARGIN
OTM_STRANGLE,OTM_STRANGLE_2020-04-24_2020-04-30,2020-04-24,100000.0,100000.0,130000.0,SKIPPED_INSUFFICIENT_MARGIN
OTM_STRANGLE,OTM_STRANGLE_2020-05-08_2020-05-14,2020-05-08,100000.0,100000.0,130000.0,SKIPPED_INSUFFICIENT_MARGIN
OTM_STRANGLE,OTM_STRANGLE_2020-05-15_2020-05-21,2020-05-15,100000.0,100000.0,130000.0,SKIPPED_INSUFFICIENT_MARGIN
OTM_STRANGLE,OTM_STRANGLE_2020-05-22_2020-05-28,2020-05-22,100000.0,100000.0,130000.0,SKIPPED_INSUFFICIENT_MARGIN
OTM_STRANGLE,OTM_STRANGLE_2020-05-29_2020-06-04,2020-05-29,100000.0,100000.0,130000.0,SKIPPED_INSUFFICIENT_MARGIN
OTM_STRANGLE,OTM_STRANGLE_2020-06-05_2020-06-11,2020-06-05,100000.0,100000.0,130000.0,SKIPPED_INSUFFICIENT_MARGIN
OTM_STRANGLE,OTM_STRANGLE_2020-06-12_2020-06-18,2020-06-12,100000.0,100000.0,130000.0,SKIPPED_INSUFFICIENT_MARGIN
OTM_STRANGLE,OTM_STRANGLE_2020-06-19_2020-06-25,2020-06-19,100000.0,100000.0,130000.0,SKIPPED_INSUFFICIENT_MARGIN
OTM_STRANGLE,OTM_STRANGLE_2020-06-26_2020-07-02,2020-06-26,100000.0,100000.0,130000.0,SKIPPED_INSUFFICIENT_MARGIN
OTM_STRANGLE,OTM_STRANGLE_2020-07-17_2020-07-23,2020-07-17,100000.0,100000.0,130000.0,SKIPPED_INSUFFICIENT_MARGIN
OTM_STRANGLE,OTM_STRANGLE_2020-08-14_2020-08-20,2020-08-14,100000.0,100000.0,130000.0,SKIPPED_INSUFFICIENT_MARGIN
OTM_STRANGLE,OTM_STRANGLE_2020-08-21_2020-08-27,2020-08-21,100000.0,100000.0,130000.0,SKIPPED_INSUFFICIENT_MARGIN
OTM_STRANGLE,OTM_STRANGLE_2020-08-28_2020-09-03,2020-08-28,100000.0,100000.0,130000.0,SKIPPED_INSUFFICIENT_MARGIN
OTM_STRANGLE,OTM_STRANGLE_2020-09-04_2020-09-10,2020-09-04,100000.0,100000.0,130000.0,SKIPPED_INSUFFICIENT_MARGIN
OTM_STRANGLE,OTM_STRANGLE_2020-09-11_2020-09-17,2020-09-11,100000.0,100000.0,130000.0,SKIPPED_INSUFFICIENT_MARGIN
OTM_STRANGLE,OTM_STRANGLE_2020-09-18_2020-09-24,2020-09-18,100000.0,100000.0,130000.0,SKIPPED_INSUFFICIENT_MARGIN
OTM_STRANGLE,OTM_STRANGLE_2020-09-25_2020-10-01,2020-09-25,100000.0,100000.0,130000.0,SKIPPED_INSUFFICIENT_MARGIN
OTM_STRANGLE,OTM_STRANGLE_2020-10-05_2020-10-08,2020-10-05,100000.0,100000.0,130000.0,SKIPPED_INSUFFICIENT_MARGIN
OTM_STRANGLE,OTM_STRANGLE_2020-10-16_2020-10-22,2020-10-16,100000.0,100000.0,130000.0,SKIPPED_INSUFFICIENT_MARGIN
OTM_STRANGLE,OTM_STRANGLE_2020-10-23_2020-10-29,2020-10-23,100000.0,100000.0,130000.0,SKIPPED_INSUFFICIENT_MARGIN
OTM_STRANGLE,OTM_STRANGLE_2020-10-30_2020-11-05,2020-10-30,100000.0,100000.0,130000.0,SKIPPED_INSUFFICIENT_MARGIN
OTM_STRANGLE,OTM_STRANGLE_2020-11-06_2020-11-12,2020-11-06,100000.0,100000.0,130000.0,SKIPPED_INSUFFICIENT_MARGIN
OTM_STRANGLE,OTM_STRANGLE_2020-11-20_2020-11-26,2020-11-20,100000.0,100000.0,130000.0,SKIPPED_INSUFFICIENT_MARGIN
OTM_STRANGLE,OTM_STRANGLE_2020-11-27_2020-12-03,2020-11-27,100000.0,100000.0,130000.0,SKIPPED_INSUFFICIENT_MARGIN
OTM_STRANGLE,OTM_STRANGLE_2020-12-04_2020-12-10,2020-12-04,100000.0,100000.0,130000.0,SKIPPED_INSUFFICIENT_MARGIN
OTM_STRANGLE,OTM_STRANGLE_2020-12-11_2020-12-17,2020-12-11,100000.0,100000.0,130000.0,SKIPPED_INSUFFICIENT_MARGIN
OTM_STRANGLE,OTM_STRANGLE_2020-12-18_2020-12-24,2020-12-18,100000.0,100000.0,130000.0,SKIPPED_INSUFFICIENT_MARGIN
OTM_STRANGLE,OTM_STRANGLE_2021-01-01_2021-01-07,2021-01-01,100000.0,100000.0,130000.0,SKIPPED_INSUFFICIENT_MARGIN
OTM_STRANGLE,OTM_STRANGLE_2021-01-08_2021-01-14,2021-01-08,100000.0,100000.0,130000.0,SKIPPED_INSUFFICIENT_MARGIN
OTM_STRANGLE,OTM_STRANGLE_2021-01-15_2021-01-21,2021-01-15,100000.0,100000.0,130000.0,SKIPPED_INSUFFICIENT_MARGIN
OTM_STRANGLE,OTM_STRANGLE_2021-01-22_2021-01-28,2021-01-22,100000.0,100000.0,130000.0,SKIPPED_INSUFFICIENT_MARGIN
OTM_STRANGLE,OTM_STRANGLE_2021-01-29_2021-02-04,2021-01-29,100000.0,100000.0,130000.0,SKIPPED_INSUFFICIENT_MARGIN
OTM_STRANGLE,OTM_STRANGLE_2021-02-05_2021-02-11,2021-02-05,100000.0,100000.0,130000.0,SKIPPED_INSUFFICIENT_MARGIN
OTM_STRANGLE,OTM_STRANGLE_2021-02-12_2021-02-18,2021-02-12,100000.0,100000.0,130000.0,SKIPPED_INSUFFICIENT_MARGIN
OTM_STRANGLE,OTM_STRANGLE_2021-02-19_2021-02-25,2021-02-19,100000.0,100000.0,130000.0,SKIPPED_INSUFFICIENT_MARGIN
OTM_STRANGLE,OTM_STRANGLE_2021-02-26_2021-03-04,2021-02-26,100000.0,100000.0,130000.0,SKIPPED_INSUFFICIENT_MARGIN
OTM_STRANGLE,OTM_STRANGLE_2021-03-05_2021-03-10,2021-03-05,100000.0,100000.0,130000.0,SKIPPED_INSUFFICIENT_MARGIN
OTM_STRANGLE,OTM_STRANGLE_2021-03-12_2021-03-18,2021-03-12,100000.0,100000.0,130000.0,SKIPPED_INSUFFICIENT_MARGIN
OTM_STRANGLE,OTM_STRANGLE_2021-03-26_2021-04-01,2021-03-26,100000.0,100000.0,130000.0,SKIPPED_INSUFFICIENT_MARGIN
OTM_STRANGLE,OTM_STRANGLE_2021-04-05_2021-04-08,2021-04-05,100000.0,100000.0,130000.0,SKIPPED_INSUFFICIENT_MARGIN
OTM_STRANGLE,OTM_STRANGLE_2021-04-09_2021-04-15,2021-04-09,100000.0,100000.0,130000.0,SKIPPED_INSUFFICIENT_MARGIN
OTM_STRANGLE,OTM_STRANGLE_2021-04-16_2021-04-22,2021-04-16,100000.0,100000.0,130000.0,SKIPPED_INSUFFICIENT_MARGIN
OTM_STRANGLE,OTM_STRANGLE_2021-04-23_2021-04-29,2021-04-23,100000.0,100000.0,130000.0,SKIPPED_INSUFFICIENT_MARGIN
OTM_STRANGLE,OTM_STRANGLE_2021-04-30_2021-05-06,2021-04-30,100000.0,100000.0,130000.0,SKIPPED_INSUFFICIENT_MARGIN
OTM_STRANGLE,OTM_STRANGLE_2021-05-07_2021-05-12,2021-05-07,100000.0,100000.0,130000.0,SKIPPED_INSUFFICIENT_MARGIN
OTM_STRANGLE,OTM_STRANGLE_2021-05-14_2021-05-20,2021-05-14,100000.0,100000.0,130000.0,SKIPPED_INSUFFICIENT_MARGIN
OTM_STRANGLE,OTM_STRANGLE_2021-05-21_2021-05-27,2021-05-21,100000.0,100000.0,130000.0,SKIPPED_INSUFFICIENT_MARGIN
OTM_STRANGLE,OTM_STRANGLE_2021-05-28_2021-06-03,2021-05-28,100000.0,100000.0,130000.0,SKIPPED_INSUFFICIENT_MARGIN
OTM_STRANGLE,OTM_STRANGLE_2021-06-04_2021-06-10,2021-06-04,100000.0,100000.0,130000.0,SKIPPED_INSUFFICIENT_MARGIN
OTM_STRANGLE,OTM_STRANGLE_2021-06-11_2021-06-17,2021-06-11,100000.0,100000.0,130000.0,SKIPPED_INSUFFICIENT_MARGIN
OTM_STRANGLE,OTM_STRANGLE_2021-06-18_2021-06-24,2021-06-18,100000.0,100000.0,130000.0,SKIPPED_INSUFFICIENT_MARGIN
OTM_STRANGLE,OTM_STRANGLE_2021-06-25_2021-07-01,2021-06-25,100000.0,100000.0,130000.0,SKIPPED_INSUFFICIENT_MARGIN
OTM_STRANGLE,OTM_STRANGLE_2021-07-02_2021-07-08,2021-07-02,100000.0,100000.0,130000.0,SKIPPED_INSUFFICIENT_MARGIN
OTM_STRANGLE,OTM_STRANGLE_2021-07-09_2021-07-15,2021-07-09,100000.0,100000.0,130000.0,SKIPPED_INSUFFICIENT_MARGIN
OTM_STRANGLE,OTM_STRANGLE_2021-07-16_2021-07-22,2021-07-16,100000.0,100000.0,130000.0,SKIPPED_INSUFFICIENT_MARGIN
OTM_STRANGLE,OTM_STRANGLE_2021-07-23_2021-07-29,2021-07-23,100000.0,100000.0,130000.0,SKIPPED_INSUFFICIENT_MARGIN
OTM_STRANGLE,OTM_STRANGLE_2021-08-20_2021-08-26,2021-08-20,100000.0,100000.0,130000.0,SKIPPED_INSUFFICIENT_MARGIN
OTM_STRANGLE,OTM_STRANGLE_2021-08-27_2021-09-02,2021-08-27,100000.0,100000.0,130000.0,SKIPPED_INSUFFICIENT_MARGIN
OTM_STRANGLE,OTM_STRANGLE_2021-09-03_2021-09-09,2021-09-03,100000.0,100000.0,130000.0,SKIPPED_INSUFFICIENT_MARGIN
OTM_STRANGLE,OTM_STRANGLE_2021-09-13_2021-09-16,2021-09-13,100000.0,100000.0,130000.0,SKIPPED_INSUFFICIENT_MARGIN
OTM_STRANGLE,OTM_STRANGLE_2021-09-17_2021-09-23,2021-09-17,100000.0,100000.0,130000.0,SKIPPED_INSUFFICIENT_MARGIN
OTM_STRANGLE,OTM_STRANGLE_2021-09-24_2021-09-30,2021-09-24,100000.0,100000.0,130000.0,SKIPPED_INSUFFICIENT_MARGIN
OTM_STRANGLE,OTM_STRANGLE_2021-10-01_2021-10-07,2021-10-01,100000.0,100000.0,130000.0,SKIPPED_INSUFFICIENT_MARGIN
OTM_STRANGLE,OTM_STRANGLE_2021-10-08_2021-10-14,2021-10-08,100000.0,100000.0,130000.0,SKIPPED_INSUFFICIENT_MARGIN
OTM_STRANGLE,OTM_STRANGLE_2021-10-18_2021-10-21,2021-10-18,100000.0,100000.0,130000.0,SKIPPED_INSUFFICIENT_MARGIN
OTM_STRANGLE,OTM_STRANGLE_2021-10-22_2021-10-28,2021-10-22,100000.0,100000.0,130000.0,SKIPPED_INSUFFICIENT_MARGIN
OTM_STRANGLE,OTM_STRANGLE_2021-10-29_2021-11-03,2021-10-29,100000.0,100000.0,130000.0,SKIPPED_INSUFFICIENT_MARGIN
OTM_STRANGLE,OTM_STRANGLE_2021-11-04_2021-11-11,2021-11-04,100000.0,100000.0,130000.0,SKIPPED_INSUFFICIENT_MARGIN
OTM_STRANGLE,OTM_STRANGLE_2021-11-12_2021-11-18,2021-11-12,100000.0,100000.0,130000.0,SKIPPED_INSUFFICIENT_MARGIN
OTM_STRANGLE,OTM_STRANGLE_2021-11-22_2021-11-25,2021-11-22,100000.0,100000.0,130000.0,SKIPPED_INSUFFICIENT_MARGIN
OTM_STRANGLE,OTM_STRANGLE_2021-12-03_2021-12-09,2021-12-03,100000.0,100000.0,130000.0,SKIPPED_INSUFFICIENT_MARGIN
OTM_STRANGLE,OTM_STRANGLE_2021-12-10_2021-12-16,2021-12-10,100000.0,100000.0,130000.0,SKIPPED_INSUFFICIENT_MARGIN
OTM_STRANGLE,OTM_STRANGLE_2021-12-17_2021-12-23,2021-12-17,100000.0,100000.0,130000.0,SKIPPED_INSUFFICIENT_MARGIN
OTM_STRANGLE,OTM_STRANGLE_2021-12-24_2021-12-30,2021-12-24,100000.0,100000.0,130000.0,SKIPPED_INSUFFICIENT_MARGIN
OTM_STRANGLE,OTM_STRANGLE_2021-12-31_2022-01-06,2021-12-31,100000.0,100000.0,130000.0,SKIPPED_INSUFFICIENT_MARGIN
OTM_STRANGLE,OTM_STRANGLE_2022-01-07_2022-01-13,2022-01-07,100000.0,100000.0,130000.0,SKIPPED_INSUFFICIENT_MARGIN
OTM_STRANGLE,OTM_STRANGLE_2022-01-21_2022-01-27,2022-01-21,100000.0,100000.0,130000.0,SKIPPED_INSUFFICIENT_MARGIN
OTM_STRANGLE,OTM_STRANGLE_2022-01-28_2022-02-03,2022-01-28,100000.0,100000.0,130000.0,SKIPPED_INSUFFICIENT_MARGIN
OTM_STRANGLE,OTM_STRANGLE_2022-02-04_2022-02-10,2022-02-04,100000.0,100000.0,130000.0,SKIPPED_INSUFFICIENT_MARGIN
OTM_STRANGLE,OTM_STRANGLE_2022-02-11_2022-02-17,2022-02-11,100000.0,100000.0,130000.0,SKIPPED_INSUFFICIENT_MARGIN
OTM_STRANGLE,OTM_STRANGLE_2022-02-18_2022-02-24,2022-02-18,100000.0,100000.0,130000.0,SKIPPED_INSUFFICIENT_MARGIN
OTM_STRANGLE,OTM_STRANGLE_2022-02-25_2022-03-03,2022-02-25,100000.0,100000.0,130000.0,SKIPPED_INSUFFICIENT_MARGIN
OTM_STRANGLE,OTM_STRANGLE_2022-03-04_2022-03-10,2022-03-04,100000.0,100000.0,130000.0,SKIPPED_INSUFFICIENT_MARGIN
OTM_STRANGLE,OTM_STRANGLE_2022-03-11_2022-03-17,2022-03-11,100000.0,100000.0,130000.0,SKIPPED_INSUFFICIENT_MARGIN
OTM_STRANGLE,OTM_STRANGLE_2022-03-21_2022-03-24,2022-03-21,100000.0,100000.0,130000.0,SKIPPED_INSUFFICIENT_MARGIN
OTM_STRANGLE,OTM_STRANGLE_2022-03-25_2022-03-31,2022-03-25,100000.0,100000.0,130000.0,SKIPPED_INSUFFICIENT_MARGIN
OTM_STRANGLE,OTM_STRANGLE_2022-04-01_2022-04-07,2022-04-01,100000.0,100000.0,130000.0,SKIPPED_INSUFFICIENT_MARGIN
OTM_STRANGLE,OTM_STRANGLE_2022-04-08_2022-04-13,2022-04-08,100000.0,100000.0,130000.0,SKIPPED_INSUFFICIENT_MARGIN
OTM_STRANGLE,OTM_STRANGLE_2022-04-18_2022-04-21,2022-04-18,100000.0,100000.0,130000.0,SKIPPED_INSUFFICIENT_MARGIN
OTM_STRANGLE,OTM_STRANGLE_2022-04-29_2022-05-05,2022-04-29,100000.0,100000.0,130000.0,SKIPPED_INSUFFICIENT_MARGIN
OTM_STRANGLE,OTM_STRANGLE_2022-05-06_2022-05-12,2022-05-06,100000.0,100000.0,130000.0,SKIPPED_INSUFFICIENT_MARGIN
OTM_STRANGLE,OTM_STRANGLE_2022-05-20_2022-05-26,2022-05-20,100000.0,100000.0,130000.0,SKIPPED_INSUFFICIENT_MARGIN
OTM_STRANGLE,OTM_STRANGLE_2022-05-27_2022-06-02,2022-05-27,100000.0,100000.0,130000.0,SKIPPED_INSUFFICIENT_MARGIN
OTM_STRANGLE,OTM_STRANGLE_2022-06-03_2022-06-09,2022-06-03,100000.0,100000.0,130000.0,SKIPPED_INSUFFICIENT_MARGIN
OTM_STRANGLE,OTM_STRANGLE_2022-06-10_2022-06-16,2022-06-10,100000.0,100000.0,130000.0,SKIPPED_INSUFFICIENT_MARGIN
OTM_STRANGLE,OTM_STRANGLE_2022-06-17_2022-06-23,2022-06-17,100000.0,100000.0,130000.0,SKIPPED_INSUFFICIENT_MARGIN
OTM_STRANGLE,OTM_STRANGLE_2022-06-24_2022-06-30,2022-06-24,100000.0,100000.0,130000.0,SKIPPED_INSUFFICIENT_MARGIN
OTM_STRANGLE,OTM_STRANGLE_2022-07-08_2022-07-14,2022-07-08,100000.0,100000.0,130000.0,SKIPPED_INSUFFICIENT_MARGIN
OTM_STRANGLE,OTM_STRANGLE_2022-07-22_2022-07-28,2022-07-22,100000.0,100000.0,130000.0,SKIPPED_INSUFFICIENT_MARGIN
OTM_STRANGLE,OTM_STRANGLE_2022-08-05_2022-08-11,2022-08-05,100000.0,100000.0,130000.0,SKIPPED_INSUFFICIENT_MARGIN
OTM_STRANGLE,OTM_STRANGLE_2022-08-19_2022-08-25,2022-08-19,100000.0,100000.0,130000.0,SKIPPED_INSUFFICIENT_MARGIN
OTM_STRANGLE,OTM_STRANGLE_2022-08-26_2022-09-01,2022-08-26,100000.0,100000.0,130000.0,SKIPPED_INSUFFICIENT_MARGIN
OTM_STRANGLE,OTM_STRANGLE_2022-09-09_2022-09-15,2022-09-09,100000.0,100000.0,130000.0,SKIPPED_INSUFFICIENT_MARGIN
OTM_STRANGLE,OTM_STRANGLE_2022-09-16_2022-09-22,2022-09-16,100000.0,100000.0,130000.0,SKIPPED_INSUFFICIENT_MARGIN
OTM_STRANGLE,OTM_STRANGLE_2022-09-30_2022-10-06,2022-09-30,100000.0,100000.0,130000.0,SKIPPED_INSUFFICIENT_MARGIN
OTM_STRANGLE,OTM_STRANGLE_2022-10-14_2022-10-20,2022-10-14,100000.0,100000.0,130000.0,SKIPPED_INSUFFICIENT_MARGIN
OTM_STRANGLE,OTM_STRANGLE_2022-10-21_2022-10-27,2022-10-21,100000.0,100000.0,130000.0,SKIPPED_INSUFFICIENT_MARGIN
OTM_STRANGLE,OTM_STRANGLE_2022-11-04_2022-11-10,2022-11-04,100000.0,100000.0,130000.0,SKIPPED_INSUFFICIENT_MARGIN
OTM_STRANGLE,OTM_STRANGLE_2022-11-11_2022-11-17,2022-11-11,100000.0,100000.0,130000.0,SKIPPED_INSUFFICIENT_MARGIN
OTM_STRANGLE,OTM_STRANGLE_2022-11-18_2022-11-24,2022-11-18,100000.0,100000.0,130000.0,SKIPPED_INSUFFICIENT_MARGIN
OTM_STRANGLE,OTM_STRANGLE_2022-11-25_2022-12-01,2022-11-25,100000.0,100000.0,130000.0,SKIPPED_INSUFFICIENT_MARGIN
OTM_STRANGLE,OTM_STRANGLE_2022-12-02_2022-12-08,2022-12-02,100000.0,100000.0,130000.0,SKIPPED_INSUFFICIENT_MARGIN
OTM_STRANGLE,OTM_STRANGLE_2022-12-09_2022-12-15,2022-12-09,100000.0,100000.0,130000.0,SKIPPED_INSUFFICIENT_MARGIN
OTM_STRANGLE,OTM_STRANGLE_2022-12-16_2022-12-22,2022-12-16,100000.0,100000.0,130000.0,SKIPPED_INSUFFICIENT_MARGIN
OTM_STRANGLE,OTM_STRANGLE_2022-12-30_2023-01-05,2022-12-30,100000.0,100000.0,130000.0,SKIPPED_INSUFFICIENT_MARGIN
OTM_STRANGLE,OTM_STRANGLE_2023-01-27_2023-02-02,2023-01-27,100000.0,100000.0,130000.0,SKIPPED_INSUFFICIENT_MARGIN
OTM_STRANGLE,OTM_STRANGLE_2023-02-17_2023-02-23,2023-02-17,100000.0,100000.0,130000.0,SKIPPED_INSUFFICIENT_MARGIN
OTM_STRANGLE,OTM_STRANGLE_2023-03-17_2023-03-23,2023-03-17,100000.0,100000.0,130000.0,SKIPPED_INSUFFICIENT_MARGIN
OTM_STRANGLE,OTM_STRANGLE_2023-04-28_2023-05-04,2023-04-28,100000.0,100000.0,130000.0,SKIPPED_INSUFFICIENT_MARGIN
OTM_STRANGLE,OTM_STRANGLE_2023-05-05_2023-05-11,2023-05-05,100000.0,100000.0,130000.0,SKIPPED_INSUFFICIENT_MARGIN
OTM_STRANGLE,OTM_STRANGLE_2023-05-12_2023-05-18,2023-05-12,100000.0,100000.0,130000.0,SKIPPED_INSUFFICIENT_MARGIN
OTM_STRANGLE,OTM_STRANGLE_2023-05-19_2023-05-25,2023-05-19,100000.0,100000.0,130000.0,SKIPPED_INSUFFICIENT_MARGIN
OTM_STRANGLE,OTM_STRANGLE_2023-06-09_2023-06-15,2023-06-09,100000.0,100000.0,130000.0,SKIPPED_INSUFFICIENT_MARGIN
OTM_STRANGLE,OTM_STRANGLE_2023-06-16_2023-06-22,2023-06-16,100000.0,100000.0,130000.0,SKIPPED_INSUFFICIENT_MARGIN
OTM_STRANGLE,OTM_STRANGLE_2023-07-07_2023-07-13,2023-07-07,100000.0,100000.0,130000.0,SKIPPED_INSUFFICIENT_MARGIN
OTM_STRANGLE,OTM_STRANGLE_2023-07-14_2023-07-20,2023-07-14,100000.0,100000.0,130000.0,SKIPPED_INSUFFICIENT_MARGIN
OTM_STRANGLE,OTM_STRANGLE_2023-07-28_2023-08-03,2023-07-28,100000.0,100000.0,130000.0,SKIPPED_INSUFFICIENT_MARGIN
OTM_STRANGLE,OTM_STRANGLE_2023-08-04_2023-08-10,2023-08-04,100000.0,100000.0,130000.0,SKIPPED_INSUFFICIENT_MARGIN
OTM_STRANGLE,OTM_STRANGLE_2023-08-11_2023-08-17,2023-08-11,100000.0,100000.0,130000.0,SKIPPED_INSUFFICIENT_MARGIN
OTM_STRANGLE,OTM_STRANGLE_2023-08-25_2023-08-31,2023-08-25,100000.0,100000.0,130000.0,SKIPPED_INSUFFICIENT_MARGIN
OTM_STRANGLE,OTM_STRANGLE_2023-09-01_2023-09-07,2023-09-01,100000.0,100000.0,130000.0,SKIPPED_INSUFFICIENT_MARGIN
OTM_STRANGLE,OTM_STRANGLE_2023-09-08_2023-09-14,2023-09-08,100000.0,100000.0,130000.0,SKIPPED_INSUFFICIENT_MARGIN
OTM_STRANGLE,OTM_STRANGLE_2023-09-29_2023-10-05,2023-09-29,100000.0,100000.0,130000.0,SKIPPED_INSUFFICIENT_MARGIN
OTM_STRANGLE,OTM_STRANGLE_2023-10-13_2023-10-19,2023-10-13,100000.0,100000.0,130000.0,SKIPPED_INSUFFICIENT_MARGIN
OTM_STRANGLE,OTM_STRANGLE_2023-10-20_2023-10-26,2023-10-20,100000.0,100000.0,130000.0,SKIPPED_INSUFFICIENT_MARGIN
OTM_STRANGLE,OTM_STRANGLE_2023-10-27_2023-11-02,2023-10-27,100000.0,100000.0,130000.0,SKIPPED_INSUFFICIENT_MARGIN
OTM_STRANGLE,OTM_STRANGLE_2023-11-03_2023-11-09,2023-11-03,100000.0,100000.0,130000.0,SKIPPED_INSUFFICIENT_MARGIN
OTM_STRANGLE,OTM_STRANGLE_2023-11-10_2023-11-16,2023-11-10,100000.0,100000.0,130000.0,SKIPPED_INSUFFICIENT_MARGIN
OTM_STRANGLE,OTM_STRANGLE_2023-11-17_2023-11-23,2023-11-17,100000.0,100000.0,130000.0,SKIPPED_INSUFFICIENT_MARGIN
OTM_STRANGLE,OTM_STRANGLE_2023-12-01_2023-12-07,2023-12-01,100000.0,100000.0,130000.0,SKIPPED_INSUFFICIENT_MARGIN
OTM_STRANGLE,OTM_STRANGLE_2023-12-08_2023-12-14,2023-12-08,100000.0,100000.0,130000.0,SKIPPED_INSUFFICIENT_MARGIN
OTM_STRANGLE,OTM_STRANGLE_2023-12-22_2023-12-28,2023-12-22,100000.0,100000.0,130000.0,SKIPPED_INSUFFICIENT_MARGIN
OTM_STRANGLE,OTM_STRANGLE_2023-12-29_2024-01-04,2023-12-29,100000.0,100000.0,130000.0,SKIPPED_INSUFFICIENT_MARGIN
OTM_STRANGLE,OTM_STRANGLE_2024-01-05_2024-01-11,2024-01-05,100000.0,100000.0,130000.0,SKIPPED_INSUFFICIENT_MARGIN
OTM_STRANGLE,OTM_STRANGLE_2024-01-12_2024-01-18,2024-01-12,100000.0,100000.0,130000.0,SKIPPED_INSUFFICIENT_MARGIN
OTM_STRANGLE,OTM_STRANGLE_2024-01-19_2024-01-25,2024-01-19,100000.0,100000.0,130000.0,SKIPPED_INSUFFICIENT_MARGIN
OTM_STRANGLE,OTM_STRANGLE_2024-01-29_2024-02-01,2024-01-29,100000.0,100000.0,130000.0,SKIPPED_INSUFFICIENT_MARGIN
OTM_STRANGLE,OTM_STRANGLE_2024-02-02_2024-02-08,2024-02-02,100000.0,100000.0,130000.0,SKIPPED_INSUFFICIENT_MARGIN
OTM_STRANGLE,OTM_STRANGLE_2024-02-09_2024-02-15,2024-02-09,100000.0,100000.0,130000.0,SKIPPED_INSUFFICIENT_MARGIN
OTM_STRANGLE,OTM_STRANGLE_2024-02-16_2024-02-22,2024-02-16,100000.0,100000.0,130000.0,SKIPPED_INSUFFICIENT_MARGIN
OTM_STRANGLE,OTM_STRANGLE_2024-02-23_2024-02-29,2024-02-23,100000.0,100000.0,130000.0,SKIPPED_INSUFFICIENT_MARGIN
OTM_STRANGLE,OTM_STRANGLE_2024-03-01_2024-03-07,2024-03-01,100000.0,100000.0,130000.0,SKIPPED_INSUFFICIENT_MARGIN
OTM_STRANGLE,OTM_STRANGLE_2024-03-11_2024-03-14,2024-03-11,100000.0,100000.0,130000.0,SKIPPED_INSUFFICIENT_MARGIN
OTM_STRANGLE,OTM_STRANGLE_2024-03-15_2024-03-21,2024-03-15,100000.0,100000.0,130000.0,SKIPPED_INSUFFICIENT_MARGIN
OTM_STRANGLE,OTM_STRANGLE_2024-03-22_2024-03-28,2024-03-22,100000.0,100000.0,130000.0,SKIPPED_INSUFFICIENT_MARGIN
OTM_STRANGLE,OTM_STRANGLE_2024-04-01_2024-04-04,2024-04-01,100000.0,100000.0,130000.0,SKIPPED_INSUFFICIENT_MARGIN
OTM_STRANGLE,OTM_STRANGLE_2024-04-05_2024-04-10,2024-04-05,100000.0,100000.0,130000.0,SKIPPED_INSUFFICIENT_MARGIN
OTM_STRANGLE,OTM_STRANGLE_2024-04-12_2024-04-18,2024-04-12,100000.0,100000.0,130000.0,SKIPPED_INSUFFICIENT_MARGIN
OTM_STRANGLE,OTM_STRANGLE_2024-04-19_2024-04-25,2024-04-19,100000.0,100000.0,130000.0,SKIPPED_INSUFFICIENT_MARGIN
OTM_STRANGLE,OTM_STRANGLE_2024-04-26_2024-05-02,2024-04-26,100000.0,100000.0,130000.0,SKIPPED_INSUFFICIENT_MARGIN
OTM_STRANGLE,OTM_STRANGLE_2024-05-03_2024-05-09,2024-05-03,100000.0,100000.0,130000.0,SKIPPED_INSUFFICIENT_MARGIN
OTM_STRANGLE,OTM_STRANGLE_2024-05-10_2024-05-16,2024-05-10,100000.0,100000.0,130000.0,SKIPPED_INSUFFICIENT_MARGIN
OTM_STRANGLE,OTM_STRANGLE_2024-05-17_2024-05-23,2024-05-17,100000.0,100000.0,130000.0,SKIPPED_INSUFFICIENT_MARGIN
OTM_STRANGLE,OTM_STRANGLE_2024-05-24_2024-05-30,2024-05-24,100000.0,100000.0,130000.0,SKIPPED_INSUFFICIENT_MARGIN
OTM_STRANGLE,OTM_STRANGLE_2024-05-31_2024-06-06,2024-05-31,100000.0,100000.0,130000.0,SKIPPED_INSUFFICIENT_MARGIN
OTM_STRANGLE,OTM_STRANGLE_2024-06-07_2024-06-13,2024-06-07,100000.0,100000.0,130000.0,SKIPPED_INSUFFICIENT_MARGIN
OTM_STRANGLE,OTM_STRANGLE_2024-06-14_2024-06-20,2024-06-14,100000.0,100000.0,130000.0,SKIPPED_INSUFFICIENT_MARGIN
OTM_STRANGLE,OTM_STRANGLE_2024-06-21_2024-06-27,2024-06-21,100000.0,100000.0,130000.0,SKIPPED_INSUFFICIENT_MARGIN
OTM_STRANGLE,OTM_STRANGLE_2024-06-28_2024-07-04,2024-06-28,100000.0,100000.0,130000.0,SKIPPED_INSUFFICIENT_MARGIN
OTM_STRANGLE,OTM_STRANGLE_2024-07-05_2024-07-11,2024-07-05,100000.0,100000.0,130000.0,SKIPPED_INSUFFICIENT_MARGIN
OTM_STRANGLE,OTM_STRANGLE_2024-07-12_2024-07-18,2024-07-12,100000.0,100000.0,130000.0,SKIPPED_INSUFFICIENT_MARGIN
OTM_STRANGLE,OTM_STRANGLE_2024-07-19_2024-07-25,2024-07-19,100000.0,100000.0,130000.0,SKIPPED_INSUFFICIENT_MARGIN
OTM_STRANGLE,OTM_STRANGLE_2024-07-26_2024-08-01,2024-07-26,100000.0,100000.0,130000.0,SKIPPED_INSUFFICIENT_MARGIN
OTM_STRANGLE,OTM_STRANGLE_2024-08-02_2024-08-08,2024-08-02,100000.0,100000.0,130000.0,SKIPPED_INSUFFICIENT_MARGIN
OTM_STRANGLE,OTM_STRANGLE_2024-08-09_2024-08-14,2024-08-09,100000.0,100000.0,130000.0,SKIPPED_INSUFFICIENT_MARGIN
OTM_STRANGLE,OTM_STRANGLE_2024-08-16_2024-08-22,2024-08-16,100000.0,100000.0,130000.0,SKIPPED_INSUFFICIENT_MARGIN
OTM_STRANGLE,OTM_STRANGLE_2024-08-23_2024-08-29,2024-08-23,100000.0,100000.0,130000.0,SKIPPED_INSUFFICIENT_MARGIN
OTM_STRANGLE,OTM_STRANGLE_2024-08-30_2024-09-05,2024-08-30,100000.0,100000.0,130000.0,SKIPPED_INSUFFICIENT_MARGIN
OTM_STRANGLE,OTM_STRANGLE_2024-09-06_2024-09-12,2024-09-06,100000.0,100000.0,130000.0,SKIPPED_INSUFFICIENT_MARGIN
OTM_STRANGLE,OTM_STRANGLE_2024-09-13_2024-09-19,2024-09-13,100000.0,100000.0,130000.0,SKIPPED_INSUFFICIENT_MARGIN
OTM_STRANGLE,OTM_STRANGLE_2024-09-20_2024-09-26,2024-09-20,100000.0,100000.0,130000.0,SKIPPED_INSUFFICIENT_MARGIN
OTM_STRANGLE,OTM_STRANGLE_2024-09-27_2024-10-03,2024-09-27,100000.0,100000.0,130000.0,SKIPPED_INSUFFICIENT_MARGIN
OTM_STRANGLE,OTM_STRANGLE_2024-10-04_2024-10-10,2024-10-04,100000.0,100000.0,130000.0,SKIPPED_INSUFFICIENT_MARGIN
OTM_STRANGLE,OTM_STRANGLE_2024-10-11_2024-10-17,2024-10-11,100000.0,100000.0,130000.0,SKIPPED_INSUFFICIENT_MARGIN
OTM_STRANGLE,OTM_STRANGLE_2024-10-18_2024-10-24,2024-10-18,100000.0,100000.0,130000.0,SKIPPED_INSUFFICIENT_MARGIN
OTM_STRANGLE,OTM_STRANGLE_2024-10-25_2024-10-31,2024-10-25,100000.0,100000.0,130000.0,SKIPPED_INSUFFICIENT_MARGIN
OTM_STRANGLE,OTM_STRANGLE_2024-11-01_2024-11-07,2024-11-01,100000.0,100000.0,130000.0,SKIPPED_INSUFFICIENT_MARGIN
OTM_STRANGLE,OTM_STRANGLE_2024-11-08_2024-11-14,2024-11-08,100000.0,100000.0,130000.0,SKIPPED_INSUFFICIENT_MARGIN
OTM_STRANGLE,OTM_STRANGLE_2024-11-18_2024-11-21,2024-11-18,100000.0,100000.0,130000.0,SKIPPED_INSUFFICIENT_MARGIN
OTM_STRANGLE,OTM_STRANGLE_2024-11-22_2024-11-28,2024-11-22,100000.0,100000.0,130000.0,SKIPPED_INSUFFICIENT_MARGIN
OTM_STRANGLE,OTM_STRANGLE_2024-11-29_2024-12-05,2024-11-29,100000.0,100000.0,130000.0,SKIPPED_INSUFFICIENT_MARGIN
OTM_STRANGLE,OTM_STRANGLE_2024-12-06_2024-12-12,2024-12-06,100000.0,100000.0,130000.0,SKIPPED_INSUFFICIENT_MARGIN
OTM_STRANGLE,OTM_STRANGLE_2024-12-13_2024-12-19,2024-12-13,100000.0,100000.0,130000.0,SKIPPED_INSUFFICIENT_MARGIN
OTM_STRANGLE,OTM_STRANGLE_2024-12-20_2024-12-26,2024-12-20,100000.0,100000.0,130000.0,SKIPPED_INSUFFICIENT_MARGIN
OTM_STRANGLE,OTM_STRANGLE_2024-12-27_2025-01-02,2024-12-27,100000.0,100000.0,130000.0,SKIPPED_INSUFFICIENT_MARGIN
OTM_STRANGLE,OTM_STRANGLE_2025-01-03_2025-01-09,2025-01-03,100000.0,100000.0,130000.0,SKIPPED_INSUFFICIENT_MARGIN
OTM_STRANGLE,OTM_STRANGLE_2025-01-10_2025-01-16,2025-01-10,100000.0,100000.0,130000.0,SKIPPED_INSUFFICIENT_MARGIN
OTM_STRANGLE,OTM_STRANGLE_2025-01-17_2025-01-23,2025-01-17,100000.0,100000.0,130000.0,SKIPPED_INSUFFICIENT_MARGIN
OTM_STRANGLE,OTM_STRANGLE_2025-01-24_2025-01-30,2025-01-24,100000.0,100000.0,130000.0,SKIPPED_INSUFFICIENT_MARGIN
OTM_STRANGLE,OTM_STRANGLE_2025-01-31_2025-02-06,2025-01-31,100000.0,100000.0,130000.0,SKIPPED_INSUFFICIENT_MARGIN
OTM_STRANGLE,OTM_STRANGLE_2025-02-07_2025-02-13,2025-02-07,100000.0,100000.0,130000.0,SKIPPED_INSUFFICIENT_MARGIN
OTM_STRANGLE,OTM_STRANGLE_2025-02-14_2025-02-20,2025-02-14,100000.0,100000.0,130000.0,SKIPPED_INSUFFICIENT_MARGIN
OTM_STRANGLE,OTM_STRANGLE_2025-02-21_2025-02-27,2025-02-21,100000.0,100000.0,130000.0,SKIPPED_INSUFFICIENT_MARGIN
OTM_STRANGLE,OTM_STRANGLE_2025-02-28_2025-03-06,2025-02-28,100000.0,100000.0,130000.0,SKIPPED_INSUFFICIENT_MARGIN
OTM_STRANGLE,OTM_STRANGLE_2025-03-07_2025-03-13,2025-03-07,100000.0,100000.0,130000.0,SKIPPED_INSUFFICIENT_MARGIN
OTM_STRANGLE,OTM_STRANGLE_2025-03-17_2025-03-20,2025-03-17,100000.0,100000.0,130000.0,SKIPPED_INSUFFICIENT_MARGIN
OTM_STRANGLE,OTM_STRANGLE_2025-03-21_2025-03-27,2025-03-21,100000.0,100000.0,130000.0,SKIPPED_INSUFFICIENT_MARGIN
OTM_STRANGLE,OTM_STRANGLE_2025-03-28_2025-04-03,2025-03-28,100000.0,100000.0,130000.0,SKIPPED_INSUFFICIENT_MARGIN
OTM_STRANGLE,OTM_STRANGLE_2025-04-04_2025-04-09,2025-04-04,100000.0,100000.0,130000.0,SKIPPED_INSUFFICIENT_MARGIN
OTM_STRANGLE,OTM_STRANGLE_2025-04-11_2025-04-17,2025-04-11,100000.0,100000.0,130000.0,SKIPPED_INSUFFICIENT_MARGIN
OTM_STRANGLE,OTM_STRANGLE_2025-04-21_2025-04-24,2025-04-21,100000.0,100000.0,130000.0,SKIPPED_INSUFFICIENT_MARGIN
OTM_STRANGLE,OTM_STRANGLE_2025-04-25_2025-04-30,2025-04-25,100000.0,100000.0,130000.0,SKIPPED_INSUFFICIENT_MARGIN
OTM_STRANGLE,OTM_STRANGLE_2025-05-02_2025-05-08,2025-05-02,100000.0,100000.0,130000.0,SKIPPED_INSUFFICIENT_MARGIN
OTM_STRANGLE,OTM_STRANGLE_2025-05-09_2025-05-15,2025-05-09,100000.0,100000.0,130000.0,SKIPPED_INSUFFICIENT_MARGIN
OTM_STRANGLE,OTM_STRANGLE_2025-05-16_2025-05-22,2025-05-16,100000.0,100000.0,130000.0,SKIPPED_INSUFFICIENT_MARGIN
OTM_STRANGLE,OTM_STRANGLE_2025-05-23_2025-05-29,2025-05-23,100000.0,100000.0,130000.0,SKIPPED_INSUFFICIENT_MARGIN
OTM_STRANGLE,OTM_STRANGLE_2025-05-30_2025-06-05,2025-05-30,100000.0,100000.0,130000.0,SKIPPED_INSUFFICIENT_MARGIN
OTM_STRANGLE,OTM_STRANGLE_2025-06-06_2025-06-12,2025-06-06,100000.0,100000.0,130000.0,SKIPPED_INSUFFICIENT_MARGIN
OTM_STRANGLE,OTM_STRANGLE_2025-06-13_2025-06-19,2025-06-13,100000.0,100000.0,130000.0,SKIPPED_INSUFFICIENT_MARGIN
OTM_STRANGLE,OTM_STRANGLE_2025-06-20_2025-06-26,2025-06-20,100000.0,100000.0,130000.0,SKIPPED_INSUFFICIENT_MARGIN
OTM_STRANGLE,OTM_STRANGLE_2025-06-27_2025-07-03,2025-06-27,100000.0,100000.0,130000.0,SKIPPED_INSUFFICIENT_MARGIN
OTM_STRANGLE,OTM_STRANGLE_2025-07-04_2025-07-10,2025-07-04,100000.0,100000.0,130000.0,SKIPPED_INSUFFICIENT_MARGIN
OTM_STRANGLE,OTM_STRANGLE_2025-07-11_2025-07-17,2025-07-11,100000.0,100000.0,130000.0,SKIPPED_INSUFFICIENT_MARGIN
OTM_STRANGLE,OTM_STRANGLE_2025-07-18_2025-07-24,2025-07-18,100000.0,100000.0,130000.0,SKIPPED_INSUFFICIENT_MARGIN
OTM_STRANGLE,OTM_STRANGLE_2025-07-25_2025-07-31,2025-07-25,100000.0,100000.0,130000.0,SKIPPED_INSUFFICIENT_MARGIN
OTM_STRANGLE,OTM_STRANGLE_2025-08-01_2025-08-07,2025-08-01,100000.0,100000.0,130000.0,SKIPPED_INSUFFICIENT_MARGIN
OTM_STRANGLE,OTM_STRANGLE_2025-08-08_2025-08-14,2025-08-08,100000.0,100000.0,130000.0,SKIPPED_INSUFFICIENT_MARGIN
OTM_STRANGLE,OTM_STRANGLE_2025-08-18_2025-08-21,2025-08-18,100000.0,100000.0,130000.0,SKIPPED_INSUFFICIENT_MARGIN
OTM_STRANGLE,OTM_STRANGLE_2025-08-22_2025-08-28,2025-08-22,100000.0,100000.0,130000.0,SKIPPED_INSUFFICIENT_MARGIN
OTM_STRANGLE,OTM_STRANGLE_2025-08-29_2025-09-02,2025-08-29,100000.0,100000.0,130000.0,SKIPPED_INSUFFICIENT_MARGIN
OTM_STRANGLE,OTM_STRANGLE_2025-09-03_2025-09-09,2025-09-03,100000.0,100000.0,130000.0,SKIPPED_INSUFFICIENT_MARGIN
OTM_STRANGLE,OTM_STRANGLE_2025-09-10_2025-09-16,2025-09-10,100000.0,100000.0,130000.0,SKIPPED_INSUFFICIENT_MARGIN
OTM_STRANGLE,OTM_STRANGLE_2025-09-17_2025-09-23,2025-09-17,100000.0,100000.0,130000.0,SKIPPED_INSUFFICIENT_MARGIN
OTM_STRANGLE,OTM_STRANGLE_2025-09-26_2025-09-30,2025-09-26,100000.0,100000.0,130000.0,SKIPPED_INSUFFICIENT_MARGIN
OTM_STRANGLE,OTM_STRANGLE_2025-10-01_2025-10-07,2025-10-01,100000.0,100000.0,130000.0,SKIPPED_INSUFFICIENT_MARGIN
OTM_STRANGLE,OTM_STRANGLE_2025-10-08_2025-10-14,2025-10-08,100000.0,100000.0,130000.0,SKIPPED_INSUFFICIENT_MARGIN
OTM_STRANGLE,OTM_STRANGLE_2025-10-15_2025-10-20,2025-10-15,100000.0,100000.0,130000.0,SKIPPED_INSUFFICIENT_MARGIN
OTM_STRANGLE,OTM_STRANGLE_2025-10-21_2025-10-28,2025-10-21,100000.0,100000.0,130000.0,SKIPPED_INSUFFICIENT_MARGIN
OTM_STRANGLE,OTM_STRANGLE_2025-10-29_2025-11-04,2025-10-29,100000.0,100000.0,130000.0,SKIPPED_INSUFFICIENT_MARGIN
OTM_STRANGLE,OTM_STRANGLE_2025-11-06_2025-11-11,2025-11-06,100000.0,100000.0,130000.0,SKIPPED_INSUFFICIENT_MARGIN
OTM_STRANGLE,OTM_STRANGLE_2025-11-12_2025-11-18,2025-11-12,100000.0,100000.0,130000.0,SKIPPED_INSUFFICIENT_MARGIN
OTM_STRANGLE,OTM_STRANGLE_2025-11-19_2025-11-25,2025-11-19,100000.0,100000.0,130000.0,SKIPPED_INSUFFICIENT_MARGIN
OTM_STRANGLE,OTM_STRANGLE_2025-11-26_2025-12-02,2025-11-26,100000.0,100000.0,130000.0,SKIPPED_INSUFFICIENT_MARGIN
OTM_STRANGLE,OTM_STRANGLE_2025-12-03_2025-12-09,2025-12-03,100000.0,100000.0,130000.0,SKIPPED_INSUFFICIENT_MARGIN
OTM_STRANGLE,OTM_STRANGLE_2025-12-10_2025-12-16,2025-12-10,100000.0,100000.0,130000.0,SKIPPED_INSUFFICIENT_MARGIN
OTM_STRANGLE,OTM_STRANGLE_2025-12-17_2025-12-23,2025-12-17,100000.0,100000.0,130000.0,SKIPPED_INSUFFICIENT_MARGIN
OTM_STRANGLE,OTM_STRANGLE_2025-12-26_2025-12-30,2025-12-26,100000.0,100000.0,130000.0,SKIPPED_INSUFFICIENT_MARGIN
OTM_STRANGLE,OTM_STRANGLE_2025-12-31_2026-01-06,2025-12-31,100000.0,100000.0,130000.0,SKIPPED_INSUFFICIENT_MARGIN
OTM_STRANGLE,OTM_STRANGLE_2026-01-07_2026-01-13,2026-01-07,100000.0,100000.0,130000.0,SKIPPED_INSUFFICIENT_MARGIN
OTM_STRANGLE,OTM_STRANGLE_2026-01-14_2026-01-20,2026-01-14,100000.0,100000.0,130000.0,SKIPPED_INSUFFICIENT_MARGIN
OTM_STRANGLE,OTM_STRANGLE_2026-01-21_2026-01-27,2026-01-21,100000.0,100000.0,130000.0,SKIPPED_INSUFFICIENT_MARGIN
OTM_STRANGLE,OTM_STRANGLE_2026-01-28_2026-02-03,2026-01-28,100000.0,100000.0,130000.0,SKIPPED_INSUFFICIENT_MARGIN
OTM_STRANGLE,OTM_STRANGLE_2026-02-04_2026-02-10,2026-02-04,100000.0,100000.0,130000.0,SKIPPED_INSUFFICIENT_MARGIN
OTM_STRANGLE,OTM_STRANGLE_2026-02-11_2026-02-17,2026-02-11,100000.0,100000.0,130000.0,SKIPPED_INSUFFICIENT_MARGIN
OTM_STRANGLE,OTM_STRANGLE_2026-02-18_2026-02-24,2026-02-18,100000.0,100000.0,130000.0,SKIPPED_INSUFFICIENT_MARGIN
OTM_STRANGLE,OTM_STRANGLE_2026-02-25_2026-03-02,2026-02-25,100000.0,100000.0,130000.0,SKIPPED_INSUFFICIENT_MARGIN
OTM_STRANGLE,OTM_STRANGLE_2026-03-04_2026-03-10,2026-03-04,100000.0,100000.0,130000.0,SKIPPED_INSUFFICIENT_MARGIN
OTM_STRANGLE,OTM_STRANGLE_2026-03-11_2026-03-17,2026-03-11,100000.0,100000.0,130000.0,SKIPPED_INSUFFICIENT_MARGIN
OTM_STRANGLE,OTM_STRANGLE_2026-03-18_2026-03-24,2026-03-18,100000.0,100000.0,130000.0,SKIPPED_INSUFFICIENT_MARGIN
OTM_STRANGLE,OTM_STRANGLE_2026-03-27_2026-03-30,2026-03-27,100000.0,100000.0,130000.0,SKIPPED_INSUFFICIENT_MARGIN
OTM_STRANGLE,OTM_STRANGLE_2026-04-01_2026-04-07,2026-04-01,100000.0,100000.0,130000.0,SKIPPED_INSUFFICIENT_MARGIN
OTM_STRANGLE,OTM_STRANGLE_2026-04-08_2026-04-13,2026-04-08,100000.0,100000.0,130000.0,SKIPPED_INSUFFICIENT_MARGIN
OTM_STRANGLE,OTM_STRANGLE_2026-04-15_2026-04-21,2026-04-15,100000.0,100000.0,130000.0,SKIPPED_INSUFFICIENT_MARGIN
OTM_STRANGLE,OTM_STRANGLE_2026-04-22_2026-04-28,2026-04-22,100000.0,100000.0,130000.0,SKIPPED_INSUFFICIENT_MARGIN
OTM_STRANGLE,OTM_STRANGLE_2026-04-29_2026-05-05,2026-04-29,100000.0,100000.0,130000.0,SKIPPED_INSUFFICIENT_MARGIN
OTM_STRANGLE,OTM_STRANGLE_2026-05-06_2026-05-12,2026-05-06,100000.0,100000.0,130000.0,SKIPPED_INSUFFICIENT_MARGIN
OTM_STRANGLE,OTM_STRANGLE_2026-05-13_2026-05-19,2026-05-13,100000.0,100000.0,130000.0,SKIPPED_INSUFFICIENT_MARGIN
OTM_STRANGLE,OTM_STRANGLE_2026-05-20_2026-05-26,2026-05-20,100000.0,100000.0,130000.0,SKIPPED_INSUFFICIENT_MARGIN
OTM_STRANGLE,OTM_STRANGLE_2026-05-27_2026-06-02,2026-05-27,100000.0,100000.0,130000.0,SKIPPED_INSUFFICIENT_MARGIN
OTM_STRANGLE,OTM_STRANGLE_2026-06-03_2026-06-09,2026-06-03,100000.0,100000.0,130000.0,SKIPPED_INSUFFICIENT_MARGIN
OTM_STRANGLE,OTM_STRANGLE_2026-06-10_2026-06-16,2026-06-10,100000.0,100000.0,130000.0,SKIPPED_INSUFFICIENT_MARGIN
OTM_STRANGLE,OTM_STRANGLE_2026-06-17_2026-06-23,2026-06-17,100000.0,100000.0,130000.0,SKIPPED_INSUFFICIENT_MARGIN
OTM_STRANGLE,OTM_STRANGLE_2026-06-29_2026-06-30,2026-06-29,100000.0,100000.0,130000.0,SKIPPED_INSUFFICIENT_MARGIN
OTM_STRANGLE,OTM_STRANGLE_2026-07-01_2026-07-07,2026-07-01,100000.0,100000.0,130000.0,SKIPPED_INSUFFICIENT_MARGIN
OTM_STRANGLE,OTM_STRANGLE_2026-07-08_2026-07-14,2026-07-08,100000.0,100000.0,130000.0,SKIPPED_INSUFFICIENT_MARGIN
OTM_STRANGLE,OTM_STRANGLE_2026-07-15_2026-07-21,2026-07-15,100000.0,100000.0,130000.0,SKIPPED_INSUFFICIENT_MARGIN
OTM_STRANGLE,OTM_STRANGLE_2026-07-22_2026-07-28,2026-07-22,100000.0,100000.0,130000.0,SKIPPED_INSUFFICIENT_MARGIN
OTM_STRANGLE,OTM_STRANGLE_2026-07-29_2026-08-04,2026-07-29,100000.0,100000.0,130000.0,SKIPPED_INSUFFICIENT_MARGIN
OTM_STRANGLE,OTM_STRANGLE_2026-08-05_2026-08-11,2026-08-05,100000.0,100000.0,130000.0,SKIPPED_INSUFFICIENT_MARGIN
OTM_STRANGLE,OTM_STRANGLE_2026-08-12_2026-08-18,2026-08-12,100000.0,100000.0,130000.0,SKIPPED_INSUFFICIENT_MARGIN
OTM_STRANGLE,OTM_STRANGLE_2026-08-19_2026-08-25,2026-08-19,100000.0,100000.0,130000.0,SKIPPED_INSUFFICIENT_MARGIN
OTM_STRANGLE,OTM_STRANGLE_2026-08-26_2026-09-01,2026-08-26,100000.0,100000.0,130000.0,SKIPPED_INSUFFICIENT_MARGIN
OTM_STRANGLE,OTM_STRANGLE_2026-09-02_2026-09-08,2026-09-02,100000.0,100000.0,130000.0,SKIPPED_INSUFFICIENT_MARGIN
OTM_STRANGLE,OTM_STRANGLE_2026-09-09_2026-09-15,2026-09-09,100000.0,100000.0,130000.0,SKIPPED_INSUFFICIENT_MARGIN
IRON_FLY,IRON_FLY_2020-02-24_2020-02-27,2020-02-24,20000.0,18853.57,20000.0,SKIPPED_INSUFFICIENT_MARGIN
IRON_FLY,IRON_FLY_2020-02-28_2020-03-05,2020-02-28,20000.0,18853.57,20000.0,SKIPPED_INSUFFICIENT_MARGIN
IRON_FLY,IRON_FLY_2020-03-13_2020-03-19,2020-03-13,20000.0,18853.57,20000.0,SKIPPED_INSUFFICIENT_MARGIN
IRON_FLY,IRON_FLY_2020-03-20_2020-03-26,2020-03-20,20000.0,18853.57,285724.6875,SKIPPED_INSUFFICIENT_MARGIN
IRON_FLY,IRON_FLY_2020-04-03_2020-04-09,2020-04-03,20000.0,18853.57,20000.0,SKIPPED_INSUFFICIENT_MARGIN
IRON_FLY,IRON_FLY_2020-04-13_2020-04-16,2020-04-13,20000.0,18853.57,20000.0,SKIPPED_INSUFFICIENT_MARGIN
IRON_FLY,IRON_FLY_2020-04-24_2020-04-30,2020-04-24,20000.0,18853.57,95439.93749999997,SKIPPED_INSUFFICIENT_MARGIN
IRON_FLY,IRON_FLY_2020-05-08_2020-05-14,2020-05-08,20000.0,18853.57,20000.0,SKIPPED_INSUFFICIENT_MARGIN
IRON_FLY,IRON_FLY_2020-05-15_2020-05-21,2020-05-15,20000.0,18853.57,20000.0,SKIPPED_INSUFFICIENT_MARGIN
IRON_FLY,IRON_FLY_2020-05-22_2020-05-28,2020-05-22,20000.0,18853.57,73075.3125,SKIPPED_INSUFFICIENT_MARGIN
IRON_FLY,IRON_FLY_2020-05-29_2020-06-04,2020-05-29,20000.0,18853.57,20000.0,SKIPPED_INSUFFICIENT_MARGIN
IRON_FLY,IRON_FLY_2020-06-05_2020-06-11,2020-06-05,20000.0,18853.57,20000.0,SKIPPED_INSUFFICIENT_MARGIN
IRON_FLY,IRON_FLY_2020-06-12_2020-06-18,2020-06-12,20000.0,18853.57,20000.0,SKIPPED_INSUFFICIENT_MARGIN
IRON_FLY,IRON_FLY_2020-06-26_2020-07-02,2020-06-26,20000.0,18853.57,38786.625,SKIPPED_INSUFFICIENT_MARGIN
IRON_FLY,IRON_FLY_2020-07-17_2020-07-23,2020-07-17,20000.0,18853.57,20000.0,SKIPPED_INSUFFICIENT_MARGIN
IRON_FLY,IRON_FLY_2020-08-14_2020-08-20,2020-08-14,20000.0,18853.57,20000.0,SKIPPED_INSUFFICIENT_MARGIN
IRON_FLY,IRON_FLY_2020-08-21_2020-08-27,2020-08-21,20000.0,18853.57,20000.0,SKIPPED_INSUFFICIENT_MARGIN
IRON_FLY,IRON_FLY_2020-08-28_2020-09-03,2020-08-28,20000.0,18853.57,20000.0,SKIPPED_INSUFFICIENT_MARGIN
IRON_FLY,IRON_FLY_2020-09-04_2020-09-10,2020-09-04,20000.0,18853.57,20000.0,SKIPPED_INSUFFICIENT_MARGIN
IRON_FLY,IRON_FLY_2020-09-11_2020-09-17,2020-09-11,20000.0,18853.57,20000.0,SKIPPED_INSUFFICIENT_MARGIN
IRON_FLY,IRON_FLY_2020-09-25_2020-10-01,2020-09-25,20000.0,18853.57,20000.0,SKIPPED_INSUFFICIENT_MARGIN
IRON_FLY,IRON_FLY_2020-10-05_2020-10-08,2020-10-05,20000.0,18853.57,48080.06249999999,SKIPPED_INSUFFICIENT_MARGIN
IRON_FLY,IRON_FLY_2020-10-23_2020-10-29,2020-10-23,20000.0,18853.57,40032.93750000002,SKIPPED_INSUFFICIENT_MARGIN
IRON_FLY,IRON_FLY_2020-10-30_2020-11-05,2020-10-30,20000.0,18853.57,20000.0,SKIPPED_INSUFFICIENT_MARGIN
IRON_FLY,IRON_FLY_2020-11-06_2020-11-12,2020-11-06,20000.0,18853.57,20000.0,SKIPPED_INSUFFICIENT_MARGIN
IRON_FLY,IRON_FLY_2020-11-20_2020-11-26,2020-11-20,20000.0,18853.57,159170.06250000003,SKIPPED_INSUFFICIENT_MARGIN
IRON_FLY,IRON_FLY_2020-11-27_2020-12-03,2020-11-27,20000.0,18853.57,20000.0,SKIPPED_INSUFFICIENT_MARGIN
IRON_FLY,IRON_FLY_2020-12-11_2020-12-17,2020-12-11,20000.0,18853.57,20000.0,SKIPPED_INSUFFICIENT_MARGIN
IRON_FLY,IRON_FLY_2020-12-18_2020-12-24,2020-12-18,20000.0,18853.57,20000.0,SKIPPED_INSUFFICIENT_MARGIN
IRON_FLY,IRON_FLY_2020-12-28_2020-12-31,2020-12-28,20000.0,18853.57,228152.81249999997,SKIPPED_INSUFFICIENT_MARGIN
IRON_FLY,IRON_FLY_2021-01-01_2021-01-07,2021-01-01,20000.0,18853.57,20000.0,SKIPPED_INSUFFICIENT_MARGIN
IRON_FLY,IRON_FLY_2021-01-08_2021-01-14,2021-01-08,20000.0,18853.57,20000.0,SKIPPED_INSUFFICIENT_MARGIN
IRON_FLY,IRON_FLY_2021-01-29_2021-02-04,2021-01-29,20000.0,18853.57,20000.0,SKIPPED_INSUFFICIENT_MARGIN
IRON_FLY,IRON_FLY_2021-02-05_2021-02-11,2021-02-05,20000.0,18853.57,75964.68750000001,SKIPPED_INSUFFICIENT_MARGIN
IRON_FLY,IRON_FLY_2021-02-26_2021-03-04,2021-02-26,20000.0,18853.57,20000.0,SKIPPED_INSUFFICIENT_MARGIN
IRON_FLY,IRON_FLY_2021-03-05_2021-03-10,2021-03-05,20000.0,18853.57,34137.74999999997,SKIPPED_INSUFFICIENT_MARGIN
IRON_FLY,IRON_FLY_2021-03-12_2021-03-18,2021-03-12,20000.0,18853.57,40472.8125,SKIPPED_INSUFFICIENT_MARGIN
IRON_FLY,IRON_FLY_2021-03-26_2021-04-01,2021-03-26,20000.0,18853.57,20000.0,SKIPPED_INSUFFICIENT_MARGIN
IRON_FLY,IRON_FLY_2021-04-05_2021-04-08,2021-04-05,20000.0,18853.57,20000.0,SKIPPED_INSUFFICIENT_MARGIN
IRON_FLY,IRON_FLY_2021-04-09_2021-04-15,2021-04-09,20000.0,18853.57,20000.0,SKIPPED_INSUFFICIENT_MARGIN
IRON_FLY,IRON_FLY_2021-04-16_2021-04-22,2021-04-16,20000.0,18853.57,20000.0,SKIPPED_INSUFFICIENT_MARGIN
IRON_FLY,IRON_FLY_2021-04-23_2021-04-29,2021-04-23,20000.0,18853.57,20000.0,SKIPPED_INSUFFICIENT_MARGIN
IRON_FLY,IRON_FLY_2021-04-30_2021-05-06,2021-04-30,20000.0,18853.57,20000.0,SKIPPED_INSUFFICIENT_MARGIN
IRON_FLY,IRON_FLY_2021-05-14_2021-05-20,2021-05-14,20000.0,18853.57,20000.0,SKIPPED_INSUFFICIENT_MARGIN
IRON_FLY,IRON_FLY_2021-05-21_2021-05-27,2021-05-21,20000.0,18853.57,21532.312500000007,SKIPPED_INSUFFICIENT_MARGIN
IRON_FLY,IRON_FLY_2021-06-04_2021-06-10,2021-06-04,20000.0,18853.57,20000.0,SKIPPED_INSUFFICIENT_MARGIN
IRON_FLY,IRON_FLY_2021-06-11_2021-06-17,2021-06-11,20000.0,18853.57,20000.0,SKIPPED_INSUFFICIENT_MARGIN
IRON_FLY,IRON_FLY_2021-06-25_2021-07-01,2021-06-25,20000.0,18853.57,20000.0,SKIPPED_INSUFFICIENT_MARGIN
IRON_FLY,IRON_FLY_2021-07-02_2021-07-08,2021-07-02,20000.0,18853.57,20000.0,SKIPPED_INSUFFICIENT_MARGIN
IRON_FLY,IRON_FLY_2021-07-09_2021-07-15,2021-07-09,20000.0,18853.57,20000.0,SKIPPED_INSUFFICIENT_MARGIN
IRON_FLY,IRON_FLY_2021-07-16_2021-07-22,2021-07-16,20000.0,18853.57,20000.0,SKIPPED_INSUFFICIENT_MARGIN
IRON_FLY,IRON_FLY_2021-07-23_2021-07-29,2021-07-23,20000.0,18853.57,20000.0,SKIPPED_INSUFFICIENT_MARGIN
IRON_FLY,IRON_FLY_2021-08-20_2021-08-26,2021-08-20,20000.0,18853.57,37101.875,SKIPPED_INSUFFICIENT_MARGIN
IRON_FLY,IRON_FLY_2021-08-27_2021-09-02,2021-08-27,20000.0,18853.57,20000.0,SKIPPED_INSUFFICIENT_MARGIN
IRON_FLY,IRON_FLY_2021-09-03_2021-09-09,2021-09-03,20000.0,18853.57,20000.0,SKIPPED_INSUFFICIENT_MARGIN
IRON_FLY,IRON_FLY_2021-09-13_2021-09-16,2021-09-13,20000.0,18853.57,20000.0,SKIPPED_INSUFFICIENT_MARGIN
IRON_FLY,IRON_FLY_2021-09-17_2021-09-23,2021-09-17,20000.0,18853.57,20000.0,SKIPPED_INSUFFICIENT_MARGIN
IRON_FLY,IRON_FLY_2021-09-24_2021-09-30,2021-09-24,20000.0,18853.57,81454.5,SKIPPED_INSUFFICIENT_MARGIN
IRON_FLY,IRON_FLY_2021-10-01_2021-10-07,2021-10-01,20000.0,18853.57,20000.0,SKIPPED_INSUFFICIENT_MARGIN
IRON_FLY,IRON_FLY_2021-10-22_2021-10-28,2021-10-22,20000.0,18853.57,71903.75,SKIPPED_INSUFFICIENT_MARGIN
IRON_FLY,IRON_FLY_2021-10-29_2021-11-03,2021-10-29,20000.0,18853.57,20000.0,SKIPPED_INSUFFICIENT_MARGIN
IRON_FLY,IRON_FLY_2021-11-04_2021-11-11,2021-11-04,20000.0,18853.57,20000.0,SKIPPED_INSUFFICIENT_MARGIN
IRON_FLY,IRON_FLY_2021-11-12_2021-11-18,2021-11-12,20000.0,18853.57,20000.0,SKIPPED_INSUFFICIENT_MARGIN
IRON_FLY,IRON_FLY_2021-11-22_2021-11-25,2021-11-22,20000.0,18853.57,20000.0,SKIPPED_INSUFFICIENT_MARGIN
IRON_FLY,IRON_FLY_2021-12-03_2021-12-09,2021-12-03,20000.0,18853.57,20000.0,SKIPPED_INSUFFICIENT_MARGIN
IRON_FLY,IRON_FLY_2021-12-10_2021-12-16,2021-12-10,20000.0,18853.57,41310.875,SKIPPED_INSUFFICIENT_MARGIN
IRON_FLY,IRON_FLY_2021-12-17_2021-12-23,2021-12-17,20000.0,18853.57,20000.0,SKIPPED_INSUFFICIENT_MARGIN
IRON_FLY,IRON_FLY_2021-12-24_2021-12-30,2021-12-24,20000.0,18853.57,20000.0,SKIPPED_INSUFFICIENT_MARGIN
IRON_FLY,IRON_FLY_2021-12-31_2022-01-06,2021-12-31,20000.0,18853.57,20000.0,SKIPPED_INSUFFICIENT_MARGIN
IRON_FLY,IRON_FLY_2022-01-07_2022-01-13,2022-01-07,20000.0,18853.57,20000.0,SKIPPED_INSUFFICIENT_MARGIN
IRON_FLY,IRON_FLY_2022-01-28_2022-02-03,2022-01-28,20000.0,18853.57,20000.0,SKIPPED_INSUFFICIENT_MARGIN
IRON_FLY,IRON_FLY_2022-02-11_2022-02-17,2022-02-11,20000.0,18853.57,20000.0,SKIPPED_INSUFFICIENT_MARGIN
IRON_FLY,IRON_FLY_2022-02-18_2022-02-24,2022-02-18,20000.0,18853.57,20000.0,SKIPPED_INSUFFICIENT_MARGIN
IRON_FLY,IRON_FLY_2022-02-25_2022-03-03,2022-02-25,20000.0,18853.57,94524.24999999999,SKIPPED_INSUFFICIENT_MARGIN
IRON_FLY,IRON_FLY_2022-03-04_2022-03-10,2022-03-04,20000.0,18853.57,73723.625,SKIPPED_INSUFFICIENT_MARGIN
IRON_FLY,IRON_FLY_2022-03-11_2022-03-17,2022-03-11,20000.0,18853.57,20000.0,SKIPPED_INSUFFICIENT_MARGIN
IRON_FLY,IRON_FLY_2022-03-21_2022-03-24,2022-03-21,20000.0,18853.57,35158.375,SKIPPED_INSUFFICIENT_MARGIN
IRON_FLY,IRON_FLY_2022-03-25_2022-03-31,2022-03-25,20000.0,18853.57,20000.0,SKIPPED_INSUFFICIENT_MARGIN
IRON_FLY,IRON_FLY_2022-04-01_2022-04-07,2022-04-01,20000.0,18853.57,20000.0,SKIPPED_INSUFFICIENT_MARGIN
IRON_FLY,IRON_FLY_2022-04-08_2022-04-13,2022-04-08,20000.0,18853.57,22870.624999999985,SKIPPED_INSUFFICIENT_MARGIN
IRON_FLY,IRON_FLY_2022-04-29_2022-05-05,2022-04-29,20000.0,18853.57,20567.750000000004,SKIPPED_INSUFFICIENT_MARGIN
IRON_FLY,IRON_FLY_2022-05-06_2022-05-12,2022-05-06,20000.0,18853.57,36659.12500000001,SKIPPED_INSUFFICIENT_MARGIN
IRON_FLY,IRON_FLY_2022-05-27_2022-06-02,2022-05-27,20000.0,18853.57,20000.0,SKIPPED_INSUFFICIENT_MARGIN
IRON_FLY,IRON_FLY_2022-06-03_2022-06-09,2022-06-03,20000.0,18853.57,21407.249999999993,SKIPPED_INSUFFICIENT_MARGIN
IRON_FLY,IRON_FLY_2022-06-10_2022-06-16,2022-06-10,20000.0,18853.57,20000.0,SKIPPED_INSUFFICIENT_MARGIN
IRON_FLY,IRON_FLY_2022-06-17_2022-06-23,2022-06-17,20000.0,18853.57,20000.0,SKIPPED_INSUFFICIENT_MARGIN
IRON_FLY,IRON_FLY_2022-06-24_2022-06-30,2022-06-24,20000.0,18853.57,20000.0,SKIPPED_INSUFFICIENT_MARGIN
IRON_FLY,IRON_FLY_2022-07-22_2022-07-28,2022-07-22,20000.0,18853.57,20000.0,SKIPPED_INSUFFICIENT_MARGIN
IRON_FLY,IRON_FLY_2022-08-05_2022-08-11,2022-08-05,20000.0,18853.57,20000.0,SKIPPED_INSUFFICIENT_MARGIN
IRON_FLY,IRON_FLY_2022-08-19_2022-08-25,2022-08-19,20000.0,18853.57,20000.0,SKIPPED_INSUFFICIENT_MARGIN
IRON_FLY,IRON_FLY_2022-08-26_2022-09-01,2022-08-26,20000.0,18853.57,20000.0,SKIPPED_INSUFFICIENT_MARGIN
IRON_FLY,IRON_FLY_2022-09-09_2022-09-15,2022-09-09,20000.0,18853.57,20000.0,SKIPPED_INSUFFICIENT_MARGIN
IRON_FLY,IRON_FLY_2022-09-16_2022-09-22,2022-09-16,20000.0,18853.57,20000.0,SKIPPED_INSUFFICIENT_MARGIN
IRON_FLY,IRON_FLY_2022-09-30_2022-10-06,2022-09-30,20000.0,18853.57,20000.0,SKIPPED_INSUFFICIENT_MARGIN
IRON_FLY,IRON_FLY_2022-10-14_2022-10-20,2022-10-14,20000.0,18853.57,20000.0,SKIPPED_INSUFFICIENT_MARGIN
IRON_FLY,IRON_FLY_2022-10-21_2022-10-27,2022-10-21,20000.0,18853.57,20000.0,SKIPPED_INSUFFICIENT_MARGIN
IRON_FLY,IRON_FLY_2022-11-04_2022-11-10,2022-11-04,20000.0,18853.57,20000.0,SKIPPED_INSUFFICIENT_MARGIN
IRON_FLY,IRON_FLY_2022-11-11_2022-11-17,2022-11-11,20000.0,18853.57,20000.0,SKIPPED_INSUFFICIENT_MARGIN
IRON_FLY,IRON_FLY_2022-11-18_2022-11-24,2022-11-18,20000.0,18853.57,30929.25,SKIPPED_INSUFFICIENT_MARGIN
IRON_FLY,IRON_FLY_2022-11-25_2022-12-01,2022-11-25,20000.0,18853.57,20000.0,SKIPPED_INSUFFICIENT_MARGIN
IRON_FLY,IRON_FLY_2022-12-02_2022-12-08,2022-12-02,20000.0,18853.57,20000.0,SKIPPED_INSUFFICIENT_MARGIN
IRON_FLY,IRON_FLY_2022-12-09_2022-12-15,2022-12-09,20000.0,18853.57,20000.0,SKIPPED_INSUFFICIENT_MARGIN
IRON_FLY,IRON_FLY_2022-12-16_2022-12-22,2022-12-16,20000.0,18853.57,20000.0,SKIPPED_INSUFFICIENT_MARGIN
IRON_FLY,IRON_FLY_2022-12-30_2023-01-05,2022-12-30,20000.0,18853.57,20000.0,SKIPPED_INSUFFICIENT_MARGIN
IRON_FLY,IRON_FLY_2023-01-27_2023-02-02,2023-01-27,20000.0,18853.57,35511.99999999999,SKIPPED_INSUFFICIENT_MARGIN
IRON_FLY,IRON_FLY_2023-03-17_2023-03-23,2023-03-17,20000.0,18853.57,20000.0,SKIPPED_INSUFFICIENT_MARGIN
IRON_FLY,IRON_FLY_2023-05-12_2023-05-18,2023-05-12,20000.0,18853.57,20000.0,SKIPPED_INSUFFICIENT_MARGIN
IRON_FLY,IRON_FLY_2023-05-19_2023-05-25,2023-05-19,20000.0,18853.57,20000.0,SKIPPED_INSUFFICIENT_MARGIN
IRON_FLY,IRON_FLY_2023-06-09_2023-06-15,2023-06-09,20000.0,18853.57,20000.0,SKIPPED_INSUFFICIENT_MARGIN
IRON_FLY,IRON_FLY_2023-06-16_2023-06-22,2023-06-16,20000.0,18853.57,20000.0,SKIPPED_INSUFFICIENT_MARGIN
IRON_FLY,IRON_FLY_2023-07-14_2023-07-20,2023-07-14,20000.0,18853.57,20000.0,SKIPPED_INSUFFICIENT_MARGIN
IRON_FLY,IRON_FLY_2023-07-28_2023-08-03,2023-07-28,20000.0,18853.57,20000.0,SKIPPED_INSUFFICIENT_MARGIN
IRON_FLY,IRON_FLY_2023-08-04_2023-08-10,2023-08-04,20000.0,18853.57,20000.0,SKIPPED_INSUFFICIENT_MARGIN
IRON_FLY,IRON_FLY_2023-08-11_2023-08-17,2023-08-11,20000.0,18853.57,20000.0,SKIPPED_INSUFFICIENT_MARGIN
IRON_FLY,IRON_FLY_2023-08-25_2023-08-31,2023-08-25,20000.0,18853.57,20000.0,SKIPPED_INSUFFICIENT_MARGIN
IRON_FLY,IRON_FLY_2023-09-29_2023-10-05,2023-09-29,20000.0,18853.57,20000.0,SKIPPED_INSUFFICIENT_MARGIN
IRON_FLY,IRON_FLY_2023-10-13_2023-10-19,2023-10-13,20000.0,18853.57,20000.0,SKIPPED_INSUFFICIENT_MARGIN
IRON_FLY,IRON_FLY_2023-10-20_2023-10-26,2023-10-20,20000.0,18853.57,20000.0,SKIPPED_INSUFFICIENT_MARGIN
IRON_FLY,IRON_FLY_2023-10-27_2023-11-02,2023-10-27,20000.0,18853.57,20000.0,SKIPPED_INSUFFICIENT_MARGIN
IRON_FLY,IRON_FLY_2023-11-03_2023-11-09,2023-11-03,20000.0,18853.57,20000.0,SKIPPED_INSUFFICIENT_MARGIN
IRON_FLY,IRON_FLY_2023-11-10_2023-11-16,2023-11-10,20000.0,18853.57,20000.0,SKIPPED_INSUFFICIENT_MARGIN
IRON_FLY,IRON_FLY_2023-11-17_2023-11-23,2023-11-17,20000.0,18853.57,20000.0,SKIPPED_INSUFFICIENT_MARGIN
IRON_FLY,IRON_FLY_2023-12-01_2023-12-07,2023-12-01,20000.0,18853.57,20000.0,SKIPPED_INSUFFICIENT_MARGIN
IRON_FLY,IRON_FLY_2023-12-08_2023-12-14,2023-12-08,20000.0,18853.57,20000.0,SKIPPED_INSUFFICIENT_MARGIN
IRON_FLY,IRON_FLY_2023-12-29_2024-01-04,2023-12-29,20000.0,18853.57,20000.0,SKIPPED_INSUFFICIENT_MARGIN
IRON_FLY,IRON_FLY_2024-01-05_2024-01-11,2024-01-05,20000.0,18853.57,20000.0,SKIPPED_INSUFFICIENT_MARGIN
IRON_FLY,IRON_FLY_2024-01-12_2024-01-18,2024-01-12,20000.0,18853.57,20000.0,SKIPPED_INSUFFICIENT_MARGIN
IRON_FLY,IRON_FLY_2024-01-19_2024-01-25,2024-01-19,20000.0,18853.57,20000.0,SKIPPED_INSUFFICIENT_MARGIN
IRON_FLY,IRON_FLY_2024-01-29_2024-02-01,2024-01-29,20000.0,18853.57,20000.0,SKIPPED_INSUFFICIENT_MARGIN
IRON_FLY,IRON_FLY_2024-02-02_2024-02-08,2024-02-02,20000.0,18853.57,20000.0,SKIPPED_INSUFFICIENT_MARGIN
IRON_FLY,IRON_FLY_2024-02-09_2024-02-15,2024-02-09,20000.0,18853.57,20000.0,SKIPPED_INSUFFICIENT_MARGIN
IRON_FLY,IRON_FLY_2024-02-16_2024-02-22,2024-02-16,20000.0,18853.57,20000.0,SKIPPED_INSUFFICIENT_MARGIN
IRON_FLY,IRON_FLY_2024-02-23_2024-02-29,2024-02-23,20000.0,18853.57,20000.0,SKIPPED_INSUFFICIENT_MARGIN
IRON_FLY,IRON_FLY_2024-03-01_2024-03-07,2024-03-01,20000.0,18853.57,20000.0,SKIPPED_INSUFFICIENT_MARGIN
IRON_FLY,IRON_FLY_2024-03-11_2024-03-14,2024-03-11,20000.0,18853.57,20000.0,SKIPPED_INSUFFICIENT_MARGIN
IRON_FLY,IRON_FLY_2024-03-15_2024-03-21,2024-03-15,20000.0,18853.57,20000.0,SKIPPED_INSUFFICIENT_MARGIN
IRON_FLY,IRON_FLY_2024-03-22_2024-03-28,2024-03-22,20000.0,18853.57,20000.0,SKIPPED_INSUFFICIENT_MARGIN
IRON_FLY,IRON_FLY_2024-04-01_2024-04-04,2024-04-01,20000.0,18853.57,20000.0,SKIPPED_INSUFFICIENT_MARGIN
IRON_FLY,IRON_FLY_2024-04-05_2024-04-10,2024-04-05,20000.0,18853.57,20000.0,SKIPPED_INSUFFICIENT_MARGIN
IRON_FLY,IRON_FLY_2024-04-12_2024-04-18,2024-04-12,20000.0,18853.57,20000.0,SKIPPED_INSUFFICIENT_MARGIN
IRON_FLY,IRON_FLY_2024-04-19_2024-04-25,2024-04-19,20000.0,18853.57,20000.0,SKIPPED_INSUFFICIENT_MARGIN
IRON_FLY,IRON_FLY_2024-04-26_2024-05-02,2024-04-26,20000.0,18853.57,20000.0,SKIPPED_INSUFFICIENT_MARGIN
IRON_FLY,IRON_FLY_2024-05-03_2024-05-09,2024-05-03,20000.0,18853.57,20000.0,SKIPPED_INSUFFICIENT_MARGIN
IRON_FLY,IRON_FLY_2024-05-10_2024-05-16,2024-05-10,20000.0,18853.57,20000.0,SKIPPED_INSUFFICIENT_MARGIN
IRON_FLY,IRON_FLY_2024-05-17_2024-05-23,2024-05-17,20000.0,18853.57,20000.0,SKIPPED_INSUFFICIENT_MARGIN
IRON_FLY,IRON_FLY_2024-05-24_2024-05-30,2024-05-24,20000.0,18853.57,20000.0,SKIPPED_INSUFFICIENT_MARGIN
IRON_FLY,IRON_FLY_2024-05-31_2024-06-06,2024-05-31,20000.0,18853.57,20000.0,SKIPPED_INSUFFICIENT_MARGIN
IRON_FLY,IRON_FLY_2024-06-07_2024-06-13,2024-06-07,20000.0,18853.57,20000.0,SKIPPED_INSUFFICIENT_MARGIN
IRON_FLY,IRON_FLY_2024-06-14_2024-06-20,2024-06-14,20000.0,18853.57,20000.0,SKIPPED_INSUFFICIENT_MARGIN
IRON_FLY,IRON_FLY_2024-06-21_2024-06-27,2024-06-21,20000.0,18853.57,20000.0,SKIPPED_INSUFFICIENT_MARGIN
IRON_FLY,IRON_FLY_2024-06-28_2024-07-04,2024-06-28,20000.0,18853.57,20000.0,SKIPPED_INSUFFICIENT_MARGIN
IRON_FLY,IRON_FLY_2024-07-05_2024-07-11,2024-07-05,20000.0,18853.57,20000.0,SKIPPED_INSUFFICIENT_MARGIN
IRON_FLY,IRON_FLY_2024-07-12_2024-07-18,2024-07-12,20000.0,18853.57,20000.0,SKIPPED_INSUFFICIENT_MARGIN
IRON_FLY,IRON_FLY_2024-07-19_2024-07-25,2024-07-19,20000.0,18853.57,20000.0,SKIPPED_INSUFFICIENT_MARGIN
IRON_FLY,IRON_FLY_2024-07-26_2024-08-01,2024-07-26,20000.0,18853.57,20000.0,SKIPPED_INSUFFICIENT_MARGIN
IRON_FLY,IRON_FLY_2024-08-02_2024-08-08,2024-08-02,20000.0,18853.57,20000.0,SKIPPED_INSUFFICIENT_MARGIN
IRON_FLY,IRON_FLY_2024-08-09_2024-08-14,2024-08-09,20000.0,18853.57,20000.0,SKIPPED_INSUFFICIENT_MARGIN
IRON_FLY,IRON_FLY_2024-08-16_2024-08-22,2024-08-16,20000.0,18853.57,20000.0,SKIPPED_INSUFFICIENT_MARGIN
IRON_FLY,IRON_FLY_2024-08-23_2024-08-29,2024-08-23,20000.0,18853.57,20000.0,SKIPPED_INSUFFICIENT_MARGIN
IRON_FLY,IRON_FLY_2024-08-30_2024-09-05,2024-08-30,20000.0,18853.57,20000.0,SKIPPED_INSUFFICIENT_MARGIN
IRON_FLY,IRON_FLY_2024-09-06_2024-09-12,2024-09-06,20000.0,18853.57,20000.0,SKIPPED_INSUFFICIENT_MARGIN
IRON_FLY,IRON_FLY_2024-09-13_2024-09-19,2024-09-13,20000.0,18853.57,20000.0,SKIPPED_INSUFFICIENT_MARGIN
IRON_FLY,IRON_FLY_2024-09-20_2024-09-26,2024-09-20,20000.0,18853.57,20000.0,SKIPPED_INSUFFICIENT_MARGIN
IRON_FLY,IRON_FLY_2024-09-27_2024-10-03,2024-09-27,20000.0,18853.57,20000.0,SKIPPED_INSUFFICIENT_MARGIN
IRON_FLY,IRON_FLY_2024-10-04_2024-10-10,2024-10-04,20000.0,18853.57,20000.0,SKIPPED_INSUFFICIENT_MARGIN
IRON_FLY,IRON_FLY_2024-10-11_2024-10-17,2024-10-11,20000.0,18853.57,20000.0,SKIPPED_INSUFFICIENT_MARGIN
IRON_FLY,IRON_FLY_2024-10-18_2024-10-24,2024-10-18,20000.0,18853.57,20000.0,SKIPPED_INSUFFICIENT_MARGIN
IRON_FLY,IRON_FLY_2024-10-25_2024-10-31,2024-10-25,20000.0,18853.57,20000.0,SKIPPED_INSUFFICIENT_MARGIN
IRON_FLY,IRON_FLY_2024-11-01_2024-11-07,2024-11-01,20000.0,18853.57,20000.0,SKIPPED_INSUFFICIENT_MARGIN
IRON_FLY,IRON_FLY_2024-11-08_2024-11-14,2024-11-08,20000.0,18853.57,20000.0,SKIPPED_INSUFFICIENT_MARGIN
IRON_FLY,IRON_FLY_2024-11-18_2024-11-21,2024-11-18,20000.0,18853.57,20000.0,SKIPPED_INSUFFICIENT_MARGIN
IRON_FLY,IRON_FLY_2024-11-22_2024-11-28,2024-11-22,20000.0,18853.57,20000.0,SKIPPED_INSUFFICIENT_MARGIN
IRON_FLY,IRON_FLY_2024-11-29_2024-12-05,2024-11-29,20000.0,18853.57,20000.0,SKIPPED_INSUFFICIENT_MARGIN
IRON_FLY,IRON_FLY_2024-12-06_2024-12-12,2024-12-06,20000.0,18853.57,20000.0,SKIPPED_INSUFFICIENT_MARGIN
IRON_FLY,IRON_FLY_2024-12-13_2024-12-19,2024-12-13,20000.0,18853.57,20000.0,SKIPPED_INSUFFICIENT_MARGIN
IRON_FLY,IRON_FLY_2024-12-20_2024-12-26,2024-12-20,20000.0,18853.57,20000.0,SKIPPED_INSUFFICIENT_MARGIN
IRON_FLY,IRON_FLY_2024-12-27_2025-01-02,2024-12-27,20000.0,18853.57,20000.0,SKIPPED_INSUFFICIENT_MARGIN
IRON_FLY,IRON_FLY_2025-01-03_2025-01-09,2025-01-03,20000.0,18853.57,20000.0,SKIPPED_INSUFFICIENT_MARGIN
IRON_FLY,IRON_FLY_2025-01-10_2025-01-16,2025-01-10,20000.0,18853.57,20000.0,SKIPPED_INSUFFICIENT_MARGIN
IRON_FLY,IRON_FLY_2025-01-17_2025-01-23,2025-01-17,20000.0,18853.57,20000.0,SKIPPED_INSUFFICIENT_MARGIN
IRON_FLY,IRON_FLY_2025-01-24_2025-01-30,2025-01-24,20000.0,18853.57,20000.0,SKIPPED_INSUFFICIENT_MARGIN
IRON_FLY,IRON_FLY_2025-01-31_2025-02-06,2025-01-31,20000.0,18853.57,20000.0,SKIPPED_INSUFFICIENT_MARGIN
IRON_FLY,IRON_FLY_2025-02-07_2025-02-13,2025-02-07,20000.0,18853.57,20000.0,SKIPPED_INSUFFICIENT_MARGIN
IRON_FLY,IRON_FLY_2025-02-14_2025-02-20,2025-02-14,20000.0,18853.57,20000.0,SKIPPED_INSUFFICIENT_MARGIN
IRON_FLY,IRON_FLY_2025-02-21_2025-02-27,2025-02-21,20000.0,18853.57,20000.0,SKIPPED_INSUFFICIENT_MARGIN
IRON_FLY,IRON_FLY_2025-02-28_2025-03-06,2025-02-28,20000.0,18853.57,20000.0,SKIPPED_INSUFFICIENT_MARGIN
IRON_FLY,IRON_FLY_2025-03-07_2025-03-13,2025-03-07,20000.0,18853.57,20000.0,SKIPPED_INSUFFICIENT_MARGIN
IRON_FLY,IRON_FLY_2025-03-17_2025-03-20,2025-03-17,20000.0,18853.57,20000.0,SKIPPED_INSUFFICIENT_MARGIN
IRON_FLY,IRON_FLY_2025-03-21_2025-03-27,2025-03-21,20000.0,18853.57,20000.0,SKIPPED_INSUFFICIENT_MARGIN
IRON_FLY,IRON_FLY_2025-03-28_2025-04-03,2025-03-28,20000.0,18853.57,20000.0,SKIPPED_INSUFFICIENT_MARGIN
IRON_FLY,IRON_FLY_2025-04-04_2025-04-09,2025-04-04,20000.0,18853.57,20000.0,SKIPPED_INSUFFICIENT_MARGIN
IRON_FLY,IRON_FLY_2025-04-11_2025-04-17,2025-04-11,20000.0,18853.57,20000.0,SKIPPED_INSUFFICIENT_MARGIN
IRON_FLY,IRON_FLY_2025-04-21_2025-04-24,2025-04-21,20000.0,18853.57,20000.0,SKIPPED_INSUFFICIENT_MARGIN
IRON_FLY,IRON_FLY_2025-04-25_2025-04-30,2025-04-25,20000.0,18853.57,20000.0,SKIPPED_INSUFFICIENT_MARGIN
IRON_FLY,IRON_FLY_2025-05-02_2025-05-08,2025-05-02,20000.0,18853.57,20000.0,SKIPPED_INSUFFICIENT_MARGIN
IRON_FLY,IRON_FLY_2025-05-09_2025-05-15,2025-05-09,20000.0,18853.57,20000.0,SKIPPED_INSUFFICIENT_MARGIN
IRON_FLY,IRON_FLY_2025-05-16_2025-05-22,2025-05-16,20000.0,18853.57,20000.0,SKIPPED_INSUFFICIENT_MARGIN
IRON_FLY,IRON_FLY_2025-05-23_2025-05-29,2025-05-23,20000.0,18853.57,20000.0,SKIPPED_INSUFFICIENT_MARGIN
IRON_FLY,IRON_FLY_2025-05-30_2025-06-05,2025-05-30,20000.0,18853.57,20000.0,SKIPPED_INSUFFICIENT_MARGIN
IRON_FLY,IRON_FLY_2025-06-06_2025-06-12,2025-06-06,20000.0,18853.57,20000.0,SKIPPED_INSUFFICIENT_MARGIN
IRON_FLY,IRON_FLY_2025-06-13_2025-06-19,2025-06-13,20000.0,18853.57,20000.0,SKIPPED_INSUFFICIENT_MARGIN
IRON_FLY,IRON_FLY_2025-06-20_2025-06-26,2025-06-20,20000.0,18853.57,20000.0,SKIPPED_INSUFFICIENT_MARGIN
IRON_FLY,IRON_FLY_2025-06-27_2025-07-03,2025-06-27,20000.0,18853.57,20000.0,SKIPPED_INSUFFICIENT_MARGIN
IRON_FLY,IRON_FLY_2025-07-04_2025-07-10,2025-07-04,20000.0,18853.57,20000.0,SKIPPED_INSUFFICIENT_MARGIN
IRON_FLY,IRON_FLY_2025-07-11_2025-07-17,2025-07-11,20000.0,18853.57,20000.0,SKIPPED_INSUFFICIENT_MARGIN
IRON_FLY,IRON_FLY_2025-07-18_2025-07-24,2025-07-18,20000.0,18853.57,20000.0,SKIPPED_INSUFFICIENT_MARGIN
IRON_FLY,IRON_FLY_2025-07-25_2025-07-31,2025-07-25,20000.0,18853.57,20000.0,SKIPPED_INSUFFICIENT_MARGIN
IRON_FLY,IRON_FLY_2025-08-01_2025-08-07,2025-08-01,20000.0,18853.57,20000.0,SKIPPED_INSUFFICIENT_MARGIN
IRON_FLY,IRON_FLY_2025-08-08_2025-08-14,2025-08-08,20000.0,18853.57,20000.0,SKIPPED_INSUFFICIENT_MARGIN
IRON_FLY,IRON_FLY_2025-08-18_2025-08-21,2025-08-18,20000.0,18853.57,20000.0,SKIPPED_INSUFFICIENT_MARGIN
IRON_FLY,IRON_FLY_2025-08-22_2025-08-28,2025-08-22,20000.0,18853.57,20000.0,SKIPPED_INSUFFICIENT_MARGIN
IRON_FLY,IRON_FLY_2025-08-29_2025-09-02,2025-08-29,20000.0,18853.57,20000.0,SKIPPED_INSUFFICIENT_MARGIN
IRON_FLY,IRON_FLY_2025-09-03_2025-09-09,2025-09-03,20000.0,18853.57,20000.0,SKIPPED_INSUFFICIENT_MARGIN
IRON_FLY,IRON_FLY_2025-09-10_2025-09-16,2025-09-10,20000.0,18853.57,20000.0,SKIPPED_INSUFFICIENT_MARGIN
IRON_FLY,IRON_FLY_2025-09-17_2025-09-23,2025-09-17,20000.0,18853.57,20000.0,SKIPPED_INSUFFICIENT_MARGIN
IRON_FLY,IRON_FLY_2025-09-26_2025-09-30,2025-09-26,20000.0,18853.57,20000.0,SKIPPED_INSUFFICIENT_MARGIN
IRON_FLY,IRON_FLY_2025-10-01_2025-10-07,2025-10-01,20000.0,18853.57,20000.0,SKIPPED_INSUFFICIENT_MARGIN
IRON_FLY,IRON_FLY_2025-10-08_2025-10-14,2025-10-08,20000.0,18853.57,20000.0,SKIPPED_INSUFFICIENT_MARGIN
IRON_FLY,IRON_FLY_2025-10-15_2025-10-20,2025-10-15,20000.0,18853.57,20000.0,SKIPPED_INSUFFICIENT_MARGIN
IRON_FLY,IRON_FLY_2025-10-21_2025-10-28,2025-10-21,20000.0,18853.57,20000.0,SKIPPED_INSUFFICIENT_MARGIN
IRON_FLY,IRON_FLY_2025-10-29_2025-11-04,2025-10-29,20000.0,18853.57,20000.0,SKIPPED_INSUFFICIENT_MARGIN
IRON_FLY,IRON_FLY_2025-11-06_2025-11-11,2025-11-06,20000.0,18853.57,20000.0,SKIPPED_INSUFFICIENT_MARGIN
IRON_FLY,IRON_FLY_2025-11-12_2025-11-18,2025-11-12,20000.0,18853.57,20000.0,SKIPPED_INSUFFICIENT_MARGIN
IRON_FLY,IRON_FLY_2025-11-19_2025-11-25,2025-11-19,20000.0,18853.57,20000.0,SKIPPED_INSUFFICIENT_MARGIN
IRON_FLY,IRON_FLY_2025-11-26_2025-12-02,2025-11-26,20000.0,18853.57,20000.0,SKIPPED_INSUFFICIENT_MARGIN
IRON_FLY,IRON_FLY_2025-12-03_2025-12-09,2025-12-03,20000.0,18853.57,20000.0,SKIPPED_INSUFFICIENT_MARGIN
IRON_FLY,IRON_FLY_2025-12-10_2025-12-16,2025-12-10,20000.0,18853.57,20000.0,SKIPPED_INSUFFICIENT_MARGIN
IRON_FLY,IRON_FLY_2025-12-17_2025-12-23,2025-12-17,20000.0,18853.57,20000.0,SKIPPED_INSUFFICIENT_MARGIN
IRON_FLY,IRON_FLY_2025-12-26_2025-12-30,2025-12-26,20000.0,18853.57,20000.0,SKIPPED_INSUFFICIENT_MARGIN
IRON_FLY,IRON_FLY_2025-12-31_2026-01-06,2025-12-31,20000.0,18853.57,20000.0,SKIPPED_INSUFFICIENT_MARGIN
IRON_FLY,IRON_FLY_2026-01-07_2026-01-13,2026-01-07,20000.0,18853.57,20000.0,SKIPPED_INSUFFICIENT_MARGIN
IRON_FLY,IRON_FLY_2026-01-14_2026-01-20,2026-01-14,20000.0,18853.57,20000.0,SKIPPED_INSUFFICIENT_MARGIN
IRON_FLY,IRON_FLY_2026-01-21_2026-01-27,2026-01-21,20000.0,18853.57,20000.0,SKIPPED_INSUFFICIENT_MARGIN
IRON_FLY,IRON_FLY_2026-01-28_2026-02-03,2026-01-28,20000.0,18853.57,20000.0,SKIPPED_INSUFFICIENT_MARGIN
IRON_FLY,IRON_FLY_2026-02-04_2026-02-10,2026-02-04,20000.0,18853.57,20000.0,SKIPPED_INSUFFICIENT_MARGIN
IRON_FLY,IRON_FLY_2026-02-11_2026-02-17,2026-02-11,20000.0,18853.57,20000.0,SKIPPED_INSUFFICIENT_MARGIN
IRON_FLY,IRON_FLY_2026-02-18_2026-02-24,2026-02-18,20000.0,18853.57,20000.0,SKIPPED_INSUFFICIENT_MARGIN
IRON_FLY,IRON_FLY_2026-02-25_2026-03-02,2026-02-25,20000.0,18853.57,20000.0,SKIPPED_INSUFFICIENT_MARGIN
IRON_FLY,IRON_FLY_2026-03-04_2026-03-10,2026-03-04,20000.0,18853.57,20000.0,SKIPPED_INSUFFICIENT_MARGIN
IRON_FLY,IRON_FLY_2026-03-11_2026-03-17,2026-03-11,20000.0,18853.57,20000.0,SKIPPED_INSUFFICIENT_MARGIN
IRON_FLY,IRON_FLY_2026-03-18_2026-03-24,2026-03-18,20000.0,18853.57,20000.0,SKIPPED_INSUFFICIENT_MARGIN
IRON_FLY,IRON_FLY_2026-03-27_2026-03-30,2026-03-27,20000.0,18853.57,20000.0,SKIPPED_INSUFFICIENT_MARGIN
IRON_FLY,IRON_FLY_2026-04-01_2026-04-07,2026-04-01,20000.0,18853.57,20000.0,SKIPPED_INSUFFICIENT_MARGIN
IRON_FLY,IRON_FLY_2026-04-08_2026-04-13,2026-04-08,20000.0,18853.57,20000.0,SKIPPED_INSUFFICIENT_MARGIN
IRON_FLY,IRON_FLY_2026-04-15_2026-04-21,2026-04-15,20000.0,18853.57,20000.0,SKIPPED_INSUFFICIENT_MARGIN
IRON_FLY,IRON_FLY_2026-04-22_2026-04-28,2026-04-22,20000.0,18853.57,20000.0,SKIPPED_INSUFFICIENT_MARGIN
IRON_FLY,IRON_FLY_2026-04-29_2026-05-05,2026-04-29,20000.0,18853.57,20000.0,SKIPPED_INSUFFICIENT_MARGIN
IRON_FLY,IRON_FLY_2026-05-06_2026-05-12,2026-05-06,20000.0,18853.57,20000.0,SKIPPED_INSUFFICIENT_MARGIN
IRON_FLY,IRON_FLY_2026-05-13_2026-05-19,2026-05-13,20000.0,18853.57,20000.0,SKIPPED_INSUFFICIENT_MARGIN
IRON_FLY,IRON_FLY_2026-05-20_2026-05-26,2026-05-20,20000.0,18853.57,20000.0,SKIPPED_INSUFFICIENT_MARGIN
IRON_FLY,IRON_FLY_2026-05-27_2026-06-02,2026-05-27,20000.0,18853.57,20000.0,SKIPPED_INSUFFICIENT_MARGIN
IRON_FLY,IRON_FLY_2026-06-03_2026-06-09,2026-06-03,20000.0,18853.57,20000.0,SKIPPED_INSUFFICIENT_MARGIN
IRON_FLY,IRON_FLY_2026-06-10_2026-06-16,2026-06-10,20000.0,18853.57,20000.0,SKIPPED_INSUFFICIENT_MARGIN
IRON_FLY,IRON_FLY_2026-06-17_2026-06-23,2026-06-17,20000.0,18853.57,20000.0,SKIPPED_INSUFFICIENT_MARGIN
IRON_FLY,IRON_FLY_2026-06-29_2026-06-30,2026-06-29,20000.0,18853.57,20000.0,SKIPPED_INSUFFICIENT_MARGIN
IRON_FLY,IRON_FLY_2026-07-01_2026-07-07,2026-07-01,20000.0,18853.57,20000.0,SKIPPED_INSUFFICIENT_MARGIN
IRON_FLY,IRON_FLY_2026-07-08_2026-07-14,2026-07-08,20000.0,18853.57,20000.0,SKIPPED_INSUFFICIENT_MARGIN
IRON_FLY,IRON_FLY_2026-07-15_2026-07-21,2026-07-15,20000.0,18853.57,20000.0,SKIPPED_INSUFFICIENT_MARGIN
IRON_FLY,IRON_FLY_2026-07-22_2026-07-28,2026-07-22,20000.0,18853.57,20000.0,SKIPPED_INSUFFICIENT_MARGIN
IRON_FLY,IRON_FLY_2026-07-29_2026-08-04,2026-07-29,20000.0,18853.57,20000.0,SKIPPED_INSUFFICIENT_MARGIN
IRON_FLY,IRON_FLY_2026-08-05_2026-08-11,2026-08-05,20000.0,18853.57,20000.0,SKIPPED_INSUFFICIENT_MARGIN
IRON_FLY,IRON_FLY_2026-08-12_2026-08-18,2026-08-12,20000.0,18853.57,20000.0,SKIPPED_INSUFFICIENT_MARGIN
IRON_FLY,IRON_FLY_2026-08-19_2026-08-25,2026-08-19,20000.0,18853.57,20000.0,SKIPPED_INSUFFICIENT_MARGIN
IRON_FLY,IRON_FLY_2026-08-26_2026-09-01,2026-08-26,20000.0,18853.57,20000.0,SKIPPED_INSUFFICIENT_MARGIN
IRON_FLY,IRON_FLY_2026-09-02_2026-09-08,2026-09-02,20000.0,18853.57,20000.0,SKIPPED_INSUFFICIENT_MARGIN
IRON_FLY,IRON_FLY_2026-09-09_2026-09-15,2026-09-09,20000.0,18853.57,20000.0,SKIPPED_INSUFFICIENT_MARGIN
IRON_FLY,IRON_FLY_2020-03-20_2020-03-26,2020-03-20,50000.0,84593.23999999999,285724.6875,SKIPPED_INSUFFICIENT_MARGIN
IRON_FLY,IRON_FLY_2020-04-24_2020-04-30,2020-04-24,50000.0,87483.26,95439.93749999997,SKIPPED_INSUFFICIENT_MARGIN
IRON_FLY,IRON_FLY_2020-11-20_2020-11-26,2020-11-20,50000.0,43485.26000000002,159170.06250000003,SKIPPED_INSUFFICIENT_MARGIN
IRON_FLY,IRON_FLY_2020-12-28_2020-12-31,2020-12-28,50000.0,52449.63000000002,228152.81249999997,SKIPPED_INSUFFICIENT_MARGIN
IRON_FLY,IRON_FLY_2021-02-05_2021-02-11,2021-02-05,50000.0,56566.64000000002,75964.68750000001,SKIPPED_INSUFFICIENT_MARGIN
IRON_FLY,IRON_FLY_2021-03-12_2021-03-18,2021-03-12,50000.0,22018.280000000017,40472.8125,SKIPPED_INSUFFICIENT_MARGIN
IRON_FLY,IRON_FLY_2021-04-09_2021-04-15,2021-04-09,50000.0,17952.79000000002,20000.0,SKIPPED_INSUFFICIENT_MARGIN
IRON_FLY,IRON_FLY_2021-04-16_2021-04-22,2021-04-16,50000.0,17952.79000000002,20000.0,SKIPPED_INSUFFICIENT_MARGIN
IRON_FLY,IRON_FLY_2021-04-23_2021-04-29,2021-04-23,50000.0,17952.79000000002,20000.0,SKIPPED_INSUFFICIENT_MARGIN
IRON_FLY,IRON_FLY_2021-04-30_2021-05-06,2021-04-30,50000.0,17952.79000000002,20000.0,SKIPPED_INSUFFICIENT_MARGIN
IRON_FLY,IRON_FLY_2021-05-14_2021-05-20,2021-05-14,50000.0,17952.79000000002,20000.0,SKIPPED_INSUFFICIENT_MARGIN
IRON_FLY,IRON_FLY_2021-05-21_2021-05-27,2021-05-21,50000.0,17952.79000000002,21532.312500000007,SKIPPED_INSUFFICIENT_MARGIN
IRON_FLY,IRON_FLY_2021-06-04_2021-06-10,2021-06-04,50000.0,17952.79000000002,20000.0,SKIPPED_INSUFFICIENT_MARGIN
IRON_FLY,IRON_FLY_2021-06-11_2021-06-17,2021-06-11,50000.0,17952.79000000002,20000.0,SKIPPED_INSUFFICIENT_MARGIN
IRON_FLY,IRON_FLY_2021-06-25_2021-07-01,2021-06-25,50000.0,17952.79000000002,20000.0,SKIPPED_INSUFFICIENT_MARGIN
IRON_FLY,IRON_FLY_2021-07-02_2021-07-08,2021-07-02,50000.0,17952.79000000002,20000.0,SKIPPED_INSUFFICIENT_MARGIN
IRON_FLY,IRON_FLY_2021-07-09_2021-07-15,2021-07-09,50000.0,17952.79000000002,20000.0,SKIPPED_INSUFFICIENT_MARGIN
IRON_FLY,IRON_FLY_2021-07-16_2021-07-22,2021-07-16,50000.0,17952.79000000002,20000.0,SKIPPED_INSUFFICIENT_MARGIN
IRON_FLY,IRON_FLY_2021-07-23_2021-07-29,2021-07-23,50000.0,17952.79000000002,20000.0,SKIPPED_INSUFFICIENT_MARGIN
IRON_FLY,IRON_FLY_2021-08-20_2021-08-26,2021-08-20,50000.0,17952.79000000002,37101.875,SKIPPED_INSUFFICIENT_MARGIN
IRON_FLY,IRON_FLY_2021-08-27_2021-09-02,2021-08-27,50000.0,17952.79000000002,20000.0,SKIPPED_INSUFFICIENT_MARGIN
IRON_FLY,IRON_FLY_2021-09-03_2021-09-09,2021-09-03,50000.0,17952.79000000002,20000.0,SKIPPED_INSUFFICIENT_MARGIN
IRON_FLY,IRON_FLY_2021-09-13_2021-09-16,2021-09-13,50000.0,17952.79000000002,20000.0,SKIPPED_INSUFFICIENT_MARGIN
IRON_FLY,IRON_FLY_2021-09-17_2021-09-23,2021-09-17,50000.0,17952.79000000002,20000.0,SKIPPED_INSUFFICIENT_MARGIN
IRON_FLY,IRON_FLY_2021-09-24_2021-09-30,2021-09-24,50000.0,17952.79000000002,81454.5,SKIPPED_INSUFFICIENT_MARGIN
IRON_FLY,IRON_FLY_2021-10-01_2021-10-07,2021-10-01,50000.0,17952.79000000002,20000.0,SKIPPED_INSUFFICIENT_MARGIN
IRON_FLY,IRON_FLY_2021-10-22_2021-10-28,2021-10-22,50000.0,17952.79000000002,71903.75,SKIPPED_INSUFFICIENT_MARGIN
IRON_FLY,IRON_FLY_2021-10-29_2021-11-03,2021-10-29,50000.0,17952.79000000002,20000.0,SKIPPED_INSUFFICIENT_MARGIN
IRON_FLY,IRON_FLY_2021-11-04_2021-11-11,2021-11-04,50000.0,17952.79000000002,20000.0,SKIPPED_INSUFFICIENT_MARGIN
IRON_FLY,IRON_FLY_2021-11-12_2021-11-18,2021-11-12,50000.0,17952.79000000002,20000.0,SKIPPED_INSUFFICIENT_MARGIN
IRON_FLY,IRON_FLY_2021-11-22_2021-11-25,2021-11-22,50000.0,17952.79000000002,20000.0,SKIPPED_INSUFFICIENT_MARGIN
IRON_FLY,IRON_FLY_2021-12-03_2021-12-09,2021-12-03,50000.0,17952.79000000002,20000.0,SKIPPED_INSUFFICIENT_MARGIN
IRON_FLY,IRON_FLY_2021-12-10_2021-12-16,2021-12-10,50000.0,17952.79000000002,41310.875,SKIPPED_INSUFFICIENT_MARGIN
IRON_FLY,IRON_FLY_2021-12-17_2021-12-23,2021-12-17,50000.0,17952.79000000002,20000.0,SKIPPED_INSUFFICIENT_MARGIN
IRON_FLY,IRON_FLY_2021-12-24_2021-12-30,2021-12-24,50000.0,17952.79000000002,20000.0,SKIPPED_INSUFFICIENT_MARGIN
IRON_FLY,IRON_FLY_2021-12-31_2022-01-06,2021-12-31,50000.0,17952.79000000002,20000.0,SKIPPED_INSUFFICIENT_MARGIN
IRON_FLY,IRON_FLY_2022-01-07_2022-01-13,2022-01-07,50000.0,17952.79000000002,20000.0,SKIPPED_INSUFFICIENT_MARGIN
IRON_FLY,IRON_FLY_2022-01-28_2022-02-03,2022-01-28,50000.0,17952.79000000002,20000.0,SKIPPED_INSUFFICIENT_MARGIN
IRON_FLY,IRON_FLY_2022-02-11_2022-02-17,2022-02-11,50000.0,17952.79000000002,20000.0,SKIPPED_INSUFFICIENT_MARGIN
IRON_FLY,IRON_FLY_2022-02-18_2022-02-24,2022-02-18,50000.0,17952.79000000002,20000.0,SKIPPED_INSUFFICIENT_MARGIN
IRON_FLY,IRON_FLY_2022-02-25_2022-03-03,2022-02-25,50000.0,17952.79000000002,94524.24999999999,SKIPPED_INSUFFICIENT_MARGIN
IRON_FLY,IRON_FLY_2022-03-04_2022-03-10,2022-03-04,50000.0,17952.79000000002,73723.625,SKIPPED_INSUFFICIENT_MARGIN
IRON_FLY,IRON_FLY_2022-03-11_2022-03-17,2022-03-11,50000.0,17952.79000000002,20000.0,SKIPPED_INSUFFICIENT_MARGIN
IRON_FLY,IRON_FLY_2022-03-21_2022-03-24,2022-03-21,50000.0,17952.79000000002,35158.375,SKIPPED_INSUFFICIENT_MARGIN
IRON_FLY,IRON_FLY_2022-03-25_2022-03-31,2022-03-25,50000.0,17952.79000000002,20000.0,SKIPPED_INSUFFICIENT_MARGIN
IRON_FLY,IRON_FLY_2022-04-01_2022-04-07,2022-04-01,50000.0,17952.79000000002,20000.0,SKIPPED_INSUFFICIENT_MARGIN
IRON_FLY,IRON_FLY_2022-04-08_2022-04-13,2022-04-08,50000.0,17952.79000000002,22870.624999999985,SKIPPED_INSUFFICIENT_MARGIN
IRON_FLY,IRON_FLY_2022-04-29_2022-05-05,2022-04-29,50000.0,17952.79000000002,20567.750000000004,SKIPPED_INSUFFICIENT_MARGIN
IRON_FLY,IRON_FLY_2022-05-06_2022-05-12,2022-05-06,50000.0,17952.79000000002,36659.12500000001,SKIPPED_INSUFFICIENT_MARGIN
IRON_FLY,IRON_FLY_2022-05-27_2022-06-02,2022-05-27,50000.0,17952.79000000002,20000.0,SKIPPED_INSUFFICIENT_MARGIN
IRON_FLY,IRON_FLY_2022-06-03_2022-06-09,2022-06-03,50000.0,17952.79000000002,21407.249999999993,SKIPPED_INSUFFICIENT_MARGIN
IRON_FLY,IRON_FLY_2022-06-10_2022-06-16,2022-06-10,50000.0,17952.79000000002,20000.0,SKIPPED_INSUFFICIENT_MARGIN
IRON_FLY,IRON_FLY_2022-06-17_2022-06-23,2022-06-17,50000.0,17952.79000000002,20000.0,SKIPPED_INSUFFICIENT_MARGIN
IRON_FLY,IRON_FLY_2022-06-24_2022-06-30,2022-06-24,50000.0,17952.79000000002,20000.0,SKIPPED_INSUFFICIENT_MARGIN
IRON_FLY,IRON_FLY_2022-07-22_2022-07-28,2022-07-22,50000.0,17952.79000000002,20000.0,SKIPPED_INSUFFICIENT_MARGIN
IRON_FLY,IRON_FLY_2022-08-05_2022-08-11,2022-08-05,50000.0,17952.79000000002,20000.0,SKIPPED_INSUFFICIENT_MARGIN
IRON_FLY,IRON_FLY_2022-08-19_2022-08-25,2022-08-19,50000.0,17952.79000000002,20000.0,SKIPPED_INSUFFICIENT_MARGIN
IRON_FLY,IRON_FLY_2022-08-26_2022-09-01,2022-08-26,50000.0,17952.79000000002,20000.0,SKIPPED_INSUFFICIENT_MARGIN
IRON_FLY,IRON_FLY_2022-09-09_2022-09-15,2022-09-09,50000.0,17952.79000000002,20000.0,SKIPPED_INSUFFICIENT_MARGIN
IRON_FLY,IRON_FLY_2022-09-16_2022-09-22,2022-09-16,50000.0,17952.79000000002,20000.0,SKIPPED_INSUFFICIENT_MARGIN
IRON_FLY,IRON_FLY_2022-09-30_2022-10-06,2022-09-30,50000.0,17952.79000000002,20000.0,SKIPPED_INSUFFICIENT_MARGIN
IRON_FLY,IRON_FLY_2022-10-14_2022-10-20,2022-10-14,50000.0,17952.79000000002,20000.0,SKIPPED_INSUFFICIENT_MARGIN
IRON_FLY,IRON_FLY_2022-10-21_2022-10-27,2022-10-21,50000.0,17952.79000000002,20000.0,SKIPPED_INSUFFICIENT_MARGIN
IRON_FLY,IRON_FLY_2022-11-04_2022-11-10,2022-11-04,50000.0,17952.79000000002,20000.0,SKIPPED_INSUFFICIENT_MARGIN
IRON_FLY,IRON_FLY_2022-11-11_2022-11-17,2022-11-11,50000.0,17952.79000000002,20000.0,SKIPPED_INSUFFICIENT_MARGIN
IRON_FLY,IRON_FLY_2022-11-18_2022-11-24,2022-11-18,50000.0,17952.79000000002,30929.25,SKIPPED_INSUFFICIENT_MARGIN
IRON_FLY,IRON_FLY_2022-11-25_2022-12-01,2022-11-25,50000.0,17952.79000000002,20000.0,SKIPPED_INSUFFICIENT_MARGIN
IRON_FLY,IRON_FLY_2022-12-02_2022-12-08,2022-12-02,50000.0,17952.79000000002,20000.0,SKIPPED_INSUFFICIENT_MARGIN
IRON_FLY,IRON_FLY_2022-12-09_2022-12-15,2022-12-09,50000.0,17952.79000000002,20000.0,SKIPPED_INSUFFICIENT_MARGIN
IRON_FLY,IRON_FLY_2022-12-16_2022-12-22,2022-12-16,50000.0,17952.79000000002,20000.0,SKIPPED_INSUFFICIENT_MARGIN
IRON_FLY,IRON_FLY_2022-12-30_2023-01-05,2022-12-30,50000.0,17952.79000000002,20000.0,SKIPPED_INSUFFICIENT_MARGIN
IRON_FLY,IRON_FLY_2023-01-27_2023-02-02,2023-01-27,50000.0,17952.79000000002,35511.99999999999,SKIPPED_INSUFFICIENT_MARGIN
IRON_FLY,IRON_FLY_2023-03-17_2023-03-23,2023-03-17,50000.0,17952.79000000002,20000.0,SKIPPED_INSUFFICIENT_MARGIN
IRON_FLY,IRON_FLY_2023-05-12_2023-05-18,2023-05-12,50000.0,17952.79000000002,20000.0,SKIPPED_INSUFFICIENT_MARGIN
IRON_FLY,IRON_FLY_2023-05-19_2023-05-25,2023-05-19,50000.0,17952.79000000002,20000.0,SKIPPED_INSUFFICIENT_MARGIN
IRON_FLY,IRON_FLY_2023-06-09_2023-06-15,2023-06-09,50000.0,17952.79000000002,20000.0,SKIPPED_INSUFFICIENT_MARGIN
IRON_FLY,IRON_FLY_2023-06-16_2023-06-22,2023-06-16,50000.0,17952.79000000002,20000.0,SKIPPED_INSUFFICIENT_MARGIN
IRON_FLY,IRON_FLY_2023-07-14_2023-07-20,2023-07-14,50000.0,17952.79000000002,20000.0,SKIPPED_INSUFFICIENT_MARGIN
IRON_FLY,IRON_FLY_2023-07-28_2023-08-03,2023-07-28,50000.0,17952.79000000002,20000.0,SKIPPED_INSUFFICIENT_MARGIN
IRON_FLY,IRON_FLY_2023-08-04_2023-08-10,2023-08-04,50000.0,17952.79000000002,20000.0,SKIPPED_INSUFFICIENT_MARGIN
IRON_FLY,IRON_FLY_2023-08-11_2023-08-17,2023-08-11,50000.0,17952.79000000002,20000.0,SKIPPED_INSUFFICIENT_MARGIN
IRON_FLY,IRON_FLY_2023-08-25_2023-08-31,2023-08-25,50000.0,17952.79000000002,20000.0,SKIPPED_INSUFFICIENT_MARGIN
IRON_FLY,IRON_FLY_2023-09-29_2023-10-05,2023-09-29,50000.0,17952.79000000002,20000.0,SKIPPED_INSUFFICIENT_MARGIN
IRON_FLY,IRON_FLY_2023-10-13_2023-10-19,2023-10-13,50000.0,17952.79000000002,20000.0,SKIPPED_INSUFFICIENT_MARGIN
IRON_FLY,IRON_FLY_2023-10-20_2023-10-26,2023-10-20,50000.0,17952.79000000002,20000.0,SKIPPED_INSUFFICIENT_MARGIN
IRON_FLY,IRON_FLY_2023-10-27_2023-11-02,2023-10-27,50000.0,17952.79000000002,20000.0,SKIPPED_INSUFFICIENT_MARGIN
IRON_FLY,IRON_FLY_2023-11-03_2023-11-09,2023-11-03,50000.0,17952.79000000002,20000.0,SKIPPED_INSUFFICIENT_MARGIN
IRON_FLY,IRON_FLY_2023-11-10_2023-11-16,2023-11-10,50000.0,17952.79000000002,20000.0,SKIPPED_INSUFFICIENT_MARGIN
IRON_FLY,IRON_FLY_2023-11-17_2023-11-23,2023-11-17,50000.0,17952.79000000002,20000.0,SKIPPED_INSUFFICIENT_MARGIN
IRON_FLY,IRON_FLY_2023-12-01_2023-12-07,2023-12-01,50000.0,17952.79000000002,20000.0,SKIPPED_INSUFFICIENT_MARGIN
IRON_FLY,IRON_FLY_2023-12-08_2023-12-14,2023-12-08,50000.0,17952.79000000002,20000.0,SKIPPED_INSUFFICIENT_MARGIN
IRON_FLY,IRON_FLY_2023-12-29_2024-01-04,2023-12-29,50000.0,17952.79000000002,20000.0,SKIPPED_INSUFFICIENT_MARGIN
IRON_FLY,IRON_FLY_2024-01-05_2024-01-11,2024-01-05,50000.0,17952.79000000002,20000.0,SKIPPED_INSUFFICIENT_MARGIN
IRON_FLY,IRON_FLY_2024-01-12_2024-01-18,2024-01-12,50000.0,17952.79000000002,20000.0,SKIPPED_INSUFFICIENT_MARGIN
IRON_FLY,IRON_FLY_2024-01-19_2024-01-25,2024-01-19,50000.0,17952.79000000002,20000.0,SKIPPED_INSUFFICIENT_MARGIN
IRON_FLY,IRON_FLY_2024-01-29_2024-02-01,2024-01-29,50000.0,17952.79000000002,20000.0,SKIPPED_INSUFFICIENT_MARGIN
IRON_FLY,IRON_FLY_2024-02-02_2024-02-08,2024-02-02,50000.0,17952.79000000002,20000.0,SKIPPED_INSUFFICIENT_MARGIN
IRON_FLY,IRON_FLY_2024-02-09_2024-02-15,2024-02-09,50000.0,17952.79000000002,20000.0,SKIPPED_INSUFFICIENT_MARGIN
IRON_FLY,IRON_FLY_2024-02-16_2024-02-22,2024-02-16,50000.0,17952.79000000002,20000.0,SKIPPED_INSUFFICIENT_MARGIN
IRON_FLY,IRON_FLY_2024-02-23_2024-02-29,2024-02-23,50000.0,17952.79000000002,20000.0,SKIPPED_INSUFFICIENT_MARGIN
IRON_FLY,IRON_FLY_2024-03-01_2024-03-07,2024-03-01,50000.0,17952.79000000002,20000.0,SKIPPED_INSUFFICIENT_MARGIN
IRON_FLY,IRON_FLY_2024-03-11_2024-03-14,2024-03-11,50000.0,17952.79000000002,20000.0,SKIPPED_INSUFFICIENT_MARGIN
IRON_FLY,IRON_FLY_2024-03-15_2024-03-21,2024-03-15,50000.0,17952.79000000002,20000.0,SKIPPED_INSUFFICIENT_MARGIN
IRON_FLY,IRON_FLY_2024-03-22_2024-03-28,2024-03-22,50000.0,17952.79000000002,20000.0,SKIPPED_INSUFFICIENT_MARGIN
IRON_FLY,IRON_FLY_2024-04-01_2024-04-04,2024-04-01,50000.0,17952.79000000002,20000.0,SKIPPED_INSUFFICIENT_MARGIN
IRON_FLY,IRON_FLY_2024-04-05_2024-04-10,2024-04-05,50000.0,17952.79000000002,20000.0,SKIPPED_INSUFFICIENT_MARGIN
IRON_FLY,IRON_FLY_2024-04-12_2024-04-18,2024-04-12,50000.0,17952.79000000002,20000.0,SKIPPED_INSUFFICIENT_MARGIN
IRON_FLY,IRON_FLY_2024-04-19_2024-04-25,2024-04-19,50000.0,17952.79000000002,20000.0,SKIPPED_INSUFFICIENT_MARGIN
IRON_FLY,IRON_FLY_2024-04-26_2024-05-02,2024-04-26,50000.0,17952.79000000002,20000.0,SKIPPED_INSUFFICIENT_MARGIN
IRON_FLY,IRON_FLY_2024-05-03_2024-05-09,2024-05-03,50000.0,17952.79000000002,20000.0,SKIPPED_INSUFFICIENT_MARGIN
IRON_FLY,IRON_FLY_2024-05-10_2024-05-16,2024-05-10,50000.0,17952.79000000002,20000.0,SKIPPED_INSUFFICIENT_MARGIN
IRON_FLY,IRON_FLY_2024-05-17_2024-05-23,2024-05-17,50000.0,17952.79000000002,20000.0,SKIPPED_INSUFFICIENT_MARGIN
IRON_FLY,IRON_FLY_2024-05-24_2024-05-30,2024-05-24,50000.0,17952.79000000002,20000.0,SKIPPED_INSUFFICIENT_MARGIN
IRON_FLY,IRON_FLY_2024-05-31_2024-06-06,2024-05-31,50000.0,17952.79000000002,20000.0,SKIPPED_INSUFFICIENT_MARGIN
IRON_FLY,IRON_FLY_2024-06-07_2024-06-13,2024-06-07,50000.0,17952.79000000002,20000.0,SKIPPED_INSUFFICIENT_MARGIN
IRON_FLY,IRON_FLY_2024-06-14_2024-06-20,2024-06-14,50000.0,17952.79000000002,20000.0,SKIPPED_INSUFFICIENT_MARGIN
IRON_FLY,IRON_FLY_2024-06-21_2024-06-27,2024-06-21,50000.0,17952.79000000002,20000.0,SKIPPED_INSUFFICIENT_MARGIN
IRON_FLY,IRON_FLY_2024-06-28_2024-07-04,2024-06-28,50000.0,17952.79000000002,20000.0,SKIPPED_INSUFFICIENT_MARGIN
IRON_FLY,IRON_FLY_2024-07-05_2024-07-11,2024-07-05,50000.0,17952.79000000002,20000.0,SKIPPED_INSUFFICIENT_MARGIN
IRON_FLY,IRON_FLY_2024-07-12_2024-07-18,2024-07-12,50000.0,17952.79000000002,20000.0,SKIPPED_INSUFFICIENT_MARGIN
IRON_FLY,IRON_FLY_2024-07-19_2024-07-25,2024-07-19,50000.0,17952.79000000002,20000.0,SKIPPED_INSUFFICIENT_MARGIN
IRON_FLY,IRON_FLY_2024-07-26_2024-08-01,2024-07-26,50000.0,17952.79000000002,20000.0,SKIPPED_INSUFFICIENT_MARGIN
IRON_FLY,IRON_FLY_2024-08-02_2024-08-08,2024-08-02,50000.0,17952.79000000002,20000.0,SKIPPED_INSUFFICIENT_MARGIN
IRON_FLY,IRON_FLY_2024-08-09_2024-08-14,2024-08-09,50000.0,17952.79000000002,20000.0,SKIPPED_INSUFFICIENT_MARGIN
IRON_FLY,IRON_FLY_2024-08-16_2024-08-22,2024-08-16,50000.0,17952.79000000002,20000.0,SKIPPED_INSUFFICIENT_MARGIN
IRON_FLY,IRON_FLY_2024-08-23_2024-08-29,2024-08-23,50000.0,17952.79000000002,20000.0,SKIPPED_INSUFFICIENT_MARGIN
IRON_FLY,IRON_FLY_2024-08-30_2024-09-05,2024-08-30,50000.0,17952.79000000002,20000.0,SKIPPED_INSUFFICIENT_MARGIN
IRON_FLY,IRON_FLY_2024-09-06_2024-09-12,2024-09-06,50000.0,17952.79000000002,20000.0,SKIPPED_INSUFFICIENT_MARGIN
IRON_FLY,IRON_FLY_2024-09-13_2024-09-19,2024-09-13,50000.0,17952.79000000002,20000.0,SKIPPED_INSUFFICIENT_MARGIN
IRON_FLY,IRON_FLY_2024-09-20_2024-09-26,2024-09-20,50000.0,17952.79000000002,20000.0,SKIPPED_INSUFFICIENT_MARGIN
IRON_FLY,IRON_FLY_2024-09-27_2024-10-03,2024-09-27,50000.0,17952.79000000002,20000.0,SKIPPED_INSUFFICIENT_MARGIN
IRON_FLY,IRON_FLY_2024-10-04_2024-10-10,2024-10-04,50000.0,17952.79000000002,20000.0,SKIPPED_INSUFFICIENT_MARGIN
IRON_FLY,IRON_FLY_2024-10-11_2024-10-17,2024-10-11,50000.0,17952.79000000002,20000.0,SKIPPED_INSUFFICIENT_MARGIN
IRON_FLY,IRON_FLY_2024-10-18_2024-10-24,2024-10-18,50000.0,17952.79000000002,20000.0,SKIPPED_INSUFFICIENT_MARGIN
IRON_FLY,IRON_FLY_2024-10-25_2024-10-31,2024-10-25,50000.0,17952.79000000002,20000.0,SKIPPED_INSUFFICIENT_MARGIN
IRON_FLY,IRON_FLY_2024-11-01_2024-11-07,2024-11-01,50000.0,17952.79000000002,20000.0,SKIPPED_INSUFFICIENT_MARGIN
IRON_FLY,IRON_FLY_2024-11-08_2024-11-14,2024-11-08,50000.0,17952.79000000002,20000.0,SKIPPED_INSUFFICIENT_MARGIN
IRON_FLY,IRON_FLY_2024-11-18_2024-11-21,2024-11-18,50000.0,17952.79000000002,20000.0,SKIPPED_INSUFFICIENT_MARGIN
IRON_FLY,IRON_FLY_2024-11-22_2024-11-28,2024-11-22,50000.0,17952.79000000002,20000.0,SKIPPED_INSUFFICIENT_MARGIN
IRON_FLY,IRON_FLY_2024-11-29_2024-12-05,2024-11-29,50000.0,17952.79000000002,20000.0,SKIPPED_INSUFFICIENT_MARGIN
IRON_FLY,IRON_FLY_2024-12-06_2024-12-12,2024-12-06,50000.0,17952.79000000002,20000.0,SKIPPED_INSUFFICIENT_MARGIN
IRON_FLY,IRON_FLY_2024-12-13_2024-12-19,2024-12-13,50000.0,17952.79000000002,20000.0,SKIPPED_INSUFFICIENT_MARGIN
IRON_FLY,IRON_FLY_2024-12-20_2024-12-26,2024-12-20,50000.0,17952.79000000002,20000.0,SKIPPED_INSUFFICIENT_MARGIN
IRON_FLY,IRON_FLY_2024-12-27_2025-01-02,2024-12-27,50000.0,17952.79000000002,20000.0,SKIPPED_INSUFFICIENT_MARGIN
IRON_FLY,IRON_FLY_2025-01-03_2025-01-09,2025-01-03,50000.0,17952.79000000002,20000.0,SKIPPED_INSUFFICIENT_MARGIN
IRON_FLY,IRON_FLY_2025-01-10_2025-01-16,2025-01-10,50000.0,17952.79000000002,20000.0,SKIPPED_INSUFFICIENT_MARGIN
IRON_FLY,IRON_FLY_2025-01-17_2025-01-23,2025-01-17,50000.0,17952.79000000002,20000.0,SKIPPED_INSUFFICIENT_MARGIN
IRON_FLY,IRON_FLY_2025-01-24_2025-01-30,2025-01-24,50000.0,17952.79000000002,20000.0,SKIPPED_INSUFFICIENT_MARGIN
IRON_FLY,IRON_FLY_2025-01-31_2025-02-06,2025-01-31,50000.0,17952.79000000002,20000.0,SKIPPED_INSUFFICIENT_MARGIN
IRON_FLY,IRON_FLY_2025-02-07_2025-02-13,2025-02-07,50000.0,17952.79000000002,20000.0,SKIPPED_INSUFFICIENT_MARGIN
IRON_FLY,IRON_FLY_2025-02-14_2025-02-20,2025-02-14,50000.0,17952.79000000002,20000.0,SKIPPED_INSUFFICIENT_MARGIN
IRON_FLY,IRON_FLY_2025-02-21_2025-02-27,2025-02-21,50000.0,17952.79000000002,20000.0,SKIPPED_INSUFFICIENT_MARGIN
IRON_FLY,IRON_FLY_2025-02-28_2025-03-06,2025-02-28,50000.0,17952.79000000002,20000.0,SKIPPED_INSUFFICIENT_MARGIN
IRON_FLY,IRON_FLY_2025-03-07_2025-03-13,2025-03-07,50000.0,17952.79000000002,20000.0,SKIPPED_INSUFFICIENT_MARGIN
IRON_FLY,IRON_FLY_2025-03-17_2025-03-20,2025-03-17,50000.0,17952.79000000002,20000.0,SKIPPED_INSUFFICIENT_MARGIN
IRON_FLY,IRON_FLY_2025-03-21_2025-03-27,2025-03-21,50000.0,17952.79000000002,20000.0,SKIPPED_INSUFFICIENT_MARGIN
IRON_FLY,IRON_FLY_2025-03-28_2025-04-03,2025-03-28,50000.0,17952.79000000002,20000.0,SKIPPED_INSUFFICIENT_MARGIN
IRON_FLY,IRON_FLY_2025-04-04_2025-04-09,2025-04-04,50000.0,17952.79000000002,20000.0,SKIPPED_INSUFFICIENT_MARGIN
IRON_FLY,IRON_FLY_2025-04-11_2025-04-17,2025-04-11,50000.0,17952.79000000002,20000.0,SKIPPED_INSUFFICIENT_MARGIN
IRON_FLY,IRON_FLY_2025-04-21_2025-04-24,2025-04-21,50000.0,17952.79000000002,20000.0,SKIPPED_INSUFFICIENT_MARGIN
IRON_FLY,IRON_FLY_2025-04-25_2025-04-30,2025-04-25,50000.0,17952.79000000002,20000.0,SKIPPED_INSUFFICIENT_MARGIN
IRON_FLY,IRON_FLY_2025-05-02_2025-05-08,2025-05-02,50000.0,17952.79000000002,20000.0,SKIPPED_INSUFFICIENT_MARGIN
IRON_FLY,IRON_FLY_2025-05-09_2025-05-15,2025-05-09,50000.0,17952.79000000002,20000.0,SKIPPED_INSUFFICIENT_MARGIN
IRON_FLY,IRON_FLY_2025-05-16_2025-05-22,2025-05-16,50000.0,17952.79000000002,20000.0,SKIPPED_INSUFFICIENT_MARGIN
IRON_FLY,IRON_FLY_2025-05-23_2025-05-29,2025-05-23,50000.0,17952.79000000002,20000.0,SKIPPED_INSUFFICIENT_MARGIN
IRON_FLY,IRON_FLY_2025-05-30_2025-06-05,2025-05-30,50000.0,17952.79000000002,20000.0,SKIPPED_INSUFFICIENT_MARGIN
IRON_FLY,IRON_FLY_2025-06-06_2025-06-12,2025-06-06,50000.0,17952.79000000002,20000.0,SKIPPED_INSUFFICIENT_MARGIN
IRON_FLY,IRON_FLY_2025-06-13_2025-06-19,2025-06-13,50000.0,17952.79000000002,20000.0,SKIPPED_INSUFFICIENT_MARGIN
IRON_FLY,IRON_FLY_2025-06-20_2025-06-26,2025-06-20,50000.0,17952.79000000002,20000.0,SKIPPED_INSUFFICIENT_MARGIN
IRON_FLY,IRON_FLY_2025-06-27_2025-07-03,2025-06-27,50000.0,17952.79000000002,20000.0,SKIPPED_INSUFFICIENT_MARGIN
IRON_FLY,IRON_FLY_2025-07-04_2025-07-10,2025-07-04,50000.0,17952.79000000002,20000.0,SKIPPED_INSUFFICIENT_MARGIN
IRON_FLY,IRON_FLY_2025-07-11_2025-07-17,2025-07-11,50000.0,17952.79000000002,20000.0,SKIPPED_INSUFFICIENT_MARGIN
IRON_FLY,IRON_FLY_2025-07-18_2025-07-24,2025-07-18,50000.0,17952.79000000002,20000.0,SKIPPED_INSUFFICIENT_MARGIN
IRON_FLY,IRON_FLY_2025-07-25_2025-07-31,2025-07-25,50000.0,17952.79000000002,20000.0,SKIPPED_INSUFFICIENT_MARGIN
IRON_FLY,IRON_FLY_2025-08-01_2025-08-07,2025-08-01,50000.0,17952.79000000002,20000.0,SKIPPED_INSUFFICIENT_MARGIN
IRON_FLY,IRON_FLY_2025-08-08_2025-08-14,2025-08-08,50000.0,17952.79000000002,20000.0,SKIPPED_INSUFFICIENT_MARGIN
IRON_FLY,IRON_FLY_2025-08-18_2025-08-21,2025-08-18,50000.0,17952.79000000002,20000.0,SKIPPED_INSUFFICIENT_MARGIN
IRON_FLY,IRON_FLY_2025-08-22_2025-08-28,2025-08-22,50000.0,17952.79000000002,20000.0,SKIPPED_INSUFFICIENT_MARGIN
IRON_FLY,IRON_FLY_2025-08-29_2025-09-02,2025-08-29,50000.0,17952.79000000002,20000.0,SKIPPED_INSUFFICIENT_MARGIN
IRON_FLY,IRON_FLY_2025-09-03_2025-09-09,2025-09-03,50000.0,17952.79000000002,20000.0,SKIPPED_INSUFFICIENT_MARGIN
IRON_FLY,IRON_FLY_2025-09-10_2025-09-16,2025-09-10,50000.0,17952.79000000002,20000.0,SKIPPED_INSUFFICIENT_MARGIN
IRON_FLY,IRON_FLY_2025-09-17_2025-09-23,2025-09-17,50000.0,17952.79000000002,20000.0,SKIPPED_INSUFFICIENT_MARGIN
IRON_FLY,IRON_FLY_2025-09-26_2025-09-30,2025-09-26,50000.0,17952.79000000002,20000.0,SKIPPED_INSUFFICIENT_MARGIN
IRON_FLY,IRON_FLY_2025-10-01_2025-10-07,2025-10-01,50000.0,17952.79000000002,20000.0,SKIPPED_INSUFFICIENT_MARGIN
IRON_FLY,IRON_FLY_2025-10-08_2025-10-14,2025-10-08,50000.0,17952.79000000002,20000.0,SKIPPED_INSUFFICIENT_MARGIN
IRON_FLY,IRON_FLY_2025-10-15_2025-10-20,2025-10-15,50000.0,17952.79000000002,20000.0,SKIPPED_INSUFFICIENT_MARGIN
IRON_FLY,IRON_FLY_2025-10-21_2025-10-28,2025-10-21,50000.0,17952.79000000002,20000.0,SKIPPED_INSUFFICIENT_MARGIN
IRON_FLY,IRON_FLY_2025-10-29_2025-11-04,2025-10-29,50000.0,17952.79000000002,20000.0,SKIPPED_INSUFFICIENT_MARGIN
IRON_FLY,IRON_FLY_2025-11-06_2025-11-11,2025-11-06,50000.0,17952.79000000002,20000.0,SKIPPED_INSUFFICIENT_MARGIN
IRON_FLY,IRON_FLY_2025-11-12_2025-11-18,2025-11-12,50000.0,17952.79000000002,20000.0,SKIPPED_INSUFFICIENT_MARGIN
IRON_FLY,IRON_FLY_2025-11-19_2025-11-25,2025-11-19,50000.0,17952.79000000002,20000.0,SKIPPED_INSUFFICIENT_MARGIN
IRON_FLY,IRON_FLY_2025-11-26_2025-12-02,2025-11-26,50000.0,17952.79000000002,20000.0,SKIPPED_INSUFFICIENT_MARGIN
IRON_FLY,IRON_FLY_2025-12-03_2025-12-09,2025-12-03,50000.0,17952.79000000002,20000.0,SKIPPED_INSUFFICIENT_MARGIN
IRON_FLY,IRON_FLY_2025-12-10_2025-12-16,2025-12-10,50000.0,17952.79000000002,20000.0,SKIPPED_INSUFFICIENT_MARGIN
IRON_FLY,IRON_FLY_2025-12-17_2025-12-23,2025-12-17,50000.0,17952.79000000002,20000.0,SKIPPED_INSUFFICIENT_MARGIN
IRON_FLY,IRON_FLY_2025-12-26_2025-12-30,2025-12-26,50000.0,17952.79000000002,20000.0,SKIPPED_INSUFFICIENT_MARGIN
IRON_FLY,IRON_FLY_2025-12-31_2026-01-06,2025-12-31,50000.0,17952.79000000002,20000.0,SKIPPED_INSUFFICIENT_MARGIN
IRON_FLY,IRON_FLY_2026-01-07_2026-01-13,2026-01-07,50000.0,17952.79000000002,20000.0,SKIPPED_INSUFFICIENT_MARGIN
IRON_FLY,IRON_FLY_2026-01-14_2026-01-20,2026-01-14,50000.0,17952.79000000002,20000.0,SKIPPED_INSUFFICIENT_MARGIN
IRON_FLY,IRON_FLY_2026-01-21_2026-01-27,2026-01-21,50000.0,17952.79000000002,20000.0,SKIPPED_INSUFFICIENT_MARGIN
IRON_FLY,IRON_FLY_2026-01-28_2026-02-03,2026-01-28,50000.0,17952.79000000002,20000.0,SKIPPED_INSUFFICIENT_MARGIN
IRON_FLY,IRON_FLY_2026-02-04_2026-02-10,2026-02-04,50000.0,17952.79000000002,20000.0,SKIPPED_INSUFFICIENT_MARGIN
IRON_FLY,IRON_FLY_2026-02-11_2026-02-17,2026-02-11,50000.0,17952.79000000002,20000.0,SKIPPED_INSUFFICIENT_MARGIN
IRON_FLY,IRON_FLY_2026-02-18_2026-02-24,2026-02-18,50000.0,17952.79000000002,20000.0,SKIPPED_INSUFFICIENT_MARGIN
IRON_FLY,IRON_FLY_2026-02-25_2026-03-02,2026-02-25,50000.0,17952.79000000002,20000.0,SKIPPED_INSUFFICIENT_MARGIN
IRON_FLY,IRON_FLY_2026-03-04_2026-03-10,2026-03-04,50000.0,17952.79000000002,20000.0,SKIPPED_INSUFFICIENT_MARGIN
IRON_FLY,IRON_FLY_2026-03-11_2026-03-17,2026-03-11,50000.0,17952.79000000002,20000.0,SKIPPED_INSUFFICIENT_MARGIN
IRON_FLY,IRON_FLY_2026-03-18_2026-03-24,2026-03-18,50000.0,17952.79000000002,20000.0,SKIPPED_INSUFFICIENT_MARGIN
IRON_FLY,IRON_FLY_2026-03-27_2026-03-30,2026-03-27,50000.0,17952.79000000002,20000.0,SKIPPED_INSUFFICIENT_MARGIN
IRON_FLY,IRON_FLY_2026-04-01_2026-04-07,2026-04-01,50000.0,17952.79000000002,20000.0,SKIPPED_INSUFFICIENT_MARGIN
IRON_FLY,IRON_FLY_2026-04-08_2026-04-13,2026-04-08,50000.0,17952.79000000002,20000.0,SKIPPED_INSUFFICIENT_MARGIN
IRON_FLY,IRON_FLY_2026-04-15_2026-04-21,2026-04-15,50000.0,17952.79000000002,20000.0,SKIPPED_INSUFFICIENT_MARGIN
IRON_FLY,IRON_FLY_2026-04-22_2026-04-28,2026-04-22,50000.0,17952.79000000002,20000.0,SKIPPED_INSUFFICIENT_MARGIN
IRON_FLY,IRON_FLY_2026-04-29_2026-05-05,2026-04-29,50000.0,17952.79000000002,20000.0,SKIPPED_INSUFFICIENT_MARGIN
IRON_FLY,IRON_FLY_2026-05-06_2026-05-12,2026-05-06,50000.0,17952.79000000002,20000.0,SKIPPED_INSUFFICIENT_MARGIN
IRON_FLY,IRON_FLY_2026-05-13_2026-05-19,2026-05-13,50000.0,17952.79000000002,20000.0,SKIPPED_INSUFFICIENT_MARGIN
IRON_FLY,IRON_FLY_2026-05-20_2026-05-26,2026-05-20,50000.0,17952.79000000002,20000.0,SKIPPED_INSUFFICIENT_MARGIN
IRON_FLY,IRON_FLY_2026-05-27_2026-06-02,2026-05-27,50000.0,17952.79000000002,20000.0,SKIPPED_INSUFFICIENT_MARGIN
IRON_FLY,IRON_FLY_2026-06-03_2026-06-09,2026-06-03,50000.0,17952.79000000002,20000.0,SKIPPED_INSUFFICIENT_MARGIN
IRON_FLY,IRON_FLY_2026-06-10_2026-06-16,2026-06-10,50000.0,17952.79000000002,20000.0,SKIPPED_INSUFFICIENT_MARGIN
IRON_FLY,IRON_FLY_2026-06-17_2026-06-23,2026-06-17,50000.0,17952.79000000002,20000.0,SKIPPED_INSUFFICIENT_MARGIN
IRON_FLY,IRON_FLY_2026-06-29_2026-06-30,2026-06-29,50000.0,17952.79000000002,20000.0,SKIPPED_INSUFFICIENT_MARGIN
IRON_FLY,IRON_FLY_2026-07-01_2026-07-07,2026-07-01,50000.0,17952.79000000002,20000.0,SKIPPED_INSUFFICIENT_MARGIN
IRON_FLY,IRON_FLY_2026-07-08_2026-07-14,2026-07-08,50000.0,17952.79000000002,20000.0,SKIPPED_INSUFFICIENT_MARGIN
IRON_FLY,IRON_FLY_2026-07-15_2026-07-21,2026-07-15,50000.0,17952.79000000002,20000.0,SKIPPED_INSUFFICIENT_MARGIN
IRON_FLY,IRON_FLY_2026-07-22_2026-07-28,2026-07-22,50000.0,17952.79000000002,20000.0,SKIPPED_INSUFFICIENT_MARGIN
IRON_FLY,IRON_FLY_2026-07-29_2026-08-04,2026-07-29,50000.0,17952.79000000002,20000.0,SKIPPED_INSUFFICIENT_MARGIN
IRON_FLY,IRON_FLY_2026-08-05_2026-08-11,2026-08-05,50000.0,17952.79000000002,20000.0,SKIPPED_INSUFFICIENT_MARGIN
IRON_FLY,IRON_FLY_2026-08-12_2026-08-18,2026-08-12,50000.0,17952.79000000002,20000.0,SKIPPED_INSUFFICIENT_MARGIN
IRON_FLY,IRON_FLY_2026-08-19_2026-08-25,2026-08-19,50000.0,17952.79000000002,20000.0,SKIPPED_INSUFFICIENT_MARGIN
IRON_FLY,IRON_FLY_2026-08-26_2026-09-01,2026-08-26,50000.0,17952.79000000002,20000.0,SKIPPED_INSUFFICIENT_MARGIN
IRON_FLY,IRON_FLY_2026-09-02_2026-09-08,2026-09-02,50000.0,17952.79000000002,20000.0,SKIPPED_INSUFFICIENT_MARGIN
IRON_FLY,IRON_FLY_2026-09-09_2026-09-15,2026-09-09,50000.0,17952.79000000002,20000.0,SKIPPED_INSUFFICIENT_MARGIN
IRON_FLY,IRON_FLY_2020-03-20_2020-03-26,2020-03-20,75000.0,109593.24,285724.6875,SKIPPED_INSUFFICIENT_MARGIN
IRON_FLY,IRON_FLY_2020-05-22_2020-05-28,2020-05-22,75000.0,53902.24000000001,73075.3125,SKIPPED_INSUFFICIENT_MARGIN
IRON_FLY,IRON_FLY_2020-11-20_2020-11-26,2020-11-20,75000.0,49049.17000000002,159170.06250000003,SKIPPED_INSUFFICIENT_MARGIN
IRON_FLY,IRON_FLY_2020-12-28_2020-12-31,2020-12-28,75000.0,58013.54000000002,228152.81249999997,SKIPPED_INSUFFICIENT_MARGIN
IRON_FLY,IRON_FLY_2021-02-05_2021-02-11,2021-02-05,75000.0,62130.550000000025,75964.68750000001,SKIPPED_INSUFFICIENT_MARGIN
IRON_FLY,IRON_FLY_2021-03-12_2021-03-18,2021-03-12,75000.0,27582.19000000002,40472.8125,SKIPPED_INSUFFICIENT_MARGIN
IRON_FLY,IRON_FLY_2021-04-16_2021-04-22,2021-04-16,75000.0,18299.250000000022,20000.0,SKIPPED_INSUFFICIENT_MARGIN
IRON_FLY,IRON_FLY_2021-04-23_2021-04-29,2021-04-23,75000.0,18299.250000000022,20000.0,SKIPPED_INSUFFICIENT_MARGIN
IRON_FLY,IRON_FLY_2021-04-30_2021-05-06,2021-04-30,75000.0,18299.250000000022,20000.0,SKIPPED_INSUFFICIENT_MARGIN
IRON_FLY,IRON_FLY_2021-05-14_2021-05-20,2021-05-14,75000.0,18299.250000000022,20000.0,SKIPPED_INSUFFICIENT_MARGIN
IRON_FLY,IRON_FLY_2021-05-21_2021-05-27,2021-05-21,75000.0,18299.250000000022,21532.312500000007,SKIPPED_INSUFFICIENT_MARGIN
IRON_FLY,IRON_FLY_2021-06-04_2021-06-10,2021-06-04,75000.0,18299.250000000022,20000.0,SKIPPED_INSUFFICIENT_MARGIN
IRON_FLY,IRON_FLY_2021-06-11_2021-06-17,2021-06-11,75000.0,18299.250000000022,20000.0,SKIPPED_INSUFFICIENT_MARGIN
IRON_FLY,IRON_FLY_2021-06-25_2021-07-01,2021-06-25,75000.0,18299.250000000022,20000.0,SKIPPED_INSUFFICIENT_MARGIN
IRON_FLY,IRON_FLY_2021-07-02_2021-07-08,2021-07-02,75000.0,18299.250000000022,20000.0,SKIPPED_INSUFFICIENT_MARGIN
IRON_FLY,IRON_FLY_2021-07-09_2021-07-15,2021-07-09,75000.0,18299.250000000022,20000.0,SKIPPED_INSUFFICIENT_MARGIN
IRON_FLY,IRON_FLY_2021-07-16_2021-07-22,2021-07-16,75000.0,18299.250000000022,20000.0,SKIPPED_INSUFFICIENT_MARGIN
IRON_FLY,IRON_FLY_2021-07-23_2021-07-29,2021-07-23,75000.0,18299.250000000022,20000.0,SKIPPED_INSUFFICIENT_MARGIN
IRON_FLY,IRON_FLY_2021-08-20_2021-08-26,2021-08-20,75000.0,18299.250000000022,37101.875,SKIPPED_INSUFFICIENT_MARGIN
IRON_FLY,IRON_FLY_2021-08-27_2021-09-02,2021-08-27,75000.0,18299.250000000022,20000.0,SKIPPED_INSUFFICIENT_MARGIN
IRON_FLY,IRON_FLY_2021-09-03_2021-09-09,2021-09-03,75000.0,18299.250000000022,20000.0,SKIPPED_INSUFFICIENT_MARGIN
IRON_FLY,IRON_FLY_2021-09-13_2021-09-16,2021-09-13,75000.0,18299.250000000022,20000.0,SKIPPED_INSUFFICIENT_MARGIN
IRON_FLY,IRON_FLY_2021-09-17_2021-09-23,2021-09-17,75000.0,18299.250000000022,20000.0,SKIPPED_INSUFFICIENT_MARGIN
IRON_FLY,IRON_FLY_2021-09-24_2021-09-30,2021-09-24,75000.0,18299.250000000022,81454.5,SKIPPED_INSUFFICIENT_MARGIN
IRON_FLY,IRON_FLY_2021-10-01_2021-10-07,2021-10-01,75000.0,18299.250000000022,20000.0,SKIPPED_INSUFFICIENT_MARGIN
IRON_FLY,IRON_FLY_2021-10-22_2021-10-28,2021-10-22,75000.0,18299.250000000022,71903.75,SKIPPED_INSUFFICIENT_MARGIN
IRON_FLY,IRON_FLY_2021-10-29_2021-11-03,2021-10-29,75000.0,18299.250000000022,20000.0,SKIPPED_INSUFFICIENT_MARGIN
IRON_FLY,IRON_FLY_2021-11-04_2021-11-11,2021-11-04,75000.0,18299.250000000022,20000.0,SKIPPED_INSUFFICIENT_MARGIN
IRON_FLY,IRON_FLY_2021-11-12_2021-11-18,2021-11-12,75000.0,18299.250000000022,20000.0,SKIPPED_INSUFFICIENT_MARGIN
IRON_FLY,IRON_FLY_2021-11-22_2021-11-25,2021-11-22,75000.0,18299.250000000022,20000.0,SKIPPED_INSUFFICIENT_MARGIN
IRON_FLY,IRON_FLY_2021-12-03_2021-12-09,2021-12-03,75000.0,18299.250000000022,20000.0,SKIPPED_INSUFFICIENT_MARGIN
IRON_FLY,IRON_FLY_2021-12-10_2021-12-16,2021-12-10,75000.0,18299.250000000022,41310.875,SKIPPED_INSUFFICIENT_MARGIN
IRON_FLY,IRON_FLY_2021-12-17_2021-12-23,2021-12-17,75000.0,18299.250000000022,20000.0,SKIPPED_INSUFFICIENT_MARGIN
IRON_FLY,IRON_FLY_2021-12-24_2021-12-30,2021-12-24,75000.0,18299.250000000022,20000.0,SKIPPED_INSUFFICIENT_MARGIN
IRON_FLY,IRON_FLY_2021-12-31_2022-01-06,2021-12-31,75000.0,18299.250000000022,20000.0,SKIPPED_INSUFFICIENT_MARGIN
IRON_FLY,IRON_FLY_2022-01-07_2022-01-13,2022-01-07,75000.0,18299.250000000022,20000.0,SKIPPED_INSUFFICIENT_MARGIN
IRON_FLY,IRON_FLY_2022-01-28_2022-02-03,2022-01-28,75000.0,18299.250000000022,20000.0,SKIPPED_INSUFFICIENT_MARGIN
IRON_FLY,IRON_FLY_2022-02-11_2022-02-17,2022-02-11,75000.0,18299.250000000022,20000.0,SKIPPED_INSUFFICIENT_MARGIN
IRON_FLY,IRON_FLY_2022-02-18_2022-02-24,2022-02-18,75000.0,18299.250000000022,20000.0,SKIPPED_INSUFFICIENT_MARGIN
IRON_FLY,IRON_FLY_2022-02-25_2022-03-03,2022-02-25,75000.0,18299.250000000022,94524.24999999999,SKIPPED_INSUFFICIENT_MARGIN
IRON_FLY,IRON_FLY_2022-03-04_2022-03-10,2022-03-04,75000.0,18299.250000000022,73723.625,SKIPPED_INSUFFICIENT_MARGIN
IRON_FLY,IRON_FLY_2022-03-11_2022-03-17,2022-03-11,75000.0,18299.250000000022,20000.0,SKIPPED_INSUFFICIENT_MARGIN
IRON_FLY,IRON_FLY_2022-03-21_2022-03-24,2022-03-21,75000.0,18299.250000000022,35158.375,SKIPPED_INSUFFICIENT_MARGIN
IRON_FLY,IRON_FLY_2022-03-25_2022-03-31,2022-03-25,75000.0,18299.250000000022,20000.0,SKIPPED_INSUFFICIENT_MARGIN
IRON_FLY,IRON_FLY_2022-04-01_2022-04-07,2022-04-01,75000.0,18299.250000000022,20000.0,SKIPPED_INSUFFICIENT_MARGIN
IRON_FLY,IRON_FLY_2022-04-08_2022-04-13,2022-04-08,75000.0,18299.250000000022,22870.624999999985,SKIPPED_INSUFFICIENT_MARGIN
IRON_FLY,IRON_FLY_2022-04-29_2022-05-05,2022-04-29,75000.0,18299.250000000022,20567.750000000004,SKIPPED_INSUFFICIENT_MARGIN
IRON_FLY,IRON_FLY_2022-05-06_2022-05-12,2022-05-06,75000.0,18299.250000000022,36659.12500000001,SKIPPED_INSUFFICIENT_MARGIN
IRON_FLY,IRON_FLY_2022-05-27_2022-06-02,2022-05-27,75000.0,18299.250000000022,20000.0,SKIPPED_INSUFFICIENT_MARGIN
IRON_FLY,IRON_FLY_2022-06-03_2022-06-09,2022-06-03,75000.0,18299.250000000022,21407.249999999993,SKIPPED_INSUFFICIENT_MARGIN
IRON_FLY,IRON_FLY_2022-06-10_2022-06-16,2022-06-10,75000.0,18299.250000000022,20000.0,SKIPPED_INSUFFICIENT_MARGIN
IRON_FLY,IRON_FLY_2022-06-17_2022-06-23,2022-06-17,75000.0,18299.250000000022,20000.0,SKIPPED_INSUFFICIENT_MARGIN
IRON_FLY,IRON_FLY_2022-06-24_2022-06-30,2022-06-24,75000.0,18299.250000000022,20000.0,SKIPPED_INSUFFICIENT_MARGIN
IRON_FLY,IRON_FLY_2022-07-22_2022-07-28,2022-07-22,75000.0,18299.250000000022,20000.0,SKIPPED_INSUFFICIENT_MARGIN
IRON_FLY,IRON_FLY_2022-08-05_2022-08-11,2022-08-05,75000.0,18299.250000000022,20000.0,SKIPPED_INSUFFICIENT_MARGIN
IRON_FLY,IRON_FLY_2022-08-19_2022-08-25,2022-08-19,75000.0,18299.250000000022,20000.0,SKIPPED_INSUFFICIENT_MARGIN
IRON_FLY,IRON_FLY_2022-08-26_2022-09-01,2022-08-26,75000.0,18299.250000000022,20000.0,SKIPPED_INSUFFICIENT_MARGIN
IRON_FLY,IRON_FLY_2022-09-09_2022-09-15,2022-09-09,75000.0,18299.250000000022,20000.0,SKIPPED_INSUFFICIENT_MARGIN
IRON_FLY,IRON_FLY_2022-09-16_2022-09-22,2022-09-16,75000.0,18299.250000000022,20000.0,SKIPPED_INSUFFICIENT_MARGIN
IRON_FLY,IRON_FLY_2022-09-30_2022-10-06,2022-09-30,75000.0,18299.250000000022,20000.0,SKIPPED_INSUFFICIENT_MARGIN
IRON_FLY,IRON_FLY_2022-10-14_2022-10-20,2022-10-14,75000.0,18299.250000000022,20000.0,SKIPPED_INSUFFICIENT_MARGIN
IRON_FLY,IRON_FLY_2022-10-21_2022-10-27,2022-10-21,75000.0,18299.250000000022,20000.0,SKIPPED_INSUFFICIENT_MARGIN
IRON_FLY,IRON_FLY_2022-11-04_2022-11-10,2022-11-04,75000.0,18299.250000000022,20000.0,SKIPPED_INSUFFICIENT_MARGIN
IRON_FLY,IRON_FLY_2022-11-11_2022-11-17,2022-11-11,75000.0,18299.250000000022,20000.0,SKIPPED_INSUFFICIENT_MARGIN
IRON_FLY,IRON_FLY_2022-11-18_2022-11-24,2022-11-18,75000.0,18299.250000000022,30929.25,SKIPPED_INSUFFICIENT_MARGIN
IRON_FLY,IRON_FLY_2022-11-25_2022-12-01,2022-11-25,75000.0,18299.250000000022,20000.0,SKIPPED_INSUFFICIENT_MARGIN
IRON_FLY,IRON_FLY_2022-12-02_2022-12-08,2022-12-02,75000.0,18299.250000000022,20000.0,SKIPPED_INSUFFICIENT_MARGIN
IRON_FLY,IRON_FLY_2022-12-09_2022-12-15,2022-12-09,75000.0,18299.250000000022,20000.0,SKIPPED_INSUFFICIENT_MARGIN
IRON_FLY,IRON_FLY_2022-12-16_2022-12-22,2022-12-16,75000.0,18299.250000000022,20000.0,SKIPPED_INSUFFICIENT_MARGIN
IRON_FLY,IRON_FLY_2022-12-30_2023-01-05,2022-12-30,75000.0,18299.250000000022,20000.0,SKIPPED_INSUFFICIENT_MARGIN
IRON_FLY,IRON_FLY_2023-01-27_2023-02-02,2023-01-27,75000.0,18299.250000000022,35511.99999999999,SKIPPED_INSUFFICIENT_MARGIN
IRON_FLY,IRON_FLY_2023-03-17_2023-03-23,2023-03-17,75000.0,18299.250000000022,20000.0,SKIPPED_INSUFFICIENT_MARGIN
IRON_FLY,IRON_FLY_2023-05-12_2023-05-18,2023-05-12,75000.0,18299.250000000022,20000.0,SKIPPED_INSUFFICIENT_MARGIN
IRON_FLY,IRON_FLY_2023-05-19_2023-05-25,2023-05-19,75000.0,18299.250000000022,20000.0,SKIPPED_INSUFFICIENT_MARGIN
IRON_FLY,IRON_FLY_2023-06-09_2023-06-15,2023-06-09,75000.0,18299.250000000022,20000.0,SKIPPED_INSUFFICIENT_MARGIN
IRON_FLY,IRON_FLY_2023-06-16_2023-06-22,2023-06-16,75000.0,18299.250000000022,20000.0,SKIPPED_INSUFFICIENT_MARGIN
IRON_FLY,IRON_FLY_2023-07-14_2023-07-20,2023-07-14,75000.0,18299.250000000022,20000.0,SKIPPED_INSUFFICIENT_MARGIN
IRON_FLY,IRON_FLY_2023-07-28_2023-08-03,2023-07-28,75000.0,18299.250000000022,20000.0,SKIPPED_INSUFFICIENT_MARGIN
IRON_FLY,IRON_FLY_2023-08-04_2023-08-10,2023-08-04,75000.0,18299.250000000022,20000.0,SKIPPED_INSUFFICIENT_MARGIN
IRON_FLY,IRON_FLY_2023-08-11_2023-08-17,2023-08-11,75000.0,18299.250000000022,20000.0,SKIPPED_INSUFFICIENT_MARGIN
IRON_FLY,IRON_FLY_2023-08-25_2023-08-31,2023-08-25,75000.0,18299.250000000022,20000.0,SKIPPED_INSUFFICIENT_MARGIN
IRON_FLY,IRON_FLY_2023-09-29_2023-10-05,2023-09-29,75000.0,18299.250000000022,20000.0,SKIPPED_INSUFFICIENT_MARGIN
IRON_FLY,IRON_FLY_2023-10-13_2023-10-19,2023-10-13,75000.0,18299.250000000022,20000.0,SKIPPED_INSUFFICIENT_MARGIN
IRON_FLY,IRON_FLY_2023-10-20_2023-10-26,2023-10-20,75000.0,18299.250000000022,20000.0,SKIPPED_INSUFFICIENT_MARGIN
IRON_FLY,IRON_FLY_2023-10-27_2023-11-02,2023-10-27,75000.0,18299.250000000022,20000.0,SKIPPED_INSUFFICIENT_MARGIN
IRON_FLY,IRON_FLY_2023-11-03_2023-11-09,2023-11-03,75000.0,18299.250000000022,20000.0,SKIPPED_INSUFFICIENT_MARGIN
IRON_FLY,IRON_FLY_2023-11-10_2023-11-16,2023-11-10,75000.0,18299.250000000022,20000.0,SKIPPED_INSUFFICIENT_MARGIN
IRON_FLY,IRON_FLY_2023-11-17_2023-11-23,2023-11-17,75000.0,18299.250000000022,20000.0,SKIPPED_INSUFFICIENT_MARGIN
IRON_FLY,IRON_FLY_2023-12-01_2023-12-07,2023-12-01,75000.0,18299.250000000022,20000.0,SKIPPED_INSUFFICIENT_MARGIN
IRON_FLY,IRON_FLY_2023-12-08_2023-12-14,2023-12-08,75000.0,18299.250000000022,20000.0,SKIPPED_INSUFFICIENT_MARGIN
IRON_FLY,IRON_FLY_2023-12-29_2024-01-04,2023-12-29,75000.0,18299.250000000022,20000.0,SKIPPED_INSUFFICIENT_MARGIN
IRON_FLY,IRON_FLY_2024-01-05_2024-01-11,2024-01-05,75000.0,18299.250000000022,20000.0,SKIPPED_INSUFFICIENT_MARGIN
IRON_FLY,IRON_FLY_2024-01-12_2024-01-18,2024-01-12,75000.0,18299.250000000022,20000.0,SKIPPED_INSUFFICIENT_MARGIN
IRON_FLY,IRON_FLY_2024-01-19_2024-01-25,2024-01-19,75000.0,18299.250000000022,20000.0,SKIPPED_INSUFFICIENT_MARGIN
IRON_FLY,IRON_FLY_2024-01-29_2024-02-01,2024-01-29,75000.0,18299.250000000022,20000.0,SKIPPED_INSUFFICIENT_MARGIN
IRON_FLY,IRON_FLY_2024-02-02_2024-02-08,2024-02-02,75000.0,18299.250000000022,20000.0,SKIPPED_INSUFFICIENT_MARGIN
IRON_FLY,IRON_FLY_2024-02-09_2024-02-15,2024-02-09,75000.0,18299.250000000022,20000.0,SKIPPED_INSUFFICIENT_MARGIN
IRON_FLY,IRON_FLY_2024-02-16_2024-02-22,2024-02-16,75000.0,18299.250000000022,20000.0,SKIPPED_INSUFFICIENT_MARGIN
IRON_FLY,IRON_FLY_2024-02-23_2024-02-29,2024-02-23,75000.0,18299.250000000022,20000.0,SKIPPED_INSUFFICIENT_MARGIN
IRON_FLY,IRON_FLY_2024-03-01_2024-03-07,2024-03-01,75000.0,18299.250000000022,20000.0,SKIPPED_INSUFFICIENT_MARGIN
IRON_FLY,IRON_FLY_2024-03-11_2024-03-14,2024-03-11,75000.0,18299.250000000022,20000.0,SKIPPED_INSUFFICIENT_MARGIN
IRON_FLY,IRON_FLY_2024-03-15_2024-03-21,2024-03-15,75000.0,18299.250000000022,20000.0,SKIPPED_INSUFFICIENT_MARGIN
IRON_FLY,IRON_FLY_2024-03-22_2024-03-28,2024-03-22,75000.0,18299.250000000022,20000.0,SKIPPED_INSUFFICIENT_MARGIN
IRON_FLY,IRON_FLY_2024-04-01_2024-04-04,2024-04-01,75000.0,18299.250000000022,20000.0,SKIPPED_INSUFFICIENT_MARGIN
IRON_FLY,IRON_FLY_2024-04-05_2024-04-10,2024-04-05,75000.0,18299.250000000022,20000.0,SKIPPED_INSUFFICIENT_MARGIN
IRON_FLY,IRON_FLY_2024-04-12_2024-04-18,2024-04-12,75000.0,18299.250000000022,20000.0,SKIPPED_INSUFFICIENT_MARGIN
IRON_FLY,IRON_FLY_2024-04-19_2024-04-25,2024-04-19,75000.0,18299.250000000022,20000.0,SKIPPED_INSUFFICIENT_MARGIN
IRON_FLY,IRON_FLY_2024-04-26_2024-05-02,2024-04-26,75000.0,18299.250000000022,20000.0,SKIPPED_INSUFFICIENT_MARGIN
IRON_FLY,IRON_FLY_2024-05-03_2024-05-09,2024-05-03,75000.0,18299.250000000022,20000.0,SKIPPED_INSUFFICIENT_MARGIN
IRON_FLY,IRON_FLY_2024-05-10_2024-05-16,2024-05-10,75000.0,18299.250000000022,20000.0,SKIPPED_INSUFFICIENT_MARGIN
IRON_FLY,IRON_FLY_2024-05-17_2024-05-23,2024-05-17,75000.0,18299.250000000022,20000.0,SKIPPED_INSUFFICIENT_MARGIN
IRON_FLY,IRON_FLY_2024-05-24_2024-05-30,2024-05-24,75000.0,18299.250000000022,20000.0,SKIPPED_INSUFFICIENT_MARGIN
IRON_FLY,IRON_FLY_2024-05-31_2024-06-06,2024-05-31,75000.0,18299.250000000022,20000.0,SKIPPED_INSUFFICIENT_MARGIN
IRON_FLY,IRON_FLY_2024-06-07_2024-06-13,2024-06-07,75000.0,18299.250000000022,20000.0,SKIPPED_INSUFFICIENT_MARGIN
IRON_FLY,IRON_FLY_2024-06-14_2024-06-20,2024-06-14,75000.0,18299.250000000022,20000.0,SKIPPED_INSUFFICIENT_MARGIN
IRON_FLY,IRON_FLY_2024-06-21_2024-06-27,2024-06-21,75000.0,18299.250000000022,20000.0,SKIPPED_INSUFFICIENT_MARGIN
IRON_FLY,IRON_FLY_2024-06-28_2024-07-04,2024-06-28,75000.0,18299.250000000022,20000.0,SKIPPED_INSUFFICIENT_MARGIN
IRON_FLY,IRON_FLY_2024-07-05_2024-07-11,2024-07-05,75000.0,18299.250000000022,20000.0,SKIPPED_INSUFFICIENT_MARGIN
IRON_FLY,IRON_FLY_2024-07-12_2024-07-18,2024-07-12,75000.0,18299.250000000022,20000.0,SKIPPED_INSUFFICIENT_MARGIN
IRON_FLY,IRON_FLY_2024-07-19_2024-07-25,2024-07-19,75000.0,18299.250000000022,20000.0,SKIPPED_INSUFFICIENT_MARGIN
IRON_FLY,IRON_FLY_2024-07-26_2024-08-01,2024-07-26,75000.0,18299.250000000022,20000.0,SKIPPED_INSUFFICIENT_MARGIN
IRON_FLY,IRON_FLY_2024-08-02_2024-08-08,2024-08-02,75000.0,18299.250000000022,20000.0,SKIPPED_INSUFFICIENT_MARGIN
IRON_FLY,IRON_FLY_2024-08-09_2024-08-14,2024-08-09,75000.0,18299.250000000022,20000.0,SKIPPED_INSUFFICIENT_MARGIN
IRON_FLY,IRON_FLY_2024-08-16_2024-08-22,2024-08-16,75000.0,18299.250000000022,20000.0,SKIPPED_INSUFFICIENT_MARGIN
IRON_FLY,IRON_FLY_2024-08-23_2024-08-29,2024-08-23,75000.0,18299.250000000022,20000.0,SKIPPED_INSUFFICIENT_MARGIN
IRON_FLY,IRON_FLY_2024-08-30_2024-09-05,2024-08-30,75000.0,18299.250000000022,20000.0,SKIPPED_INSUFFICIENT_MARGIN
IRON_FLY,IRON_FLY_2024-09-06_2024-09-12,2024-09-06,75000.0,18299.250000000022,20000.0,SKIPPED_INSUFFICIENT_MARGIN
IRON_FLY,IRON_FLY_2024-09-13_2024-09-19,2024-09-13,75000.0,18299.250000000022,20000.0,SKIPPED_INSUFFICIENT_MARGIN
IRON_FLY,IRON_FLY_2024-09-20_2024-09-26,2024-09-20,75000.0,18299.250000000022,20000.0,SKIPPED_INSUFFICIENT_MARGIN
IRON_FLY,IRON_FLY_2024-09-27_2024-10-03,2024-09-27,75000.0,18299.250000000022,20000.0,SKIPPED_INSUFFICIENT_MARGIN
IRON_FLY,IRON_FLY_2024-10-04_2024-10-10,2024-10-04,75000.0,18299.250000000022,20000.0,SKIPPED_INSUFFICIENT_MARGIN
IRON_FLY,IRON_FLY_2024-10-11_2024-10-17,2024-10-11,75000.0,18299.250000000022,20000.0,SKIPPED_INSUFFICIENT_MARGIN
IRON_FLY,IRON_FLY_2024-10-18_2024-10-24,2024-10-18,75000.0,18299.250000000022,20000.0,SKIPPED_INSUFFICIENT_MARGIN
IRON_FLY,IRON_FLY_2024-10-25_2024-10-31,2024-10-25,75000.0,18299.250000000022,20000.0,SKIPPED_INSUFFICIENT_MARGIN
IRON_FLY,IRON_FLY_2024-11-01_2024-11-07,2024-11-01,75000.0,18299.250000000022,20000.0,SKIPPED_INSUFFICIENT_MARGIN
IRON_FLY,IRON_FLY_2024-11-08_2024-11-14,2024-11-08,75000.0,18299.250000000022,20000.0,SKIPPED_INSUFFICIENT_MARGIN
IRON_FLY,IRON_FLY_2024-11-18_2024-11-21,2024-11-18,75000.0,18299.250000000022,20000.0,SKIPPED_INSUFFICIENT_MARGIN
IRON_FLY,IRON_FLY_2024-11-22_2024-11-28,2024-11-22,75000.0,18299.250000000022,20000.0,SKIPPED_INSUFFICIENT_MARGIN
IRON_FLY,IRON_FLY_2024-11-29_2024-12-05,2024-11-29,75000.0,18299.250000000022,20000.0,SKIPPED_INSUFFICIENT_MARGIN
IRON_FLY,IRON_FLY_2024-12-06_2024-12-12,2024-12-06,75000.0,18299.250000000022,20000.0,SKIPPED_INSUFFICIENT_MARGIN
IRON_FLY,IRON_FLY_2024-12-13_2024-12-19,2024-12-13,75000.0,18299.250000000022,20000.0,SKIPPED_INSUFFICIENT_MARGIN
IRON_FLY,IRON_FLY_2024-12-20_2024-12-26,2024-12-20,75000.0,18299.250000000022,20000.0,SKIPPED_INSUFFICIENT_MARGIN
IRON_FLY,IRON_FLY_2024-12-27_2025-01-02,2024-12-27,75000.0,18299.250000000022,20000.0,SKIPPED_INSUFFICIENT_MARGIN
IRON_FLY,IRON_FLY_2025-01-03_2025-01-09,2025-01-03,75000.0,18299.250000000022,20000.0,SKIPPED_INSUFFICIENT_MARGIN
IRON_FLY,IRON_FLY_2025-01-10_2025-01-16,2025-01-10,75000.0,18299.250000000022,20000.0,SKIPPED_INSUFFICIENT_MARGIN
IRON_FLY,IRON_FLY_2025-01-17_2025-01-23,2025-01-17,75000.0,18299.250000000022,20000.0,SKIPPED_INSUFFICIENT_MARGIN
IRON_FLY,IRON_FLY_2025-01-24_2025-01-30,2025-01-24,75000.0,18299.250000000022,20000.0,SKIPPED_INSUFFICIENT_MARGIN
IRON_FLY,IRON_FLY_2025-01-31_2025-02-06,2025-01-31,75000.0,18299.250000000022,20000.0,SKIPPED_INSUFFICIENT_MARGIN
IRON_FLY,IRON_FLY_2025-02-07_2025-02-13,2025-02-07,75000.0,18299.250000000022,20000.0,SKIPPED_INSUFFICIENT_MARGIN
IRON_FLY,IRON_FLY_2025-02-14_2025-02-20,2025-02-14,75000.0,18299.250000000022,20000.0,SKIPPED_INSUFFICIENT_MARGIN
IRON_FLY,IRON_FLY_2025-02-21_2025-02-27,2025-02-21,75000.0,18299.250000000022,20000.0,SKIPPED_INSUFFICIENT_MARGIN
IRON_FLY,IRON_FLY_2025-02-28_2025-03-06,2025-02-28,75000.0,18299.250000000022,20000.0,SKIPPED_INSUFFICIENT_MARGIN
IRON_FLY,IRON_FLY_2025-03-07_2025-03-13,2025-03-07,75000.0,18299.250000000022,20000.0,SKIPPED_INSUFFICIENT_MARGIN
IRON_FLY,IRON_FLY_2025-03-17_2025-03-20,2025-03-17,75000.0,18299.250000000022,20000.0,SKIPPED_INSUFFICIENT_MARGIN
IRON_FLY,IRON_FLY_2025-03-21_2025-03-27,2025-03-21,75000.0,18299.250000000022,20000.0,SKIPPED_INSUFFICIENT_MARGIN
IRON_FLY,IRON_FLY_2025-03-28_2025-04-03,2025-03-28,75000.0,18299.250000000022,20000.0,SKIPPED_INSUFFICIENT_MARGIN
IRON_FLY,IRON_FLY_2025-04-04_2025-04-09,2025-04-04,75000.0,18299.250000000022,20000.0,SKIPPED_INSUFFICIENT_MARGIN
IRON_FLY,IRON_FLY_2025-04-11_2025-04-17,2025-04-11,75000.0,18299.250000000022,20000.0,SKIPPED_INSUFFICIENT_MARGIN
IRON_FLY,IRON_FLY_2025-04-21_2025-04-24,2025-04-21,75000.0,18299.250000000022,20000.0,SKIPPED_INSUFFICIENT_MARGIN
IRON_FLY,IRON_FLY_2025-04-25_2025-04-30,2025-04-25,75000.0,18299.250000000022,20000.0,SKIPPED_INSUFFICIENT_MARGIN
IRON_FLY,IRON_FLY_2025-05-02_2025-05-08,2025-05-02,75000.0,18299.250000000022,20000.0,SKIPPED_INSUFFICIENT_MARGIN
IRON_FLY,IRON_FLY_2025-05-09_2025-05-15,2025-05-09,75000.0,18299.250000000022,20000.0,SKIPPED_INSUFFICIENT_MARGIN
IRON_FLY,IRON_FLY_2025-05-16_2025-05-22,2025-05-16,75000.0,18299.250000000022,20000.0,SKIPPED_INSUFFICIENT_MARGIN
IRON_FLY,IRON_FLY_2025-05-23_2025-05-29,2025-05-23,75000.0,18299.250000000022,20000.0,SKIPPED_INSUFFICIENT_MARGIN
IRON_FLY,IRON_FLY_2025-05-30_2025-06-05,2025-05-30,75000.0,18299.250000000022,20000.0,SKIPPED_INSUFFICIENT_MARGIN
IRON_FLY,IRON_FLY_2025-06-06_2025-06-12,2025-06-06,75000.0,18299.250000000022,20000.0,SKIPPED_INSUFFICIENT_MARGIN
IRON_FLY,IRON_FLY_2025-06-13_2025-06-19,2025-06-13,75000.0,18299.250000000022,20000.0,SKIPPED_INSUFFICIENT_MARGIN
IRON_FLY,IRON_FLY_2025-06-20_2025-06-26,2025-06-20,75000.0,18299.250000000022,20000.0,SKIPPED_INSUFFICIENT_MARGIN
IRON_FLY,IRON_FLY_2025-06-27_2025-07-03,2025-06-27,75000.0,18299.250000000022,20000.0,SKIPPED_INSUFFICIENT_MARGIN
IRON_FLY,IRON_FLY_2025-07-04_2025-07-10,2025-07-04,75000.0,18299.250000000022,20000.0,SKIPPED_INSUFFICIENT_MARGIN
IRON_FLY,IRON_FLY_2025-07-11_2025-07-17,2025-07-11,75000.0,18299.250000000022,20000.0,SKIPPED_INSUFFICIENT_MARGIN
IRON_FLY,IRON_FLY_2025-07-18_2025-07-24,2025-07-18,75000.0,18299.250000000022,20000.0,SKIPPED_INSUFFICIENT_MARGIN
IRON_FLY,IRON_FLY_2025-07-25_2025-07-31,2025-07-25,75000.0,18299.250000000022,20000.0,SKIPPED_INSUFFICIENT_MARGIN
IRON_FLY,IRON_FLY_2025-08-01_2025-08-07,2025-08-01,75000.0,18299.250000000022,20000.0,SKIPPED_INSUFFICIENT_MARGIN
IRON_FLY,IRON_FLY_2025-08-08_2025-08-14,2025-08-08,75000.0,18299.250000000022,20000.0,SKIPPED_INSUFFICIENT_MARGIN
IRON_FLY,IRON_FLY_2025-08-18_2025-08-21,2025-08-18,75000.0,18299.250000000022,20000.0,SKIPPED_INSUFFICIENT_MARGIN
IRON_FLY,IRON_FLY_2025-08-22_2025-08-28,2025-08-22,75000.0,18299.250000000022,20000.0,SKIPPED_INSUFFICIENT_MARGIN
IRON_FLY,IRON_FLY_2025-08-29_2025-09-02,2025-08-29,75000.0,18299.250000000022,20000.0,SKIPPED_INSUFFICIENT_MARGIN
IRON_FLY,IRON_FLY_2025-09-03_2025-09-09,2025-09-03,75000.0,18299.250000000022,20000.0,SKIPPED_INSUFFICIENT_MARGIN
IRON_FLY,IRON_FLY_2025-09-10_2025-09-16,2025-09-10,75000.0,18299.250000000022,20000.0,SKIPPED_INSUFFICIENT_MARGIN
IRON_FLY,IRON_FLY_2025-09-17_2025-09-23,2025-09-17,75000.0,18299.250000000022,20000.0,SKIPPED_INSUFFICIENT_MARGIN
IRON_FLY,IRON_FLY_2025-09-26_2025-09-30,2025-09-26,75000.0,18299.250000000022,20000.0,SKIPPED_INSUFFICIENT_MARGIN
IRON_FLY,IRON_FLY_2025-10-01_2025-10-07,2025-10-01,75000.0,18299.250000000022,20000.0,SKIPPED_INSUFFICIENT_MARGIN
IRON_FLY,IRON_FLY_2025-10-08_2025-10-14,2025-10-08,75000.0,18299.250000000022,20000.0,SKIPPED_INSUFFICIENT_MARGIN
IRON_FLY,IRON_FLY_2025-10-15_2025-10-20,2025-10-15,75000.0,18299.250000000022,20000.0,SKIPPED_INSUFFICIENT_MARGIN
IRON_FLY,IRON_FLY_2025-10-21_2025-10-28,2025-10-21,75000.0,18299.250000000022,20000.0,SKIPPED_INSUFFICIENT_MARGIN
IRON_FLY,IRON_FLY_2025-10-29_2025-11-04,2025-10-29,75000.0,18299.250000000022,20000.0,SKIPPED_INSUFFICIENT_MARGIN
IRON_FLY,IRON_FLY_2025-11-06_2025-11-11,2025-11-06,75000.0,18299.250000000022,20000.0,SKIPPED_INSUFFICIENT_MARGIN
IRON_FLY,IRON_FLY_2025-11-12_2025-11-18,2025-11-12,75000.0,18299.250000000022,20000.0,SKIPPED_INSUFFICIENT_MARGIN
IRON_FLY,IRON_FLY_2025-11-19_2025-11-25,2025-11-19,75000.0,18299.250000000022,20000.0,SKIPPED_INSUFFICIENT_MARGIN
IRON_FLY,IRON_FLY_2025-11-26_2025-12-02,2025-11-26,75000.0,18299.250000000022,20000.0,SKIPPED_INSUFFICIENT_MARGIN
IRON_FLY,IRON_FLY_2025-12-03_2025-12-09,2025-12-03,75000.0,18299.250000000022,20000.0,SKIPPED_INSUFFICIENT_MARGIN
IRON_FLY,IRON_FLY_2025-12-10_2025-12-16,2025-12-10,75000.0,18299.250000000022,20000.0,SKIPPED_INSUFFICIENT_MARGIN
IRON_FLY,IRON_FLY_2025-12-17_2025-12-23,2025-12-17,75000.0,18299.250000000022,20000.0,SKIPPED_INSUFFICIENT_MARGIN
IRON_FLY,IRON_FLY_2025-12-26_2025-12-30,2025-12-26,75000.0,18299.250000000022,20000.0,SKIPPED_INSUFFICIENT_MARGIN
IRON_FLY,IRON_FLY_2025-12-31_2026-01-06,2025-12-31,75000.0,18299.250000000022,20000.0,SKIPPED_INSUFFICIENT_MARGIN
IRON_FLY,IRON_FLY_2026-01-07_2026-01-13,2026-01-07,75000.0,18299.250000000022,20000.0,SKIPPED_INSUFFICIENT_MARGIN
IRON_FLY,IRON_FLY_2026-01-14_2026-01-20,2026-01-14,75000.0,18299.250000000022,20000.0,SKIPPED_INSUFFICIENT_MARGIN
IRON_FLY,IRON_FLY_2026-01-21_2026-01-27,2026-01-21,75000.0,18299.250000000022,20000.0,SKIPPED_INSUFFICIENT_MARGIN
IRON_FLY,IRON_FLY_2026-01-28_2026-02-03,2026-01-28,75000.0,18299.250000000022,20000.0,SKIPPED_INSUFFICIENT_MARGIN
IRON_FLY,IRON_FLY_2026-02-04_2026-02-10,2026-02-04,75000.0,18299.250000000022,20000.0,SKIPPED_INSUFFICIENT_MARGIN
IRON_FLY,IRON_FLY_2026-02-11_2026-02-17,2026-02-11,75000.0,18299.250000000022,20000.0,SKIPPED_INSUFFICIENT_MARGIN
IRON_FLY,IRON_FLY_2026-02-18_2026-02-24,2026-02-18,75000.0,18299.250000000022,20000.0,SKIPPED_INSUFFICIENT_MARGIN
IRON_FLY,IRON_FLY_2026-02-25_2026-03-02,2026-02-25,75000.0,18299.250000000022,20000.0,SKIPPED_INSUFFICIENT_MARGIN
IRON_FLY,IRON_FLY_2026-03-04_2026-03-10,2026-03-04,75000.0,18299.250000000022,20000.0,SKIPPED_INSUFFICIENT_MARGIN
IRON_FLY,IRON_FLY_2026-03-11_2026-03-17,2026-03-11,75000.0,18299.250000000022,20000.0,SKIPPED_INSUFFICIENT_MARGIN
IRON_FLY,IRON_FLY_2026-03-18_2026-03-24,2026-03-18,75000.0,18299.250000000022,20000.0,SKIPPED_INSUFFICIENT_MARGIN
IRON_FLY,IRON_FLY_2026-03-27_2026-03-30,2026-03-27,75000.0,18299.250000000022,20000.0,SKIPPED_INSUFFICIENT_MARGIN
IRON_FLY,IRON_FLY_2026-04-01_2026-04-07,2026-04-01,75000.0,18299.250000000022,20000.0,SKIPPED_INSUFFICIENT_MARGIN
IRON_FLY,IRON_FLY_2026-04-08_2026-04-13,2026-04-08,75000.0,18299.250000000022,20000.0,SKIPPED_INSUFFICIENT_MARGIN
IRON_FLY,IRON_FLY_2026-04-15_2026-04-21,2026-04-15,75000.0,18299.250000000022,20000.0,SKIPPED_INSUFFICIENT_MARGIN
IRON_FLY,IRON_FLY_2026-04-22_2026-04-28,2026-04-22,75000.0,18299.250000000022,20000.0,SKIPPED_INSUFFICIENT_MARGIN
IRON_FLY,IRON_FLY_2026-04-29_2026-05-05,2026-04-29,75000.0,18299.250000000022,20000.0,SKIPPED_INSUFFICIENT_MARGIN
IRON_FLY,IRON_FLY_2026-05-06_2026-05-12,2026-05-06,75000.0,18299.250000000022,20000.0,SKIPPED_INSUFFICIENT_MARGIN
IRON_FLY,IRON_FLY_2026-05-13_2026-05-19,2026-05-13,75000.0,18299.250000000022,20000.0,SKIPPED_INSUFFICIENT_MARGIN
IRON_FLY,IRON_FLY_2026-05-20_2026-05-26,2026-05-20,75000.0,18299.250000000022,20000.0,SKIPPED_INSUFFICIENT_MARGIN
IRON_FLY,IRON_FLY_2026-05-27_2026-06-02,2026-05-27,75000.0,18299.250000000022,20000.0,SKIPPED_INSUFFICIENT_MARGIN
IRON_FLY,IRON_FLY_2026-06-03_2026-06-09,2026-06-03,75000.0,18299.250000000022,20000.0,SKIPPED_INSUFFICIENT_MARGIN
IRON_FLY,IRON_FLY_2026-06-10_2026-06-16,2026-06-10,75000.0,18299.250000000022,20000.0,SKIPPED_INSUFFICIENT_MARGIN
IRON_FLY,IRON_FLY_2026-06-17_2026-06-23,2026-06-17,75000.0,18299.250000000022,20000.0,SKIPPED_INSUFFICIENT_MARGIN
IRON_FLY,IRON_FLY_2026-06-29_2026-06-30,2026-06-29,75000.0,18299.250000000022,20000.0,SKIPPED_INSUFFICIENT_MARGIN
IRON_FLY,IRON_FLY_2026-07-01_2026-07-07,2026-07-01,75000.0,18299.250000000022,20000.0,SKIPPED_INSUFFICIENT_MARGIN
IRON_FLY,IRON_FLY_2026-07-08_2026-07-14,2026-07-08,75000.0,18299.250000000022,20000.0,SKIPPED_INSUFFICIENT_MARGIN
IRON_FLY,IRON_FLY_2026-07-15_2026-07-21,2026-07-15,75000.0,18299.250000000022,20000.0,SKIPPED_INSUFFICIENT_MARGIN
IRON_FLY,IRON_FLY_2026-07-22_2026-07-28,2026-07-22,75000.0,18299.250000000022,20000.0,SKIPPED_INSUFFICIENT_MARGIN
IRON_FLY,IRON_FLY_2026-07-29_2026-08-04,2026-07-29,75000.0,18299.250000000022,20000.0,SKIPPED_INSUFFICIENT_MARGIN
IRON_FLY,IRON_FLY_2026-08-05_2026-08-11,2026-08-05,75000.0,18299.250000000022,20000.0,SKIPPED_INSUFFICIENT_MARGIN
IRON_FLY,IRON_FLY_2026-08-12_2026-08-18,2026-08-12,75000.0,18299.250000000022,20000.0,SKIPPED_INSUFFICIENT_MARGIN
IRON_FLY,IRON_FLY_2026-08-19_2026-08-25,2026-08-19,75000.0,18299.250000000022,20000.0,SKIPPED_INSUFFICIENT_MARGIN
IRON_FLY,IRON_FLY_2026-08-26_2026-09-01,2026-08-26,75000.0,18299.250000000022,20000.0,SKIPPED_INSUFFICIENT_MARGIN
IRON_FLY,IRON_FLY_2026-09-02_2026-09-08,2026-09-02,75000.0,18299.250000000022,20000.0,SKIPPED_INSUFFICIENT_MARGIN
IRON_FLY,IRON_FLY_2026-09-09_2026-09-15,2026-09-09,75000.0,18299.250000000022,20000.0,SKIPPED_INSUFFICIENT_MARGIN
IRON_FLY,IRON_FLY_2020-03-20_2020-03-26,2020-03-20,100000.0,134593.24,285724.6875,SKIPPED_INSUFFICIENT_MARGIN
IRON_FLY,IRON_FLY_2020-05-29_2020-06-04,2020-05-29,100000.0,13985.849999999991,20000.0,SKIPPED_INSUFFICIENT_MARGIN
IRON_FLY,IRON_FLY_2020-06-05_2020-06-11,2020-06-05,100000.0,13985.849999999991,20000.0,SKIPPED_INSUFFICIENT_MARGIN
IRON_FLY,IRON_FLY_2020-06-12_2020-06-18,2020-06-12,100000.0,13985.849999999991,20000.0,SKIPPED_INSUFFICIENT_MARGIN
IRON_FLY,IRON_FLY_2020-06-26_2020-07-02,2020-06-26,100000.0,13985.849999999991,38786.625,SKIPPED_INSUFFICIENT_MARGIN
IRON_FLY,IRON_FLY_2020-07-17_2020-07-23,2020-07-17,100000.0,13985.849999999991,20000.0,SKIPPED_INSUFFICIENT_MARGIN
IRON_FLY,IRON_FLY_2020-08-14_2020-08-20,2020-08-14,100000.0,13985.849999999991,20000.0,SKIPPED_INSUFFICIENT_MARGIN
IRON_FLY,IRON_FLY_2020-08-21_2020-08-27,2020-08-21,100000.0,13985.849999999991,20000.0,SKIPPED_INSUFFICIENT_MARGIN
IRON_FLY,IRON_FLY_2020-08-28_2020-09-03,2020-08-28,100000.0,13985.849999999991,20000.0,SKIPPED_INSUFFICIENT_MARGIN
IRON_FLY,IRON_FLY_2020-09-04_2020-09-10,2020-09-04,100000.0,13985.849999999991,20000.0,SKIPPED_INSUFFICIENT_MARGIN
IRON_FLY,IRON_FLY_2020-09-11_2020-09-17,2020-09-11,100000.0,13985.849999999991,20000.0,SKIPPED_INSUFFICIENT_MARGIN
IRON_FLY,IRON_FLY_2020-09-25_2020-10-01,2020-09-25,100000.0,13985.849999999991,20000.0,SKIPPED_INSUFFICIENT_MARGIN
IRON_FLY,IRON_FLY_2020-10-05_2020-10-08,2020-10-05,100000.0,13985.849999999991,48080.06249999999,SKIPPED_INSUFFICIENT_MARGIN
IRON_FLY,IRON_FLY_2020-10-23_2020-10-29,2020-10-23,100000.0,13985.849999999991,40032.93750000002,SKIPPED_INSUFFICIENT_MARGIN
IRON_FLY,IRON_FLY_2020-10-30_2020-11-05,2020-10-30,100000.0,13985.849999999991,20000.0,SKIPPED_INSUFFICIENT_MARGIN
IRON_FLY,IRON_FLY_2020-11-06_2020-11-12,2020-11-06,100000.0,13985.849999999991,20000.0,SKIPPED_INSUFFICIENT_MARGIN
IRON_FLY,IRON_FLY_2020-11-20_2020-11-26,2020-11-20,100000.0,13985.849999999991,159170.06250000003,SKIPPED_INSUFFICIENT_MARGIN
IRON_FLY,IRON_FLY_2020-11-27_2020-12-03,2020-11-27,100000.0,13985.849999999991,20000.0,SKIPPED_INSUFFICIENT_MARGIN
IRON_FLY,IRON_FLY_2020-12-11_2020-12-17,2020-12-11,100000.0,13985.849999999991,20000.0,SKIPPED_INSUFFICIENT_MARGIN
IRON_FLY,IRON_FLY_2020-12-18_2020-12-24,2020-12-18,100000.0,13985.849999999991,20000.0,SKIPPED_INSUFFICIENT_MARGIN
IRON_FLY,IRON_FLY_2020-12-28_2020-12-31,2020-12-28,100000.0,13985.849999999991,228152.81249999997,SKIPPED_INSUFFICIENT_MARGIN
IRON_FLY,IRON_FLY_2021-01-01_2021-01-07,2021-01-01,100000.0,13985.849999999991,20000.0,SKIPPED_INSUFFICIENT_MARGIN
IRON_FLY,IRON_FLY_2021-01-08_2021-01-14,2021-01-08,100000.0,13985.849999999991,20000.0,SKIPPED_INSUFFICIENT_MARGIN
IRON_FLY,IRON_FLY_2021-01-29_2021-02-04,2021-01-29,100000.0,13985.849999999991,20000.0,SKIPPED_INSUFFICIENT_MARGIN
IRON_FLY,IRON_FLY_2021-02-05_2021-02-11,2021-02-05,100000.0,13985.849999999991,75964.68750000001,SKIPPED_INSUFFICIENT_MARGIN
IRON_FLY,IRON_FLY_2021-02-26_2021-03-04,2021-02-26,100000.0,13985.849999999991,20000.0,SKIPPED_INSUFFICIENT_MARGIN
IRON_FLY,IRON_FLY_2021-03-05_2021-03-10,2021-03-05,100000.0,13985.849999999991,34137.74999999997,SKIPPED_INSUFFICIENT_MARGIN
IRON_FLY,IRON_FLY_2021-03-12_2021-03-18,2021-03-12,100000.0,13985.849999999991,40472.8125,SKIPPED_INSUFFICIENT_MARGIN
IRON_FLY,IRON_FLY_2021-03-26_2021-04-01,2021-03-26,100000.0,13985.849999999991,20000.0,SKIPPED_INSUFFICIENT_MARGIN
IRON_FLY,IRON_FLY_2021-04-05_2021-04-08,2021-04-05,100000.0,13985.849999999991,20000.0,SKIPPED_INSUFFICIENT_MARGIN
IRON_FLY,IRON_FLY_2021-04-09_2021-04-15,2021-04-09,100000.0,13985.849999999991,20000.0,SKIPPED_INSUFFICIENT_MARGIN
IRON_FLY,IRON_FLY_2021-04-16_2021-04-22,2021-04-16,100000.0,13985.849999999991,20000.0,SKIPPED_INSUFFICIENT_MARGIN
IRON_FLY,IRON_FLY_2021-04-23_2021-04-29,2021-04-23,100000.0,13985.849999999991,20000.0,SKIPPED_INSUFFICIENT_MARGIN
IRON_FLY,IRON_FLY_2021-04-30_2021-05-06,2021-04-30,100000.0,13985.849999999991,20000.0,SKIPPED_INSUFFICIENT_MARGIN
IRON_FLY,IRON_FLY_2021-05-14_2021-05-20,2021-05-14,100000.0,13985.849999999991,20000.0,SKIPPED_INSUFFICIENT_MARGIN
IRON_FLY,IRON_FLY_2021-05-21_2021-05-27,2021-05-21,100000.0,13985.849999999991,21532.312500000007,SKIPPED_INSUFFICIENT_MARGIN
IRON_FLY,IRON_FLY_2021-06-04_2021-06-10,2021-06-04,100000.0,13985.849999999991,20000.0,SKIPPED_INSUFFICIENT_MARGIN
IRON_FLY,IRON_FLY_2021-06-11_2021-06-17,2021-06-11,100000.0,13985.849999999991,20000.0,SKIPPED_INSUFFICIENT_MARGIN
IRON_FLY,IRON_FLY_2021-06-25_2021-07-01,2021-06-25,100000.0,13985.849999999991,20000.0,SKIPPED_INSUFFICIENT_MARGIN
IRON_FLY,IRON_FLY_2021-07-02_2021-07-08,2021-07-02,100000.0,13985.849999999991,20000.0,SKIPPED_INSUFFICIENT_MARGIN
IRON_FLY,IRON_FLY_2021-07-09_2021-07-15,2021-07-09,100000.0,13985.849999999991,20000.0,SKIPPED_INSUFFICIENT_MARGIN
IRON_FLY,IRON_FLY_2021-07-16_2021-07-22,2021-07-16,100000.0,13985.849999999991,20000.0,SKIPPED_INSUFFICIENT_MARGIN
IRON_FLY,IRON_FLY_2021-07-23_2021-07-29,2021-07-23,100000.0,13985.849999999991,20000.0,SKIPPED_INSUFFICIENT_MARGIN
IRON_FLY,IRON_FLY_2021-08-20_2021-08-26,2021-08-20,100000.0,13985.849999999991,37101.875,SKIPPED_INSUFFICIENT_MARGIN
IRON_FLY,IRON_FLY_2021-08-27_2021-09-02,2021-08-27,100000.0,13985.849999999991,20000.0,SKIPPED_INSUFFICIENT_MARGIN
IRON_FLY,IRON_FLY_2021-09-03_2021-09-09,2021-09-03,100000.0,13985.849999999991,20000.0,SKIPPED_INSUFFICIENT_MARGIN
IRON_FLY,IRON_FLY_2021-09-13_2021-09-16,2021-09-13,100000.0,13985.849999999991,20000.0,SKIPPED_INSUFFICIENT_MARGIN
IRON_FLY,IRON_FLY_2021-09-17_2021-09-23,2021-09-17,100000.0,13985.849999999991,20000.0,SKIPPED_INSUFFICIENT_MARGIN
IRON_FLY,IRON_FLY_2021-09-24_2021-09-30,2021-09-24,100000.0,13985.849999999991,81454.5,SKIPPED_INSUFFICIENT_MARGIN
IRON_FLY,IRON_FLY_2021-10-01_2021-10-07,2021-10-01,100000.0,13985.849999999991,20000.0,SKIPPED_INSUFFICIENT_MARGIN
IRON_FLY,IRON_FLY_2021-10-22_2021-10-28,2021-10-22,100000.0,13985.849999999991,71903.75,SKIPPED_INSUFFICIENT_MARGIN
IRON_FLY,IRON_FLY_2021-10-29_2021-11-03,2021-10-29,100000.0,13985.849999999991,20000.0,SKIPPED_INSUFFICIENT_MARGIN
IRON_FLY,IRON_FLY_2021-11-04_2021-11-11,2021-11-04,100000.0,13985.849999999991,20000.0,SKIPPED_INSUFFICIENT_MARGIN
IRON_FLY,IRON_FLY_2021-11-12_2021-11-18,2021-11-12,100000.0,13985.849999999991,20000.0,SKIPPED_INSUFFICIENT_MARGIN
IRON_FLY,IRON_FLY_2021-11-22_2021-11-25,2021-11-22,100000.0,13985.849999999991,20000.0,SKIPPED_INSUFFICIENT_MARGIN
IRON_FLY,IRON_FLY_2021-12-03_2021-12-09,2021-12-03,100000.0,13985.849999999991,20000.0,SKIPPED_INSUFFICIENT_MARGIN
IRON_FLY,IRON_FLY_2021-12-10_2021-12-16,2021-12-10,100000.0,13985.849999999991,41310.875,SKIPPED_INSUFFICIENT_MARGIN
IRON_FLY,IRON_FLY_2021-12-17_2021-12-23,2021-12-17,100000.0,13985.849999999991,20000.0,SKIPPED_INSUFFICIENT_MARGIN
IRON_FLY,IRON_FLY_2021-12-24_2021-12-30,2021-12-24,100000.0,13985.849999999991,20000.0,SKIPPED_INSUFFICIENT_MARGIN
IRON_FLY,IRON_FLY_2021-12-31_2022-01-06,2021-12-31,100000.0,13985.849999999991,20000.0,SKIPPED_INSUFFICIENT_MARGIN
IRON_FLY,IRON_FLY_2022-01-07_2022-01-13,2022-01-07,100000.0,13985.849999999991,20000.0,SKIPPED_INSUFFICIENT_MARGIN
IRON_FLY,IRON_FLY_2022-01-28_2022-02-03,2022-01-28,100000.0,13985.849999999991,20000.0,SKIPPED_INSUFFICIENT_MARGIN
IRON_FLY,IRON_FLY_2022-02-11_2022-02-17,2022-02-11,100000.0,13985.849999999991,20000.0,SKIPPED_INSUFFICIENT_MARGIN
IRON_FLY,IRON_FLY_2022-02-18_2022-02-24,2022-02-18,100000.0,13985.849999999991,20000.0,SKIPPED_INSUFFICIENT_MARGIN
IRON_FLY,IRON_FLY_2022-02-25_2022-03-03,2022-02-25,100000.0,13985.849999999991,94524.24999999999,SKIPPED_INSUFFICIENT_MARGIN
IRON_FLY,IRON_FLY_2022-03-04_2022-03-10,2022-03-04,100000.0,13985.849999999991,73723.625,SKIPPED_INSUFFICIENT_MARGIN
IRON_FLY,IRON_FLY_2022-03-11_2022-03-17,2022-03-11,100000.0,13985.849999999991,20000.0,SKIPPED_INSUFFICIENT_MARGIN
IRON_FLY,IRON_FLY_2022-03-21_2022-03-24,2022-03-21,100000.0,13985.849999999991,35158.375,SKIPPED_INSUFFICIENT_MARGIN
IRON_FLY,IRON_FLY_2022-03-25_2022-03-31,2022-03-25,100000.0,13985.849999999991,20000.0,SKIPPED_INSUFFICIENT_MARGIN
IRON_FLY,IRON_FLY_2022-04-01_2022-04-07,2022-04-01,100000.0,13985.849999999991,20000.0,SKIPPED_INSUFFICIENT_MARGIN
IRON_FLY,IRON_FLY_2022-04-08_2022-04-13,2022-04-08,100000.0,13985.849999999991,22870.624999999985,SKIPPED_INSUFFICIENT_MARGIN
IRON_FLY,IRON_FLY_2022-04-29_2022-05-05,2022-04-29,100000.0,13985.849999999991,20567.750000000004,SKIPPED_INSUFFICIENT_MARGIN
IRON_FLY,IRON_FLY_2022-05-06_2022-05-12,2022-05-06,100000.0,13985.849999999991,36659.12500000001,SKIPPED_INSUFFICIENT_MARGIN
IRON_FLY,IRON_FLY_2022-05-27_2022-06-02,2022-05-27,100000.0,13985.849999999991,20000.0,SKIPPED_INSUFFICIENT_MARGIN
IRON_FLY,IRON_FLY_2022-06-03_2022-06-09,2022-06-03,100000.0,13985.849999999991,21407.249999999993,SKIPPED_INSUFFICIENT_MARGIN
IRON_FLY,IRON_FLY_2022-06-10_2022-06-16,2022-06-10,100000.0,13985.849999999991,20000.0,SKIPPED_INSUFFICIENT_MARGIN
IRON_FLY,IRON_FLY_2022-06-17_2022-06-23,2022-06-17,100000.0,13985.849999999991,20000.0,SKIPPED_INSUFFICIENT_MARGIN
IRON_FLY,IRON_FLY_2022-06-24_2022-06-30,2022-06-24,100000.0,13985.849999999991,20000.0,SKIPPED_INSUFFICIENT_MARGIN
IRON_FLY,IRON_FLY_2022-07-22_2022-07-28,2022-07-22,100000.0,13985.849999999991,20000.0,SKIPPED_INSUFFICIENT_MARGIN
IRON_FLY,IRON_FLY_2022-08-05_2022-08-11,2022-08-05,100000.0,13985.849999999991,20000.0,SKIPPED_INSUFFICIENT_MARGIN
IRON_FLY,IRON_FLY_2022-08-19_2022-08-25,2022-08-19,100000.0,13985.849999999991,20000.0,SKIPPED_INSUFFICIENT_MARGIN
IRON_FLY,IRON_FLY_2022-08-26_2022-09-01,2022-08-26,100000.0,13985.849999999991,20000.0,SKIPPED_INSUFFICIENT_MARGIN
IRON_FLY,IRON_FLY_2022-09-09_2022-09-15,2022-09-09,100000.0,13985.849999999991,20000.0,SKIPPED_INSUFFICIENT_MARGIN
IRON_FLY,IRON_FLY_2022-09-16_2022-09-22,2022-09-16,100000.0,13985.849999999991,20000.0,SKIPPED_INSUFFICIENT_MARGIN
IRON_FLY,IRON_FLY_2022-09-30_2022-10-06,2022-09-30,100000.0,13985.849999999991,20000.0,SKIPPED_INSUFFICIENT_MARGIN
IRON_FLY,IRON_FLY_2022-10-14_2022-10-20,2022-10-14,100000.0,13985.849999999991,20000.0,SKIPPED_INSUFFICIENT_MARGIN
IRON_FLY,IRON_FLY_2022-10-21_2022-10-27,2022-10-21,100000.0,13985.849999999991,20000.0,SKIPPED_INSUFFICIENT_MARGIN
IRON_FLY,IRON_FLY_2022-11-04_2022-11-10,2022-11-04,100000.0,13985.849999999991,20000.0,SKIPPED_INSUFFICIENT_MARGIN
IRON_FLY,IRON_FLY_2022-11-11_2022-11-17,2022-11-11,100000.0,13985.849999999991,20000.0,SKIPPED_INSUFFICIENT_MARGIN
IRON_FLY,IRON_FLY_2022-11-18_2022-11-24,2022-11-18,100000.0,13985.849999999991,30929.25,SKIPPED_INSUFFICIENT_MARGIN
IRON_FLY,IRON_FLY_2022-11-25_2022-12-01,2022-11-25,100000.0,13985.849999999991,20000.0,SKIPPED_INSUFFICIENT_MARGIN
IRON_FLY,IRON_FLY_2022-12-02_2022-12-08,2022-12-02,100000.0,13985.849999999991,20000.0,SKIPPED_INSUFFICIENT_MARGIN
IRON_FLY,IRON_FLY_2022-12-09_2022-12-15,2022-12-09,100000.0,13985.849999999991,20000.0,SKIPPED_INSUFFICIENT_MARGIN
IRON_FLY,IRON_FLY_2022-12-16_2022-12-22,2022-12-16,100000.0,13985.849999999991,20000.0,SKIPPED_INSUFFICIENT_MARGIN
IRON_FLY,IRON_FLY_2022-12-30_2023-01-05,2022-12-30,100000.0,13985.849999999991,20000.0,SKIPPED_INSUFFICIENT_MARGIN
IRON_FLY,IRON_FLY_2023-01-27_2023-02-02,2023-01-27,100000.0,13985.849999999991,35511.99999999999,SKIPPED_INSUFFICIENT_MARGIN
IRON_FLY,IRON_FLY_2023-03-17_2023-03-23,2023-03-17,100000.0,13985.849999999991,20000.0,SKIPPED_INSUFFICIENT_MARGIN
IRON_FLY,IRON_FLY_2023-05-12_2023-05-18,2023-05-12,100000.0,13985.849999999991,20000.0,SKIPPED_INSUFFICIENT_MARGIN
IRON_FLY,IRON_FLY_2023-05-19_2023-05-25,2023-05-19,100000.0,13985.849999999991,20000.0,SKIPPED_INSUFFICIENT_MARGIN
IRON_FLY,IRON_FLY_2023-06-09_2023-06-15,2023-06-09,100000.0,13985.849999999991,20000.0,SKIPPED_INSUFFICIENT_MARGIN
IRON_FLY,IRON_FLY_2023-06-16_2023-06-22,2023-06-16,100000.0,13985.849999999991,20000.0,SKIPPED_INSUFFICIENT_MARGIN
IRON_FLY,IRON_FLY_2023-07-14_2023-07-20,2023-07-14,100000.0,13985.849999999991,20000.0,SKIPPED_INSUFFICIENT_MARGIN
IRON_FLY,IRON_FLY_2023-07-28_2023-08-03,2023-07-28,100000.0,13985.849999999991,20000.0,SKIPPED_INSUFFICIENT_MARGIN
IRON_FLY,IRON_FLY_2023-08-04_2023-08-10,2023-08-04,100000.0,13985.849999999991,20000.0,SKIPPED_INSUFFICIENT_MARGIN
IRON_FLY,IRON_FLY_2023-08-11_2023-08-17,2023-08-11,100000.0,13985.849999999991,20000.0,SKIPPED_INSUFFICIENT_MARGIN
IRON_FLY,IRON_FLY_2023-08-25_2023-08-31,2023-08-25,100000.0,13985.849999999991,20000.0,SKIPPED_INSUFFICIENT_MARGIN
IRON_FLY,IRON_FLY_2023-09-29_2023-10-05,2023-09-29,100000.0,13985.849999999991,20000.0,SKIPPED_INSUFFICIENT_MARGIN
IRON_FLY,IRON_FLY_2023-10-13_2023-10-19,2023-10-13,100000.0,13985.849999999991,20000.0,SKIPPED_INSUFFICIENT_MARGIN
IRON_FLY,IRON_FLY_2023-10-20_2023-10-26,2023-10-20,100000.0,13985.849999999991,20000.0,SKIPPED_INSUFFICIENT_MARGIN
IRON_FLY,IRON_FLY_2023-10-27_2023-11-02,2023-10-27,100000.0,13985.849999999991,20000.0,SKIPPED_INSUFFICIENT_MARGIN
IRON_FLY,IRON_FLY_2023-11-03_2023-11-09,2023-11-03,100000.0,13985.849999999991,20000.0,SKIPPED_INSUFFICIENT_MARGIN
IRON_FLY,IRON_FLY_2023-11-10_2023-11-16,2023-11-10,100000.0,13985.849999999991,20000.0,SKIPPED_INSUFFICIENT_MARGIN
IRON_FLY,IRON_FLY_2023-11-17_2023-11-23,2023-11-17,100000.0,13985.849999999991,20000.0,SKIPPED_INSUFFICIENT_MARGIN
IRON_FLY,IRON_FLY_2023-12-01_2023-12-07,2023-12-01,100000.0,13985.849999999991,20000.0,SKIPPED_INSUFFICIENT_MARGIN
IRON_FLY,IRON_FLY_2023-12-08_2023-12-14,2023-12-08,100000.0,13985.849999999991,20000.0,SKIPPED_INSUFFICIENT_MARGIN
IRON_FLY,IRON_FLY_2023-12-29_2024-01-04,2023-12-29,100000.0,13985.849999999991,20000.0,SKIPPED_INSUFFICIENT_MARGIN
IRON_FLY,IRON_FLY_2024-01-05_2024-01-11,2024-01-05,100000.0,13985.849999999991,20000.0,SKIPPED_INSUFFICIENT_MARGIN
IRON_FLY,IRON_FLY_2024-01-12_2024-01-18,2024-01-12,100000.0,13985.849999999991,20000.0,SKIPPED_INSUFFICIENT_MARGIN
IRON_FLY,IRON_FLY_2024-01-19_2024-01-25,2024-01-19,100000.0,13985.849999999991,20000.0,SKIPPED_INSUFFICIENT_MARGIN
IRON_FLY,IRON_FLY_2024-01-29_2024-02-01,2024-01-29,100000.0,13985.849999999991,20000.0,SKIPPED_INSUFFICIENT_MARGIN
IRON_FLY,IRON_FLY_2024-02-02_2024-02-08,2024-02-02,100000.0,13985.849999999991,20000.0,SKIPPED_INSUFFICIENT_MARGIN
IRON_FLY,IRON_FLY_2024-02-09_2024-02-15,2024-02-09,100000.0,13985.849999999991,20000.0,SKIPPED_INSUFFICIENT_MARGIN
IRON_FLY,IRON_FLY_2024-02-16_2024-02-22,2024-02-16,100000.0,13985.849999999991,20000.0,SKIPPED_INSUFFICIENT_MARGIN
IRON_FLY,IRON_FLY_2024-02-23_2024-02-29,2024-02-23,100000.0,13985.849999999991,20000.0,SKIPPED_INSUFFICIENT_MARGIN
IRON_FLY,IRON_FLY_2024-03-01_2024-03-07,2024-03-01,100000.0,13985.849999999991,20000.0,SKIPPED_INSUFFICIENT_MARGIN
IRON_FLY,IRON_FLY_2024-03-11_2024-03-14,2024-03-11,100000.0,13985.849999999991,20000.0,SKIPPED_INSUFFICIENT_MARGIN
IRON_FLY,IRON_FLY_2024-03-15_2024-03-21,2024-03-15,100000.0,13985.849999999991,20000.0,SKIPPED_INSUFFICIENT_MARGIN
IRON_FLY,IRON_FLY_2024-03-22_2024-03-28,2024-03-22,100000.0,13985.849999999991,20000.0,SKIPPED_INSUFFICIENT_MARGIN
IRON_FLY,IRON_FLY_2024-04-01_2024-04-04,2024-04-01,100000.0,13985.849999999991,20000.0,SKIPPED_INSUFFICIENT_MARGIN
IRON_FLY,IRON_FLY_2024-04-05_2024-04-10,2024-04-05,100000.0,13985.849999999991,20000.0,SKIPPED_INSUFFICIENT_MARGIN
IRON_FLY,IRON_FLY_2024-04-12_2024-04-18,2024-04-12,100000.0,13985.849999999991,20000.0,SKIPPED_INSUFFICIENT_MARGIN
IRON_FLY,IRON_FLY_2024-04-19_2024-04-25,2024-04-19,100000.0,13985.849999999991,20000.0,SKIPPED_INSUFFICIENT_MARGIN
IRON_FLY,IRON_FLY_2024-04-26_2024-05-02,2024-04-26,100000.0,13985.849999999991,20000.0,SKIPPED_INSUFFICIENT_MARGIN
IRON_FLY,IRON_FLY_2024-05-03_2024-05-09,2024-05-03,100000.0,13985.849999999991,20000.0,SKIPPED_INSUFFICIENT_MARGIN
IRON_FLY,IRON_FLY_2024-05-10_2024-05-16,2024-05-10,100000.0,13985.849999999991,20000.0,SKIPPED_INSUFFICIENT_MARGIN
IRON_FLY,IRON_FLY_2024-05-17_2024-05-23,2024-05-17,100000.0,13985.849999999991,20000.0,SKIPPED_INSUFFICIENT_MARGIN
IRON_FLY,IRON_FLY_2024-05-24_2024-05-30,2024-05-24,100000.0,13985.849999999991,20000.0,SKIPPED_INSUFFICIENT_MARGIN
IRON_FLY,IRON_FLY_2024-05-31_2024-06-06,2024-05-31,100000.0,13985.849999999991,20000.0,SKIPPED_INSUFFICIENT_MARGIN
IRON_FLY,IRON_FLY_2024-06-07_2024-06-13,2024-06-07,100000.0,13985.849999999991,20000.0,SKIPPED_INSUFFICIENT_MARGIN
IRON_FLY,IRON_FLY_2024-06-14_2024-06-20,2024-06-14,100000.0,13985.849999999991,20000.0,SKIPPED_INSUFFICIENT_MARGIN
IRON_FLY,IRON_FLY_2024-06-21_2024-06-27,2024-06-21,100000.0,13985.849999999991,20000.0,SKIPPED_INSUFFICIENT_MARGIN
IRON_FLY,IRON_FLY_2024-06-28_2024-07-04,2024-06-28,100000.0,13985.849999999991,20000.0,SKIPPED_INSUFFICIENT_MARGIN
IRON_FLY,IRON_FLY_2024-07-05_2024-07-11,2024-07-05,100000.0,13985.849999999991,20000.0,SKIPPED_INSUFFICIENT_MARGIN
IRON_FLY,IRON_FLY_2024-07-12_2024-07-18,2024-07-12,100000.0,13985.849999999991,20000.0,SKIPPED_INSUFFICIENT_MARGIN
IRON_FLY,IRON_FLY_2024-07-19_2024-07-25,2024-07-19,100000.0,13985.849999999991,20000.0,SKIPPED_INSUFFICIENT_MARGIN
IRON_FLY,IRON_FLY_2024-07-26_2024-08-01,2024-07-26,100000.0,13985.849999999991,20000.0,SKIPPED_INSUFFICIENT_MARGIN
IRON_FLY,IRON_FLY_2024-08-02_2024-08-08,2024-08-02,100000.0,13985.849999999991,20000.0,SKIPPED_INSUFFICIENT_MARGIN
IRON_FLY,IRON_FLY_2024-08-09_2024-08-14,2024-08-09,100000.0,13985.849999999991,20000.0,SKIPPED_INSUFFICIENT_MARGIN
IRON_FLY,IRON_FLY_2024-08-16_2024-08-22,2024-08-16,100000.0,13985.849999999991,20000.0,SKIPPED_INSUFFICIENT_MARGIN
IRON_FLY,IRON_FLY_2024-08-23_2024-08-29,2024-08-23,100000.0,13985.849999999991,20000.0,SKIPPED_INSUFFICIENT_MARGIN
IRON_FLY,IRON_FLY_2024-08-30_2024-09-05,2024-08-30,100000.0,13985.849999999991,20000.0,SKIPPED_INSUFFICIENT_MARGIN
IRON_FLY,IRON_FLY_2024-09-06_2024-09-12,2024-09-06,100000.0,13985.849999999991,20000.0,SKIPPED_INSUFFICIENT_MARGIN
IRON_FLY,IRON_FLY_2024-09-13_2024-09-19,2024-09-13,100000.0,13985.849999999991,20000.0,SKIPPED_INSUFFICIENT_MARGIN
IRON_FLY,IRON_FLY_2024-09-20_2024-09-26,2024-09-20,100000.0,13985.849999999991,20000.0,SKIPPED_INSUFFICIENT_MARGIN
IRON_FLY,IRON_FLY_2024-09-27_2024-10-03,2024-09-27,100000.0,13985.849999999991,20000.0,SKIPPED_INSUFFICIENT_MARGIN
IRON_FLY,IRON_FLY_2024-10-04_2024-10-10,2024-10-04,100000.0,13985.849999999991,20000.0,SKIPPED_INSUFFICIENT_MARGIN
IRON_FLY,IRON_FLY_2024-10-11_2024-10-17,2024-10-11,100000.0,13985.849999999991,20000.0,SKIPPED_INSUFFICIENT_MARGIN
IRON_FLY,IRON_FLY_2024-10-18_2024-10-24,2024-10-18,100000.0,13985.849999999991,20000.0,SKIPPED_INSUFFICIENT_MARGIN
IRON_FLY,IRON_FLY_2024-10-25_2024-10-31,2024-10-25,100000.0,13985.849999999991,20000.0,SKIPPED_INSUFFICIENT_MARGIN
IRON_FLY,IRON_FLY_2024-11-01_2024-11-07,2024-11-01,100000.0,13985.849999999991,20000.0,SKIPPED_INSUFFICIENT_MARGIN
IRON_FLY,IRON_FLY_2024-11-08_2024-11-14,2024-11-08,100000.0,13985.849999999991,20000.0,SKIPPED_INSUFFICIENT_MARGIN
IRON_FLY,IRON_FLY_2024-11-18_2024-11-21,2024-11-18,100000.0,13985.849999999991,20000.0,SKIPPED_INSUFFICIENT_MARGIN
IRON_FLY,IRON_FLY_2024-11-22_2024-11-28,2024-11-22,100000.0,13985.849999999991,20000.0,SKIPPED_INSUFFICIENT_MARGIN
IRON_FLY,IRON_FLY_2024-11-29_2024-12-05,2024-11-29,100000.0,13985.849999999991,20000.0,SKIPPED_INSUFFICIENT_MARGIN
IRON_FLY,IRON_FLY_2024-12-06_2024-12-12,2024-12-06,100000.0,13985.849999999991,20000.0,SKIPPED_INSUFFICIENT_MARGIN
IRON_FLY,IRON_FLY_2024-12-13_2024-12-19,2024-12-13,100000.0,13985.849999999991,20000.0,SKIPPED_INSUFFICIENT_MARGIN
IRON_FLY,IRON_FLY_2024-12-20_2024-12-26,2024-12-20,100000.0,13985.849999999991,20000.0,SKIPPED_INSUFFICIENT_MARGIN
IRON_FLY,IRON_FLY_2024-12-27_2025-01-02,2024-12-27,100000.0,13985.849999999991,20000.0,SKIPPED_INSUFFICIENT_MARGIN
IRON_FLY,IRON_FLY_2025-01-03_2025-01-09,2025-01-03,100000.0,13985.849999999991,20000.0,SKIPPED_INSUFFICIENT_MARGIN
IRON_FLY,IRON_FLY_2025-01-10_2025-01-16,2025-01-10,100000.0,13985.849999999991,20000.0,SKIPPED_INSUFFICIENT_MARGIN
IRON_FLY,IRON_FLY_2025-01-17_2025-01-23,2025-01-17,100000.0,13985.849999999991,20000.0,SKIPPED_INSUFFICIENT_MARGIN
IRON_FLY,IRON_FLY_2025-01-24_2025-01-30,2025-01-24,100000.0,13985.849999999991,20000.0,SKIPPED_INSUFFICIENT_MARGIN
IRON_FLY,IRON_FLY_2025-01-31_2025-02-06,2025-01-31,100000.0,13985.849999999991,20000.0,SKIPPED_INSUFFICIENT_MARGIN
IRON_FLY,IRON_FLY_2025-02-07_2025-02-13,2025-02-07,100000.0,13985.849999999991,20000.0,SKIPPED_INSUFFICIENT_MARGIN
IRON_FLY,IRON_FLY_2025-02-14_2025-02-20,2025-02-14,100000.0,13985.849999999991,20000.0,SKIPPED_INSUFFICIENT_MARGIN
IRON_FLY,IRON_FLY_2025-02-21_2025-02-27,2025-02-21,100000.0,13985.849999999991,20000.0,SKIPPED_INSUFFICIENT_MARGIN
IRON_FLY,IRON_FLY_2025-02-28_2025-03-06,2025-02-28,100000.0,13985.849999999991,20000.0,SKIPPED_INSUFFICIENT_MARGIN
IRON_FLY,IRON_FLY_2025-03-07_2025-03-13,2025-03-07,100000.0,13985.849999999991,20000.0,SKIPPED_INSUFFICIENT_MARGIN
IRON_FLY,IRON_FLY_2025-03-17_2025-03-20,2025-03-17,100000.0,13985.849999999991,20000.0,SKIPPED_INSUFFICIENT_MARGIN
IRON_FLY,IRON_FLY_2025-03-21_2025-03-27,2025-03-21,100000.0,13985.849999999991,20000.0,SKIPPED_INSUFFICIENT_MARGIN
IRON_FLY,IRON_FLY_2025-03-28_2025-04-03,2025-03-28,100000.0,13985.849999999991,20000.0,SKIPPED_INSUFFICIENT_MARGIN
IRON_FLY,IRON_FLY_2025-04-04_2025-04-09,2025-04-04,100000.0,13985.849999999991,20000.0,SKIPPED_INSUFFICIENT_MARGIN
IRON_FLY,IRON_FLY_2025-04-11_2025-04-17,2025-04-11,100000.0,13985.849999999991,20000.0,SKIPPED_INSUFFICIENT_MARGIN
IRON_FLY,IRON_FLY_2025-04-21_2025-04-24,2025-04-21,100000.0,13985.849999999991,20000.0,SKIPPED_INSUFFICIENT_MARGIN
IRON_FLY,IRON_FLY_2025-04-25_2025-04-30,2025-04-25,100000.0,13985.849999999991,20000.0,SKIPPED_INSUFFICIENT_MARGIN
IRON_FLY,IRON_FLY_2025-05-02_2025-05-08,2025-05-02,100000.0,13985.849999999991,20000.0,SKIPPED_INSUFFICIENT_MARGIN
IRON_FLY,IRON_FLY_2025-05-09_2025-05-15,2025-05-09,100000.0,13985.849999999991,20000.0,SKIPPED_INSUFFICIENT_MARGIN
IRON_FLY,IRON_FLY_2025-05-16_2025-05-22,2025-05-16,100000.0,13985.849999999991,20000.0,SKIPPED_INSUFFICIENT_MARGIN
IRON_FLY,IRON_FLY_2025-05-23_2025-05-29,2025-05-23,100000.0,13985.849999999991,20000.0,SKIPPED_INSUFFICIENT_MARGIN
IRON_FLY,IRON_FLY_2025-05-30_2025-06-05,2025-05-30,100000.0,13985.849999999991,20000.0,SKIPPED_INSUFFICIENT_MARGIN
IRON_FLY,IRON_FLY_2025-06-06_2025-06-12,2025-06-06,100000.0,13985.849999999991,20000.0,SKIPPED_INSUFFICIENT_MARGIN
IRON_FLY,IRON_FLY_2025-06-13_2025-06-19,2025-06-13,100000.0,13985.849999999991,20000.0,SKIPPED_INSUFFICIENT_MARGIN
IRON_FLY,IRON_FLY_2025-06-20_2025-06-26,2025-06-20,100000.0,13985.849999999991,20000.0,SKIPPED_INSUFFICIENT_MARGIN
IRON_FLY,IRON_FLY_2025-06-27_2025-07-03,2025-06-27,100000.0,13985.849999999991,20000.0,SKIPPED_INSUFFICIENT_MARGIN
IRON_FLY,IRON_FLY_2025-07-04_2025-07-10,2025-07-04,100000.0,13985.849999999991,20000.0,SKIPPED_INSUFFICIENT_MARGIN
IRON_FLY,IRON_FLY_2025-07-11_2025-07-17,2025-07-11,100000.0,13985.849999999991,20000.0,SKIPPED_INSUFFICIENT_MARGIN
IRON_FLY,IRON_FLY_2025-07-18_2025-07-24,2025-07-18,100000.0,13985.849999999991,20000.0,SKIPPED_INSUFFICIENT_MARGIN
IRON_FLY,IRON_FLY_2025-07-25_2025-07-31,2025-07-25,100000.0,13985.849999999991,20000.0,SKIPPED_INSUFFICIENT_MARGIN
IRON_FLY,IRON_FLY_2025-08-01_2025-08-07,2025-08-01,100000.0,13985.849999999991,20000.0,SKIPPED_INSUFFICIENT_MARGIN
IRON_FLY,IRON_FLY_2025-08-08_2025-08-14,2025-08-08,100000.0,13985.849999999991,20000.0,SKIPPED_INSUFFICIENT_MARGIN
IRON_FLY,IRON_FLY_2025-08-18_2025-08-21,2025-08-18,100000.0,13985.849999999991,20000.0,SKIPPED_INSUFFICIENT_MARGIN
IRON_FLY,IRON_FLY_2025-08-22_2025-08-28,2025-08-22,100000.0,13985.849999999991,20000.0,SKIPPED_INSUFFICIENT_MARGIN
IRON_FLY,IRON_FLY_2025-08-29_2025-09-02,2025-08-29,100000.0,13985.849999999991,20000.0,SKIPPED_INSUFFICIENT_MARGIN
IRON_FLY,IRON_FLY_2025-09-03_2025-09-09,2025-09-03,100000.0,13985.849999999991,20000.0,SKIPPED_INSUFFICIENT_MARGIN
IRON_FLY,IRON_FLY_2025-09-10_2025-09-16,2025-09-10,100000.0,13985.849999999991,20000.0,SKIPPED_INSUFFICIENT_MARGIN
IRON_FLY,IRON_FLY_2025-09-17_2025-09-23,2025-09-17,100000.0,13985.849999999991,20000.0,SKIPPED_INSUFFICIENT_MARGIN
IRON_FLY,IRON_FLY_2025-09-26_2025-09-30,2025-09-26,100000.0,13985.849999999991,20000.0,SKIPPED_INSUFFICIENT_MARGIN
IRON_FLY,IRON_FLY_2025-10-01_2025-10-07,2025-10-01,100000.0,13985.849999999991,20000.0,SKIPPED_INSUFFICIENT_MARGIN
IRON_FLY,IRON_FLY_2025-10-08_2025-10-14,2025-10-08,100000.0,13985.849999999991,20000.0,SKIPPED_INSUFFICIENT_MARGIN
IRON_FLY,IRON_FLY_2025-10-15_2025-10-20,2025-10-15,100000.0,13985.849999999991,20000.0,SKIPPED_INSUFFICIENT_MARGIN
IRON_FLY,IRON_FLY_2025-10-21_2025-10-28,2025-10-21,100000.0,13985.849999999991,20000.0,SKIPPED_INSUFFICIENT_MARGIN
IRON_FLY,IRON_FLY_2025-10-29_2025-11-04,2025-10-29,100000.0,13985.849999999991,20000.0,SKIPPED_INSUFFICIENT_MARGIN
IRON_FLY,IRON_FLY_2025-11-06_2025-11-11,2025-11-06,100000.0,13985.849999999991,20000.0,SKIPPED_INSUFFICIENT_MARGIN
IRON_FLY,IRON_FLY_2025-11-12_2025-11-18,2025-11-12,100000.0,13985.849999999991,20000.0,SKIPPED_INSUFFICIENT_MARGIN
IRON_FLY,IRON_FLY_2025-11-19_2025-11-25,2025-11-19,100000.0,13985.849999999991,20000.0,SKIPPED_INSUFFICIENT_MARGIN
IRON_FLY,IRON_FLY_2025-11-26_2025-12-02,2025-11-26,100000.0,13985.849999999991,20000.0,SKIPPED_INSUFFICIENT_MARGIN
IRON_FLY,IRON_FLY_2025-12-03_2025-12-09,2025-12-03,100000.0,13985.849999999991,20000.0,SKIPPED_INSUFFICIENT_MARGIN
IRON_FLY,IRON_FLY_2025-12-10_2025-12-16,2025-12-10,100000.0,13985.849999999991,20000.0,SKIPPED_INSUFFICIENT_MARGIN
IRON_FLY,IRON_FLY_2025-12-17_2025-12-23,2025-12-17,100000.0,13985.849999999991,20000.0,SKIPPED_INSUFFICIENT_MARGIN
IRON_FLY,IRON_FLY_2025-12-26_2025-12-30,2025-12-26,100000.0,13985.849999999991,20000.0,SKIPPED_INSUFFICIENT_MARGIN
IRON_FLY,IRON_FLY_2025-12-31_2026-01-06,2025-12-31,100000.0,13985.849999999991,20000.0,SKIPPED_INSUFFICIENT_MARGIN
IRON_FLY,IRON_FLY_2026-01-07_2026-01-13,2026-01-07,100000.0,13985.849999999991,20000.0,SKIPPED_INSUFFICIENT_MARGIN
IRON_FLY,IRON_FLY_2026-01-14_2026-01-20,2026-01-14,100000.0,13985.849999999991,20000.0,SKIPPED_INSUFFICIENT_MARGIN
IRON_FLY,IRON_FLY_2026-01-21_2026-01-27,2026-01-21,100000.0,13985.849999999991,20000.0,SKIPPED_INSUFFICIENT_MARGIN
IRON_FLY,IRON_FLY_2026-01-28_2026-02-03,2026-01-28,100000.0,13985.849999999991,20000.0,SKIPPED_INSUFFICIENT_MARGIN
IRON_FLY,IRON_FLY_2026-02-04_2026-02-10,2026-02-04,100000.0,13985.849999999991,20000.0,SKIPPED_INSUFFICIENT_MARGIN
IRON_FLY,IRON_FLY_2026-02-11_2026-02-17,2026-02-11,100000.0,13985.849999999991,20000.0,SKIPPED_INSUFFICIENT_MARGIN
IRON_FLY,IRON_FLY_2026-02-18_2026-02-24,2026-02-18,100000.0,13985.849999999991,20000.0,SKIPPED_INSUFFICIENT_MARGIN
IRON_FLY,IRON_FLY_2026-02-25_2026-03-02,2026-02-25,100000.0,13985.849999999991,20000.0,SKIPPED_INSUFFICIENT_MARGIN
IRON_FLY,IRON_FLY_2026-03-04_2026-03-10,2026-03-04,100000.0,13985.849999999991,20000.0,SKIPPED_INSUFFICIENT_MARGIN
IRON_FLY,IRON_FLY_2026-03-11_2026-03-17,2026-03-11,100000.0,13985.849999999991,20000.0,SKIPPED_INSUFFICIENT_MARGIN
IRON_FLY,IRON_FLY_2026-03-18_2026-03-24,2026-03-18,100000.0,13985.849999999991,20000.0,SKIPPED_INSUFFICIENT_MARGIN
IRON_FLY,IRON_FLY_2026-03-27_2026-03-30,2026-03-27,100000.0,13985.849999999991,20000.0,SKIPPED_INSUFFICIENT_MARGIN
IRON_FLY,IRON_FLY_2026-04-01_2026-04-07,2026-04-01,100000.0,13985.849999999991,20000.0,SKIPPED_INSUFFICIENT_MARGIN
IRON_FLY,IRON_FLY_2026-04-08_2026-04-13,2026-04-08,100000.0,13985.849999999991,20000.0,SKIPPED_INSUFFICIENT_MARGIN
IRON_FLY,IRON_FLY_2026-04-15_2026-04-21,2026-04-15,100000.0,13985.849999999991,20000.0,SKIPPED_INSUFFICIENT_MARGIN
IRON_FLY,IRON_FLY_2026-04-22_2026-04-28,2026-04-22,100000.0,13985.849999999991,20000.0,SKIPPED_INSUFFICIENT_MARGIN
IRON_FLY,IRON_FLY_2026-04-29_2026-05-05,2026-04-29,100000.0,13985.849999999991,20000.0,SKIPPED_INSUFFICIENT_MARGIN
IRON_FLY,IRON_FLY_2026-05-06_2026-05-12,2026-05-06,100000.0,13985.849999999991,20000.0,SKIPPED_INSUFFICIENT_MARGIN
IRON_FLY,IRON_FLY_2026-05-13_2026-05-19,2026-05-13,100000.0,13985.849999999991,20000.0,SKIPPED_INSUFFICIENT_MARGIN
IRON_FLY,IRON_FLY_2026-05-20_2026-05-26,2026-05-20,100000.0,13985.849999999991,20000.0,SKIPPED_INSUFFICIENT_MARGIN
IRON_FLY,IRON_FLY_2026-05-27_2026-06-02,2026-05-27,100000.0,13985.849999999991,20000.0,SKIPPED_INSUFFICIENT_MARGIN
IRON_FLY,IRON_FLY_2026-06-03_2026-06-09,2026-06-03,100000.0,13985.849999999991,20000.0,SKIPPED_INSUFFICIENT_MARGIN
IRON_FLY,IRON_FLY_2026-06-10_2026-06-16,2026-06-10,100000.0,13985.849999999991,20000.0,SKIPPED_INSUFFICIENT_MARGIN
IRON_FLY,IRON_FLY_2026-06-17_2026-06-23,2026-06-17,100000.0,13985.849999999991,20000.0,SKIPPED_INSUFFICIENT_MARGIN
IRON_FLY,IRON_FLY_2026-06-29_2026-06-30,2026-06-29,100000.0,13985.849999999991,20000.0,SKIPPED_INSUFFICIENT_MARGIN
IRON_FLY,IRON_FLY_2026-07-01_2026-07-07,2026-07-01,100000.0,13985.849999999991,20000.0,SKIPPED_INSUFFICIENT_MARGIN
IRON_FLY,IRON_FLY_2026-07-08_2026-07-14,2026-07-08,100000.0,13985.849999999991,20000.0,SKIPPED_INSUFFICIENT_MARGIN
IRON_FLY,IRON_FLY_2026-07-15_2026-07-21,2026-07-15,100000.0,13985.849999999991,20000.0,SKIPPED_INSUFFICIENT_MARGIN
IRON_FLY,IRON_FLY_2026-07-22_2026-07-28,2026-07-22,100000.0,13985.849999999991,20000.0,SKIPPED_INSUFFICIENT_MARGIN
IRON_FLY,IRON_FLY_2026-07-29_2026-08-04,2026-07-29,100000.0,13985.849999999991,20000.0,SKIPPED_INSUFFICIENT_MARGIN
IRON_FLY,IRON_FLY_2026-08-05_2026-08-11,2026-08-05,100000.0,13985.849999999991,20000.0,SKIPPED_INSUFFICIENT_MARGIN
IRON_FLY,IRON_FLY_2026-08-12_2026-08-18,2026-08-12,100000.0,13985.849999999991,20000.0,SKIPPED_INSUFFICIENT_MARGIN
IRON_FLY,IRON_FLY_2026-08-19_2026-08-25,2026-08-19,100000.0,13985.849999999991,20000.0,SKIPPED_INSUFFICIENT_MARGIN
IRON_FLY,IRON_FLY_2026-08-26_2026-09-01,2026-08-26,100000.0,13985.849999999991,20000.0,SKIPPED_INSUFFICIENT_MARGIN
IRON_FLY,IRON_FLY_2026-09-02_2026-09-08,2026-09-02,100000.0,13985.849999999991,20000.0,SKIPPED_INSUFFICIENT_MARGIN
IRON_FLY,IRON_FLY_2026-09-09_2026-09-15,2026-09-09,100000.0,13985.849999999991,20000.0,SKIPPED_INSUFFICIENT_MARGIN
IRON_CONDOR,IRON_CONDOR_2020-02-24_2020-02-27,2020-02-24,20000.0,18913.79,20000.0,SKIPPED_INSUFFICIENT_MARGIN
IRON_CONDOR,IRON_CONDOR_2020-02-28_2020-03-05,2020-02-28,20000.0,18913.79,20000.0,SKIPPED_INSUFFICIENT_MARGIN
IRON_CONDOR,IRON_CONDOR_2020-03-13_2020-03-19,2020-03-13,20000.0,18913.79,20000.0,SKIPPED_INSUFFICIENT_MARGIN
IRON_CONDOR,IRON_CONDOR_2020-03-20_2020-03-26,2020-03-20,20000.0,18913.79,343607.0624999999,SKIPPED_INSUFFICIENT_MARGIN
IRON_CONDOR,IRON_CONDOR_2020-04-24_2020-04-30,2020-04-24,20000.0,18913.79,20000.0,SKIPPED_INSUFFICIENT_MARGIN
IRON_CONDOR,IRON_CONDOR_2020-06-05_2020-06-11,2020-06-05,20000.0,18913.79,20000.0,SKIPPED_INSUFFICIENT_MARGIN
IRON_CONDOR,IRON_CONDOR_2020-06-12_2020-06-18,2020-06-12,20000.0,18913.79,20000.0,SKIPPED_INSUFFICIENT_MARGIN
IRON_CONDOR,IRON_CONDOR_2020-06-26_2020-07-02,2020-06-26,20000.0,18913.79,20000.0,SKIPPED_INSUFFICIENT_MARGIN
IRON_CONDOR,IRON_CONDOR_2020-09-25_2020-10-01,2020-09-25,20000.0,18913.79,20000.0,SKIPPED_INSUFFICIENT_MARGIN
IRON_CONDOR,IRON_CONDOR_2020-10-05_2020-10-08,2020-10-05,20000.0,18913.79,20000.0,SKIPPED_INSUFFICIENT_MARGIN
IRON_CONDOR,IRON_CONDOR_2020-10-23_2020-10-29,2020-10-23,20000.0,18913.79,20000.0,SKIPPED_INSUFFICIENT_MARGIN
IRON_CONDOR,IRON_CONDOR_2020-10-30_2020-11-05,2020-10-30,20000.0,18913.79,20000.0,SKIPPED_INSUFFICIENT_MARGIN
IRON_CONDOR,IRON_CONDOR_2020-11-27_2020-12-03,2020-11-27,20000.0,18913.79,20000.0,SKIPPED_INSUFFICIENT_MARGIN
IRON_CONDOR,IRON_CONDOR_2020-12-11_2020-12-17,2020-12-11,20000.0,18913.79,20000.0,SKIPPED_INSUFFICIENT_MARGIN
IRON_CONDOR,IRON_CONDOR_2020-12-18_2020-12-24,2020-12-18,20000.0,18913.79,20000.0,SKIPPED_INSUFFICIENT_MARGIN
IRON_CONDOR,IRON_CONDOR_2021-01-29_2021-02-04,2021-01-29,20000.0,18913.79,23253.00000000001,SKIPPED_INSUFFICIENT_MARGIN
IRON_CONDOR,IRON_CONDOR_2021-02-05_2021-02-11,2021-02-05,20000.0,18913.79,20000.0,SKIPPED_INSUFFICIENT_MARGIN
IRON_CONDOR,IRON_CONDOR_2021-03-05_2021-03-10,2021-03-05,20000.0,18913.79,20000.0,SKIPPED_INSUFFICIENT_MARGIN
IRON_CONDOR,IRON_CONDOR_2021-03-12_2021-03-18,2021-03-12,20000.0,18913.79,20000.0,SKIPPED_INSUFFICIENT_MARGIN
IRON_CONDOR,IRON_CONDOR_2021-03-26_2021-04-01,2021-03-26,20000.0,18913.79,20000.0,SKIPPED_INSUFFICIENT_MARGIN
IRON_CONDOR,IRON_CONDOR_2021-04-05_2021-04-08,2021-04-05,20000.0,18913.79,20000.0,SKIPPED_INSUFFICIENT_MARGIN
IRON_CONDOR,IRON_CONDOR_2021-04-09_2021-04-15,2021-04-09,20000.0,18913.79,20000.0,SKIPPED_INSUFFICIENT_MARGIN
IRON_CONDOR,IRON_CONDOR_2021-04-16_2021-04-22,2021-04-16,20000.0,18913.79,20000.0,SKIPPED_INSUFFICIENT_MARGIN
IRON_CONDOR,IRON_CONDOR_2021-04-23_2021-04-29,2021-04-23,20000.0,18913.79,20000.0,SKIPPED_INSUFFICIENT_MARGIN
IRON_CONDOR,IRON_CONDOR_2021-04-30_2021-05-06,2021-04-30,20000.0,18913.79,20000.0,SKIPPED_INSUFFICIENT_MARGIN
IRON_CONDOR,IRON_CONDOR_2021-05-14_2021-05-20,2021-05-14,20000.0,18913.79,20000.0,SKIPPED_INSUFFICIENT_MARGIN
IRON_CONDOR,IRON_CONDOR_2021-05-21_2021-05-27,2021-05-21,20000.0,18913.79,20000.0,SKIPPED_INSUFFICIENT_MARGIN
IRON_CONDOR,IRON_CONDOR_2021-06-04_2021-06-10,2021-06-04,20000.0,18913.79,20000.0,SKIPPED_INSUFFICIENT_MARGIN
IRON_CONDOR,IRON_CONDOR_2021-06-11_2021-06-17,2021-06-11,20000.0,18913.79,20000.0,SKIPPED_INSUFFICIENT_MARGIN
IRON_CONDOR,IRON_CONDOR_2021-06-18_2021-06-24,2021-06-18,20000.0,18913.79,20000.0,SKIPPED_INSUFFICIENT_MARGIN
IRON_CONDOR,IRON_CONDOR_2021-06-25_2021-07-01,2021-06-25,20000.0,18913.79,20000.0,SKIPPED_INSUFFICIENT_MARGIN
IRON_CONDOR,IRON_CONDOR_2021-07-02_2021-07-08,2021-07-02,20000.0,18913.79,20000.0,SKIPPED_INSUFFICIENT_MARGIN
IRON_CONDOR,IRON_CONDOR_2021-07-09_2021-07-15,2021-07-09,20000.0,18913.79,20000.0,SKIPPED_INSUFFICIENT_MARGIN
IRON_CONDOR,IRON_CONDOR_2021-07-16_2021-07-22,2021-07-16,20000.0,18913.79,20000.0,SKIPPED_INSUFFICIENT_MARGIN
IRON_CONDOR,IRON_CONDOR_2021-07-23_2021-07-29,2021-07-23,20000.0,18913.79,20000.0,SKIPPED_INSUFFICIENT_MARGIN
IRON_CONDOR,IRON_CONDOR_2021-08-20_2021-08-26,2021-08-20,20000.0,18913.79,20000.0,SKIPPED_INSUFFICIENT_MARGIN
IRON_CONDOR,IRON_CONDOR_2021-08-27_2021-09-02,2021-08-27,20000.0,18913.79,20000.0,SKIPPED_INSUFFICIENT_MARGIN
IRON_CONDOR,IRON_CONDOR_2021-09-03_2021-09-09,2021-09-03,20000.0,18913.79,20000.0,SKIPPED_INSUFFICIENT_MARGIN
IRON_CONDOR,IRON_CONDOR_2021-09-13_2021-09-16,2021-09-13,20000.0,18913.79,20000.0,SKIPPED_INSUFFICIENT_MARGIN
IRON_CONDOR,IRON_CONDOR_2021-09-17_2021-09-23,2021-09-17,20000.0,18913.79,20000.0,SKIPPED_INSUFFICIENT_MARGIN
IRON_CONDOR,IRON_CONDOR_2021-09-24_2021-09-30,2021-09-24,20000.0,18913.79,108016.62500000001,SKIPPED_INSUFFICIENT_MARGIN
IRON_CONDOR,IRON_CONDOR_2021-10-01_2021-10-07,2021-10-01,20000.0,18913.79,20000.0,SKIPPED_INSUFFICIENT_MARGIN
IRON_CONDOR,IRON_CONDOR_2021-10-22_2021-10-28,2021-10-22,20000.0,18913.79,20000.0,SKIPPED_INSUFFICIENT_MARGIN
IRON_CONDOR,IRON_CONDOR_2021-10-29_2021-11-03,2021-10-29,20000.0,18913.79,20000.0,SKIPPED_INSUFFICIENT_MARGIN
IRON_CONDOR,IRON_CONDOR_2021-11-04_2021-11-11,2021-11-04,20000.0,18913.79,20000.0,SKIPPED_INSUFFICIENT_MARGIN
IRON_CONDOR,IRON_CONDOR_2021-11-12_2021-11-18,2021-11-12,20000.0,18913.79,20000.0,SKIPPED_INSUFFICIENT_MARGIN
IRON_CONDOR,IRON_CONDOR_2021-12-03_2021-12-09,2021-12-03,20000.0,18913.79,20000.0,SKIPPED_INSUFFICIENT_MARGIN
IRON_CONDOR,IRON_CONDOR_2021-12-10_2021-12-16,2021-12-10,20000.0,18913.79,20000.0,SKIPPED_INSUFFICIENT_MARGIN
IRON_CONDOR,IRON_CONDOR_2021-12-17_2021-12-23,2021-12-17,20000.0,18913.79,20000.0,SKIPPED_INSUFFICIENT_MARGIN
IRON_CONDOR,IRON_CONDOR_2021-12-24_2021-12-30,2021-12-24,20000.0,18913.79,20000.0,SKIPPED_INSUFFICIENT_MARGIN
IRON_CONDOR,IRON_CONDOR_2021-12-31_2022-01-06,2021-12-31,20000.0,18913.79,20000.0,SKIPPED_INSUFFICIENT_MARGIN
IRON_CONDOR,IRON_CONDOR_2022-01-07_2022-01-13,2022-01-07,20000.0,18913.79,20000.0,SKIPPED_INSUFFICIENT_MARGIN
IRON_CONDOR,IRON_CONDOR_2022-01-28_2022-02-03,2022-01-28,20000.0,18913.79,20000.0,SKIPPED_INSUFFICIENT_MARGIN
IRON_CONDOR,IRON_CONDOR_2022-02-11_2022-02-17,2022-02-11,20000.0,18913.79,20000.0,SKIPPED_INSUFFICIENT_MARGIN
IRON_CONDOR,IRON_CONDOR_2022-02-18_2022-02-24,2022-02-18,20000.0,18913.79,20000.0,SKIPPED_INSUFFICIENT_MARGIN
IRON_CONDOR,IRON_CONDOR_2022-03-04_2022-03-10,2022-03-04,20000.0,18913.79,20000.0,SKIPPED_INSUFFICIENT_MARGIN
IRON_CONDOR,IRON_CONDOR_2022-03-11_2022-03-17,2022-03-11,20000.0,18913.79,20000.0,SKIPPED_INSUFFICIENT_MARGIN
IRON_CONDOR,IRON_CONDOR_2022-03-21_2022-03-24,2022-03-21,20000.0,18913.79,20000.0,SKIPPED_INSUFFICIENT_MARGIN
IRON_CONDOR,IRON_CONDOR_2022-03-25_2022-03-31,2022-03-25,20000.0,18913.79,20000.0,SKIPPED_INSUFFICIENT_MARGIN
IRON_CONDOR,IRON_CONDOR_2022-04-01_2022-04-07,2022-04-01,20000.0,18913.79,61326.62499999998,SKIPPED_INSUFFICIENT_MARGIN
IRON_CONDOR,IRON_CONDOR_2022-04-08_2022-04-13,2022-04-08,20000.0,18913.79,20000.0,SKIPPED_INSUFFICIENT_MARGIN
IRON_CONDOR,IRON_CONDOR_2022-04-29_2022-05-05,2022-04-29,20000.0,18913.79,20000.0,SKIPPED_INSUFFICIENT_MARGIN
IRON_CONDOR,IRON_CONDOR_2022-05-06_2022-05-12,2022-05-06,20000.0,18913.79,20000.0,SKIPPED_INSUFFICIENT_MARGIN
IRON_CONDOR,IRON_CONDOR_2022-05-27_2022-06-02,2022-05-27,20000.0,18913.79,20000.0,SKIPPED_INSUFFICIENT_MARGIN
IRON_CONDOR,IRON_CONDOR_2022-06-03_2022-06-09,2022-06-03,20000.0,18913.79,27004.875000000004,SKIPPED_INSUFFICIENT_MARGIN
IRON_CONDOR,IRON_CONDOR_2022-06-10_2022-06-16,2022-06-10,20000.0,18913.79,20000.0,SKIPPED_INSUFFICIENT_MARGIN
IRON_CONDOR,IRON_CONDOR_2022-06-17_2022-06-23,2022-06-17,20000.0,18913.79,20000.0,SKIPPED_INSUFFICIENT_MARGIN
IRON_CONDOR,IRON_CONDOR_2022-07-22_2022-07-28,2022-07-22,20000.0,18913.79,20000.0,SKIPPED_INSUFFICIENT_MARGIN
IRON_CONDOR,IRON_CONDOR_2022-08-05_2022-08-11,2022-08-05,20000.0,18913.79,20000.0,SKIPPED_INSUFFICIENT_MARGIN
IRON_CONDOR,IRON_CONDOR_2022-08-19_2022-08-25,2022-08-19,20000.0,18913.79,20000.0,SKIPPED_INSUFFICIENT_MARGIN
IRON_CONDOR,IRON_CONDOR_2022-09-09_2022-09-15,2022-09-09,20000.0,18913.79,20000.0,SKIPPED_INSUFFICIENT_MARGIN
IRON_CONDOR,IRON_CONDOR_2022-09-16_2022-09-22,2022-09-16,20000.0,18913.79,20000.0,SKIPPED_INSUFFICIENT_MARGIN
IRON_CONDOR,IRON_CONDOR_2022-09-30_2022-10-06,2022-09-30,20000.0,18913.79,20000.0,SKIPPED_INSUFFICIENT_MARGIN
IRON_CONDOR,IRON_CONDOR_2022-10-14_2022-10-20,2022-10-14,20000.0,18913.79,20000.0,SKIPPED_INSUFFICIENT_MARGIN
IRON_CONDOR,IRON_CONDOR_2022-10-21_2022-10-27,2022-10-21,20000.0,18913.79,20000.0,SKIPPED_INSUFFICIENT_MARGIN
IRON_CONDOR,IRON_CONDOR_2022-11-04_2022-11-10,2022-11-04,20000.0,18913.79,20000.0,SKIPPED_INSUFFICIENT_MARGIN
IRON_CONDOR,IRON_CONDOR_2022-11-25_2022-12-01,2022-11-25,20000.0,18913.79,20000.0,SKIPPED_INSUFFICIENT_MARGIN
IRON_CONDOR,IRON_CONDOR_2022-12-02_2022-12-08,2022-12-02,20000.0,18913.79,20000.0,SKIPPED_INSUFFICIENT_MARGIN
IRON_CONDOR,IRON_CONDOR_2022-12-09_2022-12-15,2022-12-09,20000.0,18913.79,20000.0,SKIPPED_INSUFFICIENT_MARGIN
IRON_CONDOR,IRON_CONDOR_2022-12-30_2023-01-05,2022-12-30,20000.0,18913.79,20000.0,SKIPPED_INSUFFICIENT_MARGIN
IRON_CONDOR,IRON_CONDOR_2023-01-27_2023-02-02,2023-01-27,20000.0,18913.79,20000.0,SKIPPED_INSUFFICIENT_MARGIN
IRON_CONDOR,IRON_CONDOR_2023-03-17_2023-03-23,2023-03-17,20000.0,18913.79,20000.0,SKIPPED_INSUFFICIENT_MARGIN
IRON_CONDOR,IRON_CONDOR_2023-05-12_2023-05-18,2023-05-12,20000.0,18913.79,20000.0,SKIPPED_INSUFFICIENT_MARGIN
IRON_CONDOR,IRON_CONDOR_2023-05-19_2023-05-25,2023-05-19,20000.0,18913.79,20000.0,SKIPPED_INSUFFICIENT_MARGIN
IRON_CONDOR,IRON_CONDOR_2023-06-09_2023-06-15,2023-06-09,20000.0,18913.79,20000.0,SKIPPED_INSUFFICIENT_MARGIN
IRON_CONDOR,IRON_CONDOR_2023-06-16_2023-06-22,2023-06-16,20000.0,18913.79,20000.0,SKIPPED_INSUFFICIENT_MARGIN
IRON_CONDOR,IRON_CONDOR_2023-08-04_2023-08-10,2023-08-04,20000.0,18913.79,20000.0,SKIPPED_INSUFFICIENT_MARGIN
IRON_CONDOR,IRON_CONDOR_2023-08-11_2023-08-17,2023-08-11,20000.0,18913.79,20000.0,SKIPPED_INSUFFICIENT_MARGIN
IRON_CONDOR,IRON_CONDOR_2023-08-25_2023-08-31,2023-08-25,20000.0,18913.79,20000.0,SKIPPED_INSUFFICIENT_MARGIN
IRON_CONDOR,IRON_CONDOR_2023-09-29_2023-10-05,2023-09-29,20000.0,18913.79,20000.0,SKIPPED_INSUFFICIENT_MARGIN
IRON_CONDOR,IRON_CONDOR_2023-10-20_2023-10-26,2023-10-20,20000.0,18913.79,20000.0,SKIPPED_INSUFFICIENT_MARGIN
IRON_CONDOR,IRON_CONDOR_2023-10-27_2023-11-02,2023-10-27,20000.0,18913.79,20000.0,SKIPPED_INSUFFICIENT_MARGIN
IRON_CONDOR,IRON_CONDOR_2023-11-03_2023-11-09,2023-11-03,20000.0,18913.79,20000.0,SKIPPED_INSUFFICIENT_MARGIN
IRON_CONDOR,IRON_CONDOR_2023-11-10_2023-11-16,2023-11-10,20000.0,18913.79,20000.0,SKIPPED_INSUFFICIENT_MARGIN
IRON_CONDOR,IRON_CONDOR_2023-12-01_2023-12-07,2023-12-01,20000.0,18913.79,20000.0,SKIPPED_INSUFFICIENT_MARGIN
IRON_CONDOR,IRON_CONDOR_2023-12-08_2023-12-14,2023-12-08,20000.0,18913.79,20000.0,SKIPPED_INSUFFICIENT_MARGIN
IRON_CONDOR,IRON_CONDOR_2023-12-29_2024-01-04,2023-12-29,20000.0,18913.79,20000.0,SKIPPED_INSUFFICIENT_MARGIN
IRON_CONDOR,IRON_CONDOR_2024-01-05_2024-01-11,2024-01-05,20000.0,18913.79,20000.0,SKIPPED_INSUFFICIENT_MARGIN
IRON_CONDOR,IRON_CONDOR_2024-01-12_2024-01-18,2024-01-12,20000.0,18913.79,20000.0,SKIPPED_INSUFFICIENT_MARGIN
IRON_CONDOR,IRON_CONDOR_2024-01-19_2024-01-25,2024-01-19,20000.0,18913.79,20000.0,SKIPPED_INSUFFICIENT_MARGIN
IRON_CONDOR,IRON_CONDOR_2024-01-29_2024-02-01,2024-01-29,20000.0,18913.79,20000.0,SKIPPED_INSUFFICIENT_MARGIN
IRON_CONDOR,IRON_CONDOR_2024-02-02_2024-02-08,2024-02-02,20000.0,18913.79,20000.0,SKIPPED_INSUFFICIENT_MARGIN
IRON_CONDOR,IRON_CONDOR_2024-02-09_2024-02-15,2024-02-09,20000.0,18913.79,20000.0,SKIPPED_INSUFFICIENT_MARGIN
IRON_CONDOR,IRON_CONDOR_2024-02-16_2024-02-22,2024-02-16,20000.0,18913.79,20000.0,SKIPPED_INSUFFICIENT_MARGIN
IRON_CONDOR,IRON_CONDOR_2024-02-23_2024-02-29,2024-02-23,20000.0,18913.79,20000.0,SKIPPED_INSUFFICIENT_MARGIN
IRON_CONDOR,IRON_CONDOR_2024-03-01_2024-03-07,2024-03-01,20000.0,18913.79,20000.0,SKIPPED_INSUFFICIENT_MARGIN
IRON_CONDOR,IRON_CONDOR_2024-03-11_2024-03-14,2024-03-11,20000.0,18913.79,20000.0,SKIPPED_INSUFFICIENT_MARGIN
IRON_CONDOR,IRON_CONDOR_2024-03-15_2024-03-21,2024-03-15,20000.0,18913.79,20000.0,SKIPPED_INSUFFICIENT_MARGIN
IRON_CONDOR,IRON_CONDOR_2024-03-22_2024-03-28,2024-03-22,20000.0,18913.79,20000.0,SKIPPED_INSUFFICIENT_MARGIN
IRON_CONDOR,IRON_CONDOR_2024-04-01_2024-04-04,2024-04-01,20000.0,18913.79,20000.0,SKIPPED_INSUFFICIENT_MARGIN
IRON_CONDOR,IRON_CONDOR_2024-04-05_2024-04-10,2024-04-05,20000.0,18913.79,20000.0,SKIPPED_INSUFFICIENT_MARGIN
IRON_CONDOR,IRON_CONDOR_2024-04-12_2024-04-18,2024-04-12,20000.0,18913.79,20000.0,SKIPPED_INSUFFICIENT_MARGIN
IRON_CONDOR,IRON_CONDOR_2024-04-19_2024-04-25,2024-04-19,20000.0,18913.79,20000.0,SKIPPED_INSUFFICIENT_MARGIN
IRON_CONDOR,IRON_CONDOR_2024-04-26_2024-05-02,2024-04-26,20000.0,18913.79,20000.0,SKIPPED_INSUFFICIENT_MARGIN
IRON_CONDOR,IRON_CONDOR_2024-05-03_2024-05-09,2024-05-03,20000.0,18913.79,20000.0,SKIPPED_INSUFFICIENT_MARGIN
IRON_CONDOR,IRON_CONDOR_2024-05-10_2024-05-16,2024-05-10,20000.0,18913.79,20000.0,SKIPPED_INSUFFICIENT_MARGIN
IRON_CONDOR,IRON_CONDOR_2024-05-17_2024-05-23,2024-05-17,20000.0,18913.79,20000.0,SKIPPED_INSUFFICIENT_MARGIN
IRON_CONDOR,IRON_CONDOR_2024-05-24_2024-05-30,2024-05-24,20000.0,18913.79,20000.0,SKIPPED_INSUFFICIENT_MARGIN
IRON_CONDOR,IRON_CONDOR_2024-05-31_2024-06-06,2024-05-31,20000.0,18913.79,20000.0,SKIPPED_INSUFFICIENT_MARGIN
IRON_CONDOR,IRON_CONDOR_2024-06-07_2024-06-13,2024-06-07,20000.0,18913.79,20000.0,SKIPPED_INSUFFICIENT_MARGIN
IRON_CONDOR,IRON_CONDOR_2024-06-14_2024-06-20,2024-06-14,20000.0,18913.79,20000.0,SKIPPED_INSUFFICIENT_MARGIN
IRON_CONDOR,IRON_CONDOR_2024-06-21_2024-06-27,2024-06-21,20000.0,18913.79,20000.0,SKIPPED_INSUFFICIENT_MARGIN
IRON_CONDOR,IRON_CONDOR_2024-06-28_2024-07-04,2024-06-28,20000.0,18913.79,20000.0,SKIPPED_INSUFFICIENT_MARGIN
IRON_CONDOR,IRON_CONDOR_2024-07-05_2024-07-11,2024-07-05,20000.0,18913.79,20000.0,SKIPPED_INSUFFICIENT_MARGIN
IRON_CONDOR,IRON_CONDOR_2024-07-12_2024-07-18,2024-07-12,20000.0,18913.79,20000.0,SKIPPED_INSUFFICIENT_MARGIN
IRON_CONDOR,IRON_CONDOR_2024-07-19_2024-07-25,2024-07-19,20000.0,18913.79,20000.0,SKIPPED_INSUFFICIENT_MARGIN
IRON_CONDOR,IRON_CONDOR_2024-07-26_2024-08-01,2024-07-26,20000.0,18913.79,20000.0,SKIPPED_INSUFFICIENT_MARGIN
IRON_CONDOR,IRON_CONDOR_2024-08-02_2024-08-08,2024-08-02,20000.0,18913.79,20000.0,SKIPPED_INSUFFICIENT_MARGIN
IRON_CONDOR,IRON_CONDOR_2024-08-09_2024-08-14,2024-08-09,20000.0,18913.79,20000.0,SKIPPED_INSUFFICIENT_MARGIN
IRON_CONDOR,IRON_CONDOR_2024-08-16_2024-08-22,2024-08-16,20000.0,18913.79,20000.0,SKIPPED_INSUFFICIENT_MARGIN
IRON_CONDOR,IRON_CONDOR_2024-08-23_2024-08-29,2024-08-23,20000.0,18913.79,20000.0,SKIPPED_INSUFFICIENT_MARGIN
IRON_CONDOR,IRON_CONDOR_2024-08-30_2024-09-05,2024-08-30,20000.0,18913.79,20000.0,SKIPPED_INSUFFICIENT_MARGIN
IRON_CONDOR,IRON_CONDOR_2024-09-06_2024-09-12,2024-09-06,20000.0,18913.79,20000.0,SKIPPED_INSUFFICIENT_MARGIN
IRON_CONDOR,IRON_CONDOR_2024-09-13_2024-09-19,2024-09-13,20000.0,18913.79,20000.0,SKIPPED_INSUFFICIENT_MARGIN
IRON_CONDOR,IRON_CONDOR_2024-09-20_2024-09-26,2024-09-20,20000.0,18913.79,20000.0,SKIPPED_INSUFFICIENT_MARGIN
IRON_CONDOR,IRON_CONDOR_2024-09-27_2024-10-03,2024-09-27,20000.0,18913.79,20000.0,SKIPPED_INSUFFICIENT_MARGIN
IRON_CONDOR,IRON_CONDOR_2024-10-04_2024-10-10,2024-10-04,20000.0,18913.79,20000.0,SKIPPED_INSUFFICIENT_MARGIN
IRON_CONDOR,IRON_CONDOR_2024-10-11_2024-10-17,2024-10-11,20000.0,18913.79,20000.0,SKIPPED_INSUFFICIENT_MARGIN
IRON_CONDOR,IRON_CONDOR_2024-10-18_2024-10-24,2024-10-18,20000.0,18913.79,20000.0,SKIPPED_INSUFFICIENT_MARGIN
IRON_CONDOR,IRON_CONDOR_2024-10-25_2024-10-31,2024-10-25,20000.0,18913.79,20000.0,SKIPPED_INSUFFICIENT_MARGIN
IRON_CONDOR,IRON_CONDOR_2024-11-01_2024-11-07,2024-11-01,20000.0,18913.79,20000.0,SKIPPED_INSUFFICIENT_MARGIN
IRON_CONDOR,IRON_CONDOR_2024-11-08_2024-11-14,2024-11-08,20000.0,18913.79,20000.0,SKIPPED_INSUFFICIENT_MARGIN
IRON_CONDOR,IRON_CONDOR_2024-11-18_2024-11-21,2024-11-18,20000.0,18913.79,20000.0,SKIPPED_INSUFFICIENT_MARGIN
IRON_CONDOR,IRON_CONDOR_2024-11-22_2024-11-28,2024-11-22,20000.0,18913.79,20000.0,SKIPPED_INSUFFICIENT_MARGIN
IRON_CONDOR,IRON_CONDOR_2024-11-29_2024-12-05,2024-11-29,20000.0,18913.79,20000.0,SKIPPED_INSUFFICIENT_MARGIN
IRON_CONDOR,IRON_CONDOR_2024-12-06_2024-12-12,2024-12-06,20000.0,18913.79,20000.0,SKIPPED_INSUFFICIENT_MARGIN
IRON_CONDOR,IRON_CONDOR_2024-12-13_2024-12-19,2024-12-13,20000.0,18913.79,20000.0,SKIPPED_INSUFFICIENT_MARGIN
IRON_CONDOR,IRON_CONDOR_2024-12-20_2024-12-26,2024-12-20,20000.0,18913.79,20000.0,SKIPPED_INSUFFICIENT_MARGIN
IRON_CONDOR,IRON_CONDOR_2024-12-27_2025-01-02,2024-12-27,20000.0,18913.79,20000.0,SKIPPED_INSUFFICIENT_MARGIN
IRON_CONDOR,IRON_CONDOR_2025-01-03_2025-01-09,2025-01-03,20000.0,18913.79,20000.0,SKIPPED_INSUFFICIENT_MARGIN
IRON_CONDOR,IRON_CONDOR_2025-01-10_2025-01-16,2025-01-10,20000.0,18913.79,20000.0,SKIPPED_INSUFFICIENT_MARGIN
IRON_CONDOR,IRON_CONDOR_2025-01-17_2025-01-23,2025-01-17,20000.0,18913.79,20000.0,SKIPPED_INSUFFICIENT_MARGIN
IRON_CONDOR,IRON_CONDOR_2025-01-24_2025-01-30,2025-01-24,20000.0,18913.79,20000.0,SKIPPED_INSUFFICIENT_MARGIN
IRON_CONDOR,IRON_CONDOR_2025-01-31_2025-02-06,2025-01-31,20000.0,18913.79,20000.0,SKIPPED_INSUFFICIENT_MARGIN
IRON_CONDOR,IRON_CONDOR_2025-02-07_2025-02-13,2025-02-07,20000.0,18913.79,20000.0,SKIPPED_INSUFFICIENT_MARGIN
IRON_CONDOR,IRON_CONDOR_2025-02-14_2025-02-20,2025-02-14,20000.0,18913.79,20000.0,SKIPPED_INSUFFICIENT_MARGIN
IRON_CONDOR,IRON_CONDOR_2025-02-21_2025-02-27,2025-02-21,20000.0,18913.79,20000.0,SKIPPED_INSUFFICIENT_MARGIN
IRON_CONDOR,IRON_CONDOR_2025-02-28_2025-03-06,2025-02-28,20000.0,18913.79,20000.0,SKIPPED_INSUFFICIENT_MARGIN
IRON_CONDOR,IRON_CONDOR_2025-03-07_2025-03-13,2025-03-07,20000.0,18913.79,20000.0,SKIPPED_INSUFFICIENT_MARGIN
IRON_CONDOR,IRON_CONDOR_2025-03-17_2025-03-20,2025-03-17,20000.0,18913.79,20000.0,SKIPPED_INSUFFICIENT_MARGIN
IRON_CONDOR,IRON_CONDOR_2025-03-21_2025-03-27,2025-03-21,20000.0,18913.79,20000.0,SKIPPED_INSUFFICIENT_MARGIN
IRON_CONDOR,IRON_CONDOR_2025-03-28_2025-04-03,2025-03-28,20000.0,18913.79,20000.0,SKIPPED_INSUFFICIENT_MARGIN
IRON_CONDOR,IRON_CONDOR_2025-04-04_2025-04-09,2025-04-04,20000.0,18913.79,20000.0,SKIPPED_INSUFFICIENT_MARGIN
IRON_CONDOR,IRON_CONDOR_2025-04-11_2025-04-17,2025-04-11,20000.0,18913.79,20000.0,SKIPPED_INSUFFICIENT_MARGIN
IRON_CONDOR,IRON_CONDOR_2025-04-21_2025-04-24,2025-04-21,20000.0,18913.79,20000.0,SKIPPED_INSUFFICIENT_MARGIN
IRON_CONDOR,IRON_CONDOR_2025-04-25_2025-04-30,2025-04-25,20000.0,18913.79,20000.0,SKIPPED_INSUFFICIENT_MARGIN
IRON_CONDOR,IRON_CONDOR_2025-05-02_2025-05-08,2025-05-02,20000.0,18913.79,20000.0,SKIPPED_INSUFFICIENT_MARGIN
IRON_CONDOR,IRON_CONDOR_2025-05-09_2025-05-15,2025-05-09,20000.0,18913.79,20000.0,SKIPPED_INSUFFICIENT_MARGIN
IRON_CONDOR,IRON_CONDOR_2025-05-16_2025-05-22,2025-05-16,20000.0,18913.79,20000.0,SKIPPED_INSUFFICIENT_MARGIN
IRON_CONDOR,IRON_CONDOR_2025-05-23_2025-05-29,2025-05-23,20000.0,18913.79,20000.0,SKIPPED_INSUFFICIENT_MARGIN
IRON_CONDOR,IRON_CONDOR_2025-05-30_2025-06-05,2025-05-30,20000.0,18913.79,20000.0,SKIPPED_INSUFFICIENT_MARGIN
IRON_CONDOR,IRON_CONDOR_2025-06-06_2025-06-12,2025-06-06,20000.0,18913.79,20000.0,SKIPPED_INSUFFICIENT_MARGIN
IRON_CONDOR,IRON_CONDOR_2025-06-13_2025-06-19,2025-06-13,20000.0,18913.79,20000.0,SKIPPED_INSUFFICIENT_MARGIN
IRON_CONDOR,IRON_CONDOR_2025-06-20_2025-06-26,2025-06-20,20000.0,18913.79,20000.0,SKIPPED_INSUFFICIENT_MARGIN
IRON_CONDOR,IRON_CONDOR_2025-06-27_2025-07-03,2025-06-27,20000.0,18913.79,20000.0,SKIPPED_INSUFFICIENT_MARGIN
IRON_CONDOR,IRON_CONDOR_2025-07-04_2025-07-10,2025-07-04,20000.0,18913.79,20000.0,SKIPPED_INSUFFICIENT_MARGIN
IRON_CONDOR,IRON_CONDOR_2025-07-11_2025-07-17,2025-07-11,20000.0,18913.79,20000.0,SKIPPED_INSUFFICIENT_MARGIN
IRON_CONDOR,IRON_CONDOR_2025-07-18_2025-07-24,2025-07-18,20000.0,18913.79,20000.0,SKIPPED_INSUFFICIENT_MARGIN
IRON_CONDOR,IRON_CONDOR_2025-07-25_2025-07-31,2025-07-25,20000.0,18913.79,20000.0,SKIPPED_INSUFFICIENT_MARGIN
IRON_CONDOR,IRON_CONDOR_2025-08-01_2025-08-07,2025-08-01,20000.0,18913.79,20000.0,SKIPPED_INSUFFICIENT_MARGIN
IRON_CONDOR,IRON_CONDOR_2025-08-08_2025-08-14,2025-08-08,20000.0,18913.79,20000.0,SKIPPED_INSUFFICIENT_MARGIN
IRON_CONDOR,IRON_CONDOR_2025-08-18_2025-08-21,2025-08-18,20000.0,18913.79,20000.0,SKIPPED_INSUFFICIENT_MARGIN
IRON_CONDOR,IRON_CONDOR_2025-08-22_2025-08-28,2025-08-22,20000.0,18913.79,20000.0,SKIPPED_INSUFFICIENT_MARGIN
IRON_CONDOR,IRON_CONDOR_2025-08-29_2025-09-02,2025-08-29,20000.0,18913.79,20000.0,SKIPPED_INSUFFICIENT_MARGIN
IRON_CONDOR,IRON_CONDOR_2025-09-03_2025-09-09,2025-09-03,20000.0,18913.79,20000.0,SKIPPED_INSUFFICIENT_MARGIN
IRON_CONDOR,IRON_CONDOR_2025-09-10_2025-09-16,2025-09-10,20000.0,18913.79,20000.0,SKIPPED_INSUFFICIENT_MARGIN
IRON_CONDOR,IRON_CONDOR_2025-09-17_2025-09-23,2025-09-17,20000.0,18913.79,20000.0,SKIPPED_INSUFFICIENT_MARGIN
IRON_CONDOR,IRON_CONDOR_2025-09-26_2025-09-30,2025-09-26,20000.0,18913.79,20000.0,SKIPPED_INSUFFICIENT_MARGIN
IRON_CONDOR,IRON_CONDOR_2025-10-01_2025-10-07,2025-10-01,20000.0,18913.79,20000.0,SKIPPED_INSUFFICIENT_MARGIN
IRON_CONDOR,IRON_CONDOR_2025-10-08_2025-10-14,2025-10-08,20000.0,18913.79,20000.0,SKIPPED_INSUFFICIENT_MARGIN
IRON_CONDOR,IRON_CONDOR_2025-10-15_2025-10-20,2025-10-15,20000.0,18913.79,20000.0,SKIPPED_INSUFFICIENT_MARGIN
IRON_CONDOR,IRON_CONDOR_2025-10-21_2025-10-28,2025-10-21,20000.0,18913.79,20000.0,SKIPPED_INSUFFICIENT_MARGIN
IRON_CONDOR,IRON_CONDOR_2025-10-29_2025-11-04,2025-10-29,20000.0,18913.79,20000.0,SKIPPED_INSUFFICIENT_MARGIN
IRON_CONDOR,IRON_CONDOR_2025-11-06_2025-11-11,2025-11-06,20000.0,18913.79,20000.0,SKIPPED_INSUFFICIENT_MARGIN
IRON_CONDOR,IRON_CONDOR_2025-11-12_2025-11-18,2025-11-12,20000.0,18913.79,20000.0,SKIPPED_INSUFFICIENT_MARGIN
IRON_CONDOR,IRON_CONDOR_2025-11-19_2025-11-25,2025-11-19,20000.0,18913.79,20000.0,SKIPPED_INSUFFICIENT_MARGIN
IRON_CONDOR,IRON_CONDOR_2025-11-26_2025-12-02,2025-11-26,20000.0,18913.79,20000.0,SKIPPED_INSUFFICIENT_MARGIN
IRON_CONDOR,IRON_CONDOR_2025-12-03_2025-12-09,2025-12-03,20000.0,18913.79,20000.0,SKIPPED_INSUFFICIENT_MARGIN
IRON_CONDOR,IRON_CONDOR_2025-12-10_2025-12-16,2025-12-10,20000.0,18913.79,20000.0,SKIPPED_INSUFFICIENT_MARGIN
IRON_CONDOR,IRON_CONDOR_2025-12-17_2025-12-23,2025-12-17,20000.0,18913.79,20000.0,SKIPPED_INSUFFICIENT_MARGIN
IRON_CONDOR,IRON_CONDOR_2025-12-26_2025-12-30,2025-12-26,20000.0,18913.79,20000.0,SKIPPED_INSUFFICIENT_MARGIN
IRON_CONDOR,IRON_CONDOR_2025-12-31_2026-01-06,2025-12-31,20000.0,18913.79,20000.0,SKIPPED_INSUFFICIENT_MARGIN
IRON_CONDOR,IRON_CONDOR_2026-01-07_2026-01-13,2026-01-07,20000.0,18913.79,20000.0,SKIPPED_INSUFFICIENT_MARGIN
IRON_CONDOR,IRON_CONDOR_2026-01-14_2026-01-20,2026-01-14,20000.0,18913.79,20000.0,SKIPPED_INSUFFICIENT_MARGIN
IRON_CONDOR,IRON_CONDOR_2026-01-21_2026-01-27,2026-01-21,20000.0,18913.79,20000.0,SKIPPED_INSUFFICIENT_MARGIN
IRON_CONDOR,IRON_CONDOR_2026-01-28_2026-02-03,2026-01-28,20000.0,18913.79,20000.0,SKIPPED_INSUFFICIENT_MARGIN
IRON_CONDOR,IRON_CONDOR_2026-02-04_2026-02-10,2026-02-04,20000.0,18913.79,20000.0,SKIPPED_INSUFFICIENT_MARGIN
IRON_CONDOR,IRON_CONDOR_2026-02-11_2026-02-17,2026-02-11,20000.0,18913.79,20000.0,SKIPPED_INSUFFICIENT_MARGIN
IRON_CONDOR,IRON_CONDOR_2026-02-18_2026-02-24,2026-02-18,20000.0,18913.79,20000.0,SKIPPED_INSUFFICIENT_MARGIN
IRON_CONDOR,IRON_CONDOR_2026-02-25_2026-03-02,2026-02-25,20000.0,18913.79,20000.0,SKIPPED_INSUFFICIENT_MARGIN
IRON_CONDOR,IRON_CONDOR_2026-03-04_2026-03-10,2026-03-04,20000.0,18913.79,20000.0,SKIPPED_INSUFFICIENT_MARGIN
IRON_CONDOR,IRON_CONDOR_2026-03-11_2026-03-17,2026-03-11,20000.0,18913.79,20000.0,SKIPPED_INSUFFICIENT_MARGIN
IRON_CONDOR,IRON_CONDOR_2026-03-18_2026-03-24,2026-03-18,20000.0,18913.79,20000.0,SKIPPED_INSUFFICIENT_MARGIN
IRON_CONDOR,IRON_CONDOR_2026-03-27_2026-03-30,2026-03-27,20000.0,18913.79,20000.0,SKIPPED_INSUFFICIENT_MARGIN
IRON_CONDOR,IRON_CONDOR_2026-04-01_2026-04-07,2026-04-01,20000.0,18913.79,20000.0,SKIPPED_INSUFFICIENT_MARGIN
IRON_CONDOR,IRON_CONDOR_2026-04-08_2026-04-13,2026-04-08,20000.0,18913.79,20000.0,SKIPPED_INSUFFICIENT_MARGIN
IRON_CONDOR,IRON_CONDOR_2026-04-15_2026-04-21,2026-04-15,20000.0,18913.79,20000.0,SKIPPED_INSUFFICIENT_MARGIN
IRON_CONDOR,IRON_CONDOR_2026-04-22_2026-04-28,2026-04-22,20000.0,18913.79,20000.0,SKIPPED_INSUFFICIENT_MARGIN
IRON_CONDOR,IRON_CONDOR_2026-04-29_2026-05-05,2026-04-29,20000.0,18913.79,20000.0,SKIPPED_INSUFFICIENT_MARGIN
IRON_CONDOR,IRON_CONDOR_2026-05-06_2026-05-12,2026-05-06,20000.0,18913.79,20000.0,SKIPPED_INSUFFICIENT_MARGIN
IRON_CONDOR,IRON_CONDOR_2026-05-13_2026-05-19,2026-05-13,20000.0,18913.79,20000.0,SKIPPED_INSUFFICIENT_MARGIN
IRON_CONDOR,IRON_CONDOR_2026-05-20_2026-05-26,2026-05-20,20000.0,18913.79,20000.0,SKIPPED_INSUFFICIENT_MARGIN
IRON_CONDOR,IRON_CONDOR_2026-05-27_2026-06-02,2026-05-27,20000.0,18913.79,20000.0,SKIPPED_INSUFFICIENT_MARGIN
IRON_CONDOR,IRON_CONDOR_2026-06-03_2026-06-09,2026-06-03,20000.0,18913.79,20000.0,SKIPPED_INSUFFICIENT_MARGIN
IRON_CONDOR,IRON_CONDOR_2026-06-10_2026-06-16,2026-06-10,20000.0,18913.79,20000.0,SKIPPED_INSUFFICIENT_MARGIN
IRON_CONDOR,IRON_CONDOR_2026-06-17_2026-06-23,2026-06-17,20000.0,18913.79,20000.0,SKIPPED_INSUFFICIENT_MARGIN
IRON_CONDOR,IRON_CONDOR_2026-06-29_2026-06-30,2026-06-29,20000.0,18913.79,20000.0,SKIPPED_INSUFFICIENT_MARGIN
IRON_CONDOR,IRON_CONDOR_2026-07-01_2026-07-07,2026-07-01,20000.0,18913.79,20000.0,SKIPPED_INSUFFICIENT_MARGIN
IRON_CONDOR,IRON_CONDOR_2026-07-08_2026-07-14,2026-07-08,20000.0,18913.79,20000.0,SKIPPED_INSUFFICIENT_MARGIN
IRON_CONDOR,IRON_CONDOR_2026-07-15_2026-07-21,2026-07-15,20000.0,18913.79,20000.0,SKIPPED_INSUFFICIENT_MARGIN
IRON_CONDOR,IRON_CONDOR_2026-07-22_2026-07-28,2026-07-22,20000.0,18913.79,20000.0,SKIPPED_INSUFFICIENT_MARGIN
IRON_CONDOR,IRON_CONDOR_2026-07-29_2026-08-04,2026-07-29,20000.0,18913.79,20000.0,SKIPPED_INSUFFICIENT_MARGIN
IRON_CONDOR,IRON_CONDOR_2026-08-05_2026-08-11,2026-08-05,20000.0,18913.79,20000.0,SKIPPED_INSUFFICIENT_MARGIN
IRON_CONDOR,IRON_CONDOR_2026-08-12_2026-08-18,2026-08-12,20000.0,18913.79,20000.0,SKIPPED_INSUFFICIENT_MARGIN
IRON_CONDOR,IRON_CONDOR_2026-08-19_2026-08-25,2026-08-19,20000.0,18913.79,20000.0,SKIPPED_INSUFFICIENT_MARGIN
IRON_CONDOR,IRON_CONDOR_2026-08-26_2026-09-01,2026-08-26,20000.0,18913.79,20000.0,SKIPPED_INSUFFICIENT_MARGIN
IRON_CONDOR,IRON_CONDOR_2026-09-02_2026-09-08,2026-09-02,20000.0,18913.79,20000.0,SKIPPED_INSUFFICIENT_MARGIN
IRON_CONDOR,IRON_CONDOR_2026-09-09_2026-09-15,2026-09-09,20000.0,18913.79,20000.0,SKIPPED_INSUFFICIENT_MARGIN
IRON_CONDOR,IRON_CONDOR_2020-03-20_2020-03-26,2020-03-20,50000.0,31526.020000000004,343607.0624999999,SKIPPED_INSUFFICIENT_MARGIN
IRON_CONDOR,IRON_CONDOR_2020-09-25_2020-10-01,2020-09-25,50000.0,16328.35,20000.0,SKIPPED_INSUFFICIENT_MARGIN
IRON_CONDOR,IRON_CONDOR_2020-10-05_2020-10-08,2020-10-05,50000.0,16328.35,20000.0,SKIPPED_INSUFFICIENT_MARGIN
IRON_CONDOR,IRON_CONDOR_2020-10-23_2020-10-29,2020-10-23,50000.0,16328.35,20000.0,SKIPPED_INSUFFICIENT_MARGIN
IRON_CONDOR,IRON_CONDOR_2020-10-30_2020-11-05,2020-10-30,50000.0,16328.35,20000.0,SKIPPED_INSUFFICIENT_MARGIN
IRON_CONDOR,IRON_CONDOR_2020-11-27_2020-12-03,2020-11-27,50000.0,16328.35,20000.0,SKIPPED_INSUFFICIENT_MARGIN
IRON_CONDOR,IRON_CONDOR_2020-12-11_2020-12-17,2020-12-11,50000.0,16328.35,20000.0,SKIPPED_INSUFFICIENT_MARGIN
IRON_CONDOR,IRON_CONDOR_2020-12-18_2020-12-24,2020-12-18,50000.0,16328.35,20000.0,SKIPPED_INSUFFICIENT_MARGIN
IRON_CONDOR,IRON_CONDOR_2021-01-29_2021-02-04,2021-01-29,50000.0,16328.35,23253.00000000001,SKIPPED_INSUFFICIENT_MARGIN
IRON_CONDOR,IRON_CONDOR_2021-02-05_2021-02-11,2021-02-05,50000.0,16328.35,20000.0,SKIPPED_INSUFFICIENT_MARGIN
IRON_CONDOR,IRON_CONDOR_2021-03-05_2021-03-10,2021-03-05,50000.0,16328.35,20000.0,SKIPPED_INSUFFICIENT_MARGIN
IRON_CONDOR,IRON_CONDOR_2021-03-12_2021-03-18,2021-03-12,50000.0,16328.35,20000.0,SKIPPED_INSUFFICIENT_MARGIN
IRON_CONDOR,IRON_CONDOR_2021-03-26_2021-04-01,2021-03-26,50000.0,16328.35,20000.0,SKIPPED_INSUFFICIENT_MARGIN
IRON_CONDOR,IRON_CONDOR_2021-04-05_2021-04-08,2021-04-05,50000.0,16328.35,20000.0,SKIPPED_INSUFFICIENT_MARGIN
IRON_CONDOR,IRON_CONDOR_2021-04-09_2021-04-15,2021-04-09,50000.0,16328.35,20000.0,SKIPPED_INSUFFICIENT_MARGIN
IRON_CONDOR,IRON_CONDOR_2021-04-16_2021-04-22,2021-04-16,50000.0,16328.35,20000.0,SKIPPED_INSUFFICIENT_MARGIN
IRON_CONDOR,IRON_CONDOR_2021-04-23_2021-04-29,2021-04-23,50000.0,16328.35,20000.0,SKIPPED_INSUFFICIENT_MARGIN
IRON_CONDOR,IRON_CONDOR_2021-04-30_2021-05-06,2021-04-30,50000.0,16328.35,20000.0,SKIPPED_INSUFFICIENT_MARGIN
IRON_CONDOR,IRON_CONDOR_2021-05-14_2021-05-20,2021-05-14,50000.0,16328.35,20000.0,SKIPPED_INSUFFICIENT_MARGIN
IRON_CONDOR,IRON_CONDOR_2021-05-21_2021-05-27,2021-05-21,50000.0,16328.35,20000.0,SKIPPED_INSUFFICIENT_MARGIN
IRON_CONDOR,IRON_CONDOR_2021-06-04_2021-06-10,2021-06-04,50000.0,16328.35,20000.0,SKIPPED_INSUFFICIENT_MARGIN
IRON_CONDOR,IRON_CONDOR_2021-06-11_2021-06-17,2021-06-11,50000.0,16328.35,20000.0,SKIPPED_INSUFFICIENT_MARGIN
IRON_CONDOR,IRON_CONDOR_2021-06-18_2021-06-24,2021-06-18,50000.0,16328.35,20000.0,SKIPPED_INSUFFICIENT_MARGIN
IRON_CONDOR,IRON_CONDOR_2021-06-25_2021-07-01,2021-06-25,50000.0,16328.35,20000.0,SKIPPED_INSUFFICIENT_MARGIN
IRON_CONDOR,IRON_CONDOR_2021-07-02_2021-07-08,2021-07-02,50000.0,16328.35,20000.0,SKIPPED_INSUFFICIENT_MARGIN
IRON_CONDOR,IRON_CONDOR_2021-07-09_2021-07-15,2021-07-09,50000.0,16328.35,20000.0,SKIPPED_INSUFFICIENT_MARGIN
IRON_CONDOR,IRON_CONDOR_2021-07-16_2021-07-22,2021-07-16,50000.0,16328.35,20000.0,SKIPPED_INSUFFICIENT_MARGIN
IRON_CONDOR,IRON_CONDOR_2021-07-23_2021-07-29,2021-07-23,50000.0,16328.35,20000.0,SKIPPED_INSUFFICIENT_MARGIN
IRON_CONDOR,IRON_CONDOR_2021-08-20_2021-08-26,2021-08-20,50000.0,16328.35,20000.0,SKIPPED_INSUFFICIENT_MARGIN
IRON_CONDOR,IRON_CONDOR_2021-08-27_2021-09-02,2021-08-27,50000.0,16328.35,20000.0,SKIPPED_INSUFFICIENT_MARGIN
IRON_CONDOR,IRON_CONDOR_2021-09-03_2021-09-09,2021-09-03,50000.0,16328.35,20000.0,SKIPPED_INSUFFICIENT_MARGIN
IRON_CONDOR,IRON_CONDOR_2021-09-13_2021-09-16,2021-09-13,50000.0,16328.35,20000.0,SKIPPED_INSUFFICIENT_MARGIN
IRON_CONDOR,IRON_CONDOR_2021-09-17_2021-09-23,2021-09-17,50000.0,16328.35,20000.0,SKIPPED_INSUFFICIENT_MARGIN
IRON_CONDOR,IRON_CONDOR_2021-09-24_2021-09-30,2021-09-24,50000.0,16328.35,108016.62500000001,SKIPPED_INSUFFICIENT_MARGIN
IRON_CONDOR,IRON_CONDOR_2021-10-01_2021-10-07,2021-10-01,50000.0,16328.35,20000.0,SKIPPED_INSUFFICIENT_MARGIN
IRON_CONDOR,IRON_CONDOR_2021-10-22_2021-10-28,2021-10-22,50000.0,16328.35,20000.0,SKIPPED_INSUFFICIENT_MARGIN
IRON_CONDOR,IRON_CONDOR_2021-10-29_2021-11-03,2021-10-29,50000.0,16328.35,20000.0,SKIPPED_INSUFFICIENT_MARGIN
IRON_CONDOR,IRON_CONDOR_2021-11-04_2021-11-11,2021-11-04,50000.0,16328.35,20000.0,SKIPPED_INSUFFICIENT_MARGIN
IRON_CONDOR,IRON_CONDOR_2021-11-12_2021-11-18,2021-11-12,50000.0,16328.35,20000.0,SKIPPED_INSUFFICIENT_MARGIN
IRON_CONDOR,IRON_CONDOR_2021-12-03_2021-12-09,2021-12-03,50000.0,16328.35,20000.0,SKIPPED_INSUFFICIENT_MARGIN
IRON_CONDOR,IRON_CONDOR_2021-12-10_2021-12-16,2021-12-10,50000.0,16328.35,20000.0,SKIPPED_INSUFFICIENT_MARGIN
IRON_CONDOR,IRON_CONDOR_2021-12-17_2021-12-23,2021-12-17,50000.0,16328.35,20000.0,SKIPPED_INSUFFICIENT_MARGIN
IRON_CONDOR,IRON_CONDOR_2021-12-24_2021-12-30,2021-12-24,50000.0,16328.35,20000.0,SKIPPED_INSUFFICIENT_MARGIN
IRON_CONDOR,IRON_CONDOR_2021-12-31_2022-01-06,2021-12-31,50000.0,16328.35,20000.0,SKIPPED_INSUFFICIENT_MARGIN
IRON_CONDOR,IRON_CONDOR_2022-01-07_2022-01-13,2022-01-07,50000.0,16328.35,20000.0,SKIPPED_INSUFFICIENT_MARGIN
IRON_CONDOR,IRON_CONDOR_2022-01-28_2022-02-03,2022-01-28,50000.0,16328.35,20000.0,SKIPPED_INSUFFICIENT_MARGIN
IRON_CONDOR,IRON_CONDOR_2022-02-11_2022-02-17,2022-02-11,50000.0,16328.35,20000.0,SKIPPED_INSUFFICIENT_MARGIN
IRON_CONDOR,IRON_CONDOR_2022-02-18_2022-02-24,2022-02-18,50000.0,16328.35,20000.0,SKIPPED_INSUFFICIENT_MARGIN
IRON_CONDOR,IRON_CONDOR_2022-03-04_2022-03-10,2022-03-04,50000.0,16328.35,20000.0,SKIPPED_INSUFFICIENT_MARGIN
IRON_CONDOR,IRON_CONDOR_2022-03-11_2022-03-17,2022-03-11,50000.0,16328.35,20000.0,SKIPPED_INSUFFICIENT_MARGIN
IRON_CONDOR,IRON_CONDOR_2022-03-21_2022-03-24,2022-03-21,50000.0,16328.35,20000.0,SKIPPED_INSUFFICIENT_MARGIN
IRON_CONDOR,IRON_CONDOR_2022-03-25_2022-03-31,2022-03-25,50000.0,16328.35,20000.0,SKIPPED_INSUFFICIENT_MARGIN
IRON_CONDOR,IRON_CONDOR_2022-04-01_2022-04-07,2022-04-01,50000.0,16328.35,61326.62499999998,SKIPPED_INSUFFICIENT_MARGIN
IRON_CONDOR,IRON_CONDOR_2022-04-08_2022-04-13,2022-04-08,50000.0,16328.35,20000.0,SKIPPED_INSUFFICIENT_MARGIN
IRON_CONDOR,IRON_CONDOR_2022-04-29_2022-05-05,2022-04-29,50000.0,16328.35,20000.0,SKIPPED_INSUFFICIENT_MARGIN
IRON_CONDOR,IRON_CONDOR_2022-05-06_2022-05-12,2022-05-06,50000.0,16328.35,20000.0,SKIPPED_INSUFFICIENT_MARGIN
IRON_CONDOR,IRON_CONDOR_2022-05-27_2022-06-02,2022-05-27,50000.0,16328.35,20000.0,SKIPPED_INSUFFICIENT_MARGIN
IRON_CONDOR,IRON_CONDOR_2022-06-03_2022-06-09,2022-06-03,50000.0,16328.35,27004.875000000004,SKIPPED_INSUFFICIENT_MARGIN
IRON_CONDOR,IRON_CONDOR_2022-06-10_2022-06-16,2022-06-10,50000.0,16328.35,20000.0,SKIPPED_INSUFFICIENT_MARGIN
IRON_CONDOR,IRON_CONDOR_2022-06-17_2022-06-23,2022-06-17,50000.0,16328.35,20000.0,SKIPPED_INSUFFICIENT_MARGIN
IRON_CONDOR,IRON_CONDOR_2022-07-22_2022-07-28,2022-07-22,50000.0,16328.35,20000.0,SKIPPED_INSUFFICIENT_MARGIN
IRON_CONDOR,IRON_CONDOR_2022-08-05_2022-08-11,2022-08-05,50000.0,16328.35,20000.0,SKIPPED_INSUFFICIENT_MARGIN
IRON_CONDOR,IRON_CONDOR_2022-08-19_2022-08-25,2022-08-19,50000.0,16328.35,20000.0,SKIPPED_INSUFFICIENT_MARGIN
IRON_CONDOR,IRON_CONDOR_2022-09-09_2022-09-15,2022-09-09,50000.0,16328.35,20000.0,SKIPPED_INSUFFICIENT_MARGIN
IRON_CONDOR,IRON_CONDOR_2022-09-16_2022-09-22,2022-09-16,50000.0,16328.35,20000.0,SKIPPED_INSUFFICIENT_MARGIN
IRON_CONDOR,IRON_CONDOR_2022-09-30_2022-10-06,2022-09-30,50000.0,16328.35,20000.0,SKIPPED_INSUFFICIENT_MARGIN
IRON_CONDOR,IRON_CONDOR_2022-10-14_2022-10-20,2022-10-14,50000.0,16328.35,20000.0,SKIPPED_INSUFFICIENT_MARGIN
IRON_CONDOR,IRON_CONDOR_2022-10-21_2022-10-27,2022-10-21,50000.0,16328.35,20000.0,SKIPPED_INSUFFICIENT_MARGIN
IRON_CONDOR,IRON_CONDOR_2022-11-04_2022-11-10,2022-11-04,50000.0,16328.35,20000.0,SKIPPED_INSUFFICIENT_MARGIN
IRON_CONDOR,IRON_CONDOR_2022-11-25_2022-12-01,2022-11-25,50000.0,16328.35,20000.0,SKIPPED_INSUFFICIENT_MARGIN
IRON_CONDOR,IRON_CONDOR_2022-12-02_2022-12-08,2022-12-02,50000.0,16328.35,20000.0,SKIPPED_INSUFFICIENT_MARGIN
IRON_CONDOR,IRON_CONDOR_2022-12-09_2022-12-15,2022-12-09,50000.0,16328.35,20000.0,SKIPPED_INSUFFICIENT_MARGIN
IRON_CONDOR,IRON_CONDOR_2022-12-30_2023-01-05,2022-12-30,50000.0,16328.35,20000.0,SKIPPED_INSUFFICIENT_MARGIN
IRON_CONDOR,IRON_CONDOR_2023-01-27_2023-02-02,2023-01-27,50000.0,16328.35,20000.0,SKIPPED_INSUFFICIENT_MARGIN
IRON_CONDOR,IRON_CONDOR_2023-03-17_2023-03-23,2023-03-17,50000.0,16328.35,20000.0,SKIPPED_INSUFFICIENT_MARGIN
IRON_CONDOR,IRON_CONDOR_2023-05-12_2023-05-18,2023-05-12,50000.0,16328.35,20000.0,SKIPPED_INSUFFICIENT_MARGIN
IRON_CONDOR,IRON_CONDOR_2023-05-19_2023-05-25,2023-05-19,50000.0,16328.35,20000.0,SKIPPED_INSUFFICIENT_MARGIN
IRON_CONDOR,IRON_CONDOR_2023-06-09_2023-06-15,2023-06-09,50000.0,16328.35,20000.0,SKIPPED_INSUFFICIENT_MARGIN
IRON_CONDOR,IRON_CONDOR_2023-06-16_2023-06-22,2023-06-16,50000.0,16328.35,20000.0,SKIPPED_INSUFFICIENT_MARGIN
IRON_CONDOR,IRON_CONDOR_2023-08-04_2023-08-10,2023-08-04,50000.0,16328.35,20000.0,SKIPPED_INSUFFICIENT_MARGIN
IRON_CONDOR,IRON_CONDOR_2023-08-11_2023-08-17,2023-08-11,50000.0,16328.35,20000.0,SKIPPED_INSUFFICIENT_MARGIN
IRON_CONDOR,IRON_CONDOR_2023-08-25_2023-08-31,2023-08-25,50000.0,16328.35,20000.0,SKIPPED_INSUFFICIENT_MARGIN
IRON_CONDOR,IRON_CONDOR_2023-09-29_2023-10-05,2023-09-29,50000.0,16328.35,20000.0,SKIPPED_INSUFFICIENT_MARGIN
IRON_CONDOR,IRON_CONDOR_2023-10-20_2023-10-26,2023-10-20,50000.0,16328.35,20000.0,SKIPPED_INSUFFICIENT_MARGIN
IRON_CONDOR,IRON_CONDOR_2023-10-27_2023-11-02,2023-10-27,50000.0,16328.35,20000.0,SKIPPED_INSUFFICIENT_MARGIN
IRON_CONDOR,IRON_CONDOR_2023-11-03_2023-11-09,2023-11-03,50000.0,16328.35,20000.0,SKIPPED_INSUFFICIENT_MARGIN
IRON_CONDOR,IRON_CONDOR_2023-11-10_2023-11-16,2023-11-10,50000.0,16328.35,20000.0,SKIPPED_INSUFFICIENT_MARGIN
IRON_CONDOR,IRON_CONDOR_2023-12-01_2023-12-07,2023-12-01,50000.0,16328.35,20000.0,SKIPPED_INSUFFICIENT_MARGIN
IRON_CONDOR,IRON_CONDOR_2023-12-08_2023-12-14,2023-12-08,50000.0,16328.35,20000.0,SKIPPED_INSUFFICIENT_MARGIN
IRON_CONDOR,IRON_CONDOR_2023-12-29_2024-01-04,2023-12-29,50000.0,16328.35,20000.0,SKIPPED_INSUFFICIENT_MARGIN
IRON_CONDOR,IRON_CONDOR_2024-01-05_2024-01-11,2024-01-05,50000.0,16328.35,20000.0,SKIPPED_INSUFFICIENT_MARGIN
IRON_CONDOR,IRON_CONDOR_2024-01-12_2024-01-18,2024-01-12,50000.0,16328.35,20000.0,SKIPPED_INSUFFICIENT_MARGIN
IRON_CONDOR,IRON_CONDOR_2024-01-19_2024-01-25,2024-01-19,50000.0,16328.35,20000.0,SKIPPED_INSUFFICIENT_MARGIN
IRON_CONDOR,IRON_CONDOR_2024-01-29_2024-02-01,2024-01-29,50000.0,16328.35,20000.0,SKIPPED_INSUFFICIENT_MARGIN
IRON_CONDOR,IRON_CONDOR_2024-02-02_2024-02-08,2024-02-02,50000.0,16328.35,20000.0,SKIPPED_INSUFFICIENT_MARGIN
IRON_CONDOR,IRON_CONDOR_2024-02-09_2024-02-15,2024-02-09,50000.0,16328.35,20000.0,SKIPPED_INSUFFICIENT_MARGIN
IRON_CONDOR,IRON_CONDOR_2024-02-16_2024-02-22,2024-02-16,50000.0,16328.35,20000.0,SKIPPED_INSUFFICIENT_MARGIN
IRON_CONDOR,IRON_CONDOR_2024-02-23_2024-02-29,2024-02-23,50000.0,16328.35,20000.0,SKIPPED_INSUFFICIENT_MARGIN
IRON_CONDOR,IRON_CONDOR_2024-03-01_2024-03-07,2024-03-01,50000.0,16328.35,20000.0,SKIPPED_INSUFFICIENT_MARGIN
IRON_CONDOR,IRON_CONDOR_2024-03-11_2024-03-14,2024-03-11,50000.0,16328.35,20000.0,SKIPPED_INSUFFICIENT_MARGIN
IRON_CONDOR,IRON_CONDOR_2024-03-15_2024-03-21,2024-03-15,50000.0,16328.35,20000.0,SKIPPED_INSUFFICIENT_MARGIN
IRON_CONDOR,IRON_CONDOR_2024-03-22_2024-03-28,2024-03-22,50000.0,16328.35,20000.0,SKIPPED_INSUFFICIENT_MARGIN
IRON_CONDOR,IRON_CONDOR_2024-04-01_2024-04-04,2024-04-01,50000.0,16328.35,20000.0,SKIPPED_INSUFFICIENT_MARGIN
IRON_CONDOR,IRON_CONDOR_2024-04-05_2024-04-10,2024-04-05,50000.0,16328.35,20000.0,SKIPPED_INSUFFICIENT_MARGIN
IRON_CONDOR,IRON_CONDOR_2024-04-12_2024-04-18,2024-04-12,50000.0,16328.35,20000.0,SKIPPED_INSUFFICIENT_MARGIN
IRON_CONDOR,IRON_CONDOR_2024-04-19_2024-04-25,2024-04-19,50000.0,16328.35,20000.0,SKIPPED_INSUFFICIENT_MARGIN
IRON_CONDOR,IRON_CONDOR_2024-04-26_2024-05-02,2024-04-26,50000.0,16328.35,20000.0,SKIPPED_INSUFFICIENT_MARGIN
IRON_CONDOR,IRON_CONDOR_2024-05-03_2024-05-09,2024-05-03,50000.0,16328.35,20000.0,SKIPPED_INSUFFICIENT_MARGIN
IRON_CONDOR,IRON_CONDOR_2024-05-10_2024-05-16,2024-05-10,50000.0,16328.35,20000.0,SKIPPED_INSUFFICIENT_MARGIN
IRON_CONDOR,IRON_CONDOR_2024-05-17_2024-05-23,2024-05-17,50000.0,16328.35,20000.0,SKIPPED_INSUFFICIENT_MARGIN
IRON_CONDOR,IRON_CONDOR_2024-05-24_2024-05-30,2024-05-24,50000.0,16328.35,20000.0,SKIPPED_INSUFFICIENT_MARGIN
IRON_CONDOR,IRON_CONDOR_2024-05-31_2024-06-06,2024-05-31,50000.0,16328.35,20000.0,SKIPPED_INSUFFICIENT_MARGIN
IRON_CONDOR,IRON_CONDOR_2024-06-07_2024-06-13,2024-06-07,50000.0,16328.35,20000.0,SKIPPED_INSUFFICIENT_MARGIN
IRON_CONDOR,IRON_CONDOR_2024-06-14_2024-06-20,2024-06-14,50000.0,16328.35,20000.0,SKIPPED_INSUFFICIENT_MARGIN
IRON_CONDOR,IRON_CONDOR_2024-06-21_2024-06-27,2024-06-21,50000.0,16328.35,20000.0,SKIPPED_INSUFFICIENT_MARGIN
IRON_CONDOR,IRON_CONDOR_2024-06-28_2024-07-04,2024-06-28,50000.0,16328.35,20000.0,SKIPPED_INSUFFICIENT_MARGIN
IRON_CONDOR,IRON_CONDOR_2024-07-05_2024-07-11,2024-07-05,50000.0,16328.35,20000.0,SKIPPED_INSUFFICIENT_MARGIN
IRON_CONDOR,IRON_CONDOR_2024-07-12_2024-07-18,2024-07-12,50000.0,16328.35,20000.0,SKIPPED_INSUFFICIENT_MARGIN
IRON_CONDOR,IRON_CONDOR_2024-07-19_2024-07-25,2024-07-19,50000.0,16328.35,20000.0,SKIPPED_INSUFFICIENT_MARGIN
IRON_CONDOR,IRON_CONDOR_2024-07-26_2024-08-01,2024-07-26,50000.0,16328.35,20000.0,SKIPPED_INSUFFICIENT_MARGIN
IRON_CONDOR,IRON_CONDOR_2024-08-02_2024-08-08,2024-08-02,50000.0,16328.35,20000.0,SKIPPED_INSUFFICIENT_MARGIN
IRON_CONDOR,IRON_CONDOR_2024-08-09_2024-08-14,2024-08-09,50000.0,16328.35,20000.0,SKIPPED_INSUFFICIENT_MARGIN
IRON_CONDOR,IRON_CONDOR_2024-08-16_2024-08-22,2024-08-16,50000.0,16328.35,20000.0,SKIPPED_INSUFFICIENT_MARGIN
IRON_CONDOR,IRON_CONDOR_2024-08-23_2024-08-29,2024-08-23,50000.0,16328.35,20000.0,SKIPPED_INSUFFICIENT_MARGIN
IRON_CONDOR,IRON_CONDOR_2024-08-30_2024-09-05,2024-08-30,50000.0,16328.35,20000.0,SKIPPED_INSUFFICIENT_MARGIN
IRON_CONDOR,IRON_CONDOR_2024-09-06_2024-09-12,2024-09-06,50000.0,16328.35,20000.0,SKIPPED_INSUFFICIENT_MARGIN
IRON_CONDOR,IRON_CONDOR_2024-09-13_2024-09-19,2024-09-13,50000.0,16328.35,20000.0,SKIPPED_INSUFFICIENT_MARGIN
IRON_CONDOR,IRON_CONDOR_2024-09-20_2024-09-26,2024-09-20,50000.0,16328.35,20000.0,SKIPPED_INSUFFICIENT_MARGIN
IRON_CONDOR,IRON_CONDOR_2024-09-27_2024-10-03,2024-09-27,50000.0,16328.35,20000.0,SKIPPED_INSUFFICIENT_MARGIN
IRON_CONDOR,IRON_CONDOR_2024-10-04_2024-10-10,2024-10-04,50000.0,16328.35,20000.0,SKIPPED_INSUFFICIENT_MARGIN
IRON_CONDOR,IRON_CONDOR_2024-10-11_2024-10-17,2024-10-11,50000.0,16328.35,20000.0,SKIPPED_INSUFFICIENT_MARGIN
IRON_CONDOR,IRON_CONDOR_2024-10-18_2024-10-24,2024-10-18,50000.0,16328.35,20000.0,SKIPPED_INSUFFICIENT_MARGIN
IRON_CONDOR,IRON_CONDOR_2024-10-25_2024-10-31,2024-10-25,50000.0,16328.35,20000.0,SKIPPED_INSUFFICIENT_MARGIN
IRON_CONDOR,IRON_CONDOR_2024-11-01_2024-11-07,2024-11-01,50000.0,16328.35,20000.0,SKIPPED_INSUFFICIENT_MARGIN
IRON_CONDOR,IRON_CONDOR_2024-11-08_2024-11-14,2024-11-08,50000.0,16328.35,20000.0,SKIPPED_INSUFFICIENT_MARGIN
IRON_CONDOR,IRON_CONDOR_2024-11-18_2024-11-21,2024-11-18,50000.0,16328.35,20000.0,SKIPPED_INSUFFICIENT_MARGIN
IRON_CONDOR,IRON_CONDOR_2024-11-22_2024-11-28,2024-11-22,50000.0,16328.35,20000.0,SKIPPED_INSUFFICIENT_MARGIN
IRON_CONDOR,IRON_CONDOR_2024-11-29_2024-12-05,2024-11-29,50000.0,16328.35,20000.0,SKIPPED_INSUFFICIENT_MARGIN
IRON_CONDOR,IRON_CONDOR_2024-12-06_2024-12-12,2024-12-06,50000.0,16328.35,20000.0,SKIPPED_INSUFFICIENT_MARGIN
IRON_CONDOR,IRON_CONDOR_2024-12-13_2024-12-19,2024-12-13,50000.0,16328.35,20000.0,SKIPPED_INSUFFICIENT_MARGIN
IRON_CONDOR,IRON_CONDOR_2024-12-20_2024-12-26,2024-12-20,50000.0,16328.35,20000.0,SKIPPED_INSUFFICIENT_MARGIN
IRON_CONDOR,IRON_CONDOR_2024-12-27_2025-01-02,2024-12-27,50000.0,16328.35,20000.0,SKIPPED_INSUFFICIENT_MARGIN
IRON_CONDOR,IRON_CONDOR_2025-01-03_2025-01-09,2025-01-03,50000.0,16328.35,20000.0,SKIPPED_INSUFFICIENT_MARGIN
IRON_CONDOR,IRON_CONDOR_2025-01-10_2025-01-16,2025-01-10,50000.0,16328.35,20000.0,SKIPPED_INSUFFICIENT_MARGIN
IRON_CONDOR,IRON_CONDOR_2025-01-17_2025-01-23,2025-01-17,50000.0,16328.35,20000.0,SKIPPED_INSUFFICIENT_MARGIN
IRON_CONDOR,IRON_CONDOR_2025-01-24_2025-01-30,2025-01-24,50000.0,16328.35,20000.0,SKIPPED_INSUFFICIENT_MARGIN
IRON_CONDOR,IRON_CONDOR_2025-01-31_2025-02-06,2025-01-31,50000.0,16328.35,20000.0,SKIPPED_INSUFFICIENT_MARGIN
IRON_CONDOR,IRON_CONDOR_2025-02-07_2025-02-13,2025-02-07,50000.0,16328.35,20000.0,SKIPPED_INSUFFICIENT_MARGIN
IRON_CONDOR,IRON_CONDOR_2025-02-14_2025-02-20,2025-02-14,50000.0,16328.35,20000.0,SKIPPED_INSUFFICIENT_MARGIN
IRON_CONDOR,IRON_CONDOR_2025-02-21_2025-02-27,2025-02-21,50000.0,16328.35,20000.0,SKIPPED_INSUFFICIENT_MARGIN
IRON_CONDOR,IRON_CONDOR_2025-02-28_2025-03-06,2025-02-28,50000.0,16328.35,20000.0,SKIPPED_INSUFFICIENT_MARGIN
IRON_CONDOR,IRON_CONDOR_2025-03-07_2025-03-13,2025-03-07,50000.0,16328.35,20000.0,SKIPPED_INSUFFICIENT_MARGIN
IRON_CONDOR,IRON_CONDOR_2025-03-17_2025-03-20,2025-03-17,50000.0,16328.35,20000.0,SKIPPED_INSUFFICIENT_MARGIN
IRON_CONDOR,IRON_CONDOR_2025-03-21_2025-03-27,2025-03-21,50000.0,16328.35,20000.0,SKIPPED_INSUFFICIENT_MARGIN
IRON_CONDOR,IRON_CONDOR_2025-03-28_2025-04-03,2025-03-28,50000.0,16328.35,20000.0,SKIPPED_INSUFFICIENT_MARGIN
IRON_CONDOR,IRON_CONDOR_2025-04-04_2025-04-09,2025-04-04,50000.0,16328.35,20000.0,SKIPPED_INSUFFICIENT_MARGIN
IRON_CONDOR,IRON_CONDOR_2025-04-11_2025-04-17,2025-04-11,50000.0,16328.35,20000.0,SKIPPED_INSUFFICIENT_MARGIN
IRON_CONDOR,IRON_CONDOR_2025-04-21_2025-04-24,2025-04-21,50000.0,16328.35,20000.0,SKIPPED_INSUFFICIENT_MARGIN
IRON_CONDOR,IRON_CONDOR_2025-04-25_2025-04-30,2025-04-25,50000.0,16328.35,20000.0,SKIPPED_INSUFFICIENT_MARGIN
IRON_CONDOR,IRON_CONDOR_2025-05-02_2025-05-08,2025-05-02,50000.0,16328.35,20000.0,SKIPPED_INSUFFICIENT_MARGIN
IRON_CONDOR,IRON_CONDOR_2025-05-09_2025-05-15,2025-05-09,50000.0,16328.35,20000.0,SKIPPED_INSUFFICIENT_MARGIN
IRON_CONDOR,IRON_CONDOR_2025-05-16_2025-05-22,2025-05-16,50000.0,16328.35,20000.0,SKIPPED_INSUFFICIENT_MARGIN
IRON_CONDOR,IRON_CONDOR_2025-05-23_2025-05-29,2025-05-23,50000.0,16328.35,20000.0,SKIPPED_INSUFFICIENT_MARGIN
IRON_CONDOR,IRON_CONDOR_2025-05-30_2025-06-05,2025-05-30,50000.0,16328.35,20000.0,SKIPPED_INSUFFICIENT_MARGIN
IRON_CONDOR,IRON_CONDOR_2025-06-06_2025-06-12,2025-06-06,50000.0,16328.35,20000.0,SKIPPED_INSUFFICIENT_MARGIN
IRON_CONDOR,IRON_CONDOR_2025-06-13_2025-06-19,2025-06-13,50000.0,16328.35,20000.0,SKIPPED_INSUFFICIENT_MARGIN
IRON_CONDOR,IRON_CONDOR_2025-06-20_2025-06-26,2025-06-20,50000.0,16328.35,20000.0,SKIPPED_INSUFFICIENT_MARGIN
IRON_CONDOR,IRON_CONDOR_2025-06-27_2025-07-03,2025-06-27,50000.0,16328.35,20000.0,SKIPPED_INSUFFICIENT_MARGIN
IRON_CONDOR,IRON_CONDOR_2025-07-04_2025-07-10,2025-07-04,50000.0,16328.35,20000.0,SKIPPED_INSUFFICIENT_MARGIN
IRON_CONDOR,IRON_CONDOR_2025-07-11_2025-07-17,2025-07-11,50000.0,16328.35,20000.0,SKIPPED_INSUFFICIENT_MARGIN
IRON_CONDOR,IRON_CONDOR_2025-07-18_2025-07-24,2025-07-18,50000.0,16328.35,20000.0,SKIPPED_INSUFFICIENT_MARGIN
IRON_CONDOR,IRON_CONDOR_2025-07-25_2025-07-31,2025-07-25,50000.0,16328.35,20000.0,SKIPPED_INSUFFICIENT_MARGIN
IRON_CONDOR,IRON_CONDOR_2025-08-01_2025-08-07,2025-08-01,50000.0,16328.35,20000.0,SKIPPED_INSUFFICIENT_MARGIN
IRON_CONDOR,IRON_CONDOR_2025-08-08_2025-08-14,2025-08-08,50000.0,16328.35,20000.0,SKIPPED_INSUFFICIENT_MARGIN
IRON_CONDOR,IRON_CONDOR_2025-08-18_2025-08-21,2025-08-18,50000.0,16328.35,20000.0,SKIPPED_INSUFFICIENT_MARGIN
IRON_CONDOR,IRON_CONDOR_2025-08-22_2025-08-28,2025-08-22,50000.0,16328.35,20000.0,SKIPPED_INSUFFICIENT_MARGIN
IRON_CONDOR,IRON_CONDOR_2025-08-29_2025-09-02,2025-08-29,50000.0,16328.35,20000.0,SKIPPED_INSUFFICIENT_MARGIN
IRON_CONDOR,IRON_CONDOR_2025-09-03_2025-09-09,2025-09-03,50000.0,16328.35,20000.0,SKIPPED_INSUFFICIENT_MARGIN
IRON_CONDOR,IRON_CONDOR_2025-09-10_2025-09-16,2025-09-10,50000.0,16328.35,20000.0,SKIPPED_INSUFFICIENT_MARGIN
IRON_CONDOR,IRON_CONDOR_2025-09-17_2025-09-23,2025-09-17,50000.0,16328.35,20000.0,SKIPPED_INSUFFICIENT_MARGIN
IRON_CONDOR,IRON_CONDOR_2025-09-26_2025-09-30,2025-09-26,50000.0,16328.35,20000.0,SKIPPED_INSUFFICIENT_MARGIN
IRON_CONDOR,IRON_CONDOR_2025-10-01_2025-10-07,2025-10-01,50000.0,16328.35,20000.0,SKIPPED_INSUFFICIENT_MARGIN
IRON_CONDOR,IRON_CONDOR_2025-10-08_2025-10-14,2025-10-08,50000.0,16328.35,20000.0,SKIPPED_INSUFFICIENT_MARGIN
IRON_CONDOR,IRON_CONDOR_2025-10-15_2025-10-20,2025-10-15,50000.0,16328.35,20000.0,SKIPPED_INSUFFICIENT_MARGIN
IRON_CONDOR,IRON_CONDOR_2025-10-21_2025-10-28,2025-10-21,50000.0,16328.35,20000.0,SKIPPED_INSUFFICIENT_MARGIN
IRON_CONDOR,IRON_CONDOR_2025-10-29_2025-11-04,2025-10-29,50000.0,16328.35,20000.0,SKIPPED_INSUFFICIENT_MARGIN
IRON_CONDOR,IRON_CONDOR_2025-11-06_2025-11-11,2025-11-06,50000.0,16328.35,20000.0,SKIPPED_INSUFFICIENT_MARGIN
IRON_CONDOR,IRON_CONDOR_2025-11-12_2025-11-18,2025-11-12,50000.0,16328.35,20000.0,SKIPPED_INSUFFICIENT_MARGIN
IRON_CONDOR,IRON_CONDOR_2025-11-19_2025-11-25,2025-11-19,50000.0,16328.35,20000.0,SKIPPED_INSUFFICIENT_MARGIN
IRON_CONDOR,IRON_CONDOR_2025-11-26_2025-12-02,2025-11-26,50000.0,16328.35,20000.0,SKIPPED_INSUFFICIENT_MARGIN
IRON_CONDOR,IRON_CONDOR_2025-12-03_2025-12-09,2025-12-03,50000.0,16328.35,20000.0,SKIPPED_INSUFFICIENT_MARGIN
IRON_CONDOR,IRON_CONDOR_2025-12-10_2025-12-16,2025-12-10,50000.0,16328.35,20000.0,SKIPPED_INSUFFICIENT_MARGIN
IRON_CONDOR,IRON_CONDOR_2025-12-17_2025-12-23,2025-12-17,50000.0,16328.35,20000.0,SKIPPED_INSUFFICIENT_MARGIN
IRON_CONDOR,IRON_CONDOR_2025-12-26_2025-12-30,2025-12-26,50000.0,16328.35,20000.0,SKIPPED_INSUFFICIENT_MARGIN
IRON_CONDOR,IRON_CONDOR_2025-12-31_2026-01-06,2025-12-31,50000.0,16328.35,20000.0,SKIPPED_INSUFFICIENT_MARGIN
IRON_CONDOR,IRON_CONDOR_2026-01-07_2026-01-13,2026-01-07,50000.0,16328.35,20000.0,SKIPPED_INSUFFICIENT_MARGIN
IRON_CONDOR,IRON_CONDOR_2026-01-14_2026-01-20,2026-01-14,50000.0,16328.35,20000.0,SKIPPED_INSUFFICIENT_MARGIN
IRON_CONDOR,IRON_CONDOR_2026-01-21_2026-01-27,2026-01-21,50000.0,16328.35,20000.0,SKIPPED_INSUFFICIENT_MARGIN
IRON_CONDOR,IRON_CONDOR_2026-01-28_2026-02-03,2026-01-28,50000.0,16328.35,20000.0,SKIPPED_INSUFFICIENT_MARGIN
IRON_CONDOR,IRON_CONDOR_2026-02-04_2026-02-10,2026-02-04,50000.0,16328.35,20000.0,SKIPPED_INSUFFICIENT_MARGIN
IRON_CONDOR,IRON_CONDOR_2026-02-11_2026-02-17,2026-02-11,50000.0,16328.35,20000.0,SKIPPED_INSUFFICIENT_MARGIN
IRON_CONDOR,IRON_CONDOR_2026-02-18_2026-02-24,2026-02-18,50000.0,16328.35,20000.0,SKIPPED_INSUFFICIENT_MARGIN
IRON_CONDOR,IRON_CONDOR_2026-02-25_2026-03-02,2026-02-25,50000.0,16328.35,20000.0,SKIPPED_INSUFFICIENT_MARGIN
IRON_CONDOR,IRON_CONDOR_2026-03-04_2026-03-10,2026-03-04,50000.0,16328.35,20000.0,SKIPPED_INSUFFICIENT_MARGIN
IRON_CONDOR,IRON_CONDOR_2026-03-11_2026-03-17,2026-03-11,50000.0,16328.35,20000.0,SKIPPED_INSUFFICIENT_MARGIN
IRON_CONDOR,IRON_CONDOR_2026-03-18_2026-03-24,2026-03-18,50000.0,16328.35,20000.0,SKIPPED_INSUFFICIENT_MARGIN
IRON_CONDOR,IRON_CONDOR_2026-03-27_2026-03-30,2026-03-27,50000.0,16328.35,20000.0,SKIPPED_INSUFFICIENT_MARGIN
IRON_CONDOR,IRON_CONDOR_2026-04-01_2026-04-07,2026-04-01,50000.0,16328.35,20000.0,SKIPPED_INSUFFICIENT_MARGIN
IRON_CONDOR,IRON_CONDOR_2026-04-08_2026-04-13,2026-04-08,50000.0,16328.35,20000.0,SKIPPED_INSUFFICIENT_MARGIN
IRON_CONDOR,IRON_CONDOR_2026-04-15_2026-04-21,2026-04-15,50000.0,16328.35,20000.0,SKIPPED_INSUFFICIENT_MARGIN
IRON_CONDOR,IRON_CONDOR_2026-04-22_2026-04-28,2026-04-22,50000.0,16328.35,20000.0,SKIPPED_INSUFFICIENT_MARGIN
IRON_CONDOR,IRON_CONDOR_2026-04-29_2026-05-05,2026-04-29,50000.0,16328.35,20000.0,SKIPPED_INSUFFICIENT_MARGIN
IRON_CONDOR,IRON_CONDOR_2026-05-06_2026-05-12,2026-05-06,50000.0,16328.35,20000.0,SKIPPED_INSUFFICIENT_MARGIN
IRON_CONDOR,IRON_CONDOR_2026-05-13_2026-05-19,2026-05-13,50000.0,16328.35,20000.0,SKIPPED_INSUFFICIENT_MARGIN
IRON_CONDOR,IRON_CONDOR_2026-05-20_2026-05-26,2026-05-20,50000.0,16328.35,20000.0,SKIPPED_INSUFFICIENT_MARGIN
IRON_CONDOR,IRON_CONDOR_2026-05-27_2026-06-02,2026-05-27,50000.0,16328.35,20000.0,SKIPPED_INSUFFICIENT_MARGIN
IRON_CONDOR,IRON_CONDOR_2026-06-03_2026-06-09,2026-06-03,50000.0,16328.35,20000.0,SKIPPED_INSUFFICIENT_MARGIN
IRON_CONDOR,IRON_CONDOR_2026-06-10_2026-06-16,2026-06-10,50000.0,16328.35,20000.0,SKIPPED_INSUFFICIENT_MARGIN
IRON_CONDOR,IRON_CONDOR_2026-06-17_2026-06-23,2026-06-17,50000.0,16328.35,20000.0,SKIPPED_INSUFFICIENT_MARGIN
IRON_CONDOR,IRON_CONDOR_2026-06-29_2026-06-30,2026-06-29,50000.0,16328.35,20000.0,SKIPPED_INSUFFICIENT_MARGIN
IRON_CONDOR,IRON_CONDOR_2026-07-01_2026-07-07,2026-07-01,50000.0,16328.35,20000.0,SKIPPED_INSUFFICIENT_MARGIN
IRON_CONDOR,IRON_CONDOR_2026-07-08_2026-07-14,2026-07-08,50000.0,16328.35,20000.0,SKIPPED_INSUFFICIENT_MARGIN
IRON_CONDOR,IRON_CONDOR_2026-07-15_2026-07-21,2026-07-15,50000.0,16328.35,20000.0,SKIPPED_INSUFFICIENT_MARGIN
IRON_CONDOR,IRON_CONDOR_2026-07-22_2026-07-28,2026-07-22,50000.0,16328.35,20000.0,SKIPPED_INSUFFICIENT_MARGIN
IRON_CONDOR,IRON_CONDOR_2026-07-29_2026-08-04,2026-07-29,50000.0,16328.35,20000.0,SKIPPED_INSUFFICIENT_MARGIN
IRON_CONDOR,IRON_CONDOR_2026-08-05_2026-08-11,2026-08-05,50000.0,16328.35,20000.0,SKIPPED_INSUFFICIENT_MARGIN
IRON_CONDOR,IRON_CONDOR_2026-08-12_2026-08-18,2026-08-12,50000.0,16328.35,20000.0,SKIPPED_INSUFFICIENT_MARGIN
IRON_CONDOR,IRON_CONDOR_2026-08-19_2026-08-25,2026-08-19,50000.0,16328.35,20000.0,SKIPPED_INSUFFICIENT_MARGIN
IRON_CONDOR,IRON_CONDOR_2026-08-26_2026-09-01,2026-08-26,50000.0,16328.35,20000.0,SKIPPED_INSUFFICIENT_MARGIN
IRON_CONDOR,IRON_CONDOR_2026-09-02_2026-09-08,2026-09-02,50000.0,16328.35,20000.0,SKIPPED_INSUFFICIENT_MARGIN
IRON_CONDOR,IRON_CONDOR_2026-09-09_2026-09-15,2026-09-09,50000.0,16328.35,20000.0,SKIPPED_INSUFFICIENT_MARGIN
IRON_CONDOR,IRON_CONDOR_2020-03-20_2020-03-26,2020-03-20,75000.0,56526.02,343607.0624999999,SKIPPED_INSUFFICIENT_MARGIN
IRON_CONDOR,IRON_CONDOR_2020-10-23_2020-10-29,2020-10-23,75000.0,14479.85999999999,20000.0,SKIPPED_INSUFFICIENT_MARGIN
IRON_CONDOR,IRON_CONDOR_2020-10-30_2020-11-05,2020-10-30,75000.0,14479.85999999999,20000.0,SKIPPED_INSUFFICIENT_MARGIN
IRON_CONDOR,IRON_CONDOR_2020-11-27_2020-12-03,2020-11-27,75000.0,14479.85999999999,20000.0,SKIPPED_INSUFFICIENT_MARGIN
IRON_CONDOR,IRON_CONDOR_2020-12-11_2020-12-17,2020-12-11,75000.0,14479.85999999999,20000.0,SKIPPED_INSUFFICIENT_MARGIN
IRON_CONDOR,IRON_CONDOR_2020-12-18_2020-12-24,2020-12-18,75000.0,14479.85999999999,20000.0,SKIPPED_INSUFFICIENT_MARGIN
IRON_CONDOR,IRON_CONDOR_2021-01-29_2021-02-04,2021-01-29,75000.0,14479.85999999999,23253.00000000001,SKIPPED_INSUFFICIENT_MARGIN
IRON_CONDOR,IRON_CONDOR_2021-02-05_2021-02-11,2021-02-05,75000.0,14479.85999999999,20000.0,SKIPPED_INSUFFICIENT_MARGIN
IRON_CONDOR,IRON_CONDOR_2021-03-05_2021-03-10,2021-03-05,75000.0,14479.85999999999,20000.0,SKIPPED_INSUFFICIENT_MARGIN
IRON_CONDOR,IRON_CONDOR_2021-03-12_2021-03-18,2021-03-12,75000.0,14479.85999999999,20000.0,SKIPPED_INSUFFICIENT_MARGIN
IRON_CONDOR,IRON_CONDOR_2021-03-26_2021-04-01,2021-03-26,75000.0,14479.85999999999,20000.0,SKIPPED_INSUFFICIENT_MARGIN
IRON_CONDOR,IRON_CONDOR_2021-04-05_2021-04-08,2021-04-05,75000.0,14479.85999999999,20000.0,SKIPPED_INSUFFICIENT_MARGIN
IRON_CONDOR,IRON_CONDOR_2021-04-09_2021-04-15,2021-04-09,75000.0,14479.85999999999,20000.0,SKIPPED_INSUFFICIENT_MARGIN
IRON_CONDOR,IRON_CONDOR_2021-04-16_2021-04-22,2021-04-16,75000.0,14479.85999999999,20000.0,SKIPPED_INSUFFICIENT_MARGIN
IRON_CONDOR,IRON_CONDOR_2021-04-23_2021-04-29,2021-04-23,75000.0,14479.85999999999,20000.0,SKIPPED_INSUFFICIENT_MARGIN
IRON_CONDOR,IRON_CONDOR_2021-04-30_2021-05-06,2021-04-30,75000.0,14479.85999999999,20000.0,SKIPPED_INSUFFICIENT_MARGIN
IRON_CONDOR,IRON_CONDOR_2021-05-14_2021-05-20,2021-05-14,75000.0,14479.85999999999,20000.0,SKIPPED_INSUFFICIENT_MARGIN
IRON_CONDOR,IRON_CONDOR_2021-05-21_2021-05-27,2021-05-21,75000.0,14479.85999999999,20000.0,SKIPPED_INSUFFICIENT_MARGIN
IRON_CONDOR,IRON_CONDOR_2021-06-04_2021-06-10,2021-06-04,75000.0,14479.85999999999,20000.0,SKIPPED_INSUFFICIENT_MARGIN
IRON_CONDOR,IRON_CONDOR_2021-06-11_2021-06-17,2021-06-11,75000.0,14479.85999999999,20000.0,SKIPPED_INSUFFICIENT_MARGIN
IRON_CONDOR,IRON_CONDOR_2021-06-18_2021-06-24,2021-06-18,75000.0,14479.85999999999,20000.0,SKIPPED_INSUFFICIENT_MARGIN
IRON_CONDOR,IRON_CONDOR_2021-06-25_2021-07-01,2021-06-25,75000.0,14479.85999999999,20000.0,SKIPPED_INSUFFICIENT_MARGIN
IRON_CONDOR,IRON_CONDOR_2021-07-02_2021-07-08,2021-07-02,75000.0,14479.85999999999,20000.0,SKIPPED_INSUFFICIENT_MARGIN
IRON_CONDOR,IRON_CONDOR_2021-07-09_2021-07-15,2021-07-09,75000.0,14479.85999999999,20000.0,SKIPPED_INSUFFICIENT_MARGIN
IRON_CONDOR,IRON_CONDOR_2021-07-16_2021-07-22,2021-07-16,75000.0,14479.85999999999,20000.0,SKIPPED_INSUFFICIENT_MARGIN
IRON_CONDOR,IRON_CONDOR_2021-07-23_2021-07-29,2021-07-23,75000.0,14479.85999999999,20000.0,SKIPPED_INSUFFICIENT_MARGIN
IRON_CONDOR,IRON_CONDOR_2021-08-20_2021-08-26,2021-08-20,75000.0,14479.85999999999,20000.0,SKIPPED_INSUFFICIENT_MARGIN
IRON_CONDOR,IRON_CONDOR_2021-08-27_2021-09-02,2021-08-27,75000.0,14479.85999999999,20000.0,SKIPPED_INSUFFICIENT_MARGIN
IRON_CONDOR,IRON_CONDOR_2021-09-03_2021-09-09,2021-09-03,75000.0,14479.85999999999,20000.0,SKIPPED_INSUFFICIENT_MARGIN
IRON_CONDOR,IRON_CONDOR_2021-09-13_2021-09-16,2021-09-13,75000.0,14479.85999999999,20000.0,SKIPPED_INSUFFICIENT_MARGIN
IRON_CONDOR,IRON_CONDOR_2021-09-17_2021-09-23,2021-09-17,75000.0,14479.85999999999,20000.0,SKIPPED_INSUFFICIENT_MARGIN
IRON_CONDOR,IRON_CONDOR_2021-09-24_2021-09-30,2021-09-24,75000.0,14479.85999999999,108016.62500000001,SKIPPED_INSUFFICIENT_MARGIN
IRON_CONDOR,IRON_CONDOR_2021-10-01_2021-10-07,2021-10-01,75000.0,14479.85999999999,20000.0,SKIPPED_INSUFFICIENT_MARGIN
IRON_CONDOR,IRON_CONDOR_2021-10-22_2021-10-28,2021-10-22,75000.0,14479.85999999999,20000.0,SKIPPED_INSUFFICIENT_MARGIN
IRON_CONDOR,IRON_CONDOR_2021-10-29_2021-11-03,2021-10-29,75000.0,14479.85999999999,20000.0,SKIPPED_INSUFFICIENT_MARGIN
IRON_CONDOR,IRON_CONDOR_2021-11-04_2021-11-11,2021-11-04,75000.0,14479.85999999999,20000.0,SKIPPED_INSUFFICIENT_MARGIN
IRON_CONDOR,IRON_CONDOR_2021-11-12_2021-11-18,2021-11-12,75000.0,14479.85999999999,20000.0,SKIPPED_INSUFFICIENT_MARGIN
IRON_CONDOR,IRON_CONDOR_2021-12-03_2021-12-09,2021-12-03,75000.0,14479.85999999999,20000.0,SKIPPED_INSUFFICIENT_MARGIN
IRON_CONDOR,IRON_CONDOR_2021-12-10_2021-12-16,2021-12-10,75000.0,14479.85999999999,20000.0,SKIPPED_INSUFFICIENT_MARGIN
IRON_CONDOR,IRON_CONDOR_2021-12-17_2021-12-23,2021-12-17,75000.0,14479.85999999999,20000.0,SKIPPED_INSUFFICIENT_MARGIN
IRON_CONDOR,IRON_CONDOR_2021-12-24_2021-12-30,2021-12-24,75000.0,14479.85999999999,20000.0,SKIPPED_INSUFFICIENT_MARGIN
IRON_CONDOR,IRON_CONDOR_2021-12-31_2022-01-06,2021-12-31,75000.0,14479.85999999999,20000.0,SKIPPED_INSUFFICIENT_MARGIN
IRON_CONDOR,IRON_CONDOR_2022-01-07_2022-01-13,2022-01-07,75000.0,14479.85999999999,20000.0,SKIPPED_INSUFFICIENT_MARGIN
IRON_CONDOR,IRON_CONDOR_2022-01-28_2022-02-03,2022-01-28,75000.0,14479.85999999999,20000.0,SKIPPED_INSUFFICIENT_MARGIN
IRON_CONDOR,IRON_CONDOR_2022-02-11_2022-02-17,2022-02-11,75000.0,14479.85999999999,20000.0,SKIPPED_INSUFFICIENT_MARGIN
IRON_CONDOR,IRON_CONDOR_2022-02-18_2022-02-24,2022-02-18,75000.0,14479.85999999999,20000.0,SKIPPED_INSUFFICIENT_MARGIN
IRON_CONDOR,IRON_CONDOR_2022-03-04_2022-03-10,2022-03-04,75000.0,14479.85999999999,20000.0,SKIPPED_INSUFFICIENT_MARGIN
IRON_CONDOR,IRON_CONDOR_2022-03-11_2022-03-17,2022-03-11,75000.0,14479.85999999999,20000.0,SKIPPED_INSUFFICIENT_MARGIN
IRON_CONDOR,IRON_CONDOR_2022-03-21_2022-03-24,2022-03-21,75000.0,14479.85999999999,20000.0,SKIPPED_INSUFFICIENT_MARGIN
IRON_CONDOR,IRON_CONDOR_2022-03-25_2022-03-31,2022-03-25,75000.0,14479.85999999999,20000.0,SKIPPED_INSUFFICIENT_MARGIN
IRON_CONDOR,IRON_CONDOR_2022-04-01_2022-04-07,2022-04-01,75000.0,14479.85999999999,61326.62499999998,SKIPPED_INSUFFICIENT_MARGIN
IRON_CONDOR,IRON_CONDOR_2022-04-08_2022-04-13,2022-04-08,75000.0,14479.85999999999,20000.0,SKIPPED_INSUFFICIENT_MARGIN
IRON_CONDOR,IRON_CONDOR_2022-04-29_2022-05-05,2022-04-29,75000.0,14479.85999999999,20000.0,SKIPPED_INSUFFICIENT_MARGIN
IRON_CONDOR,IRON_CONDOR_2022-05-06_2022-05-12,2022-05-06,75000.0,14479.85999999999,20000.0,SKIPPED_INSUFFICIENT_MARGIN
IRON_CONDOR,IRON_CONDOR_2022-05-27_2022-06-02,2022-05-27,75000.0,14479.85999999999,20000.0,SKIPPED_INSUFFICIENT_MARGIN
IRON_CONDOR,IRON_CONDOR_2022-06-03_2022-06-09,2022-06-03,75000.0,14479.85999999999,27004.875000000004,SKIPPED_INSUFFICIENT_MARGIN
IRON_CONDOR,IRON_CONDOR_2022-06-10_2022-06-16,2022-06-10,75000.0,14479.85999999999,20000.0,SKIPPED_INSUFFICIENT_MARGIN
IRON_CONDOR,IRON_CONDOR_2022-06-17_2022-06-23,2022-06-17,75000.0,14479.85999999999,20000.0,SKIPPED_INSUFFICIENT_MARGIN
IRON_CONDOR,IRON_CONDOR_2022-07-22_2022-07-28,2022-07-22,75000.0,14479.85999999999,20000.0,SKIPPED_INSUFFICIENT_MARGIN
IRON_CONDOR,IRON_CONDOR_2022-08-05_2022-08-11,2022-08-05,75000.0,14479.85999999999,20000.0,SKIPPED_INSUFFICIENT_MARGIN
IRON_CONDOR,IRON_CONDOR_2022-08-19_2022-08-25,2022-08-19,75000.0,14479.85999999999,20000.0,SKIPPED_INSUFFICIENT_MARGIN
IRON_CONDOR,IRON_CONDOR_2022-09-09_2022-09-15,2022-09-09,75000.0,14479.85999999999,20000.0,SKIPPED_INSUFFICIENT_MARGIN
IRON_CONDOR,IRON_CONDOR_2022-09-16_2022-09-22,2022-09-16,75000.0,14479.85999999999,20000.0,SKIPPED_INSUFFICIENT_MARGIN
IRON_CONDOR,IRON_CONDOR_2022-09-30_2022-10-06,2022-09-30,75000.0,14479.85999999999,20000.0,SKIPPED_INSUFFICIENT_MARGIN
IRON_CONDOR,IRON_CONDOR_2022-10-14_2022-10-20,2022-10-14,75000.0,14479.85999999999,20000.0,SKIPPED_INSUFFICIENT_MARGIN
IRON_CONDOR,IRON_CONDOR_2022-10-21_2022-10-27,2022-10-21,75000.0,14479.85999999999,20000.0,SKIPPED_INSUFFICIENT_MARGIN
IRON_CONDOR,IRON_CONDOR_2022-11-04_2022-11-10,2022-11-04,75000.0,14479.85999999999,20000.0,SKIPPED_INSUFFICIENT_MARGIN
IRON_CONDOR,IRON_CONDOR_2022-11-25_2022-12-01,2022-11-25,75000.0,14479.85999999999,20000.0,SKIPPED_INSUFFICIENT_MARGIN
IRON_CONDOR,IRON_CONDOR_2022-12-02_2022-12-08,2022-12-02,75000.0,14479.85999999999,20000.0,SKIPPED_INSUFFICIENT_MARGIN
IRON_CONDOR,IRON_CONDOR_2022-12-09_2022-12-15,2022-12-09,75000.0,14479.85999999999,20000.0,SKIPPED_INSUFFICIENT_MARGIN
IRON_CONDOR,IRON_CONDOR_2022-12-30_2023-01-05,2022-12-30,75000.0,14479.85999999999,20000.0,SKIPPED_INSUFFICIENT_MARGIN
IRON_CONDOR,IRON_CONDOR_2023-01-27_2023-02-02,2023-01-27,75000.0,14479.85999999999,20000.0,SKIPPED_INSUFFICIENT_MARGIN
IRON_CONDOR,IRON_CONDOR_2023-03-17_2023-03-23,2023-03-17,75000.0,14479.85999999999,20000.0,SKIPPED_INSUFFICIENT_MARGIN
IRON_CONDOR,IRON_CONDOR_2023-05-12_2023-05-18,2023-05-12,75000.0,14479.85999999999,20000.0,SKIPPED_INSUFFICIENT_MARGIN
IRON_CONDOR,IRON_CONDOR_2023-05-19_2023-05-25,2023-05-19,75000.0,14479.85999999999,20000.0,SKIPPED_INSUFFICIENT_MARGIN
IRON_CONDOR,IRON_CONDOR_2023-06-09_2023-06-15,2023-06-09,75000.0,14479.85999999999,20000.0,SKIPPED_INSUFFICIENT_MARGIN
IRON_CONDOR,IRON_CONDOR_2023-06-16_2023-06-22,2023-06-16,75000.0,14479.85999999999,20000.0,SKIPPED_INSUFFICIENT_MARGIN
IRON_CONDOR,IRON_CONDOR_2023-08-04_2023-08-10,2023-08-04,75000.0,14479.85999999999,20000.0,SKIPPED_INSUFFICIENT_MARGIN
IRON_CONDOR,IRON_CONDOR_2023-08-11_2023-08-17,2023-08-11,75000.0,14479.85999999999,20000.0,SKIPPED_INSUFFICIENT_MARGIN
IRON_CONDOR,IRON_CONDOR_2023-08-25_2023-08-31,2023-08-25,75000.0,14479.85999999999,20000.0,SKIPPED_INSUFFICIENT_MARGIN
IRON_CONDOR,IRON_CONDOR_2023-09-29_2023-10-05,2023-09-29,75000.0,14479.85999999999,20000.0,SKIPPED_INSUFFICIENT_MARGIN
IRON_CONDOR,IRON_CONDOR_2023-10-20_2023-10-26,2023-10-20,75000.0,14479.85999999999,20000.0,SKIPPED_INSUFFICIENT_MARGIN
IRON_CONDOR,IRON_CONDOR_2023-10-27_2023-11-02,2023-10-27,75000.0,14479.85999999999,20000.0,SKIPPED_INSUFFICIENT_MARGIN
IRON_CONDOR,IRON_CONDOR_2023-11-03_2023-11-09,2023-11-03,75000.0,14479.85999999999,20000.0,SKIPPED_INSUFFICIENT_MARGIN
IRON_CONDOR,IRON_CONDOR_2023-11-10_2023-11-16,2023-11-10,75000.0,14479.85999999999,20000.0,SKIPPED_INSUFFICIENT_MARGIN
IRON_CONDOR,IRON_CONDOR_2023-12-01_2023-12-07,2023-12-01,75000.0,14479.85999999999,20000.0,SKIPPED_INSUFFICIENT_MARGIN
IRON_CONDOR,IRON_CONDOR_2023-12-08_2023-12-14,2023-12-08,75000.0,14479.85999999999,20000.0,SKIPPED_INSUFFICIENT_MARGIN
IRON_CONDOR,IRON_CONDOR_2023-12-29_2024-01-04,2023-12-29,75000.0,14479.85999999999,20000.0,SKIPPED_INSUFFICIENT_MARGIN
IRON_CONDOR,IRON_CONDOR_2024-01-05_2024-01-11,2024-01-05,75000.0,14479.85999999999,20000.0,SKIPPED_INSUFFICIENT_MARGIN
IRON_CONDOR,IRON_CONDOR_2024-01-12_2024-01-18,2024-01-12,75000.0,14479.85999999999,20000.0,SKIPPED_INSUFFICIENT_MARGIN
IRON_CONDOR,IRON_CONDOR_2024-01-19_2024-01-25,2024-01-19,75000.0,14479.85999999999,20000.0,SKIPPED_INSUFFICIENT_MARGIN
IRON_CONDOR,IRON_CONDOR_2024-01-29_2024-02-01,2024-01-29,75000.0,14479.85999999999,20000.0,SKIPPED_INSUFFICIENT_MARGIN
IRON_CONDOR,IRON_CONDOR_2024-02-02_2024-02-08,2024-02-02,75000.0,14479.85999999999,20000.0,SKIPPED_INSUFFICIENT_MARGIN
IRON_CONDOR,IRON_CONDOR_2024-02-09_2024-02-15,2024-02-09,75000.0,14479.85999999999,20000.0,SKIPPED_INSUFFICIENT_MARGIN
IRON_CONDOR,IRON_CONDOR_2024-02-16_2024-02-22,2024-02-16,75000.0,14479.85999999999,20000.0,SKIPPED_INSUFFICIENT_MARGIN
IRON_CONDOR,IRON_CONDOR_2024-02-23_2024-02-29,2024-02-23,75000.0,14479.85999999999,20000.0,SKIPPED_INSUFFICIENT_MARGIN
IRON_CONDOR,IRON_CONDOR_2024-03-01_2024-03-07,2024-03-01,75000.0,14479.85999999999,20000.0,SKIPPED_INSUFFICIENT_MARGIN
IRON_CONDOR,IRON_CONDOR_2024-03-11_2024-03-14,2024-03-11,75000.0,14479.85999999999,20000.0,SKIPPED_INSUFFICIENT_MARGIN
IRON_CONDOR,IRON_CONDOR_2024-03-15_2024-03-21,2024-03-15,75000.0,14479.85999999999,20000.0,SKIPPED_INSUFFICIENT_MARGIN
IRON_CONDOR,IRON_CONDOR_2024-03-22_2024-03-28,2024-03-22,75000.0,14479.85999999999,20000.0,SKIPPED_INSUFFICIENT_MARGIN
IRON_CONDOR,IRON_CONDOR_2024-04-01_2024-04-04,2024-04-01,75000.0,14479.85999999999,20000.0,SKIPPED_INSUFFICIENT_MARGIN
IRON_CONDOR,IRON_CONDOR_2024-04-05_2024-04-10,2024-04-05,75000.0,14479.85999999999,20000.0,SKIPPED_INSUFFICIENT_MARGIN
IRON_CONDOR,IRON_CONDOR_2024-04-12_2024-04-18,2024-04-12,75000.0,14479.85999999999,20000.0,SKIPPED_INSUFFICIENT_MARGIN
IRON_CONDOR,IRON_CONDOR_2024-04-19_2024-04-25,2024-04-19,75000.0,14479.85999999999,20000.0,SKIPPED_INSUFFICIENT_MARGIN
IRON_CONDOR,IRON_CONDOR_2024-04-26_2024-05-02,2024-04-26,75000.0,14479.85999999999,20000.0,SKIPPED_INSUFFICIENT_MARGIN
IRON_CONDOR,IRON_CONDOR_2024-05-03_2024-05-09,2024-05-03,75000.0,14479.85999999999,20000.0,SKIPPED_INSUFFICIENT_MARGIN
IRON_CONDOR,IRON_CONDOR_2024-05-10_2024-05-16,2024-05-10,75000.0,14479.85999999999,20000.0,SKIPPED_INSUFFICIENT_MARGIN
IRON_CONDOR,IRON_CONDOR_2024-05-17_2024-05-23,2024-05-17,75000.0,14479.85999999999,20000.0,SKIPPED_INSUFFICIENT_MARGIN
IRON_CONDOR,IRON_CONDOR_2024-05-24_2024-05-30,2024-05-24,75000.0,14479.85999999999,20000.0,SKIPPED_INSUFFICIENT_MARGIN
IRON_CONDOR,IRON_CONDOR_2024-05-31_2024-06-06,2024-05-31,75000.0,14479.85999999999,20000.0,SKIPPED_INSUFFICIENT_MARGIN
IRON_CONDOR,IRON_CONDOR_2024-06-07_2024-06-13,2024-06-07,75000.0,14479.85999999999,20000.0,SKIPPED_INSUFFICIENT_MARGIN
IRON_CONDOR,IRON_CONDOR_2024-06-14_2024-06-20,2024-06-14,75000.0,14479.85999999999,20000.0,SKIPPED_INSUFFICIENT_MARGIN
IRON_CONDOR,IRON_CONDOR_2024-06-21_2024-06-27,2024-06-21,75000.0,14479.85999999999,20000.0,SKIPPED_INSUFFICIENT_MARGIN
IRON_CONDOR,IRON_CONDOR_2024-06-28_2024-07-04,2024-06-28,75000.0,14479.85999999999,20000.0,SKIPPED_INSUFFICIENT_MARGIN
IRON_CONDOR,IRON_CONDOR_2024-07-05_2024-07-11,2024-07-05,75000.0,14479.85999999999,20000.0,SKIPPED_INSUFFICIENT_MARGIN
IRON_CONDOR,IRON_CONDOR_2024-07-12_2024-07-18,2024-07-12,75000.0,14479.85999999999,20000.0,SKIPPED_INSUFFICIENT_MARGIN
IRON_CONDOR,IRON_CONDOR_2024-07-19_2024-07-25,2024-07-19,75000.0,14479.85999999999,20000.0,SKIPPED_INSUFFICIENT_MARGIN
IRON_CONDOR,IRON_CONDOR_2024-07-26_2024-08-01,2024-07-26,75000.0,14479.85999999999,20000.0,SKIPPED_INSUFFICIENT_MARGIN
IRON_CONDOR,IRON_CONDOR_2024-08-02_2024-08-08,2024-08-02,75000.0,14479.85999999999,20000.0,SKIPPED_INSUFFICIENT_MARGIN
IRON_CONDOR,IRON_CONDOR_2024-08-09_2024-08-14,2024-08-09,75000.0,14479.85999999999,20000.0,SKIPPED_INSUFFICIENT_MARGIN
IRON_CONDOR,IRON_CONDOR_2024-08-16_2024-08-22,2024-08-16,75000.0,14479.85999999999,20000.0,SKIPPED_INSUFFICIENT_MARGIN
IRON_CONDOR,IRON_CONDOR_2024-08-23_2024-08-29,2024-08-23,75000.0,14479.85999999999,20000.0,SKIPPED_INSUFFICIENT_MARGIN
IRON_CONDOR,IRON_CONDOR_2024-08-30_2024-09-05,2024-08-30,75000.0,14479.85999999999,20000.0,SKIPPED_INSUFFICIENT_MARGIN
IRON_CONDOR,IRON_CONDOR_2024-09-06_2024-09-12,2024-09-06,75000.0,14479.85999999999,20000.0,SKIPPED_INSUFFICIENT_MARGIN
IRON_CONDOR,IRON_CONDOR_2024-09-13_2024-09-19,2024-09-13,75000.0,14479.85999999999,20000.0,SKIPPED_INSUFFICIENT_MARGIN
IRON_CONDOR,IRON_CONDOR_2024-09-20_2024-09-26,2024-09-20,75000.0,14479.85999999999,20000.0,SKIPPED_INSUFFICIENT_MARGIN
IRON_CONDOR,IRON_CONDOR_2024-09-27_2024-10-03,2024-09-27,75000.0,14479.85999999999,20000.0,SKIPPED_INSUFFICIENT_MARGIN
IRON_CONDOR,IRON_CONDOR_2024-10-04_2024-10-10,2024-10-04,75000.0,14479.85999999999,20000.0,SKIPPED_INSUFFICIENT_MARGIN
IRON_CONDOR,IRON_CONDOR_2024-10-11_2024-10-17,2024-10-11,75000.0,14479.85999999999,20000.0,SKIPPED_INSUFFICIENT_MARGIN
IRON_CONDOR,IRON_CONDOR_2024-10-18_2024-10-24,2024-10-18,75000.0,14479.85999999999,20000.0,SKIPPED_INSUFFICIENT_MARGIN
IRON_CONDOR,IRON_CONDOR_2024-10-25_2024-10-31,2024-10-25,75000.0,14479.85999999999,20000.0,SKIPPED_INSUFFICIENT_MARGIN
IRON_CONDOR,IRON_CONDOR_2024-11-01_2024-11-07,2024-11-01,75000.0,14479.85999999999,20000.0,SKIPPED_INSUFFICIENT_MARGIN
IRON_CONDOR,IRON_CONDOR_2024-11-08_2024-11-14,2024-11-08,75000.0,14479.85999999999,20000.0,SKIPPED_INSUFFICIENT_MARGIN
IRON_CONDOR,IRON_CONDOR_2024-11-18_2024-11-21,2024-11-18,75000.0,14479.85999999999,20000.0,SKIPPED_INSUFFICIENT_MARGIN
IRON_CONDOR,IRON_CONDOR_2024-11-22_2024-11-28,2024-11-22,75000.0,14479.85999999999,20000.0,SKIPPED_INSUFFICIENT_MARGIN
IRON_CONDOR,IRON_CONDOR_2024-11-29_2024-12-05,2024-11-29,75000.0,14479.85999999999,20000.0,SKIPPED_INSUFFICIENT_MARGIN
IRON_CONDOR,IRON_CONDOR_2024-12-06_2024-12-12,2024-12-06,75000.0,14479.85999999999,20000.0,SKIPPED_INSUFFICIENT_MARGIN
IRON_CONDOR,IRON_CONDOR_2024-12-13_2024-12-19,2024-12-13,75000.0,14479.85999999999,20000.0,SKIPPED_INSUFFICIENT_MARGIN
IRON_CONDOR,IRON_CONDOR_2024-12-20_2024-12-26,2024-12-20,75000.0,14479.85999999999,20000.0,SKIPPED_INSUFFICIENT_MARGIN
IRON_CONDOR,IRON_CONDOR_2024-12-27_2025-01-02,2024-12-27,75000.0,14479.85999999999,20000.0,SKIPPED_INSUFFICIENT_MARGIN
IRON_CONDOR,IRON_CONDOR_2025-01-03_2025-01-09,2025-01-03,75000.0,14479.85999999999,20000.0,SKIPPED_INSUFFICIENT_MARGIN
IRON_CONDOR,IRON_CONDOR_2025-01-10_2025-01-16,2025-01-10,75000.0,14479.85999999999,20000.0,SKIPPED_INSUFFICIENT_MARGIN
IRON_CONDOR,IRON_CONDOR_2025-01-17_2025-01-23,2025-01-17,75000.0,14479.85999999999,20000.0,SKIPPED_INSUFFICIENT_MARGIN
IRON_CONDOR,IRON_CONDOR_2025-01-24_2025-01-30,2025-01-24,75000.0,14479.85999999999,20000.0,SKIPPED_INSUFFICIENT_MARGIN
IRON_CONDOR,IRON_CONDOR_2025-01-31_2025-02-06,2025-01-31,75000.0,14479.85999999999,20000.0,SKIPPED_INSUFFICIENT_MARGIN
IRON_CONDOR,IRON_CONDOR_2025-02-07_2025-02-13,2025-02-07,75000.0,14479.85999999999,20000.0,SKIPPED_INSUFFICIENT_MARGIN
IRON_CONDOR,IRON_CONDOR_2025-02-14_2025-02-20,2025-02-14,75000.0,14479.85999999999,20000.0,SKIPPED_INSUFFICIENT_MARGIN
IRON_CONDOR,IRON_CONDOR_2025-02-21_2025-02-27,2025-02-21,75000.0,14479.85999999999,20000.0,SKIPPED_INSUFFICIENT_MARGIN
IRON_CONDOR,IRON_CONDOR_2025-02-28_2025-03-06,2025-02-28,75000.0,14479.85999999999,20000.0,SKIPPED_INSUFFICIENT_MARGIN
IRON_CONDOR,IRON_CONDOR_2025-03-07_2025-03-13,2025-03-07,75000.0,14479.85999999999,20000.0,SKIPPED_INSUFFICIENT_MARGIN
IRON_CONDOR,IRON_CONDOR_2025-03-17_2025-03-20,2025-03-17,75000.0,14479.85999999999,20000.0,SKIPPED_INSUFFICIENT_MARGIN
IRON_CONDOR,IRON_CONDOR_2025-03-21_2025-03-27,2025-03-21,75000.0,14479.85999999999,20000.0,SKIPPED_INSUFFICIENT_MARGIN
IRON_CONDOR,IRON_CONDOR_2025-03-28_2025-04-03,2025-03-28,75000.0,14479.85999999999,20000.0,SKIPPED_INSUFFICIENT_MARGIN
IRON_CONDOR,IRON_CONDOR_2025-04-04_2025-04-09,2025-04-04,75000.0,14479.85999999999,20000.0,SKIPPED_INSUFFICIENT_MARGIN
IRON_CONDOR,IRON_CONDOR_2025-04-11_2025-04-17,2025-04-11,75000.0,14479.85999999999,20000.0,SKIPPED_INSUFFICIENT_MARGIN
IRON_CONDOR,IRON_CONDOR_2025-04-21_2025-04-24,2025-04-21,75000.0,14479.85999999999,20000.0,SKIPPED_INSUFFICIENT_MARGIN
IRON_CONDOR,IRON_CONDOR_2025-04-25_2025-04-30,2025-04-25,75000.0,14479.85999999999,20000.0,SKIPPED_INSUFFICIENT_MARGIN
IRON_CONDOR,IRON_CONDOR_2025-05-02_2025-05-08,2025-05-02,75000.0,14479.85999999999,20000.0,SKIPPED_INSUFFICIENT_MARGIN
IRON_CONDOR,IRON_CONDOR_2025-05-09_2025-05-15,2025-05-09,75000.0,14479.85999999999,20000.0,SKIPPED_INSUFFICIENT_MARGIN
IRON_CONDOR,IRON_CONDOR_2025-05-16_2025-05-22,2025-05-16,75000.0,14479.85999999999,20000.0,SKIPPED_INSUFFICIENT_MARGIN
IRON_CONDOR,IRON_CONDOR_2025-05-23_2025-05-29,2025-05-23,75000.0,14479.85999999999,20000.0,SKIPPED_INSUFFICIENT_MARGIN
IRON_CONDOR,IRON_CONDOR_2025-05-30_2025-06-05,2025-05-30,75000.0,14479.85999999999,20000.0,SKIPPED_INSUFFICIENT_MARGIN
IRON_CONDOR,IRON_CONDOR_2025-06-06_2025-06-12,2025-06-06,75000.0,14479.85999999999,20000.0,SKIPPED_INSUFFICIENT_MARGIN
IRON_CONDOR,IRON_CONDOR_2025-06-13_2025-06-19,2025-06-13,75000.0,14479.85999999999,20000.0,SKIPPED_INSUFFICIENT_MARGIN
IRON_CONDOR,IRON_CONDOR_2025-06-20_2025-06-26,2025-06-20,75000.0,14479.85999999999,20000.0,SKIPPED_INSUFFICIENT_MARGIN
IRON_CONDOR,IRON_CONDOR_2025-06-27_2025-07-03,2025-06-27,75000.0,14479.85999999999,20000.0,SKIPPED_INSUFFICIENT_MARGIN
IRON_CONDOR,IRON_CONDOR_2025-07-04_2025-07-10,2025-07-04,75000.0,14479.85999999999,20000.0,SKIPPED_INSUFFICIENT_MARGIN
IRON_CONDOR,IRON_CONDOR_2025-07-11_2025-07-17,2025-07-11,75000.0,14479.85999999999,20000.0,SKIPPED_INSUFFICIENT_MARGIN
IRON_CONDOR,IRON_CONDOR_2025-07-18_2025-07-24,2025-07-18,75000.0,14479.85999999999,20000.0,SKIPPED_INSUFFICIENT_MARGIN
IRON_CONDOR,IRON_CONDOR_2025-07-25_2025-07-31,2025-07-25,75000.0,14479.85999999999,20000.0,SKIPPED_INSUFFICIENT_MARGIN
IRON_CONDOR,IRON_CONDOR_2025-08-01_2025-08-07,2025-08-01,75000.0,14479.85999999999,20000.0,SKIPPED_INSUFFICIENT_MARGIN
IRON_CONDOR,IRON_CONDOR_2025-08-08_2025-08-14,2025-08-08,75000.0,14479.85999999999,20000.0,SKIPPED_INSUFFICIENT_MARGIN
IRON_CONDOR,IRON_CONDOR_2025-08-18_2025-08-21,2025-08-18,75000.0,14479.85999999999,20000.0,SKIPPED_INSUFFICIENT_MARGIN
IRON_CONDOR,IRON_CONDOR_2025-08-22_2025-08-28,2025-08-22,75000.0,14479.85999999999,20000.0,SKIPPED_INSUFFICIENT_MARGIN
IRON_CONDOR,IRON_CONDOR_2025-08-29_2025-09-02,2025-08-29,75000.0,14479.85999999999,20000.0,SKIPPED_INSUFFICIENT_MARGIN
IRON_CONDOR,IRON_CONDOR_2025-09-03_2025-09-09,2025-09-03,75000.0,14479.85999999999,20000.0,SKIPPED_INSUFFICIENT_MARGIN
IRON_CONDOR,IRON_CONDOR_2025-09-10_2025-09-16,2025-09-10,75000.0,14479.85999999999,20000.0,SKIPPED_INSUFFICIENT_MARGIN
IRON_CONDOR,IRON_CONDOR_2025-09-17_2025-09-23,2025-09-17,75000.0,14479.85999999999,20000.0,SKIPPED_INSUFFICIENT_MARGIN
IRON_CONDOR,IRON_CONDOR_2025-09-26_2025-09-30,2025-09-26,75000.0,14479.85999999999,20000.0,SKIPPED_INSUFFICIENT_MARGIN
IRON_CONDOR,IRON_CONDOR_2025-10-01_2025-10-07,2025-10-01,75000.0,14479.85999999999,20000.0,SKIPPED_INSUFFICIENT_MARGIN
IRON_CONDOR,IRON_CONDOR_2025-10-08_2025-10-14,2025-10-08,75000.0,14479.85999999999,20000.0,SKIPPED_INSUFFICIENT_MARGIN
IRON_CONDOR,IRON_CONDOR_2025-10-15_2025-10-20,2025-10-15,75000.0,14479.85999999999,20000.0,SKIPPED_INSUFFICIENT_MARGIN
IRON_CONDOR,IRON_CONDOR_2025-10-21_2025-10-28,2025-10-21,75000.0,14479.85999999999,20000.0,SKIPPED_INSUFFICIENT_MARGIN
IRON_CONDOR,IRON_CONDOR_2025-10-29_2025-11-04,2025-10-29,75000.0,14479.85999999999,20000.0,SKIPPED_INSUFFICIENT_MARGIN
IRON_CONDOR,IRON_CONDOR_2025-11-06_2025-11-11,2025-11-06,75000.0,14479.85999999999,20000.0,SKIPPED_INSUFFICIENT_MARGIN
IRON_CONDOR,IRON_CONDOR_2025-11-12_2025-11-18,2025-11-12,75000.0,14479.85999999999,20000.0,SKIPPED_INSUFFICIENT_MARGIN
IRON_CONDOR,IRON_CONDOR_2025-11-19_2025-11-25,2025-11-19,75000.0,14479.85999999999,20000.0,SKIPPED_INSUFFICIENT_MARGIN
IRON_CONDOR,IRON_CONDOR_2025-11-26_2025-12-02,2025-11-26,75000.0,14479.85999999999,20000.0,SKIPPED_INSUFFICIENT_MARGIN
IRON_CONDOR,IRON_CONDOR_2025-12-03_2025-12-09,2025-12-03,75000.0,14479.85999999999,20000.0,SKIPPED_INSUFFICIENT_MARGIN
IRON_CONDOR,IRON_CONDOR_2025-12-10_2025-12-16,2025-12-10,75000.0,14479.85999999999,20000.0,SKIPPED_INSUFFICIENT_MARGIN
IRON_CONDOR,IRON_CONDOR_2025-12-17_2025-12-23,2025-12-17,75000.0,14479.85999999999,20000.0,SKIPPED_INSUFFICIENT_MARGIN
IRON_CONDOR,IRON_CONDOR_2025-12-26_2025-12-30,2025-12-26,75000.0,14479.85999999999,20000.0,SKIPPED_INSUFFICIENT_MARGIN
IRON_CONDOR,IRON_CONDOR_2025-12-31_2026-01-06,2025-12-31,75000.0,14479.85999999999,20000.0,SKIPPED_INSUFFICIENT_MARGIN
IRON_CONDOR,IRON_CONDOR_2026-01-07_2026-01-13,2026-01-07,75000.0,14479.85999999999,20000.0,SKIPPED_INSUFFICIENT_MARGIN
IRON_CONDOR,IRON_CONDOR_2026-01-14_2026-01-20,2026-01-14,75000.0,14479.85999999999,20000.0,SKIPPED_INSUFFICIENT_MARGIN
IRON_CONDOR,IRON_CONDOR_2026-01-21_2026-01-27,2026-01-21,75000.0,14479.85999999999,20000.0,SKIPPED_INSUFFICIENT_MARGIN
IRON_CONDOR,IRON_CONDOR_2026-01-28_2026-02-03,2026-01-28,75000.0,14479.85999999999,20000.0,SKIPPED_INSUFFICIENT_MARGIN
IRON_CONDOR,IRON_CONDOR_2026-02-04_2026-02-10,2026-02-04,75000.0,14479.85999999999,20000.0,SKIPPED_INSUFFICIENT_MARGIN
IRON_CONDOR,IRON_CONDOR_2026-02-11_2026-02-17,2026-02-11,75000.0,14479.85999999999,20000.0,SKIPPED_INSUFFICIENT_MARGIN
IRON_CONDOR,IRON_CONDOR_2026-02-18_2026-02-24,2026-02-18,75000.0,14479.85999999999,20000.0,SKIPPED_INSUFFICIENT_MARGIN
IRON_CONDOR,IRON_CONDOR_2026-02-25_2026-03-02,2026-02-25,75000.0,14479.85999999999,20000.0,SKIPPED_INSUFFICIENT_MARGIN
IRON_CONDOR,IRON_CONDOR_2026-03-04_2026-03-10,2026-03-04,75000.0,14479.85999999999,20000.0,SKIPPED_INSUFFICIENT_MARGIN
IRON_CONDOR,IRON_CONDOR_2026-03-11_2026-03-17,2026-03-11,75000.0,14479.85999999999,20000.0,SKIPPED_INSUFFICIENT_MARGIN
IRON_CONDOR,IRON_CONDOR_2026-03-18_2026-03-24,2026-03-18,75000.0,14479.85999999999,20000.0,SKIPPED_INSUFFICIENT_MARGIN
IRON_CONDOR,IRON_CONDOR_2026-03-27_2026-03-30,2026-03-27,75000.0,14479.85999999999,20000.0,SKIPPED_INSUFFICIENT_MARGIN
IRON_CONDOR,IRON_CONDOR_2026-04-01_2026-04-07,2026-04-01,75000.0,14479.85999999999,20000.0,SKIPPED_INSUFFICIENT_MARGIN
IRON_CONDOR,IRON_CONDOR_2026-04-08_2026-04-13,2026-04-08,75000.0,14479.85999999999,20000.0,SKIPPED_INSUFFICIENT_MARGIN
IRON_CONDOR,IRON_CONDOR_2026-04-15_2026-04-21,2026-04-15,75000.0,14479.85999999999,20000.0,SKIPPED_INSUFFICIENT_MARGIN
IRON_CONDOR,IRON_CONDOR_2026-04-22_2026-04-28,2026-04-22,75000.0,14479.85999999999,20000.0,SKIPPED_INSUFFICIENT_MARGIN
IRON_CONDOR,IRON_CONDOR_2026-04-29_2026-05-05,2026-04-29,75000.0,14479.85999999999,20000.0,SKIPPED_INSUFFICIENT_MARGIN
IRON_CONDOR,IRON_CONDOR_2026-05-06_2026-05-12,2026-05-06,75000.0,14479.85999999999,20000.0,SKIPPED_INSUFFICIENT_MARGIN
IRON_CONDOR,IRON_CONDOR_2026-05-13_2026-05-19,2026-05-13,75000.0,14479.85999999999,20000.0,SKIPPED_INSUFFICIENT_MARGIN
IRON_CONDOR,IRON_CONDOR_2026-05-20_2026-05-26,2026-05-20,75000.0,14479.85999999999,20000.0,SKIPPED_INSUFFICIENT_MARGIN
IRON_CONDOR,IRON_CONDOR_2026-05-27_2026-06-02,2026-05-27,75000.0,14479.85999999999,20000.0,SKIPPED_INSUFFICIENT_MARGIN
IRON_CONDOR,IRON_CONDOR_2026-06-03_2026-06-09,2026-06-03,75000.0,14479.85999999999,20000.0,SKIPPED_INSUFFICIENT_MARGIN
IRON_CONDOR,IRON_CONDOR_2026-06-10_2026-06-16,2026-06-10,75000.0,14479.85999999999,20000.0,SKIPPED_INSUFFICIENT_MARGIN
IRON_CONDOR,IRON_CONDOR_2026-06-17_2026-06-23,2026-06-17,75000.0,14479.85999999999,20000.0,SKIPPED_INSUFFICIENT_MARGIN
IRON_CONDOR,IRON_CONDOR_2026-06-29_2026-06-30,2026-06-29,75000.0,14479.85999999999,20000.0,SKIPPED_INSUFFICIENT_MARGIN
IRON_CONDOR,IRON_CONDOR_2026-07-01_2026-07-07,2026-07-01,75000.0,14479.85999999999,20000.0,SKIPPED_INSUFFICIENT_MARGIN
IRON_CONDOR,IRON_CONDOR_2026-07-08_2026-07-14,2026-07-08,75000.0,14479.85999999999,20000.0,SKIPPED_INSUFFICIENT_MARGIN
IRON_CONDOR,IRON_CONDOR_2026-07-15_2026-07-21,2026-07-15,75000.0,14479.85999999999,20000.0,SKIPPED_INSUFFICIENT_MARGIN
IRON_CONDOR,IRON_CONDOR_2026-07-22_2026-07-28,2026-07-22,75000.0,14479.85999999999,20000.0,SKIPPED_INSUFFICIENT_MARGIN
IRON_CONDOR,IRON_CONDOR_2026-07-29_2026-08-04,2026-07-29,75000.0,14479.85999999999,20000.0,SKIPPED_INSUFFICIENT_MARGIN
IRON_CONDOR,IRON_CONDOR_2026-08-05_2026-08-11,2026-08-05,75000.0,14479.85999999999,20000.0,SKIPPED_INSUFFICIENT_MARGIN
IRON_CONDOR,IRON_CONDOR_2026-08-12_2026-08-18,2026-08-12,75000.0,14479.85999999999,20000.0,SKIPPED_INSUFFICIENT_MARGIN
IRON_CONDOR,IRON_CONDOR_2026-08-19_2026-08-25,2026-08-19,75000.0,14479.85999999999,20000.0,SKIPPED_INSUFFICIENT_MARGIN
IRON_CONDOR,IRON_CONDOR_2026-08-26_2026-09-01,2026-08-26,75000.0,14479.85999999999,20000.0,SKIPPED_INSUFFICIENT_MARGIN
IRON_CONDOR,IRON_CONDOR_2026-09-02_2026-09-08,2026-09-02,75000.0,14479.85999999999,20000.0,SKIPPED_INSUFFICIENT_MARGIN
IRON_CONDOR,IRON_CONDOR_2026-09-09_2026-09-15,2026-09-09,75000.0,14479.85999999999,20000.0,SKIPPED_INSUFFICIENT_MARGIN
IRON_CONDOR,IRON_CONDOR_2020-03-20_2020-03-26,2020-03-20,100000.0,81526.02,343607.0624999999,SKIPPED_INSUFFICIENT_MARGIN
IRON_CONDOR,IRON_CONDOR_2021-02-05_2021-02-11,2021-02-05,100000.0,13255.489999999998,20000.0,SKIPPED_INSUFFICIENT_MARGIN
IRON_CONDOR,IRON_CONDOR_2021-03-05_2021-03-10,2021-03-05,100000.0,13255.489999999998,20000.0,SKIPPED_INSUFFICIENT_MARGIN
IRON_CONDOR,IRON_CONDOR_2021-03-12_2021-03-18,2021-03-12,100000.0,13255.489999999998,20000.0,SKIPPED_INSUFFICIENT_MARGIN
IRON_CONDOR,IRON_CONDOR_2021-03-26_2021-04-01,2021-03-26,100000.0,13255.489999999998,20000.0,SKIPPED_INSUFFICIENT_MARGIN
IRON_CONDOR,IRON_CONDOR_2021-04-05_2021-04-08,2021-04-05,100000.0,13255.489999999998,20000.0,SKIPPED_INSUFFICIENT_MARGIN
IRON_CONDOR,IRON_CONDOR_2021-04-09_2021-04-15,2021-04-09,100000.0,13255.489999999998,20000.0,SKIPPED_INSUFFICIENT_MARGIN
IRON_CONDOR,IRON_CONDOR_2021-04-16_2021-04-22,2021-04-16,100000.0,13255.489999999998,20000.0,SKIPPED_INSUFFICIENT_MARGIN
IRON_CONDOR,IRON_CONDOR_2021-04-23_2021-04-29,2021-04-23,100000.0,13255.489999999998,20000.0,SKIPPED_INSUFFICIENT_MARGIN
IRON_CONDOR,IRON_CONDOR_2021-04-30_2021-05-06,2021-04-30,100000.0,13255.489999999998,20000.0,SKIPPED_INSUFFICIENT_MARGIN
IRON_CONDOR,IRON_CONDOR_2021-05-14_2021-05-20,2021-05-14,100000.0,13255.489999999998,20000.0,SKIPPED_INSUFFICIENT_MARGIN
IRON_CONDOR,IRON_CONDOR_2021-05-21_2021-05-27,2021-05-21,100000.0,13255.489999999998,20000.0,SKIPPED_INSUFFICIENT_MARGIN
IRON_CONDOR,IRON_CONDOR_2021-06-04_2021-06-10,2021-06-04,100000.0,13255.489999999998,20000.0,SKIPPED_INSUFFICIENT_MARGIN
IRON_CONDOR,IRON_CONDOR_2021-06-11_2021-06-17,2021-06-11,100000.0,13255.489999999998,20000.0,SKIPPED_INSUFFICIENT_MARGIN
IRON_CONDOR,IRON_CONDOR_2021-06-18_2021-06-24,2021-06-18,100000.0,13255.489999999998,20000.0,SKIPPED_INSUFFICIENT_MARGIN
IRON_CONDOR,IRON_CONDOR_2021-06-25_2021-07-01,2021-06-25,100000.0,13255.489999999998,20000.0,SKIPPED_INSUFFICIENT_MARGIN
IRON_CONDOR,IRON_CONDOR_2021-07-02_2021-07-08,2021-07-02,100000.0,13255.489999999998,20000.0,SKIPPED_INSUFFICIENT_MARGIN
IRON_CONDOR,IRON_CONDOR_2021-07-09_2021-07-15,2021-07-09,100000.0,13255.489999999998,20000.0,SKIPPED_INSUFFICIENT_MARGIN
IRON_CONDOR,IRON_CONDOR_2021-07-16_2021-07-22,2021-07-16,100000.0,13255.489999999998,20000.0,SKIPPED_INSUFFICIENT_MARGIN
IRON_CONDOR,IRON_CONDOR_2021-07-23_2021-07-29,2021-07-23,100000.0,13255.489999999998,20000.0,SKIPPED_INSUFFICIENT_MARGIN
IRON_CONDOR,IRON_CONDOR_2021-08-20_2021-08-26,2021-08-20,100000.0,13255.489999999998,20000.0,SKIPPED_INSUFFICIENT_MARGIN
IRON_CONDOR,IRON_CONDOR_2021-08-27_2021-09-02,2021-08-27,100000.0,13255.489999999998,20000.0,SKIPPED_INSUFFICIENT_MARGIN
IRON_CONDOR,IRON_CONDOR_2021-09-03_2021-09-09,2021-09-03,100000.0,13255.489999999998,20000.0,SKIPPED_INSUFFICIENT_MARGIN
IRON_CONDOR,IRON_CONDOR_2021-09-13_2021-09-16,2021-09-13,100000.0,13255.489999999998,20000.0,SKIPPED_INSUFFICIENT_MARGIN
IRON_CONDOR,IRON_CONDOR_2021-09-17_2021-09-23,2021-09-17,100000.0,13255.489999999998,20000.0,SKIPPED_INSUFFICIENT_MARGIN
IRON_CONDOR,IRON_CONDOR_2021-09-24_2021-09-30,2021-09-24,100000.0,13255.489999999998,108016.62500000001,SKIPPED_INSUFFICIENT_MARGIN
IRON_CONDOR,IRON_CONDOR_2021-10-01_2021-10-07,2021-10-01,100000.0,13255.489999999998,20000.0,SKIPPED_INSUFFICIENT_MARGIN
IRON_CONDOR,IRON_CONDOR_2021-10-22_2021-10-28,2021-10-22,100000.0,13255.489999999998,20000.0,SKIPPED_INSUFFICIENT_MARGIN
IRON_CONDOR,IRON_CONDOR_2021-10-29_2021-11-03,2021-10-29,100000.0,13255.489999999998,20000.0,SKIPPED_INSUFFICIENT_MARGIN
IRON_CONDOR,IRON_CONDOR_2021-11-04_2021-11-11,2021-11-04,100000.0,13255.489999999998,20000.0,SKIPPED_INSUFFICIENT_MARGIN
IRON_CONDOR,IRON_CONDOR_2021-11-12_2021-11-18,2021-11-12,100000.0,13255.489999999998,20000.0,SKIPPED_INSUFFICIENT_MARGIN
IRON_CONDOR,IRON_CONDOR_2021-12-03_2021-12-09,2021-12-03,100000.0,13255.489999999998,20000.0,SKIPPED_INSUFFICIENT_MARGIN
IRON_CONDOR,IRON_CONDOR_2021-12-10_2021-12-16,2021-12-10,100000.0,13255.489999999998,20000.0,SKIPPED_INSUFFICIENT_MARGIN
IRON_CONDOR,IRON_CONDOR_2021-12-17_2021-12-23,2021-12-17,100000.0,13255.489999999998,20000.0,SKIPPED_INSUFFICIENT_MARGIN
IRON_CONDOR,IRON_CONDOR_2021-12-24_2021-12-30,2021-12-24,100000.0,13255.489999999998,20000.0,SKIPPED_INSUFFICIENT_MARGIN
IRON_CONDOR,IRON_CONDOR_2021-12-31_2022-01-06,2021-12-31,100000.0,13255.489999999998,20000.0,SKIPPED_INSUFFICIENT_MARGIN
IRON_CONDOR,IRON_CONDOR_2022-01-07_2022-01-13,2022-01-07,100000.0,13255.489999999998,20000.0,SKIPPED_INSUFFICIENT_MARGIN
IRON_CONDOR,IRON_CONDOR_2022-01-28_2022-02-03,2022-01-28,100000.0,13255.489999999998,20000.0,SKIPPED_INSUFFICIENT_MARGIN
IRON_CONDOR,IRON_CONDOR_2022-02-11_2022-02-17,2022-02-11,100000.0,13255.489999999998,20000.0,SKIPPED_INSUFFICIENT_MARGIN
IRON_CONDOR,IRON_CONDOR_2022-02-18_2022-02-24,2022-02-18,100000.0,13255.489999999998,20000.0,SKIPPED_INSUFFICIENT_MARGIN
IRON_CONDOR,IRON_CONDOR_2022-03-04_2022-03-10,2022-03-04,100000.0,13255.489999999998,20000.0,SKIPPED_INSUFFICIENT_MARGIN
IRON_CONDOR,IRON_CONDOR_2022-03-11_2022-03-17,2022-03-11,100000.0,13255.489999999998,20000.0,SKIPPED_INSUFFICIENT_MARGIN
IRON_CONDOR,IRON_CONDOR_2022-03-21_2022-03-24,2022-03-21,100000.0,13255.489999999998,20000.0,SKIPPED_INSUFFICIENT_MARGIN
IRON_CONDOR,IRON_CONDOR_2022-03-25_2022-03-31,2022-03-25,100000.0,13255.489999999998,20000.0,SKIPPED_INSUFFICIENT_MARGIN
IRON_CONDOR,IRON_CONDOR_2022-04-01_2022-04-07,2022-04-01,100000.0,13255.489999999998,61326.62499999998,SKIPPED_INSUFFICIENT_MARGIN
IRON_CONDOR,IRON_CONDOR_2022-04-08_2022-04-13,2022-04-08,100000.0,13255.489999999998,20000.0,SKIPPED_INSUFFICIENT_MARGIN
IRON_CONDOR,IRON_CONDOR_2022-04-29_2022-05-05,2022-04-29,100000.0,13255.489999999998,20000.0,SKIPPED_INSUFFICIENT_MARGIN
IRON_CONDOR,IRON_CONDOR_2022-05-06_2022-05-12,2022-05-06,100000.0,13255.489999999998,20000.0,SKIPPED_INSUFFICIENT_MARGIN
IRON_CONDOR,IRON_CONDOR_2022-05-27_2022-06-02,2022-05-27,100000.0,13255.489999999998,20000.0,SKIPPED_INSUFFICIENT_MARGIN
IRON_CONDOR,IRON_CONDOR_2022-06-03_2022-06-09,2022-06-03,100000.0,13255.489999999998,27004.875000000004,SKIPPED_INSUFFICIENT_MARGIN
IRON_CONDOR,IRON_CONDOR_2022-06-10_2022-06-16,2022-06-10,100000.0,13255.489999999998,20000.0,SKIPPED_INSUFFICIENT_MARGIN
IRON_CONDOR,IRON_CONDOR_2022-06-17_2022-06-23,2022-06-17,100000.0,13255.489999999998,20000.0,SKIPPED_INSUFFICIENT_MARGIN
IRON_CONDOR,IRON_CONDOR_2022-07-22_2022-07-28,2022-07-22,100000.0,13255.489999999998,20000.0,SKIPPED_INSUFFICIENT_MARGIN
IRON_CONDOR,IRON_CONDOR_2022-08-05_2022-08-11,2022-08-05,100000.0,13255.489999999998,20000.0,SKIPPED_INSUFFICIENT_MARGIN
IRON_CONDOR,IRON_CONDOR_2022-08-19_2022-08-25,2022-08-19,100000.0,13255.489999999998,20000.0,SKIPPED_INSUFFICIENT_MARGIN
IRON_CONDOR,IRON_CONDOR_2022-09-09_2022-09-15,2022-09-09,100000.0,13255.489999999998,20000.0,SKIPPED_INSUFFICIENT_MARGIN
IRON_CONDOR,IRON_CONDOR_2022-09-16_2022-09-22,2022-09-16,100000.0,13255.489999999998,20000.0,SKIPPED_INSUFFICIENT_MARGIN
IRON_CONDOR,IRON_CONDOR_2022-09-30_2022-10-06,2022-09-30,100000.0,13255.489999999998,20000.0,SKIPPED_INSUFFICIENT_MARGIN
IRON_CONDOR,IRON_CONDOR_2022-10-14_2022-10-20,2022-10-14,100000.0,13255.489999999998,20000.0,SKIPPED_INSUFFICIENT_MARGIN
IRON_CONDOR,IRON_CONDOR_2022-10-21_2022-10-27,2022-10-21,100000.0,13255.489999999998,20000.0,SKIPPED_INSUFFICIENT_MARGIN
IRON_CONDOR,IRON_CONDOR_2022-11-04_2022-11-10,2022-11-04,100000.0,13255.489999999998,20000.0,SKIPPED_INSUFFICIENT_MARGIN
IRON_CONDOR,IRON_CONDOR_2022-11-25_2022-12-01,2022-11-25,100000.0,13255.489999999998,20000.0,SKIPPED_INSUFFICIENT_MARGIN
IRON_CONDOR,IRON_CONDOR_2022-12-02_2022-12-08,2022-12-02,100000.0,13255.489999999998,20000.0,SKIPPED_INSUFFICIENT_MARGIN
IRON_CONDOR,IRON_CONDOR_2022-12-09_2022-12-15,2022-12-09,100000.0,13255.489999999998,20000.0,SKIPPED_INSUFFICIENT_MARGIN
IRON_CONDOR,IRON_CONDOR_2022-12-30_2023-01-05,2022-12-30,100000.0,13255.489999999998,20000.0,SKIPPED_INSUFFICIENT_MARGIN
IRON_CONDOR,IRON_CONDOR_2023-01-27_2023-02-02,2023-01-27,100000.0,13255.489999999998,20000.0,SKIPPED_INSUFFICIENT_MARGIN
IRON_CONDOR,IRON_CONDOR_2023-03-17_2023-03-23,2023-03-17,100000.0,13255.489999999998,20000.0,SKIPPED_INSUFFICIENT_MARGIN
IRON_CONDOR,IRON_CONDOR_2023-05-12_2023-05-18,2023-05-12,100000.0,13255.489999999998,20000.0,SKIPPED_INSUFFICIENT_MARGIN
IRON_CONDOR,IRON_CONDOR_2023-05-19_2023-05-25,2023-05-19,100000.0,13255.489999999998,20000.0,SKIPPED_INSUFFICIENT_MARGIN
IRON_CONDOR,IRON_CONDOR_2023-06-09_2023-06-15,2023-06-09,100000.0,13255.489999999998,20000.0,SKIPPED_INSUFFICIENT_MARGIN
IRON_CONDOR,IRON_CONDOR_2023-06-16_2023-06-22,2023-06-16,100000.0,13255.489999999998,20000.0,SKIPPED_INSUFFICIENT_MARGIN
IRON_CONDOR,IRON_CONDOR_2023-08-04_2023-08-10,2023-08-04,100000.0,13255.489999999998,20000.0,SKIPPED_INSUFFICIENT_MARGIN
IRON_CONDOR,IRON_CONDOR_2023-08-11_2023-08-17,2023-08-11,100000.0,13255.489999999998,20000.0,SKIPPED_INSUFFICIENT_MARGIN
IRON_CONDOR,IRON_CONDOR_2023-08-25_2023-08-31,2023-08-25,100000.0,13255.489999999998,20000.0,SKIPPED_INSUFFICIENT_MARGIN
IRON_CONDOR,IRON_CONDOR_2023-09-29_2023-10-05,2023-09-29,100000.0,13255.489999999998,20000.0,SKIPPED_INSUFFICIENT_MARGIN
IRON_CONDOR,IRON_CONDOR_2023-10-20_2023-10-26,2023-10-20,100000.0,13255.489999999998,20000.0,SKIPPED_INSUFFICIENT_MARGIN
IRON_CONDOR,IRON_CONDOR_2023-10-27_2023-11-02,2023-10-27,100000.0,13255.489999999998,20000.0,SKIPPED_INSUFFICIENT_MARGIN
IRON_CONDOR,IRON_CONDOR_2023-11-03_2023-11-09,2023-11-03,100000.0,13255.489999999998,20000.0,SKIPPED_INSUFFICIENT_MARGIN
IRON_CONDOR,IRON_CONDOR_2023-11-10_2023-11-16,2023-11-10,100000.0,13255.489999999998,20000.0,SKIPPED_INSUFFICIENT_MARGIN
IRON_CONDOR,IRON_CONDOR_2023-12-01_2023-12-07,2023-12-01,100000.0,13255.489999999998,20000.0,SKIPPED_INSUFFICIENT_MARGIN
IRON_CONDOR,IRON_CONDOR_2023-12-08_2023-12-14,2023-12-08,100000.0,13255.489999999998,20000.0,SKIPPED_INSUFFICIENT_MARGIN
IRON_CONDOR,IRON_CONDOR_2023-12-29_2024-01-04,2023-12-29,100000.0,13255.489999999998,20000.0,SKIPPED_INSUFFICIENT_MARGIN
IRON_CONDOR,IRON_CONDOR_2024-01-05_2024-01-11,2024-01-05,100000.0,13255.489999999998,20000.0,SKIPPED_INSUFFICIENT_MARGIN
IRON_CONDOR,IRON_CONDOR_2024-01-12_2024-01-18,2024-01-12,100000.0,13255.489999999998,20000.0,SKIPPED_INSUFFICIENT_MARGIN
IRON_CONDOR,IRON_CONDOR_2024-01-19_2024-01-25,2024-01-19,100000.0,13255.489999999998,20000.0,SKIPPED_INSUFFICIENT_MARGIN
IRON_CONDOR,IRON_CONDOR_2024-01-29_2024-02-01,2024-01-29,100000.0,13255.489999999998,20000.0,SKIPPED_INSUFFICIENT_MARGIN
IRON_CONDOR,IRON_CONDOR_2024-02-02_2024-02-08,2024-02-02,100000.0,13255.489999999998,20000.0,SKIPPED_INSUFFICIENT_MARGIN
IRON_CONDOR,IRON_CONDOR_2024-02-09_2024-02-15,2024-02-09,100000.0,13255.489999999998,20000.0,SKIPPED_INSUFFICIENT_MARGIN
IRON_CONDOR,IRON_CONDOR_2024-02-16_2024-02-22,2024-02-16,100000.0,13255.489999999998,20000.0,SKIPPED_INSUFFICIENT_MARGIN
IRON_CONDOR,IRON_CONDOR_2024-02-23_2024-02-29,2024-02-23,100000.0,13255.489999999998,20000.0,SKIPPED_INSUFFICIENT_MARGIN
IRON_CONDOR,IRON_CONDOR_2024-03-01_2024-03-07,2024-03-01,100000.0,13255.489999999998,20000.0,SKIPPED_INSUFFICIENT_MARGIN
IRON_CONDOR,IRON_CONDOR_2024-03-11_2024-03-14,2024-03-11,100000.0,13255.489999999998,20000.0,SKIPPED_INSUFFICIENT_MARGIN
IRON_CONDOR,IRON_CONDOR_2024-03-15_2024-03-21,2024-03-15,100000.0,13255.489999999998,20000.0,SKIPPED_INSUFFICIENT_MARGIN
IRON_CONDOR,IRON_CONDOR_2024-03-22_2024-03-28,2024-03-22,100000.0,13255.489999999998,20000.0,SKIPPED_INSUFFICIENT_MARGIN
IRON_CONDOR,IRON_CONDOR_2024-04-01_2024-04-04,2024-04-01,100000.0,13255.489999999998,20000.0,SKIPPED_INSUFFICIENT_MARGIN
IRON_CONDOR,IRON_CONDOR_2024-04-05_2024-04-10,2024-04-05,100000.0,13255.489999999998,20000.0,SKIPPED_INSUFFICIENT_MARGIN
IRON_CONDOR,IRON_CONDOR_2024-04-12_2024-04-18,2024-04-12,100000.0,13255.489999999998,20000.0,SKIPPED_INSUFFICIENT_MARGIN
IRON_CONDOR,IRON_CONDOR_2024-04-19_2024-04-25,2024-04-19,100000.0,13255.489999999998,20000.0,SKIPPED_INSUFFICIENT_MARGIN
IRON_CONDOR,IRON_CONDOR_2024-04-26_2024-05-02,2024-04-26,100000.0,13255.489999999998,20000.0,SKIPPED_INSUFFICIENT_MARGIN
IRON_CONDOR,IRON_CONDOR_2024-05-03_2024-05-09,2024-05-03,100000.0,13255.489999999998,20000.0,SKIPPED_INSUFFICIENT_MARGIN
IRON_CONDOR,IRON_CONDOR_2024-05-10_2024-05-16,2024-05-10,100000.0,13255.489999999998,20000.0,SKIPPED_INSUFFICIENT_MARGIN
IRON_CONDOR,IRON_CONDOR_2024-05-17_2024-05-23,2024-05-17,100000.0,13255.489999999998,20000.0,SKIPPED_INSUFFICIENT_MARGIN
IRON_CONDOR,IRON_CONDOR_2024-05-24_2024-05-30,2024-05-24,100000.0,13255.489999999998,20000.0,SKIPPED_INSUFFICIENT_MARGIN
IRON_CONDOR,IRON_CONDOR_2024-05-31_2024-06-06,2024-05-31,100000.0,13255.489999999998,20000.0,SKIPPED_INSUFFICIENT_MARGIN
IRON_CONDOR,IRON_CONDOR_2024-06-07_2024-06-13,2024-06-07,100000.0,13255.489999999998,20000.0,SKIPPED_INSUFFICIENT_MARGIN
IRON_CONDOR,IRON_CONDOR_2024-06-14_2024-06-20,2024-06-14,100000.0,13255.489999999998,20000.0,SKIPPED_INSUFFICIENT_MARGIN
IRON_CONDOR,IRON_CONDOR_2024-06-21_2024-06-27,2024-06-21,100000.0,13255.489999999998,20000.0,SKIPPED_INSUFFICIENT_MARGIN
IRON_CONDOR,IRON_CONDOR_2024-06-28_2024-07-04,2024-06-28,100000.0,13255.489999999998,20000.0,SKIPPED_INSUFFICIENT_MARGIN
IRON_CONDOR,IRON_CONDOR_2024-07-05_2024-07-11,2024-07-05,100000.0,13255.489999999998,20000.0,SKIPPED_INSUFFICIENT_MARGIN
IRON_CONDOR,IRON_CONDOR_2024-07-12_2024-07-18,2024-07-12,100000.0,13255.489999999998,20000.0,SKIPPED_INSUFFICIENT_MARGIN
IRON_CONDOR,IRON_CONDOR_2024-07-19_2024-07-25,2024-07-19,100000.0,13255.489999999998,20000.0,SKIPPED_INSUFFICIENT_MARGIN
IRON_CONDOR,IRON_CONDOR_2024-07-26_2024-08-01,2024-07-26,100000.0,13255.489999999998,20000.0,SKIPPED_INSUFFICIENT_MARGIN
IRON_CONDOR,IRON_CONDOR_2024-08-02_2024-08-08,2024-08-02,100000.0,13255.489999999998,20000.0,SKIPPED_INSUFFICIENT_MARGIN
IRON_CONDOR,IRON_CONDOR_2024-08-09_2024-08-14,2024-08-09,100000.0,13255.489999999998,20000.0,SKIPPED_INSUFFICIENT_MARGIN
IRON_CONDOR,IRON_CONDOR_2024-08-16_2024-08-22,2024-08-16,100000.0,13255.489999999998,20000.0,SKIPPED_INSUFFICIENT_MARGIN
IRON_CONDOR,IRON_CONDOR_2024-08-23_2024-08-29,2024-08-23,100000.0,13255.489999999998,20000.0,SKIPPED_INSUFFICIENT_MARGIN
IRON_CONDOR,IRON_CONDOR_2024-08-30_2024-09-05,2024-08-30,100000.0,13255.489999999998,20000.0,SKIPPED_INSUFFICIENT_MARGIN
IRON_CONDOR,IRON_CONDOR_2024-09-06_2024-09-12,2024-09-06,100000.0,13255.489999999998,20000.0,SKIPPED_INSUFFICIENT_MARGIN
IRON_CONDOR,IRON_CONDOR_2024-09-13_2024-09-19,2024-09-13,100000.0,13255.489999999998,20000.0,SKIPPED_INSUFFICIENT_MARGIN
IRON_CONDOR,IRON_CONDOR_2024-09-20_2024-09-26,2024-09-20,100000.0,13255.489999999998,20000.0,SKIPPED_INSUFFICIENT_MARGIN
IRON_CONDOR,IRON_CONDOR_2024-09-27_2024-10-03,2024-09-27,100000.0,13255.489999999998,20000.0,SKIPPED_INSUFFICIENT_MARGIN
IRON_CONDOR,IRON_CONDOR_2024-10-04_2024-10-10,2024-10-04,100000.0,13255.489999999998,20000.0,SKIPPED_INSUFFICIENT_MARGIN
IRON_CONDOR,IRON_CONDOR_2024-10-11_2024-10-17,2024-10-11,100000.0,13255.489999999998,20000.0,SKIPPED_INSUFFICIENT_MARGIN
IRON_CONDOR,IRON_CONDOR_2024-10-18_2024-10-24,2024-10-18,100000.0,13255.489999999998,20000.0,SKIPPED_INSUFFICIENT_MARGIN
IRON_CONDOR,IRON_CONDOR_2024-10-25_2024-10-31,2024-10-25,100000.0,13255.489999999998,20000.0,SKIPPED_INSUFFICIENT_MARGIN
IRON_CONDOR,IRON_CONDOR_2024-11-01_2024-11-07,2024-11-01,100000.0,13255.489999999998,20000.0,SKIPPED_INSUFFICIENT_MARGIN
IRON_CONDOR,IRON_CONDOR_2024-11-08_2024-11-14,2024-11-08,100000.0,13255.489999999998,20000.0,SKIPPED_INSUFFICIENT_MARGIN
IRON_CONDOR,IRON_CONDOR_2024-11-18_2024-11-21,2024-11-18,100000.0,13255.489999999998,20000.0,SKIPPED_INSUFFICIENT_MARGIN
IRON_CONDOR,IRON_CONDOR_2024-11-22_2024-11-28,2024-11-22,100000.0,13255.489999999998,20000.0,SKIPPED_INSUFFICIENT_MARGIN
IRON_CONDOR,IRON_CONDOR_2024-11-29_2024-12-05,2024-11-29,100000.0,13255.489999999998,20000.0,SKIPPED_INSUFFICIENT_MARGIN
IRON_CONDOR,IRON_CONDOR_2024-12-06_2024-12-12,2024-12-06,100000.0,13255.489999999998,20000.0,SKIPPED_INSUFFICIENT_MARGIN
IRON_CONDOR,IRON_CONDOR_2024-12-13_2024-12-19,2024-12-13,100000.0,13255.489999999998,20000.0,SKIPPED_INSUFFICIENT_MARGIN
IRON_CONDOR,IRON_CONDOR_2024-12-20_2024-12-26,2024-12-20,100000.0,13255.489999999998,20000.0,SKIPPED_INSUFFICIENT_MARGIN
IRON_CONDOR,IRON_CONDOR_2024-12-27_2025-01-02,2024-12-27,100000.0,13255.489999999998,20000.0,SKIPPED_INSUFFICIENT_MARGIN
IRON_CONDOR,IRON_CONDOR_2025-01-03_2025-01-09,2025-01-03,100000.0,13255.489999999998,20000.0,SKIPPED_INSUFFICIENT_MARGIN
IRON_CONDOR,IRON_CONDOR_2025-01-10_2025-01-16,2025-01-10,100000.0,13255.489999999998,20000.0,SKIPPED_INSUFFICIENT_MARGIN
IRON_CONDOR,IRON_CONDOR_2025-01-17_2025-01-23,2025-01-17,100000.0,13255.489999999998,20000.0,SKIPPED_INSUFFICIENT_MARGIN
IRON_CONDOR,IRON_CONDOR_2025-01-24_2025-01-30,2025-01-24,100000.0,13255.489999999998,20000.0,SKIPPED_INSUFFICIENT_MARGIN
IRON_CONDOR,IRON_CONDOR_2025-01-31_2025-02-06,2025-01-31,100000.0,13255.489999999998,20000.0,SKIPPED_INSUFFICIENT_MARGIN
IRON_CONDOR,IRON_CONDOR_2025-02-07_2025-02-13,2025-02-07,100000.0,13255.489999999998,20000.0,SKIPPED_INSUFFICIENT_MARGIN
IRON_CONDOR,IRON_CONDOR_2025-02-14_2025-02-20,2025-02-14,100000.0,13255.489999999998,20000.0,SKIPPED_INSUFFICIENT_MARGIN
IRON_CONDOR,IRON_CONDOR_2025-02-21_2025-02-27,2025-02-21,100000.0,13255.489999999998,20000.0,SKIPPED_INSUFFICIENT_MARGIN
IRON_CONDOR,IRON_CONDOR_2025-02-28_2025-03-06,2025-02-28,100000.0,13255.489999999998,20000.0,SKIPPED_INSUFFICIENT_MARGIN
IRON_CONDOR,IRON_CONDOR_2025-03-07_2025-03-13,2025-03-07,100000.0,13255.489999999998,20000.0,SKIPPED_INSUFFICIENT_MARGIN
IRON_CONDOR,IRON_CONDOR_2025-03-17_2025-03-20,2025-03-17,100000.0,13255.489999999998,20000.0,SKIPPED_INSUFFICIENT_MARGIN
IRON_CONDOR,IRON_CONDOR_2025-03-21_2025-03-27,2025-03-21,100000.0,13255.489999999998,20000.0,SKIPPED_INSUFFICIENT_MARGIN
IRON_CONDOR,IRON_CONDOR_2025-03-28_2025-04-03,2025-03-28,100000.0,13255.489999999998,20000.0,SKIPPED_INSUFFICIENT_MARGIN
IRON_CONDOR,IRON_CONDOR_2025-04-04_2025-04-09,2025-04-04,100000.0,13255.489999999998,20000.0,SKIPPED_INSUFFICIENT_MARGIN
IRON_CONDOR,IRON_CONDOR_2025-04-11_2025-04-17,2025-04-11,100000.0,13255.489999999998,20000.0,SKIPPED_INSUFFICIENT_MARGIN
IRON_CONDOR,IRON_CONDOR_2025-04-21_2025-04-24,2025-04-21,100000.0,13255.489999999998,20000.0,SKIPPED_INSUFFICIENT_MARGIN
IRON_CONDOR,IRON_CONDOR_2025-04-25_2025-04-30,2025-04-25,100000.0,13255.489999999998,20000.0,SKIPPED_INSUFFICIENT_MARGIN
IRON_CONDOR,IRON_CONDOR_2025-05-02_2025-05-08,2025-05-02,100000.0,13255.489999999998,20000.0,SKIPPED_INSUFFICIENT_MARGIN
IRON_CONDOR,IRON_CONDOR_2025-05-09_2025-05-15,2025-05-09,100000.0,13255.489999999998,20000.0,SKIPPED_INSUFFICIENT_MARGIN
IRON_CONDOR,IRON_CONDOR_2025-05-16_2025-05-22,2025-05-16,100000.0,13255.489999999998,20000.0,SKIPPED_INSUFFICIENT_MARGIN
IRON_CONDOR,IRON_CONDOR_2025-05-23_2025-05-29,2025-05-23,100000.0,13255.489999999998,20000.0,SKIPPED_INSUFFICIENT_MARGIN
IRON_CONDOR,IRON_CONDOR_2025-05-30_2025-06-05,2025-05-30,100000.0,13255.489999999998,20000.0,SKIPPED_INSUFFICIENT_MARGIN
IRON_CONDOR,IRON_CONDOR_2025-06-06_2025-06-12,2025-06-06,100000.0,13255.489999999998,20000.0,SKIPPED_INSUFFICIENT_MARGIN
IRON_CONDOR,IRON_CONDOR_2025-06-13_2025-06-19,2025-06-13,100000.0,13255.489999999998,20000.0,SKIPPED_INSUFFICIENT_MARGIN
IRON_CONDOR,IRON_CONDOR_2025-06-20_2025-06-26,2025-06-20,100000.0,13255.489999999998,20000.0,SKIPPED_INSUFFICIENT_MARGIN
IRON_CONDOR,IRON_CONDOR_2025-06-27_2025-07-03,2025-06-27,100000.0,13255.489999999998,20000.0,SKIPPED_INSUFFICIENT_MARGIN
IRON_CONDOR,IRON_CONDOR_2025-07-04_2025-07-10,2025-07-04,100000.0,13255.489999999998,20000.0,SKIPPED_INSUFFICIENT_MARGIN
IRON_CONDOR,IRON_CONDOR_2025-07-11_2025-07-17,2025-07-11,100000.0,13255.489999999998,20000.0,SKIPPED_INSUFFICIENT_MARGIN
IRON_CONDOR,IRON_CONDOR_2025-07-18_2025-07-24,2025-07-18,100000.0,13255.489999999998,20000.0,SKIPPED_INSUFFICIENT_MARGIN
IRON_CONDOR,IRON_CONDOR_2025-07-25_2025-07-31,2025-07-25,100000.0,13255.489999999998,20000.0,SKIPPED_INSUFFICIENT_MARGIN
IRON_CONDOR,IRON_CONDOR_2025-08-01_2025-08-07,2025-08-01,100000.0,13255.489999999998,20000.0,SKIPPED_INSUFFICIENT_MARGIN
IRON_CONDOR,IRON_CONDOR_2025-08-08_2025-08-14,2025-08-08,100000.0,13255.489999999998,20000.0,SKIPPED_INSUFFICIENT_MARGIN
IRON_CONDOR,IRON_CONDOR_2025-08-18_2025-08-21,2025-08-18,100000.0,13255.489999999998,20000.0,SKIPPED_INSUFFICIENT_MARGIN
IRON_CONDOR,IRON_CONDOR_2025-08-22_2025-08-28,2025-08-22,100000.0,13255.489999999998,20000.0,SKIPPED_INSUFFICIENT_MARGIN
IRON_CONDOR,IRON_CONDOR_2025-08-29_2025-09-02,2025-08-29,100000.0,13255.489999999998,20000.0,SKIPPED_INSUFFICIENT_MARGIN
IRON_CONDOR,IRON_CONDOR_2025-09-03_2025-09-09,2025-09-03,100000.0,13255.489999999998,20000.0,SKIPPED_INSUFFICIENT_MARGIN
IRON_CONDOR,IRON_CONDOR_2025-09-10_2025-09-16,2025-09-10,100000.0,13255.489999999998,20000.0,SKIPPED_INSUFFICIENT_MARGIN
IRON_CONDOR,IRON_CONDOR_2025-09-17_2025-09-23,2025-09-17,100000.0,13255.489999999998,20000.0,SKIPPED_INSUFFICIENT_MARGIN
IRON_CONDOR,IRON_CONDOR_2025-09-26_2025-09-30,2025-09-26,100000.0,13255.489999999998,20000.0,SKIPPED_INSUFFICIENT_MARGIN
IRON_CONDOR,IRON_CONDOR_2025-10-01_2025-10-07,2025-10-01,100000.0,13255.489999999998,20000.0,SKIPPED_INSUFFICIENT_MARGIN
IRON_CONDOR,IRON_CONDOR_2025-10-08_2025-10-14,2025-10-08,100000.0,13255.489999999998,20000.0,SKIPPED_INSUFFICIENT_MARGIN
IRON_CONDOR,IRON_CONDOR_2025-10-15_2025-10-20,2025-10-15,100000.0,13255.489999999998,20000.0,SKIPPED_INSUFFICIENT_MARGIN
IRON_CONDOR,IRON_CONDOR_2025-10-21_2025-10-28,2025-10-21,100000.0,13255.489999999998,20000.0,SKIPPED_INSUFFICIENT_MARGIN
IRON_CONDOR,IRON_CONDOR_2025-10-29_2025-11-04,2025-10-29,100000.0,13255.489999999998,20000.0,SKIPPED_INSUFFICIENT_MARGIN
IRON_CONDOR,IRON_CONDOR_2025-11-06_2025-11-11,2025-11-06,100000.0,13255.489999999998,20000.0,SKIPPED_INSUFFICIENT_MARGIN
IRON_CONDOR,IRON_CONDOR_2025-11-12_2025-11-18,2025-11-12,100000.0,13255.489999999998,20000.0,SKIPPED_INSUFFICIENT_MARGIN
IRON_CONDOR,IRON_CONDOR_2025-11-19_2025-11-25,2025-11-19,100000.0,13255.489999999998,20000.0,SKIPPED_INSUFFICIENT_MARGIN
IRON_CONDOR,IRON_CONDOR_2025-11-26_2025-12-02,2025-11-26,100000.0,13255.489999999998,20000.0,SKIPPED_INSUFFICIENT_MARGIN
IRON_CONDOR,IRON_CONDOR_2025-12-03_2025-12-09,2025-12-03,100000.0,13255.489999999998,20000.0,SKIPPED_INSUFFICIENT_MARGIN
IRON_CONDOR,IRON_CONDOR_2025-12-10_2025-12-16,2025-12-10,100000.0,13255.489999999998,20000.0,SKIPPED_INSUFFICIENT_MARGIN
IRON_CONDOR,IRON_CONDOR_2025-12-17_2025-12-23,2025-12-17,100000.0,13255.489999999998,20000.0,SKIPPED_INSUFFICIENT_MARGIN
IRON_CONDOR,IRON_CONDOR_2025-12-26_2025-12-30,2025-12-26,100000.0,13255.489999999998,20000.0,SKIPPED_INSUFFICIENT_MARGIN
IRON_CONDOR,IRON_CONDOR_2025-12-31_2026-01-06,2025-12-31,100000.0,13255.489999999998,20000.0,SKIPPED_INSUFFICIENT_MARGIN
IRON_CONDOR,IRON_CONDOR_2026-01-07_2026-01-13,2026-01-07,100000.0,13255.489999999998,20000.0,SKIPPED_INSUFFICIENT_MARGIN
IRON_CONDOR,IRON_CONDOR_2026-01-14_2026-01-20,2026-01-14,100000.0,13255.489999999998,20000.0,SKIPPED_INSUFFICIENT_MARGIN
IRON_CONDOR,IRON_CONDOR_2026-01-21_2026-01-27,2026-01-21,100000.0,13255.489999999998,20000.0,SKIPPED_INSUFFICIENT_MARGIN
IRON_CONDOR,IRON_CONDOR_2026-01-28_2026-02-03,2026-01-28,100000.0,13255.489999999998,20000.0,SKIPPED_INSUFFICIENT_MARGIN
IRON_CONDOR,IRON_CONDOR_2026-02-04_2026-02-10,2026-02-04,100000.0,13255.489999999998,20000.0,SKIPPED_INSUFFICIENT_MARGIN
IRON_CONDOR,IRON_CONDOR_2026-02-11_2026-02-17,2026-02-11,100000.0,13255.489999999998,20000.0,SKIPPED_INSUFFICIENT_MARGIN
IRON_CONDOR,IRON_CONDOR_2026-02-18_2026-02-24,2026-02-18,100000.0,13255.489999999998,20000.0,SKIPPED_INSUFFICIENT_MARGIN
IRON_CONDOR,IRON_CONDOR_2026-02-25_2026-03-02,2026-02-25,100000.0,13255.489999999998,20000.0,SKIPPED_INSUFFICIENT_MARGIN
IRON_CONDOR,IRON_CONDOR_2026-03-04_2026-03-10,2026-03-04,100000.0,13255.489999999998,20000.0,SKIPPED_INSUFFICIENT_MARGIN
IRON_CONDOR,IRON_CONDOR_2026-03-11_2026-03-17,2026-03-11,100000.0,13255.489999999998,20000.0,SKIPPED_INSUFFICIENT_MARGIN
IRON_CONDOR,IRON_CONDOR_2026-03-18_2026-03-24,2026-03-18,100000.0,13255.489999999998,20000.0,SKIPPED_INSUFFICIENT_MARGIN
IRON_CONDOR,IRON_CONDOR_2026-03-27_2026-03-30,2026-03-27,100000.0,13255.489999999998,20000.0,SKIPPED_INSUFFICIENT_MARGIN
IRON_CONDOR,IRON_CONDOR_2026-04-01_2026-04-07,2026-04-01,100000.0,13255.489999999998,20000.0,SKIPPED_INSUFFICIENT_MARGIN
IRON_CONDOR,IRON_CONDOR_2026-04-08_2026-04-13,2026-04-08,100000.0,13255.489999999998,20000.0,SKIPPED_INSUFFICIENT_MARGIN
IRON_CONDOR,IRON_CONDOR_2026-04-15_2026-04-21,2026-04-15,100000.0,13255.489999999998,20000.0,SKIPPED_INSUFFICIENT_MARGIN
IRON_CONDOR,IRON_CONDOR_2026-04-22_2026-04-28,2026-04-22,100000.0,13255.489999999998,20000.0,SKIPPED_INSUFFICIENT_MARGIN
IRON_CONDOR,IRON_CONDOR_2026-04-29_2026-05-05,2026-04-29,100000.0,13255.489999999998,20000.0,SKIPPED_INSUFFICIENT_MARGIN
IRON_CONDOR,IRON_CONDOR_2026-05-06_2026-05-12,2026-05-06,100000.0,13255.489999999998,20000.0,SKIPPED_INSUFFICIENT_MARGIN
IRON_CONDOR,IRON_CONDOR_2026-05-13_2026-05-19,2026-05-13,100000.0,13255.489999999998,20000.0,SKIPPED_INSUFFICIENT_MARGIN
IRON_CONDOR,IRON_CONDOR_2026-05-20_2026-05-26,2026-05-20,100000.0,13255.489999999998,20000.0,SKIPPED_INSUFFICIENT_MARGIN
IRON_CONDOR,IRON_CONDOR_2026-05-27_2026-06-02,2026-05-27,100000.0,13255.489999999998,20000.0,SKIPPED_INSUFFICIENT_MARGIN
IRON_CONDOR,IRON_CONDOR_2026-06-03_2026-06-09,2026-06-03,100000.0,13255.489999999998,20000.0,SKIPPED_INSUFFICIENT_MARGIN
IRON_CONDOR,IRON_CONDOR_2026-06-10_2026-06-16,2026-06-10,100000.0,13255.489999999998,20000.0,SKIPPED_INSUFFICIENT_MARGIN
IRON_CONDOR,IRON_CONDOR_2026-06-17_2026-06-23,2026-06-17,100000.0,13255.489999999998,20000.0,SKIPPED_INSUFFICIENT_MARGIN
IRON_CONDOR,IRON_CONDOR_2026-06-29_2026-06-30,2026-06-29,100000.0,13255.489999999998,20000.0,SKIPPED_INSUFFICIENT_MARGIN
IRON_CONDOR,IRON_CONDOR_2026-07-01_2026-07-07,2026-07-01,100000.0,13255.489999999998,20000.0,SKIPPED_INSUFFICIENT_MARGIN
IRON_CONDOR,IRON_CONDOR_2026-07-08_2026-07-14,2026-07-08,100000.0,13255.489999999998,20000.0,SKIPPED_INSUFFICIENT_MARGIN
IRON_CONDOR,IRON_CONDOR_2026-07-15_2026-07-21,2026-07-15,100000.0,13255.489999999998,20000.0,SKIPPED_INSUFFICIENT_MARGIN
IRON_CONDOR,IRON_CONDOR_2026-07-22_2026-07-28,2026-07-22,100000.0,13255.489999999998,20000.0,SKIPPED_INSUFFICIENT_MARGIN
IRON_CONDOR,IRON_CONDOR_2026-07-29_2026-08-04,2026-07-29,100000.0,13255.489999999998,20000.0,SKIPPED_INSUFFICIENT_MARGIN
IRON_CONDOR,IRON_CONDOR_2026-08-05_2026-08-11,2026-08-05,100000.0,13255.489999999998,20000.0,SKIPPED_INSUFFICIENT_MARGIN
IRON_CONDOR,IRON_CONDOR_2026-08-12_2026-08-18,2026-08-12,100000.0,13255.489999999998,20000.0,SKIPPED_INSUFFICIENT_MARGIN
IRON_CONDOR,IRON_CONDOR_2026-08-19_2026-08-25,2026-08-19,100000.0,13255.489999999998,20000.0,SKIPPED_INSUFFICIENT_MARGIN
IRON_CONDOR,IRON_CONDOR_2026-08-26_2026-09-01,2026-08-26,100000.0,13255.489999999998,20000.0,SKIPPED_INSUFFICIENT_MARGIN
IRON_CONDOR,IRON_CONDOR_2026-09-02_2026-09-08,2026-09-02,100000.0,13255.489999999998,20000.0,SKIPPED_INSUFFICIENT_MARGIN
IRON_CONDOR,IRON_CONDOR_2026-09-09_2026-09-15,2026-09-09,100000.0,13255.489999999998,20000.0,SKIPPED_INSUFFICIENT_MARGIN
