trade_id,strategy,underlying,entry_date,expiry_date,spot_entry,spot_settle,atm_strike,lot_size,margin_required,net_credit_pts,max_loss_pts,gross_pnl,brokerage,stt,exchange_charges,gst,sebi_stamp,slippage,total_costs,net_pnl,exit_reason,is_winner,contracts_json,year,year_month
ATM_STRADDLE_2020-01-31_2020-02-06,ATM_STRADDLE,NIFTY,2020-01-31,2020-02-06,10600.0,12137.95,10600.0,75,140000.0,1523.45,3808.62,-1087.5,80.0,71.41,114.8,35.11,3.69,150.0,455.01,-1542.51,EXPIRY,False,"['short_ce:10600.0CE@1522.35->1537.9500000000007', 'short_pe:10600.0PE@1.1->0.0']",2020,2020-01
ATM_STRADDLE_2020-02-07_2020-02-13,ATM_STRADDLE,NIFTY,2020-02-07,2020-02-13,10200.0,12174.65,10200.0,75,140000.0,1478.8,3697.0,-37188.75,80.0,69.32,129.5,37.76,4.7,150.0,471.28,-37660.03,EXPIRY,False,"['short_ce:10200.0CE@1478.75->1974.6499999999996', 'short_pe:10200.0PE@0.05->0.0']",2020,2020-02
ATM_STRADDLE_2020-02-14_2020-02-20,ATM_STRADDLE,NIFTY,2020-02-14,2020-02-20,10150.0,12080.85,10150.0,75,140000.0,1539.35,3848.38,-29362.5,80.0,72.16,130.13,37.87,4.6,150.0,474.76,-29837.26,EXPIRY,False,"['short_ce:10150.0CE@1539.3->1930.8500000000004', 'short_pe:10150.0PE@0.05->0.0']",2020,2020-02
ATM_STRADDLE_2020-02-24_2020-02-27,ATM_STRADDLE,NIFTY,2020-02-24,2020-02-27,10450.0,11633.3,10450.0,75,140000.0,1606.15,4015.37,31713.75,80.0,75.29,104.6,33.27,2.87,150.0,446.03,31267.72,EXPIRY,True,"['short_ce:10450.0CE@1604.6->1183.2999999999993', 'short_pe:10450.0PE@1.55->0.0']",2020,2020-02
ATM_STRADDLE_2020-02-28_2020-03-05,ATM_STRADDLE,NIFTY,2020-02-28,2020-03-05,10350.0,11269.0,10350.0,75,140000.0,1364.1,3410.25,33382.5,80.0,63.94,85.62,29.84,2.24,150.0,411.64,32970.86,EXPIRY,True,"['short_ce:10350.0CE@1364.0->919.0', 'short_pe:10350.0PE@0.1->0.0']",2020,2020-02
ATM_STRADDLE_2020-03-06_2020-03-12,ATM_STRADDLE,NIFTY,2020-03-06,2020-03-12,9750.0,9590.15,9750.0,75,140000.0,1468.05,3670.12,98115.0,80.0,68.81,61.05,25.41,0.48,150.0,385.75,97729.25,EXPIRY,True,"['short_ce:9750.0CE@1468.0->0.0', 'short_pe:9750.0PE@0.05->159.85000000000036']",2020,2020-03
ATM_STRADDLE_2020-03-13_2020-03-19,ATM_STRADDLE,NIFTY,2020-03-13,2020-03-19,12950.0,8263.45,12950.0,75,140000.0,693.95,1734.87,-299445.0,80.0,32.53,201.77,50.79,10.95,150.0,526.04,-299971.04,EXPIRY,False,"['short_ce:12950.0CE@113.55->0.0', 'short_pe:12950.0PE@580.4->4686.549999999999']",2020,2020-03
ATM_STRADDLE_2020-03-20_2020-03-26,ATM_STRADDLE,NIFTY,2020-03-20,2020-03-26,13550.0,8641.45,13550.0,75,140000.0,1255.55,3138.88,-273975.0,80.0,58.85,231.15,56.09,11.51,150.0,587.61,-274562.61,EXPIRY,False,"['short_ce:13550.0CE@12.15->0.0', 'short_pe:13550.0PE@1243.4->4908.549999999999']",2020,2020-03
ATM_STRADDLE_2020-03-27_2020-04-01,ATM_STRADDLE,NIFTY,2020-03-27,2020-04-01,6150.0,8253.8,6150.0,75,140000.0,1482.6,3706.5,-46590.0,80.0,69.5,134.49,38.66,5.0,150.0,477.65,-47067.65,EXPIRY,False,"['short_ce:6150.0CE@1476.15->2103.7999999999993', 'short_pe:6150.0PE@6.45->0.0']",2020,2020-03
ATM_STRADDLE_2020-04-03_2020-04-09,ATM_STRADDLE,NIFTY,2020-04-03,2020-04-09,6250.0,9111.9,6250.0,75,140000.0,1462.05,3655.12,-104988.75,80.0,68.53,162.15,43.65,6.76,150.0,511.09,-105499.84,EXPIRY,False,"['short_ce:6250.0CE@1420.2->2861.8999999999996', 'short_pe:6250.0PE@41.85->0.0']",2020,2020-04
ATM_STRADDLE_2020-04-13_2020-04-16,ATM_STRADDLE,NIFTY,2020-04-13,2020-04-16,6250.0,8992.8,6250.0,75,140000.0,1538.6,3846.5,-90315.0,80.0,72.12,160.55,43.36,6.49,150.0,512.52,-90827.52,EXPIRY,False,"['short_ce:6250.0CE@1462.2->2742.7999999999993', 'short_pe:6250.0PE@76.4->0.0']",2020,2020-04
ATM_STRADDLE_2020-04-17_2020-04-23,ATM_STRADDLE,NIFTY,2020-04-17,2020-04-23,6150.0,9313.9,6150.0,75,140000.0,1682.5,4206.25,-111105.0,80.0,78.87,181.74,47.18,7.48,150.0,545.27,-111650.27,EXPIRY,False,"['short_ce:6150.0CE@1587.3->3163.8999999999996', 'short_pe:6150.0PE@95.2->0.0']",2020,2020-04
ATM_STRADDLE_2020-04-24_2020-04-30,ATM_STRADDLE,NIFTY,2020-04-24,2020-04-30,6450.0,9859.9,6450.0,75,140000.0,1588.15,3970.38,-136631.25,80.0,74.44,187.43,48.2,8.05,150.0,548.12,-137179.37,EXPIRY,False,"['short_ce:6450.0CE@1394.65->3409.8999999999996', 'short_pe:6450.0PE@193.5->0.0']",2020,2020-04
ATM_STRADDLE_2020-05-04_2020-05-07,ATM_STRADDLE,NIFTY,2020-05-04,2020-05-07,6150.0,9199.05,6150.0,75,140000.0,1826.2,4565.5,-91713.75,80.0,85.6,182.82,47.37,7.23,150.0,553.02,-92266.77,EXPIRY,False,"['short_ce:6150.0CE@1666.3->3049.0499999999993', 'short_pe:6150.0PE@159.9->0.0']",2020,2020-05
ATM_STRADDLE_2020-05-08_2020-05-14,ATM_STRADDLE,NIFTY,2020-05-08,2020-05-14,6250.0,9142.75,6250.0,75,140000.0,1845.1,4612.75,-78573.75,80.0,86.49,177.67,46.44,6.86,150.0,547.47,-79121.22,EXPIRY,False,"['short_ce:6250.0CE@1629.75->2892.75', 'short_pe:6250.0PE@215.35->0.0']",2020,2020-05
ATM_STRADDLE_2020-05-15_2020-05-21,ATM_STRADDLE,NIFTY,2020-05-15,2020-05-21,6250.0,9106.25,6250.0,75,140000.0,1917.05,4792.62,-70440.0,80.0,89.86,179.0,46.68,6.78,150.0,552.33,-70992.33,EXPIRY,False,"['short_ce:6250.0CE@1669.35->2856.25', 'short_pe:6250.0PE@247.7->0.0']",2020,2020-05
ATM_STRADDLE_2020-05-22_2020-05-28,ATM_STRADDLE,NIFTY,2020-05-22,2020-05-28,6250.0,9490.1,6250.0,75,140000.0,1986.2,4965.5,-94042.5,80.0,93.1,195.99,49.75,7.68,150.0,576.52,-94619.02,EXPIRY,False,"['short_ce:6250.0CE@1707.55->3240.1000000000004', 'short_pe:6250.0PE@278.65->0.0']",2020,2020-05
ATM_STRADDLE_2020-05-29_2020-06-04,ATM_STRADDLE,NIFTY,2020-05-29,2020-06-04,6750.0,10029.1,6750.0,75,140000.0,2516.05,6290.12,-57228.75,80.0,117.94,217.32,53.6,7.81,150.0,626.67,-57855.42,EXPIRY,False,"['short_ce:6750.0CE@2044.3->3279.1000000000004', 'short_pe:6750.0PE@471.75->0.0']",2020,2020-05
ATM_STRADDLE_2020-06-05_2020-06-11,ATM_STRADDLE,NIFTY,2020-06-05,2020-06-11,7600.0,9902.0,7600.0,75,140000.0,2143.9,5359.75,-11857.5,80.0,100.5,166.72,44.47,5.51,150.0,547.2,-12404.7,EXPIRY,False,"['short_ce:7600.0CE@2141.9->2302.0', 'short_pe:7600.0PE@2.0->0.0']",2020,2020-06
ATM_STRADDLE_2020-06-12_2020-06-18,ATM_STRADDLE,NIFTY,2020-06-12,2020-06-18,7600.0,10091.65,7600.0,75,140000.0,2558.75,6396.88,5032.5,80.0,119.94,189.39,48.56,5.98,150.0,593.87,4438.63,EXPIRY,True,"['short_ce:7600.0CE@2011.35->2491.6499999999996', 'short_pe:7600.0PE@547.4->0.0']",2020,2020-06
ATM_STRADDLE_2020-06-19_2020-06-25,ATM_STRADDLE,NIFTY,2020-06-19,2020-06-25,4700.0,10288.9,4700.0,75,140000.0,3850.65,9626.62,-130368.75,80.0,180.5,353.98,78.24,13.28,150.0,856.01,-131224.76,EXPIRY,False,"['short_ce:4700.0CE@3758.6->5588.9', 'short_pe:4700.0PE@92.05->0.0']",2020,2020-06
ATM_STRADDLE_2020-06-26_2020-07-02,ATM_STRADDLE,NIFTY,2020-06-26,2020-07-02,7600.0,10551.7,7600.0,75,140000.0,1641.7,4104.25,-98250.0,80.0,76.95,172.25,45.47,6.99,150.0,531.66,-98781.66,EXPIRY,False,"['short_ce:7600.0CE@1456.75->2951.7000000000007', 'short_pe:7600.0PE@184.95->0.0']",2020,2020-06
ATM_STRADDLE_2020-07-03_2020-07-09,ATM_STRADDLE,NIFTY,2020-07-03,2020-07-09,7350.0,10813.45,7350.0,75,140000.0,1847.7,4619.25,-121181.25,80.0,86.61,199.17,50.32,8.19,150.0,574.29,-121755.54,EXPIRY,False,"['short_ce:7350.0CE@1687.6->3463.4500000000007', 'short_pe:7350.0PE@160.1->0.0']",2020,2020-07
ATM_STRADDLE_2020-07-10_2020-07-16,ATM_STRADDLE,NIFTY,2020-07-10,2020-07-16,7350.0,10739.95,7350.0,75,140000.0,1909.25,4773.12,-111052.5,80.0,89.5,198.72,50.24,8.02,150.0,576.48,-111628.98,EXPIRY,False,"['short_ce:7350.0CE@1722.0->3389.9500000000007', 'short_pe:7350.0PE@187.25->0.0']",2020,2020-07
ATM_STRADDLE_2020-07-17_2020-07-23,ATM_STRADDLE,NIFTY,2020-07-17,2020-07-23,7700.0,11215.45,7700.0,75,140000.0,1916.55,4791.38,-119917.5,80.0,89.84,203.7,51.14,8.32,150.0,582.99,-120500.49,EXPIRY,False,"['short_ce:7700.0CE@1695.6->3515.4500000000007', 'short_pe:7700.0PE@220.95->0.0']",2020,2020-07
ATM_STRADDLE_2020-07-24_2020-07-30,ATM_STRADDLE,NIFTY,2020-07-24,2020-07-30,7350.0,11102.15,7350.0,75,140000.0,2028.35,5070.88,-129285.0,80.0,95.08,216.77,53.5,8.88,150.0,604.22,-129889.22,EXPIRY,False,"['short_ce:7350.0CE@1788.8->3752.1499999999996', 'short_pe:7350.0PE@239.55->0.0']",2020,2020-07
ATM_STRADDLE_2020-07-31_2020-08-06,ATM_STRADDLE,NIFTY,2020-07-31,2020-08-06,8350.0,11200.15,8350.0,75,140000.0,1656.8,4142.0,-89501.25,80.0,77.66,169.01,44.88,6.75,150.0,528.31,-90029.56,EXPIRY,False,"['short_ce:8350.0CE@1588.45->2850.1499999999996', 'short_pe:8350.0PE@68.35->0.0']",2020,2020-07
ATM_STRADDLE_2020-08-07_2020-08-13,ATM_STRADDLE,NIFTY,2020-08-07,2020-08-13,8350.0,11300.45,8350.0,75,140000.0,1694.8,4237.0,-94173.75,80.0,79.44,174.2,45.82,6.99,150.0,536.45,-94710.2,EXPIRY,False,"['short_ce:8350.0CE@1611.25->2950.4500000000007', 'short_pe:8350.0PE@83.55->0.0']",2020,2020-08
ATM_STRADDLE_2020-08-14_2020-08-20,ATM_STRADDLE,NIFTY,2020-08-14,2020-08-20,8750.0,11312.2,8750.0,75,140000.0,1653.1,4132.75,-68182.5,80.0,77.49,158.07,42.91,6.08,150.0,514.55,-68697.05,EXPIRY,False,"['short_ce:8750.0CE@1533.1->2562.2000000000007', 'short_pe:8750.0PE@120.0->0.0']",2020,2020-08
ATM_STRADDLE_2020-08-21_2020-08-27,ATM_STRADDLE,NIFTY,2020-08-21,2020-08-27,8150.0,11559.25,8150.0,75,140000.0,2087.25,5218.12,-99150.0,80.0,97.84,206.12,51.58,8.08,150.0,593.62,-99743.62,EXPIRY,False,"['short_ce:8150.0CE@1763.15->3409.25', 'short_pe:8150.0PE@324.1->0.0']",2020,2020-08
ATM_STRADDLE_2020-08-28_2020-09-03,ATM_STRADDLE,NIFTY,2020-08-28,2020-09-03,9200.0,11527.45,9200.0,75,140000.0,1684.7,4211.75,-48206.25,80.0,78.97,150.46,41.54,5.54,150.0,506.5,-48712.75,EXPIRY,False,"['short_ce:9200.0CE@1555.2->2327.4500000000007', 'short_pe:9200.0PE@129.5->0.0']",2020,2020-08
ATM_STRADDLE_2020-09-04_2020-09-10,ATM_STRADDLE,NIFTY,2020-09-04,2020-09-10,9250.0,11449.25,9250.0,75,140000.0,1784.15,4460.38,-31132.5,80.0,83.63,149.38,41.34,5.25,150.0,509.6,-31642.1,EXPIRY,False,"['short_ce:9250.0CE@1686.55->2199.25', 'short_pe:9250.0PE@97.6->0.0']",2020,2020-09
ATM_STRADDLE_2020-09-11_2020-09-17,ATM_STRADDLE,NIFTY,2020-09-11,2020-09-17,9400.0,11516.1,9400.0,75,140000.0,1678.9,4197.25,-32790.0,80.0,78.7,142.31,40.07,5.05,150.0,496.12,-33286.12,EXPIRY,False,"['short_ce:9400.0CE@1547.15->2116.1000000000004', 'short_pe:9400.0PE@131.75->0.0']",2020,2020-09
ATM_STRADDLE_2020-09-18_2020-09-24,ATM_STRADDLE,NIFTY,2020-09-18,2020-09-24,5300.0,10805.55,5300.0,75,140000.0,2831.4,7078.5,-200561.25,80.0,132.72,312.64,70.79,13.01,150.0,759.16,-201320.41,EXPIRY,False,"['short_ce:5300.0CE@2830.8->5505.549999999999', 'short_pe:5300.0PE@0.6->0.0']",2020,2020-09
ATM_STRADDLE_2020-09-25_2020-10-01,ATM_STRADDLE,NIFTY,2020-09-25,2020-10-01,9550.0,11416.95,9550.0,75,140000.0,1790.9,4477.25,-5703.75,80.0,83.95,137.17,39.14,4.47,150.0,494.73,-6198.48,EXPIRY,False,"['short_ce:9550.0CE@1693.15->1866.9500000000007', 'short_pe:9550.0PE@97.75->0.0']",2020,2020-09
ATM_STRADDLE_2020-10-05_2020-10-08,ATM_STRADDLE,NIFTY,2020-10-05,2020-10-08,9550.0,11834.6,9550.0,75,140000.0,1281.1,3202.75,-75262.5,80.0,60.05,133.71,38.52,5.41,150.0,467.69,-75730.19,EXPIRY,False,"['short_ce:9550.0CE@1275.25->2284.6000000000004', 'short_pe:9550.0PE@5.85->0.0']",2020,2020-10
ATM_STRADDLE_2020-10-09_2020-10-15,ATM_STRADDLE,NIFTY,2020-10-09,2020-10-15,9350.0,11680.35,9350.0,75,140000.0,1493.35,3733.38,-62775.0,80.0,70.0,143.39,40.26,5.53,150.0,489.18,-63264.18,EXPIRY,False,"['short_ce:9350.0CE@1484.6->2330.3500000000004', 'short_pe:9350.0PE@8.75->0.0']",2020,2020-10
ATM_STRADDLE_2020-10-16_2020-10-22,ATM_STRADDLE,NIFTY,2020-10-16,2020-10-22,9400.0,11896.45,9400.0,75,140000.0,1475.75,3689.38,-76552.5,80.0,69.18,148.96,41.27,5.91,150.0,495.31,-77047.81,EXPIRY,False,"['short_ce:9400.0CE@1454.25->2496.4500000000007', 'short_pe:9400.0PE@21.5->0.0']",2020,2020-10
ATM_STRADDLE_2020-10-23_2020-10-29,ATM_STRADDLE,NIFTY,2020-10-23,2020-10-29,9950.0,11670.8,9950.0,75,140000.0,1532.45,3831.12,-14126.25,80.0,71.83,122.0,36.4,4.12,150.0,464.35,-14590.6,EXPIRY,False,"['short_ce:9950.0CE@1526.1->1720.7999999999993', 'short_pe:9950.0PE@6.35->0.0']",2020,2020-10
ATM_STRADDLE_2020-10-30_2020-11-05,ATM_STRADDLE,NIFTY,2020-10-30,2020-11-05,10050.0,12120.3,10050.0,75,140000.0,1775.15,4437.88,-22136.25,80.0,83.21,144.2,40.41,4.95,150.0,502.77,-22639.02,EXPIRY,False,"['short_ce:10050.0CE@1662.85->2070.2999999999993', 'short_pe:10050.0PE@112.3->0.0']",2020,2020-10
ATM_STRADDLE_2020-11-06_2020-11-12,ATM_STRADDLE,NIFTY,2020-11-06,2020-11-12,9450.0,12690.8,9450.0,75,140000.0,1546.1,3865.25,-127102.5,80.0,72.47,179.51,46.78,7.65,150.0,536.41,-127638.91,EXPIRY,False,"['short_ce:9450.0CE@1476.0->3240.7999999999993', 'short_pe:9450.0PE@70.1->0.0']",2020,2020-11
ATM_STRADDLE_2020-11-13_2020-11-19,ATM_STRADDLE,NIFTY,2020-11-13,2020-11-19,9350.0,12771.7,9350.0,75,140000.0,1657.3,4143.25,-132330.0,80.0,77.69,190.46,48.75,8.08,150.0,554.98,-132884.98,EXPIRY,False,"['short_ce:9350.0CE@1584.9->3421.7000000000007', 'short_pe:9350.0PE@72.4->0.0']",2020,2020-11
ATM_STRADDLE_2020-11-20_2020-11-26,ATM_STRADDLE,NIFTY,2020-11-20,2020-11-26,9450.0,12987.0,9450.0,75,140000.0,1524.6,3811.5,-150930.0,80.0,71.47,189.81,48.63,8.34,150.0,548.25,-151478.25,EXPIRY,False,"['short_ce:9450.0CE@1522.6->3537.0', 'short_pe:9450.0PE@2.0->0.0']",2020,2020-11
ATM_STRADDLE_2020-11-27_2020-12-03,ATM_STRADDLE,NIFTY,2020-11-27,2020-12-03,10100.0,13133.9,10100.0,75,140000.0,1623.6,4059.0,-105772.5,80.0,76.11,174.66,45.9,7.18,150.0,533.84,-106306.34,EXPIRY,False,"['short_ce:10100.0CE@1502.8->3033.8999999999996', 'short_pe:10100.0PE@120.8->0.0']",2020,2020-11
ATM_STRADDLE_2020-12-04_2020-12-10,ATM_STRADDLE,NIFTY,2020-12-04,2020-12-10,10250.0,13478.3,10250.0,75,140000.0,1678.85,4197.12,-116208.75,80.0,78.7,184.02,47.59,7.63,150.0,547.94,-116756.69,EXPIRY,False,"['short_ce:10250.0CE@1584.7->3228.2999999999993', 'short_pe:10250.0PE@94.15->0.0']",2020,2020-12
ATM_STRADDLE_2020-12-11_2020-12-17,ATM_STRADDLE,NIFTY,2020-12-11,2020-12-17,10750.0,13740.7,10750.0,75,140000.0,1439.45,3598.62,-116343.75,80.0,67.47,166.13,44.36,7.06,150.0,515.03,-116858.78,EXPIRY,False,"['short_ce:10750.0CE@1220.4->2990.7000000000007', 'short_pe:10750.0PE@219.05->0.0']",2020,2020-12
ATM_STRADDLE_2020-12-18_2020-12-24,ATM_STRADDLE,NIFTY,2020-12-18,2020-12-24,10450.0,13749.25,10450.0,75,140000.0,1741.6,4354.0,-116823.75,80.0,81.64,189.03,48.49,7.8,150.0,556.96,-117380.71,EXPIRY,False,"['short_ce:10450.0CE@1628.0->3299.25', 'short_pe:10450.0PE@113.6->0.0']",2020,2020-12
ATM_STRADDLE_2020-12-28_2020-12-31,ATM_STRADDLE,NIFTY,2020-12-28,2020-12-31,9350.0,13981.75,9350.0,75,140000.0,1873.75,4684.38,-206850.0,80.0,87.83,243.96,58.4,10.91,150.0,631.1,-207481.1,EXPIRY,False,"['short_ce:9350.0CE@1714.35->4631.75', 'short_pe:9350.0PE@159.4->0.0']",2020,2020-12
ATM_STRADDLE_2021-01-01_2021-01-07,ATM_STRADDLE,NIFTY,2021-01-01,2021-01-07,10750.0,14137.35,10750.0,75,140000.0,1694.7,4236.75,-126948.75,80.0,79.44,190.58,48.77,8.0,150.0,556.79,-127505.54,EXPIRY,False,"['short_ce:10750.0CE@1567.55->3387.3500000000004', 'short_pe:10750.0PE@127.15->0.0']",2021,2021-01
ATM_STRADDLE_2021-01-08_2021-01-14,ATM_STRADDLE,NIFTY,2021-01-08,2021-01-14,11350.0,14595.6,11350.0,75,140000.0,1713.15,4282.88,-114933.75,80.0,80.3,185.95,47.94,7.67,150.0,551.87,-115485.62,EXPIRY,False,"['short_ce:11350.0CE@1563.8->3245.6000000000004', 'short_pe:11350.0PE@149.35->0.0']",2021,2021-01
ATM_STRADDLE_2021-01-15_2021-01-21,ATM_STRADDLE,NIFTY,2021-01-15,2021-01-21,11350.0,14590.35,11350.0,75,140000.0,1760.05,4400.12,-111022.5,80.0,82.5,187.52,48.22,7.67,150.0,555.9,-111578.4,EXPIRY,False,"['short_ce:11350.0CE@1627.5->3240.3500000000004', 'short_pe:11350.0PE@132.55->0.0']",2021,2021-01
ATM_STRADDLE_2021-01-22_2021-01-28,ATM_STRADDLE,NIFTY,2021-01-22,2021-01-28,10250.0,13817.55,10250.0,75,140000.0,4148.8,10372.0,43593.75,80.0,194.47,289.36,66.59,8.61,150.0,789.03,42804.72,EXPIRY,True,"['short_ce:10250.0CE@3975.0->3567.5499999999993', 'short_pe:10250.0PE@173.8->0.0']",2021,2021-01
ATM_STRADDLE_2021-01-29_2021-02-04,ATM_STRADDLE,NIFTY,2021-01-29,2021-02-04,12350.0,14895.65,12350.0,75,140000.0,1450.55,3626.38,-82132.5,80.0,67.99,149.86,41.43,6.03,150.0,495.31,-82627.81,EXPIRY,False,"['short_ce:12350.0CE@1156.0->2545.6499999999996', 'short_pe:12350.0PE@294.55->0.0']",2021,2021-01
ATM_STRADDLE_2021-02-05_2021-02-11,ATM_STRADDLE,NIFTY,2021-02-05,2021-02-11,12350.0,15173.3,12350.0,75,140000.0,1620.8,4052.0,-90187.5,80.0,75.98,166.65,44.46,6.69,150.0,523.77,-90711.27,EXPIRY,False,"['short_ce:12350.0CE@1413.45->2823.2999999999993', 'short_pe:12350.0PE@207.35->0.0']",2021,2021-02
ATM_STRADDLE_2021-02-12_2021-02-18,ATM_STRADDLE,NIFTY,2021-02-12,2021-02-18,11950.0,15118.95,11950.0,75,140000.0,1709.3,4273.25,-109473.75,80.0,80.12,182.93,47.39,7.5,150.0,547.95,-110021.7,EXPIRY,False,"['short_ce:11950.0CE@1579.0->3168.9500000000007', 'short_pe:11950.0PE@130.3->0.0']",2021,2021-02
ATM_STRADDLE_2021-02-19_2021-02-25,ATM_STRADDLE,NIFTY,2021-02-19,2021-02-25,11550.0,15097.35,11550.0,75,140000.0,1961.6,4904.0,-118931.25,80.0,91.95,206.59,51.66,8.39,150.0,588.59,-119519.84,EXPIRY,False,"['short_ce:11550.0CE@1751.75->3547.3500000000004', 'short_pe:11550.0PE@209.85->0.0']",2021,2021-02
ATM_STRADDLE_2021-02-26_2021-03-04,ATM_STRADDLE,NIFTY,2021-02-26,2021-03-04,12300.0,15080.75,12300.0,75,140000.0,1687.95,4219.88,-81960.0,80.0,79.12,167.58,44.62,6.59,150.0,527.91,-82487.91,EXPIRY,False,"['short_ce:12300.0CE@1686.8->2780.75', 'short_pe:12300.0PE@1.15->0.0']",2021,2021-02
ATM_STRADDLE_2021-03-05_2021-03-10,ATM_STRADDLE,NIFTY,2021-03-05,2021-03-10,12850.0,15174.8,12850.0,75,140000.0,1719.4,4298.5,-45405.0,80.0,80.6,151.66,41.75,5.53,150.0,509.54,-45914.54,EXPIRY,False,"['short_ce:12850.0CE@1543.2->2324.7999999999993', 'short_pe:12850.0PE@176.2->0.0']",2021,2021-03
ATM_STRADDLE_2021-03-12_2021-03-18,ATM_STRADDLE,NIFTY,2021-03-12,2021-03-18,12850.0,14557.85,12850.0,75,140000.0,1651.2,4128.0,-4248.75,80.0,77.4,125.96,37.12,4.09,150.0,474.58,-4723.33,EXPIRY,False,"['short_ce:12850.0CE@1645.25->1707.8500000000004', 'short_pe:12850.0PE@5.95->0.0']",2021,2021-03
ATM_STRADDLE_2021-03-19_2021-03-25,ATM_STRADDLE,NIFTY,2021-03-19,2021-03-25,8000.0,14324.9,8000.0,75,140000.0,6820.55,17051.38,37173.75,80.0,319.71,492.95,103.31,15.22,150.0,1161.19,36012.56,EXPIRY,True,"['short_ce:8000.0CE@6820.0->6324.9', 'short_pe:8000.0PE@0.55->0.0']",2021,2021-03
ATM_STRADDLE_2021-03-26_2021-04-01,ATM_STRADDLE,NIFTY,2021-03-26,2021-04-01,16350.0,14867.35,16350.0,75,140000.0,1814.3,4535.75,24873.75,80.0,85.05,123.64,36.7,3.58,150.0,478.96,24394.79,EXPIRY,True,"['short_ce:16350.0CE@226.75->0.0', 'short_pe:16350.0PE@1587.55->1482.6499999999996']",2021,2021-03
ATM_STRADDLE_2021-04-05_2021-04-08,ATM_STRADDLE,NIFTY,2021-04-05,2021-04-08,16450.0,14873.8,16450.0,75,140000.0,1783.95,4459.88,15581.25,80.0,83.62,126.01,37.13,3.8,150.0,480.55,15100.7,EXPIRY,True,"['short_ce:16450.0CE@274.7->0.0', 'short_pe:16450.0PE@1509.25->1576.2000000000007']",2021,2021-04
ATM_STRADDLE_2021-04-09_2021-04-15,ATM_STRADDLE,NIFTY,2021-04-09,2021-04-15,16150.0,14581.45,16150.0,75,140000.0,1262.8,3157.0,-22931.25,80.0,59.19,106.18,33.55,3.74,150.0,432.66,-23363.91,EXPIRY,False,"['short_ce:16150.0CE@1.05->0.0', 'short_pe:16150.0PE@1261.75->1568.5499999999993']",2021,2021-04
ATM_STRADDLE_2021-04-16_2021-04-22,ATM_STRADDLE,NIFTY,2021-04-16,2021-04-22,16550.0,14406.15,16550.0,75,140000.0,1589.25,3973.12,-41595.0,80.0,74.5,139.99,39.65,5.1,150.0,489.24,-42084.24,EXPIRY,False,"['short_ce:16550.0CE@1.05->0.0', 'short_pe:16550.0PE@1588.2->2143.8500000000004']",2021,2021-04
ATM_STRADDLE_2021-04-23_2021-04-29,ATM_STRADDLE,NIFTY,2021-04-23,2021-04-29,16250.0,14894.9,16250.0,75,140000.0,1880.5,4701.25,39405.0,80.0,88.15,121.34,36.28,3.29,150.0,479.06,38925.94,EXPIRY,True,"['short_ce:16250.0CE@1.0->0.0', 'short_pe:16250.0PE@1879.5->1355.1000000000004']",2021,2021-04
ATM_STRADDLE_2021-04-30_2021-05-06,ATM_STRADDLE,NIFTY,2021-04-30,2021-05-06,16450.0,14724.8,16450.0,75,140000.0,1547.7,3869.25,-13312.5,80.0,72.55,122.73,36.54,4.13,150.0,465.95,-13778.45,EXPIRY,False,"['short_ce:16450.0CE@1.1->0.0', 'short_pe:16450.0PE@1546.6->1725.2000000000007']",2021,2021-04
ATM_STRADDLE_2021-05-07_2021-05-12,ATM_STRADDLE,NIFTY,2021-05-07,2021-05-12,16550.0,14696.5,16550.0,75,140000.0,1547.1,3867.75,-22980.0,80.0,72.52,127.52,37.4,4.43,150.0,471.87,-23451.87,EXPIRY,False,"['short_ce:16550.0CE@0.85->0.0', 'short_pe:16550.0PE@1546.25->1853.5']",2021,2021-05
ATM_STRADDLE_2021-05-14_2021-05-20,ATM_STRADDLE,NIFTY,2021-05-14,2021-05-20,15700.0,14906.05,15700.0,75,140000.0,1009.0,2522.5,16128.75,80.0,47.3,67.61,26.59,1.92,150.0,373.42,15755.33,EXPIRY,True,"['short_ce:15700.0CE@0.9->0.0', 'short_pe:15700.0PE@1008.1->793.9500000000007']",2021,2021-05
ATM_STRADDLE_2021-05-21_2021-05-27,ATM_STRADDLE,NIFTY,2021-05-21,2021-05-27,13150.0,15337.85,13150.0,75,140000.0,1737.3,4343.25,-33791.25,80.0,81.44,147.19,40.95,5.22,150.0,504.79,-34296.04,EXPIRY,False,"['short_ce:13150.0CE@1736.6->2187.8500000000004', 'short_pe:13150.0PE@0.7->0.0']",2021,2021-05
ATM_STRADDLE_2021-05-28_2021-06-03,ATM_STRADDLE,NIFTY,2021-05-28,2021-06-03,12900.0,15690.35,12900.0,75,140000.0,1593.3,3983.25,-89778.75,80.0,74.69,164.39,44.05,6.61,150.0,519.73,-90298.48,EXPIRY,False,"['short_ce:12900.0CE@1592.45->2790.3500000000004', 'short_pe:12900.0PE@0.85->0.0']",2021,2021-05
ATM_STRADDLE_2021-06-04_2021-06-10,ATM_STRADDLE,NIFTY,2021-06-04,2021-06-10,13850.0,15737.75,13850.0,75,140000.0,1622.6,4056.5,-19886.25,80.0,76.06,131.64,38.14,4.51,150.0,480.35,-20366.6,EXPIRY,False,"['short_ce:13850.0CE@1367.75->1887.75', 'short_pe:13850.0PE@254.85->0.0']",2021,2021-06
ATM_STRADDLE_2021-06-11_2021-06-17,ATM_STRADDLE,NIFTY,2021-06-11,2021-06-17,13550.0,15691.4,13550.0,75,140000.0,1366.65,3416.62,-58106.25,80.0,64.06,131.55,38.13,5.08,150.0,468.82,-58575.07,EXPIRY,False,"['short_ce:13550.0CE@1364.9->2141.3999999999996', 'short_pe:13550.0PE@1.75->0.0']",2021,2021-06
ATM_STRADDLE_2021-06-18_2021-06-24,ATM_STRADDLE,NIFTY,2021-06-18,2021-06-24,10400.0,15790.45,10400.0,75,140000.0,4539.55,11348.88,-63817.5,80.0,212.79,372.38,81.56,12.87,150.0,909.6,-64727.1,EXPIRY,False,"['short_ce:10400.0CE@4539.0->5390.450000000001', 'short_pe:10400.0PE@0.55->0.0']",2021,2021-06
ATM_STRADDLE_2021-06-25_2021-07-01,ATM_STRADDLE,NIFTY,2021-06-25,2021-07-01,14250.0,15680.0,14250.0,75,140000.0,1422.6,3556.5,-555.0,80.0,66.68,106.97,33.69,3.43,150.0,440.78,-995.78,EXPIRY,False,"['short_ce:14250.0CE@841.1->1430.0', 'short_pe:14250.0PE@581.5->0.0']",2021,2021-06
ATM_STRADDLE_2021-07-02_2021-07-08,ATM_STRADDLE,NIFTY,2021-07-02,2021-07-08,14150.0,15727.9,14150.0,50,140000.0,1432.8,3582.0,-7255.0,80.0,44.77,75.27,27.98,2.52,100.0,330.54,-7585.54,EXPIRY,False,"['short_ce:14150.0CE@1049.55->1577.8999999999996', 'short_pe:14150.0PE@383.25->0.0']",2021,2021-07
ATM_STRADDLE_2021-07-09_2021-07-15,ATM_STRADDLE,NIFTY,2021-07-09,2021-07-15,13550.0,15924.2,13550.0,50,140000.0,1648.15,4120.38,-36302.5,80.0,51.5,100.56,32.54,3.76,100.0,368.36,-36670.86,EXPIRY,False,"['short_ce:13550.0CE@1441.15->2374.2000000000007', 'short_pe:13550.0PE@207.0->0.0']",2021,2021-07
ATM_STRADDLE_2021-07-16_2021-07-22,ATM_STRADDLE,NIFTY,2021-07-16,2021-07-22,13750.0,15824.05,13750.0,50,140000.0,1662.6,4156.5,-20572.5,80.0,51.96,93.42,31.25,3.3,100.0,359.92,-20932.42,EXPIRY,False,"['short_ce:13750.0CE@1453.9->2074.0499999999993', 'short_pe:13750.0PE@208.7->0.0']",2021,2021-07
ATM_STRADDLE_2021-07-23_2021-07-29,ATM_STRADDLE,NIFTY,2021-07-23,2021-07-29,13750.0,15778.45,13750.0,50,140000.0,1906.5,4766.25,-6097.5,80.0,59.58,98.37,32.14,3.24,100.0,373.33,-6470.83,EXPIRY,False,"['short_ce:13750.0CE@1590.2->2028.4500000000007', 'short_pe:13750.0PE@316.3->0.0']",2021,2021-07
ATM_STRADDLE_2021-07-30_2021-08-05,ATM_STRADDLE,NIFTY,2021-07-30,2021-08-05,17350.0,16294.6,17350.0,50,140000.0,1572.1,3930.25,25835.0,80.0,49.13,65.69,26.25,1.71,100.0,322.78,25512.22,EXPIRY,True,"['short_ce:17350.0CE@0.8->0.0', 'short_pe:17350.0PE@1571.3->1055.3999999999996']",2021,2021-07
ATM_STRADDLE_2021-08-06_2021-08-12,ATM_STRADDLE,NIFTY,2021-08-06,2021-08-12,17750.0,16364.4,17750.0,50,140000.0,1479.5,3698.75,4695.0,80.0,46.23,71.63,27.32,2.22,100.0,327.4,4367.6,EXPIRY,True,"['short_ce:17750.0CE@0.65->0.0', 'short_pe:17750.0PE@1478.85->1385.6000000000004']",2021,2021-08
ATM_STRADDLE_2021-08-13_2021-08-18,ATM_STRADDLE,NIFTY,2021-08-13,2021-08-18,17850.0,16568.85,17850.0,50,140000.0,1475.9,3689.75,9737.5,80.0,46.12,68.93,26.83,2.06,100.0,323.94,9413.56,EXPIRY,True,"['short_ce:17850.0CE@0.55->0.0', 'short_pe:17850.0PE@1475.35->1281.1500000000015']",2021,2021-08
ATM_STRADDLE_2021-08-20_2021-08-26,ATM_STRADDLE,NIFTY,2021-08-20,2021-08-26,14150.0,16636.9,14150.0,50,140000.0,1626.25,4065.62,-43032.5,80.0,50.82,102.83,32.95,3.94,100.0,370.53,-43403.03,EXPIRY,False,"['short_ce:14150.0CE@1625.2->2486.9000000000015', 'short_pe:14150.0PE@1.05->0.0']",2021,2021-08
ATM_STRADDLE_2021-08-27_2021-09-02,ATM_STRADDLE,NIFTY,2021-08-27,2021-09-02,14450.0,17234.15,14450.0,50,140000.0,1696.3,4240.75,-54392.5,80.0,53.01,112.01,34.6,4.4,100.0,384.02,-54776.52,EXPIRY,False,"['short_ce:14450.0CE@1510.5->2784.1500000000015', 'short_pe:14450.0PE@185.8->0.0']",2021,2021-08
ATM_STRADDLE_2021-09-03_2021-09-09,ATM_STRADDLE,NIFTY,2021-09-03,2021-09-09,14450.0,17369.25,14450.0,50,140000.0,1716.1,4290.25,-60157.5,80.0,53.63,115.88,35.3,4.61,100.0,389.42,-60546.92,EXPIRY,False,"['short_ce:14450.0CE@1544.35->2919.25', 'short_pe:14450.0PE@171.75->0.0']",2021,2021-09
ATM_STRADDLE_2021-09-13_2021-09-16,ATM_STRADDLE,NIFTY,2021-09-13,2021-09-16,14650.0,17629.5,14650.0,50,140000.0,1716.95,4292.38,-63127.5,80.0,53.65,117.41,35.58,4.7,100.0,391.35,-63518.85,EXPIRY,False,"['short_ce:14650.0CE@1543.45->2979.5', 'short_pe:14650.0PE@173.5->0.0']",2021,2021-09
ATM_STRADDLE_2021-09-17_2021-09-23,ATM_STRADDLE,NIFTY,2021-09-17,2021-09-23,14450.0,17822.95,14450.0,50,140000.0,1764.55,4411.38,-80420.0,80.0,55.14,128.44,37.56,5.32,100.0,406.46,-80826.46,EXPIRY,False,"['short_ce:14450.0CE@1616.55->3372.9500000000007', 'short_pe:14450.0PE@148.0->0.0']",2021,2021-09
ATM_STRADDLE_2021-09-24_2021-09-30,ATM_STRADDLE,NIFTY,2021-09-24,2021-09-30,14450.0,17618.15,14450.0,50,140000.0,2035.1,5087.75,-56652.5,80.0,63.6,130.08,37.86,5.01,100.0,416.55,-57069.05,EXPIRY,False,"['short_ce:14450.0CE@1760.75->3168.1500000000015', 'short_pe:14450.0PE@274.35->0.0']",2021,2021-09
ATM_STRADDLE_2021-10-01_2021-10-07,ATM_STRADDLE,NIFTY,2021-10-01,2021-10-07,15250.0,17790.35,15250.0,50,140000.0,1597.5,3993.75,-47142.5,80.0,49.92,103.45,33.06,4.02,100.0,370.44,-47512.94,EXPIRY,False,"['short_ce:15250.0CE@1370.75->2540.3499999999985', 'short_pe:15250.0PE@226.75->0.0']",2021,2021-10
ATM_STRADDLE_2021-10-08_2021-10-14,ATM_STRADDLE,NIFTY,2021-10-08,2021-10-14,14950.0,18338.55,14950.0,50,140000.0,1797.25,4493.12,-79565.0,80.0,56.16,129.64,37.78,5.34,100.0,408.93,-79973.93,EXPIRY,False,"['short_ce:14950.0CE@1654.7->3388.5499999999993', 'short_pe:14950.0PE@142.55->0.0']",2021,2021-10
ATM_STRADDLE_2021-10-18_2021-10-21,ATM_STRADDLE,NIFTY,2021-10-18,2021-10-21,15050.0,18178.1,15050.0,50,140000.0,1869.6,4674.0,-62925.0,80.0,58.43,124.94,36.93,4.94,100.0,405.24,-63330.24,EXPIRY,False,"['short_ce:15050.0CE@1743.4->3128.0999999999985', 'short_pe:15050.0PE@126.2->0.0']",2021,2021-10
ATM_STRADDLE_2021-10-22_2021-10-28,ATM_STRADDLE,NIFTY,2021-10-22,2021-10-28,14550.0,17857.25,14550.0,50,140000.0,1870.5,4676.25,-71837.5,80.0,58.45,129.44,37.75,5.22,100.0,410.86,-72248.36,EXPIRY,False,"['short_ce:14550.0CE@1617.9->3307.25', 'short_pe:14550.0PE@252.6->0.0']",2021,2021-10
ATM_STRADDLE_2021-10-29_2021-11-03,ATM_STRADDLE,NIFTY,2021-10-29,2021-11-03,15950.0,17829.2,15950.0,50,140000.0,1738.75,4346.88,-7022.5,80.0,54.34,90.45,30.71,3.0,100.0,358.5,-7381.0,EXPIRY,False,"['short_ce:15950.0CE@1562.9->1879.2000000000007', 'short_pe:15950.0PE@175.85->0.0']",2021,2021-10
ATM_STRADDLE_2021-11-04_2021-11-11,ATM_STRADDLE,NIFTY,2021-11-04,2021-11-11,16150.0,17873.6,16150.0,50,140000.0,1683.45,4208.62,-2007.5,80.0,52.61,85.18,29.76,2.76,100.0,350.3,-2357.8,EXPIRY,False,"['short_ce:16150.0CE@1501.75->1723.5999999999985', 'short_pe:16150.0PE@181.7->0.0']",2021,2021-11
ATM_STRADDLE_2021-11-12_2021-11-18,ATM_STRADDLE,NIFTY,2021-11-12,2021-11-18,16450.0,17764.8,16450.0,50,140000.0,1694.1,4235.25,18965.0,80.0,52.94,75.22,27.97,2.12,100.0,338.25,18626.75,EXPIRY,True,"['short_ce:16450.0CE@1490.7->1314.7999999999993', 'short_pe:16450.0PE@203.4->0.0']",2021,2021-11
ATM_STRADDLE_2021-11-22_2021-11-25,ATM_STRADDLE,NIFTY,2021-11-22,2021-11-25,15300.0,17536.25,15300.0,50,140000.0,2471.0,6177.5,11737.5,80.0,77.22,117.68,35.62,3.59,100.0,414.11,11323.39,EXPIRY,True,"['short_ce:15300.0CE@2470.0->2236.25', 'short_pe:15300.0PE@1.0->0.0']",2021,2021-11
ATM_STRADDLE_2021-11-26_2021-12-02,ATM_STRADDLE,NIFTY,2021-11-26,2021-12-02,19950.0,17401.65,19950.0,50,140000.0,1529.6,3824.0,-50937.5,80.0,47.8,101.95,32.79,4.03,100.0,366.56,-51304.06,EXPIRY,False,"['short_ce:19950.0CE@1.55->0.0', 'short_pe:19950.0PE@1528.05->2548.3499999999985']",2021,2021-11
ATM_STRADDLE_2021-12-03_2021-12-09,ATM_STRADDLE,NIFTY,2021-12-03,2021-12-09,18950.0,17516.85,18950.0,50,140000.0,1517.9,3794.75,4237.5,80.0,47.43,73.78,27.71,2.3,100.0,331.21,3906.29,EXPIRY,True,"['short_ce:18950.0CE@0.75->0.0', 'short_pe:18950.0PE@1517.15->1433.1500000000015']",2021,2021-12
ATM_STRADDLE_2021-12-10_2021-12-16,ATM_STRADDLE,NIFTY,2021-12-10,2021-12-16,19550.0,17248.4,19550.0,50,140000.0,1366.25,3415.62,-46767.5,80.0,42.7,91.7,30.94,3.64,100.0,348.97,-47116.47,EXPIRY,False,"['short_ce:19550.0CE@0.8->0.0', 'short_pe:19550.0PE@1365.45->2301.5999999999985']",2021,2021-12
ATM_STRADDLE_2021-12-17_2021-12-23,ATM_STRADDLE,NIFTY,2021-12-17,2021-12-23,18950.0,17072.6,18950.0,50,140000.0,1653.05,4132.62,-11217.5,80.0,51.66,88.26,30.32,2.99,100.0,353.23,-11570.73,EXPIRY,False,"['short_ce:18950.0CE@1.3->0.0', 'short_pe:18950.0PE@1651.75->1877.4000000000015']",2021,2021-12
ATM_STRADDLE_2021-12-24_2021-12-30,ATM_STRADDLE,NIFTY,2021-12-24,2021-12-30,17100.0,17203.95,17100.0,50,140000.0,279.6,699.0,8782.5,80.0,8.74,9.59,16.13,0.18,100.0,214.63,8567.87,EXPIRY,True,"['short_ce:17100.0CE@140.0->103.95000000000073', 'short_pe:17100.0PE@139.6->0.0']",2021,2021-12
ATM_STRADDLE_2021-12-31_2022-01-06,ATM_STRADDLE,NIFTY,2021-12-31,2022-01-06,17250.0,17745.9,17250.0,50,140000.0,299.75,749.38,-9807.5,80.0,9.37,19.89,17.99,0.78,100.0,228.03,-10035.53,EXPIRY,False,"['short_ce:17250.0CE@150.0->495.90000000000146', 'short_pe:17250.0PE@149.75->0.0']",2021,2021-12
ATM_STRADDLE_2022-01-07_2022-01-13,ATM_STRADDLE,NIFTY,2022-01-07,2022-01-13,19300.0,18257.8,19300.0,50,140000.0,1465.8,3664.5,21180.0,80.0,45.81,62.7,25.71,1.69,100.0,315.9,20864.1,EXPIRY,True,"['short_ce:19300.0CE@1.2->0.0', 'short_pe:19300.0PE@1464.6->1042.2000000000007']",2022,2022-01
ATM_STRADDLE_2022-01-14_2022-01-20,ATM_STRADDLE,NIFTY,2022-01-14,2022-01-20,15150.0,17757.0,15150.0,50,140000.0,1546.85,3867.12,-53007.5,80.0,48.34,103.85,33.13,4.12,100.0,369.43,-53376.93,EXPIRY,False,"['short_ce:15150.0CE@1546.1->2607.0', 'short_pe:15150.0PE@0.75->0.0']",2022,2022-01
ATM_STRADDLE_2022-01-21_2022-01-27,ATM_STRADDLE,NIFTY,2022-01-21,2022-01-27,19700.0,17110.15,19700.0,50,140000.0,1354.3,3385.75,-61777.5,80.0,42.32,98.6,32.18,4.08,100.0,357.19,-62134.69,EXPIRY,False,"['short_ce:19700.0CE@1.55->0.0', 'short_pe:19700.0PE@1352.75->2589.8499999999985']",2022,2022-01
ATM_STRADDLE_2022-01-28_2022-02-03,ATM_STRADDLE,NIFTY,2022-01-28,2022-02-03,19500.0,17560.2,19500.0,50,140000.0,1260.55,3151.38,-33962.5,80.0,39.39,80.01,28.83,3.07,100.0,331.3,-34293.8,EXPIRY,False,"['short_ce:19500.0CE@1.9->0.0', 'short_pe:19500.0PE@1258.65->1939.7999999999993']",2022,2022-01
ATM_STRADDLE_2022-02-04_2022-02-10,ATM_STRADDLE,NIFTY,2022-02-04,2022-02-10,19700.0,17605.85,19700.0,50,140000.0,1487.65,3719.12,-30325.0,80.0,46.49,89.55,30.55,3.32,100.0,349.9,-30674.9,EXPIRY,False,"['short_ce:19700.0CE@1.1->0.0', 'short_pe:19700.0PE@1486.55->2094.1500000000015']",2022,2022-02
ATM_STRADDLE_2022-02-11_2022-02-17,ATM_STRADDLE,NIFTY,2022-02-11,2022-02-17,19300.0,17304.6,19300.0,50,140000.0,1682.65,4206.62,-15637.5,80.0,52.58,91.95,30.98,3.18,100.0,358.7,-15996.2,EXPIRY,False,"['short_ce:19300.0CE@1.15->0.0', 'short_pe:19300.0PE@1681.5->1995.4000000000015']",2022,2022-02
ATM_STRADDLE_2022-02-18_2022-02-24,ATM_STRADDLE,NIFTY,2022-02-18,2022-02-24,19450.0,16247.95,19450.0,50,140000.0,2172.25,5430.62,-51490.0,80.0,67.88,134.36,38.63,5.07,100.0,425.94,-51915.94,EXPIRY,False,"['short_ce:19450.0CE@1.4->0.0', 'short_pe:19450.0PE@2170.85->3202.0499999999993']",2022,2022-02
ATM_STRADDLE_2022-02-25_2022-03-03,ATM_STRADDLE,NIFTY,2022-02-25,2022-03-03,19650.0,16498.05,19650.0,50,140000.0,1487.55,3718.88,-83220.0,80.0,46.49,115.99,35.32,4.96,100.0,382.75,-83602.75,EXPIRY,False,"['short_ce:19650.0CE@0.95->0.0', 'short_pe:19650.0PE@1486.6->3151.9500000000007']",2022,2022-02
ATM_STRADDLE_2022-03-04_2022-03-10,ATM_STRADDLE,NIFTY,2022-03-04,2022-03-10,19450.0,16594.9,19450.0,50,140000.0,1512.4,3781.0,-67135.0,80.0,47.26,109.19,34.09,4.5,100.0,375.04,-67510.04,EXPIRY,False,"['short_ce:19450.0CE@0.95->0.0', 'short_pe:19450.0PE@1511.45->2855.0999999999985']",2022,2022-03
ATM_STRADDLE_2022-03-11_2022-03-17,ATM_STRADDLE,NIFTY,2022-03-11,2022-03-17,19450.0,17287.05,19450.0,50,140000.0,1331.15,3327.87,-41590.0,80.0,41.6,87.35,30.15,3.42,100.0,342.52,-41932.52,EXPIRY,False,"['short_ce:19450.0CE@1.05->0.0', 'short_pe:19450.0PE@1330.1->2162.9500000000007']",2022,2022-03
ATM_STRADDLE_2022-03-21_2022-03-24,ATM_STRADDLE,NIFTY,2022-03-21,2022-03-24,18600.0,17222.75,18600.0,50,140000.0,1286.05,3215.12,-4560.0,80.0,40.19,66.58,26.41,2.2,100.0,315.38,-4875.38,EXPIRY,False,"['short_ce:18600.0CE@1.0->0.0', 'short_pe:18600.0PE@1285.05->1377.25']",2022,2022-03
ATM_STRADDLE_2022-03-25_2022-03-31,ATM_STRADDLE,NIFTY,2022-03-25,2022-03-31,19400.0,17464.75,19400.0,50,140000.0,2194.55,5486.38,12965.0,80.0,68.58,103.25,33.02,3.11,100.0,387.96,12577.04,EXPIRY,True,"['short_ce:19400.0CE@0.9->0.0', 'short_pe:19400.0PE@2193.65->1935.25']",2022,2022-03
ATM_STRADDLE_2022-04-01_2022-04-07,ATM_STRADDLE,NIFTY,2022-04-01,2022-04-07,14800.0,17639.55,14800.0,50,140000.0,2427.0,6067.5,-20627.5,80.0,75.84,131.66,38.15,4.52,100.0,430.18,-21057.68,EXPIRY,False,"['short_ce:14800.0CE@2426.05->2839.5499999999993', 'short_pe:14800.0PE@0.95->0.0']",2022,2022-04
ATM_STRADDLE_2022-04-08_2022-04-13,ATM_STRADDLE,NIFTY,2022-04-08,2022-04-13,14650.0,17475.65,14650.0,50,140000.0,1347.3,3368.25,-73917.5,80.0,42.1,104.32,33.22,4.45,100.0,364.09,-74281.59,EXPIRY,False,"['short_ce:14650.0CE@1346.4->2825.6500000000015', 'short_pe:14650.0PE@0.9->0.0']",2022,2022-04
ATM_STRADDLE_2022-04-18_2022-04-21,ATM_STRADDLE,NIFTY,2022-04-18,2022-04-21,14450.0,17392.6,14450.0,50,140000.0,1555.35,3888.38,-69362.5,80.0,48.6,112.45,34.68,4.64,100.0,380.37,-69742.87,EXPIRY,False,"['short_ce:14450.0CE@1554.65->2942.5999999999985', 'short_pe:14450.0PE@0.7->0.0']",2022,2022-04
ATM_STRADDLE_2022-04-22_2022-04-28,ATM_STRADDLE,NIFTY,2022-04-22,2022-04-28,14400.0,17245.05,14400.0,50,140000.0,3010.7,7526.75,8282.5,80.0,94.08,146.39,40.8,4.56,100.0,465.84,7816.66,EXPIRY,True,"['short_ce:14400.0CE@3010.0->2845.0499999999993', 'short_pe:14400.0PE@0.7->0.0']",2022,2022-04
ATM_STRADDLE_2022-04-29_2022-05-05,ATM_STRADDLE,NIFTY,2022-04-29,2022-05-05,14650.0,16682.65,14650.0,50,140000.0,1447.55,3618.88,-29255.0,80.0,45.24,87.01,30.09,3.22,100.0,345.56,-29600.56,EXPIRY,False,"['short_ce:14650.0CE@1446.45->2032.6500000000015', 'short_pe:14650.0PE@1.1->0.0']",2022,2022-04
ATM_STRADDLE_2022-05-06_2022-05-12,ATM_STRADDLE,NIFTY,2022-05-06,2022-05-12,19150.0,15808.0,19150.0,50,140000.0,2091.55,5228.88,-62522.5,80.0,65.36,135.84,38.9,5.28,100.0,425.38,-62947.88,EXPIRY,False,"['short_ce:19150.0CE@1.5->0.0', 'short_pe:19150.0PE@2090.05->3342.0']",2022,2022-05
ATM_STRADDLE_2022-05-13_2022-05-19,ATM_STRADDLE,NIFTY,2022-05-13,2022-05-19,19500.0,15809.4,19500.0,50,140000.0,3325.45,8313.62,-18257.5,80.0,103.92,175.4,46.04,5.89,100.0,511.24,-18768.74,EXPIRY,False,"['short_ce:19500.0CE@0.95->0.0', 'short_pe:19500.0PE@3324.5->3690.6000000000004']",2022,2022-05
ATM_STRADDLE_2022-05-20_2022-05-26,ATM_STRADDLE,NIFTY,2022-05-20,2022-05-26,14400.0,16170.15,14400.0,50,140000.0,1365.05,3412.62,-20255.0,80.0,42.66,78.38,28.54,2.81,100.0,332.39,-20587.39,EXPIRY,False,"['short_ce:14400.0CE@1364.05->1770.1499999999996', 'short_pe:14400.0PE@1.0->0.0']",2022,2022-05
ATM_STRADDLE_2022-05-27_2022-06-02,ATM_STRADDLE,NIFTY,2022-05-27,2022-06-02,16250.0,16628.0,16250.0,50,140000.0,380.1,950.25,105.0,80.0,11.88,18.95,17.82,0.6,100.0,229.25,-124.25,EXPIRY,False,"['short_ce:16250.0CE@190.0->378.0', 'short_pe:16250.0PE@190.1->0.0']",2022,2022-05
ATM_STRADDLE_2022-06-03_2022-06-09,ATM_STRADDLE,NIFTY,2022-06-03,2022-06-09,14800.0,16478.1,14800.0,50,140000.0,1337.9,3344.75,-17010.0,80.0,41.81,75.4,28.0,2.67,100.0,327.88,-17337.88,EXPIRY,False,"['short_ce:14800.0CE@1337.15->1678.0999999999985', 'short_pe:14800.0PE@0.75->0.0']",2022,2022-06
ATM_STRADDLE_2022-06-10_2022-06-16,ATM_STRADDLE,NIFTY,2022-06-10,2022-06-16,18700.0,15360.6,18700.0,50,140000.0,1356.35,3390.88,-99152.5,80.0,42.39,117.39,35.57,5.24,100.0,380.6,-99533.1,EXPIRY,False,"['short_ce:18700.0CE@0.75->0.0', 'short_pe:18700.0PE@1355.6->3339.3999999999996']",2022,2022-06
ATM_STRADDLE_2022-06-17_2022-06-23,ATM_STRADDLE,NIFTY,2022-06-17,2022-06-23,18500.0,15556.65,18500.0,50,140000.0,1275.95,3189.88,-83370.0,80.0,39.87,105.48,33.42,4.63,100.0,363.41,-83733.41,EXPIRY,False,"['short_ce:18500.0CE@0.95->0.0', 'short_pe:18500.0PE@1275.0->2943.3500000000004']",2022,2022-06
ATM_STRADDLE_2022-06-24_2022-06-30,ATM_STRADDLE,NIFTY,2022-06-24,2022-06-30,19400.0,15780.25,19400.0,50,140000.0,3885.0,9712.5,13262.5,80.0,121.41,187.62,48.24,5.8,100.0,543.07,12719.43,EXPIRY,True,"['short_ce:19400.0CE@0.85->0.0', 'short_pe:19400.0PE@3884.15->3619.75']",2022,2022-06
ATM_STRADDLE_2022-07-01_2022-07-07,ATM_STRADDLE,NIFTY,2022-07-01,2022-07-07,18200.0,16132.9,18200.0,50,140000.0,2400.9,6002.25,16690.0,80.0,75.03,111.7,34.55,3.32,100.0,404.6,16285.4,EXPIRY,True,"['short_ce:18200.0CE@0.9->0.0', 'short_pe:18200.0PE@2400.0->2067.1000000000004']",2022,2022-07
ATM_STRADDLE_2022-07-08_2022-07-14,ATM_STRADDLE,NIFTY,2022-07-08,2022-07-14,18050.0,15938.65,18050.0,50,140000.0,1427.1,3567.75,-34212.5,80.0,44.6,88.46,30.35,3.34,100.0,346.76,-34559.26,EXPIRY,False,"['short_ce:18050.0CE@0.8->0.0', 'short_pe:18050.0PE@1426.3->2111.3500000000004']",2022,2022-07
ATM_STRADDLE_2022-07-15_2022-07-21,ATM_STRADDLE,NIFTY,2022-07-15,2022-07-21,18150.0,16605.25,18150.0,50,140000.0,2021.8,5054.5,23852.5,80.0,63.18,89.16,30.48,2.5,100.0,365.32,23487.18,EXPIRY,True,"['short_ce:18150.0CE@0.8->0.0', 'short_pe:18150.0PE@2021.0->1544.75']",2022,2022-07
ATM_STRADDLE_2022-07-22_2022-07-28,ATM_STRADDLE,NIFTY,2022-07-22,2022-07-28,18550.0,16929.6,18550.0,50,140000.0,2011.55,5028.88,19557.5,80.0,62.86,90.8,30.78,2.61,100.0,367.05,19190.45,EXPIRY,True,"['short_ce:18550.0CE@0.55->0.0', 'short_pe:18550.0PE@2011.0->1620.4000000000015']",2022,2022-07
ATM_STRADDLE_2022-07-29_2022-08-04,ATM_STRADDLE,NIFTY,2022-07-29,2022-08-04,13850.0,17382.0,13850.0,50,140000.0,1664.3,4160.75,-93385.0,80.0,52.01,129.91,37.83,5.56,100.0,405.3,-93790.3,EXPIRY,False,"['short_ce:13850.0CE@1663.45->3532.0', 'short_pe:13850.0PE@0.85->0.0']",2022,2022-07
ATM_STRADDLE_2022-08-05_2022-08-11,ATM_STRADDLE,NIFTY,2022-08-05,2022-08-11,14000.0,17659.0,14000.0,50,140000.0,1562.9,3907.25,-104805.0,80.0,48.84,130.55,37.95,5.75,100.0,403.08,-105208.08,EXPIRY,False,"['short_ce:14000.0CE@1562.0->3659.0', 'short_pe:14000.0PE@0.9->0.0']",2022,2022-08
ATM_STRADDLE_2022-08-12_2022-08-18,ATM_STRADDLE,NIFTY,2022-08-12,2022-08-18,13850.0,17956.5,13850.0,50,140000.0,1804.7,4511.75,-115090.0,80.0,56.4,147.78,41.05,6.46,100.0,431.69,-115521.69,EXPIRY,False,"['short_ce:13850.0CE@1718.7->4106.5', 'short_pe:13850.0PE@86.0->0.0']",2022,2022-08
ATM_STRADDLE_2022-08-19_2022-08-25,ATM_STRADDLE,NIFTY,2022-08-19,2022-08-25,14100.0,17522.45,14100.0,50,140000.0,3220.5,8051.25,-10097.5,80.0,100.64,166.07,44.35,5.47,100.0,496.53,-10594.03,EXPIRY,False,"['short_ce:14100.0CE@3220.0->3422.4500000000007', 'short_pe:14100.0PE@0.5->0.0']",2022,2022-08
ATM_STRADDLE_2022-08-26_2022-09-01,ATM_STRADDLE,NIFTY,2022-08-26,2022-09-01,14200.0,17542.8,14200.0,50,140000.0,1627.15,4067.87,-85782.5,80.0,50.85,124.25,36.81,5.26,100.0,397.17,-86179.67,EXPIRY,False,"['short_ce:14200.0CE@1626.6->3342.7999999999993', 'short_pe:14200.0PE@0.55->0.0']",2022,2022-08
ATM_STRADDLE_2022-09-02_2022-09-08,ATM_STRADDLE,NIFTY,2022-09-02,2022-09-08,14100.0,17798.75,14100.0,50,140000.0,2201.75,5504.38,-74850.0,80.0,68.8,147.51,41.01,5.84,100.0,443.17,-75293.17,EXPIRY,False,"['short_ce:14100.0CE@2201.0->3698.75', 'short_pe:14100.0PE@0.75->0.0']",2022,2022-09
ATM_STRADDLE_2022-09-09_2022-09-15,ATM_STRADDLE,NIFTY,2022-09-09,2022-09-15,14400.0,17877.4,14400.0,50,140000.0,1754.7,4386.75,-86135.0,80.0,54.83,130.8,37.99,5.48,100.0,409.11,-86544.11,EXPIRY,False,"['short_ce:14400.0CE@1753.95->3477.4000000000015', 'short_pe:14400.0PE@0.75->0.0']",2022,2022-09
ATM_STRADDLE_2022-09-16_2022-09-22,ATM_STRADDLE,NIFTY,2022-09-16,2022-09-22,14500.0,17629.8,14500.0,50,140000.0,2276.1,5690.25,-42685.0,80.0,71.13,135.15,38.78,4.96,100.0,430.02,-43115.02,EXPIRY,False,"['short_ce:14500.0CE@2275.75->3129.7999999999993', 'short_pe:14500.0PE@0.35->0.0']",2022,2022-09
ATM_STRADDLE_2022-09-23_2022-09-29,ATM_STRADDLE,NIFTY,2022-09-23,2022-09-29,14250.0,16818.1,14250.0,50,140000.0,1861.15,4652.88,-35347.5,80.0,58.16,110.73,34.37,4.07,100.0,387.34,-35734.84,EXPIRY,False,"['short_ce:14250.0CE@1860.25->2568.0999999999985', 'short_pe:14250.0PE@0.9->0.0']",2022,2022-09
ATM_STRADDLE_2022-09-30_2022-10-06,ATM_STRADDLE,NIFTY,2022-09-30,2022-10-06,14650.0,17331.8,14650.0,50,140000.0,2883.2,7208.0,10070.0,80.0,90.1,139.12,39.49,4.3,100.0,453.02,9616.98,EXPIRY,True,"['short_ce:14650.0CE@2882.2->2681.7999999999993', 'short_pe:14650.0PE@1.0->0.0']",2022,2022-09
ATM_STRADDLE_2022-10-07_2022-10-13,ATM_STRADDLE,NIFTY,2022-10-07,2022-10-13,20400.0,17014.35,20400.0,50,140000.0,2601.95,6504.88,-39185.0,80.0,81.31,149.69,41.4,5.38,100.0,457.78,-39642.78,EXPIRY,False,"['short_ce:20400.0CE@0.8->0.0', 'short_pe:20400.0PE@2601.15->3385.6500000000015']",2022,2022-10
ATM_STRADDLE_2022-10-14_2022-10-20,ATM_STRADDLE,NIFTY,2022-10-14,2022-10-20,19900.0,17563.95,19900.0,50,140000.0,1892.2,4730.5,-22192.5,80.0,59.13,105.71,33.47,3.72,100.0,382.02,-22574.52,EXPIRY,False,"['short_ce:19900.0CE@0.85->0.0', 'short_pe:19900.0PE@1891.35->2336.0499999999993']",2022,2022-10
ATM_STRADDLE_2022-10-21_2022-10-27,ATM_STRADDLE,NIFTY,2022-10-21,2022-10-27,14650.0,17736.95,14650.0,50,140000.0,2601.4,6503.5,-24277.5,80.0,81.29,142.21,40.05,4.91,100.0,448.47,-24725.97,EXPIRY,False,"['short_ce:14650.0CE@2537.2->3086.9500000000007', 'short_pe:14650.0PE@64.2->0.0']",2022,2022-10
ATM_STRADDLE_2022-10-28_2022-11-03,ATM_STRADDLE,NIFTY,2022-10-28,2022-11-03,14550.0,18052.7,14550.0,50,140000.0,3146.05,7865.12,-17832.5,80.0,98.31,166.22,44.38,5.59,100.0,494.5,-18327.0,EXPIRY,False,"['short_ce:14550.0CE@3145.5->3502.7000000000007', 'short_pe:14550.0PE@0.55->0.0']",2022,2022-10
ATM_STRADDLE_2022-11-04_2022-11-10,ATM_STRADDLE,NIFTY,2022-11-04,2022-11-10,15900.0,18028.2,15900.0,50,140000.0,2120.15,5300.38,-402.5,80.0,66.25,106.21,33.56,3.4,100.0,389.42,-791.92,EXPIRY,False,"['short_ce:15900.0CE@2119.35->2128.2000000000007', 'short_pe:15900.0PE@0.8->0.0']",2022,2022-11
ATM_STRADDLE_2022-11-11_2022-11-17,ATM_STRADDLE,NIFTY,2022-11-11,2022-11-17,15050.0,18343.9,15050.0,50,140000.0,3002.8,7507.0,-14555.0,80.0,93.84,157.42,42.79,5.26,100.0,479.3,-15034.3,EXPIRY,False,"['short_ce:15050.0CE@2990.7->3293.9000000000015', 'short_pe:15050.0PE@12.1->0.0']",2022,2022-11
ATM_STRADDLE_2022-11-18_2022-11-24,ATM_STRADDLE,NIFTY,2022-11-18,2022-11-24,14650.0,18484.1,14650.0,50,140000.0,3107.4,7768.5,-36335.0,80.0,97.11,173.54,45.7,6.1,100.0,502.44,-36837.44,EXPIRY,False,"['short_ce:14650.0CE@3106.65->3834.0999999999985', 'short_pe:14650.0PE@0.75->0.0']",2022,2022-11
ATM_STRADDLE_2022-11-25_2022-12-01,ATM_STRADDLE,NIFTY,2022-11-25,2022-12-01,15250.0,18812.5,15250.0,50,140000.0,2619.2,6548.0,-47165.0,80.0,81.85,154.54,42.27,5.65,100.0,464.32,-47629.32,EXPIRY,False,"['short_ce:15250.0CE@2586.45->3562.5', 'short_pe:15250.0PE@32.75->0.0']",2022,2022-11
ATM_STRADDLE_2022-12-02_2022-12-08,ATM_STRADDLE,NIFTY,2022-12-02,2022-12-08,15000.0,18609.35,15000.0,50,140000.0,2521.1,6302.75,-54412.5,80.0,78.78,153.26,42.04,5.72,100.0,459.81,-54872.31,EXPIRY,False,"['short_ce:15000.0CE@2520.7->3609.3499999999985', 'short_pe:15000.0PE@0.4->0.0']",2022,2022-12
ATM_STRADDLE_2022-12-09_2022-12-15,ATM_STRADDLE,NIFTY,2022-12-09,2022-12-15,15000.0,18414.9,15000.0,50,140000.0,2221.5,5553.75,-59670.0,80.0,69.42,140.91,39.81,5.4,100.0,435.55,-60105.55,EXPIRY,False,"['short_ce:15000.0CE@2220.9->3414.9000000000015', 'short_pe:15000.0PE@0.6->0.0']",2022,2022-12
ATM_STRADDLE_2022-12-16_2022-12-22,ATM_STRADDLE,NIFTY,2022-12-16,2022-12-22,14800.0,18127.35,14800.0,50,140000.0,2951.3,7378.25,-18802.5,80.0,92.23,156.97,42.71,5.3,100.0,477.21,-19279.71,EXPIRY,False,"['short_ce:14800.0CE@2939.8->3327.3499999999985', 'short_pe:14800.0PE@11.5->0.0']",2022,2022-12
ATM_STRADDLE_2022-12-23_2022-12-29,ATM_STRADDLE,NIFTY,2022-12-23,2022-12-29,12000.0,18191.0,12000.0,50,140000.0,6323.95,15809.88,6647.5,80.0,197.62,312.87,70.83,9.91,100.0,771.24,5876.26,EXPIRY,True,"['short_ce:12000.0CE@6323.45->6191.0', 'short_pe:12000.0PE@0.5->0.0']",2022,2022-12
ATM_STRADDLE_2022-12-30_2023-01-05,ATM_STRADDLE,NIFTY,2022-12-30,2023-01-05,15750.0,17992.15,15750.0,50,140000.0,2536.6,6341.5,14722.5,80.0,79.27,119.47,35.95,3.6,100.0,418.29,14304.21,EXPIRY,True,"['short_ce:15750.0CE@2506.85->2242.1500000000015', 'short_pe:15750.0PE@29.75->0.0']",2022,2022-12
ATM_STRADDLE_2023-01-06_2023-01-12,ATM_STRADDLE,NIFTY,2023-01-06,2023-01-12,20300.0,17858.2,20300.0,50,140000.0,2136.15,5340.38,-15282.5,80.0,66.75,114.45,35.04,3.89,100.0,400.14,-15682.64,EXPIRY,False,"['short_ce:20300.0CE@1.0->0.0', 'short_pe:20300.0PE@2135.15->2441.7999999999993']",2023,2023-01
ATM_STRADDLE_2023-01-13_2023-01-19,ATM_STRADDLE,NIFTY,2023-01-13,2023-01-19,20300.0,18107.85,20300.0,50,140000.0,1862.5,4656.25,-16482.5,80.0,58.2,101.37,32.68,3.49,100.0,375.74,-16858.24,EXPIRY,False,"['short_ce:20300.0CE@1.15->0.0', 'short_pe:20300.0PE@1861.35->2192.1500000000015']",2023,2023-01
ATM_STRADDLE_2023-01-20_2023-01-25,ATM_STRADDLE,NIFTY,2023-01-20,2023-01-25,14800.0,17891.95,14800.0,50,140000.0,3236.55,8091.37,7230.0,80.0,101.14,158.21,42.94,4.95,100.0,487.24,6742.76,EXPIRY,True,"['short_ce:14800.0CE@3235.85->3091.9500000000007', 'short_pe:14800.0PE@0.7->0.0']",2023,2023-01
ATM_STRADDLE_2023-01-27_2023-02-02,ATM_STRADDLE,NIFTY,2023-01-27,2023-02-02,19750.0,17610.4,19750.0,50,140000.0,1074.4,2686.0,-53260.0,80.0,33.58,80.35,28.89,3.37,100.0,326.19,-53586.19,EXPIRY,False,"['short_ce:19750.0CE@1.45->0.0', 'short_pe:19750.0PE@1072.95->2139.5999999999985']",2023,2023-01
ATM_STRADDLE_2023-02-03_2023-02-09,ATM_STRADDLE,NIFTY,2023-02-03,2023-02-09,20150.0,17893.45,20150.0,50,140000.0,1504.2,3760.5,-37617.5,80.0,47.01,94.02,31.36,3.57,100.0,355.96,-37973.46,EXPIRY,False,"['short_ce:20150.0CE@1.15->0.0', 'short_pe:20150.0PE@1503.05->2256.5499999999993']",2023,2023-02
ATM_STRADDLE_2023-02-10_2023-02-16,ATM_STRADDLE,NIFTY,2023-02-10,2023-02-16,19650.0,18035.85,19650.0,50,140000.0,1703.0,4257.5,4442.5,80.0,53.22,82.93,29.36,2.59,100.0,348.09,4094.41,EXPIRY,True,"['short_ce:19650.0CE@0.95->0.0', 'short_pe:19650.0PE@1702.05->1614.1500000000015']",2023,2023-02
ATM_STRADDLE_2023-02-17_2023-02-23,ATM_STRADDLE,NIFTY,2023-02-17,2023-02-23,20200.0,17511.25,20200.0,50,140000.0,2378.7,5946.75,-15502.5,80.0,74.33,126.69,37.25,4.29,100.0,422.56,-15925.06,EXPIRY,False,"['short_ce:20200.0CE@1.0->0.0', 'short_pe:20200.0PE@2377.7->2688.75']",2023,2023-02
ATM_STRADDLE_2023-02-24_2023-03-02,ATM_STRADDLE,NIFTY,2023-02-24,2023-03-02,19550.0,17321.9,19550.0,50,140000.0,1388.7,3471.75,-41970.0,80.0,43.4,90.42,30.71,3.52,100.0,348.05,-42318.05,EXPIRY,False,"['short_ce:19550.0CE@1.25->0.0', 'short_pe:19550.0PE@1387.45->2228.0999999999985']",2023,2023-02
ATM_STRADDLE_2023-03-03_2023-03-09,ATM_STRADDLE,NIFTY,2023-03-03,2023-03-09,15850.0,17589.6,15850.0,50,140000.0,1879.4,4698.5,6990.0,80.0,58.73,90.47,30.72,2.79,100.0,362.71,6627.29,EXPIRY,True,"['short_ce:15850.0CE@1878.5->1739.5999999999985', 'short_pe:15850.0PE@0.9->0.0']",2023,2023-03
ATM_STRADDLE_2023-03-10_2023-03-16,ATM_STRADDLE,NIFTY,2023-03-10,2023-03-16,15800.0,16985.6,15800.0,50,140000.0,2208.1,5520.25,51125.0,80.0,69.0,84.84,29.7,1.95,100.0,365.5,50759.5,EXPIRY,True,"['short_ce:15800.0CE@2207.15->1185.5999999999985', 'short_pe:15800.0PE@0.95->0.0']",2023,2023-03
ATM_STRADDLE_2023-03-17_2023-03-23,ATM_STRADDLE,NIFTY,2023-03-17,2023-03-23,15650.0,17076.9,15650.0,50,140000.0,2495.65,6239.12,53437.5,80.0,77.99,98.06,32.09,2.34,100.0,390.48,53047.02,EXPIRY,True,"['short_ce:15650.0CE@2494.65->1426.9000000000015', 'short_pe:15650.0PE@1.0->0.0']",2023,2023-03
ATM_STRADDLE_2023-03-24_2023-03-29,ATM_STRADDLE,NIFTY,2023-03-24,2023-03-29,24000.0,17080.7,24000.0,50,140000.0,7351.65,18379.12,21617.5,80.0,229.74,356.77,78.75,11.09,100.0,856.35,20761.15,EXPIRY,True,"['short_ce:24000.0CE@0.65->0.0', 'short_pe:24000.0PE@7351.0->6919.299999999999']",2023,2023-03
ATM_STRADDLE_2023-03-31_2023-04-06,ATM_STRADDLE,NIFTY,2023-03-31,2023-04-06,19200.0,17599.15,19200.0,50,140000.0,2101.0,5252.5,25007.5,80.0,65.66,92.55,31.09,2.59,100.0,371.88,24635.62,EXPIRY,True,"['short_ce:19200.0CE@1.0->0.0', 'short_pe:19200.0PE@2100.0->1600.8499999999985']",2023,2023-03
ATM_STRADDLE_2023-04-10_2023-04-13,ATM_STRADDLE,NIFTY,2023-04-10,2023-04-13,19050.0,17828.0,19050.0,50,140000.0,1382.65,3456.62,8032.5,80.0,43.21,65.12,26.14,1.96,100.0,316.43,7716.07,EXPIRY,True,"['short_ce:19050.0CE@0.4->0.0', 'short_pe:19050.0PE@1382.25->1222.0']",2023,2023-04
ATM_STRADDLE_2023-04-17_2023-04-20,ATM_STRADDLE,NIFTY,2023-04-17,2023-04-20,19350.0,17624.45,19350.0,50,140000.0,2235.2,5588.0,25482.5,80.0,69.85,99.02,32.26,2.79,100.0,383.91,25098.59,EXPIRY,True,"['short_ce:19350.0CE@0.3->0.0', 'short_pe:19350.0PE@2234.9->1725.5499999999993']",2023,2023-04
ATM_STRADDLE_2023-04-21_2023-04-27,ATM_STRADDLE,NIFTY,2023-04-21,2023-04-27,15450.0,17915.05,15450.0,50,140000.0,2283.0,5707.5,-9102.5,80.0,71.34,118.7,35.81,3.93,100.0,409.79,-9512.29,EXPIRY,False,"['short_ce:15450.0CE@2282.1->2465.0499999999993', 'short_pe:15450.0PE@0.9->0.0']",2023,2023-04
ATM_STRADDLE_2023-04-28_2023-05-04,ATM_STRADDLE,NIFTY,2023-04-28,2023-05-04,15550.0,18255.8,15550.0,50,140000.0,1682.7,4206.75,-51155.0,80.0,52.58,109.71,34.19,4.28,100.0,380.76,-51535.76,EXPIRY,False,"['short_ce:15550.0CE@1681.9->2705.7999999999993', 'short_pe:15550.0PE@0.8->0.0']",2023,2023-04
ATM_STRADDLE_2023-05-05_2023-05-11,ATM_STRADDLE,NIFTY,2023-05-05,2023-05-11,19650.0,18297.0,19650.0,50,140000.0,1937.85,4844.62,29242.5,80.0,60.56,82.27,29.24,2.19,100.0,354.26,28888.24,EXPIRY,True,"['short_ce:19650.0CE@0.85->0.0', 'short_pe:19650.0PE@1937.0->1353.0']",2023,2023-05
ATM_STRADDLE_2023-05-12_2023-05-18,ATM_STRADDLE,NIFTY,2023-05-12,2023-05-18,16350.0,18129.95,16350.0,50,140000.0,1599.15,3997.88,-9040.0,80.0,49.97,84.48,29.64,2.84,100.0,346.93,-9386.93,EXPIRY,False,"['short_ce:16350.0CE@1598.15->1779.9500000000007', 'short_pe:16350.0PE@1.0->0.0']",2023,2023-05
ATM_STRADDLE_2023-05-19_2023-05-25,ATM_STRADDLE,NIFTY,2023-05-19,2023-05-25,16050.0,18321.15,16050.0,50,140000.0,2367.9,5919.75,4837.5,80.0,74.0,115.98,35.32,3.64,100.0,408.93,4428.57,EXPIRY,True,"['short_ce:16050.0CE@2366.85->2271.1500000000015', 'short_pe:16050.0PE@1.05->0.0']",2023,2023-05
ATM_STRADDLE_2023-05-26_2023-06-01,ATM_STRADDLE,NIFTY,2023-05-26,2023-06-01,16100.0,18487.75,16100.0,50,140000.0,1682.85,4207.12,-35245.0,80.0,52.59,101.77,32.75,3.79,100.0,370.89,-35615.89,EXPIRY,False,"['short_ce:16100.0CE@1681.95->2387.75', 'short_pe:16100.0PE@0.9->0.0']",2023,2023-05
ATM_STRADDLE_2023-06-02_2023-06-08,ATM_STRADDLE,NIFTY,2023-06-02,2023-06-08,16550.0,18634.55,16550.0,50,140000.0,2001.1,5002.75,-4172.5,80.0,62.53,102.14,32.82,3.33,100.0,380.83,-4553.33,EXPIRY,False,"['short_ce:16550.0CE@2000.0->2084.5499999999993', 'short_pe:16550.0PE@1.1->0.0']",2023,2023-06
ATM_STRADDLE_2023-06-09_2023-06-15,ATM_STRADDLE,NIFTY,2023-06-09,2023-06-15,20050.0,18688.1,20050.0,50,140000.0,1644.75,4111.88,14142.5,80.0,51.4,75.17,27.96,2.19,100.0,336.71,13805.79,EXPIRY,True,"['short_ce:20050.0CE@0.9->0.0', 'short_pe:20050.0PE@1643.85->1361.9000000000015']",2023,2023-06
ATM_STRADDLE_2023-06-16_2023-06-22,ATM_STRADDLE,NIFTY,2023-06-16,2023-06-22,18750.0,18771.25,18750.0,50,140000.0,160.1,400.25,6942.5,80.0,5.0,4.53,15.22,0.04,100.0,204.8,6737.7,EXPIRY,True,"['short_ce:18750.0CE@80.0->21.25', 'short_pe:18750.0PE@80.1->0.0']",2023,2023-06
ATM_STRADDLE_2023-06-30_2023-07-06,ATM_STRADDLE,NIFTY,2023-06-30,2023-07-06,20450.0,19497.3,20450.0,50,140000.0,1841.0,4602.5,44415.0,80.0,57.53,69.84,27.0,1.57,100.0,335.94,44079.06,EXPIRY,True,"['short_ce:20450.0CE@0.95->0.0', 'short_pe:20450.0PE@1840.05->952.7000000000007']",2023,2023-06
ATM_STRADDLE_2023-07-07_2023-07-13,ATM_STRADDLE,NIFTY,2023-07-07,2023-07-13,20900.0,19413.75,20900.0,50,140000.0,2131.6,5329.0,32267.5,80.0,66.61,90.45,30.71,2.41,100.0,370.18,31897.32,EXPIRY,True,"['short_ce:20900.0CE@1.0->0.0', 'short_pe:20900.0PE@2130.6->1486.25']",2023,2023-07
ATM_STRADDLE_2023-07-14_2023-07-20,ATM_STRADDLE,NIFTY,2023-07-14,2023-07-20,20850.0,19979.15,20850.0,50,140000.0,2030.8,5077.0,57997.5,80.0,63.46,72.54,27.48,1.45,100.0,344.94,57652.56,EXPIRY,True,"['short_ce:20850.0CE@1.3->0.0', 'short_pe:20850.0PE@2029.5->870.8499999999985']",2023,2023-07
ATM_STRADDLE_2023-07-21_2023-07-27,ATM_STRADDLE,NIFTY,2023-07-21,2023-07-27,16450.0,19659.9,16450.0,50,140000.0,2531.85,6329.62,-33902.5,80.0,79.12,143.54,40.29,5.1,100.0,448.06,-34350.56,EXPIRY,False,"['short_ce:16450.0CE@2530.9->3209.9000000000015', 'short_pe:16450.0PE@0.95->0.0']",2023,2023-07
ATM_STRADDLE_2023-07-28_2023-08-03,ATM_STRADDLE,NIFTY,2023-07-28,2023-08-03,17300.0,19381.65,17300.0,50,140000.0,2380.7,5951.75,14952.5,80.0,74.4,111.56,34.52,3.35,100.0,403.82,14548.68,EXPIRY,True,"['short_ce:17300.0CE@2380.0->2081.6500000000015', 'short_pe:17300.0PE@0.7->0.0']",2023,2023-07
ATM_STRADDLE_2023-08-04_2023-08-10,ATM_STRADDLE,NIFTY,2023-08-04,2023-08-10,21150.0,19543.1,21150.0,50,140000.0,1544.85,3862.13,-3102.5,80.0,48.28,78.79,28.61,2.57,100.0,338.25,-3440.75,EXPIRY,False,"['short_ce:21150.0CE@1.2->0.0', 'short_pe:21150.0PE@1543.65->1606.9000000000015']",2023,2023-08
ATM_STRADDLE_2023-08-11_2023-08-17,ATM_STRADDLE,NIFTY,2023-08-11,2023-08-17,21100.0,19365.25,21100.0,50,140000.0,1575.0,3937.5,-7987.5,80.0,49.22,82.74,29.32,2.77,100.0,344.05,-8331.55,EXPIRY,False,"['short_ce:21100.0CE@1.0->0.0', 'short_pe:21100.0PE@1574.0->1734.75']",2023,2023-08
ATM_STRADDLE_2023-08-18_2023-08-24,ATM_STRADDLE,NIFTY,2023-08-18,2023-08-24,21450.0,19386.7,21450.0,50,140000.0,1377.65,3444.12,-34282.5,80.0,43.05,86.02,29.92,3.27,100.0,342.26,-34624.76,EXPIRY,False,"['short_ce:21450.0CE@1.15->0.0', 'short_pe:21450.0PE@1376.5->2063.2999999999993']",2023,2023-08
ATM_STRADDLE_2023-08-25_2023-08-31,ATM_STRADDLE,NIFTY,2023-08-25,2023-08-31,17050.0,19253.8,17050.0,50,140000.0,2301.4,5753.5,4880.0,80.0,71.92,112.63,34.71,3.53,100.0,402.79,4477.21,EXPIRY,True,"['short_ce:17050.0CE@2300.45->2203.7999999999993', 'short_pe:17050.0PE@0.95->0.0']",2023,2023-08
ATM_STRADDLE_2023-09-01_2023-09-07,ATM_STRADDLE,NIFTY,2023-09-01,2023-09-07,21050.0,19727.05,21050.0,50,140000.0,1555.65,3889.12,11635.0,80.0,48.61,71.97,27.38,2.13,100.0,330.09,11304.91,EXPIRY,True,"['short_ce:21050.0CE@1.2->0.0', 'short_pe:21050.0PE@1554.45->1322.9500000000007']",2023,2023-09
ATM_STRADDLE_2023-09-08_2023-09-14,ATM_STRADDLE,NIFTY,2023-09-08,2023-09-14,21150.0,20103.1,21150.0,50,140000.0,1497.1,3742.75,22510.0,80.0,46.78,63.6,25.87,1.7,100.0,317.95,22192.05,EXPIRY,True,"['short_ce:21150.0CE@0.95->0.0', 'short_pe:21150.0PE@1496.15->1046.9000000000015']",2023,2023-09
ATM_STRADDLE_2023-09-15_2023-09-21,ATM_STRADDLE,NIFTY,2023-09-15,2023-09-21,21600.0,19742.35,21600.0,50,140000.0,2094.55,5236.37,11845.0,80.0,65.45,98.81,32.22,2.98,100.0,379.46,11465.54,EXPIRY,True,"['short_ce:21600.0CE@1.1->0.0', 'short_pe:21600.0PE@2093.45->1857.6500000000015']",2023,2023-09
ATM_STRADDLE_2023-09-22_2023-09-28,ATM_STRADDLE,NIFTY,2023-09-22,2023-09-28,17450.0,19523.55,17450.0,50,140000.0,2537.4,6343.5,23192.5,80.0,79.29,115.27,35.19,3.34,100.0,413.1,22779.4,EXPIRY,True,"['short_ce:17450.0CE@2536.7->2073.5499999999993', 'short_pe:17450.0PE@0.7->0.0']",2023,2023-09
ATM_STRADDLE_2023-09-29_2023-10-05,ATM_STRADDLE,NIFTY,2023-09-29,2023-10-05,21250.0,19545.75,21250.0,50,140000.0,1716.75,4291.88,625.0,80.0,53.65,85.53,29.83,2.73,100.0,351.73,273.27,EXPIRY,True,"['short_ce:21250.0CE@0.6->0.0', 'short_pe:21250.0PE@1716.15->1704.25']",2023,2023-09
ATM_STRADDLE_2023-10-06_2023-10-12,ATM_STRADDLE,NIFTY,2023-10-06,2023-10-12,21650.0,19794.0,21650.0,50,140000.0,1791.0,4477.5,-3250.0,80.0,55.97,91.17,30.84,2.97,100.0,360.95,-3610.95,EXPIRY,False,"['short_ce:21650.0CE@1.0->0.0', 'short_pe:21650.0PE@1790.0->1856.0']",2023,2023-10
ATM_STRADDLE_2023-10-13_2023-10-19,ATM_STRADDLE,NIFTY,2023-10-13,2023-10-19,21550.0,19624.7,21550.0,50,140000.0,1345.5,3363.75,-28990.0,80.0,42.05,81.77,29.15,3.05,100.0,336.02,-29326.02,EXPIRY,False,"['short_ce:21550.0CE@1.0->0.0', 'short_pe:21550.0PE@1344.5->1925.2999999999993']",2023,2023-10
ATM_STRADDLE_2023-10-20_2023-10-26,ATM_STRADDLE,NIFTY,2023-10-20,2023-10-26,21350.0,18857.25,21350.0,50,140000.0,1517.45,3793.62,-48765.0,80.0,47.42,100.25,32.48,3.94,100.0,364.1,-49129.1,EXPIRY,False,"['short_ce:21350.0CE@0.9->0.0', 'short_pe:21350.0PE@1516.55->2492.75']",2023,2023-10
ATM_STRADDLE_2023-10-27_2023-11-02,ATM_STRADDLE,NIFTY,2023-10-27,2023-11-02,20400.0,19133.25,20400.0,50,140000.0,1453.65,3634.12,9345.0,80.0,45.43,68.01,26.67,2.04,100.0,322.14,9022.86,EXPIRY,True,"['short_ce:20400.0CE@1.5->0.0', 'short_pe:20400.0PE@1452.15->1266.75']",2023,2023-10
ATM_STRADDLE_2023-11-03_2023-11-09,ATM_STRADDLE,NIFTY,2023-11-03,2023-11-09,21050.0,19395.3,21050.0,50,140000.0,1393.85,3484.63,-13042.5,80.0,43.56,76.21,28.15,2.63,100.0,330.55,-13373.05,EXPIRY,False,"['short_ce:21050.0CE@0.7->0.0', 'short_pe:21050.0PE@1393.15->1654.7000000000007']",2023,2023-11
ATM_STRADDLE_2023-11-10_2023-11-16,ATM_STRADDLE,NIFTY,2023-11-10,2023-11-16,17600.0,19765.2,17600.0,50,140000.0,2316.3,5790.75,7555.0,80.0,72.38,112.04,34.61,3.47,100.0,402.5,7152.5,EXPIRY,True,"['short_ce:17600.0CE@2315.7->2165.2000000000007', 'short_pe:17600.0PE@0.6->0.0']",2023,2023-11
ATM_STRADDLE_2023-11-17_2023-11-23,ATM_STRADDLE,NIFTY,2023-11-17,2023-11-23,17500.0,19802.0,17500.0,50,140000.0,2300.85,5752.12,-57.5,80.0,71.9,115.07,35.15,3.68,100.0,405.81,-463.31,EXPIRY,False,"['short_ce:17500.0CE@2300.0->2302.0', 'short_pe:17500.0PE@0.85->0.0']",2023,2023-11
ATM_STRADDLE_2023-11-24_2023-11-30,ATM_STRADDLE,NIFTY,2023-11-24,2023-11-30,17350.0,20133.15,17350.0,50,140000.0,2248.55,5621.37,-26730.0,80.0,70.27,125.79,37.09,4.43,100.0,417.57,-27147.57,EXPIRY,False,"['short_ce:17350.0CE@2247.85->2783.1500000000015', 'short_pe:17350.0PE@0.7->0.0']",2023,2023-11
ATM_STRADDLE_2023-12-01_2023-12-07,ATM_STRADDLE,NIFTY,2023-12-01,2023-12-07,21350.0,20901.15,21350.0,50,140000.0,2075.3,5188.25,81322.5,80.0,64.85,63.1,25.78,0.8,100.0,334.54,80987.96,EXPIRY,True,"['short_ce:21350.0CE@1.05->0.0', 'short_pe:21350.0PE@2074.25->448.84999999999854']",2023,2023-12
ATM_STRADDLE_2023-12-08_2023-12-14,ATM_STRADDLE,NIFTY,2023-12-08,2023-12-14,18700.0,21182.7,18700.0,50,140000.0,2253.2,5633.0,-11475.0,80.0,70.41,118.4,35.75,3.96,100.0,408.53,-11883.53,EXPIRY,False,"['short_ce:18700.0CE@2252.0->2482.7000000000007', 'short_pe:18700.0PE@1.2->0.0']",2023,2023-12
ATM_STRADDLE_2023-12-15_2023-12-21,ATM_STRADDLE,NIFTY,2023-12-15,2023-12-21,18200.0,21255.05,18200.0,50,140000.0,1700.75,4251.88,-67715.0,80.0,53.15,118.89,35.84,4.82,100.0,392.71,-68107.71,EXPIRY,False,"['short_ce:18200.0CE@1699.8->3055.0499999999993', 'short_pe:18200.0PE@0.95->0.0']",2023,2023-12
ATM_STRADDLE_2023-12-22_2023-12-28,ATM_STRADDLE,NIFTY,2023-12-22,2023-12-28,17450.0,21778.7,17450.0,50,140000.0,2467.0,6167.5,-93085.0,80.0,77.09,169.89,45.04,6.83,100.0,478.86,-93563.86,EXPIRY,False,"['short_ce:17450.0CE@2466.55->4328.700000000001', 'short_pe:17450.0PE@0.45->0.0']",2023,2023-12
ATM_STRADDLE_2023-12-29_2024-01-04,ATM_STRADDLE,NIFTY,2023-12-29,2024-01-04,18650.0,21658.6,18650.0,50,140000.0,1346.1,3365.25,-83125.0,80.0,42.07,108.87,34.04,4.73,100.0,369.7,-83494.7,EXPIRY,False,"['short_ce:18650.0CE@1345.05->3008.5999999999985', 'short_pe:18650.0PE@1.05->0.0']",2023,2023-12
ATM_STRADDLE_2024-01-05_2024-01-11,ATM_STRADDLE,NIFTY,2024-01-05,2024-01-11,21710.8,21647.2,21700.0,50,140000.0,260.0,650.0,10360.0,80.0,8.12,7.82,15.81,0.09,100.0,211.85,10148.15,EXPIRY,True,"['short_ce:21700.0CE@148.95->0.0', 'short_pe:21700.0PE@111.05->52.79999999999927']",2024,2024-01
ATM_STRADDLE_2024-01-12_2024-01-18,ATM_STRADDLE,NIFTY,2024-01-12,2024-01-18,21894.55,21462.25,21900.0,50,140000.0,297.1,742.75,-7032.5,80.0,9.28,18.37,17.71,0.69,100.0,226.06,-7258.56,EXPIRY,False,"['short_ce:21900.0CE@63.95->0.0', 'short_pe:21900.0PE@233.15->437.75']",2024,2024-01
ATM_STRADDLE_2024-01-19_2024-01-25,ATM_STRADDLE,NIFTY,2024-01-19,2024-01-25,21622.4,21352.6,21600.0,50,140000.0,322.65,806.62,3762.5,80.0,10.08,14.25,16.97,0.4,100.0,221.7,3540.8,EXPIRY,True,"['short_ce:21600.0CE@168.0->0.0', 'short_pe:21600.0PE@154.65->247.40000000000146']",2024,2024-01
ATM_STRADDLE_2024-01-29_2024-02-01,ATM_STRADDLE,NIFTY,2024-01-29,2024-02-01,21737.6,21697.45,21750.0,50,140000.0,360.3,900.75,15387.5,80.0,11.26,10.32,16.26,0.1,100.0,217.94,15169.56,EXPIRY,True,"['short_ce:21750.0CE@59.7->0.0', 'short_pe:21750.0PE@300.6->52.54999999999927']",2024,2024-01
ATM_STRADDLE_2024-02-02_2024-02-08,ATM_STRADDLE,NIFTY,2024-02-02,2024-02-08,21853.8,21717.95,21850.0,50,140000.0,310.0,775.0,8897.5,80.0,9.69,11.05,16.39,0.22,100.0,217.35,8680.15,EXPIRY,True,"['short_ce:21850.0CE@130.0->0.0', 'short_pe:21850.0PE@180.0->132.04999999999927']",2024,2024-02
ATM_STRADDLE_2024-02-09_2024-02-15,ATM_STRADDLE,NIFTY,2024-02-09,2024-02-15,21782.5,21910.75,21800.0,50,140000.0,347.25,868.12,11825.0,80.0,10.85,11.45,16.47,0.19,100.0,218.96,11606.04,EXPIRY,True,"['short_ce:21800.0CE@155.45->110.75', 'short_pe:21800.0PE@191.8->0.0']",2024,2024-02
ATM_STRADDLE_2024-02-16_2024-02-22,ATM_STRADDLE,NIFTY,2024-02-16,2024-02-22,22040.7,22217.45,22050.0,50,140000.0,301.0,752.5,6677.5,80.0,9.41,11.71,16.51,0.27,100.0,217.9,6459.6,EXPIRY,True,"['short_ce:22050.0CE@146.0->167.45000000000073', 'short_pe:22050.0PE@155.0->0.0']",2024,2024-02
ATM_STRADDLE_2024-02-23_2024-02-29,ATM_STRADDLE,NIFTY,2024-02-23,2024-02-29,22212.7,21982.8,22200.0,50,140000.0,368.7,921.75,7575.0,80.0,11.52,14.65,17.04,0.36,100.0,223.57,7351.43,EXPIRY,True,"['short_ce:22200.0CE@221.0->0.0', 'short_pe:22200.0PE@147.7->217.20000000000073']",2024,2024-02
ATM_STRADDLE_2024-03-01_2024-03-07,ATM_STRADDLE,NIFTY,2024-03-01,2024-03-07,22338.75,22493.55,22350.0,50,140000.0,334.15,835.38,9530.0,80.0,10.44,11.94,16.55,0.24,100.0,219.18,9310.82,EXPIRY,True,"['short_ce:22350.0CE@62.7->143.54999999999927', 'short_pe:22350.0PE@271.45->0.0']",2024,2024-03
ATM_STRADDLE_2024-03-11_2024-03-14,ATM_STRADDLE,NIFTY,2024-03-11,2024-03-14,22332.65,22146.65,22350.0,50,140000.0,310.6,776.5,5362.5,80.0,9.71,12.85,16.72,0.33,100.0,219.6,5142.9,EXPIRY,True,"['short_ce:22350.0CE@240.85->0.0', 'short_pe:22350.0PE@69.75->203.34999999999854']",2024,2024-03
ATM_STRADDLE_2024-03-15_2024-03-21,ATM_STRADDLE,NIFTY,2024-03-15,2024-03-21,22023.35,22011.95,22000.0,50,140000.0,363.95,909.88,17600.0,80.0,11.37,9.4,16.09,0.04,100.0,216.9,17383.1,EXPIRY,True,"['short_ce:22000.0CE@274.65->11.950000000000728', 'short_pe:22000.0PE@89.3->0.0']",2024,2024-03
ATM_STRADDLE_2024-03-22_2024-03-28,ATM_STRADDLE,NIFTY,2024-03-22,2024-03-28,22096.75,22326.9,22100.0,50,140000.0,272.95,682.38,2302.5,80.0,8.53,12.5,16.65,0.37,100.0,218.05,2084.45,EXPIRY,True,"['short_ce:22100.0CE@118.0->226.90000000000146', 'short_pe:22100.0PE@154.95->0.0']",2024,2024-03
ATM_STRADDLE_2024-04-01_2024-04-04,ATM_STRADDLE,NIFTY,2024-04-01,2024-04-04,22462.0,22514.65,22450.0,50,140000.0,225.9,564.75,8062.5,80.0,7.06,7.26,15.71,0.11,100.0,210.14,7852.36,EXPIRY,True,"['short_ce:22450.0CE@102.0->64.65000000000146', 'short_pe:22450.0PE@123.9->0.0']",2024,2024-04
ATM_STRADDLE_2024-04-05_2024-04-10,ATM_STRADDLE,NIFTY,2024-04-05,2024-04-10,22513.7,22753.8,22500.0,50,140000.0,256.4,641.0,130.0,80.0,8.01,12.75,16.7,0.41,100.0,217.87,-87.87,EXPIRY,False,"['short_ce:22500.0CE@140.0->253.79999999999927', 'short_pe:22500.0PE@116.4->0.0']",2024,2024-04
ATM_STRADDLE_2024-04-12_2024-04-18,ATM_STRADDLE,NIFTY,2024-04-12,2024-04-18,22519.4,21995.85,22500.0,50,140000.0,284.1,710.25,-11002.5,80.0,8.88,19.71,17.95,0.8,100.0,227.33,-11229.83,EXPIRY,False,"['short_ce:22500.0CE@224.05->0.0', 'short_pe:22500.0PE@60.05->504.15000000000146']",2024,2024-04
ATM_STRADDLE_2024-04-19_2024-04-25,ATM_STRADDLE,NIFTY,2024-04-19,2024-04-25,22147.0,22570.35,22150.0,50,140000.0,270.0,675.0,-7517.5,80.0,8.44,17.26,17.51,0.67,100.0,223.87,-7741.37,EXPIRY,False,"['short_ce:22150.0CE@50.0->420.34999999999854', 'short_pe:22150.0PE@220.0->0.0']",2024,2024-04
ATM_STRADDLE_2024-04-26_2024-05-02,ATM_STRADDLE,NIFTY,2024-04-26,2024-05-02,22419.95,22648.2,22400.0,25,140000.0,331.55,828.88,2083.75,80.0,5.18,7.25,15.71,0.2,50.0,158.34,1925.41,EXPIRY,True,"['short_ce:22400.0CE@265.0->248.20000000000073', 'short_pe:22400.0PE@66.55->0.0']",2024,2024-04
ATM_STRADDLE_2024-05-03_2024-05-09,ATM_STRADDLE,NIFTY,2024-05-03,2024-05-09,22475.85,21957.5,22500.0,25,140000.0,364.85,912.12,-4441.25,80.0,5.7,11.34,16.45,0.43,50.0,163.92,-4605.17,EXPIRY,False,"['short_ce:22500.0CE@335.0->0.0', 'short_pe:22500.0PE@29.85->542.5']",2024,2024-05
ATM_STRADDLE_2024-05-10_2024-05-16,ATM_STRADDLE,NIFTY,2024-05-10,2024-05-16,22055.2,22403.85,22050.0,25,140000.0,339.0,847.5,-371.25,80.0,5.3,8.66,15.96,0.28,50.0,160.2,-531.45,EXPIRY,False,"['short_ce:22050.0CE@175.0->353.84999999999854', 'short_pe:22050.0PE@164.0->0.0']",2024,2024-05
ATM_STRADDLE_2024-05-17_2024-05-23,ATM_STRADDLE,NIFTY,2024-05-17,2024-05-23,22466.1,22967.65,22450.0,25,140000.0,312.2,780.5,-5136.25,80.0,4.88,10.37,16.27,0.41,50.0,161.93,-5298.18,EXPIRY,False,"['short_ce:22450.0CE@146.0->517.6500000000015', 'short_pe:22450.0PE@166.2->0.0']",2024,2024-05
ATM_STRADDLE_2024-05-24_2024-05-30,ATM_STRADDLE,NIFTY,2024-05-24,2024-05-30,22957.1,22488.65,22950.0,25,140000.0,338.0,845.0,-3083.75,80.0,5.28,9.99,16.2,0.37,50.0,161.84,-3245.59,EXPIRY,False,"['short_ce:22950.0CE@190.0->0.0', 'short_pe:22950.0PE@148.0->461.34999999999854']",2024,2024-05
ATM_STRADDLE_2024-05-31_2024-06-06,ATM_STRADDLE,NIFTY,2024-05-31,2024-06-06,22530.7,22821.4,22550.0,25,140000.0,1057.0,2642.5,19640.0,80.0,16.52,16.61,17.39,0.24,50.0,180.75,19459.25,EXPIRY,True,"['short_ce:22550.0CE@557.0->271.40000000000146', 'short_pe:22550.0PE@500.0->0.0']",2024,2024-05
ATM_STRADDLE_2024-06-07_2024-06-13,ATM_STRADDLE,NIFTY,2024-06-07,2024-06-13,23290.15,23398.9,23300.0,25,140000.0,561.2,1403.0,11557.5,80.0,8.77,8.25,15.89,0.09,50.0,163.0,11394.5,EXPIRY,True,"['short_ce:23300.0CE@55.05->98.90000000000146', 'short_pe:23300.0PE@506.15->0.0']",2024,2024-06
ATM_STRADDLE_2024-06-14_2024-06-20,ATM_STRADDLE,NIFTY,2024-06-14,2024-06-20,23465.6,23567.0,23450.0,25,140000.0,279.55,698.88,4063.75,80.0,4.37,4.96,15.29,0.1,50.0,154.72,3909.03,EXPIRY,True,"['short_ce:23450.0CE@109.55->117.0', 'short_pe:23450.0PE@170.0->0.0']",2024,2024-06
ATM_STRADDLE_2024-06-21_2024-06-27,ATM_STRADDLE,NIFTY,2024-06-21,2024-06-27,23501.1,24044.5,23500.0,25,140000.0,280.0,700.0,-6612.5,80.0,4.38,10.31,16.26,0.43,50.0,161.37,-6773.87,EXPIRY,False,"['short_ce:23500.0CE@195.0->544.5', 'short_pe:23500.0PE@85.0->0.0']",2024,2024-06
ATM_STRADDLE_2024-06-28_2024-07-04,ATM_STRADDLE,NIFTY,2024-06-28,2024-07-04,24010.6,24302.15,24000.0,25,140000.0,336.0,840.0,846.25,80.0,5.25,7.98,15.84,0.24,50.0,159.31,686.94,EXPIRY,True,"['short_ce:24000.0CE@196.0->302.15000000000146', 'short_pe:24000.0PE@140.0->0.0']",2024,2024-06
ATM_STRADDLE_2024-07-05_2024-07-11,ATM_STRADDLE,NIFTY,2024-07-05,2024-07-11,24323.85,24315.95,24300.0,25,140000.0,264.9,662.25,6223.75,80.0,4.14,3.51,15.03,0.02,50.0,152.7,6071.05,EXPIRY,True,"['short_ce:24300.0CE@124.9->15.950000000000728', 'short_pe:24300.0PE@140.0->0.0']",2024,2024-07
ATM_STRADDLE_2024-07-12_2024-07-18,ATM_STRADDLE,NIFTY,2024-07-12,2024-07-18,24502.15,24800.85,24500.0,25,140000.0,260.05,650.12,-1020.0,80.0,4.06,7.01,15.66,0.24,50.0,156.98,-1176.98,EXPIRY,False,"['short_ce:24500.0CE@94.05->300.84999999999854', 'short_pe:24500.0PE@166.0->0.0']",2024,2024-07
ATM_STRADDLE_2024-07-19_2024-07-25,ATM_STRADDLE,NIFTY,2024-07-19,2024-07-25,24530.9,24406.1,24550.0,25,140000.0,538.8,1347.0,9872.5,80.0,8.42,8.53,15.94,0.12,50.0,163.02,9709.48,EXPIRY,True,"['short_ce:24550.0CE@412.1->0.0', 'short_pe:24550.0PE@126.7->143.90000000000146']",2024,2024-07
ATM_STRADDLE_2024-07-26_2024-08-01,ATM_STRADDLE,NIFTY,2024-07-26,2024-08-01,24834.85,25010.9,24850.0,25,140000.0,484.4,1211.0,8087.5,80.0,7.57,8.07,15.85,0.14,50.0,161.63,7925.87,EXPIRY,True,"['short_ce:24850.0CE@22.55->160.90000000000146', 'short_pe:24850.0PE@461.85->0.0']",2024,2024-07
ATM_STRADDLE_2024-08-02_2024-08-08,ATM_STRADDLE,NIFTY,2024-08-02,2024-08-08,24717.7,24117.0,24700.0,25,140000.0,271.0,677.5,-7800.0,80.0,4.23,10.68,16.33,0.46,50.0,161.69,-7961.69,EXPIRY,False,"['short_ce:24700.0CE@181.0->0.0', 'short_pe:24700.0PE@90.0->583.0']",2024,2024-08
ATM_STRADDLE_2024-08-09_2024-08-14,ATM_STRADDLE,NIFTY,2024-08-09,2024-08-14,24367.5,24143.75,24350.0,25,140000.0,340.0,850.0,3343.75,80.0,5.31,6.83,15.63,0.17,50.0,157.94,3185.81,EXPIRY,True,"['short_ce:24350.0CE@150.0->0.0', 'short_pe:24350.0PE@190.0->206.25']",2024,2024-08
ATM_STRADDLE_2024-08-16_2024-08-22,ATM_STRADDLE,NIFTY,2024-08-16,2024-08-22,24541.15,24811.5,24550.0,25,140000.0,365.0,912.5,2587.5,80.0,5.7,7.83,15.81,0.21,50.0,159.56,2427.94,EXPIRY,True,"['short_ce:24550.0CE@65.0->261.5', 'short_pe:24550.0PE@300.0->0.0']",2024,2024-08
ATM_STRADDLE_2024-08-23_2024-08-29,ATM_STRADDLE,NIFTY,2024-08-23,2024-08-29,24823.15,25151.95,24800.0,25,140000.0,286.2,715.5,-1643.75,80.0,4.47,7.98,15.84,0.28,50.0,158.57,-1802.32,EXPIRY,False,"['short_ce:24800.0CE@169.0->351.9500000000007', 'short_pe:24800.0PE@117.2->0.0']",2024,2024-08
ATM_STRADDLE_2024-08-30_2024-09-05,ATM_STRADDLE,NIFTY,2024-08-30,2024-09-05,25235.9,25145.1,25250.0,25,140000.0,285.45,713.62,4513.75,80.0,4.46,4.88,15.28,0.09,50.0,154.71,4359.04,EXPIRY,True,"['short_ce:25250.0CE@130.0->0.0', 'short_pe:25250.0PE@155.45->104.90000000000146']",2024,2024-08
ATM_STRADDLE_2024-09-06_2024-09-12,ATM_STRADDLE,NIFTY,2024-09-06,2024-09-12,24852.15,25388.9,24850.0,25,140000.0,391.75,979.38,-3678.75,80.0,6.12,11.63,16.5,0.43,50.0,164.68,-3843.43,EXPIRY,False,"['short_ce:24850.0CE@348.75->538.9000000000015', 'short_pe:24850.0PE@43.0->0.0']",2024,2024-09
ATM_STRADDLE_2024-09-13_2024-09-19,ATM_STRADDLE,NIFTY,2024-09-13,2024-09-19,25356.5,25415.8,25350.0,25,140000.0,302.9,757.25,5927.5,80.0,4.73,4.61,15.23,0.06,50.0,154.63,5772.87,EXPIRY,True,"['short_ce:25350.0CE@140.75->65.79999999999927', 'short_pe:25350.0PE@162.15->0.0']",2024,2024-09
ATM_STRADDLE_2024-09-20_2024-09-26,ATM_STRADDLE,NIFTY,2024-09-20,2024-09-26,25790.95,26216.05,25800.0,25,140000.0,345.05,862.62,-1775.0,80.0,5.39,9.51,16.12,0.33,50.0,161.35,-1936.35,EXPIRY,False,"['short_ce:25800.0CE@44.0->416.0499999999993', 'short_pe:25800.0PE@301.05->0.0']",2024,2024-09
ATM_STRADDLE_2024-09-27_2024-10-03,ATM_STRADDLE,NIFTY,2024-09-27,2024-10-03,26178.95,25250.1,26200.0,25,140000.0,318.5,796.25,-15785.0,80.0,4.98,15.86,17.26,0.74,50.0,168.84,-15953.84,EXPIRY,False,"['short_ce:26200.0CE@163.5->0.0', 'short_pe:26200.0PE@155.0->949.9000000000015']",2024,2024-09
ATM_STRADDLE_2024-10-04_2024-10-10,ATM_STRADDLE,NIFTY,2024-10-04,2024-10-10,25014.6,24998.45,25000.0,25,140000.0,453.15,1132.88,11290.0,80.0,11.33,5.68,15.43,0.01,50.0,162.45,11127.55,EXPIRY,True,"['short_ce:25000.0CE@371.0->0.0', 'short_pe:25000.0PE@82.15->1.5499999999992724']",2024,2024-10
ATM_STRADDLE_2024-10-11_2024-10-17,ATM_STRADDLE,NIFTY,2024-10-11,2024-10-17,24964.25,24749.85,24950.0,25,140000.0,361.95,904.88,4045.0,80.0,9.05,7.03,15.67,0.16,50.0,161.91,3883.09,EXPIRY,True,"['short_ce:24950.0CE@224.0->0.0', 'short_pe:24950.0PE@137.95->200.15000000000146']",2024,2024-10
ATM_STRADDLE_2024-10-18_2024-10-24,ATM_STRADDLE,NIFTY,2024-10-18,2024-10-24,24854.05,24399.4,24850.0,25,140000.0,345.3,863.25,-2632.5,80.0,8.63,9.95,16.19,0.36,50.0,165.13,-2797.63,EXPIRY,False,"['short_ce:24850.0CE@115.0->0.0', 'short_pe:24850.0PE@230.3->450.59999999999854']",2024,2024-10
ATM_STRADDLE_2024-10-25_2024-10-31,ATM_STRADDLE,NIFTY,2024-10-25,2024-10-31,24180.8,24205.35,24200.0,25,140000.0,405.55,1013.88,10005.0,80.0,10.14,5.14,15.33,0.01,50.0,160.62,9844.38,EXPIRY,True,"['short_ce:24200.0CE@338.85->5.349999999998545', 'short_pe:24200.0PE@66.7->0.0']",2024,2024-10
ATM_STRADDLE_2024-11-01_2024-11-07,ATM_STRADDLE,NIFTY,2024-11-01,2024-11-07,24304.35,24199.35,24300.0,25,140000.0,421.75,1054.38,8027.5,80.0,10.54,6.53,15.58,0.09,50.0,162.74,7864.76,EXPIRY,True,"['short_ce:24300.0CE@217.75->0.0', 'short_pe:24300.0PE@204.0->100.65000000000146']",2024,2024-11
ATM_STRADDLE_2024-11-08_2024-11-14,ATM_STRADDLE,NIFTY,2024-11-08,2024-11-14,24148.2,23532.7,24150.0,25,140000.0,385.0,962.5,-5807.5,80.0,9.62,12.53,16.66,0.49,50.0,169.3,-5976.8,EXPIRY,False,"['short_ce:24150.0CE@225.0->0.0', 'short_pe:24150.0PE@160.0->617.2999999999993']",2024,2024-11
ATM_STRADDLE_2024-11-18_2024-11-21,ATM_STRADDLE,NIFTY,2024-11-18,2024-11-21,23453.8,23349.9,23450.0,25,140000.0,289.35,723.38,4731.25,80.0,7.23,4.87,15.28,0.08,50.0,157.46,4573.79,EXPIRY,True,"['short_ce:23450.0CE@196.15->0.0', 'short_pe:23450.0PE@93.2->100.09999999999854']",2024,2024-11
ATM_STRADDLE_2024-11-22_2024-11-28,ATM_STRADDLE,NIFTY,2024-11-22,2024-11-28,23907.25,23914.15,23900.0,25,140000.0,534.05,1335.12,12997.5,80.0,13.35,6.85,15.64,0.02,50.0,165.86,12831.64,EXPIRY,True,"['short_ce:23900.0CE@24.05->14.150000000001455', 'short_pe:23900.0PE@510.0->0.0']",2024,2024-11
ATM_STRADDLE_2024-11-29_2024-12-05,ATM_STRADDLE,NIFTY,2024-11-29,2024-12-05,24131.1,24708.4,24150.0,25,140000.0,377.65,944.12,-4518.75,80.0,9.44,11.7,16.51,0.44,50.0,168.09,-4686.84,EXPIRY,False,"['short_ce:24150.0CE@126.75->558.4000000000015', 'short_pe:24150.0PE@250.9->0.0']",2024,2024-11
ATM_STRADDLE_2024-12-06_2024-12-12,ATM_STRADDLE,NIFTY,2024-12-06,2024-12-12,24677.8,24548.7,24700.0,25,140000.0,443.2,1108.0,7297.5,80.0,11.08,7.43,15.74,0.13,50.0,164.38,7133.12,EXPIRY,True,"['short_ce:24700.0CE@225.0->0.0', 'short_pe:24700.0PE@218.2->151.29999999999927']",2024,2024-12
ATM_STRADDLE_2024-12-13_2024-12-19,ATM_STRADDLE,NIFTY,2024-12-13,2024-12-19,24768.3,23951.7,24750.0,25,140000.0,380.75,951.88,-10438.75,80.0,9.52,14.74,17.06,0.63,50.0,171.94,-10610.69,EXPIRY,False,"['short_ce:24750.0CE@79.95->0.0', 'short_pe:24750.0PE@300.8->798.2999999999993']",2024,2024-12
ATM_STRADDLE_2024-12-20_2024-12-26,ATM_STRADDLE,NIFTY,2024-12-20,2024-12-26,23587.5,23750.2,23600.0,25,140000.0,554.9,1387.25,10117.5,80.0,13.87,8.81,15.99,0.13,50.0,168.81,9948.69,EXPIRY,True,"['short_ce:23600.0CE@485.0->150.20000000000073', 'short_pe:23600.0PE@69.9->0.0']",2024,2024-12
ATM_STRADDLE_2024-12-27_2025-01-02,ATM_STRADDLE,NIFTY,2024-12-27,2025-01-02,23813.4,24188.65,23800.0,75,140000.0,360.0,900.0,-2148.75,80.0,27.0,28.07,19.46,0.93,150.0,305.47,-2454.22,EXPIRY,False,"['short_ce:23800.0CE@201.0->388.65000000000146', 'short_pe:23800.0PE@159.0->0.0']",2024,2024-12
ATM_STRADDLE_2025-01-03_2025-01-09,ATM_STRADDLE,NIFTY,2025-01-03,2025-01-09,24004.75,23526.5,24000.0,75,140000.0,410.3,1025.75,-4740.0,80.0,30.77,33.14,20.38,1.13,150.0,315.42,-5055.42,EXPIRY,False,"['short_ce:24000.0CE@296.0->0.0', 'short_pe:24000.0PE@114.3->473.5']",2025,2025-01
ATM_STRADDLE_2025-01-10_2025-01-16,ATM_STRADDLE,NIFTY,2025-01-10,2025-01-16,23431.5,23311.8,23450.0,75,140000.0,405.0,1012.5,20010.0,80.0,30.38,20.37,18.07,0.35,150.0,299.17,19710.83,EXPIRY,True,"['short_ce:23450.0CE@275.0->0.0', 'short_pe:23450.0PE@130.0->138.20000000000073']",2025,2025-01
ATM_STRADDLE_2025-01-17_2025-01-23,ATM_STRADDLE,NIFTY,2025-01-17,2025-01-23,23203.2,23205.35,23200.0,75,140000.0,393.05,982.62,29077.5,80.0,29.48,14.94,17.09,0.04,150.0,291.56,28785.94,EXPIRY,True,"['short_ce:23200.0CE@260.05->5.349999999998545', 'short_pe:23200.0PE@133.0->0.0']",2025,2025-01
ATM_STRADDLE_2025-01-24_2025-01-30,ATM_STRADDLE,NIFTY,2025-01-24,2025-01-30,23092.2,23249.5,23100.0,25,140000.0,405.1,1012.75,6390.0,80.0,10.13,6.93,15.65,0.13,50.0,162.84,6227.16,EXPIRY,True,"['short_ce:23100.0CE@285.1->149.5', 'short_pe:23100.0PE@120.0->0.0']",2025,2025-01
ATM_STRADDLE_2025-01-31_2025-02-06,ATM_STRADDLE,NIFTY,2025-01-31,2025-02-06,23508.4,23603.35,23500.0,75,140000.0,616.9,1542.25,38516.25,80.0,46.27,27.01,19.27,0.29,150.0,322.83,38193.42,EXPIRY,True,"['short_ce:23500.0CE@241.95->103.34999999999854', 'short_pe:23500.0PE@374.95->0.0']",2025,2025-01
ATM_STRADDLE_2025-02-07_2025-02-13,ATM_STRADDLE,NIFTY,2025-02-07,2025-02-13,23559.95,23031.4,23550.0,75,140000.0,383.15,957.88,-10158.75,80.0,28.74,33.82,20.5,1.23,150.0,314.29,-10473.04,EXPIRY,False,"['short_ce:23550.0CE@245.0->0.0', 'short_pe:23550.0PE@138.15->518.5999999999985']",2025,2025-02
ATM_STRADDLE_2025-02-14_2025-02-20,ATM_STRADDLE,NIFTY,2025-02-14,2025-02-20,22929.25,22913.15,22950.0,75,140000.0,312.85,782.12,20700.0,80.0,23.46,13.11,16.77,0.11,150.0,283.45,20416.55,EXPIRY,True,"['short_ce:22950.0CE@214.55->0.0', 'short_pe:22950.0PE@98.3->36.849999999998545']",2025,2025-02
ATM_STRADDLE_2025-02-21_2025-02-27,ATM_STRADDLE,NIFTY,2025-02-21,2025-02-27,22795.9,22545.05,22800.0,75,140000.0,347.6,869.0,6948.75,80.0,26.07,22.6,18.48,0.62,150.0,297.76,6650.99,EXPIRY,True,"['short_ce:22800.0CE@234.2->0.0', 'short_pe:22800.0PE@113.4->254.95000000000073']",2025,2025-02
ATM_STRADDLE_2025-02-28_2025-03-06,ATM_STRADDLE,NIFTY,2025-02-28,2025-03-06,22124.7,22544.7,22100.0,75,140000.0,443.95,1109.88,-56.25,80.0,33.3,33.32,20.41,1.07,150.0,318.1,-374.35,EXPIRY,False,"['short_ce:22100.0CE@414.95->444.7000000000007', 'short_pe:22100.0PE@29.0->0.0']",2025,2025-02
ATM_STRADDLE_2025-03-07_2025-03-13,ATM_STRADDLE,NIFTY,2025-03-07,2025-03-13,22552.5,22397.2,22550.0,75,140000.0,309.3,773.25,11737.5,80.0,23.2,17.33,17.53,0.38,150.0,288.43,11449.07,EXPIRY,True,"['short_ce:22550.0CE@144.15->0.0', 'short_pe:22550.0PE@165.15->152.79999999999927']",2025,2025-03
ATM_STRADDLE_2025-03-17_2025-03-20,ATM_STRADDLE,NIFTY,2025-03-17,2025-03-20,22508.75,23190.65,22500.0,75,140000.0,226.8,567.0,-34788.75,80.0,17.01,34.4,20.61,1.62,150.0,303.64,-35092.39,EXPIRY,False,"['short_ce:22500.0CE@96.8->690.6500000000015', 'short_pe:22500.0PE@130.0->0.0']",2025,2025-03
ATM_STRADDLE_2025-03-21_2025-03-27,ATM_STRADDLE,NIFTY,2025-03-21,2025-03-27,23350.4,23591.95,23350.0,75,140000.0,305.05,762.62,4732.5,80.0,22.88,20.51,18.1,0.59,150.0,292.08,4440.42,EXPIRY,True,"['short_ce:23350.0CE@70.0->241.95000000000073', 'short_pe:23350.0PE@235.05->0.0']",2025,2025-03
ATM_STRADDLE_2025-03-28_2025-04-03,ATM_STRADDLE,NIFTY,2025-03-28,2025-04-03,23519.35,23250.1,23500.0,75,140000.0,365.95,914.88,8703.75,80.0,27.45,23.09,18.57,0.61,150.0,299.71,8404.04,EXPIRY,True,"['short_ce:23500.0CE@274.95->0.0', 'short_pe:23500.0PE@91.0->249.90000000000146']",2025,2025-03
ATM_STRADDLE_2025-04-04_2025-04-09,ATM_STRADDLE,NIFTY,2025-04-04,2025-04-09,22904.45,22399.15,22900.0,75,140000.0,370.05,925.12,-9810.0,80.0,27.75,32.66,20.29,1.19,150.0,311.9,-10121.9,EXPIRY,False,"['short_ce:22900.0CE@310.0->0.0', 'short_pe:22900.0PE@60.05->500.84999999999854']",2025,2025-04
ATM_STRADDLE_2025-04-11_2025-04-17,ATM_STRADDLE,NIFTY,2025-04-11,2025-04-17,22828.55,23851.65,22850.0,75,140000.0,499.95,1249.88,-37627.5,80.0,37.5,56.31,24.56,2.37,150.0,350.73,-37978.23,EXPIRY,False,"['short_ce:22850.0CE@199.95->1001.6500000000015', 'short_pe:22850.0PE@300.0->0.0']",2025,2025-04
ATM_STRADDLE_2025-04-21_2025-04-24,ATM_STRADDLE,NIFTY,2025-04-21,2025-04-24,24125.55,24246.7,24150.0,75,140000.0,414.25,1035.62,23816.25,80.0,31.07,19.16,17.86,0.26,150.0,298.34,23517.91,EXPIRY,True,"['short_ce:24150.0CE@95.0->96.70000000000073', 'short_pe:24150.0PE@319.25->0.0']",2025,2025-04
ATM_STRADDLE_2025-04-25_2025-04-30,ATM_STRADDLE,NIFTY,2025-04-25,2025-04-30,24039.35,24334.2,24050.0,75,140000.0,459.95,1149.88,13181.25,80.0,34.5,27.91,19.43,0.7,150.0,312.53,12868.72,EXPIRY,True,"['short_ce:24050.0CE@369.95->284.2000000000007', 'short_pe:24050.0PE@90.0->0.0']",2025,2025-04
ATM_STRADDLE_2025-05-02_2025-05-08,ATM_STRADDLE,NIFTY,2025-05-02,2025-05-08,24346.7,24273.8,24350.0,75,140000.0,485.0,1212.5,30660.0,80.0,36.38,21.05,18.2,0.21,150.0,305.83,30354.17,EXPIRY,True,"['short_ce:24350.0CE@235.0->0.0', 'short_pe:24350.0PE@250.0->76.20000000000073']",2025,2025-05
ATM_STRADDLE_2025-05-09_2025-05-15,ATM_STRADDLE,NIFTY,2025-05-09,2025-05-15,24008.0,25062.1,24000.0,75,140000.0,526.15,1315.38,-40196.25,80.0,39.46,59.56,25.14,2.51,150.0,356.67,-40552.92,EXPIRY,False,"['short_ce:24000.0CE@226.15->1062.0999999999985', 'short_pe:24000.0PE@300.0->0.0']",2025,2025-05
ATM_STRADDLE_2025-05-16_2025-05-22,ATM_STRADDLE,NIFTY,2025-05-16,2025-05-22,25019.8,24609.7,25000.0,75,140000.0,406.0,1015.0,1177.5,80.0,30.45,29.86,19.79,0.94,150.0,311.03,866.47,EXPIRY,True,"['short_ce:25000.0CE@230.0->0.0', 'short_pe:25000.0PE@176.0->390.2999999999993']",2025,2025-05
ATM_STRADDLE_2025-05-23_2025-05-29,ATM_STRADDLE,NIFTY,2025-05-23,2025-05-29,24853.15,24833.6,24850.0,75,140000.0,421.85,1054.62,30408.75,80.0,31.64,16.43,17.36,0.07,150.0,295.51,30113.24,EXPIRY,True,"['short_ce:24850.0CE@125.0->0.0', 'short_pe:24850.0PE@296.85->16.400000000001455']",2025,2025-05
ATM_STRADDLE_2025-05-30_2025-06-05,ATM_STRADDLE,NIFTY,2025-05-30,2025-06-05,24750.7,24750.9,24750.0,75,140000.0,435.0,1087.5,32557.5,80.0,32.62,16.35,17.35,0.03,150.0,296.35,32261.15,EXPIRY,True,"['short_ce:24750.0CE@280.0->0.9000000000014552', 'short_pe:24750.0PE@155.0->0.0']",2025,2025-05
ATM_STRADDLE_2025-06-06_2025-06-12,ATM_STRADDLE,NIFTY,2025-06-06,2025-06-12,25003.05,24888.2,25000.0,75,140000.0,420.95,1052.38,23186.25,80.0,31.57,19.98,18.0,0.29,150.0,299.84,22886.41,EXPIRY,True,"['short_ce:25000.0CE@103.0->0.0', 'short_pe:25000.0PE@317.95->111.79999999999927']",2025,2025-06
ATM_STRADDLE_2025-06-13_2025-06-19,ATM_STRADDLE,NIFTY,2025-06-13,2025-06-19,24718.6,24793.25,24700.0,75,140000.0,350.7,876.75,19308.75,80.0,26.3,16.65,17.4,0.24,150.0,290.6,19018.15,EXPIRY,True,"['short_ce:24700.0CE@99.7->93.25', 'short_pe:24700.0PE@251.0->0.0']",2025,2025-06
ATM_STRADDLE_2025-06-20_2025-06-26,ATM_STRADDLE,NIFTY,2025-06-20,2025-06-26,25112.4,25549.0,25100.0,75,140000.0,415.85,1039.62,-2486.25,80.0,31.19,32.43,20.25,1.08,150.0,314.95,-2801.2,EXPIRY,False,"['short_ce:25100.0CE@60.0->449.0', 'short_pe:25100.0PE@355.85->0.0']",2025,2025-06
ATM_STRADDLE_2025-06-27_2025-07-03,ATM_STRADDLE,NIFTY,2025-06-27,2025-07-03,25637.8,25405.3,25650.0,75,140000.0,315.05,787.62,5276.25,80.0,23.63,20.99,18.19,0.59,150.0,293.4,4982.85,EXPIRY,True,"['short_ce:25650.0CE@135.0->0.0', 'short_pe:25650.0PE@180.05->244.70000000000073']",2025,2025-06
ATM_STRADDLE_2025-07-04_2025-07-10,ATM_STRADDLE,NIFTY,2025-07-04,2025-07-10,25461.0,25355.25,25450.0,75,140000.0,320.65,801.62,16942.5,80.0,24.05,15.58,17.21,0.24,150.0,287.08,16655.42,EXPIRY,True,"['short_ce:25450.0CE@160.0->0.0', 'short_pe:25450.0PE@160.65->94.75']",2025,2025-07
ATM_STRADDLE_2025-07-11_2025-07-17,ATM_STRADDLE,NIFTY,2025-07-11,2025-07-17,25149.85,25111.45,25150.0,75,140000.0,299.25,748.12,19552.5,80.0,22.44,12.67,16.68,0.11,150.0,281.91,19270.59,EXPIRY,True,"['short_ce:25150.0CE@221.25->0.0', 'short_pe:25150.0PE@78.0->38.54999999999927']",2025,2025-07
ATM_STRADDLE_2025-07-18_2025-07-24,ATM_STRADDLE,NIFTY,2025-07-18,2025-07-24,24968.4,25062.1,24950.0,75,140000.0,352.0,880.0,17992.5,80.0,26.4,17.4,17.54,0.29,150.0,291.63,17700.87,EXPIRY,True,"['short_ce:24950.0CE@290.0->112.09999999999854', 'short_pe:24950.0PE@62.0->0.0']",2025,2025-07
ATM_STRADDLE_2025-07-25_2025-07-31,ATM_STRADDLE,NIFTY,2025-07-25,2025-07-31,24837.0,24768.35,24850.0,75,140000.0,296.0,740.0,16076.25,80.0,22.2,14.16,16.95,0.21,150.0,283.53,15792.72,EXPIRY,True,"['short_ce:24850.0CE@240.0->0.0', 'short_pe:24850.0PE@56.0->81.65000000000146']",2025,2025-07
ATM_STRADDLE_2025-08-01_2025-08-07,ATM_STRADDLE,NIFTY,2025-08-01,2025-08-07,24565.35,24596.15,24550.0,75,140000.0,374.45,936.13,24622.5,80.0,28.08,15.77,17.24,0.14,150.0,291.24,24331.26,EXPIRY,True,"['short_ce:24550.0CE@294.55->46.150000000001455', 'short_pe:24550.0PE@79.9->0.0']",2025,2025-08
ATM_STRADDLE_2025-08-08_2025-08-14,ATM_STRADDLE,NIFTY,2025-08-08,2025-08-14,24363.3,24631.3,24350.0,75,140000.0,340.8,852.0,4462.5,80.0,25.56,23.33,18.61,0.68,150.0,298.18,4164.32,EXPIRY,True,"['short_ce:24350.0CE@303.5->281.2999999999993', 'short_pe:24350.0PE@37.3->0.0']",2025,2025-08
ATM_STRADDLE_2025-08-18_2025-08-21,ATM_STRADDLE,NIFTY,2025-08-18,2025-08-21,24876.95,25083.75,24900.0,75,140000.0,232.05,580.12,3622.5,80.0,17.4,15.59,17.21,0.44,150.0,280.65,3341.85,EXPIRY,True,"['short_ce:24900.0CE@129.95->183.75', 'short_pe:24900.0PE@102.1->0.0']",2025,2025-08
ATM_STRADDLE_2025-08-22_2025-08-28,ATM_STRADDLE,NIFTY,2025-08-22,2025-08-28,24870.1,24500.9,24850.0,75,140000.0,304.4,761.0,-3352.5,80.0,22.83,24.51,18.82,0.83,150.0,296.99,-3649.49,EXPIRY,False,"['short_ce:24850.0CE@265.95->0.0', 'short_pe:24850.0PE@38.45->349.09999999999854']",2025,2025-08
ATM_STRADDLE_2025-08-29_2025-09-02,ATM_STRADDLE,NIFTY,2025-08-29,2025-09-02,24426.85,24579.6,24450.0,75,140000.0,246.55,616.38,8771.25,80.0,18.49,14.11,16.94,0.32,150.0,279.86,8491.39,EXPIRY,True,"['short_ce:24450.0CE@165.0->129.59999999999854', 'short_pe:24450.0PE@81.55->0.0']",2025,2025-08
ATM_STRADDLE_2025-09-03_2025-09-09,ATM_STRADDLE,NIFTY,2025-09-03,2025-09-09,24715.05,24868.6,24700.0,75,140000.0,239.4,598.5,5310.0,80.0,17.96,15.3,17.16,0.41,150.0,280.82,5029.18,EXPIRY,True,"['short_ce:24700.0CE@93.4->168.59999999999854', 'short_pe:24700.0PE@146.0->0.0']",2025,2025-09
ATM_STRADDLE_2025-09-10_2025-09-16,ATM_STRADDLE,NIFTY,2025-09-10,2025-09-16,24973.1,25239.1,24950.0,75,140000.0,235.65,589.12,-4008.75,80.0,17.67,19.68,17.95,0.69,150.0,285.99,-4294.74,EXPIRY,False,"['short_ce:24950.0CE@120.65->289.09999999999854', 'short_pe:24950.0PE@115.0->0.0']",2025,2025-09
ATM_STRADDLE_2025-09-17_2025-09-23,ATM_STRADDLE,NIFTY,2025-09-17,2025-09-23,25330.25,25169.5,25350.0,75,140000.0,255.4,638.5,5617.5,80.0,19.16,16.35,17.35,0.44,150.0,283.29,5334.21,EXPIRY,True,"['short_ce:25350.0CE@113.4->0.0', 'short_pe:25350.0PE@142.0->180.5']",2025,2025-09
ATM_STRADDLE_2025-09-26_2025-09-30,ATM_STRADDLE,NIFTY,2025-09-26,2025-09-30,24654.7,24611.1,24650.0,75,140000.0,289.6,724.0,18802.5,80.0,21.72,12.32,16.62,0.11,150.0,280.77,18521.73,EXPIRY,True,"['short_ce:24650.0CE@272.1->0.0', 'short_pe:24650.0PE@17.5->38.900000000001455']",2025,2025-09
ATM_STRADDLE_2025-10-01_2025-10-07,ATM_STRADDLE,NIFTY,2025-10-01,2025-10-07,24836.3,25108.3,24850.0,75,140000.0,283.15,707.88,1863.75,80.0,21.24,20.3,18.06,0.62,150.0,290.22,1573.53,EXPIRY,True,"['short_ce:24850.0CE@59.65->258.2999999999993', 'short_pe:24850.0PE@223.5->0.0']",2025,2025-10
ATM_STRADDLE_2025-10-08_2025-10-14,ATM_STRADDLE,NIFTY,2025-10-08,2025-10-14,25046.15,25145.5,25050.0,75,140000.0,267.85,669.62,12926.25,80.0,20.09,13.63,16.86,0.24,150.0,280.81,12645.44,EXPIRY,True,"['short_ce:25050.0CE@177.05->95.5', 'short_pe:25050.0PE@90.8->0.0']",2025,2025-10
ATM_STRADDLE_2025-10-15_2025-10-20,ATM_STRADDLE,NIFTY,2025-10-15,2025-10-20,25323.55,25843.15,25300.0,75,140000.0,272.85,682.12,-20272.5,80.0,20.46,30.6,19.92,1.28,150.0,302.27,-20574.77,EXPIRY,False,"['short_ce:25300.0CE@98.8->543.1500000000015', 'short_pe:25300.0PE@174.05->0.0']",2025,2025-10
ATM_STRADDLE_2025-10-21_2025-10-28,ATM_STRADDLE,NIFTY,2025-10-21,2025-10-28,25868.6,25936.2,25850.0,75,140000.0,283.3,708.25,14782.5,80.0,21.25,13.86,16.9,0.22,150.0,282.22,14500.28,EXPIRY,True,"['short_ce:25850.0CE@189.25->86.20000000000073', 'short_pe:25850.0PE@94.05->0.0']",2025,2025-10
ATM_STRADDLE_2025-10-29_2025-11-04,ATM_STRADDLE,NIFTY,2025-10-29,2025-11-04,26053.9,25597.65,26050.0,75,140000.0,335.45,838.63,-8767.5,80.0,25.16,29.54,19.73,1.08,150.0,305.51,-9073.01,EXPIRY,False,"['short_ce:26050.0CE@166.3->0.0', 'short_pe:26050.0PE@169.15->452.34999999999854']",2025,2025-10
ATM_STRADDLE_2025-11-06_2025-11-11,ATM_STRADDLE,NIFTY,2025-11-06,2025-11-11,25509.7,25694.95,25500.0,75,140000.0,325.45,813.62,9787.5,80.0,24.41,19.52,17.92,0.48,150.0,292.32,9495.18,EXPIRY,True,"['short_ce:25500.0CE@237.95->194.95000000000073', 'short_pe:25500.0PE@87.5->0.0']",2025,2025-11
ATM_STRADDLE_2025-11-12_2025-11-18,ATM_STRADDLE,NIFTY,2025-11-12,2025-11-18,25875.8,25910.05,25900.0,75,140000.0,278.95,697.38,20167.5,80.0,20.92,10.84,16.35,0.04,150.0,278.16,19889.34,EXPIRY,True,"['short_ce:25900.0CE@140.95->10.049999999999272', 'short_pe:25900.0PE@138.0->0.0']",2025,2025-11
ATM_STRADDLE_2025-11-19_2025-11-25,ATM_STRADDLE,NIFTY,2025-11-19,2025-11-25,26052.65,25884.8,26050.0,75,140000.0,320.8,802.0,11670.0,80.0,24.06,18.23,17.69,0.41,150.0,290.38,11379.62,EXPIRY,True,"['short_ce:26050.0CE@114.65->0.0', 'short_pe:26050.0PE@206.15->165.20000000000073']",2025,2025-11
ATM_STRADDLE_2025-11-26_2025-12-02,ATM_STRADDLE,NIFTY,2025-11-26,2025-12-02,26205.3,26032.2,26200.0,75,140000.0,322.85,807.12,11628.75,80.0,24.21,18.4,17.72,0.41,150.0,290.75,11338.0,EXPIRY,True,"['short_ce:26200.0CE@45.0->0.0', 'short_pe:26200.0PE@277.85->167.79999999999927']",2025,2025-11
ATM_STRADDLE_2025-12-03_2025-12-09,ATM_STRADDLE,NIFTY,2025-12-03,2025-12-09,25986.0,25839.65,26000.0,75,140000.0,288.1,720.25,9581.25,80.0,21.61,16.82,17.43,0.39,150.0,286.25,9295.0,EXPIRY,True,"['short_ce:26000.0CE@195.0->0.0', 'short_pe:26000.0PE@93.1->160.34999999999854']",2025,2025-12
ATM_STRADDLE_2025-12-10_2025-12-16,ATM_STRADDLE,NIFTY,2025-12-10,2025-12-16,25758.0,25860.1,25750.0,75,140000.0,296.4,741.0,13972.5,80.0,22.23,15.24,17.15,0.28,150.0,284.9,13687.6,EXPIRY,True,"['short_ce:25750.0CE@211.4->110.09999999999854', 'short_pe:25750.0PE@85.0->0.0']",2025,2025-12
ATM_STRADDLE_2025-12-17_2025-12-23,ATM_STRADDLE,NIFTY,2025-12-17,2025-12-23,25818.55,26177.15,25800.0,75,140000.0,281.4,703.5,-7181.25,80.0,21.11,24.7,18.85,0.9,150.0,295.55,-7476.8,EXPIRY,False,"['short_ce:25800.0CE@191.0->377.15000000000146', 'short_pe:25800.0PE@90.4->0.0']",2025,2025-12
ATM_STRADDLE_2025-12-26_2025-12-30,ATM_STRADDLE,NIFTY,2025-12-26,2025-12-30,26042.3,25938.85,26050.0,75,140000.0,213.4,533.5,7668.75,80.0,16.01,12.17,16.6,0.27,150.0,275.05,7393.7,EXPIRY,True,"['short_ce:26050.0CE@165.4->0.0', 'short_pe:26050.0PE@48.0->111.15000000000146']",2025,2025-12
ATM_STRADDLE_2025-12-31_2026-01-06,ATM_STRADDLE,NIFTY,2025-12-31,2026-01-06,26129.6,26178.7,26150.0,65,140000.0,251.1,627.75,14456.0,80.0,16.32,9.09,16.04,0.07,130.0,251.53,14204.47,EXPIRY,True,"['short_ce:26150.0CE@63.1->28.700000000000728', 'short_pe:26150.0PE@188.0->0.0']",2025,2025-12
ATM_STRADDLE_2026-01-07_2026-01-13,ATM_STRADDLE,NIFTY,2026-01-07,2026-01-13,26140.75,25732.3,26150.0,65,140000.0,225.0,562.5,-12525.5,80.0,14.62,20.89,18.17,0.86,130.0,264.54,-12790.04,EXPIRY,False,"['short_ce:26150.0CE@127.0->0.0', 'short_pe:26150.0PE@98.0->417.7000000000007']",2026,2026-01
ATM_STRADDLE_2026-01-14_2026-01-20,ATM_STRADDLE,NIFTY,2026-01-14,2026-01-20,25665.6,25232.5,25650.0,65,140000.0,278.15,695.38,-9057.75,80.0,18.08,22.61,18.48,0.86,130.0,270.03,-9327.78,EXPIRY,False,"['short_ce:25650.0CE@171.2->0.0', 'short_pe:25650.0PE@106.95->417.5']",2026,2026-01
ATM_STRADDLE_2026-01-21_2026-01-27,ATM_STRADDLE,NIFTY,2026-01-21,2026-01-27,25157.5,25175.4,25150.0,65,140000.0,336.75,841.88,20237.75,80.0,21.89,11.77,16.52,0.07,130.0,260.25,19977.5,EXPIRY,True,"['short_ce:25150.0CE@216.75->25.400000000001455', 'short_pe:25150.0PE@120.0->0.0']",2026,2026-01
ATM_STRADDLE_2026-01-28_2026-02-03,ATM_STRADDLE,NIFTY,2026-01-28,2026-02-03,25342.75,25727.55,25350.0,65,140000.0,469.85,1174.62,5999.5,80.0,30.54,27.54,19.37,0.79,130.0,288.24,5711.26,EXPIRY,True,"['short_ce:25350.0CE@217.8->377.5499999999993', 'short_pe:25350.0PE@252.05->0.0']",2026,2026-01
ATM_STRADDLE_2026-02-04_2026-02-10,ATM_STRADDLE,NIFTY,2026-02-04,2026-02-10,25776.0,25935.15,25800.0,65,140000.0,406.6,1016.5,17644.25,80.0,26.43,17.61,17.58,0.3,130.0,271.91,17372.34,EXPIRY,True,"['short_ce:25800.0CE@170.6->135.15000000000146', 'short_pe:25800.0PE@236.0->0.0']",2026,2026-02
ATM_STRADDLE_2026-02-11_2026-02-17,ATM_STRADDLE,NIFTY,2026-02-11,2026-02-17,25953.85,25725.4,25950.0,65,140000.0,278.0,695.0,3471.0,80.0,18.07,16.33,17.35,0.47,130.0,262.22,3208.78,EXPIRY,True,"['short_ce:25950.0CE@160.0->0.0', 'short_pe:25950.0PE@118.0->224.59999999999854']",2026,2026-02
ATM_STRADDLE_2026-02-18_2026-02-24,ATM_STRADDLE,NIFTY,2026-02-18,2026-02-24,25819.35,25424.65,25800.0,65,140000.0,296.8,742.0,-5105.75,80.0,19.29,21.84,18.34,0.78,130.0,270.25,-5376.0,EXPIRY,False,"['short_ce:25800.0CE@132.0->0.0', 'short_pe:25800.0PE@164.8->375.34999999999854']",2026,2026-02
ATM_STRADDLE_2026-02-25_2026-03-02,ATM_STRADDLE,NIFTY,2026-02-25,2026-03-02,25482.5,24865.7,25500.0,65,140000.0,333.4,833.5,-19558.5,80.0,21.67,31.45,20.07,1.3,130.0,284.49,-19842.99,EXPIRY,False,"['short_ce:25500.0CE@174.4->0.0', 'short_pe:25500.0PE@159.0->634.2999999999993']",2026,2026-02
ATM_STRADDLE_2026-03-04_2026-03-10,ATM_STRADDLE,NIFTY,2026-03-04,2026-03-10,24480.5,24261.6,24500.0,65,140000.0,566.0,1415.0,21294.0,80.0,36.79,26.14,19.12,0.52,130.0,292.57,21001.43,EXPIRY,True,"['short_ce:24500.0CE@300.0->0.0', 'short_pe:24500.0PE@266.0->238.40000000000146']",2026,2026-03
ATM_STRADDLE_2026-03-11_2026-03-17,ATM_STRADDLE,NIFTY,2026-03-11,2026-03-17,23866.85,23581.15,23850.0,65,140000.0,660.05,1650.12,25428.0,80.0,42.9,30.19,19.84,0.58,130.0,303.52,25124.48,EXPIRY,True,"['short_ce:23850.0CE@540.05->0.0', 'short_pe:23850.0PE@120.0->268.84999999999854']",2026,2026-03
ATM_STRADDLE_2026-03-18_2026-03-24,ATM_STRADDLE,NIFTY,2026-03-18,2026-03-24,23777.8,22912.4,23800.0,65,140000.0,473.05,1182.62,-26945.75,80.0,30.75,44.22,22.38,1.82,130.0,309.16,-27254.91,EXPIRY,False,"['short_ce:23800.0CE@152.0->0.0', 'short_pe:23800.0PE@321.05->887.5999999999985']",2026,2026-03
ATM_STRADDLE_2026-03-27_2026-03-30,ATM_STRADDLE,NIFTY,2026-03-27,2026-03-30,22819.6,22331.4,22800.0,65,140000.0,620.25,1550.62,9857.25,80.0,40.32,35.39,20.78,0.98,130.0,307.47,9549.78,EXPIRY,True,"['short_ce:22800.0CE@499.05->0.0', 'short_pe:22800.0PE@121.2->468.59999999999854']",2026,2026-03
ATM_STRADDLE_2026-04-01_2026-04-07,ATM_STRADDLE,NIFTY,2026-04-01,2026-04-07,22679.4,23123.65,22700.0,65,140000.0,628.2,1570.5,13295.75,80.0,40.83,34.19,20.57,0.89,130.0,306.48,12989.27,EXPIRY,True,"['short_ce:22700.0CE@329.95->423.65000000000146', 'short_pe:22700.0PE@298.25->0.0']",2026,2026-04
ATM_STRADDLE_2026-04-08_2026-04-13,ATM_STRADDLE,NIFTY,2026-04-08,2026-04-13,23997.35,23842.65,24000.0,65,140000.0,548.2,1370.5,25405.25,80.0,35.63,22.93,18.54,0.35,130.0,287.45,25117.8,EXPIRY,True,"['short_ce:24000.0CE@157.0->0.0', 'short_pe:24000.0PE@391.2->157.34999999999854']",2026,2026-04
ATM_STRADDLE_2026-04-15_2026-04-21,ATM_STRADDLE,NIFTY,2026-04-15,2026-04-21,24231.3,24576.6,24250.0,65,140000.0,442.15,1105.38,7510.75,80.0,28.74,24.98,18.91,0.69,130.0,283.32,7227.43,EXPIRY,True,"['short_ce:24250.0CE@184.55->326.59999999999854', 'short_pe:24250.0PE@257.6->0.0']",2026,2026-04
ATM_STRADDLE_2026-04-22_2026-04-28,ATM_STRADDLE,NIFTY,2026-04-22,2026-04-28,24378.1,23995.7,24400.0,65,140000.0,504.0,1260.0,6480.5,80.0,32.76,29.52,19.72,0.85,130.0,292.85,6187.65,EXPIRY,True,"['short_ce:24400.0CE@294.0->0.0', 'short_pe:24400.0PE@210.0->404.2999999999993']",2026,2026-04
ATM_STRADDLE_2026-04-29_2026-05-05,ATM_STRADDLE,NIFTY,2026-04-29,2026-05-05,24177.65,24032.8,24200.0,65,140000.0,410.2,1025.5,15795.0,80.0,26.66,18.77,17.78,0.36,130.0,273.58,15521.42,EXPIRY,True,"['short_ce:24200.0CE@140.0->0.0', 'short_pe:24200.0PE@270.2->167.20000000000073']",2026,2026-04
ATM_STRADDLE_2026-05-06_2026-05-12,ATM_STRADDLE,NIFTY,2026-05-06,2026-05-12,24330.95,23379.55,24350.0,65,140000.0,367.7,919.25,-39178.75,80.0,23.9,43.49,22.24,1.98,130.0,301.61,-39480.36,EXPIRY,False,"['short_ce:24350.0CE@126.7->0.0', 'short_pe:24350.0PE@241.0->970.4500000000007']",2026,2026-05
ATM_STRADDLE_2026-05-13_2026-05-19,ATM_STRADDLE,NIFTY,2026-05-13,2026-05-19,23412.6,23618.0,23400.0,65,140000.0,492.0,1230.0,17810.0,80.0,31.98,23.07,18.56,0.47,130.0,284.09,17525.91,EXPIRY,True,"['short_ce:23400.0CE@272.0->218.0', 'short_pe:23400.0PE@220.0->0.0']",2026,2026-05
ATM_STRADDLE_2026-05-20_2026-05-26,ATM_STRADDLE,NIFTY,2026-05-20,2026-05-26,23659.0,23913.7,23650.0,65,140000.0,449.0,1122.5,12044.5,80.0,29.19,23.16,18.58,0.56,130.0,281.49,11763.01,EXPIRY,True,"['short_ce:23650.0CE@127.0->263.7000000000007', 'short_pe:23650.0PE@322.0->0.0']",2026,2026-05
ATM_STRADDLE_2026-05-27_2026-06-02,ATM_STRADDLE,NIFTY,2026-05-27,2026-06-02,23907.15,23483.55,23900.0,65,140000.0,383.0,957.5,-2174.25,80.0,24.9,25.98,19.09,0.86,130.0,280.83,-2455.08,EXPIRY,False,"['short_ce:23900.0CE@205.0->0.0', 'short_pe:23900.0PE@178.0->416.4500000000007']",2026,2026-05
ATM_STRADDLE_2026-06-03_2026-06-09,ATM_STRADDLE,NIFTY,2026-06-03,2026-06-09,23405.6,23242.1,23400.0,65,140000.0,340.2,850.5,11849.5,80.0,22.11,16.19,17.32,0.34,130.0,265.96,11583.54,EXPIRY,True,"['short_ce:23400.0CE@237.0->0.0', 'short_pe:23400.0PE@103.2->157.90000000000146']",2026,2026-06
ATM_STRADDLE_2026-06-10_2026-06-16,ATM_STRADDLE,NIFTY,2026-06-10,2026-06-16,23214.95,23989.15,23200.0,65,140000.0,389.0,972.5,-26009.75,80.0,25.29,38.29,21.31,1.62,130.0,296.5,-26306.25,EXPIRY,False,"['short_ce:23200.0CE@239.0->789.1500000000015', 'short_pe:23200.0PE@150.0->0.0']",2026,2026-06
ATM_STRADDLE_2026-06-17_2026-06-23,ATM_STRADDLE,NIFTY,2026-06-17,2026-06-23,24085.7,23824.1,24100.0,65,140000.0,323.85,809.62,3116.75,80.0,21.05,19.49,17.92,0.58,130.0,269.03,2847.72,EXPIRY,True,"['short_ce:24100.0CE@120.0->0.0', 'short_pe:24100.0PE@203.85->275.90000000000146']",2026,2026-06
ATM_STRADDLE_2026-06-29_2026-06-30,ATM_STRADDLE,NIFTY,2026-06-29,2026-06-30,23946.25,23865.75,23950.0,65,140000.0,231.4,578.5,9564.75,80.0,15.04,10.26,16.25,0.18,130.0,251.73,9313.02,EXPIRY,True,"['short_ce:23950.0CE@189.0->0.0', 'short_pe:23950.0PE@42.4->84.25']",2026,2026-06
ATM_STRADDLE_2026-07-01_2026-07-07,ATM_STRADDLE,NIFTY,2026-07-01,2026-07-07,24005.85,24398.7,24000.0,65,140000.0,320.0,800.0,-5115.5,80.0,20.8,23.36,18.61,0.82,130.0,273.59,-5389.09,EXPIRY,False,"['short_ce:24000.0CE@140.0->398.7000000000007', 'short_pe:24000.0PE@180.0->0.0']",2026,2026-07
ATM_STRADDLE_2026-07-08_2026-07-14,ATM_STRADDLE,NIFTY,2026-07-08,2026-07-14,23882.05,24052.05,23900.0,65,140000.0,426.1,1065.25,17813.25,80.0,27.7,18.79,17.79,0.33,130.0,274.61,17538.64,EXPIRY,True,"['short_ce:23900.0CE@401.1->152.04999999999927', 'short_pe:23900.0PE@25.0->0.0']",2026,2026-07
ATM_STRADDLE_2026-07-15_2026-07-21,ATM_STRADDLE,NIFTY,2026-07-15,2026-07-21,24078.5,24187.7,24100.0,65,140000.0,355.0,887.5,17374.5,80.0,23.08,14.39,16.99,0.2,130.0,264.66,17109.84,EXPIRY,True,"['short_ce:24100.0CE@150.0->87.70000000000073', 'short_pe:24100.0PE@205.0->0.0']",2026,2026-07
ATM_STRADDLE_2026-07-22_2026-07-28,ATM_STRADDLE,NIFTY,2026-07-22,2026-07-28,23996.25,23985.35,24000.0,65,140000.0,337.3,843.25,20972.25,80.0,21.92,11.44,16.46,0.05,130.0,259.88,20712.37,EXPIRY,True,"['short_ce:24000.0CE@238.75->0.0', 'short_pe:24000.0PE@98.55->14.650000000001455']",2026,2026-07
ATM_STRADDLE_2026-07-29_2026-08-04,ATM_STRADDLE,NIFTY,2026-07-29,2026-08-04,24250.2,24614.9,24250.0,65,140000.0,271.9,679.75,-6045.0,80.0,17.67,20.7,18.13,0.75,130.0,267.26,-6312.26,EXPIRY,False,"['short_ce:24250.0CE@92.5->364.90000000000146', 'short_pe:24250.0PE@179.4->0.0']",2026,2026-07
ATM_STRADDLE_2026-08-05_2026-08-11,ATM_STRADDLE,NIFTY,2026-08-05,2026-08-11,24624.65,24471.7,24600.0,65,140000.0,276.95,692.38,9662.25,80.0,18.0,13.17,16.78,0.28,130.0,258.22,9404.03,EXPIRY,True,"['short_ce:24600.0CE@149.0->0.0', 'short_pe:24600.0PE@127.95->128.29999999999927']",2026,2026-08
ATM_STRADDLE_2026-08-12_2026-08-18,ATM_STRADDLE,NIFTY,2026-08-12,2026-08-18,24435.95,24154.9,24450.0,65,140000.0,307.0,767.5,773.5,80.0,19.96,19.57,17.93,0.61,130.0,268.07,505.43,EXPIRY,True,"['short_ce:24450.0CE@198.0->0.0', 'short_pe:24450.0PE@109.0->295.09999999999854']",2026,2026-08
ATM_STRADDLE_2026-08-19_2026-08-25,ATM_STRADDLE,NIFTY,2026-08-19,2026-08-25,24078.3,24334.55,24100.0,65,140000.0,284.6,711.5,3253.25,80.0,18.5,16.87,17.44,0.49,130.0,263.31,2989.94,EXPIRY,True,"['short_ce:24100.0CE@191.6->234.54999999999927', 'short_pe:24100.0PE@93.0->0.0']",2026,2026-08
ATM_STRADDLE_2026-08-26_2026-09-01,ATM_STRADDLE,NIFTY,2026-08-26,2026-09-01,24207.75,24055.8,24200.0,65,140000.0,285.9,714.75,9210.5,80.0,18.58,13.98,16.92,0.31,130.0,259.79,8950.71,EXPIRY,True,"['short_ce:24200.0CE@243.0->0.0', 'short_pe:24200.0PE@42.9->144.20000000000073']",2026,2026-08
ATM_STRADDLE_2026-09-02_2026-09-08,ATM_STRADDLE,NIFTY,2026-09-02,2026-09-08,23914.45,23635.1,23900.0,65,140000.0,220.6,551.5,-2879.5,80.0,14.34,15.78,17.25,0.55,130.0,257.91,-3137.41,EXPIRY,False,"['short_ce:23900.0CE@100.6->0.0', 'short_pe:23900.0PE@120.0->264.90000000000146']",2026,2026-09
ATM_STRADDLE_2026-09-09_2026-09-15,ATM_STRADDLE,NIFTY,2026-09-09,2026-09-15,23431.5,23118.6,23450.0,65,140000.0,295.9,739.75,-2307.5,80.0,19.23,20.39,18.08,0.69,130.0,268.38,-2575.88,EXPIRY,False,"['short_ce:23450.0CE@221.4->0.0', 'short_pe:23450.0PE@74.5->331.40000000000146']",2026,2026-09
OTM_STRANGLE_2020-01-31_2020-02-06,OTM_STRANGLE,NIFTY,2020-01-31,2020-02-06,10600.0,12137.95,10600.0,75,130000.0,1425.75,3564.38,-915.0,80.0,66.83,107.39,33.77,3.45,150.0,441.44,-1356.44,EXPIRY,False,"['short_ce:10700.0CE@1424.1->1437.9500000000007', 'short_pe:10500.0PE@1.65->0.0']",2020,2020-01
OTM_STRANGLE_2020-02-24_2020-02-27,OTM_STRANGLE,NIFTY,2020-02-24,2020-02-27,10450.0,11633.3,10450.0,75,130000.0,1655.75,4139.38,42933.75,80.0,77.61,102.71,32.93,2.64,150.0,445.9,42487.85,EXPIRY,True,"['short_ce:10550.0CE@1655.3->1083.2999999999993', 'short_pe:10350.0PE@0.45->0.0']",2020,2020-02
OTM_STRANGLE_2020-02-28_2020-03-05,OTM_STRANGLE,NIFTY,2020-02-28,2020-03-05,10350.0,11269.0,10350.0,75,130000.0,1571.0,3927.5,56400.0,80.0,73.64,89.62,30.56,2.02,150.0,425.85,55974.15,EXPIRY,True,"['short_ce:10450.0CE@1567.95->819.0', 'short_pe:10250.0PE@3.05->0.0']",2020,2020-02
OTM_STRANGLE_2020-03-06_2020-03-12,OTM_STRANGLE,NIFTY,2020-03-06,2020-03-12,9750.0,9590.15,9750.0,75,130000.0,1374.0,3435.0,98561.25,80.0,64.41,53.77,24.1,0.24,150.0,372.52,98188.73,EXPIRY,True,"['short_ce:9850.0CE@1368.15->0.0', 'short_pe:9650.0PE@5.85->59.850000000000364']",2020,2020-03
OTM_STRANGLE_2020-03-13_2020-03-19,OTM_STRANGLE,NIFTY,2020-03-13,2020-03-19,12950.0,8263.45,12950.0,75,130000.0,598.2,1495.5,-299126.25,80.0,28.04,194.43,49.47,10.71,150.0,512.64,-299638.89,EXPIRY,False,"['short_ce:13050.0CE@90.45->0.0', 'short_pe:12850.0PE@507.75->4586.549999999999']",2020,2020-03
OTM_STRANGLE_2020-03-20_2020-03-26,OTM_STRANGLE,NIFTY,2020-03-20,2020-03-26,13550.0,8641.45,13550.0,75,130000.0,1158.05,2895.12,-273787.5,80.0,54.28,223.75,54.76,11.27,150.0,574.05,-274361.55,EXPIRY,False,"['short_ce:13650.0CE@8.75->0.0', 'short_pe:13450.0PE@1149.3->4808.549999999999']",2020,2020-03
OTM_STRANGLE_2020-04-03_2020-04-09,OTM_STRANGLE,NIFTY,2020-04-03,2020-04-09,6250.0,9111.9,6250.0,75,130000.0,1337.6,3344.0,-106822.5,80.0,62.7,153.73,42.13,6.52,150.0,495.08,-107317.58,EXPIRY,False,"['short_ce:6350.0CE@1331.6->2761.8999999999996', 'short_pe:6150.0PE@6.0->0.0']",2020,2020-04
OTM_STRANGLE_2020-04-13_2020-04-16,OTM_STRANGLE,NIFTY,2020-04-13,2020-04-16,6250.0,8992.8,6250.0,75,130000.0,1380.5,3451.25,-94672.5,80.0,64.71,150.87,41.61,6.25,150.0,493.44,-95165.94,EXPIRY,False,"['short_ce:6350.0CE@1378.2->2642.7999999999993', 'short_pe:6150.0PE@2.3->0.0']",2020,2020-04
OTM_STRANGLE_2020-04-24_2020-04-30,OTM_STRANGLE,NIFTY,2020-04-24,2020-04-30,6450.0,9859.9,6450.0,75,130000.0,1491.25,3728.12,-136398.75,80.0,69.9,180.04,46.87,7.81,150.0,534.63,-136933.38,EXPIRY,False,"['short_ce:6550.0CE@1321.75->3309.8999999999996', 'short_pe:6350.0PE@169.5->0.0']",2020,2020-04
OTM_STRANGLE_2020-05-08_2020-05-14,OTM_STRANGLE,NIFTY,2020-05-08,2020-05-14,6250.0,9142.75,6250.0,75,130000.0,1557.3,3893.25,-92658.75,80.0,73.0,163.13,43.82,6.61,150.0,516.56,-93175.31,EXPIRY,False,"['short_ce:6350.0CE@1556.9->2792.75', 'short_pe:6150.0PE@0.4->0.0']",2020,2020-05
OTM_STRANGLE_2020-05-15_2020-05-21,OTM_STRANGLE,NIFTY,2020-05-15,2020-05-21,6250.0,9106.25,6250.0,75,130000.0,1598.4,3996.0,-86838.75,80.0,74.92,163.3,43.85,6.53,150.0,518.61,-87357.36,EXPIRY,False,"['short_ce:6350.0CE@1598.0->2756.25', 'short_pe:6150.0PE@0.4->0.0']",2020,2020-05
OTM_STRANGLE_2020-05-22_2020-05-28,OTM_STRANGLE,NIFTY,2020-05-22,2020-05-28,6250.0,9490.1,6250.0,75,130000.0,1638.1,4095.25,-112650.0,80.0,76.79,179.18,46.72,7.42,150.0,540.11,-113190.11,EXPIRY,False,"['short_ce:6350.0CE@1637.75->3140.1000000000004', 'short_pe:6150.0PE@0.35->0.0']",2020,2020-05
OTM_STRANGLE_2020-05-29_2020-06-04,OTM_STRANGLE,NIFTY,2020-05-29,2020-06-04,6750.0,10029.1,6750.0,75,130000.0,1980.85,4952.12,-89868.75,80.0,92.85,193.5,49.3,7.54,150.0,573.19,-90441.94,EXPIRY,False,"['short_ce:6850.0CE@1980.3->3179.1000000000004', 'short_pe:6650.0PE@0.55->0.0']",2020,2020-05
OTM_STRANGLE_2020-06-05_2020-06-11,OTM_STRANGLE,NIFTY,2020-06-05,2020-06-11,7600.0,9902.0,7600.0,75,130000.0,2080.25,5200.62,-9131.25,80.0,97.51,160.58,43.36,5.28,150.0,536.73,-9667.98,EXPIRY,False,"['short_ce:7700.0CE@2079.5->2202.0', 'short_pe:7500.0PE@0.75->0.0']",2020,2020-06
OTM_STRANGLE_2020-06-12_2020-06-18,OTM_STRANGLE,NIFTY,2020-06-12,2020-06-18,7600.0,10091.65,7600.0,75,130000.0,1952.8,4882.0,-32913.75,80.0,91.54,162.92,43.78,5.71,150.0,533.95,-33447.7,EXPIRY,False,"['short_ce:7700.0CE@1948.9->2391.6499999999996', 'short_pe:7500.0PE@3.9->0.0']",2020,2020-06
OTM_STRANGLE_2020-06-19_2020-06-25,OTM_STRANGLE,NIFTY,2020-06-19,2020-06-25,4700.0,10288.9,4700.0,75,130000.0,3871.3,9678.25,-121320.0,80.0,181.47,351.01,77.71,13.05,150.0,853.23,-122173.23,EXPIRY,False,"['short_ce:4800.0CE@3871.05->5488.9', 'short_pe:4600.0PE@0.25->0.0']",2020,2020-06
OTM_STRANGLE_2020-06-26_2020-07-02,OTM_STRANGLE,NIFTY,2020-06-26,2020-07-02,7600.0,10551.7,7600.0,75,130000.0,1977.05,4942.62,-65598.75,80.0,92.67,181.08,47.06,6.78,150.0,557.59,-66156.34,EXPIRY,False,"['short_ce:7700.0CE@1974.1->2851.7000000000007', 'short_pe:7500.0PE@2.95->0.0']",2020,2020-06
OTM_STRANGLE_2020-07-17_2020-07-23,OTM_STRANGLE,NIFTY,2020-07-17,2020-07-23,7700.0,11215.45,7700.0,75,130000.0,1622.65,4056.62,-134460.0,80.0,76.06,188.93,48.48,8.06,150.0,551.53,-135011.53,EXPIRY,False,"['short_ce:7800.0CE@1622.0->3415.4500000000007', 'short_pe:7600.0PE@0.65->0.0']",2020,2020-07
OTM_STRANGLE_2020-08-14_2020-08-20,OTM_STRANGLE,NIFTY,2020-08-14,2020-08-20,8750.0,11312.2,8750.0,75,130000.0,1453.1,3632.75,-75682.5,80.0,68.11,146.82,40.88,5.83,150.0,491.65,-76174.15,EXPIRY,False,"['short_ce:8850.0CE@1452.7->2462.2000000000007', 'short_pe:8650.0PE@0.4->0.0']",2020,2020-08
OTM_STRANGLE_2020-08-21_2020-08-27,OTM_STRANGLE,NIFTY,2020-08-21,2020-08-27,8150.0,11559.25,8150.0,75,130000.0,1694.5,4236.25,-121106.25,80.0,79.43,187.64,48.24,7.82,150.0,553.13,-121659.38,EXPIRY,False,"['short_ce:8250.0CE@1694.1->3309.25', 'short_pe:8050.0PE@0.4->0.0']",2020,2020-08
OTM_STRANGLE_2020-08-28_2020-09-03,OTM_STRANGLE,NIFTY,2020-08-28,2020-09-03,9200.0,11527.45,9200.0,75,130000.0,1476.15,3690.38,-56347.5,80.0,69.19,138.89,39.45,5.29,150.0,482.82,-56830.32,EXPIRY,False,"['short_ce:9300.0CE@1475.4->2227.4500000000007', 'short_pe:9100.0PE@0.75->0.0']",2020,2020-08
OTM_STRANGLE_2020-09-04_2020-09-10,OTM_STRANGLE,NIFTY,2020-09-04,2020-09-10,9250.0,11449.25,9250.0,75,130000.0,1655.7,4139.25,-33266.25,80.0,77.61,140.81,39.8,5.0,150.0,493.22,-33759.47,EXPIRY,False,"['short_ce:9350.0CE@1654.5->2099.25', 'short_pe:9150.0PE@1.2->0.0']",2020,2020-09
OTM_STRANGLE_2020-09-11_2020-09-17,OTM_STRANGLE,NIFTY,2020-09-11,2020-09-17,9400.0,11516.1,9400.0,75,130000.0,1928.4,4821.0,-6577.5,80.0,90.39,147.92,41.08,4.83,150.0,514.22,-7091.72,EXPIRY,False,"['short_ce:9500.0CE@1927.6->2016.1000000000004', 'short_pe:9300.0PE@0.8->0.0']",2020,2020-09
OTM_STRANGLE_2020-09-18_2020-09-24,OTM_STRANGLE,NIFTY,2020-09-18,2020-09-24,5300.0,10805.55,5300.0,75,130000.0,2762.85,6907.12,-198202.5,80.0,129.51,306.31,69.65,12.78,150.0,748.25,-198950.75,EXPIRY,False,"['short_ce:5400.0CE@2762.35->5405.549999999999', 'short_pe:5200.0PE@0.5->0.0']",2020,2020-09
OTM_STRANGLE_2020-09-25_2020-10-01,OTM_STRANGLE,NIFTY,2020-09-25,2020-10-01,9550.0,11416.95,9550.0,75,130000.0,1688.4,4221.0,-5891.25,80.0,79.14,129.58,37.77,4.23,150.0,480.72,-6371.97,EXPIRY,False,"['short_ce:9650.0CE@1685.85->1766.9500000000007', 'short_pe:9450.0PE@2.55->0.0']",2020,2020-09
OTM_STRANGLE_2020-10-05_2020-10-08,OTM_STRANGLE,NIFTY,2020-10-05,2020-10-08,9550.0,11834.6,9550.0,75,130000.0,1524.2,3810.5,-49530.0,80.0,71.45,139.08,39.48,5.19,150.0,485.2,-50015.2,EXPIRY,False,"['short_ce:9650.0CE@1523.5->2184.6000000000004', 'short_pe:9450.0PE@0.7->0.0']",2020,2020-10
OTM_STRANGLE_2020-10-16_2020-10-22,OTM_STRANGLE,NIFTY,2020-10-16,2020-10-22,9400.0,11896.45,9400.0,75,130000.0,1362.65,3406.62,-77535.0,80.0,63.87,140.97,39.82,5.67,150.0,480.34,-78015.34,EXPIRY,False,"['short_ce:9500.0CE@1361.45->2396.4500000000007', 'short_pe:9300.0PE@1.2->0.0']",2020,2020-10
OTM_STRANGLE_2020-10-23_2020-10-29,OTM_STRANGLE,NIFTY,2020-10-23,2020-10-29,9950.0,11670.8,9950.0,75,130000.0,1859.05,4647.62,17868.75,80.0,87.14,130.49,37.94,3.91,150.0,489.48,17379.27,EXPIRY,True,"['short_ce:10050.0CE@1856.65->1620.7999999999993', 'short_pe:9850.0PE@2.4->0.0']",2020,2020-10
OTM_STRANGLE_2020-10-30_2020-11-05,OTM_STRANGLE,NIFTY,2020-10-30,2020-11-05,10050.0,12120.3,10050.0,75,130000.0,1582.95,3957.38,-29051.25,80.0,74.2,133.25,38.43,4.7,150.0,480.58,-29531.83,EXPIRY,False,"['short_ce:10150.0CE@1580.75->1970.2999999999993', 'short_pe:9950.0PE@2.2->0.0']",2020,2020-10
OTM_STRANGLE_2020-11-06_2020-11-12,OTM_STRANGLE,NIFTY,2020-11-06,2020-11-12,9450.0,12690.8,9450.0,75,130000.0,1390.85,3477.13,-131246.25,80.0,65.2,169.94,45.05,7.41,150.0,517.59,-131763.84,EXPIRY,False,"['short_ce:9550.0CE@1390.65->3140.7999999999993', 'short_pe:9350.0PE@0.2->0.0']",2020,2020-11
OTM_STRANGLE_2020-11-20_2020-11-26,OTM_STRANGLE,NIFTY,2020-11-20,2020-11-26,9450.0,12987.0,9450.0,75,130000.0,1441.6,3604.0,-149655.0,80.0,67.58,182.95,47.4,8.1,150.0,536.02,-150191.02,EXPIRY,False,"['short_ce:9550.0CE@1440.4->3437.0', 'short_pe:9350.0PE@1.2->0.0']",2020,2020-11
OTM_STRANGLE_2020-11-27_2020-12-03,OTM_STRANGLE,NIFTY,2020-11-27,2020-12-03,10100.0,13133.9,10100.0,75,130000.0,1423.05,3557.62,-113313.75,80.0,66.71,163.39,43.87,6.93,150.0,510.89,-113824.64,EXPIRY,False,"['short_ce:10200.0CE@1422.25->2933.8999999999996', 'short_pe:10000.0PE@0.8->0.0']",2020,2020-11
OTM_STRANGLE_2020-12-04_2020-12-10,OTM_STRANGLE,NIFTY,2020-12-04,2020-12-10,10250.0,13478.3,10250.0,75,130000.0,1665.5,4163.75,-109710.0,80.0,78.07,179.77,46.82,7.4,150.0,542.06,-110252.06,EXPIRY,False,"['short_ce:10350.0CE@1664.5->3128.2999999999993', 'short_pe:10150.0PE@1.0->0.0']",2020,2020-12
OTM_STRANGLE_2020-12-11_2020-12-17,OTM_STRANGLE,NIFTY,2020-12-11,2020-12-17,10750.0,13740.7,10750.0,75,130000.0,1149.2,2873.0,-130612.5,80.0,53.87,151.5,41.72,6.81,150.0,483.9,-131096.4,EXPIRY,False,"['short_ce:10850.0CE@1148.95->2890.7000000000007', 'short_pe:10650.0PE@0.25->0.0']",2020,2020-12
OTM_STRANGLE_2020-12-18_2020-12-24,OTM_STRANGLE,NIFTY,2020-12-18,2020-12-24,10450.0,13749.25,10450.0,75,130000.0,1648.9,4122.25,-116276.25,80.0,77.29,181.81,47.19,7.56,150.0,543.85,-116820.1,EXPIRY,False,"['short_ce:10550.0CE@1546.05->3199.25', 'short_pe:10350.0PE@102.85->0.0']",2020,2020-12
OTM_STRANGLE_2021-01-01_2021-01-07,OTM_STRANGLE,NIFTY,2021-01-01,2021-01-07,10750.0,14137.35,10750.0,75,130000.0,1487.9,3719.75,-134958.75,80.0,69.75,179.07,46.7,7.75,150.0,533.27,-135492.02,EXPIRY,False,"['short_ce:10850.0CE@1487.0->3287.3500000000004', 'short_pe:10650.0PE@0.9->0.0']",2021,2021-01
OTM_STRANGLE_2021-01-08_2021-01-14,OTM_STRANGLE,NIFTY,2021-01-08,2021-01-14,11350.0,14595.6,11350.0,75,130000.0,2630.65,6576.62,-38621.25,80.0,123.31,216.61,53.47,7.51,150.0,630.9,-39252.15,EXPIRY,False,"['short_ce:11450.0CE@2630.15->3145.6000000000004', 'short_pe:11250.0PE@0.5->0.0']",2021,2021-01
OTM_STRANGLE_2021-01-15_2021-01-21,OTM_STRANGLE,NIFTY,2021-01-15,2021-01-21,11350.0,14590.35,11350.0,75,130000.0,1547.7,3869.25,-119448.75,80.0,72.55,175.8,46.11,7.42,150.0,531.88,-119980.63,EXPIRY,False,"['short_ce:11450.0CE@1546.95->3140.3500000000004', 'short_pe:11250.0PE@0.75->0.0']",2021,2021-01
OTM_STRANGLE_2021-01-22_2021-01-28,OTM_STRANGLE,NIFTY,2021-01-22,2021-01-28,10250.0,13817.55,10250.0,75,130000.0,1615.2,4038.0,-138926.25,80.0,75.71,190.6,48.78,8.18,150.0,553.28,-139479.53,EXPIRY,False,"['short_ce:10350.0CE@1613.2->3467.5499999999993', 'short_pe:10150.0PE@2.0->0.0']",2021,2021-01
OTM_STRANGLE_2021-01-29_2021-02-04,OTM_STRANGLE,NIFTY,2021-01-29,2021-02-04,12350.0,14895.65,12350.0,75,130000.0,1092.0,2730.0,-101523.75,80.0,51.19,132.66,38.33,5.77,150.0,457.94,-101981.69,EXPIRY,False,"['short_ce:12450.0CE@1089.2->2445.6499999999996', 'short_pe:12250.0PE@2.8->0.0']",2021,2021-01
OTM_STRANGLE_2021-02-05_2021-02-11,OTM_STRANGLE,NIFTY,2021-02-05,2021-02-11,12350.0,15173.3,12350.0,75,130000.0,1341.7,3354.25,-103620.0,80.0,62.89,152.44,41.89,6.43,150.0,493.66,-104113.66,EXPIRY,False,"['short_ce:12450.0CE@1339.75->2723.2999999999993', 'short_pe:12250.0PE@1.95->0.0']",2021,2021-02
OTM_STRANGLE_2021-02-12_2021-02-18,OTM_STRANGLE,NIFTY,2021-02-12,2021-02-18,11950.0,15118.95,11950.0,75,130000.0,1499.5,3748.75,-117708.75,80.0,70.29,171.32,45.3,7.25,150.0,524.15,-118232.9,EXPIRY,False,"['short_ce:12050.0CE@1498.4->3068.9500000000007', 'short_pe:11850.0PE@1.1->0.0']",2021,2021-02
OTM_STRANGLE_2021-02-19_2021-02-25,OTM_STRANGLE,NIFTY,2021-02-19,2021-02-25,11550.0,15097.35,11550.0,75,130000.0,3310.95,8277.38,-10230.0,80.0,155.2,253.44,60.11,8.26,150.0,707.01,-10937.01,EXPIRY,False,"['short_ce:11650.0CE@3310.0->3447.3500000000004', 'short_pe:11450.0PE@0.95->0.0']",2021,2021-02
OTM_STRANGLE_2021-02-26_2021-03-04,OTM_STRANGLE,NIFTY,2021-02-26,2021-03-04,12300.0,15080.75,12300.0,75,130000.0,2751.0,6877.5,5268.75,80.0,128.95,203.69,51.14,6.44,150.0,620.22,4648.53,EXPIRY,True,"['short_ce:12400.0CE@2750.0->2680.75', 'short_pe:12200.0PE@1.0->0.0']",2021,2021-02
OTM_STRANGLE_2021-03-05_2021-03-10,OTM_STRANGLE,NIFTY,2021-03-05,2021-03-10,12850.0,15174.8,12850.0,75,130000.0,1468.25,3670.62,-56741.25,80.0,68.82,138.49,39.38,5.28,150.0,481.97,-57223.22,EXPIRY,False,"['short_ce:12950.0CE@1466.05->2224.7999999999993', 'short_pe:12750.0PE@2.2->0.0']",2021,2021-03
OTM_STRANGLE_2021-03-12_2021-03-18,OTM_STRANGLE,NIFTY,2021-03-12,2021-03-18,12850.0,14557.85,12850.0,75,130000.0,1700.1,4250.25,6918.75,80.0,79.69,124.05,36.77,3.87,150.0,474.38,6444.37,EXPIRY,True,"['short_ce:12950.0CE@1697.7->1607.8500000000004', 'short_pe:12750.0PE@2.4->0.0']",2021,2021-03
OTM_STRANGLE_2021-03-26_2021-04-01,OTM_STRANGLE,NIFTY,2021-03-26,2021-04-01,16350.0,14867.35,16350.0,75,130000.0,1594.95,3987.38,15922.5,80.0,74.76,111.66,34.54,3.33,150.0,454.3,15468.2,EXPIRY,True,"['short_ce:16450.0CE@1.9->0.0', 'short_pe:16250.0PE@1593.05->1382.6499999999996']",2021,2021-03
OTM_STRANGLE_2021-04-05_2021-04-08,OTM_STRANGLE,NIFTY,2021-04-05,2021-04-08,16450.0,14873.8,16450.0,75,130000.0,1613.85,4034.62,10323.75,80.0,75.65,115.88,35.3,3.55,150.0,460.38,9863.37,EXPIRY,True,"['short_ce:16550.0CE@2.25->0.0', 'short_pe:16350.0PE@1611.6->1476.2000000000007']",2021,2021-04
OTM_STRANGLE_2021-04-09_2021-04-15,OTM_STRANGLE,NIFTY,2021-04-09,2021-04-15,16150.0,14581.45,16150.0,75,130000.0,1194.4,2986.0,-20561.25,80.0,55.99,99.86,32.41,3.5,150.0,421.76,-20983.01,EXPIRY,False,"['short_ce:16250.0CE@1.35->0.0', 'short_pe:16050.0PE@1193.05->1468.5499999999993']",2021,2021-04
OTM_STRANGLE_2021-04-16_2021-04-22,OTM_STRANGLE,NIFTY,2021-04-16,2021-04-22,16550.0,14406.15,16550.0,75,130000.0,1513.4,3783.5,-39783.75,80.0,70.94,133.4,38.46,4.87,150.0,477.66,-40261.41,EXPIRY,False,"['short_ce:16650.0CE@1.9->0.0', 'short_pe:16450.0PE@1511.5->2043.8500000000004']",2021,2021-04
OTM_STRANGLE_2021-04-23_2021-04-29,OTM_STRANGLE,NIFTY,2021-04-23,2021-04-29,16250.0,14894.9,16250.0,75,130000.0,1785.35,4463.38,39768.75,80.0,83.69,114.02,34.96,3.05,150.0,465.72,39303.03,EXPIRY,True,"['short_ce:16350.0CE@1.9->0.0', 'short_pe:16150.0PE@1783.45->1255.1000000000004']",2021,2021-04
OTM_STRANGLE_2021-04-30_2021-05-06,OTM_STRANGLE,NIFTY,2021-04-30,2021-05-06,16450.0,14724.8,16450.0,75,130000.0,1472.15,3680.38,-11478.75,80.0,69.01,116.15,35.35,3.89,150.0,454.4,-11933.15,EXPIRY,False,"['short_ce:16550.0CE@1.15->0.0', 'short_pe:16350.0PE@1471.0->1625.2000000000007']",2021,2021-04
OTM_STRANGLE_2021-05-07_2021-05-12,OTM_STRANGLE,NIFTY,2021-05-07,2021-05-12,16550.0,14696.5,16550.0,75,130000.0,1471.65,3679.12,-21138.75,80.0,68.98,120.94,36.21,4.19,150.0,460.33,-21599.08,EXPIRY,False,"['short_ce:16650.0CE@1.3->0.0', 'short_pe:16450.0PE@1470.35->1753.5']",2021,2021-05
OTM_STRANGLE_2021-05-14_2021-05-20,OTM_STRANGLE,NIFTY,2021-05-14,2021-05-20,15700.0,14906.05,15700.0,75,130000.0,898.75,2246.88,15360.0,80.0,42.13,59.73,25.17,1.68,150.0,358.71,15001.29,EXPIRY,True,"['short_ce:15800.0CE@0.95->0.0', 'short_pe:15600.0PE@897.8->693.9500000000007']",2021,2021-05
OTM_STRANGLE_2021-05-21_2021-05-27,OTM_STRANGLE,NIFTY,2021-05-21,2021-05-27,13150.0,15337.85,13150.0,75,130000.0,1767.3,4418.25,-24041.25,80.0,82.84,144.57,40.47,4.99,150.0,502.87,-24544.12,EXPIRY,False,"['short_ce:13250.0CE@1765.4->2087.8500000000004', 'short_pe:13050.0PE@1.9->0.0']",2021,2021-05
OTM_STRANGLE_2021-05-28_2021-06-03,OTM_STRANGLE,NIFTY,2021-05-28,2021-06-03,12900.0,15690.35,12900.0,75,130000.0,2420.85,6052.12,-20212.5,80.0,113.48,191.67,48.97,6.44,150.0,590.55,-20803.05,EXPIRY,False,"['short_ce:13000.0CE@2420.0->2690.3500000000004', 'short_pe:12800.0PE@0.85->0.0']",2021,2021-05
OTM_STRANGLE_2021-06-04_2021-06-10,OTM_STRANGLE,NIFTY,2021-06-04,2021-06-10,13850.0,15737.75,13850.0,75,130000.0,1297.35,3243.38,-36780.0,80.0,60.81,115.69,35.27,4.25,150.0,446.02,-37226.02,EXPIRY,False,"['short_ce:13950.0CE@1295.75->1787.75', 'short_pe:13750.0PE@1.6->0.0']",2021,2021-06
OTM_STRANGLE_2021-06-11_2021-06-17,OTM_STRANGLE,NIFTY,2021-06-11,2021-06-17,13550.0,15691.4,13550.0,75,130000.0,1294.45,3236.12,-56021.25,80.0,60.68,125.09,36.96,4.84,150.0,457.58,-56478.83,EXPIRY,False,"['short_ce:13650.0CE@1293.1->2041.3999999999996', 'short_pe:13450.0PE@1.35->0.0']",2021,2021-06
OTM_STRANGLE_2021-06-18_2021-06-24,OTM_STRANGLE,NIFTY,2021-06-18,2021-06-24,10400.0,15790.45,10400.0,75,130000.0,5312.95,13282.38,1687.5,80.0,249.04,397.63,86.12,12.7,150.0,975.49,712.01,EXPIRY,True,"['short_ce:10500.0CE@5309.95->5290.450000000001', 'short_pe:10300.0PE@3.0->0.0']",2021,2021-06
OTM_STRANGLE_2021-06-25_2021-07-01,OTM_STRANGLE,NIFTY,2021-06-25,2021-07-01,14250.0,15680.0,14250.0,75,130000.0,1491.4,3728.5,12105.0,80.0,69.91,105.8,33.48,3.2,150.0,442.4,11662.6,EXPIRY,True,"['short_ce:14350.0CE@1490.25->1330.0', 'short_pe:14150.0PE@1.15->0.0']",2021,2021-06
OTM_STRANGLE_2021-07-02_2021-07-08,OTM_STRANGLE,NIFTY,2021-07-02,2021-07-08,14150.0,15727.9,14150.0,50,130000.0,988.45,2471.12,-24472.5,80.0,30.89,61.66,25.52,2.34,100.0,300.41,-24772.91,EXPIRY,False,"['short_ce:14250.0CE@987.7->1477.8999999999996', 'short_pe:14050.0PE@0.75->0.0']",2021,2021-07
OTM_STRANGLE_2021-07-09_2021-07-15,OTM_STRANGLE,NIFTY,2021-07-09,2021-07-15,13550.0,15924.2,13550.0,50,130000.0,1367.6,3419.0,-45330.0,80.0,42.74,91.05,30.82,3.59,100.0,348.2,-45678.2,EXPIRY,False,"['short_ce:13650.0CE@1367.15->2274.2000000000007', 'short_pe:13450.0PE@0.45->0.0']",2021,2021-07
OTM_STRANGLE_2021-07-16_2021-07-22,OTM_STRANGLE,NIFTY,2021-07-16,2021-07-22,13750.0,15824.05,13750.0,50,130000.0,1565.75,3914.38,-20415.0,80.0,48.93,88.49,30.36,3.14,100.0,350.92,-20765.92,EXPIRY,False,"['short_ce:13850.0CE@1379.9->1974.0499999999993', 'short_pe:13650.0PE@185.85->0.0']",2021,2021-07
OTM_STRANGLE_2021-07-23_2021-07-29,OTM_STRANGLE,NIFTY,2021-07-23,2021-07-29,13750.0,15778.45,13750.0,50,130000.0,1520.5,3801.25,-20397.5,80.0,47.52,86.22,29.95,3.07,100.0,346.76,-20744.26,EXPIRY,False,"['short_ce:13850.0CE@1519.55->1928.4500000000007', 'short_pe:13650.0PE@0.95->0.0']",2021,2021-07
OTM_STRANGLE_2021-08-20_2021-08-26,OTM_STRANGLE,NIFTY,2021-08-20,2021-08-26,14150.0,16636.9,14150.0,50,130000.0,1557.1,3892.75,-41490.0,80.0,48.66,98.6,32.18,3.78,100.0,363.22,-41853.22,EXPIRY,False,"['short_ce:14250.0CE@1554.3->2386.9000000000015', 'short_pe:14050.0PE@2.8->0.0']",2021,2021-08
OTM_STRANGLE_2021-08-27_2021-09-02,OTM_STRANGLE,NIFTY,2021-08-27,2021-09-02,14450.0,17234.15,14450.0,50,130000.0,1435.9,3589.75,-62412.5,80.0,44.87,103.0,32.98,4.23,100.0,365.08,-62777.58,EXPIRY,False,"['short_ce:14550.0CE@1434.05->2684.1500000000015', 'short_pe:14350.0PE@1.85->0.0']",2021,2021-08
OTM_STRANGLE_2021-09-03_2021-09-09,OTM_STRANGLE,NIFTY,2021-09-03,2021-09-09,14450.0,17369.25,14450.0,50,130000.0,1468.3,3670.75,-67547.5,80.0,45.88,107.19,33.73,4.44,100.0,371.25,-67918.75,EXPIRY,False,"['short_ce:14550.0CE@1466.75->2819.25', 'short_pe:14350.0PE@1.55->0.0']",2021,2021-09
OTM_STRANGLE_2021-09-13_2021-09-16,OTM_STRANGLE,NIFTY,2021-09-13,2021-09-16,14650.0,17629.5,14650.0,50,130000.0,1468.95,3672.38,-70527.5,80.0,45.9,108.71,34.01,4.54,100.0,373.16,-70900.66,EXPIRY,False,"['short_ce:14750.0CE@1465.95->2879.5', 'short_pe:14550.0PE@3.0->0.0']",2021,2021-09
OTM_STRANGLE_2021-09-17_2021-09-23,OTM_STRANGLE,NIFTY,2021-09-17,2021-09-23,14450.0,17822.95,14450.0,50,130000.0,1538.0,3845.0,-86747.5,80.0,48.06,120.27,36.09,5.15,100.0,389.58,-87137.08,EXPIRY,False,"['short_ce:14550.0CE@1536.85->3272.9500000000007', 'short_pe:14350.0PE@1.15->0.0']",2021,2021-09
OTM_STRANGLE_2021-09-24_2021-09-30,OTM_STRANGLE,NIFTY,2021-09-24,2021-09-30,14450.0,17618.15,14450.0,50,130000.0,1689.65,4224.12,-68925.0,80.0,52.8,118.95,35.85,4.84,100.0,392.44,-69317.44,EXPIRY,False,"['short_ce:14550.0CE@1688.1->3068.1500000000015', 'short_pe:14350.0PE@1.55->0.0']",2021,2021-09
OTM_STRANGLE_2021-10-01_2021-10-07,OTM_STRANGLE,NIFTY,2021-10-01,2021-10-07,15250.0,17790.35,15250.0,50,130000.0,1499.4,3748.5,-47047.5,80.0,46.86,98.49,32.16,3.86,100.0,361.37,-47408.87,EXPIRY,False,"['short_ce:15350.0CE@1297.6->2440.3499999999985', 'short_pe:15150.0PE@201.8->0.0']",2021,2021-10
OTM_STRANGLE_2021-10-08_2021-10-14,OTM_STRANGLE,NIFTY,2021-10-08,2021-10-14,14950.0,18338.55,14950.0,50,130000.0,1577.05,3942.62,-85575.0,80.0,49.28,121.64,36.34,5.18,100.0,392.44,-85967.44,EXPIRY,False,"['short_ce:15050.0CE@1574.35->3288.5499999999993', 'short_pe:14850.0PE@2.7->0.0']",2021,2021-10
OTM_STRANGLE_2021-10-18_2021-10-21,OTM_STRANGLE,NIFTY,2021-10-18,2021-10-21,15050.0,18178.1,15050.0,50,130000.0,1663.25,4158.12,-68242.5,80.0,51.98,117.28,35.55,4.78,100.0,389.59,-68632.09,EXPIRY,False,"['short_ce:15150.0CE@1661.35->3028.0999999999985', 'short_pe:14950.0PE@1.9->0.0']",2021,2021-10
OTM_STRANGLE_2021-10-22_2021-10-28,OTM_STRANGLE,NIFTY,2021-10-22,2021-10-28,14550.0,17857.25,14550.0,50,130000.0,1773.65,4434.12,-71680.0,80.0,55.43,124.52,36.86,5.06,100.0,401.87,-72081.87,EXPIRY,False,"['short_ce:14650.0CE@1545.1->3207.25', 'short_pe:14450.0PE@228.55->0.0']",2021,2021-10
OTM_STRANGLE_2021-10-29_2021-11-03,OTM_STRANGLE,NIFTY,2021-10-29,2021-11-03,15950.0,17829.2,15950.0,50,130000.0,1729.1,4322.75,-2505.0,80.0,54.03,87.71,30.22,2.84,100.0,354.81,-2859.81,EXPIRY,False,"['short_ce:16050.0CE@1726.45->1779.2000000000007', 'short_pe:15850.0PE@2.65->0.0']",2021,2021-10
OTM_STRANGLE_2021-11-04_2021-11-11,OTM_STRANGLE,NIFTY,2021-11-04,2021-11-11,16150.0,17873.6,16150.0,50,130000.0,1585.95,3964.88,-1882.5,80.0,49.56,80.24,28.87,2.6,100.0,341.27,-2223.77,EXPIRY,False,"['short_ce:16250.0CE@1424.9->1623.5999999999985', 'short_pe:16050.0PE@161.05->0.0']",2021,2021-11
OTM_STRANGLE_2021-11-12_2021-11-18,OTM_STRANGLE,NIFTY,2021-11-12,2021-11-18,16450.0,17764.8,16450.0,50,130000.0,1437.55,3593.88,11137.5,80.0,44.92,66.31,26.36,1.95,100.0,319.55,10817.95,EXPIRY,True,"['short_ce:16550.0CE@1435.95->1214.7999999999993', 'short_pe:16350.0PE@1.6->0.0']",2021,2021-11
OTM_STRANGLE_2021-11-22_2021-11-25,OTM_STRANGLE,NIFTY,2021-11-22,2021-11-25,15300.0,17536.25,15300.0,50,130000.0,2093.2,5233.0,-2152.5,80.0,65.41,105.74,33.47,3.42,100.0,388.04,-2540.54,EXPIRY,False,"['short_ce:15400.0CE@2091.8->2136.25', 'short_pe:15200.0PE@1.4->0.0']",2021,2021-11
OTM_STRANGLE_2021-12-03_2021-12-09,OTM_STRANGLE,NIFTY,2021-12-03,2021-12-09,18950.0,17516.85,18950.0,50,130000.0,1532.1,3830.25,9947.5,80.0,47.88,71.63,27.32,2.14,100.0,328.97,9618.53,EXPIRY,True,"['short_ce:19050.0CE@1.05->0.0', 'short_pe:18850.0PE@1531.05->1333.1500000000015']",2021,2021-12
OTM_STRANGLE_2021-12-10_2021-12-16,OTM_STRANGLE,NIFTY,2021-12-10,2021-12-16,19550.0,17248.4,19550.0,50,130000.0,2031.3,5078.25,-8515.0,80.0,63.48,105.82,33.49,3.51,100.0,386.3,-8901.3,EXPIRY,False,"['short_ce:19650.0CE@1.5->0.0', 'short_pe:19450.0PE@2029.8->2201.5999999999985']",2021,2021-12
OTM_STRANGLE_2021-12-17_2021-12-23,OTM_STRANGLE,NIFTY,2021-12-17,2021-12-23,18950.0,17072.6,18950.0,50,130000.0,1556.55,3891.38,-11042.5,80.0,48.64,83.35,29.43,2.83,100.0,344.26,-11386.76,EXPIRY,False,"['short_ce:19050.0CE@1.5->0.0', 'short_pe:18850.0PE@1555.05->1777.4000000000015']",2021,2021-12
OTM_STRANGLE_2021-12-24_2021-12-30,OTM_STRANGLE,NIFTY,2021-12-24,2021-12-30,17100.0,17203.95,17100.0,50,130000.0,200.0,500.0,9802.5,80.0,6.25,5.1,15.32,0.02,100.0,206.68,9595.82,EXPIRY,True,"['short_ce:17200.0CE@101.0->3.9500000000007276', 'short_pe:17000.0PE@99.0->0.0']",2021,2021-12
OTM_STRANGLE_2021-12-31_2022-01-06,OTM_STRANGLE,NIFTY,2021-12-31,2022-01-06,17250.0,17745.9,17250.0,50,130000.0,210.25,525.62,-9282.5,80.0,6.57,15.15,17.13,0.62,100.0,219.48,-9501.98,EXPIRY,False,"['short_ce:17350.0CE@110.0->395.90000000000146', 'short_pe:17150.0PE@100.25->0.0']",2021,2021-12
OTM_STRANGLE_2022-01-07_2022-01-13,OTM_STRANGLE,NIFTY,2022-01-07,2022-01-13,19300.0,18257.8,19300.0,50,130000.0,1437.9,3594.75,24785.0,80.0,44.93,59.5,25.13,1.53,100.0,311.1,24473.9,EXPIRY,True,"['short_ce:19400.0CE@1.4->0.0', 'short_pe:19200.0PE@1436.5->942.2000000000007']",2022,2022-01
OTM_STRANGLE_2022-01-21_2022-01-27,OTM_STRANGLE,NIFTY,2022-01-21,2022-01-27,19700.0,17110.15,19700.0,50,130000.0,2058.2,5145.5,-21582.5,80.0,64.32,113.7,34.91,3.96,100.0,396.89,-21979.39,EXPIRY,False,"['short_ce:19800.0CE@1.5->0.0', 'short_pe:19600.0PE@2056.7->2489.8499999999985']",2022,2022-01
OTM_STRANGLE_2022-01-28_2022-02-03,OTM_STRANGLE,NIFTY,2022-01-28,2022-02-03,19500.0,17560.2,19500.0,50,130000.0,1352.5,3381.25,-24365.0,80.0,42.27,79.81,28.79,2.92,100.0,333.79,-24698.79,EXPIRY,False,"['short_ce:19600.0CE@2.5->0.0', 'short_pe:19400.0PE@1350.0->1839.7999999999993']",2022,2022-01
OTM_STRANGLE_2022-02-04_2022-02-10,OTM_STRANGLE,NIFTY,2022-02-04,2022-02-10,19700.0,17605.85,19700.0,50,130000.0,1399.35,3498.38,-29740.0,80.0,43.73,84.84,29.7,3.16,100.0,341.43,-30081.43,EXPIRY,False,"['short_ce:19800.0CE@1.4->0.0', 'short_pe:19600.0PE@1397.95->1994.1500000000015']",2022,2022-02
OTM_STRANGLE_2022-02-11_2022-02-17,OTM_STRANGLE,NIFTY,2022-02-11,2022-02-17,19300.0,17304.6,19300.0,50,130000.0,1641.7,4104.25,-12685.0,80.0,51.3,88.43,30.35,3.02,100.0,353.1,-13038.1,EXPIRY,False,"['short_ce:19400.0CE@1.5->0.0', 'short_pe:19200.0PE@1640.2->1895.4000000000015']",2022,2022-02
OTM_STRANGLE_2022-02-18_2022-02-24,OTM_STRANGLE,NIFTY,2022-02-18,2022-02-24,19450.0,16247.95,19450.0,50,130000.0,2001.5,5003.75,-55027.5,80.0,62.55,127.59,37.41,4.91,100.0,412.46,-55439.96,EXPIRY,False,"['short_ce:19550.0CE@1.5->0.0', 'short_pe:19350.0PE@2000.0->3102.0499999999993']",2022,2022-02
OTM_STRANGLE_2022-02-25_2022-03-03,OTM_STRANGLE,NIFTY,2022-02-25,2022-03-03,19650.0,16498.05,19650.0,50,130000.0,1535.25,3838.12,-75835.0,80.0,47.98,114.68,35.08,4.81,100.0,382.55,-76217.55,EXPIRY,False,"['short_ce:19750.0CE@1.95->0.0', 'short_pe:19550.0PE@1533.3->3051.9500000000007']",2022,2022-02
OTM_STRANGLE_2022-03-04_2022-03-10,OTM_STRANGLE,NIFTY,2022-03-04,2022-03-10,19450.0,16594.9,19450.0,50,130000.0,1433.9,3584.75,-66060.0,80.0,44.81,104.72,33.29,4.34,100.0,367.16,-66427.16,EXPIRY,False,"['short_ce:19550.0CE@1.4->0.0', 'short_pe:19350.0PE@1432.5->2755.0999999999985']",2022,2022-03
OTM_STRANGLE_2022-03-11_2022-03-17,OTM_STRANGLE,NIFTY,2022-03-11,2022-03-17,19450.0,17287.05,19450.0,50,130000.0,1257.1,3142.75,-40292.5,80.0,39.28,83.0,29.37,3.26,100.0,334.92,-40627.42,EXPIRY,False,"['short_ce:19550.0CE@1.2->0.0', 'short_pe:19350.0PE@1255.9->2062.9500000000007']",2022,2022-03
OTM_STRANGLE_2022-03-21_2022-03-24,OTM_STRANGLE,NIFTY,2022-03-21,2022-03-24,18600.0,17222.75,18600.0,50,130000.0,1139.7,2849.25,-6877.5,80.0,35.62,60.42,25.3,2.04,100.0,303.37,-7180.87,EXPIRY,False,"['short_ce:18700.0CE@1.5->0.0', 'short_pe:18500.0PE@1138.2->1277.25']",2022,2022-03
OTM_STRANGLE_2022-03-25_2022-03-31,OTM_STRANGLE,NIFTY,2022-03-25,2022-03-31,19400.0,17464.75,19400.0,50,130000.0,2037.85,5094.62,10130.0,80.0,63.68,96.83,31.86,2.95,100.0,375.32,9754.68,EXPIRY,True,"['short_ce:19500.0CE@1.3->0.0', 'short_pe:19300.0PE@2036.55->1835.25']",2022,2022-03
OTM_STRANGLE_2022-04-01_2022-04-07,OTM_STRANGLE,NIFTY,2022-04-01,2022-04-07,14800.0,17639.55,14800.0,50,130000.0,1483.0,3707.5,-62827.5,80.0,46.34,105.56,33.44,4.32,100.0,369.67,-63197.17,EXPIRY,False,"['short_ce:14900.0CE@1481.9->2739.5499999999993', 'short_pe:14700.0PE@1.1->0.0']",2022,2022-04
OTM_STRANGLE_2022-04-08_2022-04-13,OTM_STRANGLE,NIFTY,2022-04-08,2022-04-13,14650.0,17475.65,14650.0,50,130000.0,1638.95,4097.38,-54335.0,80.0,51.22,109.12,34.08,4.31,100.0,378.72,-54713.72,EXPIRY,False,"['short_ce:14750.0CE@1637.95->2725.6500000000015', 'short_pe:14550.0PE@1.0->0.0']",2022,2022-04
OTM_STRANGLE_2022-04-18_2022-04-21,OTM_STRANGLE,NIFTY,2022-04-18,2022-04-21,14450.0,17392.6,14450.0,50,130000.0,1468.55,3671.38,-68702.5,80.0,45.89,107.78,33.84,4.48,100.0,371.99,-69074.49,EXPIRY,False,"['short_ce:14550.0CE@1467.95->2842.5999999999985', 'short_pe:14350.0PE@0.6->0.0']",2022,2022-04
OTM_STRANGLE_2022-04-29_2022-05-05,OTM_STRANGLE,NIFTY,2022-04-29,2022-05-05,14650.0,16682.65,14650.0,50,130000.0,1695.85,4239.62,-11840.0,80.0,53.0,90.71,30.76,3.08,100.0,357.55,-12197.55,EXPIRY,False,"['short_ce:14750.0CE@1694.65->1932.6500000000015', 'short_pe:14550.0PE@1.2->0.0']",2022,2022-04
OTM_STRANGLE_2022-05-06_2022-05-12,OTM_STRANGLE,NIFTY,2022-05-06,2022-05-12,19150.0,15808.0,19150.0,50,130000.0,1993.7,4984.25,-62415.0,80.0,62.3,130.89,38.01,5.12,100.0,416.33,-62831.33,EXPIRY,False,"['short_ce:19250.0CE@1.7->0.0', 'short_pe:19050.0PE@1992.0->3242.0']",2022,2022-05
OTM_STRANGLE_2022-05-20_2022-05-26,OTM_STRANGLE,NIFTY,2022-05-20,2022-05-26,14400.0,16170.15,14400.0,50,130000.0,1540.6,3851.5,-6477.5,80.0,48.14,80.27,28.88,2.67,100.0,339.96,-6817.46,EXPIRY,False,"['short_ce:14500.0CE@1537.35->1670.1499999999996', 'short_pe:14300.0PE@3.25->0.0']",2022,2022-05
OTM_STRANGLE_2022-05-27_2022-06-02,OTM_STRANGLE,NIFTY,2022-05-27,2022-06-02,16250.0,16628.0,16250.0,50,130000.0,266.95,667.38,-552.5,80.0,8.34,13.62,16.86,0.44,100.0,219.27,-771.77,EXPIRY,False,"['short_ce:16350.0CE@146.3->278.0', 'short_pe:16150.0PE@120.65->0.0']",2022,2022-05
OTM_STRANGLE_2022-06-03_2022-06-09,OTM_STRANGLE,NIFTY,2022-06-03,2022-06-09,14800.0,16478.1,14800.0,50,130000.0,1410.35,3525.88,-8387.5,80.0,44.07,74.71,27.87,2.52,100.0,329.18,-8716.68,EXPIRY,False,"['short_ce:14900.0CE@1408.85->1578.0999999999985', 'short_pe:14700.0PE@1.5->0.0']",2022,2022-06
OTM_STRANGLE_2022-06-10_2022-06-16,OTM_STRANGLE,NIFTY,2022-06-10,2022-06-16,18700.0,15360.6,18700.0,50,130000.0,2240.9,5602.25,-49925.0,80.0,70.03,137.01,39.11,5.13,100.0,431.28,-50356.28,EXPIRY,False,"['short_ce:18800.0CE@0.9->0.0', 'short_pe:18600.0PE@2240.0->3239.3999999999996']",2022,2022-06
OTM_STRANGLE_2022-06-17_2022-06-23,OTM_STRANGLE,NIFTY,2022-06-17,2022-06-23,18500.0,15556.65,18500.0,50,130000.0,3089.6,7724.0,12312.5,80.0,96.55,148.32,41.15,4.56,100.0,470.59,11841.91,EXPIRY,True,"['short_ce:18600.0CE@1.4->0.0', 'short_pe:18400.0PE@3088.2->2843.3500000000004']",2022,2022-06
OTM_STRANGLE_2022-06-24_2022-06-30,OTM_STRANGLE,NIFTY,2022-06-24,2022-06-30,19400.0,15780.25,19400.0,50,130000.0,3607.15,9017.88,4370.0,80.0,112.72,178.17,46.54,5.64,100.0,523.07,3846.93,EXPIRY,True,"['short_ce:19500.0CE@0.95->0.0', 'short_pe:19300.0PE@3606.2->3519.75']",2022,2022-06
OTM_STRANGLE_2022-07-08_2022-07-14,OTM_STRANGLE,NIFTY,2022-07-08,2022-07-14,18050.0,15938.65,18050.0,50,130000.0,1345.75,3364.38,-33280.0,80.0,42.05,83.93,29.54,3.18,100.0,338.7,-33618.7,EXPIRY,False,"['short_ce:18150.0CE@0.8->0.0', 'short_pe:17950.0PE@1344.95->2011.3500000000004']",2022,2022-07
OTM_STRANGLE_2022-07-22_2022-07-28,OTM_STRANGLE,NIFTY,2022-07-22,2022-07-28,18550.0,16929.6,18550.0,50,130000.0,1936.15,4840.38,20787.5,80.0,60.5,86.41,29.99,2.45,100.0,359.36,20428.14,EXPIRY,True,"['short_ce:18650.0CE@0.65->0.0', 'short_pe:18450.0PE@1935.5->1520.4000000000015']",2022,2022-07
OTM_STRANGLE_2022-08-05_2022-08-11,OTM_STRANGLE,NIFTY,2022-08-05,2022-08-11,14000.0,17659.0,14000.0,50,130000.0,3001.05,7502.62,-27897.5,80.0,93.78,164.0,43.98,5.67,100.0,487.43,-28384.93,EXPIRY,False,"['short_ce:14100.0CE@3000.0->3559.0', 'short_pe:13900.0PE@1.05->0.0']",2022,2022-08
OTM_STRANGLE_2022-08-19_2022-08-25,OTM_STRANGLE,NIFTY,2022-08-19,2022-08-25,14100.0,17522.45,14100.0,50,130000.0,3633.15,9082.88,15535.0,80.0,113.54,173.89,45.76,5.33,100.0,518.52,15016.48,EXPIRY,True,"['short_ce:14200.0CE@3632.3->3322.4500000000007', 'short_pe:14000.0PE@0.85->0.0']",2022,2022-08
OTM_STRANGLE_2022-08-26_2022-09-01,OTM_STRANGLE,NIFTY,2022-08-26,2022-09-01,14200.0,17542.8,14200.0,50,130000.0,1546.45,3866.12,-84817.5,80.0,48.33,119.73,35.99,5.1,100.0,389.16,-85206.66,EXPIRY,False,"['short_ce:14300.0CE@1545.8->3242.7999999999993', 'short_pe:14100.0PE@0.65->0.0']",2022,2022-08
OTM_STRANGLE_2022-09-09_2022-09-15,OTM_STRANGLE,NIFTY,2022-09-09,2022-09-15,14400.0,17877.4,14400.0,50,130000.0,2833.35,7083.38,-27202.5,80.0,88.54,155.27,42.4,5.38,100.0,471.59,-27674.09,EXPIRY,False,"['short_ce:14500.0CE@2832.55->3377.4000000000015', 'short_pe:14300.0PE@0.8->0.0']",2022,2022-09
OTM_STRANGLE_2022-09-16_2022-09-22,OTM_STRANGLE,NIFTY,2022-09-16,2022-09-22,14500.0,17629.8,14500.0,50,130000.0,2184.95,5462.38,-42242.5,80.0,68.28,130.37,37.91,4.81,100.0,421.37,-42663.87,EXPIRY,False,"['short_ce:14600.0CE@2183.95->3029.7999999999993', 'short_pe:14400.0PE@1.0->0.0']",2022,2022-09
OTM_STRANGLE_2022-09-30_2022-10-06,OTM_STRANGLE,NIFTY,2022-09-30,2022-10-06,14650.0,17331.8,14650.0,50,130000.0,2787.45,6968.62,10282.5,80.0,87.11,134.23,38.61,4.14,100.0,444.09,9838.41,EXPIRY,True,"['short_ce:14750.0CE@2786.35->2581.7999999999993', 'short_pe:14550.0PE@1.1->0.0']",2022,2022-09
OTM_STRANGLE_2022-10-14_2022-10-20,OTM_STRANGLE,NIFTY,2022-10-14,2022-10-20,19900.0,17563.95,19900.0,50,130000.0,1808.3,4520.75,-21387.5,80.0,56.51,101.11,32.64,3.56,100.0,373.81,-21761.31,EXPIRY,False,"['short_ce:20000.0CE@1.0->0.0', 'short_pe:19800.0PE@1807.3->2236.0499999999993']",2022,2022-10
OTM_STRANGLE_2022-10-21_2022-10-27,OTM_STRANGLE,NIFTY,2022-10-21,2022-10-27,14650.0,17736.95,14650.0,50,130000.0,2450.55,6126.37,-26820.0,80.0,76.58,135.94,38.92,4.75,100.0,436.19,-27256.19,EXPIRY,False,"['short_ce:14750.0CE@2447.85->2986.9500000000007', 'short_pe:14550.0PE@2.7->0.0']",2022,2022-10
OTM_STRANGLE_2022-11-04_2022-11-10,OTM_STRANGLE,NIFTY,2022-11-04,2022-11-10,15900.0,18028.2,15900.0,50,130000.0,2055.25,5138.12,1352.5,80.0,64.23,102.09,32.81,3.25,100.0,382.37,970.13,EXPIRY,True,"['short_ce:16000.0CE@2054.0->2028.2000000000007', 'short_pe:15800.0PE@1.25->0.0']",2022,2022-11
OTM_STRANGLE_2022-11-11_2022-11-17,OTM_STRANGLE,NIFTY,2022-11-11,2022-11-17,15050.0,18343.9,15050.0,50,130000.0,2895.05,7237.62,-14942.5,80.0,90.47,152.22,41.86,5.1,100.0,469.64,-15412.14,EXPIRY,False,"['short_ce:15150.0CE@2894.35->3193.9000000000015', 'short_pe:14950.0PE@0.7->0.0']",2022,2022-11
OTM_STRANGLE_2022-11-18_2022-11-24,OTM_STRANGLE,NIFTY,2022-11-18,2022-11-24,14650.0,18484.1,14650.0,50,130000.0,3013.8,7534.5,-36015.0,80.0,94.18,168.7,44.83,5.94,100.0,493.64,-36508.64,EXPIRY,False,"['short_ce:14750.0CE@3012.7->3734.0999999999985', 'short_pe:14550.0PE@1.1->0.0']",2022,2022-11
OTM_STRANGLE_2022-11-25_2022-12-01,OTM_STRANGLE,NIFTY,2022-11-25,2022-12-01,15250.0,18812.5,15250.0,50,130000.0,2495.7,6239.25,-48340.0,80.0,77.99,148.96,41.27,5.49,100.0,453.7,-48793.7,EXPIRY,False,"['short_ce:15350.0CE@2493.45->3462.5', 'short_pe:15150.0PE@2.25->0.0']",2022,2022-11
OTM_STRANGLE_2022-12-02_2022-12-08,OTM_STRANGLE,NIFTY,2022-12-02,2022-12-08,15000.0,18609.35,15000.0,50,130000.0,2428.25,6070.62,-54055.0,80.0,75.88,148.44,41.17,5.56,100.0,451.06,-54506.06,EXPIRY,False,"['short_ce:15100.0CE@2427.05->3509.3499999999985', 'short_pe:14900.0PE@1.2->0.0']",2022,2022-12
OTM_STRANGLE_2022-12-09_2022-12-15,OTM_STRANGLE,NIFTY,2022-12-09,2022-12-15,15000.0,18414.9,15000.0,50,130000.0,2130.35,5325.88,-59227.5,80.0,66.57,136.13,38.95,5.24,100.0,426.9,-59654.4,EXPIRY,False,"['short_ce:15100.0CE@2129.55->3314.9000000000015', 'short_pe:14900.0PE@0.8->0.0']",2022,2022-12
OTM_STRANGLE_2022-12-16_2022-12-22,OTM_STRANGLE,NIFTY,2022-12-16,2022-12-22,14800.0,18127.35,14800.0,50,130000.0,2844.55,7111.38,-19140.0,80.0,88.89,151.8,41.78,5.14,100.0,467.61,-19607.61,EXPIRY,False,"['short_ce:14900.0CE@2843.5->3227.3499999999985', 'short_pe:14700.0PE@1.05->0.0']",2022,2022-12
OTM_STRANGLE_2022-12-30_2023-01-05,OTM_STRANGLE,NIFTY,2022-12-30,2023-01-05,15750.0,17992.15,15750.0,50,130000.0,2415.45,6038.63,13665.0,80.0,75.48,113.94,34.95,3.44,100.0,407.81,13257.19,EXPIRY,True,"['short_ce:15850.0CE@2413.55->2142.1500000000015', 'short_pe:15650.0PE@1.9->0.0']",2022,2022-12
OTM_STRANGLE_2023-01-27_2023-02-02,OTM_STRANGLE,NIFTY,2023-01-27,2023-02-02,19750.0,17610.4,19750.0,50,130000.0,1008.5,2521.25,-51555.0,80.0,31.52,76.2,28.14,3.21,100.0,319.07,-51874.07,EXPIRY,False,"['short_ce:19850.0CE@2.0->0.0', 'short_pe:19650.0PE@1006.5->2039.5999999999985']",2023,2023-01
OTM_STRANGLE_2023-02-17_2023-02-23,OTM_STRANGLE,NIFTY,2023-02-17,2023-02-23,20200.0,17511.25,20200.0,50,130000.0,1599.35,3998.38,-49470.0,80.0,49.98,104.7,33.28,4.09,100.0,372.06,-49842.06,EXPIRY,False,"['short_ce:20300.0CE@1.0->0.0', 'short_pe:20100.0PE@1598.35->2588.75']",2023,2023-02
OTM_STRANGLE_2023-03-17_2023-03-23,OTM_STRANGLE,NIFTY,2023-03-17,2023-03-23,15650.0,17076.9,15650.0,50,130000.0,2398.8,5997.0,53595.0,80.0,74.96,93.14,31.2,2.18,100.0,381.48,53213.52,EXPIRY,True,"['short_ce:15750.0CE@2396.1->1326.9000000000015', 'short_pe:15550.0PE@2.7->0.0']",2023,2023-03
OTM_STRANGLE_2023-04-28_2023-05-04,OTM_STRANGLE,NIFTY,2023-04-28,2023-05-04,15550.0,18255.8,15550.0,50,130000.0,1590.0,3975.0,-50790.0,80.0,49.69,104.89,33.32,4.12,100.0,372.02,-51162.02,EXPIRY,False,"['short_ce:15650.0CE@1589.1->2605.7999999999993', 'short_pe:15450.0PE@0.9->0.0']",2023,2023-04
OTM_STRANGLE_2023-05-05_2023-05-11,OTM_STRANGLE,NIFTY,2023-05-05,2023-05-11,19650.0,18297.0,19650.0,50,130000.0,1841.6,4604.0,29430.0,80.0,57.55,77.36,28.35,2.03,100.0,345.3,29084.7,EXPIRY,True,"['short_ce:19750.0CE@0.85->0.0', 'short_pe:19550.0PE@1840.75->1253.0']",2023,2023-05
OTM_STRANGLE_2023-05-12_2023-05-18,OTM_STRANGLE,NIFTY,2023-05-12,2023-05-18,16350.0,18129.95,16350.0,50,130000.0,1505.35,3763.38,-8730.0,80.0,47.04,79.63,28.76,2.68,100.0,338.12,-9068.12,EXPIRY,False,"['short_ce:16450.0CE@1504.05->1679.9500000000007', 'short_pe:16250.0PE@1.3->0.0']",2023,2023-05
OTM_STRANGLE_2023-05-19_2023-05-25,OTM_STRANGLE,NIFTY,2023-05-19,2023-05-25,16050.0,18321.15,16050.0,50,130000.0,2263.0,5657.5,4592.5,80.0,70.72,110.85,34.39,3.48,100.0,399.44,4193.06,EXPIRY,True,"['short_ce:16150.0CE@2261.5->2171.1500000000015', 'short_pe:15950.0PE@1.5->0.0']",2023,2023-05
OTM_STRANGLE_2023-06-09_2023-06-15,OTM_STRANGLE,NIFTY,2023-06-09,2023-06-15,20050.0,18688.1,20050.0,50,130000.0,1552.35,3880.88,14522.5,80.0,48.51,70.36,27.09,2.03,100.0,327.99,14194.51,EXPIRY,True,"['short_ce:20150.0CE@1.25->0.0', 'short_pe:19950.0PE@1551.1->1261.9000000000015']",2023,2023-06
OTM_STRANGLE_2023-06-16_2023-06-22,OTM_STRANGLE,NIFTY,2023-06-16,2023-06-22,18750.0,18771.25,18750.0,50,130000.0,97.15,242.88,4857.5,80.0,3.04,2.43,14.84,0.0,100.0,200.31,4657.19,EXPIRY,True,"['short_ce:18850.0CE@42.15->0.0', 'short_pe:18650.0PE@55.0->0.0']",2023,2023-06
OTM_STRANGLE_2023-07-07_2023-07-13,OTM_STRANGLE,NIFTY,2023-07-07,2023-07-13,20900.0,19413.75,20900.0,50,130000.0,2034.65,5086.62,32420.0,80.0,63.58,85.52,29.82,2.25,100.0,361.18,32058.82,EXPIRY,True,"['short_ce:21000.0CE@1.1->0.0', 'short_pe:20800.0PE@2033.55->1386.25']",2023,2023-07
OTM_STRANGLE_2023-07-14_2023-07-20,OTM_STRANGLE,NIFTY,2023-07-14,2023-07-20,20850.0,19979.15,20850.0,50,130000.0,1184.05,2960.12,20660.0,80.0,37.0,48.87,23.21,1.25,100.0,290.34,20369.66,EXPIRY,True,"['short_ce:20950.0CE@1.3->0.0', 'short_pe:20750.0PE@1182.75->770.8499999999985']",2023,2023-07
OTM_STRANGLE_2023-07-28_2023-08-03,OTM_STRANGLE,NIFTY,2023-07-28,2023-08-03,17300.0,19381.65,17300.0,50,130000.0,1547.65,3869.12,-21700.0,80.0,48.36,88.23,30.31,3.15,100.0,350.06,-22050.06,EXPIRY,False,"['short_ce:17400.0CE@1546.75->1981.6500000000015', 'short_pe:17200.0PE@0.9->0.0']",2023,2023-07
OTM_STRANGLE_2023-08-04_2023-08-10,OTM_STRANGLE,NIFTY,2023-08-04,2023-08-10,21150.0,19543.1,21150.0,50,130000.0,1454.25,3635.62,-2632.5,80.0,45.45,74.03,27.75,2.41,100.0,329.63,-2962.13,EXPIRY,False,"['short_ce:21250.0CE@2.15->0.0', 'short_pe:21050.0PE@1452.1->1506.9000000000015']",2023,2023-08
OTM_STRANGLE_2023-08-11_2023-08-17,OTM_STRANGLE,NIFTY,2023-08-11,2023-08-17,21100.0,19365.25,21100.0,50,130000.0,1481.2,3703.0,-7677.5,80.0,46.29,77.9,28.45,2.61,100.0,335.24,-8012.74,EXPIRY,False,"['short_ce:21200.0CE@1.2->0.0', 'short_pe:21000.0PE@1480.0->1634.75']",2023,2023-08
OTM_STRANGLE_2023-08-25_2023-08-31,OTM_STRANGLE,NIFTY,2023-08-25,2023-08-31,17050.0,19253.8,17050.0,50,130000.0,2202.1,5505.25,4915.0,80.0,68.82,107.65,33.82,3.37,100.0,393.65,4521.35,EXPIRY,True,"['short_ce:17150.0CE@2201.05->2103.7999999999993', 'short_pe:16950.0PE@1.05->0.0']",2023,2023-08
OTM_STRANGLE_2023-09-01_2023-09-07,OTM_STRANGLE,NIFTY,2023-09-01,2023-09-07,21050.0,19727.05,21050.0,50,130000.0,1561.4,3903.5,16922.5,80.0,48.79,69.61,26.95,1.97,100.0,327.33,16595.17,EXPIRY,True,"['short_ce:21150.0CE@1.4->0.0', 'short_pe:20950.0PE@1560.0->1222.9500000000007']",2023,2023-09
OTM_STRANGLE_2023-09-08_2023-09-14,OTM_STRANGLE,NIFTY,2023-09-08,2023-09-14,21150.0,20103.1,21150.0,50,130000.0,1405.4,3513.5,22925.0,80.0,43.92,58.81,25.01,1.54,100.0,309.27,22615.73,EXPIRY,True,"['short_ce:21250.0CE@0.85->0.0', 'short_pe:21050.0PE@1404.55->946.9000000000015']",2023,2023-09
OTM_STRANGLE_2023-09-29_2023-10-05,OTM_STRANGLE,NIFTY,2023-09-29,2023-10-05,21250.0,19545.75,21250.0,50,130000.0,1626.2,4065.5,1097.5,80.0,50.82,80.76,28.97,2.57,100.0,343.11,754.39,EXPIRY,True,"['short_ce:21350.0CE@3.0->0.0', 'short_pe:21150.0PE@1623.2->1604.25']",2023,2023-09
OTM_STRANGLE_2023-10-13_2023-10-19,OTM_STRANGLE,NIFTY,2023-10-13,2023-10-19,21550.0,19624.7,21550.0,50,130000.0,1256.3,3140.75,-28450.0,80.0,39.26,77.04,28.29,2.89,100.0,327.49,-28777.49,EXPIRY,False,"['short_ce:21650.0CE@1.2->0.0', 'short_pe:21450.0PE@1255.1->1825.2999999999993']",2023,2023-10
OTM_STRANGLE_2023-10-20_2023-10-26,OTM_STRANGLE,NIFTY,2023-10-20,2023-10-26,21350.0,18857.25,21350.0,50,130000.0,1440.15,3600.37,-47630.0,80.0,45.0,95.82,31.68,3.78,100.0,356.29,-47986.29,EXPIRY,False,"['short_ce:21450.0CE@1.1->0.0', 'short_pe:21250.0PE@1439.05->2392.75']",2023,2023-10
OTM_STRANGLE_2023-10-27_2023-11-02,OTM_STRANGLE,NIFTY,2023-10-27,2023-11-02,20400.0,19133.25,20400.0,50,130000.0,1356.1,3390.25,9467.5,80.0,42.38,63.07,25.78,1.88,100.0,313.1,9154.4,EXPIRY,True,"['short_ce:20500.0CE@2.3->0.0', 'short_pe:20300.0PE@1353.8->1166.75']",2023,2023-10
OTM_STRANGLE_2023-11-03_2023-11-09,OTM_STRANGLE,NIFTY,2023-11-03,2023-11-09,21050.0,19395.3,21050.0,50,130000.0,1302.6,3256.5,-12605.0,80.0,40.71,71.43,27.28,2.47,100.0,321.9,-12926.9,EXPIRY,False,"['short_ce:21150.0CE@0.7->0.0', 'short_pe:20950.0PE@1301.9->1554.7000000000007']",2023,2023-11
OTM_STRANGLE_2023-11-10_2023-11-16,OTM_STRANGLE,NIFTY,2023-11-10,2023-11-16,17600.0,19765.2,17600.0,50,130000.0,1594.8,3987.0,-23520.0,80.0,49.84,91.5,30.9,3.28,100.0,355.52,-23875.52,EXPIRY,False,"['short_ce:17700.0CE@1594.0->2065.2000000000007', 'short_pe:17500.0PE@0.8->0.0']",2023,2023-11
OTM_STRANGLE_2023-11-17_2023-11-23,OTM_STRANGLE,NIFTY,2023-11-17,2023-11-23,17500.0,19802.0,17500.0,50,130000.0,2148.6,5371.5,-2670.0,80.0,67.14,108.77,34.02,3.52,100.0,393.45,-3063.45,EXPIRY,False,"['short_ce:17600.0CE@2147.45->2202.0', 'short_pe:17400.0PE@1.15->0.0']",2023,2023-11
OTM_STRANGLE_2023-12-01_2023-12-07,OTM_STRANGLE,NIFTY,2023-12-01,2023-12-07,21350.0,20901.15,21350.0,50,130000.0,1977.8,4944.5,81447.5,80.0,61.81,58.17,24.89,0.64,100.0,325.5,81122.0,EXPIRY,True,"['short_ce:21450.0CE@1.35->0.0', 'short_pe:21250.0PE@1976.45->348.84999999999854']",2023,2023-12
OTM_STRANGLE_2023-12-08_2023-12-14,OTM_STRANGLE,NIFTY,2023-12-08,2023-12-14,18700.0,21182.7,18700.0,50,130000.0,2172.1,5430.25,-10530.0,80.0,67.88,113.87,34.94,3.8,100.0,400.49,-10930.49,EXPIRY,False,"['short_ce:18800.0CE@2170.0->2382.7000000000007', 'short_pe:18600.0PE@2.1->0.0']",2023,2023-12
OTM_STRANGLE_2023-12-22_2023-12-28,OTM_STRANGLE,NIFTY,2023-12-22,2023-12-28,17450.0,21778.7,17450.0,50,130000.0,2357.05,5892.62,-93582.5,80.0,73.66,164.64,44.1,6.67,100.0,469.07,-94051.57,EXPIRY,False,"['short_ce:17550.0CE@2355.7->4228.700000000001', 'short_pe:17350.0PE@1.35->0.0']",2023,2023-12
OTM_STRANGLE_2023-12-29_2024-01-04,OTM_STRANGLE,NIFTY,2023-12-29,2024-01-04,18650.0,21658.6,18650.0,50,130000.0,2921.2,7303.0,630.0,80.0,91.29,145.74,40.69,4.65,100.0,462.37,167.63,EXPIRY,True,"['short_ce:18750.0CE@2920.0->2908.5999999999985', 'short_pe:18550.0PE@1.2->0.0']",2023,2023-12
OTM_STRANGLE_2024-01-05_2024-01-11,OTM_STRANGLE,NIFTY,2024-01-05,2024-01-11,21710.8,21647.2,21700.0,50,130000.0,168.25,420.62,8412.5,80.0,5.26,4.21,15.16,0.01,100.0,204.63,8207.87,EXPIRY,True,"['short_ce:21800.0CE@91.55->0.0', 'short_pe:21600.0PE@76.7->0.0']",2024,2024-01
OTM_STRANGLE_2024-01-12_2024-01-18,OTM_STRANGLE,NIFTY,2024-01-12,2024-01-18,21894.55,21462.25,21900.0,50,130000.0,226.25,565.62,-5575.0,80.0,7.07,14.1,16.94,0.53,100.0,218.65,-5793.65,EXPIRY,False,"['short_ce:22000.0CE@39.25->0.0', 'short_pe:21800.0PE@187.0->337.75']",2024,2024-01
OTM_STRANGLE_2024-01-19_2024-01-25,OTM_STRANGLE,NIFTY,2024-01-19,2024-01-25,21622.4,21352.6,21600.0,50,130000.0,225.05,562.62,3882.5,80.0,7.03,9.31,16.08,0.24,100.0,212.66,3669.84,EXPIRY,True,"['short_ce:21700.0CE@125.1->0.0', 'short_pe:21500.0PE@99.95->147.40000000000146']",2024,2024-01
OTM_STRANGLE_2024-01-29_2024-02-01,OTM_STRANGLE,NIFTY,2024-01-29,2024-02-01,21737.6,21697.45,21750.0,50,130000.0,277.45,693.62,13872.5,80.0,8.67,6.94,15.65,0.01,100.0,211.27,13661.23,EXPIRY,True,"['short_ce:21850.0CE@41.6->0.0', 'short_pe:21650.0PE@235.85->0.0']",2024,2024-01
OTM_STRANGLE_2024-02-02_2024-02-08,OTM_STRANGLE,NIFTY,2024-02-02,2024-02-08,21853.8,21717.95,21850.0,50,130000.0,240.75,601.88,10435.0,80.0,7.52,6.82,15.63,0.06,100.0,210.04,10224.96,EXPIRY,True,"['short_ce:21950.0CE@95.8->0.0', 'short_pe:21750.0PE@144.95->32.04999999999927']",2024,2024-02
OTM_STRANGLE_2024-02-09_2024-02-15,OTM_STRANGLE,NIFTY,2024-02-09,2024-02-15,21782.5,21910.75,21800.0,50,130000.0,305.45,763.62,14735.0,80.0,9.55,7.91,15.83,0.03,100.0,213.31,14521.69,EXPIRY,True,"['short_ce:21900.0CE@126.0->10.75', 'short_pe:21700.0PE@179.45->0.0']",2024,2024-02
OTM_STRANGLE_2024-02-16_2024-02-22,OTM_STRANGLE,NIFTY,2024-02-16,2024-02-22,22040.7,22217.45,22050.0,50,130000.0,229.0,572.5,8077.5,80.0,7.16,7.41,15.74,0.12,100.0,210.42,7867.08,EXPIRY,True,"['short_ce:22150.0CE@99.0->67.45000000000073', 'short_pe:21950.0PE@130.0->0.0']",2024,2024-02
OTM_STRANGLE_2024-02-23_2024-02-29,OTM_STRANGLE,NIFTY,2024-02-23,2024-02-29,22212.7,21982.8,22200.0,50,130000.0,231.5,578.75,5715.0,80.0,7.23,8.72,15.97,0.19,100.0,212.12,5502.88,EXPIRY,True,"['short_ce:22300.0CE@150.5->0.0', 'short_pe:22100.0PE@81.0->117.20000000000073']",2024,2024-02
OTM_STRANGLE_2024-03-01_2024-03-07,OTM_STRANGLE,NIFTY,2024-03-01,2024-03-07,22338.75,22493.55,22350.0,50,130000.0,275.4,688.5,11592.5,80.0,8.61,7.97,15.84,0.08,100.0,212.5,11380.0,EXPIRY,True,"['short_ce:22450.0CE@46.85->43.54999999999927', 'short_pe:22250.0PE@228.55->0.0']",2024,2024-03
OTM_STRANGLE_2024-03-11_2024-03-14,OTM_STRANGLE,NIFTY,2024-03-11,2024-03-14,22332.65,22146.65,22350.0,50,130000.0,215.45,538.62,5605.0,80.0,6.73,7.97,15.84,0.17,100.0,210.71,5394.29,EXPIRY,True,"['short_ce:22450.0CE@175.4->0.0', 'short_pe:22250.0PE@40.05->103.34999999999854']",2024,2024-03
OTM_STRANGLE_2024-03-15_2024-03-21,OTM_STRANGLE,NIFTY,2024-03-15,2024-03-21,22023.35,22011.95,22000.0,50,130000.0,273.0,682.5,13650.0,80.0,8.53,6.83,15.63,0.01,100.0,211.0,13439.0,EXPIRY,True,"['short_ce:22100.0CE@198.0->0.0', 'short_pe:21900.0PE@75.0->0.0']",2024,2024-03
OTM_STRANGLE_2024-03-22_2024-03-28,OTM_STRANGLE,NIFTY,2024-03-22,2024-03-28,22096.75,22326.9,22100.0,50,130000.0,174.0,435.0,2355.0,80.0,5.44,7.52,15.76,0.21,100.0,208.92,2146.08,EXPIRY,True,"['short_ce:22200.0CE@69.0->126.90000000000146', 'short_pe:22000.0PE@105.0->0.0']",2024,2024-03
OTM_STRANGLE_2024-04-01_2024-04-04,OTM_STRANGLE,NIFTY,2024-04-01,2024-04-04,22462.0,22514.65,22450.0,50,130000.0,165.05,412.62,8252.5,80.0,5.16,4.13,15.14,0.01,100.0,204.44,8048.06,EXPIRY,True,"['short_ce:22550.0CE@87.95->0.0', 'short_pe:22350.0PE@77.1->0.0']",2024,2024-04
OTM_STRANGLE_2024-04-05_2024-04-10,OTM_STRANGLE,NIFTY,2024-04-05,2024-04-10,22513.7,22753.8,22500.0,50,130000.0,171.0,427.5,860.0,80.0,5.34,8.12,15.86,0.25,100.0,209.58,650.42,EXPIRY,True,"['short_ce:22600.0CE@90.0->153.79999999999927', 'short_pe:22400.0PE@81.0->0.0']",2024,2024-04
OTM_STRANGLE_2024-04-12_2024-04-18,OTM_STRANGLE,NIFTY,2024-04-12,2024-04-18,22519.4,21995.85,22500.0,50,130000.0,236.2,590.5,-8397.5,80.0,7.38,16.01,17.29,0.64,100.0,221.32,-8618.82,EXPIRY,False,"['short_ce:22600.0CE@189.0->0.0', 'short_pe:22400.0PE@47.2->404.15000000000146']",2024,2024-04
OTM_STRANGLE_2024-04-19_2024-04-25,OTM_STRANGLE,NIFTY,2024-04-19,2024-04-25,22147.0,22570.35,22150.0,50,130000.0,295.95,739.88,-1220.0,80.0,9.25,15.41,17.18,0.51,100.0,222.35,-1442.35,EXPIRY,False,"['short_ce:22250.0CE@49.95->320.34999999999854', 'short_pe:22050.0PE@246.0->0.0']",2024,2024-04
OTM_STRANGLE_2024-04-26_2024-05-02,OTM_STRANGLE,NIFTY,2024-04-26,2024-05-02,22419.95,22648.2,22400.0,25,130000.0,237.95,594.88,2243.75,80.0,3.72,4.83,15.27,0.12,50.0,153.94,2089.81,EXPIRY,True,"['short_ce:22500.0CE@196.0->148.20000000000073', 'short_pe:22300.0PE@41.95->0.0']",2024,2024-04
OTM_STRANGLE_2024-05-03_2024-05-09,OTM_STRANGLE,NIFTY,2024-05-03,2024-05-09,22475.85,21957.5,22500.0,25,130000.0,286.5,716.25,-3900.0,80.0,4.48,9.11,16.04,0.35,50.0,159.98,-4059.98,EXPIRY,False,"['short_ce:22600.0CE@255.0->0.0', 'short_pe:22400.0PE@31.5->442.5']",2024,2024-05
OTM_STRANGLE_2024-05-10_2024-05-16,OTM_STRANGLE,NIFTY,2024-05-10,2024-05-16,22055.2,22403.85,22050.0,25,130000.0,270.05,675.12,405.0,80.0,4.22,6.55,15.58,0.2,50.0,156.55,248.45,EXPIRY,True,"['short_ce:22150.0CE@120.0->253.84999999999854', 'short_pe:21950.0PE@150.05->0.0']",2024,2024-05
OTM_STRANGLE_2024-05-17_2024-05-23,OTM_STRANGLE,NIFTY,2024-05-17,2024-05-23,22466.1,22967.65,22450.0,25,130000.0,206.85,517.12,-5270.0,80.0,3.23,7.81,15.81,0.33,50.0,157.18,-5427.18,EXPIRY,False,"['short_ce:22550.0CE@99.25->417.65000000000146', 'short_pe:22350.0PE@107.6->0.0']",2024,2024-05
OTM_STRANGLE_2024-05-24_2024-05-30,OTM_STRANGLE,NIFTY,2024-05-24,2024-05-30,22957.1,22488.65,22950.0,25,130000.0,240.0,600.0,-3033.75,80.0,3.75,7.52,15.76,0.29,50.0,157.31,-3191.06,EXPIRY,False,"['short_ce:23050.0CE@135.0->0.0', 'short_pe:22850.0PE@105.0->361.34999999999854']",2024,2024-05
OTM_STRANGLE_2024-05-31_2024-06-06,OTM_STRANGLE,NIFTY,2024-05-31,2024-06-06,22530.7,22821.4,22550.0,25,130000.0,811.0,2027.5,15990.0,80.0,12.67,12.28,16.61,0.15,50.0,171.72,15818.28,EXPIRY,True,"['short_ce:22650.0CE@411.0->171.40000000000146', 'short_pe:22450.0PE@400.0->0.0']",2024,2024-05
OTM_STRANGLE_2024-06-07_2024-06-13,OTM_STRANGLE,NIFTY,2024-06-07,2024-06-13,23290.15,23398.9,23300.0,25,130000.0,439.95,1099.88,10998.75,80.0,6.87,5.5,15.39,0.01,50.0,157.78,10840.97,EXPIRY,True,"['short_ce:23400.0CE@35.0->0.0', 'short_pe:23200.0PE@404.95->0.0']",2024,2024-06
OTM_STRANGLE_2024-06-14_2024-06-20,OTM_STRANGLE,NIFTY,2024-06-14,2024-06-20,23465.6,23567.0,23450.0,25,130000.0,201.8,504.5,4620.0,80.0,3.15,2.73,14.89,0.02,50.0,150.8,4469.2,EXPIRY,True,"['short_ce:23550.0CE@71.8->17.0', 'short_pe:23350.0PE@130.0->0.0']",2024,2024-06
OTM_STRANGLE_2024-06-21_2024-06-27,OTM_STRANGLE,NIFTY,2024-06-21,2024-06-27,23501.1,24044.5,23500.0,25,130000.0,198.25,495.62,-6156.25,80.0,3.1,8.03,15.85,0.35,50.0,157.33,-6313.58,EXPIRY,False,"['short_ce:23600.0CE@143.25->444.5', 'short_pe:23400.0PE@55.0->0.0']",2024,2024-06
OTM_STRANGLE_2024-06-28_2024-07-04,OTM_STRANGLE,NIFTY,2024-06-28,2024-07-04,24010.6,24302.15,24000.0,25,130000.0,245.7,614.25,1088.75,80.0,3.84,5.6,15.41,0.16,50.0,155.01,933.74,EXPIRY,True,"['short_ce:24100.0CE@145.6->202.15000000000146', 'short_pe:23900.0PE@100.1->0.0']",2024,2024-06
OTM_STRANGLE_2024-07-05_2024-07-11,OTM_STRANGLE,NIFTY,2024-07-05,2024-07-11,24323.85,24315.95,24300.0,25,130000.0,158.75,396.88,3968.75,80.0,2.48,1.98,14.76,0.0,50.0,149.23,3819.52,EXPIRY,True,"['short_ce:24400.0CE@65.5->0.0', 'short_pe:24200.0PE@93.25->0.0']",2024,2024-07
OTM_STRANGLE_2024-07-12_2024-07-18,OTM_STRANGLE,NIFTY,2024-07-12,2024-07-18,24502.15,24800.85,24500.0,25,130000.0,166.9,417.25,-848.75,80.0,2.61,4.6,15.23,0.16,50.0,152.59,-1001.34,EXPIRY,False,"['short_ce:24600.0CE@57.0->200.84999999999854', 'short_pe:24400.0PE@109.9->0.0']",2024,2024-07
OTM_STRANGLE_2024-07-19_2024-07-25,OTM_STRANGLE,NIFTY,2024-07-19,2024-07-25,24530.9,24406.1,24550.0,25,130000.0,423.55,1058.88,9491.25,80.0,6.62,5.84,15.45,0.04,50.0,157.96,9333.29,EXPIRY,True,"['short_ce:24650.0CE@321.55->0.0', 'short_pe:24450.0PE@102.0->43.900000000001455']",2024,2024-07
OTM_STRANGLE_2024-07-26_2024-08-01,OTM_STRANGLE,NIFTY,2024-07-26,2024-08-01,24834.85,25010.9,24850.0,25,130000.0,394.05,985.12,8328.75,80.0,6.16,5.69,15.43,0.06,50.0,157.33,8171.42,EXPIRY,True,"['short_ce:24950.0CE@16.3->60.900000000001455', 'short_pe:24750.0PE@377.75->0.0']",2024,2024-07
OTM_STRANGLE_2024-08-02_2024-08-08,OTM_STRANGLE,NIFTY,2024-08-02,2024-08-08,24717.7,24117.0,24700.0,25,130000.0,247.15,617.88,-5896.25,80.0,3.86,9.13,16.05,0.38,50.0,159.42,-6055.67,EXPIRY,False,"['short_ce:24800.0CE@172.0->0.0', 'short_pe:24600.0PE@75.15->483.0']",2024,2024-08
OTM_STRANGLE_2024-08-09_2024-08-14,OTM_STRANGLE,NIFTY,2024-08-09,2024-08-14,24367.5,24143.75,24350.0,25,130000.0,254.7,636.75,3711.25,80.0,3.98,4.51,15.21,0.09,50.0,153.79,3557.46,EXPIRY,True,"['short_ce:24450.0CE@119.45->0.0', 'short_pe:24250.0PE@135.25->106.25']",2024,2024-08
OTM_STRANGLE_2024-08-16_2024-08-22,OTM_STRANGLE,NIFTY,2024-08-16,2024-08-22,24541.15,24811.5,24550.0,25,130000.0,308.65,771.62,3678.75,80.0,4.82,5.88,15.46,0.13,50.0,156.29,3522.46,EXPIRY,True,"['short_ce:24650.0CE@43.65->161.5', 'short_pe:24450.0PE@265.0->0.0']",2024,2024-08
OTM_STRANGLE_2024-08-23_2024-08-29,OTM_STRANGLE,NIFTY,2024-08-23,2024-08-29,24823.15,25151.95,24800.0,25,130000.0,213.2,533.0,-968.75,80.0,3.33,5.81,15.45,0.2,50.0,154.79,-1123.54,EXPIRY,False,"['short_ce:24900.0CE@135.0->251.95000000000073', 'short_pe:24700.0PE@78.2->0.0']",2024,2024-08
OTM_STRANGLE_2024-08-30_2024-09-05,OTM_STRANGLE,NIFTY,2024-08-30,2024-09-05,25235.9,25145.1,25250.0,25,130000.0,185.25,463.12,4508.75,80.0,2.89,2.38,14.83,0.01,50.0,150.11,4358.64,EXPIRY,True,"['short_ce:25350.0CE@85.25->0.0', 'short_pe:25150.0PE@100.0->4.900000000001455']",2024,2024-08
OTM_STRANGLE_2024-09-06_2024-09-12,OTM_STRANGLE,NIFTY,2024-09-06,2024-09-12,24852.15,25388.9,24850.0,25,130000.0,301.05,752.62,-3446.25,80.0,4.7,9.25,16.07,0.35,50.0,160.37,-3606.62,EXPIRY,False,"['short_ce:24950.0CE@266.2->438.90000000000146', 'short_pe:24750.0PE@34.85->0.0']",2024,2024-09
OTM_STRANGLE_2024-09-13_2024-09-19,OTM_STRANGLE,NIFTY,2024-09-13,2024-09-19,25356.5,25415.8,25350.0,25,130000.0,195.95,489.88,4898.75,80.0,3.06,2.45,14.84,0.0,50.0,150.36,4748.39,EXPIRY,True,"['short_ce:25450.0CE@99.0->0.0', 'short_pe:25250.0PE@96.95->0.0']",2024,2024-09
OTM_STRANGLE_2024-09-20_2024-09-26,OTM_STRANGLE,NIFTY,2024-09-20,2024-09-26,25790.95,26216.05,25800.0,25,130000.0,262.6,656.5,-1336.25,80.0,4.1,7.23,15.7,0.25,50.0,157.29,-1493.54,EXPIRY,False,"['short_ce:25900.0CE@26.0->316.0499999999993', 'short_pe:25700.0PE@236.6->0.0']",2024,2024-09
OTM_STRANGLE_2024-09-27_2024-10-03,OTM_STRANGLE,NIFTY,2024-09-27,2024-10-03,26178.95,25250.1,26200.0,25,130000.0,221.1,552.75,-15720.0,80.0,3.45,13.39,16.81,0.66,50.0,164.32,-15884.32,EXPIRY,False,"['short_ce:26300.0CE@112.25->0.0', 'short_pe:26100.0PE@108.85->849.9000000000015']",2024,2024-09
OTM_STRANGLE_2024-10-04_2024-10-10,OTM_STRANGLE,NIFTY,2024-10-04,2024-10-10,25014.6,24998.45,25000.0,25,130000.0,395.0,987.5,9875.0,80.0,9.88,4.94,15.29,0.01,50.0,160.11,9714.89,EXPIRY,True,"['short_ce:25100.0CE@325.0->0.0', 'short_pe:24900.0PE@70.0->0.0']",2024,2024-10
OTM_STRANGLE_2024-10-11_2024-10-17,OTM_STRANGLE,NIFTY,2024-10-11,2024-10-17,24964.25,24749.85,24950.0,25,130000.0,278.0,695.0,4446.25,80.0,6.95,4.73,15.25,0.08,50.0,157.01,4289.24,EXPIRY,True,"['short_ce:25050.0CE@168.0->0.0', 'short_pe:24850.0PE@110.0->100.15000000000146']",2024,2024-10
OTM_STRANGLE_2024-10-18_2024-10-24,OTM_STRANGLE,NIFTY,2024-10-18,2024-10-24,24854.05,24399.4,24850.0,25,130000.0,240.65,601.62,-2748.75,80.0,6.02,7.39,15.73,0.28,50.0,159.42,-2908.17,EXPIRY,False,"['short_ce:24950.0CE@75.0->0.0', 'short_pe:24750.0PE@165.65->350.59999999999854']",2024,2024-10
OTM_STRANGLE_2024-10-25_2024-10-31,OTM_STRANGLE,NIFTY,2024-10-25,2024-10-31,24180.8,24205.35,24200.0,25,130000.0,305.5,763.75,7637.5,80.0,7.64,3.82,15.09,0.01,50.0,156.55,7480.95,EXPIRY,True,"['short_ce:24300.0CE@251.05->0.0', 'short_pe:24100.0PE@54.45->0.0']",2024,2024-10
OTM_STRANGLE_2024-11-01_2024-11-07,OTM_STRANGLE,NIFTY,2024-11-01,2024-11-07,24304.35,24199.35,24300.0,25,130000.0,350.8,877.0,8753.75,80.0,8.77,4.39,15.19,0.01,50.0,158.36,8595.39,EXPIRY,True,"['short_ce:24400.0CE@167.05->0.0', 'short_pe:24200.0PE@183.75->0.6500000000014552']",2024,2024-11
OTM_STRANGLE_2024-11-08_2024-11-14,OTM_STRANGLE,NIFTY,2024-11-08,2024-11-14,24148.2,23532.7,24150.0,25,130000.0,290.9,727.25,-5660.0,80.0,7.27,10.1,16.22,0.41,50.0,164.01,-5824.01,EXPIRY,False,"['short_ce:24250.0CE@172.95->0.0', 'short_pe:24050.0PE@117.95->517.2999999999993']",2024,2024-11
OTM_STRANGLE_2024-11-18_2024-11-21,OTM_STRANGLE,NIFTY,2024-11-18,2024-11-21,23453.8,23349.9,23450.0,25,130000.0,191.8,479.5,4792.5,80.0,4.79,2.4,14.83,0.0,50.0,152.03,4640.47,EXPIRY,True,"['short_ce:23550.0CE@120.0->0.0', 'short_pe:23350.0PE@71.8->0.09999999999854481']",2024,2024-11
OTM_STRANGLE_2024-11-22_2024-11-28,OTM_STRANGLE,NIFTY,2024-11-22,2024-11-28,23907.25,23914.15,23900.0,25,130000.0,445.15,1112.88,11128.75,80.0,11.13,5.56,15.4,0.01,50.0,162.11,10966.64,EXPIRY,True,"['short_ce:24000.0CE@15.2->0.0', 'short_pe:23800.0PE@429.95->0.0']",2024,2024-11
OTM_STRANGLE_2024-11-29_2024-12-05,OTM_STRANGLE,NIFTY,2024-11-29,2024-12-05,24131.1,24708.4,24150.0,25,130000.0,289.1,722.75,-4232.5,80.0,7.23,9.34,16.09,0.36,50.0,163.02,-4395.52,EXPIRY,False,"['short_ce:24250.0CE@86.0->458.40000000000146', 'short_pe:24050.0PE@203.1->0.0']",2024,2024-11
OTM_STRANGLE_2024-12-06_2024-12-12,OTM_STRANGLE,NIFTY,2024-12-06,2024-12-12,24677.8,24548.7,24700.0,25,130000.0,337.35,843.38,7151.25,80.0,8.43,4.86,15.28,0.05,50.0,158.62,6992.63,EXPIRY,True,"['short_ce:24800.0CE@162.95->0.0', 'short_pe:24600.0PE@174.4->51.29999999999927']",2024,2024-12
OTM_STRANGLE_2024-12-13_2024-12-19,OTM_STRANGLE,NIFTY,2024-12-13,2024-12-19,24768.3,23951.7,24750.0,25,130000.0,259.0,647.5,-10982.5,80.0,6.47,11.97,16.56,0.55,50.0,165.55,-11148.05,EXPIRY,False,"['short_ce:24850.0CE@69.0->0.0', 'short_pe:24650.0PE@190.0->698.2999999999993']",2024,2024-12
OTM_STRANGLE_2024-12-20_2024-12-26,OTM_STRANGLE,NIFTY,2024-12-20,2024-12-26,23587.5,23750.2,23600.0,25,130000.0,447.2,1118.0,9925.0,80.0,11.18,6.22,15.52,0.05,50.0,162.97,9762.03,EXPIRY,True,"['short_ce:23700.0CE@387.15->50.20000000000073', 'short_pe:23500.0PE@60.05->0.0']",2024,2024-12
OTM_STRANGLE_2024-12-27_2025-01-02,OTM_STRANGLE,NIFTY,2024-12-27,2025-01-02,23813.4,24188.65,23800.0,75,130000.0,267.6,669.0,-1578.75,80.0,20.07,20.86,18.16,0.69,150.0,289.78,-1868.53,EXPIRY,False,"['short_ce:23900.0CE@147.6->288.65000000000146', 'short_pe:23700.0PE@120.0->0.0']",2024,2024-12
OTM_STRANGLE_2025-01-03_2025-01-09,OTM_STRANGLE,NIFTY,2025-01-03,2025-01-09,24004.75,23526.5,24000.0,75,130000.0,318.0,795.0,-4162.5,80.0,23.85,25.93,19.08,0.89,150.0,299.75,-4462.25,EXPIRY,False,"['short_ce:24100.0CE@235.0->0.0', 'short_pe:23900.0PE@83.0->373.5']",2025,2025-01
OTM_STRANGLE_2025-01-10_2025-01-16,OTM_STRANGLE,NIFTY,2025-01-10,2025-01-16,23431.5,23311.8,23450.0,75,130000.0,308.0,770.0,20235.0,80.0,23.1,12.98,16.74,0.11,150.0,282.94,19952.06,EXPIRY,True,"['short_ce:23550.0CE@210.0->0.0', 'short_pe:23350.0PE@98.0->38.20000000000073']",2025,2025-01
OTM_STRANGLE_2025-01-17_2025-01-23,OTM_STRANGLE,NIFTY,2025-01-17,2025-01-23,23203.2,23205.35,23200.0,75,130000.0,299.0,747.5,22425.0,80.0,22.43,11.21,16.42,0.02,150.0,280.08,22144.92,EXPIRY,True,"['short_ce:23300.0CE@189.0->0.0', 'short_pe:23100.0PE@110.0->0.0']",2025,2025-01
OTM_STRANGLE_2025-01-24_2025-01-30,OTM_STRANGLE,NIFTY,2025-01-24,2025-01-30,23092.2,23249.5,23100.0,25,130000.0,284.0,710.0,5862.5,80.0,7.1,4.17,15.15,0.05,50.0,156.47,5706.03,EXPIRY,True,"['short_ce:23200.0CE@191.0->49.5', 'short_pe:23000.0PE@93.0->0.0']",2025,2025-01
OTM_STRANGLE_2025-01-31_2025-02-06,OTM_STRANGLE,NIFTY,2025-01-31,2025-02-06,23508.4,23603.35,23500.0,75,130000.0,528.0,1320.0,39348.75,80.0,39.6,19.93,17.99,0.05,150.0,307.57,39041.18,EXPIRY,True,"['short_ce:23600.0CE@198.0->3.349999999998545', 'short_pe:23400.0PE@330.0->0.0']",2025,2025-01
OTM_STRANGLE_2025-02-07_2025-02-13,OTM_STRANGLE,NIFTY,2025-02-07,2025-02-13,23559.95,23031.4,23550.0,75,130000.0,299.95,749.88,-8898.75,80.0,22.5,26.95,19.26,1.0,150.0,299.7,-9198.45,EXPIRY,False,"['short_ce:23650.0CE@201.95->0.0', 'short_pe:23450.0PE@98.0->418.59999999999854']",2025,2025-02
OTM_STRANGLE_2025-02-14_2025-02-20,OTM_STRANGLE,NIFTY,2025-02-14,2025-02-20,22929.25,22913.15,22950.0,75,130000.0,319.1,797.75,23932.5,80.0,23.93,11.97,16.56,0.02,150.0,282.48,23650.02,EXPIRY,True,"['short_ce:23050.0CE@230.1->0.0', 'short_pe:22850.0PE@89.0->0.0']",2025,2025-02
OTM_STRANGLE_2025-02-21_2025-02-27,OTM_STRANGLE,NIFTY,2025-02-21,2025-02-27,22795.9,22545.05,22800.0,75,130000.0,267.2,668.0,8418.75,80.0,20.04,15.83,17.26,0.38,150.0,283.51,8135.24,EXPIRY,True,"['short_ce:22900.0CE@168.2->0.0', 'short_pe:22700.0PE@99.0->154.95000000000073']",2025,2025-02
OTM_STRANGLE_2025-02-28_2025-03-06,OTM_STRANGLE,NIFTY,2025-02-28,2025-03-06,22124.7,22544.7,22100.0,75,130000.0,421.85,1054.62,5786.25,80.0,31.64,28.75,19.58,0.83,150.0,310.8,5475.45,EXPIRY,True,"['short_ce:22200.0CE@399.65->344.7000000000007', 'short_pe:22000.0PE@22.2->0.0']",2025,2025-02
OTM_STRANGLE_2025-03-07_2025-03-13,OTM_STRANGLE,NIFTY,2025-03-07,2025-03-13,22552.5,22397.2,22550.0,75,130000.0,231.15,577.88,13376.25,80.0,17.34,10.65,16.32,0.14,150.0,274.44,13101.81,EXPIRY,True,"['short_ce:22650.0CE@104.15->0.0', 'short_pe:22450.0PE@127.0->52.79999999999927']",2025,2025-03
OTM_STRANGLE_2025-03-17_2025-03-20,OTM_STRANGLE,NIFTY,2025-03-17,2025-03-20,22508.75,23190.65,22500.0,75,130000.0,176.5,441.25,-31061.25,80.0,13.24,28.77,19.59,1.39,150.0,292.98,-31354.23,EXPIRY,False,"['short_ce:22600.0CE@45.5->590.6500000000015', 'short_pe:22400.0PE@131.0->0.0']",2025,2025-03
OTM_STRANGLE_2025-03-21_2025-03-27,OTM_STRANGLE,NIFTY,2025-03-21,2025-03-27,23350.4,23591.95,23350.0,75,130000.0,209.25,523.12,5047.5,80.0,15.69,13.17,16.78,0.35,150.0,275.98,4771.52,EXPIRY,True,"['short_ce:23450.0CE@40.0->141.95000000000073', 'short_pe:23250.0PE@169.25->0.0']",2025,2025-03
OTM_STRANGLE_2025-03-28_2025-04-03,OTM_STRANGLE,NIFTY,2025-03-28,2025-04-03,23519.35,23250.1,23500.0,75,130000.0,273.95,684.88,9303.75,80.0,20.55,15.89,17.27,0.37,150.0,284.08,9019.67,EXPIRY,True,"['short_ce:23600.0CE@209.6->0.0', 'short_pe:23400.0PE@64.35->149.90000000000146']",2025,2025-03
OTM_STRANGLE_2025-04-04_2025-04-09,OTM_STRANGLE,NIFTY,2025-04-04,2025-04-09,22904.45,22399.15,22900.0,75,130000.0,355.65,889.12,-3390.0,80.0,26.67,28.37,19.52,0.96,150.0,305.52,-3695.52,EXPIRY,False,"['short_ce:23000.0CE@312.65->0.0', 'short_pe:22800.0PE@43.0->400.84999999999854']",2025,2025-04
OTM_STRANGLE_2025-04-11_2025-04-17,OTM_STRANGLE,NIFTY,2025-04-11,2025-04-17,22828.55,23851.65,22850.0,75,130000.0,393.8,984.5,-38088.75,80.0,29.54,48.58,23.16,2.13,150.0,333.4,-38422.15,EXPIRY,False,"['short_ce:22950.0CE@186.05->901.6500000000015', 'short_pe:22750.0PE@207.75->0.0']",2025,2025-04
OTM_STRANGLE_2025-04-21_2025-04-24,OTM_STRANGLE,NIFTY,2025-04-21,2025-04-24,24125.55,24246.7,24150.0,75,130000.0,320.55,801.37,24041.25,80.0,24.04,12.02,16.57,0.02,150.0,282.65,23758.6,EXPIRY,True,"['short_ce:24250.0CE@60.65->0.0', 'short_pe:24050.0PE@259.9->0.0']",2025,2025-04
OTM_STRANGLE_2025-04-25_2025-04-30,OTM_STRANGLE,NIFTY,2025-04-25,2025-04-30,24039.35,24334.2,24050.0,75,130000.0,375.05,937.62,14313.75,80.0,28.13,20.97,18.18,0.46,150.0,297.74,14016.01,EXPIRY,True,"['short_ce:24150.0CE@300.05->184.20000000000073', 'short_pe:23950.0PE@75.0->0.0']",2025,2025-04
OTM_STRANGLE_2025-05-02_2025-05-08,OTM_STRANGLE,NIFTY,2025-05-02,2025-05-08,24346.7,24273.8,24350.0,75,130000.0,383.75,959.38,28781.25,80.0,28.78,14.39,17.0,0.03,150.0,290.2,28491.05,EXPIRY,True,"['short_ce:24450.0CE@180.9->0.0', 'short_pe:24250.0PE@202.85->0.0']",2025,2025-05
OTM_STRANGLE_2025-05-09_2025-05-15,OTM_STRANGLE,NIFTY,2025-05-09,2025-05-15,24008.0,25062.1,24000.0,75,130000.0,551.25,1378.12,-30813.75,80.0,41.34,56.75,24.64,2.28,150.0,355.01,-31168.76,EXPIRY,False,"['short_ce:24100.0CE@221.25->962.0999999999985', 'short_pe:23900.0PE@330.0->0.0']",2025,2025-05
OTM_STRANGLE_2025-05-16_2025-05-22,OTM_STRANGLE,NIFTY,2025-05-16,2025-05-22,25019.8,24609.7,25000.0,75,130000.0,307.95,769.88,1323.75,80.0,23.1,22.43,18.45,0.7,150.0,294.67,1029.08,EXPIRY,True,"['short_ce:25100.0CE@170.0->0.0', 'short_pe:24900.0PE@137.95->290.2999999999993']",2025,2025-05
OTM_STRANGLE_2025-05-23_2025-05-29,OTM_STRANGLE,NIFTY,2025-05-23,2025-05-29,24853.15,24833.6,24850.0,75,130000.0,341.05,852.62,25578.75,80.0,25.58,12.79,16.71,0.03,150.0,285.1,25293.65,EXPIRY,True,"['short_ce:24950.0CE@90.0->0.0', 'short_pe:24750.0PE@251.05->0.0']",2025,2025-05
OTM_STRANGLE_2025-05-30_2025-06-05,OTM_STRANGLE,NIFTY,2025-05-30,2025-06-05,24750.7,24750.9,24750.0,75,130000.0,331.0,827.5,24825.0,80.0,24.82,12.41,16.64,0.02,150.0,283.9,24541.1,EXPIRY,True,"['short_ce:24850.0CE@217.0->0.0', 'short_pe:24650.0PE@114.0->0.0']",2025,2025-05
OTM_STRANGLE_2025-06-06_2025-06-12,OTM_STRANGLE,NIFTY,2025-06-06,2025-06-12,25003.05,24888.2,25000.0,75,130000.0,312.9,782.25,22582.5,80.0,23.47,12.18,16.6,0.05,150.0,282.29,22300.21,EXPIRY,True,"['short_ce:25100.0CE@64.9->0.0', 'short_pe:24900.0PE@248.0->11.799999999999272']",2025,2025-06
OTM_STRANGLE_2025-06-13_2025-06-19,OTM_STRANGLE,NIFTY,2025-06-13,2025-06-19,24718.6,24793.25,24700.0,75,130000.0,285.95,714.88,21446.25,80.0,21.45,10.72,16.33,0.02,150.0,278.52,21167.73,EXPIRY,True,"['short_ce:24800.0CE@84.95->0.0', 'short_pe:24600.0PE@201.0->0.0']",2025,2025-06
OTM_STRANGLE_2025-06-20_2025-06-26,OTM_STRANGLE,NIFTY,2025-06-20,2025-06-26,25112.4,25549.0,25100.0,75,130000.0,360.3,900.75,847.5,80.0,27.02,26.6,19.2,0.84,150.0,303.66,543.84,EXPIRY,True,"['short_ce:25200.0CE@45.45->349.0', 'short_pe:25000.0PE@314.85->0.0']",2025,2025-06
OTM_STRANGLE_2025-06-27_2025-07-03,OTM_STRANGLE,NIFTY,2025-06-27,2025-07-03,25637.8,25405.3,25650.0,75,130000.0,240.05,600.12,7151.25,80.0,18.0,14.43,17.0,0.35,150.0,279.79,6871.46,EXPIRY,True,"['short_ce:25750.0CE@85.05->0.0', 'short_pe:25550.0PE@155.0->144.70000000000073']",2025,2025-06
OTM_STRANGLE_2025-07-04_2025-07-10,OTM_STRANGLE,NIFTY,2025-07-04,2025-07-10,25461.0,25355.25,25450.0,75,130000.0,215.65,539.12,16173.75,80.0,16.17,8.09,15.86,0.02,150.0,270.14,15903.61,EXPIRY,True,"['short_ce:25550.0CE@99.0->0.0', 'short_pe:25350.0PE@116.65->0.0']",2025,2025-07
OTM_STRANGLE_2025-07-11_2025-07-17,OTM_STRANGLE,NIFTY,2025-07-11,2025-07-17,25149.85,25111.45,25150.0,75,130000.0,229.1,572.75,17182.5,80.0,17.18,8.59,15.95,0.02,150.0,271.74,16910.76,EXPIRY,True,"['short_ce:25250.0CE@174.15->0.0', 'short_pe:25050.0PE@54.95->0.0']",2025,2025-07
OTM_STRANGLE_2025-07-18_2025-07-24,OTM_STRANGLE,NIFTY,2025-07-18,2025-07-24,24968.4,25062.1,24950.0,75,130000.0,233.95,584.88,16638.75,80.0,17.55,9.23,16.06,0.05,150.0,272.88,16365.87,EXPIRY,True,"['short_ce:25050.0CE@191.95->12.099999999998545', 'short_pe:24850.0PE@42.0->0.0']",2025,2025-07
OTM_STRANGLE_2025-07-25_2025-07-31,OTM_STRANGLE,NIFTY,2025-07-25,2025-07-31,24837.0,24768.35,24850.0,75,130000.0,214.15,535.38,16061.25,80.0,16.06,8.03,15.85,0.02,150.0,269.96,15791.29,EXPIRY,True,"['short_ce:24950.0CE@178.15->0.0', 'short_pe:24750.0PE@36.0->0.0']",2025,2025-07
OTM_STRANGLE_2025-08-01_2025-08-07,OTM_STRANGLE,NIFTY,2025-08-01,2025-08-07,24565.35,24596.15,24550.0,75,130000.0,254.9,637.25,19117.5,80.0,19.12,9.56,16.12,0.02,150.0,274.82,18842.68,EXPIRY,True,"['short_ce:24650.0CE@200.0->0.0', 'short_pe:24450.0PE@54.9->0.0']",2025,2025-08
OTM_STRANGLE_2025-08-08_2025-08-14,OTM_STRANGLE,NIFTY,2025-08-08,2025-08-14,24363.3,24631.3,24350.0,75,130000.0,281.8,704.5,7537.5,80.0,21.14,17.37,17.53,0.44,150.0,286.48,7251.02,EXPIRY,True,"['short_ce:24450.0CE@251.8->181.29999999999927', 'short_pe:24250.0PE@30.0->0.0']",2025,2025-08
OTM_STRANGLE_2025-08-18_2025-08-21,OTM_STRANGLE,NIFTY,2025-08-18,2025-08-21,24876.95,25083.75,24900.0,75,130000.0,165.2,413.0,6108.75,80.0,12.39,9.34,16.08,0.21,150.0,268.02,5840.73,EXPIRY,True,"['short_ce:25000.0CE@80.2->83.75', 'short_pe:24800.0PE@85.0->0.0']",2025,2025-08
OTM_STRANGLE_2025-08-22_2025-08-28,OTM_STRANGLE,NIFTY,2025-08-22,2025-08-28,24870.1,24500.9,24850.0,75,130000.0,213.75,534.38,-2651.25,80.0,16.03,17.36,17.53,0.6,150.0,281.51,-2932.76,EXPIRY,False,"['short_ce:24950.0CE@190.05->0.0', 'short_pe:24750.0PE@23.7->249.09999999999854']",2025,2025-08
OTM_STRANGLE_2025-08-29_2025-09-02,OTM_STRANGLE,NIFTY,2025-08-29,2025-09-02,24426.85,24579.6,24450.0,75,130000.0,181.0,452.5,11355.0,80.0,13.57,7.9,15.82,0.08,150.0,267.38,11087.62,EXPIRY,True,"['short_ce:24550.0CE@107.0->29.599999999998545', 'short_pe:24350.0PE@74.0->0.0']",2025,2025-08
OTM_STRANGLE_2025-09-03_2025-09-09,OTM_STRANGLE,NIFTY,2025-09-03,2025-09-09,24715.05,24868.6,24700.0,75,130000.0,200.0,500.0,9855.0,80.0,15.0,10.07,16.22,0.17,150.0,271.46,9583.54,EXPIRY,True,"['short_ce:24800.0CE@60.0->68.59999999999854', 'short_pe:24600.0PE@140.0->0.0']",2025,2025-09
OTM_STRANGLE_2025-09-10_2025-09-16,OTM_STRANGLE,NIFTY,2025-09-10,2025-09-16,24973.1,25239.1,24950.0,75,130000.0,170.15,425.38,-1421.25,80.0,12.76,13.47,16.83,0.45,150.0,273.52,-1694.77,EXPIRY,False,"['short_ce:25050.0CE@100.2->189.09999999999854', 'short_pe:24850.0PE@69.95->0.0']",2025,2025-09
OTM_STRANGLE_2025-09-17_2025-09-23,OTM_STRANGLE,NIFTY,2025-09-17,2025-09-23,25330.25,25169.5,25350.0,75,130000.0,169.1,422.75,6645.0,80.0,12.68,9.36,16.09,0.2,150.0,268.33,6376.67,EXPIRY,True,"['short_ce:25450.0CE@70.1->0.0', 'short_pe:25250.0PE@99.0->80.5']",2025,2025-09
OTM_STRANGLE_2025-09-26_2025-09-30,OTM_STRANGLE,NIFTY,2025-09-26,2025-09-30,24654.7,24611.1,24650.0,75,130000.0,217.2,543.0,16290.0,80.0,16.29,8.14,15.87,0.02,150.0,270.32,16019.68,EXPIRY,True,"['short_ce:24750.0CE@204.2->0.0', 'short_pe:24550.0PE@13.0->0.0']",2025,2025-09
OTM_STRANGLE_2025-10-01_2025-10-07,OTM_STRANGLE,NIFTY,2025-10-01,2025-10-07,24836.3,25108.3,24850.0,75,130000.0,199.35,498.38,3078.75,80.0,14.95,13.41,16.82,0.38,150.0,275.57,2803.18,EXPIRY,True,"['short_ce:24950.0CE@33.65->158.29999999999927', 'short_pe:24750.0PE@165.7->0.0']",2025,2025-10
OTM_STRANGLE_2025-10-08_2025-10-14,OTM_STRANGLE,NIFTY,2025-10-08,2025-10-14,25046.15,25145.5,25050.0,75,130000.0,164.7,411.75,12352.5,80.0,12.35,6.18,15.51,0.01,150.0,264.06,12088.44,EXPIRY,True,"['short_ce:25150.0CE@114.05->0.0', 'short_pe:24950.0PE@50.65->0.0']",2025,2025-10
OTM_STRANGLE_2025-10-15_2025-10-20,OTM_STRANGLE,NIFTY,2025-10-15,2025-10-20,25323.55,25843.15,25300.0,75,130000.0,192.05,480.12,-18832.5,80.0,14.4,23.82,18.7,1.04,150.0,287.96,-19120.46,EXPIRY,False,"['short_ce:25400.0CE@52.05->443.15000000000146', 'short_pe:25200.0PE@140.0->0.0']",2025,2025-10
OTM_STRANGLE_2025-10-21_2025-10-28,OTM_STRANGLE,NIFTY,2025-10-21,2025-10-28,25868.6,25936.2,25850.0,75,130000.0,203.45,508.62,15258.75,80.0,15.26,7.63,15.78,0.02,150.0,268.68,14990.07,EXPIRY,True,"['short_ce:25950.0CE@137.4->0.0', 'short_pe:25750.0PE@66.05->0.0']",2025,2025-10
OTM_STRANGLE_2025-10-29_2025-11-04,OTM_STRANGLE,NIFTY,2025-10-29,2025-11-04,26053.9,25597.65,26050.0,75,130000.0,228.5,571.25,-9288.75,80.0,17.14,21.78,18.33,0.84,150.0,288.08,-9576.83,EXPIRY,False,"['short_ce:26150.0CE@99.5->0.0', 'short_pe:25950.0PE@129.0->352.34999999999854']",2025,2025-10
OTM_STRANGLE_2025-11-06_2025-11-11,OTM_STRANGLE,NIFTY,2025-11-06,2025-11-11,25509.7,25694.95,25500.0,75,130000.0,170.3,425.75,5651.25,80.0,12.77,9.95,16.19,0.23,150.0,269.15,5382.1,EXPIRY,True,"['short_ce:25600.0CE@111.3->94.95000000000073', 'short_pe:25400.0PE@59.0->0.0']",2025,2025-11
OTM_STRANGLE_2025-11-12_2025-11-18,OTM_STRANGLE,NIFTY,2025-11-12,2025-11-18,25875.8,25910.05,25900.0,75,130000.0,212.05,530.12,15903.75,80.0,15.9,7.95,15.83,0.02,150.0,269.71,15634.04,EXPIRY,True,"['short_ce:26000.0CE@92.0->0.0', 'short_pe:25800.0PE@120.05->0.0']",2025,2025-11
OTM_STRANGLE_2025-11-19_2025-11-25,OTM_STRANGLE,NIFTY,2025-11-19,2025-11-25,26052.65,25884.8,26050.0,75,130000.0,238.05,595.12,12963.75,80.0,17.85,11.37,16.45,0.17,150.0,275.85,12687.9,EXPIRY,True,"['short_ce:26150.0CE@75.0->0.0', 'short_pe:25950.0PE@163.05->65.20000000000073']",2025,2025-11
OTM_STRANGLE_2025-11-26_2025-12-02,OTM_STRANGLE,NIFTY,2025-11-26,2025-12-02,26205.3,26032.2,26200.0,75,130000.0,275.15,687.88,15551.25,80.0,20.64,12.86,16.72,0.18,150.0,280.39,15270.86,EXPIRY,True,"['short_ce:26300.0CE@31.15->0.0', 'short_pe:26100.0PE@244.0->67.79999999999927']",2025,2025-11
OTM_STRANGLE_2025-12-03_2025-12-09,OTM_STRANGLE,NIFTY,2025-12-03,2025-12-09,25986.0,25839.65,26000.0,75,130000.0,199.25,498.12,10417.5,80.0,14.94,9.73,16.16,0.16,150.0,270.99,10146.51,EXPIRY,True,"['short_ce:26100.0CE@136.1->0.0', 'short_pe:25900.0PE@63.15->60.349999999998545']",2025,2025-12
OTM_STRANGLE_2025-12-10_2025-12-16,OTM_STRANGLE,NIFTY,2025-12-10,2025-12-16,25758.0,25860.1,25750.0,75,130000.0,199.05,497.62,14171.25,80.0,14.93,7.84,15.81,0.04,150.0,268.62,13902.63,EXPIRY,True,"['short_ce:25850.0CE@149.8->10.099999999998545', 'short_pe:25650.0PE@49.25->0.0']",2025,2025-12
OTM_STRANGLE_2025-12-17_2025-12-23,OTM_STRANGLE,NIFTY,2025-12-17,2025-12-23,25818.55,26177.15,25800.0,75,130000.0,174.6,436.5,-7691.25,80.0,13.09,16.94,17.46,0.66,150.0,278.15,-7969.4,EXPIRY,False,"['short_ce:25900.0CE@133.0->277.15000000000146', 'short_pe:25700.0PE@41.6->0.0']",2025,2025-12
OTM_STRANGLE_2025-12-26_2025-12-30,OTM_STRANGLE,NIFTY,2025-12-26,2025-12-30,26042.3,25938.85,26050.0,75,130000.0,110.5,276.25,7451.25,80.0,8.29,4.56,15.22,0.03,150.0,258.11,7193.14,EXPIRY,True,"['short_ce:26150.0CE@90.0->0.0', 'short_pe:25950.0PE@20.5->11.150000000001455']",2025,2025-12
OTM_STRANGLE_2025-12-31_2026-01-06,OTM_STRANGLE,NIFTY,2025-12-31,2026-01-06,26129.6,26178.7,26150.0,65,130000.0,150.6,376.5,9789.0,80.0,9.79,4.89,15.28,0.01,130.0,239.98,9549.02,EXPIRY,True,"['short_ce:26250.0CE@29.9->0.0', 'short_pe:26050.0PE@120.7->0.0']",2025,2025-12
OTM_STRANGLE_2026-01-07_2026-01-13,OTM_STRANGLE,NIFTY,2026-01-07,2026-01-13,26140.75,25732.3,26150.0,65,130000.0,148.95,372.38,-10968.75,80.0,9.68,15.17,17.14,0.65,130.0,252.63,-11221.38,EXPIRY,False,"['short_ce:26250.0CE@77.0->0.0', 'short_pe:26050.0PE@71.95->317.7000000000007']",2026,2026-01
OTM_STRANGLE_2026-01-14_2026-01-20,OTM_STRANGLE,NIFTY,2026-01-14,2026-01-20,25665.6,25232.5,25650.0,65,130000.0,189.95,474.88,-8290.75,80.0,12.35,16.49,17.37,0.65,130.0,256.87,-8547.62,EXPIRY,False,"['short_ce:25750.0CE@115.0->0.0', 'short_pe:25550.0PE@74.95->317.5']",2026,2026-01
OTM_STRANGLE_2026-01-21_2026-01-27,OTM_STRANGLE,NIFTY,2026-01-21,2026-01-27,25157.5,25175.4,25150.0,65,130000.0,251.85,629.62,16370.25,80.0,16.37,8.19,15.88,0.02,130.0,250.45,16119.8,EXPIRY,True,"['short_ce:25250.0CE@164.0->0.0', 'short_pe:25050.0PE@87.85->0.0']",2026,2026-01
OTM_STRANGLE_2026-01-28_2026-02-03,OTM_STRANGLE,NIFTY,2026-01-28,2026-02-03,25342.75,25727.55,25350.0,65,130000.0,381.7,954.25,6769.75,80.0,24.81,21.43,18.26,0.58,130.0,275.08,6494.67,EXPIRY,True,"['short_ce:25450.0CE@170.7->277.5499999999993', 'short_pe:25250.0PE@211.0->0.0']",2026,2026-01
OTM_STRANGLE_2026-02-04_2026-02-10,OTM_STRANGLE,NIFTY,2026-02-04,2026-02-10,25776.0,25935.15,25800.0,65,130000.0,287.65,719.12,16412.5,80.0,18.7,10.49,16.29,0.09,130.0,255.57,16156.93,EXPIRY,True,"['short_ce:25900.0CE@107.65->35.150000000001455', 'short_pe:25700.0PE@180.0->0.0']",2026,2026-02
OTM_STRANGLE_2026-02-11_2026-02-17,OTM_STRANGLE,NIFTY,2026-02-11,2026-02-17,25953.85,25725.4,25950.0,65,130000.0,182.55,456.38,3766.75,80.0,11.87,9.98,16.2,0.26,130.0,248.31,3518.44,EXPIRY,True,"['short_ce:26050.0CE@102.55->0.0', 'short_pe:25850.0PE@80.0->124.59999999999854']",2026,2026-02
OTM_STRANGLE_2026-02-18_2026-02-24,OTM_STRANGLE,NIFTY,2026-02-18,2026-02-24,25819.35,25424.65,25800.0,65,130000.0,225.25,563.12,-3256.5,80.0,14.64,16.27,17.33,0.57,130.0,258.81,-3515.31,EXPIRY,False,"['short_ce:25900.0CE@91.25->0.0', 'short_pe:25700.0PE@134.0->275.34999999999854']",2026,2026-02
OTM_STRANGLE_2026-02-25_2026-03-02,OTM_STRANGLE,NIFTY,2026-02-25,2026-03-02,25482.5,24865.7,25500.0,65,130000.0,258.0,645.0,-17959.5,80.0,16.77,25.75,19.04,1.09,130.0,272.66,-18232.16,EXPIRY,False,"['short_ce:25600.0CE@140.0->0.0', 'short_pe:25400.0PE@118.0->534.2999999999993']",2026,2026-02
OTM_STRANGLE_2026-03-04_2026-03-10,OTM_STRANGLE,NIFTY,2026-03-04,2026-03-10,24480.5,24261.6,24500.0,65,130000.0,453.9,1134.75,20507.5,80.0,29.5,19.25,17.87,0.31,130.0,276.93,20230.57,EXPIRY,True,"['short_ce:24600.0CE@253.9->0.0', 'short_pe:24400.0PE@200.0->138.40000000000146']",2026,2026-03
OTM_STRANGLE_2026-03-11_2026-03-17,OTM_STRANGLE,NIFTY,2026-03-11,2026-03-17,23866.85,23581.15,23850.0,65,130000.0,566.8,1417.0,25866.75,80.0,36.84,23.91,18.71,0.38,130.0,289.84,25576.91,EXPIRY,True,"['short_ce:23950.0CE@468.5->0.0', 'short_pe:23750.0PE@98.3->168.84999999999854']",2026,2026-03
OTM_STRANGLE_2026-03-18_2026-03-24,OTM_STRANGLE,NIFTY,2026-03-18,2026-03-24,23777.8,22912.4,23800.0,65,130000.0,382.35,955.88,-26341.25,80.0,24.85,38.02,21.26,1.61,130.0,295.75,-26637.0,EXPIRY,False,"['short_ce:23900.0CE@122.4->0.0', 'short_pe:23700.0PE@259.95->787.5999999999985']",2026,2026-03
OTM_STRANGLE_2026-03-27_2026-03-30,OTM_STRANGLE,NIFTY,2026-03-27,2026-03-30,22819.6,22331.4,22800.0,65,130000.0,527.6,1319.0,10335.0,80.0,34.29,29.13,19.65,0.78,130.0,293.85,10041.15,EXPIRY,True,"['short_ce:22900.0CE@425.0->0.0', 'short_pe:22700.0PE@102.6->368.59999999999854']",2026,2026-03
OTM_STRANGLE_2026-04-01_2026-04-07,OTM_STRANGLE,NIFTY,2026-04-01,2026-04-07,22679.4,23123.65,22700.0,65,130000.0,597.25,1493.12,17784.0,80.0,38.82,29.93,19.8,0.69,130.0,299.24,17484.76,EXPIRY,True,"['short_ce:22800.0CE@349.45->323.65000000000146', 'short_pe:22600.0PE@247.8->0.0']",2026,2026-04
OTM_STRANGLE_2026-04-08_2026-04-13,OTM_STRANGLE,NIFTY,2026-04-08,2026-04-13,23997.35,23842.65,24000.0,65,130000.0,415.9,1039.75,23305.75,80.0,27.03,15.38,17.17,0.14,130.0,269.73,23036.02,EXPIRY,True,"['short_ce:24100.0CE@115.85->0.0', 'short_pe:23900.0PE@300.05->57.349999999998545']",2026,2026-04
OTM_STRANGLE_2026-04-15_2026-04-21,OTM_STRANGLE,NIFTY,2026-04-15,2026-04-21,24231.3,24576.6,24250.0,65,130000.0,411.0,1027.5,11986.0,80.0,26.72,20.72,18.14,0.48,130.0,276.06,11709.94,EXPIRY,True,"['short_ce:24350.0CE@160.0->226.59999999999854', 'short_pe:24150.0PE@251.0->0.0']",2026,2026-04
OTM_STRANGLE_2026-04-22_2026-04-28,OTM_STRANGLE,NIFTY,2026-04-22,2026-04-28,24378.1,23995.7,24400.0,65,130000.0,421.9,1054.75,7644.0,80.0,27.42,23.6,18.66,0.64,130.0,280.32,7363.68,EXPIRY,True,"['short_ce:24500.0CE@261.9->0.0', 'short_pe:24300.0PE@160.0->304.2999999999993']",2026,2026-04
OTM_STRANGLE_2026-04-29_2026-05-05,OTM_STRANGLE,NIFTY,2026-04-29,2026-05-05,24177.65,24032.8,24200.0,65,130000.0,348.8,872.0,18304.0,80.0,22.67,13.52,16.84,0.16,130.0,263.19,18040.81,EXPIRY,True,"['short_ce:24300.0CE@107.8->0.0', 'short_pe:24100.0PE@241.0->67.20000000000073']",2026,2026-04
OTM_STRANGLE_2026-05-06_2026-05-12,OTM_STRANGLE,NIFTY,2026-05-06,2026-05-12,24330.95,23379.55,24350.0,65,130000.0,298.65,746.62,-37167.0,80.0,19.41,38.0,21.25,1.77,130.0,290.43,-37457.43,EXPIRY,False,"['short_ce:24450.0CE@72.25->0.0', 'short_pe:24250.0PE@226.4->870.4500000000007']",2026,2026-05
OTM_STRANGLE_2026-05-13_2026-05-19,OTM_STRANGLE,NIFTY,2026-05-13,2026-05-19,23412.6,23618.0,23400.0,65,130000.0,363.1,907.75,15931.5,80.0,23.6,15.64,17.22,0.26,130.0,266.72,15664.78,EXPIRY,True,"['short_ce:23500.0CE@219.9->118.0', 'short_pe:23300.0PE@143.2->0.0']",2026,2026-05
OTM_STRANGLE_2026-05-20_2026-05-26,OTM_STRANGLE,NIFTY,2026-05-20,2026-05-26,23659.0,23913.7,23650.0,65,130000.0,355.0,887.5,12434.5,80.0,23.07,16.86,17.44,0.35,130.0,267.73,12166.77,EXPIRY,True,"['short_ce:23750.0CE@92.0->163.70000000000073', 'short_pe:23550.0PE@263.0->0.0']",2026,2026-05
OTM_STRANGLE_2026-05-27_2026-06-02,OTM_STRANGLE,NIFTY,2026-05-27,2026-06-02,23907.15,23483.55,23900.0,65,130000.0,269.95,674.88,-3022.5,80.0,17.55,19.06,17.84,0.66,130.0,265.1,-3287.6,EXPIRY,False,"['short_ce:24000.0CE@149.95->0.0', 'short_pe:23800.0PE@120.0->316.4500000000007']",2026,2026-05
OTM_STRANGLE_2026-06-03_2026-06-09,OTM_STRANGLE,NIFTY,2026-06-03,2026-06-09,23405.6,23242.1,23400.0,65,130000.0,257.0,642.5,12941.5,80.0,16.7,10.23,16.25,0.13,130.0,253.32,12688.18,EXPIRY,True,"['short_ce:23500.0CE@190.0->0.0', 'short_pe:23300.0PE@67.0->57.900000000001455']",2026,2026-06
OTM_STRANGLE_2026-06-10_2026-06-16,OTM_STRANGLE,NIFTY,2026-06-10,2026-06-16,23214.95,23989.15,23200.0,65,130000.0,269.05,672.62,-27306.5,80.0,17.49,31.14,20.02,1.41,130.0,280.05,-27586.55,EXPIRY,False,"['short_ce:23300.0CE@172.0->689.1500000000015', 'short_pe:23100.0PE@97.05->0.0']",2026,2026-06
OTM_STRANGLE_2026-06-17_2026-06-23,OTM_STRANGLE,NIFTY,2026-06-17,2026-06-23,24085.7,23824.1,24100.0,65,130000.0,247.0,617.5,4621.5,80.0,16.05,13.74,16.88,0.37,130.0,257.05,4364.45,EXPIRY,True,"['short_ce:24200.0CE@85.0->0.0', 'short_pe:24000.0PE@162.0->175.90000000000146']",2026,2026-06
OTM_STRANGLE_2026-06-29_2026-06-30,OTM_STRANGLE,NIFTY,2026-06-29,2026-06-30,23946.25,23865.75,23950.0,65,130000.0,154.0,385.0,10010.0,80.0,10.01,5.0,15.3,0.01,130.0,240.33,9769.67,EXPIRY,True,"['short_ce:24050.0CE@123.0->0.0', 'short_pe:23850.0PE@31.0->0.0']",2026,2026-06
OTM_STRANGLE_2026-07-01_2026-07-07,OTM_STRANGLE,NIFTY,2026-07-01,2026-07-07,24005.85,24398.7,24000.0,65,130000.0,227.9,569.75,-4602.0,80.0,14.81,17.11,17.49,0.62,130.0,260.03,-4862.03,EXPIRY,False,"['short_ce:24100.0CE@99.0->298.7000000000007', 'short_pe:23900.0PE@128.9->0.0']",2026,2026-07
OTM_STRANGLE_2026-07-08_2026-07-14,OTM_STRANGLE,NIFTY,2026-07-08,2026-07-14,23882.05,24052.05,23900.0,65,130000.0,333.5,833.75,18294.25,80.0,21.68,12.53,16.66,0.13,130.0,260.99,18033.26,EXPIRY,True,"['short_ce:24000.0CE@315.95->52.04999999999927', 'short_pe:23800.0PE@17.55->0.0']",2026,2026-07
OTM_STRANGLE_2026-07-15_2026-07-21,OTM_STRANGLE,NIFTY,2026-07-15,2026-07-21,24078.5,24187.7,24100.0,65,130000.0,263.0,657.5,17095.0,80.0,17.09,8.55,15.94,0.02,130.0,251.6,16843.4,EXPIRY,True,"['short_ce:24200.0CE@100.0->0.0', 'short_pe:24000.0PE@163.0->0.0']",2026,2026-07
OTM_STRANGLE_2026-07-22_2026-07-28,OTM_STRANGLE,NIFTY,2026-07-22,2026-07-28,23996.25,23985.35,24000.0,65,130000.0,250.75,626.88,16298.75,80.0,16.3,8.15,15.87,0.02,130.0,250.33,16048.42,EXPIRY,True,"['short_ce:24100.0CE@176.0->0.0', 'short_pe:23900.0PE@74.75->0.0']",2026,2026-07
OTM_STRANGLE_2026-07-29_2026-08-04,OTM_STRANGLE,NIFTY,2026-07-29,2026-08-04,24250.2,24614.9,24250.0,65,130000.0,203.95,509.88,-3961.75,80.0,13.26,15.24,17.15,0.55,130.0,256.19,-4217.94,EXPIRY,False,"['short_ce:24350.0CE@73.95->264.90000000000146', 'short_pe:24150.0PE@130.0->0.0']",2026,2026-07
OTM_STRANGLE_2026-08-05_2026-08-11,OTM_STRANGLE,NIFTY,2026-08-05,2026-08-11,24624.65,24471.7,24600.0,65,130000.0,190.45,476.12,10539.75,80.0,12.38,7.11,15.68,0.07,130.0,245.24,10294.51,EXPIRY,True,"['short_ce:24700.0CE@101.5->0.0', 'short_pe:24500.0PE@88.95->28.299999999999272']",2026,2026-08
OTM_STRANGLE_2026-08-12_2026-08-18,OTM_STRANGLE,NIFTY,2026-08-12,2026-08-18,24435.95,24154.9,24450.0,65,130000.0,189.0,472.5,-396.5,80.0,12.29,12.48,16.65,0.41,130.0,251.83,-648.33,EXPIRY,False,"['short_ce:24550.0CE@115.0->0.0', 'short_pe:24350.0PE@74.0->195.09999999999854']",2026,2026-08
OTM_STRANGLE_2026-08-19_2026-08-25,OTM_STRANGLE,NIFTY,2026-08-19,2026-08-25,24078.3,24334.55,24100.0,65,130000.0,193.6,484.0,3838.25,80.0,12.58,10.66,16.32,0.28,130.0,249.86,3588.39,EXPIRY,True,"['short_ce:24200.0CE@131.6->134.54999999999927', 'short_pe:24000.0PE@62.0->0.0']",2026,2026-08
OTM_STRANGLE_2026-08-26_2026-09-01,OTM_STRANGLE,NIFTY,2026-08-26,2026-09-01,24207.75,24055.8,24200.0,65,130000.0,217.0,542.5,11232.0,80.0,14.11,8.49,15.93,0.1,130.0,248.63,10983.37,EXPIRY,True,"['short_ce:24300.0CE@195.0->0.0', 'short_pe:24100.0PE@22.0->44.20000000000073']",2026,2026-08
OTM_STRANGLE_2026-09-02_2026-09-08,OTM_STRANGLE,NIFTY,2026-09-02,2026-09-08,23914.45,23635.1,23900.0,65,130000.0,149.1,372.75,-1027.0,80.0,9.69,10.21,16.24,0.34,130.0,246.48,-1273.48,EXPIRY,False,"['short_ce:24000.0CE@70.2->0.0', 'short_pe:23800.0PE@78.9->164.90000000000146']",2026,2026-09
OTM_STRANGLE_2026-09-09_2026-09-15,OTM_STRANGLE,NIFTY,2026-09-09,2026-09-15,23431.5,23118.6,23450.0,65,130000.0,214.9,537.25,-1072.5,80.0,13.97,14.5,17.02,0.48,130.0,255.97,-1328.47,EXPIRY,False,"['short_ce:23550.0CE@172.85->0.0', 'short_pe:23350.0PE@42.05->231.40000000000146']",2026,2026-09
IRON_FLY_2020-01-31_2020-02-06,IRON_FLY,NIFTY,2020-01-31,2020-02-06,10600.0,12137.95,10600.0,75,20000.0,147.45,2.55,-191.25,160.0,201.53,218.45,68.2,6.99,300.0,955.18,-1146.43,EXPIRY,False,"['long_pe:10450.0PE@0.85->0.0', 'short_pe:10600.0PE@1.1->0.0', 'short_ce:10600.0CE@1522.35->1537.9500000000007', 'long_ce:10750.0CE@1375.15->1387.9500000000007']",2020,2020-01
IRON_FLY_2020-02-24_2020-02-27,IRON_FLY,NIFTY,2020-02-24,2020-02-27,10450.0,11633.3,10450.0,75,20000.0,277.25,0.0,9543.75,160.0,172.16,193.19,63.64,6.04,300.0,895.03,8648.72,EXPIRY,True,"['long_pe:10300.0PE@0.9->0.0', 'short_pe:10450.0PE@1.55->0.0', 'short_ce:10450.0CE@1604.6->1183.2999999999993', 'long_ce:10600.0CE@1328.0->1033.2999999999993']",2020,2020-02
IRON_FLY_2020-02-28_2020-03-05,IRON_FLY,NIFTY,2020-02-28,2020-03-05,10350.0,11269.0,10350.0,75,20000.0,550.9,0.0,30067.5,160.0,136.04,144.95,54.94,4.19,300.0,800.11,29267.39,EXPIRY,True,"['long_pe:10200.0PE@3.05->0.0', 'short_pe:10350.0PE@0.1->0.0', 'short_ce:10350.0CE@1364.0->919.0', 'long_ce:10500.0CE@810.15->769.0']",2020,2020-02
IRON_FLY_2020-03-13_2020-03-19,IRON_FLY,NIFTY,2020-03-13,2020-03-19,12950.0,8263.45,12950.0,75,20000.0,139.95,10.05,-753.75,160.0,457.83,392.66,99.62,12.58,300.0,1422.69,-2176.44,EXPIRY,False,"['long_pe:12800.0PE@473.45->4536.549999999999', 'short_pe:12950.0PE@580.4->4686.549999999999', 'short_ce:12950.0CE@113.55->0.0', 'long_ce:13100.0CE@80.55->0.0']",2020,2020-03
IRON_FLY_2020-03-20_2020-03-26,IRON_FLY,NIFTY,2020-03-20,2020-03-26,13550.0,8641.45,13550.0,75,285724.6875,-3162.75,3312.75,-248456.25,160.0,504.97,575.29,132.56,22.14,300.0,1694.95,-250151.2,EXPIRY,False,"['long_pe:13400.0PE@4416.85->4758.549999999999', 'short_pe:13550.0PE@1243.4->4908.549999999999', 'short_ce:13550.0CE@12.15->0.0', 'long_ce:13700.0CE@1.45->0.0']",2020,2020-03
IRON_FLY_2020-04-03_2020-04-09,IRON_FLY,NIFTY,2020-04-03,2020-04-09,6250.0,9111.9,6250.0,75,20000.0,170.5,0.0,1537.5,160.0,322.77,312.28,85.12,9.97,300.0,1190.14,347.36,EXPIRY,True,"['long_pe:6100.0PE@3.5->0.0', 'short_pe:6250.0PE@41.85->0.0', 'short_ce:6250.0CE@1420.2->2861.8999999999996', 'long_ce:6400.0CE@1288.05->2711.8999999999996']",2020,2020-04
IRON_FLY_2020-04-13_2020-04-16,IRON_FLY,NIFTY,2020-04-13,2020-04-16,6250.0,8992.8,6250.0,75,20000.0,199.6,0.0,3720.0,160.0,315.2,307.99,84.35,9.8,300.0,1177.34,2542.66,EXPIRY,True,"['long_pe:6100.0PE@1.95->0.0', 'short_pe:6250.0PE@76.4->0.0', 'short_ce:6250.0CE@1462.2->2742.7999999999993', 'long_ce:6400.0CE@1337.05->2592.7999999999993']",2020,2020-04
IRON_FLY_2020-04-24_2020-04-30,IRON_FLY,NIFTY,2020-04-24,2020-04-30,6450.0,9859.9,6450.0,75,95439.93749999997,-956.55,1106.55,-82991.25,160.0,380.06,405.1,101.86,14.21,300.0,1361.23,-84352.48,EXPIRY,False,"['long_pe:6300.0PE@0.75->0.0', 'short_pe:6450.0PE@193.5->0.0', 'short_ce:6450.0CE@1394.65->3409.8999999999996', 'long_ce:6600.0CE@2543.95->3259.8999999999996']",2020,2020-04
IRON_FLY_2020-05-08_2020-05-14,IRON_FLY,NIFTY,2020-05-08,2020-05-14,6250.0,9142.75,6250.0,75,20000.0,323.5,0.0,13012.5,160.0,343.62,337.58,89.69,10.61,300.0,1241.5,11771.0,EXPIRY,True,"['long_pe:6100.0PE@0.5->0.0', 'short_pe:6250.0PE@215.35->0.0', 'short_ce:6250.0CE@1629.75->2892.75', 'long_ce:6400.0CE@1521.1->2742.75']",2020,2020-05
IRON_FLY_2020-05-15_2020-05-21,IRON_FLY,NIFTY,2020-05-15,2020-05-21,6250.0,9106.25,6250.0,75,20000.0,353.25,0.0,15243.75,160.0,343.57,339.13,89.96,10.62,300.0,1243.29,14000.46,EXPIRY,True,"['long_pe:6100.0PE@0.75->0.0', 'short_pe:6250.0PE@247.7->0.0', 'short_ce:6250.0CE@1669.35->2856.25', 'long_ce:6400.0CE@1563.05->2706.25']",2020,2020-05
IRON_FLY_2020-05-22_2020-05-28,IRON_FLY,NIFTY,2020-05-22,2020-05-28,6250.0,9490.1,6250.0,75,73075.3125,-697.25,847.25,-63543.75,160.0,382.8,412.49,103.2,14.15,300.0,1372.64,-64916.39,EXPIRY,False,"['long_pe:6100.0PE@1.0->0.0', 'short_pe:6250.0PE@278.65->0.0', 'short_ce:6250.0CE@1707.55->3240.1000000000004', 'long_ce:6400.0CE@2682.45->3090.1000000000004']",2020,2020-05
IRON_FLY_2020-05-29_2020-06-04,IRON_FLY,NIFTY,2020-05-29,2020-06-04,6750.0,10029.1,6750.0,75,20000.0,566.7,0.0,31252.5,160.0,411.29,407.76,102.34,12.58,300.0,1393.98,29858.52,EXPIRY,True,"['long_pe:6600.0PE@0.5->0.0', 'short_pe:6750.0PE@471.75->0.0', 'short_ce:6750.0CE@2044.3->3279.1000000000004', 'long_ce:6900.0CE@1948.85->3129.1000000000004']",2020,2020-05
IRON_FLY_2020-06-05_2020-06-11,IRON_FLY,NIFTY,2020-06-05,2020-06-11,7600.0,9902.0,7600.0,75,20000.0,94.8,55.2,-4140.0,160.0,302.25,324.26,87.28,10.44,300.0,1184.23,-5324.23,EXPIRY,False,"['long_pe:7450.0PE@0.65->0.0', 'short_pe:7600.0PE@2.0->0.0', 'short_ce:7600.0CE@2141.9->2302.0', 'long_ce:7750.0CE@2048.45->2152.0']",2020,2020-06
IRON_FLY_2020-06-12_2020-06-18,IRON_FLY,NIFTY,2020-06-12,2020-06-18,7600.0,10091.65,7600.0,75,20000.0,639.55,0.0,36716.25,160.0,339.47,349.17,91.78,10.62,300.0,1251.04,35465.21,EXPIRY,True,"['long_pe:7450.0PE@0.75->0.0', 'short_pe:7600.0PE@547.4->0.0', 'short_ce:7600.0CE@2011.35->2491.6499999999996', 'long_ce:7750.0CE@1918.45->2341.6499999999996']",2020,2020-06
IRON_FLY_2020-06-26_2020-07-02,IRON_FLY,NIFTY,2020-06-26,2020-07-02,7600.0,10551.7,7600.0,75,38786.625,-299.7,449.7,-33727.5,160.0,339.61,350.12,91.95,11.71,300.0,1253.39,-34980.89,EXPIRY,False,"['long_pe:7450.0PE@0.2->0.0', 'short_pe:7600.0PE@184.95->0.0', 'short_ce:7600.0CE@1456.75->2951.7000000000007', 'long_ce:7750.0CE@1941.2->2801.7000000000007']",2020,2020-06
IRON_FLY_2020-07-17_2020-07-23,IRON_FLY,NIFTY,2020-07-17,2020-07-23,7700.0,11215.45,7700.0,75,20000.0,329.8,0.0,13485.0,160.0,405.35,389.41,99.03,12.26,300.0,1366.05,12118.95,EXPIRY,True,"['long_pe:7550.0PE@1.0->0.0', 'short_pe:7700.0PE@220.95->0.0', 'short_ce:7700.0CE@1695.6->3515.4500000000007', 'long_ce:7850.0CE@1585.75->3365.4500000000007']",2020,2020-07
IRON_FLY_2020-08-14_2020-08-20,IRON_FLY,NIFTY,2020-08-14,2020-08-20,8750.0,11312.2,8750.0,75,20000.0,239.15,0.0,6686.25,160.0,303.63,301.55,83.19,9.55,300.0,1157.92,5528.33,EXPIRY,True,"['long_pe:8600.0PE@0.7->0.0', 'short_pe:8750.0PE@120.0->0.0', 'short_ce:8750.0CE@1533.1->2562.2000000000007', 'long_ce:8900.0CE@1413.25->2412.2000000000007']",2020,2020-08
IRON_FLY_2020-08-21_2020-08-27,IRON_FLY,NIFTY,2020-08-21,2020-08-27,8150.0,11559.25,8150.0,75,20000.0,426.65,0.0,20748.75,160.0,403.39,390.61,99.25,12.19,300.0,1365.45,19383.3,EXPIRY,True,"['long_pe:8000.0PE@0.4->0.0', 'short_pe:8150.0PE@324.1->0.0', 'short_ce:8150.0CE@1763.15->3409.25', 'long_ce:8300.0CE@1660.2->3259.25']",2020,2020-08
IRON_FLY_2020-08-28_2020-09-03,IRON_FLY,NIFTY,2020-08-28,2020-09-03,9200.0,11527.45,9200.0,75,20000.0,247.85,0.0,7338.75,160.0,283.11,285.99,80.38,9.04,300.0,1118.52,6220.23,EXPIRY,True,"['long_pe:9050.0PE@0.65->0.0', 'short_pe:9200.0PE@129.5->0.0', 'short_ce:9200.0CE@1555.2->2327.4500000000007', 'long_ce:9350.0CE@1436.2->2177.4500000000007']",2020,2020-08
IRON_FLY_2020-09-04_2020-09-10,IRON_FLY,NIFTY,2020-09-04,2020-09-10,9250.0,11449.25,9250.0,75,20000.0,167.9,0.0,1342.5,160.0,275.75,286.83,80.53,9.16,300.0,1112.27,230.23,EXPIRY,True,"['long_pe:9100.0PE@2.8->0.0', 'short_pe:9250.0PE@97.6->0.0', 'short_ce:9250.0CE@1686.55->2199.25', 'long_ce:9400.0CE@1613.45->2049.25']",2020,2020-09
IRON_FLY_2020-09-11_2020-09-17,IRON_FLY,NIFTY,2020-09-11,2020-09-17,9400.0,11516.1,9400.0,75,20000.0,248.5,0.0,7387.5,160.0,263.02,269.68,77.44,8.52,300.0,1078.66,6308.84,EXPIRY,True,"['long_pe:9250.0PE@2.0->0.0', 'short_pe:9400.0PE@131.75->0.0', 'short_ce:9400.0CE@1547.15->2116.1000000000004', 'long_ce:9550.0CE@1428.4->1966.1000000000004']",2020,2020-09
IRON_FLY_2020-09-25_2020-10-01,IRON_FLY,NIFTY,2020-09-25,2020-10-01,9550.0,11416.95,9550.0,75,20000.0,53.25,96.75,-7256.25,160.0,244.91,266.72,76.91,8.64,300.0,1057.18,-8313.43,EXPIRY,False,"['long_pe:9400.0PE@4.1->0.0', 'short_pe:9550.0PE@97.75->0.0', 'short_ce:9550.0CE@1693.15->1866.9500000000007', 'long_ce:9700.0CE@1733.55->1716.9500000000007']",2020,2020-09
IRON_FLY_2020-10-05_2020-10-08,IRON_FLY,NIFTY,2020-10-05,2020-10-08,9550.0,11834.6,9550.0,75,48080.06249999999,-407.45,557.45,-41808.75,160.0,260.17,277.08,78.77,9.49,300.0,1085.52,-42894.27,EXPIRY,False,"['long_pe:9400.0PE@1.2->0.0', 'short_pe:9550.0PE@5.85->0.0', 'short_ce:9550.0CE@1275.25->2284.6000000000004', 'long_ce:9700.0CE@1687.35->2134.6000000000004']",2020,2020-10
IRON_FLY_2020-10-23_2020-10-29,IRON_FLY,NIFTY,2020-10-23,2020-10-29,9950.0,11670.8,9950.0,75,40032.93750000002,-314.15,464.15,-34811.25,160.0,219.1,250.15,73.92,8.53,300.0,1011.69,-35822.94,EXPIRY,False,"['long_pe:9800.0PE@4.45->0.0', 'short_pe:9950.0PE@6.35->0.0', 'short_ce:9950.0CE@1526.1->1720.7999999999993', 'long_ce:10100.0CE@1842.15->1570.7999999999993']",2020,2020-10
IRON_FLY_2020-10-30_2020-11-05,IRON_FLY,NIFTY,2020-10-30,2020-11-05,10050.0,12120.3,10050.0,75,20000.0,233.05,0.0,6228.75,160.0,263.24,274.04,78.23,8.68,300.0,1084.19,5144.56,EXPIRY,True,"['long_pe:9900.0PE@1.75->0.0', 'short_pe:10050.0PE@112.3->0.0', 'short_ce:10050.0CE@1662.85->2070.2999999999993', 'long_ce:10200.0CE@1540.35->1920.2999999999993']",2020,2020-10
IRON_FLY_2020-11-06_2020-11-12,IRON_FLY,NIFTY,2020-11-06,2020-11-12,9450.0,12690.8,9450.0,75,20000.0,196.6,0.0,3495.0,160.0,362.24,346.02,91.21,11.02,300.0,1270.48,2224.52,EXPIRY,True,"['long_pe:9300.0PE@0.8->0.0', 'short_pe:9450.0PE@70.1->0.0', 'short_ce:9450.0CE@1476.0->3240.7999999999993', 'long_ce:9600.0CE@1348.7->3090.7999999999993']",2020,2020-11
IRON_FLY_2020-11-20_2020-11-26,IRON_FLY,NIFTY,2020-11-20,2020-11-26,9450.0,12987.0,9450.0,75,159170.06250000003,-1695.45,1845.45,-138408.75,160.0,389.0,437.57,107.72,16.08,300.0,1410.37,-139819.12,EXPIRY,False,"['long_pe:9300.0PE@1.0->0.0', 'short_pe:9450.0PE@2.0->0.0', 'short_ce:9450.0CE@1522.6->3537.0', 'long_ce:9600.0CE@3219.05->3387.0']",2020,2020-11
IRON_FLY_2020-11-27_2020-12-03,IRON_FLY,NIFTY,2020-11-27,2020-12-03,10100.0,13133.9,10100.0,75,20000.0,239.65,0.0,6723.75,160.0,346.47,334.7,89.17,10.61,300.0,1240.95,5482.8,EXPIRY,True,"['long_pe:9950.0PE@1.2->0.0', 'short_pe:10100.0PE@120.8->0.0', 'short_ce:10100.0CE@1502.8->3033.8999999999996', 'long_ce:10250.0CE@1382.75->2883.8999999999996']",2020,2020-11
IRON_FLY_2020-12-11_2020-12-17,IRON_FLY,NIFTY,2020-12-11,2020-12-17,10750.0,13740.7,10750.0,75,20000.0,144.8,5.2,-390.0,160.0,333.79,321.21,86.73,10.28,300.0,1212.01,-1602.01,EXPIRY,False,"['long_pe:10600.0PE@181.0->0.0', 'short_pe:10750.0PE@219.05->0.0', 'short_ce:10750.0CE@1220.4->2990.7000000000007', 'long_ce:10900.0CE@1113.65->2840.7000000000007']",2020,2020-12
IRON_FLY_2020-12-18_2020-12-24,IRON_FLY,NIFTY,2020-12-18,2020-12-24,10450.0,13749.25,10450.0,75,20000.0,235.2,0.0,6390.0,160.0,376.88,363.62,94.38,11.54,300.0,1306.42,5083.58,EXPIRY,True,"['long_pe:10300.0PE@0.6->0.0', 'short_pe:10450.0PE@113.6->0.0', 'short_ce:10450.0CE@1628.0->3299.25', 'long_ce:10600.0CE@1505.8->3149.25']",2020,2020-12
IRON_FLY_2020-12-28_2020-12-31,IRON_FLY,NIFTY,2020-12-28,2020-12-31,9350.0,13981.75,9350.0,75,228152.81249999997,-2495.25,2645.25,-198393.75,160.0,508.0,575.86,132.66,21.4,300.0,1697.92,-200091.67,EXPIRY,False,"['long_pe:9200.0PE@19.0->0.0', 'short_pe:9350.0PE@159.4->0.0', 'short_ce:9350.0CE@1714.35->4631.75', 'long_ce:9500.0CE@4350.0->4481.75']",2020,2020-12
IRON_FLY_2021-01-01_2021-01-07,IRON_FLY,NIFTY,2021-01-01,2021-01-07,10750.0,14137.35,10750.0,75,20000.0,246.4,0.0,7230.0,160.0,382.94,366.29,94.86,11.61,300.0,1315.71,5914.29,EXPIRY,True,"['long_pe:10600.0PE@0.8->0.0', 'short_pe:10750.0PE@127.15->0.0', 'short_ce:10750.0CE@1567.55->3387.3500000000004', 'long_ce:10900.0CE@1447.5->3237.3500000000004']",2021,2021-01
IRON_FLY_2021-01-08_2021-01-14,IRON_FLY,NIFTY,2021-01-08,2021-01-14,11350.0,14595.6,11350.0,75,20000.0,266.2,0.0,8715.0,160.0,370.52,356.3,93.06,11.27,300.0,1291.15,7423.85,EXPIRY,True,"['long_pe:11200.0PE@0.75->0.0', 'short_pe:11350.0PE@149.35->0.0', 'short_ce:11350.0CE@1563.8->3245.6000000000004', 'long_ce:11500.0CE@1446.2->3095.6000000000004']",2021,2021-01
IRON_FLY_2021-01-29_2021-02-04,IRON_FLY,NIFTY,2021-01-29,2021-02-04,12350.0,14895.65,12350.0,75,20000.0,42.2,107.8,-8085.0,160.0,292.59,292.51,81.56,9.48,300.0,1136.13,-9221.13,EXPIRY,False,"['long_pe:12200.0PE@2.15->0.0', 'short_pe:12350.0PE@294.55->0.0', 'short_ce:12350.0CE@1156.0->2545.6499999999996', 'long_ce:12500.0CE@1406.2->2395.6499999999996']",2021,2021-01
IRON_FLY_2021-02-05_2021-02-11,IRON_FLY,NIFTY,2021-02-05,2021-02-11,12350.0,15173.3,12350.0,75,75964.68750000001,-730.75,880.75,-66056.25,160.0,326.6,355.09,92.84,12.35,300.0,1246.88,-67303.13,EXPIRY,False,"['long_pe:12200.0PE@1.55->0.0', 'short_pe:12350.0PE@207.35->0.0', 'short_ce:12350.0CE@1413.45->2823.2999999999993', 'long_ce:12500.0CE@2350.0->2673.2999999999993']",2021,2021-02
IRON_FLY_2021-02-26_2021-03-04,IRON_FLY,NIFTY,2021-02-26,2021-03-04,12300.0,15080.75,12300.0,75,20000.0,116.55,33.45,-2508.75,160.0,325.76,325.16,87.45,10.44,300.0,1208.8,-3717.55,EXPIRY,False,"['long_pe:12150.0PE@3.0->0.0', 'short_pe:12300.0PE@1.15->0.0', 'short_ce:12300.0CE@1686.8->2780.75', 'long_ce:12450.0CE@1568.4->2630.75']",2021,2021-02
IRON_FLY_2021-03-05_2021-03-10,IRON_FLY,NIFTY,2021-03-05,2021-03-10,12850.0,15174.8,12850.0,75,34137.74999999997,-245.8,395.8,-29685.0,160.0,284.48,306.91,84.15,10.27,300.0,1145.81,-30830.81,EXPIRY,False,"['long_pe:12700.0PE@2.35->0.0', 'short_pe:12850.0PE@176.2->0.0', 'short_ce:12850.0CE@1543.2->2324.7999999999993', 'long_ce:13000.0CE@1962.85->2174.7999999999993']",2021,2021-03
IRON_FLY_2021-03-12_2021-03-18,IRON_FLY,NIFTY,2021-03-12,2021-03-18,12850.0,14557.85,12850.0,75,40472.8125,-319.25,469.25,-35193.75,160.0,223.45,258.28,75.38,8.79,300.0,1025.9,-36219.65,EXPIRY,False,"['long_pe:12700.0PE@1.9->0.0', 'short_pe:12850.0PE@5.95->0.0', 'short_ce:12850.0CE@1645.25->1707.8500000000004', 'long_ce:13000.0CE@1968.55->1557.8500000000004']",2021,2021-03
IRON_FLY_2021-03-26_2021-04-01,IRON_FLY,NIFTY,2021-03-26,2021-04-01,16350.0,14867.35,16350.0,75,20000.0,167.7,0.0,1327.5,160.0,209.98,235.36,71.25,7.51,300.0,984.1,343.4,EXPIRY,True,"['long_pe:16200.0PE@1644.45->1332.6499999999996', 'short_pe:16350.0PE@1587.55->1482.6499999999996', 'short_ce:16350.0CE@226.75->0.0', 'long_ce:16500.0CE@2.15->0.0']",2021,2021-03
IRON_FLY_2021-04-05_2021-04-08,IRON_FLY,NIFTY,2021-04-05,2021-04-08,16450.0,14873.8,16450.0,75,20000.0,104.55,45.45,-3408.75,160.0,217.33,242.47,72.53,7.81,300.0,1000.14,-4408.89,EXPIRY,False,"['long_pe:16300.0PE@1677.95->1426.2000000000007', 'short_pe:16450.0PE@1509.25->1576.2000000000007', 'short_ce:16450.0CE@274.7->0.0', 'long_ce:16600.0CE@1.45->0.0']",2021,2021-04
IRON_FLY_2021-04-09_2021-04-15,IRON_FLY,NIFTY,2021-04-09,2021-04-15,16150.0,14581.45,16150.0,75,20000.0,92.8,57.2,-4290.0,160.0,192.18,203.25,65.46,6.57,300.0,927.45,-5217.45,EXPIRY,False,"['long_pe:16000.0PE@1168.55->1418.5499999999993', 'short_pe:16150.0PE@1261.75->1568.5499999999993', 'short_ce:16150.0CE@1.05->0.0', 'long_ce:16300.0CE@1.45->0.0']",2021,2021-04
IRON_FLY_2021-04-16_2021-04-22,IRON_FLY,NIFTY,2021-04-16,2021-04-22,16550.0,14406.15,16550.0,75,20000.0,114.25,35.75,-2681.25,160.0,261.42,270.07,77.51,8.68,300.0,1077.69,-3758.94,EXPIRY,False,"['long_pe:16400.0PE@1473.7->1993.8500000000004', 'short_pe:16550.0PE@1588.2->2143.8500000000004', 'short_ce:16550.0CE@1.05->0.0', 'long_ce:16700.0CE@1.3->0.0']",2021,2021-04
IRON_FLY_2021-04-23_2021-04-29,IRON_FLY,NIFTY,2021-04-23,2021-04-29,16250.0,14894.9,16250.0,75,20000.0,212.15,0.0,4661.25,160.0,201.13,229.09,70.12,7.26,300.0,967.6,3693.65,EXPIRY,True,"['long_pe:16100.0PE@1667.15->1205.1000000000004', 'short_pe:16250.0PE@1879.5->1355.1000000000004', 'short_ce:16250.0CE@1.0->0.0', 'long_ce:16400.0CE@1.2->0.0']",2021,2021-04
IRON_FLY_2021-04-30_2021-05-06,IRON_FLY,NIFTY,2021-04-30,2021-05-06,16450.0,14724.8,16450.0,75,20000.0,113.25,36.75,-2756.25,160.0,220.22,235.6,71.29,7.58,300.0,994.69,-3750.94,EXPIRY,False,"['long_pe:16300.0PE@1433.15->1575.2000000000007', 'short_pe:16450.0PE@1546.6->1725.2000000000007', 'short_ce:16450.0CE@1.1->0.0', 'long_ce:16600.0CE@1.3->0.0']",2021,2021-04
IRON_FLY_2021-05-14_2021-05-20,IRON_FLY,NIFTY,2021-05-14,2021-05-20,15700.0,14906.05,15700.0,75,20000.0,160.25,0.0,768.75,160.0,107.67,123.59,51.09,3.94,300.0,746.29,22.46,EXPIRY,True,"['long_pe:15550.0PE@846.8->643.9500000000007', 'short_pe:15700.0PE@1008.1->793.9500000000007', 'short_ce:15700.0CE@0.9->0.0', 'long_ce:15850.0CE@1.95->0.0']",2021,2021-05
IRON_FLY_2021-05-21_2021-05-27,IRON_FLY,NIFTY,2021-05-21,2021-05-27,13150.0,15337.85,13150.0,75,21532.312500000007,-99.65,249.65,-18723.75,160.0,272.48,292.5,81.55,9.64,300.0,1116.18,-19839.93,EXPIRY,False,"['long_pe:13000.0PE@1.2->0.0', 'short_pe:13150.0PE@0.7->0.0', 'short_ce:13150.0CE@1736.6->2187.8500000000004', 'long_ce:13300.0CE@1835.75->2037.8500000000004']",2021,2021-05
IRON_FLY_2021-06-04_2021-06-10,IRON_FLY,NIFTY,2021-06-04,2021-06-10,13850.0,15737.75,13850.0,75,20000.0,-62.35,212.35,-15926.25,160.0,238.97,259.99,75.69,8.56,300.0,1043.21,-16969.46,EXPIRY,False,"['long_pe:13700.0PE@1.55->0.0', 'short_pe:13850.0PE@254.85->0.0', 'short_ce:13850.0CE@1367.75->1887.75', 'long_ce:14000.0CE@1683.4->1737.75']",2021,2021-06
IRON_FLY_2021-06-11_2021-06-17,IRON_FLY,NIFTY,2021-06-11,2021-06-17,13550.0,15691.4,13550.0,75,20000.0,107.6,42.4,-3180.0,160.0,250.76,253.44,74.51,8.16,300.0,1046.87,-4226.87,EXPIRY,False,"['long_pe:13400.0PE@1.6->0.0', 'short_pe:13550.0PE@1.75->0.0', 'short_ce:13550.0CE@1364.9->2141.3999999999996', 'long_ce:13700.0CE@1257.45->1991.3999999999996']",2021,2021-06
IRON_FLY_2021-06-25_2021-07-01,IRON_FLY,NIFTY,2021-06-25,2021-07-01,14250.0,15680.0,14250.0,75,20000.0,52.95,97.05,-7278.75,160.0,186.68,206.33,66.01,6.71,300.0,925.75,-8204.5,EXPIRY,False,"['long_pe:14100.0PE@1.65->0.0', 'short_pe:14250.0PE@581.5->0.0', 'short_ce:14250.0CE@841.1->1430.0', 'long_ce:14400.0CE@1368.0->1280.0']",2021,2021-06
IRON_FLY_2021-07-02_2021-07-08,IRON_FLY,NIFTY,2021-07-02,2021-07-08,14150.0,15727.9,14150.0,50,20000.0,474.45,0.0,16222.5,160.0,134.02,134.92,53.13,4.07,200.0,686.15,15536.35,EXPIRY,True,"['long_pe:14000.0PE@0.7->0.0', 'short_pe:14150.0PE@383.25->0.0', 'short_ce:14150.0CE@1049.55->1577.8999999999996', 'long_ce:14300.0CE@957.65->1427.8999999999996']",2021,2021-07
IRON_FLY_2021-07-09_2021-07-15,IRON_FLY,NIFTY,2021-07-09,2021-07-15,13550.0,15924.2,13550.0,50,20000.0,316.1,0.0,8305.0,160.0,190.52,189.47,62.97,5.94,200.0,808.89,7496.11,EXPIRY,True,"['long_pe:13400.0PE@1.45->0.0', 'short_pe:13550.0PE@207.0->0.0', 'short_ce:13550.0CE@1441.15->2374.2000000000007', 'long_ce:13700.0CE@1330.6->2224.2000000000007']",2021,2021-07
IRON_FLY_2021-07-16_2021-07-22,IRON_FLY,NIFTY,2021-07-16,2021-07-22,13750.0,15824.05,13750.0,50,20000.0,318.05,0.0,8402.5,160.0,172.21,175.13,60.39,5.48,200.0,773.21,7629.29,EXPIRY,True,"['long_pe:13600.0PE@1.25->0.0', 'short_pe:13750.0PE@208.7->0.0', 'short_ce:13750.0CE@1453.9->2074.0499999999993', 'long_ce:13900.0CE@1343.3->1924.0499999999993']",2021,2021-07
IRON_FLY_2021-07-23_2021-07-29,IRON_FLY,NIFTY,2021-07-23,2021-07-29,13750.0,15778.45,13750.0,50,20000.0,-57.95,207.95,-10397.5,160.0,176.98,194.45,63.87,6.38,200.0,801.68,-11199.18,EXPIRY,False,"['long_pe:13600.0PE@1.3->0.0', 'short_pe:13750.0PE@316.3->0.0', 'short_ce:13750.0CE@1590.2->2028.4500000000007', 'long_ce:13900.0CE@1963.15->1878.4500000000007']",2021,2021-07
IRON_FLY_2021-08-20_2021-08-26,IRON_FLY,NIFTY,2021-08-20,2021-08-26,14150.0,16636.9,14150.0,50,37101.875,-495.25,645.25,-32262.5,160.0,196.88,214.29,67.45,7.34,200.0,845.96,-33108.46,EXPIRY,False,"['long_pe:14000.0PE@1.5->0.0', 'short_pe:14150.0PE@1.05->0.0', 'short_ce:14150.0CE@1625.2->2486.9000000000015', 'long_ce:14300.0CE@2120.0->2336.9000000000015']",2021,2021-08
IRON_FLY_2021-08-27_2021-09-02,IRON_FLY,NIFTY,2021-08-27,2021-09-02,14450.0,17234.15,14450.0,50,20000.0,298.3,0.0,7415.0,160.0,217.64,212.82,67.18,6.7,200.0,864.34,6550.66,EXPIRY,True,"['long_pe:14300.0PE@1.45->0.0', 'short_pe:14450.0PE@185.8->0.0', 'short_ce:14450.0CE@1510.5->2784.1500000000015', 'long_ce:14600.0CE@1396.55->2634.1500000000015']",2021,2021-08
IRON_FLY_2021-09-03_2021-09-09,IRON_FLY,NIFTY,2021-09-03,2021-09-09,14450.0,17369.25,14450.0,50,20000.0,285.0,0.0,6750.0,160.0,226.71,220.89,68.64,6.97,200.0,883.21,5866.79,EXPIRY,True,"['long_pe:14300.0PE@2.45->0.0', 'short_pe:14450.0PE@171.75->0.0', 'short_ce:14450.0CE@1544.35->2919.25', 'long_ce:14600.0CE@1428.65->2769.25']",2021,2021-09
IRON_FLY_2021-09-13_2021-09-16,IRON_FLY,NIFTY,2021-09-13,2021-09-16,14650.0,17629.5,14650.0,50,20000.0,287.8,0.0,6890.0,160.0,230.5,223.88,69.18,7.06,200.0,890.62,5999.38,EXPIRY,True,"['long_pe:14500.0PE@1.2->0.0', 'short_pe:14650.0PE@173.5->0.0', 'short_ce:14650.0CE@1543.45->2979.5', 'long_ce:14800.0CE@1427.95->2829.5']",2021,2021-09
IRON_FLY_2021-09-17_2021-09-23,IRON_FLY,NIFTY,2021-09-17,2021-09-23,14450.0,17822.95,14450.0,50,20000.0,265.5,0.0,5775.0,160.0,256.58,246.49,73.26,7.8,200.0,944.12,4830.88,EXPIRY,True,"['long_pe:14300.0PE@1.35->0.0', 'short_pe:14450.0PE@148.0->0.0', 'short_ce:14450.0CE@1616.55->3372.9500000000007', 'long_ce:14600.0CE@1497.7->3222.9500000000007']",2021,2021-09
IRON_FLY_2021-09-24_2021-09-30,IRON_FLY,NIFTY,2021-09-24,2021-09-30,14450.0,17618.15,14450.0,50,81454.5,-1266.6,1416.6,-70830.0,160.0,252.23,288.08,80.76,10.28,200.0,991.35,-71821.35,EXPIRY,False,"['long_pe:14300.0PE@1.7->0.0', 'short_pe:14450.0PE@274.35->0.0', 'short_ce:14450.0CE@1760.75->3168.1500000000015', 'long_ce:14600.0CE@3300.0->3018.1500000000015']",2021,2021-09
IRON_FLY_2021-10-01_2021-10-07,IRON_FLY,NIFTY,2021-10-01,2021-10-07,15250.0,17790.35,15250.0,50,20000.0,334.75,0.0,9237.5,160.0,199.32,194.77,63.93,6.09,200.0,824.12,8413.38,EXPIRY,True,"['long_pe:15100.0PE@0.95->0.0', 'short_pe:15250.0PE@226.75->0.0', 'short_ce:15250.0CE@1370.75->2540.3499999999985', 'long_ce:15400.0CE@1261.8->2390.3499999999985']",2021,2021-10
IRON_FLY_2021-10-22_2021-10-28,IRON_FLY,NIFTY,2021-10-22,2021-10-28,14550.0,17857.25,14550.0,50,71903.75,-1100.5,1250.5,-62525.0,160.0,255.78,282.65,79.78,9.98,200.0,988.19,-63513.19,EXPIRY,False,"['long_pe:14400.0PE@1.0->0.0', 'short_pe:14550.0PE@252.6->0.0', 'short_ce:14550.0CE@1617.9->3307.25', 'long_ce:14700.0CE@2970.0->3157.25']",2021,2021-10
IRON_FLY_2021-10-29_2021-11-03,IRON_FLY,NIFTY,2021-10-29,2021-11-03,15950.0,17829.2,15950.0,50,20000.0,-8.15,158.15,-7907.5,160.0,162.41,177.35,60.79,5.79,200.0,766.34,-8673.84,EXPIRY,False,"['long_pe:15800.0PE@1.6->0.0', 'short_pe:15950.0PE@175.85->0.0', 'short_ce:15950.0CE@1562.9->1879.2000000000007', 'long_ce:16100.0CE@1745.3->1729.2000000000007']",2021,2021-10
IRON_FLY_2021-11-04_2021-11-11,IRON_FLY,NIFTY,2021-11-04,2021-11-11,16150.0,17873.6,16150.0,50,20000.0,2.0,148.0,-7400.0,160.0,150.96,166.55,58.84,5.44,200.0,741.79,-8141.79,EXPIRY,False,"['long_pe:16000.0PE@1.45->0.0', 'short_pe:16150.0PE@181.7->0.0', 'short_ce:16150.0CE@1501.75->1723.5999999999985', 'long_ce:16300.0CE@1680.0->1573.5999999999985']",2021,2021-11
IRON_FLY_2021-11-12_2021-11-18,IRON_FLY,NIFTY,2021-11-12,2021-11-18,16450.0,17764.8,16450.0,50,20000.0,392.45,0.0,12122.5,160.0,125.74,136.88,53.49,4.2,200.0,680.31,11442.19,EXPIRY,True,"['long_pe:16300.0PE@1.65->0.0', 'short_pe:16450.0PE@203.4->0.0', 'short_ce:16450.0CE@1490.7->1314.7999999999993', 'long_ce:16600.0CE@1300.0->1164.7999999999993']",2021,2021-11
IRON_FLY_2021-11-22_2021-11-25,IRON_FLY,NIFTY,2021-11-22,2021-11-25,15300.0,17536.25,15300.0,50,20000.0,865.8,0.0,35790.0,160.0,207.61,209.97,66.67,6.18,200.0,850.43,34939.57,EXPIRY,True,"['long_pe:15150.0PE@0.9->0.0', 'short_pe:15300.0PE@1.0->0.0', 'short_ce:15300.0CE@2470.0->2236.25', 'long_ce:15450.0CE@1604.3->2086.25']",2021,2021-11
IRON_FLY_2021-12-03_2021-12-09,IRON_FLY,NIFTY,2021-12-03,2021-12-09,18950.0,17516.85,18950.0,50,20000.0,109.0,41.0,-2050.0,160.0,127.63,141.08,54.24,4.55,200.0,687.5,-2737.5,EXPIRY,False,"['long_pe:18800.0PE@1407.7->1283.1500000000015', 'short_pe:18950.0PE@1517.15->1433.1500000000015', 'short_ce:18950.0CE@0.75->0.0', 'long_ce:19100.0CE@1.2->0.0']",2021,2021-12
IRON_FLY_2021-12-10_2021-12-16,IRON_FLY,NIFTY,2021-12-10,2021-12-16,19550.0,17248.4,19550.0,50,41310.875,-568.45,718.45,-35922.5,160.0,177.17,193.85,63.76,6.74,200.0,801.53,-36724.03,EXPIRY,False,"['long_pe:19400.0PE@1933.75->2151.5999999999985', 'short_pe:19550.0PE@1365.45->2301.5999999999985', 'short_ce:19550.0CE@0.8->0.0', 'long_ce:19700.0CE@0.95->0.0']",2021,2021-12
IRON_FLY_2021-12-17_2021-12-23,IRON_FLY,NIFTY,2021-12-17,2021-12-23,18950.0,17072.6,18950.0,50,20000.0,163.95,0.0,697.5,160.0,159.62,168.67,59.22,5.39,200.0,752.9,-55.4,EXPIRY,False,"['long_pe:18800.0PE@1487.75->1727.4000000000015', 'short_pe:18950.0PE@1651.75->1877.4000000000015', 'short_ce:18950.0CE@1.3->0.0', 'long_ce:19100.0CE@1.35->0.0']",2021,2021-12
IRON_FLY_2021-12-24_2021-12-30,IRON_FLY,NIFTY,2021-12-24,2021-12-30,17100.0,17203.95,17100.0,50,20000.0,123.05,26.95,955.0,160.0,8.74,13.5,31.24,0.42,200.0,413.89,541.11,EXPIRY,True,"['long_pe:16950.0PE@72.0->0.0', 'short_pe:17100.0PE@139.6->0.0', 'short_ce:17100.0CE@140.0->103.95000000000073', 'long_ce:17250.0CE@84.55->0.0']",2021,2021-12
IRON_FLY_2021-12-31_2022-01-06,IRON_FLY,NIFTY,2021-12-31,2022-01-06,17250.0,17745.9,17250.0,50,20000.0,144.4,5.6,-280.0,160.0,30.99,32.42,34.65,1.04,200.0,459.1,-739.1,EXPIRY,False,"['long_pe:17100.0PE@86.35->0.0', 'short_pe:17250.0PE@149.75->0.0', 'short_ce:17250.0CE@150.0->495.90000000000146', 'long_ce:17400.0CE@69.0->345.90000000000146']",2021,2021-12
IRON_FLY_2022-01-07_2022-01-13,IRON_FLY,NIFTY,2022-01-07,2022-01-13,19300.0,18257.8,19300.0,50,20000.0,48.0,102.0,-5100.0,160.0,101.57,120.45,50.52,3.93,200.0,636.47,-5736.47,EXPIRY,False,"['long_pe:19150.0PE@1416.4->892.2000000000007', 'short_pe:19300.0PE@1464.6->1042.2000000000007', 'short_ce:19300.0CE@1.2->0.0', 'long_ce:19450.0CE@1.4->0.0']",2022,2022-01
IRON_FLY_2022-01-28_2022-02-03,IRON_FLY,NIFTY,2022-01-28,2022-02-03,19500.0,17560.2,19500.0,50,20000.0,-171.3,321.3,-16065.0,160.0,151.25,160.55,57.76,5.38,200.0,734.94,-16799.94,EXPIRY,False,"['long_pe:19350.0PE@1429.85->1789.7999999999993', 'short_pe:19500.0PE@1258.65->1939.7999999999993', 'short_ce:19500.0CE@1.9->0.0', 'long_ce:19650.0CE@2.0->0.0']",2022,2022-01
IRON_FLY_2022-02-11_2022-02-17,IRON_FLY,NIFTY,2022-02-11,2022-02-17,19300.0,17304.6,19300.0,50,20000.0,176.65,0.0,1332.5,160.0,167.92,175.74,60.5,5.6,200.0,769.76,562.74,EXPIRY,True,"['long_pe:19150.0PE@1504.75->1845.4000000000015', 'short_pe:19300.0PE@1681.5->1995.4000000000015', 'short_ce:19300.0CE@1.15->0.0', 'long_ce:19450.0CE@1.25->0.0']",2022,2022-02
IRON_FLY_2022-02-18_2022-02-24,IRON_FLY,NIFTY,2022-02-18,2022-02-24,19450.0,16247.95,19450.0,50,20000.0,148.15,1.85,-92.5,160.0,258.64,261.26,75.92,8.36,200.0,964.18,-1056.68,EXPIRY,False,"['long_pe:19300.0PE@2022.7->3052.0499999999993', 'short_pe:19450.0PE@2170.85->3202.0499999999993', 'short_ce:19450.0CE@1.4->0.0', 'long_ce:19600.0CE@1.4->0.0']",2022,2022-02
IRON_FLY_2022-02-25_2022-03-03,IRON_FLY,NIFTY,2022-02-25,2022-03-03,19650.0,16498.05,19650.0,50,94524.24999999999,-1493.9,1643.9,-82195.0,160.0,234.11,265.57,76.7,9.73,200.0,946.11,-83141.11,EXPIRY,False,"['long_pe:19500.0PE@2980.0->3001.9500000000007', 'short_pe:19650.0PE@1486.6->3151.9500000000007', 'short_ce:19650.0CE@0.95->0.0', 'long_ce:19800.0CE@1.45->0.0']",2022,2022-02
IRON_FLY_2022-03-04_2022-03-10,IRON_FLY,NIFTY,2022-03-04,2022-03-10,19450.0,16594.9,19450.0,50,73723.625,-1132.15,1282.15,-64107.5,160.0,216.33,242.93,72.61,8.74,200.0,900.61,-65008.11,EXPIRY,False,"['long_pe:19300.0PE@2643.25->2705.0999999999985', 'short_pe:19450.0PE@1511.45->2855.0999999999985', 'short_ce:19450.0CE@0.95->0.0', 'long_ce:19600.0CE@1.3->0.0']",2022,2022-03
IRON_FLY_2022-03-11_2022-03-17,IRON_FLY,NIFTY,2022-03-11,2022-03-17,19450.0,17287.05,19450.0,50,20000.0,110.0,40.0,-2000.0,160.0,167.41,168.21,59.14,5.41,200.0,760.16,-2760.16,EXPIRY,False,"['long_pe:19300.0PE@1219.9->2012.9500000000007', 'short_pe:19450.0PE@1330.1->2162.9500000000007', 'short_ce:19450.0CE@1.05->0.0', 'long_ce:19600.0CE@1.25->0.0']",2022,2022-03
IRON_FLY_2022-03-21_2022-03-24,IRON_FLY,NIFTY,2022-03-21,2022-03-24,18600.0,17222.75,18600.0,50,35158.375,-461.45,611.45,-30572.5,160.0,116.89,140.95,54.22,4.97,200.0,677.03,-31249.53,EXPIRY,False,"['long_pe:18450.0PE@1746.0->1227.25', 'short_pe:18600.0PE@1285.05->1377.25', 'short_ce:18600.0CE@1.0->0.0', 'long_ce:18750.0CE@1.5->0.0']",2022,2022-03
IRON_FLY_2022-03-25_2022-03-31,IRON_FLY,NIFTY,2022-03-25,2022-03-31,19400.0,17464.75,19400.0,50,20000.0,298.1,0.0,7405.0,160.0,180.16,195.29,64.02,6.14,200.0,805.61,6599.39,EXPIRY,True,"['long_pe:19250.0PE@1895.15->1785.25', 'short_pe:19400.0PE@2193.65->1935.25', 'short_ce:19400.0CE@0.9->0.0', 'long_ce:19550.0CE@1.3->0.0']",2022,2022-03
IRON_FLY_2022-04-01_2022-04-07,IRON_FLY,NIFTY,2022-04-01,2022-04-07,14800.0,17639.55,14800.0,50,20000.0,986.8,0.0,41840.0,160.0,243.94,234.91,71.17,6.89,200.0,916.91,40923.09,EXPIRY,True,"['long_pe:14650.0PE@2.0->0.0', 'short_pe:14800.0PE@0.95->0.0', 'short_ce:14800.0CE@2426.05->2839.5499999999993', 'long_ce:14950.0CE@1438.2->2689.5499999999993']",2022,2022-04
IRON_FLY_2022-04-08_2022-04-13,IRON_FLY,NIFTY,2022-04-08,2022-04-13,14650.0,17475.65,14650.0,50,22870.624999999985,-247.75,397.75,-19887.5,160.0,209.33,211.09,66.87,7.05,200.0,854.35,-20741.85,EXPIRY,False,"['long_pe:14500.0PE@1.3->0.0', 'short_pe:14650.0PE@0.9->0.0', 'short_ce:14650.0CE@1346.4->2825.6500000000015', 'long_ce:14800.0CE@1593.75->2675.6500000000015']",2022,2022-04
IRON_FLY_2022-04-29_2022-05-05,IRON_FLY,NIFTY,2022-04-29,2022-05-05,14650.0,16682.65,14650.0,50,20567.750000000004,-207.7,357.7,-17885.0,160.0,162.9,175.45,60.44,5.88,200.0,764.68,-18649.68,EXPIRY,False,"['long_pe:14500.0PE@2.9->0.0', 'short_pe:14650.0PE@1.1->0.0', 'short_ce:14650.0CE@1446.45->2032.6500000000015', 'long_ce:14800.0CE@1652.35->1882.6500000000015']",2022,2022-04
IRON_FLY_2022-05-06_2022-05-12,IRON_FLY,NIFTY,2022-05-06,2022-05-12,19150.0,15808.0,19150.0,50,36659.12500000001,-487.55,637.55,-31877.5,160.0,264.86,280.12,79.32,9.44,200.0,993.74,-32871.24,EXPIRY,False,"['long_pe:19000.0PE@2577.55->3192.0', 'short_pe:19150.0PE@2090.05->3342.0', 'short_ce:19150.0CE@1.5->0.0', 'long_ce:19300.0CE@1.55->0.0']",2022,2022-05
IRON_FLY_2022-05-27_2022-06-02,IRON_FLY,NIFTY,2022-05-27,2022-06-02,16250.0,16628.0,16250.0,50,20000.0,155.0,0.0,250.0,160.0,26.13,30.28,34.26,0.97,200.0,451.63,-201.63,EXPIRY,False,"['long_pe:16100.0PE@104.4->0.0', 'short_pe:16250.0PE@190.1->0.0', 'short_ce:16250.0CE@190.0->378.0', 'long_ce:16400.0CE@120.7->228.0']",2022,2022-05
IRON_FLY_2022-06-03_2022-06-09,IRON_FLY,NIFTY,2022-06-03,2022-06-09,14800.0,16478.1,14800.0,50,21407.249999999993,-222.3,372.3,-18615.0,160.0,137.32,152.61,56.32,5.16,200.0,711.41,-19326.41,EXPIRY,False,"['long_pe:14650.0PE@1.15->0.0', 'short_pe:14800.0PE@0.75->0.0', 'short_ce:14800.0CE@1337.15->1678.0999999999985', 'long_ce:14950.0CE@1559.05->1528.0999999999985']",2022,2022-06
IRON_FLY_2022-06-10_2022-06-16,IRON_FLY,NIFTY,2022-06-10,2022-06-16,18700.0,15360.6,18700.0,50,20000.0,111.5,38.5,-1925.0,160.0,241.72,228.25,69.97,7.33,200.0,907.27,-2832.27,EXPIRY,False,"['long_pe:18550.0PE@1243.95->3189.3999999999996', 'short_pe:18700.0PE@1355.6->3339.3999999999996', 'short_ce:18700.0CE@0.75->0.0', 'long_ce:18850.0CE@0.9->0.0']",2022,2022-06
IRON_FLY_2022-06-17_2022-06-23,IRON_FLY,NIFTY,2022-06-17,2022-06-23,18500.0,15556.65,18500.0,50,20000.0,106.25,43.75,-2187.5,160.0,214.46,204.56,65.69,6.58,200.0,851.29,-3038.79,EXPIRY,False,"['long_pe:18350.0PE@1168.2->2793.3500000000004', 'short_pe:18500.0PE@1275.0->2943.3500000000004', 'short_ce:18500.0CE@0.95->0.0', 'long_ce:18650.0CE@1.5->0.0']",2022,2022-06
IRON_FLY_2022-06-24_2022-06-30,IRON_FLY,NIFTY,2022-06-24,2022-06-30,19400.0,15780.25,19400.0,50,20000.0,914.25,0.0,38212.5,160.0,338.27,348.63,91.68,10.58,200.0,1149.16,37063.34,EXPIRY,True,"['long_pe:19250.0PE@2969.9->3469.75', 'short_pe:19400.0PE@3884.15->3619.75', 'short_ce:19400.0CE@0.85->0.0', 'long_ce:19550.0CE@0.85->0.0']",2022,2022-06
IRON_FLY_2022-07-22_2022-07-28,IRON_FLY,NIFTY,2022-07-22,2022-07-28,18550.0,16929.6,18550.0,50,20000.0,169.85,0.0,992.5,160.0,154.76,173.6,60.11,5.54,200.0,754.01,238.49,EXPIRY,True,"['long_pe:18400.0PE@1841.1->1470.4000000000015', 'short_pe:18550.0PE@2011.0->1620.4000000000015', 'short_ce:18550.0CE@0.55->0.0', 'long_ce:18700.0CE@0.6->0.0']",2022,2022-07
IRON_FLY_2022-08-05_2022-08-11,IRON_FLY,NIFTY,2022-08-05,2022-08-11,14000.0,17659.0,14000.0,50,20000.0,124.75,25.25,-1262.5,160.0,268.15,254.23,74.65,8.15,200.0,965.19,-2227.69,EXPIRY,False,"['long_pe:13850.0PE@1.2->0.0', 'short_pe:14000.0PE@0.9->0.0', 'short_ce:14000.0CE@1562.0->3659.0', 'long_ce:14150.0CE@1436.95->3509.0']",2022,2022-08
IRON_FLY_2022-08-19_2022-08-25,IRON_FLY,NIFTY,2022-08-19,2022-08-25,14100.0,17522.45,14100.0,50,20000.0,1438.8,0.0,64440.0,160.0,305.17,292.43,81.54,8.39,200.0,1047.53,63392.47,EXPIRY,True,"['long_pe:13950.0PE@0.7->0.0', 'short_pe:14100.0PE@0.5->0.0', 'short_ce:14100.0CE@3220.0->3422.4500000000007', 'long_ce:14250.0CE@1781.0->3272.4500000000007']",2022,2022-08
IRON_FLY_2022-08-26_2022-09-01,IRON_FLY,NIFTY,2022-08-26,2022-09-01,14200.0,17542.8,14200.0,50,20000.0,120.45,29.55,-1477.5,160.0,250.4,241.74,72.4,7.76,200.0,932.29,-2409.79,EXPIRY,False,"['long_pe:14050.0PE@0.6->0.0', 'short_pe:14200.0PE@0.55->0.0', 'short_ce:14200.0CE@1626.6->3342.7999999999993', 'long_ce:14350.0CE@1506.1->3192.7999999999993']",2022,2022-08
IRON_FLY_2022-09-09_2022-09-15,IRON_FLY,NIFTY,2022-09-09,2022-09-15,14400.0,17877.4,14400.0,50,20000.0,126.35,23.65,-1182.5,160.0,262.8,254.7,74.74,8.17,200.0,960.4,-2142.9,EXPIRY,False,"['long_pe:14250.0PE@1.6->0.0', 'short_pe:14400.0PE@0.75->0.0', 'short_ce:14400.0CE@1753.95->3477.4000000000015', 'long_ce:14550.0CE@1626.75->3327.4000000000015']",2022,2022-09
IRON_FLY_2022-09-16_2022-09-22,IRON_FLY,NIFTY,2022-09-16,2022-09-22,14500.0,17629.8,14500.0,50,20000.0,136.0,14.0,-700.0,160.0,257.37,263.14,76.26,8.43,200.0,965.2,-1665.2,EXPIRY,False,"['long_pe:14350.0PE@1.65->0.0', 'short_pe:14500.0PE@0.35->0.0', 'short_ce:14500.0CE@2275.75->3129.7999999999993', 'long_ce:14650.0CE@2138.45->2979.7999999999993']",2022,2022-09
IRON_FLY_2022-09-30_2022-10-06,IRON_FLY,NIFTY,2022-09-30,2022-10-06,14650.0,17331.8,14650.0,50,20000.0,143.0,7.0,-350.0,160.0,248.34,270.93,77.66,8.67,200.0,965.6,-1315.6,EXPIRY,False,"['long_pe:14500.0PE@1.55->0.0', 'short_pe:14650.0PE@1.0->0.0', 'short_ce:14650.0CE@2882.2->2681.7999999999993', 'long_ce:14800.0CE@2738.65->2531.7999999999993']",2022,2022-09
IRON_FLY_2022-10-14_2022-10-20,IRON_FLY,NIFTY,2022-10-14,2022-10-20,19900.0,17563.95,19900.0,50,20000.0,125.2,24.8,-1240.0,160.0,195.76,204.53,65.69,6.56,200.0,832.54,-2072.54,EXPIRY,False,"['long_pe:19750.0PE@1765.8->2186.0499999999993', 'short_pe:19900.0PE@1891.35->2336.0499999999993', 'short_ce:19900.0CE@0.85->0.0', 'long_ce:20050.0CE@1.2->0.0']",2022,2022-10
IRON_FLY_2022-10-21_2022-10-27,IRON_FLY,NIFTY,2022-10-21,2022-10-27,14650.0,17736.95,14650.0,50,20000.0,-179.55,329.55,-16477.5,160.0,264.85,285.16,80.23,9.37,200.0,999.61,-17477.11,EXPIRY,False,"['long_pe:14500.0PE@0.95->0.0', 'short_pe:14650.0PE@64.2->0.0', 'short_ce:14650.0CE@2537.2->3086.9500000000007', 'long_ce:14800.0CE@2780.0->2936.9500000000007']",2022,2022-10
IRON_FLY_2022-11-04_2022-11-10,IRON_FLY,NIFTY,2022-11-04,2022-11-10,15900.0,18028.2,15900.0,50,20000.0,132.1,17.9,-895.0,160.0,189.89,205.37,65.84,6.59,200.0,827.68,-1722.68,EXPIRY,False,"['long_pe:15750.0PE@1.45->0.0', 'short_pe:15900.0PE@0.8->0.0', 'short_ce:15900.0CE@2119.35->2128.2000000000007', 'long_ce:16050.0CE@1986.6->1978.2000000000007']",2022,2022-11
IRON_FLY_2022-11-11_2022-11-17,IRON_FLY,NIFTY,2022-11-11,2022-11-17,15050.0,18343.9,15050.0,50,20000.0,155.9,0.0,295.0,160.0,290.33,307.19,84.2,9.83,200.0,1051.55,-756.55,EXPIRY,False,"['long_pe:14900.0PE@0.55->0.0', 'short_pe:15050.0PE@12.1->0.0', 'short_ce:15050.0CE@2990.7->3293.9000000000015', 'long_ce:15200.0CE@2846.35->3143.9000000000015']",2022,2022-11
IRON_FLY_2022-11-18_2022-11-24,IRON_FLY,NIFTY,2022-11-18,2022-11-24,14650.0,18484.1,14650.0,50,30929.25,-387.9,537.9,-26895.0,160.0,327.36,353.02,92.47,11.7,200.0,1144.56,-28039.56,EXPIRY,False,"['long_pe:14500.0PE@0.8->0.0', 'short_pe:14650.0PE@0.75->0.0', 'short_ce:14650.0CE@3106.65->3834.0999999999985', 'long_ce:14800.0CE@3494.5->3684.0999999999985']",2022,2022-11
IRON_FLY_2022-11-25_2022-12-01,IRON_FLY,NIFTY,2022-11-25,2022-12-01,15250.0,18812.5,15250.0,50,20000.0,171.0,0.0,1050.0,160.0,295.13,301.06,83.1,9.62,200.0,1048.91,1.09,EXPIRY,True,"['long_pe:15100.0PE@0.9->0.0', 'short_pe:15250.0PE@32.75->0.0', 'short_ce:15250.0CE@2586.45->3562.5', 'long_ce:15400.0CE@2447.3->3412.5']",2022,2022-11
IRON_FLY_2022-12-02_2022-12-08,IRON_FLY,NIFTY,2022-12-02,2022-12-08,15000.0,18609.35,15000.0,50,20000.0,139.4,10.6,-530.0,160.0,294.99,299.29,82.78,9.59,200.0,1046.65,-1576.65,EXPIRY,False,"['long_pe:14850.0PE@1.2->0.0', 'short_pe:15000.0PE@0.4->0.0', 'short_ce:15000.0CE@2520.7->3609.3499999999985', 'long_ce:15150.0CE@2380.5->3459.3499999999985']",2022,2022-12
IRON_FLY_2022-12-09_2022-12-15,IRON_FLY,NIFTY,2022-12-09,2022-12-15,15000.0,18414.9,15000.0,50,20000.0,135.65,14.35,-717.5,160.0,273.48,274.68,78.34,8.8,200.0,995.3,-1712.8,EXPIRY,False,"['long_pe:14850.0PE@1.55->0.0', 'short_pe:15000.0PE@0.6->0.0', 'short_ce:15000.0CE@2220.9->3414.9000000000015', 'long_ce:15150.0CE@2084.3->3264.9000000000015']",2022,2022-12
IRON_FLY_2022-12-16_2022-12-22,IRON_FLY,NIFTY,2022-12-16,2022-12-22,14800.0,18127.35,14800.0,50,20000.0,155.1,0.0,255.0,160.0,290.81,306.3,84.05,9.8,200.0,1050.96,-795.96,EXPIRY,False,"['long_pe:14650.0PE@0.65->0.0', 'short_pe:14800.0PE@11.5->0.0', 'short_ce:14800.0CE@2939.8->3327.3499999999985', 'long_ce:14950.0CE@2795.55->3177.3499999999985']",2022,2022-12
IRON_FLY_2022-12-30_2023-01-05,IRON_FLY,NIFTY,2022-12-30,2023-01-05,15750.0,17992.15,15750.0,50,20000.0,168.1,0.0,905.0,160.0,210.03,230.99,70.46,7.38,200.0,878.85,26.15,EXPIRY,True,"['long_pe:15600.0PE@1.3->0.0', 'short_pe:15750.0PE@29.75->0.0', 'short_ce:15750.0CE@2506.85->2242.1500000000015', 'long_ce:15900.0CE@2367.2->2092.1500000000015']",2022,2022-12
IRON_FLY_2023-01-27_2023-02-02,IRON_FLY,NIFTY,2023-01-27,2023-02-02,19750.0,17610.4,19750.0,50,35511.99999999999,-467.6,617.6,-30880.0,160.0,157.92,168.64,59.22,5.86,200.0,751.64,-31631.64,EXPIRY,False,"['long_pe:19600.0PE@1540.0->1989.5999999999985', 'short_pe:19750.0PE@1072.95->2139.5999999999985', 'short_ce:19750.0CE@1.45->0.0', 'long_ce:19900.0CE@2.0->0.0']",2023,2023-01
IRON_FLY_2023-03-17_2023-03-23,IRON_FLY,NIFTY,2023-03-17,2023-03-23,15650.0,17076.9,15650.0,50,20000.0,1213.75,0.0,53187.5,160.0,157.8,162.03,58.02,4.39,200.0,742.24,52445.26,EXPIRY,True,"['long_pe:15500.0PE@2.35->0.0', 'short_pe:15650.0PE@1.0->0.0', 'short_ce:15650.0CE@2494.65->1426.9000000000015', 'long_ce:15800.0CE@1279.55->1276.9000000000015']",2023,2023-03
IRON_FLY_2023-05-12_2023-05-18,IRON_FLY,NIFTY,2023-05-12,2023-05-18,16350.0,18129.95,16350.0,50,20000.0,-158.6,308.6,-15430.0,160.0,151.85,169.17,59.31,5.64,200.0,745.97,-16175.97,EXPIRY,False,"['long_pe:16200.0PE@1.45->0.0', 'short_pe:16350.0PE@1.0->0.0', 'short_ce:16350.0CE@1598.15->1779.9500000000007', 'long_ce:16500.0CE@1756.3->1629.9500000000007']",2023,2023-05
IRON_FLY_2023-05-19_2023-05-25,IRON_FLY,NIFTY,2023-05-19,2023-05-25,16050.0,18321.15,16050.0,50,20000.0,389.4,0.0,11970.0,160.0,206.57,218.47,68.2,6.81,200.0,860.05,11109.95,EXPIRY,True,"['long_pe:15900.0PE@1.5->0.0', 'short_pe:16050.0PE@1.05->0.0', 'short_ce:16050.0CE@2366.85->2271.1500000000015', 'long_ce:16200.0CE@1977.0->2121.1500000000015']",2023,2023-05
IRON_FLY_2023-06-09_2023-06-15,IRON_FLY,NIFTY,2023-06-09,2023-06-15,20050.0,18688.1,20050.0,50,20000.0,138.45,11.55,-577.5,160.0,127.14,143.12,54.61,4.59,200.0,689.47,-1266.97,EXPIRY,False,"['long_pe:19900.0PE@1505.2->1211.9000000000015', 'short_pe:20050.0PE@1643.85->1361.9000000000015', 'short_ce:20050.0CE@0.9->0.0', 'long_ce:20200.0CE@1.1->0.0']",2023,2023-06
IRON_FLY_2023-06-16_2023-06-22,IRON_FLY,NIFTY,2023-06-16,2023-06-22,18750.0,18771.25,18750.0,50,20000.0,93.9,56.1,3632.5,160.0,5.0,6.19,29.92,0.14,200.0,401.25,3231.25,EXPIRY,True,"['long_pe:18600.0PE@41.1->0.0', 'short_pe:18750.0PE@80.1->0.0', 'short_ce:18750.0CE@80.0->21.25', 'long_ce:18900.0CE@25.1->0.0']",2023,2023-06
IRON_FLY_2023-07-14_2023-07-20,IRON_FLY,NIFTY,2023-07-14,2023-07-20,20850.0,19979.15,20850.0,50,20000.0,832.15,0.0,34107.5,160.0,108.52,120.53,50.54,3.35,200.0,642.93,33464.57,EXPIRY,True,"['long_pe:20700.0PE@1197.4->720.8499999999985', 'short_pe:20850.0PE@2029.5->870.8499999999985', 'short_ce:20850.0CE@1.3->0.0', 'long_ce:21000.0CE@1.25->0.0']",2023,2023-07
IRON_FLY_2023-07-28_2023-08-03,IRON_FLY,NIFTY,2023-07-28,2023-08-03,17300.0,19381.65,17300.0,50,20000.0,-20.1,170.1,-8505.0,160.0,195.13,219.87,68.46,7.16,200.0,850.61,-9355.61,EXPIRY,False,"['long_pe:17150.0PE@0.8->0.0', 'short_pe:17300.0PE@0.7->0.0', 'short_ce:17300.0CE@2380.0->2081.6500000000015', 'long_ce:17450.0CE@2400.0->1931.6500000000015']",2023,2023-07
IRON_FLY_2023-08-04_2023-08-10,IRON_FLY,NIFTY,2023-08-04,2023-08-10,21150.0,19543.1,21150.0,50,20000.0,5.95,144.05,-7202.5,160.0,139.33,153.69,56.52,5.03,200.0,714.57,-7917.07,EXPIRY,False,"['long_pe:21000.0PE@1536.85->1456.9000000000015', 'short_pe:21150.0PE@1543.65->1606.9000000000015', 'short_ce:21150.0CE@1.2->0.0', 'long_ce:21300.0CE@2.05->0.0']",2023,2023-08
IRON_FLY_2023-08-11_2023-08-17,IRON_FLY,NIFTY,2023-08-11,2023-08-17,21100.0,19365.25,21100.0,50,20000.0,137.6,12.4,-620.0,160.0,148.27,158.3,57.35,5.07,200.0,728.99,-1348.99,EXPIRY,False,"['long_pe:20950.0PE@1436.15->1584.75', 'short_pe:21100.0PE@1574.0->1734.75', 'short_ce:21100.0CE@1.0->0.0', 'long_ce:21250.0CE@1.25->0.0']",2023,2023-08
IRON_FLY_2023-08-25_2023-08-31,IRON_FLY,NIFTY,2023-08-25,2023-08-31,17050.0,19253.8,17050.0,50,20000.0,202.25,0.0,2612.5,160.0,200.28,216.45,67.84,6.89,200.0,851.46,1761.04,EXPIRY,True,"['long_pe:16900.0PE@1.15->0.0', 'short_pe:17050.0PE@0.95->0.0', 'short_ce:17050.0CE@2300.45->2203.7999999999993', 'long_ce:17200.0CE@2098.0->2053.7999999999993']",2023,2023-08
IRON_FLY_2023-09-29_2023-10-05,IRON_FLY,NIFTY,2023-09-29,2023-10-05,21250.0,19545.75,21250.0,50,20000.0,138.3,11.7,-585.0,160.0,150.79,163.84,58.35,5.25,200.0,738.23,-1323.23,EXPIRY,False,"['long_pe:21100.0PE@1577.15->1554.25', 'short_pe:21250.0PE@1716.15->1704.25', 'short_ce:21250.0CE@0.6->0.0', 'long_ce:21400.0CE@1.3->0.0']",2023,2023-09
IRON_FLY_2023-10-13_2023-10-19,IRON_FLY,NIFTY,2023-10-13,2023-10-19,21550.0,19624.7,21550.0,50,20000.0,133.5,16.5,-825.0,160.0,153.0,156.45,57.02,5.02,200.0,731.49,-1556.49,EXPIRY,False,"['long_pe:21400.0PE@1211.1->1775.2999999999993', 'short_pe:21550.0PE@1344.5->1925.2999999999993', 'short_ce:21550.0CE@1.0->0.0', 'long_ce:21700.0CE@0.9->0.0']",2023,2023-10
IRON_FLY_2023-10-20_2023-10-26,IRON_FLY,NIFTY,2023-10-20,2023-10-26,21350.0,18857.25,21350.0,50,20000.0,-13.55,163.55,-8177.5,160.0,193.84,197.1,64.35,6.43,200.0,821.72,-8999.22,EXPIRY,False,"['long_pe:21200.0PE@1530.0->2342.75', 'short_pe:21350.0PE@1516.55->2492.75', 'short_ce:21350.0CE@0.9->0.0', 'long_ce:21500.0CE@1.0->0.0']",2023,2023-10
IRON_FLY_2023-10-27_2023-11-02,IRON_FLY,NIFTY,2023-10-27,2023-11-02,20400.0,19133.25,20400.0,50,20000.0,94.95,55.05,-2752.5,160.0,115.22,129.9,52.23,4.2,200.0,661.55,-3414.05,EXPIRY,False,"['long_pe:20250.0PE@1355.8->1116.75', 'short_pe:20400.0PE@1452.15->1266.75', 'short_ce:20400.0CE@1.5->0.0', 'long_ce:20550.0CE@2.9->0.0']",2023,2023-10
IRON_FLY_2023-11-03_2023-11-09,IRON_FLY,NIFTY,2023-11-03,2023-11-09,21050.0,19395.3,21050.0,50,20000.0,135.8,14.2,-710.0,160.0,137.6,145.28,55.0,4.66,200.0,702.55,-1412.55,EXPIRY,False,"['long_pe:20900.0PE@1256.85->1504.7000000000007', 'short_pe:21050.0PE@1393.15->1654.7000000000007', 'short_ce:21050.0CE@0.7->0.0', 'long_ce:21200.0CE@1.2->0.0']",2023,2023-11
IRON_FLY_2023-11-10_2023-11-16,IRON_FLY,NIFTY,2023-11-10,2023-11-16,17600.0,19765.2,17600.0,50,20000.0,662.5,0.0,25625.0,160.0,198.33,203.76,65.55,6.14,200.0,833.78,24791.22,EXPIRY,True,"['long_pe:17450.0PE@0.8->0.0', 'short_pe:17600.0PE@0.6->0.0', 'short_ce:17600.0CE@2315.7->2165.2000000000007', 'long_ce:17750.0CE@1653.0->2015.2000000000007']",2023,2023-11
IRON_FLY_2023-11-17_2023-11-23,IRON_FLY,NIFTY,2023-11-17,2023-11-23,17500.0,19802.0,17500.0,50,20000.0,201.7,0.0,2585.0,160.0,206.4,221.35,68.72,7.04,200.0,863.52,1721.48,EXPIRY,True,"['long_pe:17350.0PE@1.0->0.0', 'short_pe:17500.0PE@0.85->0.0', 'short_ce:17500.0CE@2300.0->2302.0', 'long_ce:17650.0CE@2098.15->2152.0']",2023,2023-11
IRON_FLY_2023-12-01_2023-12-07,IRON_FLY,NIFTY,2023-12-01,2023-12-07,21350.0,20901.15,21350.0,50,20000.0,1194.1,0.0,52205.0,160.0,83.53,92.6,45.5,2.18,200.0,583.82,51621.18,EXPIRY,True,"['long_pe:21200.0PE@880.0->298.84999999999854', 'short_pe:21350.0PE@2074.25->448.84999999999854', 'short_ce:21350.0CE@1.05->0.0', 'long_ce:21500.0CE@1.2->0.0']",2023,2023-12
IRON_FLY_2023-12-08_2023-12-14,IRON_FLY,NIFTY,2023-12-08,2023-12-14,18700.0,21182.7,18700.0,50,20000.0,151.05,0.0,52.5,160.0,216.21,229.27,70.15,7.34,200.0,882.96,-830.46,EXPIRY,False,"['long_pe:18550.0PE@2.15->0.0', 'short_pe:18700.0PE@1.2->0.0', 'short_ce:18700.0CE@2252.0->2482.7000000000007', 'long_ce:18850.0CE@2100.0->2332.7000000000007']",2023,2023-12
IRON_FLY_2023-12-29_2024-01-04,IRON_FLY,NIFTY,2023-12-29,2024-01-04,18650.0,21658.6,18650.0,50,20000.0,132.4,17.6,-880.0,160.0,220.73,210.67,66.8,6.75,200.0,864.96,-1744.96,EXPIRY,False,"['long_pe:18500.0PE@1.8->0.0', 'short_pe:18650.0PE@1.05->0.0', 'short_ce:18650.0CE@1345.05->3008.5999999999985', 'long_ce:18800.0CE@1211.9->2858.5999999999985']",2023,2023-12
IRON_FLY_2024-01-05_2024-01-11,IRON_FLY,NIFTY,2024-01-05,2024-01-11,21710.8,21647.2,21700.0,50,20000.0,136.8,13.2,4200.0,160.0,8.12,10.9,30.77,0.29,200.0,410.08,3789.92,EXPIRY,True,"['long_pe:21550.0PE@54.4->0.0', 'short_pe:21700.0PE@111.05->52.79999999999927', 'short_ce:21700.0CE@148.95->0.0', 'long_ce:21850.0CE@68.8->0.0']",2024,2024-01
IRON_FLY_2024-01-12_2024-01-18,IRON_FLY,NIFTY,2024-01-12,2024-01-18,21894.55,21462.25,21900.0,50,20000.0,102.9,47.1,-2355.0,160.0,27.27,30.42,34.29,1.01,200.0,452.98,-2807.98,EXPIRY,False,"['long_pe:21750.0PE@165.0->287.75', 'short_pe:21900.0PE@233.15->437.75', 'short_ce:21900.0CE@63.95->0.0', 'long_ce:22050.0CE@29.2->0.0']",2024,2024-01
IRON_FLY_2024-01-19_2024-01-25,IRON_FLY,NIFTY,2024-01-19,2024-01-25,21622.4,21352.6,21600.0,50,20000.0,123.5,26.5,-1325.0,160.0,16.17,21.67,32.71,0.71,200.0,431.26,-1756.26,EXPIRY,False,"['long_pe:21450.0PE@97.0->97.40000000000146', 'short_pe:21600.0PE@154.65->247.40000000000146', 'short_ce:21600.0CE@168.0->0.0', 'long_ce:21750.0CE@102.15->0.0']",2024,2024-01
IRON_FLY_2024-01-29_2024-02-01,IRON_FLY,NIFTY,2024-01-29,2024-02-01,21737.6,21697.45,21750.0,50,20000.0,90.2,59.8,1882.5,160.0,11.26,17.07,31.88,0.52,200.0,420.73,1461.77,EXPIRY,True,"['long_pe:21600.0PE@230.0->0.0', 'short_pe:21750.0PE@300.6->52.54999999999927', 'short_ce:21750.0CE@59.7->0.0', 'long_ce:21900.0CE@40.1->0.0']",2024,2024-01
IRON_FLY_2024-02-02_2024-02-08,IRON_FLY,NIFTY,2024-02-02,2024-02-08,21853.8,21717.95,21850.0,50,20000.0,126.25,23.75,-290.0,160.0,9.69,15.64,31.62,0.5,200.0,417.46,-707.46,EXPIRY,False,"['long_pe:21700.0PE@99.0->0.0', 'short_pe:21850.0PE@180.0->132.04999999999927', 'short_ce:21850.0CE@130.0->0.0', 'long_ce:22000.0CE@84.75->0.0']",2024,2024-02
IRON_FLY_2024-02-09_2024-02-15,IRON_FLY,NIFTY,2024-02-09,2024-02-15,21782.5,21910.75,21800.0,50,20000.0,109.15,40.85,-80.0,160.0,10.85,17.4,31.94,0.56,200.0,420.75,-500.75,EXPIRY,False,"['long_pe:21650.0PE@136.95->0.0', 'short_pe:21800.0PE@191.8->0.0', 'short_ce:21800.0CE@155.45->110.75', 'long_ce:21950.0CE@101.15->0.0']",2024,2024-02
IRON_FLY_2024-02-16_2024-02-22,IRON_FLY,NIFTY,2024-02-16,2024-02-22,22040.7,22217.45,22050.0,50,20000.0,145.75,4.25,-212.5,160.0,10.5,16.03,31.69,0.52,200.0,418.73,-631.23,EXPIRY,False,"['long_pe:21900.0PE@80.0->0.0', 'short_pe:22050.0PE@155.0->0.0', 'short_ce:22050.0CE@146.0->167.45000000000073', 'long_ce:22200.0CE@75.25->17.450000000000728']",2024,2024-02
IRON_FLY_2024-02-23_2024-02-29,IRON_FLY,NIFTY,2024-02-23,2024-02-29,22212.7,21982.8,22200.0,50,20000.0,149.7,0.3,-15.0,160.0,15.72,21.8,32.73,0.7,200.0,430.95,-445.95,EXPIRY,False,"['long_pe:22050.0PE@83.0->67.20000000000073', 'short_pe:22200.0PE@147.7->217.20000000000073', 'short_ce:22200.0CE@221.0->0.0', 'long_ce:22350.0CE@136.0->0.0']",2024,2024-02
IRON_FLY_2024-03-01_2024-03-07,IRON_FLY,NIFTY,2024-03-01,2024-03-07,22338.75,22493.55,22350.0,50,20000.0,93.2,56.8,-2517.5,160.0,10.44,17.97,32.04,0.61,200.0,421.06,-2938.56,EXPIRY,False,"['long_pe:22200.0PE@204.95->0.0', 'short_pe:22350.0PE@271.45->0.0', 'short_ce:22350.0CE@62.7->143.54999999999927', 'long_ce:22500.0CE@36.0->0.0']",2024,2024-03
IRON_FLY_2024-03-11_2024-03-14,IRON_FLY,NIFTY,2024-03-11,2024-03-14,22332.65,22146.65,22350.0,50,20000.0,152.85,0.0,142.5,160.0,13.04,18.13,32.07,0.58,200.0,423.81,-281.31,EXPIRY,False,"['long_pe:22200.0PE@32.0->53.349999999998545', 'short_pe:22350.0PE@69.75->203.34999999999854', 'short_ce:22350.0CE@240.85->0.0', 'long_ce:22500.0CE@125.75->0.0']",2024,2024-03
IRON_FLY_2024-03-15_2024-03-21,IRON_FLY,NIFTY,2024-03-15,2024-03-21,22023.35,22011.95,22000.0,50,20000.0,138.05,11.95,6305.0,160.0,11.37,15.05,31.51,0.39,200.0,418.32,5886.68,EXPIRY,True,"['long_pe:21850.0PE@51.25->0.0', 'short_pe:22000.0PE@89.3->0.0', 'short_ce:22000.0CE@274.65->11.950000000000728', 'long_ce:22150.0CE@174.65->0.0']",2024,2024-03
IRON_FLY_2024-03-22_2024-03-28,IRON_FLY,NIFTY,2024-03-22,2024-03-28,22096.75,22326.9,22100.0,50,20000.0,129.15,20.85,-1042.5,160.0,13.34,18.01,32.05,0.59,200.0,423.99,-1466.49,EXPIRY,False,"['long_pe:21950.0PE@89.8->0.0', 'short_pe:22100.0PE@154.95->0.0', 'short_ce:22100.0CE@118.0->226.90000000000146', 'long_ce:22250.0CE@54.0->76.90000000000146']",2024,2024-03
IRON_FLY_2024-04-01_2024-04-04,IRON_FLY,NIFTY,2024-04-01,2024-04-04,22462.0,22514.65,22450.0,50,20000.0,105.85,44.15,2060.0,160.0,7.06,10.27,30.65,0.3,200.0,408.27,1651.73,EXPIRY,True,"['long_pe:22300.0PE@60.0->0.0', 'short_pe:22450.0PE@123.9->0.0', 'short_ce:22450.0CE@102.0->64.65000000000146', 'long_ce:22600.0CE@60.05->0.0']",2024,2024-04
IRON_FLY_2024-04-05_2024-04-10,IRON_FLY,NIFTY,2024-04-05,2024-04-10,22513.7,22753.8,22500.0,50,20000.0,118.4,31.6,-1580.0,160.0,14.5,18.8,32.19,0.63,200.0,426.12,-2006.12,EXPIRY,False,"['long_pe:22350.0PE@68.05->0.0', 'short_pe:22500.0PE@116.4->0.0', 'short_ce:22500.0CE@140.0->253.79999999999927', 'long_ce:22650.0CE@69.95->103.79999999999927']",2024,2024-04
IRON_FLY_2024-04-12_2024-04-18,IRON_FLY,NIFTY,2024-04-12,2024-04-18,22519.4,21995.85,22500.0,50,20000.0,66.45,83.55,-4177.5,160.0,31.01,34.0,34.93,1.15,200.0,461.1,-4638.6,EXPIRY,False,"['long_pe:22350.0PE@33.0->354.15000000000146', 'short_pe:22500.0PE@60.05->504.15000000000146', 'short_ce:22500.0CE@224.05->0.0', 'long_ce:22650.0CE@184.65->0.0']",2024,2024-04
IRON_FLY_2024-04-19_2024-04-25,IRON_FLY,NIFTY,2024-04-19,2024-04-25,22147.0,22570.35,22150.0,50,20000.0,66.9,83.1,-4155.0,160.0,25.33,29.09,34.05,0.99,200.0,449.47,-4604.47,EXPIRY,False,"['long_pe:22000.0PE@171.1->0.0', 'short_pe:22150.0PE@220.0->0.0', 'short_ce:22150.0CE@50.0->420.34999999999854', 'long_ce:22300.0CE@32.0->270.34999999999854']",2024,2024-04
IRON_FLY_2024-04-26_2024-05-02,IRON_FLY,NIFTY,2024-04-26,2024-05-02,22419.95,22648.2,22400.0,25,20000.0,124.35,25.65,-641.25,160.0,8.25,11.06,30.8,0.36,100.0,310.47,-951.72,EXPIRY,False,"['long_pe:22250.0PE@42.2->0.0', 'short_pe:22400.0PE@66.55->0.0', 'short_ce:22400.0CE@265.0->248.20000000000073', 'long_ce:22550.0CE@165.0->98.20000000000073']",2024,2024-04
IRON_FLY_2024-05-03_2024-05-09,IRON_FLY,NIFTY,2024-05-03,2024-05-09,22475.85,21957.5,22500.0,25,20000.0,122.8,27.2,-680.0,160.0,17.97,19.27,32.28,0.63,100.0,330.14,-1010.14,EXPIRY,False,"['long_pe:22350.0PE@24.05->392.5', 'short_pe:22500.0PE@29.85->542.5', 'short_ce:22500.0CE@335.0->0.0', 'long_ce:22650.0CE@218.0->0.0']",2024,2024-05
IRON_FLY_2024-05-10_2024-05-16,IRON_FLY,NIFTY,2024-05-10,2024-05-16,22055.2,22403.85,22050.0,25,20000.0,134.25,15.75,-393.75,160.0,11.67,13.77,31.28,0.45,100.0,317.17,-710.92,EXPIRY,False,"['long_pe:21900.0PE@115.0->0.0', 'short_pe:22050.0PE@164.0->0.0', 'short_ce:22050.0CE@175.0->353.84999999999854', 'long_ce:22200.0CE@89.75->203.84999999999854']",2024,2024-05
IRON_FLY_2024-05-17_2024-05-23,IRON_FLY,NIFTY,2024-05-17,2024-05-23,22466.1,22967.65,22450.0,25,20000.0,132.05,17.95,-448.75,160.0,16.37,17.22,31.91,0.56,100.0,326.05,-774.8,EXPIRY,False,"['long_pe:22300.0PE@101.15->0.0', 'short_pe:22450.0PE@166.2->0.0', 'short_ce:22450.0CE@146.0->517.6500000000015', 'long_ce:22600.0CE@79.0->367.65000000000146']",2024,2024-05
IRON_FLY_2024-05-24_2024-05-30,IRON_FLY,NIFTY,2024-05-24,2024-05-30,22957.1,22488.65,22950.0,25,20000.0,123.6,26.4,-660.0,160.0,15.01,16.56,31.79,0.54,100.0,323.9,-983.9,EXPIRY,False,"['long_pe:22800.0PE@99.0->311.34999999999854', 'short_pe:22950.0PE@148.0->461.34999999999854', 'short_ce:22950.0CE@190.0->0.0', 'long_ce:23100.0CE@115.4->0.0']",2024,2024-05
IRON_FLY_2024-05-31_2024-06-06,IRON_FLY,NIFTY,2024-05-31,2024-06-06,22530.7,22821.4,22550.0,25,20000.0,332.0,0.0,4550.0,160.0,20.31,27.19,33.7,0.8,100.0,342.0,4208.0,EXPIRY,True,"['long_pe:22400.0PE@340.0->0.0', 'short_pe:22550.0PE@500.0->0.0', 'short_ce:22550.0CE@557.0->271.40000000000146', 'long_ce:22700.0CE@385.0->121.40000000000146']",2024,2024-05
IRON_FLY_2024-06-07_2024-06-13,IRON_FLY,NIFTY,2024-06-07,2024-06-13,23290.15,23398.9,23300.0,25,20000.0,118.05,31.95,478.75,160.0,8.77,13.79,31.29,0.43,100.0,314.28,164.47,EXPIRY,True,"['long_pe:23150.0PE@399.1->0.0', 'short_pe:23300.0PE@506.15->0.0', 'short_ce:23300.0CE@55.05->98.90000000000146', 'long_ce:23450.0CE@44.05->0.0']",2024,2024-06
IRON_FLY_2024-06-14_2024-06-20,IRON_FLY,NIFTY,2024-06-14,2024-06-20,23465.6,23567.0,23450.0,25,20000.0,132.7,17.3,392.5,160.0,4.37,6.79,30.03,0.21,100.0,301.4,91.1,EXPIRY,True,"['long_pe:23300.0PE@91.3->0.0', 'short_pe:23450.0PE@170.0->0.0', 'short_ce:23450.0CE@109.55->117.0', 'long_ce:23600.0CE@55.55->0.0']",2024,2024-06
IRON_FLY_2024-06-21_2024-06-27,IRON_FLY,NIFTY,2024-06-21,2024-06-27,23501.1,24044.5,23500.0,25,20000.0,108.7,41.3,-1032.5,160.0,16.7,17.38,31.93,0.57,100.0,326.59,-1359.09,EXPIRY,False,"['long_pe:23350.0PE@55.1->0.0', 'short_pe:23500.0PE@85.0->0.0', 'short_ce:23500.0CE@195.0->544.5', 'long_ce:23650.0CE@116.2->394.5']",2024,2024-06
IRON_FLY_2024-06-28_2024-07-04,IRON_FLY,NIFTY,2024-06-28,2024-07-04,24010.6,24302.15,24000.0,25,20000.0,131.4,18.6,-465.0,160.0,10.0,12.44,31.04,0.4,100.0,313.89,-778.89,EXPIRY,False,"['long_pe:23850.0PE@79.95->0.0', 'short_pe:24000.0PE@140.0->0.0', 'short_ce:24000.0CE@196.0->302.15000000000146', 'long_ce:24150.0CE@124.65->152.15000000000146']",2024,2024-06
IRON_FLY_2024-07-05_2024-07-11,IRON_FLY,NIFTY,2024-07-05,2024-07-11,24323.85,24315.95,24300.0,25,20000.0,109.9,40.1,2348.75,160.0,4.14,5.45,29.78,0.14,100.0,299.51,2049.24,EXPIRY,True,"['long_pe:24150.0PE@95.0->0.0', 'short_pe:24300.0PE@140.0->0.0', 'short_ce:24300.0CE@124.9->15.950000000000728', 'long_ce:24450.0CE@60.0->0.0']",2024,2024-07
IRON_FLY_2024-07-12_2024-07-18,IRON_FLY,NIFTY,2024-07-12,2024-07-18,24502.15,24800.85,24500.0,25,20000.0,124.4,25.6,-640.0,160.0,8.78,10.59,30.71,0.35,100.0,310.43,-950.43,EXPIRY,False,"['long_pe:24350.0PE@97.8->0.0', 'short_pe:24500.0PE@166.0->0.0', 'short_ce:24500.0CE@94.05->300.84999999999854', 'long_ce:24650.0CE@37.85->150.84999999999854']",2024,2024-07
IRON_FLY_2024-07-19_2024-07-25,IRON_FLY,NIFTY,2024-07-19,2024-07-25,24530.9,24406.1,24550.0,25,20000.0,149.4,0.6,137.5,160.0,8.42,13.4,31.22,0.43,100.0,313.46,-175.96,EXPIRY,False,"['long_pe:24400.0PE@84.4->0.0', 'short_pe:24550.0PE@126.7->143.90000000000146', 'short_ce:24550.0CE@412.1->0.0', 'long_ce:24700.0CE@305.0->0.0']",2024,2024-07
IRON_FLY_2024-07-26_2024-08-01,IRON_FLY,NIFTY,2024-07-26,2024-08-01,24834.85,25010.9,24850.0,25,20000.0,136.35,13.65,-341.25,160.0,7.91,12.55,31.06,0.41,100.0,311.93,-653.18,EXPIRY,False,"['long_pe:24700.0PE@338.05->0.0', 'short_pe:24850.0PE@461.85->0.0', 'short_ce:24850.0CE@22.55->160.90000000000146', 'long_ce:25000.0CE@10.0->10.900000000001455']",2024,2024-07
IRON_FLY_2024-08-02_2024-08-08,IRON_FLY,NIFTY,2024-08-02,2024-08-08,24717.7,24117.0,24700.0,25,20000.0,79.15,70.85,-1771.25,160.0,17.77,18.49,32.13,0.62,100.0,329.0,-2100.25,EXPIRY,False,"['long_pe:24550.0PE@58.85->433.0', 'short_pe:24700.0PE@90.0->583.0', 'short_ce:24700.0CE@181.0->0.0', 'long_ce:24850.0CE@133.0->0.0']",2024,2024-08
IRON_FLY_2024-08-09_2024-08-14,IRON_FLY,NIFTY,2024-08-09,2024-08-14,24367.5,24143.75,24350.0,25,20000.0,105.1,44.9,-1122.5,160.0,7.07,10.47,30.69,0.35,100.0,308.58,-1431.08,EXPIRY,False,"['long_pe:24200.0PE@134.9->56.25', 'short_pe:24350.0PE@190.0->206.25', 'short_ce:24350.0CE@150.0->0.0', 'long_ce:24500.0CE@100.0->0.0']",2024,2024-08
IRON_FLY_2024-08-16_2024-08-22,IRON_FLY,NIFTY,2024-08-16,2024-08-22,24541.15,24811.5,24550.0,25,20000.0,147.65,2.35,-58.75,160.0,9.19,11.94,30.95,0.38,100.0,312.47,-371.22,EXPIRY,False,"['long_pe:24400.0PE@182.0->0.0', 'short_pe:24550.0PE@300.0->0.0', 'short_ce:24550.0CE@65.0->261.5', 'long_ce:24700.0CE@35.35->111.5']",2024,2024-08
IRON_FLY_2024-08-23_2024-08-29,IRON_FLY,NIFTY,2024-08-23,2024-08-29,24823.15,25151.95,24800.0,25,20000.0,143.2,6.8,-170.0,160.0,10.78,12.29,31.02,0.4,100.0,314.48,-484.48,EXPIRY,False,"['long_pe:24650.0PE@60.0->0.0', 'short_pe:24800.0PE@117.2->0.0', 'short_ce:24800.0CE@169.0->351.9500000000007', 'long_ce:24950.0CE@83.0->201.95000000000073']",2024,2024-08
IRON_FLY_2024-08-30_2024-09-05,IRON_FLY,NIFTY,2024-08-30,2024-09-05,25235.9,25145.1,25250.0,25,20000.0,112.45,37.55,188.75,160.0,4.46,7.04,30.07,0.22,100.0,301.79,-113.04,EXPIRY,False,"['long_pe:25100.0PE@83.0->0.0', 'short_pe:25250.0PE@155.45->104.90000000000146', 'short_ce:25250.0CE@130.0->0.0', 'long_ce:25400.0CE@90.0->0.0']",2024,2024-08
IRON_FLY_2024-09-06_2024-09-12,IRON_FLY,NIFTY,2024-09-06,2024-09-12,24852.15,25388.9,24850.0,25,20000.0,100.0,50.0,-1250.0,160.0,18.27,20.14,32.43,0.66,100.0,331.51,-1581.51,EXPIRY,False,"['long_pe:24700.0PE@33.75->0.0', 'short_pe:24850.0PE@43.0->0.0', 'short_ce:24850.0CE@348.75->538.9000000000015', 'long_ce:25000.0CE@258.0->388.90000000000146']",2024,2024-09
IRON_FLY_2024-09-13_2024-09-19,IRON_FLY,NIFTY,2024-09-13,2024-09-19,25356.5,25415.8,25350.0,25,20000.0,123.8,26.2,1450.0,160.0,4.73,6.85,30.04,0.2,100.0,301.81,1148.19,EXPIRY,True,"['long_pe:25200.0PE@98.0->0.0', 'short_pe:25350.0PE@162.15->0.0', 'short_ce:25350.0CE@140.75->65.79999999999927', 'long_ce:25500.0CE@81.1->0.0']",2024,2024-09
IRON_FLY_2024-09-20_2024-09-26,IRON_FLY,NIFTY,2024-09-20,2024-09-26,25790.95,26216.05,25800.0,25,20000.0,125.8,24.2,-605.0,160.0,13.71,15.58,31.61,0.51,100.0,321.4,-926.4,EXPIRY,False,"['long_pe:25650.0PE@194.25->0.0', 'short_pe:25800.0PE@301.05->0.0', 'short_ce:25800.0CE@44.0->416.0499999999993', 'long_ce:25950.0CE@25.0->266.0499999999993']",2024,2024-09
IRON_FLY_2024-09-27_2024-10-03,IRON_FLY,NIFTY,2024-09-27,2024-10-03,26178.95,25250.1,26200.0,25,20000.0,145.55,4.45,-111.25,160.0,29.97,28.02,33.85,0.9,100.0,352.74,-463.99,EXPIRY,False,"['long_pe:26050.0PE@80.0->799.9000000000015', 'short_pe:26200.0PE@155.0->949.9000000000015', 'short_ce:26200.0CE@163.5->0.0', 'long_ce:26350.0CE@92.95->0.0']",2024,2024-09
IRON_FLY_2024-10-04_2024-10-10,IRON_FLY,NIFTY,2024-10-04,2024-10-10,25014.6,24998.45,25000.0,25,20000.0,111.15,38.85,2740.0,160.0,11.33,9.96,30.6,0.28,100.0,312.16,2427.84,EXPIRY,True,"['long_pe:24850.0PE@63.0->0.0', 'short_pe:25000.0PE@82.15->1.5499999999992724', 'short_ce:25000.0CE@371.0->0.0', 'long_ce:25150.0CE@279.0->0.0']",2024,2024-10
IRON_FLY_2024-10-11_2024-10-17,IRON_FLY,NIFTY,2024-10-11,2024-10-17,24964.25,24749.85,24950.0,25,20000.0,137.55,12.45,-311.25,160.0,10.62,10.46,30.69,0.34,100.0,312.1,-623.35,EXPIRY,False,"['long_pe:24800.0PE@88.0->50.150000000001455', 'short_pe:24950.0PE@137.95->200.15000000000146', 'short_ce:24950.0CE@224.0->0.0', 'long_ce:25100.0CE@136.4->0.0']",2024,2024-10
IRON_FLY_2024-10-18_2024-10-24,IRON_FLY,NIFTY,2024-10-18,2024-10-24,24854.05,24399.4,24850.0,25,20000.0,147.3,2.7,-67.5,160.0,18.03,16.18,31.72,0.52,100.0,326.44,-393.94,EXPIRY,False,"['long_pe:24700.0PE@140.0->300.59999999999854', 'short_pe:24850.0PE@230.3->450.59999999999854', 'short_ce:24850.0CE@115.0->0.0', 'long_ce:25000.0CE@58.0->0.0']",2024,2024-10
IRON_FLY_2024-10-25_2024-10-31,IRON_FLY,NIFTY,2024-10-25,2024-10-31,24180.8,24205.35,24200.0,25,20000.0,139.35,10.65,3350.0,160.0,10.14,8.46,30.33,0.22,100.0,309.15,3040.85,EXPIRY,True,"['long_pe:24050.0PE@46.0->0.0', 'short_pe:24200.0PE@66.7->0.0', 'short_ce:24200.0CE@338.85->5.349999999998545', 'long_ce:24350.0CE@220.2->0.0']",2024,2024-10
IRON_FLY_2024-11-01_2024-11-07,IRON_FLY,NIFTY,2024-11-01,2024-11-07,24304.35,24199.35,24300.0,25,20000.0,119.05,30.95,460.0,160.0,10.54,10.31,30.66,0.32,100.0,311.84,148.16,EXPIRY,True,"['long_pe:24150.0PE@159.0->0.0', 'short_pe:24300.0PE@204.0->100.65000000000146', 'short_ce:24300.0CE@217.75->0.0', 'long_ce:24450.0CE@143.7->0.0']",2024,2024-11
IRON_FLY_2024-11-08_2024-11-14,IRON_FLY,NIFTY,2024-11-08,2024-11-14,24148.2,23532.7,24150.0,25,20000.0,152.1,0.0,52.5,160.0,24.23,21.28,32.64,0.68,100.0,338.83,-286.33,EXPIRY,False,"['long_pe:24000.0PE@98.9->467.2999999999993', 'short_pe:24150.0PE@160.0->617.2999999999993', 'short_ce:24150.0CE@225.0->0.0', 'long_ce:24300.0CE@134.0->0.0']",2024,2024-11
IRON_FLY_2024-11-18_2024-11-21,IRON_FLY,NIFTY,2024-11-18,2024-11-21,23453.8,23349.9,23450.0,25,20000.0,101.15,48.85,26.25,160.0,7.23,7.22,30.1,0.23,100.0,304.79,-278.54,EXPIRY,False,"['long_pe:23300.0PE@45.2->0.0', 'short_pe:23450.0PE@93.2->100.09999999999854', 'short_ce:23450.0CE@196.15->0.0', 'long_ce:23600.0CE@143.0->0.0']",2024,2024-11
IRON_FLY_2024-11-22_2024-11-28,IRON_FLY,NIFTY,2024-11-22,2024-11-28,23907.25,23914.15,23900.0,25,20000.0,130.3,19.7,2903.75,160.0,13.35,11.9,30.95,0.34,100.0,316.53,2587.22,EXPIRY,True,"['long_pe:23750.0PE@390.75->0.0', 'short_pe:23900.0PE@510.0->0.0', 'short_ce:23900.0CE@24.05->14.150000000001455', 'long_ce:24050.0CE@13.0->0.0']",2024,2024-11
IRON_FLY_2024-11-29_2024-12-05,IRON_FLY,NIFTY,2024-11-29,2024-12-05,24131.1,24708.4,24150.0,25,20000.0,124.1,25.9,-647.5,160.0,22.2,19.98,32.4,0.65,100.0,335.23,-982.73,EXPIRY,False,"['long_pe:24000.0PE@176.55->0.0', 'short_pe:24150.0PE@250.9->0.0', 'short_ce:24150.0CE@126.75->558.4000000000015', 'long_ce:24300.0CE@77.0->408.40000000000146']",2024,2024-11
IRON_FLY_2024-12-06_2024-12-12,IRON_FLY,NIFTY,2024-12-06,2024-12-12,24677.8,24548.7,24700.0,25,20000.0,116.7,33.3,-832.5,160.0,11.12,11.53,30.88,0.38,100.0,313.91,-1146.41,EXPIRY,False,"['long_pe:24550.0PE@167.95->1.2999999999992724', 'short_pe:24700.0PE@218.2->151.29999999999927', 'short_ce:24700.0CE@225.0->0.0', 'long_ce:24850.0CE@158.55->0.0']",2024,2024-12
IRON_FLY_2024-12-13_2024-12-19,IRON_FLY,NIFTY,2024-12-13,2024-12-19,24768.3,23951.7,24750.0,25,20000.0,145.8,4.2,-105.0,160.0,29.78,25.78,33.45,0.83,100.0,349.83,-454.83,EXPIRY,False,"['long_pe:24600.0PE@184.95->648.2999999999993', 'short_pe:24750.0PE@300.8->798.2999999999993', 'short_ce:24750.0CE@79.95->0.0', 'long_ce:24900.0CE@50.0->0.0']",2024,2024-12
IRON_FLY_2024-12-20_2024-12-26,IRON_FLY,NIFTY,2024-12-20,2024-12-26,23587.5,23750.2,23600.0,25,20000.0,154.25,0.0,106.25,160.0,13.88,13.82,31.29,0.44,100.0,319.44,-213.19,EXPIRY,False,"['long_pe:23450.0PE@46.15->0.0', 'short_pe:23600.0PE@69.9->0.0', 'short_ce:23600.0CE@485.0->150.20000000000073', 'long_ce:23750.0CE@354.5->0.2000000000007276']",2024,2024-12
IRON_FLY_2024-12-27_2025-01-02,IRON_FLY,NIFTY,2024-12-27,2025-01-02,23813.4,24188.65,23800.0,75,20000.0,125.75,24.25,-1818.75,160.0,49.37,45.81,37.06,1.49,300.0,593.74,-2412.49,EXPIRY,False,"['long_pe:23650.0PE@114.2->0.0', 'short_pe:23800.0PE@159.0->0.0', 'short_ce:23800.0CE@201.0->388.65000000000146', 'long_ce:23950.0CE@120.05->238.65000000000146']",2024,2024-12
IRON_FLY_2025-01-03_2025-01-09,IRON_FLY,NIFTY,2025-01-03,2025-01-09,24004.75,23526.5,24000.0,75,20000.0,129.85,20.15,-1511.25,160.0,61.1,55.79,38.86,1.81,300.0,617.56,-2128.81,EXPIRY,False,"['long_pe:23850.0PE@72.45->323.5', 'short_pe:24000.0PE@114.3->473.5', 'short_ce:24000.0CE@296.0->0.0', 'long_ce:24150.0CE@208.0->0.0']",2025,2025-01
IRON_FLY_2025-01-10_2025-01-16,IRON_FLY,NIFTY,2025-01-10,2025-01-16,23431.5,23311.8,23450.0,75,20000.0,159.5,0.0,1597.5,160.0,30.38,29.58,34.13,0.92,300.0,555.01,1042.49,EXPIRY,True,"['long_pe:23300.0PE@75.5->0.0', 'short_pe:23450.0PE@130.0->138.20000000000073', 'short_ce:23450.0CE@275.0->0.0', 'long_ce:23600.0CE@170.0->0.0']",2025,2025-01
IRON_FLY_2025-01-17_2025-01-23,IRON_FLY,NIFTY,2025-01-17,2025-01-23,23203.2,23205.35,23200.0,75,20000.0,121.25,28.75,8692.5,160.0,29.48,25.13,33.33,0.67,300.0,548.62,8143.88,EXPIRY,True,"['long_pe:23050.0PE@97.8->0.0', 'short_pe:23200.0PE@133.0->0.0', 'short_ce:23200.0CE@260.05->5.349999999998545', 'long_ce:23350.0CE@174.0->0.0']",2025,2025-01
IRON_FLY_2025-01-24_2025-01-30,IRON_FLY,NIFTY,2025-01-24,2025-01-30,23092.2,23249.5,23100.0,25,20000.0,125.2,24.8,-607.5,160.0,10.13,10.43,30.68,0.34,100.0,311.58,-919.08,EXPIRY,False,"['long_pe:22950.0PE@85.0->0.0', 'short_pe:23100.0PE@120.0->0.0', 'short_ce:23100.0CE@285.1->149.5', 'long_ce:23250.0CE@194.9->0.0']",2025,2025-01
IRON_FLY_2025-01-31_2025-02-06,IRON_FLY,NIFTY,2025-01-31,2025-02-06,23508.4,23603.35,23500.0,75,20000.0,130.1,19.9,2006.25,160.0,46.27,45.26,36.96,1.42,300.0,589.91,1416.34,EXPIRY,True,"['long_pe:23350.0PE@309.8->0.0', 'short_pe:23500.0PE@374.95->0.0', 'short_ce:23500.0CE@241.95->103.34999999999854', 'long_ce:23650.0CE@177.0->0.0']",2025,2025-01
IRON_FLY_2025-02-07_2025-02-13,IRON_FLY,NIFTY,2025-02-07,2025-02-13,23559.95,23031.4,23550.0,75,20000.0,133.4,16.6,-1245.0,160.0,63.29,57.0,39.08,1.84,300.0,621.22,-1866.22,EXPIRY,False,"['long_pe:23400.0PE@83.0->368.59999999999854', 'short_pe:23550.0PE@138.15->518.5999999999985', 'short_ce:23550.0CE@245.0->0.0', 'long_ce:23700.0CE@166.75->0.0']",2025,2025-02
IRON_FLY_2025-02-14_2025-02-20,IRON_FLY,NIFTY,2025-02-14,2025-02-20,22929.25,22913.15,22950.0,75,20000.0,58.85,91.15,1650.0,160.0,23.46,22.64,32.88,0.7,300.0,539.69,1110.31,EXPIRY,True,"['long_pe:22800.0PE@64.0->0.0', 'short_pe:22950.0PE@98.3->36.849999999998545', 'short_ce:22950.0CE@214.55->0.0', 'long_ce:23100.0CE@190.0->0.0']",2025,2025-02
IRON_FLY_2025-02-21_2025-02-27,IRON_FLY,NIFTY,2025-02-21,2025-02-27,22795.9,22545.05,22800.0,75,20000.0,124.45,25.55,-1916.25,160.0,35.91,34.9,35.09,1.15,300.0,567.05,-2483.3,EXPIRY,False,"['long_pe:22650.0PE@75.0->104.95000000000073', 'short_pe:22800.0PE@113.4->254.95000000000073', 'short_ce:22800.0CE@234.2->0.0', 'long_ce:22950.0CE@148.15->0.0']",2025,2025-02
IRON_FLY_2025-02-28_2025-03-06,IRON_FLY,NIFTY,2025-02-28,2025-03-06,22124.7,22544.7,22100.0,75,20000.0,102.95,47.05,-3528.75,160.0,60.92,57.16,39.11,1.88,300.0,619.08,-4147.83,EXPIRY,False,"['long_pe:21950.0PE@20.0->0.0', 'short_pe:22100.0PE@29.0->0.0', 'short_ce:22100.0CE@414.95->444.7000000000007', 'long_ce:22250.0CE@321.0->294.7000000000007']",2025,2025-02
IRON_FLY_2025-03-07_2025-03-13,IRON_FLY,NIFTY,2025-03-07,2025-03-13,22552.5,22397.2,22550.0,75,20000.0,121.3,28.7,-2152.5,160.0,23.46,24.48,33.22,0.82,300.0,541.98,-2694.48,EXPIRY,False,"['long_pe:22400.0PE@110.0->2.7999999999992724', 'short_pe:22550.0PE@165.15->152.79999999999927', 'short_ce:22550.0CE@144.15->0.0', 'long_ce:22700.0CE@78.0->0.0']",2025,2025-03
IRON_FLY_2025-03-17_2025-03-20,IRON_FLY,NIFTY,2025-03-17,2025-03-20,22508.75,23190.65,22500.0,75,20000.0,95.7,54.3,-4072.5,160.0,67.7,59.6,39.55,1.97,300.0,628.81,-4701.31,EXPIRY,False,"['long_pe:22350.0PE@88.95->0.0', 'short_pe:22500.0PE@130.0->0.0', 'short_ce:22500.0CE@96.8->690.6500000000015', 'long_ce:22650.0CE@42.15->540.6500000000015']",2025,2025-03
IRON_FLY_2025-03-21_2025-03-27,IRON_FLY,NIFTY,2025-03-21,2025-03-27,23350.4,23591.95,23350.0,75,20000.0,130.15,19.85,-1488.75,160.0,31.5,30.52,34.3,1.0,300.0,557.32,-2046.07,EXPIRY,False,"['long_pe:23200.0PE@144.9->0.0', 'short_pe:23350.0PE@235.05->0.0', 'short_ce:23350.0CE@70.0->241.95000000000073', 'long_ce:23500.0CE@30.0->91.95000000000073']",2025,2025-03
IRON_FLY_2025-03-28_2025-04-03,IRON_FLY,NIFTY,2025-03-28,2025-04-03,23519.35,23250.1,23500.0,75,20000.0,128.8,21.2,-1590.0,160.0,36.81,35.73,35.24,1.17,300.0,568.96,-2158.96,EXPIRY,False,"['long_pe:23350.0PE@52.95->99.90000000000146', 'short_pe:23500.0PE@91.0->249.90000000000146', 'short_ce:23500.0CE@274.95->0.0', 'long_ce:23650.0CE@184.2->0.0']",2025,2025-03
IRON_FLY_2025-04-04_2025-04-09,IRON_FLY,NIFTY,2025-04-04,2025-04-09,22904.45,22399.15,22900.0,75,20000.0,105.95,44.05,-3303.75,160.0,60.65,55.72,38.85,1.83,300.0,617.05,-3920.8,EXPIRY,False,"['long_pe:22750.0PE@34.55->350.84999999999854', 'short_pe:22900.0PE@60.05->500.84999999999854', 'short_ce:22900.0CE@310.0->0.0', 'long_ce:23050.0CE@229.55->0.0']",2025,2025-04
IRON_FLY_2025-04-11_2025-04-17,IRON_FLY,NIFTY,2025-04-11,2025-04-17,22828.55,23851.65,22850.0,75,20000.0,100.75,49.25,-3693.75,160.0,117.34,103.22,47.42,3.36,300.0,731.33,-4425.08,EXPIRY,False,"['long_pe:22700.0PE@274.2->0.0', 'short_pe:22850.0PE@300.0->0.0', 'short_ce:22850.0CE@199.95->1001.6500000000015', 'long_ce:23000.0CE@125.0->851.6500000000015']",2025,2025-04
IRON_FLY_2025-04-21_2025-04-24,IRON_FLY,NIFTY,2025-04-21,2025-04-24,24125.55,24246.7,24150.0,75,20000.0,150.2,0.0,4012.5,160.0,31.07,29.06,34.04,0.87,300.0,555.04,3457.46,EXPIRY,True,"['long_pe:24000.0PE@211.0->0.0', 'short_pe:24150.0PE@319.25->0.0', 'short_ce:24150.0CE@95.0->96.70000000000073', 'long_ce:24300.0CE@53.05->0.0']",2025,2025-04
IRON_FLY_2025-04-25_2025-04-30,IRON_FLY,NIFTY,2025-04-25,2025-04-30,24039.35,24334.2,24050.0,75,20000.0,145.95,4.05,-303.75,160.0,47.08,44.71,36.86,1.44,300.0,590.09,-893.84,EXPIRY,False,"['long_pe:23900.0PE@68.0->0.0', 'short_pe:24050.0PE@90.0->0.0', 'short_ce:24050.0CE@369.95->284.2000000000007', 'long_ce:24200.0CE@246.0->134.20000000000073']",2025,2025-04
IRON_FLY_2025-05-02_2025-05-08,IRON_FLY,NIFTY,2025-05-02,2025-05-08,24346.7,24273.8,24350.0,75,20000.0,149.1,0.9,5467.5,160.0,36.38,33.64,34.87,0.99,300.0,565.88,4901.62,EXPIRY,True,"['long_pe:24200.0PE@189.9->0.0', 'short_pe:24350.0PE@250.0->76.20000000000073', 'short_ce:24350.0CE@235.0->0.0', 'long_ce:24500.0CE@146.0->0.0']",2025,2025-05
IRON_FLY_2025-05-09_2025-05-15,IRON_FLY,NIFTY,2025-05-09,2025-05-15,24008.0,25062.1,24000.0,75,20000.0,114.5,35.5,-2662.5,160.0,124.97,109.2,48.5,3.53,300.0,746.2,-3408.7,EXPIRY,False,"['long_pe:23850.0PE@250.0->0.0', 'short_pe:24000.0PE@300.0->0.0', 'short_ce:24000.0CE@226.15->1062.0999999999985', 'long_ce:24150.0CE@161.65->912.0999999999985']",2025,2025-05
IRON_FLY_2025-05-16_2025-05-22,IRON_FLY,NIFTY,2025-05-16,2025-05-22,25019.8,24609.7,25000.0,75,20000.0,115.65,34.35,-2576.25,160.0,52.98,49.76,37.77,1.63,300.0,602.14,-3178.39,EXPIRY,False,"['long_pe:24850.0PE@117.0->240.29999999999927', 'short_pe:25000.0PE@176.0->390.2999999999993', 'short_ce:25000.0CE@230.0->0.0', 'long_ce:25150.0CE@173.35->0.0']",2025,2025-05
IRON_FLY_2025-05-23_2025-05-29,IRON_FLY,NIFTY,2025-05-23,2025-05-29,24853.15,24833.6,24850.0,75,20000.0,128.55,21.45,8411.25,160.0,31.64,27.43,33.75,0.75,300.0,553.57,7857.68,EXPIRY,True,"['long_pe:24700.0PE@219.45->0.0', 'short_pe:24850.0PE@296.85->16.400000000001455', 'short_ce:24850.0CE@125.0->0.0', 'long_ce:25000.0CE@73.85->0.0']",2025,2025-05
IRON_FLY_2025-05-30_2025-06-05,IRON_FLY,NIFTY,2025-05-30,2025-06-05,24750.7,24750.9,24750.0,75,20000.0,155.5,0.0,11595.0,160.0,32.62,26.83,33.64,0.68,300.0,553.78,11041.22,EXPIRY,True,"['long_pe:24600.0PE@90.5->0.0', 'short_pe:24750.0PE@155.0->0.0', 'short_ce:24750.0CE@280.0->0.9000000000014552', 'long_ce:24900.0CE@189.0->0.0']",2025,2025-05
IRON_FLY_2025-06-06_2025-06-12,IRON_FLY,NIFTY,2025-06-06,2025-06-12,25003.05,24888.2,25000.0,75,20000.0,140.75,9.25,2171.25,160.0,31.57,30.49,34.3,0.94,300.0,557.3,1613.95,EXPIRY,True,"['long_pe:24850.0PE@220.0->0.0', 'short_pe:25000.0PE@317.95->111.79999999999927', 'short_ce:25000.0CE@103.0->0.0', 'long_ce:25150.0CE@60.2->0.0']",2025,2025-06
IRON_FLY_2025-06-13_2025-06-19,IRON_FLY,NIFTY,2025-06-13,2025-06-19,24718.6,24793.25,24700.0,75,20000.0,77.65,72.35,-1170.0,160.0,26.3,26.89,33.65,0.88,300.0,547.72,-1717.72,EXPIRY,False,"['long_pe:24550.0PE@193.5->0.0', 'short_pe:24700.0PE@251.0->0.0', 'short_ce:24700.0CE@99.7->93.25', 'long_ce:24850.0CE@79.55->0.0']",2025,2025-06
IRON_FLY_2025-06-20_2025-06-26,IRON_FLY,NIFTY,2025-06-20,2025-06-26,25112.4,25549.0,25100.0,75,20000.0,128.9,21.1,-1582.5,160.0,59.22,54.41,38.61,1.76,300.0,614.0,-2196.5,EXPIRY,False,"['long_pe:24950.0PE@253.65->0.0', 'short_pe:25100.0PE@355.85->0.0', 'short_ce:25100.0CE@60.0->449.0', 'long_ce:25250.0CE@33.3->299.0']",2025,2025-06
IRON_FLY_2025-06-27_2025-07-03,IRON_FLY,NIFTY,2025-06-27,2025-07-03,25637.8,25405.3,25650.0,75,20000.0,104.2,45.8,-3435.0,160.0,32.51,32.45,34.65,1.09,300.0,560.7,-3995.7,EXPIRY,False,"['long_pe:25500.0PE@144.2->94.70000000000073', 'short_pe:25650.0PE@180.05->244.70000000000073', 'short_ce:25650.0CE@135.0->0.0', 'long_ce:25800.0CE@66.65->0.0']",2025,2025-06
IRON_FLY_2025-07-04_2025-07-10,IRON_FLY,NIFTY,2025-07-04,2025-07-10,25461.0,25355.25,25450.0,75,20000.0,124.65,25.35,2242.5,160.0,24.05,22.93,32.94,0.7,300.0,540.61,1701.89,EXPIRY,True,"['long_pe:25300.0PE@96.0->0.0', 'short_pe:25450.0PE@160.65->94.75', 'short_ce:25450.0CE@160.0->0.0', 'long_ce:25600.0CE@100.0->0.0']",2025,2025-07
IRON_FLY_2025-07-11_2025-07-17,IRON_FLY,NIFTY,2025-07-11,2025-07-17,25149.85,25111.45,25150.0,75,20000.0,113.05,36.95,5587.5,160.0,22.44,19.65,32.34,0.54,300.0,534.98,5052.52,EXPIRY,True,"['long_pe:25000.0PE@40.0->0.0', 'short_pe:25150.0PE@78.0->38.54999999999927', 'short_ce:25150.0CE@221.25->0.0', 'long_ce:25300.0CE@146.2->0.0']",2025,2025-07
IRON_FLY_2025-07-18_2025-07-24,IRON_FLY,NIFTY,2025-07-18,2025-07-24,24968.4,25062.1,24950.0,75,20000.0,159.85,0.0,3581.25,160.0,26.4,24.61,33.24,0.73,300.0,544.98,3036.27,EXPIRY,True,"['long_pe:24800.0PE@29.95->0.0', 'short_pe:24950.0PE@62.0->0.0', 'short_ce:24950.0CE@290.0->112.09999999999854', 'long_ce:25100.0CE@162.2->0.0']",2025,2025-07
IRON_FLY_2025-07-25_2025-07-31,IRON_FLY,NIFTY,2025-07-25,2025-07-31,24837.0,24768.35,24850.0,75,20000.0,117.8,32.2,2711.25,160.0,22.2,20.84,32.56,0.63,300.0,536.23,2175.02,EXPIRY,True,"['long_pe:24700.0PE@30.0->0.0', 'short_pe:24850.0PE@56.0->81.65000000000146', 'short_ce:24850.0CE@240.0->0.0', 'long_ce:25000.0CE@148.2->0.0']",2025,2025-07
IRON_FLY_2025-08-01_2025-08-07,IRON_FLY,NIFTY,2025-08-01,2025-08-07,24565.35,24596.15,24550.0,75,20000.0,129.45,20.55,6247.5,160.0,28.08,24.96,33.3,0.71,300.0,547.05,5700.45,EXPIRY,True,"['long_pe:24400.0PE@55.0->0.0', 'short_pe:24550.0PE@79.9->0.0', 'short_ce:24550.0CE@294.55->46.150000000001455', 'long_ce:24700.0CE@190.0->0.0']",2025,2025-08
IRON_FLY_2025-08-08_2025-08-14,IRON_FLY,NIFTY,2025-08-08,2025-08-14,24363.3,24631.3,24350.0,75,20000.0,114.25,35.75,-2681.25,160.0,37.87,36.75,35.43,1.22,300.0,571.26,-3252.51,EXPIRY,False,"['long_pe:24200.0PE@21.7->0.0', 'short_pe:24350.0PE@37.3->0.0', 'short_ce:24350.0CE@303.5->281.2999999999993', 'long_ce:24500.0CE@204.85->131.29999999999927']",2025,2025-08
IRON_FLY_2025-08-18_2025-08-21,IRON_FLY,NIFTY,2025-08-18,2025-08-21,24876.95,25083.75,24900.0,75,20000.0,80.1,69.9,-5242.5,160.0,20.57,22.56,32.87,0.8,300.0,536.79,-5779.29,EXPIRY,False,"['long_pe:24750.0PE@76.3->0.0', 'short_pe:24900.0PE@102.1->0.0', 'short_ce:24900.0CE@129.95->183.75', 'long_ce:25050.0CE@75.65->33.75']",2025,2025-08
IRON_FLY_2025-08-22_2025-08-28,IRON_FLY,NIFTY,2025-08-22,2025-08-28,24870.1,24500.9,24850.0,75,20000.0,100.2,49.8,-3735.0,160.0,41.5,39.63,35.95,1.32,300.0,578.4,-4313.4,EXPIRY,False,"['long_pe:24700.0PE@22.0->199.09999999999854', 'short_pe:24850.0PE@38.45->349.09999999999854', 'short_ce:24850.0CE@265.95->0.0', 'long_ce:25000.0CE@182.2->0.0']",2025,2025-08
IRON_FLY_2025-08-29_2025-09-02,IRON_FLY,NIFTY,2025-08-29,2025-09-02,24426.85,24579.6,24450.0,75,20000.0,135.55,14.45,446.25,160.0,18.49,18.27,32.09,0.58,300.0,529.43,-83.18,EXPIRY,False,"['long_pe:24300.0PE@31.0->0.0', 'short_pe:24450.0PE@81.55->0.0', 'short_ce:24450.0CE@165.0->129.59999999999854', 'long_ce:24600.0CE@80.0->0.0']",2025,2025-08
IRON_FLY_2025-09-03_2025-09-09,IRON_FLY,NIFTY,2025-09-03,2025-09-09,24715.05,24868.6,24700.0,75,20000.0,84.85,65.15,-4886.25,160.0,19.7,21.79,32.73,0.77,300.0,534.99,-5421.24,EXPIRY,False,"['long_pe:24550.0PE@104.25->0.0', 'short_pe:24700.0PE@146.0->0.0', 'short_ce:24700.0CE@93.4->168.59999999999854', 'long_ce:24850.0CE@50.3->18.599999999998545']",2025,2025-09
IRON_FLY_2025-09-10_2025-09-16,IRON_FLY,NIFTY,2025-09-10,2025-09-16,24973.1,25239.1,24950.0,75,20000.0,107.85,42.15,-3161.25,160.0,30.71,29.69,34.15,1.0,300.0,555.55,-3716.8,EXPIRY,False,"['long_pe:24800.0PE@63.9->0.0', 'short_pe:24950.0PE@115.0->0.0', 'short_ce:24950.0CE@120.65->289.09999999999854', 'long_ce:25100.0CE@63.9->139.09999999999854']",2025,2025-09
IRON_FLY_2025-09-17_2025-09-23,IRON_FLY,NIFTY,2025-09-17,2025-09-23,25330.25,25169.5,25350.0,75,20000.0,123.05,26.95,-2021.25,160.0,22.01,22.45,32.85,0.75,300.0,538.07,-2559.32,EXPIRY,False,"['long_pe:25200.0PE@77.0->30.5', 'short_pe:25350.0PE@142.0->180.5', 'short_ce:25350.0CE@113.4->0.0', 'long_ce:25500.0CE@55.35->0.0']",2025,2025-09
IRON_FLY_2025-09-26_2025-09-30,IRON_FLY,NIFTY,2025-09-26,2025-09-30,24654.7,24611.1,24650.0,75,20000.0,113.8,36.2,5617.5,160.0,21.72,18.91,32.21,0.52,300.0,533.36,5084.14,EXPIRY,True,"['long_pe:24500.0PE@7.8->0.0', 'short_pe:24650.0PE@17.5->38.900000000001455', 'short_ce:24650.0CE@272.1->0.0', 'long_ce:24800.0CE@168.0->0.0']",2025,2025-09
IRON_FLY_2025-10-01_2025-10-07,IRON_FLY,NIFTY,2025-10-01,2025-10-07,24836.3,25108.3,24850.0,75,20000.0,119.15,30.85,-2313.75,160.0,31.39,30.52,34.3,1.01,300.0,557.22,-2870.97,EXPIRY,False,"['long_pe:24700.0PE@141.0->0.0', 'short_pe:24850.0PE@223.5->0.0', 'short_ce:24850.0CE@59.65->258.2999999999993', 'long_ce:25000.0CE@23.0->108.29999999999927']",2025,2025-10
IRON_FLY_2025-10-08_2025-10-14,IRON_FLY,NIFTY,2025-10-08,2025-10-14,25046.15,25145.5,25050.0,75,20000.0,145.8,4.2,3772.5,160.0,20.09,18.2,32.08,0.53,300.0,530.9,3241.6,EXPIRY,True,"['long_pe:24900.0PE@33.0->0.0', 'short_pe:25050.0PE@90.8->0.0', 'short_ce:25050.0CE@177.05->95.5', 'long_ce:25200.0CE@89.05->0.0']",2025,2025-10
IRON_FLY_2025-10-15_2025-10-20,IRON_FLY,NIFTY,2025-10-15,2025-10-20,25323.55,25843.15,25300.0,75,20000.0,112.85,37.15,-2786.25,160.0,57.32,51.34,38.06,1.68,300.0,608.41,-3394.66,EXPIRY,False,"['long_pe:25150.0PE@118.0->0.0', 'short_pe:25300.0PE@174.05->0.0', 'short_ce:25300.0CE@98.8->543.1500000000015', 'long_ce:25450.0CE@42.0->393.15000000000146']",2025,2025-10
IRON_FLY_2025-10-21_2025-10-28,IRON_FLY,NIFTY,2025-10-21,2025-10-28,25868.6,25936.2,25850.0,75,20000.0,118.45,31.55,2418.75,160.0,21.25,20.04,32.41,0.6,300.0,534.3,1884.45,EXPIRY,True,"['long_pe:25700.0PE@45.0->0.0', 'short_pe:25850.0PE@94.05->0.0', 'short_ce:25850.0CE@189.25->86.20000000000073', 'long_ce:26000.0CE@119.85->0.0']",2025,2025-10
IRON_FLY_2025-10-29_2025-11-04,IRON_FLY,NIFTY,2025-10-29,2025-11-04,26053.9,25597.65,26050.0,75,20000.0,139.4,10.6,-795.0,160.0,53.5,48.23,37.5,1.56,300.0,600.79,-1395.79,EXPIRY,False,"['long_pe:25900.0PE@100.0->302.34999999999854', 'short_pe:26050.0PE@169.15->452.34999999999854', 'short_ce:26050.0CE@166.3->0.0', 'long_ce:26200.0CE@96.05->0.0']",2025,2025-10
IRON_FLY_2025-11-06_2025-11-11,IRON_FLY,NIFTY,2025-11-06,2025-11-11,25509.7,25694.95,25500.0,75,20000.0,134.7,15.3,-1147.5,160.0,28.62,28.35,33.91,0.92,300.0,551.81,-1699.31,EXPIRY,False,"['long_pe:25350.0PE@53.1->0.0', 'short_pe:25500.0PE@87.5->0.0', 'short_ce:25500.0CE@237.95->194.95000000000073', 'long_ce:25650.0CE@137.65->44.95000000000073']",2025,2025-11
IRON_FLY_2025-11-12_2025-11-18,IRON_FLY,NIFTY,2025-11-12,2025-11-18,25875.8,25910.05,25900.0,75,20000.0,128.75,21.25,8902.5,160.0,20.92,16.47,31.77,0.39,300.0,529.56,8372.94,EXPIRY,True,"['long_pe:25750.0PE@90.0->0.0', 'short_pe:25900.0PE@138.0->0.0', 'short_ce:25900.0CE@140.95->10.049999999999272', 'long_ce:26050.0CE@60.2->0.0']",2025,2025-11
IRON_FLY_2025-11-19_2025-11-25,IRON_FLY,NIFTY,2025-11-19,2025-11-25,26052.65,25884.8,26050.0,75,20000.0,132.7,17.3,-1297.5,160.0,25.49,25.85,33.46,0.85,300.0,545.64,-1843.14,EXPIRY,False,"['long_pe:25900.0PE@131.0->15.200000000000728', 'short_pe:26050.0PE@206.15->165.20000000000073', 'short_ce:26050.0CE@114.65->0.0', 'long_ce:26200.0CE@57.1->0.0']",2025,2025-11
IRON_FLY_2025-11-26_2025-12-02,IRON_FLY,NIFTY,2025-11-26,2025-12-02,26205.3,26032.2,26200.0,75,20000.0,115.85,34.15,-2561.25,160.0,25.88,26.83,33.64,0.9,300.0,547.25,-3108.5,EXPIRY,False,"['long_pe:26050.0PE@187.2->17.799999999999272', 'short_pe:26200.0PE@277.85->167.79999999999927', 'short_ce:26200.0CE@45.0->0.0', 'long_ce:26350.0CE@19.8->0.0']",2025,2025-11
IRON_FLY_2025-12-03_2025-12-09,IRON_FLY,NIFTY,2025-12-03,2025-12-09,25986.0,25839.65,26000.0,75,20000.0,111.55,38.45,-2883.75,160.0,22.58,23.83,33.1,0.81,300.0,540.31,-3424.06,EXPIRY,False,"['long_pe:25850.0PE@55.0->10.349999999998545', 'short_pe:26000.0PE@93.1->160.34999999999854', 'short_ce:26000.0CE@195.0->0.0', 'long_ce:26150.0CE@121.55->0.0']",2025,2025-12
IRON_FLY_2025-12-10_2025-12-16,IRON_FLY,NIFTY,2025-12-10,2025-12-16,25758.0,25860.1,25750.0,75,20000.0,122.95,27.05,963.75,160.0,22.23,21.75,32.72,0.68,300.0,537.38,426.37,EXPIRY,True,"['long_pe:25600.0PE@39.4->0.0', 'short_pe:25750.0PE@85.0->0.0', 'short_ce:25750.0CE@211.4->110.09999999999854', 'long_ce:25900.0CE@134.05->0.0']",2025,2025-12
IRON_FLY_2025-12-17_2025-12-23,IRON_FLY,NIFTY,2025-12-17,2025-12-23,25818.55,26177.15,25800.0,75,20000.0,122.4,27.6,-2070.0,160.0,42.4,39.18,35.87,1.28,300.0,578.73,-2648.73,EXPIRY,False,"['long_pe:25650.0PE@39.0->0.0', 'short_pe:25800.0PE@90.4->0.0', 'short_ce:25800.0CE@191.0->377.15000000000146', 'long_ce:25950.0CE@120.0->227.15000000000146']",2025,2025-12
IRON_FLY_2025-12-26_2025-12-30,IRON_FLY,NIFTY,2025-12-26,2025-12-30,26042.3,25938.85,26050.0,75,20000.0,135.5,14.5,1826.25,160.0,16.01,15.09,31.52,0.46,300.0,523.07,1303.18,EXPIRY,True,"['long_pe:25900.0PE@12.9->0.0', 'short_pe:26050.0PE@48.0->111.15000000000146', 'short_ce:26050.0CE@165.4->0.0', 'long_ce:26200.0CE@65.0->0.0']",2025,2025-12
IRON_FLY_2025-12-31_2026-01-06,IRON_FLY,NIFTY,2025-12-31,2026-01-06,26129.6,26178.7,26150.0,65,20000.0,131.35,18.65,6672.25,160.0,16.32,12.99,31.14,0.32,260.0,480.76,6191.49,EXPIRY,True,"['long_pe:26000.0PE@97.25->0.0', 'short_pe:26150.0PE@188.0->0.0', 'short_ce:26150.0CE@63.1->28.700000000000728', 'long_ce:26300.0CE@22.5->0.0']",2025,2025-12
IRON_FLY_2026-01-07_2026-01-13,IRON_FLY,NIFTY,2026-01-07,2026-01-13,26140.75,25732.3,26150.0,65,20000.0,125.1,24.9,-1618.5,160.0,36.38,32.83,34.72,1.07,260.0,525.01,-2143.51,EXPIRY,False,"['long_pe:26000.0PE@42.9->267.7000000000007', 'short_pe:26150.0PE@98.0->417.7000000000007', 'short_ce:26150.0CE@127.0->0.0', 'long_ce:26300.0CE@57.0->0.0']",2026,2026-01
IRON_FLY_2026-01-14_2026-01-20,IRON_FLY,NIFTY,2026-01-14,2026-01-20,25665.6,25232.5,25650.0,65,20000.0,112.0,38.0,-2470.0,160.0,39.81,36.7,35.42,1.21,260.0,533.15,-3003.15,EXPIRY,False,"['long_pe:25500.0PE@57.0->267.5', 'short_pe:25650.0PE@106.95->417.5', 'short_ce:25650.0CE@171.2->0.0', 'long_ce:25800.0CE@109.15->0.0']",2026,2026-01
IRON_FLY_2026-01-21_2026-01-27,IRON_FLY,NIFTY,2026-01-21,2026-01-27,25157.5,25175.4,25150.0,65,20000.0,134.75,15.25,7107.75,160.0,21.89,18.33,32.11,0.48,260.0,492.81,6614.94,EXPIRY,True,"['long_pe:25000.0PE@70.0->0.0', 'short_pe:25150.0PE@120.0->0.0', 'short_ce:25150.0CE@216.75->25.400000000001455', 'long_ce:25300.0CE@132.0->0.0']",2026,2026-01
IRON_FLY_2026-01-28_2026-02-03,IRON_FLY,NIFTY,2026-01-28,2026-02-03,25342.75,25727.55,25350.0,65,20000.0,123.5,26.5,-1722.5,160.0,49.03,46.19,37.13,1.5,260.0,553.86,-2276.36,EXPIRY,False,"['long_pe:25200.0PE@181.35->0.0', 'short_pe:25350.0PE@252.05->0.0', 'short_ce:25350.0CE@217.8->377.5499999999993', 'long_ce:25500.0CE@165.0->227.54999999999927']",2026,2026-01
IRON_FLY_2026-02-04_2026-02-10,IRON_FLY,NIFTY,2026-02-04,2026-02-10,25776.0,25935.15,25800.0,65,20000.0,127.65,22.35,-487.5,160.0,26.43,26.67,33.61,0.86,260.0,507.57,-995.07,EXPIRY,False,"['long_pe:25650.0PE@179.95->0.0', 'short_pe:25800.0PE@236.0->0.0', 'short_ce:25800.0CE@170.6->135.15000000000146', 'long_ce:25950.0CE@99.0->0.0']",2026,2026-02
IRON_FLY_2026-02-11_2026-02-17,IRON_FLY,NIFTY,2026-02-11,2026-02-17,25953.85,25725.4,25950.0,65,20000.0,130.5,19.5,-1267.5,160.0,24.13,23.55,33.05,0.77,260.0,501.5,-1769.0,EXPIRY,False,"['long_pe:25800.0PE@65.0->74.59999999999854', 'short_pe:25950.0PE@118.0->224.59999999999854', 'short_ce:25950.0CE@160.0->0.0', 'long_ce:26100.0CE@82.5->0.0']",2026,2026-02
IRON_FLY_2026-02-18_2026-02-24,IRON_FLY,NIFTY,2026-02-18,2026-02-24,25819.35,25424.65,25800.0,65,20000.0,110.65,39.35,-2557.75,160.0,37.6,35.22,35.15,1.17,260.0,529.14,-3086.89,EXPIRY,False,"['long_pe:25650.0PE@115.4->225.34999999999854', 'short_pe:25800.0PE@164.8->375.34999999999854', 'short_ce:25800.0CE@132.0->0.0', 'long_ce:25950.0CE@70.75->0.0']",2026,2026-02
IRON_FLY_2026-02-25_2026-03-02,IRON_FLY,NIFTY,2026-02-25,2026-03-02,25482.5,24865.7,25500.0,65,20000.0,104.05,45.95,-2986.75,160.0,61.02,54.64,38.66,1.79,260.0,576.11,-3562.86,EXPIRY,False,"['long_pe:25350.0PE@122.7->484.2999999999993', 'short_pe:25500.0PE@159.0->634.2999999999993', 'short_ce:25500.0CE@174.4->0.0', 'long_ce:25650.0CE@106.65->0.0']",2026,2026-02
IRON_FLY_2026-03-04_2026-03-10,IRON_FLY,NIFTY,2026-03-04,2026-03-10,24480.5,24261.6,24500.0,65,20000.0,130.5,19.5,-1267.5,160.0,43.97,43.17,36.59,1.4,260.0,545.13,-1812.63,EXPIRY,False,"['long_pe:24350.0PE@245.75->88.40000000000146', 'short_pe:24500.0PE@266.0->238.40000000000146', 'short_ce:24500.0CE@300.0->0.0', 'long_ce:24650.0CE@189.75->0.0']",2026,2026-03
IRON_FLY_2026-03-11_2026-03-17,IRON_FLY,NIFTY,2026-03-11,2026-03-17,23866.85,23581.15,23850.0,65,20000.0,126.0,24.0,-1560.0,160.0,52.56,51.41,38.07,1.67,260.0,563.71,-2123.71,EXPIRY,False,"['long_pe:23700.0PE@90.05->118.84999999999854', 'short_pe:23850.0PE@120.0->268.84999999999854', 'short_ce:23850.0CE@540.05->0.0', 'long_ce:24000.0CE@444.0->0.0']",2026,2026-03
IRON_FLY_2026-03-18_2026-03-24,IRON_FLY,NIFTY,2026-03-18,2026-03-24,23777.8,22912.4,23800.0,65,20000.0,125.05,24.95,-1621.75,160.0,90.68,79.5,43.14,2.57,260.0,635.89,-2257.64,EXPIRY,False,"['long_pe:23650.0PE@248.0->737.5999999999985', 'short_pe:23800.0PE@321.05->887.5999999999985', 'short_ce:23800.0CE@152.0->0.0', 'long_ce:23950.0CE@100.0->0.0']",2026,2026-03
IRON_FLY_2026-03-27_2026-03-30,IRON_FLY,NIFTY,2026-03-27,2026-03-30,22819.6,22331.4,22800.0,65,20000.0,107.9,42.1,-2736.5,160.0,66.2,62.39,40.05,2.04,260.0,590.69,-3327.19,EXPIRY,False,"['long_pe:22650.0PE@85.0->318.59999999999854', 'short_pe:22800.0PE@121.2->468.59999999999854', 'short_ce:22800.0CE@499.05->0.0', 'long_ce:22950.0CE@427.35->0.0']",2026,2026-03
IRON_FLY_2026-04-01_2026-04-07,IRON_FLY,NIFTY,2026-04-01,2026-04-07,22679.4,23123.65,22700.0,65,20000.0,-12.65,162.65,-10572.25,160.0,63.07,63.91,40.33,2.2,260.0,589.5,-11161.75,EXPIRY,False,"['long_pe:22550.0PE@301.0->0.0', 'short_pe:22700.0PE@298.25->0.0', 'short_ce:22700.0CE@329.95->423.65000000000146', 'long_ce:22850.0CE@339.85->273.65000000000146']",2026,2026-04
IRON_FLY_2026-04-08_2026-04-13,IRON_FLY,NIFTY,2026-04-08,2026-04-13,23997.35,23842.65,24000.0,65,20000.0,144.3,5.7,-370.5,160.0,36.23,36.3,35.35,1.17,260.0,529.04,-899.54,EXPIRY,False,"['long_pe:23850.0PE@300.0->7.349999999998545', 'short_pe:24000.0PE@391.2->157.34999999999854', 'short_ce:24000.0CE@157.0->0.0', 'long_ce:24150.0CE@103.9->0.0']",2026,2026-04
IRON_FLY_2026-04-15_2026-04-21,IRON_FLY,NIFTY,2026-04-15,2026-04-21,24231.3,24576.6,24250.0,65,20000.0,109.65,40.35,-2622.75,160.0,43.09,41.53,36.29,1.37,260.0,542.28,-3165.03,EXPIRY,False,"['long_pe:24100.0PE@224.5->0.0', 'short_pe:24250.0PE@257.6->0.0', 'short_ce:24250.0CE@184.55->326.59999999999854', 'long_ce:24400.0CE@108.0->176.59999999999854']",2026,2026-04
IRON_FLY_2026-04-22_2026-04-28,IRON_FLY,NIFTY,2026-04-22,2026-04-28,24378.1,23995.7,24400.0,65,20000.0,128.0,22.0,-1430.0,160.0,53.42,50.0,37.82,1.62,260.0,562.87,-1992.87,EXPIRY,False,"['long_pe:24250.0PE@140.0->254.29999999999927', 'short_pe:24400.0PE@210.0->404.2999999999993', 'short_ce:24400.0CE@294.0->0.0', 'long_ce:24550.0CE@236.0->0.0']",2026,2026-04
IRON_FLY_2026-04-29_2026-05-05,IRON_FLY,NIFTY,2026-04-29,2026-05-05,24177.65,24032.8,24200.0,65,20000.0,126.95,23.05,-1498.25,160.0,28.06,28.53,33.95,0.94,260.0,511.47,-2009.72,EXPIRY,False,"['long_pe:24050.0PE@193.3->17.200000000000728', 'short_pe:24200.0PE@270.2->167.20000000000073', 'short_ce:24200.0CE@140.0->0.0', 'long_ce:24350.0CE@89.95->0.0']",2026,2026-04
IRON_FLY_2026-05-06_2026-05-12,IRON_FLY,NIFTY,2026-05-06,2026-05-12,24330.95,23379.55,24350.0,65,20000.0,133.7,16.3,-1059.5,160.0,90.56,77.76,42.82,2.5,260.0,633.65,-1693.15,EXPIRY,False,"['long_pe:24200.0PE@153.0->820.4500000000007', 'short_pe:24350.0PE@241.0->970.4500000000007', 'short_ce:24350.0CE@126.7->0.0', 'long_ce:24500.0CE@81.0->0.0']",2026,2026-05
IRON_FLY_2026-05-13_2026-05-19,IRON_FLY,NIFTY,2026-05-13,2026-05-19,23412.6,23618.0,23400.0,65,20000.0,159.0,0.0,585.0,160.0,37.51,36.11,35.31,1.15,260.0,530.07,54.93,EXPIRY,True,"['long_pe:23250.0PE@153.0->0.0', 'short_pe:23400.0PE@220.0->0.0', 'short_ce:23400.0CE@272.0->218.0', 'long_ce:23550.0CE@180.0->68.0']",2026,2026-05
IRON_FLY_2026-05-20_2026-05-26,IRON_FLY,NIFTY,2026-05-20,2026-05-26,23659.0,23913.7,23650.0,65,20000.0,130.65,19.35,-1257.75,160.0,38.42,37.2,35.51,1.21,260.0,532.35,-1790.1,EXPIRY,False,"['long_pe:23500.0PE@232.0->0.0', 'short_pe:23650.0PE@322.0->0.0', 'short_ce:23650.0CE@127.0->263.7000000000007', 'long_ce:23800.0CE@86.35->113.70000000000073']",2026,2026-05
IRON_FLY_2026-05-27_2026-06-02,IRON_FLY,NIFTY,2026-05-27,2026-06-02,23907.15,23483.55,23900.0,65,20000.0,167.15,0.0,1114.75,160.0,46.54,41.66,36.31,1.32,260.0,545.83,568.92,EXPIRY,True,"['long_pe:23750.0PE@104.9->266.4500000000007', 'short_pe:23900.0PE@178.0->416.4500000000007', 'short_ce:23900.0CE@205.0->0.0', 'long_ce:24050.0CE@110.95->0.0']",2026,2026-05
IRON_FLY_2026-06-03_2026-06-09,IRON_FLY,NIFTY,2026-06-03,2026-06-09,23405.6,23242.1,23400.0,65,20000.0,107.55,42.45,-2759.25,160.0,22.75,24.01,33.13,0.81,260.0,500.7,-3259.95,EXPIRY,False,"['long_pe:23250.0PE@78.0->7.900000000001455', 'short_pe:23400.0PE@103.2->157.90000000000146', 'short_ce:23400.0CE@237.0->0.0', 'long_ce:23550.0CE@154.65->0.0']",2026,2026-06
IRON_FLY_2026-06-10_2026-06-16,IRON_FLY,NIFTY,2026-06-10,2026-06-16,23214.95,23989.15,23200.0,65,20000.0,142.4,7.6,-494.0,160.0,77.22,67.08,40.9,2.15,260.0,607.34,-1101.34,EXPIRY,False,"['long_pe:23050.0PE@89.6->0.0', 'short_pe:23200.0PE@150.0->0.0', 'short_ce:23200.0CE@239.0->789.1500000000015', 'long_ce:23350.0CE@157.0->639.1500000000015']",2026,2026-06
IRON_FLY_2026-06-17_2026-06-23,IRON_FLY,NIFTY,2026-06-17,2026-06-23,24085.7,23824.1,24100.0,65,20000.0,114.85,35.15,-2284.75,160.0,31.28,30.38,34.28,1.01,260.0,516.94,-2801.69,EXPIRY,False,"['long_pe:23950.0PE@139.0->125.90000000000146', 'short_pe:24100.0PE@203.85->275.90000000000146', 'short_ce:24100.0CE@120.0->0.0', 'long_ce:24250.0CE@70.0->0.0']",2026,2026-06
IRON_FLY_2026-06-29_2026-06-30,IRON_FLY,NIFTY,2026-06-29,2026-06-30,23946.25,23865.75,23950.0,65,20000.0,127.6,22.4,2817.75,160.0,15.04,13.63,31.26,0.39,260.0,480.33,2337.42,EXPIRY,True,"['long_pe:23800.0PE@21.8->0.0', 'short_pe:23950.0PE@42.4->84.25', 'short_ce:23950.0CE@189.0->0.0', 'long_ce:24100.0CE@82.0->0.0']",2026,2026-06
IRON_FLY_2026-07-01_2026-07-07,IRON_FLY,NIFTY,2026-07-01,2026-07-07,24005.85,24398.7,24000.0,65,20000.0,115.65,34.35,-2232.75,160.0,41.01,38.08,35.67,1.25,260.0,536.01,-2768.76,EXPIRY,False,"['long_pe:23850.0PE@120.1->0.0', 'short_pe:24000.0PE@180.0->0.0', 'short_ce:24000.0CE@140.0->398.7000000000007', 'long_ce:24150.0CE@84.25->248.70000000000073']",2026,2026-07
IRON_FLY_2026-07-08_2026-07-14,IRON_FLY,NIFTY,2026-07-08,2026-07-14,23882.05,24052.05,23900.0,65,20000.0,145.7,4.3,-279.5,160.0,27.86,27.97,33.84,0.9,260.0,510.58,-790.08,EXPIRY,False,"['long_pe:23750.0PE@14.0->0.0', 'short_pe:23900.0PE@25.0->0.0', 'short_ce:23900.0CE@401.1->152.04999999999927', 'long_ce:24050.0CE@266.4->2.0499999999992724']",2026,2026-07
IRON_FLY_2026-07-15_2026-07-21,IRON_FLY,NIFTY,2026-07-15,2026-07-21,24078.5,24187.7,24100.0,65,20000.0,138.7,11.3,3315.0,160.0,23.08,21.42,32.66,0.64,260.0,497.79,2817.21,EXPIRY,True,"['long_pe:23950.0PE@143.0->0.0', 'short_pe:24100.0PE@205.0->0.0', 'short_ce:24100.0CE@150.0->87.70000000000073', 'long_ce:24250.0CE@73.3->0.0']",2026,2026-07
IRON_FLY_2026-07-22_2026-07-28,IRON_FLY,NIFTY,2026-07-22,2026-07-28,23996.25,23985.35,24000.0,65,20000.0,135.35,14.65,7845.5,160.0,21.92,18.0,32.05,0.46,260.0,492.43,7353.07,EXPIRY,True,"['long_pe:23850.0PE@53.95->0.0', 'short_pe:24000.0PE@98.55->14.650000000001455', 'short_ce:24000.0CE@238.75->0.0', 'long_ce:24150.0CE@148.0->0.0']",2026,2026-07
IRON_FLY_2026-07-29_2026-08-04,IRON_FLY,NIFTY,2026-07-29,2026-08-04,24250.2,24614.9,24250.0,65,20000.0,104.95,45.05,-2928.25,160.0,35.13,33.11,34.77,1.1,260.0,524.11,-3452.36,EXPIRY,False,"['long_pe:24100.0PE@118.0->0.0', 'short_pe:24250.0PE@179.4->0.0', 'short_ce:24250.0CE@92.5->364.90000000000146', 'long_ce:24400.0CE@48.95->214.90000000000146']",2026,2026-07
IRON_FLY_2026-08-05_2026-08-11,IRON_FLY,NIFTY,2026-08-05,2026-08-11,24624.65,24471.7,24600.0,65,20000.0,133.0,17.0,305.5,160.0,18.0,17.85,32.02,0.57,260.0,488.44,-182.94,EXPIRY,False,"['long_pe:24450.0PE@73.95->0.0', 'short_pe:24600.0PE@127.95->128.29999999999927', 'short_ce:24600.0CE@149.0->0.0', 'long_ce:24750.0CE@70.0->0.0']",2026,2026-08
IRON_FLY_2026-08-12_2026-08-18,IRON_FLY,NIFTY,2026-08-12,2026-08-18,24435.95,24154.9,24450.0,65,20000.0,154.55,0.0,295.75,160.0,31.74,29.24,34.07,0.93,260.0,515.99,-220.24,EXPIRY,False,"['long_pe:24300.0PE@59.0->145.09999999999854', 'short_pe:24450.0PE@109.0->295.09999999999854', 'short_ce:24450.0CE@198.0->0.0', 'long_ce:24600.0CE@93.45->0.0']",2026,2026-08
IRON_FLY_2026-08-19_2026-08-25,IRON_FLY,NIFTY,2026-08-19,2026-08-25,24078.3,24334.55,24100.0,65,20000.0,131.85,18.15,-1179.75,160.0,25.37,24.58,33.23,0.8,260.0,503.99,-1683.74,EXPIRY,False,"['long_pe:23950.0PE@45.75->0.0', 'short_pe:24100.0PE@93.0->0.0', 'short_ce:24100.0CE@191.6->234.54999999999927', 'long_ce:24250.0CE@107.0->84.54999999999927']",2026,2026-08
IRON_FLY_2026-08-26_2026-09-01,IRON_FLY,NIFTY,2026-08-26,2026-09-01,24207.75,24055.8,24200.0,65,20000.0,120.55,29.45,-1537.25,160.0,18.58,19.35,32.29,0.64,260.0,490.87,-2028.12,EXPIRY,False,"['long_pe:24050.0PE@20.0->0.0', 'short_pe:24200.0PE@42.9->144.20000000000073', 'short_ce:24200.0CE@243.0->0.0', 'long_ce:24350.0CE@145.35->0.0']",2026,2026-08
IRON_FLY_2026-09-02_2026-09-08,IRON_FLY,NIFTY,2026-09-02,2026-09-08,23914.45,23635.1,23900.0,65,20000.0,80.65,69.35,-4507.75,160.0,23.67,24.06,33.14,0.84,260.0,501.71,-5009.46,EXPIRY,False,"['long_pe:23750.0PE@70.15->114.90000000000146', 'short_pe:23900.0PE@120.0->264.90000000000146', 'short_ce:23900.0CE@100.6->0.0', 'long_ce:24050.0CE@69.8->0.0']",2026,2026-09
IRON_FLY_2026-09-09_2026-09-15,IRON_FLY,NIFTY,2026-09-09,2026-09-15,23431.5,23118.6,23450.0,65,20000.0,110.9,39.1,-2541.5,160.0,33.97,32.3,34.62,1.07,260.0,521.96,-3063.46,EXPIRY,False,"['long_pe:23300.0PE@30.15->181.40000000000146', 'short_pe:23450.0PE@74.5->331.40000000000146', 'short_ce:23450.0CE@221.4->0.0', 'long_ce:23600.0CE@154.85->0.0']",2026,2026-09
IRON_CONDOR_2020-01-31_2020-02-06,IRON_CONDOR,NIFTY,2020-01-31,2020-02-06,10600.0,12137.95,10600.0,75,20000.0,97.95,2.05,-153.75,160.0,192.26,207.35,66.2,6.64,300.0,932.46,-1086.21,EXPIRY,False,"['long_pe:10400.0PE@1.45->0.0', 'short_pe:10500.0PE@1.65->0.0', 'short_ce:10700.0CE@1424.1->1437.9500000000007', 'long_ce:10800.0CE@1326.35->1337.9500000000007']",2020,2020-01
IRON_CONDOR_2020-02-24_2020-02-27,IRON_CONDOR,NIFTY,2020-02-24,2020-02-27,10450.0,11633.3,10450.0,75,20000.0,-3.7,103.7,-7777.5,160.0,169.8,201.82,65.2,6.57,300.0,903.39,-8680.89,EXPIRY,False,"['long_pe:10250.0PE@1.05->0.0', 'short_pe:10350.0PE@0.45->0.0', 'short_ce:10550.0CE@1655.3->1083.2999999999993', 'long_ce:10650.0CE@1658.4->983.2999999999993']",2020,2020-02
IRON_CONDOR_2020-02-28_2020-03-05,IRON_CONDOR,NIFTY,2020-02-28,2020-03-05,10350.0,11269.0,10350.0,75,20000.0,27.45,72.55,-5441.25,160.0,141.05,174.47,60.27,5.66,300.0,841.45,-6282.7,EXPIRY,False,"['long_pe:10150.0PE@3.0->0.0', 'short_pe:10250.0PE@3.05->0.0', 'short_ce:10450.0CE@1567.95->819.0', 'long_ce:10550.0CE@1540.55->719.0']",2020,2020-02
IRON_CONDOR_2020-03-13_2020-03-19,IRON_CONDOR,NIFTY,2020-03-13,2020-03-19,12950.0,8263.45,12950.0,75,20000.0,86.35,13.65,-1023.75,160.0,448.65,381.87,97.67,12.24,300.0,1400.43,-2424.18,EXPIRY,False,"['long_pe:12750.0PE@440.3->4486.549999999999', 'short_pe:12850.0PE@507.75->4586.549999999999', 'short_ce:13050.0CE@90.45->0.0', 'long_ce:13150.0CE@71.55->0.0']",2020,2020-03
IRON_CONDOR_2020-03-20_2020-03-26,IRON_CONDOR,NIFTY,2020-03-20,2020-03-26,13550.0,8641.45,13550.0,75,343607.0624999999,-3883.85,3983.85,-298788.75,160.0,495.71,589.39,135.1,23.34,300.0,1703.54,-300492.29,EXPIRY,False,"['long_pe:13350.0PE@5041.0->4708.549999999999', 'short_pe:13450.0PE@1149.3->4808.549999999999', 'short_ce:13650.0CE@8.75->0.0', 'long_ce:13750.0CE@0.9->0.0']",2020,2020-03
IRON_CONDOR_2020-04-24_2020-04-30,IRON_CONDOR,NIFTY,2020-04-24,2020-04-30,6450.0,9859.9,6450.0,75,20000.0,238.35,0.0,10376.25,160.0,370.83,347.4,91.46,10.96,300.0,1280.65,9095.6,EXPIRY,True,"['long_pe:6250.0PE@2.05->0.0', 'short_pe:6350.0PE@169.5->0.0', 'short_ce:6550.0CE@1321.75->3309.8999999999996', 'long_ce:6650.0CE@1250.85->3209.8999999999996']",2020,2020-04
IRON_CONDOR_2020-06-05_2020-06-11,IRON_CONDOR,NIFTY,2020-06-05,2020-06-11,7600.0,9902.0,7600.0,75,20000.0,61.55,38.45,-2883.75,160.0,294.57,315.11,85.63,10.13,300.0,1165.44,-4049.19,EXPIRY,False,"['long_pe:7400.0PE@0.6->0.0', 'short_pe:7500.0PE@0.75->0.0', 'short_ce:7700.0CE@2079.5->2202.0', 'long_ce:7800.0CE@2018.1->2102.0']",2020,2020-06
IRON_CONDOR_2020-06-12_2020-06-18,IRON_CONDOR,NIFTY,2020-06-12,2020-06-18,7600.0,10091.65,7600.0,75,20000.0,63.5,36.5,-2737.5,160.0,306.38,319.7,86.46,10.27,300.0,1182.82,-3920.32,EXPIRY,False,"['long_pe:7400.0PE@1.0->0.0', 'short_pe:7500.0PE@3.9->0.0', 'short_ce:7700.0CE@1948.9->2391.6499999999996', 'long_ce:7800.0CE@1888.3->2291.6499999999996']",2020,2020-06
IRON_CONDOR_2020-06-26_2020-07-02,IRON_CONDOR,NIFTY,2020-06-26,2020-07-02,7600.0,10551.7,7600.0,75,20000.0,-100.6,200.6,-15045.0,160.0,350.65,362.18,94.12,11.82,300.0,1278.76,-16323.76,EXPIRY,False,"['long_pe:7400.0PE@0.4->0.0', 'short_pe:7500.0PE@2.95->0.0', 'short_ce:7700.0CE@1974.1->2851.7000000000007', 'long_ce:7800.0CE@2077.25->2751.7000000000007']",2020,2020-06
IRON_CONDOR_2020-09-25_2020-10-01,IRON_CONDOR,NIFTY,2020-09-25,2020-10-01,9550.0,11416.95,9550.0,75,20000.0,-6.8,106.8,-8010.0,160.0,235.42,255.66,74.91,8.3,300.0,1034.29,-9044.29,EXPIRY,False,"['long_pe:9350.0PE@2.2->0.0', 'short_pe:9450.0PE@2.55->0.0', 'short_ce:9650.0CE@1685.85->1766.9500000000007', 'long_ce:9750.0CE@1693.0->1666.9500000000007']",2020,2020-09
IRON_CONDOR_2020-10-05_2020-10-08,IRON_CONDOR,NIFTY,2020-10-05,2020-10-08,9550.0,11834.6,9550.0,75,20000.0,-122.8,222.8,-16710.0,160.0,266.88,279.01,79.12,9.18,300.0,1094.2,-17804.2,EXPIRY,False,"['long_pe:9350.0PE@1.0->0.0', 'short_pe:9450.0PE@0.7->0.0', 'short_ce:9650.0CE@1523.5->2184.6000000000004', 'long_ce:9750.0CE@1646.0->2084.6000000000004']",2020,2020-10
IRON_CONDOR_2020-10-23_2020-10-29,IRON_CONDOR,NIFTY,2020-10-23,2020-10-29,9950.0,11670.8,9950.0,75,20000.0,103.25,0.0,243.75,160.0,229.72,253.37,74.5,8.1,300.0,1025.69,-781.94,EXPIRY,False,"['long_pe:9750.0PE@2.4->0.0', 'short_pe:9850.0PE@2.4->0.0', 'short_ce:10050.0CE@1856.65->1620.7999999999993', 'long_ce:10150.0CE@1753.4->1520.7999999999993']",2020,2020-10
IRON_CONDOR_2020-10-30_2020-11-05,IRON_CONDOR,NIFTY,2020-10-30,2020-11-05,10050.0,12120.3,10050.0,75,20000.0,79.45,20.55,-1541.25,160.0,249.54,259.76,75.65,8.34,300.0,1053.29,-2594.54,EXPIRY,False,"['long_pe:9850.0PE@3.0->0.0', 'short_pe:9950.0PE@2.2->0.0', 'short_ce:10150.0CE@1580.75->1970.2999999999993', 'long_ce:10250.0CE@1500.5->1870.2999999999993']",2020,2020-10
IRON_CONDOR_2020-11-27_2020-12-03,IRON_CONDOR,NIFTY,2020-11-27,2020-12-03,10100.0,13133.9,10100.0,75,20000.0,78.4,21.6,-1620.0,160.0,332.38,320.08,86.53,10.27,300.0,1209.26,-2829.26,EXPIRY,False,"['long_pe:9900.0PE@0.85->0.0', 'short_pe:10000.0PE@0.8->0.0', 'short_ce:10200.0CE@1422.25->2933.8999999999996', 'long_ce:10300.0CE@1343.8->2833.8999999999996']",2020,2020-11
IRON_CONDOR_2020-12-11_2020-12-17,IRON_CONDOR,NIFTY,2020-12-11,2020-12-17,10750.0,13740.7,10750.0,75,20000.0,67.55,32.45,-2433.75,160.0,315.5,296.71,82.31,9.53,300.0,1164.05,-3597.8,EXPIRY,False,"['long_pe:10550.0PE@2.15->0.0', 'short_pe:10650.0PE@0.25->0.0', 'short_ce:10850.0CE@1148.95->2890.7000000000007', 'long_ce:10950.0CE@1079.5->2790.7000000000007']",2020,2020-12
IRON_CONDOR_2020-12-18_2020-12-24,IRON_CONDOR,NIFTY,2020-12-18,2020-12-24,10450.0,13749.25,10450.0,75,20000.0,182.25,0.0,6168.75,160.0,367.85,353.03,92.47,11.2,300.0,1284.55,4884.2,EXPIRY,True,"['long_pe:10250.0PE@0.65->0.0', 'short_pe:10350.0PE@102.85->0.0', 'short_ce:10550.0CE@1546.05->3199.25', 'long_ce:10650.0CE@1466.0->3099.25']",2020,2020-12
IRON_CONDOR_2021-01-29_2021-02-04,IRON_CONDOR,NIFTY,2021-01-29,2021-02-04,12350.0,14895.65,12350.0,75,23253.00000000001,-169.6,269.6,-20220.0,160.0,271.09,267.93,77.12,8.88,300.0,1085.03,-21305.03,EXPIRY,False,"['long_pe:12150.0PE@236.9->0.0', 'short_pe:12250.0PE@2.8->0.0', 'short_ce:12450.0CE@1089.2->2445.6499999999996', 'long_ce:12550.0CE@1024.7->2345.6499999999996']",2021,2021-01
IRON_CONDOR_2021-02-05_2021-02-11,IRON_CONDOR,NIFTY,2021-02-05,2021-02-11,12350.0,15173.3,12350.0,75,20000.0,72.6,27.4,-2055.0,160.0,308.83,298.4,82.62,9.58,300.0,1159.43,-3214.43,EXPIRY,False,"['long_pe:12150.0PE@1.45->0.0', 'short_pe:12250.0PE@1.95->0.0', 'short_ce:12450.0CE@1339.75->2723.2999999999993', 'long_ce:12550.0CE@1267.65->2623.2999999999993']",2021,2021-02
IRON_CONDOR_2021-03-05_2021-03-10,IRON_CONDOR,NIFTY,2021-03-05,2021-03-10,12850.0,15174.8,12850.0,75,20000.0,-60.45,160.45,-12033.75,160.0,268.02,275.5,78.49,9.0,300.0,1091.0,-13124.75,EXPIRY,False,"['long_pe:12650.0PE@137.3->0.0', 'short_pe:12750.0PE@2.2->0.0', 'short_ce:12950.0CE@1466.05->2224.7999999999993', 'long_ce:13050.0CE@1391.4->2124.7999999999993']",2021,2021-03
IRON_CONDOR_2021-03-12_2021-03-18,IRON_CONDOR,NIFTY,2021-03-12,2021-03-18,12850.0,14557.85,12850.0,75,20000.0,82.65,17.35,-1301.25,160.0,221.05,241.25,72.31,7.74,300.0,1002.35,-2303.6,EXPIRY,False,"['long_pe:12650.0PE@0.7->0.0', 'short_pe:12750.0PE@2.4->0.0', 'short_ce:12950.0CE@1697.7->1607.8500000000004', 'long_ce:13050.0CE@1616.75->1507.8500000000004']",2021,2021-03
IRON_CONDOR_2021-03-26_2021-04-01,IRON_CONDOR,NIFTY,2021-03-26,2021-04-01,16350.0,14867.35,16350.0,75,20000.0,-31.95,131.95,-9896.25,160.0,195.01,220.77,68.62,7.21,300.0,951.61,-10847.86,EXPIRY,False,"['long_pe:16150.0PE@1623.4->1282.6499999999996', 'short_pe:16250.0PE@1593.05->1382.6499999999996', 'short_ce:16450.0CE@1.9->0.0', 'long_ce:16550.0CE@3.5->0.0']",2021,2021-03
IRON_CONDOR_2021-04-05_2021-04-08,IRON_CONDOR,NIFTY,2021-04-05,2021-04-08,16450.0,14873.8,16450.0,75,20000.0,78.2,21.8,-1635.0,160.0,204.67,225.07,69.39,7.23,300.0,966.36,-2601.36,EXPIRY,False,"['long_pe:16250.0PE@1534.6->1376.2000000000007', 'short_pe:16350.0PE@1611.6->1476.2000000000007', 'short_ce:16550.0CE@2.25->0.0', 'long_ce:16650.0CE@1.05->0.0']",2021,2021-04
IRON_CONDOR_2021-04-09_2021-04-15,IRON_CONDOR,NIFTY,2021-04-09,2021-04-15,16150.0,14581.45,16150.0,75,20000.0,120.45,0.0,1533.75,160.0,184.29,191.45,63.33,6.1,300.0,905.18,628.57,EXPIRY,True,"['long_pe:15950.0PE@1072.6->1368.5499999999993', 'short_pe:16050.0PE@1193.05->1468.5499999999993', 'short_ce:16250.0CE@1.35->0.0', 'long_ce:16350.0CE@1.35->0.0']",2021,2021-04
IRON_CONDOR_2021-04-16_2021-04-22,IRON_CONDOR,NIFTY,2021-04-16,2021-04-22,16550.0,14406.15,16550.0,75,20000.0,75.35,24.65,-1848.75,160.0,253.18,260.22,75.73,8.35,300.0,1057.48,-2906.23,EXPIRY,False,"['long_pe:16350.0PE@1436.35->1943.8500000000004', 'short_pe:16450.0PE@1511.5->2043.8500000000004', 'short_ce:16650.0CE@1.9->0.0', 'long_ce:16750.0CE@1.7->0.0']",2021,2021-04
IRON_CONDOR_2021-04-23_2021-04-29,IRON_CONDOR,NIFTY,2021-04-23,2021-04-29,16250.0,14894.9,16250.0,75,20000.0,79.9,20.1,-1507.5,160.0,191.98,221.29,68.71,7.1,300.0,949.08,-2456.58,EXPIRY,False,"['long_pe:16050.0PE@1704.65->1155.1000000000004', 'short_pe:16150.0PE@1783.45->1255.1000000000004', 'short_ce:16350.0CE@1.9->0.0', 'long_ce:16450.0CE@0.8->0.0']",2021,2021-04
IRON_CONDOR_2021-04-30_2021-05-06,IRON_CONDOR,NIFTY,2021-04-30,2021-05-06,16450.0,14724.8,16450.0,75,20000.0,73.75,26.25,-1968.75,160.0,211.99,225.79,69.52,7.25,300.0,974.56,-2943.31,EXPIRY,False,"['long_pe:16250.0PE@1396.4->1525.2000000000007', 'short_pe:16350.0PE@1471.0->1625.2000000000007', 'short_ce:16550.0CE@1.15->0.0', 'long_ce:16650.0CE@2.0->0.0']",2021,2021-04
IRON_CONDOR_2021-05-14_2021-05-20,IRON_CONDOR,NIFTY,2021-05-14,2021-05-20,15700.0,14906.05,15700.0,75,20000.0,152.65,0.0,3948.75,160.0,97.81,109.98,48.64,3.46,300.0,719.89,3228.86,EXPIRY,True,"['long_pe:15500.0PE@744.4->593.9500000000007', 'short_pe:15600.0PE@897.8->693.9500000000007', 'short_ce:15800.0CE@0.95->0.0', 'long_ce:15900.0CE@1.7->0.0']",2021,2021-05
IRON_CONDOR_2021-05-21_2021-05-27,IRON_CONDOR,NIFTY,2021-05-21,2021-05-27,13150.0,15337.85,13150.0,75,20000.0,105.5,0.0,412.5,160.0,269.2,281.43,79.56,9.0,300.0,1099.19,-686.69,EXPIRY,False,"['long_pe:12950.0PE@1.75->0.0', 'short_pe:13050.0PE@1.9->0.0', 'short_ce:13250.0CE@1765.4->2087.8500000000004', 'long_ce:13350.0CE@1660.05->1987.8500000000004']",2021,2021-05
IRON_CONDOR_2021-06-04_2021-06-10,IRON_CONDOR,NIFTY,2021-06-04,2021-06-10,13850.0,15737.75,13850.0,75,20000.0,170.85,0.0,5313.75,160.0,219.04,221.23,68.7,7.0,300.0,975.97,4337.78,EXPIRY,True,"['long_pe:13650.0PE@1.5->0.0', 'short_pe:13750.0PE@1.6->0.0', 'short_ce:13950.0CE@1295.75->1787.75', 'long_ce:14050.0CE@1125.0->1687.75']",2021,2021-06
IRON_CONDOR_2021-06-11_2021-06-17,IRON_CONDOR,NIFTY,2021-06-11,2021-06-17,13550.0,15691.4,13550.0,75,20000.0,70.55,29.45,-2208.75,160.0,242.68,243.79,72.77,7.83,300.0,1027.08,-3235.83,EXPIRY,False,"['long_pe:13350.0PE@0.95->0.0', 'short_pe:13450.0PE@1.35->0.0', 'short_ce:13650.0CE@1293.1->2041.3999999999996', 'long_ce:13750.0CE@1222.95->1941.3999999999996']",2021,2021-06
IRON_CONDOR_2021-06-18_2021-06-24,IRON_CONDOR,NIFTY,2021-06-18,2021-06-24,10400.0,15790.45,10400.0,75,20000.0,61.35,38.65,-2898.75,160.0,735.65,789.2,171.14,25.3,300.0,2181.29,-5080.04,EXPIRY,False,"['long_pe:10200.0PE@171.6->0.0', 'short_pe:10300.0PE@3.0->0.0', 'short_ce:10500.0CE@5309.95->5290.450000000001', 'long_ce:10600.0CE@5080.0->5190.450000000001']",2021,2021-06
IRON_CONDOR_2021-06-25_2021-07-01,IRON_CONDOR,NIFTY,2021-06-25,2021-07-01,14250.0,15680.0,14250.0,75,20000.0,79.4,20.6,-1545.0,160.0,185.22,204.88,65.75,6.58,300.0,922.43,-2467.43,EXPIRY,False,"['long_pe:14050.0PE@1.65->0.0', 'short_pe:14150.0PE@1.15->0.0', 'short_ce:14350.0CE@1490.25->1330.0', 'long_ce:14450.0CE@1410.35->1230.0']",2021,2021-06
IRON_CONDOR_2021-07-02_2021-07-08,IRON_CONDOR,NIFTY,2021-07-02,2021-07-08,14150.0,15727.9,14150.0,50,20000.0,59.55,40.45,-2022.5,160.0,117.01,119.33,50.32,3.85,200.0,650.51,-2673.01,EXPIRY,False,"['long_pe:13950.0PE@0.7->0.0', 'short_pe:14050.0PE@0.75->0.0', 'short_ce:14250.0CE@987.7->1477.8999999999996', 'long_ce:14350.0CE@928.2->1377.8999999999996']",2021,2021-07
IRON_CONDOR_2021-07-09_2021-07-15,IRON_CONDOR,NIFTY,2021-07-09,2021-07-15,13550.0,15924.2,13550.0,50,20000.0,72.05,27.95,-1397.5,160.0,178.63,177.79,60.87,5.71,200.0,782.99,-2180.49,EXPIRY,False,"['long_pe:13350.0PE@1.0->0.0', 'short_pe:13450.0PE@0.45->0.0', 'short_ce:13650.0CE@1367.15->2274.2000000000007', 'long_ce:13750.0CE@1294.55->2174.2000000000007']",2021,2021-07
IRON_CONDOR_2021-07-16_2021-07-22,IRON_CONDOR,NIFTY,2021-07-16,2021-07-22,13750.0,15824.05,13750.0,50,20000.0,257.05,0.0,7852.5,160.0,166.06,168.06,59.11,5.26,200.0,758.49,7094.01,EXPIRY,True,"['long_pe:13550.0PE@1.45->0.0', 'short_pe:13650.0PE@185.85->0.0', 'short_ce:13850.0CE@1379.9->1974.0499999999993', 'long_ce:13950.0CE@1307.25->1874.0499999999993']",2021,2021-07
IRON_CONDOR_2021-07-23_2021-07-29,IRON_CONDOR,NIFTY,2021-07-23,2021-07-29,13750.0,15778.45,13750.0,50,20000.0,67.65,32.35,-1617.5,160.0,161.79,168.26,59.15,5.41,200.0,754.61,-2372.11,EXPIRY,False,"['long_pe:13550.0PE@1.5->0.0', 'short_pe:13650.0PE@0.95->0.0', 'short_ce:13850.0CE@1519.55->1928.4500000000007', 'long_ce:13950.0CE@1451.35->1828.4500000000007']",2021,2021-07
IRON_CONDOR_2021-08-20_2021-08-26,IRON_CONDOR,NIFTY,2021-08-20,2021-08-26,14150.0,16636.9,14150.0,50,20000.0,-208.95,308.95,-15447.5,160.0,191.59,199.92,64.86,6.63,200.0,823.0,-16270.5,EXPIRY,False,"['long_pe:13950.0PE@1.7->0.0', 'short_pe:14050.0PE@2.8->0.0', 'short_ce:14250.0CE@1554.3->2386.9000000000015', 'long_ce:14350.0CE@1764.35->2286.9000000000015']",2021,2021-08
IRON_CONDOR_2021-08-27_2021-09-02,IRON_CONDOR,NIFTY,2021-08-27,2021-09-02,14450.0,17234.15,14450.0,50,20000.0,75.1,24.9,-1245.0,160.0,206.38,201.63,65.17,6.47,200.0,839.64,-2084.64,EXPIRY,False,"['long_pe:14250.0PE@0.65->0.0', 'short_pe:14350.0PE@1.85->0.0', 'short_ce:14550.0CE@1434.05->2684.1500000000015', 'long_ce:14650.0CE@1360.15->2584.1500000000015']",2021,2021-08
IRON_CONDOR_2021-09-03_2021-09-09,IRON_CONDOR,NIFTY,2021-09-03,2021-09-09,14450.0,17369.25,14450.0,50,20000.0,75.85,24.15,-1207.5,160.0,215.84,209.98,66.67,6.74,200.0,859.23,-2066.73,EXPIRY,False,"['long_pe:14250.0PE@1.35->0.0', 'short_pe:14350.0PE@1.55->0.0', 'short_ce:14550.0CE@1466.75->2819.25', 'long_ce:14650.0CE@1391.1->2719.25']",2021,2021-09
IRON_CONDOR_2021-09-13_2021-09-16,IRON_CONDOR,NIFTY,2021-09-13,2021-09-16,14650.0,17629.5,14650.0,50,20000.0,77.45,22.55,-1127.5,160.0,219.62,212.99,67.21,6.83,200.0,866.66,-1994.16,EXPIRY,False,"['long_pe:14450.0PE@1.1->0.0', 'short_pe:14550.0PE@3.0->0.0', 'short_ce:14750.0CE@1465.95->2879.5', 'long_ce:14850.0CE@1390.4->2779.5']",2021,2021-09
IRON_CONDOR_2021-09-17_2021-09-23,IRON_CONDOR,NIFTY,2021-09-17,2021-09-23,14450.0,17822.95,14450.0,50,20000.0,77.7,22.3,-1115.0,160.0,246.37,236.11,71.38,7.57,200.0,921.43,-2036.43,EXPIRY,False,"['long_pe:14250.0PE@1.3->0.0', 'short_pe:14350.0PE@1.15->0.0', 'short_ce:14550.0CE@1536.85->3272.9500000000007', 'long_ce:14650.0CE@1459.0->3172.9500000000007']",2021,2021-09
IRON_CONDOR_2021-09-24_2021-09-30,IRON_CONDOR,NIFTY,2021-09-24,2021-09-30,14450.0,17618.15,14450.0,50,108016.62500000001,-1778.55,1878.55,-93927.5,160.0,238.31,279.85,79.27,10.36,200.0,967.8,-94895.3,EXPIRY,False,"['long_pe:14250.0PE@219.4->0.0', 'short_pe:14350.0PE@1.55->0.0', 'short_ce:14550.0CE@1688.1->3068.1500000000015', 'long_ce:14650.0CE@3248.8->2968.1500000000015']",2021,2021-09
IRON_CONDOR_2021-10-01_2021-10-07,IRON_CONDOR,NIFTY,2021-10-01,2021-10-07,15250.0,17790.35,15250.0,50,20000.0,271.9,0.0,8595.0,160.0,193.13,187.69,62.65,5.88,200.0,809.35,7785.65,EXPIRY,True,"['long_pe:15050.0PE@1.55->0.0', 'short_pe:15150.0PE@201.8->0.0', 'short_ce:15350.0CE@1297.6->2440.3499999999985', 'long_ce:15450.0CE@1225.95->2340.3499999999985']",2021,2021-10
IRON_CONDOR_2021-10-22_2021-10-28,IRON_CONDOR,NIFTY,2021-10-22,2021-10-28,14550.0,17857.25,14550.0,50,20000.0,298.55,0.0,9927.5,160.0,249.63,239.08,71.92,7.5,200.0,928.13,8999.37,EXPIRY,True,"['long_pe:14350.0PE@1.6->0.0', 'short_pe:14450.0PE@228.55->0.0', 'short_ce:14650.0CE@1545.1->3207.25', 'long_ce:14750.0CE@1473.5->3107.25']",2021,2021-10
IRON_CONDOR_2021-10-29_2021-11-03,IRON_CONDOR,NIFTY,2021-10-29,2021-11-03,15950.0,17829.2,15950.0,50,20000.0,318.7,0.0,10935.0,160.0,158.98,164.95,58.55,5.11,200.0,747.6,10187.4,EXPIRY,True,"['long_pe:15750.0PE@0.85->0.0', 'short_pe:15850.0PE@2.65->0.0', 'short_ce:16050.0CE@1726.45->1779.2000000000007', 'long_ce:16150.0CE@1409.55->1679.2000000000007']",2021,2021-10
IRON_CONDOR_2021-11-04_2021-11-11,IRON_CONDOR,NIFTY,2021-11-04,2021-11-11,16150.0,17873.6,16150.0,50,20000.0,233.45,0.0,6672.5,160.0,144.79,152.14,56.24,4.77,200.0,717.94,5954.56,EXPIRY,True,"['long_pe:15950.0PE@1.85->0.0', 'short_pe:16050.0PE@161.05->0.0', 'short_ce:16250.0CE@1424.9->1623.5999999999985', 'long_ce:16350.0CE@1350.65->1523.5999999999985']",2021,2021-11
IRON_CONDOR_2021-11-12_2021-11-18,IRON_CONDOR,NIFTY,2021-11-12,2021-11-18,16450.0,17764.8,16450.0,50,20000.0,116.15,0.0,807.5,160.0,114.6,127.21,51.74,4.06,200.0,657.62,149.88,EXPIRY,True,"['long_pe:16250.0PE@1.4->0.0', 'short_pe:16350.0PE@1.6->0.0', 'short_ce:16550.0CE@1435.95->1214.7999999999993', 'long_ce:16650.0CE@1320.0->1114.7999999999993']",2021,2021-11
IRON_CONDOR_2021-12-03_2021-12-09,IRON_CONDOR,NIFTY,2021-12-03,2021-12-09,18950.0,17516.85,18950.0,50,20000.0,154.3,0.0,2715.0,160.0,124.95,136.91,53.49,4.34,200.0,679.69,2035.31,EXPIRY,True,"['long_pe:18750.0PE@1377.0->1233.1500000000015', 'short_pe:18850.0PE@1531.05->1333.1500000000015', 'short_ce:19050.0CE@1.05->0.0', 'long_ce:19150.0CE@0.8->0.0']",2021,2021-12
IRON_CONDOR_2021-12-10_2021-12-16,IRON_CONDOR,NIFTY,2021-12-10,2021-12-16,19550.0,17248.4,19550.0,50,20000.0,231.2,0.0,6560.0,160.0,194.83,203.36,65.48,6.41,200.0,830.08,5729.92,EXPIRY,True,"['long_pe:19350.0PE@1798.75->2101.5999999999985', 'short_pe:19450.0PE@2029.8->2201.5999999999985', 'short_ce:19650.0CE@1.5->0.0', 'long_ce:19750.0CE@1.35->0.0']",2021,2021-12
IRON_CONDOR_2021-12-17_2021-12-23,IRON_CONDOR,NIFTY,2021-12-17,2021-12-23,18950.0,17072.6,18950.0,50,20000.0,102.05,0.0,102.5,160.0,153.48,161.65,57.95,5.17,200.0,738.25,-635.75,EXPIRY,False,"['long_pe:18750.0PE@1453.3->1677.4000000000015', 'short_pe:18850.0PE@1555.05->1777.4000000000015', 'short_ce:19050.0CE@1.5->0.0', 'long_ce:19150.0CE@1.2->0.0']",2021,2021-12
IRON_CONDOR_2021-12-24_2021-12-30,IRON_CONDOR,NIFTY,2021-12-24,2021-12-30,17100.0,17203.95,17100.0,50,20000.0,87.05,12.95,4155.0,160.0,6.25,7.92,30.23,0.19,200.0,404.59,3750.41,EXPIRY,True,"['long_pe:16900.0PE@51.85->0.0', 'short_pe:17000.0PE@99.0->0.0', 'short_ce:17200.0CE@101.0->3.9500000000007276', 'long_ce:17300.0CE@61.1->0.0']",2021,2021-12
IRON_CONDOR_2021-12-31_2022-01-06,IRON_CONDOR,NIFTY,2021-12-31,2022-01-06,17250.0,17745.9,17250.0,50,20000.0,81.65,18.35,-917.5,160.0,25.06,25.77,33.45,0.84,200.0,445.12,-1362.62,EXPIRY,False,"['long_pe:17050.0PE@77.6->0.0', 'short_pe:17150.0PE@100.25->0.0', 'short_ce:17350.0CE@110.0->395.90000000000146', 'long_ce:17450.0CE@51.0->295.90000000000146']",2021,2021-12
IRON_CONDOR_2022-01-07_2022-01-13,IRON_CONDOR,NIFTY,2022-01-07,2022-01-13,19300.0,18257.8,19300.0,50,20000.0,111.3,0.0,565.0,160.0,97.57,113.72,49.31,3.63,200.0,624.24,-59.24,EXPIRY,False,"['long_pe:19100.0PE@1325.35->842.2000000000007', 'short_pe:19200.0PE@1436.5->942.2000000000007', 'short_ce:19400.0CE@1.4->0.0', 'long_ce:19500.0CE@1.25->0.0']",2022,2022-01
IRON_CONDOR_2022-01-28_2022-02-03,IRON_CONDOR,NIFTY,2022-01-28,2022-02-03,19500.0,17560.2,19500.0,50,20000.0,-82.15,182.15,-9107.5,160.0,151.0,159.17,57.51,5.23,200.0,732.91,-9840.41,EXPIRY,False,"['long_pe:19300.0PE@1432.4->1739.7999999999993', 'short_pe:19400.0PE@1350.0->1839.7999999999993', 'short_ce:19600.0CE@2.5->0.0', 'long_ce:19700.0CE@2.25->0.0']",2022,2022-01
IRON_CONDOR_2022-02-11_2022-02-17,IRON_CONDOR,NIFTY,2022-02-11,2022-02-17,19300.0,17304.6,19300.0,50,20000.0,185.2,0.0,4260.0,160.0,163.52,169.73,59.41,5.37,200.0,758.02,3501.98,EXPIRY,True,"['long_pe:19100.0PE@1455.2->1795.4000000000015', 'short_pe:19200.0PE@1640.2->1895.4000000000015', 'short_ce:19400.0CE@1.5->0.0', 'long_ce:19500.0CE@1.3->0.0']",2022,2022-02
IRON_CONDOR_2022-02-18_2022-02-24,IRON_CONDOR,NIFTY,2022-02-18,2022-02-24,19450.0,16247.95,19450.0,50,20000.0,509.0,0.0,20450.0,160.0,250.17,239.95,72.08,7.37,200.0,929.58,19520.42,EXPIRY,True,"['long_pe:19250.0PE@1491.05->3002.0499999999993', 'short_pe:19350.0PE@2000.0->3102.0499999999993', 'short_ce:19550.0CE@1.5->0.0', 'long_ce:19650.0CE@1.45->0.0']",2022,2022-02
IRON_CONDOR_2022-03-04_2022-03-10,IRON_CONDOR,NIFTY,2022-03-04,2022-03-10,19450.0,16594.9,19450.0,50,20000.0,-129.45,229.45,-11472.5,160.0,210.75,210.19,66.71,6.9,200.0,854.55,-12327.05,EXPIRY,False,"['long_pe:19250.0PE@1562.3->2655.0999999999985', 'short_pe:19350.0PE@1432.5->2755.0999999999985', 'short_ce:19550.0CE@1.4->0.0', 'long_ce:19650.0CE@1.05->0.0']",2022,2022-03
IRON_CONDOR_2022-03-11_2022-03-17,IRON_CONDOR,NIFTY,2022-03-11,2022-03-17,19450.0,17287.05,19450.0,50,20000.0,71.6,28.4,-1420.0,160.0,161.97,161.71,57.97,5.2,200.0,746.84,-2166.84,EXPIRY,False,"['long_pe:19250.0PE@1184.4->1962.9500000000007', 'short_pe:19350.0PE@1255.9->2062.9500000000007', 'short_ce:19550.0CE@1.2->0.0', 'long_ce:19650.0CE@1.1->0.0']",2022,2022-03
IRON_CONDOR_2022-03-21_2022-03-24,IRON_CONDOR,NIFTY,2022-03-21,2022-03-24,18600.0,17222.75,18600.0,50,20000.0,30.3,69.7,-3485.0,160.0,109.19,117.59,50.01,3.82,200.0,640.61,-4125.61,EXPIRY,False,"['long_pe:18400.0PE@1108.35->1177.25', 'short_pe:18500.0PE@1138.2->1277.25', 'short_ce:18700.0CE@1.5->0.0', 'long_ce:18800.0CE@1.05->0.0']",2022,2022-03
IRON_CONDOR_2022-03-25_2022-03-31,IRON_CONDOR,NIFTY,2022-03-25,2022-03-31,19400.0,17464.75,19400.0,50,20000.0,-13.45,113.45,-5672.5,160.0,172.14,191.49,63.34,6.21,200.0,793.18,-6465.68,EXPIRY,False,"['long_pe:19200.0PE@2050.35->1735.25', 'short_pe:19300.0PE@2036.55->1835.25', 'short_ce:19500.0CE@1.3->0.0', 'long_ce:19600.0CE@0.95->0.0']",2022,2022-03
IRON_CONDOR_2022-04-01_2022-04-07,IRON_CONDOR,NIFTY,2022-04-01,2022-04-07,14800.0,17639.55,14800.0,50,61326.62499999998,-966.55,1066.55,-53327.5,160.0,211.32,232.79,70.79,8.25,200.0,883.14,-54210.64,EXPIRY,False,"['long_pe:14600.0PE@1.2->0.0', 'short_pe:14700.0PE@1.1->0.0', 'short_ce:14900.0CE@1481.9->2739.5499999999993', 'long_ce:15000.0CE@2448.35->2639.5499999999993']",2022,2022-04
IRON_CONDOR_2022-04-08_2022-04-13,IRON_CONDOR,NIFTY,2022-04-08,2022-04-13,14650.0,17475.65,14650.0,50,20000.0,87.75,12.25,-612.5,160.0,215.32,213.54,67.31,6.84,200.0,863.01,-1475.51,EXPIRY,False,"['long_pe:14450.0PE@1.2->0.0', 'short_pe:14550.0PE@1.0->0.0', 'short_ce:14750.0CE@1637.95->2725.6500000000015', 'long_ce:14850.0CE@1550.0->2625.6500000000015']",2022,2022-04
IRON_CONDOR_2022-04-29_2022-05-05,IRON_CONDOR,NIFTY,2022-04-29,2022-05-05,14650.0,16682.65,14650.0,50,20000.0,83.8,16.2,-810.0,160.0,167.54,176.83,60.69,5.67,200.0,770.73,-1580.73,EXPIRY,False,"['long_pe:14450.0PE@1.55->0.0', 'short_pe:14550.0PE@1.2->0.0', 'short_ce:14750.0CE@1694.65->1932.6500000000015', 'long_ce:14850.0CE@1610.5->1832.6500000000015']",2022,2022-04
IRON_CONDOR_2022-05-06_2022-05-12,IRON_CONDOR,NIFTY,2022-05-06,2022-05-12,19150.0,15808.0,19150.0,50,20000.0,-10.65,110.65,-5532.5,160.0,258.68,259.55,75.61,8.39,200.0,962.23,-6494.73,EXPIRY,False,"['long_pe:18950.0PE@2002.75->3142.0', 'short_pe:19050.0PE@1992.0->3242.0', 'short_ce:19250.0CE@1.7->0.0', 'long_ce:19350.0CE@1.6->0.0']",2022,2022-05
IRON_CONDOR_2022-05-27_2022-06-02,IRON_CONDOR,NIFTY,2022-05-27,2022-06-02,16250.0,16628.0,16250.0,50,20000.0,71.6,28.4,-1420.0,160.0,19.47,22.96,32.94,0.76,200.0,436.12,-1856.12,EXPIRY,False,"['long_pe:16050.0PE@93.6->0.0', 'short_pe:16150.0PE@120.65->0.0', 'short_ce:16350.0CE@146.3->278.0', 'long_ce:16450.0CE@101.75->178.0']",2022,2022-05
IRON_CONDOR_2022-06-03_2022-06-09,IRON_CONDOR,NIFTY,2022-06-03,2022-06-09,14800.0,16478.1,14800.0,50,27004.875000000004,-369.65,469.65,-23482.5,160.0,136.45,156.16,56.97,5.35,200.0,714.93,-24197.43,EXPIRY,False,"['long_pe:14600.0PE@1.4->0.0', 'short_pe:14700.0PE@1.5->0.0', 'short_ce:14900.0CE@1408.85->1578.0999999999985', 'long_ce:15000.0CE@1778.6->1478.0999999999985']",2022,2022-06
IRON_CONDOR_2022-06-10_2022-06-16,IRON_CONDOR,NIFTY,2022-06-10,2022-06-16,18700.0,15360.6,18700.0,50,20000.0,38.2,61.8,-3090.0,160.0,266.24,270.56,77.6,8.7,200.0,983.1,-4073.1,EXPIRY,False,"['long_pe:18500.0PE@2201.85->3139.3999999999996', 'short_pe:18600.0PE@2240.0->3239.3999999999996', 'short_ce:18800.0CE@0.9->0.0', 'long_ce:18900.0CE@0.85->0.0']",2022,2022-06
IRON_CONDOR_2022-06-17_2022-06-23,IRON_CONDOR,NIFTY,2022-06-17,2022-06-23,18500.0,15556.65,18500.0,50,20000.0,108.8,0.0,440.0,160.0,268.01,291.43,81.36,9.32,200.0,1010.12,-570.12,EXPIRY,False,"['long_pe:18300.0PE@2979.35->2743.3500000000004', 'short_pe:18400.0PE@3088.2->2843.3500000000004', 'short_ce:18600.0CE@1.4->0.0', 'long_ce:18700.0CE@1.45->0.0']",2022,2022-06
IRON_CONDOR_2022-07-22_2022-07-28,IRON_CONDOR,NIFTY,2022-07-22,2022-07-28,18550.0,16929.6,18550.0,50,20000.0,99.25,0.75,-37.5,160.0,149.28,167.85,59.07,5.37,200.0,741.57,-779.07,EXPIRY,False,"['long_pe:18350.0PE@1836.35->1420.4000000000015', 'short_pe:18450.0PE@1935.5->1520.4000000000015', 'short_ce:18650.0CE@0.65->0.0', 'long_ce:18750.0CE@0.55->0.0']",2022,2022-07
IRON_CONDOR_2022-08-05_2022-08-11,IRON_CONDOR,NIFTY,2022-08-05,2022-08-11,14000.0,17659.0,14000.0,50,20000.0,1312.15,0.0,60607.5,160.0,309.97,292.7,81.59,8.46,200.0,1052.72,59554.78,EXPIRY,True,"['long_pe:13800.0PE@0.95->0.0', 'short_pe:13900.0PE@1.05->0.0', 'short_ce:14100.0CE@3000.0->3559.0', 'long_ce:14200.0CE@1687.95->3459.0']",2022,2022-08
IRON_CONDOR_2022-08-19_2022-08-25,IRON_CONDOR,NIFTY,2022-08-19,2022-08-25,14100.0,17522.45,14100.0,50,20000.0,-26.7,126.7,-6335.0,160.0,314.94,345.95,91.2,11.17,200.0,1123.25,-7458.25,EXPIRY,False,"['long_pe:13900.0PE@0.7->0.0', 'short_pe:14000.0PE@0.85->0.0', 'short_ce:14200.0CE@3632.3->3322.4500000000007', 'long_ce:14300.0CE@3659.15->3222.4500000000007']",2022,2022-08
IRON_CONDOR_2022-09-09_2022-09-15,IRON_CONDOR,NIFTY,2022-09-09,2022-09-15,14400.0,17877.4,14400.0,50,20000.0,1247.15,0.0,57357.5,160.0,293.38,276.86,78.73,8.0,200.0,1016.97,56340.53,EXPIRY,True,"['long_pe:14200.0PE@1.05->0.0', 'short_pe:14300.0PE@0.8->0.0', 'short_ce:14500.0CE@2832.55->3377.4000000000015', 'long_ce:14600.0CE@1585.15->3277.4000000000015']",2022,2022-09
IRON_CONDOR_2022-09-16_2022-09-22,IRON_CONDOR,NIFTY,2022-09-16,2022-09-22,14500.0,17629.8,14500.0,50,20000.0,90.85,9.15,-457.5,160.0,251.39,255.97,74.97,8.2,200.0,950.52,-1408.02,EXPIRY,False,"['long_pe:14300.0PE@0.85->0.0', 'short_pe:14400.0PE@1.0->0.0', 'short_ce:14600.0CE@2183.95->3029.7999999999993', 'long_ce:14700.0CE@2093.25->2929.7999999999993']",2022,2022-09
IRON_CONDOR_2022-09-30_2022-10-06,IRON_CONDOR,NIFTY,2022-09-30,2022-10-06,14650.0,17331.8,14650.0,50,20000.0,477.25,0.0,18862.5,160.0,242.22,254.03,74.62,7.85,200.0,938.71,17923.79,EXPIRY,True,"['long_pe:14450.0PE@1.6->0.0', 'short_pe:14550.0PE@1.1->0.0', 'short_ce:14750.0CE@2786.35->2581.7999999999993', 'long_ce:14850.0CE@2308.6->2481.7999999999993']",2022,2022-09
IRON_CONDOR_2022-10-14_2022-10-20,IRON_CONDOR,NIFTY,2022-10-14,2022-10-20,19900.0,17563.95,19900.0,50,20000.0,82.7,17.3,-865.0,160.0,190.01,197.65,64.45,6.34,200.0,818.45,-1683.45,EXPIRY,False,"['long_pe:19700.0PE@1724.6->2136.0499999999993', 'short_pe:19800.0PE@1807.3->2236.0499999999993', 'short_ce:20000.0CE@1.0->0.0', 'long_ce:20100.0CE@1.0->0.0']",2022,2022-10
IRON_CONDOR_2022-10-21_2022-10-27,IRON_CONDOR,NIFTY,2022-10-21,2022-10-27,14650.0,17736.95,14650.0,50,20000.0,90.55,9.45,-472.5,160.0,257.01,267.11,76.98,8.55,200.0,969.66,-1442.16,EXPIRY,False,"['long_pe:14450.0PE@0.55->0.0', 'short_pe:14550.0PE@2.7->0.0', 'short_ce:14750.0CE@2447.85->2986.9500000000007', 'long_ce:14850.0CE@2359.45->2886.9500000000007']",2022,2022-10
IRON_CONDOR_2022-11-04_2022-11-10,IRON_CONDOR,NIFTY,2022-11-04,2022-11-10,15900.0,18028.2,15900.0,50,20000.0,595.75,0.0,24787.5,160.0,184.74,186.78,62.49,5.61,200.0,799.61,23987.89,EXPIRY,True,"['long_pe:15700.0PE@1.05->0.0', 'short_pe:15800.0PE@1.25->0.0', 'short_ce:16000.0CE@2054.0->2028.2000000000007', 'long_ce:16100.0CE@1458.45->1928.2000000000007']",2022,2022-11
IRON_CONDOR_2022-11-25_2022-12-01,IRON_CONDOR,NIFTY,2022-11-25,2022-12-01,15250.0,18812.5,15250.0,50,20000.0,93.35,6.65,-332.5,160.0,288.15,293.08,81.66,9.38,200.0,1032.27,-1364.77,EXPIRY,False,"['long_pe:15050.0PE@1.0->0.0', 'short_pe:15150.0PE@2.25->0.0', 'short_ce:15350.0CE@2493.45->3462.5', 'long_ce:15450.0CE@2401.35->3362.5']",2022,2022-11
IRON_CONDOR_2022-12-02_2022-12-08,IRON_CONDOR,NIFTY,2022-12-02,2022-12-08,15000.0,18609.35,15000.0,50,20000.0,93.2,6.8,-340.0,160.0,288.97,292.05,81.47,9.35,200.0,1031.84,-1371.84,EXPIRY,False,"['long_pe:14800.0PE@0.9->0.0', 'short_pe:14900.0PE@1.2->0.0', 'short_ce:15100.0CE@2427.05->3509.3499999999985', 'long_ce:15200.0CE@2334.15->3409.3499999999985']",2022,2022-12
IRON_CONDOR_2022-12-09_2022-12-15,IRON_CONDOR,NIFTY,2022-12-09,2022-12-15,15000.0,18414.9,15000.0,50,20000.0,90.1,9.9,-495.0,160.0,267.5,267.51,77.05,8.57,200.0,980.63,-1475.63,EXPIRY,False,"['long_pe:14800.0PE@0.9->0.0', 'short_pe:14900.0PE@0.8->0.0', 'short_ce:15100.0CE@2129.55->3314.9000000000015', 'long_ce:15200.0CE@2039.35->3214.9000000000015']",2022,2022-12
IRON_CONDOR_2022-12-30_2023-01-05,IRON_CONDOR,NIFTY,2022-12-30,2023-01-05,15750.0,17992.15,15750.0,50,20000.0,93.1,6.9,-345.0,160.0,203.12,223.05,69.03,7.14,200.0,862.34,-1207.34,EXPIRY,False,"['long_pe:15550.0PE@1.25->0.0', 'short_pe:15650.0PE@1.9->0.0', 'short_ce:15850.0CE@2413.55->2142.1500000000015', 'long_ce:15950.0CE@2321.1->2042.1500000000015']",2022,2022-12
IRON_CONDOR_2023-01-27_2023-02-02,IRON_CONDOR,NIFTY,2023-01-27,2023-02-02,19750.0,17610.4,19750.0,50,20000.0,64.55,35.45,-1772.5,160.0,152.74,148.29,55.55,4.77,200.0,721.35,-2493.85,EXPIRY,False,"['long_pe:19550.0PE@942.15->1939.5999999999985', 'short_pe:19650.0PE@1006.5->2039.5999999999985', 'short_ce:19850.0CE@2.0->0.0', 'long_ce:19950.0CE@1.8->0.0']",2023,2023-01
IRON_CONDOR_2023-03-17_2023-03-23,IRON_CONDOR,NIFTY,2023-03-17,2023-03-23,15650.0,17076.9,15650.0,50,20000.0,98.75,1.25,-62.5,160.0,151.64,181.32,61.5,5.8,200.0,760.27,-822.77,EXPIRY,False,"['long_pe:15450.0PE@2.2->0.0', 'short_pe:15550.0PE@2.7->0.0', 'short_ce:15750.0CE@2396.1->1326.9000000000015', 'long_ce:15850.0CE@2297.85->1226.9000000000015']",2023,2023-03
IRON_CONDOR_2023-05-12_2023-05-18,IRON_CONDOR,NIFTY,2023-05-12,2023-05-18,16350.0,18129.95,16350.0,50,20000.0,92.65,7.35,-367.5,160.0,145.79,154.45,56.66,4.95,200.0,721.84,-1089.34,EXPIRY,False,"['long_pe:16150.0PE@1.4->0.0', 'short_pe:16250.0PE@1.3->0.0', 'short_ce:16450.0CE@1504.05->1679.9500000000007', 'long_ce:16550.0CE@1411.3->1579.9500000000007']",2023,2023-05
IRON_CONDOR_2023-05-19_2023-05-25,IRON_CONDOR,NIFTY,2023-05-19,2023-05-25,16050.0,18321.15,16050.0,50,20000.0,1262.15,0.0,58107.5,160.0,200.17,187.65,62.65,5.13,200.0,815.6,57291.9,EXPIRY,True,"['long_pe:15850.0PE@1.25->0.0', 'short_pe:15950.0PE@1.5->0.0', 'short_ce:16150.0CE@2261.5->2171.1500000000015', 'long_ce:16250.0CE@999.6->2071.1500000000015']",2023,2023-05
IRON_CONDOR_2023-06-09_2023-06-15,IRON_CONDOR,NIFTY,2023-06-09,2023-06-15,20050.0,18688.1,20050.0,50,20000.0,91.75,8.25,-412.5,160.0,121.13,135.92,53.31,4.36,200.0,674.72,-1087.22,EXPIRY,False,"['long_pe:19850.0PE@1459.6->1161.9000000000015', 'short_pe:19950.0PE@1551.1->1261.9000000000015', 'short_ce:20150.0CE@1.25->0.0', 'long_ce:20250.0CE@1.0->0.0']",2023,2023-06
IRON_CONDOR_2023-06-16_2023-06-22,IRON_CONDOR,NIFTY,2023-06-16,2023-06-22,18750.0,18771.25,18750.0,50,20000.0,52.3,47.7,2615.0,160.0,3.04,3.55,29.44,0.07,200.0,396.1,2218.9,EXPIRY,True,"['long_pe:18550.0PE@30.0->0.0', 'short_pe:18650.0PE@55.0->0.0', 'short_ce:18850.0CE@42.15->0.0', 'long_ce:18950.0CE@14.85->0.0']",2023,2023-06
IRON_CONDOR_2023-08-04_2023-08-10,IRON_CONDOR,NIFTY,2023-08-04,2023-08-10,21150.0,19543.1,21150.0,50,20000.0,90.35,9.65,-482.5,160.0,133.38,143.3,54.65,4.59,200.0,695.91,-1178.41,EXPIRY,False,"['long_pe:20950.0PE@1362.0->1406.9000000000015', 'short_pe:21050.0PE@1452.1->1506.9000000000015', 'short_ce:21250.0CE@2.15->0.0', 'long_ce:21350.0CE@1.9->0.0']",2023,2023-08
IRON_CONDOR_2023-08-11_2023-08-17,IRON_CONDOR,NIFTY,2023-08-11,2023-08-17,21100.0,19365.25,21100.0,50,20000.0,89.15,10.85,-542.5,160.0,142.21,151.07,56.05,4.84,200.0,714.17,-1256.67,EXPIRY,False,"['long_pe:20900.0PE@1390.85->1534.75', 'short_pe:21000.0PE@1480.0->1634.75', 'short_ce:21200.0CE@1.2->0.0', 'long_ce:21300.0CE@1.2->0.0']",2023,2023-08
IRON_CONDOR_2023-08-25_2023-08-31,IRON_CONDOR,NIFTY,2023-08-25,2023-08-31,17050.0,19253.8,17050.0,50,20000.0,632.5,0.0,26625.0,160.0,194.05,196.98,64.33,5.9,200.0,821.27,25803.73,EXPIRY,True,"['long_pe:16850.0PE@1.2->0.0', 'short_pe:16950.0PE@1.05->0.0', 'short_ce:17150.0CE@2201.05->2103.7999999999993', 'long_ce:17250.0CE@1568.4->2003.7999999999993']",2023,2023-08
IRON_CONDOR_2023-09-29_2023-10-05,IRON_CONDOR,NIFTY,2023-09-29,2023-10-05,21250.0,19545.75,21250.0,50,20000.0,93.75,6.25,-312.5,160.0,144.83,156.68,57.06,5.02,200.0,723.59,-1036.09,EXPIRY,False,"['long_pe:21050.0PE@1531.4->1504.25', 'short_pe:21150.0PE@1623.2->1604.25', 'short_ce:21350.0CE@3.0->0.0', 'long_ce:21450.0CE@1.05->0.0']",2023,2023-09
IRON_CONDOR_2023-10-20_2023-10-26,IRON_CONDOR,NIFTY,2023-10-20,2023-10-26,21350.0,18857.25,21350.0,50,20000.0,75.0,25.0,-1250.0,160.0,188.3,187.27,62.58,6.01,200.0,804.16,-2054.16,EXPIRY,False,"['long_pe:21150.0PE@1363.9->2292.75', 'short_pe:21250.0PE@1439.05->2392.75', 'short_ce:21450.0CE@1.1->0.0', 'long_ce:21550.0CE@1.25->0.0']",2023,2023-10
IRON_CONDOR_2023-10-27_2023-11-02,IRON_CONDOR,NIFTY,2023-10-27,2023-11-02,20400.0,19133.25,20400.0,50,20000.0,232.8,0.0,6640.0,160.0,109.05,117.82,50.05,3.67,200.0,640.59,5999.41,EXPIRY,True,"['long_pe:20200.0PE@1121.0->1066.75', 'short_pe:20300.0PE@1353.8->1166.75', 'short_ce:20500.0CE@2.3->0.0', 'long_ce:20600.0CE@2.3->0.0']",2023,2023-10
IRON_CONDOR_2023-11-03_2023-11-09,IRON_CONDOR,NIFTY,2023-11-03,2023-11-09,21050.0,19395.3,21050.0,50,20000.0,89.15,10.85,-542.5,160.0,131.63,138.14,53.71,4.43,200.0,687.9,-1230.4,EXPIRY,False,"['long_pe:20850.0PE@1212.25->1454.7000000000007', 'short_pe:20950.0PE@1301.9->1554.7000000000007', 'short_ce:21150.0CE@0.7->0.0', 'long_ce:21250.0CE@1.2->0.0']",2023,2023-11
IRON_CONDOR_2023-11-10_2023-11-16,IRON_CONDOR,NIFTY,2023-11-10,2023-11-16,17600.0,19765.2,17600.0,50,20000.0,-76.0,176.0,-8800.0,160.0,172.66,182.4,61.7,5.97,200.0,782.73,-9582.73,EXPIRY,False,"['long_pe:17400.0PE@0.8->0.0', 'short_pe:17500.0PE@0.8->0.0', 'short_ce:17700.0CE@1594.0->2065.2000000000007', 'long_ce:17800.0CE@1670.0->1965.2000000000007']",2023,2023-11
IRON_CONDOR_2023-12-01_2023-12-07,IRON_CONDOR,NIFTY,2023-12-01,2023-12-07,21350.0,20901.15,21350.0,50,20000.0,97.45,2.55,-127.5,160.0,77.36,111.4,48.89,3.57,200.0,601.21,-728.71,EXPIRY,False,"['long_pe:21150.0PE@1879.05->248.84999999999854', 'short_pe:21250.0PE@1976.45->348.84999999999854', 'short_ce:21450.0CE@1.35->0.0', 'long_ce:21550.0CE@1.3->0.0']",2023,2023-12
IRON_CONDOR_2023-12-08_2023-12-14,IRON_CONDOR,NIFTY,2023-12-08,2023-12-14,18700.0,21182.7,18700.0,50,20000.0,1419.3,0.0,65965.0,160.0,210.55,189.76,63.02,5.08,200.0,828.41,65136.59,EXPIRY,True,"['long_pe:18500.0PE@1.75->0.0', 'short_pe:18600.0PE@2.1->0.0', 'short_ce:18800.0CE@2170.0->2382.7000000000007', 'long_ce:18900.0CE@751.05->2282.7000000000007']",2023,2023-12
IRON_CONDOR_2023-12-29_2024-01-04,IRON_CONDOR,NIFTY,2023-12-29,2024-01-04,18650.0,21658.6,18650.0,50,20000.0,1751.6,0.0,82580.0,160.0,266.82,245.2,73.02,6.61,200.0,951.66,81628.34,EXPIRY,True,"['long_pe:18450.0PE@1.1->0.0', 'short_pe:18550.0PE@1.2->0.0', 'short_ce:18750.0CE@2920.0->2908.5999999999985', 'long_ce:18850.0CE@1168.5->2808.5999999999985']",2023,2023-12
IRON_CONDOR_2024-01-05_2024-01-11,IRON_CONDOR,NIFTY,2024-01-05,2024-01-11,21710.8,21647.2,21700.0,50,20000.0,71.55,28.45,3577.5,160.0,5.26,6.62,29.99,0.16,200.0,402.03,3175.47,EXPIRY,True,"['long_pe:21500.0PE@42.7->0.0', 'short_pe:21600.0PE@76.7->0.0', 'short_ce:21800.0CE@91.55->0.0', 'long_ce:21900.0CE@54.0->0.0']",2024,2024-01
IRON_CONDOR_2024-01-12_2024-01-18,IRON_CONDOR,NIFTY,2024-01-12,2024-01-18,21894.55,21462.25,21900.0,50,20000.0,59.4,40.6,-2030.0,160.0,21.93,24.21,33.17,0.81,200.0,440.12,-2470.12,EXPIRY,False,"['long_pe:21700.0PE@141.85->237.75', 'short_pe:21800.0PE@187.0->337.75', 'short_ce:22000.0CE@39.25->0.0', 'long_ce:22100.0CE@25.0->0.0']",2024,2024-01
IRON_CONDOR_2024-01-19_2024-01-25,IRON_CONDOR,NIFTY,2024-01-19,2024-01-25,21622.4,21352.6,21600.0,50,20000.0,86.05,13.95,-697.5,160.0,10.0,13.97,31.32,0.46,200.0,415.74,-1113.24,EXPIRY,False,"['long_pe:21400.0PE@71.0->47.400000000001455', 'short_pe:21500.0PE@99.95->147.40000000000146', 'short_ce:21700.0CE@125.1->0.0', 'long_ce:21800.0CE@68.0->0.0']",2024,2024-01
IRON_CONDOR_2024-01-29_2024-02-01,IRON_CONDOR,NIFTY,2024-01-29,2024-02-01,21737.6,21697.45,21750.0,50,20000.0,-79.55,179.55,-3977.5,160.0,8.67,15.86,31.66,0.57,200.0,416.76,-4394.26,EXPIRY,False,"['long_pe:21550.0PE@325.0->0.0', 'short_pe:21650.0PE@235.85->0.0', 'short_ce:21850.0CE@41.6->0.0', 'long_ce:21950.0CE@32.0->0.0']",2024,2024-01
IRON_CONDOR_2024-02-02_2024-02-08,IRON_CONDOR,NIFTY,2024-02-02,2024-02-08,21853.8,21717.95,21850.0,50,20000.0,65.75,34.25,1685.0,160.0,7.52,11.19,30.82,0.33,200.0,409.87,1275.13,EXPIRY,True,"['long_pe:21650.0PE@100.0->0.0', 'short_pe:21750.0PE@144.95->32.04999999999927', 'short_ce:21950.0CE@95.8->0.0', 'long_ce:22050.0CE@75.0->0.0']",2024,2024-02
IRON_CONDOR_2024-02-09_2024-02-15,IRON_CONDOR,NIFTY,2024-02-09,2024-02-15,21782.5,21910.75,21800.0,50,20000.0,98.35,1.65,4380.0,160.0,9.55,13.08,31.16,0.35,200.0,414.14,3965.86,EXPIRY,True,"['long_pe:21600.0PE@117.8->0.0', 'short_pe:21700.0PE@179.45->0.0', 'short_ce:21900.0CE@126.0->10.75', 'long_ce:22000.0CE@89.3->0.0']",2024,2024-02
IRON_CONDOR_2024-02-16_2024-02-22,IRON_CONDOR,NIFTY,2024-02-16,2024-02-22,22040.7,22217.45,22050.0,50,20000.0,99.0,1.0,1577.5,160.0,7.16,10.66,30.72,0.32,200.0,408.86,1168.64,EXPIRY,True,"['long_pe:21850.0PE@70.0->0.0', 'short_pe:21950.0PE@130.0->0.0', 'short_ce:22150.0CE@99.0->67.45000000000073', 'long_ce:22250.0CE@60.0->0.0']",2024,2024-02
IRON_CONDOR_2024-02-23_2024-02-29,IRON_CONDOR,NIFTY,2024-02-23,2024-02-29,22212.7,21982.8,22200.0,50,20000.0,34.85,65.15,-3257.5,160.0,8.31,14.06,31.34,0.5,200.0,414.21,-3671.71,EXPIRY,False,"['long_pe:22000.0PE@76.65->17.200000000000728', 'short_pe:22100.0PE@81.0->117.20000000000073', 'short_ce:22300.0CE@150.5->0.0', 'long_ce:22400.0CE@120.0->0.0']",2024,2024-02
IRON_CONDOR_2024-03-01_2024-03-07,IRON_CONDOR,NIFTY,2024-03-01,2024-03-07,22338.75,22493.55,22350.0,50,20000.0,51.75,48.25,410.0,160.0,8.61,13.56,31.25,0.43,200.0,413.85,-3.85,EXPIRY,False,"['long_pe:22150.0PE@195.95->0.0', 'short_pe:22250.0PE@228.55->0.0', 'short_ce:22450.0CE@46.85->43.54999999999927', 'long_ce:22550.0CE@27.7->0.0']",2024,2024-03
IRON_CONDOR_2024-03-11_2024-03-14,IRON_CONDOR,NIFTY,2024-03-11,2024-03-14,22332.65,22146.65,22350.0,50,20000.0,74.5,25.5,-1275.0,160.0,6.94,11.58,30.89,0.39,200.0,409.8,-1684.8,EXPIRY,False,"['long_pe:22150.0PE@33.1->3.349999999998545', 'short_pe:22250.0PE@40.05->103.34999999999854', 'short_ce:22450.0CE@175.4->0.0', 'long_ce:22550.0CE@107.85->0.0']",2024,2024-03
IRON_CONDOR_2024-03-15_2024-03-21,IRON_CONDOR,NIFTY,2024-03-15,2024-03-21,22023.35,22011.95,22000.0,50,20000.0,106.7,0.0,5335.0,160.0,8.53,10.98,30.78,0.27,200.0,410.57,4924.43,EXPIRY,True,"['long_pe:21800.0PE@46.3->0.0', 'short_pe:21900.0PE@75.0->0.0', 'short_ce:22100.0CE@198.0->0.0', 'long_ce:22200.0CE@120.0->0.0']",2024,2024-03
IRON_CONDOR_2024-03-22_2024-03-28,IRON_CONDOR,NIFTY,2024-03-22,2024-03-28,22096.75,22326.9,22100.0,50,20000.0,52.4,47.6,-2380.0,160.0,7.12,11.24,30.83,0.4,200.0,409.58,-2789.58,EXPIRY,False,"['long_pe:21900.0PE@86.6->0.0', 'short_pe:22000.0PE@105.0->0.0', 'short_ce:22200.0CE@69.0->126.90000000000146', 'long_ce:22300.0CE@35.0->26.900000000001455']",2024,2024-03
IRON_CONDOR_2024-04-01_2024-04-04,IRON_CONDOR,NIFTY,2024-04-01,2024-04-04,22462.0,22514.65,22450.0,50,20000.0,70.25,29.75,3512.5,160.0,5.16,6.5,29.97,0.16,200.0,401.78,3110.72,EXPIRY,True,"['long_pe:22250.0PE@51.95->0.0', 'short_pe:22350.0PE@77.1->0.0', 'short_ce:22550.0CE@87.95->0.0', 'long_ce:22650.0CE@42.85->0.0']",2024,2024-04
IRON_CONDOR_2024-04-05_2024-04-10,IRON_CONDOR,NIFTY,2024-04-05,2024-04-10,22513.7,22753.8,22500.0,50,20000.0,65.15,34.85,-1742.5,160.0,8.71,12.11,30.98,0.41,200.0,412.22,-2154.72,EXPIRY,False,"['long_pe:22300.0PE@51.1->0.0', 'short_pe:22400.0PE@81.0->0.0', 'short_ce:22600.0CE@90.0->153.79999999999927', 'long_ce:22700.0CE@54.75->53.79999999999927']",2024,2024-04
IRON_CONDOR_2024-04-12_2024-04-18,IRON_CONDOR,NIFTY,2024-04-12,2024-04-18,22519.4,21995.85,22500.0,50,20000.0,61.2,38.8,-1940.0,160.0,26.39,27.99,33.85,0.92,200.0,449.15,-2389.15,EXPIRY,False,"['long_pe:22300.0PE@30.0->304.15000000000146', 'short_pe:22400.0PE@47.2->404.15000000000146', 'short_ce:22600.0CE@189.0->0.0', 'long_ce:22700.0CE@145.0->0.0']",2024,2024-04
IRON_CONDOR_2024-04-19_2024-04-25,IRON_CONDOR,NIFTY,2024-04-19,2024-04-25,22147.0,22570.35,22150.0,50,20000.0,96.9,3.1,-155.0,160.0,23.02,25.89,33.47,0.83,200.0,443.21,-598.21,EXPIRY,False,"['long_pe:21950.0PE@168.0->0.0', 'short_pe:22050.0PE@246.0->0.0', 'short_ce:22250.0CE@49.95->320.34999999999854', 'long_ce:22350.0CE@31.05->220.34999999999854']",2024,2024-04
IRON_CONDOR_2024-04-26_2024-05-02,IRON_CONDOR,NIFTY,2024-04-26,2024-05-02,22419.95,22648.2,22400.0,25,20000.0,59.05,40.95,-1023.75,160.0,5.22,7.67,30.18,0.26,100.0,303.33,-1327.08,EXPIRY,False,"['long_pe:22200.0PE@28.9->0.0', 'short_pe:22300.0PE@41.95->0.0', 'short_ce:22500.0CE@196.0->148.20000000000073', 'long_ce:22600.0CE@150.0->48.20000000000073']",2024,2024-04
IRON_CONDOR_2024-05-03_2024-05-09,IRON_CONDOR,NIFTY,2024-05-03,2024-05-09,22475.85,21957.5,22500.0,25,20000.0,77.45,22.55,-563.75,160.0,15.18,16.01,31.69,0.52,100.0,323.39,-887.14,EXPIRY,False,"['long_pe:22300.0PE@24.1->342.5', 'short_pe:22400.0PE@31.5->442.5', 'short_ce:22600.0CE@255.0->0.0', 'long_ce:22700.0CE@184.95->0.0']",2024,2024-05
IRON_CONDOR_2024-05-10_2024-05-16,IRON_CONDOR,NIFTY,2024-05-10,2024-05-16,22055.2,22403.85,22050.0,25,20000.0,85.05,14.95,-373.75,160.0,9.03,10.78,30.75,0.35,100.0,310.91,-684.66,EXPIRY,False,"['long_pe:21850.0PE@115.0->0.0', 'short_pe:21950.0PE@150.05->0.0', 'short_ce:22150.0CE@120.0->253.84999999999854', 'long_ce:22250.0CE@70.0->153.84999999999854']",2024,2024-05
IRON_CONDOR_2024-05-17_2024-05-23,IRON_CONDOR,NIFTY,2024-05-17,2024-05-23,22466.1,22967.65,22450.0,25,20000.0,50.0,50.0,-1250.0,160.0,13.16,13.74,31.28,0.46,100.0,318.63,-1568.63,EXPIRY,False,"['long_pe:22250.0PE@91.85->0.0', 'short_pe:22350.0PE@107.6->0.0', 'short_ce:22550.0CE@99.25->417.65000000000146', 'long_ce:22650.0CE@65.0->317.65000000000146']",2024,2024-05
IRON_CONDOR_2024-05-24_2024-05-30,IRON_CONDOR,NIFTY,2024-05-24,2024-05-30,22957.1,22488.65,22950.0,25,20000.0,65.0,35.0,-875.0,160.0,11.92,12.97,31.14,0.43,100.0,316.46,-1191.46,EXPIRY,False,"['long_pe:22750.0PE@80.0->261.34999999999854', 'short_pe:22850.0PE@105.0->361.34999999999854', 'short_ce:23050.0CE@135.0->0.0', 'long_ce:23150.0CE@95.0->0.0']",2024,2024-05
IRON_CONDOR_2024-05-31_2024-06-06,IRON_CONDOR,NIFTY,2024-05-31,2024-06-06,22530.7,22821.4,22550.0,25,20000.0,133.7,0.0,842.5,160.0,14.9,21.64,32.7,0.68,100.0,329.92,512.58,EXPIRY,True,"['long_pe:22350.0PE@316.3->0.0', 'short_pe:22450.0PE@400.0->0.0', 'short_ce:22650.0CE@411.0->171.40000000000146', 'long_ce:22750.0CE@361.0->71.40000000000146']",2024,2024-05
IRON_CONDOR_2024-06-07_2024-06-13,IRON_CONDOR,NIFTY,2024-06-07,2024-06-13,23290.15,23398.9,23300.0,25,20000.0,53.8,46.2,1345.0,160.0,6.87,10.33,30.66,0.31,100.0,308.17,1036.83,EXPIRY,True,"['long_pe:23100.0PE@357.25->0.0', 'short_pe:23200.0PE@404.95->0.0', 'short_ce:23400.0CE@35.0->0.0', 'long_ce:23500.0CE@28.9->0.0']",2024,2024-06
IRON_CONDOR_2024-06-14_2024-06-20,IRON_CONDOR,NIFTY,2024-06-14,2024-06-20,23465.6,23567.0,23450.0,25,20000.0,75.95,24.05,1473.75,160.0,3.15,4.31,29.58,0.12,100.0,297.15,1176.6,EXPIRY,True,"['long_pe:23250.0PE@79.85->0.0', 'short_pe:23350.0PE@130.0->0.0', 'short_ce:23550.0CE@71.8->17.0', 'long_ce:23650.0CE@46.0->0.0']",2024,2024-06
IRON_CONDOR_2024-06-21_2024-06-27,IRON_CONDOR,NIFTY,2024-06-21,2024-06-27,23501.1,24044.5,23500.0,25,20000.0,65.05,34.95,-873.75,160.0,13.86,14.01,31.33,0.46,100.0,319.66,-1193.41,EXPIRY,False,"['long_pe:23300.0PE@37.95->0.0', 'short_pe:23400.0PE@55.0->0.0', 'short_ce:23600.0CE@143.25->444.5', 'long_ce:23700.0CE@95.25->344.5']",2024,2024-06
IRON_CONDOR_2024-06-28_2024-07-04,IRON_CONDOR,NIFTY,2024-06-28,2024-07-04,24010.6,24302.15,24000.0,25,20000.0,77.7,22.3,-557.5,160.0,7.03,8.98,30.42,0.3,100.0,306.72,-864.22,EXPIRY,False,"['long_pe:23800.0PE@65.0->0.0', 'short_pe:23900.0PE@100.1->0.0', 'short_ce:24100.0CE@145.6->202.15000000000146', 'long_ce:24200.0CE@103.0->102.15000000000146']",2024,2024-06
IRON_CONDOR_2024-07-05_2024-07-11,IRON_CONDOR,NIFTY,2024-07-05,2024-07-11,24323.85,24315.95,24300.0,25,20000.0,41.4,58.6,1035.0,160.0,2.48,3.45,29.42,0.09,100.0,295.45,739.55,EXPIRY,True,"['long_pe:24100.0PE@72.35->0.0', 'short_pe:24200.0PE@93.25->0.0', 'short_ce:24400.0CE@65.5->0.0', 'long_ce:24500.0CE@45.0->0.0']",2024,2024-07
IRON_CONDOR_2024-07-12_2024-07-18,IRON_CONDOR,NIFTY,2024-07-12,2024-07-18,24502.15,24800.85,24500.0,25,20000.0,65.35,34.65,-866.25,160.0,5.76,7.13,30.09,0.24,100.0,303.21,-1169.46,EXPIRY,False,"['long_pe:24300.0PE@72.05->0.0', 'short_pe:24400.0PE@109.9->0.0', 'short_ce:24600.0CE@57.0->200.84999999999854', 'long_ce:24700.0CE@29.5->100.84999999999854']",2024,2024-07
IRON_CONDOR_2024-07-19_2024-07-25,IRON_CONDOR,NIFTY,2024-07-19,2024-07-25,24530.9,24406.1,24550.0,25,20000.0,86.8,13.2,1072.5,160.0,6.62,10.05,30.61,0.31,100.0,307.59,764.91,EXPIRY,True,"['long_pe:24350.0PE@71.7->0.0', 'short_pe:24450.0PE@102.0->43.900000000001455', 'short_ce:24650.0CE@321.55->0.0', 'long_ce:24750.0CE@265.05->0.0']",2024,2024-07
IRON_CONDOR_2024-07-26_2024-08-01,IRON_CONDOR,NIFTY,2024-07-26,2024-08-01,24834.85,25010.9,24850.0,25,20000.0,83.6,16.4,567.5,160.0,6.16,9.57,30.53,0.3,100.0,306.55,260.95,EXPIRY,True,"['long_pe:24650.0PE@304.0->0.0', 'short_pe:24750.0PE@377.75->0.0', 'short_ce:24950.0CE@16.3->60.900000000001455', 'long_ce:25050.0CE@6.45->0.0']",2024,2024-07
IRON_CONDOR_2024-08-02_2024-08-08,IRON_CONDOR,NIFTY,2024-08-02,2024-08-08,24717.7,24117.0,24700.0,25,20000.0,90.55,9.45,-236.25,160.0,15.83,15.87,31.66,0.51,100.0,323.88,-560.13,EXPIRY,False,"['long_pe:24500.0PE@40.0->383.0', 'short_pe:24600.0PE@75.15->483.0', 'short_ce:24800.0CE@172.0->0.0', 'long_ce:24900.0CE@116.6->0.0']",2024,2024-08
IRON_CONDOR_2024-08-09_2024-08-14,IRON_CONDOR,NIFTY,2024-08-09,2024-08-14,24367.5,24143.75,24350.0,25,20000.0,80.65,19.35,-483.75,160.0,4.17,6.77,30.02,0.22,100.0,301.18,-784.93,EXPIRY,False,"['long_pe:24150.0PE@97.0->6.25', 'short_pe:24250.0PE@135.25->106.25', 'short_ce:24450.0CE@119.45->0.0', 'long_ce:24550.0CE@77.05->0.0']",2024,2024-08
IRON_CONDOR_2024-08-16_2024-08-22,IRON_CONDOR,NIFTY,2024-08-16,2024-08-22,24541.15,24811.5,24550.0,25,20000.0,98.15,1.85,-46.25,160.0,6.74,9.28,30.47,0.3,100.0,306.79,-353.04,EXPIRY,False,"['long_pe:24350.0PE@189.5->0.0', 'short_pe:24450.0PE@265.0->0.0', 'short_ce:24650.0CE@43.65->161.5', 'long_ce:24750.0CE@21.0->61.5']",2024,2024-08
IRON_CONDOR_2024-08-23_2024-08-29,IRON_CONDOR,NIFTY,2024-08-23,2024-08-29,24823.15,25151.95,24800.0,25,20000.0,97.05,2.95,-73.75,160.0,8.08,9.17,30.45,0.29,100.0,307.99,-381.74,EXPIRY,False,"['long_pe:24600.0PE@43.0->0.0', 'short_pe:24700.0PE@78.2->0.0', 'short_ce:24900.0CE@135.0->251.95000000000073', 'long_ce:25000.0CE@73.15->151.95000000000073']",2024,2024-08
IRON_CONDOR_2024-08-30_2024-09-05,IRON_CONDOR,NIFTY,2024-08-30,2024-09-05,25235.9,25145.1,25250.0,25,20000.0,71.35,28.65,1661.25,160.0,2.89,3.8,29.49,0.1,100.0,296.28,1364.97,EXPIRY,True,"['long_pe:25050.0PE@64.95->0.0', 'short_pe:25150.0PE@100.0->4.900000000001455', 'short_ce:25350.0CE@85.25->0.0', 'long_ce:25450.0CE@48.95->0.0']",2024,2024-08
IRON_CONDOR_2024-09-06_2024-09-12,IRON_CONDOR,NIFTY,2024-09-06,2024-09-12,24852.15,25388.9,24850.0,25,20000.0,87.7,12.3,-307.5,160.0,15.29,16.15,31.71,0.52,100.0,323.68,-631.18,EXPIRY,False,"['long_pe:24650.0PE@23.15->0.0', 'short_pe:24750.0PE@34.85->0.0', 'short_ce:24950.0CE@266.2->438.90000000000146', 'long_ce:25050.0CE@190.2->338.90000000000146']",2024,2024-09
IRON_CONDOR_2024-09-13_2024-09-19,IRON_CONDOR,NIFTY,2024-09-13,2024-09-19,25356.5,25415.8,25350.0,25,20000.0,46.3,53.7,1157.5,160.0,3.06,4.32,29.58,0.12,100.0,297.08,860.42,EXPIRY,True,"['long_pe:25150.0PE@84.2->0.0', 'short_pe:25250.0PE@96.95->0.0', 'short_ce:25450.0CE@99.0->0.0', 'long_ce:25550.0CE@65.45->0.0']",2024,2024-09
IRON_CONDOR_2024-09-20_2024-09-26,IRON_CONDOR,NIFTY,2024-09-20,2024-09-26,25790.95,26216.05,25800.0,25,20000.0,70.15,29.85,-746.25,160.0,10.85,12.34,31.03,0.41,100.0,314.63,-1060.88,EXPIRY,False,"['long_pe:25600.0PE@176.65->0.0', 'short_pe:25700.0PE@236.6->0.0', 'short_ce:25900.0CE@26.0->316.0499999999993', 'long_ce:26000.0CE@15.8->216.04999999999927']",2024,2024-09
IRON_CONDOR_2024-09-27_2024-10-03,IRON_CONDOR,NIFTY,2024-09-27,2024-10-03,26178.95,25250.1,26200.0,25,20000.0,89.35,10.65,-266.25,160.0,26.89,24.41,33.2,0.79,100.0,345.28,-611.53,EXPIRY,False,"['long_pe:26000.0PE@67.0->749.9000000000015', 'short_pe:26100.0PE@108.85->849.9000000000015', 'short_ce:26300.0CE@112.25->0.0', 'long_ce:26400.0CE@64.75->0.0']",2024,2024-09
IRON_CONDOR_2024-10-04_2024-10-10,IRON_CONDOR,NIFTY,2024-10-04,2024-10-10,25014.6,24998.45,25000.0,25,20000.0,93.95,6.05,2348.75,160.0,9.88,8.7,30.37,0.24,100.0,309.19,2039.56,EXPIRY,True,"['long_pe:24800.0PE@55.25->0.0', 'short_pe:24900.0PE@70.0->0.0', 'short_ce:25100.0CE@325.0->0.0', 'long_ce:25200.0CE@245.8->0.0']",2024,2024-10
IRON_CONDOR_2024-10-11_2024-10-17,IRON_CONDOR,NIFTY,2024-10-11,2024-10-17,24964.25,24749.85,24950.0,25,20000.0,87.55,12.45,-311.25,160.0,6.95,7.11,30.08,0.23,100.0,304.38,-615.63,EXPIRY,False,"['long_pe:24750.0PE@76.45->0.1500000000014552', 'short_pe:24850.0PE@110.0->100.15000000000146', 'short_ce:25050.0CE@168.0->0.0', 'long_ce:25150.0CE@114.0->0.0']",2024,2024-10
IRON_CONDOR_2024-10-18_2024-10-24,IRON_CONDOR,NIFTY,2024-10-18,2024-10-24,24854.05,24399.4,24850.0,25,20000.0,54.65,45.35,-1133.75,160.0,13.85,12.85,31.12,0.43,100.0,318.24,-1451.99,EXPIRY,False,"['long_pe:24650.0PE@136.0->250.59999999999854', 'short_pe:24750.0PE@165.65->350.59999999999854', 'short_ce:24950.0CE@75.0->0.0', 'long_ce:25050.0CE@50.0->0.0']",2024,2024-10
IRON_CONDOR_2024-10-25_2024-10-31,IRON_CONDOR,NIFTY,2024-10-25,2024-10-31,24180.8,24205.35,24200.0,25,20000.0,71.75,28.25,1793.75,160.0,7.64,6.74,30.02,0.19,100.0,304.58,1489.17,EXPIRY,True,"['long_pe:24000.0PE@34.8->0.0', 'short_pe:24100.0PE@54.45->0.0', 'short_ce:24300.0CE@251.05->0.0', 'long_ce:24400.0CE@198.95->0.0']",2024,2024-10
IRON_CONDOR_2024-11-01_2024-11-07,IRON_CONDOR,NIFTY,2024-11-01,2024-11-07,24304.35,24199.35,24300.0,25,20000.0,90.6,9.4,2248.75,160.0,8.77,7.65,30.18,0.21,100.0,306.81,1941.94,EXPIRY,True,"['long_pe:24100.0PE@140.05->0.0', 'short_pe:24200.0PE@183.75->0.6500000000014552', 'short_ce:24400.0CE@167.05->0.0', 'long_ce:24500.0CE@120.15->0.0']",2024,2024-11
IRON_CONDOR_2024-11-08_2024-11-14,IRON_CONDOR,NIFTY,2024-11-08,2024-11-14,24148.2,23532.7,24150.0,25,20000.0,86.6,13.4,-335.0,160.0,20.31,17.87,32.02,0.58,100.0,330.79,-665.79,EXPIRY,False,"['long_pe:23950.0PE@88.0->417.2999999999993', 'short_pe:24050.0PE@117.95->517.2999999999993', 'short_ce:24250.0CE@172.95->0.0', 'long_ce:24350.0CE@116.3->0.0']",2024,2024-11
IRON_CONDOR_2024-11-18_2024-11-21,IRON_CONDOR,NIFTY,2024-11-18,2024-11-21,23453.8,23349.9,23450.0,25,20000.0,52.25,47.75,1303.75,160.0,4.79,4.14,29.55,0.11,100.0,298.6,1005.15,EXPIRY,True,"['long_pe:23250.0PE@38.55->0.0', 'short_pe:23350.0PE@71.8->0.09999999999854481', 'short_ce:23550.0CE@120.0->0.0', 'long_ce:23650.0CE@101.0->0.0']",2024,2024-11
IRON_CONDOR_2024-11-22_2024-11-28,IRON_CONDOR,NIFTY,2024-11-22,2024-11-28,23907.25,23914.15,23900.0,25,20000.0,16.1,83.9,402.5,160.0,11.13,10.93,30.77,0.34,100.0,313.17,89.33,EXPIRY,True,"['long_pe:23700.0PE@420.0->0.0', 'short_pe:23800.0PE@429.95->0.0', 'short_ce:24000.0CE@15.2->0.0', 'long_ce:24100.0CE@9.05->0.0']",2024,2024-11
IRON_CONDOR_2024-11-29_2024-12-05,IRON_CONDOR,NIFTY,2024-11-29,2024-12-05,24131.1,24708.4,24150.0,25,20000.0,64.15,35.85,-896.25,160.0,18.43,16.64,31.8,0.55,100.0,327.41,-1223.66,EXPIRY,False,"['long_pe:23950.0PE@161.9->0.0', 'short_pe:24050.0PE@203.1->0.0', 'short_ce:24250.0CE@86.0->458.40000000000146', 'long_ce:24350.0CE@63.05->358.40000000000146']",2024,2024-11
IRON_CONDOR_2024-12-06_2024-12-12,IRON_CONDOR,NIFTY,2024-12-06,2024-12-12,24677.8,24548.7,24700.0,25,20000.0,64.6,35.4,332.5,160.0,8.43,8.27,30.29,0.26,100.0,307.25,25.25,EXPIRY,True,"['long_pe:24500.0PE@142.05->0.0', 'short_pe:24600.0PE@174.4->51.29999999999927', 'short_ce:24800.0CE@162.95->0.0', 'long_ce:24900.0CE@130.7->0.0']",2024,2024-12
IRON_CONDOR_2024-12-13_2024-12-19,IRON_CONDOR,NIFTY,2024-12-13,2024-12-19,24768.3,23951.7,24750.0,25,20000.0,47.9,52.1,-1302.5,160.0,25.17,22.08,32.78,0.73,100.0,340.76,-1643.26,EXPIRY,False,"['long_pe:24550.0PE@165.1->598.2999999999993', 'short_pe:24650.0PE@190.0->698.2999999999993', 'short_ce:24850.0CE@69.0->0.0', 'long_ce:24950.0CE@46.0->0.0']",2024,2024-12
IRON_CONDOR_2024-12-20_2024-12-26,IRON_CONDOR,NIFTY,2024-12-20,2024-12-26,23587.5,23750.2,23600.0,25,20000.0,103.7,0.0,1337.5,160.0,11.18,10.51,30.7,0.32,100.0,312.7,1024.8,EXPIRY,True,"['long_pe:23400.0PE@48.5->0.0', 'short_pe:23500.0PE@60.05->0.0', 'short_ce:23700.0CE@387.15->50.20000000000073', 'long_ce:23800.0CE@295.0->0.0']",2024,2024-12
IRON_CONDOR_2024-12-27_2025-01-02,IRON_CONDOR,NIFTY,2024-12-27,2025-01-02,23813.4,24188.65,23800.0,75,20000.0,64.5,35.5,-2662.5,160.0,37.76,35.55,35.21,1.18,300.0,569.7,-3232.2,EXPIRY,False,"['long_pe:23600.0PE@98.2->0.0', 'short_pe:23700.0PE@120.0->0.0', 'short_ce:23900.0CE@147.6->288.65000000000146', 'long_ce:24000.0CE@104.9->188.65000000000146']",2024,2024-12
IRON_CONDOR_2025-01-03_2025-01-09,IRON_CONDOR,NIFTY,2025-01-03,2025-01-09,24004.75,23526.5,24000.0,75,20000.0,79.1,20.9,-1567.5,160.0,49.49,45.15,36.94,1.47,300.0,593.05,-2160.55,EXPIRY,False,"['long_pe:23800.0PE@62.9->273.5', 'short_pe:23900.0PE@83.0->373.5', 'short_ce:24100.0CE@235.0->0.0', 'long_ce:24200.0CE@176.0->0.0']",2025,2025-01
IRON_CONDOR_2025-01-10_2025-01-16,IRON_CONDOR,NIFTY,2025-01-10,2025-01-16,23431.5,23311.8,23450.0,75,20000.0,81.55,18.45,3251.25,160.0,23.1,21.47,32.67,0.64,300.0,537.89,2713.36,EXPIRY,True,"['long_pe:23250.0PE@73.45->0.0', 'short_pe:23350.0PE@98.0->38.20000000000073', 'short_ce:23550.0CE@210.0->0.0', 'long_ce:23650.0CE@153.0->0.0']",2025,2025-01
IRON_CONDOR_2025-01-17_2025-01-23,IRON_CONDOR,NIFTY,2025-01-17,2025-01-23,23203.2,23205.35,23200.0,75,20000.0,55.45,44.55,4158.75,160.0,22.43,20.35,32.47,0.59,300.0,535.83,3622.92,EXPIRY,True,"['long_pe:23000.0PE@75.55->0.0', 'short_pe:23100.0PE@110.0->0.0', 'short_ce:23300.0CE@189.0->0.0', 'long_ce:23400.0CE@168.0->0.0']",2025,2025-01
IRON_CONDOR_2025-01-24_2025-01-30,IRON_CONDOR,NIFTY,2025-01-24,2025-01-30,23092.2,23249.5,23100.0,25,20000.0,57.0,43.0,187.5,160.0,7.1,7.01,30.06,0.22,100.0,304.39,-116.89,EXPIRY,False,"['long_pe:22900.0PE@60.0->0.0', 'short_pe:23000.0PE@93.0->0.0', 'short_ce:23200.0CE@191.0->49.5', 'long_ce:23300.0CE@167.0->0.0']",2025,2025-01
IRON_CONDOR_2025-01-31_2025-02-06,IRON_CONDOR,NIFTY,2025-01-31,2025-02-06,23508.4,23603.35,23500.0,75,20000.0,92.0,8.0,6648.75,160.0,39.6,36.28,35.34,1.06,300.0,572.28,6076.47,EXPIRY,True,"['long_pe:23300.0PE@272.0->0.0', 'short_pe:23400.0PE@330.0->0.0', 'short_ce:23600.0CE@198.0->3.349999999998545', 'long_ce:23700.0CE@164.0->0.0']",2025,2025-01
IRON_CONDOR_2025-02-07_2025-02-13,IRON_CONDOR,NIFTY,2025-02-07,2025-02-13,23559.95,23031.4,23550.0,75,20000.0,72.7,27.3,-2047.5,160.0,52.36,47.41,37.35,1.55,300.0,598.68,-2646.18,EXPIRY,False,"['long_pe:23350.0PE@80.45->318.59999999999854', 'short_pe:23450.0PE@98.0->418.59999999999854', 'short_ce:23650.0CE@201.95->0.0', 'long_ce:23750.0CE@146.8->0.0']",2025,2025-02
IRON_CONDOR_2025-02-14_2025-02-20,IRON_CONDOR,NIFTY,2025-02-14,2025-02-20,22929.25,22913.15,22950.0,75,20000.0,102.4,0.0,7680.0,160.0,23.93,20.09,32.42,0.53,300.0,536.98,7143.02,EXPIRY,True,"['long_pe:22750.0PE@57.0->0.0', 'short_pe:22850.0PE@89.0->0.0', 'short_ce:23050.0CE@230.1->0.0', 'long_ce:23150.0CE@159.7->0.0']",2025,2025-02
IRON_CONDOR_2025-02-21_2025-02-27,IRON_CONDOR,NIFTY,2025-02-21,2025-02-27,22795.9,22545.05,22800.0,75,20000.0,89.8,10.2,-765.0,160.0,25.19,24.54,33.23,0.8,300.0,543.76,-1308.76,EXPIRY,False,"['long_pe:22600.0PE@59.4->54.95000000000073', 'short_pe:22700.0PE@99.0->154.95000000000073', 'short_ce:22900.0CE@168.2->0.0', 'long_ce:23000.0CE@118.0->0.0']",2025,2025-02
IRON_CONDOR_2025-02-28_2025-03-06,IRON_CONDOR,NIFTY,2025-02-28,2025-03-06,22124.7,22544.7,22100.0,75,20000.0,96.55,3.45,-258.75,160.0,54.58,50.12,37.84,1.61,300.0,604.15,-862.9,EXPIRY,False,"['long_pe:21900.0PE@11.65->0.0', 'short_pe:22000.0PE@22.2->0.0', 'short_ce:22200.0CE@399.65->344.7000000000007', 'long_ce:22300.0CE@313.65->244.70000000000073']",2025,2025-02
IRON_CONDOR_2025-03-07_2025-03-13,IRON_CONDOR,NIFTY,2025-03-07,2025-03-13,22552.5,22397.2,22550.0,75,20000.0,82.3,17.7,2212.5,160.0,17.34,16.23,31.73,0.49,300.0,525.78,1686.72,EXPIRY,True,"['long_pe:22350.0PE@80.65->0.0', 'short_pe:22450.0PE@127.0->52.79999999999927', 'short_ce:22650.0CE@104.15->0.0', 'long_ce:22750.0CE@68.2->0.0']",2025,2025-03
IRON_CONDOR_2025-03-17_2025-03-20,IRON_CONDOR,NIFTY,2025-03-17,2025-03-20,22508.75,23190.65,22500.0,75,20000.0,51.55,48.45,-3633.75,160.0,59.24,51.85,38.15,1.71,300.0,610.96,-4244.71,EXPIRY,False,"['long_pe:22300.0PE@89.95->0.0', 'short_pe:22400.0PE@131.0->0.0', 'short_ce:22600.0CE@45.5->590.6500000000015', 'long_ce:22700.0CE@35.0->490.65000000000146']",2025,2025-03
IRON_CONDOR_2025-03-21_2025-03-27,IRON_CONDOR,NIFTY,2025-03-21,2025-03-27,23350.4,23591.95,23350.0,75,20000.0,66.2,33.8,-2535.0,160.0,19.63,20.11,32.43,0.68,300.0,532.84,-3067.84,EXPIRY,False,"['long_pe:23150.0PE@118.05->0.0', 'short_pe:23250.0PE@169.25->0.0', 'short_ce:23450.0CE@40.0->141.95000000000073', 'long_ce:23550.0CE@25.0->41.95000000000073']",2025,2025-03
IRON_CONDOR_2025-03-28_2025-04-03,IRON_CONDOR,NIFTY,2025-03-28,2025-04-03,23519.35,23250.1,23500.0,75,20000.0,69.25,30.75,-2306.25,160.0,25.22,25.44,33.39,0.85,300.0,544.9,-2851.15,EXPIRY,False,"['long_pe:23300.0PE@50.0->49.900000000001455', 'short_pe:23400.0PE@64.35->149.90000000000146', 'short_ce:23600.0CE@209.6->0.0', 'long_ce:23700.0CE@154.7->0.0']",2025,2025-03
IRON_CONDOR_2025-04-04_2025-04-09,IRON_CONDOR,NIFTY,2025-04-04,2025-04-09,22904.45,22399.15,22900.0,75,20000.0,131.65,0.0,2373.75,160.0,54.88,48.05,37.47,1.5,300.0,601.9,1771.85,EXPIRY,True,"['long_pe:22700.0PE@29.0->300.84999999999854', 'short_pe:22800.0PE@43.0->400.84999999999854', 'short_ce:23000.0CE@312.65->0.0', 'long_ce:23100.0CE@195.0->0.0']",2025,2025-04
IRON_CONDOR_2025-04-11_2025-04-17,IRON_CONDOR,NIFTY,2025-04-11,2025-04-17,22828.55,23851.65,22850.0,75,20000.0,-22.5,122.5,-9187.5,160.0,104.69,94.25,45.8,3.15,300.0,707.9,-9895.4,EXPIRY,False,"['long_pe:22650.0PE@286.2->0.0', 'short_pe:22750.0PE@207.75->0.0', 'short_ce:22950.0CE@186.05->901.6500000000015', 'long_ce:23050.0CE@130.1->801.6500000000015']",2025,2025-04
IRON_CONDOR_2025-04-21_2025-04-24,IRON_CONDOR,NIFTY,2025-04-21,2025-04-24,24125.55,24246.7,24150.0,75,20000.0,71.5,28.5,5362.5,160.0,24.04,21.36,32.65,0.6,300.0,538.66,4823.84,EXPIRY,True,"['long_pe:23950.0PE@209.05->0.0', 'short_pe:24050.0PE@259.9->0.0', 'short_ce:24250.0CE@60.65->0.0', 'long_ce:24350.0CE@40.0->0.0']",2025,2025-04
IRON_CONDOR_2025-04-25_2025-04-30,IRON_CONDOR,NIFTY,2025-04-25,2025-04-30,24039.35,24334.2,24050.0,75,20000.0,89.0,11.0,-825.0,160.0,36.02,34.86,35.09,1.13,300.0,567.09,-1392.09,EXPIRY,False,"['long_pe:23850.0PE@66.05->0.0', 'short_pe:23950.0PE@75.0->0.0', 'short_ce:24150.0CE@300.05->184.20000000000073', 'long_ce:24250.0CE@220.0->84.20000000000073']",2025,2025-04
IRON_CONDOR_2025-05-02_2025-05-08,IRON_CONDOR,NIFTY,2025-05-02,2025-05-08,24346.7,24273.8,24350.0,75,20000.0,66.05,33.95,4953.75,160.0,28.78,26.3,33.54,0.77,300.0,549.4,4404.35,EXPIRY,True,"['long_pe:24150.0PE@168.6->0.0', 'short_pe:24250.0PE@202.85->0.0', 'short_ce:24450.0CE@180.9->0.0', 'long_ce:24550.0CE@149.1->0.0']",2025,2025-05
IRON_CONDOR_2025-05-09_2025-05-15,IRON_CONDOR,NIFTY,2025-05-09,2025-05-15,24008.0,25062.1,24000.0,75,20000.0,153.2,0.0,3990.0,160.0,122.17,104.01,47.56,3.27,300.0,737.0,3253.0,EXPIRY,True,"['long_pe:23800.0PE@250.05->0.0', 'short_pe:23900.0PE@330.0->0.0', 'short_ce:24100.0CE@221.25->962.0999999999985', 'long_ce:24200.0CE@148.0->862.0999999999985']",2025,2025-05
IRON_CONDOR_2025-05-16_2025-05-22,IRON_CONDOR,NIFTY,2025-05-16,2025-05-22,25019.8,24609.7,25000.0,75,20000.0,66.35,33.65,-2523.75,160.0,40.94,38.63,35.77,1.27,300.0,576.61,-3100.36,EXPIRY,False,"['long_pe:24800.0PE@108.05->190.29999999999927', 'short_pe:24900.0PE@137.95->290.2999999999993', 'short_ce:25100.0CE@170.0->0.0', 'long_ce:25200.0CE@133.55->0.0']",2025,2025-05
IRON_CONDOR_2025-05-23_2025-05-29,IRON_CONDOR,NIFTY,2025-05-23,2025-05-29,24853.15,24833.6,24850.0,75,20000.0,82.0,18.0,6150.0,160.0,25.58,22.5,32.86,0.63,300.0,541.57,5608.43,EXPIRY,True,"['long_pe:24650.0PE@191.1->0.0', 'short_pe:24750.0PE@251.05->0.0', 'short_ce:24950.0CE@90.0->0.0', 'long_ce:25050.0CE@67.95->0.0']",2025,2025-05
IRON_CONDOR_2025-05-30_2025-06-05,IRON_CONDOR,NIFTY,2025-05-30,2025-06-05,24750.7,24750.9,24750.0,75,20000.0,85.25,14.75,6393.75,160.0,24.82,21.63,32.7,0.6,300.0,539.75,5854.0,EXPIRY,True,"['long_pe:24550.0PE@83.0->0.0', 'short_pe:24650.0PE@114.0->0.0', 'short_ce:24850.0CE@217.0->0.0', 'long_ce:24950.0CE@162.75->0.0']",2025,2025-05
IRON_CONDOR_2025-06-06_2025-06-12,IRON_CONDOR,NIFTY,2025-06-06,2025-06-12,25003.05,24888.2,25000.0,75,20000.0,72.05,27.95,4518.75,160.0,23.47,21.21,32.63,0.61,300.0,537.91,3980.84,EXPIRY,True,"['long_pe:24800.0PE@191.05->0.0', 'short_pe:24900.0PE@248.0->11.799999999999272', 'short_ce:25100.0CE@64.9->0.0', 'long_ce:25200.0CE@49.8->0.0']",2025,2025-06
IRON_CONDOR_2025-06-13_2025-06-19,IRON_CONDOR,NIFTY,2025-06-13,2025-06-19,24718.6,24793.25,24700.0,75,20000.0,80.9,19.1,6067.5,160.0,21.45,18.41,32.12,0.5,300.0,532.48,5535.02,EXPIRY,True,"['long_pe:24500.0PE@150.0->0.0', 'short_pe:24600.0PE@201.0->0.0', 'short_ce:24800.0CE@84.95->0.0', 'long_ce:24900.0CE@55.05->0.0']",2025,2025-06
IRON_CONDOR_2025-06-20_2025-06-26,IRON_CONDOR,NIFTY,2025-06-20,2025-06-26,25112.4,25549.0,25100.0,75,20000.0,87.4,12.6,-945.0,160.0,50.37,46.17,37.13,1.49,300.0,595.16,-1540.16,EXPIRY,False,"['long_pe:24900.0PE@244.0->0.0', 'short_pe:25000.0PE@314.85->0.0', 'short_ce:25200.0CE@45.45->349.0', 'long_ce:25300.0CE@28.9->249.0']",2025,2025-06
IRON_CONDOR_2025-06-27_2025-07-03,IRON_CONDOR,NIFTY,2025-06-27,2025-07-03,25637.8,25405.3,25650.0,75,20000.0,47.2,52.8,-3960.0,160.0,22.19,23.34,33.01,0.81,300.0,539.35,-4499.35,EXPIRY,False,"['long_pe:25450.0PE@130.0->44.70000000000073', 'short_pe:25550.0PE@155.0->144.70000000000073', 'short_ce:25750.0CE@85.05->0.0', 'long_ce:25850.0CE@62.85->0.0']",2025,2025-06
IRON_CONDOR_2025-07-04_2025-07-10,IRON_CONDOR,NIFTY,2025-07-04,2025-07-10,25461.0,25355.25,25450.0,75,20000.0,56.55,43.45,4241.25,160.0,16.17,14.05,31.33,0.39,300.0,521.95,3719.3,EXPIRY,True,"['long_pe:25250.0PE@80.6->0.0', 'short_pe:25350.0PE@116.65->0.0', 'short_ce:25550.0CE@99.0->0.0', 'long_ce:25650.0CE@78.5->0.0']",2025,2025-07
IRON_CONDOR_2025-07-11_2025-07-17,IRON_CONDOR,NIFTY,2025-07-11,2025-07-17,25149.85,25111.45,25150.0,75,20000.0,61.9,38.1,4642.5,160.0,17.18,14.86,31.48,0.41,300.0,523.93,4118.57,EXPIRY,True,"['long_pe:24950.0PE@45.0->0.0', 'short_pe:25050.0PE@54.95->0.0', 'short_ce:25250.0CE@174.15->0.0', 'long_ce:25350.0CE@122.2->0.0']",2025,2025-07
IRON_CONDOR_2025-07-18_2025-07-24,IRON_CONDOR,NIFTY,2025-07-18,2025-07-24,24968.4,25062.1,24950.0,75,20000.0,73.35,26.65,4593.75,160.0,17.55,15.25,31.55,0.42,300.0,524.77,4068.98,EXPIRY,True,"['long_pe:24750.0PE@26.55->0.0', 'short_pe:24850.0PE@42.0->0.0', 'short_ce:25050.0CE@191.95->12.099999999998545', 'long_ce:25150.0CE@134.05->0.0']",2025,2025-07
IRON_CONDOR_2025-07-25_2025-07-31,IRON_CONDOR,NIFTY,2025-07-25,2025-07-31,24837.0,24768.35,24850.0,75,20000.0,68.25,31.75,5118.75,160.0,16.06,13.5,31.24,0.36,300.0,521.15,4597.6,EXPIRY,True,"['long_pe:24650.0PE@24.7->0.0', 'short_pe:24750.0PE@36.0->0.0', 'short_ce:24950.0CE@178.15->0.0', 'long_ce:25050.0CE@121.2->0.0']",2025,2025-07
IRON_CONDOR_2025-08-01_2025-08-07,IRON_CONDOR,NIFTY,2025-08-01,2025-08-07,24565.35,24596.15,24550.0,75,20000.0,56.9,43.1,4267.5,160.0,19.12,16.98,31.86,0.48,300.0,528.44,3739.06,EXPIRY,True,"['long_pe:24350.0PE@35.35->0.0', 'short_pe:24450.0PE@54.9->0.0', 'short_ce:24650.0CE@200.0->0.0', 'long_ce:24750.0CE@162.65->0.0']",2025,2025-08
IRON_CONDOR_2025-08-08_2025-08-14,IRON_CONDOR,NIFTY,2025-08-08,2025-08-14,24363.3,24631.3,24350.0,75,20000.0,87.1,12.9,-967.5,160.0,28.76,27.72,33.8,0.9,300.0,551.17,-1518.67,EXPIRY,False,"['long_pe:24150.0PE@19.5->0.0', 'short_pe:24250.0PE@30.0->0.0', 'short_ce:24450.0CE@251.8->181.29999999999927', 'long_ce:24550.0CE@175.2->81.29999999999927']",2025,2025-08
IRON_CONDOR_2025-08-18_2025-08-21,IRON_CONDOR,NIFTY,2025-08-18,2025-08-21,24876.95,25083.75,24900.0,75,20000.0,54.05,45.95,-2227.5,160.0,12.39,13.5,31.24,0.47,300.0,517.59,-2745.09,EXPIRY,False,"['long_pe:24700.0PE@53.05->0.0', 'short_pe:24800.0PE@85.0->0.0', 'short_ce:25000.0CE@80.2->83.75', 'long_ce:25100.0CE@58.1->0.0']",2025,2025-08
IRON_CONDOR_2025-08-22_2025-08-28,IRON_CONDOR,NIFTY,2025-08-22,2025-08-28,24870.1,24500.9,24850.0,75,20000.0,45.3,54.7,-4102.5,160.0,30.01,29.26,34.08,1.0,300.0,554.35,-4656.85,EXPIRY,False,"['long_pe:24650.0PE@16.25->149.09999999999854', 'short_pe:24750.0PE@23.7->249.09999999999854', 'short_ce:24950.0CE@190.05->0.0', 'long_ce:25050.0CE@152.2->0.0']",2025,2025-08
IRON_CONDOR_2025-08-29_2025-09-02,IRON_CONDOR,NIFTY,2025-08-29,2025-09-02,24426.85,24579.6,24450.0,75,20000.0,92.1,7.9,4687.5,160.0,13.57,11.23,30.83,0.29,300.0,515.92,4171.58,EXPIRY,True,"['long_pe:24250.0PE@28.9->0.0', 'short_pe:24350.0PE@74.0->0.0', 'short_ce:24550.0CE@107.0->29.599999999998545', 'long_ce:24650.0CE@60.0->0.0']",2025,2025-08
IRON_CONDOR_2025-09-03_2025-09-09,IRON_CONDOR,NIFTY,2025-09-03,2025-09-09,24715.05,24868.6,24700.0,75,20000.0,78.6,21.4,750.0,160.0,15.0,14.62,31.44,0.46,300.0,521.52,228.48,EXPIRY,True,"['long_pe:24500.0PE@84.5->0.0', 'short_pe:24600.0PE@140.0->0.0', 'short_ce:24800.0CE@60.0->68.59999999999854', 'long_ce:24900.0CE@36.9->0.0']",2025,2025-09
IRON_CONDOR_2025-09-10_2025-09-16,IRON_CONDOR,NIFTY,2025-09-10,2025-09-16,24973.1,25239.1,24950.0,75,20000.0,70.05,29.95,-2246.25,160.0,21.11,20.57,32.51,0.69,300.0,534.88,-2781.13,EXPIRY,False,"['long_pe:24750.0PE@50.0->0.0', 'short_pe:24850.0PE@69.95->0.0', 'short_ce:25050.0CE@100.2->189.09999999999854', 'long_ce:25150.0CE@50.1->89.09999999999854']",2025,2025-09
IRON_CONDOR_2025-09-17_2025-09-23,IRON_CONDOR,NIFTY,2025-09-17,2025-09-23,25330.25,25169.5,25350.0,75,20000.0,71.9,28.1,-645.0,160.0,12.68,13.01,31.15,0.43,300.0,517.26,-1162.26,EXPIRY,False,"['long_pe:25150.0PE@57.2->0.0', 'short_pe:25250.0PE@99.0->80.5', 'short_ce:25450.0CE@70.1->0.0', 'long_ce:25550.0CE@40.0->0.0']",2025,2025-09
IRON_CONDOR_2025-09-26_2025-09-30,IRON_CONDOR,NIFTY,2025-09-26,2025-09-30,24654.7,24611.1,24650.0,75,20000.0,70.2,29.8,5265.0,160.0,16.29,13.66,31.26,0.36,300.0,521.57,4743.43,EXPIRY,True,"['long_pe:24450.0PE@7.0->0.0', 'short_pe:24550.0PE@13.0->0.0', 'short_ce:24750.0CE@204.2->0.0', 'long_ce:24850.0CE@140.0->0.0']",2025,2025-09
IRON_CONDOR_2025-10-01_2025-10-07,IRON_CONDOR,NIFTY,2025-10-01,2025-10-07,24836.3,25108.3,24850.0,75,20000.0,61.8,38.2,-2865.0,160.0,20.42,20.76,32.54,0.71,300.0,534.42,-3399.42,EXPIRY,False,"['long_pe:24650.0PE@118.9->0.0', 'short_pe:24750.0PE@165.7->0.0', 'short_ce:24950.0CE@33.65->158.29999999999927', 'long_ce:25050.0CE@18.65->58.29999999999927']",2025,2025-10
IRON_CONDOR_2025-10-08_2025-10-14,IRON_CONDOR,NIFTY,2025-10-08,2025-10-14,25046.15,25145.5,25050.0,75,20000.0,71.35,28.65,5351.25,160.0,12.35,9.68,30.55,0.23,300.0,512.8,4838.45,EXPIRY,True,"['long_pe:24850.0PE@24.3->0.0', 'short_pe:24950.0PE@50.65->0.0', 'short_ce:25150.0CE@114.05->0.0', 'long_ce:25250.0CE@69.05->0.0']",2025,2025-10
IRON_CONDOR_2025-10-15_2025-10-20,IRON_CONDOR,NIFTY,2025-10-15,2025-10-20,25323.55,25843.15,25300.0,75,20000.0,58.45,41.55,-3116.25,160.0,46.57,41.7,36.32,1.38,300.0,585.97,-3702.22,EXPIRY,False,"['long_pe:25100.0PE@103.0->0.0', 'short_pe:25200.0PE@140.0->0.0', 'short_ce:25400.0CE@52.05->443.15000000000146', 'long_ce:25500.0CE@30.6->343.15000000000146']",2025,2025-10
IRON_CONDOR_2025-10-21_2025-10-28,IRON_CONDOR,NIFTY,2025-10-21,2025-10-28,25868.6,25936.2,25850.0,75,20000.0,81.4,18.6,6105.0,160.0,15.26,12.21,31.0,0.3,300.0,518.77,5586.23,EXPIRY,True,"['long_pe:25650.0PE@32.55->0.0', 'short_pe:25750.0PE@66.05->0.0', 'short_ce:25950.0CE@137.4->0.0', 'long_ce:26050.0CE@89.5->0.0']",2025,2025-10
IRON_CONDOR_2025-10-29_2025-11-04,IRON_CONDOR,NIFTY,2025-10-29,2025-11-04,26053.9,25597.65,26050.0,75,20000.0,63.35,36.65,-2748.75,160.0,40.8,37.44,35.55,1.24,300.0,575.03,-3323.78,EXPIRY,False,"['long_pe:25850.0PE@90.05->252.34999999999854', 'short_pe:25950.0PE@129.0->352.34999999999854', 'short_ce:26150.0CE@99.5->0.0', 'long_ce:26250.0CE@75.1->0.0']",2025,2025-10
IRON_CONDOR_2025-11-06_2025-11-11,IRON_CONDOR,NIFTY,2025-11-06,2025-11-11,25509.7,25694.95,25500.0,75,20000.0,13.05,86.95,-6142.5,160.0,12.77,15.84,31.66,0.6,300.0,520.87,-6663.37,EXPIRY,False,"['long_pe:25300.0PE@44.9->0.0', 'short_pe:25400.0PE@59.0->0.0', 'short_ce:25600.0CE@111.3->94.95000000000073', 'long_ce:25700.0CE@112.35->0.0']",2025,2025-11
IRON_CONDOR_2025-11-12_2025-11-18,IRON_CONDOR,NIFTY,2025-11-12,2025-11-18,25875.8,25910.05,25900.0,75,20000.0,62.9,37.1,4717.5,160.0,15.9,13.54,31.24,0.36,300.0,521.05,4196.45,EXPIRY,True,"['long_pe:25700.0PE@86.0->0.0', 'short_pe:25800.0PE@120.05->0.0', 'short_ce:26000.0CE@92.0->0.0', 'long_ce:26100.0CE@63.15->0.0']",2025,2025-11
IRON_CONDOR_2025-11-19_2025-11-25,IRON_CONDOR,NIFTY,2025-11-19,2025-11-25,26052.65,25884.8,26050.0,75,20000.0,64.8,35.2,-30.0,160.0,17.85,17.87,32.02,0.57,300.0,528.32,-558.32,EXPIRY,False,"['long_pe:25850.0PE@117.05->0.0', 'short_pe:25950.0PE@163.05->65.20000000000073', 'short_ce:26150.0CE@75.0->0.0', 'long_ce:26250.0CE@56.2->0.0']",2025,2025-11
IRON_CONDOR_2025-11-26_2025-12-02,IRON_CONDOR,NIFTY,2025-11-26,2025-12-02,26205.3,26032.2,26200.0,75,20000.0,81.65,18.35,1038.75,160.0,20.64,20.12,32.43,0.63,300.0,533.81,504.94,EXPIRY,True,"['long_pe:26000.0PE@181.0->0.0', 'short_pe:26100.0PE@244.0->67.79999999999927', 'short_ce:26300.0CE@31.15->0.0', 'long_ce:26400.0CE@12.5->0.0']",2025,2025-11
IRON_CONDOR_2025-12-03_2025-12-09,IRON_CONDOR,NIFTY,2025-12-03,2025-12-09,25986.0,25839.65,26000.0,75,20000.0,60.25,39.75,-7.5,160.0,14.94,14.95,31.5,0.48,300.0,521.87,-529.37,EXPIRY,False,"['long_pe:25800.0PE@45.0->0.0', 'short_pe:25900.0PE@63.15->60.349999999998545', 'short_ce:26100.0CE@136.1->0.0', 'long_ce:26200.0CE@94.0->0.0']",2025,2025-12
IRON_CONDOR_2025-12-10_2025-12-16,IRON_CONDOR,NIFTY,2025-12-10,2025-12-16,25758.0,25860.1,25750.0,75,20000.0,61.05,38.95,3821.25,160.0,14.93,13.02,31.15,0.36,300.0,519.45,3301.8,EXPIRY,True,"['long_pe:25550.0PE@33.0->0.0', 'short_pe:25650.0PE@49.25->0.0', 'short_ce:25850.0CE@149.8->10.099999999998545', 'long_ce:25950.0CE@105.0->0.0']",2025,2025-12
IRON_CONDOR_2025-12-17_2025-12-23,IRON_CONDOR,NIFTY,2025-12-17,2025-12-23,25818.55,26177.15,25800.0,75,20000.0,48.6,51.4,-3855.0,160.0,29.7,28.31,33.91,0.96,300.0,552.88,-4407.88,EXPIRY,False,"['long_pe:25600.0PE@35.0->0.0', 'short_pe:25700.0PE@41.6->0.0', 'short_ce:25900.0CE@133.0->277.15000000000146', 'long_ce:26000.0CE@91.0->177.15000000000146']",2025,2025-12
IRON_CONDOR_2025-12-26_2025-12-30,IRON_CONDOR,NIFTY,2025-12-26,2025-12-30,26042.3,25938.85,26050.0,75,20000.0,56.55,43.45,3405.0,160.0,8.29,6.59,29.99,0.16,300.0,505.02,2899.98,EXPIRY,True,"['long_pe:25850.0PE@7.15->0.0', 'short_pe:25950.0PE@20.5->11.150000000001455', 'short_ce:26150.0CE@90.0->0.0', 'long_ce:26250.0CE@46.8->0.0']",2025,2025-12
IRON_CONDOR_2025-12-31_2026-01-06,IRON_CONDOR,NIFTY,2025-12-31,2026-01-06,26129.6,26178.7,26150.0,65,20000.0,54.9,45.1,3568.5,160.0,9.79,8.0,30.24,0.2,260.0,468.24,3100.26,EXPIRY,True,"['long_pe:25950.0PE@80.0->0.0', 'short_pe:26050.0PE@120.7->0.0', 'short_ce:26250.0CE@29.9->0.0', 'long_ce:26350.0CE@15.7->0.0']",2025,2025-12
IRON_CONDOR_2026-01-07_2026-01-13,IRON_CONDOR,NIFTY,2026-01-07,2026-01-13,26140.75,25732.3,26150.0,65,20000.0,68.35,31.65,-2057.25,160.0,27.37,24.86,33.28,0.83,260.0,506.34,-2563.59,EXPIRY,False,"['long_pe:25950.0PE@34.0->217.70000000000073', 'short_pe:26050.0PE@71.95->317.7000000000007', 'short_ce:26250.0CE@77.0->0.0', 'long_ce:26350.0CE@46.6->0.0']",2026,2026-01
IRON_CONDOR_2026-01-14_2026-01-20,IRON_CONDOR,NIFTY,2026-01-14,2026-01-20,25665.6,25232.5,25650.0,65,20000.0,49.55,50.45,-3279.25,160.0,30.02,28.12,33.87,0.95,260.0,512.96,-3792.21,EXPIRY,False,"['long_pe:25450.0PE@51.95->217.5', 'short_pe:25550.0PE@74.95->317.5', 'short_ce:25750.0CE@115.0->0.0', 'long_ce:25850.0CE@88.45->0.0']",2026,2026-01
IRON_CONDOR_2026-01-21_2026-01-27,IRON_CONDOR,NIFTY,2026-01-21,2026-01-27,25157.5,25175.4,25150.0,65,20000.0,75.45,24.55,4904.25,160.0,16.37,13.92,31.31,0.37,260.0,481.97,4422.28,EXPIRY,True,"['long_pe:24950.0PE@60.4->0.0', 'short_pe:25050.0PE@87.85->0.0', 'short_ce:25250.0CE@164.0->0.0', 'long_ce:25350.0CE@116.0->0.0']",2026,2026-01
IRON_CONDOR_2026-01-28_2026-02-03,IRON_CONDOR,NIFTY,2026-01-28,2026-02-03,25342.75,25727.55,25350.0,65,20000.0,67.75,32.25,-2096.25,160.0,39.24,37.4,35.55,1.23,260.0,533.41,-2629.66,EXPIRY,False,"['long_pe:25150.0PE@172.95->0.0', 'short_pe:25250.0PE@211.0->0.0', 'short_ce:25450.0CE@170.7->277.5499999999993', 'long_ce:25550.0CE@141.0->177.54999999999927']",2026,2026-01
IRON_CONDOR_2026-02-04_2026-02-10,IRON_CONDOR,NIFTY,2026-02-04,2026-02-10,25776.0,25935.15,25800.0,65,20000.0,56.55,43.45,1391.0,160.0,18.7,18.0,32.05,0.56,260.0,489.3,901.7,EXPIRY,True,"['long_pe:25600.0PE@141.1->0.0', 'short_pe:25700.0PE@180.0->0.0', 'short_ce:25900.0CE@107.65->35.150000000001455', 'long_ce:26000.0CE@90.0->0.0']",2026,2026-02
IRON_CONDOR_2026-02-11_2026-02-17,IRON_CONDOR,NIFTY,2026-02-11,2026-02-17,25953.85,25725.4,25950.0,65,20000.0,57.85,42.15,-2739.75,160.0,13.86,14.83,31.48,0.52,260.0,480.69,-3220.44,EXPIRY,False,"['long_pe:25750.0PE@63.0->24.599999999998545', 'short_pe:25850.0PE@80.0->124.59999999999854', 'short_ce:26050.0CE@102.55->0.0', 'long_ce:26150.0CE@61.7->0.0']",2026,2026-02
IRON_CONDOR_2026-02-18_2026-02-24,IRON_CONDOR,NIFTY,2026-02-18,2026-02-24,25819.35,25424.65,25800.0,65,20000.0,85.3,14.7,-955.5,160.0,28.89,26.52,33.58,0.86,260.0,509.85,-1465.35,EXPIRY,False,"['long_pe:25600.0PE@89.95->175.34999999999854', 'short_pe:25700.0PE@134.0->275.34999999999854', 'short_ce:25900.0CE@91.25->0.0', 'long_ce:26000.0CE@50.0->0.0']",2026,2026-02
IRON_CONDOR_2026-02-25_2026-03-02,IRON_CONDOR,NIFTY,2026-02-25,2026-03-02,25482.5,24865.7,25500.0,65,20000.0,83.45,16.55,-1075.75,160.0,52.06,45.54,37.01,1.47,260.0,556.08,-1631.83,EXPIRY,False,"['long_pe:25300.0PE@80.1->434.2999999999993', 'short_pe:25400.0PE@118.0->534.2999999999993', 'short_ce:25600.0CE@140.0->0.0', 'long_ce:25700.0CE@94.45->0.0']",2026,2026-02
IRON_CONDOR_2026-03-04_2026-03-10,IRON_CONDOR,NIFTY,2026-03-04,2026-03-10,24480.5,24261.6,24500.0,65,20000.0,50.05,49.95,-3246.75,160.0,32.62,33.62,34.86,1.12,260.0,522.24,-3768.99,EXPIRY,False,"['long_pe:24300.0PE@224.0->38.400000000001455', 'short_pe:24400.0PE@200.0->138.40000000000146', 'short_ce:24600.0CE@253.9->0.0', 'long_ce:24700.0CE@179.85->0.0']",2026,2026-03
IRON_CONDOR_2026-03-11_2026-03-17,IRON_CONDOR,NIFTY,2026-03-11,2026-03-17,23866.85,23581.15,23850.0,65,20000.0,60.95,39.05,-2538.25,160.0,42.44,42.59,36.48,1.4,260.0,542.9,-3081.15,EXPIRY,False,"['long_pe:23650.0PE@87.25->68.84999999999854', 'short_pe:23750.0PE@98.3->168.84999999999854', 'short_ce:23950.0CE@468.5->0.0', 'long_ce:24050.0CE@418.6->0.0']",2026,2026-03
IRON_CONDOR_2026-03-18_2026-03-24,IRON_CONDOR,NIFTY,2026-03-18,2026-03-24,23777.8,22912.4,23800.0,65,20000.0,27.0,73.0,-4745.0,160.0,80.72,71.92,41.77,2.37,260.0,616.78,-5361.78,EXPIRY,False,"['long_pe:23600.0PE@268.2->687.5999999999985', 'short_pe:23700.0PE@259.95->787.5999999999985', 'short_ce:23900.0CE@122.4->0.0', 'long_ce:24000.0CE@87.15->0.0']",2026,2026-03
IRON_CONDOR_2026-03-27_2026-03-30,IRON_CONDOR,NIFTY,2026-03-27,2026-03-30,22819.6,22331.4,22800.0,65,20000.0,92.5,7.5,-487.5,160.0,56.12,52.0,38.18,1.67,260.0,567.96,-1055.46,EXPIRY,False,"['long_pe:22600.0PE@80.0->268.59999999999854', 'short_pe:22700.0PE@102.6->368.59999999999854', 'short_ce:22900.0CE@425.0->0.0', 'long_ce:23000.0CE@355.1->0.0']",2026,2026-03
IRON_CONDOR_2026-04-01_2026-04-07,IRON_CONDOR,NIFTY,2026-04-01,2026-04-07,22679.4,23123.65,22700.0,65,20000.0,52.2,47.8,-3107.0,160.0,56.99,54.91,38.7,1.8,260.0,572.41,-3679.41,EXPIRY,False,"['long_pe:22500.0PE@240.0->0.0', 'short_pe:22600.0PE@247.8->0.0', 'short_ce:22800.0CE@349.45->323.65000000000146', 'long_ce:22900.0CE@305.05->223.65000000000146']",2026,2026-04
IRON_CONDOR_2026-04-08_2026-04-13,IRON_CONDOR,NIFTY,2026-04-08,2026-04-13,23997.35,23842.65,24000.0,65,20000.0,55.6,44.4,-113.75,160.0,27.03,27.09,33.69,0.87,260.0,508.68,-622.43,EXPIRY,False,"['long_pe:23800.0PE@239.95->0.0', 'short_pe:23900.0PE@300.05->57.349999999998545', 'short_ce:24100.0CE@115.85->0.0', 'long_ce:24200.0CE@120.35->0.0']",2026,2026-04
IRON_CONDOR_2026-04-15_2026-04-21,IRON_CONDOR,NIFTY,2026-04-15,2026-04-21,24231.3,24576.6,24250.0,65,20000.0,99.25,0.75,-48.75,160.0,37.0,34.97,35.11,1.12,260.0,528.2,-576.95,EXPIRY,False,"['long_pe:24050.0PE@211.7->0.0', 'short_pe:24150.0PE@251.0->0.0', 'short_ce:24350.0CE@160.0->226.59999999999854', 'long_ce:24450.0CE@100.05->126.59999999999854']",2026,2026-04
IRON_CONDOR_2026-04-22_2026-04-28,IRON_CONDOR,NIFTY,2026-04-22,2026-04-28,24378.1,23995.7,24400.0,65,20000.0,94.9,5.1,-331.5,160.0,44.02,40.87,36.17,1.31,260.0,542.38,-873.88,EXPIRY,False,"['long_pe:24200.0PE@117.1->204.29999999999927', 'short_pe:24300.0PE@160.0->304.2999999999993', 'short_ce:24500.0CE@261.9->0.0', 'long_ce:24600.0CE@209.9->0.0']",2026,2026-04
IRON_CONDOR_2026-04-29_2026-05-05,IRON_CONDOR,NIFTY,2026-04-29,2026-05-05,24177.65,24032.8,24200.0,65,20000.0,102.8,0.0,2314.0,160.0,22.67,21.52,32.68,0.65,260.0,497.52,1816.48,EXPIRY,True,"['long_pe:24000.0PE@175.0->0.0', 'short_pe:24100.0PE@241.0->67.20000000000073', 'short_ce:24300.0CE@107.8->0.0', 'long_ce:24400.0CE@71.0->0.0']",2026,2026-04
IRON_CONDOR_2026-05-06_2026-05-12,IRON_CONDOR,NIFTY,2026-05-06,2026-05-12,24330.95,23379.55,24350.0,65,20000.0,79.65,20.35,-1322.75,160.0,82.01,70.15,41.45,2.26,260.0,615.88,-1938.63,EXPIRY,False,"['long_pe:24150.0PE@144.0->770.4500000000007', 'short_pe:24250.0PE@226.4->870.4500000000007', 'short_ce:24450.0CE@72.25->0.0', 'long_ce:24550.0CE@75.0->0.0']",2026,2026-05
IRON_CONDOR_2026-05-13_2026-05-19,IRON_CONDOR,NIFTY,2026-05-13,2026-05-19,23412.6,23618.0,23400.0,65,20000.0,48.6,51.4,-3341.0,160.0,25.06,26.44,33.57,0.9,260.0,505.97,-3846.97,EXPIRY,False,"['long_pe:23200.0PE@135.0->0.0', 'short_pe:23300.0PE@143.2->0.0', 'short_ce:23500.0CE@219.9->118.0', 'long_ce:23600.0CE@179.5->18.0']",2026,2026-05
IRON_CONDOR_2026-05-20_2026-05-26,IRON_CONDOR,NIFTY,2026-05-20,2026-05-26,23659.0,23913.7,23650.0,65,20000.0,72.9,27.1,-1761.5,160.0,28.25,28.1,33.87,0.93,260.0,511.14,-2272.64,EXPIRY,False,"['long_pe:23450.0PE@232.1->0.0', 'short_pe:23550.0PE@263.0->0.0', 'short_ce:23750.0CE@92.0->163.70000000000073', 'long_ce:23850.0CE@50.0->63.70000000000073']",2026,2026-05
IRON_CONDOR_2026-05-27_2026-06-02,IRON_CONDOR,NIFTY,2026-05-27,2026-06-02,23907.15,23483.55,23900.0,65,20000.0,59.75,40.25,-2616.25,160.0,35.13,32.92,34.74,1.09,260.0,523.89,-3140.14,EXPIRY,False,"['long_pe:23700.0PE@95.2->216.45000000000073', 'short_pe:23800.0PE@120.0->316.4500000000007', 'short_ce:24000.0CE@149.95->0.0', 'long_ce:24100.0CE@115.0->0.0']",2026,2026-05
IRON_CONDOR_2026-06-03_2026-06-09,IRON_CONDOR,NIFTY,2026-06-03,2026-06-09,23405.6,23242.1,23400.0,65,20000.0,45.85,54.15,-783.25,160.0,16.7,17.1,31.88,0.56,260.0,486.24,-1269.49,EXPIRY,False,"['long_pe:23200.0PE@70.15->0.0', 'short_pe:23300.0PE@67.0->57.900000000001455', 'short_ce:23500.0CE@190.0->0.0', 'long_ce:23600.0CE@141.0->0.0']",2026,2026-06
IRON_CONDOR_2026-06-10_2026-06-16,IRON_CONDOR,NIFTY,2026-06-10,2026-06-16,23214.95,23989.15,23200.0,65,20000.0,68.6,31.4,-2041.0,160.0,65.36,56.8,39.05,1.85,260.0,583.05,-2624.05,EXPIRY,False,"['long_pe:23000.0PE@70.55->0.0', 'short_pe:23100.0PE@97.05->0.0', 'short_ce:23300.0CE@172.0->689.1500000000015', 'long_ce:23400.0CE@129.9->589.1500000000015']",2026,2026-06
IRON_CONDOR_2026-06-17_2026-06-23,IRON_CONDOR,NIFTY,2026-06-17,2026-06-23,24085.7,23824.1,24100.0,65,20000.0,82.6,17.4,-1131.0,160.0,22.22,21.55,32.69,0.71,260.0,497.17,-1628.17,EXPIRY,False,"['long_pe:23900.0PE@109.95->75.90000000000146', 'short_pe:24000.0PE@162.0->175.90000000000146', 'short_ce:24200.0CE@85.0->0.0', 'long_ce:24300.0CE@54.45->0.0']",2026,2026-06
IRON_CONDOR_2026-06-29_2026-06-30,IRON_CONDOR,NIFTY,2026-06-29,2026-06-30,23946.25,23865.75,23950.0,65,20000.0,63.95,36.05,4156.75,160.0,10.01,7.93,30.23,0.19,260.0,468.36,3688.39,EXPIRY,True,"['long_pe:23750.0PE@16.05->0.0', 'short_pe:23850.0PE@31.0->0.0', 'short_ce:24050.0CE@123.0->0.0', 'long_ce:24150.0CE@74.0->0.0']",2026,2026-06
IRON_CONDOR_2026-07-01_2026-07-07,IRON_CONDOR,NIFTY,2026-07-01,2026-07-07,24005.85,24398.7,24000.0,65,20000.0,62.25,37.75,-2453.75,160.0,30.96,28.96,34.02,0.96,260.0,514.9,-2968.65,EXPIRY,False,"['long_pe:23800.0PE@98.25->0.0', 'short_pe:23900.0PE@128.9->0.0', 'short_ce:24100.0CE@99.0->298.7000000000007', 'long_ce:24200.0CE@67.4->198.70000000000073']",2026,2026-07
IRON_CONDOR_2026-07-08_2026-07-14,IRON_CONDOR,NIFTY,2026-07-08,2026-07-14,23882.05,24052.05,23900.0,65,20000.0,85.25,14.75,2158.0,160.0,21.68,20.6,32.52,0.63,260.0,495.42,1662.58,EXPIRY,True,"['long_pe:23700.0PE@9.3->0.0', 'short_pe:23800.0PE@17.55->0.0', 'short_ce:24000.0CE@315.95->52.04999999999927', 'long_ce:24100.0CE@238.95->0.0']",2026,2026-07
IRON_CONDOR_2026-07-15_2026-07-21,IRON_CONDOR,NIFTY,2026-07-15,2026-07-21,24078.5,24187.7,24100.0,65,20000.0,81.5,18.5,5297.5,160.0,17.09,14.45,31.41,0.38,260.0,483.33,4814.17,EXPIRY,True,"['long_pe:23900.0PE@117.0->0.0', 'short_pe:24000.0PE@163.0->0.0', 'short_ce:24200.0CE@100.0->0.0', 'long_ce:24300.0CE@64.5->0.0']",2026,2026-07
IRON_CONDOR_2026-07-22_2026-07-28,IRON_CONDOR,NIFTY,2026-07-22,2026-07-28,23996.25,23985.35,24000.0,65,20000.0,82.75,17.25,5378.75,160.0,16.3,13.61,31.25,0.35,260.0,481.52,4897.23,EXPIRY,True,"['long_pe:23800.0PE@46.0->0.0', 'short_pe:23900.0PE@74.75->0.0', 'short_ce:24100.0CE@176.0->0.0', 'long_ce:24200.0CE@122.0->0.0']",2026,2026-07
IRON_CONDOR_2026-07-29_2026-08-04,IRON_CONDOR,NIFTY,2026-07-29,2026-08-04,24250.2,24614.9,24250.0,65,20000.0,65.2,34.8,-2262.0,160.0,26.65,25.11,33.33,0.84,260.0,505.93,-2767.93,EXPIRY,False,"['long_pe:24050.0PE@95.0->0.0', 'short_pe:24150.0PE@130.0->0.0', 'short_ce:24350.0CE@73.95->264.90000000000146', 'long_ce:24450.0CE@43.75->164.90000000000146']",2026,2026-07
IRON_CONDOR_2026-08-05_2026-08-11,IRON_CONDOR,NIFTY,2026-08-05,2026-08-11,24624.65,24471.7,24600.0,65,20000.0,65.25,34.75,2401.75,160.0,12.38,11.18,30.82,0.32,260.0,474.7,1927.05,EXPIRY,True,"['long_pe:24400.0PE@63.0->0.0', 'short_pe:24500.0PE@88.95->28.299999999999272', 'short_ce:24700.0CE@101.5->0.0', 'long_ce:24800.0CE@62.2->0.0']",2026,2026-08
IRON_CONDOR_2026-08-12_2026-08-18,IRON_CONDOR,NIFTY,2026-08-12,2026-08-18,24435.95,24154.9,24450.0,65,20000.0,65.2,34.8,-2262.0,160.0,20.01,19.6,32.33,0.66,260.0,492.61,-2754.61,EXPIRY,False,"['long_pe:24250.0PE@49.0->95.09999999999854', 'short_pe:24350.0PE@74.0->195.09999999999854', 'short_ce:24550.0CE@115.0->0.0', 'long_ce:24650.0CE@74.8->0.0']",2026,2026-08
IRON_CONDOR_2026-08-19_2026-08-25,IRON_CONDOR,NIFTY,2026-08-19,2026-08-25,24078.3,24334.55,24100.0,65,20000.0,67.0,33.0,-2145.0,160.0,15.39,15.9,31.67,0.54,260.0,483.5,-2628.5,EXPIRY,False,"['long_pe:23900.0PE@39.6->0.0', 'short_pe:24000.0PE@62.0->0.0', 'short_ce:24200.0CE@131.6->134.54999999999927', 'long_ce:24300.0CE@87.0->34.54999999999927']",2026,2026-08
IRON_CONDOR_2026-08-26_2026-09-01,IRON_CONDOR,NIFTY,2026-08-26,2026-09-01,24207.75,24055.8,24200.0,65,20000.0,75.0,25.0,2002.0,160.0,14.11,13.1,31.16,0.39,260.0,478.76,1523.24,EXPIRY,True,"['long_pe:24000.0PE@17.0->0.0', 'short_pe:24100.0PE@22.0->44.20000000000073', 'short_ce:24300.0CE@195.0->0.0', 'long_ce:24400.0CE@125.0->0.0']",2026,2026-08
IRON_CONDOR_2026-09-02_2026-09-08,IRON_CONDOR,NIFTY,2026-09-02,2026-09-08,23914.45,23635.1,23900.0,65,20000.0,49.05,50.95,-3311.75,160.0,14.96,15.57,31.61,0.55,260.0,482.69,-3794.44,EXPIRY,False,"['long_pe:23700.0PE@55.05->64.90000000000146', 'short_pe:23800.0PE@78.9->164.90000000000146', 'short_ce:24000.0CE@70.2->0.0', 'long_ce:24100.0CE@45.0->0.0']",2026,2026-09
IRON_CONDOR_2026-09-09_2026-09-15,IRON_CONDOR,NIFTY,2026-09-09,2026-09-15,23431.5,23118.6,23450.0,65,20000.0,91.4,8.6,-559.0,160.0,24.64,22.79,32.91,0.74,260.0,501.08,-1060.08,EXPIRY,False,"['long_pe:23250.0PE@22.0->131.40000000000146', 'short_pe:23350.0PE@42.05->231.40000000000146', 'short_ce:23550.0CE@172.85->0.0', 'long_ce:23650.0CE@101.5->0.0']",2026,2026-09
