strategy,cycle_idx,entry_dt,exit_dt,dte,lot,spot_entry,spot_exit,legs_count,leg1_id,leg1_type,leg1_strike,leg1_in,leg1_out,leg1_vol,leg2_id,leg2_type,leg2_strike,leg2_in,leg2_out,leg2_vol,gross,costs,net,stt,turnover_fees,sebi_charges,stamp_duty,gst,slippage,variance_reconciliation,hist_margin,vix
OPT_ATM_STRADDLE_0DTE,1,2024-09-19,2024-09-19,0,25,25487.05,25415.8,2,67963,CE,25500.0,63.0,0.3,47926784,67964,PE,25500.0,107.0,91.45,34340766,1956.25,124.53,1831.72,2.3,2.29,0.0066,0.13,14.809999999999999,25.0,2.2737367544323206e-13,61595.862499999996,12.47
OPT_ATM_STRADDLE_0DTE,2,2024-09-26,2024-09-26,0,25,26005.4,26216.05,2,65913,CE,26000.0,58.0,228.0,11689830,65914,PE,26000.0,57.8,0.7,29728689,-2822.5,128.76,-2951.26,5.72,3.01,0.0087,0.08,14.940000000000001,25.0,9.094947017729282e-13,61407.149999999994,12.0
OPT_ATM_STRADDLE_0DTE,3,2024-10-03,2024-10-03,0,25,25452.85,25250.1,2,58531,CE,25450.0,158.0,0.3,16812605,58532,PE,25450.0,63.0,196.15,12983891,613.7499999999995,128.81,484.93999999999954,4.91,3.66,0.010499999999999999,0.16999999999999998,15.06,25.0,5.115907697472721e-13,62793.9125,13.17
OPT_ATM_STRADDLE_0DTE,4,2024-10-10,2024-10-10,0,25,25067.05,24998.45,2,47172,CE,25050.0,60.0,0.35,47763366,47173,PE,25050.0,98.0,51.25,26023859,2660.0,122.98,2537.02,1.29,1.84,0.0052,0.11000000000000001,14.74,25.0,0.0,60350.862499999996,13.5
OPT_ATM_STRADDLE_0DTE,5,2024-10-17,2024-10-17,0,25,25027.4,24749.85,2,48298,CE,25050.0,42.0,0.15,10885437,48309,PE,25050.0,79.9,298.25,840199,-4412.5,131.31,-4543.81,7.46,3.68,0.0106,0.09,15.07,25.0,0.0,59359.149999999994,13.39
OPT_ATM_STRADDLE_0DTE,6,2024-10-24,2024-10-24,0,25,24412.7,24399.4,2,43711,CE,24400.0,96.0,2.2,78954953,43714,PE,24400.0,64.0,1.0,83253278,3920.0000000000005,121.30000000000001,3798.7000000000003,0.09,1.43,0.0041,0.12000000000000001,14.66,25.0,4.547473508864641e-13,58928.575,13.97
OPT_ATM_STRADDLE_0DTE,7,2024-10-31,2024-10-31,0,25,24349.85,24205.35,2,49016,CE,24350.0,70.0,0.2,17267797,49017,PE,24350.0,80.0,146.35,4507637,86.25000000000007,126.25,-39.99999999999993,3.67,2.59,0.0075,0.11,14.87,25.0,7.105427357601002e-14,58537.1625,15.55
OPT_ATM_STRADDLE_0DTE,8,2024-11-07,2024-11-07,0,25,24489.6,24199.35,2,50396,CE,24500.0,60.0,0.1,17296003,50399,PE,24500.0,111.0,300.7,1834252,-3244.9999999999995,131.93,-3376.9299999999994,7.52,4.13,0.0118,0.12,15.149999999999999,25.0,9.094947017729282e-13,59376.6,14.94
OPT_ATM_STRADDLE_0DTE,9,2024-11-14,2024-11-14,0,25,23542.15,23532.7,2,43852,CE,23550.0,112.0,0.35,56080282,43853,PE,23550.0,90.0,24.65,36338779,4425.0,122.52000000000001,4302.48,0.63,1.98,0.0057,0.15000000000000002,14.76,25.0,9.094947017729282e-13,58019.83750000001,14.78
OPT_ATM_STRADDLE_0DTE,10,2024-11-21,2024-11-21,0,25,23488.45,23349.9,2,43309,CE,23500.0,98.75,0.3,20000371,43314,PE,23500.0,110.0,153.25,2308750,1380.0,127.15,1252.85,3.84,3.17,0.0091,0.15000000000000002,14.98,25.0,2.2737367544323206e-13,58067.762500000004,15.99
OPT_ATM_STRADDLE_0DTE,11,2024-11-28,2024-11-28,0,25,24274.15,23914.15,2,42965,CE,24250.0,105.0,0.35,16633345,42966,PE,24250.0,49.9,347.0,6035742,-4811.25,133.41,-4944.66,8.69,4.390000000000001,0.0125,0.12,15.2,25.0,0.0,58489.337499999994,15.21
OPT_ATM_STRADDLE_0DTE,12,2024-12-05,2024-12-05,0,25,24539.15,24708.4,2,53028,CE,24550.0,92.2,80.25,8979448,53034,PE,24550.0,146.9,7.95,14369025,3772.500000000001,125.16,3647.340000000001,2.21,2.8600000000000003,0.008199999999999999,0.18,14.91,25.0,9.094947017729282e-13,61190.58750000001,14.53
OPT_ATM_STRADDLE_0DTE,13,2024-12-12,2024-12-12,0,25,24604.45,24548.7,2,46121,CE,24600.0,69.5,0.25,45081797,46122,PE,24600.0,55.9,50.95,30395046,1854.9999999999998,122.59,1732.4099999999999,1.28,1.54,0.0044,0.09,14.68,25.0,2.2737367544323206e-13,58495.012500000004,13.19
OPT_ATM_STRADDLE_0DTE,14,2024-12-19,2024-12-19,0,25,23877.15,23951.7,2,47374,CE,23900.0,79.8,52.3,14814668,47377,PE,23900.0,73.75,0.4,32390988,2521.25,122.97999999999999,2398.27,1.32,1.81,0.0052,0.12,14.73,25.0,0.0,57562.337499999994,14.51
OPT_ATM_STRADDLE_0DTE,15,2024-12-26,2024-12-26,0,25,23775.8,23750.2,2,41687,CE,23800.0,51.3,0.2,39934382,41688,PE,23800.0,67.45,50.45,21434287,1702.4999999999998,122.50999999999999,1579.9899999999998,1.27,1.48,0.0042,0.09,14.67,25.0,2.2737367544323206e-13,56464.29999999999,14.04
OPT_ATM_STRADDLE_0DTE,16,2025-01-02,2025-01-02,0,75,23783.0,24188.65,2,52523,CE,23800.0,100.0,391.6,2193088,52524,PE,23800.0,105.0,0.35,6069265,-14021.250000000002,217.82,-14239.070000000002,29.400000000000002,15.67,0.044800000000000006,0.47,17.23,75.0,1.8189894035458565e-12,175910.24999999997,13.74
OPT_ATM_STRADDLE_0DTE,17,2025-01-09,2025-01-09,0,75,23674.75,23526.5,2,48100,CE,23650.0,77.0,0.15,9039251,48101,PE,23650.0,49.55,130.15,3611868,-281.2500000000011,187.44,-468.6900000000011,9.77,6.75,0.019299999999999998,0.28,15.620000000000001,75.0,1.4779288903810084e-12,169295.8125,14.66
OPT_ATM_STRADDLE_0DTE,18,2025-01-16,2025-01-16,0,75,23377.25,23311.8,2,52573,CE,23400.0,30.0,0.15,7425326,52576,PE,23400.0,98.9,95.65,1980720,2482.5,183.83999999999997,2298.66,7.18,5.9,0.0169,0.29000000000000004,15.459999999999999,75.0,0.0,167463.9375,15.47
OPT_ATM_STRADDLE_0DTE,19,2025-01-23,2025-01-23,0,75,23128.3,23205.35,2,54784,CE,23150.0,53.0,56.8,3786373,54785,PE,23150.0,62.0,0.2,7523436,4350.0,179.26,4170.74,4.27,4.51,0.012900000000000002,0.26,15.21,75.0,0.0,164741.025,16.7
OPT_ATM_STRADDLE_0DTE,20,2025-01-30,2025-01-30,0,25,23169.5,23249.5,2,43287,CE,23150.0,104.45,73.5,9767102,43491,PE,23150.0,121.5,1.2,18116738,3781.25,124.53999999999999,3656.71,1.87,2.63,0.0075,0.16999999999999998,14.870000000000001,25.0,0.0,57780.125,17.39
OPT_ATM_STRADDLE_0DTE,21,2025-02-06,2025-02-06,0,75,23761.95,23603.35,2,44974,CE,23750.0,50.0,0.15,5954085,44975,PE,23750.0,89.35,153.4,921606,-1065.0000000000007,190.32999999999998,-1255.3300000000006,11.52,7.69,0.022000000000000002,0.31,15.79,75.0,6.821210263296962e-13,170844.4125,14.18
OPT_ATM_STRADDLE_0DTE,22,2025-02-13,2025-02-13,0,75,23055.75,23031.4,2,51191,CE,23050.0,90.0,2.0,12848168,51193,PE,23050.0,77.75,17.5,14807270,11118.75,177.06,10941.69,1.46,4.92,0.014,0.37,15.29,75.0,1.8189894035458565e-12,168207.5625,14.96
OPT_ATM_STRADDLE_0DTE,23,2025-02-20,2025-02-20,0,75,22821.1,22913.15,2,63489,CE,22800.0,114.2,112.6,2820400,63490,PE,22800.0,50.05,0.2,9282910,3858.75,186.82999999999998,3671.92,8.459999999999999,7.2700000000000005,0.020800000000000003,0.37,15.71,75.0,0.0,166361.175,14.68
OPT_ATM_STRADDLE_0DTE,24,2025-02-27,2025-02-27,0,75,22568.95,22545.05,2,55621,CE,22550.0,69.9,2.2,14736034,55622,PE,22550.0,39.0,2.0,15932509,7852.5,173.48,7679.02,0.32,2.9699999999999998,0.0085,0.25,14.93,75.0,9.094947017729282e-13,160507.9125,13.31
OPT_ATM_STRADDLE_0DTE,25,2025-03-06,2025-03-06,0,75,22476.35,22544.7,2,68446,CE,22500.0,39.85,44.55,24631122,68447,PE,22500.0,91.75,0.45,14574920,6495.0,178.57,6316.43,3.3699999999999997,4.640000000000001,0.0132,0.3,15.239999999999998,75.0,9.094947017729282e-13,161585.3625,13.73
OPT_ATM_STRADDLE_0DTE,26,2025-03-13,2025-03-13,0,75,22541.5,22397.2,2,45470,CE,22550.0,40.2,0.15,12388878,45471,PE,22550.0,84.2,154.4,4671257,-2261.25,189.93,-2451.18,11.59,7.32,0.0209,0.28,15.719999999999999,75.0,4.547473508864641e-13,161485.125,13.28
OPT_ATM_STRADDLE_0DTE,27,2025-03-20,2025-03-20,0,75,23036.6,23190.65,2,50225,CE,23050.0,44.95,145.7,8957461,50226,PE,23050.0,80.0,0.25,10210472,-1574.9999999999989,189.04000000000002,-1764.0399999999988,10.95,7.109999999999999,0.0203,0.28,15.68,75.0,1.1368683772161603e-12,164868.3,12.6
OPT_ATM_STRADDLE_0DTE,28,2025-03-27,2025-03-27,0,75,23433.95,23591.95,2,51124,CE,23450.0,93.35,145.75,926439,51127,PE,23450.0,55.15,0.4,4477187,176.24999999999957,189.83999999999997,-13.590000000000401,10.959999999999999,7.74,0.022099999999999998,0.32999999999999996,15.79,75.0,2.5579538487363607e-13,169316.6625,13.3
OPT_ATM_STRADDLE_0DTE,29,2025-04-03,2025-04-03,0,75,23150.3,23250.1,2,54646,CE,23150.0,66.75,101.0,1386438,54664,PE,23150.0,80.0,0.25,5527269,3412.5,185.03,3227.47,7.6,6.51,0.0186,0.32999999999999996,15.57,75.0,4.547473508864641e-13,167270.775,13.6
OPT_ATM_STRADDLE_0DTE,30,2025-04-09,2025-04-09,0,75,22460.3,22399.15,2,43856,CE,22450.0,200.0,0.3,11878520,43857,PE,22450.0,121.55,51.45,5325368,20234.999999999996,185.60000000000002,20049.399999999998,3.88,9.8,0.027999999999999997,0.72,16.17,75.0,3.637978807091713e-12,175723.275,21.43
OPT_ATM_STRADDLE_0DTE,31,2025-04-17,2025-04-17,0,75,23401.85,23851.65,2,48249,CE,23400.0,63.6,452.85,7284485,48258,PE,23400.0,83.9,0.2,8071042,-22916.25,222.37,-23138.62,33.97,15.77,0.045,0.33,17.25,75.0,0.0,169024.9875,15.47
OPT_ATM_STRADDLE_0DTE,32,2025-04-24,2025-04-24,0,75,24277.9,24246.7,2,79632,CE,24300.0,49.8,0.25,12093988,79633,PE,24300.0,60.95,55.1,6904271,4155.0,178.95999999999998,3976.04,4.1499999999999995,4.359999999999999,0.012499999999999999,0.25,15.190000000000001,75.0,0.0,172182.075,16.25
OPT_ATM_STRADDLE_0DTE,33,2025-04-30,2025-04-30,0,75,24342.05,24334.2,2,52000,CE,24350.0,38.35,13.45,30818538,52001,PE,24350.0,69.0,2.7,30757575,6840.0,174.7,6665.3,1.21,3.24,0.0093,0.25,14.99,75.0,0.0,172360.0875,18.22
OPT_ATM_STRADDLE_0DTE,34,2025-05-08,2025-05-08,0,75,24431.5,24273.8,2,38608,CE,24450.0,28.6,0.3,8811719,38609,PE,24450.0,94.4,155.25,3641250,-2441.25,189.98000000000002,-2631.23,11.66,7.31,0.020900000000000002,0.27,15.72,75.0,4.547473508864641e-13,174137.625,21.01
OPT_ATM_STRADDLE_0DTE,35,2025-05-15,2025-05-15,0,75,24694.45,25062.1,2,46278,CE,24700.0,66.15,369.65,7598227,46279,PE,24700.0,104.95,0.4,6688066,-14921.25,214.36,-15135.61,27.75,14.209999999999999,0.0406,0.39,16.97,75.0,0.0,179520.0375,16.89
OPT_ATM_STRADDLE_0DTE,36,2025-05-22,2025-05-22,0,75,24733.95,24609.7,2,49216,CE,24750.0,115.0,0.7,6943232,49217,PE,24750.0,113.85,145.7,642250,6183.75,192.56,5991.19,10.98,9.85,0.0282,0.52,16.18,75.0,0.0,184117.9125,17.26
OPT_ATM_STRADDLE_0DTE,37,2025-05-29,2025-05-29,0,75,24825.1,24833.6,2,61727,CE,24850.0,75.0,1.7,12551126,61750,PE,24850.0,150.0,27.3,3944688,14700.0,179.97,14520.03,2.1799999999999997,6.66,0.0191,0.51,15.599999999999998,75.0,1.8189894035458565e-12,184444.42499999996,16.42
OPT_ATM_STRADDLE_0DTE,38,2025-06-05,2025-06-05,0,75,24691.2,24750.9,2,40475,CE,24700.0,59.9,42.75,14924812,40476,PE,24700.0,104.9,1.05,22460409,9075.0,179.54000000000002,8895.46,3.29,5.47,0.015600000000000001,0.37,15.39,75.0,0.0,179025.6,15.08
OPT_ATM_STRADDLE_0DTE,39,2025-06-12,2025-06-12,0,75,25164.45,24888.2,2,44872,CE,25150.0,59.0,0.2,9696736,44873,PE,25150.0,84.9,257.4,3444809,-8527.499999999998,201.5,-8728.999999999998,19.310000000000002,10.540000000000001,0.030100000000000002,0.32,16.3,75.0,1.8189894035458565e-12,180652.53749999998,14.02
OPT_ATM_STRADDLE_0DTE,40,2025-06-19,2025-06-19,0,75,24803.25,24793.25,2,51001,CE,24800.0,55.0,3.25,27577860,51002,PE,24800.0,60.0,2.35,38442973,8205.0,173.82999999999998,8031.17,0.42,3.17,0.0091,0.26,14.98,75.0,0.0,176046.9375,14.26
OPT_ATM_STRADDLE_0DTE,41,2025-06-26,2025-06-26,0,75,25268.95,25549.0,2,62409,CE,25250.0,70.0,299.5,1657650,62410,PE,25250.0,58.0,0.35,6310931,-12888.75,205.47,-13094.22,22.490000000000002,11.229999999999999,0.0321,0.29000000000000004,16.43,75.0,0.0,180165.4125,12.59
OPT_ATM_STRADDLE_0DTE,42,2025-07-03,2025-07-03,0,75,25505.1,25405.3,2,56843,CE,25500.0,54.0,0.45,25719392,56887,PE,25500.0,69.0,92.05,21117105,2287.5,183.3,2104.2,6.930000000000001,5.66,0.0162,0.28,15.42,75.0,0.0,181384.425,12.39
OPT_ATM_STRADDLE_0DTE,43,2025-07-10,2025-07-10,0,75,25511.65,25355.25,2,40049,CE,25500.0,54.9,0.3,15789296,40050,PE,25500.0,62.8,139.8,5382925,-1680.000000000001,188.17000000000002,-1868.170000000001,10.5,6.7700000000000005,0.0193,0.26,15.620000000000001,75.0,9.094947017729282e-13,181031.13749999998,11.67
OPT_ATM_STRADDLE_0DTE,44,2025-07-17,2025-07-17,0,75,25230.75,25111.45,2,47289,CE,25250.0,34.05,0.25,12013070,47292,PE,25250.0,62.0,137.9,4759936,-3157.5000000000005,187.26,-3344.76,10.36,6.15,0.017599999999999998,0.22000000000000003,15.510000000000002,75.0,4.547473508864641e-13,177511.3125,11.24
OPT_ATM_STRADDLE_0DTE,45,2025-07-24,2025-07-24,0,75,25243.3,25062.1,2,49521,CE,25250.0,39.8,0.2,8220094,49522,PE,25250.0,52.0,185.65,2773071,-7053.750000000001,192.17000000000002,-7245.920000000001,13.93,7.29,0.0208,0.21,15.719999999999999,75.0,1.8189894035458565e-12,177277.275,10.72
OPT_ATM_STRADDLE_0DTE,46,2025-07-31,2025-07-31,0,75,24642.25,24768.35,2,55785,CE,24650.0,107.7,126.3,2886032,55786,PE,24650.0,51.95,0.5,9152708,2463.7500000000005,188.17000000000002,2275.5800000000004,9.51,7.52,0.021400000000000002,0.36,15.760000000000002,75.0,4.547473508864641e-13,178308.93749999997,11.54
OPT_ATM_STRADDLE_0DTE,47,2025-08-07,2025-08-07,0,75,24464.2,24596.15,2,39822,CE,24450.0,95.0,124.4,19979275,39823,PE,24450.0,44.0,0.35,19727270,1068.7499999999995,187.26,881.4899999999996,9.36,6.92,0.0198,0.31,15.65,75.0,6.821210263296962e-13,175558.34999999998,11.69
OPT_ATM_STRADDLE_0DTE,48,2025-08-14,2025-08-14,0,75,24607.25,24631.3,2,44492,CE,24600.0,80.2,36.35,14875878,44493,PE,24600.0,36.2,0.7,31993032,5951.25,177.21,5774.04,2.78,4.03,0.0115,0.26,15.129999999999999,75.0,0.0,174828.93749999997,12.36
OPT_ATM_STRADDLE_0DTE,49,2025-08-21,2025-08-21,0,75,25142.0,25083.75,2,47254,CE,25150.0,35.0,0.3,30494687,47255,PE,25150.0,74.2,60.8,12646059,3607.5000000000005,179.52,3427.9800000000005,4.579999999999999,4.47,0.0127,0.25,15.21,75.0,4.547473508864641e-13,177898.49999999997,11.37
OPT_ATM_STRADDLE_0DTE,50,2025-08-28,2025-08-28,0,75,24695.8,24500.9,2,71962,CE,24700.0,73.9,0.3,12591526,71963,PE,24700.0,64.0,203.35,3910650,-4931.249999999999,195.60000000000002,-5126.849999999999,15.27,8.969999999999999,0.0257,0.31000000000000005,16.02,75.0,0.0,177039.15,12.18
OPT_ATM_STRADDLE_0DTE,51,2025-09-02,2025-09-02,0,75,24653.0,24579.6,2,48937,CE,24650.0,48.6,0.35,19605629,48938,PE,24650.0,44.0,70.9,19216182,1601.2499999999995,180.05,1421.1999999999996,5.3500000000000005,4.3,0.0123,0.21000000000000002,15.18,75.0,6.821210263296962e-13,173352.75,11.4
OPT_ATM_STRADDLE_0DTE,52,2025-09-09,2025-09-09,0,75,24864.1,24868.6,2,40583,CE,24850.0,45.0,15.65,32805016,40584,PE,24850.0,41.0,1.3,35320974,5178.750000000001,174.05,5004.700000000001,1.27,2.7,0.0077,0.19,14.89,75.0,0.0,174282.675,10.69
OPT_ATM_STRADDLE_0DTE,53,2025-09-16,2025-09-16,0,75,25073.6,25239.1,2,44688,CE,25050.0,71.5,181.2,1791233,44706,PE,25050.0,27.95,0.15,6876438,-6142.499999999999,191.94,-6334.439999999999,13.6,7.37,0.0211,0.22,15.73,75.0,9.094947017729282e-13,176705.55,10.27
OPT_ATM_STRADDLE_0DTE,54,2025-09-23,2025-09-23,0,75,25209.0,25169.5,2,47757,CE,25200.0,58.0,1.3,32166392,47758,PE,25200.0,36.65,26.55,33793485,5010.0,175.5,4834.5,2.09,3.2199999999999998,0.0091,0.21000000000000002,14.98,75.0,0.0,177259.5,10.63
OPT_ATM_STRADDLE_0DTE,55,2025-09-30,2025-09-30,0,75,24691.95,24611.1,2,60457,CE,24700.0,47.95,0.3,26196781,60460,PE,24700.0,42.8,84.5,12908729,446.2500000000002,181.42000000000002,264.8300000000002,6.359999999999999,4.609999999999999,0.0131,0.21000000000000002,15.23,75.0,2.8421709430404007e-13,173476.9125,11.07
OPT_ATM_STRADDLE_0DTE,56,2025-10-07,2025-10-07,0,75,25085.3,25108.3,2,38395,CE,25100.0,41.55,12.4,19829603,38396,PE,25100.0,41.9,1.0,42818569,5253.75,173.59,5080.16,1.0,2.55,0.0072,0.18,14.86,75.0,0.0,175584.52499999997,10.05
OPT_ATM_STRADDLE_0DTE,57,2025-10-14,2025-10-14,0,75,25277.55,25145.5,2,42693,CE,25300.0,32.4,0.15,15971098,42694,PE,25300.0,49.0,143.85,5593077,-4695.0,187.36,-4882.36,10.799999999999999,5.909999999999999,0.016900000000000002,0.18,15.459999999999999,75.0,9.094947017729282e-13,176728.4625,11.16
OPT_ATM_STRADDLE_0DTE,58,2025-10-20,2025-10-20,0,75,25824.6,25843.15,2,45282,CE,25800.0,61.5,35.7,16141320,45283,PE,25800.0,70.0,0.7,34418779,7132.5,177.66000000000003,6954.84,2.73,4.41,0.0126,0.30000000000000004,15.2,75.0,0.0,184178.55,11.36
OPT_ATM_STRADDLE_0DTE,59,2025-10-28,2025-10-28,0,75,25939.95,25936.2,2,58998,CE,25950.0,103.0,1.45,27735361,59003,PE,25950.0,43.9,20.8,12835845,9348.75,176.65,9172.1,1.6700000000000002,4.44,0.0127,0.33,15.2,75.0,0.0,186112.1625,11.95
OPT_ATM_STRADDLE_0DTE,60,2025-11-04,2025-11-04,0,75,25744.75,25597.65,2,47668,CE,25750.0,80.0,0.3,14786621,47669,PE,25750.0,58.85,148.75,6857122,-765.0000000000002,189.84,-954.8400000000003,11.18,7.5600000000000005,0.0216,0.31,15.76,75.0,1.0231815394945443e-12,184190.81249999997,12.65
OPT_ATM_STRADDLE_0DTE,61,2025-11-11,2025-11-11,0,75,25617.0,25694.95,2,40113,CE,25600.0,65.8,91.25,23806577,40114,PE,25600.0,50.0,0.2,21479433,1826.2499999999995,182.94,1643.3099999999995,6.85,5.44,0.0156,0.26,15.38,75.0,4.547473508864641e-13,181599.74999999997,12.49
OPT_ATM_STRADDLE_0DTE,62,2025-11-18,2025-11-18,0,75,26021.8,25910.05,2,44300,CE,26000.0,68.0,0.3,33067067,44304,PE,26000.0,57.6,80.15,15524723,3386.25,182.11,3204.14,6.029999999999999,5.41,0.0154,0.28,15.37,75.0,4.547473508864641e-13,185067.15,12.1
OPT_ATM_STRADDLE_0DTE,63,2025-11-25,2025-11-25,0,75,25998.5,25884.8,2,52911,CE,26000.0,67.0,0.4,28047783,52931,PE,26000.0,60.0,115.15,19488355,858.7499999999991,185.9,672.8499999999991,8.67,6.369999999999999,0.0182,0.29000000000000004,15.549999999999999,75.0,1.2505552149377763e-12,185014.87499999997,12.24
OPT_ATM_STRADDLE_0DTE,64,2025-12-02,2025-12-02,0,75,26087.95,26032.2,2,46799,CE,26100.0,85.0,0.2,26077631,46800,PE,26100.0,51.1,75.4,19056325,4537.499999999999,181.95,4355.549999999999,5.67,5.5600000000000005,0.0159,0.3,15.399999999999999,75.0,0.0,186301.1625,11.23
OPT_ATM_STRADDLE_0DTE,65,2025-12-09,2025-12-09,0,75,25867.1,25839.65,2,41877,CE,25850.0,89.0,2.95,33576279,41878,PE,25850.0,36.0,12.05,31404676,8250.0,175.15,8074.85,1.12,3.67,0.010499999999999999,0.28,15.07,75.0,0.0,183977.925,10.95
OPT_ATM_STRADDLE_0DTE,66,2025-12-16,2025-12-16,0,75,25951.5,25860.1,2,48222,CE,25950.0,66.25,0.2,21434877,48223,PE,25950.0,50.0,77.45,10917034,2894.9999999999995,181.49,2713.5099999999993,5.819999999999999,5.09,0.014599999999999998,0.26,15.309999999999999,75.0,9.094947017729282e-13,183891.37499999997,10.06
OPT_ATM_STRADDLE_0DTE,67,2025-12-23,2025-12-23,0,75,26205.2,26177.15,2,57020,CE,26200.0,43.0,1.85,43186563,57021,PE,26200.0,70.0,19.75,28781771,6855.0,175.47,6679.53,1.62,3.54,0.0101,0.26,15.04,75.0,9.094947017729282e-13,185360.09999999998,9.38
OPT_ATM_STRADDLE_0DTE,68,2025-12-30,2025-12-30,0,75,25940.9,25938.85,2,65600,CE,25950.0,50.6,1.5,35879823,65620,PE,25950.0,47.05,14.2,23303179,6146.249999999999,174.31,5971.939999999999,1.1700000000000002,2.9800000000000004,0.0085,0.22,14.940000000000001,75.0,1.8189894035458565e-12,182424.825,9.68
OPT_ATM_STRADDLE_0DTE,69,2026-01-06,2026-01-06,0,65,26189.7,26178.7,2,40477,CE,26200.0,48.0,0.4,41390187,40478,PE,26200.0,50.0,24.4,33854516,4758.0,164.51,4593.49,1.62,2.79,0.007899999999999999,0.19,14.91,65.0,0.0,159579.745,10.02
OPT_ATM_STRADDLE_0DTE,70,2026-01-13,2026-01-13,0,65,25897.35,25732.3,2,46171,CE,25900.0,45.0,0.15,17109665,46172,PE,25900.0,81.05,163.4,3089023,-2437.5000000000005,178.07999999999998,-2615.5800000000004,10.629999999999999,6.59,0.0188,0.25,15.59,65.0,0.0,159692.74749999997,11.2
OPT_ATM_STRADDLE_0DTE,71,2026-01-20,2026-01-20,0,65,25580.3,25232.5,2,47603,CE,25600.0,35.5,0.3,13201233,47610,PE,25600.0,59.9,336.1,3691507,-15665.000000000004,193.09,-15858.090000000004,21.87,9.82,0.028,0.19,16.18,65.0,3.637978807091713e-12,155845.755,12.73
OPT_ATM_STRADDLE_0DTE,72,2026-01-27,2026-01-27,0,65,25063.35,25175.4,2,58663,CE,25050.0,134.75,103.15,11516152,58664,PE,25050.0,79.6,1.05,19775731,7159.749999999999,175.17,6984.579999999999,6.7700000000000005,7.24,0.0207,0.42000000000000004,15.71,65.0,9.094947017729282e-13,160553.34749999997,14.45
OPT_ATM_STRADDLE_0DTE,73,2026-02-03,2026-02-03,0,65,26308.05,25727.55,2,49875,CE,26300.0,99.3,0.25,4846182,49876,PE,26300.0,285.0,573.6,86356,-12320.75,223.25,-12544.0,37.300000000000004,21.79,0.0623,0.75,18.34,65.0,0.0,178881.5925,12.9
OPT_ATM_STRADDLE_0DTE,74,2026-02-10,2026-02-10,0,65,25922.65,25935.15,2,42540,CE,25900.0,56.75,45.85,24588625,42543,PE,25900.0,69.0,0.45,45394332,5164.249999999999,167.28,4996.969999999999,3.01,3.91,0.0112,0.24,15.11,65.0,9.094947017729282e-13,159821.2525,11.67
OPT_ATM_STRADDLE_0DTE,75,2026-02-17,2026-02-17,0,65,25637.95,25725.4,2,48222,CE,25650.0,84.8,78.35,15601540,48223,PE,25650.0,72.5,0.5,34575426,5099.25,171.18,4928.07,5.12,5.37,0.015300000000000001,0.31000000000000005,15.370000000000001,65.0,0.0,160206.5075,12.67
OPT_ATM_STRADDLE_0DTE,76,2026-02-24,2026-02-24,0,65,25641.8,25424.65,2,64858,CE,25650.0,84.9,0.2,7713031,64859,PE,25650.0,70.0,226.75,1956550,-4683.25,184.75,-4868.0,14.75,8.69,0.024800000000000003,0.31000000000000005,15.969999999999999,65.0,0.0,160073.02999999997,14.15
OPT_ATM_STRADDLE_0DTE,77,2026-03-02,2026-03-02,0,65,24659.25,24865.7,2,54834,CE,24650.0,248.95,195.3,4471024,54835,PE,24650.0,88.0,0.65,18449601,9164.999999999998,187.14999999999998,8977.849999999999,12.729999999999999,12.129999999999999,0.034699999999999995,0.66,16.59,65.0,1.8189894035458565e-12,166158.3625,17.13
OPT_ATM_STRADDLE_0DTE,78,2026-03-10,2026-03-10,0,65,24280.8,24261.6,2,45488,CE,24300.0,80.0,0.95,36454251,45489,PE,24300.0,189.0,45.6,10594932,14459.25,171.45,14287.8,3.02,7.18,0.0205,0.53,15.690000000000001,65.0,0.0,159527.68,18.91
OPT_ATM_STRADDLE_0DTE,79,2026-03-17,2026-03-17,0,65,23493.2,23581.15,2,57745,CE,23500.0,77.0,91.95,26629725,57748,PE,23500.0,170.0,0.4,28272621,10052.249999999998,175.02,9877.229999999998,6.010000000000001,7.72,0.0221,0.48,15.79,65.0,1.8189894035458565e-12,153490.22,19.79
OPT_ATM_STRADDLE_0DTE,80,2026-03-24,2026-03-24,0,65,22878.45,22912.4,2,62566,CE,22900.0,95.0,14.05,23506345,62567,PE,22900.0,200.0,5.25,25950736,17920.5,169.69,17750.81,1.25,7.15,0.0204,0.5800000000000001,15.69,65.0,3.637978807091713e-12,153013.9325,24.74
OPT_ATM_STRADDLE_0DTE,81,2026-03-30,2026-03-30,0,65,22549.65,22331.4,2,54480,CE,22550.0,263.0,0.45,11925449,54481,PE,22550.0,110.35,228.9,6633819,9360.0,191.26,9168.74,14.91,13.71,0.0392,0.73,16.869999999999997,65.0,1.8189894035458565e-12,156183.20249999998,27.89
OPT_ATM_STRADDLE_0DTE,82,2026-04-07,2026-04-07,0,65,22838.7,23123.65,2,40754,CE,22850.0,119.9,265.1,5492269,40760,PE,22850.0,127.4,0.2,14243428,-1170.000000000001,190.92000000000002,-1360.920000000001,17.240000000000002,11.66,0.0333,0.48,16.5,65.0,0.0,149680.89500000002,24.7
OPT_ATM_STRADDLE_0DTE,83,2026-04-13,2026-04-13,0,65,23589.6,23842.65,2,54796,CE,23600.0,200.0,244.8,5018762,54797,PE,23600.0,99.7,0.2,13622277,3555.499999999999,190.57,3364.929999999999,15.92,12.389999999999999,0.0354,0.5800000000000001,16.64,65.0,9.094947017729282e-13,157479.66,20.5
OPT_ATM_STRADDLE_0DTE,84,2026-04-21,2026-04-21,0,65,24374.55,24576.6,2,63434,CE,24350.0,128.15,227.4,1355211,63435,PE,24350.0,104.0,0.15,7567645,298.99999999999966,187.01999999999998,111.97999999999968,14.79,10.46,0.0299,0.45,16.29,65.0,1.1368683772161603e-13,157680.8675,17.53
OPT_ATM_STRADDLE_0DTE,85,2026-04-28,2026-04-28,0,65,24049.9,23995.7,2,72265,CE,24050.0,94.0,0.95,29395183,72266,PE,24050.0,64.6,50.1,19879632,6990.749999999999,168.68,6822.069999999999,3.32,4.77,0.0137,0.31,15.26,65.0,9.094947017729282e-13,151000.915,18.05
OPT_ATM_STRADDLE_0DTE,86,2026-05-05,2026-05-05,0,65,24052.6,24032.8,2,74155,CE,24050.0,97.7,0.5,39211174,74156,PE,24050.0,69.95,27.3,21875737,9090.250000000002,166.79000000000002,8923.460000000001,1.8,4.4399999999999995,0.0127,0.33,15.2,65.0,1.8189894035458565e-12,151604.96,17.91
OPT_ATM_STRADDLE_0DTE,87,2026-05-12,2026-05-12,0,65,23722.6,23379.55,2,41738,CE,23700.0,125.0,0.3,17243869,41739,PE,23700.0,65.0,317.3,7431383,-8294.0,194.07,-8488.07,20.64,11.549999999999999,0.0329,0.37,16.48,65.0,1.8189894035458565e-12,151127.20999999996,19.28
OPT_ATM_STRADDLE_0DTE,88,2026-05-19,2026-05-19,0,65,23675.3,23618.0,2,51366,CE,23700.0,83.45,0.4,37152321,51367,PE,23700.0,108.2,71.3,38589513,7796.75,171.52,7625.23,4.66,5.99,0.0172,0.37,15.48,65.0,9.094947017729282e-13,150957.755,18.68
OPT_ATM_STRADDLE_0DTE,89,2026-05-26,2026-05-26,0,65,24004.1,23913.7,2,72179,CE,24000.0,79.0,0.25,23258295,72180,PE,24000.0,59.8,88.95,23242801,3223.9999999999995,171.6,3052.3999999999996,5.8,5.18,0.0149,0.27,15.329999999999998,65.0,4.547473508864641e-13,149445.985,16.13
OPT_ATM_STRADDLE_0DTE,90,2026-06-02,2026-06-02,0,65,23229.15,23483.55,2,57020,CE,23250.0,99.0,222.9,6967896,57021,PE,23250.0,52.95,0.1,22260083,-4618.250000000001,184.28,-4802.530000000001,14.5,8.530000000000001,0.0243,0.29000000000000004,15.94,65.0,9.094947017729282e-13,145767.2775,15.36
OPT_ATM_STRADDLE_0DTE,91,2026-06-09,2026-06-09,0,65,23259.05,23242.1,2,42286,CE,23250.0,64.75,4.25,48613763,42287,PE,23250.0,100.3,5.85,32704409,10071.75,165.1,9906.65,0.66,3.9800000000000004,0.0114,0.33,15.120000000000001,65.0,0.0,146793.6925,15.58
OPT_ATM_STRADDLE_0DTE,92,2026-06-16,2026-06-16,0,65,23923.9,23989.15,2,50611,CE,23900.0,74.2,86.85,18072805,50612,PE,23900.0,57.0,0.15,34054760,2873.0000000000005,171.17,2701.8300000000004,5.66,4.96,0.0142,0.25,15.29,65.0,4.547473508864641e-13,148482.815,13.36
OPT_ATM_STRADDLE_0DTE,93,2026-06-23,2026-06-23,0,65,24071.3,23824.1,2,56374,CE,24050.0,66.95,0.25,15899785,56375,PE,24050.0,40.05,201.5,12231547,-6158.749999999999,181.05,-6339.799999999999,13.12,7.03,0.0201,0.21000000000000002,15.67,65.0,0.0,147772.10499999998,13.94
OPT_ATM_STRADDLE_0DTE,94,2026-06-30,2026-06-30,0,65,24032.05,23865.75,2,79730,CE,24050.0,49.75,0.45,17295074,79731,PE,24050.0,78.0,192.2,2086747,-4218.499999999999,180.8,-4399.299999999999,12.52,7.29,0.020900000000000002,0.25,15.72,65.0,0.0,148891.24249999996,13.6
OPT_ATM_STRADDLE_0DTE,95,2026-07-07,2026-07-07,0,65,24464.45,24398.7,2,44660,CE,24450.0,46.9,1.45,39029670,44661,PE,24450.0,78.15,33.0,43298124,5889.0,166.18,5722.82,2.2399999999999998,3.63,0.0103,0.24,15.06,65.0,0.0,151245.2825,11.65
OPT_ATM_STRADDLE_0DTE,96,2026-07-14,2026-07-14,0,65,24068.0,24052.05,2,51373,CE,24050.0,97.0,9.0,32485416,51374,PE,24050.0,52.0,3.15,44716272,8895.25,164.81,8730.44,0.78,3.66,0.010499999999999999,0.29000000000000004,15.07,65.0,0.0,150482.8,13.75
OPT_ATM_STRADDLE_0DTE,97,2026-07-21,2026-07-21,0,65,24216.05,24187.7,2,57348,CE,24200.0,79.0,3.15,48849517,57349,PE,24200.0,49.9,14.5,32924798,7231.25,164.75,7066.5,1.14,3.34,0.0095,0.25,15.01,65.0,0.0,150042.39250000002,12.6
OPT_ATM_STRADDLE_0DTE,98,2026-07-28,2026-07-28,0,65,23971.25,23985.35,2,63937,CE,23950.0,94.0,19.6,14829028,63938,PE,23950.0,27.05,2.95,35295089,6402.5,164.95,6237.55,1.46,3.2600000000000002,0.009300000000000001,0.22999999999999998,14.99,65.0,0.0,148100.0625,12.56
OPT_ATM_STRADDLE_0DTE,99,2026-08-04,2026-08-04,0,65,24703.9,24614.9,2,65883,CE,24700.0,44.65,3.75,13335761,65884,PE,24700.0,110.0,137.45,3040843,874.2500000000007,176.84,697.4100000000007,9.17,6.73,0.0192,0.3,15.620000000000001,65.0,5.684341886080801e-13,154570.065,12.19
OPT_ATM_STRADDLE_0DTE,100,2026-08-11,2026-08-11,0,65,24575.1,24471.7,2,41015,CE,24600.0,72.9,0.95,12362212,41016,PE,24600.0,74.65,134.4,3247615,793.0000000000002,176.1,616.9000000000002,8.8,6.4399999999999995,0.0184,0.29000000000000004,15.56,65.0,1.1368683772161603e-13,153355.085,11.86
OPT_ATM_STRADDLE_0DTE,101,2026-08-18,2026-08-18,0,65,24223.85,24154.9,2,45098,CE,24200.0,111.0,11.4,27670744,45099,PE,24200.0,19.0,25.3,37657676,6064.5,166.51999999999998,5897.98,2.38,3.79,0.0109,0.26,15.08,65.0,9.094947017729282e-13,150159.5225,11.39
OPT_ATM_STRADDLE_0DTE,102,2026-08-25,2026-08-25,0,65,24175.75,24334.55,2,61647,CE,24200.0,23.45,89.35,27733918,61670,PE,24200.0,54.7,2.4,21625843,-883.9999999999992,170.1,-1054.0999999999992,5.97,3.87,0.011,0.16,15.09,65.0,1.1368683772161603e-12,146507.8875,11.08
OPT_ATM_STRADDLE_0DTE,103,2026-09-01,2026-09-01,0,65,24077.55,24055.8,2,46989,CE,24100.0,45.4,4.45,32652760,46990,PE,24100.0,67.05,49.35,21646571,3812.2499999999995,167.59,3644.6599999999994,3.5,3.78,0.0108,0.22,15.08,65.0,4.547473508864641e-13,148162.91749999998,11.49
OPT_ATM_STRADDLE_0DTE,104,2026-09-08,2026-09-08,0,65,23743.1,23635.1,2,42629,CE,23750.0,44.0,4.75,15219091,42630,PE,23750.0,55.7,120.2,6527491,-1641.25,173.76,-1815.01,8.12,5.11,0.0146,0.2,15.32,65.0,2.2737367544323206e-13,145377.63499999998,11.23
OPT_ATM_STRADDLE_0DTE,105,2026-09-15,2026-09-15,0,65,23576.15,23118.6,2,47301,CE,23600.0,45.0,0.95,7762545,47302,PE,23600.0,102.05,439.5,1001299,-19071.0,204.14,-19275.14,28.63,13.370000000000001,0.038200000000000005,0.29000000000000004,16.81,65.0,0.0,147478.7275,13.43
OPT_STRANGLE_WEEKLY,1,2024-09-18,2024-09-19,1,25,25377.55,25415.8,2,68021,CE,25750.0,13.45,0.2,1617040,67897,PE,25000.0,20.25,0.15,2625119,833.75,119.78999999999999,713.96,0.01,0.3,0.0007999999999999999,0.03,14.45,25.0,0.0,67458.56875,13.37
OPT_STRANGLE_WEEKLY,2,2024-09-20,2024-09-26,6,25,25790.95,26216.05,2,56089,CE,26200.0,11.55,27.75,3040694,54561,PE,25400.0,51.25,0.2,2839182,871.2499999999999,121.08,750.1699999999998,0.7,0.79,0.0023,0.05,14.54,25.0,2.2737367544323206e-13,69271.24375000001,12.79
OPT_STRANGLE_WEEKLY,3,2024-09-27,2024-10-03,6,25,26178.95,25250.1,2,58581,CE,26550.0,24.4,0.1,676060,58549,PE,25800.0,23.9,546.85,888692,-12466.25,139.26,-12605.51,13.67,5.2,0.0149,0.04,15.34,25.0,0.0,69927.24375,11.96
OPT_STRANGLE_WEEKLY,4,2024-10-04,2024-10-10,6,25,25014.6,24998.45,2,48648,CE,25400.0,49.9,0.1,2954153,47143,PE,24650.0,70.6,0.1,404218,3007.5,120.74,2886.76,0.0,1.06,0.0031,0.09,14.59,25.0,0.0,68675.825,14.13
OPT_STRANGLE_WEEKLY,5,2024-10-11,2024-10-17,6,25,24964.25,24749.85,2,48430,CE,25350.0,22.85,0.15,509440,48187,PE,24600.0,39.35,0.15,649621,1547.5000000000002,120.1,1427.4000000000003,0.0,0.55,0.0015999999999999999,0.05,14.5,25.0,2.2737367544323206e-13,67086.15625,13.22
OPT_STRANGLE_WEEKLY,6,2024-10-18,2024-10-24,6,25,24854.05,24399.4,2,44114,CE,25250.0,19.6,0.1,802140,43727,PE,24500.0,34.35,98.6,2200546,-1118.75,123.47,-1242.22,2.46,1.3299999999999998,0.0038,0.04,14.64,25.0,0.0,66590.63124999999,13.04
OPT_STRANGLE_WEEKLY,7,2024-10-25,2024-10-31,6,25,24180.8,24205.35,2,54756,CE,24550.0,31.9,0.15,676630,48985,PE,23800.0,44.05,0.1,1375054,1892.4999999999998,120.24,1772.2599999999998,0.0,0.67,0.0019000000000000002,0.05,14.52,25.0,2.2737367544323206e-13,65373.35,14.63
OPT_STRANGLE_WEEKLY,8,2024-11-01,2024-11-07,6,25,24304.35,24199.35,2,50408,CE,24650.0,57.25,0.1,61803,50371,PE,23950.0,92.65,0.1,29659,3742.5000000000005,121.06,3621.4400000000005,0.0,1.31,0.0037,0.11000000000000001,14.64,25.0,4.547473508864641e-13,67546.41875,15.9
OPT_STRANGLE_WEEKLY,9,2024-11-08,2024-11-14,6,25,24148.2,23532.7,2,43972,CE,24500.0,31.25,0.1,2254772,43888,PE,23800.0,41.7,274.55,1134046,-5042.5,129.91,-5172.41,6.86,3.04,0.008700000000000001,0.05,14.95,25.0,0.0,65212.775,14.47
OPT_STRANGLE_WEEKLY,10,2024-11-18,2024-11-21,3,25,23453.8,23349.9,2,43332,CE,23800.0,15.7,0.15,3678136,42286,PE,23100.0,21.0,0.3,2214211,906.25,119.83000000000001,786.42,0.01,0.33,0.0009,0.03,14.46,25.0,1.1368683772161603e-13,62483.725,15.17
OPT_STRANGLE_WEEKLY,11,2024-11-22,2024-11-28,6,25,23907.25,23914.15,2,42965,CE,24250.0,55.1,0.35,1121664,42920,PE,23550.0,94.1,0.15,1450609,3717.4999999999995,121.07,3596.4299999999994,0.01,1.31,0.0037999999999999996,0.11000000000000001,14.64,25.0,9.094947017729282e-13,66486.53125,16.1
OPT_STRANGLE_WEEKLY,12,2024-11-29,2024-12-05,6,25,24131.1,24708.4,2,53023,CE,24500.0,39.85,129.2,3734578,52978,PE,23750.0,35.7,0.25,810720,-1347.4999999999998,124.82,-1472.3199999999997,3.2399999999999998,1.79,0.0050999999999999995,0.06,14.73,25.0,4.547473508864641e-13,65232.8875,14.43
OPT_STRANGLE_WEEKLY,13,2024-12-06,2024-12-12,6,25,24677.8,24548.7,2,46143,CE,25050.0,53.45,0.15,693247,46106,PE,24300.0,53.7,0.2,1343649,2670.0000000000005,120.59,2549.4100000000003,0.01,0.94,0.0026,0.08,14.56,25.0,4.547473508864641e-13,67457.975,14.14
OPT_STRANGLE_WEEKLY,14,2024-12-13,2024-12-19,6,25,24768.3,23951.7,2,47438,CE,25150.0,23.9,0.15,1200454,47408,PE,24400.0,36.3,448.5,4246662,-9711.25,135.93,-9847.18,11.21,4.45,0.0127,0.05,15.21,25.0,1.8189894035458565e-12,66521.7875,13.05
OPT_STRANGLE_WEEKLY,15,2024-12-20,2024-12-26,6,25,23587.5,23750.2,2,41693,CE,23950.0,67.6,0.1,1751965,41635,PE,23250.0,58.35,0.1,662055,3143.75,120.79,3022.96,0.0,1.1,0.0031999999999999997,0.09,14.6,25.0,0.0,65065.9375,15.07
OPT_STRANGLE_WEEKLY,16,2024-12-27,2025-01-02,6,75,23813.4,24188.65,2,52544,CE,24150.0,35.2,41.95,313484,52495,PE,23450.0,27.75,0.25,244455,1556.25,175.98000000000002,1380.27,3.17,2.76,0.007899999999999999,0.14,14.9,75.0,0.0,192251.77500000002,13.24
OPT_STRANGLE_WEEKLY,17,2025-01-03,2025-01-09,6,75,24004.75,23526.5,2,48141,CE,24350.0,39.8,0.1,453109,48101,PE,23650.0,40.6,130.15,354383,-3738.7500000000014,185.89,-3924.6400000000012,9.77,5.53,0.0158,0.18,15.399999999999999,75.0,9.094947017729282e-13,195067.40624999997,13.54
OPT_STRANGLE_WEEKLY,18,2025-01-10,2025-01-16,6,75,23431.5,23311.8,2,52662,CE,23800.0,39.9,0.05,1562866,52534,PE,23100.0,53.1,0.1,847708,6963.75,172.51,6791.24,0.01,2.45,0.007,0.21,14.84,75.0,0.0,191498.0625,14.92
OPT_STRANGLE_WEEKLY,19,2025-01-17,2025-01-23,6,75,23203.2,23205.35,2,54983,CE,23550.0,45.5,0.15,612187,54771,PE,22850.0,46.85,0.15,405480,6903.750000000001,172.5,6731.250000000001,0.02,2.4299999999999997,0.0069,0.21000000000000002,14.84,75.0,9.094947017729282e-13,189651.44999999998,15.75
OPT_STRANGLE_WEEKLY,20,2025-01-24,2025-01-30,6,25,23092.2,23249.5,2,45684,CE,23450.0,47.1,0.2,1549354,43258,PE,22750.0,50.7,0.15,1014691,2436.25,120.49,2315.76,0.01,0.85,0.0024999999999999996,0.08,14.55,25.0,0.0,63062.025,16.75
OPT_STRANGLE_WEEKLY,21,2025-01-31,2025-02-06,6,75,23508.4,23603.35,2,44980,CE,23850.0,117.15,0.1,168435,44931,PE,23150.0,107.1,0.05,166090,16807.5,176.89,16630.61,0.01,5.890000000000001,0.016800000000000002,0.5,15.469999999999999,75.0,0.0,201947.4,16.25
OPT_STRANGLE_WEEKLY,22,2025-02-07,2025-02-13,6,75,23559.95,23031.4,2,51247,CE,23900.0,39.55,0.05,1064230,51202,PE,23200.0,36.65,165.05,1218507,-6667.5,189.44,-6856.94,12.38,6.33,0.0181,0.16999999999999998,15.54,75.0,9.094947017729282e-13,191249.60625,13.69
OPT_STRANGLE_WEEKLY,23,2025-02-14,2025-02-20,6,75,22929.25,22913.15,2,63608,CE,23250.0,58.7,0.1,799001,63425,PE,22600.0,49.8,0.1,1518246,8122.5,173.03,7949.47,0.02,2.85,0.0081,0.24,14.920000000000002,75.0,0.0,188705.34375,15.02
OPT_STRANGLE_WEEKLY,24,2025-02-21,2025-02-27,6,75,22795.9,22545.05,2,55645,CE,23150.0,31.65,0.1,496093,55618,PE,22450.0,31.45,0.2,508945,4710.0,171.52,4538.48,0.02,1.66,0.0048,0.14,14.7,75.0,0.0,184250.2125,14.53
OPT_STRANGLE_WEEKLY,25,2025-02-28,2025-03-06,6,75,22124.7,22544.7,2,68438,CE,22450.0,46.3,94.5,722283,68408,PE,21800.0,34.4,0.1,1363726,-1042.5000000000005,182.13,-1224.6300000000006,7.1,4.61,0.0132,0.18,15.23,75.0,4.547473508864641e-13,180284.51249999998,13.91
OPT_STRANGLE_WEEKLY,26,2025-03-07,2025-03-13,6,75,22552.5,22397.2,2,45484,CE,22900.0,28.15,0.1,1478863,45452,PE,22200.0,30.8,0.1,1430849,4406.25,171.38,4234.87,0.02,1.55,0.004399999999999999,0.13,14.68,75.0,0.0,182022.1875,13.47
OPT_STRANGLE_WEEKLY,27,2025-03-17,2025-03-20,3,75,22508.75,23190.65,2,50217,CE,22850.0,14.75,344.7,1112676,50159,PE,22150.0,16.95,0.1,743945,-23482.499999999996,207.03,-23689.529999999995,25.860000000000003,9.889999999999999,0.0283,0.07,16.18,75.0,3.637978807091713e-12,179633.90625,13.42
OPT_STRANGLE_WEEKLY,28,2025-03-21,2025-03-27,6,75,23350.4,23591.95,2,51477,CE,23700.0,23.4,0.25,1951344,64565,PE,23000.0,27.1,0.15,2125243,3757.5,171.12,3586.38,0.03,1.3399999999999999,0.0038,0.11,14.64,75.0,0.0,187671.9,12.58
OPT_STRANGLE_WEEKLY,29,2025-03-28,2025-04-03,6,75,23519.35,23250.1,2,54761,CE,23850.0,25.65,0.1,811752,54664,PE,23150.0,23.45,0.25,508963,3656.25,171.07,3485.18,0.03,1.3,0.0037,0.11,14.629999999999999,75.0,4.547473508864641e-13,188897.38124999998,12.72
OPT_STRANGLE_WEEKLY,30,2025-04-04,2025-04-09,5,75,22904.45,22399.15,2,43898,CE,23250.0,18.65,0.1,1046353,43861,PE,22550.0,27.75,151.2,614272,-7867.499999999999,186.99,-8054.489999999999,11.35,5.19,0.0148,0.1,15.34,75.0,9.094947017729282e-13,183852.54375,13.76
OPT_STRANGLE_WEEKLY,31,2025-04-11,2025-04-17,6,75,22828.55,23851.65,2,48226,CE,23150.0,121.2,700.45,462249,48177,PE,22500.0,122.6,0.1,1091502,-34256.25,251.82,-34508.07,52.54,24.79,0.0708,0.55,18.87,75.0,7.275957614183426e-12,198059.83125,20.11
OPT_STRANGLE_WEEKLY,32,2025-04-21,2025-04-24,3,75,24125.55,24246.7,2,79640,CE,24500.0,26.1,0.2,1608214,79512,PE,23750.0,30.85,0.2,496173,4241.25,171.32999999999998,4069.92,0.02,1.5099999999999998,0.0043,0.13,14.67,75.0,0.0,194259.95625,15.52
OPT_STRANGLE_WEEKLY,33,2025-04-25,2025-04-30,5,75,24039.35,24334.2,2,52002,CE,24400.0,47.65,1.5,1936771,51961,PE,23700.0,72.3,0.15,1167056,8872.499999999998,173.56,8698.939999999999,0.12,3.19,0.0091,0.27,14.969999999999999,75.0,1.8189894035458565e-12,198306.13124999998,17.16
OPT_STRANGLE_WEEKLY,34,2025-05-02,2025-05-08,6,75,24346.7,24273.8,2,38625,CE,24700.0,40.4,0.15,1847548,38590,PE,24000.0,77.0,0.75,2139531,8737.5,173.39999999999998,8564.1,0.06999999999999999,3.1,0.008799999999999999,0.26,14.96,75.0,1.8189894035458565e-12,200535.26249999998,18.26
OPT_STRANGLE_WEEKLY,35,2025-05-09,2025-05-15,6,75,24008.0,25062.1,2,46264,CE,24350.0,77.05,717.0,550767,46223,PE,23650.0,138.7,0.15,216072,-37605.00000000001,252.63,-37857.630000000005,53.78,24.48,0.07,0.48,18.82,75.0,0.0,205244.24999999997,21.63
OPT_STRANGLE_WEEKLY,36,2025-05-16,2025-05-22,6,75,25019.8,24609.7,2,49291,CE,25400.0,53.6,0.1,710763,49213,PE,24650.0,61.35,46.0,303045,5163.75,178.12,4985.63,3.46,4.2299999999999995,0.0121,0.26,15.16,75.0,0.0,205652.175,16.55
OPT_STRANGLE_WEEKLY,37,2025-05-23,2025-05-29,6,75,24853.15,24833.6,2,61765,CE,25250.0,64.05,0.25,616187,61684,PE,24500.0,76.2,0.25,1360773,10481.25,174.13,10307.12,0.04,3.6999999999999997,0.010499999999999999,0.31000000000000005,15.07,75.0,1.8189894035458565e-12,206237.30625,17.28
OPT_STRANGLE_WEEKLY,38,2025-05-30,2025-06-05,6,75,24750.7,24750.9,2,40495,CE,25100.0,87.8,0.1,729488,40460,PE,24400.0,64.0,0.15,753103,11366.25,174.48000000000002,11191.77,0.02,3.99,0.0114,0.34,15.120000000000001,75.0,0.0,206296.7625,16.08
OPT_STRANGLE_WEEKLY,39,2025-06-06,2025-06-12,6,75,25003.05,24888.2,2,44884,CE,25400.0,39.75,0.2,1097977,44845,PE,24650.0,50.1,0.15,638290,6712.5,172.42000000000002,6540.08,0.02,2.37,0.0068000000000000005,0.2,14.83,75.0,0.0,203637.76875,14.63
OPT_STRANGLE_WEEKLY,40,2025-06-13,2025-06-19,6,75,24718.6,24793.25,2,51015,CE,25100.0,37.7,0.2,835950,50980,PE,24350.0,77.7,0.2,361458,8625.0,173.26,8451.74,0.02,3.0300000000000002,0.0086,0.25,14.95,75.0,0.0,203313.975,15.08
OPT_STRANGLE_WEEKLY,41,2025-06-20,2025-06-26,6,75,25112.4,25549.0,2,62421,CE,25500.0,26.85,50.35,1903516,62386,PE,24750.0,58.85,0.25,484188,2632.5,177.63,2454.87,3.8,3.58,0.0102,0.19,15.05,75.0,0.0,204187.65000000002,13.67
OPT_STRANGLE_WEEKLY,42,2025-06-27,2025-07-03,6,75,25637.8,25405.3,2,57484,CE,26000.0,28.7,0.15,1780816,56754,PE,25250.0,32.65,0.2,371227,4575.0,171.47,4403.53,0.02,1.62,0.0047,0.13,14.7,75.0,0.0,206498.92500000002,12.39
OPT_STRANGLE_WEEKLY,43,2025-07-04,2025-07-10,6,75,25461.0,25355.25,2,40074,CE,25850.0,25.1,0.15,462818,40023,PE,25100.0,30.35,0.15,996929,4136.25,171.26999999999998,3964.98,0.02,1.46,0.0042,0.13,14.66,75.0,4.547473508864641e-13,204664.12499999997,12.32
OPT_STRANGLE_WEEKLY,44,2025-07-11,2025-07-17,6,75,25149.85,25111.45,2,47303,CE,25550.0,24.15,0.15,566356,47264,PE,24750.0,20.05,0.1,324398,3296.25,170.91,3125.34,0.02,1.17,0.0033,0.1,14.620000000000001,75.0,0.0,201370.06875,11.82
OPT_STRANGLE_WEEKLY,45,2025-07-18,2025-07-24,6,75,24968.4,25062.1,2,49526,CE,25350.0,27.85,0.15,505834,49470,PE,24600.0,22.95,0.1,672367,3791.25,171.11,3620.14,0.02,1.3399999999999999,0.0037999999999999996,0.11,14.64,75.0,0.0,200436.15000000002,11.39
OPT_STRANGLE_WEEKLY,46,2025-07-25,2025-07-31,6,75,24837.0,24768.35,2,55807,CE,25200.0,27.25,0.15,1459572,55778,PE,24450.0,20.9,0.25,460700,3581.25,171.05,3410.2,0.03,1.28,0.0037,0.11,14.629999999999999,75.0,0.0,199202.62499999997,11.28
OPT_STRANGLE_WEEKLY,47,2025-08-01,2025-08-07,6,75,24565.35,24596.15,2,39864,CE,24950.0,32.15,0.1,884413,39781,PE,24200.0,40.9,0.15,1035551,5460.0,171.85,5288.15,0.02,1.9300000000000002,0.0055,0.16,14.739999999999998,75.0,0.0,198930.88124999998,11.98
OPT_STRANGLE_WEEKLY,48,2025-08-08,2025-08-14,6,75,24363.3,24631.3,2,44500,CE,24750.0,29.3,0.25,809378,44445,PE,24000.0,26.4,0.1,1684085,4151.25,171.31,3979.94,0.03,1.48,0.004200000000000001,0.13,14.67,75.0,0.0,196038.4875,12.03
OPT_STRANGLE_WEEKLY,49,2025-08-18,2025-08-21,3,75,24876.95,25083.75,2,47271,CE,25250.0,19.25,0.15,841860,47167,PE,24500.0,12.5,0.1,1064712,2362.5,170.48,2192.02,0.02,0.8400000000000001,0.0024000000000000002,0.07,14.55,75.0,0.0,198287.23124999998,12.34
OPT_STRANGLE_WEEKLY,50,2025-08-22,2025-08-28,6,75,24870.1,24500.9,2,72036,CE,25250.0,19.25,0.2,708312,71955,PE,24500.0,18.3,7.9,902741,2208.75,171.49,2037.26,0.6,1.2,0.0035,0.08,14.61,75.0,2.2737367544323206e-13,198668.28749999998,11.73
OPT_STRANGLE_WEEKLY,51,2025-08-29,2025-09-02,4,75,24426.85,24579.6,2,48945,CE,24800.0,10.5,0.15,2634461,48899,PE,24050.0,7.55,0.1,585614,1335.0,170.03,1164.97,0.02,0.48000000000000004,0.0014,0.04,14.49,75.0,0.0,193715.19374999998,11.75
OPT_STRANGLE_WEEKLY,52,2025-09-03,2025-09-09,6,75,24715.05,24868.6,2,40598,CE,25100.0,13.95,0.1,963522,40561,PE,24350.0,19.95,0.15,810774,2523.75,170.56,2353.19,0.02,0.9,0.0026,0.07,14.57,75.0,0.0,197173.51875,10.93
OPT_STRANGLE_WEEKLY,53,2025-09-10,2025-09-16,6,75,24973.1,25239.1,2,44764,CE,25350.0,16.65,0.15,629731,44589,PE,24600.0,16.15,0.1,513343,2441.25,170.53,2270.72,0.02,0.87,0.0024999999999999996,0.08,14.56,75.0,4.547473508864641e-13,199123.16249999998,10.54
OPT_STRANGLE_WEEKLY,54,2025-09-17,2025-09-23,6,75,25330.25,25169.5,2,47793,CE,25700.0,16.85,0.1,694072,47724,PE,24950.0,15.0,0.1,231830,2373.75,170.48,2203.27,0.02,0.8400000000000001,0.0024000000000000002,0.07,14.55,75.0,0.0,201864.46875,10.25
OPT_STRANGLE_WEEKLY,55,2025-09-24,2025-09-30,6,75,25056.9,24611.1,2,60497,CE,25450.0,15.45,0.15,616529,60460,PE,24700.0,13.55,84.5,635114,-4173.75,179.32999999999998,-4353.08,6.35,2.98,0.0086,0.06,14.93,75.0,0.0,199498.08750000002,10.52
OPT_STRANGLE_WEEKLY,56,2025-10-01,2025-10-07,6,75,24836.3,25108.3,2,38399,CE,25200.0,9.45,0.15,947632,38342,PE,24450.0,11.95,0.1,628460,1586.25,170.15,1416.1,0.02,0.5700000000000001,0.0015999999999999999,0.05,14.51,75.0,0.0,197190.8625,10.29
OPT_STRANGLE_WEEKLY,57,2025-10-08,2025-10-14,6,75,25046.15,25145.5,2,42703,CE,25400.0,15.1,0.1,1754002,42652,PE,24650.0,11.7,0.1,498374,1995.0,170.32,1824.68,0.02,0.71,0.002,0.06,14.53,75.0,2.2737367544323206e-13,199248.43125,10.31
OPT_STRANGLE_WEEKLY,58,2025-10-15,2025-10-20,5,75,25323.55,25843.15,2,45278,CE,25700.0,10.95,136.0,1444390,45247,PE,24950.0,16.15,0.05,488392,-8171.25,184.74,-8355.99,10.2,4.29,0.012199999999999999,0.06,15.18,75.0,0.0,201455.45625,10.53
OPT_STRANGLE_WEEKLY,59,2025-10-21,2025-10-28,7,75,25868.6,25936.2,2,59037,CE,26250.0,25.4,0.2,149967,58939,PE,25500.0,26.7,0.15,307067,3881.25,171.16,3710.09,0.02,1.37,0.0039,0.12,14.65,75.0,0.0,207622.72499999998,11.3
OPT_STRANGLE_WEEKLY,60,2025-10-29,2025-11-04,6,75,26053.9,25597.65,2,47728,CE,26450.0,36.7,0.15,617940,47663,PE,25650.0,23.4,49.2,387393,806.25,176.64,629.61,3.6999999999999997,2.88,0.0082,0.13,14.92,75.0,1.1368683772161603e-13,209681.96250000002,11.97
OPT_STRANGLE_WEEKLY,61,2025-11-06,2025-11-11,5,75,25509.7,25694.95,2,40131,CE,25900.0,14.1,0.1,1163577,40064,PE,25150.0,12.05,0.1,384127,1946.2500000000002,170.3,1775.9500000000003,0.02,0.69,0.002,0.06,14.53,75.0,2.2737367544323206e-13,202850.1375,12.41
OPT_STRANGLE_WEEKLY,62,2025-11-12,2025-11-18,6,75,25875.8,25910.05,2,44315,CE,26250.0,28.7,0.15,602154,44266,PE,25500.0,25.55,0.1,739282,4050.0,171.23000000000002,3878.77,0.02,1.4300000000000002,0.0041,0.12,14.66,75.0,0.0,207840.675,12.11
OPT_STRANGLE_WEEKLY,63,2025-11-19,2025-11-25,6,75,26052.65,25884.8,2,53198,CE,26450.0,24.1,0.15,471825,52860,PE,25650.0,29.7,0.15,497865,4012.5,171.22,3841.28,0.02,1.42,0.004,0.12000000000000001,14.66,75.0,0.0,209199.61875,11.97
OPT_STRANGLE_WEEKLY,64,2025-11-26,2025-12-02,6,75,26205.3,26032.2,2,46831,CE,26600.0,18.8,0.1,839978,46784,PE,25800.0,26.2,0.15,955718,3356.25,170.92000000000002,3185.33,0.02,1.19,0.0034000000000000002,0.1,14.61,75.0,0.0,209741.7375,11.97
OPT_STRANGLE_WEEKLY,65,2025-12-03,2025-12-09,6,75,25986.0,25839.65,2,41923,CE,26400.0,18.8,0.1,814305,41836,PE,25600.0,16.25,0.1,749370,2613.7499999999995,170.60000000000002,2443.1499999999996,0.02,0.9299999999999999,0.0026,0.08,14.57,75.0,4.547473508864641e-13,207268.49999999997,11.21
OPT_STRANGLE_WEEKLY,66,2025-12-10,2025-12-16,6,75,25758.0,25860.1,2,48230,CE,26150.0,25.5,0.1,1001509,48181,PE,25350.0,17.4,0.1,478601,3202.4999999999995,170.85000000000002,3031.6499999999996,0.02,1.1300000000000001,0.0031999999999999997,0.1,14.600000000000001,75.0,4.547473508864641e-13,206061.74999999997,10.91
OPT_STRANGLE_WEEKLY,67,2025-12-17,2025-12-23,6,75,25818.55,26177.15,2,57020,CE,26200.0,19.0,1.85,932992,56971,PE,25450.0,13.95,0.1,379725,2325.0,170.71,2154.29,0.15000000000000002,0.92,0.0027,0.07,14.57,75.0,0.0,205792.33125,9.84
OPT_STRANGLE_WEEKLY,68,2025-12-24,2025-12-30,6,75,26142.1,25938.85,2,65702,CE,26550.0,4.65,0.1,578078,65562,PE,25750.0,5.8,0.1,249834,768.75,169.76,598.99,0.02,0.27,0.0008,0.02,14.45,75.0,0.0,206652.78749999998,9.19
OPT_STRANGLE_WEEKLY,69,2025-12-31,2026-01-06,6,65,26129.6,26178.7,2,40495,CE,26500.0,10.8,0.1,1331868,40454,PE,25750.0,10.7,0.1,575219,1384.5,160.06,1224.44,0.02,0.5,0.0014,0.04,14.5,65.0,0.0,179732.02,9.48
OPT_STRANGLE_WEEKLY,70,2026-01-07,2026-01-13,6,65,26140.75,25732.3,2,46209,CE,26550.0,7.3,0.1,791612,46164,PE,25750.0,7.9,14.4,556816,45.500000000000014,161.18,-115.67999999999999,0.95,0.68,0.0019,0.03,14.52,65.0,1.4210854715202004e-14,179398.61875,9.95
OPT_STRANGLE_WEEKLY,71,2026-01-14,2026-01-20,6,65,25665.6,25232.5,2,47627,CE,26050.0,23.05,0.2,829476,47592,PE,25300.0,23.75,24.05,865660,1465.75,162.98,1302.77,1.57,1.62,0.0046,0.09,14.7,65.0,0.0,178209.72,11.32
OPT_STRANGLE_WEEKLY,72,2026-01-21,2026-01-27,6,65,25157.5,25175.4,2,58720,CE,25550.0,34.4,0.15,1293815,58612,PE,24800.0,48.85,0.3,2225811,5382.000000000001,161.85,5220.150000000001,0.03,1.9100000000000001,0.0054,0.17,14.74,65.0,9.094947017729282e-13,177111.1875,13.78
OPT_STRANGLE_WEEKLY,73,2026-01-28,2026-02-03,6,65,25342.75,25727.55,2,49833,CE,25700.0,80.7,28.95,849108,49782,PE,24950.0,73.95,0.25,440683,8154.25,166.55,7987.7,1.9,4.18,0.0119,0.30000000000000004,15.16,65.0,9.094947017729282e-13,183016.51875,13.53
OPT_STRANGLE_WEEKLY,74,2026-02-04,2026-02-10,6,65,25776.0,25935.15,2,42556,CE,26150.0,43.2,0.15,626789,42519,PE,25400.0,45.6,0.1,838451,5755.750000000001,161.99,5593.760000000001,0.02,2.0300000000000002,0.0058,0.16999999999999998,14.77,65.0,9.094947017729282e-13,181693.2,12.25
OPT_STRANGLE_WEEKLY,75,2026-02-11,2026-02-17,6,65,25953.85,25725.4,2,48250,CE,26350.0,18.1,0.1,352083,48219,PE,25550.0,23.8,0.2,284631,2704.0,160.64,2543.36,0.02,0.96,0.0028,0.09,14.57,65.0,4.547473508864641e-13,179858.52624999997,11.55
OPT_STRANGLE_WEEKLY,76,2026-02-18,2026-02-24,6,65,25819.35,25424.65,2,64880,CE,26200.0,21.4,0.1,702648,64851,PE,25450.0,34.55,30.35,587212,1657.4999999999995,163.82,1493.6799999999996,1.98,1.97,0.0056,0.11000000000000001,14.76,65.0,4.547473508864641e-13,179853.81374999997,12.22
OPT_STRANGLE_WEEKLY,77,2026-02-25,2026-03-02,5,65,25482.5,24865.7,2,54977,CE,25850.0,34.25,0.15,963657,54892,PE,25100.0,39.45,241.4,732625,-10910.25,183.73000000000002,-11093.98,15.7,7.17,0.0205,0.15000000000000002,15.69,65.0,0.0,178708.5625,13.49
OPT_STRANGLE_WEEKLY,78,2026-03-04,2026-03-10,6,65,24480.5,24261.6,2,45527,CE,24850.0,149.9,0.1,502689,45478,PE,24100.0,189.75,0.2,673694,22057.75,169.23000000000002,21888.52,0.02,7.73,0.022,0.6599999999999999,15.8,65.0,3.637978807091713e-12,189156.6625,21.14
OPT_STRANGLE_WEEKLY,79,2026-03-11,2026-03-17,6,65,23866.85,23581.15,2,57806,CE,24200.0,154.1,0.1,1446000,57748,PE,23500.0,157.25,0.4,1078334,20205.25,168.45,20036.8,0.04,7.1,0.020200000000000003,0.61,15.68,65.0,0.0,183129.00125,21.06
OPT_STRANGLE_WEEKLY,80,2026-03-18,2026-03-24,6,65,23777.8,22912.4,2,62642,CE,24150.0,65.15,0.1,617929,62593,PE,23400.0,102.4,491.85,625380,-21086.000000000004,209.46,-21295.460000000003,31.98,15.0,0.042800000000000005,0.33,17.11,65.0,3.637978807091713e-12,173174.235,18.72
OPT_STRANGLE_WEEKLY,81,2026-03-25,2026-03-30,5,65,23306.45,22331.4,2,54524,CE,23650.0,122.15,0.15,358440,54497,PE,22950.0,153.8,628.75,177904,-22941.75,225.17000000000002,-23166.92,40.879999999999995,20.580000000000002,0.058800000000000005,0.54,18.11,65.0,0.0,177003.27125000002,24.64
OPT_STRANGLE_WEEKLY,82,2026-04-01,2026-04-07,6,65,22679.4,23123.65,2,40772,CE,23000.0,181.55,115.45,1653848,40727,PE,22350.0,165.05,0.1,254746,15018.25,180.03,14838.22,7.51,10.52,0.03,0.6699999999999999,16.3,65.0,1.8189894035458565e-12,177315.905,25.01
OPT_STRANGLE_WEEKLY,83,2026-04-08,2026-04-13,5,65,23997.35,23842.65,2,54866,CE,24350.0,80.8,0.15,355770,54799,PE,23650.0,92.95,0.2,278768,11270.999999999998,164.45,11106.549999999997,0.02,3.96,0.0114,0.33999999999999997,15.11,65.0,1.8189894035458565e-12,175075.66374999998,19.7
OPT_STRANGLE_WEEKLY,84,2026-04-15,2026-04-21,6,65,24231.3,24576.6,2,63464,CE,24600.0,69.95,1.8,643567,63411,PE,23850.0,97.45,0.1,326213,10757.5,164.41,10593.09,0.13,3.85,0.011,0.33,15.09,65.0,0.0,176259.62249999997,18.67
OPT_STRANGLE_WEEKLY,85,2026-04-22,2026-04-28,6,65,24378.1,23995.7,2,72335,CE,24750.0,79.6,0.1,365749,72264,PE,24000.0,89.15,11.65,1312700,10205.0,165.36,10039.64,0.77,4.1,0.0118,0.33,15.14,65.0,0.0,177349.2825,18.3
OPT_STRANGLE_WEEKLY,86,2026-04-29,2026-05-05,6,65,24177.65,24032.8,2,74185,CE,24550.0,60.15,0.05,557194,74130,PE,23800.0,61.55,0.15,779872,7897.5,162.92000000000002,7734.58,0.01,2.77,0.0079,0.24,14.9,65.0,0.0,172922.96125,17.44
OPT_STRANGLE_WEEKLY,87,2026-05-06,2026-05-12,6,65,24330.95,23379.55,2,41814,CE,24700.0,80.95,0.15,829405,41749,PE,23950.0,48.35,567.95,773741,-28522.0,215.36,-28737.36,36.93,15.87,0.045399999999999996,0.25,17.26,65.0,3.637978807091713e-12,174463.23374999998,16.68
OPT_STRANGLE_WEEKLY,88,2026-05-13,2026-05-19,6,65,23412.6,23618.0,2,51370,CE,23750.0,100.4,0.15,521017,51313,PE,23050.0,84.1,0.1,432966,11976.25,164.77,11811.48,0.02,4.21,0.012,0.36,15.16,65.0,0.0,171783.495,19.43
OPT_STRANGLE_WEEKLY,89,2026-05-20,2026-05-26,6,65,23659.0,23913.7,2,72179,CE,24000.0,70.85,0.25,1642591,71982,PE,23300.0,80.0,0.1,1014550,9782.5,163.8,9618.7,0.03,3.4400000000000004,0.0098,0.30000000000000004,15.02,65.0,0.0,171277.925,18.44
OPT_STRANGLE_WEEKLY,90,2026-05-27,2026-06-02,6,65,23907.15,23483.55,2,57060,CE,24250.0,49.45,0.1,371208,57033,PE,23550.0,29.95,74.35,313752,321.7500000000006,168.54000000000002,153.2100000000006,4.84,3.5,0.01,0.16,15.030000000000001,65.0,5.684341886080801e-13,168327.29875000002,14.98
OPT_STRANGLE_WEEKLY,91,2026-06-03,2026-06-09,6,65,23405.6,23242.1,2,42316,CE,23750.0,94.15,0.1,591669,42271,PE,23050.0,53.0,0.15,722863,9548.5,163.67000000000002,9384.83,0.02,3.35,0.009600000000000001,0.28,15.01,65.0,0.0,169307.96999999997,16.28
OPT_STRANGLE_WEEKLY,92,2026-06-10,2026-06-16,6,65,23214.95,23989.15,2,50591,CE,23550.0,57.5,438.35,723636,50535,PE,22850.0,48.9,0.1,403101,-21583.25,202.77,-21786.02,28.5,12.389999999999999,0.0354,0.21000000000000002,16.64,65.0,0.0,165358.03375,15.63
OPT_STRANGLE_WEEKLY,93,2026-06-17,2026-06-23,6,65,24085.7,23824.1,2,56392,CE,24450.0,33.85,0.15,359446,56337,PE,23700.0,34.75,0.4,631410,4423.250000000001,161.43,4261.820000000001,0.04,1.57,0.0045000000000000005,0.14,14.68,65.0,9.094947017729282e-13,168843.9025,13.19
OPT_STRANGLE_WEEKLY,94,2026-06-24,2026-06-30,6,65,24021.65,23865.75,2,79746,CE,24400.0,27.2,0.2,945384,79706,PE,23650.0,30.8,0.2,523159,3744.0,161.1,3582.9,0.02,1.33,0.0038,0.11,14.64,65.0,0.0,167717.76125,13.39
OPT_STRANGLE_WEEKLY,95,2026-07-01,2026-07-07,6,65,24005.85,24398.7,2,44649,CE,24350.0,35.9,56.95,487583,44595,PE,23650.0,33.25,0.1,381654,786.4999999999997,166.64,619.8599999999997,3.71,2.87,0.0082,0.13,14.92,65.0,2.2737367544323206e-13,168334.67625,13.24
OPT_STRANGLE_WEEKLY,96,2026-07-08,2026-07-14,6,65,23882.05,24052.05,2,51381,CE,24250.0,55.55,0.15,2182965,51348,PE,23500.0,65.4,0.1,1503858,7845.500000000001,162.92,7682.580000000001,0.02,2.76,0.0079,0.24,14.899999999999999,65.0,9.094947017729282e-13,170856.74125,14.68
OPT_STRANGLE_WEEKLY,97,2026-07-15,2026-07-21,6,65,24078.5,24187.7,2,57358,CE,24450.0,30.1,0.15,575359,57328,PE,23700.0,42.6,0.15,781191,4706.0,161.51999999999998,4544.48,0.02,1.66,0.0048000000000000004,0.14,14.7,65.0,0.0,169061.26249999998,13.27
OPT_STRANGLE_WEEKLY,98,2026-07-22,2026-07-28,6,65,23996.25,23985.35,2,63953,CE,24350.0,37.15,0.1,412857,63924,PE,23650.0,45.0,0.1,393391,5326.749999999999,161.8,5164.949999999999,0.02,1.88,0.005299999999999999,0.16,14.739999999999998,65.0,9.094947017729282e-13,169114.15625,13.29
OPT_STRANGLE_WEEKLY,99,2026-07-29,2026-08-04,6,65,24250.2,24614.9,2,65871,CE,24600.0,17.9,16.6,844976,65690,PE,23900.0,34.45,0.05,562355,2320.5,162.42000000000002,2158.08,1.08,1.56,0.0044,0.1,14.68,65.0,0.0,168910.36500000002,12.01
OPT_STRANGLE_WEEKLY,100,2026-08-05,2026-08-11,6,65,24624.65,24471.7,2,41037,CE,25000.0,25.7,0.15,1460738,41002,PE,24250.0,30.7,0.2,707492,3643.25,161.06,3482.19,0.02,1.29,0.0037,0.11,14.64,65.0,0.0,171729.23625000002,12.06
OPT_STRANGLE_WEEKLY,101,2026-08-12,2026-08-18,6,65,24435.95,24154.9,2,45140,CE,24800.0,18.85,0.1,839722,45093,PE,24050.0,18.7,0.65,477843,2392.0,160.56,2231.44,0.05,0.87,0.0024999999999999996,0.08,14.56,65.0,0.0,169216.10875,11.69
OPT_STRANGLE_WEEKLY,102,2026-08-19,2026-08-25,6,65,24078.3,24334.55,2,61727,CE,24450.0,22.15,0.3,435554,61531,PE,23700.0,15.2,0.1,599792,2401.7499999999995,160.51,2241.24,0.03,0.86,0.0025,0.07,14.55,65.0,4.547473508864641e-13,166762.14749999996,11.32
OPT_STRANGLE_WEEKLY,103,2026-08-26,2026-09-01,6,65,24207.75,24055.8,2,47007,CE,24550.0,34.95,0.25,781125,46980,PE,23850.0,8.1,2.55,353422,2616.25,160.9,2455.35,0.19,1.04,0.003,0.09000000000000001,14.58,65.0,0.0,168016.14375,10.57
OPT_STRANGLE_WEEKLY,104,2026-09-02,2026-09-08,6,65,23914.45,23635.1,2,42649,CE,24250.0,23.6,0.25,532947,42621,PE,23550.0,25.75,4.9,433339,2873.0,161.31,2711.69,0.34,1.24,0.0036,0.1,14.629999999999999,65.0,4.547473508864641e-13,166423.87125,11.59
OPT_STRANGLE_WEEKLY,105,2026-09-09,2026-09-15,6,65,23431.5,23118.6,2,47309,CE,23800.0,28.15,0.35,1645701,47282,PE,23100.0,22.15,9.0,607604,2661.7499999999995,161.7,2500.0499999999997,0.6,1.3599999999999999,0.0039,0.09,14.65,65.0,4.547473508864641e-13,163189.4875,11.92
OPT_BEAR_CALL_SPREAD_WEEKLY,1,2024-09-18,2024-09-19,1,25,25377.55,25415.8,2,67963,CE,25500.0,58.85,0.3,5335714,68019,CE,25700.0,18.05,0.2,2459417,1017.5000000000001,120.27,897.2300000000001,0.02,0.68,0.002,0.05,14.52,25.0,1.1368683772161603e-13,4980.0,13.37
OPT_BEAR_CALL_SPREAD_WEEKLY,2,2024-09-20,2024-09-26,6,25,25790.95,26216.05,2,56051,CE,25900.0,70.95,329.55,3235425,56080,CE,26100.0,21.55,129.25,2647596,-3772.500000000001,136.64,-3909.140000000001,11.47,4.82,0.0138,0.07,15.27,25.0,4.547473508864641e-13,4765.0,12.79
OPT_BEAR_CALL_SPREAD_WEEKLY,3,2024-09-27,2024-10-03,6,25,26178.95,25250.1,2,58570,CE,26300.0,98.35,0.1,3157077,58579,CE,26500.0,33.4,0.15,2302543,1625.0,120.86,1504.14,0.0,1.15,0.0033,0.1,14.61,25.0,2.2737367544323206e-13,4376.25,11.96
OPT_BEAR_CALL_SPREAD_WEEKLY,4,2024-10-04,2024-10-10,6,25,25014.6,24998.45,2,48516,CE,25100.0,153.2,0.3,1249572,48539,CE,25300.0,75.0,0.15,3102427,1951.2499999999995,121.94,1829.3099999999995,0.01,2.0,0.0057,0.16999999999999998,14.760000000000002,25.0,4.547473508864641e-13,4045.0000000000005,14.13
OPT_BEAR_CALL_SPREAD_WEEKLY,5,2024-10-11,2024-10-17,6,25,24964.25,24749.85,2,48298,CE,25050.0,101.65,0.15,990350,48331,CE,25250.0,39.55,0.15,516202,1552.5,120.97,1431.53,0.0,1.24,0.0035,0.11,14.620000000000001,25.0,0.0,4447.5,13.22
OPT_BEAR_CALL_SPREAD_WEEKLY,6,2024-10-18,2024-10-24,6,25,24854.05,24399.4,2,43943,CE,24950.0,104.85,0.1,1115770,44106,CE,25150.0,36.45,0.1,769722,1710.0000000000002,120.97999999999999,1589.0200000000002,0.0,1.24,0.0034999999999999996,0.11,14.629999999999999,25.0,2.2737367544323206e-13,4290.0,13.04
OPT_BEAR_CALL_SPREAD_WEEKLY,7,2024-10-25,2024-10-31,6,25,24180.8,24205.35,2,49014,CE,24300.0,101.05,0.2,2149086,54754,CE,24500.0,40.5,0.15,2660193,1512.4999999999998,120.99000000000001,1391.5099999999998,0.01,1.25,0.0035,0.11,14.620000000000001,25.0,0.0,4486.25,14.63
OPT_BEAR_CALL_SPREAD_WEEKLY,8,2024-11-01,2024-11-07,6,25,24304.35,24199.35,2,50392,CE,24400.0,144.8,0.15,297889,50402,CE,24600.0,70.4,0.1,188853,1858.7499999999998,121.78999999999999,1736.9599999999998,0.0,1.8900000000000001,0.0054,0.16,14.739999999999998,25.0,2.2737367544323206e-13,4140.0,15.9
OPT_BEAR_CALL_SPREAD_WEEKLY,9,2024-11-08,2024-11-14,6,25,24148.2,23532.7,2,43930,CE,24250.0,102.1,0.1,1178167,43965,CE,24450.0,40.4,0.05,751865,1541.25,120.97,1420.28,0.0,1.24,0.0036,0.11,14.620000000000001,25.0,0.0,4457.5,14.47
OPT_BEAR_CALL_SPREAD_WEEKLY,10,2024-11-18,2024-11-21,3,25,23453.8,23349.9,2,43315,CE,23550.0,75.75,0.25,3062659,43323,CE,23750.0,22.1,0.15,1787052,1338.75,120.5,1218.25,0.01,0.8600000000000001,0.0025,0.08,14.55,25.0,0.0,4658.75,15.17
OPT_BEAR_CALL_SPREAD_WEEKLY,11,2024-11-22,2024-11-28,6,25,23907.25,23914.15,2,42948,CE,24000.0,141.45,0.85,4489548,42963,CE,24200.0,69.3,0.35,2549995,1791.2499999999998,121.78999999999999,1669.4599999999998,0.03,1.8599999999999999,0.0053,0.16,14.739999999999998,25.0,2.2737367544323206e-13,4196.25,16.1
OPT_BEAR_CALL_SPREAD_WEEKLY,12,2024-11-29,2024-12-05,6,25,24131.1,24708.4,2,53013,CE,24250.0,124.45,412.7,1338832,53021,CE,24450.0,51.5,170.5,985935,-4231.25,141.97,-4373.22,14.58,6.640000000000001,0.0189,0.13,15.600000000000001,25.0,0.0,4176.25,14.43
OPT_BEAR_CALL_SPREAD_WEEKLY,13,2024-12-06,2024-12-12,6,25,24677.8,24548.7,2,46131,CE,24800.0,134.7,0.15,2439388,46139,CE,25000.0,65.3,0.15,3308897,1734.9999999999998,121.61,1613.3899999999999,0.0,1.75,0.005,0.15000000000000002,14.71,25.0,0.0,4265.0,14.14
OPT_BEAR_CALL_SPREAD_WEEKLY,14,2024-12-13,2024-12-19,6,25,24768.3,23951.7,2,47426,CE,24850.0,105.3,0.2,1688984,47434,CE,25050.0,41.75,0.15,1407121,1587.4999999999998,121.05000000000001,1466.4499999999998,0.01,1.29,0.0036,0.11,14.64,25.0,0.0,4411.25,13.05
OPT_BEAR_CALL_SPREAD_WEEKLY,15,2024-12-20,2024-12-26,6,25,23587.5,23750.2,2,41683,CE,23700.0,148.3,49.75,1258829,41691,CE,23900.0,78.65,0.15,3057969,501.2500000000003,123.66,377.59000000000026,1.24,2.42,0.007,0.16999999999999998,14.83,25.0,3.410605131648481e-13,4258.75,15.07
OPT_BEAR_CALL_SPREAD_WEEKLY,16,2024-12-27,2025-01-02,6,75,23813.4,24188.65,2,52527,CE,23900.0,123.75,291.7,1144073,52542,CE,24100.0,46.55,91.55,635227,-9221.25,215.74,-9436.99,28.75,14.54,0.0416,0.38,17.03,75.0,0.0,10210.0,13.24
OPT_BEAR_CALL_SPREAD_WEEKLY,17,2025-01-03,2025-01-09,6,75,24004.75,23526.5,2,48131,CE,24100.0,112.0,0.1,1652389,48139,CE,24300.0,50.25,0.1,971188,4631.250000000001,174.82,4456.430000000001,0.02,4.26,0.012199999999999999,0.36,15.170000000000002,75.0,1.8189894035458565e-12,11368.75,13.54
OPT_BEAR_CALL_SPREAD_WEEKLY,18,2025-01-10,2025-01-16,6,75,23431.5,23311.8,2,52611,CE,23550.0,112.55,0.1,1279372,52643,CE,23750.0,50.25,0.1,786477,4672.5,174.83999999999997,4497.66,0.02,4.28,0.012199999999999999,0.36,15.170000000000002,75.0,9.094947017729282e-13,11327.5,14.92
OPT_BEAR_CALL_SPREAD_WEEKLY,19,2025-01-17,2025-01-23,6,75,23203.2,23205.35,2,54937,CE,23300.0,131.8,0.2,1672882,54981,CE,23500.0,57.85,0.15,1506337,5542.500000000002,175.73,5366.770000000002,0.02,4.98,0.0142,0.43,15.29,75.0,2.7284841053187847e-12,10453.749999999998,15.75
OPT_BEAR_CALL_SPREAD_WEEKLY,20,2025-01-24,2025-01-30,6,25,23092.2,23249.5,2,43492,CE,23200.0,126.3,30.5,5191016,45678,CE,23400.0,58.55,0.25,3332986,937.5,122.52000000000001,814.98,0.77,1.8800000000000001,0.0054,0.13,14.74,25.0,0.0,4306.25,16.75
OPT_BEAR_CALL_SPREAD_WEEKLY,21,2025-01-31,2025-02-06,6,75,23508.4,23603.35,2,44968,CE,23600.0,226.1,2.45,489547,44976,CE,23800.0,134.9,0.15,384549,6667.5,181.7,6485.8,0.19,9.55,0.027200000000000002,0.81,16.119999999999997,75.0,9.094947017729282e-13,9160.0,16.25
OPT_BEAR_CALL_SPREAD_WEEKLY,22,2025-02-07,2025-02-13,6,75,23559.95,23031.4,2,51237,CE,23650.0,113.1,0.1,1154584,51245,CE,23850.0,49.6,0.05,694493,4758.75,174.82,4583.93,0.01,4.2700000000000005,0.0122,0.36,15.17,75.0,0.0,11237.5,13.69
OPT_BEAR_CALL_SPREAD_WEEKLY,23,2025-02-14,2025-02-20,6,75,22929.25,22913.15,2,63532,CE,23050.0,127.15,0.15,998327,63608,CE,23250.0,58.7,0.1,799001,5130.0,175.61,4954.39,0.02,4.88,0.0139,0.42,15.280000000000001,75.0,9.094947017729282e-13,10866.25,15.02
OPT_BEAR_CALL_SPREAD_WEEKLY,24,2025-02-21,2025-02-27,6,75,22795.9,22545.05,2,55635,CE,22900.0,105.25,0.1,1643347,55643,CE,23100.0,40.55,0.1,971327,4852.500000000001,174.29000000000002,4678.210000000001,0.02,3.84,0.0109,0.32999999999999996,15.09,75.0,0.0,11147.5,14.53
OPT_BEAR_CALL_SPREAD_WEEKLY,25,2025-02-28,2025-03-06,6,75,22124.7,22544.7,2,68425,CE,22200.0,140.0,344.1,1157050,68434,CE,22400.0,59.65,144.7,1432735,-8928.750000000004,227.9,-9156.650000000003,36.66,18.07,0.0516,0.45,17.66,75.0,1.8189894035458565e-12,9973.75,13.91
OPT_BEAR_CALL_SPREAD_WEEKLY,26,2025-03-07,2025-03-13,6,75,22552.5,22397.2,2,45474,CE,22650.0,106.65,0.1,1548154,45482,CE,22850.0,37.9,0.1,1082335,5156.250000000001,174.25,4982.000000000001,0.02,3.8,0.0108,0.32999999999999996,15.09,75.0,9.094947017729282e-13,10843.75,13.47
OPT_BEAR_CALL_SPREAD_WEEKLY,27,2025-03-17,2025-03-20,3,75,22508.75,23190.65,2,50199,CE,22600.0,81.1,596.4,2656894,50215,CE,22800.0,22.1,395.55,1976235,-10638.749999999998,278.04,-10916.789999999999,74.4,28.740000000000002,0.0821,0.22999999999999998,19.59,75.0,1.8189894035458565e-12,11575.0,13.42
OPT_BEAR_CALL_SPREAD_WEEKLY,28,2025-03-21,2025-03-27,6,75,23350.4,23591.95,2,51124,CE,23450.0,92.0,145.75,1486835,51475,CE,23650.0,31.25,0.3,997437,-6352.5,189.0,-6541.5,10.95,7.07,0.0202,0.28,15.68,75.0,0.0,11443.75,12.58
OPT_BEAR_CALL_SPREAD_WEEKLY,29,2025-03-28,2025-04-03,6,75,23519.35,23250.1,2,54716,CE,23600.0,90.8,0.1,3178453,54759,CE,23800.0,32.7,0.05,1852976,4353.75,173.53,4180.22,0.01,3.25,0.0093,0.27,14.99,75.0,0.0,11642.5,12.72
OPT_BEAR_CALL_SPREAD_WEEKLY,30,2025-04-04,2025-04-09,5,75,22904.45,22399.15,2,43884,CE,23000.0,68.75,0.1,2884118,43896,CE,23200.0,23.8,0.1,2027906,3371.25,172.51,3198.74,0.02,2.44,0.006999999999999999,0.2,14.84,75.0,0.0,12628.75,13.76
OPT_BEAR_CALL_SPREAD_WEEKLY,31,2025-04-11,2025-04-17,6,75,22828.55,23851.65,2,48208,CE,22950.0,202.6,900.7,582928,48226,CE,23150.0,121.2,700.45,462249,-8913.750000000002,350.0,-9263.750000000002,120.08,50.53,0.14429999999999998,0.73,23.52,75.0,1.8189894035458565e-12,9895.0,20.11
OPT_BEAR_CALL_SPREAD_WEEKLY,32,2025-04-21,2025-04-24,3,75,24125.55,24246.7,2,79616,CE,24250.0,76.2,0.85,1039169,79638,CE,24450.0,32.05,0.2,573136,3262.500000000001,173.1,3089.400000000001,0.06999999999999999,2.87,0.008199999999999999,0.24000000000000002,14.91,75.0,9.094947017729282e-13,12688.75,15.52
OPT_BEAR_CALL_SPREAD_WEEKLY,33,2025-04-25,2025-04-30,5,75,24039.35,24334.2,2,51984,CE,24150.0,123.4,212.2,1033263,52000,CE,24350.0,58.45,13.45,1280524,-10034.999999999998,199.41,-10234.409999999998,16.93,10.700000000000001,0.030600000000000002,0.41000000000000003,16.33,75.0,1.8189894035458565e-12,11128.75,17.16
OPT_BEAR_CALL_SPREAD_WEEKLY,34,2025-05-02,2025-05-08,6,75,24346.7,24273.8,2,38608,CE,24450.0,111.4,0.3,1308847,38623,CE,24650.0,49.75,0.15,1125846,4612.500000000001,174.81,4437.6900000000005,0.03,4.24,0.0121,0.36,15.170000000000002,75.0,9.094947017729282e-13,11376.25,18.26
OPT_BEAR_CALL_SPREAD_WEEKLY,35,2025-05-09,2025-05-15,6,75,24008.0,25062.1,2,46254,CE,24100.0,172.25,965.85,1426796,46262,CE,24300.0,91.9,766.05,1112465,-8958.750000000004,361.9,-9320.650000000003,129.89,52.4,0.1497,0.6,23.86,75.0,1.8189894035458565e-12,9973.75,21.63
OPT_BEAR_CALL_SPREAD_WEEKLY,36,2025-05-16,2025-05-22,6,75,25019.8,24609.7,2,49258,CE,25100.0,145.85,0.2,1725318,49273,CE,25300.0,75.5,0.15,1010229,5272.500000000001,176.81,5095.6900000000005,0.02,5.82,0.0167,0.5,15.45,75.0,0.0,10723.75,16.55
OPT_BEAR_CALL_SPREAD_WEEKLY,37,2025-05-23,2025-05-29,6,75,24853.15,24833.6,2,61753,CE,24950.0,168.45,0.6,908240,61761,CE,25150.0,91.45,0.3,621407,5752.499999999999,178.16000000000003,5574.339999999999,0.06,6.8500000000000005,0.0196,0.59,15.64,75.0,0.0,10225.000000000002,17.28
OPT_BEAR_CALL_SPREAD_WEEKLY,38,2025-05-30,2025-06-05,6,75,24750.7,24750.9,2,40485,CE,24850.0,177.05,0.3,879904,40493,CE,25050.0,102.35,0.15,360902,5591.250000000001,178.76,5412.490000000001,0.03,7.35,0.020999999999999998,0.63,15.73,75.0,0.0,10397.499999999998,16.08
OPT_BEAR_CALL_SPREAD_WEEKLY,39,2025-06-06,2025-06-12,6,75,25003.05,24888.2,2,44870,CE,25100.0,132.95,0.25,1423631,44880,CE,25300.0,61.85,0.2,1285525,5328.749999999999,175.93,5152.819999999999,0.03,5.13,0.014700000000000001,0.44,15.32,75.0,9.094947017729282e-13,10667.5,14.63
OPT_BEAR_CALL_SPREAD_WEEKLY,40,2025-06-13,2025-06-19,6,75,24718.6,24793.25,2,51001,CE,24800.0,122.6,3.25,1327974,51011,CE,25000.0,56.8,0.2,1808470,4706.25,175.74,4530.51,0.25,4.8,0.0137,0.41000000000000003,15.27,75.0,9.094947017729282e-13,11065.0,15.08
OPT_BEAR_CALL_SPREAD_WEEKLY,41,2025-06-20,2025-06-26,6,75,25112.4,25549.0,2,62407,CE,25200.0,114.1,349.2,2040211,62417,CE,25400.0,45.45,149.75,1360429,-9810.0,227.62,-10037.62,37.42,17.28,0.049300000000000004,0.36,17.52,75.0,0.0,10851.250000000002,13.67
OPT_BEAR_CALL_SPREAD_WEEKLY,42,2025-06-27,2025-07-03,6,75,25637.8,25405.3,2,57009,CE,25750.0,94.85,0.15,972825,57269,CE,25950.0,36.85,0.15,500158,4349.999999999999,173.81,4176.189999999999,0.02,3.46,0.0099,0.29,15.030000000000001,75.0,1.8189894035458565e-12,11650.0,12.39
OPT_BEAR_CALL_SPREAD_WEEKLY,43,2025-07-04,2025-07-10,6,75,25461.0,25355.25,2,40051,CE,25550.0,99.45,0.25,967977,40070,CE,25750.0,40.8,0.15,634262,4391.25,174.10000000000002,4217.15,0.03,3.6900000000000004,0.0106,0.31,15.059999999999999,75.0,0.0,11601.25,12.32
OPT_BEAR_CALL_SPREAD_WEEKLY,44,2025-07-11,2025-07-17,6,75,25149.85,25111.45,2,47289,CE,25250.0,94.5,0.25,1240713,47299,CE,25450.0,38.15,0.15,746318,4218.75,173.87,4044.88,0.03,3.5,0.01,0.3,15.030000000000001,75.0,0.0,11773.75,11.82
OPT_BEAR_CALL_SPREAD_WEEKLY,45,2025-07-18,2025-07-24,6,75,24968.4,25062.1,2,49490,CE,25050.0,109.4,15.75,1062073,49521,CE,25250.0,44.6,0.2,711361,3693.7500000000005,176.22,3517.5300000000007,1.19,4.47,0.0128,0.35,15.2,75.0,9.094947017729282e-13,11140.0,11.39
OPT_BEAR_CALL_SPREAD_WEEKLY,46,2025-07-25,2025-07-31,6,75,24837.0,24768.35,2,55797,CE,24950.0,80.3,0.3,1503297,55805,CE,25150.0,33.7,0.15,758329,3483.7499999999995,173.25,3310.4999999999995,0.03,3.0100000000000002,0.0085,0.26,14.940000000000001,75.0,4.547473508864641e-13,12505.0,11.28
OPT_BEAR_CALL_SPREAD_WEEKLY,47,2025-08-01,2025-08-07,6,75,24565.35,24596.15,2,39852,CE,24650.0,116.95,0.45,1360959,39860,CE,24850.0,50.35,0.15,1265037,4972.5,175.03,4797.47,0.04,4.41,0.0126,0.37,15.2,75.0,9.094947017729282e-13,11005.0,11.98
OPT_BEAR_CALL_SPREAD_WEEKLY,48,2025-08-08,2025-08-14,6,75,24363.3,24631.3,2,44470,CE,24450.0,112.3,186.65,1704709,44496,CE,24650.0,46.9,2.2,1028814,-8928.75,194.74,-9123.49,14.17,9.14,0.026099999999999998,0.36,16.049999999999997,75.0,0.0,11095.0,12.03
OPT_BEAR_CALL_SPREAD_WEEKLY,49,2025-08-18,2025-08-21,3,75,24876.95,25083.75,2,47231,CE,25000.0,80.1,87.55,4201164,47256,CE,25200.0,26.05,0.15,2127386,-2501.2500000000005,182.23000000000002,-2683.4800000000005,6.58,5.09,0.0146,0.24,15.31,75.0,4.547473508864641e-13,11946.25,12.34
OPT_BEAR_CALL_SPREAD_WEEKLY,50,2025-08-22,2025-08-28,6,75,24870.1,24500.9,2,71972,CE,24950.0,91.2,0.2,1832324,71990,CE,25150.0,32.95,0.2,916425,4368.75,173.57,4195.18,0.02,3.27,0.0094,0.28,14.99,75.0,0.0,11631.25,11.73
OPT_BEAR_CALL_SPREAD_WEEKLY,51,2025-08-29,2025-09-02,4,75,24426.85,24579.6,2,48933,CE,24550.0,53.1,28.25,4639880,48941,CE,24750.0,14.4,0.15,1896157,795.0000000000001,174.67000000000002,620.3300000000002,2.13,2.52,0.007200000000000001,0.15,14.86,75.0,2.2737367544323206e-13,13097.5,11.75
OPT_BEAR_CALL_SPREAD_WEEKLY,52,2025-09-03,2025-09-09,6,75,24715.05,24868.6,2,40581,CE,24800.0,81.1,64.9,2643835,40591,CE,25000.0,26.1,0.15,1781195,-731.250000000001,179.86,-911.110000000001,4.88,4.52,0.0129,0.24,15.21,75.0,1.1368683772161603e-12,11875.0,10.93
OPT_BEAR_CALL_SPREAD_WEEKLY,53,2025-09-10,2025-09-16,6,75,24973.1,25239.1,2,44688,CE,25050.0,93.0,181.2,2101305,44742,CE,25250.0,30.25,0.8,937511,-8823.75,192.82,-9016.57,13.65,8.02,0.0229,0.28,15.85,75.0,0.0,11293.75,10.54
OPT_BEAR_CALL_SPREAD_WEEKLY,54,2025-09-17,2025-09-23,6,75,25330.25,25169.5,2,47773,CE,25450.0,75.0,0.1,1032915,47787,CE,25650.0,22.7,0.1,479192,3922.500000000001,172.69,3749.810000000001,0.02,2.57,0.0073,0.22000000000000003,14.87,75.0,1.3642420526593924e-12,12077.5,10.25
OPT_BEAR_CALL_SPREAD_WEEKLY,55,2025-09-24,2025-09-30,6,75,25056.9,24611.1,2,60485,CE,25150.0,86.0,0.15,2000608,60493,CE,25350.0,27.15,0.1,944392,4410.0,173.2,4236.8,0.02,2.9799999999999995,0.0085,0.25,14.940000000000001,75.0,0.0,11586.25,10.52
OPT_BEAR_CALL_SPREAD_WEEKLY,56,2025-10-01,2025-10-07,6,75,24836.3,25108.3,2,38385,CE,24950.0,57.8,162.5,1180957,38397,CE,25150.0,13.75,0.6,704239,-8838.75,189.07999999999998,-9027.83,12.229999999999999,6.16,0.0176,0.16,15.51,75.0,0.0,12696.25,10.29
OPT_BEAR_CALL_SPREAD_WEEKLY,57,2025-10-08,2025-10-14,6,75,25046.15,25145.5,2,42685,CE,25150.0,61.95,4.4,3214859,42695,CE,25350.0,19.7,0.1,1439922,2846.25,172.57999999999998,2673.67,0.34,2.26,0.006500000000000001,0.18000000000000002,14.8,75.0,0.0,12831.25,10.31
OPT_BEAR_CALL_SPREAD_WEEKLY,58,2025-10-15,2025-10-20,5,75,25323.55,25843.15,2,45264,CE,25400.0,93.65,435.75,3100180,45272,CE,25600.0,24.1,236.75,1788724,-9708.750000000002,244.66,-9953.410000000002,50.44,20.75,0.0593,0.26,18.15,75.0,0.0,10783.75,10.53
OPT_BEAR_CALL_SPREAD_WEEKLY,59,2025-10-21,2025-10-28,7,75,25868.6,25936.2,2,58998,CE,25950.0,117.45,1.45,349479,59026,CE,26150.0,44.95,0.25,167326,5347.5,174.98000000000002,5172.52,0.13,4.3100000000000005,0.0123,0.36,15.17,75.0,0.0,10562.5,11.3
OPT_BEAR_CALL_SPREAD_WEEKLY,60,2025-10-29,2025-11-04,6,75,26053.9,25597.65,2,47699,CE,26150.0,134.85,0.2,1304539,47722,CE,26350.0,58.55,0.15,818596,5718.75,175.87,5542.88,0.02,5.09,0.014499999999999999,0.43,15.32,75.0,9.094947017729282e-13,10277.5,11.97
OPT_BEAR_CALL_SPREAD_WEEKLY,61,2025-11-06,2025-11-11,5,75,25509.7,25694.95,2,40113,CE,25600.0,84.15,91.25,3025226,40127,CE,25800.0,26.15,0.15,1667900,-2482.4999999999995,182.75,-2665.2499999999995,6.85,5.289999999999999,0.0152,0.25,15.35,75.0,4.547473508864641e-13,11650.0,12.41
OPT_BEAR_CALL_SPREAD_WEEKLY,62,2025-11-12,2025-11-18,6,75,25875.8,25910.05,2,44300,CE,26000.0,101.7,0.3,2622516,44313,CE,26200.0,37.7,0.15,1185416,4788.75,174.07999999999998,4614.67,0.03,3.67,0.0104,0.31,15.059999999999999,75.0,0.0,11200.0,12.11
OPT_BEAR_CALL_SPREAD_WEEKLY,63,2025-11-19,2025-11-25,6,75,26052.65,25884.8,2,52979,CE,26150.0,105.5,0.25,1045153,53054,CE,26350.0,41.1,0.15,584850,4822.5,174.32,4648.18,0.03,3.86,0.011000000000000001,0.32999999999999996,15.09,75.0,0.0,11170.0,11.97
OPT_BEAR_CALL_SPREAD_WEEKLY,64,2025-11-26,2025-12-02,6,75,26205.3,26032.2,2,46809,CE,26300.0,96.05,0.15,1859024,46826,CE,26500.0,33.7,0.1,1625702,4672.499999999999,173.77,4498.729999999999,0.02,3.42,0.0097,0.3,15.02,75.0,9.094947017729282e-13,11323.75,11.97
OPT_BEAR_CALL_SPREAD_WEEKLY,65,2025-12-03,2025-12-09,6,75,25986.0,25839.65,2,41907,CE,26100.0,88.7,0.15,2086406,41917,CE,26300.0,32.3,0.1,1082760,4226.25,173.45,4052.8,0.02,3.18,0.0091,0.27,14.969999999999999,75.0,4.547473508864641e-13,11770.0,11.21
OPT_BEAR_CALL_SPREAD_WEEKLY,66,2025-12-10,2025-12-16,6,75,25758.0,25860.1,2,48218,CE,25850.0,103.05,18.1,2132369,48226,CE,26050.0,41.5,0.15,1269266,3269.999999999999,176.14,3093.859999999999,1.37,4.2700000000000005,0.0122,0.32,15.17,75.0,4.547473508864641e-13,11383.75,10.91
OPT_BEAR_CALL_SPREAD_WEEKLY,67,2025-12-17,2025-12-23,6,75,25818.55,26177.15,2,56998,CE,25900.0,96.6,279.9,2978224,57011,CE,26100.0,34.0,81.0,1164935,-10222.499999999998,212.04,-10434.539999999999,27.07,12.9,0.0368,0.3,16.73,75.0,1.8189894035458565e-12,11305.0,9.84
OPT_BEAR_CALL_SPREAD_WEEKLY,68,2025-12-24,2025-12-30,6,75,26142.1,25938.85,2,65640,CE,26250.0,51.6,0.1,1828127,65693,CE,26450.0,9.3,0.15,750101,3176.25,171.47,3004.78,0.02,1.61,0.0046,0.13999999999999999,14.7,75.0,4.547473508864641e-13,12827.5,9.19
OPT_BEAR_CALL_SPREAD_WEEKLY,69,2025-12-31,2026-01-06,6,65,26129.6,26178.7,2,40479,CE,26250.0,66.15,0.15,1413139,40493,CE,26450.0,15.55,0.1,835962,3285.75,161.78,3123.97,0.02,1.87,0.0053,0.16,14.73,65.0,4.547473508864641e-13,10710.999999999998,9.48
OPT_BEAR_CALL_SPREAD_WEEKLY,70,2026-01-07,2026-01-13,6,65,26140.75,25732.3,2,46196,CE,26250.0,57.4,0.1,1934989,46205,CE,26450.0,14.35,0.1,1116429,2798.25,161.5,2636.75,0.02,1.6400000000000001,0.0046,0.14,14.7,65.0,0.0,11201.75,9.95
OPT_BEAR_CALL_SPREAD_WEEKLY,71,2026-01-14,2026-01-20,6,65,25665.6,25232.5,2,47615,CE,25750.0,94.05,0.2,2951107,47623,CE,25950.0,37.3,0.2,1103338,3688.75,163.21,3525.54,0.02,2.99,0.0085,0.25,14.94,65.0,4.547473508864641e-13,10311.25,11.32
OPT_BEAR_CALL_SPREAD_WEEKLY,72,2026-01-21,2026-01-27,6,65,25157.5,25175.4,2,58693,CE,25250.0,121.8,0.55,2594544,58707,CE,25450.0,53.55,0.2,1547501,4413.5,164.51999999999998,4248.98,0.05,4.0,0.0115,0.33999999999999997,15.120000000000001,65.0,0.0,9563.75,13.78
OPT_BEAR_CALL_SPREAD_WEEKLY,73,2026-01-28,2026-02-03,6,65,25342.75,25727.55,2,49806,CE,25450.0,169.7,277.65,680348,49823,CE,25650.0,94.55,75.8,552285,-8235.5,199.53,-8435.03,22.98,14.059999999999999,0.0402,0.51,16.939999999999998,65.0,0.0,9115.25,13.53
OPT_BEAR_CALL_SPREAD_WEEKLY,74,2026-02-04,2026-02-10,6,65,25776.0,25935.15,2,42540,CE,25900.0,113.1,45.85,1674734,42552,CE,26100.0,52.2,0.15,990766,987.9999999999998,168.39,819.6099999999998,2.9899999999999998,4.8100000000000005,0.0137,0.32,15.26,65.0,1.1368683772161603e-13,10041.500000000002,12.25
OPT_BEAR_CALL_SPREAD_WEEKLY,75,2026-02-11,2026-02-17,6,65,25953.85,25725.4,2,48238,CE,26050.0,83.65,0.1,1515321,48246,CE,26250.0,29.1,0.1,616709,3545.750000000001,162.68,3383.070000000001,0.02,2.57,0.0073,0.22,14.86,65.0,1.3642420526593924e-12,10454.25,11.55
OPT_BEAR_CALL_SPREAD_WEEKLY,76,2026-02-18,2026-02-24,6,65,25819.35,25424.65,2,64868,CE,25900.0,97.3,0.15,1970017,64876,CE,26100.0,36.15,0.1,895157,3971.4999999999995,163.28,3808.2199999999993,0.02,3.04,0.0087,0.26,14.95,65.0,9.094947017729282e-13,10025.25,12.22
OPT_BEAR_CALL_SPREAD_WEEKLY,77,2026-02-25,2026-03-02,5,65,25482.5,24865.7,2,54967,CE,25600.0,103.7,0.15,4102521,54975,CE,25800.0,42.95,0.1,2066616,3945.4999999999995,163.66,3781.8399999999997,0.02,3.34,0.0096,0.28,15.01,65.0,4.547473508864641e-13,10051.25,13.49
OPT_BEAR_CALL_SPREAD_WEEKLY,78,2026-03-04,2026-03-10,6,65,24480.5,24261.6,2,45513,CE,24600.0,263.1,0.15,1140618,45522,CE,24800.0,167.85,0.1,1107602,6188.000000000003,171.87,6016.130000000003,0.02,9.81,0.028,0.8400000000000001,16.169999999999998,65.0,3.637978807091713e-12,7808.749999999998,21.14
OPT_BEAR_CALL_SPREAD_WEEKLY,79,2026-03-11,2026-03-17,6,65,23866.85,23581.15,2,57793,CE,23950.0,265.95,0.1,402816,57801,CE,24150.0,172.95,0.1,558386,6044.999999999998,172.1,5872.899999999998,0.02,9.99,0.028499999999999998,0.8600000000000001,16.2,65.0,3.637978807091713e-12,7955.0,21.06
OPT_BEAR_CALL_SPREAD_WEEKLY,80,2026-03-18,2026-03-24,6,65,23777.8,22912.4,2,62618,CE,23900.0,148.75,0.1,1401253,62630,CE,24100.0,77.15,0.1,1159828,4654.0,165.95,4488.05,0.02,5.15,0.014700000000000001,0.43999999999999995,15.329999999999998,65.0,0.0,9346.0,18.72
OPT_BEAR_CALL_SPREAD_WEEKLY,81,2026-03-25,2026-03-30,5,65,23306.45,22331.4,2,54514,CE,23400.0,224.7,0.1,1541567,54522,CE,23600.0,139.35,0.1,783816,5547.75,169.92000000000002,5377.83,0.02,8.280000000000001,0.0237,0.71,15.889999999999999,65.0,0.0,8452.25,24.64
OPT_BEAR_CALL_SPREAD_WEEKLY,82,2026-04-01,2026-04-07,6,65,22679.4,23123.65,2,40752,CE,22800.0,267.55,316.1,1402459,40772,CE,23000.0,181.55,115.45,1653848,-7452.250000000001,212.04,-7664.290000000001,28.05,20.04,0.0572,0.87,18.02,65.0,9.094947017729282e-13,8410.0,25.01
OPT_BEAR_CALL_SPREAD_WEEKLY,83,2026-04-08,2026-04-13,5,65,23997.35,23842.65,2,54818,CE,24100.0,166.65,0.15,1025536,54864,CE,24300.0,93.95,0.1,897026,4722.249999999999,166.94,4555.3099999999995,0.02,5.93,0.016900000000000002,0.5,15.469999999999999,65.0,0.0,9274.5,19.7
OPT_BEAR_CALL_SPREAD_WEEKLY,84,2026-04-15,2026-04-21,6,65,24231.3,24576.6,2,63434,CE,24350.0,160.15,227.4,478074,63458,CE,24550.0,84.65,27.15,456745,-8108.75,189.87,-8298.62,16.54,11.36,0.0325,0.48,16.45,65.0,1.8189894035458565e-12,9092.5,18.67
OPT_BEAR_CALL_SPREAD_WEEKLY,85,2026-04-22,2026-04-28,6,65,24378.1,23995.7,2,72325,CE,24500.0,164.8,0.1,1877282,72333,CE,24700.0,92.9,0.1,651105,4673.5,166.87,4506.63,0.02,5.87,0.0167,0.5,15.46,65.0,9.094947017729282e-13,9326.5,18.3
OPT_BEAR_CALL_SPREAD_WEEKLY,86,2026-04-29,2026-05-05,6,65,24177.65,24032.8,2,74171,CE,24300.0,140.0,0.1,2148793,74181,CE,24500.0,71.9,0.1,1771310,4426.5,165.55,4260.95,0.02,4.83,0.0138,0.41000000000000003,15.280000000000001,65.0,0.0,9573.5,17.44
OPT_BEAR_CALL_SPREAD_WEEKLY,87,2026-05-06,2026-05-12,6,65,24330.95,23379.55,2,41790,CE,24450.0,178.05,0.15,633969,41804,CE,24650.0,96.0,0.15,472642,5333.250000000001,167.35,5165.900000000001,0.02,6.24,0.0178,0.54,15.53,65.0,9.094947017729282e-13,8666.75,16.68
OPT_BEAR_CALL_SPREAD_WEEKLY,88,2026-05-13,2026-05-19,6,65,23412.6,23618.0,2,51354,CE,23500.0,199.85,127.25,2504520,51366,CE,23700.0,116.4,0.4,1084661,-2821.0000000000005,180.26999999999998,-3001.2700000000004,8.299999999999999,10.100000000000001,0.0289,0.62,16.22,65.0,9.094947017729282e-13,8575.75,19.43
OPT_BEAR_CALL_SPREAD_WEEKLY,89,2026-05-20,2026-05-26,6,65,23659.0,23913.7,2,72169,CE,23750.0,160.0,160.95,697268,72177,CE,23950.0,84.6,0.55,476159,-5524.999999999999,181.31,-5706.3099999999995,10.5,9.24,0.0264,0.47,16.07,65.0,0.0,9099.0,18.44
OPT_BEAR_CALL_SPREAD_WEEKLY,90,2026-05-27,2026-06-02,6,65,23907.15,23483.55,2,57050,CE,24000.0,131.9,0.1,2199460,57058,CE,24200.0,60.95,0.1,930017,4611.750000000001,164.99,4446.760000000001,0.02,4.39,0.0126,0.38,15.190000000000001,65.0,9.094947017729282e-13,9388.25,14.98
OPT_BEAR_CALL_SPREAD_WEEKLY,91,2026-06-03,2026-06-09,6,65,23405.6,23242.1,2,42300,CE,23500.0,193.1,0.1,2321727,42308,CE,23700.0,108.6,0.1,1173521,5492.5,168.14,5324.36,0.02,6.870000000000001,0.019700000000000002,0.59,15.64,65.0,9.094947017729282e-13,8507.5,16.28
OPT_BEAR_CALL_SPREAD_WEEKLY,92,2026-06-10,2026-06-16,6,65,23214.95,23989.15,2,50570,CE,23300.0,139.75,687.25,2178515,50585,CE,23500.0,69.55,487.95,1803120,-8391.500000000002,273.47,-8664.970000000001,76.39,31.49,0.09,0.41000000000000003,20.09,65.0,0.0,9437.0,15.63
OPT_BEAR_CALL_SPREAD_WEEKLY,93,2026-06-17,2026-06-23,6,65,24085.7,23824.1,2,56382,CE,24200.0,96.35,0.2,1344369,56390,CE,24400.0,41.95,0.1,583033,3529.4999999999995,163.43,3366.0699999999997,0.02,3.16,0.009000000000000001,0.27,14.969999999999999,65.0,0.0,10464.000000000002,13.19
OPT_BEAR_CALL_SPREAD_WEEKLY,94,2026-06-24,2026-06-30,6,65,24021.65,23865.75,2,79732,CE,24100.0,114.45,0.35,2195250,79740,CE,24300.0,45.65,0.2,1215659,4462.25,164.06,4298.19,0.03,3.65,0.010499999999999999,0.31,15.059999999999999,65.0,9.094947017729282e-13,9528.0,13.39
OPT_BEAR_CALL_SPREAD_WEEKLY,95,2026-07-01,2026-07-07,6,65,24005.85,24398.7,2,44633,CE,24100.0,113.6,307.0,1861117,44645,CE,24300.0,46.15,110.05,1066875,-8417.5,202.35,-8619.85,27.11,13.120000000000001,0.037500000000000006,0.31,16.77,65.0,1.8189894035458565e-12,9615.75,13.24
OPT_BEAR_CALL_SPREAD_WEEKLY,96,2026-07-08,2026-07-14,6,65,23882.05,24052.05,2,51370,CE,24000.0,131.1,58.1,1024568,51379,CE,24200.0,66.3,0.25,2724034,451.75000000000017,170.45999999999998,281.2900000000002,3.8,5.81,0.0166,0.39,15.45,65.0,2.2737367544323206e-13,9788.0,14.68
OPT_BEAR_CALL_SPREAD_WEEKLY,97,2026-07-15,2026-07-21,6,65,24078.5,24187.7,2,57348,CE,24200.0,91.3,3.15,3014703,57356,CE,24400.0,38.2,0.15,1091992,3256.499999999999,163.44,3093.059999999999,0.21000000000000002,3.02,0.0086,0.25,14.95,65.0,9.094947017729282e-13,10548.5,13.27
OPT_BEAR_CALL_SPREAD_WEEKLY,98,2026-07-22,2026-07-28,6,65,23996.25,23985.35,2,63943,CE,24100.0,103.65,0.2,1746738,63951,CE,24300.0,46.4,0.1,911385,3714.7500000000005,163.76,3550.9900000000007,0.02,3.42,0.0098,0.29000000000000004,15.02,65.0,9.094947017729282e-13,10278.75,13.29
OPT_BEAR_CALL_SPREAD_WEEKLY,99,2026-07-29,2026-08-04,6,65,24250.2,24614.9,2,65852,CE,24350.0,78.65,172.25,775161,65867,CE,24550.0,24.9,36.3,452143,-5342.999999999999,181.56,-5524.5599999999995,13.559999999999999,7.1,0.0203,0.2,15.68,65.0,9.094947017729282e-13,10506.25,12.01
OPT_BEAR_CALL_SPREAD_WEEKLY,100,2026-08-05,2026-08-11,6,65,24624.65,24471.7,2,41020,CE,24700.0,98.35,0.3,2423582,41031,CE,24900.0,40.8,0.15,1002079,3731.0,163.45,3567.55,0.03,3.1700000000000004,0.0091,0.27,14.969999999999999,65.0,4.547473508864641e-13,10259.25,12.06
OPT_BEAR_CALL_SPREAD_WEEKLY,101,2026-08-12,2026-08-18,6,65,24435.95,24154.9,2,45112,CE,24550.0,76.25,0.15,794109,45132,CE,24750.0,25.6,0.1,485627,3288.9999999999995,162.35,3126.6499999999996,0.02,2.32,0.0067,0.2,14.809999999999999,65.0,4.547473508864641e-13,10707.75,11.69
OPT_BEAR_CALL_SPREAD_WEEKLY,102,2026-08-19,2026-08-25,6,65,24078.3,24334.55,2,61647,CE,24200.0,80.4,89.35,1743779,61720,CE,24400.0,29.0,0.55,756388,-2430.9999999999995,170.82999999999998,-2601.8299999999995,5.85,4.53,0.0129,0.22,15.22,65.0,4.547473508864641e-13,10659.0,11.32
OPT_BEAR_CALL_SPREAD_WEEKLY,103,2026-08-26,2026-09-01,6,65,24207.75,24055.8,2,46997,CE,24300.0,133.65,0.85,2248121,47005,CE,24500.0,47.05,0.3,1922348,5593.250000000001,164.72,5428.530000000001,0.08,4.140000000000001,0.0118,0.35,15.14,65.0,0.0,8371.0,10.57
OPT_BEAR_CALL_SPREAD_WEEKLY,104,2026-09-02,2026-09-08,6,65,23914.45,23635.1,2,42639,CE,24000.0,89.4,0.6,2832927,42647,CE,24200.0,31.5,0.25,1308169,3740.750000000001,162.97,3577.780000000001,0.06,2.7699999999999996,0.008,0.23,14.9,65.0,1.3642420526593924e-12,10236.5,11.59
OPT_BEAR_CALL_SPREAD_WEEKLY,105,2026-09-09,2026-09-15,6,65,23431.5,23118.6,2,47299,CE,23550.0,102.7,1.35,1987657,47307,CE,23750.0,37.1,0.45,959633,4205.500000000001,163.6,4041.900000000001,0.12,3.22,0.0092,0.27,14.98,65.0,1.3642420526593924e-12,9736.0,11.92
OPT_DEBIT_PUT_SPREAD_BREAKDOWN,1,2024-09-18,2024-09-19,1,25,25377.55,25415.8,2,67957,PE,25400.0,116.5,1.85,5190675,67933,PE,25200.0,47.05,0.2,2602157,-1695.0000000000002,121.3,-1816.3000000000002,0.060000000000000005,1.45,0.0042,0.13,14.66,25.0,0.0,1736.25,13.37
OPT_DEBIT_PUT_SPREAD_BREAKDOWN,2,2024-09-20,2024-09-26,6,25,25790.95,26216.05,2,56047,PE,25800.0,154.35,0.35,1708390,54713,PE,25600.0,86.2,0.25,3861081,-1701.25,122.09,-1823.34,0.02,2.1100000000000003,0.0060999999999999995,0.18,14.780000000000001,25.0,2.2737367544323206e-13,1703.7499999999998,12.79
OPT_DEBIT_PUT_SPREAD_BREAKDOWN,3,2024-09-27,2024-10-03,6,25,26178.95,25250.1,2,58567,PE,26200.0,112.2,947.65,4150720,58559,PE,26000.0,50.85,746.3,2190265,3500.0,181.1,3318.9,42.35,16.25,0.0464,0.12,17.33,25.0,1.3642420526593924e-12,1533.75,11.96
OPT_DEBIT_PUT_SPREAD_BREAKDOWN,4,2024-10-04,2024-10-10,6,25,25014.6,24998.45,2,47171,PE,25000.0,171.55,2.7,5082903,47151,PE,24800.0,103.4,0.15,1702110,-1640.0000000000005,122.53999999999999,-1762.5400000000004,0.07,2.43,0.007,0.21000000000000002,14.83,25.0,9.094947017729282e-13,1703.7500000000002,14.13
OPT_DEBIT_PUT_SPREAD_BREAKDOWN,5,2024-10-11,2024-10-17,6,25,24964.25,24749.85,2,48271,PE,24950.0,137.65,198.3,1834308,48248,PE,24750.0,68.2,1.3,485549,3188.7500000000005,128.74,3060.01,4.99,3.55,0.0101,0.15000000000000002,15.04,25.0,0.0,1736.25,13.22
OPT_DEBIT_PUT_SPREAD_BREAKDOWN,6,2024-10-18,2024-10-24,6,25,24854.05,24399.4,2,43928,PE,24850.0,118.0,449.4,991824,43836,PE,24650.0,58.15,248.45,1338562,3527.5,146.01,3381.49,17.44,7.640000000000001,0.021900000000000003,0.13,15.78,25.0,9.094947017729282e-13,1496.25,13.04
OPT_DEBIT_PUT_SPREAD_BREAKDOWN,7,2024-10-25,2024-10-31,6,25,24180.8,24205.35,2,49011,PE,24200.0,156.05,1.6,2865176,48997,PE,24000.0,86.55,0.15,3184137,-1701.2500000000007,122.15,-1823.4000000000008,0.04,2.1399999999999997,0.0060999999999999995,0.18,14.79,25.0,1.1368683772161603e-12,1737.5000000000005,14.63
OPT_DEBIT_PUT_SPREAD_BREAKDOWN,8,2024-11-01,2024-11-07,6,25,24304.35,24199.35,2,50389,PE,24300.0,215.5,100.0,407450,50380,PE,24100.0,135.35,0.15,86810,492.4999999999997,126.83,365.66999999999973,2.5,3.9499999999999997,0.011300000000000001,0.26,15.11,25.0,3.410605131648481e-13,2003.7500000000002,15.9
OPT_DEBIT_PUT_SPREAD_BREAKDOWN,9,2024-11-08,2024-11-14,6,25,24148.2,23532.7,2,43925,PE,24150.0,145.25,630.9,1958342,43895,PE,23950.0,72.9,424.8,663705,3343.75,159.14,3184.61,26.39,11.14,0.0318,0.16,16.42,25.0,1.3642420526593924e-12,1808.7499999999998,14.47
OPT_DEBIT_PUT_SPREAD_BREAKDOWN,10,2024-11-18,2024-11-21,3,25,23453.8,23349.9,2,43308,PE,23450.0,114.8,103.6,4332094,43284,PE,23250.0,45.65,0.3,1849543,853.75,124.85,728.9,2.5999999999999996,2.31,0.0066,0.12,14.809999999999999,25.0,0.0,1728.7500000000002,15.17
OPT_DEBIT_PUT_SPREAD_BREAKDOWN,11,2024-11-22,2024-11-28,6,25,23907.25,23914.15,2,42940,PE,23900.0,205.95,7.3,943596,42930,PE,23700.0,130.6,0.35,1848835,-1709.9999999999995,123.42,-1833.4199999999996,0.19,3.02,0.0086,0.25,14.95,25.0,4.547473508864641e-13,1883.7499999999998,16.1
OPT_DEBIT_PUT_SPREAD_BREAKDOWN,12,2024-11-29,2024-12-05,6,25,24131.1,24708.4,2,53009,PE,24150.0,137.35,1.35,1963940,52989,PE,23950.0,72.0,0.5,1585745,-1612.5,121.75999999999999,-1734.26,0.04,1.8399999999999999,0.0053,0.15000000000000002,14.73,25.0,2.2737367544323206e-13,1633.7499999999998,14.43
OPT_DEBIT_PUT_SPREAD_BREAKDOWN,13,2024-12-06,2024-12-12,6,25,24677.8,24548.7,2,46126,PE,24700.0,181.8,150.75,4212844,46118,PE,24500.0,102.15,0.35,2379734,1768.75,127.91,1640.84,3.78,3.81,0.0109,0.22000000000000003,15.09,25.0,2.2737367544323206e-13,1991.2500000000002,14.14
OPT_DEBIT_PUT_SPREAD_BREAKDOWN,14,2024-12-13,2024-12-19,6,25,24768.3,23951.7,2,47422,PE,24750.0,135.35,799.7,878318,47414,PE,24550.0,64.2,599.0,1405294,3238.750000000002,171.06,3067.690000000002,34.96,13.98,0.04,0.15000000000000002,16.93,25.0,3.183231456205249e-12,1778.7499999999998,13.05
OPT_DEBIT_PUT_SPREAD_BREAKDOWN,15,2024-12-20,2024-12-26,6,25,23587.5,23750.2,2,41673,PE,23600.0,170.85,0.15,2344052,41651,PE,23400.0,94.95,0.1,1775448,-1896.2499999999995,122.35,-2018.5999999999995,0.0,2.33,0.006699999999999999,0.2,14.82,25.0,9.094947017729282e-13,1897.4999999999998,15.07
OPT_DEBIT_PUT_SPREAD_BREAKDOWN,16,2024-12-27,2025-01-02,6,75,23813.4,24188.65,2,52524,PE,23800.0,110.3,0.35,1457454,52506,PE,23600.0,51.5,0.3,570466,-4406.25,174.86,-4581.11,0.05,4.26,0.012199999999999999,0.37,15.17,75.0,0.0,4410.0,13.24
OPT_DEBIT_PUT_SPREAD_BREAKDOWN,17,2025-01-03,2025-01-09,6,75,24004.75,23526.5,2,48119,PE,24000.0,156.55,480.5,1999538,48107,PE,23800.0,76.15,280.45,1009945,8973.75,257.86,8715.89,57.07,26.08,0.07450000000000001,0.52,19.11,75.0,0.0,6030.0,13.54
OPT_DEBIT_PUT_SPREAD_BREAKDOWN,18,2025-01-10,2025-01-16,6,75,23431.5,23311.8,2,52584,PE,23450.0,161.3,145.35,1381503,52560,PE,23250.0,87.15,0.15,788348,5328.749999999999,193.10000000000002,5135.649999999999,10.91,10.34,0.0295,0.56,16.26,75.0,9.094947017729282e-13,5561.25,14.92
OPT_DEBIT_PUT_SPREAD_BREAKDOWN,19,2025-01-17,2025-01-23,6,75,23203.2,23205.35,2,54856,PE,23200.0,146.9,0.65,2430583,54777,PE,23000.0,78.4,0.15,1617396,-5100.0,176.99,-5276.99,0.060000000000000005,5.93,0.017,0.51,15.47,75.0,0.0,5137.5,15.75
OPT_DEBIT_PUT_SPREAD_BREAKDOWN,20,2025-01-24,2025-01-30,6,25,23092.2,23249.5,2,43286,PE,23100.0,160.7,0.75,4096939,43264,PE,22900.0,85.95,0.2,2535332,-1854.9999999999998,122.16,-1977.1599999999999,0.03,2.16,0.006200000000000001,0.18,14.79,25.0,0.0,1868.7499999999995,16.75
OPT_DEBIT_PUT_SPREAD_BREAKDOWN,21,2025-01-31,2025-02-06,6,75,23508.4,23603.35,2,44965,PE,23500.0,215.6,0.1,778687,44949,PE,23300.0,145.65,0.1,873247,-5246.249999999999,181.47,-5427.719999999999,0.02,9.49,0.0271,0.8200000000000001,16.11,75.0,0.0,5246.249999999999,16.25
OPT_DEBIT_PUT_SPREAD_BREAKDOWN,22,2025-02-07,2025-02-13,6,75,23559.95,23031.4,2,51220,PE,23550.0,143.0,518.1,1272990,51210,PE,23350.0,69.05,317.65,681009,9487.500000000004,265.1,9222.400000000003,62.68,27.5,0.0786,0.48,19.36,75.0,1.8189894035458565e-12,5546.25,13.69
OPT_DEBIT_PUT_SPREAD_BREAKDOWN,23,2025-02-14,2025-02-20,6,75,22929.25,22913.15,2,63525,PE,22950.0,159.5,37.85,949364,63439,PE,22750.0,85.1,0.15,1050200,-2752.5000000000014,181.57999999999998,-2934.0800000000013,2.8499999999999996,7.42,0.0212,0.55,15.74,75.0,4.547473508864641e-13,5580.0,15.02
OPT_DEBIT_PUT_SPREAD_BREAKDOWN,24,2025-02-21,2025-02-27,6,75,22795.9,22545.05,2,55632,PE,22800.0,132.35,251.2,2506975,55624,PE,22600.0,61.05,50.25,1163375,9723.749999999998,207.82999999999998,9515.919999999998,22.61,12.99,0.0371,0.44,16.75,75.0,1.8189894035458565e-12,5347.5,14.53
OPT_DEBIT_PUT_SPREAD_BREAKDOWN,25,2025-02-28,2025-03-06,6,75,22124.7,22544.7,2,68422,PE,22100.0,110.45,0.1,1734518,68414,PE,21900.0,52.2,0.1,1073848,-4368.750000000001,174.84,-4543.590000000001,0.02,4.27,0.012199999999999999,0.37,15.17,75.0,1.8189894035458565e-12,4368.75,13.91
OPT_DEBIT_PUT_SPREAD_BREAKDOWN,26,2025-03-07,2025-03-13,6,75,22552.5,22397.2,2,45471,PE,22550.0,120.2,154.4,1945963,45461,PE,22350.0,56.3,0.2,918862,6772.5,191.67000000000002,6580.83,11.59,8.69,0.0248,0.4,15.969999999999999,75.0,0.0,4792.5,13.47
OPT_DEBIT_PUT_SPREAD_BREAKDOWN,27,2025-03-17,2025-03-20,3,75,22508.75,23190.65,2,50187,PE,22500.0,98.6,0.15,3826211,50178,PE,22300.0,37.45,0.1,1912490,-4582.499999999999,173.95999999999998,-4756.459999999999,0.02,3.58,0.0102,0.3,15.05,75.0,9.094947017729282e-13,4586.249999999999,13.42
OPT_DEBIT_PUT_SPREAD_BREAKDOWN,28,2025-03-21,2025-03-27,6,75,23350.4,23591.95,2,51121,PE,23350.0,115.6,0.3,1471165,48350,PE,23150.0,51.1,0.2,1119524,-4830.0,174.99,-5004.99,0.03,4.390000000000001,0.012499999999999999,0.37,15.190000000000001,75.0,0.0,4837.5,12.58
OPT_DEBIT_PUT_SPREAD_BREAKDOWN,29,2025-03-28,2025-04-03,6,75,23519.35,23250.1,2,54713,PE,23500.0,99.75,249.1,3731049,54682,PE,23300.0,41.85,49.45,1412586,10631.25,205.78,10425.47,22.39,11.56,0.033,0.31,16.48,75.0,0.0,4342.5,12.72
OPT_DEBIT_PUT_SPREAD_BREAKDOWN,30,2025-04-04,2025-04-09,5,75,22904.45,22399.15,2,43881,PE,22900.0,128.85,500.65,2758521,43869,PE,22700.0,54.7,300.8,1495898,9427.499999999995,260.51,9166.989999999994,60.11,25.85,0.0739,0.41,19.060000000000002,75.0,7.275957614183426e-12,5561.249999999999,13.76
OPT_DEBIT_PUT_SPREAD_BREAKDOWN,31,2025-04-11,2025-04-17,6,75,22828.55,23851.65,2,48201,PE,22850.0,242.3,0.1,855997,48187,PE,22650.0,165.4,0.15,420159,-5771.250000000001,183.02,-5954.270000000001,0.02,10.71,0.030600000000000002,0.92,16.34,75.0,9.094947017729282e-13,5767.5,20.11
OPT_DEBIT_PUT_SPREAD_BREAKDOWN,32,2025-04-21,2025-04-24,3,75,24125.55,24246.7,2,79607,PE,24150.0,132.15,0.4,1011890,79528,PE,23950.0,60.25,0.25,908643,-5381.25,175.89,-5557.14,0.05,5.07,0.0144,0.44,15.32,75.0,9.094947017729282e-13,5392.5,15.52
OPT_DEBIT_PUT_SPREAD_BREAKDOWN,33,2025-04-25,2025-04-30,5,75,24039.35,24334.2,2,51981,PE,24050.0,168.85,0.2,1066082,51973,PE,23850.0,101.65,0.15,985797,-5036.25,178.44,-5214.69,0.02,7.11,0.0203,0.61,15.68,75.0,9.094947017729282e-13,5039.999999999999,17.16
OPT_DEBIT_PUT_SPREAD_BREAKDOWN,34,2025-05-02,2025-05-08,6,75,24346.7,24273.8,2,38605,PE,24350.0,177.6,52.8,1507784,38597,PE,24150.0,107.75,1.15,648529,-1365.0000000000002,184.64,-1549.6400000000003,4.05,8.91,0.025500000000000002,0.64,16.009999999999998,75.0,9.094947017729282e-13,5238.75,18.26
OPT_DEBIT_PUT_SPREAD_BREAKDOWN,35,2025-05-09,2025-05-15,6,75,24008.0,25062.1,2,46246,PE,24000.0,238.95,0.15,2670962,46231,PE,23800.0,172.85,0.15,1029976,-4957.5,183.15,-5140.65,0.02,10.82,0.030899999999999997,0.93,16.35,75.0,0.0,4957.5,21.63
OPT_DEBIT_PUT_SPREAD_BREAKDOWN,36,2025-05-16,2025-05-22,6,75,25019.8,24609.7,2,49246,PE,25000.0,161.5,395.2,2982237,49225,PE,24800.0,91.8,195.75,1162010,9731.25,240.51,9490.74,44.32,22.16,0.0634,0.57,18.4,75.0,1.8189894035458565e-12,5227.5,16.55
OPT_DEBIT_PUT_SPREAD_BREAKDOWN,37,2025-05-23,2025-05-29,6,75,24853.15,24833.6,2,61750,PE,24850.0,189.45,27.3,946092,61690,PE,24650.0,114.6,0.45,710422,-3599.999999999999,182.49,-3782.489999999999,2.0799999999999996,8.71,0.0249,0.69,15.98,75.0,9.094947017729282e-13,5613.75,17.28
OPT_DEBIT_PUT_SPREAD_BREAKDOWN,38,2025-05-30,2025-06-05,6,75,24750.7,24750.9,2,40479,PE,24750.0,183.75,7.6,1175578,40470,PE,24550.0,104.0,0.15,480008,-5422.500000000001,179.79000000000002,-5602.290000000001,0.58,7.75,0.022199999999999998,0.64,15.8,75.0,0.0,5981.25,16.08
OPT_DEBIT_PUT_SPREAD_BREAKDOWN,39,2025-06-06,2025-06-12,6,75,25003.05,24888.2,2,44867,PE,25000.0,153.2,104.3,1437819,44857,PE,24800.0,82.2,0.3,1351097,2475.000000000001,188.32999999999998,2286.670000000001,7.84,8.93,0.025500000000000002,0.52,16.009999999999998,75.0,1.3642420526593924e-12,5324.999999999999,14.63
OPT_DEBIT_PUT_SPREAD_BREAKDOWN,40,2025-06-13,2025-06-19,6,75,24718.6,24793.25,2,50998,PE,24700.0,188.5,0.35,1589335,50990,PE,24500.0,113.9,0.2,1602846,-5583.75,179.54,-5763.29,0.04,7.96,0.0228,0.6799999999999999,15.84,75.0,9.094947017729282e-13,5595.0,15.08
OPT_DEBIT_PUT_SPREAD_BREAKDOWN,41,2025-06-20,2025-06-26,6,75,25112.4,25549.0,2,62402,PE,25100.0,150.75,0.3,839190,62396,PE,24900.0,86.5,0.25,1477750,-4814.999999999999,177.37,-4992.369999999999,0.04,6.25,0.0178,0.53,15.530000000000001,75.0,9.094947017729282e-13,4818.75,13.67
OPT_DEBIT_PUT_SPREAD_BREAKDOWN,42,2025-06-27,2025-07-03,6,75,25637.8,25405.3,2,56985,PE,25650.0,133.95,242.75,926621,56842,PE,25450.0,65.8,42.15,598692,9933.750000000002,206.28,9727.470000000001,21.37,12.72,0.0364,0.44999999999999996,16.7,75.0,1.8189894035458565e-12,5111.249999999999,12.39
OPT_DEBIT_PUT_SPREAD_BREAKDOWN,43,2025-07-04,2025-07-10,6,75,25461.0,25355.25,2,40048,PE,25450.0,125.9,89.4,1261697,40037,PE,25250.0,56.55,0.4,972570,1473.75,185.0,1288.75,6.74,7.140000000000001,0.0204,0.41000000000000003,15.690000000000001,75.0,0.0,5201.250000000001,12.32
OPT_DEBIT_PUT_SPREAD_BREAKDOWN,44,2025-07-11,2025-07-17,6,75,25149.85,25111.45,2,47286,PE,25150.0,104.6,38.1,1869090,47274,PE,24950.0,44.4,0.15,580792,-1668.75,178.43,-1847.18,2.8699999999999997,4.92,0.013999999999999999,0.33999999999999997,15.29,75.0,2.2737367544323206e-13,4515.0,11.82
OPT_DEBIT_PUT_SPREAD_BREAKDOWN,45,2025-07-18,2025-07-24,6,75,24968.4,25062.1,2,49486,PE,24950.0,96.2,0.2,1914657,49478,PE,24750.0,41.6,0.15,641240,-4091.25,174.03,-4265.28,0.02,3.63,0.0103,0.31,15.06,75.0,9.094947017729282e-13,4095.0,11.39
OPT_DEBIT_PUT_SPREAD_BREAKDOWN,46,2025-07-25,2025-07-31,6,75,24837.0,24768.35,2,55794,PE,24850.0,119.3,54.6,2488278,55786,PE,24650.0,49.25,0.5,829833,-1196.249999999999,180.85000000000002,-1377.099999999999,4.13,5.869999999999999,0.0167,0.38,15.46,75.0,9.094947017729282e-13,5253.75,11.28
OPT_DEBIT_PUT_SPREAD_BREAKDOWN,47,2025-08-01,2025-08-07,6,75,24565.35,24596.15,2,39842,PE,24550.0,138.8,2.7,1418223,39799,PE,24350.0,69.5,0.2,743734,-5010.000000000002,176.64,-5186.640000000002,0.21000000000000002,5.54,0.0158,0.47,15.4,75.0,1.8189894035458565e-12,5197.500000000001,11.98
OPT_DEBIT_PUT_SPREAD_BREAKDOWN,48,2025-08-08,2025-08-14,6,75,24363.3,24631.3,2,44465,PE,24350.0,106.6,0.15,1832773,44457,PE,24150.0,48.45,0.15,760853,-4361.249999999999,174.6,-4535.849999999999,0.02,4.08,0.0116,0.35,15.14,75.0,9.094947017729282e-13,4361.249999999999,12.03
OPT_DEBIT_PUT_SPREAD_BREAKDOWN,49,2025-08-18,2025-08-21,3,75,24876.95,25083.75,2,47217,PE,24900.0,92.45,0.15,3492117,47206,PE,24700.0,33.2,0.1,1492725,-4440.0,173.61,-4613.61,0.02,3.3000000000000003,0.0094,0.28,15.0,75.0,9.094947017729282e-13,4443.75,12.34
OPT_DEBIT_PUT_SPREAD_BREAKDOWN,50,2025-08-22,2025-08-28,6,75,24870.1,24500.9,2,71969,PE,24850.0,91.05,354.35,1539600,71961,PE,24650.0,35.55,153.7,615872,10886.250000000002,227.5,10658.750000000002,38.11,16.66,0.0476,0.28,17.41,75.0,3.637978807091713e-12,4162.5,11.73
OPT_DEBIT_PUT_SPREAD_BREAKDOWN,51,2025-08-29,2025-09-02,4,75,24426.85,24579.6,2,48928,PE,24450.0,79.75,0.25,4388701,48914,PE,24250.0,23.75,0.15,1480327,-4192.5,172.89,-4365.39,0.03,2.73,0.0078,0.22999999999999998,14.89,75.0,0.0,4200.0,11.75
OPT_DEBIT_PUT_SPREAD_BREAKDOWN,52,2025-09-03,2025-09-09,6,75,24715.05,24868.6,2,40578,PE,24700.0,96.8,0.15,1644407,40567,PE,24500.0,39.05,0.15,3032913,-4331.249999999999,173.95999999999998,-4505.209999999999,0.02,3.5700000000000003,0.0102,0.31,15.05,75.0,0.0,4331.25,10.93
OPT_DEBIT_PUT_SPREAD_BREAKDOWN,53,2025-09-10,2025-09-16,6,75,24973.1,25239.1,2,44667,PE,24950.0,80.1,0.15,2579054,44637,PE,24750.0,31.0,0.1,653976,-3678.749999999999,173.14,-3851.889999999999,0.02,2.9299999999999997,0.0083,0.25,14.93,75.0,1.3642420526593924e-12,3682.4999999999995,10.54
OPT_DEBIT_PUT_SPREAD_BREAKDOWN,54,2025-09-17,2025-09-23,6,75,25330.25,25169.5,2,47764,PE,25350.0,89.75,176.9,1877212,47756,PE,25150.0,34.75,0.75,645617,9086.25,192.39,8893.86,13.33,7.93,0.0227,0.28,15.830000000000002,75.0,0.0,4125.0,10.25
OPT_DEBIT_PUT_SPREAD_BREAKDOWN,55,2025-09-24,2025-09-30,6,75,25056.9,24611.1,2,60482,PE,25050.0,79.55,436.6,2819682,60468,PE,24850.0,28.55,236.2,693940,11205.000000000002,244.35,10960.650000000001,50.45,20.5,0.0586,0.24,18.1,75.0,1.8189894035458565e-12,3825.0,10.52
OPT_DEBIT_PUT_SPREAD_BREAKDOWN,56,2025-10-01,2025-10-07,6,75,24836.3,25108.3,2,38372,PE,24850.0,85.2,0.1,809944,38360,PE,24650.0,30.75,0.1,1926231,-4083.750000000001,173.29,-4257.040000000001,0.02,3.0500000000000003,0.0087,0.26,14.95,75.0,9.094947017729282e-13,4083.75,10.29
OPT_DEBIT_PUT_SPREAD_BREAKDOWN,57,2025-10-08,2025-10-14,6,75,25046.15,25145.5,2,42678,PE,25050.0,95.3,0.2,3564698,42668,PE,24850.0,32.15,0.1,1153575,-4728.75,173.67000000000002,-4902.42,0.02,3.36,0.0096,0.28,15.0,75.0,0.0,4736.25,10.31
OPT_DEBIT_PUT_SPREAD_BREAKDOWN,58,2025-10-15,2025-10-20,5,75,25323.55,25843.15,2,45261,PE,25300.0,69.75,0.1,3792649,45253,PE,25100.0,28.85,0.1,1468933,-3067.5000000000005,172.71,-3240.2100000000005,0.02,2.59,0.0074,0.22,14.870000000000001,75.0,4.547473508864641e-13,3067.5,10.53
OPT_DEBIT_PUT_SPREAD_BREAKDOWN,59,2025-10-21,2025-10-28,7,75,25868.6,25936.2,2,58973,PE,25850.0,108.25,1.3,394255,58954,PE,25650.0,49.4,0.2,129176,-4331.250000000001,174.8,-4506.050000000001,0.11,4.18,0.0119,0.35,15.149999999999999,75.0,1.8189894035458565e-12,4413.75,11.3
OPT_DEBIT_PUT_SPREAD_BREAKDOWN,60,2025-10-29,2025-11-04,6,75,26053.9,25597.65,2,47693,PE,26050.0,109.3,450.75,1886134,47675,PE,25850.0,51.35,249.45,775597,10751.25,249.03,10502.22,52.52,22.6,0.0646,0.37,18.48,75.0,0.0,4346.25,11.97
OPT_DEBIT_PUT_SPREAD_BREAKDOWN,61,2025-11-06,2025-11-11,5,75,25509.7,25694.95,2,40096,PE,25500.0,83.55,0.15,3256435,40082,PE,25300.0,28.0,0.1,1061452,-4162.499999999999,173.15,-4335.649999999999,0.02,2.9400000000000004,0.0084,0.25,14.93,75.0,1.8189894035458565e-12,4166.25,12.41
OPT_DEBIT_PUT_SPREAD_BREAKDOWN,62,2025-11-12,2025-11-18,6,75,25875.8,25910.05,2,44296,PE,25900.0,114.65,0.85,2335813,44280,PE,25700.0,53.55,0.15,1232681,-4530.000000000001,175.1,-4705.100000000001,0.06999999999999999,4.4399999999999995,0.0127,0.38,15.2,75.0,9.094947017729282e-13,4582.500000000001,12.11
OPT_DEBIT_PUT_SPREAD_BREAKDOWN,63,2025-11-19,2025-11-25,6,75,26052.65,25884.8,2,52951,PE,26050.0,134.2,164.8,766444,52896,PE,25850.0,65.25,1.0,1188431,7113.750000000002,193.62,6920.130000000002,12.43,9.59,0.0274,0.44999999999999996,16.13,75.0,2.7284841053187847e-12,5171.249999999999,11.97
OPT_DEBIT_PUT_SPREAD_BREAKDOWN,64,2025-11-26,2025-12-02,6,75,26205.3,26032.2,2,46804,PE,26200.0,121.6,175.9,1609693,46796,PE,26000.0,57.65,1.65,2400390,8272.5,194.19,8078.31,13.309999999999999,9.37,0.0267,0.4,16.09,75.0,9.094947017729282e-13,4796.25,11.97
OPT_DEBIT_PUT_SPREAD_BREAKDOWN,65,2025-12-03,2025-12-09,6,75,25986.0,25839.65,2,41904,PE,26000.0,111.55,159.6,3060636,41876,PE,25800.0,44.4,0.4,1653433,6903.75,191.57,6712.18,12.0,8.3,0.0237,0.35,15.9,75.0,0.0,5036.25,11.21
OPT_DEBIT_PUT_SPREAD_BREAKDOWN,66,2025-12-10,2025-12-16,6,75,25758.0,25860.1,2,48211,PE,25750.0,106.9,0.1,2300881,48198,PE,25550.0,43.2,0.1,887022,-4777.500000000001,174.44,-4951.9400000000005,0.02,3.95,0.0112,0.33999999999999997,15.120000000000001,75.0,9.094947017729282e-13,4777.5,10.91
OPT_DEBIT_PUT_SPREAD_BREAKDOWN,67,2025-12-17,2025-12-23,6,75,25818.55,26177.15,2,56991,PE,25800.0,88.75,0.1,3842242,56977,PE,25600.0,31.5,0.1,986185,-4293.750000000001,173.43,-4467.180000000001,0.02,3.16,0.0091,0.27,14.969999999999999,75.0,9.094947017729282e-13,4293.75,9.84
OPT_DEBIT_PUT_SPREAD_BREAKDOWN,68,2025-12-24,2025-12-30,6,75,26142.1,25938.85,2,65634,PE,26150.0,74.95,213.1,1977571,65620,PE,25950.0,20.1,14.2,526997,10803.749999999998,196.66000000000003,10607.089999999998,17.04,8.459999999999999,0.0242,0.22000000000000003,15.920000000000002,75.0,0.0,4113.75,9.19
OPT_DEBIT_PUT_SPREAD_BREAKDOWN,69,2025-12-31,2026-01-06,6,65,26129.6,26178.7,2,40476,PE,26150.0,87.45,0.5,1469211,40462,PE,25950.0,30.75,0.1,1548347,-3659.5000000000005,162.87,-3822.3700000000003,0.04,2.7,0.0077,0.23,14.89,65.0,0.0,3685.5,9.48
OPT_DEBIT_PUT_SPREAD_BREAKDOWN,70,2026-01-07,2026-01-13,6,65,26140.75,25732.3,2,46192,PE,26150.0,89.55,413.45,4369078,46174,PE,25950.0,27.4,213.3,1225194,8969.999999999998,220.38,8749.619999999999,40.730000000000004,16.92,0.048299999999999996,0.22000000000000003,17.46,65.0,1.8189894035458565e-12,4039.75,9.95
OPT_DEBIT_PUT_SPREAD_BREAKDOWN,71,2026-01-14,2026-01-20,6,65,25665.6,25232.5,2,47612,PE,25650.0,107.75,383.9,2935470,47598,PE,25450.0,45.15,175.3,947345,9489.999999999998,215.22,9274.779999999999,36.34,16.21,0.0463,0.3,17.33,65.0,1.8189894035458565e-12,4069.0,11.32
OPT_DEBIT_PUT_SPREAD_BREAKDOWN,72,2026-01-21,2026-01-27,6,65,25157.5,25175.4,2,58675,PE,25150.0,143.3,6.9,3302032,58652,PE,24950.0,77.45,0.5,1958320,-3864.25,166.46,-4030.71,0.48,5.1899999999999995,0.0149,0.43000000000000005,15.34,65.0,9.094947017729282e-13,4280.250000000001,13.78
OPT_DEBIT_PUT_SPREAD_BREAKDOWN,73,2026-01-28,2026-02-03,6,65,25342.75,25727.55,2,49800,PE,25350.0,200.85,0.4,1150319,49790,PE,25150.0,123.7,0.3,723231,-5008.249999999999,168.84,-5177.089999999999,0.05,7.4,0.0212,0.63,15.739999999999998,65.0,1.8189894035458565e-12,5014.749999999999,13.53
OPT_DEBIT_PUT_SPREAD_BREAKDOWN,74,2026-02-04,2026-02-10,6,65,25776.0,25935.15,2,42537,PE,25800.0,160.75,0.2,2696375,42527,PE,25600.0,86.1,0.15,1666884,-4849.000000000002,166.55,-5015.550000000002,0.02,5.62,0.0161,0.48,15.41,65.0,1.8189894035458565e-12,4852.25,12.25
OPT_DEBIT_PUT_SPREAD_BREAKDOWN,75,2026-02-11,2026-02-17,6,65,25953.85,25725.4,2,48235,PE,25950.0,110.35,223.3,3348674,48227,PE,25750.0,49.2,23.1,784743,9038.25,186.64999999999998,8851.6,16.009999999999998,9.23,0.0264,0.32,16.07,65.0,0.0,3974.7499999999995,11.55
OPT_DEBIT_PUT_SPREAD_BREAKDOWN,76,2026-02-18,2026-02-24,6,65,25819.35,25424.65,2,64865,PE,25800.0,116.95,378.85,1867426,64857,PE,25600.0,56.95,177.5,2206011,9187.750000000002,215.57,8972.180000000002,36.17,16.61,0.0474,0.34,17.4,65.0,1.8189894035458565e-12,3900.0,12.22
OPT_DEBIT_PUT_SPREAD_BREAKDOWN,77,2026-02-25,2026-03-02,5,65,25482.5,24865.7,2,54964,PE,25500.0,142.5,640.4,4349589,54908,PE,25300.0,74.35,441.25,1692730,8515.0,265.08000000000004,8249.92,70.31,29.54,0.0844,0.42000000000000004,19.73,65.0,1.8189894035458565e-12,4429.75,13.49
OPT_DEBIT_PUT_SPREAD_BREAKDOWN,78,2026-03-04,2026-03-10,6,65,24480.5,24261.6,2,45508,PE,24500.0,317.95,247.35,1408572,45489,PE,24300.0,245.75,45.6,1678173,8420.75,202.61,8218.14,19.04,19.49,0.055600000000000004,1.1,17.92,65.0,0.0,4692.999999999999,21.14
OPT_DEBIT_PUT_SPREAD_BREAKDOWN,79,2026-03-11,2026-03-17,6,65,23866.85,23581.15,2,57790,PE,23850.0,275.55,255.6,534434,57763,PE,23650.0,200.45,49.5,343855,8514.999999999998,201.19,8313.809999999998,19.83,17.77,0.0507,0.93,17.61,65.0,3.637978807091713e-12,4881.500000000002,21.06
OPT_DEBIT_PUT_SPREAD_BREAKDOWN,80,2026-03-18,2026-03-24,6,65,23777.8,22912.4,2,62615,PE,23800.0,228.3,890.6,1976437,62601,PE,23600.0,152.25,692.2,1331577,7952.7499999999945,315.87,7636.879999999995,102.88,44.66,0.1276,0.75,22.46,65.0,2.7284841053187847e-12,4943.250000000001,18.72
OPT_DEBIT_PUT_SPREAD_BREAKDOWN,81,2026-03-25,2026-03-30,5,65,23306.45,22331.4,2,54511,PE,23300.0,272.65,984.2,1172393,54501,PE,23100.0,196.9,779.9,610474,8355.750000000004,335.09000000000003,8020.6600000000035,114.66,50.81,0.1452,0.91,23.57,65.0,0.0,4923.749999999998,24.64
OPT_DEBIT_PUT_SPREAD_BREAKDOWN,82,2026-04-01,2026-04-07,6,65,22679.4,23123.65,2,40745,PE,22700.0,294.7,0.15,1107183,40735,PE,22500.0,213.3,0.15,1071490,-5291.0,174.1,-5465.1,0.02,11.57,0.0331,0.99,16.490000000000002,65.0,0.0,5290.999999999998,25.01
OPT_DEBIT_PUT_SPREAD_BREAKDOWN,83,2026-04-08,2026-04-13,5,65,23997.35,23842.65,2,54815,PE,24000.0,209.3,152.7,1789029,54805,PE,23800.0,131.2,1.15,1244716,4774.249999999997,183.38,4590.869999999997,10.0,11.25,0.032100000000000004,0.6699999999999999,16.43,65.0,2.7284841053187847e-12,5076.500000000002,19.7
OPT_DEBIT_PUT_SPREAD_BREAKDOWN,84,2026-04-15,2026-04-21,6,65,24231.3,24576.6,2,63429,PE,24250.0,229.75,0.15,1038547,63421,PE,24050.0,152.2,0.1,336507,-5037.5,170.44,-5207.94,0.02,8.690000000000001,0.024800000000000003,0.75,15.96,65.0,9.094947017729282e-13,5040.750000000001,18.67
OPT_DEBIT_PUT_SPREAD_BREAKDOWN,85,2026-04-22,2026-04-28,6,65,24378.1,23995.7,2,72322,PE,24400.0,231.5,406.95,2147903,72272,PE,24200.0,147.25,205.25,700859,7634.249999999999,226.6,7407.649999999999,39.79,22.54,0.0644,0.74,18.47,65.0,9.094947017729282e-13,5476.25,18.3
OPT_DEBIT_PUT_SPREAD_BREAKDOWN,86,2026-04-29,2026-05-05,6,65,24177.65,24032.8,2,74168,PE,24200.0,189.6,178.65,1969245,74154,PE,24000.0,111.1,2.85,1725857,6324.500000000001,184.77,6139.7300000000005,11.799999999999999,10.97,0.0313,0.59,16.380000000000003,65.0,9.094947017729282e-13,5102.5,17.44
OPT_DEBIT_PUT_SPREAD_BREAKDOWN,87,2026-05-06,2026-05-12,6,65,24330.95,23379.55,2,41785,PE,24350.0,160.3,970.5,311773,41761,PE,24150.0,90.85,769.25,1550728,8567.000000000004,326.57,8240.430000000004,113.08,45.3,0.1294,0.49,22.57,65.0,3.637978807091713e-12,4514.250000000001,16.68
OPT_DEBIT_PUT_SPREAD_BREAKDOWN,88,2026-05-13,2026-05-19,6,65,23412.6,23618.0,2,51349,PE,23400.0,193.4,0.15,2540758,51321,PE,23200.0,120.95,0.1,1253415,-4705.999999999999,168.5,-4874.499999999999,0.02,7.15,0.0205,0.62,15.690000000000001,65.0,1.8189894035458565e-12,4709.25,19.43
OPT_DEBIT_PUT_SPREAD_BREAKDOWN,89,2026-05-20,2026-05-26,6,65,23659.0,23913.7,2,72166,PE,23650.0,198.0,0.15,591793,72020,PE,23450.0,120.15,0.1,937634,-5056.999999999999,168.61,-5225.609999999999,0.02,7.25,0.0207,0.62,15.7,65.0,1.8189894035458565e-12,5060.25,18.44
OPT_DEBIT_PUT_SPREAD_BREAKDOWN,90,2026-05-27,2026-06-02,6,65,23907.15,23483.55,2,57047,PE,23900.0,125.5,423.2,2785103,57039,PE,23700.0,57.6,227.6,869754,8300.5,224.5,8076.0,42.3,18.97,0.0542,0.35,17.82,65.0,1.8189894035458565e-12,4413.5,14.98
OPT_DEBIT_PUT_SPREAD_BREAKDOWN,91,2026-06-03,2026-06-09,6,65,23405.6,23242.1,2,42296,PE,23400.0,148.35,151.3,1689626,42285,PE,23200.0,83.6,0.35,2673556,5603.000000000001,180.03,5422.970000000001,9.85,8.73,0.025,0.44999999999999996,15.969999999999999,65.0,1.8189894035458565e-12,4208.75,16.28
OPT_DEBIT_PUT_SPREAD_BREAKDOWN,92,2026-06-10,2026-06-16,6,65,23214.95,23989.15,2,50566,PE,23200.0,158.8,0.1,1753852,50550,PE,23000.0,84.3,0.1,1395005,-4842.500000000001,166.44,-5008.9400000000005,0.02,5.529999999999999,0.0158,0.47,15.399999999999999,65.0,0.0,4842.500000000001,15.63
OPT_DEBIT_PUT_SPREAD_BREAKDOWN,93,2026-06-17,2026-06-23,6,65,24085.7,23824.1,2,56377,PE,24100.0,161.3,255.05,1392510,56359,PE,23900.0,78.3,48.35,1185575,8040.499999999999,194.2,7846.299999999999,19.72,12.350000000000001,0.0353,0.45999999999999996,16.63,65.0,0.0,5395.000000000001,13.19
OPT_DEBIT_PUT_SPREAD_BREAKDOWN,94,2026-06-24,2026-06-30,6,65,24021.65,23865.75,2,71473,PE,24000.0,118.15,140.9,2561834,79712,PE,23800.0,55.4,1.9,2237253,4956.25,177.51999999999998,4778.73,9.28,7.1899999999999995,0.020499999999999997,0.34,15.69,65.0,0.0,4078.7500000000005,13.39
OPT_DEBIT_PUT_SPREAD_BREAKDOWN,95,2026-07-01,2026-07-07,6,65,24005.85,24398.7,2,44621,PE,24000.0,131.7,0.15,3340150,44613,PE,23800.0,62.5,0.1,1342948,-4494.749999999998,165.03,-4659.779999999998,0.02,4.42,0.0127,0.38,15.2,65.0,2.7284841053187847e-12,4497.999999999999,13.24
OPT_DEBIT_PUT_SPREAD_BREAKDOWN,96,2026-07-08,2026-07-14,6,65,23882.05,24052.05,2,51365,PE,23900.0,198.0,0.3,1739037,51356,PE,23700.0,115.4,0.15,1272815,-5359.249999999999,168.49,-5527.739999999999,0.03,7.14,0.0204,0.62,15.68,65.0,1.8189894035458565e-12,5369.0,14.68
OPT_DEBIT_PUT_SPREAD_BREAKDOWN,97,2026-07-15,2026-07-21,6,65,24078.5,24187.7,2,57345,PE,24100.0,178.9,0.3,2029863,57337,PE,23900.0,92.6,0.15,930975,-5599.75,167.29000000000002,-5767.04,0.03,6.1899999999999995,0.017599999999999998,0.53,15.52,65.0,0.0,5609.500000000001,13.27
OPT_DEBIT_PUT_SPREAD_BREAKDOWN,98,2026-07-22,2026-07-28,6,65,23996.25,23985.35,2,63940,PE,24000.0,161.8,27.3,3186486,63930,PE,23800.0,81.35,0.15,1250608,-3464.500000000001,168.94,-3633.440000000001,1.78,6.15,0.0176,0.48,15.510000000000002,65.0,1.3642420526593924e-12,5229.250000000001,13.29
OPT_DEBIT_PUT_SPREAD_BREAKDOWN,99,2026-07-29,2026-08-04,6,65,24250.2,24614.9,2,65807,PE,24250.0,135.75,1.1,1375726,65696,PE,24050.0,63.65,0.2,423971,-4628.000000000001,165.25,-4793.250000000001,0.08,4.56,0.0131,0.38,15.219999999999999,65.0,1.8189894035458565e-12,4686.5,12.01
OPT_DEBIT_PUT_SPREAD_BREAKDOWN,100,2026-08-05,2026-08-11,6,65,24624.65,24471.7,2,41016,PE,24600.0,136.35,134.4,3701998,41008,PE,24400.0,60.8,1.8,1777191,3708.250000000001,177.62,3530.630000000001,8.86,7.58,0.0217,0.39,15.77,65.0,9.094947017729282e-13,4910.75,12.06
OPT_DEBIT_PUT_SPREAD_BREAKDOWN,101,2026-08-12,2026-08-18,6,65,24435.95,24154.9,2,45109,PE,24450.0,126.3,261.45,1129531,45101,PE,24250.0,51.55,62.5,1221009,8072.999999999998,194.31,7878.689999999998,21.049999999999997,11.41,0.032600000000000004,0.35,16.46,65.0,2.7284841053187847e-12,4858.75,11.69
OPT_DEBIT_PUT_SPREAD_BREAKDOWN,102,2026-08-19,2026-08-25,6,65,24078.3,24334.55,2,61622,PE,24100.0,109.1,0.7,2995866,61586,PE,23900.0,41.9,0.2,897969,-4335.499999999999,163.84,-4499.339999999999,0.060000000000000005,3.46,0.0098,0.29,15.02,65.0,9.094947017729282e-13,4367.999999999999,11.32
OPT_DEBIT_PUT_SPREAD_BREAKDOWN,103,2026-08-26,2026-09-01,6,65,24207.75,24055.8,2,46994,PE,24200.0,52.95,156.85,1848955,46986,PE,24000.0,17.55,12.25,1034495,7097.999999999999,176.97,6921.029999999999,11.0,5.449999999999999,0.0155,0.13,15.38,65.0,9.094947017729282e-13,2301.0000000000005,10.57
OPT_DEBIT_PUT_SPREAD_BREAKDOWN,104,2026-09-02,2026-09-08,6,65,23914.45,23635.1,2,42636,PE,23900.0,116.2,265.95,2958819,42628,PE,23700.0,50.0,74.25,1496643,8157.5,195.48000000000002,7962.02,22.119999999999997,11.52,0.0329,0.33,16.48,65.0,0.0,4303.0,11.59
OPT_DEBIT_PUT_SPREAD_BREAKDOWN,105,2026-09-09,2026-09-15,6,65,23431.5,23118.6,2,47296,PE,23450.0,95.7,298.15,2150772,47288,PE,23250.0,40.6,98.3,630668,9408.75,199.79,9208.96,25.77,12.120000000000001,0.0346,0.27,16.59,65.0,1.8189894035458565e-12,3581.5,11.92
